ISO 8601 Time,Speed (cm/s),Heading (degrees),Velocity-N (cm/s),Velocity-E (cm/s)
2026-02-23T16:00:00.000,0.1,50.67,0.06,0.07
2026-02-23T16:10:00.000,3.07,268.65,-0.07,-3.07
2026-02-23T16:20:00.000,7.68,182.63,-7.67,-0.35
2026-02-23T16:30:00.000,2.39,190.94,-2.34,-0.45
2026-02-23T16:40:00.000,4.01,184.86,-3.99,-0.34
2026-02-23T16:50:00.000,1.18,206.89,-1.05,-0.53
2026-02-23T17:00:00.000,2.97,249.07,-1.06,-2.77
2026-02-23T17:10:00.000,1.12,151.11,-0.98,0.54
2026-02-23T17:20:00.000,3.13,203.73,-2.87,-1.26
2026-02-23T17:30:00.000,2.31,184.68,-2.3,-0.19
2026-02-23T17:40:00.000,1.58,118.93,-0.77,1.39
2026-02-23T17:50:00.000,2.36,235.89,-1.32,-1.95
2026-02-23T18:00:00.000,1.96,164.96,-1.89,0.51
2026-02-23T18:10:00.000,2.08,134.35,-1.46,1.49
2026-02-23T18:20:00.000,1.79,169.25,-1.76,0.33
2026-02-23T18:30:00.000,2.72,130.61,-1.77,2.06
2026-02-23T18:40:00.000,2.47,132.63,-1.67,1.81
2026-02-23T18:50:00.000,3.01,121.02,-1.55,2.58
2026-02-23T19:00:00.000,3.63,117.23,-1.66,3.23
2026-02-23T19:10:00.000,4.41,109.14,-1.45,4.17
2026-02-23T19:20:00.000,4.54,109.98,-1.55,4.27
2026-02-23T19:30:00.000,2.75,127.18,-1.66,2.19
2026-02-23T19:40:00.000,0.59,164.45,-0.57,0.16
2026-02-23T19:50:00.000,1.57,147.7,-1.33,0.84
2026-02-23T20:00:00.000,0.95,243.59,-0.42,-0.85
2026-02-23T20:10:00.000,1.23,65.04,0.52,1.12
2026-02-23T20:20:00.000,1.48,167.84,-1.45,0.31
2026-02-23T20:30:00.000,1.64,169.51,-1.62,0.3
2026-02-23T20:40:00.000,1.21,158.87,-1.13,0.44
2026-02-23T20:50:00.000,3.56,183.75,-3.55,-0.23
2026-02-23T21:00:00.000,2.14,144.75,-1.74,1.23
2026-02-23T21:10:00.000,2.03,139.27,-1.54,1.32
2026-02-23T21:20:00.000,0.86,157.22,-0.79,0.33
2026-02-23T21:30:00.000,2.06,113.71,-0.83,1.89
2026-02-23T21:40:00.000,1.13,154.82,-1.02,0.48
2026-02-23T21:50:00.000,2.3,90.17,-0.01,2.3
2026-02-23T22:00:00.000,0.89,86.11,0.06,0.89
2026-02-23T22:10:00.000,1.72,166.46,-1.67,0.4
2026-02-23T22:20:00.000,3.13,118.05,-1.47,2.76
2026-02-23T22:30:00.000,0.4,114.11,-0.16,0.37
2026-02-23T22:40:00.000,0.59,106.4,-0.17,0.56
2026-02-23T22:50:00.000,3.5,74.72,0.92,3.37
2026-02-23T23:00:00.000,2.68,58.73,1.39,2.29
2026-02-23T23:10:00.000,2.32,65.11,0.98,2.1
2026-02-23T23:20:00.000,0.42,48.73,0.28,0.32
2026-02-23T23:30:00.000,3.11,63.81,1.37,2.79
2026-02-23T23:40:00.000,2.74,82.98,0.33,2.72
2026-02-23T23:50:00.000,2.22,89.87,0.01,2.22
2026-02-24T00:00:00.000,0.29,355.88,0.29,-0.02
2026-02-24T00:10:00.000,2.2,29.91,1.9,1.1
2026-02-24T00:20:00.000,0.37,20.29,0.34,0.13
2026-02-24T00:30:00.000,2.54,17.26,2.42,0.75
2026-02-24T00:40:00.000,2.4,75.75,0.59,2.32
2026-02-24T00:50:00.000,0.78,135.9,-0.56,0.54
2026-02-24T01:00:00.000,0.98,108.42,-0.31,0.93
2026-02-24T01:10:00.000,1.98,152.52,-1.76,0.91
2026-02-24T01:20:00.000,0.98,121.2,-0.51,0.83
2026-02-24T01:30:00.000,0.69,153.65,-0.62,0.31
2026-02-24T01:40:00.000,0.58,157.52,-0.53,0.22
2026-02-24T01:50:00.000,0.72,165.6,-0.7,0.18
2026-02-24T02:00:00.000,0.73,147.48,-0.61,0.39
2026-02-24T02:10:00.000,0.87,150.55,-0.76,0.43
2026-02-24T02:20:00.000,0.89,140.76,-0.69,0.56
2026-02-24T02:30:00.000,0.54,110.27,-0.19,0.51
2026-02-24T02:40:00.000,0.65,113.79,-0.26,0.6
2026-02-24T02:50:00.000,1.08,91.71,-0.03,1.08
2026-02-24T03:00:00.000,0.46,167.5,-0.45,0.1
2026-02-24T03:10:00.000,1.3,89.67,0.01,1.3
2026-02-24T03:20:00.000,0.45,208.65,-0.39,-0.21
2026-02-24T03:30:00.000,0.86,188,-0.85,-0.12
2026-02-24T03:40:00.000,0.48,82.4,0.06,0.47
2026-02-24T03:50:00.000,4.26,154.56,-3.85,1.83
2026-02-24T04:00:00.000,1.72,226.51,-1.18,-1.25
2026-02-24T04:10:00.000,1.42,146.08,-1.18,0.79
2026-02-24T04:20:00.000,0.49,175.56,-0.49,0.04
2026-02-24T04:30:00.000,0.54,101.63,-0.11,0.53
2026-02-24T04:40:00.000,1.17,133.75,-0.81,0.85
2026-02-24T04:50:00.000,2.79,215.51,-2.27,-1.62
2026-02-24T05:00:00.000,0.88,109.89,-0.3,0.82
2026-02-24T05:10:00.000,1.3,61.82,0.61,1.14
2026-02-24T05:20:00.000,3.92,94.32,-0.29,3.9
2026-02-24T05:30:00.000,3.33,108.87,-1.08,3.15
2026-02-24T05:40:00.000,2.25,99.51,-0.37,2.22
2026-02-24T05:50:00.000,4.73,115.72,-2.05,4.26
2026-02-24T06:00:00.000,3,130.08,-1.93,2.3
2026-02-24T06:10:00.000,2.48,130.72,-1.62,1.88
2026-02-24T06:20:00.000,1.51,155.13,-1.37,0.64
2026-02-24T06:30:00.000,5.66,121.16,-2.93,4.84
2026-02-24T06:40:00.000,2.78,153.24,-2.48,1.25
2026-02-24T06:50:00.000,0.47,199.97,-0.44,-0.16
2026-02-24T07:00:00.000,1.08,170.51,-1.07,0.18
2026-02-24T07:10:00.000,1.8,251.92,-0.56,-1.71
2026-02-24T07:20:00.000,1.74,273.84,0.12,-1.73
2026-02-24T07:30:00.000,0.17,228.19,-0.11,-0.13
2026-02-24T07:40:00.000,1.87,160.32,-1.76,0.63
2026-02-24T07:50:00.000,0.68,161.03,-0.65,0.22
2026-02-24T08:00:00.000,0.51,205.28,-0.46,-0.22
2026-02-24T08:10:00.000,1.44,195.97,-1.39,-0.4
2026-02-24T08:20:00.000,1.55,118.9,-0.75,1.36
2026-02-24T08:30:00.000,1.49,142.58,-1.18,0.9
2026-02-24T08:40:00.000,1.48,158.76,-1.38,0.53
2026-02-24T08:50:00.000,2.31,133.81,-1.6,1.66
2026-02-24T09:00:00.000,2.77,170.87,-2.73,0.44
2026-02-24T09:10:00.000,4.1,137.08,-3,2.79
2026-02-24T09:20:00.000,3.75,143.83,-3.03,2.21
2026-02-24T09:30:00.000,2.18,62.6,1,1.93
2026-02-24T09:40:00.000,5.19,215.33,-4.24,-3
2026-02-24T09:50:00.000,3.36,180.73,-3.36,-0.04
2026-02-24T10:00:00.000,7.82,210.91,-6.71,-4.02
2026-02-24T10:10:00.000,1.13,146.58,-0.95,0.62
2026-02-24T10:20:00.000,3.96,165.45,-3.83,0.99
2026-02-24T10:30:00.000,3.27,259.53,-0.59,-3.21
2026-02-24T10:40:00.000,7.27,188.59,-7.19,-1.09
2026-02-24T10:50:00.000,6.97,185.66,-6.94,-0.69
2026-02-24T11:00:00.000,2.34,282.12,0.49,-2.29
2026-02-24T11:10:00.000,3.31,201.43,-3.08,-1.21
2026-02-24T11:20:00.000,3.77,172.96,-3.74,0.46
2026-02-24T11:30:00.000,8.02,214.77,-6.59,-4.57
2026-02-24T11:40:00.000,5.33,175.81,-5.32,0.39
2026-02-24T11:50:00.000,7,213.65,-5.82,-3.88
2026-02-24T12:00:00.000,6.24,187.07,-6.19,-0.77
2026-02-24T12:10:00.000,3.5,157.18,-3.22,1.36
2026-02-24T12:20:00.000,10.62,178.22,-10.61,0.33
2026-02-24T12:30:00.000,4.12,141.71,-3.23,2.55
2026-02-24T12:40:00.000,15.78,212.36,-13.33,-8.45
2026-02-24T12:50:00.000,4.97,230.62,-3.15,-3.84
2026-02-24T13:00:00.000,8.81,227.64,-5.94,-6.51
2026-02-24T13:10:00.000,3.28,157.94,-3.04,1.23
2026-02-24T13:20:00.000,5.47,149.44,-4.71,2.78
2026-02-24T13:30:00.000,8.06,208.51,-7.08,-3.85
2026-02-24T13:40:00.000,6.03,201.3,-5.62,-2.19
2026-02-24T13:50:00.000,5.04,149.03,-4.32,2.59
2026-02-24T14:00:00.000,5.4,257.92,-1.13,-5.28
2026-02-24T14:10:00.000,7.67,194.72,-7.42,-1.95
2026-02-24T14:20:00.000,0.76,136.71,-0.56,0.52
2026-02-24T14:30:00.000,4.73,127.16,-2.86,3.77
2026-02-24T14:40:00.000,0.78,122.6,-0.42,0.66
2026-02-24T14:50:00.000,1.49,183.3,-1.49,-0.09
2026-02-24T15:00:00.000,3.78,112.16,-1.43,3.5
2026-02-24T15:10:00.000,0.83,193.1,-0.81,-0.19
2026-02-24T15:20:00.000,2.34,90.53,-0.02,2.34
2026-02-24T15:30:00.000,1.9,141.5,-1.48,1.18
2026-02-24T15:40:00.000,1.04,158.07,-0.96,0.39
2026-02-24T15:50:00.000,0.78,176.14,-0.78,0.05
2026-02-24T16:00:00.000,5.32,192.9,-5.19,-1.19
2026-02-24T16:10:00.000,3.92,158.32,-3.64,1.45
2026-02-24T16:20:00.000,4.24,104.99,-1.1,4.1
2026-02-24T16:30:00.000,2.53,141.05,-1.97,1.59
2026-02-24T16:40:00.000,2.43,135.74,-1.74,1.7
2026-02-24T16:50:00.000,3.66,93.86,-0.25,3.65
2026-02-24T17:00:00.000,1.08,167.7,-1.06,0.23
2026-02-24T17:10:00.000,3.4,103.24,-0.78,3.31
2026-02-24T17:20:00.000,1.94,140.02,-1.49,1.25
2026-02-24T17:30:00.000,1.82,110.92,-0.65,1.7
2026-02-24T17:40:00.000,3.79,109.56,-1.27,3.57
2026-02-24T17:50:00.000,2.37,163.41,-2.27,0.68
2026-02-24T18:00:00.000,2.69,133.96,-1.87,1.94
2026-02-24T18:10:00.000,0.76,178.49,-0.76,0.02
2026-02-24T18:20:00.000,1.21,154.43,-1.09,0.52
2026-02-24T18:30:00.000,1.85,148.58,-1.58,0.97
2026-02-24T18:40:00.000,0.53,169.99,-0.53,0.09
2026-02-24T18:50:00.000,1.04,142.39,-0.83,0.64
2026-02-24T19:00:00.000,1.4,127.42,-0.85,1.11
2026-02-24T19:10:00.000,1.34,138.06,-1,0.9
2026-02-24T19:20:00.000,0.8,125.84,-0.47,0.65
2026-02-24T19:30:00.000,1.64,123.68,-0.91,1.37
2026-02-24T19:40:00.000,0.5,172.81,-0.5,0.06
2026-02-24T19:50:00.000,0.36,93.82,-0.02,0.36
2026-02-24T20:00:00.000,1.42,57.58,0.76,1.2
2026-02-24T20:10:00.000,0.31,156.24,-0.29,0.13
2026-02-24T20:20:00.000,0.43,121.48,-0.22,0.36
2026-02-24T20:30:00.000,0.42,170.69,-0.41,0.07
2026-02-24T20:40:00.000,0.5,191.48,-0.49,-0.1
2026-02-24T20:50:00.000,0.55,199.06,-0.52,-0.18
2026-02-24T21:00:00.000,0.45,187.2,-0.45,-0.06
2026-02-24T21:10:00.000,0.65,179.96,-0.65,0
2026-02-24T21:20:00.000,0.6,162.34,-0.57,0.18
2026-02-24T21:30:00.000,0.47,173.41,-0.47,0.05
2026-02-24T21:40:00.000,1.31,129.01,-0.82,1.02
2026-02-24T21:50:00.000,1.39,137.49,-1.02,0.94
2026-02-24T22:00:00.000,0.67,169.13,-0.66,0.13
2026-02-24T22:10:00.000,4.1,112.97,-1.6,3.78
2026-02-24T22:20:00.000,2.47,77.45,0.54,2.41
2026-02-24T22:30:00.000,0.92,203.93,-0.84,-0.37
2026-02-24T22:40:00.000,2.22,256.17,-0.53,-2.15
2026-02-24T22:50:00.000,0.78,185.38,-0.78,-0.07
2026-02-24T23:00:00.000,0.79,148.54,-0.67,0.41
2026-02-24T23:10:00.000,2.24,147.8,-1.89,1.19
2026-02-24T23:20:00.000,0.76,168.77,-0.75,0.15
2026-02-24T23:30:00.000,2.8,121.8,-1.48,2.38
2026-02-24T23:40:00.000,3.18,139.67,-2.42,2.06
2026-02-24T23:50:00.000,3.08,171.85,-3.05,0.44
2026-02-25T00:00:00.000,1.82,100.17,-0.32,1.79
2026-02-25T00:10:00.000,0.84,131.97,-0.56,0.62
2026-02-25T00:20:00.000,0.56,181.89,-0.56,-0.02
2026-02-25T00:30:00.000,2.65,112.41,-1.01,2.45
2026-02-25T00:40:00.000,2.56,145.1,-2.1,1.46
2026-02-25T00:50:00.000,2.89,146.31,-2.41,1.61
2026-02-25T01:00:00.000,2.58,131.63,-1.72,1.93
2026-02-25T01:10:00.000,1.5,180.45,-1.5,-0.01
2026-02-25T01:20:00.000,1.27,130,-0.82,0.97
2026-02-25T01:30:00.000,2.14,115.43,-0.92,1.93
2026-02-25T01:40:00.000,1.04,184.37,-1.04,-0.08
2026-02-25T01:50:00.000,2.61,140.66,-2.01,1.65
2026-02-25T02:00:00.000,1.57,143.99,-1.27,0.92
2026-02-25T02:10:00.000,0.42,195.79,-0.41,-0.11
2026-02-25T02:20:00.000,1.77,107.98,-0.55,1.68
2026-02-25T02:30:00.000,0.66,186.12,-0.65,-0.07
2026-02-25T02:40:00.000,0.68,220.51,-0.52,-0.44
2026-02-25T02:50:00.000,0.51,214.23,-0.43,-0.29
2026-02-25T03:00:00.000,0.95,151.39,-0.84,0.46
2026-02-25T03:10:00.000,1.71,188.15,-1.69,-0.24
2026-02-25T03:20:00.000,1.86,211.78,-1.58,-0.98
2026-02-25T03:30:00.000,1.73,194.42,-1.68,-0.43
2026-02-25T03:40:00.000,0.63,169.52,-0.62,0.11
2026-02-25T03:50:00.000,0.93,164.94,-0.9,0.24
2026-02-25T04:00:00.000,0.65,173.32,-0.64,0.08
2026-02-25T04:10:00.000,3.65,113.66,-1.47,3.35
2026-02-25T04:20:00.000,3.11,109.62,-1.04,2.93
2026-02-25T04:30:00.000,0.56,176.86,-0.55,0.03
2026-02-25T04:40:00.000,1.56,208.35,-1.37,-0.74
2026-02-25T04:50:00.000,1.33,163.01,-1.27,0.39
2026-02-25T05:00:00.000,0.94,193.43,-0.91,-0.22
2026-02-25T05:10:00.000,1.42,179.49,-1.42,0.01
2026-02-25T05:20:00.000,0.69,193.28,-0.67,-0.16
2026-02-25T05:30:00.000,4.93,143.14,-3.95,2.96
2026-02-25T05:40:00.000,3.71,178.6,-3.71,0.09
2026-02-25T05:50:00.000,1.47,114.75,-0.62,1.34
2026-02-25T06:00:00.000,3.83,161.95,-3.64,1.19
2026-02-25T06:10:00.000,2.37,154.59,-2.14,1.02
2026-02-25T06:20:00.000,1.36,142.51,-1.08,0.83
2026-02-25T06:30:00.000,2.79,155.14,-2.53,1.17
2026-02-25T06:40:00.000,0.41,189.89,-0.4,-0.07
2026-02-25T06:50:00.000,2.83,72.42,0.85,2.7
2026-02-25T07:00:00.000,3.03,116.15,-1.33,2.72
2026-02-25T07:10:00.000,3.62,116.42,-1.61,3.24
2026-02-25T07:20:00.000,4.04,123.66,-2.24,3.37
2026-02-25T07:30:00.000,2.87,139.09,-2.17,1.88
2026-02-25T07:40:00.000,5.21,119.19,-2.54,4.55
2026-02-25T07:50:00.000,3.63,162.85,-3.47,1.07
2026-02-25T08:00:00.000,0.45,226.31,-0.31,-0.32
2026-02-25T08:10:00.000,3.25,203.08,-2.99,-1.27
2026-02-25T08:20:00.000,2.34,158.92,-2.18,0.84
2026-02-25T08:30:00.000,0.74,129.9,-0.48,0.57
2026-02-25T08:40:00.000,2.61,95.85,-0.27,2.6
2026-02-25T08:50:00.000,2.88,96.08,-0.3,2.86
2026-02-25T09:00:00.000,2.04,68.99,0.73,1.9
2026-02-25T09:10:00.000,6.33,127.56,-3.86,5.02
2026-02-25T09:20:00.000,6.74,170.66,-6.65,1.09
2026-02-25T09:30:00.000,7.17,179.36,-7.17,0.08
2026-02-25T09:40:00.000,5.21,133.06,-3.56,3.81
2026-02-25T09:50:00.000,4.74,176.63,-4.74,0.28
2026-02-25T10:00:00.000,11.03,219.72,-8.49,-7.05
2026-02-25T10:10:00.000,4.05,185.65,-4.03,-0.4
2026-02-25T10:20:00.000,1.36,153.72,-1.22,0.6
2026-02-25T10:30:00.000,2.24,194.09,-2.17,-0.55
2026-02-25T10:40:00.000,5.43,153.07,-4.84,2.46
2026-02-25T10:50:00.000,2.12,182.44,-2.12,-0.09
2026-02-25T11:00:00.000,2.84,149.69,-2.45,1.43
2026-02-25T11:10:00.000,5.14,173.14,-5.1,0.61
2026-02-25T11:20:00.000,2.11,220.02,-1.62,-1.36
2026-02-25T11:30:00.000,4.5,198.13,-4.27,-1.4
2026-02-25T11:40:00.000,3.3,125.01,-1.89,2.7
2026-02-25T11:50:00.000,2.1,291.68,0.77,-1.95
2026-02-25T12:00:00.000,4.06,149.52,-3.5,2.06
2026-02-25T12:10:00.000,4.04,145.02,-3.31,2.32
2026-02-25T12:20:00.000,5.21,201.07,-4.86,-1.87
2026-02-25T12:30:00.000,5.76,148.9,-4.93,2.98
2026-02-25T12:40:00.000,3.12,186.12,-3.1,-0.33
2026-02-25T12:50:00.000,5.84,193.8,-5.67,-1.39
2026-02-25T13:00:00.000,15.26,166.24,-14.83,3.63
2026-02-25T13:10:00.000,5.36,140.24,-4.12,3.43
2026-02-25T13:20:00.000,9.91,170.02,-9.76,1.72
2026-02-25T13:30:00.000,4.76,194.98,-4.6,-1.23
2026-02-25T13:40:00.000,1.21,212.22,-1.02,-0.64
2026-02-25T13:50:00.000,2.33,234.94,-1.34,-1.9
2026-02-25T14:00:00.000,7.31,190.21,-7.19,-1.3
2026-02-25T14:10:00.000,11.77,198.01,-11.2,-3.64
2026-02-25T14:20:00.000,0.22,31.04,0.19,0.11
2026-02-25T14:30:00.000,1.78,69.06,0.63,1.66
2026-02-25T14:40:00.000,4.46,178.22,-4.46,0.14
2026-02-25T14:50:00.000,4.73,208.38,-4.16,-2.25
2026-02-25T15:00:00.000,5.61,149.27,-4.82,2.87
2026-02-25T15:10:00.000,5.33,164.26,-5.13,1.45
2026-02-25T15:20:00.000,5.67,225.42,-3.98,-4.04
2026-02-25T15:30:00.000,2.24,216.96,-1.79,-1.34
2026-02-25T15:40:00.000,5.95,204.14,-5.43,-2.43
2026-02-25T15:50:00.000,4.78,157.51,-4.42,1.83
2026-02-25T16:00:00.000,3.53,174.17,-3.51,0.36
2026-02-25T16:10:00.000,3.87,156.1,-3.54,1.57
2026-02-25T16:20:00.000,4.83,166.28,-4.69,1.15
2026-02-25T16:30:00.000,4.14,207.12,-3.68,-1.89
2026-02-25T16:40:00.000,4.49,185.33,-4.47,-0.42
2026-02-25T16:50:00.000,3.72,227.24,-2.53,-2.73
2026-02-25T17:00:00.000,5.12,191.36,-5.02,-1.01
2026-02-25T17:10:00.000,3.35,151.51,-2.94,1.6
2026-02-25T17:20:00.000,2.77,132.05,-1.85,2.05
2026-02-25T17:30:00.000,2.65,142.99,-2.12,1.6
2026-02-25T17:40:00.000,5.05,230.8,-3.19,-3.91
2026-02-25T17:50:00.000,1.89,240.26,-0.94,-1.64
2026-02-25T18:00:00.000,2.73,166.02,-2.65,0.66
2026-02-25T18:10:00.000,2.42,218.48,-1.9,-1.51
2026-02-25T18:20:00.000,2.55,192.73,-2.49,-0.56
2026-02-25T18:30:00.000,5.44,228.89,-3.58,-4.1
2026-02-25T18:40:00.000,1.84,163.08,-1.76,0.53
2026-02-25T18:50:00.000,0.25,126.28,-0.15,0.2
2026-02-25T19:00:00.000,1.75,149.27,-1.51,0.9
2026-02-25T19:10:00.000,2.14,63.39,0.96,1.91
2026-02-25T19:20:00.000,0.45,263.07,-0.05,-0.45
2026-02-25T19:30:00.000,1.83,92.61,-0.08,1.83
2026-02-25T19:40:00.000,0.84,227.36,-0.57,-0.62
2026-02-25T19:50:00.000,1.13,120.01,-0.57,0.98
2026-02-25T20:00:00.000,0.86,157.1,-0.79,0.33
2026-02-25T20:10:00.000,0.43,220.4,-0.33,-0.28
2026-02-25T20:20:00.000,0.55,277.99,0.08,-0.55
2026-02-25T20:30:00.000,0.61,293.05,0.24,-0.56
2026-02-25T20:40:00.000,2.62,212.55,-2.21,-1.41
2026-02-25T20:50:00.000,1.36,228.88,-0.89,-1.02
2026-02-25T21:00:00.000,2.67,236.46,-1.48,-2.23
2026-02-25T21:10:00.000,5.21,213.53,-4.34,-2.88
2026-02-25T21:20:00.000,4.97,208.7,-4.36,-2.39
2026-02-25T21:30:00.000,3.72,219.14,-2.89,-2.35
2026-02-25T21:40:00.000,2.18,206.89,-1.95,-0.99
2026-02-25T21:50:00.000,1.19,143.82,-0.96,0.7
2026-02-25T22:00:00.000,1.44,189.07,-1.42,-0.23
2026-02-25T22:10:00.000,1.38,167.48,-1.35,0.3
2026-02-25T22:20:00.000,0.56,194.1,-0.54,-0.14
2026-02-25T22:30:00.000,2.43,162.76,-2.32,0.72
2026-02-25T22:40:00.000,0.89,185.11,-0.89,-0.08
2026-02-25T22:50:00.000,2.2,197.27,-2.1,-0.65
2026-02-25T23:00:00.000,1.58,135.36,-1.12,1.11
2026-02-25T23:10:00.000,1.73,121.96,-0.91,1.46
2026-02-25T23:20:00.000,0.87,167.74,-0.85,0.18
2026-02-25T23:30:00.000,2.44,160.73,-2.31,0.81
2026-02-25T23:40:00.000,1.96,152.95,-1.75,0.89
2026-02-25T23:50:00.000,0.57,168.15,-0.56,0.12
2026-02-26T00:00:00.000,1.89,180.27,-1.89,-0.01
2026-02-26T00:10:00.000,2.03,97.07,-0.25,2.02
2026-02-26T00:20:00.000,2.93,145.67,-2.42,1.65
2026-02-26T00:30:00.000,0.71,143.38,-0.57,0.42
2026-02-26T00:40:00.000,2.43,105.7,-0.66,2.34
2026-02-26T00:50:00.000,1.7,130.28,-1.1,1.29
2026-02-26T01:00:00.000,0.18,194.73,-0.18,-0.05
2026-02-26T01:10:00.000,2.2,153.97,-1.98,0.97
2026-02-26T01:20:00.000,1.72,124.22,-0.96,1.42
2026-02-26T01:30:00.000,0.61,194.71,-0.59,-0.16
2026-02-26T01:40:00.000,0.65,125.33,-0.37,0.53
2026-02-26T01:50:00.000,0.34,207.86,-0.3,-0.16
2026-02-26T02:00:00.000,1.32,195.98,-1.26,-0.36
2026-02-26T02:10:00.000,0.56,165,-0.54,0.14
2026-02-26T02:20:00.000,0.69,196.94,-0.66,-0.2
2026-02-26T02:30:00.000,0.69,195.82,-0.66,-0.19
2026-02-26T02:40:00.000,2.62,164.79,-2.53,0.69
2026-02-26T02:50:00.000,0.5,184.58,-0.5,-0.04
2026-02-26T03:00:00.000,1.25,121.43,-0.65,1.07
2026-02-26T03:10:00.000,1.8,150.9,-1.57,0.87
2026-02-26T03:20:00.000,1.02,203.18,-0.94,-0.4
2026-02-26T03:30:00.000,1.71,131.12,-1.13,1.29
2026-02-26T03:40:00.000,0.38,155.91,-0.35,0.16
2026-02-26T03:50:00.000,0.98,139.22,-0.74,0.64
2026-02-26T04:00:00.000,1.74,132.84,-1.18,1.27
2026-02-26T04:10:00.000,2.93,113.62,-1.17,2.69
2026-02-26T04:20:00.000,3.11,163.77,-2.99,0.87
2026-02-26T04:30:00.000,5.01,146.14,-4.16,2.79
2026-02-26T04:40:00.000,1.45,131.09,-0.95,1.09
2026-02-26T04:50:00.000,2.18,145.78,-1.8,1.23
2026-02-26T05:00:00.000,3.72,194.12,-3.61,-0.91
2026-02-26T05:10:00.000,4.51,205.26,-4.08,-1.92
2026-02-26T05:20:00.000,2.76,227.45,-1.86,-2.03
2026-02-26T05:30:00.000,2.77,194.73,-2.68,-0.7
2026-02-26T05:40:00.000,2.44,228.41,-1.62,-1.83
2026-02-26T05:50:00.000,4.08,208,-3.6,-1.91
2026-02-26T06:00:00.000,2.7,241.84,-1.28,-2.38
2026-02-26T06:10:00.000,3.78,220.07,-2.9,-2.44
2026-02-26T06:20:00.000,2.51,232.8,-1.52,-2
2026-02-26T06:30:00.000,0.77,180.66,-0.77,-0.01
2026-02-26T06:40:00.000,1.06,139.43,-0.8,0.69
2026-02-26T06:50:00.000,1.93,141.2,-1.51,1.21
2026-02-26T07:00:00.000,1.45,145.61,-1.2,0.82
2026-02-26T07:10:00.000,1.6,143.62,-1.29,0.95
2026-02-26T07:20:00.000,1.09,159.68,-1.02,0.38
2026-02-26T07:30:00.000,0.35,149.02,-0.3,0.18
2026-02-26T07:40:00.000,0.46,178.48,-0.46,0.01
2026-02-26T07:50:00.000,1.37,128.67,-0.85,1.07
2026-02-26T08:00:00.000,0.49,188.56,-0.48,-0.07
2026-02-26T08:10:00.000,2.39,104.7,-0.61,2.32
2026-02-26T08:20:00.000,0.54,120.08,-0.27,0.47
2026-02-26T08:30:00.000,0.51,156.84,-0.47,0.2
2026-02-26T08:40:00.000,3.19,68.61,1.16,2.97
2026-02-26T08:50:00.000,0.85,71.27,0.27,0.81
2026-02-26T09:00:00.000,0.24,181.71,-0.24,-0.01
2026-02-26T09:10:00.000,0.28,233.52,-0.16,-0.22
2026-02-26T09:20:00.000,0.47,82.68,0.06,0.47
2026-02-26T09:30:00.000,0.24,213.74,-0.2,-0.13
2026-02-26T09:40:00.000,0.4,218.18,-0.31,-0.25
2026-02-26T09:50:00.000,0.92,197.21,-0.87,-0.27
2026-02-26T10:00:00.000,1.99,228.56,-1.32,-1.5
2026-02-26T10:10:00.000,9.72,182.2,-9.72,-0.37
2026-02-26T10:20:00.000,12.31,215.67,-10,-7.18
2026-02-26T10:30:00.000,11.23,204.34,-10.23,-4.63
2026-02-26T10:40:00.000,8.24,217.74,-6.52,-5.04
2026-02-26T10:50:00.000,5.91,210.62,-5.08,-3.01
2026-02-26T11:00:00.000,2.93,162.81,-2.8,0.87
2026-02-26T11:10:00.000,3.26,145.78,-2.69,1.83
2026-02-26T11:20:00.000,4.23,215.82,-3.43,-2.47
2026-02-26T11:30:00.000,5.68,150.26,-4.93,2.82
2026-02-26T11:40:00.000,11.13,215.32,-9.08,-6.44
2026-02-26T11:50:00.000,7.93,238.37,-4.16,-6.76
2026-02-26T12:00:00.000,4.95,120.58,-2.52,4.26
2026-02-26T12:10:00.000,4.07,193.74,-3.96,-0.97
2026-02-26T12:20:00.000,12.05,195.9,-11.59,-3.3
2026-02-26T12:30:00.000,16.21,192.23,-15.84,-3.43
2026-02-26T12:40:00.000,7.49,246.66,-2.97,-6.88
2026-02-26T12:50:00.000,16.82,217.98,-13.26,-10.35
2026-02-26T13:00:00.000,11.87,235.68,-6.69,-9.8
2026-02-26T13:10:00.000,4.53,204.05,-4.13,-1.85
2026-02-26T13:20:00.000,15.64,213.6,-13.03,-8.66
2026-02-26T13:30:00.000,2.66,231.48,-1.66,-2.08
2026-02-26T13:40:00.000,13.24,180.76,-13.24,-0.17
2026-02-26T13:50:00.000,5.6,195.26,-5.41,-1.48
2026-02-26T14:00:00.000,8.14,205.07,-7.37,-3.45
2026-02-26T14:10:00.000,9.44,173.65,-9.38,1.04
2026-02-26T14:20:00.000,5.18,203.54,-4.75,-2.07
2026-02-26T14:30:00.000,1.28,166.96,-1.25,0.29
2026-02-26T14:40:00.000,3.29,183.53,-3.28,-0.2
2026-02-26T14:50:00.000,5.55,205.05,-5.02,-2.35
2026-02-26T15:00:00.000,5.92,190.44,-5.83,-1.07
2026-02-26T15:10:00.000,7.16,200.5,-6.71,-2.51
2026-02-26T15:20:00.000,8.18,221.64,-6.11,-5.43
2026-02-26T15:30:00.000,4.75,206.87,-4.24,-2.15
2026-02-26T15:40:00.000,6.51,196.71,-6.24,-1.87
2026-02-26T15:50:00.000,3.84,208.88,-3.36,-1.85
2026-02-26T16:00:00.000,2.62,220.76,-1.99,-1.71
2026-02-26T16:10:00.000,1.49,208.06,-1.32,-0.7
2026-02-26T16:20:00.000,5.42,199,-5.13,-1.77
2026-02-26T16:30:00.000,1.37,182.5,-1.37,-0.06
2026-02-26T16:40:00.000,3.75,149.23,-3.23,1.92
2026-02-26T16:50:00.000,4.8,183.2,-4.79,-0.27
2026-02-26T17:00:00.000,0.41,196.11,-0.39,-0.11
2026-02-26T17:10:00.000,2.65,196.03,-2.55,-0.73
2026-02-26T17:20:00.000,2.59,155.74,-2.36,1.06
2026-02-26T17:30:00.000,2.77,149.78,-2.4,1.4
2026-02-26T17:40:00.000,2.4,154.8,-2.18,1.02
2026-02-26T17:50:00.000,2.64,183.4,-2.63,-0.16
2026-02-26T18:00:00.000,4.19,201.03,-3.91,-1.5
2026-02-26T18:10:00.000,2.2,192.13,-2.15,-0.46
2026-02-26T18:20:00.000,0.8,116.99,-0.36,0.71
2026-02-26T18:30:00.000,1.38,129.62,-0.88,1.06
2026-02-26T18:40:00.000,1.94,139.36,-1.47,1.27
2026-02-26T18:50:00.000,1.53,180.42,-1.53,-0.01
2026-02-26T19:00:00.000,2.62,226.72,-1.8,-1.91
2026-02-26T19:10:00.000,0.75,204.75,-0.68,-0.32
2026-02-26T19:20:00.000,1.42,258.01,-0.3,-1.39
2026-02-26T19:30:00.000,2.93,226.35,-2.02,-2.12
2026-02-26T19:40:00.000,1.43,222.75,-1.05,-0.97
2026-02-26T19:50:00.000,2.97,252.98,-0.87,-2.84
2026-02-26T20:00:00.000,2.28,245.93,-0.93,-2.08
2026-02-26T20:10:00.000,5.37,220.62,-4.08,-3.5
2026-02-26T20:20:00.000,4.32,231.67,-2.68,-3.39
2026-02-26T20:30:00.000,1.22,228.69,-0.8,-0.91
2026-02-26T20:40:00.000,3.79,226.22,-2.62,-2.73
2026-02-26T20:50:00.000,1.88,226.94,-1.28,-1.38
2026-02-26T21:00:00.000,1.02,244.31,-0.44,-0.92
2026-02-26T21:10:00.000,1.97,234.47,-1.14,-1.6
2026-02-26T21:20:00.000,1.47,268.41,-0.04,-1.47
2026-02-26T21:30:00.000,0.7,215.67,-0.57,-0.41
2026-02-26T21:40:00.000,2.73,293.41,1.08,-2.5
2026-02-26T21:50:00.000,2.61,278.8,0.4,-2.58
2026-02-26T22:00:00.000,1.59,249.56,-0.56,-1.49
2026-02-26T22:10:00.000,0.67,275.89,0.07,-0.66
2026-02-26T22:20:00.000,0.85,285.58,0.23,-0.82
2026-02-26T22:30:00.000,0.48,254.11,-0.13,-0.46
2026-02-26T22:40:00.000,0.31,262.87,-0.04,-0.3
2026-02-26T22:50:00.000,0.42,255.29,-0.11,-0.4
2026-02-26T23:00:00.000,0.27,265.95,-0.02,-0.27
2026-02-26T23:10:00.000,0.28,308.72,0.17,-0.22
2026-02-26T23:20:00.000,0.43,327.97,0.37,-0.23
2026-02-26T23:30:00.000,0.48,284.76,0.12,-0.46
2026-02-26T23:40:00.000,0.18,254.2,-0.05,-0.18
2026-02-26T23:50:00.000,2.77,29.17,2.42,1.35
2026-02-27T00:00:00.000,1.6,55.94,0.89,1.32
2026-02-27T00:10:00.000,1,94.09,-0.07,1
2026-02-27T00:20:00.000,0.5,153.54,-0.45,0.22
2026-02-27T00:30:00.000,0.42,221.78,-0.31,-0.28
2026-02-27T00:40:00.000,1.25,89.48,0.01,1.25
2026-02-27T00:50:00.000,0.41,222.93,-0.3,-0.28
2026-02-27T01:00:00.000,0.19,159.01,-0.17,0.07
2026-02-27T01:10:00.000,0.44,228.06,-0.29,-0.32
2026-02-27T01:20:00.000,0.43,236.83,-0.23,-0.36
2026-02-27T01:30:00.000,0.39,251.09,-0.13,-0.37
2026-02-27T01:40:00.000,0.58,251.41,-0.19,-0.55
2026-02-27T01:50:00.000,0.69,220.55,-0.53,-0.45
2026-02-27T02:00:00.000,0.94,220.7,-0.71,-0.61
2026-02-27T02:10:00.000,0.79,200.13,-0.74,-0.27
2026-02-27T02:20:00.000,2.99,208.74,-2.62,-1.44
2026-02-27T02:30:00.000,3.84,213.64,-3.2,-2.13
2026-02-27T02:40:00.000,1.14,231.62,-0.71,-0.9
2026-02-27T02:50:00.000,2.49,164.15,-2.39,0.68
2026-02-27T03:00:00.000,3.31,183.63,-3.3,-0.21
2026-02-27T03:10:00.000,3.72,169.64,-3.66,0.67
2026-02-27T03:20:00.000,2.36,134.5,-1.65,1.68
2026-02-27T03:30:00.000,4.03,175.9,-4.02,0.29
2026-02-27T03:40:00.000,2.05,204.9,-1.86,-0.86
2026-02-27T03:50:00.000,2.57,240.46,-1.27,-2.23
2026-02-27T04:00:00.000,2.84,201.67,-2.64,-1.05
2026-02-27T04:10:00.000,1.6,223.38,-1.16,-1.1
2026-02-27T04:20:00.000,1.72,255.18,-0.44,-1.66
2026-02-27T04:30:00.000,3.35,209.64,-2.91,-1.65
2026-02-27T04:40:00.000,3.35,216.46,-2.69,-1.99
2026-02-27T04:50:00.000,0.83,237.91,-0.44,-0.71
2026-02-27T05:00:00.000,1.88,130.16,-1.21,1.43
2026-02-27T05:10:00.000,1.68,105.75,-0.46,1.62
2026-02-27T05:20:00.000,0.55,230.72,-0.35,-0.42
2026-02-27T05:30:00.000,2.52,187.39,-2.5,-0.32
2026-02-27T05:40:00.000,1.39,165.18,-1.35,0.36
2026-02-27T05:50:00.000,1.44,127.05,-0.86,1.15
2026-02-27T06:00:00.000,0.31,189.39,-0.3,-0.05
2026-02-27T06:10:00.000,1.45,274.57,0.12,-1.44
2026-02-27T06:20:00.000,0.26,230.2,-0.16,-0.2
2026-02-27T06:30:00.000,0.89,241.81,-0.42,-0.78
2026-02-27T06:40:00.000,2.03,214.85,-1.66,-1.16
2026-02-27T06:50:00.000,2.38,197.67,-2.27,-0.72
2026-02-27T07:00:00.000,2.3,246.14,-0.93,-2.1
2026-02-27T07:10:00.000,1.88,183.38,-1.87,-0.11
2026-02-27T07:20:00.000,2.44,160.84,-2.3,0.8
2026-02-27T07:30:00.000,0.41,190.12,-0.41,-0.07
2026-02-27T07:40:00.000,1.21,106.19,-0.34,1.17
2026-02-27T07:50:00.000,2.2,106.35,-0.62,2.12
2026-02-27T08:00:00.000,2.76,159.48,-2.58,0.97
2026-02-27T08:10:00.000,2.07,87.5,0.09,2.06
2026-02-27T08:20:00.000,0.3,169.06,-0.3,0.06
2026-02-27T08:30:00.000,0.43,222.36,-0.32,-0.29
2026-02-27T08:40:00.000,0.21,149.56,-0.18,0.11
2026-02-27T08:50:00.000,1.05,242.87,-0.48,-0.94
2026-02-27T09:00:00.000,1.33,205.02,-1.21,-0.56
2026-02-27T09:10:00.000,5.23,161.53,-4.96,1.66
2026-02-27T09:20:00.000,4.93,153.43,-4.41,2.21
2026-02-27T09:30:00.000,11.47,196.27,-11.01,-3.21
2026-02-27T09:40:00.000,4.42,161.01,-4.18,1.44
2026-02-27T09:50:00.000,3.51,214.17,-2.91,-1.97
2026-02-27T10:00:00.000,4.34,157.46,-4.01,1.67
2026-02-27T10:10:00.000,4.44,162.6,-4.24,1.33
2026-02-27T10:20:00.000,5.22,162.27,-4.97,1.59
2026-02-27T10:30:00.000,6.78,207.17,-6.03,-3.1
2026-02-27T10:40:00.000,9.95,209.67,-8.65,-4.93
2026-02-27T10:50:00.000,6.21,184.69,-6.18,-0.51
2026-02-27T11:00:00.000,1.69,105.44,-0.45,1.63
2026-02-27T11:10:00.000,8.64,207.24,-7.68,-3.95
2026-02-27T11:20:00.000,13.49,210.55,-11.62,-6.86
2026-02-27T11:30:00.000,16.73,230.39,-10.67,-12.89
2026-02-27T11:40:00.000,5.25,205.02,-4.75,-2.22
2026-02-27T11:50:00.000,9.72,216.82,-7.78,-5.82
2026-02-27T12:00:00.000,1.76,220.25,-1.35,-1.14
2026-02-27T12:10:00.000,0.44,201.8,-0.41,-0.16
2026-02-27T12:20:00.000,19.68,214.73,-16.18,-11.21
2026-02-27T12:30:00.000,12.57,199.22,-11.87,-4.14
2026-02-27T12:40:00.000,12.26,184.63,-12.22,-0.99
2026-02-27T12:50:00.000,9.29,172.63,-9.21,1.19
2026-02-27T13:00:00.000,6.1,189.97,-6.01,-1.06
2026-02-27T13:10:00.000,3.24,196.18,-3.11,-0.9
2026-02-27T13:20:00.000,5.12,184.8,-5.1,-0.43
2026-02-27T13:30:00.000,3.09,207.3,-2.74,-1.42
2026-02-27T13:40:00.000,10.3,190.24,-10.14,-1.83
2026-02-27T13:50:00.000,7.63,183.77,-7.61,-0.5
2026-02-27T14:00:00.000,2.46,177.53,-2.45,0.11
2026-02-27T14:10:00.000,10.44,187.95,-10.34,-1.44
2026-02-27T14:20:00.000,4.07,198.33,-3.87,-1.28
2026-02-27T14:30:00.000,6.17,178.17,-6.16,0.2
2026-02-27T14:40:00.000,7.04,219.92,-5.4,-4.52
2026-02-27T14:50:00.000,7.54,200.06,-7.08,-2.59
2026-02-27T15:00:00.000,1.01,214.41,-0.83,-0.57
2026-02-27T15:10:00.000,3.52,181.63,-3.52,-0.1
2026-02-27T15:20:00.000,5.05,183.06,-5.04,-0.27
2026-02-27T15:30:00.000,4.71,196.54,-4.51,-1.34
2026-02-27T15:40:00.000,8.99,216.96,-7.18,-5.4
2026-02-27T15:50:00.000,2.54,199.45,-2.39,-0.84
2026-02-27T16:00:00.000,3.77,241.51,-1.8,-3.31
2026-02-27T16:10:00.000,2.69,139.4,-2.04,1.75
2026-02-27T16:20:00.000,4.48,188.14,-4.44,-0.63
2026-02-27T16:30:00.000,2.12,124.83,-1.21,1.74
2026-02-27T16:40:00.000,9.19,210.1,-7.95,-4.61
2026-02-27T16:50:00.000,2.35,220.48,-1.79,-1.53
2026-02-27T17:00:00.000,2.68,160.91,-2.54,0.88
2026-02-27T17:10:00.000,0.34,257.26,-0.07,-0.33
2026-02-27T17:20:00.000,5.21,178.13,-5.21,0.17
2026-02-27T17:30:00.000,1.17,199.93,-1.1,-0.4
2026-02-27T17:40:00.000,6.85,202.37,-6.33,-2.61
2026-02-27T17:50:00.000,3.45,217.3,-2.75,-2.09
2026-02-27T18:00:00.000,2.59,246.92,-1.02,-2.39
2026-02-27T18:10:00.000,0.84,156.3,-0.77,0.34
2026-02-27T18:20:00.000,1.91,64.75,0.82,1.73
2026-02-27T18:30:00.000,2.94,114.44,-1.22,2.68
2026-02-27T18:40:00.000,2.63,122.07,-1.4,2.23
2026-02-27T18:50:00.000,1.78,245.01,-0.75,-1.61
2026-02-27T19:00:00.000,3.84,104.79,-0.98,3.71
2026-02-27T19:10:00.000,3.11,107.52,-0.94,2.97
2026-02-27T19:20:00.000,3.29,123.58,-1.82,2.74
2026-02-27T19:30:00.000,2.03,192.37,-1.98,-0.43
2026-02-27T19:40:00.000,1.74,142.89,-1.39,1.05
2026-02-27T19:50:00.000,2.03,138.71,-1.53,1.34
2026-02-27T20:00:00.000,1.69,195.18,-1.63,-0.44
2026-02-27T20:10:00.000,1.44,196.99,-1.38,-0.42
2026-02-27T20:20:00.000,1.36,216.05,-1.1,-0.8
2026-02-27T20:30:00.000,1.18,174.73,-1.18,0.11
2026-02-27T20:40:00.000,0.75,238.14,-0.4,-0.64
2026-02-27T20:50:00.000,1.23,216.51,-0.99,-0.73
2026-02-27T21:00:00.000,0.83,196.8,-0.79,-0.24
2026-02-27T21:10:00.000,2.22,190.44,-2.18,-0.4
2026-02-27T21:20:00.000,1.09,133.35,-0.75,0.79
2026-02-27T21:30:00.000,1.62,105.19,-0.43,1.57
2026-02-27T21:40:00.000,0.55,214.08,-0.45,-0.31
2026-02-27T21:50:00.000,0.7,161.14,-0.66,0.22
2026-02-27T22:00:00.000,2.13,181.3,-2.13,-0.05
2026-02-27T22:10:00.000,2.36,111.63,-0.87,2.19
2026-02-27T22:20:00.000,1.55,122.34,-0.83,1.31
2026-02-27T22:30:00.000,0.76,135.53,-0.54,0.53
2026-02-27T22:40:00.000,0.88,126.64,-0.52,0.7
2026-02-27T22:50:00.000,2.11,130.23,-1.36,1.61
2026-02-27T23:00:00.000,0.97,151.45,-0.85,0.46
2026-02-27T23:10:00.000,1.86,135.85,-1.33,1.29
2026-02-27T23:20:00.000,3.92,181.38,-3.92,-0.09
2026-02-27T23:30:00.000,2.82,118.23,-1.33,2.48
2026-02-27T23:40:00.000,4.68,109.4,-1.56,4.42
2026-02-27T23:50:00.000,2.32,167.01,-2.26,0.52
2026-02-28T00:00:00.000,4.11,153.73,-3.68,1.82
2026-02-28T00:10:00.000,2.86,153.22,-2.55,1.29
2026-02-28T00:20:00.000,2.85,112.86,-1.11,2.63
2026-02-28T00:30:00.000,3.88,161.04,-3.67,1.26
2026-02-28T00:40:00.000,4.03,115.11,-1.71,3.65
2026-02-28T00:50:00.000,1.53,139.59,-1.16,0.99
2026-02-28T01:00:00.000,3.91,108.36,-1.23,3.71
2026-02-28T01:10:00.000,0.76,219.25,-0.59,-0.48
2026-02-28T01:20:00.000,2.22,267.58,-0.09,-2.21
2026-02-28T01:30:00.000,5.97,200.6,-5.58,-2.1
2026-02-28T01:40:00.000,5.34,200.4,-5,-1.86
2026-02-28T01:50:00.000,9.68,175.02,-9.65,0.84
2026-02-28T02:00:00.000,11.71,181.43,-11.7,-0.29
2026-02-28T02:10:00.000,2.25,171.84,-2.23,0.32
2026-02-28T02:20:00.000,2.57,158.78,-2.39,0.93
2026-02-28T02:30:00.000,2.03,157.08,-1.87,0.79
2026-02-28T02:40:00.000,2.16,131.81,-1.44,1.61
2026-02-28T02:50:00.000,4.01,220.68,-3.04,-2.61
2026-02-28T03:00:00.000,1.98,187.18,-1.97,-0.25
2026-02-28T03:10:00.000,6.49,212.83,-5.45,-3.52
2026-02-28T03:20:00.000,5.69,182.13,-5.69,-0.21
2026-02-28T03:30:00.000,2.99,162.1,-2.84,0.92
2026-02-28T03:40:00.000,9.7,193.06,-9.45,-2.19
2026-02-28T03:50:00.000,5.64,216.43,-4.54,-3.35
2026-02-28T04:00:00.000,6.61,180.5,-6.61,-0.06
2026-02-28T04:10:00.000,4.42,242.82,-2.02,-3.93
2026-02-28T04:20:00.000,5.51,211.66,-4.69,-2.89
2026-02-28T04:30:00.000,2.39,167.53,-2.34,0.52
2026-02-28T04:40:00.000,4.04,178.71,-4.04,0.09
2026-02-28T04:50:00.000,4.74,130.4,-3.07,3.61
2026-02-28T05:00:00.000,3.78,113.99,-1.54,3.45
2026-02-28T05:10:00.000,5.83,165.79,-5.65,1.43
2026-02-28T05:20:00.000,1.53,123.18,-0.84,1.28
2026-02-28T05:30:00.000,0.9,153.17,-0.8,0.41
2026-02-28T05:40:00.000,0.91,340.63,0.86,-0.3
2026-02-28T05:50:00.000,0.73,76.33,0.17,0.71
2026-02-28T06:00:00.000,1.18,195.88,-1.13,-0.32
2026-02-28T06:10:00.000,0.72,222.2,-0.53,-0.48
2026-02-28T06:20:00.000,0.11,186.59,-0.11,-0.01
2026-02-28T06:30:00.000,2.53,138.34,-1.89,1.68
2026-02-28T06:40:00.000,3.31,113.8,-1.34,3.03
2026-02-28T06:50:00.000,3.8,90.13,-0.01,3.8
2026-02-28T07:00:00.000,3.27,106.67,-0.94,3.14
2026-02-28T07:10:00.000,2.73,82.63,0.35,2.71
2026-02-28T07:20:00.000,1.62,43.11,1.19,1.11
2026-02-28T07:30:00.000,0.32,168.85,-0.31,0.06
2026-02-28T07:40:00.000,2.98,97.44,-0.39,2.95
2026-02-28T07:50:00.000,3.12,191.78,-3.05,-0.64
2026-02-28T08:00:00.000,3.74,134.76,-2.63,2.65
2026-02-28T08:10:00.000,2.11,94.47,-0.16,2.11
2026-02-28T08:20:00.000,2.75,117.25,-1.26,2.45
2026-02-28T08:30:00.000,0.45,152.15,-0.4,0.21
2026-02-28T08:40:00.000,1.51,194.11,-1.47,-0.37
2026-02-28T08:50:00.000,1.08,215.02,-0.88,-0.62
2026-02-28T09:00:00.000,2.48,158.38,-2.31,0.91
2026-02-28T09:10:00.000,2.32,61.84,1.1,2.05
2026-02-28T09:20:00.000,0.38,202.69,-0.35,-0.14
2026-02-28T09:30:00.000,4.57,182.16,-4.57,-0.17
2026-02-28T09:40:00.000,3.1,16.68,2.96,0.89
2026-02-28T09:50:00.000,5.81,103.88,-1.39,5.64
2026-02-28T10:00:00.000,5.26,127.91,-3.23,4.15
2026-02-28T10:10:00.000,8.09,202,-7.5,-3.03
2026-02-28T10:20:00.000,13.05,195.47,-12.57,-3.48
2026-02-28T10:30:00.000,13.9,178.7,-13.89,0.32
2026-02-28T10:40:00.000,3.16,213.78,-2.63,-1.76
2026-02-28T10:50:00.000,5.94,188.47,-5.88,-0.88
2026-02-28T11:00:00.000,12.12,171.65,-12,1.76
2026-02-28T11:10:00.000,5.52,187.7,-5.47,-0.74
2026-02-28T11:20:00.000,10.9,204.28,-9.94,-4.48
2026-02-28T11:30:00.000,3.2,164.97,-3.09,0.83
2026-02-28T11:40:00.000,4.78,249.35,-1.68,-4.47
2026-02-28T11:50:00.000,5.2,187.48,-5.15,-0.68
2026-02-28T12:00:00.000,9.9,198.61,-9.38,-3.16
2026-02-28T12:10:00.000,7.49,188.47,-7.41,-1.1
2026-02-28T12:20:00.000,9.49,178.42,-9.48,0.26
2026-02-28T12:30:00.000,6.54,180.21,-6.54,-0.02
2026-02-28T12:40:00.000,2.13,133.07,-1.45,1.55
2026-02-28T12:50:00.000,4.25,271.35,0.1,-4.25
2026-02-28T13:00:00.000,4.88,158.88,-4.55,1.76
2026-02-28T13:10:00.000,7.64,133.42,-5.25,5.55
2026-02-28T13:20:00.000,3.37,154.84,-3.05,1.43
2026-02-28T13:30:00.000,8.19,224.96,-5.79,-5.79
2026-02-28T13:40:00.000,3.98,177.28,-3.98,0.19
2026-02-28T13:50:00.000,2.66,180.01,-2.66,0
2026-02-28T14:00:00.000,9.5,197.82,-9.05,-2.91
2026-02-28T14:10:00.000,3.32,184.67,-3.31,-0.27
2026-02-28T14:20:00.000,2.81,170.85,-2.78,0.45
2026-02-28T14:30:00.000,5.59,205.68,-5.04,-2.42
2026-02-28T14:40:00.000,5.49,188.51,-5.43,-0.81
2026-02-28T14:50:00.000,13.99,210.53,-12.05,-7.11
2026-02-28T15:00:00.000,4.57,169.92,-4.5,0.8
2026-02-28T15:10:00.000,2.47,154.28,-2.23,1.07
2026-02-28T15:20:00.000,3.13,157.09,-2.88,1.22
2026-02-28T15:30:00.000,1.49,166.47,-1.45,0.35
2026-02-28T15:40:00.000,2.59,177,-2.58,0.14
2026-02-28T15:50:00.000,3.11,216.62,-2.5,-1.86
2026-02-28T16:00:00.000,4.86,165.39,-4.7,1.22
2026-02-28T16:10:00.000,4.63,190.93,-4.55,-0.88
2026-02-28T16:20:00.000,2.85,190.2,-2.8,-0.5
2026-02-28T16:30:00.000,1.63,150.41,-1.42,0.81
2026-02-28T16:40:00.000,3.55,156.69,-3.26,1.4
2026-02-28T16:50:00.000,1.46,110.04,-0.5,1.37
2026-02-28T17:00:00.000,3,213.17,-2.51,-1.64
2026-02-28T17:10:00.000,1.71,164.34,-1.64,0.46
2026-02-28T17:20:00.000,1.33,153.95,-1.2,0.59
2026-02-28T17:30:00.000,2.21,145.25,-1.81,1.26
2026-02-28T17:40:00.000,2.96,174.64,-2.95,0.28
2026-02-28T17:50:00.000,3.14,191.5,-3.08,-0.63
2026-02-28T18:00:00.000,3.29,172.66,-3.27,0.42
2026-02-28T18:10:00.000,2.45,175.85,-2.45,0.18
2026-02-28T18:20:00.000,2.61,156.87,-2.4,1.03
2026-02-28T18:30:00.000,1.15,172.02,-1.14,0.16
2026-02-28T18:40:00.000,0.6,195.94,-0.58,-0.16
2026-02-28T18:50:00.000,3.23,150.26,-2.81,1.6
2026-02-28T19:00:00.000,2.63,115.57,-1.13,2.37
2026-02-28T19:10:00.000,3.32,151.43,-2.91,1.59
2026-02-28T19:20:00.000,1.72,182.65,-1.72,-0.08
2026-02-28T19:30:00.000,1.39,88.67,0.03,1.39
2026-02-28T19:40:00.000,0.48,176.26,-0.48,0.03
2026-02-28T19:50:00.000,2.35,141.65,-1.84,1.46
2026-02-28T20:00:00.000,3.62,200.33,-3.4,-1.26
2026-02-28T20:10:00.000,1.38,140.93,-1.07,0.87
2026-02-28T20:20:00.000,1.42,78.41,0.29,1.39
2026-02-28T20:30:00.000,0.38,6.8,0.37,0.04
2026-02-28T20:40:00.000,2.18,72.52,0.65,2.08
2026-02-28T20:50:00.000,0.9,219.31,-0.7,-0.57
2026-02-28T21:00:00.000,2.89,139.94,-2.21,1.86
2026-02-28T21:10:00.000,1.46,185.89,-1.45,-0.15
2026-02-28T21:20:00.000,4.61,126.79,-2.76,3.69
2026-02-28T21:30:00.000,3.18,148.59,-2.72,1.66
2026-02-28T21:40:00.000,3.9,199.11,-3.69,-1.28
2026-02-28T21:50:00.000,3.48,207.78,-3.08,-1.62
2026-02-28T22:00:00.000,0.47,221.37,-0.36,-0.31
2026-02-28T22:10:00.000,2.23,162.11,-2.12,0.69
2026-02-28T22:20:00.000,2.01,168.6,-1.97,0.4
2026-02-28T22:30:00.000,1.39,160.48,-1.31,0.46
2026-02-28T22:40:00.000,2.53,121.42,-1.32,2.16
2026-02-28T22:50:00.000,2.34,89.79,0.01,2.34
2026-02-28T23:00:00.000,1.77,187.18,-1.75,-0.22
2026-02-28T23:10:00.000,0.84,124.77,-0.48,0.69
2026-02-28T23:20:00.000,2.66,133.24,-1.82,1.94
2026-02-28T23:30:00.000,3.63,118.43,-1.73,3.2
2026-02-28T23:40:00.000,2.27,115.09,-0.96,2.05
2026-02-28T23:50:00.000,2.38,134.78,-1.68,1.69
2026-03-01T00:00:00.000,2.66,128.45,-1.65,2.08
2026-03-01T00:10:00.000,3.33,132,-2.23,2.48
2026-03-01T00:20:00.000,5.63,128.83,-3.53,4.38
2026-03-01T00:30:00.000,5.91,121.48,-3.09,5.04
2026-03-01T00:40:00.000,3.89,107.67,-1.18,3.7
2026-03-01T00:50:00.000,3.57,128.21,-2.21,2.81
2026-03-01T01:00:00.000,1.5,147.6,-1.26,0.8
2026-03-01T01:10:00.000,1.15,306.3,0.68,-0.92
2026-03-01T01:20:00.000,6.35,197.24,-6.07,-1.88
2026-03-01T01:30:00.000,2.54,161.27,-2.41,0.82
2026-03-01T01:40:00.000,1,231.12,-0.63,-0.78
2026-03-01T01:50:00.000,1.85,214.43,-1.52,-1.04
2026-03-01T02:00:00.000,3.38,206.87,-3.01,-1.53
2026-03-01T02:10:00.000,2.81,182.63,-2.81,-0.13
2026-03-01T02:20:00.000,1.48,255.83,-0.36,-1.43
2026-03-01T02:30:00.000,0.59,210.56,-0.51,-0.3
2026-03-01T02:40:00.000,1.75,78.18,0.36,1.71
2026-03-01T02:50:00.000,4.2,137.78,-3.11,2.82
2026-03-01T03:00:00.000,3.43,154.97,-3.1,1.45
2026-03-01T03:10:00.000,1.91,116.72,-0.86,1.71
2026-03-01T03:20:00.000,3.83,108.73,-1.23,3.63
2026-03-01T03:30:00.000,1.24,179.81,-1.24,0
2026-03-01T03:40:00.000,2.53,146.91,-2.12,1.38
2026-03-01T03:50:00.000,2.99,155.37,-2.71,1.24
2026-03-01T04:00:00.000,1.56,160.98,-1.48,0.51
2026-03-01T04:10:00.000,4.86,93.37,-0.29,4.85
2026-03-01T04:20:00.000,4.7,106.08,-1.3,4.52
2026-03-01T04:30:00.000,5.04,95.45,-0.48,5.02
2026-03-01T04:40:00.000,1.31,133.91,-0.91,0.94
2026-03-01T04:50:00.000,2.79,134.24,-1.94,2
2026-03-01T05:00:00.000,4.13,120.71,-2.11,3.55
2026-03-01T05:10:00.000,2.21,145.39,-1.82,1.25
2026-03-01T05:20:00.000,3.54,204.51,-3.22,-1.47
2026-03-01T05:30:00.000,3,169.29,-2.95,0.56
2026-03-01T05:40:00.000,1.97,148.12,-1.67,1.04
2026-03-01T05:50:00.000,3.2,120.79,-1.64,2.75
2026-03-01T06:00:00.000,2.42,112.66,-0.93,2.23
2026-03-01T06:10:00.000,5.44,129.02,-3.42,4.22
2026-03-01T06:20:00.000,3.87,30.01,3.35,1.93
2026-03-01T06:30:00.000,2.68,89.69,0.01,2.68
2026-03-01T06:40:00.000,0.62,158.76,-0.58,0.22
2026-03-01T06:50:00.000,6.19,27.91,5.47,2.9
2026-03-01T07:00:00.000,5.35,66.52,2.13,4.91
2026-03-01T07:10:00.000,1.68,40.82,1.27,1.1
2026-03-01T07:20:00.000,0.87,34.96,0.71,0.5
2026-03-01T07:30:00.000,1.38,108.16,-0.43,1.31
2026-03-01T07:40:00.000,2.86,134.75,-2.01,2.03
2026-03-01T07:50:00.000,3.09,58.23,1.63,2.63
2026-03-01T08:00:00.000,0.81,256.79,-0.19,-0.79
2026-03-01T08:10:00.000,0.3,357.76,0.3,-0.01
2026-03-01T08:20:00.000,2.96,136.39,-2.14,2.04
2026-03-01T08:30:00.000,2.04,125.55,-1.19,1.66
2026-03-01T08:40:00.000,2.61,101.6,-0.53,2.56
2026-03-01T08:50:00.000,2.24,110.52,-0.79,2.1
2026-03-01T09:00:00.000,2.02,41.19,1.52,1.33
2026-03-01T09:10:00.000,1.54,151.69,-1.36,0.73
2026-03-01T09:20:00.000,4.23,97.41,-0.55,4.2
2026-03-01T09:30:00.000,0.72,217.27,-0.58,-0.44
2026-03-01T09:40:00.000,3.69,146.19,-3.07,2.05
2026-03-01T09:50:00.000,2.95,206.02,-2.65,-1.29
2026-03-01T10:00:00.000,7.14,152.98,-6.36,3.24
2026-03-01T10:10:00.000,3.88,175.09,-3.86,0.33
2026-03-01T10:20:00.000,8.5,153.6,-7.62,3.78
2026-03-01T10:30:00.000,7.86,157.78,-7.28,2.97
2026-03-01T10:40:00.000,2.83,136.52,-2.05,1.94
2026-03-01T10:50:00.000,7.95,207.4,-7.06,-3.66
2026-03-01T11:00:00.000,7.41,185.34,-7.38,-0.69
2026-03-01T11:10:00.000,8.82,187.59,-8.74,-1.17
2026-03-01T11:20:00.000,3.86,208.63,-3.39,-1.85
2026-03-01T11:30:00.000,17.38,214.54,-14.32,-9.85
2026-03-01T11:40:00.000,4.28,231.36,-2.67,-3.34
2026-03-01T11:50:00.000,7.03,165.69,-6.81,1.74
2026-03-01T12:00:00.000,8.88,184.58,-8.85,-0.71
2026-03-01T12:10:00.000,9.81,172.31,-9.73,1.31
2026-03-01T12:20:00.000,11.44,197.43,-10.91,-3.42
2026-03-01T12:30:00.000,10.69,188.59,-10.57,-1.6
2026-03-01T12:40:00.000,2.9,120.01,-1.45,2.51
2026-03-01T12:50:00.000,4.7,166.81,-4.58,1.07
2026-03-01T13:00:00.000,14.42,176.29,-14.39,0.93
2026-03-01T13:10:00.000,3.47,190.01,-3.41,-0.6
2026-03-01T13:20:00.000,7.7,204.26,-7.02,-3.17
2026-03-01T13:30:00.000,4.14,185.13,-4.12,-0.37
2026-03-01T13:40:00.000,5.25,226.34,-3.62,-3.8
2026-03-01T13:50:00.000,5.78,192.92,-5.63,-1.29
2026-03-01T14:00:00.000,1.42,249.55,-0.5,-1.33
2026-03-01T14:10:00.000,2.24,135.92,-1.61,1.56
2026-03-01T14:20:00.000,2.79,141.2,-2.17,1.75
2026-03-01T14:30:00.000,3.71,171.23,-3.66,0.57
2026-03-01T14:40:00.000,2.55,156.22,-2.34,1.03
2026-03-01T14:50:00.000,5.27,170.7,-5.2,0.85
2026-03-01T15:00:00.000,4,157.37,-3.69,1.54
2026-03-01T15:10:00.000,5.83,196.64,-5.59,-1.67
2026-03-01T15:20:00.000,4.76,198.17,-4.52,-1.48
2026-03-01T15:30:00.000,0.85,160.74,-0.8,0.28
2026-03-01T15:40:00.000,4.73,110.27,-1.64,4.43
2026-03-01T15:50:00.000,2.77,169.49,-2.73,0.51
2026-03-01T16:00:00.000,4.53,161.76,-4.3,1.42
2026-03-01T16:10:00.000,1.78,181.74,-1.78,-0.05
2026-03-01T16:20:00.000,4.06,92.27,-0.16,4.06
2026-03-01T16:30:00.000,2.77,209.88,-2.4,-1.38
2026-03-01T16:40:00.000,4.02,151.67,-3.54,1.91
2026-03-01T16:50:00.000,0.66,141.19,-0.51,0.41
2026-03-01T17:00:00.000,0.55,118.65,-0.27,0.49
2026-03-01T17:10:00.000,4.87,222.72,-3.58,-3.3
2026-03-01T17:20:00.000,0.97,135.94,-0.69,0.67
2026-03-01T17:30:00.000,2.44,153.39,-2.18,1.09
2026-03-01T17:40:00.000,5.75,115.18,-2.45,5.2
2026-03-01T17:50:00.000,2.53,182.67,-2.53,-0.12
2026-03-01T18:00:00.000,1.3,181.19,-1.3,-0.03
2026-03-01T18:10:00.000,2.89,156.64,-2.65,1.15
2026-03-01T18:20:00.000,3.33,240.81,-1.62,-2.9
2026-03-01T18:30:00.000,3.25,196.19,-3.12,-0.91
2026-03-01T18:40:00.000,2.22,103.98,-0.54,2.15
2026-03-01T18:50:00.000,1.19,142.29,-0.94,0.73
2026-03-01T19:00:00.000,3.78,125.6,-2.2,3.07
2026-03-01T19:10:00.000,2.74,120.3,-1.38,2.37
2026-03-01T19:20:00.000,2.33,141.53,-1.82,1.45
2026-03-01T19:30:00.000,2.89,82.35,0.38,2.86
2026-03-01T19:40:00.000,1.1,2.13,1.1,0.04
2026-03-01T19:50:00.000,0.37,231.33,-0.23,-0.29
2026-03-01T20:00:00.000,0.83,194.25,-0.8,-0.2
2026-03-01T20:10:00.000,1.13,205.26,-1.02,-0.48
2026-03-01T20:20:00.000,0.85,213.22,-0.71,-0.47
2026-03-01T20:30:00.000,0.74,205.67,-0.67,-0.32
2026-03-01T20:40:00.000,0.81,254.9,-0.21,-0.78
2026-03-01T20:50:00.000,0.5,219.07,-0.39,-0.32
2026-03-01T21:00:00.000,0.46,208.66,-0.4,-0.22
2026-03-01T21:10:00.000,2.92,115.25,-1.25,2.65
2026-03-01T21:20:00.000,1.74,170.26,-1.71,0.29
2026-03-01T21:30:00.000,2.01,198.66,-1.91,-0.64
2026-03-01T21:40:00.000,1.12,162.29,-1.06,0.34
2026-03-01T21:50:00.000,0.52,135.59,-0.37,0.36
2026-03-01T22:00:00.000,1.65,101.96,-0.34,1.61
2026-03-01T22:10:00.000,1.37,125.41,-0.79,1.11
2026-03-01T22:20:00.000,0.39,181.51,-0.39,-0.01
2026-03-01T22:30:00.000,1.43,130.19,-0.92,1.09
2026-03-01T22:40:00.000,4.2,151.04,-3.67,2.03
2026-03-01T22:50:00.000,3.24,187.26,-3.21,-0.41
2026-03-01T23:00:00.000,7.38,91.65,-0.21,7.38
2026-03-01T23:10:00.000,2.9,116.63,-1.3,2.59
2026-03-01T23:20:00.000,3.22,113.04,-1.26,2.96
2026-03-01T23:30:00.000,2.27,223.07,-1.66,-1.55
2026-03-01T23:40:00.000,0.87,187.56,-0.86,-0.11
2026-03-01T23:50:00.000,0.34,166.11,-0.33,0.08
2026-03-02T00:00:00.000,2.16,185.38,-2.15,-0.2
2026-03-02T00:10:00.000,0.49,161.41,-0.46,0.16
2026-03-02T00:20:00.000,3.26,99.6,-0.54,3.21
2026-03-02T00:30:00.000,0.51,207.89,-0.45,-0.24
2026-03-02T00:40:00.000,3.38,157.66,-3.13,1.29
2026-03-02T00:50:00.000,2.44,129.9,-1.57,1.87
2026-03-02T01:00:00.000,0.72,180.85,-0.72,-0.01
2026-03-02T01:10:00.000,2.84,140.46,-2.19,1.81
2026-03-02T01:20:00.000,3.31,205.83,-2.98,-1.44
2026-03-02T01:30:00.000,0.77,235.79,-0.44,-0.64
2026-03-02T01:40:00.000,2.72,161.4,-2.58,0.87
2026-03-02T01:50:00.000,3.5,113.2,-1.38,3.22
2026-03-02T02:00:00.000,1.36,176.71,-1.36,0.08
2026-03-02T02:10:00.000,1.6,190.83,-1.57,-0.3
2026-03-02T02:20:00.000,2.19,229.86,-1.41,-1.67
2026-03-02T02:30:00.000,3.85,135.85,-2.77,2.68
2026-03-02T02:40:00.000,4.47,163.89,-4.3,1.24
2026-03-02T02:50:00.000,3.23,104.78,-0.82,3.12
2026-03-02T03:00:00.000,6.07,124.08,-3.4,5.03
2026-03-02T03:10:00.000,1.61,191.1,-1.58,-0.31
2026-03-02T03:20:00.000,3.28,168.95,-3.22,0.63
2026-03-02T03:30:00.000,1,142.95,-0.8,0.61
2026-03-02T03:40:00.000,0.69,184.77,-0.69,-0.06
2026-03-02T03:50:00.000,0.6,185.27,-0.6,-0.06
2026-03-02T04:00:00.000,2.26,64.01,0.99,2.03
2026-03-02T04:10:00.000,2.4,74.26,0.65,2.31
2026-03-02T04:20:00.000,0.59,194.37,-0.57,-0.15
2026-03-02T04:30:00.000,1.42,94.73,-0.12,1.41
2026-03-02T04:40:00.000,2.3,134.83,-1.62,1.63
2026-03-02T04:50:00.000,0.8,150.95,-0.7,0.39
2026-03-02T05:00:00.000,3.08,129.26,-1.95,2.38
2026-03-02T05:10:00.000,2.83,126.16,-1.67,2.28
2026-03-02T05:20:00.000,3.39,97.27,-0.43,3.36
2026-03-02T05:30:00.000,3.01,175.15,-3,0.25
2026-03-02T05:40:00.000,5.33,169.14,-5.24,1
2026-03-02T05:50:00.000,3.44,110.97,-1.23,3.22
2026-03-02T06:00:00.000,2.53,108.49,-0.8,2.4
2026-03-02T06:10:00.000,3.27,158.03,-3.03,1.22
2026-03-02T06:20:00.000,1.65,202.16,-1.53,-0.62
2026-03-02T06:30:00.000,2.74,188.13,-2.71,-0.39
2026-03-02T06:40:00.000,1.56,125.4,-0.91,1.27
2026-03-02T06:50:00.000,0.38,213.32,-0.32,-0.21
2026-03-02T07:00:00.000,3.97,71.9,1.23,3.77
2026-03-02T07:10:00.000,0.4,185.87,-0.39,-0.04
2026-03-02T07:20:00.000,0.54,163.75,-0.52,0.15
2026-03-02T07:30:00.000,1.69,111.26,-0.61,1.57
2026-03-02T07:40:00.000,0.71,151.5,-0.62,0.34
2026-03-02T07:50:00.000,3.04,133.26,-2.08,2.21
2026-03-02T08:00:00.000,2.03,245.68,-0.83,-1.85
2026-03-02T08:10:00.000,12.67,198.51,-12.02,-4.02
2026-03-02T08:20:00.000,8.14,187.57,-8.07,-1.07
2026-03-02T08:30:00.000,4.45,194.64,-4.31,-1.13
2026-03-02T08:40:00.000,1.34,209,-1.17,-0.65
2026-03-02T08:50:00.000,2.36,111.48,-0.86,2.19
2026-03-02T09:00:00.000,5.86,199.55,-5.52,-1.96
2026-03-02T09:10:00.000,3.71,191.56,-3.63,-0.74
2026-03-02T09:20:00.000,2.6,117.07,-1.18,2.31
2026-03-02T09:30:00.000,7.6,169.04,-7.46,1.45
2026-03-02T09:40:00.000,14.02,176.77,-14,0.79
2026-03-02T09:50:00.000,8.08,198.62,-7.65,-2.58
2026-03-02T10:00:00.000,30.48,210.95,-26.14,-15.68
2026-03-02T10:10:00.000,6.08,247.78,-2.3,-5.63
2026-03-02T10:20:00.000,27.9,206.61,-24.94,-12.5
2026-03-02T10:30:00.000,11.23,205.42,-10.14,-4.82
2026-03-02T10:40:00.000,16.18,230.59,-10.27,-12.5
2026-03-02T10:50:00.000,10.38,191.3,-10.18,-2.04
2026-03-02T11:00:00.000,33.87,221.39,-25.41,-22.4
2026-03-02T11:10:00.000,14.26,232.27,-8.73,-11.28
2026-03-02T11:20:00.000,38.65,201.85,-35.87,-14.38
2026-03-02T11:30:00.000,6.61,164.72,-6.38,1.74
2026-03-02T11:40:00.000,12.92,202.18,-11.96,-4.88
2026-03-02T11:50:00.000,10.55,178.61,-10.54,0.26
2026-03-02T12:00:00.000,9.81,203.79,-8.98,-3.96
2026-03-02T12:10:00.000,6.39,216.14,-5.16,-3.77
2026-03-02T12:20:00.000,13,187.47,-12.89,-1.69
2026-03-02T12:30:00.000,16.79,202.46,-15.51,-6.41
2026-03-02T12:40:00.000,15.86,203.66,-14.52,-6.36
2026-03-02T12:50:00.000,12.61,217.72,-9.97,-7.71
2026-03-02T13:00:00.000,14.45,205.09,-13.09,-6.13
2026-03-02T13:10:00.000,6.21,181.87,-6.2,-0.2
2026-03-02T13:20:00.000,15.63,215.04,-12.79,-8.97
2026-03-02T13:30:00.000,13.16,212.12,-11.14,-6.99
2026-03-02T13:40:00.000,3.55,188.25,-3.52,-0.51
2026-03-02T13:50:00.000,3.13,19.84,2.95,1.06
2026-03-02T14:00:00.000,3.32,211.19,-2.84,-1.72
2026-03-02T14:10:00.000,9.33,206.9,-8.32,-4.22
2026-03-02T14:20:00.000,3.92,218.44,-3.07,-2.44
2026-03-02T14:30:00.000,12.4,218.59,-9.69,-7.74
2026-03-02T14:40:00.000,11.43,210.46,-9.86,-5.8
2026-03-02T14:50:00.000,4.1,200.22,-3.85,-1.42
2026-03-02T15:00:00.000,1.98,82.53,0.26,1.96
2026-03-02T15:10:00.000,18.13,233.57,-10.76,-14.58
2026-03-02T15:20:00.000,1.2,96.91,-0.14,1.19
2026-03-02T15:30:00.000,10.73,219.92,-8.23,-6.89
2026-03-02T15:40:00.000,12.02,219.72,-9.24,-7.68
2026-03-02T15:50:00.000,13.4,218.44,-10.5,-8.33
2026-03-02T16:00:00.000,7.25,219.79,-5.57,-4.64
2026-03-02T16:10:00.000,1.4,181.22,-1.4,-0.03
2026-03-02T16:20:00.000,2.5,131.49,-1.66,1.87
2026-03-02T16:30:00.000,3.56,210.74,-3.06,-1.82
2026-03-02T16:40:00.000,1.38,88.27,0.04,1.38
2026-03-02T16:50:00.000,1.16,229.95,-0.75,-0.89
2026-03-02T17:00:00.000,2.58,100.51,-0.47,2.54
2026-03-02T17:10:00.000,1.53,171.34,-1.51,0.23
2026-03-02T17:20:00.000,1.16,203.27,-1.06,-0.46
2026-03-02T17:30:00.000,5.73,201.25,-5.34,-2.08
2026-03-02T17:40:00.000,2.4,176.47,-2.39,0.15
2026-03-02T17:50:00.000,3.3,88.99,0.06,3.3
2026-03-02T18:00:00.000,2.4,130.85,-1.57,1.82
2026-03-02T18:10:00.000,0.92,165.92,-0.89,0.22
2026-03-02T18:20:00.000,3.78,157.82,-3.5,1.43
2026-03-02T18:30:00.000,3.6,134,-2.5,2.59
2026-03-02T18:40:00.000,0.47,183.68,-0.47,-0.03
2026-03-02T18:50:00.000,3.66,133.66,-2.53,2.65
2026-03-02T19:00:00.000,3.13,176.17,-3.13,0.21
2026-03-02T19:10:00.000,1.66,109.96,-0.57,1.56
2026-03-02T19:20:00.000,3.93,111.17,-1.42,3.67
2026-03-02T19:30:00.000,2.75,136.05,-1.98,1.91
2026-03-02T19:40:00.000,1.36,177.39,-1.36,0.06
2026-03-02T19:50:00.000,3.53,120.1,-1.77,3.06
2026-03-02T20:00:00.000,5.76,158.95,-5.38,2.07
2026-03-02T20:10:00.000,3.28,202.39,-3.03,-1.25
2026-03-02T20:20:00.000,2.73,170.93,-2.69,0.43
2026-03-02T20:30:00.000,2.88,102.32,-0.61,2.81
2026-03-02T20:40:00.000,1.69,133.99,-1.17,1.21
2026-03-02T20:50:00.000,0.44,194.48,-0.42,-0.11
2026-03-02T21:00:00.000,0.64,156.12,-0.59,0.26
2026-03-02T21:10:00.000,1.41,124.95,-0.81,1.16
2026-03-02T21:20:00.000,2.66,142.61,-2.11,1.61
2026-03-02T21:30:00.000,1.66,130.26,-1.08,1.27
2026-03-02T21:40:00.000,3.03,115.73,-1.32,2.73
2026-03-02T21:50:00.000,3.94,40.81,2.98,2.58
2026-03-02T22:00:00.000,3.31,56.45,1.83,2.76
2026-03-02T22:10:00.000,1.37,45.22,0.97,0.98
2026-03-02T22:20:00.000,0.39,97.71,-0.05,0.38
2026-03-02T22:30:00.000,0.37,186.99,-0.37,-0.05
2026-03-02T22:40:00.000,0.86,309.95,0.55,-0.66
2026-03-02T22:50:00.000,0.85,248.03,-0.32,-0.79
2026-03-02T23:00:00.000,0.57,234.89,-0.33,-0.47
2026-03-02T23:10:00.000,0.43,216.23,-0.35,-0.25
2026-03-02T23:20:00.000,0.66,224.93,-0.47,-0.47
2026-03-02T23:30:00.000,5.87,113.25,-2.32,5.4
2026-03-02T23:40:00.000,6.05,109.69,-2.04,5.69
2026-03-02T23:50:00.000,3.22,114.3,-1.33,2.94
2026-03-03T00:00:00.000,2.76,152.86,-2.45,1.26
2026-03-03T00:10:00.000,2.39,48.69,1.58,1.79
2026-03-03T00:20:00.000,1.79,68.95,0.64,1.67
2026-03-03T00:30:00.000,1.75,117.21,-0.8,1.56
2026-03-03T00:40:00.000,3.33,98.55,-0.5,3.3
2026-03-03T00:50:00.000,2.65,139.09,-2,1.73
2026-03-03T01:00:00.000,7.91,144.75,-6.46,4.56
2026-03-03T01:10:00.000,0.33,104.2,-0.08,0.32
2026-03-03T01:20:00.000,2.06,151.24,-1.81,0.99
2026-03-03T01:30:00.000,1.61,130.56,-1.05,1.22
2026-03-03T01:40:00.000,2.78,97.5,-0.36,2.75
2026-03-03T01:50:00.000,1.46,118.55,-0.7,1.29
2026-03-03T02:00:00.000,2.3,61.28,1.11,2.02
2026-03-03T02:10:00.000,0.52,110.29,-0.18,0.49
2026-03-03T02:20:00.000,0.34,191.33,-0.34,-0.07
2026-03-03T02:30:00.000,1.4,116.84,-0.63,1.25
2026-03-03T02:40:00.000,2.15,203.17,-1.97,-0.84
2026-03-03T02:50:00.000,5.27,123.98,-2.95,4.37
2026-03-03T03:00:00.000,3.51,114.8,-1.47,3.19
2026-03-03T03:10:00.000,1.24,169,-1.22,0.24
2026-03-03T03:20:00.000,2.73,166.98,-2.66,0.61
2026-03-03T03:30:00.000,2.36,140.29,-1.81,1.51
2026-03-03T03:40:00.000,1.82,87.92,0.07,1.82
2026-03-03T03:50:00.000,2.46,111.06,-0.89,2.3
2026-03-03T04:00:00.000,5.03,103.29,-1.16,4.9
2026-03-03T04:10:00.000,3.08,168.25,-3.02,0.63
2026-03-03T04:20:00.000,3.11,125.55,-1.81,2.53
2026-03-03T04:30:00.000,1.54,134.3,-1.07,1.1
2026-03-03T04:40:00.000,1.98,151.92,-1.75,0.93
2026-03-03T04:50:00.000,1.92,113.24,-0.76,1.76
2026-03-03T05:00:00.000,1.16,98.68,-0.17,1.15
2026-03-03T05:10:00.000,1.47,127.06,-0.88,1.17
2026-03-03T05:20:00.000,3.29,137.73,-2.43,2.21
2026-03-03T05:30:00.000,2.95,112.44,-1.13,2.73
2026-03-03T05:40:00.000,5.37,97.56,-0.71,5.33
2026-03-03T05:50:00.000,4.1,78.59,0.81,4.02
2026-03-03T06:00:00.000,3.34,104.73,-0.85,3.23
2026-03-03T06:10:00.000,2.27,112.25,-0.86,2.1
2026-03-03T06:20:00.000,2.42,57.49,1.3,2.04
2026-03-03T06:30:00.000,0.27,197.39,-0.26,-0.08
2026-03-03T06:40:00.000,6.79,175.99,-6.78,0.48
2026-03-03T06:50:00.000,10.35,172.29,-10.26,1.39
2026-03-03T07:00:00.000,18.71,200.89,-17.48,-6.67
2026-03-03T07:10:00.000,15.38,211.36,-13.13,-8
2026-03-03T07:20:00.000,10.07,181.96,-10.06,-0.35
2026-03-03T07:30:00.000,14.75,185.55,-14.68,-1.43
2026-03-03T07:40:00.000,7.45,160.49,-7.02,2.49
2026-03-03T07:50:00.000,6.34,208.64,-5.57,-3.04
2026-03-03T08:00:00.000,0.74,95.73,-0.07,0.74
2026-03-03T08:10:00.000,8.92,176.28,-8.9,0.58
2026-03-03T08:20:00.000,3.82,172.68,-3.79,0.49
2026-03-03T08:30:00.000,7.25,141.6,-5.69,4.51
2026-03-03T08:40:00.000,5.65,184.21,-5.63,-0.41
2026-03-03T08:50:00.000,2.13,162,-2.03,0.66
2026-03-03T09:00:00.000,5.17,172.82,-5.13,0.65
2026-03-03T09:10:00.000,8.66,226.92,-5.92,-6.33
2026-03-03T09:20:00.000,7.84,195.45,-7.56,-2.09
2026-03-03T09:30:00.000,6.02,163.99,-5.79,1.66
2026-03-03T09:40:00.000,9.57,209.07,-8.37,-4.65
2026-03-03T09:50:00.000,3.54,186.44,-3.52,-0.4
2026-03-03T10:00:00.000,9.54,192.8,-9.31,-2.11
2026-03-03T10:10:00.000,5.4,173.42,-5.37,0.62
2026-03-03T10:20:00.000,3.91,147.75,-3.31,2.09
2026-03-03T10:30:00.000,6.74,220.07,-5.16,-4.34
2026-03-03T10:40:00.000,1.58,211.5,-1.35,-0.83
2026-03-03T10:50:00.000,2.28,122.4,-1.22,1.92
2026-03-03T11:00:00.000,10.11,203.38,-9.28,-4.01
2026-03-03T11:10:00.000,6.29,221.38,-4.72,-4.16
2026-03-03T11:20:00.000,7.63,184.39,-7.61,-0.58
2026-03-03T11:30:00.000,2.99,138.44,-2.24,1.98
2026-03-03T11:40:00.000,2.96,188.66,-2.92,-0.45
2026-03-03T11:50:00.000,4.98,191.3,-4.88,-0.98
2026-03-03T12:00:00.000,4.51,184.96,-4.49,-0.39
2026-03-03T12:10:00.000,4.06,200.55,-3.8,-1.42
2026-03-03T12:20:00.000,7.38,200.9,-6.9,-2.63
2026-03-03T12:30:00.000,1.22,208.78,-1.07,-0.59
2026-03-03T12:40:00.000,4.57,202.99,-4.2,-1.78
2026-03-03T12:50:00.000,2.26,107.45,-0.68,2.15
2026-03-03T13:00:00.000,1.32,128.22,-0.82,1.04
2026-03-03T13:10:00.000,2.17,131.92,-1.45,1.61
2026-03-03T13:20:00.000,2.96,169.46,-2.91,0.54
2026-03-03T13:30:00.000,2.03,217.34,-1.61,-1.23
2026-03-03T13:40:00.000,2.29,194.69,-2.21,-0.58
2026-03-03T13:50:00.000,1.46,139.88,-1.12,0.94
2026-03-03T14:00:00.000,2.5,182.84,-2.49,-0.12
2026-03-03T14:10:00.000,1.62,151.77,-1.42,0.76
2026-03-03T14:20:00.000,0.84,143.04,-0.67,0.5
2026-03-03T14:30:00.000,2.04,180.83,-2.04,-0.03
2026-03-03T14:40:00.000,3.06,152.55,-2.72,1.41
2026-03-03T14:50:00.000,2.19,168.84,-2.14,0.42
2026-03-03T15:00:00.000,5.17,129.62,-3.3,3.98
2026-03-03T15:10:00.000,2.88,100.49,-0.52,2.83
2026-03-03T15:20:00.000,1.33,56.69,0.73,1.11
2026-03-03T15:30:00.000,2.36,98.7,-0.36,2.33
2026-03-03T15:40:00.000,0.47,139.81,-0.36,0.3
2026-03-03T15:50:00.000,1.66,156.19,-1.52,0.67
2026-03-03T16:00:00.000,1.58,197.05,-1.51,-0.46
2026-03-03T16:10:00.000,1.47,168.89,-1.44,0.28
2026-03-03T16:20:00.000,1.82,129.36,-1.16,1.41
2026-03-03T16:30:00.000,0.46,202.63,-0.43,-0.18
2026-03-03T16:40:00.000,0.65,203.4,-0.59,-0.26
2026-03-03T16:50:00.000,1.57,96,-0.16,1.56
2026-03-03T17:00:00.000,1.34,124.4,-0.76,1.11
2026-03-03T17:10:00.000,3.01,72.92,0.88,2.88
2026-03-03T17:20:00.000,0.42,200.92,-0.39,-0.15
2026-03-03T17:30:00.000,2.49,109.91,-0.85,2.34
2026-03-03T17:40:00.000,1.19,130.9,-0.78,0.9
2026-03-03T17:50:00.000,1.26,148.08,-1.07,0.67
2026-03-03T18:00:00.000,1.84,113.66,-0.74,1.69
2026-03-03T18:10:00.000,1.37,164.8,-1.32,0.36
2026-03-03T18:20:00.000,0.73,108.92,-0.24,0.69
2026-03-03T18:30:00.000,2.69,176.05,-2.69,0.19
2026-03-03T18:40:00.000,2.86,120.45,-1.45,2.47
2026-03-03T18:50:00.000,3.1,137.2,-2.28,2.11
2026-03-03T19:00:00.000,0.95,182.93,-0.95,-0.05
2026-03-03T19:10:00.000,1.3,149.29,-1.12,0.67
2026-03-03T19:20:00.000,1.83,150.21,-1.59,0.91
2026-03-03T19:30:00.000,2.37,135.3,-1.68,1.67
2026-03-03T19:40:00.000,4.12,132.95,-2.81,3.02
2026-03-03T19:50:00.000,2.5,124.73,-1.42,2.05
2026-03-03T20:00:00.000,3.45,158.97,-3.22,1.24
2026-03-03T20:10:00.000,2.37,226.31,-1.64,-1.72
2026-03-03T20:20:00.000,7.38,143.89,-5.96,4.35
2026-03-03T20:30:00.000,2.25,105.29,-0.59,2.17
2026-03-03T20:40:00.000,2.69,110.2,-0.93,2.53
2026-03-03T20:50:00.000,1.39,165.84,-1.35,0.34
2026-03-03T21:00:00.000,0.52,193.62,-0.51,-0.12
2026-03-03T21:10:00.000,0.59,188,-0.59,-0.08
2026-03-03T21:20:00.000,0.59,195.19,-0.57,-0.16
2026-03-03T21:30:00.000,2.72,128.59,-1.7,2.13
2026-03-03T21:40:00.000,3.7,129.94,-2.37,2.83
2026-03-03T21:50:00.000,3.01,148.44,-2.56,1.57
2026-03-03T22:00:00.000,3.15,167.53,-3.07,0.68
2026-03-03T22:10:00.000,1.65,118.89,-0.8,1.45
2026-03-03T22:20:00.000,0.84,172.36,-0.83,0.11
2026-03-03T22:30:00.000,1.55,123.41,-0.85,1.29
2026-03-03T22:40:00.000,1.71,179.75,-1.71,0.01
2026-03-03T22:50:00.000,3.93,144.46,-3.2,2.28
2026-03-03T23:00:00.000,1.08,177.96,-1.08,0.04
2026-03-03T23:10:00.000,1.75,167.09,-1.7,0.39
2026-03-03T23:20:00.000,0.97,179.01,-0.97,0.02
2026-03-03T23:30:00.000,3.43,115.82,-1.49,3.09
2026-03-03T23:40:00.000,1.64,54.15,0.96,1.33
2026-03-03T23:50:00.000,2.28,154.6,-2.06,0.98
2026-03-04T00:00:00.000,1.85,187.01,-1.84,-0.23
2026-03-04T00:10:00.000,2.24,121.45,-1.17,1.91
2026-03-04T00:20:00.000,0.17,282.13,0.04,-0.17
2026-03-04T00:30:00.000,3.74,155.03,-3.39,1.58
2026-03-04T00:40:00.000,2.03,163.5,-1.95,0.58
2026-03-04T00:50:00.000,4.96,79.21,0.93,4.87
2026-03-04T01:00:00.000,2.33,128.99,-1.46,1.81
2026-03-04T01:10:00.000,3.23,187.65,-3.2,-0.43
2026-03-04T01:20:00.000,2.45,175.98,-2.44,0.17
2026-03-04T01:30:00.000,0.44,197.29,-0.42,-0.13
2026-03-04T01:40:00.000,5.29,128.39,-3.29,4.15
2026-03-04T01:50:00.000,2.46,96.63,-0.28,2.45
2026-03-04T02:00:00.000,0.79,136.35,-0.57,0.55
2026-03-04T02:10:00.000,4.03,168.83,-3.95,0.78
2026-03-04T02:20:00.000,2.77,182.64,-2.76,-0.13
2026-03-04T02:30:00.000,3.59,106.33,-1.01,3.45
2026-03-04T02:40:00.000,1.32,147.21,-1.11,0.72
2026-03-04T02:50:00.000,2.39,113.06,-0.94,2.2
2026-03-04T03:00:00.000,1.91,147.7,-1.62,1.02
2026-03-04T03:10:00.000,3.01,109.7,-1.01,2.83
2026-03-04T03:20:00.000,1.65,164.59,-1.59,0.44
2026-03-04T03:30:00.000,1.68,121.25,-0.87,1.44
2026-03-04T03:40:00.000,2.11,106.12,-0.59,2.02
2026-03-04T03:50:00.000,3.28,124.12,-1.84,2.72
2026-03-04T04:00:00.000,4.4,162.49,-4.2,1.33
2026-03-04T04:10:00.000,3.55,121,-1.83,3.04
2026-03-04T04:20:00.000,2.65,162.07,-2.52,0.81
2026-03-04T04:30:00.000,0.9,158.42,-0.83,0.33
2026-03-04T04:40:00.000,3.68,144.15,-2.98,2.15
2026-03-04T04:50:00.000,4.38,185.01,-4.36,-0.38
2026-03-04T05:00:00.000,0.91,161.75,-0.86,0.28
2026-03-04T05:10:00.000,2.27,135.65,-1.62,1.59
2026-03-04T05:20:00.000,0.53,201.25,-0.49,-0.19
2026-03-04T05:30:00.000,1.71,168.02,-1.68,0.36
2026-03-04T05:40:00.000,3.21,147.9,-2.72,1.71
2026-03-04T05:50:00.000,2.12,114.4,-0.87,1.93
2026-03-04T06:00:00.000,3.09,160.59,-2.92,1.03
2026-03-04T06:10:00.000,6.43,116.51,-2.87,5.75
2026-03-04T06:20:00.000,1.54,233.76,-0.91,-1.24
2026-03-04T06:30:00.000,0.55,213.77,-0.46,-0.31
2026-03-04T06:40:00.000,0.59,208.16,-0.52,-0.28
2026-03-04T06:50:00.000,1.7,218.96,-1.32,-1.07
2026-03-04T07:00:00.000,2.7,101.16,-0.52,2.65
2026-03-04T07:10:00.000,2.28,162.34,-2.17,0.69
2026-03-04T07:20:00.000,3.25,195.93,-3.13,-0.89
2026-03-04T07:30:00.000,1.31,132.67,-0.89,0.96
2026-03-04T07:40:00.000,1.9,141.59,-1.49,1.18
2026-03-04T07:50:00.000,0.84,206.32,-0.75,-0.37
2026-03-04T08:00:00.000,2,77.45,0.43,1.95
2026-03-04T08:10:00.000,3.89,132.96,-2.65,2.84
2026-03-04T08:20:00.000,3.65,85.01,0.32,3.63
2026-03-04T08:30:00.000,6.86,111.96,-2.57,6.37
2026-03-04T08:40:00.000,1.39,332.38,1.23,-0.65
2026-03-04T08:50:00.000,3.55,140.45,-2.73,2.26
2026-03-04T09:00:00.000,9.68,249.1,-3.45,-9.04
2026-03-04T09:10:00.000,9.39,111.62,-3.46,8.73
2026-03-04T09:20:00.000,14.77,175.09,-14.72,1.27
2026-03-04T09:30:00.000,11.32,180.78,-11.31,-0.15
2026-03-04T09:40:00.000,6.68,153.48,-5.98,2.98
2026-03-04T09:50:00.000,13.08,149.78,-11.31,6.59
2026-03-04T10:00:00.000,4.89,187,-4.85,-0.6
2026-03-04T10:10:00.000,14.14,185.17,-14.08,-1.27
2026-03-04T10:20:00.000,2.29,199.4,-2.16,-0.76
2026-03-04T10:30:00.000,2.78,108.09,-0.86,2.64
2026-03-04T10:40:00.000,1.23,317.18,0.91,-0.84
2026-03-04T10:50:00.000,6.49,271.53,0.17,-6.48
2026-03-04T11:00:00.000,3.03,110.68,-1.07,2.84
2026-03-04T11:10:00.000,4.45,184.09,-4.44,-0.32
2026-03-04T11:20:00.000,2.98,172.64,-2.95,0.38
2026-03-04T11:30:00.000,3.64,169.62,-3.58,0.66
2026-03-04T11:40:00.000,3.83,161.7,-3.63,1.2
2026-03-04T11:50:00.000,4.13,113.83,-1.67,3.78
2026-03-04T12:00:00.000,2.92,171.65,-2.89,0.42
2026-03-04T12:10:00.000,5.23,118.07,-2.46,4.61
2026-03-04T12:20:00.000,3.34,117.76,-1.56,2.96
2026-03-04T12:30:00.000,3.77,92.11,-0.14,3.77
2026-03-04T12:40:00.000,7.91,142.53,-6.28,4.81
2026-03-04T12:50:00.000,3.9,137.91,-2.89,2.61
2026-03-04T13:00:00.000,2.9,112.98,-1.13,2.67
2026-03-04T13:10:00.000,0.7,114.22,-0.29,0.64
2026-03-04T13:20:00.000,0.76,69.01,0.27,0.71
2026-03-04T13:30:00.000,1.05,187.95,-1.04,-0.14
2026-03-04T13:40:00.000,0.87,81.63,0.13,0.86
2026-03-04T13:50:00.000,1.48,133.77,-1.02,1.07
2026-03-04T14:00:00.000,1.52,142.62,-1.21,0.93
2026-03-04T14:10:00.000,0.98,139.26,-0.74,0.64
2026-03-04T14:20:00.000,3.9,126.02,-2.3,3.16
2026-03-04T14:30:00.000,3.26,129.68,-2.08,2.51
2026-03-04T14:40:00.000,1.66,130.19,-1.07,1.27
2026-03-04T14:50:00.000,3.74,121.76,-1.97,3.18
2026-03-04T15:00:00.000,2.89,118.08,-1.36,2.55
2026-03-04T15:10:00.000,2.31,112.73,-0.89,2.13
2026-03-04T15:20:00.000,4.77,144.24,-3.87,2.79
2026-03-04T15:30:00.000,4.99,104.22,-1.23,4.83
2026-03-04T15:40:00.000,3.62,124.03,-2.02,3
2026-03-04T15:50:00.000,4.51,130.06,-2.9,3.45
2026-03-04T16:00:00.000,5.72,142.21,-4.52,3.5
2026-03-04T16:10:00.000,4.61,156.78,-4.23,1.82
2026-03-04T16:20:00.000,3.54,171.25,-3.5,0.54
2026-03-04T16:30:00.000,3.3,170.22,-3.25,0.56
2026-03-04T16:40:00.000,3.26,156.01,-2.98,1.33
2026-03-04T16:50:00.000,1.49,124.12,-0.84,1.24
2026-03-04T17:00:00.000,3.33,141.52,-2.61,2.07
2026-03-04T17:10:00.000,3.94,136.35,-2.85,2.72
2026-03-04T17:20:00.000,0.27,195.07,-0.26,-0.07
2026-03-04T17:30:00.000,2.3,190.18,-2.27,-0.41
2026-03-04T17:40:00.000,0.34,180.04,-0.34,0
2026-03-04T17:50:00.000,2.27,132.54,-1.53,1.67
2026-03-04T18:00:00.000,0.83,199.84,-0.78,-0.28
2026-03-04T18:10:00.000,0.37,187.71,-0.37,-0.05
2026-03-04T18:20:00.000,0.6,206.13,-0.54,-0.26
2026-03-04T18:30:00.000,0.87,205.11,-0.79,-0.37
2026-03-04T18:40:00.000,3.9,88.42,0.11,3.9
2026-03-04T18:50:00.000,1.75,87.16,0.09,1.75
2026-03-04T19:00:00.000,0.32,67.45,0.12,0.3
2026-03-04T19:10:00.000,0.4,190.11,-0.4,-0.07
2026-03-04T19:20:00.000,1.8,113.06,-0.71,1.66
2026-03-04T19:30:00.000,2.35,107.63,-0.71,2.24
2026-03-04T19:40:00.000,0.35,205.15,-0.32,-0.15
2026-03-04T19:50:00.000,0.5,167.42,-0.49,0.11
2026-03-04T20:00:00.000,2.23,84.58,0.21,2.22
2026-03-04T20:10:00.000,1.82,203.77,-1.66,-0.73
2026-03-04T20:20:00.000,0.96,213.87,-0.8,-0.54
2026-03-04T20:30:00.000,0.56,228.5,-0.37,-0.42
2026-03-04T20:40:00.000,0.53,178.95,-0.53,0.01
2026-03-04T20:50:00.000,1.9,155.74,-1.73,0.78
2026-03-04T21:00:00.000,2.45,139.75,-1.87,1.58
2026-03-04T21:10:00.000,0.66,181.43,-0.66,-0.02
2026-03-04T21:20:00.000,0.79,102.36,-0.17,0.77
2026-03-04T21:30:00.000,1.62,194.52,-1.56,-0.41
2026-03-04T21:40:00.000,0.8,177.89,-0.8,0.03
2026-03-04T21:50:00.000,1.54,180.56,-1.54,-0.02
2026-03-04T22:00:00.000,2.63,159.06,-2.45,0.94
2026-03-04T22:10:00.000,1.94,157.55,-1.79,0.74
2026-03-04T22:20:00.000,1.12,182.47,-1.12,-0.05
2026-03-04T22:30:00.000,1.93,160.16,-1.81,0.65
2026-03-04T22:40:00.000,1.6,149.05,-1.37,0.82
2026-03-04T22:50:00.000,0.71,173.61,-0.71,0.08
2026-03-04T23:00:00.000,1.49,123.6,-0.82,1.24
2026-03-04T23:10:00.000,0.63,178.9,-0.63,0.01
2026-03-04T23:20:00.000,2.34,106.32,-0.66,2.24
2026-03-04T23:30:00.000,1.56,100.6,-0.29,1.53
2026-03-04T23:40:00.000,1.44,25.8,1.29,0.62
2026-03-04T23:50:00.000,1.19,80.12,0.2,1.18
2026-03-05T00:00:00.000,3.92,80.04,0.68,3.86
2026-03-05T00:10:00.000,1.24,90.9,-0.02,1.24
2026-03-05T00:20:00.000,2.35,199.08,-2.22,-0.77
2026-03-05T00:30:00.000,1.75,161.21,-1.65,0.56
2026-03-05T00:40:00.000,1.61,138.43,-1.2,1.07
2026-03-05T00:50:00.000,2.28,222.23,-1.69,-1.53
2026-03-05T01:00:00.000,1.31,116.09,-0.58,1.18
2026-03-05T01:10:00.000,0.26,144.42,-0.21,0.15
2026-03-05T01:20:00.000,2.46,124.41,-1.39,2.03
2026-03-05T01:30:00.000,0.39,223.28,-0.28,-0.26
2026-03-05T01:40:00.000,1.16,81.92,0.16,1.15
2026-03-05T01:50:00.000,3.03,149.82,-2.62,1.53
2026-03-05T02:00:00.000,0.52,24.45,0.47,0.22
2026-03-05T02:10:00.000,1.95,91.6,-0.05,1.95
2026-03-05T02:20:00.000,1.26,154.29,-1.13,0.55
2026-03-05T02:30:00.000,0.77,142.95,-0.62,0.47
2026-03-05T02:40:00.000,0.21,204.8,-0.19,-0.09
2026-03-05T02:50:00.000,1.98,127.05,-1.19,1.58
2026-03-05T03:00:00.000,2.47,220.26,-1.89,-1.6
2026-03-05T03:10:00.000,0.82,196.61,-0.78,-0.23
2026-03-05T03:20:00.000,3.03,183.08,-3.03,-0.16
2026-03-05T03:30:00.000,4.66,47.8,3.13,3.45
2026-03-05T03:40:00.000,4.29,27.64,3.8,1.99
2026-03-05T03:50:00.000,4.07,37.49,3.23,2.48
2026-03-05T04:00:00.000,0.28,229.08,-0.18,-0.21
2026-03-05T04:10:00.000,0.4,244.68,-0.17,-0.36
2026-03-05T04:20:00.000,0.18,188.77,-0.17,-0.03
2026-03-05T04:30:00.000,0.06,250.02,-0.02,-0.06
2026-03-05T04:40:00.000,1.06,177.74,-1.06,0.04
2026-03-05T04:50:00.000,4.16,82.76,0.52,4.12
2026-03-05T05:00:00.000,1.9,44.03,1.36,1.32
2026-03-05T05:10:00.000,2.74,7.09,2.72,0.34
2026-03-05T05:20:00.000,2.79,33.7,2.32,1.55
2026-03-05T05:30:00.000,3.24,26.13,2.91,1.43
2026-03-05T05:40:00.000,2.12,110.24,-0.73,1.99
2026-03-05T05:50:00.000,5,35.86,4.05,2.93
2026-03-05T06:00:00.000,0.44,25.34,0.4,0.19
2026-03-05T06:10:00.000,0.49,166.11,-0.47,0.12
2026-03-05T06:20:00.000,1.83,72.32,0.56,1.74
2026-03-05T06:30:00.000,3.38,90.95,-0.06,3.38
2026-03-05T06:40:00.000,1.83,104.85,-0.47,1.77
2026-03-05T06:50:00.000,1.61,43.42,1.17,1.11
2026-03-05T07:00:00.000,0.16,179.04,-0.16,0
2026-03-05T07:10:00.000,1.96,73.05,0.57,1.88
2026-03-05T07:20:00.000,1.86,34.63,1.53,1.06
2026-03-05T07:30:00.000,1.99,39.64,1.53,1.27
2026-03-05T07:40:00.000,0.45,128.52,-0.28,0.36
2026-03-05T07:50:00.000,1.01,191.65,-0.99,-0.2
2026-03-05T08:00:00.000,3.21,118.78,-1.54,2.81
2026-03-05T08:10:00.000,0.99,160.04,-0.93,0.34
2026-03-05T08:20:00.000,0.81,161.82,-0.77,0.25
2026-03-05T08:30:00.000,0.38,130.42,-0.25,0.29
2026-03-05T08:40:00.000,1.86,43.18,1.35,1.27
2026-03-05T08:50:00.000,3,58.5,1.57,2.56
2026-03-05T09:00:00.000,2.29,71.08,0.74,2.17
2026-03-05T09:10:00.000,0.73,134.79,-0.51,0.52
2026-03-05T09:20:00.000,2.22,129.77,-1.42,1.7
2026-03-05T09:30:00.000,2.42,135.02,-1.71,1.71
2026-03-05T09:40:00.000,1.12,141.67,-0.88,0.69
2026-03-05T09:50:00.000,2.42,123.99,-1.35,2
2026-03-05T10:00:00.000,1.66,176.55,-1.66,0.1
2026-03-05T10:10:00.000,1.95,143.6,-1.57,1.16
2026-03-05T10:20:00.000,1.51,184.37,-1.51,-0.12
2026-03-05T10:30:00.000,1.89,180.36,-1.89,-0.01
2026-03-05T10:40:00.000,1.45,166.53,-1.41,0.34
2026-03-05T10:50:00.000,1.14,169.46,-1.12,0.21
2026-03-05T11:00:00.000,0.69,222.66,-0.51,-0.47
2026-03-05T11:10:00.000,3.2,223.77,-2.31,-2.21
2026-03-05T11:20:00.000,3,90.36,-0.02,3
2026-03-05T11:30:00.000,5.22,131.17,-3.44,3.93
2026-03-05T11:40:00.000,9.11,164.77,-8.79,2.39
2026-03-05T11:50:00.000,9.93,209.57,-8.64,-4.9
2026-03-05T12:00:00.000,20.04,209.34,-17.47,-9.82
2026-03-05T12:10:00.000,16.54,215.51,-13.46,-9.61
2026-03-05T12:20:00.000,10.89,207.18,-9.68,-4.97
2026-03-05T12:30:00.000,5.2,180.05,-5.2,0
2026-03-05T12:40:00.000,5.43,215.41,-4.43,-3.15
2026-03-05T12:50:00.000,8.04,242.85,-3.67,-7.15
2026-03-05T13:00:00.000,6.22,184.12,-6.2,-0.45
2026-03-05T13:10:00.000,5.9,154.32,-5.32,2.56
2026-03-05T13:20:00.000,11.3,224.45,-8.06,-7.91
2026-03-05T13:30:00.000,8.02,196.2,-7.7,-2.24
2026-03-05T13:40:00.000,8.26,170.36,-8.15,1.38
2026-03-05T13:50:00.000,6.24,144.83,-5.1,3.59
2026-03-05T14:00:00.000,9.92,183.91,-9.89,-0.68
2026-03-05T14:10:00.000,5.84,200.06,-5.49,-2
2026-03-05T14:20:00.000,5.76,180.44,-5.76,-0.04
2026-03-05T14:30:00.000,2.02,201.8,-1.87,-0.75
2026-03-05T14:40:00.000,2.29,94.01,-0.16,2.28
2026-03-05T14:50:00.000,3.09,203.56,-2.83,-1.23
2026-03-05T15:00:00.000,8.76,208.74,-7.68,-4.21
2026-03-05T15:10:00.000,4.57,173.61,-4.54,0.51
2026-03-05T15:20:00.000,2.9,154.2,-2.61,1.26
2026-03-05T15:30:00.000,7.17,141.78,-5.64,4.44
2026-03-05T15:40:00.000,3.24,194.25,-3.14,-0.8
2026-03-05T15:50:00.000,4.09,171.61,-4.05,0.6
2026-03-05T16:00:00.000,2.63,85.82,0.19,2.63
2026-03-05T16:10:00.000,2.19,180.79,-2.19,-0.03
2026-03-05T16:20:00.000,3.04,140.31,-2.34,1.94
2026-03-05T16:30:00.000,5.23,179.8,-5.23,0.02
2026-03-05T16:40:00.000,1.95,185.14,-1.94,-0.17
2026-03-05T16:50:00.000,6.57,172.17,-6.51,0.9
2026-03-05T17:00:00.000,4.5,150.05,-3.9,2.25
2026-03-05T17:10:00.000,2.95,127.17,-1.78,2.35
2026-03-05T17:20:00.000,1.46,194.81,-1.41,-0.37
2026-03-05T17:30:00.000,2.94,130.46,-1.91,2.24
2026-03-05T17:40:00.000,2.59,108.46,-0.82,2.45
2026-03-05T17:50:00.000,3.76,151.08,-3.29,1.82
2026-03-05T18:00:00.000,7.49,159.21,-7,2.66
2026-03-05T18:10:00.000,7.49,137.55,-5.52,5.05
2026-03-05T18:20:00.000,3.16,129.41,-2,2.44
2026-03-05T18:30:00.000,4.69,113.16,-1.85,4.31
2026-03-05T18:40:00.000,2.59,168.48,-2.54,0.52
2026-03-05T18:50:00.000,1.68,128.22,-1.04,1.32
2026-03-05T19:00:00.000,1.57,147.66,-1.33,0.84
2026-03-05T19:10:00.000,5.36,125.55,-3.12,4.36
2026-03-05T19:20:00.000,2.47,167.26,-2.41,0.54
2026-03-05T19:30:00.000,3.76,147.89,-3.19,2
2026-03-05T19:40:00.000,1.14,155.01,-1.03,0.48
2026-03-05T19:50:00.000,2.87,154.05,-2.58,1.26
2026-03-05T20:00:00.000,2.72,141.47,-2.13,1.7
2026-03-05T20:10:00.000,1.8,160.62,-1.7,0.6
2026-03-05T20:20:00.000,3.57,218.42,-2.8,-2.22
2026-03-05T20:30:00.000,2.47,149.82,-2.14,1.24
2026-03-05T20:40:00.000,2.56,137.98,-1.9,1.72
2026-03-05T20:50:00.000,1.3,143.51,-1.05,0.78
2026-03-05T21:00:00.000,1.85,117.71,-0.86,1.64
2026-03-05T21:10:00.000,1.06,93.66,-0.07,1.06
2026-03-05T21:20:00.000,1.93,108.01,-0.6,1.83
2026-03-05T21:30:00.000,1.33,113.16,-0.52,1.22
2026-03-05T21:40:00.000,0.45,114.85,-0.19,0.41
2026-03-05T21:50:00.000,0.91,190.75,-0.89,-0.17
2026-03-05T22:00:00.000,0.53,177.89,-0.53,0.02
2026-03-05T22:10:00.000,0.58,140.83,-0.45,0.37
2026-03-05T22:20:00.000,2.82,137.69,-2.08,1.9
2026-03-05T22:30:00.000,2.19,162.02,-2.08,0.68
2026-03-05T22:40:00.000,2.91,90.42,-0.02,2.91
2026-03-05T22:50:00.000,1.79,349.47,1.76,-0.33
2026-03-05T23:00:00.000,0.79,289.16,0.26,-0.75
2026-03-05T23:10:00.000,0.68,268.26,-0.02,-0.68
2026-03-05T23:20:00.000,0.15,162.74,-0.14,0.04
2026-03-05T23:30:00.000,2.58,149.66,-2.23,1.3
2026-03-05T23:40:00.000,3.14,40.64,2.38,2.05
2026-03-05T23:50:00.000,0.22,70.79,0.07,0.21
2026-03-06T00:00:00.000,0.25,68.06,0.09,0.23
2026-03-06T00:10:00.000,1.21,26.86,1.08,0.55
2026-03-06T00:20:00.000,0.39,295.34,0.17,-0.35
2026-03-06T00:30:00.000,0.24,306.37,0.14,-0.19
2026-03-06T00:40:00.000,2.58,224.48,-1.84,-1.81
2026-03-06T00:50:00.000,1.26,160.38,-1.19,0.42
2026-03-06T01:00:00.000,0.37,185.41,-0.36,-0.03
2026-03-06T01:10:00.000,1.44,91.5,-0.04,1.44
2026-03-06T01:20:00.000,2.15,132.58,-1.46,1.59
2026-03-06T01:30:00.000,2.72,136.23,-1.96,1.88
2026-03-06T01:40:00.000,4.55,116.14,-2,4.08
2026-03-06T01:50:00.000,3.69,142.78,-2.94,2.23
2026-03-06T02:00:00.000,3.59,153,-3.2,1.63
2026-03-06T02:10:00.000,2.48,155.37,-2.25,1.03
2026-03-06T02:20:00.000,3.25,122.28,-1.73,2.75
2026-03-06T02:30:00.000,2.9,121.49,-1.51,2.47
2026-03-06T02:40:00.000,4.57,154.01,-4.11,2
2026-03-06T02:50:00.000,2.06,144.53,-1.68,1.2
2026-03-06T03:00:00.000,4.27,101.29,-0.84,4.19
2026-03-06T03:10:00.000,9.58,103.6,-2.25,9.31
2026-03-06T03:20:00.000,10.52,221.06,-7.93,-6.91
2026-03-06T03:30:00.000,8.09,202.74,-7.46,-3.13
2026-03-06T03:40:00.000,6.07,188.39,-6.01,-0.89
2026-03-06T03:50:00.000,8.79,206.83,-7.84,-3.97
2026-03-06T04:00:00.000,4.64,186.11,-4.61,-0.49
2026-03-06T04:10:00.000,5.63,195.27,-5.43,-1.48
2026-03-06T04:20:00.000,17.24,213.05,-14.45,-9.4
2026-03-06T04:30:00.000,11.39,205.16,-10.31,-4.84
2026-03-06T04:40:00.000,7.13,175.81,-7.11,0.52
2026-03-06T04:50:00.000,5.4,166.28,-5.25,1.28
2026-03-06T05:00:00.000,10.53,173.26,-10.45,1.23
2026-03-06T05:10:00.000,10.03,212.09,-8.5,-5.33
2026-03-06T05:20:00.000,11.06,183.4,-11.04,-0.66
2026-03-06T05:30:00.000,9,201,-8.4,-3.22
2026-03-06T05:40:00.000,14.47,219.97,-11.09,-9.29
2026-03-06T05:50:00.000,17.3,207.54,-15.34,-8
2026-03-06T06:00:00.000,11.78,205.12,-10.66,-5
2026-03-06T06:10:00.000,3.22,124.58,-1.83,2.65
2026-03-06T06:20:00.000,3.69,161.55,-3.5,1.17
2026-03-06T06:30:00.000,10.87,223.75,-7.85,-7.52
2026-03-06T06:40:00.000,5.44,157.34,-5.02,2.1
2026-03-06T06:50:00.000,7.63,189.97,-7.52,-1.32
2026-03-06T07:00:00.000,8.88,192.45,-8.67,-1.91
2026-03-06T07:10:00.000,7.13,185.44,-7.1,-0.68
2026-03-06T07:20:00.000,7.99,209.53,-6.95,-3.94
2026-03-06T07:30:00.000,14.67,203.64,-13.44,-5.88
2026-03-06T07:40:00.000,11.82,202.93,-10.88,-4.6
2026-03-06T07:50:00.000,13.46,226.8,-9.21,-9.81
2026-03-06T08:00:00.000,27.5,208.39,-24.19,-13.07
2026-03-06T08:10:00.000,4.18,220.24,-3.19,-2.7
2026-03-06T08:20:00.000,2.41,204.57,-2.19,-1
2026-03-06T08:30:00.000,10.03,218.84,-7.81,-6.29
2026-03-06T08:40:00.000,11.73,202.34,-10.85,-4.46
2026-03-06T08:50:00.000,11.83,193.52,-11.5,-2.76
2026-03-06T09:00:00.000,11.48,204.46,-10.45,-4.75
2026-03-06T09:10:00.000,1.79,167,-1.75,0.4
2026-03-06T09:20:00.000,3.78,208.62,-3.32,-1.81
2026-03-06T09:30:00.000,7.35,185.31,-7.32,-0.68
2026-03-06T09:40:00.000,2.24,180.98,-2.24,-0.04
2026-03-06T09:50:00.000,8.06,204.82,-7.32,-3.38
2026-03-06T10:00:00.000,1.28,178.91,-1.28,0.02
2026-03-06T10:10:00.000,1.38,137.33,-1.01,0.93
2026-03-06T10:20:00.000,6.99,229.57,-4.53,-5.32
2026-03-06T10:30:00.000,6.96,221.31,-5.22,-4.59
2026-03-06T10:40:00.000,1.45,34.54,1.2,0.82
2026-03-06T10:50:00.000,1.67,225.63,-1.17,-1.19
2026-03-06T11:00:00.000,4.52,287.23,1.34,-4.31
2026-03-06T11:10:00.000,3.67,170.87,-3.63,0.58
2026-03-06T11:20:00.000,6.41,161.32,-6.08,2.05
2026-03-06T11:30:00.000,3.06,222.02,-2.27,-2.05
2026-03-06T11:40:00.000,1.6,86.61,0.09,1.6
2026-03-06T11:50:00.000,0.84,172.97,-0.83,0.1
2026-03-06T12:00:00.000,3.22,158.08,-2.99,1.2
2026-03-06T12:10:00.000,3.51,91.04,-0.06,3.51
2026-03-06T12:20:00.000,2.15,297,0.98,-1.92
2026-03-06T12:30:00.000,3.11,97.9,-0.43,3.08
2026-03-06T12:40:00.000,2.19,277.7,0.29,-2.17
2026-03-06T12:50:00.000,4.49,324.87,3.67,-2.58
2026-03-06T13:00:00.000,1.15,112.13,-0.43,1.07
2026-03-06T13:10:00.000,0.08,356.75,0.08,0
2026-03-06T13:20:00.000,1.77,108.4,-0.56,1.68
2026-03-06T13:30:00.000,2.92,114.78,-1.22,2.65
2026-03-06T13:40:00.000,1.38,213.31,-1.15,-0.76
2026-03-06T13:50:00.000,8.91,197.27,-8.51,-2.65
2026-03-06T14:00:00.000,1.86,181.87,-1.85,-0.06
2026-03-06T14:10:00.000,3.69,150.5,-3.22,1.82
2026-03-06T14:20:00.000,2.01,96.44,-0.23,2
2026-03-06T14:30:00.000,3.23,152.57,-2.86,1.49
2026-03-06T14:40:00.000,5.92,182.43,-5.91,-0.25
2026-03-06T14:50:00.000,4.18,265.35,-0.34,-4.17
2026-03-06T15:00:00.000,4.42,114.04,-1.8,4.04
2026-03-06T15:10:00.000,1.53,147.32,-1.29,0.83
2026-03-06T15:20:00.000,11.01,163.95,-10.58,3.04
2026-03-06T15:30:00.000,6.16,218.53,-4.82,-3.84
2026-03-06T15:40:00.000,3.09,144.87,-2.53,1.78
2026-03-06T15:50:00.000,10.46,167.77,-10.22,2.22
2026-03-06T16:00:00.000,6.35,134.21,-4.43,4.55
2026-03-06T16:10:00.000,15.81,208.3,-13.92,-7.5
2026-03-06T16:20:00.000,5.61,207.49,-4.98,-2.59
2026-03-06T16:30:00.000,9.53,146.64,-7.96,5.24
2026-03-06T16:40:00.000,1.51,142.75,-1.2,0.91
2026-03-06T16:50:00.000,5.71,110.13,-1.97,5.36
2026-03-06T17:00:00.000,3.44,171.04,-3.39,0.54
2026-03-06T17:10:00.000,3.86,185.67,-3.84,-0.38
2026-03-06T17:20:00.000,1.37,123.25,-0.75,1.15
2026-03-06T17:30:00.000,1.48,197.23,-1.41,-0.44
2026-03-06T17:40:00.000,2.15,96.65,-0.25,2.13
2026-03-06T17:50:00.000,3.04,145.18,-2.49,1.73
2026-03-06T18:00:00.000,1.52,138.66,-1.14,1
2026-03-06T18:10:00.000,2.61,145.23,-2.15,1.49
2026-03-06T18:20:00.000,5.96,158.62,-5.55,2.17
2026-03-06T18:30:00.000,3.74,174.91,-3.73,0.33
2026-03-06T18:40:00.000,3.8,170.01,-3.75,0.66
2026-03-06T18:50:00.000,8.18,162.93,-7.82,2.4
2026-03-06T19:00:00.000,2.28,192.18,-2.23,-0.48
2026-03-06T19:10:00.000,3.74,182.87,-3.74,-0.19
2026-03-06T19:20:00.000,3.76,134.33,-2.63,2.69
2026-03-06T19:30:00.000,0.9,194.74,-0.87,-0.23
2026-03-06T19:40:00.000,1.77,161.41,-1.68,0.57
2026-03-06T19:50:00.000,3.34,175.49,-3.33,0.26
2026-03-06T20:00:00.000,5.27,138.17,-3.93,3.51
2026-03-06T20:10:00.000,3.55,184.64,-3.54,-0.29
2026-03-06T20:20:00.000,2.5,140.37,-1.92,1.59
2026-03-06T20:30:00.000,3.75,138.03,-2.79,2.51
2026-03-06T20:40:00.000,1.48,112.73,-0.57,1.36
2026-03-06T20:50:00.000,2.38,146.45,-1.99,1.32
2026-03-06T21:00:00.000,3.34,232.35,-2.04,-2.65
2026-03-06T21:10:00.000,1.55,236.78,-0.85,-1.3
2026-03-06T21:20:00.000,2.79,166.74,-2.72,0.64
2026-03-06T21:30:00.000,4.34,155.13,-3.93,1.82
2026-03-06T21:40:00.000,3.58,102.33,-0.76,3.5
2026-03-06T21:50:00.000,1.94,164.66,-1.87,0.51
2026-03-06T22:00:00.000,3.4,167.8,-3.32,0.72
2026-03-06T22:10:00.000,0.76,169.94,-0.75,0.13
2026-03-06T22:20:00.000,2.92,147.02,-2.45,1.59
2026-03-06T22:30:00.000,4.51,99.15,-0.72,4.45
2026-03-06T22:40:00.000,4.57,92.65,-0.21,4.57
2026-03-06T22:50:00.000,4.75,93.65,-0.3,4.74
2026-03-06T23:00:00.000,1.41,140.07,-1.08,0.9
2026-03-06T23:10:00.000,0.61,204.22,-0.56,-0.25
2026-03-06T23:20:00.000,2.86,208.86,-2.5,-1.38
2026-03-06T23:30:00.000,3.84,137.7,-2.84,2.59
2026-03-06T23:40:00.000,2.43,131.93,-1.63,1.81
2026-03-06T23:50:00.000,6.53,113.62,-2.61,5.98
2026-03-07T00:00:00.000,1.96,104.33,-0.49,1.9
2026-03-07T00:10:00.000,2.16,183.43,-2.16,-0.13
2026-03-07T00:20:00.000,4.23,234.83,-2.44,-3.46
2026-03-07T00:30:00.000,2.03,256.41,-0.48,-1.97
2026-03-07T00:40:00.000,1.36,65.87,0.56,1.24
2026-03-07T00:50:00.000,3.67,76.07,0.88,3.56
2026-03-07T01:00:00.000,0.5,184.06,-0.5,-0.04
2026-03-07T01:10:00.000,2.39,209.33,-2.09,-1.17
2026-03-07T01:20:00.000,2.14,63.26,0.96,1.91
2026-03-07T01:30:00.000,4.62,201.62,-4.3,-1.7
2026-03-07T01:40:00.000,11.77,213.37,-9.83,-6.47
2026-03-07T01:50:00.000,8.27,216.36,-6.66,-4.91
2026-03-07T02:00:00.000,9.79,218.53,-7.66,-6.1
2026-03-07T02:10:00.000,5.47,206.11,-4.91,-2.41
2026-03-07T02:20:00.000,2.86,177.86,-2.86,0.11
2026-03-07T02:30:00.000,8.67,214.19,-7.17,-4.87
2026-03-07T02:40:00.000,3.17,207.9,-2.8,-1.49
2026-03-07T02:50:00.000,2.2,213.6,-1.84,-1.22
2026-03-07T03:00:00.000,11.1,212.76,-9.34,-6.01
2026-03-07T03:10:00.000,6.19,203.91,-5.66,-2.51
2026-03-07T03:20:00.000,5.96,200.46,-5.59,-2.08
2026-03-07T03:30:00.000,2.71,159.99,-2.54,0.93
2026-03-07T03:40:00.000,12.22,206.14,-10.97,-5.39
2026-03-07T03:50:00.000,11.94,164,-11.48,3.29
2026-03-07T04:00:00.000,9.86,221.56,-7.38,-6.54
2026-03-07T04:10:00.000,6.63,226.55,-4.56,-4.82
2026-03-07T04:20:00.000,0.64,94.85,-0.05,0.64
2026-03-07T04:30:00.000,10,202.03,-9.27,-3.75
2026-03-07T04:40:00.000,2.11,246.34,-0.85,-1.93
2026-03-07T04:50:00.000,6.85,218.48,-5.36,-4.26
2026-03-07T05:00:00.000,2.8,167.8,-2.74,0.59
2026-03-07T05:10:00.000,4.29,173.88,-4.27,0.46
2026-03-07T05:20:00.000,9.17,195.86,-8.82,-2.5
2026-03-07T05:30:00.000,3.26,221.86,-2.43,-2.18
2026-03-07T05:40:00.000,6.33,213.8,-5.26,-3.52
2026-03-07T05:50:00.000,5.76,191.8,-5.64,-1.18
2026-03-07T06:00:00.000,5.48,203.23,-5.03,-2.16
2026-03-07T06:10:00.000,10.66,209.35,-9.29,-5.23
2026-03-07T06:20:00.000,9.11,200.99,-8.51,-3.27
2026-03-07T06:30:00.000,7.35,194.17,-7.12,-1.8
2026-03-07T06:40:00.000,2.77,148.8,-2.37,1.43
2026-03-07T06:50:00.000,6.27,179.37,-6.27,0.07
2026-03-07T07:00:00.000,2.59,260.04,-0.45,-2.55
2026-03-07T07:10:00.000,4.33,189.08,-4.27,-0.68
2026-03-07T07:20:00.000,9.37,182.17,-9.37,-0.35
2026-03-07T07:30:00.000,8.44,207.26,-7.5,-3.87
2026-03-07T07:40:00.000,8.18,198.24,-7.77,-2.56
2026-03-07T07:50:00.000,7.9,223.48,-5.73,-5.44
2026-03-07T08:00:00.000,8.42,205.42,-7.61,-3.61
2026-03-07T08:10:00.000,10.44,198.17,-9.92,-3.25
2026-03-07T08:20:00.000,1.32,131.89,-0.88,0.98
2026-03-07T08:30:00.000,6.07,158.16,-5.63,2.26
2026-03-07T08:40:00.000,2.83,192.79,-2.76,-0.63
2026-03-07T08:50:00.000,4.04,206.66,-3.61,-1.81
2026-03-07T09:00:00.000,2.08,113.33,-0.82,1.91
2026-03-07T09:10:00.000,3.84,146.08,-3.19,2.14
2026-03-07T09:20:00.000,6.57,200.64,-6.15,-2.32
2026-03-07T09:30:00.000,5.48,213.33,-4.58,-3.01
2026-03-07T09:40:00.000,6.58,220.76,-4.99,-4.3
2026-03-07T09:50:00.000,7.06,230.24,-4.52,-5.43
2026-03-07T10:00:00.000,4.23,226.43,-2.91,-3.06
2026-03-07T10:10:00.000,12.42,204.65,-11.29,-5.18
2026-03-07T10:20:00.000,8.88,197.72,-8.46,-2.7
2026-03-07T10:30:00.000,1.97,84.02,0.2,1.96
2026-03-07T10:40:00.000,1.78,198.55,-1.68,-0.57
2026-03-07T10:50:00.000,1.99,211.22,-1.7,-1.03
2026-03-07T11:00:00.000,4.05,175.5,-4.03,0.32
2026-03-07T11:10:00.000,8.5,204.03,-7.76,-3.46
2026-03-07T11:20:00.000,7.56,212.66,-6.37,-4.08
2026-03-07T11:30:00.000,12.49,200.37,-11.71,-4.35
2026-03-07T11:40:00.000,10.06,188.81,-9.94,-1.54
2026-03-07T11:50:00.000,9.63,186.77,-9.56,-1.14
2026-03-07T12:00:00.000,11.26,211.6,-9.59,-5.9
2026-03-07T12:10:00.000,4.61,226.5,-3.17,-3.35
2026-03-07T12:20:00.000,5.2,170.6,-5.13,0.85
2026-03-07T12:30:00.000,7.21,199.26,-6.81,-2.38
2026-03-07T12:40:00.000,6.48,180.38,-6.48,-0.04
2026-03-07T12:50:00.000,3.27,181.05,-3.27,-0.06
2026-03-07T13:00:00.000,9.51,195.98,-9.15,-2.62
2026-03-07T13:10:00.000,4.76,222.44,-3.51,-3.21
2026-03-07T13:20:00.000,10.46,204.36,-9.53,-4.31
2026-03-07T13:30:00.000,9.29,175.62,-9.26,0.71
2026-03-07T13:40:00.000,6.08,207.9,-5.37,-2.85
2026-03-07T13:50:00.000,4.33,177.44,-4.32,0.19
2026-03-07T14:00:00.000,15.2,212.76,-12.78,-8.22
2026-03-07T14:10:00.000,9.13,203.47,-8.38,-3.64
2026-03-07T14:20:00.000,2.24,241.66,-1.06,-1.97
2026-03-07T14:30:00.000,9.21,220.16,-7.04,-5.94
2026-03-07T14:40:00.000,8.13,200.7,-7.6,-2.87
2026-03-07T14:50:00.000,10.2,222.55,-7.51,-6.9
2026-03-07T15:00:00.000,29,199,-27.42,-9.44
2026-03-07T15:10:00.000,4.63,206.45,-4.15,-2.06
2026-03-07T15:20:00.000,2.96,181.44,-2.96,-0.07
2026-03-07T15:30:00.000,9.18,214.33,-7.58,-5.18
2026-03-07T15:40:00.000,11.2,203.94,-10.24,-4.54
2026-03-07T15:50:00.000,10.6,203.57,-9.71,-4.24
2026-03-07T16:00:00.000,11.5,208.38,-10.12,-5.47
2026-03-07T16:10:00.000,2.02,290.32,0.7,-1.9
2026-03-07T16:20:00.000,6.46,208.49,-5.68,-3.08
2026-03-07T16:30:00.000,6.66,221.32,-5,-4.4
2026-03-07T16:40:00.000,8.88,234.16,-5.2,-7.2
2026-03-07T16:50:00.000,3.25,136.16,-2.34,2.25
2026-03-07T17:00:00.000,6.02,199.53,-5.68,-2.01
2026-03-07T17:10:00.000,4.38,172.18,-4.34,0.6
2026-03-07T17:20:00.000,5.6,200.84,-5.23,-1.99
2026-03-07T17:30:00.000,2.61,183.48,-2.6,-0.16
2026-03-07T17:40:00.000,6.96,192.24,-6.8,-1.48
2026-03-07T17:50:00.000,4.65,143.92,-3.76,2.74
2026-03-07T18:00:00.000,6.48,111.77,-2.4,6.02
2026-03-07T18:10:00.000,2.54,188.47,-2.51,-0.37
2026-03-07T18:20:00.000,3.4,114.28,-1.4,3.1
2026-03-07T18:30:00.000,4.46,115.73,-1.94,4.02
2026-03-07T18:40:00.000,2.3,138.65,-1.73,1.52
2026-03-07T18:50:00.000,3.27,198.91,-3.1,-1.06
2026-03-07T19:00:00.000,1.26,201.23,-1.18,-0.46
2026-03-07T19:10:00.000,3.47,114.66,-1.45,3.16
2026-03-07T19:20:00.000,4.36,112.71,-1.68,4.02
2026-03-07T19:30:00.000,4.85,121.83,-2.56,4.12
2026-03-07T19:40:00.000,2.21,121.1,-1.14,1.89
2026-03-07T19:50:00.000,1.68,133.53,-1.16,1.22
2026-03-07T20:00:00.000,3.83,142.41,-3.04,2.34
2026-03-07T20:10:00.000,3.85,124.29,-2.17,3.18
2026-03-07T20:20:00.000,2.31,127.07,-1.39,1.84
2026-03-07T20:30:00.000,3.42,128.27,-2.12,2.68
2026-03-07T20:40:00.000,0.2,239.71,-0.1,-0.17
2026-03-07T20:50:00.000,4.74,111.87,-1.77,4.4
2026-03-07T21:00:00.000,2.76,154.06,-2.48,1.21
2026-03-07T21:10:00.000,3.9,172.49,-3.86,0.51
2026-03-07T21:20:00.000,0.5,141.23,-0.39,0.31
2026-03-07T21:30:00.000,2.95,142.32,-2.34,1.81
2026-03-07T21:40:00.000,3.86,102.14,-0.81,3.78
2026-03-07T21:50:00.000,2.7,101.83,-0.55,2.64
2026-03-07T22:00:00.000,0.66,50.46,0.42,0.51
2026-03-07T22:10:00.000,0.84,174.75,-0.84,0.08
2026-03-07T22:20:00.000,4.47,157.96,-4.14,1.68
2026-03-07T22:30:00.000,5.39,101.5,-1.07,5.28
2026-03-07T22:40:00.000,1.61,138.28,-1.2,1.07
2026-03-07T22:50:00.000,2.68,150.62,-2.34,1.32
2026-03-07T23:00:00.000,0.41,205.82,-0.37,-0.18
2026-03-07T23:10:00.000,1.08,179.39,-1.08,0.01
2026-03-07T23:20:00.000,4.83,134.3,-3.37,3.46
2026-03-07T23:30:00.000,3.91,117.41,-1.8,3.47
2026-03-07T23:40:00.000,2.61,118.18,-1.23,2.3
2026-03-07T23:50:00.000,0.32,167.66,-0.31,0.07
2026-03-08T00:00:00.000,0.64,197.12,-0.61,-0.19
2026-03-08T00:10:00.000,0.58,189.62,-0.58,-0.1
2026-03-08T00:20:00.000,1.75,136.25,-1.26,1.21
2026-03-08T00:30:00.000,1.02,133.68,-0.7,0.74
2026-03-08T00:40:00.000,2.68,108.67,-0.86,2.54
2026-03-08T00:50:00.000,1.7,156.52,-1.56,0.68
2026-03-08T01:00:00.000,1.96,181.6,-1.96,-0.05
2026-03-08T01:10:00.000,1.22,151.77,-1.08,0.58
2026-03-08T01:20:00.000,0.86,143.17,-0.69,0.52
2026-03-08T01:30:00.000,5.66,83.25,0.67,5.62
2026-03-08T01:40:00.000,6.89,54.39,4.01,5.6
2026-03-08T01:50:00.000,4.9,38.79,3.82,3.07
2026-03-08T02:00:00.000,1.49,172.09,-1.47,0.2
2026-03-08T02:10:00.000,1.99,83.52,0.23,1.98
2026-03-08T02:20:00.000,1.92,120.86,-0.98,1.65
2026-03-08T02:30:00.000,2.46,78.81,0.48,2.41
2026-03-08T02:40:00.000,1.09,161.43,-1.03,0.35
2026-03-08T02:50:00.000,2.83,124.29,-1.6,2.34
2026-03-08T03:00:00.000,1.74,235.59,-0.98,-1.44
2026-03-08T03:10:00.000,2.61,213.07,-2.19,-1.43
2026-03-08T03:20:00.000,0.89,209.43,-0.77,-0.43
2026-03-08T03:30:00.000,2.14,83.95,0.23,2.13
2026-03-08T03:40:00.000,0.82,259.47,-0.15,-0.8
2026-03-08T03:50:00.000,1.22,209.77,-1.06,-0.61
2026-03-08T04:00:00.000,3.94,177.84,-3.94,0.15
2026-03-08T04:10:00.000,2.44,117.41,-1.12,2.16
2026-03-08T04:20:00.000,1.33,220.68,-1.01,-0.87
2026-03-08T04:30:00.000,0.81,201.46,-0.75,-0.3
2026-03-08T04:40:00.000,0.48,204.85,-0.43,-0.2
2026-03-08T04:50:00.000,2.1,132.31,-1.42,1.55
2026-03-08T05:00:00.000,1.51,124.8,-0.86,1.24
2026-03-08T05:10:00.000,1.87,196.25,-1.8,-0.52
2026-03-08T05:20:00.000,2.11,123.44,-1.16,1.76
2026-03-08T05:30:00.000,3.66,135.75,-2.62,2.56
2026-03-08T05:40:00.000,0.84,225.28,-0.59,-0.59
2026-03-08T05:50:00.000,2.4,161.87,-2.28,0.75
2026-03-08T06:00:00.000,1.94,124.7,-1.11,1.6
2026-03-08T06:10:00.000,3.16,114.72,-1.32,2.87
2026-03-08T06:20:00.000,3.24,138.08,-2.41,2.17
2026-03-08T06:30:00.000,1.43,168.94,-1.4,0.27
2026-03-08T06:40:00.000,2.26,138.5,-1.69,1.5
2026-03-08T06:50:00.000,2.68,149.19,-2.3,1.37
2026-03-08T07:00:00.000,3.63,118.96,-1.76,3.17
2026-03-08T07:10:00.000,1.97,122.36,-1.06,1.67
2026-03-08T07:20:00.000,4.22,115.12,-1.79,3.82
2026-03-08T07:30:00.000,3.51,118.21,-1.66,3.09
2026-03-08T07:40:00.000,3.48,179.16,-3.48,0.05
2026-03-08T07:50:00.000,3.61,185.54,-3.59,-0.35
2026-03-08T08:00:00.000,1.39,130.62,-0.91,1.06
2026-03-08T08:10:00.000,1.1,129.77,-0.71,0.85
2026-03-08T08:20:00.000,2.65,145.61,-2.19,1.5
2026-03-08T08:30:00.000,2.85,166.43,-2.77,0.67
2026-03-08T08:40:00.000,2.96,130.81,-1.93,2.24
2026-03-08T08:50:00.000,2.27,130.26,-1.47,1.73
2026-03-08T09:00:00.000,2.67,155.46,-2.43,1.11
2026-03-08T09:10:00.000,2.3,156.44,-2.11,0.92
2026-03-08T09:20:00.000,2.94,168.53,-2.88,0.58
2026-03-08T09:30:00.000,0.54,210.28,-0.47,-0.27
2026-03-08T09:40:00.000,0.79,59.16,0.41,0.68
2026-03-08T09:50:00.000,1.29,219.95,-0.99,-0.83
2026-03-08T10:00:00.000,0.9,204.01,-0.82,-0.37
2026-03-08T10:10:00.000,2.69,205.89,-2.42,-1.17
2026-03-08T10:20:00.000,5.74,201.53,-5.34,-2.11
2026-03-08T10:30:00.000,5.46,196.89,-5.23,-1.59
2026-03-08T10:40:00.000,7.52,190.75,-7.39,-1.4
2026-03-08T10:50:00.000,4.22,168.69,-4.14,0.83
2026-03-08T11:00:00.000,1.84,222.26,-1.36,-1.24
2026-03-08T11:10:00.000,7.96,199.26,-7.52,-2.63
2026-03-08T11:20:00.000,6.28,120.73,-3.21,5.39
2026-03-08T11:30:00.000,7.37,214.58,-6.06,-4.18
2026-03-08T11:40:00.000,2.73,155.03,-2.48,1.15
2026-03-08T11:50:00.000,2.59,270.36,0.02,-2.59
2026-03-08T12:00:00.000,10.92,224.53,-7.78,-7.66
2026-03-08T12:10:00.000,14.49,209.81,-12.57,-7.2
2026-03-08T12:20:00.000,4.89,158.02,-4.54,1.83
2026-03-08T12:30:00.000,7.61,229.62,-4.93,-5.8
2026-03-08T12:40:00.000,8.48,164.89,-8.19,2.21
2026-03-08T12:50:00.000,8.68,212.6,-7.31,-4.68
2026-03-08T13:00:00.000,5.26,228.14,-3.51,-3.92
2026-03-08T13:10:00.000,10.2,195.08,-9.85,-2.65
2026-03-08T13:20:00.000,16.2,173.27,-16.09,1.9
2026-03-08T13:30:00.000,2.56,146.83,-2.15,1.4
2026-03-08T13:40:00.000,2.36,172.76,-2.34,0.3
2026-03-08T13:50:00.000,5.15,179.47,-5.15,0.05
2026-03-08T14:00:00.000,6.94,156.83,-6.38,2.73
2026-03-08T14:10:00.000,4.67,212.35,-3.95,-2.5
2026-03-08T14:20:00.000,7.33,182.74,-7.33,-0.35
2026-03-08T14:30:00.000,3.55,175.51,-3.54,0.28
2026-03-08T14:40:00.000,4.22,146.15,-3.51,2.35
2026-03-08T14:50:00.000,1.96,179.77,-1.96,0.01
2026-03-08T15:00:00.000,1.49,192.1,-1.46,-0.31
2026-03-08T15:10:00.000,5.3,150.01,-4.59,2.65
2026-03-08T15:20:00.000,3.61,199.43,-3.41,-1.2
2026-03-08T15:30:00.000,1.25,222.33,-0.92,-0.84
2026-03-08T15:40:00.000,7.15,204.64,-6.5,-2.98
2026-03-08T15:50:00.000,5.61,191.8,-5.49,-1.15
2026-03-08T16:00:00.000,2.78,154.44,-2.51,1.2
2026-03-08T16:10:00.000,1.75,115.27,-0.75,1.59
2026-03-08T16:20:00.000,1.85,206.02,-1.66,-0.81
2026-03-08T16:30:00.000,6.47,199.94,-6.08,-2.21
2026-03-08T16:40:00.000,3,108.87,-0.97,2.84
2026-03-08T16:50:00.000,4.45,170.86,-4.39,0.71
2026-03-08T17:00:00.000,2.34,170.58,-2.31,0.38
2026-03-08T17:10:00.000,2.06,90.27,-0.01,2.06
2026-03-08T17:20:00.000,1.57,158.36,-1.46,0.58
2026-03-08T17:30:00.000,1.95,239.64,-0.98,-1.68
2026-03-08T17:40:00.000,2.16,157.65,-1.99,0.82
2026-03-08T17:50:00.000,2.25,202.43,-2.08,-0.86
2026-03-08T18:00:00.000,1.86,217.46,-1.48,-1.13
2026-03-08T18:10:00.000,0.63,159.77,-0.59,0.22
2026-03-08T18:20:00.000,3.78,212.07,-3.21,-2.01
2026-03-08T18:30:00.000,0.87,196.09,-0.83,-0.24
2026-03-08T18:40:00.000,4.67,194.84,-4.51,-1.2
2026-03-08T18:50:00.000,2.38,140.62,-1.84,1.51
2026-03-08T19:00:00.000,5.46,193.32,-5.31,-1.26
2026-03-08T19:10:00.000,7.06,173.72,-7.01,0.77
2026-03-08T19:20:00.000,2.19,131.66,-1.45,1.64
2026-03-08T19:30:00.000,1.76,143.78,-1.42,1.04
2026-03-08T19:40:00.000,2.08,143.71,-1.68,1.23
2026-03-08T19:50:00.000,3.77,123.8,-2.1,3.13
2026-03-08T20:00:00.000,1.17,125.55,-0.68,0.95
2026-03-08T20:10:00.000,0.84,182.9,-0.84,-0.04
2026-03-08T20:20:00.000,2.38,129.29,-1.5,1.84
2026-03-08T20:30:00.000,1.82,206.63,-1.63,-0.82
2026-03-08T20:40:00.000,2.87,129.26,-1.82,2.22
2026-03-08T20:50:00.000,3.19,160.5,-3.01,1.07
2026-03-08T21:00:00.000,2.05,136.95,-1.5,1.4
2026-03-08T21:10:00.000,2.65,122.85,-1.44,2.22
2026-03-08T21:20:00.000,1.09,117.58,-0.5,0.97
2026-03-08T21:30:00.000,2.8,173.46,-2.78,0.32
2026-03-08T21:40:00.000,1.51,217.76,-1.19,-0.92
2026-03-08T21:50:00.000,0.88,138.8,-0.66,0.58
2026-03-08T22:00:00.000,1.63,162.47,-1.55,0.49
2026-03-08T22:10:00.000,0.27,134.99,-0.19,0.19
2026-03-08T22:20:00.000,5.93,146.02,-4.92,3.31
2026-03-08T22:30:00.000,1.64,151.52,-1.44,0.78
2026-03-08T22:40:00.000,0.9,47.93,0.6,0.67
2026-03-08T22:50:00.000,3.68,309.79,2.35,-2.83
2026-03-08T23:00:00.000,1.06,152.93,-0.95,0.48
2026-03-08T23:10:00.000,4.35,113.68,-1.75,3.99
2026-03-08T23:20:00.000,7.87,107.23,-2.33,7.52
2026-03-08T23:30:00.000,6.16,123.34,-3.38,5.14
2026-03-08T23:40:00.000,2.64,151.53,-2.32,1.26
2026-03-08T23:50:00.000,7.68,119.65,-3.8,6.68
2026-03-09T00:00:00.000,2.09,28.62,1.84,1
2026-03-09T00:10:00.000,3.25,246.92,-1.28,-2.99
2026-03-09T00:20:00.000,3.34,230.67,-2.11,-2.58
2026-03-09T00:30:00.000,0.64,240.64,-0.32,-0.56
2026-03-09T00:40:00.000,0.39,220.68,-0.3,-0.25
2026-03-09T00:50:00.000,0.42,209.41,-0.37,-0.21
2026-03-09T01:00:00.000,3.92,138.07,-2.92,2.62
2026-03-09T01:10:00.000,4.16,127.75,-2.55,3.29
2026-03-09T01:20:00.000,4.68,105.4,-1.24,4.51
2026-03-09T01:30:00.000,3.67,160.98,-3.47,1.2
2026-03-09T01:40:00.000,6.39,100.99,-1.22,6.27
2026-03-09T01:50:00.000,1.42,204.17,-1.3,-0.58
2026-03-09T02:00:00.000,2.9,178.81,-2.9,0.06
2026-03-09T02:10:00.000,3.53,198.35,-3.35,-1.11
2026-03-09T02:20:00.000,2.7,193.79,-2.62,-0.64
2026-03-09T02:30:00.000,2.09,206.74,-1.86,-0.94
2026-03-09T02:40:00.000,1.8,165.56,-1.75,0.45
2026-03-09T02:50:00.000,0.99,106.51,-0.28,0.95
2026-03-09T03:00:00.000,1.97,164.49,-1.9,0.53
2026-03-09T03:10:00.000,3.68,172.98,-3.65,0.45
2026-03-09T03:20:00.000,1.95,115.34,-0.83,1.76
2026-03-09T03:30:00.000,1.02,170.59,-1.01,0.17
2026-03-09T03:40:00.000,1.57,151.45,-1.37,0.75
2026-03-09T03:50:00.000,0.87,217.43,-0.69,-0.53
2026-03-09T04:00:00.000,0.97,181.33,-0.97,-0.02
2026-03-09T04:10:00.000,2.23,220.36,-1.7,-1.44
2026-03-09T04:20:00.000,3.22,154.47,-2.91,1.39
2026-03-09T04:30:00.000,3.26,112.26,-1.23,3.01
2026-03-09T04:40:00.000,1.36,148.99,-1.16,0.7
2026-03-09T04:50:00.000,5.48,209.07,-4.79,-2.66
2026-03-09T05:00:00.000,3.74,125.39,-2.16,3.05
2026-03-09T05:10:00.000,5.06,81.54,0.74,5
2026-03-09T05:20:00.000,1.95,73.1,0.57,1.87
2026-03-09T05:30:00.000,3.25,87.21,0.16,3.25
2026-03-09T05:40:00.000,2.51,168.8,-2.46,0.49
2026-03-09T05:50:00.000,4.44,127.01,-2.67,3.54
2026-03-09T06:00:00.000,6.01,123.24,-3.29,5.03
2026-03-09T06:10:00.000,6.54,84.8,0.59,6.51
2026-03-09T06:20:00.000,6.61,114.88,-2.78,6
2026-03-09T06:30:00.000,1.26,171.17,-1.24,0.19
2026-03-09T06:40:00.000,2.14,132.68,-1.45,1.58
2026-03-09T06:50:00.000,3.14,186.3,-3.12,-0.34
2026-03-09T07:00:00.000,0.74,214.91,-0.61,-0.42
2026-03-09T07:10:00.000,0.46,304.02,0.26,-0.39
2026-03-09T07:20:00.000,2.22,222.52,-1.63,-1.5
2026-03-09T07:30:00.000,3.38,129.53,-2.15,2.61
2026-03-09T07:40:00.000,3.89,119,-1.89,3.4
2026-03-09T07:50:00.000,1.3,264.81,-0.12,-1.3
2026-03-09T08:00:00.000,2.93,238.49,-1.53,-2.5
2026-03-09T08:10:00.000,4.22,213.24,-3.53,-2.31
2026-03-09T08:20:00.000,3.6,224.98,-2.55,-2.54
2026-03-09T08:30:00.000,1.53,178.19,-1.53,0.05
2026-03-09T08:40:00.000,0.42,272.93,0.02,-0.42
2026-03-09T08:50:00.000,1.95,138.94,-1.47,1.28
2026-03-09T09:00:00.000,0.37,219.16,-0.29,-0.23
2026-03-09T09:10:00.000,1.49,155.45,-1.36,0.62
2026-03-09T09:20:00.000,0.34,238.09,-0.18,-0.29
2026-03-09T09:30:00.000,5.72,215.23,-4.67,-3.3
2026-03-09T09:40:00.000,4.81,224.43,-3.43,-3.36
2026-03-09T09:50:00.000,6.91,157.18,-6.37,2.68
2026-03-09T10:00:00.000,3,234.37,-1.75,-2.44
2026-03-09T10:10:00.000,10.35,205.34,-9.35,-4.43
2026-03-09T10:20:00.000,12.69,177.2,-12.68,0.62
2026-03-09T10:30:00.000,11.9,189.82,-11.73,-2.03
2026-03-09T10:40:00.000,25.6,194.17,-24.82,-6.27
2026-03-09T10:50:00.000,8.18,202.05,-7.58,-3.07
2026-03-09T11:00:00.000,10.06,180.63,-10.06,-0.11
2026-03-09T11:10:00.000,12.76,189.48,-12.58,-2.1
2026-03-09T11:20:00.000,27.31,150.92,-23.87,13.28
2026-03-09T11:30:00.000,6.92,125.39,-4.01,5.64
2026-03-09T11:40:00.000,5.82,209,-5.09,-2.82
2026-03-09T11:50:00.000,17.52,210.31,-15.12,-8.84
2026-03-09T12:00:00.000,12.18,190.1,-11.99,-2.13
2026-03-09T12:10:00.000,20.85,192.73,-20.34,-4.59
2026-03-09T12:20:00.000,7.04,174.86,-7.01,0.63
2026-03-09T12:30:00.000,6.88,175.03,-6.86,0.6
2026-03-09T12:40:00.000,11.65,138.11,-8.67,7.78
2026-03-09T12:50:00.000,7.94,134.82,-5.6,5.64
2026-03-09T13:00:00.000,6.06,150.47,-5.27,2.99
2026-03-09T13:10:00.000,7.7,198.62,-7.3,-2.46
2026-03-09T13:20:00.000,7.47,201.1,-6.97,-2.69
2026-03-09T13:30:00.000,4.32,146.11,-3.58,2.41
2026-03-09T13:40:00.000,2.36,278.45,0.35,-2.34
2026-03-09T13:50:00.000,4.94,139.05,-3.73,3.24
2026-03-09T14:00:00.000,10.27,213.68,-8.54,-5.69
2026-03-09T14:10:00.000,7.98,218.58,-6.24,-4.98
2026-03-09T14:20:00.000,18.32,203.8,-16.76,-7.39
2026-03-09T14:30:00.000,2.32,176.04,-2.32,0.16
2026-03-09T14:40:00.000,13.51,219.02,-10.5,-8.51
2026-03-09T14:50:00.000,1.87,209.83,-1.62,-0.93
2026-03-09T15:00:00.000,11.25,216.67,-9.03,-6.72
2026-03-09T15:10:00.000,9.77,200.14,-9.17,-3.36
2026-03-09T15:20:00.000,7.18,213.34,-6,-3.95
2026-03-09T15:30:00.000,2.37,177.18,-2.37,0.12
2026-03-09T15:40:00.000,20.91,220.62,-15.87,-13.61
2026-03-09T15:50:00.000,0.51,36.49,0.41,0.3
2026-03-09T16:00:00.000,8.32,226.87,-5.69,-6.07
2026-03-09T16:10:00.000,4.59,222.12,-3.4,-3.08
2026-03-09T16:20:00.000,3.85,222.39,-2.84,-2.59
2026-03-09T16:30:00.000,1.63,188.6,-1.61,-0.24
2026-03-09T16:40:00.000,1.59,169.63,-1.56,0.29
2026-03-09T16:50:00.000,4.92,134.14,-3.42,3.53
2026-03-09T17:00:00.000,3.15,181.32,-3.15,-0.07
2026-03-09T17:10:00.000,4.17,124.96,-2.39,3.42
2026-03-09T17:20:00.000,6.8,85.31,0.56,6.78
2026-03-09T17:30:00.000,0.69,183.53,-0.68,-0.04
2026-03-09T17:40:00.000,1.49,130.33,-0.97,1.14
2026-03-09T17:50:00.000,0.43,158.62,-0.4,0.16
2026-03-09T18:00:00.000,1.68,198.65,-1.59,-0.54
2026-03-09T18:10:00.000,3.97,141.05,-3.09,2.49
2026-03-09T18:20:00.000,3.64,173.18,-3.61,0.43
2026-03-09T18:30:00.000,2.11,173.96,-2.1,0.22
2026-03-09T18:40:00.000,2.24,138.98,-1.69,1.47
2026-03-09T18:50:00.000,0.7,141.01,-0.54,0.44
2026-03-09T19:00:00.000,1.15,117.03,-0.52,1.03
2026-03-09T19:10:00.000,0.84,112.75,-0.32,0.77
2026-03-09T19:20:00.000,3.44,234.14,-2.01,-2.79
2026-03-09T19:30:00.000,4.37,229.48,-2.84,-3.32
2026-03-09T19:40:00.000,1.77,62.99,0.8,1.57
2026-03-09T19:50:00.000,3.76,194.24,-3.65,-0.93
2026-03-09T20:00:00.000,3.78,188.79,-3.74,-0.58
2026-03-09T20:10:00.000,1.16,114.46,-0.48,1.05
2026-03-09T20:20:00.000,3.22,241.14,-1.56,-2.82
2026-03-09T20:30:00.000,0.94,216.47,-0.76,-0.56
2026-03-09T20:40:00.000,4.42,249.28,-1.56,-4.13
2026-03-09T20:50:00.000,2.28,203.64,-2.09,-0.91
2026-03-09T21:00:00.000,1.49,228.05,-1,-1.11
2026-03-09T21:10:00.000,0.63,19.64,0.59,0.21
2026-03-09T21:20:00.000,4.43,107.14,-1.31,4.23
2026-03-09T21:30:00.000,0.52,95.71,-0.05,0.52
2026-03-09T21:40:00.000,3.74,224.85,-2.65,-2.64
2026-03-09T21:50:00.000,0.43,91.25,-0.01,0.43
2026-03-09T22:00:00.000,5.23,102.18,-1.1,5.11
2026-03-09T22:10:00.000,2.43,181.28,-2.43,-0.05
2026-03-09T22:20:00.000,4.12,85.57,0.32,4.11
2026-03-09T22:30:00.000,2.15,122.33,-1.15,1.82
2026-03-09T22:40:00.000,2.76,80.49,0.46,2.72
2026-03-09T22:50:00.000,2.53,138.94,-1.91,1.66
2026-03-09T23:00:00.000,1.55,142.58,-1.23,0.94
2026-03-09T23:10:00.000,3.99,125.7,-2.33,3.24
2026-03-09T23:20:00.000,0.26,105.65,-0.07,0.25
2026-03-09T23:30:00.000,4.87,137.73,-3.6,3.28
2026-03-09T23:40:00.000,2.92,172.12,-2.89,0.4
2026-03-09T23:50:00.000,1.8,179.91,-1.8,0
2026-03-10T00:00:00.000,1.02,199.37,-0.97,-0.34
2026-03-10T00:10:00.000,1.24,127.01,-0.75,0.99
2026-03-10T00:20:00.000,2.8,120.88,-1.44,2.4
2026-03-10T00:30:00.000,8.92,220.48,-6.78,-5.79
2026-03-10T00:40:00.000,4.37,227.44,-2.96,-3.22
2026-03-10T00:50:00.000,13.13,190.76,-12.9,-2.45
2026-03-10T01:00:00.000,2.13,97.88,-0.29,2.11
2026-03-10T01:10:00.000,7.24,217.81,-5.72,-4.44
2026-03-10T01:20:00.000,11.89,209.5,-10.35,-5.86
2026-03-10T01:30:00.000,4.33,199.33,-4.09,-1.43
2026-03-10T01:40:00.000,6.4,171.94,-6.33,0.9
2026-03-10T01:50:00.000,10.67,182.85,-10.65,-0.53
2026-03-10T02:00:00.000,16.58,213.95,-13.76,-9.26
2026-03-10T02:10:00.000,12.01,195.18,-11.59,-3.15
2026-03-10T02:20:00.000,11.17,202.45,-10.32,-4.27
2026-03-10T02:30:00.000,33.64,228.86,-22.13,-25.34
2026-03-10T02:40:00.000,13.11,190.49,-12.89,-2.39
2026-03-10T02:50:00.000,9.84,201.79,-9.13,-3.65
2026-03-10T03:00:00.000,7.69,227.47,-5.2,-5.67
2026-03-10T03:10:00.000,4.27,200.05,-4.01,-1.46
2026-03-10T03:20:00.000,16.7,216.55,-13.42,-9.95
2026-03-10T03:30:00.000,1.82,146.6,-1.52,1
2026-03-10T03:40:00.000,6.86,220.31,-5.23,-4.44
2026-03-10T03:50:00.000,1.86,203.81,-1.7,-0.75
2026-03-10T04:00:00.000,1.7,78.43,0.34,1.67
2026-03-10T04:10:00.000,9.28,177.96,-9.27,0.33
2026-03-10T04:20:00.000,8.71,211.19,-7.45,-4.51
2026-03-10T04:30:00.000,1.6,239.11,-0.82,-1.38
2026-03-10T04:40:00.000,6.4,163.47,-6.14,1.82
2026-03-10T04:50:00.000,5.83,189.41,-5.75,-0.95
2026-03-10T05:00:00.000,10.96,208.69,-9.62,-5.26
2026-03-10T05:10:00.000,3.21,209.28,-2.8,-1.57
2026-03-10T05:20:00.000,7.35,210.71,-6.32,-3.75
2026-03-10T05:30:00.000,1.65,209.69,-1.43,-0.82
2026-03-10T05:40:00.000,5.35,110.75,-1.9,5
2026-03-10T05:50:00.000,3.4,129.84,-2.18,2.61
2026-03-10T06:00:00.000,2.81,163.15,-2.68,0.81
2026-03-10T06:10:00.000,1.35,139.07,-1.02,0.88
2026-03-10T06:20:00.000,2.87,79.37,0.53,2.82
2026-03-10T06:30:00.000,8.99,204.86,-8.16,-3.78
2026-03-10T06:40:00.000,12.68,217.46,-10.06,-7.71
2026-03-10T06:50:00.000,13.38,190.83,-13.14,-2.51
2026-03-10T07:00:00.000,8.6,190.26,-8.46,-1.53
2026-03-10T07:10:00.000,9.06,191,-8.89,-1.73
2026-03-10T07:20:00.000,26.35,212.86,-22.13,-14.29
2026-03-10T07:30:00.000,12.28,210.62,-10.57,-6.25
2026-03-10T07:40:00.000,9.98,197.3,-9.53,-2.97
2026-03-10T07:50:00.000,4.11,138.99,-3.1,2.7
2026-03-10T08:00:00.000,11.6,209.29,-10.12,-5.67
2026-03-10T08:10:00.000,10.58,210,-9.16,-5.29
2026-03-10T08:20:00.000,10.78,175.66,-10.75,0.82
2026-03-10T08:30:00.000,9.75,210.65,-8.39,-4.97
2026-03-10T08:40:00.000,40.59,209.63,-35.28,-20.07
2026-03-10T08:50:00.000,23.6,207.09,-21.01,-10.75
2026-03-10T09:00:00.000,4.62,190.45,-4.55,-0.84
2026-03-10T09:10:00.000,22.19,168.55,-21.75,4.41
2026-03-10T09:20:00.000,18.44,202.61,-17.03,-7.09
2026-03-10T09:30:00.000,20.32,196.17,-19.51,-5.66
2026-03-10T09:40:00.000,17.76,201.65,-16.51,-6.55
2026-03-10T09:50:00.000,14.87,198.4,-14.11,-4.69
2026-03-10T10:00:00.000,7.15,221.6,-5.35,-4.75
2026-03-10T10:10:00.000,14.5,226.26,-10.02,-10.47
2026-03-10T10:20:00.000,21.81,192.89,-21.26,-4.86
2026-03-10T10:30:00.000,5.95,205.04,-5.39,-2.52
2026-03-10T10:40:00.000,11.86,217.03,-9.47,-7.14
2026-03-10T10:50:00.000,6.86,153.21,-6.13,3.09
2026-03-10T11:00:00.000,16.6,173.83,-16.51,1.78
2026-03-10T11:10:00.000,4.61,202.63,-4.25,-1.77
2026-03-10T11:20:00.000,4.96,186.93,-4.93,-0.6
2026-03-10T11:30:00.000,7.36,221.7,-5.49,-4.89
2026-03-10T11:40:00.000,15.81,170.34,-15.58,2.65
2026-03-10T11:50:00.000,13.17,207.36,-11.7,-6.05
2026-03-10T12:00:00.000,17.14,171.48,-16.95,2.54
2026-03-10T12:10:00.000,13.05,195.22,-12.59,-3.42
2026-03-10T12:20:00.000,13.03,181.49,-13.03,-0.34
2026-03-10T12:30:00.000,6.07,164.92,-5.86,1.58
2026-03-10T12:40:00.000,15.8,203.87,-14.45,-6.39
2026-03-10T12:50:00.000,3.26,99.8,-0.55,3.21
2026-03-10T13:00:00.000,16.38,187.04,-16.25,-2.01
2026-03-10T13:10:00.000,3.74,218.83,-2.91,-2.34
2026-03-10T13:20:00.000,3.69,212.63,-3.11,-1.99
2026-03-10T13:30:00.000,16.74,209.46,-14.58,-8.23
2026-03-10T13:40:00.000,3.01,217.06,-2.4,-1.81
2026-03-10T13:50:00.000,5.48,159.85,-5.15,1.89
2026-03-10T14:00:00.000,3.98,219.15,-3.09,-2.51
2026-03-10T14:10:00.000,2.99,170.36,-2.94,0.5
2026-03-10T14:20:00.000,6.01,188.35,-5.95,-0.87
2026-03-10T14:30:00.000,7.6,206.22,-6.82,-3.36
2026-03-10T14:40:00.000,9.71,206.07,-8.72,-4.27
2026-03-10T14:50:00.000,7.74,192.03,-7.57,-1.61
2026-03-10T15:00:00.000,2.31,238.78,-1.2,-1.98
2026-03-10T15:10:00.000,8.22,212.19,-6.95,-4.38
2026-03-10T15:20:00.000,9.81,219.92,-7.52,-6.3
2026-03-10T15:30:00.000,7.55,177.86,-7.54,0.28
2026-03-10T15:40:00.000,6.68,196.51,-6.41,-1.9
2026-03-10T15:50:00.000,0.51,172.23,-0.5,0.07
2026-03-10T16:00:00.000,3.61,103.36,-0.83,3.51
2026-03-10T16:10:00.000,3.1,157.57,-2.87,1.18
2026-03-10T16:20:00.000,3.83,126.12,-2.26,3.1
2026-03-10T16:30:00.000,12.62,217.83,-9.97,-7.74
2026-03-10T16:40:00.000,4.86,234.13,-2.85,-3.94
2026-03-10T16:50:00.000,5.01,232.04,-3.08,-3.95
2026-03-10T17:00:00.000,5.71,215.09,-4.67,-3.28
2026-03-10T17:10:00.000,6.74,229.35,-4.39,-5.11
2026-03-10T17:20:00.000,8.7,206.92,-7.76,-3.94
2026-03-10T17:30:00.000,6.76,188.67,-6.68,-1.02
2026-03-10T17:40:00.000,3.77,151.04,-3.3,1.83
2026-03-10T17:50:00.000,4.2,140.28,-3.23,2.69
2026-03-10T18:00:00.000,2.16,79.31,0.4,2.12
2026-03-10T18:10:00.000,1.12,140.24,-0.86,0.71
2026-03-10T18:20:00.000,2.66,192.43,-2.59,-0.57
2026-03-10T18:30:00.000,8.72,206.06,-7.83,-3.83
2026-03-10T18:40:00.000,6.36,211.78,-5.41,-3.35
2026-03-10T18:50:00.000,3.87,191.04,-3.8,-0.74
2026-03-10T19:00:00.000,3.09,109.23,-1.02,2.92
2026-03-10T19:10:00.000,3.02,229.28,-1.97,-2.29
2026-03-10T19:20:00.000,5.09,209.22,-4.44,-2.49
2026-03-10T19:30:00.000,2.11,208.11,-1.86,-1
2026-03-10T19:40:00.000,0.82,166.95,-0.8,0.19
2026-03-10T19:50:00.000,2.37,155.96,-2.17,0.97
2026-03-10T20:00:00.000,0.93,192.19,-0.91,-0.2
2026-03-10T20:10:00.000,1.37,142.95,-1.09,0.82
2026-03-10T20:20:00.000,2.4,247.96,-0.9,-2.22
2026-03-10T20:30:00.000,0.09,121.09,-0.05,0.08
2026-03-10T20:40:00.000,1.59,242.14,-0.74,-1.41
2026-03-10T20:50:00.000,1.73,234.5,-1,-1.41
2026-03-10T21:00:00.000,0.77,252.28,-0.23,-0.73
2026-03-10T21:10:00.000,0.48,180.63,-0.48,-0.01
2026-03-10T21:20:00.000,0.56,180.03,-0.56,0
2026-03-10T21:30:00.000,2.34,149.78,-2.02,1.18
2026-03-10T21:40:00.000,0.98,144.43,-0.79,0.57
2026-03-10T21:50:00.000,0.7,247.78,-0.26,-0.65
2026-03-10T22:00:00.000,2.1,175.66,-2.09,0.16
2026-03-10T22:10:00.000,0.59,135.69,-0.42,0.41
2026-03-10T22:20:00.000,1.2,107.89,-0.37,1.14
2026-03-10T22:30:00.000,1.77,132.97,-1.21,1.3
2026-03-10T22:40:00.000,1.64,111.69,-0.61,1.53
2026-03-10T22:50:00.000,1.41,203.08,-1.3,-0.55
2026-03-10T23:00:00.000,5.55,123.54,-3.07,4.63
2026-03-10T23:10:00.000,5.59,129.05,-3.52,4.34
2026-03-10T23:20:00.000,4.36,140.59,-3.37,2.77
2026-03-10T23:30:00.000,5.82,113.47,-2.32,5.34
2026-03-10T23:40:00.000,1.36,161.06,-1.29,0.44
2026-03-10T23:50:00.000,4.02,151.79,-3.55,1.9
2026-03-11T00:00:00.000,7.91,124.4,-4.47,6.53
2026-03-11T00:10:00.000,5.4,132.78,-3.67,3.96
2026-03-11T00:20:00.000,4.2,139.04,-3.17,2.75
2026-03-11T00:30:00.000,2.2,205.27,-1.99,-0.94
2026-03-11T00:40:00.000,1.87,230.01,-1.2,-1.44
2026-03-11T00:50:00.000,3.26,156.99,-3,1.28
2026-03-11T01:00:00.000,1.76,119.28,-0.86,1.54
2026-03-11T01:10:00.000,0.48,206.3,-0.43,-0.21
2026-03-11T01:20:00.000,3.06,229.2,-2,-2.32
2026-03-11T01:30:00.000,3.51,195.13,-3.39,-0.92
2026-03-11T01:40:00.000,1.44,220.76,-1.09,-0.94
2026-03-11T01:50:00.000,2.9,108.11,-0.9,2.75
2026-03-11T02:00:00.000,2.18,117.76,-1.02,1.93
2026-03-11T02:10:00.000,0.57,225.33,-0.4,-0.4
2026-03-11T02:20:00.000,2.41,222.72,-1.77,-1.64
2026-03-11T02:30:00.000,1.97,240.06,-0.98,-1.7
2026-03-11T02:40:00.000,1.86,144.11,-1.51,1.09
2026-03-11T02:50:00.000,3.25,138.64,-2.44,2.15
2026-03-11T03:00:00.000,1.04,157.55,-0.96,0.4
2026-03-11T03:10:00.000,1.09,235.72,-0.61,-0.9
2026-03-11T03:20:00.000,1.01,169.41,-0.99,0.19
2026-03-11T03:30:00.000,4.71,118.12,-2.22,4.16
2026-03-11T03:40:00.000,1.57,114.05,-0.64,1.43
2026-03-11T03:50:00.000,1.83,118.97,-0.89,1.6
2026-03-11T04:00:00.000,1.77,136.24,-1.28,1.22
2026-03-11T04:10:00.000,3.92,112.7,-1.51,3.61
2026-03-11T04:20:00.000,2.18,204.62,-1.99,-0.91
2026-03-11T04:30:00.000,0.64,169.2,-0.63,0.12
2026-03-11T04:40:00.000,3.62,105.28,-0.95,3.49
2026-03-11T04:50:00.000,6.46,118.43,-3.08,5.68
2026-03-11T05:00:00.000,2.31,172.38,-2.29,0.31
2026-03-11T05:10:00.000,1.21,164.51,-1.16,0.32
2026-03-11T05:20:00.000,5.24,201.82,-4.86,-1.95
2026-03-11T05:30:00.000,1.6,203.79,-1.46,-0.64
2026-03-11T05:40:00.000,0.6,76.38,0.14,0.59
2026-03-11T05:50:00.000,3.12,96.6,-0.36,3.1
2026-03-11T06:00:00.000,2.32,169.34,-2.28,0.43
2026-03-11T06:10:00.000,1.49,133.14,-1.02,1.09
2026-03-11T06:20:00.000,0.31,59.38,0.16,0.27
2026-03-11T06:30:00.000,1.33,172.34,-1.32,0.18
2026-03-11T06:40:00.000,2.35,185.14,-2.34,-0.21
2026-03-11T06:50:00.000,4.05,202.39,-3.74,-1.54
2026-03-11T07:00:00.000,4.52,228.01,-3.03,-3.36
2026-03-11T07:10:00.000,2.43,111.86,-0.9,2.25
2026-03-11T07:20:00.000,1.09,198.09,-1.03,-0.34
2026-03-11T07:30:00.000,3.93,212.16,-3.33,-2.09
2026-03-11T07:40:00.000,4.34,192.02,-4.25,-0.9
2026-03-11T07:50:00.000,0.8,157.81,-0.74,0.3
2026-03-11T08:00:00.000,6.49,102.61,-1.42,6.34
2026-03-11T08:10:00.000,6.15,83.4,0.71,6.11
2026-03-11T08:20:00.000,0.99,199.67,-0.93,-0.33
2026-03-11T08:30:00.000,4.09,185.7,-4.07,-0.41
2026-03-11T08:40:00.000,1.64,79.43,0.3,1.61
2026-03-11T08:50:00.000,15.75,224.5,-11.24,-11.04
2026-03-11T09:00:00.000,9.58,212.54,-8.08,-5.16
2026-03-11T09:10:00.000,17.04,203.16,-15.67,-6.7
2026-03-11T09:20:00.000,11.21,203.86,-10.26,-4.54
2026-03-11T09:30:00.000,14.23,178.17,-14.22,0.45
2026-03-11T09:40:00.000,5.39,221.58,-4.03,-3.58
2026-03-11T09:50:00.000,19.19,199.8,-18.06,-6.5
2026-03-11T10:00:00.000,9.52,212.59,-8.02,-5.13
2026-03-11T10:10:00.000,8.05,174.29,-8.01,0.8
2026-03-11T10:20:00.000,4.75,165.51,-4.6,1.19
2026-03-11T10:30:00.000,3.58,173.58,-3.56,0.4
2026-03-11T10:40:00.000,5.9,114.24,-2.42,5.38
2026-03-11T10:50:00.000,13.48,216.12,-10.88,-7.94
2026-03-11T11:00:00.000,1.6,215.25,-1.3,-0.92
2026-03-11T11:10:00.000,5.26,179.18,-5.26,0.08
2026-03-11T11:20:00.000,7.05,190.88,-6.92,-1.33
2026-03-11T11:30:00.000,8.3,144.46,-6.75,4.82
2026-03-11T11:40:00.000,6.13,202.69,-5.65,-2.36
2026-03-11T11:50:00.000,5.28,211.75,-4.49,-2.78
2026-03-11T12:00:00.000,4.58,227.13,-3.11,-3.35
2026-03-11T12:10:00.000,6.33,232.62,-3.84,-5.03
2026-03-11T12:20:00.000,8.75,198.73,-8.28,-2.81
2026-03-11T12:30:00.000,14.52,212.73,-12.21,-7.85
2026-03-11T12:40:00.000,4.31,239.56,-2.18,-3.72
2026-03-11T12:50:00.000,8.35,198.45,-7.92,-2.64
2026-03-11T13:00:00.000,8.14,212.52,-6.87,-4.38
2026-03-11T13:10:00.000,18.7,188.86,-18.48,-2.88
2026-03-11T13:20:00.000,7.11,174,-7.08,0.74
2026-03-11T13:30:00.000,9.72,186.96,-9.64,-1.18
2026-03-11T13:40:00.000,9.65,213.16,-8.08,-5.28
2026-03-11T13:50:00.000,8.93,210.51,-7.7,-4.54
2026-03-11T14:00:00.000,4.69,169.45,-4.62,0.86
2026-03-11T14:10:00.000,3.52,195.99,-3.38,-0.97
2026-03-11T14:20:00.000,6.13,176.05,-6.12,0.42
2026-03-11T14:30:00.000,2.78,104.51,-0.7,2.69
2026-03-11T14:40:00.000,27.8,203.92,-25.41,-11.27
2026-03-11T14:50:00.000,10.84,209,-9.48,-5.26
2026-03-11T15:00:00.000,5.36,155.34,-4.88,2.24
2026-03-11T15:10:00.000,4.78,206.18,-4.29,-2.11
2026-03-11T15:20:00.000,2.44,172.18,-2.42,0.33
2026-03-11T15:30:00.000,8.73,174.72,-8.69,0.8
2026-03-11T15:40:00.000,6.24,204.87,-5.66,-2.62
2026-03-11T15:50:00.000,1.66,103.63,-0.39,1.62
2026-03-11T16:00:00.000,5.02,190.31,-4.94,-0.9
2026-03-11T16:10:00.000,4.97,216.29,-4.01,-2.94
2026-03-11T16:20:00.000,4.02,187.68,-3.99,-0.54
2026-03-11T16:30:00.000,2.6,136.76,-1.9,1.78
2026-03-11T16:40:00.000,1.84,144.9,-1.5,1.06
2026-03-11T16:50:00.000,1.07,199.8,-1.01,-0.36
2026-03-11T17:00:00.000,4.35,212.19,-3.68,-2.32
2026-03-11T17:10:00.000,5.99,162.19,-5.71,1.83
2026-03-11T17:20:00.000,6.51,190.44,-6.41,-1.18
2026-03-11T17:30:00.000,4.06,224.2,-2.91,-2.83
2026-03-11T17:40:00.000,7.22,165.08,-6.98,1.86
2026-03-11T17:50:00.000,5.38,213.62,-4.48,-2.98
2026-03-11T18:00:00.000,2.31,146.98,-1.94,1.26
2026-03-11T18:10:00.000,1.54,156.35,-1.41,0.62
2026-03-11T18:20:00.000,4.71,182.04,-4.71,-0.17
2026-03-11T18:30:00.000,6.05,186.54,-6.02,-0.69
2026-03-11T18:40:00.000,1.54,227.47,-1.04,-1.14
2026-03-11T18:50:00.000,5.41,186.05,-5.38,-0.57
2026-03-11T19:00:00.000,3.13,212.19,-2.65,-1.67
2026-03-11T19:10:00.000,4.89,186.45,-4.86,-0.55
2026-03-11T19:20:00.000,0.59,192.34,-0.57,-0.13
2026-03-11T19:30:00.000,2.38,164.76,-2.3,0.63
2026-03-11T19:40:00.000,4.37,160.57,-4.12,1.45
2026-03-11T19:50:00.000,1.5,229.02,-0.98,-1.13
2026-03-11T20:00:00.000,1.68,212.39,-1.42,-0.9
2026-03-11T20:10:00.000,0.42,149.56,-0.36,0.21
2026-03-11T20:20:00.000,3.31,149.7,-2.86,1.67
2026-03-11T20:30:00.000,1.34,156.98,-1.23,0.52
2026-03-11T20:40:00.000,0.74,170.16,-0.73,0.13
2026-03-11T20:50:00.000,2.95,136.79,-2.15,2.02
2026-03-11T21:00:00.000,3.78,94.21,-0.28,3.77
2026-03-11T21:10:00.000,0.49,242.74,-0.22,-0.43
2026-03-11T21:20:00.000,1.12,203.48,-1.03,-0.45
2026-03-11T21:30:00.000,1.4,129.54,-0.89,1.08
2026-03-11T21:40:00.000,1.64,192.06,-1.6,-0.34
2026-03-11T21:50:00.000,3.93,118.73,-1.89,3.45
2026-03-11T22:00:00.000,0.21,247.76,-0.08,-0.19
2026-03-11T22:10:00.000,1.25,180.83,-1.25,-0.02
2026-03-11T22:20:00.000,0.75,217.19,-0.6,-0.45
2026-03-11T22:30:00.000,1.35,113.94,-0.55,1.23
2026-03-11T22:40:00.000,3.67,128.27,-2.27,2.88
2026-03-11T22:50:00.000,2.84,135.84,-2.04,1.98
2026-03-11T23:00:00.000,3.84,118.63,-1.84,3.37
2026-03-11T23:10:00.000,1.43,152.35,-1.26,0.66
2026-03-11T23:20:00.000,0.93,196.16,-0.89,-0.26
2026-03-11T23:30:00.000,3.09,114.36,-1.28,2.82
2026-03-11T23:40:00.000,0.82,185.91,-0.81,-0.08
2026-03-11T23:50:00.000,1.76,92.57,-0.08,1.76
2026-03-12T00:00:00.000,2.28,121.79,-1.2,1.94
2026-03-12T00:10:00.000,4.24,115.82,-1.85,3.82
2026-03-12T00:20:00.000,5.14,127.42,-3.12,4.08
2026-03-12T00:30:00.000,3.97,145.01,-3.26,2.28
2026-03-12T00:40:00.000,4.18,126.2,-2.47,3.37
2026-03-12T00:50:00.000,3.77,87.78,0.15,3.77
2026-03-12T01:00:00.000,0.73,134.28,-0.51,0.52
2026-03-12T01:10:00.000,2.28,137.53,-1.68,1.54
2026-03-12T01:20:00.000,1.95,184.26,-1.95,-0.14
2026-03-12T01:30:00.000,2.25,205.48,-2.03,-0.97
2026-03-12T01:40:00.000,1.56,203.05,-1.44,-0.61
2026-03-12T01:50:00.000,1.71,110.99,-0.61,1.59
2026-03-12T02:00:00.000,3.24,128.86,-2.03,2.52
2026-03-12T02:10:00.000,2.19,93.43,-0.13,2.18
2026-03-12T02:20:00.000,0.75,162.27,-0.72,0.23
2026-03-12T02:30:00.000,0.46,244.3,-0.2,-0.41
2026-03-12T02:40:00.000,2.66,128.52,-1.66,2.08
2026-03-12T02:50:00.000,2.82,204.07,-2.57,-1.15
2026-03-12T03:00:00.000,1.37,210.23,-1.19,-0.69
2026-03-12T03:10:00.000,1.86,231.31,-1.16,-1.45
2026-03-12T03:20:00.000,1.44,88.87,0.03,1.44
2026-03-12T03:30:00.000,1.64,257.08,-0.37,-1.6
2026-03-12T03:40:00.000,0.89,82.93,0.11,0.88
2026-03-12T03:50:00.000,2.49,137.15,-1.83,1.7
2026-03-12T04:00:00.000,2,170.39,-1.97,0.33
2026-03-12T04:10:00.000,1.39,156.68,-1.27,0.55
2026-03-12T04:20:00.000,3.68,126.41,-2.18,2.96
2026-03-12T04:30:00.000,3.37,186.3,-3.35,-0.37
2026-03-12T04:40:00.000,4.32,189.94,-4.25,-0.75
2026-03-12T04:50:00.000,2.68,200.04,-2.52,-0.92
2026-03-12T05:00:00.000,1.31,195.53,-1.26,-0.35
2026-03-12T05:10:00.000,1.35,149.3,-1.16,0.69
2026-03-12T05:20:00.000,2.58,137.38,-1.9,1.74
2026-03-12T05:30:00.000,3.75,192.39,-3.66,-0.8
2026-03-12T05:40:00.000,4.78,183.55,-4.77,-0.3
2026-03-12T05:50:00.000,1.98,142.39,-1.57,1.21
2026-03-12T06:00:00.000,2.02,192.56,-1.97,-0.44
2026-03-12T06:10:00.000,1.45,104.97,-0.37,1.4
2026-03-12T06:20:00.000,0.7,88.26,0.02,0.7
2026-03-12T06:30:00.000,0.33,52.15,0.21,0.26
2026-03-12T06:40:00.000,1.37,27.27,1.22,0.63
2026-03-12T06:50:00.000,0.55,324.75,0.45,-0.32
2026-03-12T07:00:00.000,1.52,141.26,-1.18,0.95
2026-03-12T07:10:00.000,0.44,25.89,0.4,0.19
2026-03-12T07:20:00.000,4.01,115.34,-1.72,3.62
2026-03-12T07:30:00.000,4.76,112.42,-1.82,4.4
2026-03-12T07:40:00.000,4.07,172.79,-4.04,0.51
2026-03-12T07:50:00.000,1.42,196.4,-1.36,-0.4
2026-03-12T08:00:00.000,2.36,106.01,-0.65,2.27
2026-03-12T08:10:00.000,1.55,218.3,-1.22,-0.96
2026-03-12T08:20:00.000,1.6,158.63,-1.49,0.58
2026-03-12T08:30:00.000,1.85,154.11,-1.67,0.81
2026-03-12T08:40:00.000,0.77,179.69,-0.77,0
2026-03-12T08:50:00.000,1.44,170.22,-1.42,0.25
2026-03-12T09:00:00.000,3.43,178.68,-3.43,0.08
2026-03-12T09:10:00.000,4.7,213.17,-3.93,-2.57
2026-03-12T09:20:00.000,1.41,197.07,-1.35,-0.41
2026-03-12T09:30:00.000,1.01,120.88,-0.52,0.87
2026-03-12T09:40:00.000,0.17,107.75,-0.05,0.16
2026-03-12T09:50:00.000,0.5,259.82,-0.09,-0.49
2026-03-12T10:00:00.000,1.62,149.68,-1.4,0.82
2026-03-12T10:10:00.000,5.38,135.58,-3.84,3.76
2026-03-12T10:20:00.000,14.62,169.87,-14.4,2.57
2026-03-12T10:30:00.000,11.68,213.7,-9.72,-6.48
2026-03-12T10:40:00.000,6.86,207.9,-6.07,-3.21
2026-03-12T10:50:00.000,9.47,249.25,-3.36,-8.86
2026-03-12T11:00:00.000,17.86,190.78,-17.54,-3.34
2026-03-12T11:10:00.000,3.82,116.03,-1.68,3.44
2026-03-12T11:20:00.000,17.63,213.23,-14.75,-9.66
2026-03-12T11:30:00.000,12.88,222.94,-9.43,-8.78
2026-03-12T11:40:00.000,2.01,190.88,-1.97,-0.38
2026-03-12T11:50:00.000,8.89,157.71,-8.22,3.37
2026-03-12T12:00:00.000,7.42,225.48,-5.2,-5.29
2026-03-12T12:10:00.000,6.78,175.87,-6.76,0.49
2026-03-12T12:20:00.000,11.7,202.07,-10.84,-4.4
2026-03-12T12:30:00.000,1.91,197.73,-1.82,-0.58
2026-03-12T12:40:00.000,5.29,139.01,-3.99,3.47
2026-03-12T12:50:00.000,2.47,234.64,-1.43,-2.02
2026-03-12T13:00:00.000,4.81,189.31,-4.74,-0.78
2026-03-12T13:10:00.000,3.46,181.92,-3.46,-0.12
2026-03-12T13:20:00.000,5.89,200.97,-5.5,-2.11
2026-03-12T13:30:00.000,11.9,205.14,-10.77,-5.05
2026-03-12T13:40:00.000,6.08,217.36,-4.84,-3.69
2026-03-12T13:50:00.000,7.83,194.61,-7.58,-1.98
2026-03-12T14:00:00.000,6.67,205.73,-6.01,-2.89
2026-03-12T14:10:00.000,5.8,174.48,-5.77,0.56
2026-03-12T14:20:00.000,3.84,145.23,-3.15,2.19
2026-03-12T14:30:00.000,4.6,193.78,-4.47,-1.1
2026-03-12T14:40:00.000,7.87,199.06,-7.44,-2.57
2026-03-12T14:50:00.000,6.97,180.41,-6.97,-0.05
2026-03-12T15:00:00.000,7.8,198.98,-7.38,-2.54
2026-03-12T15:10:00.000,5.34,209.91,-4.63,-2.66
2026-03-12T15:20:00.000,11.3,192.08,-11.05,-2.36
2026-03-12T15:30:00.000,9.52,169.7,-9.37,1.7
2026-03-12T15:40:00.000,6.99,217.74,-5.53,-4.28
2026-03-12T15:50:00.000,9.14,178.83,-9.14,0.19
2026-03-12T16:00:00.000,3.05,194.31,-2.96,-0.75
2026-03-12T16:10:00.000,8.23,190.45,-8.09,-1.49
2026-03-12T16:20:00.000,7.11,202.55,-6.57,-2.73
2026-03-12T16:30:00.000,5.89,188.14,-5.83,-0.83
2026-03-12T16:40:00.000,4.66,205.96,-4.19,-2.04
2026-03-12T16:50:00.000,1.71,178.88,-1.71,0.03
2026-03-12T17:00:00.000,3.04,262.27,-0.41,-3.01
2026-03-12T17:10:00.000,3.13,172.02,-3.1,0.43
2026-03-12T17:20:00.000,3.67,214.07,-3.04,-2.06
2026-03-12T17:30:00.000,3.34,176.21,-3.33,0.22
2026-03-12T17:40:00.000,7.4,197.08,-7.08,-2.17
2026-03-12T17:50:00.000,8.85,176.03,-8.83,0.61
2026-03-12T18:00:00.000,5.97,227.24,-4.05,-4.38
2026-03-12T18:10:00.000,2.65,184.46,-2.64,-0.21
2026-03-12T18:20:00.000,5.1,217.51,-4.05,-3.11
2026-03-12T18:30:00.000,1.5,144.24,-1.22,0.88
2026-03-12T18:40:00.000,3.75,191.84,-3.67,-0.77
2026-03-12T18:50:00.000,3.19,181.41,-3.19,-0.08
2026-03-12T19:00:00.000,1.36,228.93,-0.89,-1.03
2026-03-12T19:10:00.000,2.37,189.1,-2.34,-0.37
2026-03-12T19:20:00.000,3.32,215.69,-2.7,-1.94
2026-03-12T19:30:00.000,3.36,190.37,-3.31,-0.6
2026-03-12T19:40:00.000,1.7,162.1,-1.61,0.52
2026-03-12T19:50:00.000,0.77,204.6,-0.7,-0.32
2026-03-12T20:00:00.000,1.05,171.13,-1.04,0.16
2026-03-12T20:10:00.000,2.11,160.18,-1.99,0.72
2026-03-12T20:20:00.000,1.65,264.29,-0.16,-1.64
2026-03-12T20:30:00.000,2.83,171.62,-2.8,0.41
2026-03-12T20:40:00.000,0.23,164.03,-0.22,0.06
2026-03-12T20:50:00.000,0.22,220.7,-0.17,-0.14
2026-03-12T21:00:00.000,0.65,177.23,-0.65,0.03
2026-03-12T21:10:00.000,2.48,97.65,-0.33,2.46
2026-03-12T21:20:00.000,1.1,179.33,-1.1,0.01
2026-03-12T21:30:00.000,1.61,241.25,-0.77,-1.41
2026-03-12T21:40:00.000,1.8,260.4,-0.3,-1.77
2026-03-12T21:50:00.000,1.12,146.07,-0.93,0.62
2026-03-12T22:00:00.000,1.86,120.6,-0.95,1.6
2026-03-12T22:10:00.000,0.45,235.85,-0.25,-0.38
2026-03-12T22:20:00.000,1.74,171.53,-1.72,0.26
2026-03-12T22:30:00.000,1.47,196.18,-1.41,-0.41
2026-03-12T22:40:00.000,2.77,209.59,-2.41,-1.37
2026-03-12T22:50:00.000,2.49,194.11,-2.42,-0.61
2026-03-12T23:00:00.000,0.65,193.21,-0.63,-0.15
2026-03-12T23:10:00.000,0.94,246.57,-0.37,-0.86
2026-03-12T23:20:00.000,1.26,183.85,-1.25,-0.08
2026-03-12T23:30:00.000,3.46,183.83,-3.45,-0.23
2026-03-12T23:40:00.000,0.49,226.69,-0.33,-0.35
2026-03-12T23:50:00.000,0.81,217.9,-0.64,-0.5
2026-03-13T00:00:00.000,1.42,175.07,-1.41,0.12
2026-03-13T00:10:00.000,1.69,124.82,-0.96,1.39
2026-03-13T00:20:00.000,0.68,182.6,-0.68,-0.03
2026-03-13T00:30:00.000,0.89,226.16,-0.62,-0.65
2026-03-13T00:40:00.000,1.77,185.12,-1.77,-0.16
2026-03-13T00:50:00.000,2.04,177.62,-2.04,0.08
2026-03-13T01:00:00.000,0.71,204.65,-0.64,-0.29
2026-03-13T01:10:00.000,0.51,188.52,-0.5,-0.08
2026-03-13T01:20:00.000,0.68,212.52,-0.57,-0.37
2026-03-13T01:30:00.000,1.02,154.35,-0.92,0.44
2026-03-13T01:40:00.000,0.54,175.71,-0.54,0.04
2026-03-13T01:50:00.000,0.57,220.04,-0.43,-0.36
2026-03-13T02:00:00.000,0.48,209.87,-0.42,-0.24
2026-03-13T02:10:00.000,0.51,213.5,-0.43,-0.28
2026-03-13T02:20:00.000,0.57,211.74,-0.49,-0.3
2026-03-13T02:30:00.000,0.79,226.69,-0.54,-0.58
2026-03-13T02:40:00.000,0.78,212.43,-0.66,-0.42
2026-03-13T02:50:00.000,0.27,228.04,-0.18,-0.2
2026-03-13T03:00:00.000,1.02,21.91,0.95,0.38
2026-03-13T03:10:00.000,1.65,14.71,1.6,0.42
2026-03-13T03:20:00.000,3.28,86.72,0.19,3.28
2026-03-13T03:30:00.000,2.02,67.83,0.76,1.88
2026-03-13T03:40:00.000,3.04,191.35,-2.98,-0.6
2026-03-13T03:50:00.000,1.2,227.58,-0.81,-0.89
2026-03-13T04:00:00.000,2.02,213.42,-1.68,-1.11
2026-03-13T04:10:00.000,0.83,239.14,-0.42,-0.71
2026-03-13T04:20:00.000,1.31,240.29,-0.65,-1.14
2026-03-13T04:30:00.000,0.54,260.43,-0.09,-0.53
2026-03-13T04:40:00.000,0.3,73.48,0.08,0.28
2026-03-13T04:50:00.000,2.59,70.19,0.88,2.44
2026-03-13T05:00:00.000,2.07,49.14,1.36,1.57
2026-03-13T05:10:00.000,1.21,57.07,0.66,1.01
2026-03-13T05:20:00.000,2.9,91.58,-0.08,2.9
2026-03-13T05:30:00.000,2.25,56.96,1.23,1.89
2026-03-13T05:40:00.000,1.48,30.31,1.28,0.75
2026-03-13T05:50:00.000,0.15,46.71,0.1,0.11
2026-03-13T06:00:00.000,3.39,114.06,-1.38,3.1
2026-03-13T06:10:00.000,0.43,199.57,-0.41,-0.15
2026-03-13T06:20:00.000,0.53,217.54,-0.42,-0.33
2026-03-13T06:30:00.000,0.49,147.32,-0.41,0.26
2026-03-13T06:40:00.000,0.35,166.45,-0.34,0.08
2026-03-13T06:50:00.000,0.85,205.51,-0.77,-0.37
2026-03-13T07:00:00.000,6.6,201.5,-6.14,-2.42
2026-03-13T07:10:00.000,4.46,187.62,-4.42,-0.59
2026-03-13T07:20:00.000,6.23,209.33,-5.43,-3.05
2026-03-13T07:30:00.000,4.57,163.35,-4.38,1.31
2026-03-13T07:40:00.000,7.91,205.98,-7.11,-3.46
2026-03-13T07:50:00.000,7.01,204.32,-6.39,-2.89
2026-03-13T08:00:00.000,5.98,210.13,-5.17,-3
2026-03-13T08:10:00.000,6.16,178.37,-6.16,0.18
2026-03-13T08:20:00.000,5.65,139.36,-4.29,3.68
2026-03-13T08:30:00.000,1.22,152.39,-1.08,0.57
2026-03-13T08:40:00.000,3.92,235.34,-2.23,-3.23
2026-03-13T08:50:00.000,4.48,162.1,-4.26,1.38
2026-03-13T09:00:00.000,10.55,191.59,-10.34,-2.12
2026-03-13T09:10:00.000,6.79,190.04,-6.69,-1.18
2026-03-13T09:20:00.000,3.33,186.28,-3.31,-0.36
2026-03-13T09:30:00.000,12.39,210.31,-10.69,-6.25
2026-03-13T09:40:00.000,6.43,188.35,-6.36,-0.93
2026-03-13T09:50:00.000,4.82,130.75,-3.14,3.65
2026-03-13T10:00:00.000,14.47,207.58,-12.83,-6.7
2026-03-13T10:10:00.000,10.13,200.19,-9.5,-3.49
2026-03-13T10:20:00.000,9.57,202.11,-8.87,-3.6
2026-03-13T10:30:00.000,19.62,217.46,-15.57,-11.94
2026-03-13T10:40:00.000,8.14,172.79,-8.08,1.02
2026-03-13T10:50:00.000,14.44,207.47,-12.82,-6.66
2026-03-13T11:00:00.000,6.31,212.95,-5.3,-3.43
2026-03-13T11:10:00.000,16.7,194.74,-16.15,-4.25
2026-03-13T11:20:00.000,19.47,210.86,-16.72,-9.99
2026-03-13T11:30:00.000,7.55,208.4,-6.65,-3.59
2026-03-13T11:40:00.000,10.74,232.78,-6.49,-8.55
2026-03-13T11:50:00.000,2.13,218.96,-1.66,-1.34
2026-03-13T12:00:00.000,6.74,179.13,-6.74,0.1
2026-03-13T12:10:00.000,2.89,137.79,-2.14,1.94
2026-03-13T12:20:00.000,6.35,201.09,-5.92,-2.28
2026-03-13T12:30:00.000,4.25,164.95,-4.1,1.1
2026-03-13T12:40:00.000,1.31,224.54,-0.93,-0.92
2026-03-13T12:50:00.000,10.95,205.51,-9.88,-4.72
2026-03-13T13:00:00.000,8.39,188.2,-8.3,-1.2
2026-03-13T13:10:00.000,9.25,180.11,-9.25,-0.02
2026-03-13T13:20:00.000,9.06,218.83,-7.06,-5.68
2026-03-13T13:30:00.000,2.28,230.7,-1.44,-1.76
2026-03-13T13:40:00.000,4,196.44,-3.83,-1.13
2026-03-13T13:50:00.000,8.66,187.52,-8.59,-1.13
2026-03-13T14:00:00.000,8.69,201.04,-8.11,-3.12
2026-03-13T14:10:00.000,4.06,174.07,-4.04,0.42
2026-03-13T14:20:00.000,13.76,195.63,-13.25,-3.71
2026-03-13T14:30:00.000,5.07,197.26,-4.84,-1.5
2026-03-13T14:40:00.000,0.71,125.15,-0.41,0.58
2026-03-13T14:50:00.000,4.48,162.92,-4.28,1.32
2026-03-13T15:00:00.000,1.74,192.66,-1.7,-0.38
2026-03-13T15:10:00.000,5.03,187.34,-4.99,-0.64
2026-03-13T15:20:00.000,4.19,191.01,-4.11,-0.8
2026-03-13T15:30:00.000,9.95,178.8,-9.94,0.21
2026-03-13T15:40:00.000,2.51,139.62,-1.91,1.63
2026-03-13T15:50:00.000,3.95,155.17,-3.58,1.66
2026-03-13T16:00:00.000,3.62,206.46,-3.24,-1.61
2026-03-13T16:10:00.000,7.06,223.07,-5.16,-4.82
2026-03-13T16:20:00.000,1.16,186.62,-1.15,-0.13
2026-03-13T16:30:00.000,9.8,182.29,-9.79,-0.39
2026-03-13T16:40:00.000,8.29,209.8,-7.19,-4.12
2026-03-13T16:50:00.000,2.47,173.74,-2.46,0.27
2026-03-13T17:00:00.000,14.05,210.72,-12.08,-7.18
2026-03-13T17:10:00.000,9.41,224.05,-6.76,-6.54
2026-03-13T17:20:00.000,1.2,254.79,-0.31,-1.15
2026-03-13T17:30:00.000,4.87,194.43,-4.72,-1.21
2026-03-13T17:40:00.000,4.62,232.2,-2.83,-3.65
2026-03-13T17:50:00.000,6.48,189.17,-6.4,-1.03
2026-03-13T18:00:00.000,3.92,172.27,-3.88,0.53
2026-03-13T18:10:00.000,1.34,22.13,1.24,0.51
2026-03-13T18:20:00.000,1.18,232.88,-0.71,-0.94
2026-03-13T18:30:00.000,2.84,168.59,-2.78,0.56
2026-03-13T18:40:00.000,5.94,228.24,-3.96,-4.43
2026-03-13T18:50:00.000,4.94,167.48,-4.82,1.07
2026-03-13T19:00:00.000,2.43,183.82,-2.43,-0.16
2026-03-13T19:10:00.000,3.8,194.37,-3.68,-0.94
2026-03-13T19:20:00.000,0.71,138.55,-0.53,0.47
2026-03-13T19:30:00.000,3.36,142.93,-2.68,2.03
2026-03-13T19:40:00.000,1.49,221.02,-1.13,-0.98
2026-03-13T19:50:00.000,0.33,213.08,-0.27,-0.18
2026-03-13T20:00:00.000,1.71,175.74,-1.71,0.13
2026-03-13T20:10:00.000,2.17,356.88,2.17,-0.12
2026-03-13T20:20:00.000,2.36,203.59,-2.16,-0.95
2026-03-13T20:30:00.000,1.92,177.98,-1.92,0.07
2026-03-13T20:40:00.000,4.98,245.85,-2.04,-4.54
2026-03-13T20:50:00.000,5.07,214.97,-4.16,-2.91
2026-03-13T21:00:00.000,3.79,226.41,-2.61,-2.75
2026-03-13T21:10:00.000,3.81,203.15,-3.5,-1.5
2026-03-13T21:20:00.000,3.86,201.23,-3.59,-1.4
2026-03-13T21:30:00.000,3.19,217.99,-2.51,-1.96
2026-03-13T21:40:00.000,3.25,186.55,-3.23,-0.37
2026-03-13T21:50:00.000,4.53,212.1,-3.84,-2.41
2026-03-13T22:00:00.000,6.76,218.92,-5.26,-4.24
2026-03-13T22:10:00.000,6.16,210.52,-5.3,-3.13
2026-03-13T22:20:00.000,4.49,208.72,-3.93,-2.16
2026-03-13T22:30:00.000,5.31,227.89,-3.56,-3.94
2026-03-13T22:40:00.000,5.8,214.47,-4.78,-3.28
2026-03-13T22:50:00.000,4.06,203.66,-3.72,-1.63
2026-03-13T23:00:00.000,4.13,208.65,-3.62,-1.98
2026-03-13T23:10:00.000,5.43,215.18,-4.44,-3.13
2026-03-13T23:20:00.000,5.22,212.11,-4.43,-2.78
2026-03-13T23:30:00.000,3.65,205.07,-3.31,-1.55
2026-03-13T23:40:00.000,4.81,218.03,-3.79,-2.96
2026-03-13T23:50:00.000,4.24,212.72,-3.57,-2.29
2026-03-14T00:00:00.000,4.42,197.39,-4.21,-1.32
2026-03-14T00:10:00.000,4.7,219.73,-3.61,-3
2026-03-14T00:20:00.000,4.84,205.27,-4.37,-2.07
2026-03-14T00:30:00.000,3.3,199.86,-3.11,-1.12
2026-03-14T00:40:00.000,2.86,204.75,-2.6,-1.2
2026-03-14T00:50:00.000,3.2,197.13,-3.06,-0.94
2026-03-14T01:00:00.000,1.32,186.11,-1.31,-0.14
2026-03-14T01:10:00.000,0.99,185.43,-0.99,-0.09
2026-03-14T01:20:00.000,1.3,193.76,-1.26,-0.31
2026-03-14T01:30:00.000,1.44,187.98,-1.43,-0.2
2026-03-14T01:40:00.000,2.33,170.76,-2.3,0.37
2026-03-14T01:50:00.000,1.63,157.48,-1.51,0.62
2026-03-14T02:00:00.000,0.67,187.22,-0.67,-0.08
2026-03-14T02:10:00.000,0.41,167.47,-0.4,0.09
2026-03-14T02:20:00.000,0.94,90.34,-0.01,0.94
2026-03-14T02:30:00.000,0.76,109.19,-0.25,0.72
2026-03-14T02:40:00.000,0.89,134.48,-0.62,0.63
2026-03-14T02:50:00.000,0.47,129.16,-0.29,0.36
2026-03-14T03:00:00.000,0.35,126.93,-0.21,0.28
2026-03-14T03:10:00.000,0.22,156.28,-0.21,0.09
2026-03-14T03:20:00.000,0.21,208.14,-0.19,-0.1
2026-03-14T03:30:00.000,0.16,202.73,-0.15,-0.06
2026-03-14T03:40:00.000,0.36,193.42,-0.35,-0.08
2026-03-14T03:50:00.000,0.33,229.67,-0.22,-0.25
2026-03-14T04:00:00.000,0.22,246.45,-0.09,-0.2
2026-03-14T04:10:00.000,0.24,227.08,-0.16,-0.18
2026-03-14T04:20:00.000,0.84,56.54,0.46,0.7
2026-03-14T04:30:00.000,1.17,17.64,1.12,0.36
2026-03-14T04:40:00.000,2.29,28,2.02,1.07
2026-03-14T04:50:00.000,0.34,326.74,0.29,-0.19
2026-03-14T05:00:00.000,0.13,276.15,0.01,-0.13
2026-03-14T05:10:00.000,1.63,323.68,1.31,-0.97
2026-03-14T05:20:00.000,1.15,322.22,0.91,-0.7
2026-03-14T05:30:00.000,1.27,318.39,0.95,-0.84
2026-03-14T05:40:00.000,3.9,352.43,3.87,-0.51
2026-03-14T05:50:00.000,3.87,52.19,2.37,3.06
2026-03-14T06:00:00.000,3.41,69.17,1.21,3.19
2026-03-14T06:10:00.000,1.12,158.58,-1.05,0.41
2026-03-14T06:20:00.000,1.67,287.37,0.5,-1.59
2026-03-14T06:30:00.000,1.35,243.48,-0.6,-1.21
2026-03-14T06:40:00.000,0.43,140.8,-0.33,0.27
2026-03-14T06:50:00.000,0.33,168.34,-0.33,0.07
2026-03-14T07:00:00.000,2.11,114.18,-0.86,1.92
2026-03-14T07:10:00.000,3.1,196.2,-2.98,-0.86
2026-03-14T07:20:00.000,0.79,183.3,-0.79,-0.05
2026-03-14T07:30:00.000,0.57,200.21,-0.53,-0.2
2026-03-14T07:40:00.000,1.39,202.47,-1.29,-0.53
2026-03-14T07:50:00.000,1.52,155.66,-1.39,0.63
2026-03-14T08:00:00.000,1.12,183.13,-1.11,-0.06
2026-03-14T08:10:00.000,1.34,178.59,-1.34,0.03
2026-03-14T08:20:00.000,0.63,144.26,-0.51,0.37
2026-03-14T08:30:00.000,0.6,189.55,-0.59,-0.1
2026-03-14T08:40:00.000,3.37,191.42,-3.31,-0.67
2026-03-14T08:50:00.000,2.28,201.82,-2.12,-0.85
2026-03-14T09:00:00.000,1.43,196.77,-1.37,-0.41
2026-03-14T09:10:00.000,0.69,211.94,-0.59,-0.37
2026-03-14T09:20:00.000,0.92,193.57,-0.9,-0.22
2026-03-14T09:30:00.000,0.73,198.74,-0.7,-0.24
2026-03-14T09:40:00.000,3.41,189.33,-3.36,-0.55
2026-03-14T09:50:00.000,1.73,221.44,-1.3,-1.14
2026-03-14T10:00:00.000,0.83,218.73,-0.65,-0.52
2026-03-14T10:10:00.000,3.55,210.27,-3.07,-1.79
2026-03-14T10:20:00.000,1.57,217.01,-1.25,-0.95
2026-03-14T10:30:00.000,4.2,233.35,-2.51,-3.37
2026-03-14T10:40:00.000,1.51,215.78,-1.22,-0.88
2026-03-14T10:50:00.000,7.01,199.73,-6.59,-2.36
2026-03-14T11:00:00.000,6.52,212.15,-5.52,-3.47
2026-03-14T11:10:00.000,7.73,210.54,-6.66,-3.93
2026-03-14T11:20:00.000,8.92,215.08,-7.3,-5.13
2026-03-14T11:30:00.000,9.23,209.27,-8.05,-4.51
2026-03-14T11:40:00.000,5.22,196.56,-5,-1.49
2026-03-14T11:50:00.000,8.35,210.65,-7.18,-4.26
2026-03-14T12:00:00.000,8.7,207.86,-7.69,-4.06
2026-03-14T12:10:00.000,4.27,219.95,-3.27,-2.74
2026-03-14T12:20:00.000,3.06,122.08,-1.62,2.59
2026-03-14T12:30:00.000,4.73,201.23,-4.41,-1.71
2026-03-14T12:40:00.000,6.15,187.79,-6.1,-0.83
2026-03-14T12:50:00.000,6.27,215.03,-5.13,-3.6
2026-03-14T13:00:00.000,5.89,204.95,-5.34,-2.48
2026-03-14T13:10:00.000,5.13,230.91,-3.23,-3.98
2026-03-14T13:20:00.000,6.4,181.18,-6.4,-0.13
2026-03-14T13:30:00.000,8.8,229.49,-5.72,-6.69
2026-03-14T13:40:00.000,6.36,190.08,-6.26,-1.11
2026-03-14T13:50:00.000,6.96,209.46,-6.06,-3.42
2026-03-14T14:00:00.000,3.12,236.07,-1.74,-2.59
2026-03-14T14:10:00.000,4.07,219.54,-3.14,-2.59
2026-03-14T14:20:00.000,4.33,186.56,-4.31,-0.5
2026-03-14T14:30:00.000,5.84,185.37,-5.81,-0.55
2026-03-14T14:40:00.000,6.05,201.69,-5.62,-2.24
2026-03-14T14:50:00.000,7.44,219.01,-5.78,-4.69
2026-03-14T15:00:00.000,7.83,225.7,-5.47,-5.6
2026-03-14T15:10:00.000,7.01,216.63,-5.63,-4.18
2026-03-14T15:20:00.000,5.18,192.9,-5.05,-1.16
2026-03-14T15:30:00.000,9.72,215.56,-7.91,-5.66
2026-03-14T15:40:00.000,3.78,222.1,-2.8,-2.53
2026-03-14T15:50:00.000,6.68,218.67,-5.22,-4.17
2026-03-14T16:00:00.000,7.87,218.9,-6.12,-4.94
2026-03-14T16:10:00.000,0.89,245.79,-0.37,-0.81
2026-03-14T16:20:00.000,5.32,211.61,-4.53,-2.79
2026-03-14T16:30:00.000,5.74,201.04,-5.35,-2.06
2026-03-14T16:40:00.000,5.11,218.55,-4,-3.19
2026-03-14T16:50:00.000,4.39,186.85,-4.35,-0.52
2026-03-14T17:00:00.000,4.6,169.56,-4.53,0.83
2026-03-14T17:10:00.000,2.68,198.24,-2.54,-0.84
2026-03-14T17:20:00.000,2.87,187.57,-2.85,-0.38
2026-03-14T17:30:00.000,4.94,216.97,-3.95,-2.97
2026-03-14T17:40:00.000,1.99,144.24,-1.61,1.16
2026-03-14T17:50:00.000,2.27,207.98,-2.01,-1.07
2026-03-14T18:00:00.000,1.58,217.76,-1.25,-0.97
2026-03-14T18:10:00.000,1.42,209.69,-1.23,-0.7
2026-03-14T18:20:00.000,5.14,207.92,-4.54,-2.41
2026-03-14T18:30:00.000,5.3,197.56,-5.05,-1.6
2026-03-14T18:40:00.000,2.83,183.13,-2.83,-0.15
2026-03-14T18:50:00.000,4.77,217.95,-3.76,-2.93
2026-03-14T19:00:00.000,3.77,187.62,-3.74,-0.5
2026-03-14T19:10:00.000,2.51,191.98,-2.45,-0.52
2026-03-14T19:20:00.000,3.53,202.9,-3.26,-1.38
2026-03-14T19:30:00.000,1.04,197.98,-0.99,-0.32
2026-03-14T19:40:00.000,5.23,218.94,-4.06,-3.28
2026-03-14T19:50:00.000,3.01,186.97,-2.98,-0.36
2026-03-14T20:00:00.000,4.08,215.81,-3.31,-2.39
2026-03-14T20:10:00.000,4.34,201.38,-4.05,-1.58
2026-03-14T20:20:00.000,2.07,209.7,-1.8,-1.03
2026-03-14T20:30:00.000,2.15,228.9,-1.41,-1.62
2026-03-14T20:40:00.000,2.47,233.99,-1.45,-2
2026-03-14T20:50:00.000,2.09,196.18,-2,-0.58
2026-03-14T21:00:00.000,5.41,215.68,-4.39,-3.15
2026-03-14T21:10:00.000,3.93,231.76,-2.43,-3.09
2026-03-14T21:20:00.000,0.92,191.25,-0.9,-0.18
2026-03-14T21:30:00.000,3.91,222.1,-2.9,-2.62
2026-03-14T21:40:00.000,3.74,216.73,-3,-2.24
2026-03-14T21:50:00.000,2.37,182.68,-2.36,-0.11
2026-03-14T22:00:00.000,3.66,212.4,-3.09,-1.96
2026-03-14T22:10:00.000,2.56,191.69,-2.51,-0.52
2026-03-14T22:20:00.000,4.1,204.51,-3.73,-1.7
2026-03-14T22:30:00.000,3.74,217.36,-2.97,-2.27
2026-03-14T22:40:00.000,1.68,214,-1.39,-0.94
2026-03-14T22:50:00.000,4.2,226.32,-2.9,-3.04
2026-03-14T23:00:00.000,4.19,219.59,-3.23,-2.67
2026-03-14T23:10:00.000,1.96,196.99,-1.87,-0.57
2026-03-14T23:20:00.000,5.23,208.79,-4.59,-2.52
2026-03-14T23:30:00.000,3.81,212.86,-3.2,-2.07
2026-03-14T23:40:00.000,6.31,216.06,-5.1,-3.72
2026-03-14T23:50:00.000,6.57,217.2,-5.23,-3.97
2026-03-15T00:00:00.000,6.04,222.59,-4.45,-4.09
2026-03-15T00:10:00.000,5.63,211.64,-4.79,-2.95
2026-03-15T00:20:00.000,2.54,240.17,-1.26,-2.2
2026-03-15T00:30:00.000,3.2,188.54,-3.17,-0.48
2026-03-15T00:40:00.000,4.52,221.67,-3.38,-3.01
2026-03-15T00:50:00.000,5.26,220.36,-4.01,-3.4
2026-03-15T01:00:00.000,4.5,227.12,-3.06,-3.3
2026-03-15T01:10:00.000,5.29,203.48,-4.86,-2.11
2026-03-15T01:20:00.000,2.28,247.22,-0.88,-2.1
2026-03-15T01:30:00.000,1.8,208.58,-1.58,-0.86
2026-03-15T01:40:00.000,1.04,219.83,-0.8,-0.66
2026-03-15T01:50:00.000,3.25,215.02,-2.66,-1.86
2026-03-15T02:00:00.000,1.81,246.63,-0.72,-1.67
2026-03-15T02:10:00.000,2.23,226.95,-1.52,-1.63
2026-03-15T02:20:00.000,4.51,246.38,-1.81,-4.13
2026-03-15T02:30:00.000,3.96,237.27,-2.14,-3.33
2026-03-15T02:40:00.000,3.14,243.71,-1.39,-2.82
2026-03-15T02:50:00.000,1.47,227.04,-1,-1.07
2026-03-15T03:00:00.000,1.69,228.4,-1.12,-1.26
2026-03-15T03:10:00.000,0.92,226.27,-0.64,-0.67
2026-03-15T03:20:00.000,0.86,249.15,-0.31,-0.8
2026-03-15T03:30:00.000,0.72,246.92,-0.28,-0.67
2026-03-15T03:40:00.000,3.43,272.14,0.13,-3.43
2026-03-15T03:50:00.000,1.05,252.1,-0.32,-1
2026-03-15T04:00:00.000,2.08,313.38,1.43,-1.51
2026-03-15T04:10:00.000,1.74,294.13,0.71,-1.58
2026-03-15T04:20:00.000,1.65,291.15,0.6,-1.54
2026-03-15T04:30:00.000,2.13,302.25,1.14,-1.8
2026-03-15T04:40:00.000,2.29,307.5,1.4,-1.82
2026-03-15T04:50:00.000,2.96,297.89,1.38,-2.62
2026-03-15T05:00:00.000,1.92,277.49,0.25,-1.9
2026-03-15T05:10:00.000,1.73,288.56,0.55,-1.64
2026-03-15T05:20:00.000,2.65,260.83,-0.42,-2.62
2026-03-15T05:30:00.000,3.19,287.33,0.95,-3.04
2026-03-15T05:40:00.000,4.38,300.4,2.21,-3.77
2026-03-15T05:50:00.000,4.8,285.69,1.3,-4.62
2026-03-15T06:00:00.000,4.86,267.44,-0.22,-4.86
2026-03-15T06:10:00.000,4.36,285.77,1.18,-4.2
2026-03-15T06:20:00.000,4.21,260.46,-0.7,-4.15
2026-03-15T06:30:00.000,2.32,215.34,-1.89,-1.34
2026-03-15T06:40:00.000,3.49,140.06,-2.67,2.24
2026-03-15T06:50:00.000,3.95,131.99,-2.64,2.93
2026-03-15T07:00:00.000,1.42,148.26,-1.21,0.75
2026-03-15T07:10:00.000,0.72,101.15,-0.14,0.7
2026-03-15T07:20:00.000,0.33,223.66,-0.24,-0.23
2026-03-15T07:30:00.000,1.44,12.62,1.41,0.31
2026-03-15T07:40:00.000,3.72,91.19,-0.08,3.72
2026-03-15T07:50:00.000,2.53,78.46,0.51,2.48
2026-03-15T08:00:00.000,1.65,70.41,0.55,1.56
2026-03-15T08:10:00.000,1.6,147.47,-1.35,0.86
2026-03-15T08:20:00.000,1.4,217.53,-1.11,-0.85
2026-03-15T08:30:00.000,0.74,213.17,-0.62,-0.41
2026-03-15T08:40:00.000,0.68,216.52,-0.55,-0.41
2026-03-15T08:50:00.000,0.58,224.23,-0.41,-0.4
2026-03-15T09:00:00.000,0.58,226.61,-0.4,-0.42
2026-03-15T09:10:00.000,1.12,270.46,0.01,-1.12
2026-03-15T09:20:00.000,0.82,241.49,-0.39,-0.72
2026-03-15T09:30:00.000,0.94,277.66,0.12,-0.93
2026-03-15T09:40:00.000,0.63,224.8,-0.44,-0.44
2026-03-15T09:50:00.000,3.13,299.86,1.56,-2.71
2026-03-15T10:00:00.000,4.19,237.29,-2.27,-3.53
2026-03-15T10:10:00.000,3.32,228.94,-2.18,-2.5
2026-03-15T10:20:00.000,7.43,225.09,-5.24,-5.26
2026-03-15T10:30:00.000,6.45,215.79,-5.23,-3.77
2026-03-15T10:40:00.000,5.59,210.44,-4.82,-2.83
2026-03-15T10:50:00.000,2.83,182.49,-2.83,-0.12
2026-03-15T11:00:00.000,9.67,211.17,-8.27,-5
2026-03-15T11:10:00.000,13.85,202.57,-12.79,-5.32
2026-03-15T11:20:00.000,5.91,164.33,-5.69,1.6
2026-03-15T11:30:00.000,23.64,210.86,-20.29,-12.12
2026-03-15T11:40:00.000,8.61,204.58,-7.83,-3.58
2026-03-15T11:50:00.000,17.7,205.6,-15.96,-7.65
2026-03-15T12:00:00.000,7.88,227.78,-5.3,-5.84
2026-03-15T12:10:00.000,12.57,213.3,-10.51,-6.9
2026-03-15T12:20:00.000,9.95,213.22,-8.32,-5.45
2026-03-15T12:30:00.000,4.86,136.13,-3.5,3.37
2026-03-15T12:40:00.000,14.04,197.35,-13.4,-4.19
2026-03-15T12:50:00.000,16.96,214.87,-13.91,-9.69
2026-03-15T13:00:00.000,7.24,223.51,-5.25,-4.98
2026-03-15T13:10:00.000,11.23,222.05,-8.34,-7.52
2026-03-15T13:20:00.000,15.78,218.41,-12.36,-9.8
2026-03-15T13:30:00.000,16.68,207.95,-14.73,-7.82
2026-03-15T13:40:00.000,9.37,234.33,-5.47,-7.62
2026-03-15T13:50:00.000,8.23,217.45,-6.53,-5.01
2026-03-15T14:00:00.000,10.33,200.47,-9.68,-3.61
2026-03-15T14:10:00.000,13.12,231.48,-8.17,-10.27
2026-03-15T14:20:00.000,13.38,220.48,-10.17,-8.68
2026-03-15T14:30:00.000,12.38,231.91,-7.64,-9.74
2026-03-15T14:40:00.000,12.61,223.27,-9.19,-8.65
2026-03-15T14:50:00.000,16.61,214.02,-13.77,-9.29
2026-03-15T15:00:00.000,9.4,233.04,-5.65,-7.51
2026-03-15T15:10:00.000,6.01,231.24,-3.76,-4.69
2026-03-15T15:20:00.000,10.46,220.27,-7.98,-6.76
2026-03-15T15:30:00.000,6.84,233.5,-4.07,-5.5
2026-03-15T15:40:00.000,5.79,228.71,-3.82,-4.35
2026-03-15T15:50:00.000,4.26,266.94,-0.23,-4.25
2026-03-15T16:00:00.000,3.53,272.92,0.18,-3.53
2026-03-15T16:10:00.000,4.79,228.5,-3.17,-3.59
2026-03-15T16:20:00.000,6.7,298.35,3.18,-5.89
2026-03-15T16:30:00.000,3.03,292.4,1.16,-2.8
2026-03-15T16:40:00.000,1.61,220.58,-1.22,-1.05
2026-03-15T16:50:00.000,4.53,320.16,3.48,-2.9
2026-03-15T17:00:00.000,10.14,257.63,-2.17,-9.9
2026-03-15T17:10:00.000,4.97,260.18,-0.85,-4.9
2026-03-15T17:20:00.000,6.24,285.33,1.65,-6.02
2026-03-15T17:30:00.000,2.09,285.39,0.56,-2.02
2026-03-15T17:40:00.000,7.79,287.96,2.4,-7.41
2026-03-15T17:50:00.000,7.65,300.23,3.85,-6.61
2026-03-15T18:00:00.000,6.93,257.32,-1.52,-6.76
2026-03-15T18:10:00.000,4.45,235.23,-2.54,-3.65
2026-03-15T18:20:00.000,4.3,295.9,1.88,-3.87
2026-03-15T18:30:00.000,7.22,279.83,1.23,-7.11
2026-03-15T18:40:00.000,4.68,267.93,-0.17,-4.67
2026-03-15T18:50:00.000,4.52,263.32,-0.53,-4.49
2026-03-15T19:00:00.000,3.99,251.82,-1.25,-3.79
2026-03-15T19:10:00.000,4.78,265.72,-0.36,-4.76
2026-03-15T19:20:00.000,5.05,260.63,-0.82,-4.98
2026-03-15T19:30:00.000,3.43,265.68,-0.26,-3.42
2026-03-15T19:40:00.000,4.93,249.41,-1.73,-4.62
2026-03-15T19:50:00.000,4.6,239.46,-2.34,-3.96
2026-03-15T20:00:00.000,3.23,272.93,0.16,-3.23
2026-03-15T20:10:00.000,8.41,277.98,1.17,-8.32
2026-03-15T20:20:00.000,1.64,275.54,0.16,-1.63
2026-03-15T20:30:00.000,1.91,271.13,0.04,-1.91
2026-03-15T20:40:00.000,3.31,271.89,0.11,-3.31
2026-03-15T20:50:00.000,3.28,232.33,-2,-2.6
2026-03-15T21:00:00.000,5.02,249.91,-1.72,-4.72
2026-03-15T21:10:00.000,5.15,268.55,-0.13,-5.15
2026-03-15T21:20:00.000,4.64,271.11,0.09,-4.64
2026-03-15T21:30:00.000,5.24,278.44,0.77,-5.18
2026-03-15T21:40:00.000,4.96,251.56,-1.57,-4.71
2026-03-15T21:50:00.000,2.06,300.75,1.06,-1.77
2026-03-15T22:00:00.000,3.3,268.79,-0.07,-3.3
2026-03-15T22:10:00.000,5.4,244.66,-2.31,-4.88
2026-03-15T22:20:00.000,3.85,287.52,1.16,-3.67
2026-03-15T22:30:00.000,4.06,270.18,0.01,-4.06
2026-03-15T22:40:00.000,3.19,290.11,1.1,-3
2026-03-15T22:50:00.000,4.14,268,-0.14,-4.14
2026-03-15T23:00:00.000,5.53,256.62,-1.28,-5.38
2026-03-15T23:10:00.000,2.9,271.69,0.09,-2.9
2026-03-15T23:20:00.000,1.3,281.79,0.27,-1.27
2026-03-15T23:30:00.000,5.5,308.34,3.41,-4.31
2026-03-15T23:40:00.000,5.31,262.18,-0.72,-5.26
2026-03-15T23:50:00.000,5.72,290.92,2.04,-5.34
2026-03-16T00:00:00.000,5.47,271.84,0.18,-5.47
2026-03-16T00:10:00.000,7.74,268.79,-0.16,-7.73
2026-03-16T00:20:00.000,6.43,271.35,0.15,-6.43
2026-03-16T00:30:00.000,9.69,249.56,-3.38,-9.08
2026-03-16T00:40:00.000,7.95,279.94,1.37,-7.83
2026-03-16T00:50:00.000,3.84,243.11,-1.74,-3.43
2026-03-16T01:00:00.000,5.68,244.49,-2.45,-5.13
2026-03-16T01:10:00.000,1.73,313.66,1.19,-1.25
2026-03-16T01:20:00.000,6.94,272.23,0.27,-6.93
2026-03-16T01:30:00.000,4.32,312.2,2.9,-3.2
2026-03-16T01:40:00.000,4.25,283.99,1.03,-4.12
2026-03-16T01:50:00.000,7.82,249.77,-2.7,-7.33
2026-03-16T02:00:00.000,4.68,306.68,2.79,-3.75
2026-03-16T02:10:00.000,3,313.96,2.08,-2.16
2026-03-16T02:20:00.000,8.46,268.38,-0.24,-8.46
2026-03-16T02:30:00.000,7.92,276.82,0.94,-7.86
2026-03-16T02:40:00.000,3.93,299.35,1.93,-3.43
2026-03-16T02:50:00.000,6.16,253.24,-1.78,-5.9
2026-03-16T03:00:00.000,6.58,289.06,2.15,-6.21
2026-03-16T03:10:00.000,10.25,271.56,0.28,-10.25
2026-03-16T03:20:00.000,8.15,263.24,-0.96,-8.09
2026-03-16T03:30:00.000,6.78,259.1,-1.28,-6.66
2026-03-16T03:40:00.000,4.25,288.83,1.37,-4.02
2026-03-16T03:50:00.000,5.91,284.62,1.49,-5.72
2026-03-16T04:00:00.000,5.61,281.77,1.14,-5.49
2026-03-16T04:10:00.000,7.72,249.95,-2.65,-7.25
2026-03-16T04:20:00.000,2.88,261.31,-0.44,-2.85
2026-03-16T04:30:00.000,5.33,303.32,2.93,-4.46
2026-03-16T04:40:00.000,3.69,243.13,-1.67,-3.29
2026-03-16T04:50:00.000,9.25,284.28,2.28,-8.97
2026-03-16T05:00:00.000,2.96,297.06,1.35,-2.64
2026-03-16T05:10:00.000,4.62,305.45,2.68,-3.77
2026-03-16T05:20:00.000,2.37,288.31,0.74,-2.25
2026-03-16T05:30:00.000,3.79,298.79,1.82,-3.32
2026-03-16T05:40:00.000,9.55,260,-1.66,-9.41
2026-03-16T05:50:00.000,5.27,297.44,2.43,-4.67
2026-03-16T06:00:00.000,5.84,330.61,5.09,-2.86
2026-03-16T06:10:00.000,4.76,320.18,3.66,-3.05
2026-03-16T06:20:00.000,3.67,317.37,2.7,-2.49
2026-03-16T06:30:00.000,7.16,293.57,2.87,-6.57
2026-03-16T06:40:00.000,5.3,268.22,-0.16,-5.3
2026-03-16T06:50:00.000,3.37,311.62,2.23,-2.52
2026-03-16T07:00:00.000,8.85,266.48,-0.54,-8.83
2026-03-16T07:10:00.000,5.02,232.79,-3.03,-4
2026-03-16T07:20:00.000,5.91,247.08,-2.3,-5.44
2026-03-16T07:30:00.000,8.94,298.74,4.3,-7.84
2026-03-16T07:40:00.000,4.79,270.1,0.01,-4.79
2026-03-16T07:50:00.000,11.7,264.71,-1.08,-11.65
2026-03-16T08:00:00.000,4.18,285.76,1.14,-4.02
2026-03-16T08:10:00.000,8.11,258.92,-1.56,-7.96
2026-03-16T08:20:00.000,7.31,289.43,2.43,-6.89
2026-03-16T08:30:00.000,3.44,271.95,0.12,-3.44
2026-03-16T08:40:00.000,5.52,280.21,0.98,-5.43
2026-03-16T08:50:00.000,3.43,285.87,0.94,-3.3
2026-03-16T09:00:00.000,6.98,290.5,2.44,-6.53
2026-03-16T09:10:00.000,5.73,285.96,1.58,-5.51
2026-03-16T09:20:00.000,4.68,289.64,1.57,-4.4
2026-03-16T09:30:00.000,8.92,295.69,3.87,-8.04
2026-03-16T09:40:00.000,9.35,288.58,2.98,-8.87
2026-03-16T09:50:00.000,4.36,320.83,3.38,-2.76
2026-03-16T10:00:00.000,7.02,258.17,-1.44,-6.87
2026-03-16T10:10:00.000,8.36,292.44,3.19,-7.73
2026-03-16T10:20:00.000,2.42,280.47,0.44,-2.38
2026-03-16T10:30:00.000,7.02,284.22,1.72,-6.8
2026-03-16T10:40:00.000,5.41,263.15,-0.65,-5.38
2026-03-16T10:50:00.000,4.67,294.2,1.91,-4.26
2026-03-16T11:00:00.000,5.31,323.15,4.25,-3.19
2026-03-16T11:10:00.000,1.43,317.95,1.06,-0.96
2026-03-16T11:20:00.000,4.32,307.55,2.63,-3.42
2026-03-16T11:30:00.000,2.18,302.48,1.17,-1.84
2026-03-16T11:40:00.000,4.65,306.86,2.79,-3.72
2026-03-16T11:50:00.000,3.79,298.77,1.82,-3.32
2026-03-16T12:00:00.000,4.12,293.7,1.66,-3.77
2026-03-16T12:10:00.000,2.71,282.49,0.59,-2.65
2026-03-16T12:20:00.000,4.49,293.55,1.79,-4.11
2026-03-16T12:30:00.000,3.48,281.76,0.71,-3.41
2026-03-16T12:40:00.000,3.49,275.27,0.32,-3.47
2026-03-16T12:50:00.000,1.17,273.84,0.08,-1.17
2026-03-16T13:00:00.000,2.41,201.99,-2.24,-0.9
2026-03-16T13:10:00.000,1.66,233.17,-1,-1.33
2026-03-16T13:20:00.000,2.87,219.33,-2.22,-1.82
2026-03-16T13:30:00.000,3.85,211.98,-3.27,-2.04
2026-03-16T13:40:00.000,4.6,238.83,-2.38,-3.94
2026-03-16T13:50:00.000,2.61,230.68,-1.66,-2.02
2026-03-16T14:00:00.000,3.48,247.63,-1.32,-3.22
2026-03-16T14:10:00.000,5.25,233.73,-3.11,-4.23
2026-03-16T14:20:00.000,6.9,227.01,-4.7,-5.05
2026-03-16T14:30:00.000,2.55,273.35,0.15,-2.54
2026-03-16T14:40:00.000,5.23,237.18,-2.83,-4.39
2026-03-16T14:50:00.000,4.94,238.44,-2.58,-4.21
2026-03-16T15:00:00.000,3.35,285.7,0.91,-3.22
2026-03-16T15:10:00.000,4.2,224.73,-2.99,-2.96
2026-03-16T15:20:00.000,8.15,239.56,-4.13,-7.03
2026-03-16T15:30:00.000,8.21,226.6,-5.64,-5.96
2026-03-16T15:40:00.000,2.88,231.24,-1.8,-2.25
2026-03-16T15:50:00.000,2.02,227.27,-1.37,-1.49
2026-03-16T16:00:00.000,5.91,232.25,-3.62,-4.67
2026-03-16T16:10:00.000,3.6,281.24,0.7,-3.53
2026-03-16T16:20:00.000,10.48,237.42,-5.64,-8.83
2026-03-16T16:30:00.000,3.53,261.48,-0.52,-3.49
2026-03-16T16:40:00.000,10.11,237,-5.5,-8.48
2026-03-16T16:50:00.000,5.19,230.23,-3.32,-3.99
2026-03-16T17:00:00.000,4.84,241.58,-2.3,-4.25
2026-03-16T17:10:00.000,4.47,255.91,-1.09,-4.34
2026-03-16T17:20:00.000,7.03,256.8,-1.6,-6.84
2026-03-16T17:30:00.000,5.41,238.9,-2.79,-4.63
2026-03-16T17:40:00.000,5.63,233.05,-3.38,-4.5
2026-03-16T17:50:00.000,3.97,227.07,-2.71,-2.91
2026-03-16T18:00:00.000,4.58,235.15,-2.62,-3.76
2026-03-16T18:10:00.000,7.02,242.12,-3.28,-6.2
2026-03-16T18:20:00.000,1.06,306.48,0.63,-0.85
2026-03-16T18:30:00.000,1.93,225.95,-1.34,-1.39
2026-03-16T18:40:00.000,4.99,228.43,-3.31,-3.73
2026-03-16T18:50:00.000,1.72,304.33,0.97,-1.42
2026-03-16T19:00:00.000,2.44,323.8,1.97,-1.44
2026-03-16T19:10:00.000,3.23,250.98,-1.05,-3.05
2026-03-16T19:20:00.000,3.03,261.58,-0.44,-3
2026-03-16T19:30:00.000,5.75,267.96,-0.2,-5.74
2026-03-16T19:40:00.000,3.22,266.93,-0.17,-3.21
2026-03-16T19:50:00.000,4.58,244.57,-1.97,-4.13
2026-03-16T20:00:00.000,6.8,259.39,-1.25,-6.68
2026-03-16T20:10:00.000,5.58,274.06,0.39,-5.56
2026-03-16T20:20:00.000,4.98,300.09,2.5,-4.31
2026-03-16T20:30:00.000,7.71,286.31,2.17,-7.4
2026-03-16T20:40:00.000,2.21,275.31,0.2,-2.2
2026-03-16T20:50:00.000,5.44,249.09,-1.94,-5.08
2026-03-16T21:00:00.000,7.97,251.86,-2.48,-7.57
2026-03-16T21:10:00.000,5.26,233.77,-3.11,-4.25
2026-03-16T21:20:00.000,7.41,257.39,-1.62,-7.23
2026-03-16T21:30:00.000,5.2,278.5,0.77,-5.14
2026-03-16T21:40:00.000,1.43,279.46,0.24,-1.41
2026-03-16T21:50:00.000,4.71,266.04,-0.33,-4.7
2026-03-16T22:00:00.000,5.52,267.06,-0.28,-5.51
2026-03-16T22:10:00.000,3.39,274.38,0.26,-3.38
2026-03-16T22:20:00.000,2.35,241.51,-1.12,-2.06
2026-03-16T22:30:00.000,5.49,222.06,-4.08,-3.68
2026-03-16T22:40:00.000,3.53,254.6,-0.94,-3.41
2026-03-16T22:50:00.000,1.85,308.57,1.16,-1.45
2026-03-16T23:00:00.000,2.52,244.95,-1.07,-2.29
2026-03-16T23:10:00.000,1.61,248.23,-0.6,-1.49
2026-03-16T23:20:00.000,1.81,289.87,0.62,-1.7
2026-03-16T23:30:00.000,2.58,279.37,0.42,-2.55
2026-03-16T23:40:00.000,3.27,270.53,0.03,-3.27
2026-03-16T23:50:00.000,3.39,283.57,0.79,-3.29
2026-03-17T00:00:00.000,3.04,236.03,-1.7,-2.52
2026-03-17T00:10:00.000,3.54,274.55,0.28,-3.53
2026-03-17T00:20:00.000,3.19,305.04,1.83,-2.61
2026-03-17T00:30:00.000,3.22,278.26,0.46,-3.19
2026-03-17T00:40:00.000,2.32,292.96,0.9,-2.13
2026-03-17T00:50:00.000,8.95,257.15,-1.99,-8.73
2026-03-17T01:00:00.000,4.63,236.1,-2.58,-3.85
2026-03-17T01:10:00.000,5.22,278.47,0.77,-5.16
2026-03-17T01:20:00.000,4.73,324,3.82,-2.78
2026-03-17T01:30:00.000,1.63,276.19,0.18,-1.62
2026-03-17T01:40:00.000,6.05,309.81,3.87,-4.65
2026-03-17T01:50:00.000,4.55,308.66,2.84,-3.55
2026-03-17T02:00:00.000,6.22,306.55,3.71,-5
2026-03-17T02:10:00.000,1.52,300.73,0.78,-1.31
2026-03-17T02:20:00.000,1.69,269.68,-0.01,-1.69
2026-03-17T02:30:00.000,6.65,279.39,1.09,-6.57
2026-03-17T02:40:00.000,2.49,319.54,1.9,-1.62
2026-03-17T02:50:00.000,2.73,312.41,1.84,-2.01
2026-03-17T03:00:00.000,3.83,284.44,0.95,-3.71
2026-03-17T03:10:00.000,4.94,331.01,4.32,-2.39
2026-03-17T03:20:00.000,4.85,295.62,2.1,-4.37
2026-03-17T03:30:00.000,3.65,300.33,1.84,-3.15
2026-03-17T03:40:00.000,1.78,331.1,1.55,-0.86
2026-03-17T03:50:00.000,4.52,295.91,1.98,-4.07
2026-03-17T04:00:00.000,3.81,269.37,-0.04,-3.81
2026-03-17T04:10:00.000,2.55,294.49,1.06,-2.32
2026-03-17T04:20:00.000,4.9,289.57,1.64,-4.62
2026-03-17T04:30:00.000,3.64,288.23,1.14,-3.46
2026-03-17T04:40:00.000,7.75,273.26,0.44,-7.74
2026-03-17T04:50:00.000,5.94,248.73,-2.16,-5.54
2026-03-17T05:00:00.000,5.32,224.24,-3.81,-3.71
2026-03-17T05:10:00.000,4.67,246.57,-1.86,-4.29
2026-03-17T05:20:00.000,3.36,259.71,-0.6,-3.31
2026-03-17T05:30:00.000,5.06,278.72,0.77,-5
2026-03-17T05:40:00.000,6.71,277.33,0.86,-6.65
2026-03-17T05:50:00.000,3.22,334.89,2.92,-1.37
2026-03-17T06:00:00.000,2.94,316.39,2.13,-2.02
2026-03-17T06:10:00.000,6.31,296.1,2.78,-5.67
2026-03-17T06:20:00.000,8.12,304.31,4.58,-6.71
2026-03-17T06:30:00.000,3.59,285.32,0.95,-3.47
2026-03-17T06:40:00.000,5.73,253.2,-1.66,-5.49
2026-03-17T06:50:00.000,6.44,237.09,-3.5,-5.4
2026-03-17T07:00:00.000,3.53,222.81,-2.59,-2.4
2026-03-17T07:10:00.000,4.68,256.82,-1.07,-4.56
2026-03-17T07:20:00.000,3.81,271.95,0.13,-3.8
2026-03-17T07:30:00.000,2.53,268.58,-0.06,-2.53
2026-03-17T07:40:00.000,2.32,314,1.61,-1.67
2026-03-17T07:50:00.000,3.39,276.21,0.37,-3.37
2026-03-17T08:00:00.000,3.41,359.56,3.41,-0.03
2026-03-17T08:10:00.000,2.5,347.72,2.45,-0.53
2026-03-17T08:20:00.000,1.54,332.74,1.37,-0.7
2026-03-17T08:30:00.000,0.82,335.93,0.75,-0.34
2026-03-17T08:40:00.000,1.96,343,1.87,-0.57
2026-03-17T08:50:00.000,1.07,332.24,0.95,-0.5
2026-03-17T09:00:00.000,0.68,7.05,0.67,0.08
2026-03-17T09:10:00.000,0.45,273.32,0.03,-0.45
2026-03-17T09:20:00.000,0.56,283.49,0.13,-0.54
2026-03-17T09:30:00.000,1.58,275.88,0.16,-1.58
2026-03-17T09:40:00.000,2.23,287.41,0.67,-2.13
2026-03-17T09:50:00.000,1.48,273.56,0.09,-1.48
2026-03-17T10:00:00.000,2.82,284.09,0.69,-2.74
2026-03-17T10:10:00.000,2.2,350.29,2.17,-0.37
2026-03-17T10:20:00.000,0.99,345.66,0.96,-0.24
2026-03-17T10:30:00.000,2.49,0.08,2.49,0
2026-03-17T10:40:00.000,2.94,325.03,2.41,-1.68
2026-03-17T10:50:00.000,2.15,301.15,1.11,-1.84
2026-03-17T11:00:00.000,1.48,301.31,0.77,-1.27
2026-03-17T11:10:00.000,0.98,306.76,0.59,-0.79
2026-03-17T11:20:00.000,1.2,288.25,0.38,-1.14
2026-03-17T11:30:00.000,6.2,231.13,-3.89,-4.83
2026-03-17T11:40:00.000,3.89,156.44,-3.57,1.56
2026-03-17T11:50:00.000,7.19,147.97,-6.1,3.82
2026-03-17T12:00:00.000,8.17,208.67,-7.17,-3.92
2026-03-17T12:10:00.000,8.26,216.93,-6.6,-4.96
2026-03-17T12:20:00.000,2.69,195.12,-2.59,-0.7
2026-03-17T12:30:00.000,7.74,194.48,-7.5,-1.94
2026-03-17T12:40:00.000,9.28,203.28,-8.53,-3.67
2026-03-17T12:50:00.000,4.16,202.1,-3.85,-1.56
2026-03-17T13:00:00.000,4.76,210.35,-4.11,-2.41
2026-03-17T13:10:00.000,7.29,179.98,-7.29,0
2026-03-17T13:20:00.000,3.7,174.92,-3.68,0.33
2026-03-17T13:30:00.000,3.86,170.55,-3.81,0.63
2026-03-17T13:40:00.000,5.66,210.99,-4.85,-2.91
2026-03-17T13:50:00.000,5.71,159.66,-5.36,1.99
2026-03-17T14:00:00.000,5,205.59,-4.51,-2.16
2026-03-17T14:10:00.000,4.04,219.05,-3.14,-2.55
2026-03-17T14:20:00.000,4.2,203.22,-3.86,-1.66
2026-03-17T14:30:00.000,5.16,210.92,-4.43,-2.65
2026-03-17T14:40:00.000,6.75,214.28,-5.58,-3.8
2026-03-17T14:50:00.000,2.07,209.13,-1.81,-1.01
2026-03-17T15:00:00.000,2.47,238.01,-1.31,-2.09
2026-03-17T15:10:00.000,8.05,225.76,-5.62,-5.77
2026-03-17T15:20:00.000,4.82,207.47,-4.27,-2.22
2026-03-17T15:30:00.000,8.09,219.34,-6.26,-5.13
2026-03-17T15:40:00.000,3.42,208.17,-3.02,-1.62
2026-03-17T15:50:00.000,5.88,221.17,-4.42,-3.87
2026-03-17T16:00:00.000,3.73,195.82,-3.59,-1.02
2026-03-17T16:10:00.000,6.78,217.4,-5.38,-4.12
2026-03-17T16:20:00.000,4.05,204.31,-3.69,-1.67
2026-03-17T16:30:00.000,5.77,210.73,-4.96,-2.95
2026-03-17T16:40:00.000,5.53,192.49,-5.4,-1.2
2026-03-17T16:50:00.000,7.14,206.72,-6.38,-3.21
2026-03-17T17:00:00.000,3.08,206.31,-2.76,-1.36
2026-03-17T17:10:00.000,4.37,204.97,-3.96,-1.84
2026-03-17T17:20:00.000,3.99,193.23,-3.88,-0.91
2026-03-17T17:30:00.000,6.99,208.35,-6.15,-3.32
2026-03-17T17:40:00.000,0.89,244.26,-0.39,-0.81
2026-03-17T17:50:00.000,2.45,199.11,-2.32,-0.8
2026-03-17T18:00:00.000,4.65,230.91,-2.93,-3.61
2026-03-17T18:10:00.000,3.71,222.11,-2.75,-2.49
2026-03-17T18:20:00.000,6.74,214.1,-5.58,-3.78
2026-03-17T18:30:00.000,1.2,196.24,-1.15,-0.33
2026-03-17T18:40:00.000,6.3,219.9,-4.83,-4.04
2026-03-17T18:50:00.000,3.89,215.73,-3.16,-2.27
2026-03-17T19:00:00.000,4.61,211.03,-3.95,-2.38
2026-03-17T19:10:00.000,5.73,204.51,-5.22,-2.38
2026-03-17T19:20:00.000,2.19,167.4,-2.14,0.48
2026-03-17T19:30:00.000,1.81,197.4,-1.73,-0.54
2026-03-17T19:40:00.000,3.95,205.14,-3.58,-1.68
2026-03-17T19:50:00.000,1.53,221.21,-1.15,-1.01
2026-03-17T20:00:00.000,3.35,215.09,-2.74,-1.93
2026-03-17T20:10:00.000,1.39,226.19,-0.96,-1
2026-03-17T20:20:00.000,3.62,224.33,-2.59,-2.53
2026-03-17T20:30:00.000,2.19,216.63,-1.76,-1.31
2026-03-17T20:40:00.000,3.35,223.28,-2.44,-2.3
2026-03-17T20:50:00.000,5.94,227.71,-4,-4.4
2026-03-17T21:00:00.000,4.77,207.99,-4.21,-2.24
2026-03-17T21:10:00.000,7.23,218.38,-5.67,-4.49
2026-03-17T21:20:00.000,4.79,213.42,-4,-2.64
2026-03-17T21:30:00.000,4.98,205.8,-4.49,-2.17
2026-03-17T21:40:00.000,3.35,239.96,-1.68,-2.9
2026-03-17T21:50:00.000,4.44,226.82,-3.04,-3.24
2026-03-17T22:00:00.000,2.9,218.35,-2.28,-1.8
2026-03-17T22:10:00.000,2.1,211.88,-1.78,-1.11
2026-03-17T22:20:00.000,3.03,218.92,-2.35,-1.9
2026-03-17T22:30:00.000,0.59,243.07,-0.27,-0.53
2026-03-17T22:40:00.000,1.74,193.05,-1.7,-0.39
2026-03-17T22:50:00.000,3.2,208.84,-2.81,-1.55
2026-03-17T23:00:00.000,1.47,225.78,-1.03,-1.06
2026-03-17T23:10:00.000,3.35,234.44,-1.95,-2.72
2026-03-17T23:20:00.000,1.51,218.27,-1.19,-0.94
2026-03-17T23:30:00.000,4.06,208.08,-3.58,-1.91
2026-03-17T23:40:00.000,2.5,222.46,-1.84,-1.69
2026-03-17T23:50:00.000,3.01,226.16,-2.09,-2.17
2026-03-18T00:00:00.000,2.25,236.8,-1.23,-1.88
2026-03-18T00:10:00.000,4.54,248.92,-1.63,-4.24
2026-03-18T00:20:00.000,3.29,219.71,-2.53,-2.1
2026-03-18T00:30:00.000,6.6,219,-5.13,-4.15
2026-03-18T00:40:00.000,6.23,219.87,-4.78,-3.99
2026-03-18T00:50:00.000,2.19,178.12,-2.19,0.07
2026-03-18T01:00:00.000,2.7,200.07,-2.54,-0.93
2026-03-18T01:10:00.000,3.77,207.93,-3.33,-1.77
2026-03-18T01:20:00.000,1.16,225.58,-0.81,-0.83
2026-03-18T01:30:00.000,1.06,138.95,-0.8,0.7
2026-03-18T01:40:00.000,5.41,185.58,-5.38,-0.53
2026-03-18T01:50:00.000,5.75,195.6,-5.54,-1.55
2026-03-18T02:00:00.000,4.45,205.05,-4.03,-1.88
2026-03-18T02:10:00.000,7.18,202.57,-6.63,-2.76
2026-03-18T02:20:00.000,4.75,206.41,-4.25,-2.11
2026-03-18T02:30:00.000,6.38,209.28,-5.56,-3.12
2026-03-18T02:40:00.000,2.08,249.09,-0.74,-1.95
2026-03-18T02:50:00.000,3.06,275.77,0.31,-3.04
2026-03-18T03:00:00.000,1.27,210.5,-1.09,-0.64
2026-03-18T03:10:00.000,0.92,261.36,-0.14,-0.91
2026-03-18T03:20:00.000,0.47,207.38,-0.42,-0.22
2026-03-18T03:30:00.000,1.47,247.16,-0.57,-1.35
2026-03-18T03:40:00.000,1.44,256.75,-0.33,-1.4
2026-03-18T03:50:00.000,1.11,255.12,-0.29,-1.07
2026-03-18T04:00:00.000,1.22,307.93,0.75,-0.96
2026-03-18T04:10:00.000,2.98,28.99,2.6,1.44
2026-03-18T04:20:00.000,1.94,346.32,1.88,-0.46
2026-03-18T04:30:00.000,0.95,317.09,0.69,-0.65
2026-03-18T04:40:00.000,4.06,14.05,3.93,0.98
2026-03-18T04:50:00.000,3.25,68.78,1.18,3.03
2026-03-18T05:00:00.000,3.3,64.84,1.4,2.98
2026-03-18T05:10:00.000,3.36,76.88,0.76,3.27
2026-03-18T05:20:00.000,3.46,73.26,1,3.31
2026-03-18T05:30:00.000,0.9,73.71,0.25,0.86
2026-03-18T05:40:00.000,0.29,40.22,0.22,0.19
2026-03-18T05:50:00.000,0.39,51.78,0.24,0.3
2026-03-18T06:00:00.000,0.14,102.25,-0.03,0.14
2026-03-18T06:10:00.000,0.32,103.27,-0.07,0.31
2026-03-18T06:20:00.000,0.76,104.28,-0.19,0.74
2026-03-18T06:30:00.000,0.2,177.87,-0.2,0.01
2026-03-18T06:40:00.000,0.16,93.15,-0.01,0.16
2026-03-18T06:50:00.000,0.57,355.83,0.57,-0.04
2026-03-18T07:00:00.000,0.21,285.01,0.05,-0.2
2026-03-18T07:10:00.000,2.04,84.99,0.18,2.03
2026-03-18T07:20:00.000,2.55,102.15,-0.54,2.49
2026-03-18T07:30:00.000,3.59,106.43,-1.02,3.45
2026-03-18T07:40:00.000,1.36,112.66,-0.53,1.26
2026-03-18T07:50:00.000,0.73,133.28,-0.5,0.53
2026-03-18T08:00:00.000,0.92,122.1,-0.49,0.78
2026-03-18T08:10:00.000,0.92,129.18,-0.58,0.72
2026-03-18T08:20:00.000,0.25,189.36,-0.25,-0.04
2026-03-18T08:30:00.000,0.12,181.76,-0.12,0
2026-03-18T08:40:00.000,0.32,152.71,-0.28,0.15
2026-03-18T08:50:00.000,1.29,143.64,-1.04,0.76
2026-03-18T09:00:00.000,0.55,158.45,-0.52,0.2
2026-03-18T09:10:00.000,0.36,193.25,-0.35,-0.08
2026-03-18T09:20:00.000,0.33,233.99,-0.19,-0.26
2026-03-18T09:30:00.000,0.31,232.11,-0.19,-0.25
2026-03-18T09:40:00.000,0.43,223.12,-0.31,-0.29
2026-03-18T09:50:00.000,0.3,223.87,-0.22,-0.21
2026-03-18T10:00:00.000,0.35,219.47,-0.27,-0.22
2026-03-18T10:10:00.000,0.34,247.52,-0.13,-0.31
2026-03-18T10:20:00.000,0.32,249.66,-0.11,-0.3
2026-03-18T10:30:00.000,0.31,242.47,-0.15,-0.28
2026-03-18T10:40:00.000,0.21,239.39,-0.11,-0.18
2026-03-18T10:50:00.000,0.29,249.34,-0.1,-0.27
2026-03-18T11:00:00.000,0.45,230.32,-0.29,-0.35
2026-03-18T11:10:00.000,0.27,230.77,-0.17,-0.21
2026-03-18T11:20:00.000,0.24,260.2,-0.04,-0.24
2026-03-18T11:30:00.000,0.19,274.64,0.02,-0.19
2026-03-18T11:40:00.000,0.3,238.12,-0.16,-0.25
2026-03-18T11:50:00.000,0.12,213.66,-0.1,-0.07
2026-03-18T12:00:00.000,0.1,263.81,-0.01,-0.1
2026-03-18T12:10:00.000,0.18,257.23,-0.04,-0.18
2026-03-18T12:20:00.000,0.19,233.91,-0.11,-0.15
2026-03-18T12:30:00.000,0.33,136.75,-0.24,0.23
2026-03-18T12:40:00.000,0.5,162.36,-0.48,0.15
2026-03-18T12:50:00.000,3.7,121.63,-1.94,3.15
2026-03-18T13:00:00.000,2.34,55.19,1.34,1.92
2026-03-18T13:10:00.000,4.8,190.84,-4.72,-0.9
2026-03-18T13:20:00.000,4.38,151.84,-3.86,2.07
2026-03-18T13:30:00.000,5.81,185.61,-5.78,-0.57
2026-03-18T13:40:00.000,4.67,166.52,-4.54,1.09
2026-03-18T13:50:00.000,4.82,202.51,-4.45,-1.84
2026-03-18T14:00:00.000,6.15,180.71,-6.15,-0.08
2026-03-18T14:10:00.000,6.37,209.97,-5.52,-3.18
2026-03-18T14:20:00.000,2.21,160.66,-2.09,0.73
2026-03-18T14:30:00.000,4.75,183.57,-4.74,-0.3
2026-03-18T14:40:00.000,6.39,216.2,-5.16,-3.77
2026-03-18T14:50:00.000,5.88,185.78,-5.85,-0.59
2026-03-18T15:00:00.000,1.98,181.83,-1.98,-0.06
2026-03-18T15:10:00.000,2.87,149.88,-2.49,1.44
2026-03-18T15:20:00.000,2.42,187.1,-2.4,-0.3
2026-03-18T15:30:00.000,3.13,203.1,-2.87,-1.23
2026-03-18T15:40:00.000,2.11,208.6,-1.85,-1.01
2026-03-18T15:50:00.000,4.83,187.14,-4.79,-0.6
2026-03-18T16:00:00.000,2.16,216.52,-1.73,-1.28
2026-03-18T16:10:00.000,2.37,181.09,-2.37,-0.05
2026-03-18T16:20:00.000,3.43,193.07,-3.34,-0.78
2026-03-18T16:30:00.000,2.19,217.08,-1.75,-1.32
2026-03-18T16:40:00.000,2.3,207.26,-2.04,-1.05
2026-03-18T16:50:00.000,2.14,186.19,-2.13,-0.23
2026-03-18T17:00:00.000,0.88,184.97,-0.88,-0.08
2026-03-18T17:10:00.000,1.6,236.65,-0.88,-1.34
2026-03-18T17:20:00.000,1.69,186.81,-1.68,-0.2
2026-03-18T17:30:00.000,1.9,207.95,-1.68,-0.89
2026-03-18T17:40:00.000,2.05,198.52,-1.94,-0.65
2026-03-18T17:50:00.000,3.09,159.72,-2.9,1.07
2026-03-18T18:00:00.000,1.76,196.81,-1.69,-0.51
2026-03-18T18:10:00.000,2.83,207.42,-2.51,-1.3
2026-03-18T18:20:00.000,4.74,185.77,-4.72,-0.48
2026-03-18T18:30:00.000,4.44,207.5,-3.94,-2.05
2026-03-18T18:40:00.000,5,196.12,-4.8,-1.39
2026-03-18T18:50:00.000,6.98,198.86,-6.6,-2.26
2026-03-18T19:00:00.000,2.65,175.66,-2.64,0.2
2026-03-18T19:10:00.000,5.22,195.05,-5.04,-1.36
2026-03-18T19:20:00.000,4.97,193.97,-4.82,-1.2
2026-03-18T19:30:00.000,5.45,195.46,-5.25,-1.45
2026-03-18T19:40:00.000,3.66,196.95,-3.5,-1.07
2026-03-18T19:50:00.000,4.56,193.63,-4.44,-1.08
2026-03-18T20:00:00.000,2.48,176.18,-2.48,0.17
2026-03-18T20:10:00.000,2.62,190.36,-2.58,-0.47
2026-03-18T20:20:00.000,2.29,178.36,-2.29,0.07
2026-03-18T20:30:00.000,2.23,145,-1.83,1.28
2026-03-18T20:40:00.000,1.45,185.78,-1.44,-0.15
2026-03-18T20:50:00.000,2.55,175.29,-2.54,0.21
2026-03-18T21:00:00.000,1.34,167.41,-1.31,0.29
2026-03-18T21:10:00.000,0.9,248.16,-0.33,-0.83
2026-03-18T21:20:00.000,0.95,244.33,-0.41,-0.86
2026-03-18T21:30:00.000,0.65,248.8,-0.23,-0.61
2026-03-18T21:40:00.000,1.04,217.99,-0.82,-0.64
2026-03-18T21:50:00.000,0.94,234.37,-0.55,-0.77
2026-03-18T22:00:00.000,1.52,231.81,-0.94,-1.19
2026-03-18T22:10:00.000,0.93,221.58,-0.7,-0.62
2026-03-18T22:20:00.000,1.03,212.85,-0.86,-0.56
2026-03-18T22:30:00.000,1.11,230.81,-0.7,-0.86
2026-03-18T22:40:00.000,1.47,235.87,-0.83,-1.22
2026-03-18T22:50:00.000,0.85,228.07,-0.57,-0.63
2026-03-18T23:00:00.000,0.84,211.14,-0.72,-0.44
2026-03-18T23:10:00.000,0.79,108.37,-0.25,0.75
2026-03-18T23:20:00.000,0.34,202.98,-0.31,-0.13
2026-03-18T23:30:00.000,1.23,135.43,-0.88,0.86
2026-03-18T23:40:00.000,2.7,123.06,-1.47,2.26
2026-03-18T23:50:00.000,0.44,123.43,-0.24,0.36
2026-03-19T00:00:00.000,0.18,175.98,-0.18,0.01
2026-03-19T00:10:00.000,0.32,274.83,0.03,-0.32
2026-03-19T00:20:00.000,0.07,342.99,0.06,-0.02
2026-03-19T00:30:00.000,1.77,144.21,-1.44,1.04
2026-03-19T00:40:00.000,0.39,200.04,-0.37,-0.13
2026-03-19T00:50:00.000,2,159.05,-1.87,0.72
2026-03-19T01:00:00.000,1.27,79.68,0.23,1.25
2026-03-19T01:10:00.000,1.08,218.16,-0.85,-0.67
2026-03-19T01:20:00.000,1.47,231.76,-0.91,-1.16
2026-03-19T01:30:00.000,0.69,198.79,-0.65,-0.22
2026-03-19T01:40:00.000,0.19,267.32,-0.01,-0.19
2026-03-19T01:50:00.000,0.43,254.41,-0.11,-0.41
2026-03-19T02:00:00.000,1.23,229.85,-0.79,-0.94
2026-03-19T02:10:00.000,0.47,21.09,0.44,0.17
2026-03-19T02:20:00.000,4.19,219.48,-3.23,-2.66
2026-03-19T02:30:00.000,5.46,223.29,-3.97,-3.74
2026-03-19T02:40:00.000,1.97,174.62,-1.96,0.18
2026-03-19T02:50:00.000,1.99,224.51,-1.42,-1.4
2026-03-19T03:00:00.000,3.47,130.67,-2.26,2.63
2026-03-19T03:10:00.000,1.65,89.56,0.01,1.65
2026-03-19T03:20:00.000,2.41,138.31,-1.8,1.61
2026-03-19T03:30:00.000,1.74,111.49,-0.64,1.62
2026-03-19T03:40:00.000,2.22,190.59,-2.19,-0.41
2026-03-19T03:50:00.000,0.38,203.74,-0.35,-0.15
2026-03-19T04:00:00.000,1.77,122.58,-0.95,1.49
2026-03-19T04:10:00.000,1.43,172.46,-1.42,0.19
2026-03-19T04:20:00.000,1.57,117.94,-0.74,1.39
2026-03-19T04:30:00.000,1.44,77.46,0.31,1.41
2026-03-19T04:40:00.000,1.67,172.51,-1.66,0.22
2026-03-19T04:50:00.000,2.46,123.98,-1.37,2.04
2026-03-19T05:00:00.000,2.32,119.99,-1.16,2.01
2026-03-19T05:10:00.000,1.47,185.3,-1.46,-0.14
2026-03-19T05:20:00.000,6.25,218.78,-4.87,-3.91
2026-03-19T05:30:00.000,5.89,203.24,-5.41,-2.32
2026-03-19T05:40:00.000,4.16,172.78,-4.13,0.52
2026-03-19T05:50:00.000,2.5,193.15,-2.43,-0.57
2026-03-19T06:00:00.000,2.39,163.23,-2.29,0.69
2026-03-19T06:10:00.000,4.82,189.62,-4.75,-0.81
2026-03-19T06:20:00.000,2.97,196.16,-2.85,-0.83
2026-03-19T06:30:00.000,2.94,220.59,-2.23,-1.91
2026-03-19T06:40:00.000,3.94,215.73,-3.2,-2.3
2026-03-19T06:50:00.000,5.88,194.15,-5.71,-1.44
2026-03-19T07:00:00.000,4.88,195.13,-4.71,-1.27
2026-03-19T07:10:00.000,5.31,201.04,-4.96,-1.91
2026-03-19T07:20:00.000,5.44,150.75,-4.74,2.66
2026-03-19T07:30:00.000,6.72,209.83,-5.83,-3.34
2026-03-19T07:40:00.000,7.31,210.26,-6.31,-3.68
2026-03-19T07:50:00.000,2.68,202.46,-2.47,-1.02
2026-03-19T08:00:00.000,1.69,164.63,-1.63,0.45
2026-03-19T08:10:00.000,1.65,166.51,-1.61,0.39
2026-03-19T08:20:00.000,5.05,214.83,-4.15,-2.89
2026-03-19T08:30:00.000,3.41,218.43,-2.67,-2.12
2026-03-19T08:40:00.000,3.21,183.92,-3.2,-0.22
2026-03-19T08:50:00.000,3.21,163.54,-3.08,0.91
2026-03-19T09:00:00.000,1.84,200.13,-1.73,-0.63
2026-03-19T09:10:00.000,4.96,223.29,-3.61,-3.4
2026-03-19T09:20:00.000,2.5,196.59,-2.4,-0.71
2026-03-19T09:30:00.000,7.21,220.26,-5.5,-4.66
2026-03-19T09:40:00.000,9.29,221.47,-6.96,-6.15
2026-03-19T09:50:00.000,8.66,208.85,-7.58,-4.18
2026-03-19T10:00:00.000,3.09,171.99,-3.06,0.43
2026-03-19T10:10:00.000,13.91,213.59,-11.59,-7.7
2026-03-19T10:20:00.000,2.17,170.09,-2.14,0.37
2026-03-19T10:30:00.000,1.48,259.47,-0.27,-1.46
2026-03-19T10:40:00.000,1.64,160.09,-1.54,0.56
2026-03-19T10:50:00.000,6.69,126.1,-3.94,5.41
2026-03-19T11:00:00.000,5.63,187.35,-5.59,-0.72
2026-03-19T11:10:00.000,3.69,183.78,-3.68,-0.24
2026-03-19T11:20:00.000,4.11,237.94,-2.18,-3.48
2026-03-19T11:30:00.000,7.38,213.71,-6.14,-4.1
2026-03-19T11:40:00.000,2.84,136.45,-2.06,1.96
2026-03-19T11:50:00.000,5.46,152.68,-4.85,2.51
2026-03-19T12:00:00.000,10,186.11,-9.94,-1.06
2026-03-19T12:10:00.000,7.46,203.53,-6.84,-2.98
2026-03-19T12:20:00.000,6.37,186.51,-6.33,-0.72
2026-03-19T12:30:00.000,11.44,206.55,-10.23,-5.11
2026-03-19T12:40:00.000,6.66,208.3,-5.87,-3.16
2026-03-19T12:50:00.000,8.79,197.4,-8.39,-2.63
2026-03-19T13:00:00.000,12.97,234.32,-7.57,-10.54
2026-03-19T13:10:00.000,5.68,201.59,-5.28,-2.09
2026-03-19T13:20:00.000,9.34,204.16,-8.52,-3.82
2026-03-19T13:30:00.000,10.26,237.15,-5.56,-8.62
2026-03-19T13:40:00.000,0.94,222.29,-0.69,-0.63
2026-03-19T13:50:00.000,7.17,219.6,-5.52,-4.57
2026-03-19T14:00:00.000,7.51,223.24,-5.47,-5.15
2026-03-19T14:10:00.000,8.54,221.89,-6.36,-5.7
2026-03-19T14:20:00.000,5.01,249.71,-1.74,-4.7
2026-03-19T14:30:00.000,8.49,214.82,-6.97,-4.85
2026-03-19T14:40:00.000,4,226.93,-2.73,-2.92
2026-03-19T14:50:00.000,8.1,215.57,-6.59,-4.71
2026-03-19T15:00:00.000,7.46,204.95,-6.77,-3.15
2026-03-19T15:10:00.000,6.9,229.18,-4.51,-5.22
2026-03-19T15:20:00.000,6.26,234.13,-3.67,-5.08
2026-03-19T15:30:00.000,3.78,235.83,-2.12,-3.13
2026-03-19T15:40:00.000,14,212.88,-11.76,-7.6
2026-03-19T15:50:00.000,2.27,236.06,-1.27,-1.88
2026-03-19T16:00:00.000,4.86,218.06,-3.83,-3
2026-03-19T16:10:00.000,3.64,211.23,-3.11,-1.89
2026-03-19T16:20:00.000,4.25,235.48,-2.41,-3.5
2026-03-19T16:30:00.000,1.97,188.41,-1.95,-0.29
2026-03-19T16:40:00.000,5.45,251.17,-1.76,-5.16
2026-03-19T16:50:00.000,5.18,214.27,-4.28,-2.92
2026-03-19T17:00:00.000,6.15,211.3,-5.25,-3.19
2026-03-19T17:10:00.000,6.82,223.66,-4.93,-4.71
2026-03-19T17:20:00.000,4.79,254.6,-1.27,-4.61
2026-03-19T17:30:00.000,4.64,208.12,-4.09,-2.19
2026-03-19T17:40:00.000,2.21,242.19,-1.03,-1.95
2026-03-19T17:50:00.000,6.9,208.58,-6.06,-3.3
2026-03-19T18:00:00.000,7.43,226.95,-5.07,-5.43
2026-03-19T18:10:00.000,5.46,201.35,-5.08,-1.99
2026-03-19T18:20:00.000,3.01,165.08,-2.91,0.77
2026-03-19T18:30:00.000,3.2,237.62,-1.71,-2.7
2026-03-19T18:40:00.000,2.92,204.04,-2.66,-1.19
2026-03-19T18:50:00.000,0.58,201.59,-0.54,-0.21
2026-03-19T19:00:00.000,3.2,213.42,-2.67,-1.76
2026-03-19T19:10:00.000,1.88,239.36,-0.96,-1.62
2026-03-19T19:20:00.000,2.66,252.91,-0.78,-2.54
2026-03-19T19:30:00.000,1.69,84.13,0.17,1.68
2026-03-19T19:40:00.000,1.43,276.73,0.17,-1.42
2026-03-19T19:50:00.000,4.28,183.86,-4.27,-0.29
2026-03-19T20:00:00.000,4.72,235.19,-2.69,-3.87
2026-03-19T20:10:00.000,3.69,200.93,-3.44,-1.32
2026-03-19T20:20:00.000,5.21,138.34,-3.89,3.46
2026-03-19T20:30:00.000,1.27,147.14,-1.07,0.69
2026-03-19T20:40:00.000,3.82,92.87,-0.19,3.81
2026-03-19T20:50:00.000,2.32,104.84,-0.59,2.24
2026-03-19T21:00:00.000,1.99,131.59,-1.32,1.48
2026-03-19T21:10:00.000,0.4,190.03,-0.4,-0.07
2026-03-19T21:20:00.000,0.58,232.27,-0.36,-0.46
2026-03-19T21:30:00.000,3.11,108.71,-1,2.94
2026-03-19T21:40:00.000,3.75,121.12,-1.94,3.21
2026-03-19T21:50:00.000,0.72,211.76,-0.61,-0.38
2026-03-19T22:00:00.000,0.5,208.69,-0.43,-0.24
2026-03-19T22:10:00.000,0.31,202.99,-0.29,-0.12
2026-03-19T22:20:00.000,0.52,220.05,-0.4,-0.34
2026-03-19T22:30:00.000,3.44,223.41,-2.5,-2.36
2026-03-19T22:40:00.000,2.33,186.31,-2.31,-0.26
2026-03-19T22:50:00.000,0.64,209.21,-0.56,-0.31
2026-03-19T23:00:00.000,2.35,91.34,-0.05,2.34
2026-03-19T23:10:00.000,2.99,75.61,0.74,2.9
2026-03-19T23:20:00.000,0.62,238.83,-0.32,-0.53
2026-03-19T23:30:00.000,1.49,124.55,-0.84,1.23
2026-03-19T23:40:00.000,1.61,239.41,-0.82,-1.39
2026-03-19T23:50:00.000,1.34,174.75,-1.33,0.12
2026-03-20T00:00:00.000,2.65,199.61,-2.5,-0.89
2026-03-20T00:10:00.000,10.75,218.28,-8.44,-6.66
2026-03-20T00:20:00.000,4.37,220.84,-3.31,-2.86
2026-03-20T00:30:00.000,4.13,164.52,-3.98,1.1
2026-03-20T00:40:00.000,2.41,270.55,0.02,-2.41
2026-03-20T00:50:00.000,7.31,209.97,-6.33,-3.65
2026-03-20T01:00:00.000,3.58,200.74,-3.35,-1.27
2026-03-20T01:10:00.000,1.27,183.65,-1.27,-0.08
2026-03-20T01:20:00.000,0.32,227.68,-0.22,-0.24
2026-03-20T01:30:00.000,0.36,295.04,0.15,-0.33
2026-03-20T01:40:00.000,0.55,304.53,0.31,-0.46
2026-03-20T01:50:00.000,0.29,11.66,0.28,0.06
2026-03-20T02:00:00.000,1.12,31.02,0.96,0.58
2026-03-20T02:10:00.000,3.3,173.33,-3.28,0.38
2026-03-20T02:20:00.000,1.36,229.23,-0.89,-1.03
2026-03-20T02:30:00.000,2.43,198.14,-2.31,-0.76
2026-03-20T02:40:00.000,5.17,214.06,-4.28,-2.9
2026-03-20T02:50:00.000,3.71,266.63,-0.22,-3.71
2026-03-20T03:00:00.000,0.4,202.28,-0.37,-0.15
2026-03-20T03:10:00.000,2.39,254.96,-0.62,-2.31
2026-03-20T03:20:00.000,3.84,195.3,-3.71,-1.01
2026-03-20T03:30:00.000,2.95,224.26,-2.11,-2.06
2026-03-20T03:40:00.000,1.88,219.21,-1.46,-1.19
2026-03-20T03:50:00.000,2.63,213.44,-2.2,-1.45
2026-03-20T04:00:00.000,6.21,224.5,-4.43,-4.35
2026-03-20T04:10:00.000,4.72,235.98,-2.64,-3.91
2026-03-20T04:20:00.000,5.76,246.84,-2.27,-5.3
2026-03-20T04:30:00.000,4.66,260,-0.81,-4.58
2026-03-20T04:40:00.000,1.95,271.74,0.06,-1.95
2026-03-20T04:50:00.000,1.69,308.99,1.06,-1.31
2026-03-20T05:00:00.000,3.17,251.37,-1.01,-3.01
2026-03-20T05:10:00.000,4.2,287.52,1.27,-4.01
2026-03-20T05:20:00.000,3.7,271.9,0.12,-3.69
2026-03-20T05:30:00.000,2,300.27,1.01,-1.72
2026-03-20T05:40:00.000,4.51,255.96,-1.09,-4.37
2026-03-20T05:50:00.000,3.7,274.54,0.29,-3.69
2026-03-20T06:00:00.000,3.81,271.27,0.08,-3.81
2026-03-20T06:10:00.000,6.19,294.35,2.55,-5.64
2026-03-20T06:20:00.000,5.14,297,2.33,-4.58
2026-03-20T06:30:00.000,2.14,283.57,0.5,-2.08
2026-03-20T06:40:00.000,4.22,299.43,2.07,-3.67
2026-03-20T06:50:00.000,3.3,287.61,1,-3.15
2026-03-20T07:00:00.000,5.18,217.16,-4.13,-3.13
2026-03-20T07:10:00.000,3.02,279.21,0.48,-2.98
2026-03-20T07:20:00.000,1.89,284.06,0.46,-1.83
2026-03-20T07:30:00.000,3.42,269.88,-0.01,-3.42
2026-03-20T07:40:00.000,2.14,262.33,-0.29,-2.12
2026-03-20T07:50:00.000,1.26,304.14,0.71,-1.05
2026-03-20T08:00:00.000,4.21,256.28,-1,-4.09
2026-03-20T08:10:00.000,3.61,203.39,-3.32,-1.43
2026-03-20T08:20:00.000,6.35,231.88,-3.92,-5
2026-03-20T08:30:00.000,1.81,257.37,-0.4,-1.77
2026-03-20T08:40:00.000,2.25,313.69,1.55,-1.63
2026-03-20T08:50:00.000,4.75,270.12,0.01,-4.75
2026-03-20T09:00:00.000,5.09,248.83,-1.84,-4.74
2026-03-20T09:10:00.000,3.42,299.51,1.69,-2.98
2026-03-20T09:20:00.000,1.61,244.73,-0.69,-1.46
2026-03-20T09:30:00.000,4.54,272.41,0.19,-4.54
2026-03-20T09:40:00.000,2.83,289.94,0.97,-2.66
2026-03-20T09:50:00.000,2.83,261.81,-0.4,-2.8
2026-03-20T10:00:00.000,5.03,264.95,-0.44,-5.01
2026-03-20T10:10:00.000,1.06,272.04,0.04,-1.06
2026-03-20T10:20:00.000,3.31,259.5,-0.6,-3.25
2026-03-20T10:30:00.000,2.65,284.01,0.64,-2.57
2026-03-20T10:40:00.000,3.69,251.24,-1.19,-3.49
2026-03-20T10:50:00.000,2.12,231.01,-1.33,-1.65
2026-03-20T11:00:00.000,4.62,251,-1.5,-4.37
2026-03-20T11:10:00.000,1.67,259.27,-0.31,-1.64
2026-03-20T11:20:00.000,1.54,247.74,-0.58,-1.43
2026-03-20T11:30:00.000,2.03,222.21,-1.5,-1.37
2026-03-20T11:40:00.000,2.45,222.35,-1.81,-1.65
2026-03-20T11:50:00.000,4.55,274.9,0.39,-4.54
2026-03-20T12:00:00.000,1.98,323.16,1.59,-1.19
2026-03-20T12:10:00.000,0.56,284.34,0.14,-0.54
2026-03-20T12:20:00.000,1.76,253.92,-0.49,-1.69
2026-03-20T12:30:00.000,2.64,267.86,-0.1,-2.64
2026-03-20T12:40:00.000,3.51,299.71,1.74,-3.05
2026-03-20T12:50:00.000,2.39,254.14,-0.65,-2.3
2026-03-20T13:00:00.000,4.27,253.54,-1.21,-4.09
2026-03-20T13:10:00.000,4.36,295.44,1.87,-3.93
2026-03-20T13:20:00.000,5.36,279.6,0.89,-5.29
2026-03-20T13:30:00.000,5.61,319.06,4.24,-3.68
2026-03-20T13:40:00.000,5.58,268.74,-0.12,-5.58
2026-03-20T13:50:00.000,5.42,294.06,2.21,-4.95
2026-03-20T14:00:00.000,4.01,278.2,0.57,-3.97
2026-03-20T14:10:00.000,4.38,218.91,-3.41,-2.75
2026-03-20T14:20:00.000,3.13,239.3,-1.6,-2.69
2026-03-20T14:30:00.000,3.65,312.73,2.48,-2.68
2026-03-20T14:40:00.000,2.65,258.28,-0.54,-2.6
2026-03-20T14:50:00.000,1.52,254.72,-0.4,-1.47
2026-03-20T15:00:00.000,1.53,207.54,-1.35,-0.71
2026-03-20T15:10:00.000,3.4,293.71,1.37,-3.11
2026-03-20T15:20:00.000,1.99,251.81,-0.62,-1.89
2026-03-20T15:30:00.000,7.48,264.57,-0.71,-7.45
2026-03-20T15:40:00.000,8.72,278.05,1.22,-8.63
2026-03-20T15:50:00.000,3.18,290.72,1.12,-2.97
2026-03-20T16:00:00.000,5.06,293.07,1.98,-4.66
2026-03-20T16:10:00.000,1.53,265.91,-0.11,-1.53
2026-03-20T16:20:00.000,4.25,296.91,1.92,-3.79
2026-03-20T16:30:00.000,8.16,267.92,-0.3,-8.15
2026-03-20T16:40:00.000,2.4,281.97,0.5,-2.35
2026-03-20T16:50:00.000,2.78,274.34,0.21,-2.78
2026-03-20T17:00:00.000,11.49,255.75,-2.83,-11.14
2026-03-20T17:10:00.000,5.31,253.71,-1.49,-5.1
2026-03-20T17:20:00.000,6.44,307.02,3.88,-5.14
2026-03-20T17:30:00.000,5.1,251.42,-1.62,-4.83
2026-03-20T17:40:00.000,6.03,283.41,1.4,-5.87
2026-03-20T17:50:00.000,2.56,288.16,0.8,-2.44
2026-03-20T18:00:00.000,3.67,265.98,-0.26,-3.66
2026-03-20T18:10:00.000,4.8,274.08,0.34,-4.79
2026-03-20T18:20:00.000,2.32,265.38,-0.19,-2.31
2026-03-20T18:30:00.000,3.93,284.99,1.02,-3.8
2026-03-20T18:40:00.000,2.79,246.24,-1.12,-2.55
2026-03-20T18:50:00.000,7.68,281.12,1.48,-7.54
2026-03-20T19:00:00.000,7.67,268.3,-0.23,-7.67
2026-03-20T19:10:00.000,5.22,264.22,-0.53,-5.19
2026-03-20T19:20:00.000,3.23,254.76,-0.85,-3.12
2026-03-20T19:30:00.000,6.03,290.34,2.1,-5.65
2026-03-20T19:40:00.000,4.19,266.7,-0.24,-4.18
2026-03-20T19:50:00.000,5.56,272.62,0.25,-5.55
2026-03-20T20:00:00.000,6.02,293.83,2.43,-5.5
2026-03-20T20:10:00.000,1.88,265.25,-0.16,-1.88
2026-03-20T20:20:00.000,4.12,234.54,-2.39,-3.35
2026-03-20T20:30:00.000,1.48,285.65,0.4,-1.42
2026-03-20T20:40:00.000,6.14,310.49,3.99,-4.67
2026-03-20T20:50:00.000,4.61,268.54,-0.12,-4.61
2026-03-20T21:00:00.000,3.91,242.99,-1.77,-3.48
2026-03-20T21:10:00.000,6.38,276.61,0.73,-6.34
2026-03-20T21:20:00.000,1.51,312.3,1.02,-1.12
2026-03-20T21:30:00.000,4.34,263.84,-0.47,-4.31
2026-03-20T21:40:00.000,2.61,292.56,1,-2.41
2026-03-20T21:50:00.000,4.28,314.63,3.01,-3.05
2026-03-20T22:00:00.000,2.05,226.26,-1.41,-1.48
2026-03-20T22:10:00.000,3.1,280.18,0.55,-3.05
2026-03-20T22:20:00.000,5.1,271.11,0.1,-5.09
2026-03-20T22:30:00.000,4.54,277.69,0.61,-4.5
2026-03-20T22:40:00.000,2.17,289.11,0.71,-2.05
2026-03-20T22:50:00.000,1.6,272.45,0.07,-1.6
2026-03-20T23:00:00.000,4.75,293.48,1.89,-4.36
2026-03-20T23:10:00.000,2.77,250.62,-0.92,-2.61
2026-03-20T23:20:00.000,0.77,277.06,0.1,-0.77
2026-03-20T23:30:00.000,4.65,267.96,-0.17,-4.65
2026-03-20T23:40:00.000,1.4,271.49,0.04,-1.4
2026-03-20T23:50:00.000,5.11,323.19,4.09,-3.06
2026-03-21T00:00:00.000,4.08,320.37,3.15,-2.6
2026-03-21T00:10:00.000,3.96,258.51,-0.79,-3.88
2026-03-21T00:20:00.000,2.97,223.7,-2.15,-2.05
2026-03-21T00:30:00.000,4.96,234.19,-2.9,-4.02
2026-03-21T00:40:00.000,2.65,282.58,0.58,-2.59
2026-03-21T00:50:00.000,2.76,263.77,-0.3,-2.74
2026-03-21T01:00:00.000,1.75,269.27,-0.02,-1.75
2026-03-21T01:10:00.000,2.62,258.28,-0.53,-2.57
2026-03-21T01:20:00.000,4.05,280.74,0.75,-3.98
2026-03-21T01:30:00.000,4.24,286.3,1.19,-4.07
2026-03-21T01:40:00.000,4.44,290.15,1.53,-4.17
2026-03-21T01:50:00.000,3.43,304.26,1.93,-2.84
2026-03-21T02:00:00.000,3.89,284.52,0.97,-3.76
2026-03-21T02:10:00.000,3.31,249.56,-1.16,-3.1
2026-03-21T02:20:00.000,1.89,261.94,-0.27,-1.87
2026-03-21T02:30:00.000,4.33,288.27,1.36,-4.11
2026-03-21T02:40:00.000,6.51,281.95,1.35,-6.37
2026-03-21T02:50:00.000,4.45,290.18,1.53,-4.17
2026-03-21T03:00:00.000,3.52,278.4,0.51,-3.48
2026-03-21T03:10:00.000,5.38,271.47,0.14,-5.38
2026-03-21T03:20:00.000,7.27,296.83,3.28,-6.48
2026-03-21T03:30:00.000,3.82,279.53,0.63,-3.76
2026-03-21T03:40:00.000,5.1,256.76,-1.17,-4.97
2026-03-21T03:50:00.000,9.38,255.54,-2.34,-9.08
2026-03-21T04:00:00.000,5.91,256.88,-1.34,-5.76
2026-03-21T04:10:00.000,5.37,276.98,0.65,-5.33
2026-03-21T04:20:00.000,2.19,262.01,-0.3,-2.17
2026-03-21T04:30:00.000,5.82,267.9,-0.21,-5.82
2026-03-21T04:40:00.000,6.83,264.47,-0.66,-6.8
2026-03-21T04:50:00.000,7.12,262.96,-0.87,-7.06
2026-03-21T05:00:00.000,4.17,282.14,0.88,-4.08
2026-03-21T05:10:00.000,6.94,249.36,-2.45,-6.49
2026-03-21T05:20:00.000,6.26,268.92,-0.12,-6.26
2026-03-21T05:30:00.000,2.08,320.19,1.6,-1.33
2026-03-21T05:40:00.000,2.74,266.53,-0.17,-2.74
2026-03-21T05:50:00.000,6,302.55,3.23,-5.06
2026-03-21T06:00:00.000,10.18,291.93,3.8,-9.45
2026-03-21T06:10:00.000,11.4,284.61,2.88,-11.03
2026-03-21T06:20:00.000,5.97,288.13,1.86,-5.67
2026-03-21T06:30:00.000,5.33,309.84,3.41,-4.09
2026-03-21T06:40:00.000,6.33,301.52,3.31,-5.4
2026-03-21T06:50:00.000,4.89,309.7,3.12,-3.76
2026-03-21T07:00:00.000,5.41,300.97,2.79,-4.64
2026-03-21T07:10:00.000,4.29,203.02,-3.95,-1.68
2026-03-21T07:20:00.000,6.14,326.15,5.1,-3.42
2026-03-21T07:30:00.000,5.37,291.99,2.01,-4.98
2026-03-21T07:40:00.000,5.19,299.8,2.58,-4.5
2026-03-21T07:50:00.000,7.26,295.47,3.12,-6.55
2026-03-21T08:00:00.000,7.39,265.54,-0.57,-7.37
2026-03-21T08:10:00.000,7.85,284.23,1.93,-7.61
2026-03-21T08:20:00.000,7.55,297.45,3.48,-6.7
2026-03-21T08:30:00.000,5.43,255.16,-1.39,-5.25
2026-03-21T08:40:00.000,3.97,273.41,0.24,-3.97
2026-03-21T08:50:00.000,8.18,277.94,1.13,-8.1
2026-03-21T09:00:00.000,5.14,259.72,-0.92,-5.06
2026-03-21T09:10:00.000,4.23,290.23,1.46,-3.97
2026-03-21T09:20:00.000,9.94,300.87,5.1,-8.54
2026-03-21T09:30:00.000,9,295.15,3.82,-8.14
2026-03-21T09:40:00.000,2.35,304.49,1.33,-1.94
2026-03-21T09:50:00.000,6.27,300.7,3.2,-5.39
2026-03-21T10:00:00.000,8.08,294.87,3.4,-7.33
2026-03-21T10:10:00.000,5.81,269.06,-0.09,-5.81
2026-03-21T10:20:00.000,8.05,294.49,3.34,-7.33
2026-03-21T10:30:00.000,4.39,299.5,2.16,-3.82
2026-03-21T10:40:00.000,3.88,260.29,-0.65,-3.82
2026-03-21T10:50:00.000,4.43,319.86,3.38,-2.85
2026-03-21T11:00:00.000,1.8,324.36,1.46,-1.05
2026-03-21T11:10:00.000,3.7,311.08,2.43,-2.79
2026-03-21T11:20:00.000,5.62,299.88,2.8,-4.87
2026-03-21T11:30:00.000,3.78,298.17,1.79,-3.34
2026-03-21T11:40:00.000,4,234.06,-2.35,-3.24
2026-03-21T11:50:00.000,5.35,253.59,-1.51,-5.14
2026-03-21T12:00:00.000,4.31,260.29,-0.73,-4.25
2026-03-21T12:10:00.000,2.34,249.82,-0.81,-2.2
2026-03-21T12:20:00.000,6.46,283.28,1.48,-6.29
2026-03-21T12:30:00.000,4.09,235.99,-2.29,-3.39
2026-03-21T12:40:00.000,5,264.72,-0.46,-4.98
2026-03-21T12:50:00.000,5.71,308.42,3.55,-4.48
2026-03-21T13:00:00.000,4.29,294.38,1.77,-3.9
2026-03-21T13:10:00.000,7.05,266.9,-0.38,-7.04
2026-03-21T13:20:00.000,3.71,268.81,-0.08,-3.71
2026-03-21T13:30:00.000,5.81,269.01,-0.1,-5.81
2026-03-21T13:40:00.000,2.73,273.74,0.18,-2.72
2026-03-21T13:50:00.000,10.57,260.08,-1.82,-10.42
2026-03-21T14:00:00.000,5.31,266.42,-0.33,-5.3
2026-03-21T14:10:00.000,8.15,248.65,-2.97,-7.59
2026-03-21T14:20:00.000,5.47,247.09,-2.13,-5.04
2026-03-21T14:30:00.000,3.09,235.74,-1.74,-2.55
2026-03-21T14:40:00.000,3.18,239.86,-1.6,-2.75
2026-03-21T14:50:00.000,6.76,248.1,-2.52,-6.27
2026-03-21T15:00:00.000,7.9,271.35,0.19,-7.9
2026-03-21T15:10:00.000,5.4,284.32,1.34,-5.23
2026-03-21T15:20:00.000,5.29,277.2,0.66,-5.25
2026-03-21T15:30:00.000,7.34,260.44,-1.22,-7.24
2026-03-21T15:40:00.000,4.33,284.04,1.05,-4.2
2026-03-21T15:50:00.000,4.45,251.21,-1.43,-4.21
2026-03-21T16:00:00.000,8.29,224.9,-5.87,-5.85
2026-03-21T16:10:00.000,8.69,244.44,-3.75,-7.84
2026-03-21T16:20:00.000,3.42,203.16,-3.15,-1.35
2026-03-21T16:30:00.000,6.64,244.22,-2.89,-5.98
2026-03-21T16:40:00.000,3.56,230.54,-2.26,-2.75
2026-03-21T16:50:00.000,2.53,161.01,-2.39,0.82
2026-03-21T17:00:00.000,7.65,220.57,-5.81,-4.97
2026-03-21T17:10:00.000,6.22,257.72,-1.32,-6.08
2026-03-21T17:20:00.000,3.24,219.75,-2.49,-2.07
2026-03-21T17:30:00.000,3.9,267.81,-0.15,-3.9
2026-03-21T17:40:00.000,9.1,294.16,3.73,-8.31
2026-03-21T17:50:00.000,4.62,277.46,0.6,-4.58
2026-03-21T18:00:00.000,6.38,232.14,-3.92,-5.04
2026-03-21T18:10:00.000,3.07,251.79,-0.96,-2.92
2026-03-21T18:20:00.000,1.54,255.51,-0.39,-1.49
2026-03-21T18:30:00.000,2.17,234.68,-1.25,-1.77
2026-03-21T18:40:00.000,0.72,224.71,-0.51,-0.51
2026-03-21T18:50:00.000,4.6,244.56,-1.98,-4.16
2026-03-21T19:00:00.000,2.75,220.1,-2.1,-1.77
2026-03-21T19:10:00.000,6.03,235.56,-3.41,-4.97
2026-03-21T19:20:00.000,2.02,235.31,-1.15,-1.66
2026-03-21T19:30:00.000,4.65,230.89,-2.93,-3.61
2026-03-21T19:40:00.000,6.28,239.45,-3.19,-5.41
2026-03-21T19:50:00.000,3.6,295.61,1.56,-3.24
2026-03-21T20:00:00.000,3.91,257.82,-0.83,-3.82
2026-03-21T20:10:00.000,7.42,224.67,-5.28,-5.22
2026-03-21T20:20:00.000,4.7,264.38,-0.46,-4.68
2026-03-21T20:30:00.000,5.02,288.9,1.62,-4.74
2026-03-21T20:40:00.000,4.17,311.74,2.78,-3.11
2026-03-21T20:50:00.000,7.92,274.32,0.6,-7.9
2026-03-21T21:00:00.000,2.86,305.18,1.65,-2.34
2026-03-21T21:10:00.000,5.36,306.94,3.22,-4.28
2026-03-21T21:20:00.000,10.55,282.67,2.31,-10.29
2026-03-21T21:30:00.000,12.43,266.09,-0.85,-12.4
2026-03-21T21:40:00.000,8.32,280.08,1.46,-8.19
2026-03-21T21:50:00.000,6.11,264.99,-0.53,-6.09
2026-03-21T22:00:00.000,7.21,283.96,1.74,-7
2026-03-21T22:10:00.000,6.82,276.34,0.75,-6.78
2026-03-21T22:20:00.000,8.03,276.95,0.97,-7.97
2026-03-21T22:30:00.000,12,266.73,-0.69,-11.98
2026-03-21T22:40:00.000,9.19,271.02,0.16,-9.19
2026-03-21T22:50:00.000,5.69,292.28,2.16,-5.27
2026-03-21T23:00:00.000,9.55,301.54,5,-8.14
2026-03-21T23:10:00.000,5.48,267.4,-0.25,-5.48
2026-03-21T23:20:00.000,7.97,256.18,-1.9,-7.74
2026-03-21T23:30:00.000,9.41,260.98,-1.48,-9.3
2026-03-21T23:40:00.000,12.1,299.81,6.02,-10.5
2026-03-21T23:50:00.000,5.02,299.15,2.44,-4.38
2026-03-22T00:00:00.000,2.06,265.35,-0.17,-2.06
2026-03-22T00:10:00.000,8.17,301.19,4.23,-6.99
2026-03-22T00:20:00.000,6.63,289.08,2.17,-6.27
2026-03-22T00:30:00.000,3.87,289.5,1.29,-3.64
2026-03-22T00:40:00.000,6.55,287.66,1.99,-6.24
2026-03-22T00:50:00.000,5.32,289.13,1.74,-5.02
2026-03-22T01:00:00.000,4.96,288.45,1.57,-4.71
2026-03-22T01:10:00.000,2.84,271.83,0.09,-2.84
2026-03-22T01:20:00.000,7.11,296.67,3.19,-6.36
2026-03-22T01:30:00.000,5.39,275.15,0.48,-5.36
2026-03-22T01:40:00.000,10.68,310.93,7,-8.07
2026-03-22T01:50:00.000,8.25,303.88,4.6,-6.85
2026-03-22T02:00:00.000,9.19,310.8,6.01,-6.96
2026-03-22T02:10:00.000,9.17,299.6,4.53,-7.97
2026-03-22T02:20:00.000,5.96,255.22,-1.52,-5.76
2026-03-22T02:30:00.000,6.74,283.55,1.58,-6.56
2026-03-22T02:40:00.000,5.82,287.19,1.72,-5.56
2026-03-22T02:50:00.000,7.96,284.4,1.98,-7.71
2026-03-22T03:00:00.000,3.12,309.65,1.99,-2.4
2026-03-22T03:10:00.000,7,278.51,1.04,-6.92
2026-03-22T03:20:00.000,4.16,297.03,1.89,-3.7
2026-03-22T03:30:00.000,6.01,270.88,0.09,-6.01
2026-03-22T03:40:00.000,4.36,290.07,1.5,-4.09
2026-03-22T03:50:00.000,4.54,287.25,1.35,-4.33
2026-03-22T04:00:00.000,4.27,265.62,-0.33,-4.25
2026-03-22T04:10:00.000,5.65,273.3,0.33,-5.64
2026-03-22T04:20:00.000,1.59,268.03,-0.05,-1.59
2026-03-22T04:30:00.000,3.13,268.91,-0.06,-3.13
2026-03-22T04:40:00.000,6.75,256.82,-1.54,-6.58
2026-03-22T04:50:00.000,2.8,261.05,-0.44,-2.77
2026-03-22T05:00:00.000,6.24,273.14,0.34,-6.23
2026-03-22T05:10:00.000,7.96,306.76,4.76,-6.37
2026-03-22T05:20:00.000,4.21,277.48,0.55,-4.18
2026-03-22T05:30:00.000,2.1,279.5,0.35,-2.07
2026-03-22T05:40:00.000,4.28,259.9,-0.75,-4.21
2026-03-22T05:50:00.000,7.38,306.29,4.37,-5.95
2026-03-22T06:00:00.000,3.95,255.9,-0.96,-3.83
2026-03-22T06:10:00.000,4.95,230.49,-3.15,-3.82
2026-03-22T06:20:00.000,5.64,275.21,0.51,-5.62
2026-03-22T06:30:00.000,5.24,293.47,2.09,-4.81
2026-03-22T06:40:00.000,6.12,281.5,1.22,-6
2026-03-22T06:50:00.000,4.58,277.57,0.6,-4.54
2026-03-22T07:00:00.000,8.17,265.26,-0.68,-8.14
2026-03-22T07:10:00.000,3.83,344,3.68,-1.05
2026-03-22T07:20:00.000,5.53,27.84,4.89,2.58
2026-03-22T07:30:00.000,2.99,346.28,2.9,-0.71
2026-03-22T07:40:00.000,3.08,80.32,0.52,3.03
2026-03-22T07:50:00.000,3.07,301.89,1.62,-2.6
2026-03-22T08:00:00.000,4.22,272,0.15,-4.22
2026-03-22T08:10:00.000,3.6,250.03,-1.23,-3.38
2026-03-22T08:20:00.000,2.84,150.22,-2.47,1.41
2026-03-22T08:30:00.000,4.3,134.25,-3,3.08
2026-03-22T08:40:00.000,3.55,105.51,-0.95,3.42
2026-03-22T08:50:00.000,4.2,115.83,-1.83,3.78
2026-03-22T09:00:00.000,0.11,297.33,0.05,-0.1
2026-03-22T09:10:00.000,1.64,54.09,0.96,1.33
2026-03-22T09:20:00.000,1.34,27.96,1.18,0.63
2026-03-22T09:30:00.000,1.78,36.37,1.44,1.06
2026-03-22T09:40:00.000,1.58,161.89,-1.51,0.49
2026-03-22T09:50:00.000,0.32,277.2,0.04,-0.31
2026-03-22T10:00:00.000,0.69,268.83,-0.01,-0.69
2026-03-22T10:10:00.000,1.03,177.56,-1.03,0.04
2026-03-22T10:20:00.000,2.72,121.65,-1.43,2.32
2026-03-22T10:30:00.000,2.29,98.62,-0.34,2.26
2026-03-22T10:40:00.000,1.36,148.41,-1.16,0.71
2026-03-22T10:50:00.000,0.45,213.47,-0.37,-0.25
2026-03-22T11:00:00.000,0.5,313.05,0.34,-0.37
2026-03-22T11:10:00.000,3.63,225.44,-2.55,-2.59
2026-03-22T11:20:00.000,5.93,209.9,-5.14,-2.96
2026-03-22T11:30:00.000,3.47,239.21,-1.78,-2.98
2026-03-22T11:40:00.000,3.32,204.57,-3.02,-1.38
2026-03-22T11:50:00.000,8.03,196.55,-7.7,-2.29
2026-03-22T12:00:00.000,7.03,211.02,-6.02,-3.62
2026-03-22T12:10:00.000,4.37,168.79,-4.28,0.85
2026-03-22T12:20:00.000,8.02,155.33,-7.29,3.35
2026-03-22T12:30:00.000,6.99,215.63,-5.68,-4.07
2026-03-22T12:40:00.000,8.98,228.04,-6,-6.67
2026-03-22T12:50:00.000,9.27,224.12,-6.66,-6.45
2026-03-22T13:00:00.000,4.43,269.31,-0.05,-4.43
2026-03-22T13:10:00.000,4.91,246.15,-1.98,-4.49
2026-03-22T13:20:00.000,4.81,168.9,-4.72,0.93
2026-03-22T13:30:00.000,7.11,197.3,-6.79,-2.11
2026-03-22T13:40:00.000,5.51,156.69,-5.06,2.18
2026-03-22T13:50:00.000,1.78,163.64,-1.7,0.5
2026-03-22T14:00:00.000,4.71,172.28,-4.67,0.63
2026-03-22T14:10:00.000,3.86,224.63,-2.75,-2.71
2026-03-22T14:20:00.000,4.52,181.23,-4.52,-0.1
2026-03-22T14:30:00.000,6.79,157.77,-6.28,2.57
2026-03-22T14:40:00.000,1.64,216.97,-1.31,-0.99
2026-03-22T14:50:00.000,4.65,142.83,-3.7,2.81
2026-03-22T15:00:00.000,6.18,134.56,-4.34,4.4
2026-03-22T15:10:00.000,3.31,151.53,-2.91,1.58
2026-03-22T15:20:00.000,3.57,168.79,-3.5,0.69
2026-03-22T15:30:00.000,5.09,159.31,-4.76,1.8
2026-03-22T15:40:00.000,0.62,158.94,-0.57,0.22
2026-03-22T15:50:00.000,2.22,161.49,-2.1,0.7
2026-03-22T16:00:00.000,4.61,206.29,-4.13,-2.04
2026-03-22T16:10:00.000,2.01,228.73,-1.33,-1.51
2026-03-22T16:20:00.000,2.51,260.98,-0.39,-2.48
2026-03-22T16:30:00.000,5.87,205.82,-5.29,-2.56
2026-03-22T16:40:00.000,2.06,235.22,-1.17,-1.69
2026-03-22T16:50:00.000,7.53,217.51,-5.97,-4.59
2026-03-22T17:00:00.000,2.57,202.53,-2.37,-0.98
2026-03-22T17:10:00.000,2.79,182.73,-2.79,-0.13
2026-03-22T17:20:00.000,2.56,197.27,-2.44,-0.76
2026-03-22T17:30:00.000,9.86,212.72,-8.3,-5.33
2026-03-22T17:40:00.000,1.26,271.05,0.02,-1.26
2026-03-22T17:50:00.000,6.54,230.82,-4.13,-5.07
2026-03-22T18:00:00.000,1.22,281.25,0.24,-1.19
2026-03-22T18:10:00.000,1.13,159.79,-1.06,0.39
2026-03-22T18:20:00.000,0.38,233.4,-0.22,-0.3
2026-03-22T18:30:00.000,4.37,255.6,-1.09,-4.23
2026-03-22T18:40:00.000,4.31,226.41,-2.97,-3.12
2026-03-22T18:50:00.000,6,217.26,-4.78,-3.64
2026-03-22T19:00:00.000,3.24,218.13,-2.55,-2
2026-03-22T19:10:00.000,1.89,223.65,-1.37,-1.31
2026-03-22T19:20:00.000,6.15,222.11,-4.56,-4.12
2026-03-22T19:30:00.000,4.54,223.31,-3.3,-3.11
2026-03-22T19:40:00.000,4.31,201.3,-4.02,-1.57
2026-03-22T19:50:00.000,1.48,283.38,0.34,-1.44
2026-03-22T20:00:00.000,5.1,185.15,-5.08,-0.46
2026-03-22T20:10:00.000,3.79,227.06,-2.58,-2.78
2026-03-22T20:20:00.000,3.06,182.27,-3.05,-0.12
2026-03-22T20:30:00.000,4.36,216.22,-3.52,-2.58
2026-03-22T20:40:00.000,3.72,251.5,-1.18,-3.53
2026-03-22T20:50:00.000,4.89,293.05,1.91,-4.5
2026-03-22T21:00:00.000,2.28,301.69,1.2,-1.94
2026-03-22T21:10:00.000,1.51,294.6,0.63,-1.38
2026-03-22T21:20:00.000,1.27,271.04,0.02,-1.27
2026-03-22T21:30:00.000,1.63,255.5,-0.41,-1.58
2026-03-22T21:40:00.000,5.02,279.97,0.87,-4.94
2026-03-22T21:50:00.000,2.48,318.33,1.85,-1.65
2026-03-22T22:00:00.000,3.35,273.45,0.2,-3.35
2026-03-22T22:10:00.000,1.01,223.01,-0.74,-0.69
2026-03-22T22:20:00.000,1.71,300.76,0.87,-1.47
2026-03-22T22:30:00.000,1.52,282.86,0.34,-1.49
2026-03-22T22:40:00.000,2.39,269.11,-0.04,-2.39
2026-03-22T22:50:00.000,2.25,266.16,-0.15,-2.24
2026-03-22T23:00:00.000,1.52,279.26,0.24,-1.5
2026-03-22T23:10:00.000,4.17,304.5,2.36,-3.44
2026-03-22T23:20:00.000,5.88,285.4,1.56,-5.66
2026-03-22T23:30:00.000,3.77,284.76,0.96,-3.65
2026-03-22T23:40:00.000,3.54,285.18,0.93,-3.41
2026-03-22T23:50:00.000,2.06,272.96,0.11,-2.06
2026-03-23T00:00:00.000,3.11,289.18,1.02,-2.93
2026-03-23T00:10:00.000,3.53,265.83,-0.26,-3.52
2026-03-23T00:20:00.000,2.04,288.33,0.64,-1.94
2026-03-23T00:30:00.000,2.56,295.74,1.11,-2.31
2026-03-23T00:40:00.000,4.76,309.41,3.02,-3.68
2026-03-23T00:50:00.000,2.1,297.83,0.98,-1.85
2026-03-23T01:00:00.000,6.32,310.87,4.14,-4.78
2026-03-23T01:10:00.000,5.04,306.61,3,-4.04
2026-03-23T01:20:00.000,4.01,265.12,-0.34,-3.99
2026-03-23T01:30:00.000,1.79,259.11,-0.34,-1.76
2026-03-23T01:40:00.000,2.07,199,-1.96,-0.67
2026-03-23T01:50:00.000,1.27,253.96,-0.35,-1.22
2026-03-23T02:00:00.000,0.46,80.87,0.07,0.45
2026-03-23T02:10:00.000,0.46,353.71,0.45,-0.05
2026-03-23T02:20:00.000,0.44,260.35,-0.07,-0.44
2026-03-23T02:30:00.000,4.8,278.49,0.71,-4.75
2026-03-23T02:40:00.000,6.15,285.68,1.66,-5.92
2026-03-23T02:50:00.000,1.9,307.92,1.17,-1.5
2026-03-23T03:00:00.000,4.47,243.46,-2,-4
2026-03-23T03:10:00.000,2.31,276.31,0.25,-2.3
2026-03-23T03:20:00.000,3.82,302.18,2.03,-3.23
2026-03-23T03:30:00.000,4.06,274.66,0.33,-4.04
2026-03-23T03:40:00.000,3.83,286.91,1.11,-3.66
2026-03-23T03:50:00.000,3.63,296.25,1.6,-3.25
2026-03-23T04:00:00.000,2.6,278.81,0.4,-2.57
2026-03-23T04:10:00.000,2.44,290.47,0.85,-2.29
2026-03-23T04:20:00.000,5.27,285.19,1.38,-5.08
2026-03-23T04:30:00.000,5.69,298.94,2.75,-4.98
2026-03-23T04:40:00.000,4.69,300.96,2.41,-4.02
2026-03-23T04:50:00.000,5.32,308.51,3.31,-4.16
2026-03-23T05:00:00.000,2.97,277.12,0.37,-2.95
2026-03-23T05:10:00.000,4.94,264.85,-0.44,-4.92
2026-03-23T05:20:00.000,3.36,276.59,0.39,-3.34
2026-03-23T05:30:00.000,5.07,282.59,1.1,-4.95
2026-03-23T05:40:00.000,4.64,280.58,0.85,-4.56
2026-03-23T05:50:00.000,4.43,272.94,0.23,-4.43
2026-03-23T06:00:00.000,3.49,294.55,1.45,-3.18
2026-03-23T06:10:00.000,5.29,299.55,2.61,-4.6
2026-03-23T06:20:00.000,5.94,267.52,-0.26,-5.93
2026-03-23T06:30:00.000,5.2,260.4,-0.87,-5.13
2026-03-23T06:40:00.000,2.65,309.14,1.67,-2.06
2026-03-23T06:50:00.000,4.42,296.73,1.99,-3.95
2026-03-23T07:00:00.000,5.78,262.9,-0.71,-5.73
2026-03-23T07:10:00.000,2.17,283.99,0.52,-2.1
2026-03-23T07:20:00.000,2.39,326.1,1.98,-1.33
2026-03-23T07:30:00.000,3.76,320.43,2.9,-2.4
2026-03-23T07:40:00.000,4.5,253.09,-1.31,-4.31
2026-03-23T07:50:00.000,4.31,309.21,2.72,-3.34
2026-03-23T08:00:00.000,2.03,288.83,0.65,-1.92
2026-03-23T08:10:00.000,3.8,272.01,0.13,-3.8
2026-03-23T08:20:00.000,4.5,273.61,0.28,-4.49
2026-03-23T08:30:00.000,2.96,278.09,0.42,-2.93
2026-03-23T08:40:00.000,3.37,284.65,0.85,-3.27
2026-03-23T08:50:00.000,1.3,317.91,0.96,-0.87
2026-03-23T09:00:00.000,0.73,330.25,0.63,-0.36
2026-03-23T09:10:00.000,1.87,276.52,0.21,-1.86
2026-03-23T09:20:00.000,3.45,309.31,2.18,-2.67
2026-03-23T09:30:00.000,3.75,316.92,2.74,-2.56
2026-03-23T09:40:00.000,3.66,307.47,2.23,-2.91
2026-03-23T09:50:00.000,1.5,344.68,1.45,-0.4
2026-03-23T10:00:00.000,1.4,337.62,1.3,-0.53
2026-03-23T10:10:00.000,4.68,295.38,2,-4.22
2026-03-23T10:20:00.000,1.41,296.08,0.62,-1.27
2026-03-23T10:30:00.000,0.82,326.77,0.68,-0.45
2026-03-23T10:40:00.000,0.76,351.77,0.75,-0.11
2026-03-23T10:50:00.000,1.38,356.47,1.38,-0.09
2026-03-23T11:00:00.000,1.35,10.79,1.33,0.25
2026-03-23T11:10:00.000,0.49,351.68,0.48,-0.07
2026-03-23T11:20:00.000,0.72,357.65,0.72,-0.03
2026-03-23T11:30:00.000,0.88,23.49,0.81,0.35
2026-03-23T11:40:00.000,1.17,32.19,0.99,0.63
2026-03-23T11:50:00.000,0.55,12.45,0.54,0.12
2026-03-23T12:00:00.000,0.51,349.97,0.5,-0.09
2026-03-23T12:10:00.000,0.33,327.62,0.28,-0.18
2026-03-23T12:20:00.000,0.63,331.45,0.55,-0.3
2026-03-23T12:30:00.000,0.75,8.49,0.74,0.11
2026-03-23T12:40:00.000,1,45.99,0.7,0.72
2026-03-23T12:50:00.000,1.62,94.76,-0.13,1.62
2026-03-23T13:00:00.000,3.68,107.13,-1.09,3.52
2026-03-23T13:10:00.000,3.41,123.14,-1.87,2.86
2026-03-23T13:20:00.000,2.92,117.16,-1.33,2.6
2026-03-23T13:30:00.000,3.45,129.21,-2.18,2.68
2026-03-23T13:40:00.000,4.08,125.93,-2.39,3.3
2026-03-23T13:50:00.000,2.92,122.67,-1.58,2.46
2026-03-23T14:00:00.000,3.33,134.99,-2.35,2.36
2026-03-23T14:10:00.000,1.39,150.7,-1.21,0.68
2026-03-23T14:20:00.000,0.52,192.79,-0.5,-0.11
2026-03-23T14:30:00.000,0.17,197.42,-0.17,-0.05
2026-03-23T14:40:00.000,0.81,143.12,-0.65,0.49
2026-03-23T14:50:00.000,0.64,226.53,-0.44,-0.46
2026-03-23T15:00:00.000,0.5,262.23,-0.07,-0.49
2026-03-23T15:10:00.000,0.51,251.5,-0.16,-0.49
2026-03-23T15:20:00.000,0.91,231.54,-0.57,-0.71
2026-03-23T15:30:00.000,0.32,258.1,-0.07,-0.31
2026-03-23T15:40:00.000,0.22,282.08,0.05,-0.21
2026-03-23T15:50:00.000,0.23,320.76,0.17,-0.14
2026-03-23T16:00:00.000,0.2,290.45,0.07,-0.19
2026-03-23T16:10:00.000,0.23,327.98,0.19,-0.12
2026-03-23T16:20:00.000,0.28,289.35,0.09,-0.26
2026-03-23T16:30:00.000,0.34,279.22,0.05,-0.33
2026-03-23T16:40:00.000,0.41,285.37,0.11,-0.4
2026-03-23T16:50:00.000,0.27,276.93,0.03,-0.27
2026-03-23T17:00:00.000,0.06,155.68,-0.06,0.03
2026-03-23T17:10:00.000,0.09,267.63,0,-0.09
2026-03-23T17:20:00.000,0.37,256.82,-0.08,-0.36
2026-03-23T17:30:00.000,2.29,207.61,-2.03,-1.06
2026-03-23T17:40:00.000,1.4,251.62,-0.44,-1.33
2026-03-23T17:50:00.000,3.39,233.42,-2.02,-2.72
2026-03-23T18:00:00.000,2.12,227.75,-1.43,-1.57
2026-03-23T18:10:00.000,6.43,218.26,-5.05,-3.98
2026-03-23T18:20:00.000,4.96,222.92,-3.64,-3.38
2026-03-23T18:30:00.000,5.81,211.84,-4.93,-3.06
2026-03-23T18:40:00.000,4.81,219.07,-3.73,-3.03
2026-03-23T18:50:00.000,4.43,221.09,-3.34,-2.91
2026-03-23T19:00:00.000,4.93,204.41,-4.49,-2.04
2026-03-23T19:10:00.000,5.45,225.74,-3.8,-3.9
2026-03-23T19:20:00.000,3.45,227.83,-2.32,-2.56
2026-03-23T19:30:00.000,4.16,213.71,-3.46,-2.31
2026-03-23T19:40:00.000,4.32,211.69,-3.68,-2.27
2026-03-23T19:50:00.000,4.35,203.99,-3.97,-1.77
2026-03-23T20:00:00.000,4.95,204.55,-4.5,-2.06
2026-03-23T20:10:00.000,3.35,193.61,-3.26,-0.79
2026-03-23T20:20:00.000,3.43,215.55,-2.79,-1.99
2026-03-23T20:30:00.000,4.41,218.2,-3.46,-2.73
2026-03-23T20:40:00.000,1.34,211.82,-1.14,-0.71
2026-03-23T20:50:00.000,4.65,219.9,-3.57,-2.98
2026-03-23T21:00:00.000,1.97,216.29,-1.59,-1.17
2026-03-23T21:10:00.000,3.16,227.46,-2.13,-2.32
2026-03-23T21:20:00.000,2.44,217.91,-1.92,-1.5
2026-03-23T21:30:00.000,2.52,178.26,-2.52,0.08
2026-03-23T21:40:00.000,2.18,202.1,-2.02,-0.82
2026-03-23T21:50:00.000,2.09,194.45,-2.02,-0.52
2026-03-23T22:00:00.000,2.2,152.56,-1.95,1.01
2026-03-23T22:10:00.000,1.22,186.97,-1.21,-0.15
2026-03-23T22:20:00.000,1.57,186.17,-1.56,-0.17
2026-03-23T22:30:00.000,0.68,186.89,-0.68,-0.08
2026-03-23T22:40:00.000,1.52,169.29,-1.5,0.28
2026-03-23T22:50:00.000,0.9,179.93,-0.9,0
2026-03-23T23:00:00.000,0.03,224.72,-0.02,-0.02
2026-03-23T23:10:00.000,0.23,12.92,0.22,0.05
2026-03-23T23:20:00.000,0.47,338.55,0.43,-0.17
2026-03-23T23:30:00.000,0.06,199.67,-0.06,-0.02
2026-03-23T23:40:00.000,0.29,38.36,0.23,0.18
2026-03-23T23:50:00.000,0.07,12.16,0.07,0.02
2026-03-24T00:00:00.000,0.52,22.99,0.48,0.2
2026-03-24T00:10:00.000,3.64,90.26,-0.02,3.64
2026-03-24T00:20:00.000,3.34,38.69,2.61,2.09
2026-03-24T00:30:00.000,1.57,19.82,1.48,0.53
2026-03-24T00:40:00.000,3.91,347.26,3.82,-0.86
2026-03-24T00:50:00.000,1.16,326.93,0.97,-0.63
2026-03-24T01:00:00.000,1.7,315.62,1.22,-1.19
2026-03-24T01:10:00.000,1.38,293.08,0.54,-1.27
2026-03-24T01:20:00.000,0.96,283.16,0.22,-0.93
2026-03-24T01:30:00.000,0.82,289.15,0.27,-0.77
2026-03-24T01:40:00.000,1.33,252.55,-0.4,-1.27
2026-03-24T01:50:00.000,1.23,255.58,-0.31,-1.19
2026-03-24T02:00:00.000,1.43,234.93,-0.82,-1.17
2026-03-24T02:10:00.000,3.63,250.59,-1.2,-3.42
2026-03-24T02:20:00.000,3.76,263.94,-0.4,-3.74
2026-03-24T02:30:00.000,3.15,271.38,0.08,-3.15
2026-03-24T02:40:00.000,0.68,283.83,0.16,-0.66
2026-03-24T02:50:00.000,0.54,313,0.37,-0.4
2026-03-24T03:00:00.000,2.3,20.74,2.15,0.81
2026-03-24T03:10:00.000,0.81,12.49,0.79,0.17
2026-03-24T03:20:00.000,0.31,11.24,0.31,0.06
2026-03-24T03:30:00.000,0.08,284.12,0.02,-0.08
2026-03-24T03:40:00.000,0.49,50.74,0.31,0.38
2026-03-24T03:50:00.000,0.85,52.89,0.51,0.68
2026-03-24T04:00:00.000,1.49,69.64,0.52,1.39
2026-03-24T04:10:00.000,0.59,90.57,-0.01,0.59
2026-03-24T04:20:00.000,0.42,90.4,0,0.42
2026-03-24T04:30:00.000,0.24,37.13,0.19,0.14
2026-03-24T04:40:00.000,0.3,10.78,0.29,0.06
2026-03-24T04:50:00.000,0.16,330.21,0.14,-0.08
2026-03-24T05:00:00.000,0.56,291.23,0.2,-0.52
2026-03-24T05:10:00.000,0.79,298.92,0.38,-0.69
2026-03-24T05:20:00.000,1.01,293.88,0.41,-0.92
2026-03-24T05:30:00.000,0.92,280.67,0.17,-0.9
2026-03-24T05:40:00.000,1.61,261.2,-0.25,-1.59
2026-03-24T05:50:00.000,4.54,242.01,-2.13,-4.01
2026-03-24T06:00:00.000,2.44,203.67,-2.23,-0.98
2026-03-24T06:10:00.000,5.86,218.65,-4.58,-3.66
2026-03-24T06:20:00.000,1.17,218.1,-0.92,-0.72
2026-03-24T06:30:00.000,3.88,233.9,-2.29,-3.13
2026-03-24T06:40:00.000,1.31,223.47,-0.95,-0.9
2026-03-24T06:50:00.000,0.68,269.73,0,-0.68
2026-03-24T07:00:00.000,0.32,224.03,-0.23,-0.22
2026-03-24T07:10:00.000,1.11,353.17,1.11,-0.13
2026-03-24T07:20:00.000,1.97,94.12,-0.14,1.97
2026-03-24T07:30:00.000,0.45,148.64,-0.39,0.24
2026-03-24T07:40:00.000,5.05,194.36,-4.89,-1.25
2026-03-24T07:50:00.000,5.3,162.52,-5.05,1.59
2026-03-24T08:00:00.000,3.7,200.27,-3.47,-1.28
2026-03-24T08:10:00.000,1.06,150.74,-0.93,0.52
2026-03-24T08:20:00.000,6.58,217.66,-5.21,-4.02
2026-03-24T08:30:00.000,4.76,178.22,-4.76,0.15
2026-03-24T08:40:00.000,8.95,202.76,-8.25,-3.46
2026-03-24T08:50:00.000,6.63,200.93,-6.19,-2.37
2026-03-24T09:00:00.000,2.38,251.89,-0.74,-2.26
2026-03-24T09:10:00.000,4.89,180.58,-4.89,-0.05
2026-03-24T09:20:00.000,1.71,200.57,-1.6,-0.6
2026-03-24T09:30:00.000,3.26,213.64,-2.71,-1.81
2026-03-24T09:40:00.000,2.53,244.21,-1.1,-2.28
2026-03-24T09:50:00.000,5.88,209.6,-5.11,-2.9
2026-03-24T10:00:00.000,4.4,182.22,-4.4,-0.17
2026-03-24T10:10:00.000,4.92,162.54,-4.69,1.48
2026-03-24T10:20:00.000,3.68,198.99,-3.48,-1.2
2026-03-24T10:30:00.000,7.06,159.46,-6.61,2.48
2026-03-24T10:40:00.000,6.06,159.43,-5.67,2.13
2026-03-24T10:50:00.000,9.78,183.48,-9.76,-0.59
2026-03-24T11:00:00.000,3.47,222.58,-2.56,-2.35
2026-03-24T11:10:00.000,6.7,227.09,-4.56,-4.9
2026-03-24T11:20:00.000,1.9,153.09,-1.69,0.86
2026-03-24T11:30:00.000,7.56,204.77,-6.86,-3.17
2026-03-24T11:40:00.000,9.25,184.81,-9.21,-0.78
2026-03-24T11:50:00.000,8.9,197.44,-8.5,-2.67
2026-03-24T12:00:00.000,6.29,187.21,-6.25,-0.79
2026-03-24T12:10:00.000,5.27,175.86,-5.26,0.38
2026-03-24T12:20:00.000,4.73,166.83,-4.6,1.08
2026-03-24T12:30:00.000,8.76,194.33,-8.49,-2.17
2026-03-24T12:40:00.000,7.3,168.13,-7.14,1.5
2026-03-24T12:50:00.000,3.06,174.26,-3.05,0.31
2026-03-24T13:00:00.000,4.84,195.76,-4.66,-1.31
2026-03-24T13:10:00.000,2.11,157.53,-1.95,0.81
2026-03-24T13:20:00.000,5.48,230.15,-3.51,-4.2
2026-03-24T13:30:00.000,6.44,193.26,-6.27,-1.48
2026-03-24T13:40:00.000,5.94,187.29,-5.89,-0.75
2026-03-24T13:50:00.000,3.91,169.22,-3.84,0.73
2026-03-24T14:00:00.000,5.38,193.33,-5.24,-1.24
2026-03-24T14:10:00.000,2.18,166.84,-2.12,0.5
2026-03-24T14:20:00.000,3.17,174,-3.15,0.33
2026-03-24T14:30:00.000,4.59,203.56,-4.21,-1.84
2026-03-24T14:40:00.000,2.5,146.55,-2.09,1.38
2026-03-24T14:50:00.000,5.74,154.49,-5.18,2.47
2026-03-24T15:00:00.000,5.43,216.73,-4.35,-3.25
2026-03-24T15:10:00.000,4.42,173.6,-4.4,0.49
2026-03-24T15:20:00.000,3.48,195.4,-3.35,-0.92
2026-03-24T15:30:00.000,1.57,218.96,-1.22,-0.98
2026-03-24T15:40:00.000,1.81,141.94,-1.43,1.12
2026-03-24T15:50:00.000,3.83,241.79,-1.81,-3.38
2026-03-24T16:00:00.000,4.03,230.85,-2.55,-3.13
2026-03-24T16:10:00.000,2.45,136.14,-1.76,1.69
2026-03-24T16:20:00.000,0.71,172.92,-0.7,0.09
2026-03-24T16:30:00.000,0.32,180.54,-0.32,0
2026-03-24T16:40:00.000,3.49,173.31,-3.47,0.41
2026-03-24T16:50:00.000,2.42,126.9,-1.45,1.93
2026-03-24T17:00:00.000,4.37,114.79,-1.83,3.96
2026-03-24T17:10:00.000,4.25,119.79,-2.11,3.69
2026-03-24T17:20:00.000,4.4,118.1,-2.07,3.88
2026-03-24T17:30:00.000,4.94,142.61,-3.93,3
2026-03-24T17:40:00.000,2.93,145.69,-2.42,1.65
2026-03-24T17:50:00.000,2.26,110.24,-0.78,2.12
2026-03-24T18:00:00.000,3.81,159.63,-3.58,1.33
2026-03-24T18:10:00.000,1.28,213.49,-1.07,-0.71
2026-03-24T18:20:00.000,1.78,134.72,-1.25,1.26
2026-03-24T18:30:00.000,1.21,128.89,-0.76,0.94
2026-03-24T18:40:00.000,1.67,167.46,-1.63,0.36
2026-03-24T18:50:00.000,0.44,232.42,-0.27,-0.35
2026-03-24T19:00:00.000,0.44,176.91,-0.43,0.02
2026-03-24T19:10:00.000,1.4,137.33,-1.03,0.95
2026-03-24T19:20:00.000,0.09,125.24,-0.05,0.08
2026-03-24T19:30:00.000,0.37,199.84,-0.34,-0.12
2026-03-24T19:40:00.000,0.37,107.04,-0.11,0.36
2026-03-24T19:50:00.000,0.83,168.85,-0.81,0.16
2026-03-24T20:00:00.000,1.13,154.22,-1.02,0.49
2026-03-24T20:10:00.000,0.77,164.08,-0.74,0.21
2026-03-24T20:20:00.000,0.34,160.81,-0.32,0.11
2026-03-24T20:30:00.000,0.37,207.32,-0.33,-0.17
2026-03-24T20:40:00.000,0.28,230.43,-0.18,-0.21
2026-03-24T20:50:00.000,0.45,237.4,-0.25,-0.38
2026-03-24T21:00:00.000,0.63,207.15,-0.56,-0.29
2026-03-24T21:10:00.000,0.38,234.26,-0.22,-0.31
2026-03-24T21:20:00.000,0.48,220.69,-0.37,-0.32
2026-03-24T21:30:00.000,0.55,219.35,-0.43,-0.35
2026-03-24T21:40:00.000,1.33,191.68,-1.3,-0.27
2026-03-24T21:50:00.000,0.67,210.52,-0.58,-0.34
2026-03-24T22:00:00.000,0.66,196.65,-0.63,-0.19
2026-03-24T22:10:00.000,0.84,229.57,-0.54,-0.64
2026-03-24T22:20:00.000,0.6,236.05,-0.34,-0.5
2026-03-24T22:30:00.000,0.31,245.57,-0.13,-0.28
2026-03-24T22:40:00.000,0.69,253.61,-0.19,-0.66
2026-03-24T22:50:00.000,0.52,276.46,0.06,-0.52
2026-03-24T23:00:00.000,0.3,235.85,-0.17,-0.25
2026-03-24T23:10:00.000,0.65,201.68,-0.61,-0.24
2026-03-24T23:20:00.000,0.57,250.39,-0.19,-0.54
2026-03-24T23:30:00.000,0.58,236.53,-0.32,-0.49
2026-03-24T23:40:00.000,0.46,242,-0.22,-0.41
2026-03-24T23:50:00.000,0.32,246.82,-0.13,-0.3
2026-03-25T00:00:00.000,0.35,221.53,-0.26,-0.23
2026-03-25T00:10:00.000,0.44,194.88,-0.42,-0.11
2026-03-25T00:20:00.000,0.18,182.73,-0.18,-0.01
2026-03-25T00:30:00.000,0.29,310.4,0.19,-0.22
2026-03-25T00:40:00.000,0.46,6.29,0.45,0.05
2026-03-25T00:50:00.000,0.89,344.63,0.86,-0.24
2026-03-25T01:00:00.000,0.62,317.03,0.45,-0.42
2026-03-25T01:10:00.000,0.51,311.86,0.34,-0.38
2026-03-25T01:20:00.000,0.59,319.07,0.45,-0.39
2026-03-25T01:30:00.000,0.42,318.12,0.31,-0.28
2026-03-25T01:40:00.000,0.39,349.6,0.39,-0.07
2026-03-25T01:50:00.000,0.41,332.08,0.36,-0.19
2026-03-25T02:00:00.000,0.5,347.72,0.49,-0.11
2026-03-25T02:10:00.000,0.17,342.62,0.17,-0.05
2026-03-25T02:20:00.000,0.23,85.34,0.02,0.23
2026-03-25T02:30:00.000,0.37,65.52,0.15,0.34
2026-03-25T02:40:00.000,0.39,106.45,-0.11,0.38
2026-03-25T02:50:00.000,0.13,297.39,0.06,-0.12
2026-03-25T03:00:00.000,0.77,176.16,-0.77,0.05
2026-03-25T03:10:00.000,1.31,161,-1.24,0.43
2026-03-25T03:20:00.000,0.15,215.98,-0.12,-0.09
2026-03-25T03:30:00.000,0.41,254.37,-0.11,-0.39
2026-03-25T03:40:00.000,1.98,269.12,-0.03,-1.98
2026-03-25T03:50:00.000,1.06,252.06,-0.33,-1.01
2026-03-25T04:00:00.000,0.67,331.79,0.59,-0.32
2026-03-25T04:10:00.000,2.29,73.23,0.66,2.19
2026-03-25T04:20:00.000,0.52,129.92,-0.33,0.4
2026-03-25T04:30:00.000,1.39,130.31,-0.9,1.06
2026-03-25T04:40:00.000,2.53,123.67,-1.4,2.1
2026-03-25T04:50:00.000,1.68,132.49,-1.14,1.24
2026-03-25T05:00:00.000,2.8,191.36,-2.74,-0.55
2026-03-25T05:10:00.000,1,205.16,-0.91,-0.43
2026-03-25T05:20:00.000,1.47,68.34,0.54,1.36
2026-03-25T05:30:00.000,1.12,60.58,0.55,0.97
2026-03-25T05:40:00.000,0.95,1.67,0.95,0.03
2026-03-25T05:50:00.000,0.76,1.39,0.76,0.02
2026-03-25T06:00:00.000,0.5,249.87,-0.17,-0.47
2026-03-25T06:10:00.000,0.67,255.37,-0.17,-0.65
2026-03-25T06:20:00.000,1.37,252.19,-0.42,-1.3
2026-03-25T06:30:00.000,0.91,289.3,0.3,-0.85
2026-03-25T06:40:00.000,0.46,302.38,0.24,-0.39
2026-03-25T06:50:00.000,0.66,303.66,0.36,-0.55
2026-03-25T07:00:00.000,0.54,5.3,0.54,0.05
2026-03-25T07:10:00.000,0.37,318.86,0.28,-0.24
2026-03-25T07:20:00.000,1.09,235.08,-0.62,-0.89
2026-03-25T07:30:00.000,1.44,191.66,-1.41,-0.29
2026-03-25T07:40:00.000,3.45,119.19,-1.68,3.01
2026-03-25T07:50:00.000,1.95,117.35,-0.89,1.73
2026-03-25T08:00:00.000,3.01,255.81,-0.74,-2.92
2026-03-25T08:10:00.000,1.19,186.86,-1.18,-0.14
2026-03-25T08:20:00.000,6.68,233.72,-3.95,-5.38
2026-03-25T08:30:00.000,5.01,219.85,-3.85,-3.21
2026-03-25T08:40:00.000,7.18,225.25,-5.05,-5.1
2026-03-25T08:50:00.000,3.94,223.67,-2.85,-2.72
2026-03-25T09:00:00.000,6.14,221.3,-4.61,-4.05
2026-03-25T09:10:00.000,1.73,101.52,-0.34,1.69
2026-03-25T09:20:00.000,4.15,175.85,-4.14,0.3
2026-03-25T09:30:00.000,2.7,58.21,1.42,2.3
2026-03-25T09:40:00.000,1.85,113.78,-0.75,1.7
2026-03-25T09:50:00.000,15.37,221.97,-11.43,-10.28
2026-03-25T10:00:00.000,6.77,225.88,-4.71,-4.86
2026-03-25T10:10:00.000,1.73,154.25,-1.56,0.75
2026-03-25T10:20:00.000,8.9,172.38,-8.82,1.18
2026-03-25T10:30:00.000,2.46,234.82,-1.42,-2.01
2026-03-25T10:40:00.000,6.58,196.52,-6.31,-1.87
2026-03-25T10:50:00.000,6.55,187.1,-6.5,-0.81
2026-03-25T11:00:00.000,3.45,194.59,-3.34,-0.87
2026-03-25T11:10:00.000,5.45,216.73,-4.37,-3.26
2026-03-25T11:20:00.000,2.86,93.03,-0.15,2.86
2026-03-25T11:30:00.000,1.18,274.52,0.09,-1.18
2026-03-25T11:40:00.000,2.39,341.5,2.26,-0.76
2026-03-25T11:50:00.000,5.72,252.68,-1.7,-5.46
2026-03-25T12:00:00.000,6.96,194.55,-6.73,-1.75
2026-03-25T12:10:00.000,2.81,208.24,-2.48,-1.33
2026-03-25T12:20:00.000,6.46,216.81,-5.17,-3.87
2026-03-25T12:30:00.000,3.26,188.86,-3.23,-0.5
2026-03-25T12:40:00.000,4.6,151.24,-4.03,2.21
2026-03-25T12:50:00.000,1.34,92.94,-0.07,1.34
2026-03-25T13:00:00.000,5.34,208.46,-4.7,-2.55
2026-03-25T13:10:00.000,5.52,170.59,-5.45,0.9
2026-03-25T13:20:00.000,7.02,165.54,-6.79,1.75
2026-03-25T13:30:00.000,4.25,188.03,-4.21,-0.59
2026-03-25T13:40:00.000,7.2,160.12,-6.77,2.45
2026-03-25T13:50:00.000,3.97,179.92,-3.97,0.01
2026-03-25T14:00:00.000,6.72,169.81,-6.62,1.19
2026-03-25T14:10:00.000,6.23,208.53,-5.48,-2.98
2026-03-25T14:20:00.000,5.28,212.99,-4.43,-2.87
2026-03-25T14:30:00.000,3.26,152.36,-2.89,1.51
2026-03-25T14:40:00.000,6.28,222.47,-4.63,-4.24
2026-03-25T14:50:00.000,8.86,216.2,-7.15,-5.23
2026-03-25T15:00:00.000,3.43,178.91,-3.43,0.07
2026-03-25T15:10:00.000,2.2,208.47,-1.93,-1.05
2026-03-25T15:20:00.000,6.64,197.7,-6.33,-2.02
2026-03-25T15:30:00.000,3.54,157.85,-3.28,1.34
2026-03-25T15:40:00.000,0.52,280.72,0.1,-0.51
2026-03-25T15:50:00.000,3,113.49,-1.2,2.75
2026-03-25T16:00:00.000,2.8,110.19,-0.97,2.63
2026-03-25T16:10:00.000,2.42,184.46,-2.41,-0.19
2026-03-25T16:20:00.000,6.19,107.12,-1.82,5.92
2026-03-25T16:30:00.000,6.75,120.14,-3.39,5.84
2026-03-25T16:40:00.000,5.23,127.1,-3.15,4.17
2026-03-25T16:50:00.000,3.38,126.82,-2.03,2.71
2026-03-25T17:00:00.000,6.35,108.46,-2.01,6.02
2026-03-25T17:10:00.000,7.33,102.11,-1.54,7.17
2026-03-25T17:20:00.000,5.91,93.37,-0.35,5.9
2026-03-25T17:30:00.000,5.34,88.23,0.17,5.34
2026-03-25T17:40:00.000,4.68,101.6,-0.94,4.59
2026-03-25T17:50:00.000,3.72,84.03,0.39,3.7
2026-03-25T18:00:00.000,4.31,77.78,0.91,4.21
2026-03-25T18:10:00.000,3.18,81.42,0.47,3.14
2026-03-25T18:20:00.000,2.02,121.45,-1.05,1.72
2026-03-25T18:30:00.000,1.9,77.28,0.42,1.85
2026-03-25T18:40:00.000,2.69,153.23,-2.4,1.21
2026-03-25T18:50:00.000,1.64,178.51,-1.64,0.04
2026-03-25T19:00:00.000,3.81,213.44,-3.18,-2.1
2026-03-25T19:10:00.000,0.56,254.24,-0.15,-0.54
2026-03-25T19:20:00.000,1.63,195.83,-1.57,-0.44
2026-03-25T19:30:00.000,0.6,206.71,-0.53,-0.27
2026-03-25T19:40:00.000,3.32,58.17,1.75,2.82
2026-03-25T19:50:00.000,3.56,47.41,2.41,2.62
2026-03-25T20:00:00.000,1.5,18.25,1.42,0.47
2026-03-25T20:10:00.000,2.77,36.37,2.23,1.65
2026-03-25T20:20:00.000,1.96,46.77,1.34,1.43
2026-03-25T20:30:00.000,1.9,69.77,0.66,1.78
2026-03-25T20:40:00.000,0.3,318.22,0.22,-0.2
2026-03-25T20:50:00.000,0.24,264.92,-0.02,-0.24
2026-03-25T21:00:00.000,0.36,273.81,0.02,-0.36
2026-03-25T21:10:00.000,0.18,132.39,-0.12,0.13
2026-03-25T21:20:00.000,0.41,215.74,-0.33,-0.24
2026-03-25T21:30:00.000,0.93,200.16,-0.87,-0.32
2026-03-25T21:40:00.000,0.68,166.46,-0.66,0.16
2026-03-25T21:50:00.000,0.51,179.21,-0.51,0.01
2026-03-25T22:00:00.000,0.68,189.78,-0.67,-0.12
2026-03-25T22:10:00.000,1.23,205.74,-1.11,-0.54
2026-03-25T22:20:00.000,0.84,171.81,-0.83,0.12
2026-03-25T22:30:00.000,1.03,174.67,-1.02,0.1
2026-03-25T22:40:00.000,0.49,154.89,-0.45,0.21
2026-03-25T22:50:00.000,0.43,217.39,-0.34,-0.26
2026-03-25T23:00:00.000,0.72,179.09,-0.72,0.01
2026-03-25T23:10:00.000,0.9,176.09,-0.9,0.06
2026-03-25T23:20:00.000,0.29,186.39,-0.29,-0.03
2026-03-25T23:30:00.000,2.12,114.6,-0.88,1.93
2026-03-25T23:40:00.000,2.58,138.91,-1.94,1.69
2026-03-25T23:50:00.000,1.24,165.82,-1.21,0.3
2026-03-26T00:00:00.000,1.03,188.59,-1.02,-0.15
2026-03-26T00:10:00.000,3.48,104.41,-0.87,3.37
2026-03-26T00:20:00.000,0.56,348.32,0.54,-0.11
2026-03-26T00:30:00.000,3.61,125.55,-2.1,2.94
2026-03-26T00:40:00.000,3.69,206.85,-3.29,-1.67
2026-03-26T00:50:00.000,2.76,105.37,-0.73,2.66
2026-03-26T01:00:00.000,2.33,145.49,-1.92,1.32
2026-03-26T01:10:00.000,2.88,257.68,-0.61,-2.81
2026-03-26T01:20:00.000,1.38,202.73,-1.27,-0.53
2026-03-26T01:30:00.000,4.61,138.37,-3.45,3.07
2026-03-26T01:40:00.000,5.73,137.84,-4.25,3.85
2026-03-26T01:50:00.000,0.68,190.96,-0.67,-0.13
2026-03-26T02:00:00.000,1.68,222.04,-1.25,-1.13
2026-03-26T02:10:00.000,1.11,234.71,-0.64,-0.91
2026-03-26T02:20:00.000,1.23,164.56,-1.18,0.33
2026-03-26T02:30:00.000,2.05,214.57,-1.68,-1.16
2026-03-26T02:40:00.000,0.78,247.69,-0.3,-0.72
2026-03-26T02:50:00.000,0.72,241.14,-0.35,-0.63
2026-03-26T03:00:00.000,0.4,214.54,-0.33,-0.23
2026-03-26T03:10:00.000,1.9,215.94,-1.54,-1.12
2026-03-26T03:20:00.000,0.09,231.02,-0.05,-0.07
2026-03-26T03:30:00.000,0.33,208.51,-0.29,-0.16
2026-03-26T03:40:00.000,0.4,302.81,0.22,-0.34
2026-03-26T03:50:00.000,0.29,346.72,0.28,-0.07
2026-03-26T04:00:00.000,0.81,202.78,-0.75,-0.31
2026-03-26T04:10:00.000,1.34,282.06,0.28,-1.31
2026-03-26T04:20:00.000,2.98,61.71,1.41,2.63
2026-03-26T04:30:00.000,3.77,126.37,-2.23,3.03
2026-03-26T04:40:00.000,1.88,118.61,-0.9,1.65
2026-03-26T04:50:00.000,3.78,161.11,-3.58,1.22
2026-03-26T05:00:00.000,4.76,180.33,-4.76,-0.03
2026-03-26T05:10:00.000,4.43,137.08,-3.24,3.02
2026-03-26T05:20:00.000,4.9,138.79,-3.69,3.23
2026-03-26T05:30:00.000,4.25,132.4,-2.86,3.14
2026-03-26T05:40:00.000,4.85,131.29,-3.2,3.65
2026-03-26T05:50:00.000,4.36,144.96,-3.57,2.51
2026-03-26T06:00:00.000,2.91,114.26,-1.19,2.65
2026-03-26T06:10:00.000,3.41,98.19,-0.49,3.37
2026-03-26T06:20:00.000,1.03,243.38,-0.46,-0.92
2026-03-26T06:30:00.000,1.86,15.42,1.79,0.49
2026-03-26T06:40:00.000,2.35,224.66,-1.67,-1.65
2026-03-26T06:50:00.000,3.41,231.94,-2.1,-2.68
2026-03-26T07:00:00.000,2.26,198.17,-2.15,-0.7
2026-03-26T07:10:00.000,0.68,183.75,-0.68,-0.04
2026-03-26T07:20:00.000,1.17,218.94,-0.91,-0.73
2026-03-26T07:30:00.000,3.15,221.04,-2.38,-2.07
2026-03-26T07:40:00.000,1.18,270.77,0.02,-1.18
2026-03-26T07:50:00.000,5.3,194.59,-5.13,-1.33
2026-03-26T08:00:00.000,1.59,221,-1.2,-1.04
2026-03-26T08:10:00.000,3.99,217.56,-3.16,-2.43
2026-03-26T08:20:00.000,5.93,234.82,-3.42,-4.85
2026-03-26T08:30:00.000,3.83,190.42,-3.77,-0.69
2026-03-26T08:40:00.000,6.05,210.04,-5.23,-3.03
2026-03-26T08:50:00.000,1.34,215.74,-1.09,-0.78
2026-03-26T09:00:00.000,2.02,283.01,0.45,-1.96
2026-03-26T09:10:00.000,2.75,226.59,-1.89,-2
2026-03-26T09:20:00.000,8.73,237.95,-4.63,-7.4
2026-03-26T09:30:00.000,3.58,246.66,-1.42,-3.28
2026-03-26T09:40:00.000,6.75,240.83,-3.29,-5.89
2026-03-26T09:50:00.000,3.79,163.82,-3.64,1.06
2026-03-26T10:00:00.000,2.15,351.08,2.12,-0.33
2026-03-26T10:10:00.000,15.3,221.88,-11.39,-10.21
2026-03-26T10:20:00.000,12.74,197.21,-12.17,-3.77
2026-03-26T10:30:00.000,4.12,208.36,-3.62,-1.96
2026-03-26T10:40:00.000,1.21,249.42,-0.42,-1.13
2026-03-26T10:50:00.000,9.39,222.14,-6.96,-6.3
2026-03-26T11:00:00.000,18.63,247.18,-7.23,-17.18
2026-03-26T11:10:00.000,5.84,204.1,-5.33,-2.38
2026-03-26T11:20:00.000,6.76,221.48,-5.06,-4.48
2026-03-26T11:30:00.000,11.34,203.44,-10.4,-4.51
2026-03-26T11:40:00.000,10.74,203.13,-9.87,-4.22
2026-03-26T11:50:00.000,5.42,200.92,-5.07,-1.94
2026-03-26T12:00:00.000,1.18,178.78,-1.18,0.03
2026-03-26T12:10:00.000,8.15,199.03,-7.7,-2.66
2026-03-26T12:20:00.000,7.36,220.53,-5.59,-4.78
2026-03-26T12:30:00.000,4.39,267.75,-0.17,-4.39
2026-03-26T12:40:00.000,7.77,205.16,-7.03,-3.3
2026-03-26T12:50:00.000,4.45,230.75,-2.82,-3.45
2026-03-26T13:00:00.000,6.6,213.59,-5.5,-3.65
2026-03-26T13:10:00.000,8.29,201.05,-7.73,-2.98
2026-03-26T13:20:00.000,11.43,227.58,-7.71,-8.44
2026-03-26T13:30:00.000,2.01,217.09,-1.6,-1.21
2026-03-26T13:40:00.000,2.64,184.31,-2.63,-0.2
2026-03-26T13:50:00.000,14.31,228.5,-9.48,-10.72
2026-03-26T14:00:00.000,10.38,231.53,-6.46,-8.13
2026-03-26T14:10:00.000,7.76,223.13,-5.66,-5.3
2026-03-26T14:20:00.000,4.46,230,-2.87,-3.42
2026-03-26T14:30:00.000,5.78,212.31,-4.89,-3.09
2026-03-26T14:40:00.000,15.74,222.54,-11.59,-10.64
2026-03-26T14:50:00.000,2.7,191,-2.65,-0.52
2026-03-26T15:00:00.000,2.25,105.68,-0.61,2.17
2026-03-26T15:10:00.000,5.29,221.04,-3.99,-3.47
2026-03-26T15:20:00.000,7.57,188.27,-7.49,-1.09
2026-03-26T15:30:00.000,3.77,183.13,-3.77,-0.21
2026-03-26T15:40:00.000,2.95,176.15,-2.95,0.2
2026-03-26T15:50:00.000,1.6,206.27,-1.44,-0.71
2026-03-26T16:00:00.000,9.19,219.45,-7.1,-5.84
2026-03-26T16:10:00.000,9.11,213.22,-7.62,-4.99
2026-03-26T16:20:00.000,1.97,341.45,1.87,-0.63
2026-03-26T16:30:00.000,3.22,226.18,-2.23,-2.32
2026-03-26T16:40:00.000,3.19,213.11,-2.68,-1.75
2026-03-26T16:50:00.000,5.46,232.47,-3.33,-4.33
2026-03-26T17:00:00.000,6.2,208.08,-5.47,-2.92
2026-03-26T17:10:00.000,1.16,237.06,-0.63,-0.97
2026-03-26T17:20:00.000,6.26,249.02,-2.24,-5.84
2026-03-26T17:30:00.000,5.81,235.51,-3.29,-4.79
2026-03-26T17:40:00.000,0.7,264.08,-0.07,-0.69
2026-03-26T17:50:00.000,1.21,279.37,0.2,-1.19
2026-03-26T18:00:00.000,3.3,209.41,-2.88,-1.62
2026-03-26T18:10:00.000,1.06,89.91,0,1.06
2026-03-26T18:20:00.000,8.6,203.86,-7.86,-3.48
2026-03-26T18:30:00.000,3.7,288.28,1.16,-3.52
2026-03-26T18:40:00.000,7.49,166.32,-7.28,1.77
2026-03-26T18:50:00.000,2.35,265.1,-0.2,-2.34
2026-03-26T19:00:00.000,0.81,240.25,-0.4,-0.7
2026-03-26T19:10:00.000,11.97,185.2,-11.92,-1.09
2026-03-26T19:20:00.000,9.48,207.8,-8.38,-4.42
2026-03-26T19:30:00.000,3.11,190.52,-3.06,-0.57
2026-03-26T19:40:00.000,1.52,43.68,1.1,1.05
2026-03-26T19:50:00.000,5.86,245.84,-2.4,-5.35
2026-03-26T20:00:00.000,11.96,220.83,-9.05,-7.82
2026-03-26T20:10:00.000,10.47,234.58,-6.07,-8.53
2026-03-26T20:20:00.000,3.93,255.05,-1.01,-3.8
2026-03-26T20:30:00.000,6.62,260.09,-1.14,-6.52
2026-03-26T20:40:00.000,7.09,273.98,0.49,-7.07
2026-03-26T20:50:00.000,0.57,198.21,-0.54,-0.18
2026-03-26T21:00:00.000,4.9,289.48,1.64,-4.62
2026-03-26T21:10:00.000,4.28,248.92,-1.54,-3.99
2026-03-26T21:20:00.000,7.43,299.58,3.67,-6.46
2026-03-26T21:30:00.000,3.57,275.65,0.35,-3.55
2026-03-26T21:40:00.000,5.55,274.27,0.41,-5.54
2026-03-26T21:50:00.000,4.3,279.75,0.73,-4.24
2026-03-26T22:00:00.000,4.85,279.24,0.78,-4.79
2026-03-26T22:10:00.000,3.92,270.23,0.02,-3.92
2026-03-26T22:20:00.000,8.78,309.31,5.56,-6.79
2026-03-26T22:30:00.000,5.66,287.83,1.73,-5.39
2026-03-26T22:40:00.000,7.04,247.83,-2.66,-6.52
2026-03-26T22:50:00.000,5.82,256.22,-1.39,-5.66
2026-03-26T23:00:00.000,5.35,282.77,1.18,-5.22
2026-03-26T23:10:00.000,10.21,239.76,-5.14,-8.82
2026-03-26T23:20:00.000,3.96,248.31,-1.46,-3.68
2026-03-26T23:30:00.000,8.08,291.93,3.02,-7.5
2026-03-26T23:40:00.000,5.18,288.1,1.61,-4.93
2026-03-26T23:50:00.000,4.4,300.85,2.26,-3.78
2026-03-27T00:00:00.000,7.34,271.66,0.21,-7.34
2026-03-27T00:10:00.000,11.55,259.91,-2.02,-11.37
2026-03-27T00:20:00.000,7.79,283.36,1.8,-7.58
2026-03-27T00:30:00.000,7.85,297.2,3.59,-6.98
2026-03-27T00:40:00.000,16.89,297.24,7.73,-15.02
2026-03-27T00:50:00.000,9.83,300.03,4.92,-8.51
2026-03-27T01:00:00.000,5.07,252.46,-1.53,-4.83
2026-03-27T01:10:00.000,3.14,265.25,-0.26,-3.13
2026-03-27T01:20:00.000,6.91,271.09,0.13,-6.9
2026-03-27T01:30:00.000,6.39,282.83,1.42,-6.23
2026-03-27T01:40:00.000,9.94,270.85,0.15,-9.94
2026-03-27T01:50:00.000,7.65,316.75,5.57,-5.24
2026-03-27T02:00:00.000,8.41,286.36,2.37,-8.07
2026-03-27T02:10:00.000,7.18,310.45,4.66,-5.47
2026-03-27T02:20:00.000,8.39,320.5,6.47,-5.34
2026-03-27T02:30:00.000,5.77,266.19,-0.38,-5.75
2026-03-27T02:40:00.000,2.94,292.42,1.12,-2.71
2026-03-27T02:50:00.000,3.03,263.55,-0.34,-3.01
2026-03-27T03:00:00.000,7.73,294.77,3.24,-7.02
2026-03-27T03:10:00.000,3.66,279.82,0.62,-3.61
2026-03-27T03:20:00.000,7.06,313.84,4.89,-5.1
2026-03-27T03:30:00.000,2.73,290.56,0.96,-2.56
2026-03-27T03:40:00.000,6.42,272.46,0.28,-6.41
2026-03-27T03:50:00.000,5.23,301.65,2.74,-4.45
2026-03-27T04:00:00.000,6.48,297.47,2.99,-5.75
2026-03-27T04:10:00.000,5.74,274.34,0.43,-5.72
2026-03-27T04:20:00.000,7.16,257.01,-1.61,-6.98
2026-03-27T04:30:00.000,5.88,275.33,0.55,-5.86
2026-03-27T04:40:00.000,6.96,279.74,1.18,-6.86
2026-03-27T04:50:00.000,4.89,257.92,-1.02,-4.78
2026-03-27T05:00:00.000,10.75,272.29,0.43,-10.74
2026-03-27T05:10:00.000,4.06,288.43,1.28,-3.85
2026-03-27T05:20:00.000,5.34,271.63,0.15,-5.34
2026-03-27T05:30:00.000,6.07,290.18,2.09,-5.69
2026-03-27T05:40:00.000,5.35,292.85,2.08,-4.93
2026-03-27T05:50:00.000,6.68,277.83,0.91,-6.61
2026-03-27T06:00:00.000,2.67,322.34,2.11,-1.63
2026-03-27T06:10:00.000,6.05,235.61,-3.42,-5
2026-03-27T06:20:00.000,6.69,265.65,-0.51,-6.67
2026-03-27T06:30:00.000,11.87,269.69,-0.06,-11.87
2026-03-27T06:40:00.000,4.35,245.12,-1.83,-3.94
2026-03-27T06:50:00.000,3.84,263.59,-0.43,-3.81
2026-03-27T07:00:00.000,2.78,263.01,-0.34,-2.76
2026-03-27T07:10:00.000,5.83,228.48,-3.86,-4.36
2026-03-27T07:20:00.000,2.53,257.58,-0.55,-2.48
2026-03-27T07:30:00.000,4.03,277.96,0.56,-3.99
2026-03-27T07:40:00.000,3.98,320.76,3.08,-2.52
2026-03-27T07:50:00.000,6.33,298.5,3.02,-5.56
2026-03-27T08:00:00.000,5.9,290.25,2.04,-5.54
2026-03-27T08:10:00.000,3.44,296.69,1.54,-3.07
2026-03-27T08:20:00.000,2.1,310.95,1.37,-1.58
2026-03-27T08:30:00.000,5.18,304.34,2.92,-4.28
2026-03-27T08:40:00.000,2.7,286.05,0.75,-2.59
2026-03-27T08:50:00.000,0.86,301.07,0.44,-0.74
2026-03-27T09:00:00.000,10.8,273.98,0.75,-10.78
2026-03-27T09:10:00.000,5.02,274.54,0.4,-5
2026-03-27T09:20:00.000,4.77,271.6,0.13,-4.77
2026-03-27T09:30:00.000,8.85,261,-1.38,-8.74
2026-03-27T09:40:00.000,4,265.54,-0.31,-3.99
2026-03-27T09:50:00.000,5.69,310.33,3.68,-4.34
2026-03-27T10:00:00.000,3.21,288.88,1.04,-3.04
2026-03-27T10:10:00.000,5.44,299.72,2.7,-4.73
2026-03-27T10:20:00.000,6.8,299.97,3.4,-5.89
2026-03-27T10:30:00.000,6.72,308.35,4.17,-5.27
2026-03-27T10:40:00.000,3.72,280.91,0.7,-3.65
2026-03-27T10:50:00.000,3.12,277.83,0.42,-3.09
2026-03-27T11:00:00.000,4.36,251.44,-1.39,-4.13
2026-03-27T11:10:00.000,4.54,279.76,0.77,-4.48
2026-03-27T11:20:00.000,9.32,281.83,1.91,-9.12
2026-03-27T11:30:00.000,2.52,282.49,0.54,-2.46
2026-03-27T11:40:00.000,2.74,215.84,-2.22,-1.6
2026-03-27T11:50:00.000,0.82,273.22,0.05,-0.82
2026-03-27T12:00:00.000,11.4,222.08,-8.46,-7.64
2026-03-27T12:10:00.000,10.36,226.28,-7.16,-7.48
2026-03-27T12:20:00.000,4.7,226.01,-3.26,-3.38
2026-03-27T12:30:00.000,12.13,233.03,-7.29,-9.69
2026-03-27T12:40:00.000,4.13,210.91,-3.54,-2.12
2026-03-27T12:50:00.000,6.94,239.19,-3.55,-5.96
2026-03-27T13:00:00.000,7.02,215.5,-5.72,-4.08
2026-03-27T13:10:00.000,6.35,225.24,-4.47,-4.51
2026-03-27T13:20:00.000,9.74,231.97,-6,-7.67
2026-03-27T13:30:00.000,8.46,223.86,-6.1,-5.86
2026-03-27T13:40:00.000,6.72,245.85,-2.75,-6.14
2026-03-27T13:50:00.000,11.15,191.89,-10.91,-2.3
2026-03-27T14:00:00.000,3.33,203.06,-3.07,-1.31
2026-03-27T14:10:00.000,8.35,238.64,-4.35,-7.13
2026-03-27T14:20:00.000,2.53,206.17,-2.27,-1.12
2026-03-27T14:30:00.000,3.49,258.8,-0.68,-3.42
2026-03-27T14:40:00.000,5.29,225.55,-3.7,-3.77
2026-03-27T14:50:00.000,6.41,241.76,-3.03,-5.64
2026-03-27T15:00:00.000,9.32,225.63,-6.52,-6.66
2026-03-27T15:10:00.000,2.9,242.44,-1.34,-2.57
2026-03-27T15:20:00.000,4.84,220.05,-3.71,-3.12
2026-03-27T15:30:00.000,3.11,235.21,-1.77,-2.55
2026-03-27T15:40:00.000,4.89,249.27,-1.73,-4.57
2026-03-27T15:50:00.000,4.32,248.17,-1.61,-4.01
2026-03-27T16:00:00.000,1.26,216.38,-1.02,-0.75
2026-03-27T16:10:00.000,2.02,234.19,-1.18,-1.64
2026-03-27T16:20:00.000,2.19,249.65,-0.76,-2.05
2026-03-27T16:30:00.000,5.76,207.54,-5.11,-2.66
2026-03-27T16:40:00.000,3.68,291.47,1.35,-3.42
2026-03-27T16:50:00.000,0.76,342.74,0.73,-0.23
2026-03-27T17:00:00.000,2.23,275.15,0.2,-2.22
2026-03-27T17:10:00.000,1.1,273.39,0.06,-1.09
2026-03-27T17:20:00.000,4.97,294.24,2.04,-4.53
2026-03-27T17:30:00.000,10.1,280.28,1.8,-9.94
2026-03-27T17:40:00.000,3.78,323,3.02,-2.27
2026-03-27T17:50:00.000,3.79,290.26,1.31,-3.56
2026-03-27T18:00:00.000,5.85,275.81,0.59,-5.82
2026-03-27T18:10:00.000,1.93,258.16,-0.4,-1.89
2026-03-27T18:20:00.000,5.96,274.44,0.46,-5.94
2026-03-27T18:30:00.000,3.58,301.83,1.89,-3.04
2026-03-27T18:40:00.000,3.67,281.07,0.7,-3.6
2026-03-27T18:50:00.000,3.03,295.02,1.28,-2.75
2026-03-27T19:00:00.000,3.06,312.74,2.07,-2.24
2026-03-27T19:10:00.000,1.15,290.15,0.4,-1.08
2026-03-27T19:20:00.000,1.95,264.21,-0.2,-1.94
2026-03-27T19:30:00.000,3.95,265.84,-0.29,-3.94
2026-03-27T19:40:00.000,4.1,256.48,-0.96,-3.99
2026-03-27T19:50:00.000,5.03,288.8,1.62,-4.76
2026-03-27T20:00:00.000,5.23,281.82,1.07,-5.12
2026-03-27T20:10:00.000,2,278.45,0.29,-1.98
2026-03-27T20:20:00.000,5.7,279.13,0.9,-5.63
2026-03-27T20:30:00.000,3.4,271.36,0.08,-3.4
2026-03-27T20:40:00.000,3.66,268.08,-0.12,-3.66
2026-03-27T20:50:00.000,3.9,297.09,1.78,-3.48
2026-03-27T21:00:00.000,5.02,287.57,1.52,-4.79
2026-03-27T21:10:00.000,3.61,269.03,-0.06,-3.61
2026-03-27T21:20:00.000,4.25,303.16,2.32,-3.56
2026-03-27T21:30:00.000,3.38,283.32,0.78,-3.29
2026-03-27T21:40:00.000,4.83,302.19,2.57,-4.09
2026-03-27T21:50:00.000,1.97,237.54,-1.06,-1.67
2026-03-27T22:00:00.000,1.51,286.37,0.43,-1.45
2026-03-27T22:10:00.000,4.22,301.08,2.18,-3.61
2026-03-27T22:20:00.000,5.42,273.29,0.31,-5.41
2026-03-27T22:30:00.000,5.75,286.8,1.66,-5.5
2026-03-27T22:40:00.000,2.2,280.2,0.39,-2.16
2026-03-27T22:50:00.000,5.91,269.2,-0.08,-5.91
2026-03-27T23:00:00.000,3.02,239.24,-1.55,-2.6
2026-03-27T23:10:00.000,3.21,248.93,-1.15,-2.99
2026-03-27T23:20:00.000,2.85,242.29,-1.32,-2.52
2026-03-27T23:30:00.000,2.98,267.97,-0.11,-2.98
2026-03-27T23:40:00.000,2.54,284.14,0.62,-2.47
2026-03-27T23:50:00.000,1.83,253.68,-0.51,-1.76
2026-03-28T00:00:00.000,4.24,289.51,1.41,-3.99
2026-03-28T00:10:00.000,4.71,246.2,-1.9,-4.31
2026-03-28T00:20:00.000,5.11,261.89,-0.72,-5.06
2026-03-28T00:30:00.000,3.49,293.62,1.4,-3.2
2026-03-28T00:40:00.000,4.56,225.75,-3.18,-3.27
2026-03-28T00:50:00.000,2.87,246.05,-1.17,-2.62
2026-03-28T01:00:00.000,1.94,255.76,-0.48,-1.88
2026-03-28T01:10:00.000,5.68,266.11,-0.39,-5.67
2026-03-28T01:20:00.000,3.29,259.79,-0.58,-3.24
2026-03-28T01:30:00.000,3.55,270.02,0,-3.55
2026-03-28T01:40:00.000,2.08,247.76,-0.79,-1.93
2026-03-28T01:50:00.000,3.2,268.31,-0.09,-3.2
2026-03-28T02:00:00.000,5.4,272.5,0.24,-5.4
2026-03-28T02:10:00.000,3.49,279.93,0.6,-3.44
2026-03-28T02:20:00.000,2.17,250.34,-0.73,-2.05
2026-03-28T02:30:00.000,2.49,299.75,1.24,-2.17
2026-03-28T02:40:00.000,0.95,294.24,0.39,-0.86
2026-03-28T02:50:00.000,2.41,288.79,0.78,-2.28
2026-03-28T03:00:00.000,3.38,251.18,-1.09,-3.2
2026-03-28T03:10:00.000,1.95,289.97,0.67,-1.84
2026-03-28T03:20:00.000,1.11,296.22,0.49,-1
2026-03-28T03:30:00.000,1.41,285.9,0.39,-1.35
2026-03-28T03:40:00.000,1.1,292.21,0.42,-1.02
2026-03-28T03:50:00.000,0.79,297.55,0.37,-0.7
2026-03-28T04:00:00.000,0.57,286.29,0.16,-0.55
2026-03-28T04:10:00.000,0.81,298.94,0.39,-0.71
2026-03-28T04:20:00.000,3.03,272.22,0.12,-3.03
2026-03-28T04:30:00.000,2.58,266.46,-0.16,-2.57
2026-03-28T04:40:00.000,1.6,261.02,-0.25,-1.58
2026-03-28T04:50:00.000,1.33,263.03,-0.16,-1.32
2026-03-28T05:00:00.000,0.57,263.09,-0.07,-0.56
2026-03-28T05:10:00.000,4.29,255.41,-1.08,-4.15
2026-03-28T05:20:00.000,4.26,239.36,-2.17,-3.67
2026-03-28T05:30:00.000,1.85,242.39,-0.86,-1.64
2026-03-28T05:40:00.000,1.87,286.45,0.53,-1.79
2026-03-28T05:50:00.000,0.59,233.84,-0.35,-0.48
2026-03-28T06:00:00.000,0.72,142.8,-0.57,0.43
2026-03-28T06:10:00.000,0.66,305.85,0.39,-0.54
2026-03-28T06:20:00.000,1.43,14.51,1.39,0.36
2026-03-28T06:30:00.000,0.49,312.24,0.33,-0.37
2026-03-28T06:40:00.000,1,37.43,0.79,0.61
2026-03-28T06:50:00.000,2.37,54.06,1.39,1.92
2026-03-28T07:00:00.000,1.7,27.81,1.5,0.79
2026-03-28T07:10:00.000,0.77,13.32,0.74,0.18
2026-03-28T07:20:00.000,0.98,6.39,0.97,0.11
2026-03-28T07:30:00.000,0.39,345.75,0.37,-0.1
2026-03-28T07:40:00.000,0.3,300.45,0.15,-0.26
2026-03-28T07:50:00.000,1.34,179.73,-1.34,0.01
2026-03-28T08:00:00.000,0.69,231.86,-0.42,-0.54
2026-03-28T08:10:00.000,1.1,267.45,-0.05,-1.1
2026-03-28T08:20:00.000,4.46,200.63,-4.18,-1.57
2026-03-28T08:30:00.000,3.96,191.84,-3.87,-0.81
2026-03-28T08:40:00.000,3.69,229.27,-2.41,-2.8
2026-03-28T08:50:00.000,5.08,153.35,-4.54,2.28
2026-03-28T09:00:00.000,1.56,248.13,-0.58,-1.45
2026-03-28T09:10:00.000,2.6,219.56,-2,-1.66
2026-03-28T09:20:00.000,1.59,208.76,-1.4,-0.77
2026-03-28T09:30:00.000,3.04,230.98,-1.91,-2.36
2026-03-28T09:40:00.000,2.47,165.66,-2.39,0.61
2026-03-28T09:50:00.000,1.12,201.97,-1.04,-0.42
2026-03-28T10:00:00.000,0.36,234.22,-0.21,-0.29
2026-03-28T10:10:00.000,2.32,170.3,-2.29,0.39
2026-03-28T10:20:00.000,3.38,211.76,-2.87,-1.78
2026-03-28T10:30:00.000,3.83,173.48,-3.8,0.43
2026-03-28T10:40:00.000,1.34,86.25,0.09,1.34
2026-03-28T10:50:00.000,0.49,154.09,-0.44,0.22
2026-03-28T11:00:00.000,0.17,30.31,0.14,0.08
2026-03-28T11:10:00.000,1.22,103.17,-0.28,1.19
2026-03-28T11:20:00.000,0.18,85.55,0.01,0.17
2026-03-28T11:30:00.000,2.03,139.11,-1.53,1.33
2026-03-28T11:40:00.000,0.3,228.39,-0.2,-0.23
2026-03-28T11:50:00.000,0.57,161.75,-0.55,0.18
2026-03-28T12:00:00.000,0.02,325.61,0.01,-0.01
2026-03-28T12:10:00.000,1.17,293.29,0.46,-1.08
2026-03-28T12:20:00.000,0.11,258.36,-0.02,-0.11
2026-03-28T12:30:00.000,1.42,95.75,-0.14,1.41
2026-03-28T12:40:00.000,1.63,85.34,0.13,1.62
2026-03-28T12:50:00.000,1.49,300.18,0.75,-1.28
2026-03-28T13:00:00.000,1.28,84.67,0.12,1.28
2026-03-28T13:10:00.000,1.28,68.93,0.46,1.19
2026-03-28T13:20:00.000,1.29,113.26,-0.51,1.18
2026-03-28T13:30:00.000,0.68,104.85,-0.17,0.66
2026-03-28T13:40:00.000,2.94,121.19,-1.53,2.52
2026-03-28T13:50:00.000,2.5,79.59,0.45,2.46
2026-03-28T14:00:00.000,3.22,290.23,1.11,-3.02
2026-03-28T14:10:00.000,2.05,352.53,2.03,-0.27
2026-03-28T14:20:00.000,1.53,137.44,-1.13,1.04
2026-03-28T14:30:00.000,1.71,314.58,1.2,-1.22
2026-03-28T14:40:00.000,2.33,151.47,-2.05,1.11
2026-03-28T14:50:00.000,4.64,90.37,-0.03,4.64
2026-03-28T15:00:00.000,2.11,157.58,-1.95,0.8
2026-03-28T15:10:00.000,2.54,148.25,-2.16,1.34
2026-03-28T15:20:00.000,5.05,117.35,-2.32,4.48
2026-03-28T15:30:00.000,2.47,93.98,-0.17,2.46
2026-03-28T15:40:00.000,5.38,199.43,-5.08,-1.79
2026-03-28T15:50:00.000,2.21,115.48,-0.95,1.99
2026-03-28T16:00:00.000,3.38,87.18,0.17,3.38
2026-03-28T16:10:00.000,1.97,122.46,-1.06,1.66
2026-03-28T16:20:00.000,4.09,126.43,-2.43,3.29
2026-03-28T16:30:00.000,1.41,198.73,-1.33,-0.45
2026-03-28T16:40:00.000,1.13,185.44,-1.12,-0.11
2026-03-28T16:50:00.000,1.81,158.09,-1.68,0.68
2026-03-28T17:00:00.000,3.86,51.51,2.4,3.02
2026-03-28T17:10:00.000,4.06,73.51,1.15,3.89
2026-03-28T17:20:00.000,3.7,107.03,-1.08,3.53
2026-03-28T17:30:00.000,3.8,93.6,-0.24,3.79
2026-03-28T17:40:00.000,3.92,108.48,-1.24,3.72
2026-03-28T17:50:00.000,3.32,130.47,-2.16,2.53
2026-03-28T18:00:00.000,4.19,123.08,-2.29,3.51
2026-03-28T18:10:00.000,4.02,119.2,-1.96,3.51
2026-03-28T18:20:00.000,5.12,109.77,-1.73,4.82
2026-03-28T18:30:00.000,1.47,137,-1.08,1.01
2026-03-28T18:40:00.000,2.36,208.69,-2.07,-1.13
2026-03-28T18:50:00.000,0.87,242.23,-0.4,-0.77
2026-03-28T19:00:00.000,0.56,253.93,-0.15,-0.54
2026-03-28T19:10:00.000,1.09,9.67,1.08,0.18
2026-03-28T19:20:00.000,2.8,114.49,-1.16,2.55
2026-03-28T19:30:00.000,3.02,119.49,-1.49,2.63
2026-03-28T19:40:00.000,5.18,106.32,-1.46,4.97
2026-03-28T19:50:00.000,5.37,111.82,-2,4.99
2026-03-28T20:00:00.000,4.85,115.52,-2.09,4.38
2026-03-28T20:10:00.000,4.24,129.56,-2.7,3.27
2026-03-28T20:20:00.000,3.58,133.67,-2.47,2.59
2026-03-28T20:30:00.000,1.09,165.27,-1.05,0.28
2026-03-28T20:40:00.000,0.92,240.05,-0.46,-0.8
2026-03-28T20:50:00.000,2.69,211.41,-2.3,-1.4
2026-03-28T21:00:00.000,2.74,256.88,-0.62,-2.67
2026-03-28T21:10:00.000,1.38,246.76,-0.54,-1.27
2026-03-28T21:20:00.000,1.69,260.83,-0.27,-1.66
2026-03-28T21:30:00.000,1.76,278.86,0.27,-1.74
2026-03-28T21:40:00.000,1.93,281.17,0.37,-1.89
2026-03-28T21:50:00.000,4.21,298.27,2,-3.71
2026-03-28T22:00:00.000,2.47,293.39,0.98,-2.27
2026-03-28T22:10:00.000,2.28,302.12,1.21,-1.93
2026-03-28T22:20:00.000,2.61,287.84,0.8,-2.49
2026-03-28T22:30:00.000,5.19,273.16,0.29,-5.18
2026-03-28T22:40:00.000,2.45,293.45,0.98,-2.25
2026-03-28T22:50:00.000,4.41,297.57,2.04,-3.91
2026-03-28T23:00:00.000,3.25,308.74,2.03,-2.54
2026-03-28T23:10:00.000,3.35,306.01,1.97,-2.71
2026-03-28T23:20:00.000,1.5,304.04,0.84,-1.24
2026-03-28T23:30:00.000,1.04,270.22,0,-1.04
2026-03-28T23:40:00.000,2.91,258.38,-0.59,-2.85
2026-03-28T23:50:00.000,3.86,248.26,-1.43,-3.58
2026-03-29T00:00:00.000,1.49,291.7,0.55,-1.38
2026-03-29T00:10:00.000,3.4,294.92,1.43,-3.08
2026-03-29T00:20:00.000,4.29,300.77,2.2,-3.69
2026-03-29T00:30:00.000,4.13,289.75,1.39,-3.88
2026-03-29T00:40:00.000,4.24,270.25,0.02,-4.24
2026-03-29T00:50:00.000,2.01,262.57,-0.26,-2
2026-03-29T01:00:00.000,2.49,273.11,0.14,-2.49
2026-03-29T01:10:00.000,3.5,249.53,-1.22,-3.28
2026-03-29T01:20:00.000,1.93,256.29,-0.46,-1.87
2026-03-29T01:30:00.000,1.87,233.8,-1.1,-1.51
2026-03-29T01:40:00.000,2.4,238.5,-1.26,-2.05
2026-03-29T01:50:00.000,1.37,216.56,-1.1,-0.82
2026-03-29T02:00:00.000,0.83,248.98,-0.3,-0.77
2026-03-29T02:10:00.000,0.75,210.63,-0.64,-0.38
2026-03-29T02:20:00.000,0.41,193.38,-0.4,-0.09
2026-03-29T02:30:00.000,0.13,240.55,-0.07,-0.12
2026-03-29T02:40:00.000,0.04,249.56,-0.01,-0.04
2026-03-29T02:50:00.000,0.5,75.21,0.13,0.48
2026-03-29T03:00:00.000,0.51,76.07,0.12,0.49
2026-03-29T03:10:00.000,0.99,61.86,0.47,0.88
2026-03-29T03:20:00.000,1.44,56.94,0.79,1.21
2026-03-29T03:30:00.000,1.44,57.75,0.77,1.22
2026-03-29T03:40:00.000,1.09,68.43,0.4,1.01
2026-03-29T03:50:00.000,1.17,49.73,0.76,0.9
2026-03-29T04:00:00.000,1.11,54.63,0.64,0.91
2026-03-29T04:10:00.000,2.25,70.43,0.75,2.12
2026-03-29T04:20:00.000,2.46,100.65,-0.45,2.42
2026-03-29T04:30:00.000,1.85,101.63,-0.37,1.81
2026-03-29T04:40:00.000,0.44,144.5,-0.36,0.26
2026-03-29T04:50:00.000,0.44,354.27,0.43,-0.04
2026-03-29T05:00:00.000,1.49,106.26,-0.42,1.43
2026-03-29T05:10:00.000,0.17,151.46,-0.15,0.08
2026-03-29T05:20:00.000,0.57,58.69,0.3,0.49
2026-03-29T05:30:00.000,0.51,340.59,0.48,-0.17
2026-03-29T05:40:00.000,1.48,71.31,0.47,1.4
2026-03-29T05:50:00.000,0.3,29.44,0.26,0.15
2026-03-29T06:00:00.000,0.16,7.25,0.16,0.02
2026-03-29T06:10:00.000,0.09,337.88,0.08,-0.03
2026-03-29T06:20:00.000,1.55,105.47,-0.41,1.49
2026-03-29T06:30:00.000,2.39,104.39,-0.59,2.32
2026-03-29T06:40:00.000,2.18,75.19,0.56,2.1
2026-03-29T06:50:00.000,0.31,110.29,-0.11,0.29
2026-03-29T07:00:00.000,0.18,223.58,-0.13,-0.13
2026-03-29T07:10:00.000,0.06,353.6,0.06,-0.01
2026-03-29T07:20:00.000,0.45,219,-0.35,-0.29
2026-03-29T07:30:00.000,2.62,140.91,-2.03,1.65
2026-03-29T07:40:00.000,0.88,154.48,-0.79,0.38
2026-03-29T07:50:00.000,0.28,265.28,-0.02,-0.28
2026-03-29T08:00:00.000,0.37,140.23,-0.28,0.24
2026-03-29T08:10:00.000,0.46,66.96,0.18,0.43
2026-03-29T08:20:00.000,0.2,65.22,0.08,0.18
2026-03-29T08:30:00.000,0.3,306.3,0.18,-0.24
2026-03-29T08:40:00.000,1.02,5.61,1.01,0.1
2026-03-29T08:50:00.000,0.57,127.18,-0.35,0.46
2026-03-29T09:00:00.000,3.41,93.43,-0.2,3.4
2026-03-29T09:10:00.000,2.48,226.03,-1.72,-1.78
2026-03-29T09:20:00.000,1.04,122.64,-0.56,0.88
2026-03-29T09:30:00.000,3.89,227.15,-2.64,-2.85
2026-03-29T09:40:00.000,5.08,240.81,-2.48,-4.44
2026-03-29T09:50:00.000,3.9,263.07,-0.47,-3.87
2026-03-29T10:00:00.000,5.22,274.83,0.44,-5.2
2026-03-29T10:10:00.000,2.47,337.18,2.27,-0.96
2026-03-29T10:20:00.000,1.04,129.21,-0.65,0.8
2026-03-29T10:30:00.000,0.07,272.14,0,-0.07
2026-03-29T10:40:00.000,0.84,245.98,-0.34,-0.76
2026-03-29T10:50:00.000,0.73,283.48,0.17,-0.71
2026-03-29T11:00:00.000,0.64,316.11,0.46,-0.45
2026-03-29T11:10:00.000,1.31,34.24,1.08,0.74
2026-03-29T11:20:00.000,0.21,58.17,0.11,0.18
2026-03-29T11:30:00.000,0.86,192.59,-0.84,-0.19
2026-03-29T11:40:00.000,1.62,212.3,-1.37,-0.87
2026-03-29T11:50:00.000,2.72,202.74,-2.51,-1.05
2026-03-29T12:00:00.000,1.76,170,-1.73,0.3
2026-03-29T12:10:00.000,3.06,180.82,-3.06,-0.04
2026-03-29T12:20:00.000,1.04,175.78,-1.04,0.08
2026-03-29T12:30:00.000,1.47,248.82,-0.53,-1.37
2026-03-29T12:40:00.000,2.43,277.46,0.32,-2.41
2026-03-29T12:50:00.000,1.12,271.53,0.03,-1.12
2026-03-29T13:00:00.000,2.18,313.92,1.52,-1.57
2026-03-29T13:10:00.000,0.9,8.22,0.89,0.13
2026-03-29T13:20:00.000,4.51,96.33,-0.5,4.48
2026-03-29T13:30:00.000,5.1,95.04,-0.45,5.08
2026-03-29T13:40:00.000,4.44,94.56,-0.35,4.43
2026-03-29T13:50:00.000,1.39,93.76,-0.09,1.38
2026-03-29T14:00:00.000,0.55,318.82,0.41,-0.36
2026-03-29T14:10:00.000,0.19,4.18,0.19,0.01
2026-03-29T14:20:00.000,0.19,143.63,-0.15,0.11
2026-03-29T14:30:00.000,0.05,203.27,-0.05,-0.02
2026-03-29T14:40:00.000,0.17,282.25,0.04,-0.17
2026-03-29T14:50:00.000,1.48,118.14,-0.7,1.3
2026-03-29T15:00:00.000,2.1,104.08,-0.51,2.04
2026-03-29T15:10:00.000,1.56,97.72,-0.21,1.55
2026-03-29T15:20:00.000,3.27,109.61,-1.1,3.08
2026-03-29T15:30:00.000,1.97,124.05,-1.1,1.63
2026-03-29T15:40:00.000,0.19,325.79,0.15,-0.1
2026-03-29T15:50:00.000,1.95,7.55,1.94,0.26
2026-03-29T16:00:00.000,3.07,56.1,1.71,2.55
2026-03-29T16:10:00.000,2.59,9.1,2.55,0.41
2026-03-29T16:20:00.000,1.4,55.05,0.8,1.15
2026-03-29T16:30:00.000,2.28,79.19,0.43,2.24
2026-03-29T16:40:00.000,3.36,115.15,-1.43,3.04
2026-03-29T16:50:00.000,2.34,137.25,-1.72,1.59
2026-03-29T17:00:00.000,3.85,121.67,-2.02,3.28
2026-03-29T17:10:00.000,3.87,123.33,-2.13,3.23
2026-03-29T17:20:00.000,3.52,118.07,-1.66,3.11
2026-03-29T17:30:00.000,1.54,133.03,-1.05,1.13
2026-03-29T17:40:00.000,1.61,152.25,-1.43,0.75
2026-03-29T17:50:00.000,3.99,137.66,-2.95,2.68
2026-03-29T18:00:00.000,2.1,125.8,-1.23,1.71
2026-03-29T18:10:00.000,3.43,110.24,-1.19,3.22
2026-03-29T18:20:00.000,1.05,106.62,-0.3,1.01
2026-03-29T18:30:00.000,2.08,90.07,0,2.08
2026-03-29T18:40:00.000,0.59,99.61,-0.1,0.58
2026-03-29T18:50:00.000,3.01,100.95,-0.57,2.96
2026-03-29T19:00:00.000,3.63,104.81,-0.93,3.5
2026-03-29T19:10:00.000,1.91,115.95,-0.84,1.72
2026-03-29T19:20:00.000,5.53,123.39,-3.04,4.62
2026-03-29T19:30:00.000,5.52,128.25,-3.42,4.33
2026-03-29T19:40:00.000,3.88,134.39,-2.71,2.77
2026-03-29T19:50:00.000,0.86,162.25,-0.82,0.26
2026-03-29T20:00:00.000,0.27,266.84,-0.01,-0.27
2026-03-29T20:10:00.000,0.21,174.6,-0.21,0.02
2026-03-29T20:20:00.000,0.76,318.79,0.57,-0.5
2026-03-29T20:30:00.000,0.21,275.49,0.02,-0.21
2026-03-29T20:40:00.000,1.38,279.73,0.23,-1.36
2026-03-29T20:50:00.000,0.81,265.92,-0.06,-0.81
2026-03-29T21:00:00.000,1,275.69,0.1,-1
2026-03-29T21:10:00.000,1.22,263.4,-0.14,-1.22
2026-03-29T21:20:00.000,2.7,255,-0.7,-2.61
2026-03-29T21:30:00.000,2.66,250,-0.91,-2.5
2026-03-29T21:40:00.000,1.38,247.17,-0.54,-1.27
2026-03-29T21:50:00.000,1.41,265.02,-0.12,-1.41
2026-03-29T22:00:00.000,1.5,294.3,0.62,-1.37
2026-03-29T22:10:00.000,1.3,287.98,0.4,-1.24
2026-03-29T22:20:00.000,1.35,293.21,0.53,-1.24
2026-03-29T22:30:00.000,0.91,282.15,0.19,-0.88
2026-03-29T22:40:00.000,0.77,304.68,0.44,-0.64
2026-03-29T22:50:00.000,1.46,346.16,1.42,-0.35
2026-03-29T23:00:00.000,0.89,328.15,0.76,-0.47
2026-03-29T23:10:00.000,0.7,298.86,0.34,-0.61
2026-03-29T23:20:00.000,0.8,37.31,0.63,0.48
2026-03-29T23:30:00.000,1.92,65.67,0.79,1.75
2026-03-29T23:40:00.000,1.83,91.38,-0.04,1.83
2026-03-29T23:50:00.000,1.26,63.06,0.57,1.12
2026-03-30T00:00:00.000,0.06,70.72,0.02,0.06
2026-03-30T00:10:00.000,0.08,338.75,0.08,-0.03
2026-03-30T00:20:00.000,0.2,307.37,0.12,-0.16
2026-03-30T00:30:00.000,0.81,89.74,0,0.81
2026-03-30T00:40:00.000,0.23,52.35,0.14,0.18
2026-03-30T00:50:00.000,0.29,130.79,-0.19,0.22
2026-03-30T01:00:00.000,0.34,47.15,0.23,0.25
2026-03-30T01:10:00.000,0.75,10.63,0.73,0.14
2026-03-30T01:20:00.000,0.53,62.08,0.25,0.47
2026-03-30T01:30:00.000,0.66,52.83,0.4,0.53
2026-03-30T01:40:00.000,0.27,37.2,0.21,0.16
2026-03-30T01:50:00.000,0.27,355.07,0.27,-0.02
2026-03-30T02:00:00.000,0.74,11.07,0.73,0.14
2026-03-30T02:10:00.000,0.51,9.39,0.5,0.08
2026-03-30T02:20:00.000,0.69,326.42,0.58,-0.38
2026-03-30T02:30:00.000,1.45,348.45,1.42,-0.29
2026-03-30T02:40:00.000,0.46,302.87,0.25,-0.39
2026-03-30T02:50:00.000,0.65,298.58,0.31,-0.57
2026-03-30T03:00:00.000,0.98,271.23,0.02,-0.98
2026-03-30T03:10:00.000,0.82,260.12,-0.14,-0.81
2026-03-30T03:20:00.000,0.75,264.11,-0.08,-0.75
2026-03-30T03:30:00.000,0.82,286.2,0.23,-0.79
2026-03-30T03:40:00.000,0.52,301.75,0.28,-0.45
2026-03-30T03:50:00.000,0.19,329.83,0.17,-0.1
2026-03-30T04:00:00.000,2.39,131.13,-1.57,1.8
2026-03-30T04:10:00.000,4.17,131.67,-2.77,3.12
2026-03-30T04:20:00.000,6.55,202.01,-6.07,-2.46
2026-03-30T04:30:00.000,1.47,295.4,0.63,-1.32
2026-03-30T04:40:00.000,2.55,338.29,2.37,-0.94
2026-03-30T04:50:00.000,2.09,16.58,2,0.6
2026-03-30T05:00:00.000,1.4,24.76,1.28,0.59
2026-03-30T05:10:00.000,3.58,271.88,0.12,-3.58
2026-03-30T05:20:00.000,2.38,81.24,0.36,2.35
2026-03-30T05:30:00.000,1.75,98.64,-0.26,1.73
2026-03-30T05:40:00.000,0.68,286.66,0.19,-0.65
2026-03-30T05:50:00.000,0.19,5.74,0.19,0.02
2026-03-30T06:00:00.000,0.28,183.87,-0.27,-0.02
2026-03-30T06:10:00.000,0.11,225.9,-0.08,-0.08
2026-03-30T06:20:00.000,0.19,255.82,-0.05,-0.18
2026-03-30T06:30:00.000,0.35,274.68,0.03,-0.34
2026-03-30T06:40:00.000,0.71,350.03,0.7,-0.12
2026-03-30T06:50:00.000,1.41,323.93,1.14,-0.83
2026-03-30T07:00:00.000,1.64,304.78,0.94,-1.35
2026-03-30T07:10:00.000,1.72,313.71,1.19,-1.24
2026-03-30T07:20:00.000,3.2,279.01,0.5,-3.16
2026-03-30T07:30:00.000,3.34,294.3,1.38,-3.05
2026-03-30T07:40:00.000,1.41,309.68,0.9,-1.09
2026-03-30T07:50:00.000,1.42,272.4,0.06,-1.42
2026-03-30T08:00:00.000,0.86,284.99,0.22,-0.83
2026-03-30T08:10:00.000,0.41,291.12,0.15,-0.38
2026-03-30T08:20:00.000,1.72,92.86,-0.09,1.71
2026-03-30T08:30:00.000,0.27,61.7,0.13,0.24
2026-03-30T08:40:00.000,0.16,235.83,-0.09,-0.13
2026-03-30T08:50:00.000,0.1,196.38,-0.09,-0.03
2026-03-30T09:00:00.000,0.06,183.89,-0.06,0
2026-03-30T09:10:00.000,0.32,297.99,0.15,-0.29
2026-03-30T09:20:00.000,0.08,120.91,-0.04,0.07
2026-03-30T09:30:00.000,0.3,36.34,0.24,0.18
2026-03-30T09:40:00.000,0.5,64.34,0.22,0.45
2026-03-30T09:50:00.000,0.39,67.19,0.15,0.36
2026-03-30T10:00:00.000,0.23,313.74,0.16,-0.16
2026-03-30T10:10:00.000,0.28,76.94,0.06,0.28
2026-03-30T10:20:00.000,0,297.63,0,0
2026-03-30T10:30:00.000,0.23,149.03,-0.2,0.12
2026-03-30T10:40:00.000,0.49,164.83,-0.47,0.13
2026-03-30T10:50:00.000,0.44,160.27,-0.42,0.15
2026-03-30T11:00:00.000,0.55,161.52,-0.52,0.17
2026-03-30T11:10:00.000,0.29,190.3,-0.29,-0.05
2026-03-30T11:20:00.000,0.98,159.77,-0.92,0.34
2026-03-30T11:30:00.000,1.52,192.45,-1.48,-0.33
2026-03-30T11:40:00.000,1.52,151.86,-1.34,0.72
2026-03-30T11:50:00.000,2.27,129.79,-1.46,1.75
2026-03-30T12:00:00.000,3.12,151.98,-2.75,1.47
2026-03-30T12:10:00.000,1.32,165.02,-1.28,0.34
2026-03-30T12:20:00.000,1.62,206.16,-1.45,-0.71
2026-03-30T12:30:00.000,1.56,140.84,-1.21,0.99
2026-03-30T12:40:00.000,0.95,173.13,-0.95,0.11
2026-03-30T12:50:00.000,1.65,134.56,-1.16,1.18
2026-03-30T13:00:00.000,1.35,142.17,-1.07,0.83
2026-03-30T13:10:00.000,2.82,135.25,-2.01,1.99
2026-03-30T13:20:00.000,0.72,182.95,-0.72,-0.04
2026-03-30T13:30:00.000,1.36,165.63,-1.32,0.34
2026-03-30T13:40:00.000,1.87,127.76,-1.15,1.48
2026-03-30T13:50:00.000,1.65,52.71,1,1.31
2026-03-30T14:00:00.000,2.55,66.57,1.01,2.34
2026-03-30T14:10:00.000,2.64,101.16,-0.51,2.59
2026-03-30T14:20:00.000,3.16,100.6,-0.58,3.11
2026-03-30T14:30:00.000,3.83,118.75,-1.84,3.36
2026-03-30T14:40:00.000,1.29,121.72,-0.68,1.1
2026-03-30T14:50:00.000,2.27,146.2,-1.89,1.26
2026-03-30T15:00:00.000,4.05,143.63,-3.26,2.4
2026-03-30T15:10:00.000,1.64,221.07,-1.24,-1.08
2026-03-30T15:20:00.000,1.34,113.12,-0.53,1.23
2026-03-30T15:30:00.000,1.46,198.31,-1.39,-0.46
2026-03-30T15:40:00.000,0.68,167.65,-0.67,0.15
2026-03-30T15:50:00.000,1.76,202.45,-1.63,-0.67
2026-03-30T16:00:00.000,0.67,189.32,-0.66,-0.11
2026-03-30T16:10:00.000,2.47,176.12,-2.46,0.17
2026-03-30T16:20:00.000,1.64,177.07,-1.64,0.08
2026-03-30T16:30:00.000,0.79,145.48,-0.65,0.45
2026-03-30T16:40:00.000,0.52,87.74,0.02,0.52
2026-03-30T16:50:00.000,1.2,321.24,0.94,-0.75
2026-03-30T17:00:00.000,1.88,1.87,1.87,0.06
2026-03-30T17:10:00.000,1.66,63.06,0.75,1.48
2026-03-30T17:20:00.000,3.41,85.83,0.25,3.4
2026-03-30T17:30:00.000,2.14,102.85,-0.48,2.08
2026-03-30T17:40:00.000,1.53,120.19,-0.77,1.32
2026-03-30T17:50:00.000,2.77,108.06,-0.86,2.64
2026-03-30T18:00:00.000,2.94,102.44,-0.63,2.87
2026-03-30T18:10:00.000,1.55,112.14,-0.58,1.43
2026-03-30T18:20:00.000,1.72,119.03,-0.83,1.5
2026-03-30T18:30:00.000,1.75,92.62,-0.08,1.75
2026-03-30T18:40:00.000,1.5,94.51,-0.12,1.5
2026-03-30T18:50:00.000,0.78,71.65,0.25,0.74
2026-03-30T19:00:00.000,2.2,91.95,-0.07,2.2
2026-03-30T19:10:00.000,0.28,76.01,0.07,0.27
2026-03-30T19:20:00.000,0.68,117.05,-0.31,0.61
2026-03-30T19:30:00.000,1.33,127.68,-0.82,1.06
2026-03-30T19:40:00.000,1.71,108.04,-0.53,1.63
2026-03-30T19:50:00.000,0.47,138.89,-0.35,0.31
2026-03-30T20:00:00.000,0.87,120.7,-0.44,0.75
2026-03-30T20:10:00.000,0.3,121.24,-0.16,0.26
2026-03-30T20:20:00.000,0.25,141.52,-0.19,0.15
2026-03-30T20:30:00.000,0.33,107.67,-0.1,0.32
2026-03-30T20:40:00.000,0.45,116.71,-0.2,0.4
2026-03-30T20:50:00.000,0.21,91.4,-0.01,0.21
2026-03-30T21:00:00.000,1.75,328.04,1.48,-0.92
2026-03-30T21:10:00.000,1.39,339.29,1.3,-0.49
2026-03-30T21:20:00.000,0.78,262.2,-0.11,-0.77
2026-03-30T21:30:00.000,1.18,234.38,-0.68,-0.96
2026-03-30T21:40:00.000,0.57,297.15,0.26,-0.51
2026-03-30T21:50:00.000,4.74,300.77,2.42,-4.07
2026-03-30T22:00:00.000,2.92,259.31,-0.54,-2.87
2026-03-30T22:10:00.000,1.9,259.34,-0.35,-1.87
2026-03-30T22:20:00.000,1.65,287.36,0.49,-1.58
2026-03-30T22:30:00.000,3.17,274.39,0.24,-3.16
2026-03-30T22:40:00.000,4.03,272.56,0.18,-4.02
2026-03-30T22:50:00.000,2.49,243.79,-1.1,-2.24
2026-03-30T23:00:00.000,2.57,239.85,-1.29,-2.22
2026-03-30T23:10:00.000,4.56,225.83,-3.18,-3.27
2026-03-30T23:20:00.000,4.98,222.67,-3.66,-3.37
2026-03-30T23:30:00.000,3.63,219.55,-2.8,-2.31
2026-03-30T23:40:00.000,1.78,208.99,-1.55,-0.86
2026-03-30T23:50:00.000,1.08,204.2,-0.99,-0.44
2026-03-31T00:00:00.000,0.5,254.1,-0.14,-0.48
2026-03-31T00:10:00.000,0.61,290.89,0.22,-0.57
2026-03-31T00:20:00.000,4.49,286.6,1.28,-4.31
2026-03-31T00:30:00.000,2.22,275.74,0.22,-2.21
2026-03-31T00:40:00.000,3.99,273.08,0.21,-3.99
2026-03-31T00:50:00.000,2.81,289.9,0.96,-2.64
2026-03-31T01:00:00.000,3.04,267.82,-0.12,-3.04
2026-03-31T01:10:00.000,2.03,279.27,0.33,-2
2026-03-31T01:20:00.000,1.4,270.43,0.01,-1.4
2026-03-31T01:30:00.000,1.62,269.35,-0.02,-1.62
2026-03-31T01:40:00.000,0.88,275.58,0.09,-0.87
2026-03-31T01:50:00.000,0.72,269.45,-0.01,-0.72
2026-03-31T02:00:00.000,1.39,248.65,-0.51,-1.29
2026-03-31T02:10:00.000,0.99,241.16,-0.48,-0.87
2026-03-31T02:20:00.000,1.76,240.63,-0.86,-1.53
2026-03-31T02:30:00.000,1.45,254.08,-0.4,-1.39
2026-03-31T02:40:00.000,1.33,241.73,-0.63,-1.17
2026-03-31T02:50:00.000,0.91,234.5,-0.53,-0.74
2026-03-31T03:00:00.000,0.94,235.35,-0.54,-0.78
2026-03-31T03:10:00.000,0.86,229.76,-0.56,-0.66
2026-03-31T03:20:00.000,0.5,224.94,-0.35,-0.35
2026-03-31T03:30:00.000,0.48,229.49,-0.31,-0.36
2026-03-31T03:40:00.000,0.62,233.53,-0.37,-0.5
2026-03-31T03:50:00.000,0.41,235.24,-0.23,-0.34
2026-03-31T04:00:00.000,0.41,215.29,-0.33,-0.24
2026-03-31T04:10:00.000,0.47,105.02,-0.12,0.45
2026-03-31T04:20:00.000,0.12,79.41,0.02,0.12
2026-03-31T04:30:00.000,0.19,125.39,-0.11,0.15
2026-03-31T04:40:00.000,0.32,100.69,-0.06,0.32
2026-03-31T04:50:00.000,0.3,106.54,-0.09,0.29
2026-03-31T05:00:00.000,0.77,48.03,0.51,0.57
2026-03-31T05:10:00.000,0.58,78.39,0.12,0.57
2026-03-31T05:20:00.000,1.39,65.05,0.59,1.26
2026-03-31T05:30:00.000,1.38,98.11,-0.2,1.37
2026-03-31T05:40:00.000,2.15,103.23,-0.49,2.09
2026-03-31T05:50:00.000,2.22,115.51,-0.96,2
2026-03-31T06:00:00.000,3.07,113.1,-1.2,2.82
2026-03-31T06:10:00.000,4.3,158.02,-3.99,1.61
2026-03-31T06:20:00.000,4.22,194.3,-4.09,-1.04
2026-03-31T06:30:00.000,3.65,150.79,-3.19,1.78
2026-03-31T06:40:00.000,3.33,178.53,-3.33,0.09
2026-03-31T06:50:00.000,7.74,185.17,-7.71,-0.7
2026-03-31T07:00:00.000,5.72,182.86,-5.72,-0.29
2026-03-31T07:10:00.000,6.98,171.79,-6.91,1
2026-03-31T07:20:00.000,4.25,185.91,-4.23,-0.44
2026-03-31T07:30:00.000,3.05,177.9,-3.05,0.11
2026-03-31T07:40:00.000,3.03,170.09,-2.99,0.52
2026-03-31T07:50:00.000,3.05,187.23,-3.02,-0.38
2026-03-31T08:00:00.000,1.31,189.45,-1.29,-0.21
2026-03-31T08:10:00.000,1.87,178.99,-1.86,0.03
2026-03-31T08:20:00.000,1.88,194.79,-1.82,-0.48
2026-03-31T08:30:00.000,1.6,183.16,-1.59,-0.09
2026-03-31T08:40:00.000,2.83,152.77,-2.52,1.29
2026-03-31T08:50:00.000,3.29,140.76,-2.55,2.08
2026-03-31T09:00:00.000,0.71,194.46,-0.69,-0.18
2026-03-31T09:10:00.000,0.77,269.05,-0.01,-0.77
2026-03-31T09:20:00.000,3.82,303.9,2.13,-3.17
2026-03-31T09:30:00.000,3.12,291.91,1.16,-2.89
2026-03-31T09:40:00.000,2.28,293.16,0.9,-2.1
2026-03-31T09:50:00.000,1.1,270.74,0.01,-1.1
2026-03-31T10:00:00.000,0.67,261.26,-0.1,-0.66
2026-03-31T10:10:00.000,1.13,254.46,-0.3,-1.09
2026-03-31T10:20:00.000,0.66,233.41,-0.4,-0.53
2026-03-31T10:30:00.000,0.55,170.47,-0.54,0.09
2026-03-31T10:40:00.000,6.4,168.81,-6.28,1.24
2026-03-31T10:50:00.000,7.76,214.34,-6.41,-4.38
2026-03-31T11:00:00.000,5.79,157.52,-5.35,2.21
2026-03-31T11:10:00.000,6.67,176.4,-6.66,0.42
2026-03-31T11:20:00.000,5.58,185.98,-5.55,-0.58
2026-03-31T11:30:00.000,3.16,204.53,-2.88,-1.31
2026-03-31T11:40:00.000,11.87,204.31,-10.82,-4.89
2026-03-31T11:50:00.000,5.23,222.29,-3.87,-3.52
2026-03-31T12:00:00.000,10.72,179.58,-10.72,0.08
2026-03-31T12:10:00.000,8.29,204.02,-7.57,-3.37
2026-03-31T12:20:00.000,4.1,126.5,-2.44,3.3
2026-03-31T12:30:00.000,1.84,243.15,-0.83,-1.64
2026-03-31T12:40:00.000,10.4,195.89,-10,-2.85
2026-03-31T12:50:00.000,6.72,192.87,-6.55,-1.5
2026-03-31T13:00:00.000,2.21,221.5,-1.65,-1.46
2026-03-31T13:10:00.000,5.46,172.8,-5.42,0.68
2026-03-31T13:20:00.000,5.36,207.24,-4.77,-2.46
2026-03-31T13:30:00.000,4.47,192.96,-4.36,-1
2026-03-31T13:40:00.000,2.04,209.36,-1.77,-1
2026-03-31T13:50:00.000,3.64,202.43,-3.37,-1.39
2026-03-31T14:00:00.000,0.72,218.03,-0.57,-0.44
2026-03-31T14:10:00.000,2.44,234.22,-1.43,-1.98
2026-03-31T14:20:00.000,1.46,229.56,-0.95,-1.11
2026-03-31T14:30:00.000,1.17,171.03,-1.16,0.18
2026-03-31T14:40:00.000,1.5,177.77,-1.5,0.06
2026-03-31T14:50:00.000,3.25,211.27,-2.78,-1.69
2026-03-31T15:00:00.000,2.79,212.87,-2.34,-1.51
2026-03-31T15:10:00.000,1.58,211.21,-1.35,-0.82
2026-03-31T15:20:00.000,1.18,251.29,-0.38,-1.12
2026-03-31T15:30:00.000,2.62,199.92,-2.46,-0.89
2026-03-31T15:40:00.000,2.24,199.56,-2.11,-0.75
2026-03-31T15:50:00.000,1.15,163.16,-1.1,0.33
2026-03-31T16:00:00.000,1.03,318.48,0.77,-0.68
2026-03-31T16:10:00.000,0.45,276.02,0.05,-0.45
2026-03-31T16:20:00.000,0.42,265.98,-0.03,-0.42
2026-03-31T16:30:00.000,0.3,251.97,-0.09,-0.29
2026-03-31T16:40:00.000,0.33,252.22,-0.1,-0.31
2026-03-31T16:50:00.000,0.44,270.72,0.01,-0.44
2026-03-31T17:00:00.000,0.56,270.66,0.01,-0.56
2026-03-31T17:10:00.000,0.35,258.34,-0.07,-0.35
2026-03-31T17:20:00.000,2.04,312.6,1.38,-1.5
2026-03-31T17:30:00.000,0.84,313.65,0.58,-0.61
2026-03-31T17:40:00.000,0.67,295.87,0.29,-0.6
2026-03-31T17:50:00.000,0.64,299.69,0.31,-0.55
2026-03-31T18:00:00.000,0.58,294.12,0.24,-0.53
2026-03-31T18:10:00.000,0.6,296.02,0.26,-0.54
2026-03-31T18:20:00.000,0.68,322.51,0.54,-0.42
2026-03-31T18:30:00.000,0.61,316.38,0.44,-0.42
2026-03-31T18:40:00.000,0.5,296.11,0.22,-0.45
2026-03-31T18:50:00.000,0.5,287.17,0.15,-0.48
2026-03-31T19:00:00.000,0.43,282.56,0.09,-0.42
2026-03-31T19:10:00.000,0.43,286.61,0.12,-0.41
2026-03-31T19:20:00.000,0.36,263.76,-0.04,-0.36
2026-03-31T19:30:00.000,0.34,254.32,-0.09,-0.32
2026-03-31T19:40:00.000,0.4,270.3,0,-0.4
2026-03-31T19:50:00.000,0.5,289.2,0.17,-0.48
2026-03-31T20:00:00.000,0.5,285.51,0.13,-0.48
2026-03-31T20:10:00.000,0.43,282.45,0.09,-0.42
2026-03-31T20:20:00.000,0.43,281.69,0.09,-0.42
2026-03-31T20:30:00.000,0.58,289.72,0.19,-0.54
2026-03-31T20:40:00.000,0.53,271.78,0.02,-0.53
2026-03-31T20:50:00.000,0.63,276.8,0.07,-0.62
2026-03-31T21:00:00.000,0.56,275.55,0.05,-0.55
2026-03-31T21:10:00.000,0.55,280.84,0.1,-0.54
2026-03-31T21:20:00.000,0.63,272.77,0.03,-0.63
2026-03-31T21:30:00.000,0.74,265.09,-0.06,-0.73
2026-03-31T21:40:00.000,0.67,297.09,0.3,-0.59
2026-03-31T21:50:00.000,0.73,295.32,0.31,-0.66
2026-03-31T22:00:00.000,0.65,292.24,0.25,-0.6
2026-03-31T22:10:00.000,0.64,294.3,0.26,-0.58
2026-03-31T22:20:00.000,1.37,300.25,0.69,-1.18
2026-03-31T22:30:00.000,2.52,277.57,0.33,-2.5
2026-03-31T22:40:00.000,1.13,299.06,0.55,-0.99
2026-03-31T22:50:00.000,1.36,304.64,0.78,-1.12
2026-03-31T23:00:00.000,1.34,295.49,0.58,-1.21
2026-03-31T23:10:00.000,0.93,335.89,0.85,-0.38
2026-03-31T23:20:00.000,0.63,307.21,0.38,-0.5
2026-03-31T23:30:00.000,0.68,313.53,0.47,-0.49
2026-03-31T23:40:00.000,2.66,258.32,-0.54,-2.6
2026-03-31T23:50:00.000,1.36,285.03,0.35,-1.31
2026-04-01T00:00:00.000,1.2,263.85,-0.13,-1.19
2026-04-01T00:10:00.000,1.32,284.47,0.33,-1.27
2026-04-01T00:20:00.000,0.95,260.53,-0.16,-0.94
2026-04-01T00:30:00.000,1.53,264.65,-0.14,-1.52
2026-04-01T00:40:00.000,1.88,286.56,0.54,-1.8
2026-04-01T00:50:00.000,0.8,272,0.03,-0.79
2026-04-01T01:00:00.000,0.99,277.09,0.12,-0.98
2026-04-01T01:10:00.000,1.44,292.98,0.56,-1.32
2026-04-01T01:20:00.000,1.51,302.09,0.8,-1.28
2026-04-01T01:30:00.000,2.71,293.11,1.06,-2.49
2026-04-01T01:40:00.000,1.91,302.13,1.02,-1.62
2026-04-01T01:50:00.000,1.46,267.01,-0.08,-1.46
2026-04-01T02:00:00.000,1.41,279.38,0.23,-1.39
2026-04-01T02:10:00.000,0.84,284.4,0.21,-0.81
2026-04-01T02:20:00.000,2.97,253.47,-0.85,-2.85
2026-04-01T02:30:00.000,1.42,279.91,0.24,-1.4
2026-04-01T02:40:00.000,2.8,308.89,1.76,-2.18
2026-04-01T02:50:00.000,2.58,299.27,1.26,-2.25
2026-04-01T03:00:00.000,1.73,282.74,0.38,-1.69
2026-04-01T03:10:00.000,1.78,284.72,0.45,-1.72
2026-04-01T03:20:00.000,2.64,273.1,0.14,-2.63
2026-04-01T03:30:00.000,1.59,274.45,0.12,-1.59
2026-04-01T03:40:00.000,2.75,271.9,0.09,-2.75
2026-04-01T03:50:00.000,2,257.65,-0.43,-1.96
2026-04-01T04:00:00.000,2.84,292.78,1.1,-2.62
2026-04-01T04:10:00.000,1.29,265.68,-0.1,-1.29
2026-04-01T04:20:00.000,1.32,252.16,-0.41,-1.26
2026-04-01T04:30:00.000,0.85,258.45,-0.17,-0.83
2026-04-01T04:40:00.000,1.32,260.13,-0.23,-1.3
2026-04-01T04:50:00.000,2.89,244.69,-1.24,-2.62
2026-04-01T05:00:00.000,1.66,228.67,-1.1,-1.25
2026-04-01T05:10:00.000,1.46,244.56,-0.63,-1.31
2026-04-01T05:20:00.000,2.8,236.8,-1.53,-2.34
2026-04-01T05:30:00.000,1.98,269.35,-0.02,-1.98
2026-04-01T05:40:00.000,0.67,272.92,0.03,-0.67
2026-04-01T05:50:00.000,1.76,235.69,-0.99,-1.46
2026-04-01T06:00:00.000,1.93,260.34,-0.32,-1.91
2026-04-01T06:10:00.000,2.06,213.09,-1.73,-1.13
2026-04-01T06:20:00.000,2.83,224.44,-2.02,-1.98
2026-04-01T06:30:00.000,2.25,248.63,-0.82,-2.1
2026-04-01T06:40:00.000,1.36,230.02,-0.88,-1.05
2026-04-01T06:50:00.000,2.01,229.99,-1.29,-1.54
2026-04-01T07:00:00.000,3.57,201.73,-3.31,-1.32
2026-04-01T07:10:00.000,1.77,142.4,-1.4,1.08
2026-04-01T07:20:00.000,1.92,165.8,-1.87,0.47
2026-04-01T07:30:00.000,1.42,187.58,-1.41,-0.19
2026-04-01T07:40:00.000,3.47,219.79,-2.67,-2.22
2026-04-01T07:50:00.000,2.28,144.93,-1.87,1.31
2026-04-01T08:00:00.000,5.44,170.61,-5.37,0.89
2026-04-01T08:10:00.000,4,200.4,-3.75,-1.39
2026-04-01T08:20:00.000,3.78,236.75,-2.07,-3.16
2026-04-01T08:30:00.000,3.45,171.76,-3.41,0.49
2026-04-01T08:40:00.000,2.06,173.42,-2.04,0.24
2026-04-01T08:50:00.000,1.06,146.43,-0.88,0.59
2026-04-01T09:00:00.000,4.66,216.08,-3.77,-2.75
2026-04-01T09:10:00.000,5.17,204.7,-4.7,-2.16
2026-04-01T09:20:00.000,6.36,204.98,-5.77,-2.69
2026-04-01T09:30:00.000,2.44,220.48,-1.86,-1.59
2026-04-01T09:40:00.000,2.37,179.35,-2.37,0.03
2026-04-01T09:50:00.000,6.84,220.49,-5.2,-4.44
2026-04-01T10:00:00.000,5.5,132.79,-3.73,4.03
2026-04-01T10:10:00.000,5.37,214.1,-4.44,-3.01
2026-04-01T10:20:00.000,4.47,185.9,-4.45,-0.46
2026-04-01T10:30:00.000,4.92,186.76,-4.89,-0.58
2026-04-01T10:40:00.000,1.6,89.59,0.01,1.6
2026-04-01T10:50:00.000,3.51,193.89,-3.4,-0.84
2026-04-01T11:00:00.000,3.53,197.48,-3.36,-1.06
2026-04-01T11:10:00.000,3.44,166.41,-3.35,0.81
2026-04-01T11:20:00.000,4.52,168.96,-4.43,0.87
2026-04-01T11:30:00.000,2.8,223.91,-2.02,-1.94
2026-04-01T11:40:00.000,1.54,186.65,-1.53,-0.18
2026-04-01T11:50:00.000,2.2,203.78,-2.02,-0.89
2026-04-01T12:00:00.000,1.36,182.91,-1.36,-0.07
2026-04-01T12:10:00.000,4.59,187.64,-4.55,-0.61
2026-04-01T12:20:00.000,2.03,156.92,-1.87,0.8
2026-04-01T12:30:00.000,3.81,188.7,-3.76,-0.58
2026-04-01T12:40:00.000,1.28,218.97,-0.99,-0.8
2026-04-01T12:50:00.000,4.31,172.95,-4.27,0.53
2026-04-01T13:00:00.000,2.59,206.18,-2.32,-1.14
2026-04-01T13:10:00.000,2.54,207.02,-2.26,-1.15
2026-04-01T13:20:00.000,1.33,243.34,-0.6,-1.19
2026-04-01T13:30:00.000,0.46,248.99,-0.16,-0.42
2026-04-01T13:40:00.000,1.33,115.65,-0.58,1.2
2026-04-01T13:50:00.000,0.8,222.37,-0.59,-0.54
2026-04-01T14:00:00.000,0.38,170.86,-0.38,0.06
2026-04-01T14:10:00.000,0.81,151.88,-0.72,0.38
2026-04-01T14:20:00.000,5.09,185.67,-5.06,-0.5
2026-04-01T14:30:00.000,3.66,205.04,-3.31,-1.55
2026-04-01T14:40:00.000,3.7,159.07,-3.45,1.32
2026-04-01T14:50:00.000,2.05,144.74,-1.67,1.18
2026-04-01T15:00:00.000,2.68,214.56,-2.21,-1.52
2026-04-01T15:10:00.000,4.21,219.64,-3.24,-2.68
2026-04-01T15:20:00.000,3.91,189.69,-3.86,-0.66
2026-04-01T15:30:00.000,3.23,159.13,-3.02,1.15
2026-04-01T15:40:00.000,1.48,132.98,-1.01,1.08
2026-04-01T15:50:00.000,0.51,19.7,0.48,0.17
2026-04-01T16:00:00.000,5.08,179.04,-5.08,0.09
2026-04-01T16:10:00.000,1.98,165.15,-1.91,0.51
2026-04-01T16:20:00.000,1.9,162.1,-1.81,0.58
2026-04-01T16:30:00.000,1.9,188.65,-1.88,-0.29
2026-04-01T16:40:00.000,0.58,196.71,-0.56,-0.17
2026-04-01T16:50:00.000,4.92,243.3,-2.21,-4.4
2026-04-01T17:00:00.000,2.04,295.34,0.87,-1.85
2026-04-01T17:10:00.000,2.27,319.69,1.73,-1.47
2026-04-01T17:20:00.000,1.42,313.43,0.97,-1.03
2026-04-01T17:30:00.000,1.21,319.08,0.91,-0.79
2026-04-01T17:40:00.000,0.71,313.89,0.49,-0.51
2026-04-01T17:50:00.000,0.65,305.63,0.38,-0.53
2026-04-01T18:00:00.000,0.74,307.76,0.45,-0.58
2026-04-01T18:10:00.000,0.63,313.9,0.44,-0.46
2026-04-01T18:20:00.000,0.65,306.05,0.38,-0.52
2026-04-01T18:30:00.000,0.62,299.82,0.31,-0.54
2026-04-01T18:40:00.000,0.76,291.98,0.29,-0.71
2026-04-01T18:50:00.000,1.41,252.53,-0.42,-1.35
2026-04-01T19:00:00.000,2.56,236.43,-1.41,-2.13
2026-04-01T19:10:00.000,1.97,228.52,-1.31,-1.48
2026-04-01T19:20:00.000,1.34,253.16,-0.39,-1.28
2026-04-01T19:30:00.000,1.04,250.35,-0.35,-0.98
2026-04-01T19:40:00.000,1.15,280.4,0.21,-1.13
2026-04-01T19:50:00.000,0.96,264.48,-0.09,-0.95
2026-04-01T20:00:00.000,0.67,285.66,0.18,-0.64
2026-04-01T20:10:00.000,0.63,290.22,0.22,-0.6
2026-04-01T20:20:00.000,0.68,290.42,0.24,-0.63
2026-04-01T20:30:00.000,1.52,298.4,0.72,-1.34
2026-04-01T20:40:00.000,1.93,293.4,0.77,-1.77
2026-04-01T20:50:00.000,0.94,289.9,0.32,-0.88
2026-04-01T21:00:00.000,1.32,297.16,0.6,-1.17
2026-04-01T21:10:00.000,1.06,288.31,0.33,-1.01
2026-04-01T21:20:00.000,1.08,289.21,0.35,-1.02
2026-04-01T21:30:00.000,1.04,273.15,0.06,-1.04
2026-04-01T21:40:00.000,1.7,284.57,0.43,-1.65
2026-04-01T21:50:00.000,1.07,279.59,0.18,-1.05
2026-04-01T22:00:00.000,2.47,215.24,-2.02,-1.43
2026-04-01T22:10:00.000,1.48,224.26,-1.06,-1.03
2026-04-01T22:20:00.000,1.11,231.74,-0.69,-0.87
2026-04-01T22:30:00.000,2.12,185.72,-2.11,-0.21
2026-04-01T22:40:00.000,2.6,192.83,-2.53,-0.58
2026-04-01T22:50:00.000,2.07,188.71,-2.05,-0.31
2026-04-01T23:00:00.000,1.37,210.46,-1.18,-0.69
2026-04-01T23:10:00.000,2.8,217.28,-2.23,-1.7
2026-04-01T23:20:00.000,1.4,220.38,-1.07,-0.91
2026-04-01T23:30:00.000,1.03,252.58,-0.31,-0.98
2026-04-01T23:40:00.000,0.38,246.09,-0.16,-0.35
2026-04-01T23:50:00.000,0.27,276.77,0.03,-0.27
2026-04-02T00:00:00.000,0.25,246.97,-0.1,-0.23
2026-04-02T00:10:00.000,0.46,287.3,0.14,-0.44
2026-04-02T00:20:00.000,1.74,165.24,-1.69,0.44
2026-04-02T00:30:00.000,1.41,176.89,-1.4,0.08
2026-04-02T00:40:00.000,1.44,166.03,-1.4,0.35
2026-04-02T00:50:00.000,2.26,170.01,-2.22,0.39
2026-04-02T01:00:00.000,3.27,160.59,-3.08,1.09
2026-04-02T01:10:00.000,1.14,153.42,-1.02,0.51
2026-04-02T01:20:00.000,0.63,123.93,-0.35,0.52
2026-04-02T01:30:00.000,0.96,103.55,-0.23,0.94
2026-04-02T01:40:00.000,1.58,135.76,-1.13,1.1
2026-04-02T01:50:00.000,1.86,140.96,-1.44,1.17
2026-04-02T02:00:00.000,5.26,144.46,-4.28,3.06
2026-04-02T02:10:00.000,3.65,111.14,-1.32,3.41
2026-04-02T02:20:00.000,4.72,122.06,-2.51,4
2026-04-02T02:30:00.000,2.31,206.18,-2.08,-1.02
2026-04-02T02:40:00.000,0.69,172.39,-0.68,0.09
2026-04-02T02:50:00.000,3.12,170.82,-3.08,0.5
2026-04-02T03:00:00.000,1.52,200.98,-1.42,-0.54
2026-04-02T03:10:00.000,3.68,153.63,-3.3,1.64
2026-04-02T03:20:00.000,0.73,87.69,0.03,0.73
2026-04-02T03:30:00.000,0.48,48.87,0.31,0.36
2026-04-02T03:40:00.000,4.29,101.2,-0.83,4.21
2026-04-02T03:50:00.000,1.89,121,-0.97,1.62
2026-04-02T04:00:00.000,1.69,108.57,-0.54,1.6
2026-04-02T04:10:00.000,1.33,104.09,-0.32,1.29
2026-04-02T04:20:00.000,0.31,96.89,-0.04,0.31
2026-04-02T04:30:00.000,0.23,15.64,0.22,0.06
2026-04-02T04:40:00.000,0.93,330.91,0.82,-0.45
2026-04-02T04:50:00.000,1.87,52.37,1.14,1.48
2026-04-02T05:00:00.000,4.37,56.15,2.43,3.63
2026-04-02T05:10:00.000,3.95,56.95,2.15,3.31
2026-04-02T05:20:00.000,2.12,83.61,0.24,2.11
2026-04-02T05:30:00.000,3.24,97.1,-0.4,3.22
2026-04-02T05:40:00.000,2.09,106.9,-0.61,2
2026-04-02T05:50:00.000,3.22,64.02,1.41,2.89
2026-04-02T06:00:00.000,1.83,107.72,-0.56,1.75
2026-04-02T06:10:00.000,4.28,136.29,-3.09,2.95
2026-04-02T06:20:00.000,1.74,92.78,-0.08,1.74
2026-04-02T06:30:00.000,1.47,121.17,-0.76,1.26
2026-04-02T06:40:00.000,1.54,347.82,1.5,-0.32
2026-04-02T06:50:00.000,1.52,297.29,0.7,-1.35
2026-04-02T07:00:00.000,2.07,268.36,-0.06,-2.07
2026-04-02T07:10:00.000,1.16,243.03,-0.52,-1.03
2026-04-02T07:20:00.000,0.67,254.96,-0.17,-0.64
2026-04-02T07:30:00.000,0.53,299.04,0.26,-0.46
2026-04-02T07:40:00.000,0.71,300.52,0.36,-0.61
2026-04-02T07:50:00.000,1.02,323.08,0.81,-0.61
2026-04-02T08:00:00.000,0.94,330.93,0.82,-0.46
2026-04-02T08:10:00.000,1.57,311.23,1.04,-1.18
2026-04-02T08:20:00.000,0.88,289.1,0.29,-0.83
2026-04-02T08:30:00.000,0.63,287.16,0.19,-0.61
2026-04-02T08:40:00.000,0.56,283.93,0.14,-0.55
2026-04-02T08:50:00.000,0.58,250.56,-0.19,-0.55
2026-04-02T09:00:00.000,2.51,113.06,-0.98,2.31
2026-04-02T09:10:00.000,3.89,128.16,-2.4,3.06
2026-04-02T09:20:00.000,1.08,190.83,-1.06,-0.2
2026-04-02T09:30:00.000,1.91,221.38,-1.43,-1.26
2026-04-02T09:40:00.000,4.91,153.66,-4.4,2.18
2026-04-02T09:50:00.000,6.25,189.25,-6.17,-1
2026-04-02T10:00:00.000,1.52,133.58,-1.05,1.1
2026-04-02T10:10:00.000,6.35,196.41,-6.09,-1.79
2026-04-02T10:20:00.000,6.52,161.62,-6.19,2.06
2026-04-02T10:30:00.000,11.1,201.72,-10.31,-4.11
2026-04-02T10:40:00.000,4.03,160.07,-3.79,1.37
2026-04-02T10:50:00.000,2.9,141.22,-2.26,1.82
2026-04-02T11:00:00.000,5.88,217.94,-4.64,-3.62
2026-04-02T11:10:00.000,10.45,185.99,-10.39,-1.09
2026-04-02T11:20:00.000,4.66,154.08,-4.19,2.03
2026-04-02T11:30:00.000,6.08,164.34,-5.85,1.64
2026-04-02T11:40:00.000,8.69,185.5,-8.65,-0.83
2026-04-02T11:50:00.000,4.76,196.7,-4.56,-1.37
2026-04-02T12:00:00.000,9.96,190.52,-9.79,-1.82
2026-04-02T12:10:00.000,5.27,189.15,-5.2,-0.84
2026-04-02T12:20:00.000,7.41,198.98,-7.01,-2.41
2026-04-02T12:30:00.000,8.2,174.73,-8.16,0.75
2026-04-02T12:40:00.000,3.14,135.48,-2.24,2.2
2026-04-02T12:50:00.000,6.53,204.74,-5.93,-2.73
2026-04-02T13:00:00.000,4.99,247.24,-1.93,-4.61
2026-04-02T13:10:00.000,2.32,233.71,-1.37,-1.87
2026-04-02T13:20:00.000,1.59,161.41,-1.51,0.51
2026-04-02T13:30:00.000,2.34,212.33,-1.98,-1.25
2026-04-02T13:40:00.000,2.71,206.06,-2.43,-1.19
2026-04-02T13:50:00.000,6.52,172.61,-6.46,0.84
2026-04-02T14:00:00.000,1.59,178.57,-1.59,0.04
2026-04-02T14:10:00.000,5.87,185.12,-5.85,-0.52
2026-04-02T14:20:00.000,2.63,181.72,-2.63,-0.08
2026-04-02T14:30:00.000,3.54,224.14,-2.54,-2.47
2026-04-02T14:40:00.000,1.32,243.68,-0.58,-1.18
2026-04-02T14:50:00.000,2.94,141.12,-2.29,1.84
2026-04-02T15:00:00.000,4.8,135.35,-3.41,3.37
2026-04-02T15:10:00.000,0.97,53.97,0.57,0.79
2026-04-02T15:20:00.000,2.98,318.14,2.22,-1.99
2026-04-02T15:30:00.000,4.32,300.43,2.19,-3.72
2026-04-02T15:40:00.000,5.2,320.35,4,-3.32
2026-04-02T15:50:00.000,1.52,295.75,0.66,-1.37
2026-04-02T16:00:00.000,3.88,320.96,3.01,-2.44
2026-04-02T16:10:00.000,1.15,299.04,0.56,-1.01
2026-04-02T16:20:00.000,0.55,301.25,0.29,-0.47
2026-04-02T16:30:00.000,0.05,67.25,0.02,0.05
2026-04-02T16:40:00.000,0.84,142.18,-0.66,0.51
2026-04-02T16:50:00.000,0.28,200.88,-0.26,-0.1
2026-04-02T17:00:00.000,1.34,246.92,-0.53,-1.24
2026-04-02T17:10:00.000,1.43,248.24,-0.53,-1.33
2026-04-02T17:20:00.000,1.22,329.57,1.05,-0.62
2026-04-02T17:30:00.000,4.78,4.08,4.76,0.34
2026-04-02T17:40:00.000,2.68,328.38,2.29,-1.41
2026-04-02T17:50:00.000,2.37,278.49,0.35,-2.34
2026-04-02T18:00:00.000,1.17,280.12,0.21,-1.15
2026-04-02T18:10:00.000,3.2,218.49,-2.5,-1.99
2026-04-02T18:20:00.000,4.78,216.93,-3.82,-2.87
2026-04-02T18:30:00.000,3.91,206.54,-3.5,-1.75
2026-04-02T18:40:00.000,1.94,227.2,-1.32,-1.43
2026-04-02T18:50:00.000,0.88,257.38,-0.19,-0.86
2026-04-02T19:00:00.000,1.22,294.65,0.51,-1.11
2026-04-02T19:10:00.000,0.83,302,0.44,-0.7
2026-04-02T19:20:00.000,0.53,284.86,0.13,-0.51
2026-04-02T19:30:00.000,0.68,278.82,0.1,-0.67
2026-04-02T19:40:00.000,0.64,256.05,-0.16,-0.63
2026-04-02T19:50:00.000,2.29,209.14,-2,-1.11
2026-04-02T20:00:00.000,3.41,203.96,-3.12,-1.38
2026-04-02T20:10:00.000,2.45,207.41,-2.18,-1.13
2026-04-02T20:20:00.000,3.34,201.84,-3.1,-1.24
2026-04-02T20:30:00.000,3.74,204.22,-3.41,-1.53
2026-04-02T20:40:00.000,1.87,212.67,-1.58,-1.01
2026-04-02T20:50:00.000,1.05,224.03,-0.76,-0.73
2026-04-02T21:00:00.000,5.39,295.56,2.32,-4.86
2026-04-02T21:10:00.000,3.98,298,1.87,-3.52
2026-04-02T21:20:00.000,4.03,257.52,-0.87,-3.93
2026-04-02T21:30:00.000,4.17,246.11,-1.69,-3.81
2026-04-02T21:40:00.000,5.13,229.18,-3.35,-3.88
2026-04-02T21:50:00.000,3.12,194.21,-3.03,-0.77
2026-04-02T22:00:00.000,2.52,154.09,-2.27,1.1
2026-04-02T22:10:00.000,5.21,142.77,-4.15,3.15
2026-04-02T22:20:00.000,2.38,202.62,-2.2,-0.92
2026-04-02T22:30:00.000,2.48,179.32,-2.48,0.03
2026-04-02T22:40:00.000,2.76,205.52,-2.49,-1.19
2026-04-02T22:50:00.000,1.08,201.32,-1.01,-0.39
2026-04-02T23:00:00.000,3.93,206.35,-3.52,-1.74
2026-04-02T23:10:00.000,4.5,219.3,-3.48,-2.85
2026-04-02T23:20:00.000,5.03,153.14,-4.49,2.27
2026-04-02T23:30:00.000,0.2,82.88,0.03,0.2
2026-04-02T23:40:00.000,0.98,271.78,0.03,-0.98
2026-04-02T23:50:00.000,3.08,352.45,3.05,-0.4
2026-04-03T00:00:00.000,2.87,1.06,2.87,0.05
2026-04-03T00:10:00.000,1.3,295.53,0.56,-1.17
2026-04-03T00:20:00.000,1.18,310.95,0.77,-0.89
2026-04-03T00:30:00.000,0.93,306.7,0.55,-0.74
2026-04-03T00:40:00.000,1.49,277.37,0.19,-1.47
2026-04-03T00:50:00.000,1.54,255,-0.4,-1.48
2026-04-03T01:00:00.000,2.58,267.34,-0.12,-2.57
2026-04-03T01:10:00.000,1.83,261.88,-0.26,-1.81
2026-04-03T01:20:00.000,2,228.53,-1.33,-1.5
2026-04-03T01:30:00.000,0.56,261.63,-0.08,-0.55
2026-04-03T01:40:00.000,0.55,298.05,0.26,-0.48
2026-04-03T01:50:00.000,0.79,297.55,0.37,-0.7
2026-04-03T02:00:00.000,0.65,303.71,0.36,-0.54
2026-04-03T02:10:00.000,0.1,257.17,-0.02,-0.1
2026-04-03T02:20:00.000,0.46,173.38,-0.46,0.05
2026-04-03T02:30:00.000,0.59,222.52,-0.44,-0.4
2026-04-03T02:40:00.000,2.8,189.25,-2.77,-0.45
2026-04-03T02:50:00.000,1.99,158.3,-1.85,0.73
2026-04-03T03:00:00.000,4.17,151.63,-3.67,1.98
2026-04-03T03:10:00.000,1.01,164.89,-0.97,0.26
2026-04-03T03:20:00.000,1.15,135.25,-0.82,0.81
2026-04-03T03:30:00.000,2.95,139.87,-2.26,1.9
2026-04-03T03:40:00.000,1.21,184.65,-1.2,-0.1
2026-04-03T03:50:00.000,1.57,149.85,-1.36,0.79
2026-04-03T04:00:00.000,2.18,241.53,-1.04,-1.92
2026-04-03T04:10:00.000,0.56,190.65,-0.55,-0.1
2026-04-03T04:20:00.000,1.01,162.39,-0.97,0.31
2026-04-03T04:30:00.000,0.42,15.32,0.4,0.11
2026-04-03T04:40:00.000,0.38,172.19,-0.37,0.05
2026-04-03T04:50:00.000,1.26,175.87,-1.26,0.09
2026-04-03T05:00:00.000,0.49,227.91,-0.33,-0.37
2026-04-03T05:10:00.000,2.74,263.77,-0.3,-2.73
2026-04-03T05:20:00.000,2.15,140.57,-1.66,1.37
2026-04-03T05:30:00.000,0.35,213.64,-0.29,-0.2
2026-04-03T05:40:00.000,0.45,319.96,0.35,-0.29
2026-04-03T05:50:00.000,1.04,334.75,0.94,-0.45
2026-04-03T06:00:00.000,1.09,321.32,0.85,-0.68
2026-04-03T06:10:00.000,0.39,307.74,0.24,-0.31
2026-04-03T06:20:00.000,1.51,138.86,-1.14,1
2026-04-03T06:30:00.000,3.04,165.75,-2.95,0.75
2026-04-03T06:40:00.000,3.65,191.82,-3.58,-0.75
2026-04-03T06:50:00.000,5.91,182.59,-5.91,-0.27
2026-04-03T07:00:00.000,0.31,263.28,-0.04,-0.3
2026-04-03T07:10:00.000,5.71,166.99,-5.57,1.29
2026-04-03T07:20:00.000,4.02,171.79,-3.98,0.57
2026-04-03T07:30:00.000,7.28,203.22,-6.69,-2.87
2026-04-03T07:40:00.000,5.49,150.98,-4.8,2.66
2026-04-03T07:50:00.000,7.93,199.04,-7.49,-2.59
2026-04-03T08:00:00.000,2.96,140.33,-2.28,1.89
2026-04-03T08:10:00.000,6.55,194.29,-6.34,-1.62
2026-04-03T08:20:00.000,8.31,191.33,-8.15,-1.63
2026-04-03T08:30:00.000,5.02,169.76,-4.94,0.89
2026-04-03T08:40:00.000,4.71,197.17,-4.5,-1.39
2026-04-03T08:50:00.000,5.15,184.7,-5.13,-0.42
2026-04-03T09:00:00.000,0.7,97.88,-0.1,0.7
2026-04-03T09:10:00.000,4.95,203.08,-4.56,-1.94
2026-04-03T09:20:00.000,4.01,214.36,-3.31,-2.26
2026-04-03T09:30:00.000,2.13,164.05,-2.05,0.59
2026-04-03T09:40:00.000,5.58,141.93,-4.39,3.44
2026-04-03T09:50:00.000,4.37,188.85,-4.32,-0.67
2026-04-03T10:00:00.000,4.58,161.43,-4.34,1.46
2026-04-03T10:10:00.000,4.74,165,-4.57,1.23
2026-04-03T10:20:00.000,5.61,157.64,-5.19,2.13
2026-04-03T10:30:00.000,1.67,133.49,-1.15,1.21
2026-04-03T10:40:00.000,2.94,130.53,-1.91,2.23
2026-04-03T10:50:00.000,2.83,98.54,-0.42,2.8
2026-04-03T11:00:00.000,1.72,28.21,1.52,0.81
2026-04-03T11:10:00.000,2.07,47.46,1.4,1.53
2026-04-03T11:20:00.000,0.07,48.49,0.05,0.05
2026-04-03T11:30:00.000,0.84,250.51,-0.28,-0.79
2026-04-03T11:40:00.000,0.52,263.9,-0.06,-0.52
2026-04-03T11:50:00.000,4.8,202.18,-4.44,-1.81
2026-04-03T12:00:00.000,0.91,234.19,-0.53,-0.74
2026-04-03T12:10:00.000,0.79,311.39,0.52,-0.59
2026-04-03T12:20:00.000,4.05,342.4,3.86,-1.22
2026-04-03T12:30:00.000,2.31,6.55,2.3,0.26
2026-04-03T12:40:00.000,1.16,351.67,1.15,-0.17
2026-04-03T12:50:00.000,0.56,345.16,0.55,-0.14
2026-04-03T13:00:00.000,0.52,325.12,0.43,-0.3
2026-04-03T13:10:00.000,0.48,292.6,0.18,-0.44
2026-04-03T13:20:00.000,0.69,292.73,0.27,-0.63
2026-04-03T13:30:00.000,0.96,277.75,0.13,-0.95
2026-04-03T13:40:00.000,1.41,272.46,0.06,-1.4
2026-04-03T13:50:00.000,2,239.26,-1.02,-1.72
2026-04-03T14:00:00.000,2.51,245.36,-1.05,-2.29
2026-04-03T14:10:00.000,1.36,245.93,-0.55,-1.24
2026-04-03T14:20:00.000,1.22,254.88,-0.32,-1.18
2026-04-03T14:30:00.000,0.75,253.81,-0.21,-0.72
2026-04-03T14:40:00.000,1.73,196.59,-1.66,-0.49
2026-04-03T14:50:00.000,6.07,196.84,-5.81,-1.76
2026-04-03T15:00:00.000,2.01,194.92,-1.95,-0.52
2026-04-03T15:10:00.000,4.62,136.24,-3.34,3.19
2026-04-03T15:20:00.000,3.82,234.35,-2.23,-3.1
2026-04-03T15:30:00.000,2.76,175.93,-2.75,0.2
2026-04-03T15:40:00.000,2.71,213.33,-2.27,-1.49
2026-04-03T15:50:00.000,3.34,240.36,-1.65,-2.9
2026-04-03T16:00:00.000,0.18,141.53,-0.14,0.11
2026-04-03T16:10:00.000,5.39,174.09,-5.36,0.55
2026-04-03T16:20:00.000,4.67,168.67,-4.58,0.92
2026-04-03T16:30:00.000,6.83,202.97,-6.29,-2.67
2026-04-03T16:40:00.000,2.55,154.13,-2.29,1.11
2026-04-03T16:50:00.000,2.56,90.59,-0.03,2.56
2026-04-03T17:00:00.000,6.03,190.16,-5.94,-1.06
2026-04-03T17:10:00.000,4.88,156.6,-4.48,1.94
2026-04-03T17:20:00.000,4.91,202.2,-4.55,-1.86
2026-04-03T17:30:00.000,4.23,178.07,-4.23,0.14
2026-04-03T17:40:00.000,3.42,201.87,-3.17,-1.27
2026-04-03T17:50:00.000,3.73,180.5,-3.73,-0.03
2026-04-03T18:00:00.000,9.04,188.53,-8.94,-1.34
2026-04-03T18:10:00.000,6.74,215.56,-5.48,-3.92
2026-04-03T18:20:00.000,1.48,230.91,-0.93,-1.15
2026-04-03T18:30:00.000,3.43,115.78,-1.49,3.09
2026-04-03T18:40:00.000,1.28,276.97,0.16,-1.27
2026-04-03T18:50:00.000,1.83,185.49,-1.82,-0.17
2026-04-03T19:00:00.000,1.59,139.04,-1.2,1.04
2026-04-03T19:10:00.000,4.2,107.78,-1.28,4
2026-04-03T19:20:00.000,4.49,184.02,-4.48,-0.31
2026-04-03T19:30:00.000,6.9,203.97,-6.3,-2.8
2026-04-03T19:40:00.000,3.68,171.51,-3.64,0.54
2026-04-03T19:50:00.000,1.58,139.14,-1.19,1.03
2026-04-03T20:00:00.000,0.01,319.7,0.01,-0.01
2026-04-03T20:10:00.000,0.89,176.49,-0.88,0.05
2026-04-03T20:20:00.000,0.99,325.82,0.82,-0.55
2026-04-03T20:30:00.000,0.83,335.97,0.76,-0.34
2026-04-03T20:40:00.000,1.69,332.48,1.5,-0.78
2026-04-03T20:50:00.000,0.7,353.43,0.69,-0.08
2026-04-03T21:00:00.000,0.5,301.36,0.26,-0.43
2026-04-03T21:10:00.000,1.15,272.83,0.06,-1.15
2026-04-03T21:20:00.000,1.73,262.35,-0.23,-1.72
2026-04-03T21:30:00.000,0.94,243.04,-0.43,-0.84
2026-04-03T21:40:00.000,0.79,166.46,-0.77,0.19
2026-04-03T21:50:00.000,0.27,175.22,-0.27,0.02
2026-04-03T22:00:00.000,0.54,284.53,0.14,-0.53
2026-04-03T22:10:00.000,2.54,356.68,2.53,-0.15
2026-04-03T22:20:00.000,2.28,343.23,2.18,-0.66
2026-04-03T22:30:00.000,3.01,334.2,2.71,-1.31
2026-04-03T22:40:00.000,2.4,0.4,2.4,0.02
2026-04-03T22:50:00.000,2.56,55.78,1.44,2.12
2026-04-03T23:00:00.000,2.74,67.08,1.07,2.52
2026-04-03T23:10:00.000,1,73.15,0.29,0.96
2026-04-03T23:20:00.000,0.33,270.63,0,-0.33
2026-04-03T23:30:00.000,1.45,278.34,0.21,-1.43
2026-04-03T23:40:00.000,1.69,271.11,0.03,-1.69
2026-04-03T23:50:00.000,0.87,302.07,0.46,-0.74
2026-04-04T00:00:00.000,3.12,59.47,1.58,2.68
2026-04-04T00:10:00.000,1.68,81.79,0.24,1.66
2026-04-04T00:20:00.000,0.54,76.87,0.12,0.53
2026-04-04T00:30:00.000,0.21,146.59,-0.17,0.11
2026-04-04T00:40:00.000,0.39,169.76,-0.38,0.07
2026-04-04T00:50:00.000,0.61,227.52,-0.41,-0.45
2026-04-04T01:00:00.000,0.53,280.07,0.09,-0.52
2026-04-04T01:10:00.000,0.34,263.77,-0.04,-0.34
2026-04-04T01:20:00.000,2.7,196.08,-2.59,-0.75
2026-04-04T01:30:00.000,1.96,177.71,-1.96,0.08
2026-04-04T01:40:00.000,1.23,133.27,-0.85,0.9
2026-04-04T01:50:00.000,0.98,104.73,-0.25,0.95
2026-04-04T02:00:00.000,1.3,105.16,-0.34,1.26
2026-04-04T02:10:00.000,0.45,213.14,-0.38,-0.25
2026-04-04T02:20:00.000,0.92,127.22,-0.56,0.73
2026-04-04T02:30:00.000,1.03,135.34,-0.73,0.72
2026-04-04T02:40:00.000,0.85,175.18,-0.84,0.07
2026-04-04T02:50:00.000,0.99,199.71,-0.93,-0.33
2026-04-04T03:00:00.000,0.35,198.96,-0.33,-0.11
2026-04-04T03:10:00.000,0.35,184.1,-0.35,-0.02
2026-04-04T03:20:00.000,1.08,148.42,-0.92,0.57
2026-04-04T03:30:00.000,2.59,118.61,-1.24,2.27
2026-04-04T03:40:00.000,2.71,156.7,-2.49,1.07
2026-04-04T03:50:00.000,2.49,171.72,-2.47,0.36
2026-04-04T04:00:00.000,2.97,117.71,-1.38,2.63
2026-04-04T04:10:00.000,2.86,167.5,-2.79,0.62
2026-04-04T04:20:00.000,2.78,161.65,-2.64,0.88
2026-04-04T04:30:00.000,0.79,196.41,-0.76,-0.22
2026-04-04T04:40:00.000,0.78,207.73,-0.69,-0.36
2026-04-04T04:50:00.000,0.5,234.27,-0.29,-0.4
2026-04-04T05:00:00.000,0.48,249.4,-0.17,-0.45
2026-04-04T05:10:00.000,0.73,277.85,0.1,-0.72
2026-04-04T05:20:00.000,1.41,299.31,0.69,-1.23
2026-04-04T05:30:00.000,1.48,280.81,0.28,-1.46
2026-04-04T05:40:00.000,3.43,266.06,-0.24,-3.42
2026-04-04T05:50:00.000,1.3,283.27,0.3,-1.26
2026-04-04T06:00:00.000,1.23,266.9,-0.07,-1.22
2026-04-04T06:10:00.000,2.47,264.59,-0.23,-2.46
2026-04-04T06:20:00.000,3.8,179.45,-3.8,0.04
2026-04-04T06:30:00.000,5.8,217.45,-4.61,-3.53
2026-04-04T06:40:00.000,4.38,223.18,-3.2,-3
2026-04-04T06:50:00.000,7.19,225.71,-5.02,-5.15
2026-04-04T07:00:00.000,2,203.75,-1.83,-0.81
2026-04-04T07:10:00.000,1.4,209.76,-1.21,-0.69
2026-04-04T07:20:00.000,3.29,174.93,-3.27,0.29
2026-04-04T07:30:00.000,2.03,201.15,-1.9,-0.73
2026-04-04T07:40:00.000,5.99,122.44,-3.21,5.06
2026-04-04T07:50:00.000,5.8,187.77,-5.74,-0.78
2026-04-04T08:00:00.000,5.21,194.78,-5.04,-1.33
2026-04-04T08:10:00.000,3.12,227.81,-2.09,-2.31
2026-04-04T08:20:00.000,1.92,229.68,-1.24,-1.47
2026-04-04T08:30:00.000,7.18,170.37,-7.08,1.2
2026-04-04T08:40:00.000,11.77,216.25,-9.49,-6.96
2026-04-04T08:50:00.000,7.31,195.49,-7.05,-1.95
2026-04-04T09:00:00.000,6.31,159.81,-5.92,2.18
2026-04-04T09:10:00.000,7.65,192.23,-7.47,-1.62
2026-04-04T09:20:00.000,3.9,193.51,-3.79,-0.91
2026-04-04T09:30:00.000,1.98,225.3,-1.4,-1.41
2026-04-04T09:40:00.000,8.17,167.93,-7.99,1.71
2026-04-04T09:50:00.000,7.2,155.08,-6.53,3.03
2026-04-04T10:00:00.000,8.15,204.42,-7.42,-3.37
2026-04-04T10:10:00.000,4.65,150.69,-4.06,2.28
2026-04-04T10:20:00.000,6.36,202.89,-5.86,-2.47
2026-04-04T10:30:00.000,11.72,193.97,-11.37,-2.83
2026-04-04T10:40:00.000,9.88,189.75,-9.74,-1.67
2026-04-04T10:50:00.000,12.58,189.57,-12.41,-2.09
2026-04-04T11:00:00.000,10.11,213.27,-8.45,-5.55
2026-04-04T11:10:00.000,11.67,171.91,-11.55,1.64
2026-04-04T11:20:00.000,3.07,225.64,-2.14,-2.19
2026-04-04T11:30:00.000,2.18,108.33,-0.69,2.07
2026-04-04T11:40:00.000,7.25,175.57,-7.22,0.56
2026-04-04T11:50:00.000,11.44,168.18,-11.2,2.34
2026-04-04T12:00:00.000,4.2,200.16,-3.94,-1.45
2026-04-04T12:10:00.000,15.6,173.87,-15.51,1.67
2026-04-04T12:20:00.000,2.59,238.21,-1.36,-2.2
2026-04-04T12:30:00.000,11.67,226.88,-7.98,-8.52
2026-04-04T12:40:00.000,7.38,154.24,-6.65,3.21
2026-04-04T12:50:00.000,8.08,208.39,-7.11,-3.84
2026-04-04T13:00:00.000,3.51,211.89,-2.98,-1.85
2026-04-04T13:10:00.000,2.07,143.51,-1.66,1.23
2026-04-04T13:20:00.000,5.01,239.83,-2.52,-4.33
2026-04-04T13:30:00.000,6.17,187.35,-6.12,-0.79
2026-04-04T13:40:00.000,5.69,261.03,-0.89,-5.63
2026-04-04T13:50:00.000,4.86,243.36,-2.18,-4.35
2026-04-04T14:00:00.000,0.75,212.61,-0.63,-0.4
2026-04-04T14:10:00.000,12.99,219.5,-10.02,-8.26
2026-04-04T14:20:00.000,4.42,209.9,-3.83,-2.2
2026-04-04T14:30:00.000,2.36,244.74,-1.01,-2.13
2026-04-04T14:40:00.000,4.26,225.26,-3,-3.03
2026-04-04T14:50:00.000,1.24,236.91,-0.68,-1.04
2026-04-04T15:00:00.000,1.63,258.64,-0.32,-1.6
2026-04-04T15:10:00.000,3.34,228.91,-2.19,-2.52
2026-04-04T15:20:00.000,1.51,216.65,-1.22,-0.9
2026-04-04T15:30:00.000,2.24,221.57,-1.68,-1.49
2026-04-04T15:40:00.000,2.9,228.59,-1.92,-2.18
2026-04-04T15:50:00.000,0.81,234.88,-0.47,-0.67
2026-04-04T16:00:00.000,1.64,187.72,-1.62,-0.22
2026-04-04T16:10:00.000,2.42,239.28,-1.24,-2.08
2026-04-04T16:20:00.000,1.51,207.52,-1.34,-0.7
2026-04-04T16:30:00.000,0.96,230.5,-0.61,-0.74
2026-04-04T16:40:00.000,0.92,246.9,-0.36,-0.84
2026-04-04T16:50:00.000,0.41,243.48,-0.18,-0.37
2026-04-04T17:00:00.000,0.46,257.26,-0.1,-0.45
2026-04-04T17:10:00.000,0.29,211.93,-0.24,-0.15
2026-04-04T17:20:00.000,0.46,238.41,-0.24,-0.39
2026-04-04T17:30:00.000,0.56,252.78,-0.17,-0.53
2026-04-04T17:40:00.000,0.79,243.91,-0.35,-0.71
2026-04-04T17:50:00.000,0.77,247.78,-0.29,-0.71
2026-04-04T18:00:00.000,1.02,254.28,-0.28,-0.99
2026-04-04T18:10:00.000,1.18,244.58,-0.51,-1.07
2026-04-04T18:20:00.000,1.4,251.81,-0.44,-1.33
2026-04-04T18:30:00.000,1.04,282.55,0.23,-1.01
2026-04-04T18:40:00.000,1.22,277.48,0.16,-1.21
2026-04-04T18:50:00.000,0.98,278.23,0.14,-0.97
2026-04-04T19:00:00.000,1.4,288.52,0.44,-1.33
2026-04-04T19:10:00.000,1.44,281.87,0.3,-1.41
2026-04-04T19:20:00.000,1.66,293.57,0.67,-1.52
2026-04-04T19:30:00.000,1.36,259.42,-0.25,-1.33
2026-04-04T19:40:00.000,1.45,290.08,0.5,-1.36
2026-04-04T19:50:00.000,1.46,288.92,0.48,-1.39
2026-04-04T20:00:00.000,0.79,288.99,0.26,-0.75
2026-04-04T20:10:00.000,1.78,268.51,-0.05,-1.78
2026-04-04T20:20:00.000,1.52,279.43,0.25,-1.5
2026-04-04T20:30:00.000,1.06,286.66,0.31,-1.02
2026-04-04T20:40:00.000,1.39,270.75,0.02,-1.39
2026-04-04T20:50:00.000,0.93,276.92,0.11,-0.92
2026-04-04T21:00:00.000,1.27,300.77,0.65,-1.09
2026-04-04T21:10:00.000,1.18,299.19,0.58,-1.03
2026-04-04T21:20:00.000,1.76,301.57,0.92,-1.5
2026-04-04T21:30:00.000,2.03,302.25,1.08,-1.72
2026-04-04T21:40:00.000,1.53,302.75,0.83,-1.29
2026-04-04T21:50:00.000,1.44,297.84,0.67,-1.28
2026-04-04T22:00:00.000,1.71,282.09,0.36,-1.67
2026-04-04T22:10:00.000,1.66,299.64,0.82,-1.44
2026-04-04T22:20:00.000,1.16,298.17,0.55,-1.03
2026-04-04T22:30:00.000,0.76,269.21,-0.01,-0.76
2026-04-04T22:40:00.000,1.06,276.12,0.11,-1.05
2026-04-04T22:50:00.000,1.06,264.35,-0.1,-1.06
2026-04-04T23:00:00.000,0.93,268.55,-0.02,-0.93
2026-04-04T23:10:00.000,0.72,294.41,0.3,-0.66
2026-04-04T23:20:00.000,0.66,298.79,0.32,-0.57
2026-04-04T23:30:00.000,0.34,248.17,-0.13,-0.32
2026-04-04T23:40:00.000,1.5,166.69,-1.46,0.34
2026-04-04T23:50:00.000,0.97,185.9,-0.96,-0.1
2026-04-05T00:00:00.000,0.59,232.14,-0.36,-0.46
2026-04-05T00:10:00.000,1.43,222.52,-1.05,-0.96
2026-04-05T00:20:00.000,1.13,217.24,-0.9,-0.68
2026-04-05T00:30:00.000,1.16,245.79,-0.48,-1.06
2026-04-05T00:40:00.000,1.22,263.77,-0.13,-1.21
2026-04-05T00:50:00.000,1.13,246.4,-0.45,-1.04
2026-04-05T01:00:00.000,1.57,265.05,-0.14,-1.57
2026-04-05T01:10:00.000,1.48,276.37,0.16,-1.47
2026-04-05T01:20:00.000,0.9,259.97,-0.16,-0.89
2026-04-05T01:30:00.000,1.29,247.4,-0.5,-1.19
2026-04-05T01:40:00.000,0.93,209.26,-0.81,-0.45
2026-04-05T01:50:00.000,1,273.49,0.06,-1
2026-04-05T02:00:00.000,2.45,345.96,2.37,-0.59
2026-04-05T02:10:00.000,2.22,11.25,2.18,0.43
2026-04-05T02:20:00.000,2.44,26.25,2.19,1.08
2026-04-05T02:30:00.000,2.05,33.57,1.71,1.14
2026-04-05T02:40:00.000,1.1,37.42,0.87,0.67
2026-04-05T02:50:00.000,0.97,48.33,0.64,0.72
2026-04-05T03:00:00.000,0.95,85.71,0.07,0.95
2026-04-05T03:10:00.000,0.43,65.66,0.18,0.39
2026-04-05T03:20:00.000,0.38,116.37,-0.17,0.34
2026-04-05T03:30:00.000,0.11,333.5,0.1,-0.05
2026-04-05T03:40:00.000,0.06,105.47,-0.02,0.06
2026-04-05T03:50:00.000,0.18,108.18,-0.06,0.17
2026-04-05T04:00:00.000,1.05,112.15,-0.4,0.98
2026-04-05T04:10:00.000,0.85,110.1,-0.29,0.8
2026-04-05T04:20:00.000,0.86,82.86,0.11,0.85
2026-04-05T04:30:00.000,0.33,71.82,0.1,0.31
2026-04-05T04:40:00.000,0.23,85.92,0.02,0.23
2026-04-05T04:50:00.000,0.54,62.69,0.25,0.48
2026-04-05T05:00:00.000,0.42,73.73,0.12,0.4
2026-04-05T05:10:00.000,1.93,123.4,-1.06,1.61
2026-04-05T05:20:00.000,4.33,118.29,-2.05,3.82
2026-04-05T05:30:00.000,3.6,110.05,-1.23,3.38
2026-04-05T05:40:00.000,1.73,141.22,-1.35,1.08
2026-04-05T05:50:00.000,1.74,164.66,-1.68,0.46
2026-04-05T06:00:00.000,0.62,211.67,-0.53,-0.33
2026-04-05T06:10:00.000,1.99,184.96,-1.98,-0.17
2026-04-05T06:20:00.000,0.67,180.7,-0.67,-0.01
2026-04-05T06:30:00.000,3.05,158.84,-2.84,1.1
2026-04-05T06:40:00.000,0.82,209.52,-0.71,-0.4
2026-04-05T06:50:00.000,1.2,220.27,-0.92,-0.78
2026-04-05T07:00:00.000,2.37,198.52,-2.25,-0.75
2026-04-05T07:10:00.000,1.11,223.18,-0.81,-0.76
2026-04-05T07:20:00.000,0.63,231.01,-0.4,-0.49
2026-04-05T07:30:00.000,0.73,202.75,-0.67,-0.28
2026-04-05T07:40:00.000,0.41,212.02,-0.35,-0.22
2026-04-05T07:50:00.000,1.34,158.35,-1.24,0.49
2026-04-05T08:00:00.000,2.13,158.7,-1.99,0.77
2026-04-05T08:10:00.000,0.38,230.04,-0.25,-0.29
2026-04-05T08:20:00.000,0.33,224.1,-0.24,-0.23
2026-04-05T08:30:00.000,0.43,163.54,-0.41,0.12
2026-04-05T08:40:00.000,0.38,215.77,-0.31,-0.22
2026-04-05T08:50:00.000,0.61,180.66,-0.61,-0.01
2026-04-05T09:00:00.000,4.1,195.23,-3.96,-1.08
2026-04-05T09:10:00.000,5.94,194.56,-5.75,-1.49
2026-04-05T09:20:00.000,3.76,176.24,-3.76,0.25
2026-04-05T09:30:00.000,2.09,165.03,-2.02,0.54
2026-04-05T09:40:00.000,4.92,187.74,-4.88,-0.66
2026-04-05T09:50:00.000,3.27,189.65,-3.22,-0.55
2026-04-05T10:00:00.000,3.08,206.54,-2.75,-1.37
2026-04-05T10:10:00.000,5.1,238.09,-2.7,-4.33
2026-04-05T10:20:00.000,3.8,212.88,-3.19,-2.06
2026-04-05T10:30:00.000,4.27,215.75,-3.47,-2.5
2026-04-05T10:40:00.000,0.79,329.22,0.68,-0.4
2026-04-05T10:50:00.000,2.24,177.78,-2.24,0.09
2026-04-05T11:00:00.000,1.36,267.56,-0.06,-1.36
2026-04-05T11:10:00.000,6.77,188.46,-6.7,-1
2026-04-05T11:20:00.000,9,180.21,-9,-0.03
2026-04-05T11:30:00.000,7.45,217.63,-5.9,-4.55
2026-04-05T11:40:00.000,4.94,194.82,-4.77,-1.26
2026-04-05T11:50:00.000,3.43,203.53,-3.14,-1.37
2026-04-05T12:00:00.000,10.56,229.06,-6.92,-7.98
2026-04-05T12:10:00.000,2.6,166.4,-2.53,0.61
2026-04-05T12:20:00.000,6.26,190.95,-6.15,-1.19
2026-04-05T12:30:00.000,8.64,178.59,-8.64,0.21
2026-04-05T12:40:00.000,4.63,231.27,-2.89,-3.61
2026-04-05T12:50:00.000,3.87,194.55,-3.75,-0.97
2026-04-05T13:00:00.000,8.15,214.88,-6.69,-4.66
2026-04-05T13:10:00.000,3.41,240.96,-1.65,-2.98
2026-04-05T13:20:00.000,9.02,217.38,-7.17,-5.48
2026-04-05T13:30:00.000,8.64,192.37,-8.44,-1.85
2026-04-05T13:40:00.000,7.75,198.19,-7.37,-2.42
2026-04-05T13:50:00.000,11.95,198.58,-11.33,-3.81
2026-04-05T14:00:00.000,3.7,201.32,-3.45,-1.35
2026-04-05T14:10:00.000,5.67,136.67,-4.13,3.89
2026-04-05T14:20:00.000,5.2,132.32,-3.5,3.84
2026-04-05T14:30:00.000,5.14,182.34,-5.14,-0.21
2026-04-05T14:40:00.000,3.34,167.24,-3.26,0.74
2026-04-05T14:50:00.000,2.6,228.27,-1.73,-1.94
2026-04-05T15:00:00.000,1.6,189.63,-1.57,-0.27
2026-04-05T15:10:00.000,1.98,83.65,0.22,1.97
2026-04-05T15:20:00.000,0.69,76.06,0.17,0.67
2026-04-05T15:30:00.000,3.1,91.01,-0.05,3.1
2026-04-05T15:40:00.000,1.65,253.37,-0.47,-1.58
2026-04-05T15:50:00.000,3.76,127.02,-2.26,3
2026-04-05T16:00:00.000,3.96,153.36,-3.54,1.77
2026-04-05T16:10:00.000,5.23,132.1,-3.51,3.88
2026-04-05T16:20:00.000,3.98,155.81,-3.63,1.63
2026-04-05T16:30:00.000,4.21,149.27,-3.62,2.15
2026-04-05T16:40:00.000,4.82,113.81,-1.95,4.41
2026-04-05T16:50:00.000,3.42,100.23,-0.61,3.37
2026-04-05T17:00:00.000,6.72,126.76,-4.02,5.38
2026-04-05T17:10:00.000,4.68,121.63,-2.45,3.99
2026-04-05T17:20:00.000,5.07,102.86,-1.13,4.94
2026-04-05T17:30:00.000,5.29,85.44,0.42,5.27
2026-04-05T17:40:00.000,4.1,127.68,-2.51,3.25
2026-04-05T17:50:00.000,2.21,206.59,-1.98,-0.99
2026-04-05T18:00:00.000,2.23,245.13,-0.94,-2.02
2026-04-05T18:10:00.000,0.68,286.23,0.19,-0.66
2026-04-05T18:20:00.000,1.33,125.76,-0.78,1.08
2026-04-05T18:30:00.000,1.12,148.95,-0.96,0.58
2026-04-05T18:40:00.000,1.34,173.98,-1.33,0.14
2026-04-05T18:50:00.000,0.19,209.43,-0.17,-0.09
2026-04-05T19:00:00.000,0.53,173.71,-0.53,0.06
2026-04-05T19:10:00.000,0.51,151.78,-0.45,0.24
2026-04-05T19:20:00.000,0.25,266.83,-0.01,-0.25
2026-04-05T19:30:00.000,0.19,314.07,0.13,-0.14
2026-04-05T19:40:00.000,2.26,49.59,1.46,1.72
2026-04-05T19:50:00.000,1.3,50.02,0.84,1
2026-04-05T20:00:00.000,0.7,58.74,0.36,0.6
2026-04-05T20:10:00.000,0.6,43.75,0.43,0.41
2026-04-05T20:20:00.000,0.33,49.78,0.21,0.25
2026-04-05T20:30:00.000,0.58,99.2,-0.09,0.57
2026-04-05T20:40:00.000,0.1,356.92,0.1,-0.01
2026-04-05T20:50:00.000,0.07,53.08,0.04,0.06
2026-04-05T21:00:00.000,0.11,77.86,0.02,0.11
2026-04-05T21:10:00.000,0.29,1.44,0.29,0.01
2026-04-05T21:20:00.000,0.36,313.19,0.24,-0.26
2026-04-05T21:30:00.000,0.22,326.67,0.19,-0.12
2026-04-05T21:40:00.000,0.02,74.29,0.01,0.02
2026-04-05T21:50:00.000,0.28,108.22,-0.09,0.27
2026-04-05T22:00:00.000,0.31,105.65,-0.08,0.3
2026-04-05T22:10:00.000,0.24,69.91,0.08,0.23
2026-04-05T22:20:00.000,0.43,82.16,0.06,0.43
2026-04-05T22:30:00.000,0.57,102.95,-0.13,0.56
2026-04-05T22:40:00.000,0.5,96.29,-0.05,0.5
2026-04-05T22:50:00.000,0.13,30.43,0.12,0.07
2026-04-05T23:00:00.000,0.45,107.01,-0.13,0.43
2026-04-05T23:10:00.000,0.73,120.82,-0.37,0.62
2026-04-05T23:20:00.000,0.34,115.09,-0.15,0.31
2026-04-05T23:30:00.000,0.65,124.7,-0.37,0.54
2026-04-05T23:40:00.000,0.27,126.71,-0.16,0.22
2026-04-05T23:50:00.000,0.51,130.91,-0.34,0.39
2026-04-06T00:00:00.000,0.92,132.36,-0.62,0.68
2026-04-06T00:10:00.000,0.57,148.91,-0.48,0.29
2026-04-06T00:20:00.000,0.2,181.5,-0.2,-0.01
2026-04-06T00:30:00.000,0.32,155.38,-0.29,0.13
2026-04-06T00:40:00.000,0.24,153.35,-0.21,0.11
2026-04-06T00:50:00.000,0.23,160.64,-0.21,0.07
2026-04-06T01:00:00.000,0.23,108.5,-0.07,0.22
2026-04-06T01:10:00.000,0.69,97.43,-0.09,0.68
2026-04-06T01:20:00.000,0.69,109.82,-0.23,0.65
2026-04-06T01:30:00.000,1,137.78,-0.74,0.67
2026-04-06T01:40:00.000,2.22,136.05,-1.6,1.54
2026-04-06T01:50:00.000,1.58,152.44,-1.4,0.73
2026-04-06T02:00:00.000,1.46,138.45,-1.09,0.97
2026-04-06T02:10:00.000,1.78,160.74,-1.68,0.59
2026-04-06T02:20:00.000,3.07,144.79,-2.51,1.77
2026-04-06T02:30:00.000,0.63,180.17,-0.63,0
2026-04-06T02:40:00.000,1.77,137.3,-1.3,1.2
2026-04-06T02:50:00.000,1.2,183.7,-1.19,-0.08
2026-04-06T03:00:00.000,1.68,152.65,-1.49,0.77
2026-04-06T03:10:00.000,1.2,193.87,-1.17,-0.29
2026-04-06T03:20:00.000,1.56,143.63,-1.26,0.93
2026-04-06T03:30:00.000,1.02,92.23,-0.04,1.02
2026-04-06T03:40:00.000,0.36,286.84,0.1,-0.35
2026-04-06T03:50:00.000,0.19,187.05,-0.19,-0.02
2026-04-06T04:00:00.000,0.56,277.85,0.08,-0.56
2026-04-06T04:10:00.000,0.52,84.49,0.05,0.51
2026-04-06T04:20:00.000,1.08,64.37,0.47,0.98
2026-04-06T04:30:00.000,2.04,54.28,1.19,1.66
2026-04-06T04:40:00.000,0.32,354.78,0.32,-0.03
2026-04-06T04:50:00.000,0.43,240.07,-0.21,-0.37
2026-04-06T05:00:00.000,0.73,243.68,-0.32,-0.65
2026-04-06T05:10:00.000,0.82,213.55,-0.68,-0.45
2026-04-06T05:20:00.000,2.26,304.18,1.27,-1.87
2026-04-06T05:30:00.000,0.37,6.66,0.37,0.04
2026-04-06T05:40:00.000,0.42,8.29,0.41,0.06
2026-04-06T05:50:00.000,2.71,104.14,-0.66,2.63
2026-04-06T06:00:00.000,0.51,160.91,-0.48,0.17
2026-04-06T06:10:00.000,1.2,231.87,-0.74,-0.95
2026-04-06T06:20:00.000,1.35,212.57,-1.14,-0.73
2026-04-06T06:30:00.000,0.66,215.71,-0.53,-0.38
2026-04-06T06:40:00.000,0.43,205.36,-0.38,-0.18
2026-04-06T06:50:00.000,0.85,74.64,0.22,0.82
2026-04-06T07:00:00.000,2.11,133.03,-1.44,1.54
2026-04-06T07:10:00.000,2.92,86.68,0.17,2.92
2026-04-06T07:20:00.000,0.68,167.22,-0.66,0.15
2026-04-06T07:30:00.000,0.14,294.41,0.06,-0.13
2026-04-06T07:40:00.000,3.43,132.35,-2.31,2.54
2026-04-06T07:50:00.000,4.5,146.09,-3.73,2.51
2026-04-06T08:00:00.000,1.47,193.89,-1.43,-0.35
2026-04-06T08:10:00.000,1.43,125.03,-0.82,1.17
2026-04-06T08:20:00.000,0.49,258.8,-0.09,-0.48
2026-04-06T08:30:00.000,1.74,155.28,-1.58,0.73
2026-04-06T08:40:00.000,1.63,114.11,-0.67,1.49
2026-04-06T08:50:00.000,2.27,135.22,-1.61,1.6
2026-04-06T09:00:00.000,1.79,132.48,-1.21,1.32
2026-04-06T09:10:00.000,1.75,135.14,-1.24,1.24
2026-04-06T09:20:00.000,1.53,130.34,-0.99,1.16
2026-04-06T09:30:00.000,1.97,93.96,-0.14,1.96
2026-04-06T09:40:00.000,1.74,117.72,-0.81,1.54
2026-04-06T09:50:00.000,0.65,96.55,-0.07,0.64
2026-04-06T10:00:00.000,3.29,93.69,-0.21,3.29
2026-04-06T10:10:00.000,1.85,106.82,-0.54,1.78
2026-04-06T10:20:00.000,0.98,116.22,-0.43,0.88
2026-04-06T10:30:00.000,1.75,87.93,0.06,1.75
2026-04-06T10:40:00.000,0.42,12.92,0.41,0.09
2026-04-06T10:50:00.000,1.25,28.33,1.1,0.59
2026-04-06T11:00:00.000,0.92,314.67,0.64,-0.65
2026-04-06T11:10:00.000,1.37,93.25,-0.08,1.36
2026-04-06T11:20:00.000,2.01,161.65,-1.9,0.63
2026-04-06T11:30:00.000,1.26,281.17,0.24,-1.24
2026-04-06T11:40:00.000,1.34,22.42,1.24,0.51
2026-04-06T11:50:00.000,0.83,126.54,-0.5,0.67
2026-04-06T12:00:00.000,3.43,244.58,-1.47,-3.1
2026-04-06T12:10:00.000,1.35,110.5,-0.47,1.27
2026-04-06T12:20:00.000,1.53,108.58,-0.49,1.45
2026-04-06T12:30:00.000,4.29,200.95,-4.01,-1.54
2026-04-06T12:40:00.000,5.69,230.4,-3.63,-4.38
2026-04-06T12:50:00.000,5.67,207.23,-5.04,-2.6
2026-04-06T13:00:00.000,6.72,217.83,-5.31,-4.12
2026-04-06T13:10:00.000,9.07,228.74,-5.98,-6.82
2026-04-06T13:20:00.000,4.33,228.62,-2.87,-3.25
2026-04-06T13:30:00.000,3.02,206.69,-2.69,-1.35
2026-04-06T13:40:00.000,0.35,260.69,-0.06,-0.35
2026-04-06T13:50:00.000,7.76,207.42,-6.89,-3.57
2026-04-06T14:00:00.000,3.1,215.25,-2.53,-1.79
2026-04-06T14:10:00.000,1.66,175.53,-1.66,0.13
2026-04-06T14:20:00.000,2.76,153.91,-2.48,1.21
2026-04-06T14:30:00.000,2.74,129.23,-1.73,2.12
2026-04-06T14:40:00.000,5.23,220.15,-4,-3.37
2026-04-06T14:50:00.000,2.18,235.04,-1.25,-1.78
2026-04-06T15:00:00.000,3.99,203.98,-3.65,-1.62
2026-04-06T15:10:00.000,10.78,205.69,-9.71,-4.67
2026-04-06T15:20:00.000,9.93,213.52,-8.28,-5.49
2026-04-06T15:30:00.000,2.05,249.57,-0.72,-1.92
2026-04-06T15:40:00.000,7.54,210.54,-6.49,-3.83
2026-04-06T15:50:00.000,8.02,225.27,-5.65,-5.7
2026-04-06T16:00:00.000,7.36,221,-5.55,-4.83
2026-04-06T16:10:00.000,7.87,226.22,-5.45,-5.68
2026-04-06T16:20:00.000,7.62,221.83,-5.68,-5.08
2026-04-06T16:30:00.000,5.23,200.26,-4.9,-1.81
2026-04-06T16:40:00.000,6.03,193.56,-5.86,-1.41
2026-04-06T16:50:00.000,4.39,200.36,-4.11,-1.53
2026-04-06T17:00:00.000,5.12,222.27,-3.79,-3.44
2026-04-06T17:10:00.000,3.8,216.41,-3.06,-2.26
2026-04-06T17:20:00.000,3.59,206.57,-3.21,-1.61
2026-04-06T17:30:00.000,3.14,214.91,-2.58,-1.8
2026-04-06T17:40:00.000,6.82,215.1,-5.58,-3.92
2026-04-06T17:50:00.000,1.83,191.34,-1.8,-0.36
2026-04-06T18:00:00.000,2.72,202.91,-2.51,-1.06
2026-04-06T18:10:00.000,1.95,227.04,-1.33,-1.42
2026-04-06T18:20:00.000,4.06,228.52,-2.69,-3.04
2026-04-06T18:30:00.000,2.96,226.31,-2.05,-2.14
2026-04-06T18:40:00.000,2.53,191.58,-2.47,-0.51
2026-04-06T18:50:00.000,3.11,177.09,-3.1,0.16
2026-04-06T19:00:00.000,2.96,200.57,-2.77,-1.04
2026-04-06T19:10:00.000,2.51,213.54,-2.1,-1.39
2026-04-06T19:20:00.000,2.61,216.07,-2.11,-1.54
2026-04-06T19:30:00.000,2.84,212.48,-2.39,-1.52
2026-04-06T19:40:00.000,3.17,214.45,-2.61,-1.79
2026-04-06T19:50:00.000,3.53,225.49,-2.47,-2.51
2026-04-06T20:00:00.000,2.58,228.66,-1.71,-1.94
2026-04-06T20:10:00.000,2.2,220.6,-1.67,-1.43
2026-04-06T20:20:00.000,3.16,211.66,-2.69,-1.66
2026-04-06T20:30:00.000,1.28,220.13,-0.98,-0.82
2026-04-06T20:40:00.000,1.55,228.99,-1.02,-1.17
2026-04-06T20:50:00.000,1.37,238.65,-0.71,-1.17
2026-04-06T21:00:00.000,1.43,226.46,-0.99,-1.04
2026-04-06T21:10:00.000,1.35,231.95,-0.83,-1.06
2026-04-06T21:20:00.000,1.31,269.61,-0.01,-1.31
2026-04-06T21:30:00.000,1.38,274.67,0.11,-1.38
2026-04-06T21:40:00.000,1.66,279.9,0.29,-1.64
2026-04-06T21:50:00.000,1.54,302.47,0.83,-1.3
2026-04-06T22:00:00.000,1.27,284.71,0.32,-1.23
2026-04-06T22:10:00.000,2.2,345.64,2.13,-0.55
2026-04-06T22:20:00.000,3.24,329.56,2.79,-1.64
2026-04-06T22:30:00.000,1.59,329.96,1.37,-0.79
2026-04-06T22:40:00.000,1.42,316.3,1.02,-0.98
2026-04-06T22:50:00.000,2.13,327.41,1.8,-1.15
2026-04-06T23:00:00.000,1.01,331.75,0.89,-0.48
2026-04-06T23:10:00.000,3.53,319.59,2.69,-2.29
2026-04-06T23:20:00.000,1.06,304.5,0.6,-0.87
2026-04-06T23:30:00.000,0.8,305.86,0.47,-0.65
2026-04-06T23:40:00.000,1.5,284.56,0.38,-1.45
2026-04-06T23:50:00.000,2.16,281.81,0.44,-2.11
2026-04-07T00:00:00.000,1.17,272.52,0.05,-1.17
2026-04-07T00:10:00.000,1.2,261.84,-0.17,-1.19
2026-04-07T00:20:00.000,2.68,259.2,-0.5,-2.64
2026-04-07T00:30:00.000,2.15,249.88,-0.74,-2.02
2026-04-07T00:40:00.000,2.24,250.74,-0.74,-2.11
2026-04-07T00:50:00.000,1.49,248.61,-0.54,-1.39
2026-04-07T01:00:00.000,2.07,252.66,-0.62,-1.97
2026-04-07T01:10:00.000,2.41,225.49,-1.69,-1.72
2026-04-07T01:20:00.000,2.03,243.13,-0.92,-1.81
2026-04-07T01:30:00.000,1.55,236.59,-0.85,-1.29
2026-04-07T01:40:00.000,2.41,225.86,-1.68,-1.73
2026-04-07T01:50:00.000,2.71,236.34,-1.5,-2.26
2026-04-07T02:00:00.000,2.19,238.01,-1.16,-1.86
2026-04-07T02:10:00.000,2.11,217.12,-1.68,-1.27
2026-04-07T02:20:00.000,3.16,214.49,-2.61,-1.79
2026-04-07T02:30:00.000,3.81,213.53,-3.17,-2.1
2026-04-07T02:40:00.000,3.33,215.99,-2.7,-1.96
2026-04-07T02:50:00.000,2.55,218.07,-2.01,-1.57
2026-04-07T03:00:00.000,2.04,219.22,-1.58,-1.29
2026-04-07T03:10:00.000,1.7,225.45,-1.19,-1.21
2026-04-07T03:20:00.000,2.98,219.23,-2.31,-1.89
2026-04-07T03:30:00.000,1.67,227.21,-1.13,-1.23
2026-04-07T03:40:00.000,0.79,260.98,-0.12,-0.78
2026-04-07T03:50:00.000,1.36,253.67,-0.38,-1.3
2026-04-07T04:00:00.000,1.7,238.05,-0.9,-1.44
2026-04-07T04:10:00.000,1.88,238.55,-0.98,-1.61
2026-04-07T04:20:00.000,1.95,245.23,-0.82,-1.77
2026-04-07T04:30:00.000,1.46,261.66,-0.21,-1.44
2026-04-07T04:40:00.000,1.12,276.83,0.13,-1.12
2026-04-07T04:50:00.000,1.19,262.3,-0.16,-1.18
2026-04-07T05:00:00.000,1.46,236.72,-0.8,-1.22
2026-04-07T05:10:00.000,4.51,211.95,-3.83,-2.39
2026-04-07T05:20:00.000,3.98,251.97,-1.23,-3.78
2026-04-07T05:30:00.000,6.35,226.29,-4.39,-4.59
2026-04-07T05:40:00.000,4.99,235.7,-2.81,-4.12
2026-04-07T05:50:00.000,4.08,210.16,-3.52,-2.05
2026-04-07T06:00:00.000,2.64,276.2,0.29,-2.63
2026-04-07T06:10:00.000,3.53,237.54,-1.9,-2.98
2026-04-07T06:20:00.000,3.75,197.97,-3.56,-1.16
2026-04-07T06:30:00.000,0.91,272.88,0.05,-0.91
2026-04-07T06:40:00.000,5.04,256.84,-1.15,-4.91
2026-04-07T06:50:00.000,5.03,254.9,-1.31,-4.86
2026-04-07T07:00:00.000,6.53,209.22,-5.7,-3.19
2026-04-07T07:10:00.000,5.33,302.64,2.88,-4.49
2026-04-07T07:20:00.000,5.15,256.39,-1.21,-5.01
2026-04-07T07:30:00.000,6.13,181.37,-6.13,-0.15
2026-04-07T07:40:00.000,6.71,214.9,-5.51,-3.84
2026-04-07T07:50:00.000,0.49,289.44,0.16,-0.47
2026-04-07T08:00:00.000,0.64,269.43,-0.01,-0.64
2026-04-07T08:10:00.000,7.48,258.98,-1.43,-7.34
2026-04-07T08:20:00.000,10.67,281.34,2.1,-10.46
2026-04-07T08:30:00.000,5.29,284.33,1.31,-5.12
2026-04-07T08:40:00.000,5.53,276.61,0.64,-5.49
2026-04-07T08:50:00.000,6.77,286.57,1.93,-6.49
2026-04-07T09:00:00.000,8.97,301.1,4.63,-7.68
2026-04-07T09:10:00.000,3.41,255.4,-0.86,-3.3
2026-04-07T09:20:00.000,1.76,271.02,0.03,-1.76
2026-04-07T09:30:00.000,3.42,276.35,0.38,-3.39
2026-04-07T09:40:00.000,8.7,287.77,2.66,-8.29
2026-04-07T09:50:00.000,5.41,279.13,0.86,-5.34
2026-04-07T10:00:00.000,6.89,289.5,2.3,-6.49
2026-04-07T10:10:00.000,6.28,291.34,2.29,-5.85
2026-04-07T10:20:00.000,5.89,301.71,3.1,-5.01
2026-04-07T10:30:00.000,5.18,308.71,3.24,-4.04
2026-04-07T10:40:00.000,3.28,273.77,0.22,-3.27
2026-04-07T10:50:00.000,2.63,235.68,-1.48,-2.17
2026-04-07T11:00:00.000,5.11,301.7,2.69,-4.35
2026-04-07T11:10:00.000,4.43,296.14,1.95,-3.98
2026-04-07T11:20:00.000,3.12,269.27,-0.04,-3.12
2026-04-07T11:30:00.000,2.94,303.05,1.6,-2.46
2026-04-07T11:40:00.000,3.34,260.9,-0.53,-3.3
2026-04-07T11:50:00.000,1.47,275.57,0.14,-1.46
2026-04-07T12:00:00.000,2.42,245.55,-1,-2.2
2026-04-07T12:10:00.000,1.8,291.14,0.65,-1.68
2026-04-07T12:20:00.000,4.4,265.22,-0.37,-4.38
2026-04-07T12:30:00.000,6.66,297.58,3.08,-5.9
2026-04-07T12:40:00.000,3.01,281.74,0.61,-2.95
2026-04-07T12:50:00.000,3.26,286.59,0.93,-3.12
2026-04-07T13:00:00.000,3.04,289.18,1,-2.87
2026-04-07T13:10:00.000,4.18,282.7,0.92,-4.08
2026-04-07T13:20:00.000,5.71,309.66,3.65,-4.4
2026-04-07T13:30:00.000,6.9,308.56,4.3,-5.4
2026-04-07T13:40:00.000,4.13,244.02,-1.81,-3.71
2026-04-07T13:50:00.000,4.9,294.57,2.04,-4.46
2026-04-07T14:00:00.000,3.28,303.55,1.81,-2.73
2026-04-07T14:10:00.000,4.69,290.95,1.68,-4.38
2026-04-07T14:20:00.000,5.95,295.18,2.53,-5.38
2026-04-07T14:30:00.000,4.36,297.3,2,-3.87
2026-04-07T14:40:00.000,3.67,298.58,1.75,-3.22
2026-04-07T14:50:00.000,1.91,274.44,0.15,-1.9
2026-04-07T15:00:00.000,3.48,305.02,2,-2.85
2026-04-07T15:10:00.000,3.04,246.73,-1.2,-2.79
2026-04-07T15:20:00.000,3.59,291.45,1.31,-3.35
2026-04-07T15:30:00.000,1.18,291.13,0.42,-1.1
2026-04-07T15:40:00.000,3.84,250.69,-1.27,-3.62
2026-04-07T15:50:00.000,2.91,301.56,1.52,-2.48
2026-04-07T16:00:00.000,2.57,245.47,-1.07,-2.34
2026-04-07T16:10:00.000,3.46,274.56,0.28,-3.45
2026-04-07T16:20:00.000,2.87,291.19,1.04,-2.68
2026-04-07T16:30:00.000,2.54,279.75,0.43,-2.5
2026-04-07T16:40:00.000,2.16,267.47,-0.1,-2.16
2026-04-07T16:50:00.000,2.22,286.17,0.62,-2.14
2026-04-07T17:00:00.000,2.8,294.48,1.16,-2.55
2026-04-07T17:10:00.000,2.29,311.72,1.53,-1.71
2026-04-07T17:20:00.000,1.58,283.1,0.36,-1.54
2026-04-07T17:30:00.000,2.02,262.31,-0.27,-2
2026-04-07T17:40:00.000,2.65,310.28,1.71,-2.02
2026-04-07T17:50:00.000,2.7,313.88,1.87,-1.95
2026-04-07T18:00:00.000,1.81,272.56,0.08,-1.81
2026-04-07T18:10:00.000,5.6,246.74,-2.21,-5.15
2026-04-07T18:20:00.000,3.02,269.98,0,-3.02
2026-04-07T18:30:00.000,3.61,291.85,1.34,-3.35
2026-04-07T18:40:00.000,0.61,313.02,0.42,-0.45
2026-04-07T18:50:00.000,2.34,271.31,0.05,-2.34
2026-04-07T19:00:00.000,2.02,276.96,0.25,-2.01
2026-04-07T19:10:00.000,4.82,305.55,2.8,-3.92
2026-04-07T19:20:00.000,6.38,308.71,3.99,-4.98
2026-04-07T19:30:00.000,5.2,314.73,3.66,-3.7
2026-04-07T19:40:00.000,2.33,274.99,0.2,-2.33
2026-04-07T19:50:00.000,3.66,270.18,0.01,-3.66
2026-04-07T20:00:00.000,3.51,299.07,1.7,-3.07
2026-04-07T20:10:00.000,1.86,287.89,0.57,-1.77
2026-04-07T20:20:00.000,3.82,306.13,2.25,-3.09
2026-04-07T20:30:00.000,3.68,298.93,1.78,-3.22
2026-04-07T20:40:00.000,5.21,299.91,2.6,-4.51
2026-04-07T20:50:00.000,2.56,288.4,0.81,-2.43
2026-04-07T21:00:00.000,4.89,299.28,2.39,-4.26
2026-04-07T21:10:00.000,2.86,290.14,0.98,-2.68
2026-04-07T21:20:00.000,1.8,267.9,-0.07,-1.8
2026-04-07T21:30:00.000,3.21,252.78,-0.95,-3.07
2026-04-07T21:40:00.000,4.34,269.97,0,-4.34
2026-04-07T21:50:00.000,4.26,247.69,-1.62,-3.94
2026-04-07T22:00:00.000,2.01,223.5,-1.46,-1.39
2026-04-07T22:10:00.000,3.86,256.02,-0.93,-3.75
2026-04-07T22:20:00.000,4.6,270.4,0.03,-4.59
2026-04-07T22:30:00.000,4.07,259.42,-0.75,-4
2026-04-07T22:40:00.000,3.88,272.38,0.16,-3.88
2026-04-07T22:50:00.000,3.35,236.89,-1.83,-2.81
2026-04-07T23:00:00.000,3.97,242.18,-1.85,-3.51
2026-04-07T23:10:00.000,1.02,272.29,0.04,-1.02
2026-04-07T23:20:00.000,1.4,268.69,-0.03,-1.4
2026-04-07T23:30:00.000,2.42,253.78,-0.68,-2.32
2026-04-07T23:40:00.000,4.15,264.18,-0.42,-4.13
2026-04-07T23:50:00.000,2.35,308.48,1.46,-1.84
2026-04-08T00:00:00.000,2.3,273.74,0.15,-2.29
2026-04-08T00:10:00.000,2.03,298.59,0.97,-1.78
2026-04-08T00:20:00.000,1.19,279.61,0.2,-1.17
2026-04-08T00:30:00.000,3.36,314.35,2.35,-2.4
2026-04-08T00:40:00.000,4.2,262.03,-0.58,-4.16
2026-04-08T00:50:00.000,3.95,277.73,0.53,-3.92
2026-04-08T01:00:00.000,1.67,291.28,0.61,-1.56
2026-04-08T01:10:00.000,1.49,266.65,-0.09,-1.49
2026-04-08T01:20:00.000,2.64,275.71,0.26,-2.62
2026-04-08T01:30:00.000,0.81,256.29,-0.19,-0.79
2026-04-08T01:40:00.000,1.4,256.9,-0.32,-1.36
2026-04-08T01:50:00.000,1.09,224.96,-0.77,-0.77
2026-04-08T02:00:00.000,0.48,190.51,-0.48,-0.09
2026-04-08T02:10:00.000,0.37,267.35,-0.02,-0.37
2026-04-08T02:20:00.000,0.09,285.13,0.02,-0.09
2026-04-08T02:30:00.000,0.3,39.44,0.23,0.19
2026-04-08T02:40:00.000,0.32,60.31,0.16,0.28
2026-04-08T02:50:00.000,0.55,27.47,0.49,0.25
2026-04-08T03:00:00.000,0.43,22.54,0.4,0.17
2026-04-08T03:10:00.000,1.09,297.11,0.49,-0.97
2026-04-08T03:20:00.000,0.69,281.96,0.14,-0.67
2026-04-08T03:30:00.000,0.33,325.54,0.28,-0.19
2026-04-08T03:40:00.000,0.43,300.11,0.22,-0.37
2026-04-08T03:50:00.000,0.53,314.92,0.38,-0.38
2026-04-08T04:00:00.000,0.35,7.75,0.35,0.05
2026-04-08T04:10:00.000,1.22,320.06,0.94,-0.78
2026-04-08T04:20:00.000,1.85,315.31,1.31,-1.3
2026-04-08T04:30:00.000,1.17,290.43,0.41,-1.1
2026-04-08T04:40:00.000,1.38,290.09,0.48,-1.3
2026-04-08T04:50:00.000,1.19,296.69,0.54,-1.07
2026-04-08T05:00:00.000,0.78,299.73,0.39,-0.68
2026-04-08T05:10:00.000,0.5,310.6,0.33,-0.38
2026-04-08T05:20:00.000,0.43,334.11,0.38,-0.19
2026-04-08T05:30:00.000,0.52,12.62,0.5,0.11
2026-04-08T05:40:00.000,0.69,59.52,0.35,0.59
2026-04-08T05:50:00.000,0.22,119.74,-0.11,0.19
2026-04-08T06:00:00.000,0.54,12.21,0.53,0.12
2026-04-08T06:10:00.000,0.72,30.57,0.62,0.37
2026-04-08T06:20:00.000,3.15,28.17,2.78,1.49
2026-04-08T06:30:00.000,2.75,26.98,2.45,1.25
2026-04-08T06:40:00.000,2.66,48.15,1.78,1.98
2026-04-08T06:50:00.000,2.36,64.38,1.02,2.13
2026-04-08T07:00:00.000,0.77,68.68,0.28,0.72
2026-04-08T07:10:00.000,0.76,71.98,0.24,0.73
2026-04-08T07:20:00.000,2.01,72.57,0.6,1.91
2026-04-08T07:30:00.000,2.29,70.1,0.78,2.15
2026-04-08T07:40:00.000,2.87,74.81,0.75,2.77
2026-04-08T07:50:00.000,2.35,64.68,1,2.12
2026-04-08T08:00:00.000,2.67,62.41,1.24,2.37
2026-04-08T08:10:00.000,2.84,72.06,0.87,2.7
2026-04-08T08:20:00.000,0.46,27.78,0.41,0.22
2026-04-08T08:30:00.000,0.72,84.09,0.07,0.72
2026-04-08T08:40:00.000,0.46,338.29,0.43,-0.17
2026-04-08T08:50:00.000,0.59,313.31,0.4,-0.43
2026-04-08T09:00:00.000,0.42,317.39,0.31,-0.28
2026-04-08T09:10:00.000,0.54,327.45,0.46,-0.29
2026-04-08T09:20:00.000,0.96,324.82,0.79,-0.55
2026-04-08T09:30:00.000,1.38,351.83,1.37,-0.2
2026-04-08T09:40:00.000,1.74,12.99,1.69,0.39
2026-04-08T09:50:00.000,1.63,30.88,1.4,0.84
2026-04-08T10:00:00.000,1.39,37.82,1.09,0.85
2026-04-08T10:10:00.000,0.43,28.63,0.37,0.2
2026-04-08T10:20:00.000,0.32,124.45,-0.18,0.27
2026-04-08T10:30:00.000,0.6,143.41,-0.48,0.36
2026-04-08T10:40:00.000,1.11,168.3,-1.09,0.23
2026-04-08T10:50:00.000,0.85,171.69,-0.84,0.12
2026-04-08T11:00:00.000,0.74,188.32,-0.74,-0.11
2026-04-08T11:10:00.000,0.26,196.13,-0.25,-0.07
2026-04-08T11:20:00.000,0.15,53.05,0.09,0.12
2026-04-08T11:30:00.000,0.1,36.8,0.08,0.06
2026-04-08T11:40:00.000,0.25,298.73,0.12,-0.22
2026-04-08T11:50:00.000,0.33,287.61,0.1,-0.32
2026-04-08T12:00:00.000,0.34,259.49,-0.06,-0.34
2026-04-08T12:10:00.000,0.32,276.69,0.04,-0.31
2026-04-08T12:20:00.000,1.9,167.51,-1.86,0.41
2026-04-08T12:30:00.000,2.08,174.55,-2.07,0.2
2026-04-08T12:40:00.000,0.22,164.08,-0.21,0.06
2026-04-08T12:50:00.000,0.06,146.17,-0.05,0.03
2026-04-08T13:00:00.000,0.23,189.04,-0.23,-0.04
2026-04-08T13:10:00.000,0.32,60.71,0.16,0.28
2026-04-08T13:20:00.000,0.21,288.41,0.07,-0.2
2026-04-08T13:30:00.000,0.92,113.17,-0.36,0.84
2026-04-08T13:40:00.000,0.12,43.31,0.09,0.09
2026-04-08T13:50:00.000,0.24,16.66,0.23,0.07
2026-04-08T14:00:00.000,0.76,65.14,0.32,0.69
2026-04-08T14:10:00.000,0.75,14.91,0.73,0.19
2026-04-08T14:20:00.000,1.45,339.79,1.36,-0.5
2026-04-08T14:30:00.000,1.35,292.14,0.51,-1.25
2026-04-08T14:40:00.000,0.75,297.35,0.34,-0.66
2026-04-08T14:50:00.000,0.31,291.47,0.12,-0.29
2026-04-08T15:00:00.000,0.33,56.62,0.18,0.28
2026-04-08T15:10:00.000,1.45,91.93,-0.05,1.45
2026-04-08T15:20:00.000,0.52,192.61,-0.5,-0.11
2026-04-08T15:30:00.000,3.41,156.41,-3.12,1.36
2026-04-08T15:40:00.000,3.15,125.88,-1.85,2.55
2026-04-08T15:50:00.000,1.57,115.67,-0.68,1.42
2026-04-08T16:00:00.000,3.45,113.21,-1.36,3.17
2026-04-08T16:10:00.000,3.15,103.57,-0.74,3.07
2026-04-08T16:20:00.000,3.32,111.17,-1.2,3.09
2026-04-08T16:30:00.000,1.28,91.9,-0.04,1.28
2026-04-08T16:40:00.000,2.2,102.17,-0.46,2.15
2026-04-08T16:50:00.000,0.9,106.33,-0.25,0.86
2026-04-08T17:00:00.000,1.61,112.48,-0.62,1.49
2026-04-08T17:10:00.000,1.36,70.71,0.45,1.28
2026-04-08T17:20:00.000,1.47,6.85,1.46,0.18
2026-04-08T17:30:00.000,3.69,64.14,1.61,3.32
2026-04-08T17:40:00.000,0.82,5.82,0.82,0.08
2026-04-08T17:50:00.000,3.44,35.11,2.81,1.98
2026-04-08T18:00:00.000,2.6,346.08,2.53,-0.63
2026-04-08T18:10:00.000,2.89,317.84,2.14,-1.94
2026-04-08T18:20:00.000,1.61,309.55,1.02,-1.24
2026-04-08T18:30:00.000,1.39,301.55,0.73,-1.19
2026-04-08T18:40:00.000,1.79,314.33,1.25,-1.28
2026-04-08T18:50:00.000,1.49,305.86,0.87,-1.21
2026-04-08T19:00:00.000,1.38,308.28,0.85,-1.08
2026-04-08T19:10:00.000,1.28,311.74,0.85,-0.96
2026-04-08T19:20:00.000,1,326.43,0.83,-0.55
2026-04-08T19:30:00.000,0.93,313.02,0.64,-0.68
2026-04-08T19:40:00.000,1.01,324.76,0.82,-0.58
2026-04-08T19:50:00.000,0.95,321.68,0.75,-0.59
2026-04-08T20:00:00.000,0.75,300.66,0.38,-0.65
2026-04-08T20:10:00.000,0.78,278.72,0.12,-0.77
2026-04-08T20:20:00.000,0.73,248.58,-0.27,-0.68
2026-04-08T20:30:00.000,1.19,212.05,-1.01,-0.63
2026-04-08T20:40:00.000,1.31,180.24,-1.31,-0.01
2026-04-08T20:50:00.000,1.13,202.08,-1.05,-0.42
2026-04-08T21:00:00.000,2.59,178.46,-2.59,0.07
2026-04-08T21:10:00.000,3.13,175.46,-3.12,0.25
2026-04-08T21:20:00.000,3.68,167.27,-3.59,0.81
2026-04-08T21:30:00.000,2.87,202.44,-2.65,-1.1
2026-04-08T21:40:00.000,4.01,201.9,-3.72,-1.5
2026-04-08T21:50:00.000,4.36,204.15,-3.98,-1.78
2026-04-08T22:00:00.000,2.26,204.9,-2.05,-0.95
2026-04-08T22:10:00.000,4.53,209.35,-3.95,-2.22
2026-04-08T22:20:00.000,3.8,198.26,-3.61,-1.19
2026-04-08T22:30:00.000,3.81,206.75,-3.4,-1.71
2026-04-08T22:40:00.000,3.07,174.64,-3.06,0.29
2026-04-08T22:50:00.000,1.69,225.33,-1.19,-1.2
2026-04-08T23:00:00.000,3.03,208.12,-2.67,-1.43
2026-04-08T23:10:00.000,1.22,241.74,-0.58,-1.08
2026-04-08T23:20:00.000,1.27,234.33,-0.74,-1.03
2026-04-08T23:30:00.000,2.96,239.56,-1.5,-2.55
2026-04-08T23:40:00.000,2.52,200.05,-2.37,-0.86
2026-04-08T23:50:00.000,4.44,234.5,-2.58,-3.61
2026-04-09T00:00:00.000,1.46,227.19,-0.99,-1.07
2026-04-09T00:10:00.000,3.15,221.25,-2.37,-2.08
2026-04-09T00:20:00.000,0.99,241.84,-0.47,-0.88
2026-04-09T00:30:00.000,1.32,278.41,0.19,-1.31
2026-04-09T00:40:00.000,1.45,249.45,-0.51,-1.36
2026-04-09T00:50:00.000,1.07,277.07,0.13,-1.07
2026-04-09T01:00:00.000,1.97,311.14,1.29,-1.48
2026-04-09T01:10:00.000,1.59,312.72,1.08,-1.17
2026-04-09T01:20:00.000,2.97,315.16,2.11,-2.1
2026-04-09T01:30:00.000,0.93,324.92,0.76,-0.53
2026-04-09T01:40:00.000,1.61,330.13,1.4,-0.8
2026-04-09T01:50:00.000,0.83,309.52,0.53,-0.64
2026-04-09T02:00:00.000,0.51,295.31,0.22,-0.46
2026-04-09T02:10:00.000,0.21,292.68,0.08,-0.2
2026-04-09T02:20:00.000,0.67,243.64,-0.3,-0.6
2026-04-09T02:30:00.000,2.46,251.29,-0.79,-2.33
2026-04-09T02:40:00.000,2.26,222.79,-1.66,-1.53
2026-04-09T02:50:00.000,4,212.73,-3.36,-2.16
2026-04-09T03:00:00.000,1.02,213.16,-0.85,-0.56
2026-04-09T03:10:00.000,1.37,340.31,1.29,-0.46
2026-04-09T03:20:00.000,0.66,341.45,0.62,-0.21
2026-04-09T03:30:00.000,0.61,17.59,0.58,0.18
2026-04-09T03:40:00.000,0.52,313.26,0.36,-0.38
2026-04-09T03:50:00.000,0.39,321.01,0.31,-0.25
2026-04-09T04:00:00.000,0.52,337.73,0.48,-0.2
2026-04-09T04:10:00.000,1.33,200.34,-1.25,-0.46
2026-04-09T04:20:00.000,0.59,284.59,0.15,-0.57
2026-04-09T04:30:00.000,0.69,322.26,0.55,-0.42
2026-04-09T04:40:00.000,2.33,353.16,2.31,-0.28
2026-04-09T04:50:00.000,3.51,3.05,3.51,0.19
2026-04-09T05:00:00.000,1.87,327.48,1.58,-1.01
2026-04-09T05:10:00.000,4.86,318.34,3.63,-3.23
2026-04-09T05:20:00.000,1.66,332.17,1.47,-0.78
2026-04-09T05:30:00.000,2.28,340.48,2.15,-0.76
2026-04-09T05:40:00.000,0.77,311.11,0.51,-0.58
2026-04-09T05:50:00.000,2.04,286.49,0.58,-1.96
2026-04-09T06:00:00.000,1.58,280.49,0.29,-1.56
2026-04-09T06:10:00.000,1.58,290.71,0.56,-1.48
2026-04-09T06:20:00.000,0.95,253.46,-0.27,-0.91
2026-04-09T06:30:00.000,1.21,259.35,-0.22,-1.19
2026-04-09T06:40:00.000,0.58,280.37,0.1,-0.57
2026-04-09T06:50:00.000,0.51,238.03,-0.27,-0.43
2026-04-09T07:00:00.000,0.84,303.88,0.47,-0.7
2026-04-09T07:10:00.000,0.97,297.37,0.45,-0.86
2026-04-09T07:20:00.000,1.01,276,0.11,-1
2026-04-09T07:30:00.000,0.72,226.24,-0.5,-0.52
2026-04-09T07:40:00.000,2.74,232.69,-1.66,-2.18
2026-04-09T07:50:00.000,1.86,215.85,-1.51,-1.09
2026-04-09T08:00:00.000,3.93,214.66,-3.23,-2.24
2026-04-09T08:10:00.000,3.89,215.43,-3.17,-2.25
2026-04-09T08:20:00.000,2.54,212.87,-2.14,-1.38
2026-04-09T08:30:00.000,2.85,206.23,-2.55,-1.26
2026-04-09T08:40:00.000,7.51,214.83,-6.17,-4.29
2026-04-09T08:50:00.000,3.43,206.6,-3.07,-1.54
2026-04-09T09:00:00.000,1.43,194.72,-1.38,-0.36
2026-04-09T09:10:00.000,1.54,245.06,-0.65,-1.39
2026-04-09T09:20:00.000,2.75,199.96,-2.58,-0.94
2026-04-09T09:30:00.000,4.57,242.2,-2.13,-4.04
2026-04-09T09:40:00.000,2.73,223.29,-1.99,-1.87
2026-04-09T09:50:00.000,2.28,230.49,-1.45,-1.76
2026-04-09T10:00:00.000,2.95,222.7,-2.17,-2
2026-04-09T10:10:00.000,1.25,243.82,-0.55,-1.12
2026-04-09T10:20:00.000,5.45,257.04,-1.22,-5.31
2026-04-09T10:30:00.000,3.97,227.84,-2.67,-2.95
2026-04-09T10:40:00.000,4.96,217.72,-3.92,-3.03
2026-04-09T10:50:00.000,4.56,198.82,-4.31,-1.47
2026-04-09T11:00:00.000,6.79,219.96,-5.21,-4.36
2026-04-09T11:10:00.000,7.74,211.89,-6.57,-4.09
2026-04-09T11:20:00.000,7.9,212.19,-6.68,-4.21
2026-04-09T11:30:00.000,3.23,190.58,-3.17,-0.59
2026-04-09T11:40:00.000,11.31,209.29,-9.86,-5.53
2026-04-09T11:50:00.000,9.33,215.78,-7.57,-5.45
2026-04-09T12:00:00.000,5.64,213.46,-4.7,-3.11
2026-04-09T12:10:00.000,3.07,193.12,-2.99,-0.7
2026-04-09T12:20:00.000,10.31,208.11,-9.09,-4.86
2026-04-09T12:30:00.000,1.32,260.7,-0.21,-1.31
2026-04-09T12:40:00.000,8.03,205.61,-7.24,-3.47
2026-04-09T12:50:00.000,5.65,206.3,-5.06,-2.5
2026-04-09T13:00:00.000,6.82,212.74,-5.73,-3.69
2026-04-09T13:10:00.000,5.04,216.48,-4.06,-3
2026-04-09T13:20:00.000,4.74,200.07,-4.45,-1.63
2026-04-09T13:30:00.000,5.25,218.52,-4.11,-3.27
2026-04-09T13:40:00.000,4.08,209.3,-3.55,-2
2026-04-09T13:50:00.000,4.33,163.96,-4.17,1.2
2026-04-09T14:00:00.000,5.65,175.71,-5.64,0.42
2026-04-09T14:10:00.000,3.57,149.85,-3.09,1.79
2026-04-09T14:20:00.000,2.8,144.46,-2.28,1.63
2026-04-09T14:30:00.000,3.81,171.94,-3.77,0.53
2026-04-09T14:40:00.000,3.29,167.82,-3.21,0.69
2026-04-09T14:50:00.000,4.21,152.25,-3.72,1.96
2026-04-09T15:00:00.000,3.52,166.25,-3.42,0.84
2026-04-09T15:10:00.000,1.55,182.98,-1.54,-0.08
2026-04-09T15:20:00.000,1.34,220.04,-1.03,-0.86
2026-04-09T15:30:00.000,1.4,201.76,-1.3,-0.52
2026-04-09T15:40:00.000,2,182.62,-2,-0.09
2026-04-09T15:50:00.000,1.65,177.91,-1.65,0.06
2026-04-09T16:00:00.000,0.77,130.12,-0.5,0.59
2026-04-09T16:10:00.000,0.55,329.02,0.47,-0.28
2026-04-09T16:20:00.000,1.13,332.57,1,-0.52
2026-04-09T16:30:00.000,2.17,342.05,2.07,-0.67
2026-04-09T16:40:00.000,0.95,338.76,0.88,-0.34
2026-04-09T16:50:00.000,0.83,79.92,0.15,0.82
2026-04-09T17:00:00.000,1.73,89.48,0.02,1.73
2026-04-09T17:10:00.000,1.46,93.71,-0.09,1.46
2026-04-09T17:20:00.000,1.7,114.72,-0.71,1.55
2026-04-09T17:30:00.000,1.79,121.99,-0.95,1.52
2026-04-09T17:40:00.000,1.19,128.3,-0.74,0.93
2026-04-09T17:50:00.000,1.21,122.92,-0.66,1.01
2026-04-09T18:00:00.000,1.99,149.93,-1.72,1
2026-04-09T18:10:00.000,1.69,166.24,-1.64,0.4
2026-04-09T18:20:00.000,1.25,173.07,-1.24,0.15
2026-04-09T18:30:00.000,1.92,161.86,-1.83,0.6
2026-04-09T18:40:00.000,2.87,168.66,-2.81,0.56
2026-04-09T18:50:00.000,2.79,169.56,-2.74,0.5
2026-04-09T19:00:00.000,1.47,207.06,-1.31,-0.67
2026-04-09T19:10:00.000,2.04,173.08,-2.02,0.25
2026-04-09T19:20:00.000,1.84,173.79,-1.82,0.2
2026-04-09T19:30:00.000,1.75,162.93,-1.68,0.51
2026-04-09T19:40:00.000,0.49,107.82,-0.15,0.47
2026-04-09T19:50:00.000,1.13,13.5,1.1,0.26
2026-04-09T20:00:00.000,0.99,348.16,0.97,-0.2
2026-04-09T20:10:00.000,3.54,342.41,3.37,-1.07
2026-04-09T20:20:00.000,0.63,314.85,0.44,-0.45
2026-04-09T20:30:00.000,3.11,265.74,-0.23,-3.11
2026-04-09T20:40:00.000,0.73,266.33,-0.05,-0.73
2026-04-09T20:50:00.000,0.86,286.22,0.24,-0.83
2026-04-09T21:00:00.000,0.78,292.55,0.3,-0.72
2026-04-09T21:10:00.000,1.86,347.3,1.82,-0.41
2026-04-09T21:20:00.000,0.81,274.1,0.06,-0.8
2026-04-09T21:30:00.000,0.69,198.66,-0.66,-0.22
2026-04-09T21:40:00.000,0.97,173.96,-0.97,0.1
2026-04-09T21:50:00.000,0.76,191.84,-0.74,-0.16
2026-04-09T22:00:00.000,1.58,124.91,-0.9,1.29
2026-04-09T22:10:00.000,1.99,50.44,1.27,1.54
2026-04-09T22:20:00.000,0.95,49.13,0.62,0.72
2026-04-09T22:30:00.000,0.75,58.14,0.4,0.64
2026-04-09T22:40:00.000,0.33,105.17,-0.09,0.32
2026-04-09T22:50:00.000,0.38,211.89,-0.32,-0.2
2026-04-09T23:00:00.000,3.01,133.75,-2.08,2.18
2026-04-09T23:10:00.000,3.17,133.87,-2.19,2.28
2026-04-09T23:20:00.000,2.7,153.31,-2.41,1.21
2026-04-09T23:30:00.000,3.09,169.06,-3.03,0.59
2026-04-09T23:40:00.000,1.01,210.64,-0.87,-0.51
2026-04-09T23:50:00.000,0.56,210.07,-0.48,-0.28
2026-04-10T00:00:00.000,1.4,150.19,-1.21,0.7
2026-04-10T00:10:00.000,1.71,129.56,-1.09,1.32
2026-04-10T00:20:00.000,2.69,122.33,-1.44,2.27
2026-04-10T00:30:00.000,1.51,132.09,-1.01,1.12
2026-04-10T00:40:00.000,2.27,153.21,-2.03,1.02
2026-04-10T00:50:00.000,1.18,183.77,-1.18,-0.08
2026-04-10T01:00:00.000,0.59,209.9,-0.51,-0.3
2026-04-10T01:10:00.000,0.56,158.17,-0.52,0.21
2026-04-10T01:20:00.000,1.39,137.83,-1.03,0.94
2026-04-10T01:30:00.000,0.75,198.02,-0.71,-0.23
2026-04-10T01:40:00.000,0.25,128.76,-0.16,0.2
2026-04-10T01:50:00.000,1.09,146.69,-0.91,0.6
2026-04-10T02:00:00.000,0.36,145.09,-0.3,0.21
2026-04-10T02:10:00.000,2.45,125.79,-1.43,1.99
2026-04-10T02:20:00.000,0.85,125.07,-0.49,0.7
2026-04-10T02:30:00.000,2.58,126.31,-1.53,2.08
2026-04-10T02:40:00.000,4.09,135.93,-2.94,2.84
2026-04-10T02:50:00.000,1.97,139.43,-1.49,1.28
2026-04-10T03:00:00.000,1.1,132.87,-0.75,0.8
2026-04-10T03:10:00.000,3.08,149.99,-2.67,1.54
2026-04-10T03:20:00.000,1.01,115.3,-0.43,0.91
2026-04-10T03:30:00.000,1.72,122.26,-0.92,1.45
2026-04-10T03:40:00.000,1.53,143.39,-1.23,0.91
2026-04-10T03:50:00.000,1.96,125.04,-1.12,1.6
2026-04-10T04:00:00.000,1.84,108.05,-0.57,1.75
2026-04-10T04:10:00.000,1.22,115.38,-0.52,1.1
2026-04-10T04:20:00.000,0.67,132.86,-0.46,0.49
2026-04-10T04:30:00.000,1.04,112.02,-0.39,0.96
2026-04-10T04:40:00.000,0.75,79.44,0.14,0.74
2026-04-10T04:50:00.000,1.45,57.14,0.78,1.22
2026-04-10T05:00:00.000,3.51,76.6,0.81,3.41
2026-04-10T05:10:00.000,2.37,81.86,0.34,2.35
2026-04-10T05:20:00.000,3.23,118.42,-1.54,2.84
2026-04-10T05:30:00.000,2.55,105.18,-0.67,2.46
2026-04-10T05:40:00.000,1.31,131.72,-0.87,0.98
2026-04-10T05:50:00.000,1.77,118.48,-0.85,1.56
2026-04-10T06:00:00.000,1.6,119.05,-0.78,1.4
2026-04-10T06:10:00.000,2.2,101.98,-0.46,2.15
2026-04-10T06:20:00.000,2.48,108.15,-0.77,2.36
2026-04-10T06:30:00.000,2.34,89.75,0.01,2.34
2026-04-10T06:40:00.000,1.43,90.65,-0.02,1.43
2026-04-10T06:50:00.000,1.82,105.15,-0.47,1.75
2026-04-10T07:00:00.000,1.06,89.13,0.02,1.06
2026-04-10T07:10:00.000,2.82,121.16,-1.46,2.42
2026-04-10T07:20:00.000,2.42,108.04,-0.75,2.3
2026-04-10T07:30:00.000,1.14,119.68,-0.57,0.99
2026-04-10T07:40:00.000,2.49,116.45,-1.11,2.23
2026-04-10T07:50:00.000,3.85,109.95,-1.31,3.62
2026-04-10T08:00:00.000,3.15,103.52,-0.74,3.06
2026-04-10T08:10:00.000,1.08,79.56,0.2,1.06
2026-04-10T08:20:00.000,2.98,88.84,0.06,2.98
2026-04-10T08:30:00.000,1.07,126.13,-0.63,0.86
2026-04-10T08:40:00.000,0.88,107.75,-0.27,0.84
2026-04-10T08:50:00.000,1.05,107.86,-0.32,1
2026-04-10T09:00:00.000,1.21,84.86,0.11,1.2
2026-04-10T09:10:00.000,0.58,71.03,0.19,0.55
2026-04-10T09:20:00.000,1.11,48.6,0.73,0.83
2026-04-10T09:30:00.000,0.66,331.36,0.58,-0.32
2026-04-10T09:40:00.000,4.07,285.69,1.1,-3.92
2026-04-10T09:50:00.000,3.25,287.92,1,-3.09
2026-04-10T10:00:00.000,2.63,299.11,1.28,-2.29
2026-04-10T10:10:00.000,1.33,325.75,1.1,-0.75
2026-04-10T10:20:00.000,1.54,319.01,1.16,-1.01
2026-04-10T10:30:00.000,1.21,305.33,0.7,-0.98
2026-04-10T10:40:00.000,0.84,292.72,0.32,-0.77
2026-04-10T10:50:00.000,1.96,239.06,-1.01,-1.68
2026-04-10T11:00:00.000,2.94,256.64,-0.68,-2.86
2026-04-10T11:10:00.000,2.76,213.37,-2.31,-1.52
2026-04-10T11:20:00.000,2.76,226.16,-1.91,-1.99
2026-04-10T11:30:00.000,2.69,205.66,-2.43,-1.17
2026-04-10T11:40:00.000,2.66,172.18,-2.64,0.36
2026-04-10T11:50:00.000,4.42,130.04,-2.84,3.38
2026-04-10T12:00:00.000,1.53,132.31,-1.03,1.13
2026-04-10T12:10:00.000,4.33,122.28,-2.31,3.66
2026-04-10T12:20:00.000,1.51,130.55,-0.98,1.14
2026-04-10T12:30:00.000,1.87,125.23,-1.08,1.53
2026-04-10T12:40:00.000,3.51,103.47,-0.82,3.41
2026-04-10T12:50:00.000,1.92,106.98,-0.56,1.84
2026-04-10T13:00:00.000,0.69,122.81,-0.37,0.58
2026-04-10T13:10:00.000,0.43,79.84,0.08,0.42
2026-04-10T13:20:00.000,0.35,74.31,0.1,0.34
2026-04-10T13:30:00.000,0.28,46.32,0.19,0.2
2026-04-10T13:40:00.000,0.15,89.57,0,0.15
2026-04-10T13:50:00.000,0.33,82.03,0.05,0.33
2026-04-10T14:00:00.000,0.33,347.3,0.32,-0.07
2026-04-10T14:10:00.000,0.34,41.59,0.26,0.23
2026-04-10T14:20:00.000,0.16,275.48,0.02,-0.16
2026-04-10T14:30:00.000,0.19,11.91,0.18,0.04
2026-04-10T14:40:00.000,0.26,264.84,-0.02,-0.26
2026-04-10T14:50:00.000,0.39,335.46,0.36,-0.16
2026-04-10T15:00:00.000,0.65,256.57,-0.15,-0.63
2026-04-10T15:10:00.000,0.4,316.61,0.29,-0.27
2026-04-10T15:20:00.000,0.49,294.89,0.21,-0.45
2026-04-10T15:30:00.000,0.51,302.64,0.28,-0.43
2026-04-10T15:40:00.000,1.53,36.4,1.23,0.91
2026-04-10T15:50:00.000,2.09,14.32,2.02,0.52
2026-04-10T16:00:00.000,0.97,9.55,0.96,0.16
2026-04-10T16:10:00.000,1.19,46.52,0.82,0.87
2026-04-10T16:20:00.000,0.29,40.79,0.22,0.19
2026-04-10T16:30:00.000,4.06,119.42,-1.99,3.53
2026-04-10T16:40:00.000,3.9,96.56,-0.45,3.87
2026-04-10T16:50:00.000,3.04,92.27,-0.12,3.04
2026-04-10T17:00:00.000,4.37,102.81,-0.97,4.26
2026-04-10T17:10:00.000,3.11,91.87,-0.1,3.11
2026-04-10T17:20:00.000,4.07,106.82,-1.18,3.9
2026-04-10T17:30:00.000,5.06,101.97,-1.05,4.95
2026-04-10T17:40:00.000,4.43,112.56,-1.7,4.09
2026-04-10T17:50:00.000,3.9,100.93,-0.74,3.83
2026-04-10T18:00:00.000,3.57,104.42,-0.89,3.46
2026-04-10T18:10:00.000,4.78,118.44,-2.28,4.21
2026-04-10T18:20:00.000,4.29,101.09,-0.83,4.21
2026-04-10T18:30:00.000,1.78,113.37,-0.71,1.63
2026-04-10T18:40:00.000,2.88,99.71,-0.49,2.84
2026-04-10T18:50:00.000,2.52,101.2,-0.49,2.48
2026-04-10T19:00:00.000,2.19,120.45,-1.11,1.89
2026-04-10T19:10:00.000,1.73,98.59,-0.26,1.71
2026-04-10T19:20:00.000,2.24,98.9,-0.35,2.21
2026-04-10T19:30:00.000,2.86,113.29,-1.13,2.63
2026-04-10T19:40:00.000,1.28,151.96,-1.13,0.6
2026-04-10T19:50:00.000,2.3,122,-1.22,1.95
2026-04-10T20:00:00.000,1.38,137.72,-1.02,0.93
2026-04-10T20:10:00.000,0.82,137.42,-0.6,0.56
2026-04-10T20:20:00.000,0.65,157.23,-0.6,0.25
2026-04-10T20:30:00.000,0.84,165.92,-0.81,0.2
2026-04-10T20:40:00.000,0.58,184.41,-0.58,-0.04
2026-04-10T20:50:00.000,1.03,168.98,-1.01,0.2
2026-04-10T21:00:00.000,0.97,179.82,-0.97,0
2026-04-10T21:10:00.000,0.84,217.5,-0.67,-0.51
2026-04-10T21:20:00.000,1.07,229.85,-0.69,-0.82
2026-04-10T21:30:00.000,0.65,223.56,-0.47,-0.45
2026-04-10T21:40:00.000,0.6,172.93,-0.59,0.07
2026-04-10T21:50:00.000,1.16,137.92,-0.86,0.77
2026-04-10T22:00:00.000,1.02,153.41,-0.91,0.45
2026-04-10T22:10:00.000,1.01,173.97,-1.01,0.11
2026-04-10T22:20:00.000,1.19,164.64,-1.15,0.32
2026-04-10T22:30:00.000,1.34,169.8,-1.32,0.24
2026-04-10T22:40:00.000,1.44,156.69,-1.32,0.57
2026-04-10T22:50:00.000,1.42,170.08,-1.4,0.24
2026-04-10T23:00:00.000,0.71,207.4,-0.63,-0.33
2026-04-10T23:10:00.000,1.82,149.11,-1.56,0.93
2026-04-10T23:20:00.000,1.3,134.42,-0.91,0.93
2026-04-10T23:30:00.000,2,123.17,-1.09,1.68
2026-04-10T23:40:00.000,0.53,101.02,-0.1,0.52
2026-04-10T23:50:00.000,0.43,150.77,-0.38,0.21
2026-04-11T00:00:00.000,2.88,110.03,-0.99,2.71
2026-04-11T00:10:00.000,1.79,116.5,-0.8,1.6
2026-04-11T00:20:00.000,0.16,289.64,0.05,-0.15
2026-04-11T00:30:00.000,2.14,91.34,-0.05,2.14
2026-04-11T00:40:00.000,1.35,119.76,-0.67,1.17
2026-04-11T00:50:00.000,1.19,276.51,0.14,-1.19
2026-04-11T01:00:00.000,1.77,134,-1.23,1.27
2026-04-11T01:10:00.000,2.21,121.02,-1.14,1.89
2026-04-11T01:20:00.000,4.92,241.47,-2.35,-4.32
2026-04-11T01:30:00.000,3.28,197.89,-3.12,-1.01
2026-04-11T01:40:00.000,2.89,166.87,-2.81,0.66
2026-04-11T01:50:00.000,2.63,252.93,-0.77,-2.52
2026-04-11T02:00:00.000,0.82,208.55,-0.72,-0.39
2026-04-11T02:10:00.000,0.54,159.05,-0.51,0.19
2026-04-11T02:20:00.000,1.23,171.32,-1.22,0.19
2026-04-11T02:30:00.000,1.7,221.27,-1.28,-1.12
2026-04-11T02:40:00.000,1.91,168.19,-1.87,0.39
2026-04-11T02:50:00.000,1.37,174.89,-1.36,0.12
2026-04-11T03:00:00.000,3.88,133.81,-2.69,2.8
2026-04-11T03:10:00.000,1.22,144.25,-0.99,0.71
2026-04-11T03:20:00.000,1.37,107.73,-0.42,1.3
2026-04-11T03:30:00.000,0.65,106.83,-0.19,0.62
2026-04-11T03:40:00.000,0.38,61.05,0.18,0.33
2026-04-11T03:50:00.000,2.64,102.12,-0.55,2.58
2026-04-11T04:00:00.000,3.28,52.88,1.98,2.61
2026-04-11T04:10:00.000,0.54,4.43,0.54,0.04
2026-04-11T04:20:00.000,0.25,337.38,0.23,-0.1
2026-04-11T04:30:00.000,0.46,323.64,0.37,-0.27
2026-04-11T04:40:00.000,1.95,45.97,1.36,1.4
2026-04-11T04:50:00.000,0.71,32.38,0.6,0.38
2026-04-11T05:00:00.000,0.76,53.11,0.46,0.61
2026-04-11T05:10:00.000,0.57,13.37,0.55,0.13
2026-04-11T05:20:00.000,0.49,348.11,0.48,-0.1
2026-04-11T05:30:00.000,0.58,344.76,0.56,-0.15
2026-04-11T05:40:00.000,1.14,46.99,0.78,0.83
2026-04-11T05:50:00.000,1.34,116.96,-0.61,1.2
2026-04-11T06:00:00.000,1.74,121.67,-0.91,1.48
2026-04-11T06:10:00.000,0.33,42.73,0.24,0.22
2026-04-11T06:20:00.000,0.65,356.7,0.65,-0.04
2026-04-11T06:30:00.000,0.79,48.36,0.53,0.59
2026-04-11T06:40:00.000,0.96,73.4,0.27,0.92
2026-04-11T06:50:00.000,1.55,23.61,1.42,0.62
2026-04-11T07:00:00.000,0.9,37.91,0.71,0.56
2026-04-11T07:10:00.000,2.93,97.99,-0.41,2.9
2026-04-11T07:20:00.000,1.76,75.19,0.45,1.7
2026-04-11T07:30:00.000,0.24,162.62,-0.23,0.07
2026-04-11T07:40:00.000,0.25,357.02,0.25,-0.01
2026-04-11T07:50:00.000,1.2,8.64,1.19,0.18
2026-04-11T08:00:00.000,2.39,346.29,2.32,-0.57
2026-04-11T08:10:00.000,1.69,339.88,1.58,-0.58
2026-04-11T08:20:00.000,4.17,288.37,1.31,-3.96
2026-04-11T08:30:00.000,1.59,284.46,0.4,-1.54
2026-04-11T08:40:00.000,4.69,256.63,-1.09,-4.57
2026-04-11T08:50:00.000,3.89,248.23,-1.44,-3.62
2026-04-11T09:00:00.000,4.16,244.65,-1.78,-3.76
2026-04-11T09:10:00.000,4.16,241.53,-1.98,-3.65
2026-04-11T09:20:00.000,3.81,245.92,-1.56,-3.48
2026-04-11T09:30:00.000,3.64,221.67,-2.72,-2.42
2026-04-11T09:40:00.000,2.97,236.65,-1.63,-2.48
2026-04-11T09:50:00.000,0.72,226.67,-0.49,-0.52
2026-04-11T10:00:00.000,0.79,249.85,-0.27,-0.74
2026-04-11T10:10:00.000,0.64,285.81,0.17,-0.61
2026-04-11T10:20:00.000,1.31,312.88,0.89,-0.96
2026-04-11T10:30:00.000,3.18,321.74,2.49,-1.97
2026-04-11T10:40:00.000,1.89,293.3,0.75,-1.73
2026-04-11T10:50:00.000,2.36,285.01,0.61,-2.28
2026-04-11T11:00:00.000,1.59,266.96,-0.08,-1.59
2026-04-11T11:10:00.000,1.55,264.18,-0.16,-1.54
2026-04-11T11:20:00.000,3.06,249.85,-1.05,-2.87
2026-04-11T11:30:00.000,2.2,226.02,-1.53,-1.58
2026-04-11T11:40:00.000,2.47,213.6,-2.06,-1.37
2026-04-11T11:50:00.000,1.67,224.51,-1.19,-1.17
2026-04-11T12:00:00.000,2.94,231.97,-1.81,-2.31
2026-04-11T12:10:00.000,1.65,250.09,-0.56,-1.55
2026-04-11T12:20:00.000,1.57,256.27,-0.37,-1.52
2026-04-11T12:30:00.000,1.59,253.2,-0.46,-1.52
2026-04-11T12:40:00.000,1.83,256,-0.44,-1.77
2026-04-11T12:50:00.000,3.04,241.1,-1.47,-2.66
2026-04-11T13:00:00.000,1.84,251.98,-0.57,-1.75
2026-04-11T13:10:00.000,2.62,249.19,-0.93,-2.45
2026-04-11T13:20:00.000,2.21,259.97,-0.39,-2.18
2026-04-11T13:30:00.000,2.87,262.19,-0.39,-2.85
2026-04-11T13:40:00.000,1.47,232.69,-0.89,-1.17
2026-04-11T13:50:00.000,2.35,255.69,-0.58,-2.28
2026-04-11T14:00:00.000,3.49,254.4,-0.94,-3.36
2026-04-11T14:10:00.000,1.55,249.69,-0.54,-1.46
2026-04-11T14:20:00.000,2.06,252.49,-0.62,-1.96
2026-04-11T14:30:00.000,0.91,258.27,-0.19,-0.89
2026-04-11T14:40:00.000,1.29,258.51,-0.26,-1.26
2026-04-11T14:50:00.000,1,259.57,-0.18,-0.99
2026-04-11T15:00:00.000,1.35,270.61,0.01,-1.35
2026-04-11T15:10:00.000,1.33,278.91,0.21,-1.31
2026-04-11T15:20:00.000,0.81,282.5,0.17,-0.79
2026-04-11T15:30:00.000,0.62,281.86,0.13,-0.61
2026-04-11T15:40:00.000,0.62,290.52,0.22,-0.58
2026-04-11T15:50:00.000,0.49,296.78,0.22,-0.43
2026-04-11T16:00:00.000,0.64,332.87,0.57,-0.29
2026-04-11T16:10:00.000,0.71,358.91,0.71,-0.01
2026-04-11T16:20:00.000,0.49,345.03,0.47,-0.13
2026-04-11T16:30:00.000,0.59,340.05,0.55,-0.2
2026-04-11T16:40:00.000,0.45,329.15,0.38,-0.23
2026-04-11T16:50:00.000,0.45,327,0.37,-0.24
2026-04-11T17:00:00.000,0.6,330.08,0.52,-0.3
2026-04-11T17:10:00.000,0.7,329.92,0.6,-0.35
2026-04-11T17:20:00.000,3.14,358.81,3.14,-0.07
2026-04-11T17:30:00.000,3.08,0.71,3.08,0.04
2026-04-11T17:40:00.000,1.65,0.78,1.65,0.02
2026-04-11T17:50:00.000,2.74,3.94,2.73,0.19
2026-04-11T18:00:00.000,1.61,323.91,1.3,-0.95
2026-04-11T18:10:00.000,1.43,353.09,1.42,-0.17
2026-04-11T18:20:00.000,1.57,357.41,1.56,-0.07
2026-04-11T18:30:00.000,1.28,48.61,0.84,0.96
2026-04-11T18:40:00.000,1.3,55.62,0.73,1.07
2026-04-11T18:50:00.000,0.56,86.12,0.04,0.56
2026-04-11T19:00:00.000,1.49,110.11,-0.51,1.4
2026-04-11T19:10:00.000,0.66,110.8,-0.23,0.62
2026-04-11T19:20:00.000,0.66,85.49,0.05,0.66
2026-04-11T19:30:00.000,1.63,101.32,-0.32,1.6
2026-04-11T19:40:00.000,0.04,110.69,-0.01,0.04
2026-04-11T19:50:00.000,2.5,132.9,-1.7,1.83
2026-04-11T20:00:00.000,1.1,176.4,-1.1,0.07
2026-04-11T20:10:00.000,0.86,202.37,-0.79,-0.33
2026-04-11T20:20:00.000,1.78,203.06,-1.64,-0.7
2026-04-11T20:30:00.000,1.39,181.37,-1.39,-0.03
2026-04-11T20:40:00.000,1.45,159.52,-1.36,0.51
2026-04-11T20:50:00.000,1.73,201.56,-1.61,-0.63
2026-04-11T21:00:00.000,1.73,212.02,-1.46,-0.92
2026-04-11T21:10:00.000,1.1,191.07,-1.08,-0.21
2026-04-11T21:20:00.000,0.76,227.53,-0.52,-0.56
2026-04-11T21:30:00.000,0.94,236.19,-0.52,-0.78
2026-04-11T21:40:00.000,0.61,239.45,-0.31,-0.52
2026-04-11T21:50:00.000,1.32,183.58,-1.31,-0.08
2026-04-11T22:00:00.000,0.4,291,0.14,-0.38
2026-04-11T22:10:00.000,0.19,300.24,0.09,-0.16
2026-04-11T22:20:00.000,0.98,227.03,-0.67,-0.72
2026-04-11T22:30:00.000,1.68,212.1,-1.42,-0.89
2026-04-11T22:40:00.000,3.08,230.74,-1.95,-2.38
2026-04-11T22:50:00.000,2.42,204.17,-2.21,-0.99
2026-04-11T23:00:00.000,3.2,217.6,-2.53,-1.95
2026-04-11T23:10:00.000,2.17,188.42,-2.15,-0.32
2026-04-11T23:20:00.000,3.84,212.1,-3.25,-2.04
2026-04-11T23:30:00.000,3.97,221.82,-2.96,-2.65
2026-04-11T23:40:00.000,3.08,232.16,-1.89,-2.43
2026-04-11T23:50:00.000,2.32,228.14,-1.55,-1.73
2026-04-12T00:00:00.000,3.41,227.3,-2.31,-2.5
2026-04-12T00:10:00.000,2.67,219.15,-2.07,-1.69
2026-04-12T00:20:00.000,2.12,227.88,-1.42,-1.57
2026-04-12T00:30:00.000,2.45,212.04,-2.07,-1.3
2026-04-12T00:40:00.000,3.42,203.72,-3.13,-1.37
2026-04-12T00:50:00.000,2.92,206.83,-2.61,-1.32
2026-04-12T01:00:00.000,4.08,202.25,-3.77,-1.54
2026-04-12T01:10:00.000,1.1,214.29,-0.91,-0.62
2026-04-12T01:20:00.000,2.78,224.82,-1.97,-1.96
2026-04-12T01:30:00.000,0.98,260.36,-0.16,-0.97
2026-04-12T01:40:00.000,1.53,229.14,-1,-1.15
2026-04-12T01:50:00.000,1.35,291.11,0.49,-1.26
2026-04-12T02:00:00.000,0.82,283.41,0.19,-0.8
2026-04-12T02:10:00.000,0.92,130.99,-0.61,0.7
2026-04-12T02:20:00.000,1.51,203.85,-1.38,-0.61
2026-04-12T02:30:00.000,3.47,175.77,-3.47,0.26
2026-04-12T02:40:00.000,8.57,184.01,-8.54,-0.6
2026-04-12T02:50:00.000,6.67,170.81,-6.58,1.07
2026-04-12T03:00:00.000,9.66,131.8,-6.44,7.2
2026-04-12T03:10:00.000,2.79,236.46,-1.54,-2.33
2026-04-12T03:20:00.000,9.13,214.48,-7.53,-5.17
2026-04-12T03:30:00.000,16.7,141.3,-13.03,10.44
2026-04-12T03:40:00.000,11.37,204.91,-10.31,-4.79
2026-04-12T03:50:00.000,10.97,123.74,-6.09,9.12
2026-04-12T04:00:00.000,4.49,258.75,-0.88,-4.41
2026-04-12T04:10:00.000,2.76,222.45,-2.03,-1.86
2026-04-12T04:20:00.000,7.05,191.08,-6.92,-1.36
2026-04-12T04:30:00.000,7.71,234.37,-4.49,-6.26
2026-04-12T04:40:00.000,3.57,267.27,-0.17,-3.56
2026-04-12T04:50:00.000,6.29,265.15,-0.53,-6.27
2026-04-12T05:00:00.000,8.18,197.13,-7.82,-2.41
2026-04-12T05:10:00.000,9.88,228.85,-6.5,-7.44
2026-04-12T05:20:00.000,5.47,303.48,3.02,-4.56
2026-04-12T05:30:00.000,7.78,281.15,1.5,-7.63
2026-04-12T05:40:00.000,6.31,286.79,1.82,-6.04
2026-04-12T05:50:00.000,10.33,254.96,-2.68,-9.97
2026-04-12T06:00:00.000,8.24,309.62,5.26,-6.35
2026-04-12T06:10:00.000,5.59,281.41,1.11,-5.48
2026-04-12T06:20:00.000,4.87,278.76,0.74,-4.82
2026-04-12T06:30:00.000,5.68,254.95,-1.47,-5.48
2026-04-12T06:40:00.000,4.2,277.89,0.58,-4.16
2026-04-12T06:50:00.000,4.57,290.26,1.58,-4.29
2026-04-12T07:00:00.000,3.14,310.43,2.03,-2.39
2026-04-12T07:10:00.000,2.92,275.45,0.28,-2.91
2026-04-12T07:20:00.000,4.64,306.22,2.74,-3.74
2026-04-12T07:30:00.000,3.44,293.05,1.35,-3.17
2026-04-12T07:40:00.000,0.4,279.45,0.07,-0.4
2026-04-12T07:50:00.000,3.97,313.49,2.73,-2.88
2026-04-12T08:00:00.000,4.18,278.16,0.59,-4.14
2026-04-12T08:10:00.000,2.08,267.58,-0.09,-2.08
2026-04-12T08:20:00.000,5.69,305.25,3.28,-4.64
2026-04-12T08:30:00.000,12.83,269.8,-0.05,-12.83
2026-04-12T08:40:00.000,4.71,283.37,1.09,-4.58
2026-04-12T08:50:00.000,7.45,321.97,5.87,-4.59
2026-04-12T09:00:00.000,7.72,280.1,1.35,-7.6
2026-04-12T09:10:00.000,4.54,269.37,-0.05,-4.54
2026-04-12T09:20:00.000,5.81,289.1,1.9,-5.49
2026-04-12T09:30:00.000,6.23,287.78,1.9,-5.93
2026-04-12T09:40:00.000,4.07,284.04,0.99,-3.94
2026-04-12T09:50:00.000,4.56,290.94,1.63,-4.26
2026-04-12T10:00:00.000,7.86,298.29,3.72,-6.92
2026-04-12T10:10:00.000,4.66,264.73,-0.43,-4.64
2026-04-12T10:20:00.000,4.66,284.89,1.2,-4.5
2026-04-12T10:30:00.000,6.95,281.28,1.36,-6.82
2026-04-12T10:40:00.000,5.39,290.52,1.89,-5.05
2026-04-12T10:50:00.000,5.93,299.6,2.93,-5.16
2026-04-12T11:00:00.000,10.22,291.7,3.78,-9.5
2026-04-12T11:10:00.000,6,292.52,2.3,-5.54
2026-04-12T11:20:00.000,7.4,322.46,5.87,-4.51
2026-04-12T11:30:00.000,9.09,300.3,4.59,-7.85
2026-04-12T11:40:00.000,7.97,310.48,5.17,-6.06
2026-04-12T11:50:00.000,7.29,295.69,3.16,-6.57
2026-04-12T12:00:00.000,3.95,294.14,1.62,-3.61
2026-04-12T12:10:00.000,4.54,297.6,2.1,-4.03
2026-04-12T12:20:00.000,5.18,284.85,1.33,-5.01
2026-04-12T12:30:00.000,3.62,251.79,-1.13,-3.43
2026-04-12T12:40:00.000,2.06,273.14,0.11,-2.06
2026-04-12T12:50:00.000,4.44,292.73,1.72,-4.1
2026-04-12T13:00:00.000,3.98,278.76,0.61,-3.94
2026-04-12T13:10:00.000,5.95,300.48,3.02,-5.12
2026-04-12T13:20:00.000,6.13,302.1,3.26,-5.19
2026-04-12T13:30:00.000,1.67,305.8,0.98,-1.36
2026-04-12T13:40:00.000,6.62,308.77,4.15,-5.16
2026-04-12T13:50:00.000,5.05,271.79,0.16,-5.04
2026-04-12T14:00:00.000,7.62,309.95,4.89,-5.84
2026-04-12T14:10:00.000,5.98,291.9,2.23,-5.55
2026-04-12T14:20:00.000,4.16,294.27,1.71,-3.79
2026-04-12T14:30:00.000,6.32,295.67,2.74,-5.7
2026-04-12T14:40:00.000,5.77,250.74,-1.9,-5.44
2026-04-12T14:50:00.000,3.95,305.81,2.31,-3.21
2026-04-12T15:00:00.000,4.5,299.91,2.25,-3.9
2026-04-12T15:10:00.000,3.34,295.5,1.44,-3.02
2026-04-12T15:20:00.000,6.23,290.28,2.16,-5.84
2026-04-12T15:30:00.000,6.64,263.24,-0.78,-6.59
2026-04-12T15:40:00.000,5.71,238.28,-3,-4.85
2026-04-12T15:50:00.000,9.25,242.39,-4.29,-8.2
2026-04-12T16:00:00.000,5.67,287.27,1.68,-5.42
2026-04-12T16:10:00.000,2.22,233.62,-1.31,-1.78
2026-04-12T16:20:00.000,3.42,253.93,-0.95,-3.29
2026-04-12T16:30:00.000,5.36,283.49,1.25,-5.22
2026-04-12T16:40:00.000,5.64,250.73,-1.86,-5.33
2026-04-12T16:50:00.000,8.13,259.29,-1.51,-7.99
2026-04-12T17:00:00.000,8.26,269.33,-0.1,-8.26
2026-04-12T17:10:00.000,8.2,277.02,1,-8.14
2026-04-12T17:20:00.000,4.22,240.77,-2.06,-3.68
2026-04-12T17:30:00.000,3.94,305.1,2.27,-3.22
2026-04-12T17:40:00.000,4.44,273.95,0.31,-4.43
2026-04-12T17:50:00.000,8.02,261.13,-1.24,-7.92
2026-04-12T18:00:00.000,3.27,303.07,1.79,-2.74
2026-04-12T18:10:00.000,5.1,296.59,2.28,-4.56
2026-04-12T18:20:00.000,5.35,292.11,2.02,-4.96
2026-04-12T18:30:00.000,5.52,298.53,2.63,-4.85
2026-04-12T18:40:00.000,5.51,290.38,1.92,-5.17
2026-04-12T18:50:00.000,3.97,303.37,2.18,-3.32
2026-04-12T19:00:00.000,4.89,291.47,1.79,-4.55
2026-04-12T19:10:00.000,4.87,288.74,1.57,-4.61
2026-04-12T19:20:00.000,5.53,282.15,1.16,-5.41
2026-04-12T19:30:00.000,3.87,283.63,0.91,-3.76
2026-04-12T19:40:00.000,4.31,280.29,0.77,-4.24
2026-04-12T19:50:00.000,4.5,292.49,1.72,-4.15
2026-04-12T20:00:00.000,3.4,283.98,0.82,-3.3
2026-04-12T20:10:00.000,3.96,276.8,0.47,-3.94
2026-04-12T20:20:00.000,4.45,256.98,-1,-4.34
2026-04-12T20:30:00.000,3.36,245.51,-1.39,-3.05
2026-04-12T20:40:00.000,3.99,290.35,1.39,-3.74
2026-04-12T20:50:00.000,7.5,278.92,1.16,-7.41
2026-04-12T21:00:00.000,7.07,271.07,0.13,-7.07
2026-04-12T21:10:00.000,6.55,282.24,1.39,-6.4
2026-04-12T21:20:00.000,5.03,256.37,-1.19,-4.89
2026-04-12T21:30:00.000,4.63,217.39,-3.68,-2.81
2026-04-12T21:40:00.000,4.53,307.56,2.76,-3.59
2026-04-12T21:50:00.000,6.99,275.53,0.67,-6.95
2026-04-12T22:00:00.000,5.39,248.91,-1.94,-5.03
2026-04-12T22:10:00.000,7.41,260.9,-1.17,-7.31
2026-04-12T22:20:00.000,4.74,305.01,2.72,-3.88
2026-04-12T22:30:00.000,9.73,220.7,-7.37,-6.34
2026-04-12T22:40:00.000,3.45,257.72,-0.73,-3.37
2026-04-12T22:50:00.000,8.25,285.24,2.17,-7.96
2026-04-12T23:00:00.000,4.36,252.15,-1.34,-4.15
2026-04-12T23:10:00.000,10.06,260.2,-1.71,-9.92
2026-04-12T23:20:00.000,12.03,249.92,-4.13,-11.3
2026-04-12T23:30:00.000,8.03,262.25,-1.08,-7.95
2026-04-12T23:40:00.000,5.44,263.01,-0.66,-5.4
2026-04-12T23:50:00.000,6.12,243.57,-2.73,-5.48
2026-04-13T00:00:00.000,6.38,261,-1,-6.3
2026-04-13T00:10:00.000,6.83,253.35,-1.96,-6.54
2026-04-13T00:20:00.000,7.41,269.32,-0.09,-7.41
2026-04-13T00:30:00.000,3.12,244.22,-1.36,-2.81
2026-04-13T00:40:00.000,3.46,319.11,2.62,-2.27
2026-04-13T00:50:00.000,3.83,261.64,-0.56,-3.79
2026-04-13T01:00:00.000,3.87,218.05,-3.05,-2.38
2026-04-13T01:10:00.000,6.91,203.53,-6.33,-2.76
2026-04-13T01:20:00.000,0.55,286.93,0.16,-0.53
2026-04-13T01:30:00.000,1.45,255.04,-0.37,-1.4
2026-04-13T01:40:00.000,2.46,244.34,-1.06,-2.22
2026-04-13T01:50:00.000,3.3,242.6,-1.52,-2.93
2026-04-13T02:00:00.000,2.5,292,0.94,-2.31
2026-04-13T02:10:00.000,1.38,246.51,-0.55,-1.27
2026-04-13T02:20:00.000,1.81,278.42,0.26,-1.79
2026-04-13T02:30:00.000,3.05,309.5,1.94,-2.35
2026-04-13T02:40:00.000,2.08,291.55,0.77,-1.94
2026-04-13T02:50:00.000,2.15,293.05,0.84,-1.97
2026-04-13T03:00:00.000,1.45,256.52,-0.34,-1.41
2026-04-13T03:10:00.000,4.65,320.48,3.59,-2.96
2026-04-13T03:20:00.000,3.14,293.9,1.27,-2.87
2026-04-13T03:30:00.000,2.16,288.99,0.7,-2.04
2026-04-13T03:40:00.000,3.04,260.34,-0.51,-3
2026-04-13T03:50:00.000,3.87,265.62,-0.3,-3.86
2026-04-13T04:00:00.000,4.18,241.89,-1.97,-3.69
2026-04-13T04:10:00.000,5.9,230.16,-3.78,-4.53
2026-04-13T04:20:00.000,4.59,221.61,-3.43,-3.05
2026-04-13T04:30:00.000,2.88,249.98,-0.99,-2.71
2026-04-13T04:40:00.000,2.76,243.84,-1.22,-2.48
2026-04-13T04:50:00.000,1.74,255.99,-0.42,-1.69
2026-04-13T05:00:00.000,1.15,260.74,-0.19,-1.14
2026-04-13T05:10:00.000,1.36,287.79,0.42,-1.3
2026-04-13T05:20:00.000,0.84,290.35,0.29,-0.78
2026-04-13T05:30:00.000,0.65,290.63,0.23,-0.61
2026-04-13T05:40:00.000,1.34,280.83,0.25,-1.31
2026-04-13T05:50:00.000,2.17,292.29,0.82,-2.01
2026-04-13T06:00:00.000,3.87,314.36,2.71,-2.77
2026-04-13T06:10:00.000,4.01,301.51,2.1,-3.42
2026-04-13T06:20:00.000,3.44,295.79,1.5,-3.1
2026-04-13T06:30:00.000,2.4,299.82,1.2,-2.09
2026-04-13T06:40:00.000,4.02,299.62,1.99,-3.49
2026-04-13T06:50:00.000,3.84,297.13,1.75,-3.42
2026-04-13T07:00:00.000,2.02,284.48,0.51,-1.96
2026-04-13T07:10:00.000,2.73,297.57,1.26,-2.42
2026-04-13T07:20:00.000,1.81,285.47,0.48,-1.74
2026-04-13T07:30:00.000,2.24,287.24,0.66,-2.13
2026-04-13T07:40:00.000,1.01,282.24,0.21,-0.99
2026-04-13T07:50:00.000,3.5,267.19,-0.17,-3.49
2026-04-13T08:00:00.000,1.61,254.73,-0.42,-1.55
2026-04-13T08:10:00.000,2.48,246.2,-1,-2.27
2026-04-13T08:20:00.000,1.35,269.01,-0.02,-1.35
2026-04-13T08:30:00.000,1.89,291.79,0.7,-1.75
2026-04-13T08:40:00.000,2.03,304.61,1.15,-1.67
2026-04-13T08:50:00.000,1.84,313.15,1.26,-1.35
2026-04-13T09:00:00.000,1.56,296.35,0.69,-1.4
2026-04-13T09:10:00.000,1.52,307.61,0.93,-1.2
2026-04-13T09:20:00.000,2.41,286.85,0.7,-2.3
2026-04-13T09:30:00.000,2.54,272.19,0.1,-2.54
2026-04-13T09:40:00.000,3.64,267.92,-0.13,-3.64
2026-04-13T09:50:00.000,4.46,256.87,-1.01,-4.34
2026-04-13T10:00:00.000,3.41,235,-1.95,-2.79
2026-04-13T10:10:00.000,2.5,255.43,-0.63,-2.42
2026-04-13T10:20:00.000,3.02,269.81,-0.01,-3.02
2026-04-13T10:30:00.000,3.55,265.55,-0.28,-3.54
2026-04-13T10:40:00.000,2.29,231.31,-1.43,-1.79
2026-04-13T10:50:00.000,3.53,247.83,-1.33,-3.27
2026-04-13T11:00:00.000,4.78,250.41,-1.6,-4.5
2026-04-13T11:10:00.000,2.05,252.05,-0.63,-1.95
2026-04-13T11:20:00.000,2.86,285.41,0.76,-2.76
2026-04-13T11:30:00.000,1.59,274.33,0.12,-1.59
