time,temp - depth 100,temp - depth 99,temp - depth 97,temp - depth 95,temp - depth 85,Station
23/02/2026 16:00,21.83754729,32.31831652,22.6529319,26.65677805,22.34523959,Out
23/02/2026 16:10,21.23754729,22.21831652,21.8529319,21.35677805,22.34523959,Out
23/02/2026 16:20,21.23754729,22.11831652,21.7529319,21.15677805,22.34523959,Out
23/02/2026 16:30,21.23754729,22.11831652,21.8529319,21.15677805,22.24523959,Out
23/02/2026 16:40,21.23754729,22.11831652,21.8529319,21.15677805,22.34523959,Out
23/02/2026 16:50,21.23754729,22.11831652,21.7529319,21.15677805,22.34523959,Out
23/02/2026 17:00,21.23754729,22.11831652,21.8529319,21.15677805,22.34523959,Out
23/02/2026 17:10,21.23754729,22.11831652,21.8529319,21.15677805,22.24523959,Out
23/02/2026 17:20,21.23754729,22.11831652,21.7529319,21.15677805,22.34523959,Out
23/02/2026 17:30,21.23754729,22.11831652,21.8529319,21.15677805,22.34523959,Out
23/02/2026 17:40,21.23754729,22.11831652,21.8529319,21.15677805,22.34523959,Out
23/02/2026 17:50,21.23754729,22.21831652,21.8529319,21.15677805,22.34523959,Out
23/02/2026 18:00,21.23754729,22.11831652,21.8529319,21.15677805,22.34523959,Out
23/02/2026 18:10,21.23754729,22.11831652,21.8529319,21.15677805,22.24523959,Out
23/02/2026 18:20,21.23754729,22.11831652,21.8529319,21.15677805,22.34523959,Out
23/02/2026 18:30,21.23754729,22.11831652,21.8529319,21.15677805,22.34523959,Out
23/02/2026 18:40,21.23754729,22.11831652,21.7529319,21.15677805,22.34523959,Out
23/02/2026 18:50,21.23754729,22.11831652,21.8529319,21.15677805,22.34523959,Out
23/02/2026 19:00,21.23754729,22.11831652,21.8529319,21.15677805,22.44523959,Out
23/02/2026 19:10,21.23754729,22.11831652,21.8529319,21.15677805,22.34523959,Out
23/02/2026 19:20,21.23754729,22.11831652,21.8529319,21.15677805,22.34523959,Out
23/02/2026 19:30,21.33754729,22.11831652,21.8529319,21.15677805,22.34523959,Out
23/02/2026 19:40,21.23754729,22.11831652,21.8529319,21.15677805,22.34523959,Out
23/02/2026 19:50,21.23754729,22.21831652,21.8529319,21.15677805,22.34523959,Out
23/02/2026 20:00,21.23754729,22.11831652,21.8529319,21.15677805,22.34523959,Out
23/02/2026 20:10,21.23754729,22.21831652,21.7529319,21.15677805,22.34523959,Out
23/02/2026 20:20,21.23754729,22.21831652,21.8529319,21.15677805,22.34523959,Out
23/02/2026 20:30,21.23754729,22.21831652,21.8529319,21.35677805,22.34523959,Out
23/02/2026 20:40,21.33754729,22.11831652,21.8529319,21.15677805,22.34523959,Out
23/02/2026 20:50,21.23754729,22.11831652,21.8529319,21.15677805,22.34523959,Out
23/02/2026 21:00,21.23754729,22.21831652,21.8529319,21.15677805,22.34523959,Out
23/02/2026 21:10,21.23754729,22.11831652,21.8529319,21.15677805,22.34523959,Out
23/02/2026 21:20,21.23754729,22.11831652,21.8529319,21.15677805,22.34523959,Out
23/02/2026 21:30,21.23754729,22.11831652,21.8529319,21.15677805,22.34523959,Out
23/02/2026 21:40,21.23754729,22.21831652,21.8529319,21.15677805,22.34523959,Out
23/02/2026 21:50,21.23754729,22.21831652,21.8529319,21.35677805,22.34523959,Out
23/02/2026 22:00,21.23754729,22.21831652,21.8529319,21.35677805,22.34523959,Out
23/02/2026 22:10,21.23754729,22.21831652,21.8529319,21.15677805,22.34523959,Out
23/02/2026 22:20,21.23754729,22.21831652,21.8529319,21.35677805,22.34523959,Out
23/02/2026 22:30,21.23754729,22.11831652,21.7529319,21.15677805,22.34523959,Out
23/02/2026 22:40,21.23754729,22.11831652,21.8529319,21.15677805,22.34523959,Out
23/02/2026 22:50,21.23754729,22.21831652,21.8529319,21.35677805,22.34523959,Out
23/02/2026 23:00,21.33754729,22.21831652,21.8529319,21.15677805,22.34523959,Out
23/02/2026 23:10,21.33754729,22.21831652,21.8529319,21.35677805,22.34523959,Out
23/02/2026 23:20,21.23754729,22.11831652,21.8529319,21.15677805,22.24523959,Out
23/02/2026 23:30,21.23754729,22.21831652,21.8529319,21.35677805,22.34523959,Out
23/02/2026 23:40,21.23754729,22.21831652,21.8529319,21.35677805,22.34523959,Out
23/02/2026 23:50,21.33754729,22.11831652,21.8529319,21.35677805,22.34523959,Out
24/02/2026 00:00,21.23754729,22.21831652,21.8529319,21.15677805,22.24523959,Out
24/02/2026 00:10,21.23754729,22.11831652,21.8529319,21.15677805,22.34523959,Out
24/02/2026 00:20,21.23754729,22.21831652,21.8529319,21.15677805,22.34523959,Out
24/02/2026 00:30,21.33754729,22.11831652,21.8529319,21.35677805,22.34523959,Out
24/02/2026 00:40,21.33754729,22.21831652,21.8529319,21.15677805,22.34523959,Out
24/02/2026 00:50,21.23754729,22.21831652,21.8529319,21.35677805,22.34523959,Out
24/02/2026 01:00,21.33754729,22.21831652,21.8529319,21.35677805,22.34523959,Out
24/02/2026 01:10,21.23754729,22.11831652,21.8529319,21.35677805,22.34523959,Out
24/02/2026 01:20,21.23754729,22.21831652,21.8529319,21.35677805,22.34523959,Out
24/02/2026 01:30,21.23754729,22.21831652,21.8529319,21.15677805,22.34523959,Out
24/02/2026 01:40,21.23754729,22.21831652,21.8529319,21.15677805,22.34523959,Out
24/02/2026 01:50,21.23754729,22.21831652,21.8529319,21.35677805,22.34523959,Out
24/02/2026 02:00,21.23754729,22.21831652,21.7529319,21.15677805,22.34523959,Out
24/02/2026 02:10,21.23754729,22.21831652,21.8529319,21.15677805,22.34523959,Out
24/02/2026 02:20,21.23754729,22.21831652,21.8529319,21.15677805,22.34523959,Out
24/02/2026 02:30,21.23754729,22.11831652,21.8529319,21.15677805,22.24523959,Out
24/02/2026 02:40,21.23754729,22.11831652,21.8529319,21.15677805,22.34523959,Out
24/02/2026 02:50,21.23754729,22.11831652,21.8529319,21.35677805,22.34523959,Out
24/02/2026 03:00,21.23754729,22.11831652,21.8529319,21.15677805,22.34523959,Out
24/02/2026 03:10,21.23754729,22.21831652,21.8529319,21.35677805,22.24523959,Out
24/02/2026 03:20,21.33754729,22.11831652,21.7529319,21.35677805,22.34523959,Out
24/02/2026 03:30,21.23754729,22.11831652,21.8529319,21.35677805,22.24523959,Out
24/02/2026 03:40,21.23754729,22.21831652,21.7529319,21.15677805,22.34523959,Out
24/02/2026 03:50,21.23754729,22.11831652,21.7529319,21.15677805,22.34523959,Out
24/02/2026 04:00,21.23754729,22.21831652,21.8529319,21.15677805,22.24523959,Out
24/02/2026 04:10,21.33754729,22.11831652,21.8529319,21.15677805,22.34523959,Out
24/02/2026 04:20,21.23754729,22.21831652,21.8529319,21.15677805,22.24523959,Out
24/02/2026 04:30,21.33754729,22.11831652,21.8529319,21.15677805,22.34523959,Out
24/02/2026 04:40,21.23754729,22.11831652,21.8529319,21.15677805,22.34523959,Out
24/02/2026 04:50,21.33754729,22.11831652,21.8529319,21.15677805,22.34523959,Out
24/02/2026 05:00,21.23754729,22.11831652,21.8529319,21.35677805,22.34523959,Out
24/02/2026 05:10,21.23754729,22.11831652,21.8529319,21.35677805,22.24523959,Out
24/02/2026 05:20,21.23754729,22.21831652,21.8529319,21.15677805,22.24523959,Out
24/02/2026 05:30,21.23754729,22.11831652,21.8529319,21.15677805,22.24523959,Out
24/02/2026 05:40,21.23754729,22.11831652,21.8529319,21.15677805,22.34523959,Out
24/02/2026 05:50,21.23754729,22.11831652,21.8529319,21.15677805,22.34523959,Out
24/02/2026 06:00,21.23754729,22.21831652,21.8529319,21.35677805,22.34523959,Out
24/02/2026 06:10,21.23754729,22.21831652,21.8529319,21.15677805,22.34523959,Out
24/02/2026 06:20,21.23754729,22.11831652,21.8529319,21.15677805,22.34523959,Out
24/02/2026 06:30,21.23754729,22.21831652,21.8529319,21.15677805,22.24523959,Out
24/02/2026 06:40,21.13754729,22.11831652,21.8529319,21.15677805,22.24523959,Out
24/02/2026 06:50,21.23754729,22.11831652,21.8529319,21.15677805,22.24523959,Out
24/02/2026 07:00,21.23754729,22.11831652,21.8529319,21.35677805,22.24523959,Out
24/02/2026 07:10,21.23754729,22.21831652,21.8529319,21.15677805,22.34523959,Out
24/02/2026 07:20,21.33754729,22.21831652,21.8529319,21.15677805,22.34523959,Out
24/02/2026 07:30,21.23754729,22.11831652,21.8529319,21.15677805,22.34523959,Out
24/02/2026 07:40,21.23754729,22.11831652,21.8529319,21.15677805,22.34523959,Out
24/02/2026 07:50,21.23754729,22.21831652,21.8529319,21.15677805,22.24523959,Out
24/02/2026 08:00,21.23754729,22.11831652,21.8529319,21.15677805,22.34523959,Out
24/02/2026 08:10,21.23754729,22.11831652,21.8529319,21.15677805,22.24523959,Out
24/02/2026 08:20,21.23754729,22.21831652,21.8529319,21.15677805,22.24523959,Out
24/02/2026 08:30,21.23754729,22.11831652,21.8529319,21.15677805,22.24523959,Out
24/02/2026 08:40,21.23754729,22.11831652,21.8529319,21.15677805,22.34523959,Out
24/02/2026 08:50,21.23754729,22.21831652,21.8529319,21.15677805,22.34523959,Out
24/02/2026 09:00,21.23754729,22.11831652,21.7529319,21.15677805,22.24523959,Out
24/02/2026 09:10,21.23754729,22.11831652,21.8529319,21.35677805,22.24523959,Out
24/02/2026 09:20,21.23754729,22.11831652,21.8529319,21.15677805,22.24523959,Out
24/02/2026 09:30,21.23754729,22.11831652,21.8529319,21.15677805,22.34523959,Out
24/02/2026 09:40,21.23754729,22.11831652,21.8529319,21.15677805,22.34523959,Out
24/02/2026 09:50,21.23754729,22.21831652,21.8529319,21.15677805,22.24523959,Out
24/02/2026 10:00,21.23754729,22.21831652,21.8529319,21.15677805,22.34523959,Out
24/02/2026 10:10,21.23754729,22.11831652,21.8529319,21.15677805,22.34523959,Out
24/02/2026 10:20,21.33754729,22.11831652,21.7529319,21.15677805,22.24523959,Out
24/02/2026 10:30,21.23754729,22.11831652,21.8529319,21.15677805,22.24523959,Out
24/02/2026 10:40,21.23754729,22.21831652,21.8529319,21.15677805,22.34523959,Out
24/02/2026 10:50,21.23754729,22.11831652,21.8529319,21.15677805,22.34523959,Out
24/02/2026 11:00,21.23754729,22.11831652,21.8529319,21.15677805,22.24523959,Out
24/02/2026 11:10,21.23754729,22.11831652,21.8529319,21.15677805,22.24523959,Out
24/02/2026 11:20,21.23754729,22.11831652,21.7529319,21.15677805,22.24523959,Out
24/02/2026 11:30,21.23754729,22.11831652,21.7529319,21.15677805,22.24523959,Out
24/02/2026 11:40,21.23754729,22.11831652,21.7529319,21.15677805,22.34523959,Out
24/02/2026 11:50,21.13754729,22.11831652,21.7529319,21.05677805,22.24523959,Out
24/02/2026 12:00,21.13754729,22.01831652,21.7529319,21.15677805,22.24523959,Out
24/02/2026 12:10,21.13754729,22.11831652,21.7529319,21.05677805,22.34523959,Out
24/02/2026 12:20,21.13754729,22.11831652,21.8529319,21.15677805,22.34523959,Out
24/02/2026 12:30,21.13754729,22.11831652,21.7529319,21.15677805,22.34523959,Out
24/02/2026 12:40,21.13754729,22.11831652,21.7529319,21.15677805,22.24523959,Out
24/02/2026 12:50,21.13754729,22.11831652,21.7529319,21.15677805,22.34523959,Out
24/02/2026 13:00,21.23754729,22.11831652,21.7529319,21.15677805,22.24523959,Out
24/02/2026 13:10,21.23754729,22.11831652,21.7529319,21.15677805,22.24523959,Out
24/02/2026 13:20,21.13754729,22.01831652,21.7529319,21.15677805,22.24523959,Out
24/02/2026 13:30,21.13754729,22.01831652,21.7529319,21.05677805,22.34523959,Out
24/02/2026 13:40,21.13754729,22.01831652,21.7529319,21.05677805,22.24523959,Out
24/02/2026 13:50,21.13754729,22.01831652,21.7529319,21.15677805,22.24523959,Out
24/02/2026 14:00,21.23754729,22.11831652,21.6529319,21.15677805,22.34523959,Out
24/02/2026 14:10,21.13754729,22.01831652,21.7529319,21.05677805,22.34523959,Out
24/02/2026 14:20,21.13754729,22.01831652,21.7529319,21.05677805,22.34523959,Out
24/02/2026 14:30,21.13754729,22.01831652,21.7529319,21.05677805,22.24523959,Out
24/02/2026 14:40,21.13754729,22.01831652,21.7529319,21.15677805,22.34523959,Out
24/02/2026 14:50,21.13754729,22.01831652,21.7529319,21.05677805,22.24523959,Out
24/02/2026 15:00,21.13754729,22.01831652,21.7529319,21.05677805,22.24523959,Out
24/02/2026 15:10,21.13754729,22.01831652,21.7529319,21.05677805,22.24523959,Out
24/02/2026 15:20,21.13754729,22.01831652,21.7529319,21.05677805,22.24523959,Out
24/02/2026 15:30,21.13754729,22.01831652,21.7529319,21.15677805,22.34523959,Out
24/02/2026 15:40,21.13754729,22.11831652,21.7529319,21.15677805,22.34523959,Out
24/02/2026 15:50,21.13754729,22.11831652,21.7529319,21.15677805,22.34523959,Out
24/02/2026 16:00,21.13754729,22.11831652,21.7529319,21.05677805,22.24523959,Out
24/02/2026 16:10,21.13754729,22.11831652,21.7529319,21.15677805,22.24523959,Out
24/02/2026 16:20,21.23754729,22.01831652,21.7529319,21.15677805,22.24523959,Out
24/02/2026 16:30,21.13754729,22.11831652,21.7529319,21.15677805,22.34523959,Out
24/02/2026 16:40,21.23754729,22.11831652,21.7529319,21.05677805,22.24523959,Out
24/02/2026 16:50,21.13754729,22.11831652,21.7529319,21.05677805,22.24523959,Out
24/02/2026 17:00,21.13754729,22.11831652,21.7529319,21.15677805,22.34523959,Out
24/02/2026 17:10,21.23754729,22.01831652,21.7529319,21.15677805,22.24523959,Out
24/02/2026 17:20,21.13754729,22.11831652,21.7529319,21.15677805,22.34523959,Out
24/02/2026 17:30,21.23754729,22.11831652,21.7529319,21.15677805,22.24523959,Out
24/02/2026 17:40,21.23754729,22.11831652,21.7529319,21.05677805,22.24523959,Out
24/02/2026 17:50,21.23754729,22.11831652,21.8529319,21.15677805,22.24523959,Out
24/02/2026 18:00,21.23754729,22.11831652,21.8529319,21.15677805,22.24523959,Out
24/02/2026 18:10,21.23754729,22.11831652,21.7529319,21.15677805,22.24523959,Out
24/02/2026 18:20,21.23754729,22.11831652,21.7529319,21.15677805,22.34523959,Out
24/02/2026 18:30,21.23754729,22.11831652,21.7529319,21.15677805,22.24523959,Out
24/02/2026 18:40,21.23754729,22.11831652,21.7529319,21.15677805,22.24523959,Out
24/02/2026 18:50,21.23754729,22.11831652,21.8529319,21.15677805,22.24523959,Out
24/02/2026 19:00,21.23754729,22.11831652,21.7529319,21.15677805,22.24523959,Out
24/02/2026 19:10,21.23754729,22.11831652,21.8529319,21.15677805,22.24523959,Out
24/02/2026 19:20,21.23754729,22.11831652,21.8529319,21.15677805,22.24523959,Out
24/02/2026 19:30,21.23754729,22.21831652,21.8529319,21.15677805,22.24523959,Out
24/02/2026 19:40,21.23754729,22.11831652,21.7529319,21.15677805,22.24523959,Out
24/02/2026 19:50,21.23754729,22.21831652,21.8529319,21.15677805,22.34523959,Out
24/02/2026 20:00,21.23754729,22.11831652,21.8529319,21.15677805,22.34523959,Out
24/02/2026 20:10,21.23754729,22.11831652,21.8529319,21.15677805,22.24523959,Out
24/02/2026 20:20,21.23754729,22.11831652,21.8529319,21.15677805,22.24523959,Out
24/02/2026 20:30,21.23754729,22.11831652,21.7529319,21.15677805,22.24523959,Out
24/02/2026 20:40,21.23754729,22.11831652,21.8529319,21.15677805,22.34523959,Out
24/02/2026 20:50,21.23754729,22.11831652,21.8529319,21.15677805,22.34523959,Out
24/02/2026 21:00,21.23754729,22.11831652,21.8529319,21.15677805,22.34523959,Out
24/02/2026 21:10,21.23754729,22.11831652,21.8529319,21.15677805,22.34523959,Out
24/02/2026 21:20,21.23754729,22.21831652,21.8529319,21.15677805,22.24523959,Out
24/02/2026 21:30,21.23754729,22.11831652,21.7529319,21.15677805,22.24523959,Out
24/02/2026 21:40,21.23754729,22.21831652,21.8529319,21.15677805,22.34523959,Out
24/02/2026 21:50,21.23754729,22.11831652,21.8529319,21.15677805,22.34523959,Out
24/02/2026 22:00,21.23754729,22.21831652,21.8529319,21.15677805,22.24523959,Out
24/02/2026 22:10,21.23754729,22.21831652,21.8529319,21.15677805,22.34523959,Out
24/02/2026 22:20,21.23754729,22.21831652,21.7529319,21.15677805,22.24523959,Out
24/02/2026 22:30,21.23754729,22.11831652,21.8529319,21.15677805,22.34523959,Out
24/02/2026 22:40,21.23754729,22.11831652,21.8529319,21.15677805,22.24523959,Out
24/02/2026 22:50,21.13754729,22.11831652,21.8529319,21.15677805,22.24523959,Out
24/02/2026 23:00,21.23754729,22.21831652,21.8529319,21.15677805,22.24523959,Out
24/02/2026 23:10,21.23754729,22.21831652,21.8529319,21.15677805,22.34523959,Out
24/02/2026 23:20,21.23754729,22.11831652,21.8529319,21.15677805,22.24523959,Out
24/02/2026 23:30,21.33754729,22.21831652,21.7529319,21.15677805,22.34523959,Out
24/02/2026 23:40,21.33754729,22.11831652,21.8529319,21.15677805,22.34523959,Out
24/02/2026 23:50,21.23754729,22.11831652,21.7529319,21.15677805,22.34523959,Out
25/02/2026 00:00,21.23754729,22.11831652,21.7529319,21.15677805,22.34523959,Out
25/02/2026 00:10,21.23754729,22.11831652,21.8529319,21.15677805,22.34523959,Out
25/02/2026 00:20,21.23754729,22.11831652,21.8529319,21.15677805,22.34523959,Out
25/02/2026 00:30,21.23754729,22.11831652,21.8529319,21.15677805,22.34523959,Out
25/02/2026 00:40,21.23754729,22.21831652,21.8529319,21.35677805,22.34523959,Out
25/02/2026 00:50,21.23754729,22.11831652,21.8529319,21.15677805,22.34523959,Out
25/02/2026 01:00,21.23754729,22.21831652,21.8529319,21.35677805,22.34523959,Out
25/02/2026 01:10,21.33754729,22.11831652,21.7529319,21.35677805,22.24523959,Out
25/02/2026 01:20,21.23754729,22.11831652,21.8529319,21.15677805,22.24523959,Out
25/02/2026 01:30,21.23754729,22.21831652,21.8529319,21.15677805,22.34523959,Out
25/02/2026 01:40,21.23754729,22.11831652,21.8529319,21.15677805,22.34523959,Out
25/02/2026 01:50,21.23754729,22.11831652,21.8529319,21.15677805,22.24523959,Out
25/02/2026 02:00,21.23754729,22.21831652,21.8529319,21.15677805,22.24523959,Out
25/02/2026 02:10,21.23754729,22.11831652,21.8529319,21.35677805,22.34523959,Out
25/02/2026 02:20,21.23754729,22.11831652,21.8529319,21.15677805,22.34523959,Out
25/02/2026 02:30,21.23754729,22.11831652,21.8529319,21.15677805,22.34523959,Out
25/02/2026 02:40,21.23754729,22.11831652,21.8529319,21.35677805,22.24523959,Out
25/02/2026 02:50,21.23754729,22.11831652,21.8529319,21.15677805,22.34523959,Out
25/02/2026 03:00,21.23754729,22.11831652,21.8529319,21.15677805,22.24523959,Out
25/02/2026 03:10,21.23754729,22.11831652,21.8529319,21.15677805,22.34523959,Out
25/02/2026 03:20,21.23754729,22.11831652,21.7529319,21.15677805,22.24523959,Out
25/02/2026 03:30,21.23754729,22.21831652,21.8529319,21.15677805,22.24523959,Out
25/02/2026 03:40,21.23754729,22.21831652,21.8529319,21.15677805,22.24523959,Out
25/02/2026 03:50,21.33754729,22.21831652,21.8529319,21.15677805,22.24523959,Out
25/02/2026 04:00,21.23754729,22.21831652,21.7529319,21.15677805,22.24523959,Out
25/02/2026 04:10,21.23754729,22.11831652,21.8529319,21.15677805,22.24523959,Out
25/02/2026 04:20,21.23754729,22.11831652,21.8529319,21.15677805,22.24523959,Out
25/02/2026 04:30,21.33754729,22.11831652,21.8529319,21.15677805,22.24523959,Out
25/02/2026 04:40,21.33754729,22.21831652,21.8529319,21.15677805,22.34523959,Out
25/02/2026 04:50,21.23754729,22.11831652,21.8529319,21.15677805,22.24523959,Out
25/02/2026 05:00,21.23754729,22.11831652,21.8529319,21.15677805,22.34523959,Out
25/02/2026 05:10,21.23754729,22.11831652,21.8529319,21.15677805,22.34523959,Out
25/02/2026 05:20,21.23754729,22.21831652,21.8529319,21.15677805,22.34523959,Out
25/02/2026 05:30,21.23754729,22.21831652,21.8529319,21.15677805,22.24523959,Out
25/02/2026 05:40,21.23754729,22.21831652,21.8529319,21.35677805,22.24523959,Out
25/02/2026 05:50,21.23754729,22.11831652,21.8529319,21.15677805,22.34523959,Out
25/02/2026 06:00,21.23754729,22.21831652,21.8529319,21.15677805,22.24523959,Out
25/02/2026 06:10,21.23754729,22.21831652,21.8529319,21.15677805,22.34523959,Out
25/02/2026 06:20,21.23754729,22.11831652,21.8529319,21.15677805,22.24523959,Out
25/02/2026 06:30,21.23754729,22.11831652,21.8529319,21.15677805,22.24523959,Out
25/02/2026 06:40,21.23754729,22.11831652,21.8529319,21.15677805,22.34523959,Out
25/02/2026 06:50,21.23754729,22.21831652,21.8529319,21.15677805,22.24523959,Out
25/02/2026 07:00,21.23754729,22.21831652,21.8529319,21.15677805,22.24523959,Out
25/02/2026 07:10,21.23754729,22.11831652,21.8529319,21.15677805,22.34523959,Out
25/02/2026 07:20,21.23754729,22.21831652,21.8529319,21.15677805,22.34523959,Out
25/02/2026 07:30,21.23754729,22.11831652,21.8529319,21.15677805,22.24523959,Out
25/02/2026 07:40,21.23754729,22.11831652,21.8529319,21.15677805,22.34523959,Out
25/02/2026 07:50,21.23754729,22.21831652,21.8529319,21.05677805,22.34523959,Out
25/02/2026 08:00,21.23754729,22.11831652,21.8529319,21.35677805,22.24523959,Out
25/02/2026 08:10,21.23754729,22.21831652,21.8529319,21.15677805,22.24523959,Out
25/02/2026 08:20,21.23754729,22.11831652,21.8529319,21.15677805,22.34523959,Out
25/02/2026 08:30,21.23754729,22.11831652,21.8529319,21.15677805,22.24523959,Out
25/02/2026 08:40,21.23754729,22.21831652,21.8529319,21.15677805,22.24523959,Out
25/02/2026 08:50,21.23754729,22.21831652,21.8529319,21.15677805,22.34523959,Out
25/02/2026 09:00,21.23754729,22.11831652,21.8529319,21.15677805,22.24523959,Out
25/02/2026 09:10,21.13754729,22.11831652,21.8529319,21.15677805,22.34523959,Out
25/02/2026 09:20,21.23754729,22.11831652,21.8529319,21.15677805,22.34523959,Out
25/02/2026 09:30,21.23754729,22.11831652,21.8529319,21.15677805,22.24523959,Out
25/02/2026 09:40,21.23754729,22.11831652,21.7529319,21.15677805,22.24523959,Out
25/02/2026 09:50,21.23754729,22.11831652,21.8529319,21.15677805,22.24523959,Out
25/02/2026 10:00,21.23754729,22.11831652,21.8529319,21.15677805,22.34523959,Out
25/02/2026 10:10,21.23754729,22.11831652,21.7529319,21.15677805,22.34523959,Out
25/02/2026 10:20,21.23754729,22.11831652,21.8529319,21.15677805,22.24523959,Out
25/02/2026 10:30,21.23754729,22.11831652,21.8529319,21.15677805,22.24523959,Out
25/02/2026 10:40,21.23754729,22.11831652,21.8529319,21.15677805,22.24523959,Out
25/02/2026 10:50,21.23754729,22.11831652,21.8529319,21.15677805,22.24523959,Out
25/02/2026 11:00,21.23754729,22.11831652,21.8529319,21.15677805,22.24523959,Out
25/02/2026 11:10,21.23754729,22.11831652,21.7529319,21.15677805,22.24523959,Out
25/02/2026 11:20,21.13754729,22.11831652,21.8529319,21.15677805,22.24523959,Out
25/02/2026 11:30,21.13754729,22.11831652,21.7529319,21.15677805,22.24523959,Out
25/02/2026 11:40,21.23754729,22.11831652,21.8529319,21.15677805,22.24523959,Out
25/02/2026 11:50,21.13754729,22.11831652,21.7529319,21.05677805,22.24523959,Out
25/02/2026 12:00,21.23754729,22.11831652,21.7529319,21.05677805,22.24523959,Out
25/02/2026 12:10,21.23754729,22.11831652,21.7529319,21.15677805,22.34523959,Out
25/02/2026 12:20,21.23754729,22.01831652,21.7529319,21.15677805,22.24523959,Out
25/02/2026 12:30,21.13754729,22.11831652,21.7529319,21.15677805,22.24523959,Out
25/02/2026 12:40,21.13754729,22.11831652,21.7529319,21.05677805,22.24523959,Out
25/02/2026 12:50,21.13754729,22.11831652,21.8529319,21.05677805,22.24523959,Out
25/02/2026 13:00,21.13754729,22.11831652,21.7529319,21.05677805,22.24523959,Out
25/02/2026 13:10,21.23754729,22.11831652,21.7529319,21.05677805,22.34523959,Out
25/02/2026 13:20,21.13754729,22.11831652,21.7529319,21.15677805,22.24523959,Out
25/02/2026 13:30,21.23754729,22.01831652,21.7529319,21.15677805,22.24523959,Out
25/02/2026 13:40,21.13754729,22.01831652,21.7529319,21.15677805,22.24523959,Out
25/02/2026 13:50,21.13754729,22.01831652,21.7529319,21.15677805,22.34523959,Out
25/02/2026 14:00,21.13754729,22.11831652,21.7529319,21.05677805,22.34523959,Out
25/02/2026 14:10,21.13754729,22.11831652,21.6529319,21.05677805,22.24523959,Out
25/02/2026 14:20,21.13754729,22.01831652,21.7529319,21.05677805,22.24523959,Out
25/02/2026 14:30,21.13754729,22.01831652,21.6529319,21.15677805,22.24523959,Out
25/02/2026 14:40,21.13754729,22.01831652,21.7529319,21.15677805,22.34523959,Out
25/02/2026 14:50,21.13754729,22.01831652,21.7529319,21.15677805,22.24523959,Out
25/02/2026 15:00,21.13754729,22.01831652,21.7529319,21.05677805,22.24523959,Out
25/02/2026 15:10,21.13754729,22.01831652,21.7529319,21.05677805,22.24523959,Out
25/02/2026 15:20,21.13754729,22.01831652,21.6529319,21.15677805,22.24523959,Out
25/02/2026 15:30,21.13754729,22.01831652,21.7529319,21.05677805,22.24523959,Out
25/02/2026 15:40,21.13754729,22.01831652,21.6529319,21.05677805,22.24523959,Out
25/02/2026 15:50,21.13754729,22.01831652,21.7529319,21.05677805,22.24523959,Out
25/02/2026 16:00,21.13754729,22.11831652,21.7529319,21.15677805,22.24523959,Out
25/02/2026 16:10,21.13754729,22.11831652,21.6529319,21.05677805,22.34523959,Out
25/02/2026 16:20,21.13754729,21.91831652,21.7529319,21.05677805,22.24523959,Out
25/02/2026 16:30,21.13754729,22.11831652,21.6529319,21.05677805,22.24523959,Out
25/02/2026 16:40,21.13754729,22.01831652,21.7529319,21.05677805,22.34523959,Out
25/02/2026 16:50,21.13754729,22.01831652,21.7529319,21.15677805,22.24523959,Out
25/02/2026 17:00,21.23754729,22.01831652,21.8529319,21.05677805,22.34523959,Out
25/02/2026 17:10,21.13754729,22.11831652,21.7529319,21.05677805,22.34523959,Out
25/02/2026 17:20,21.13754729,22.11831652,21.7529319,21.05677805,22.24523959,Out
25/02/2026 17:30,21.23754729,22.01831652,21.7529319,21.15677805,22.24523959,Out
25/02/2026 17:40,21.13754729,22.11831652,21.7529319,21.15677805,22.24523959,Out
25/02/2026 17:50,21.13754729,22.11831652,21.6529319,21.05677805,22.24523959,Out
25/02/2026 18:00,21.13754729,22.01831652,21.7529319,21.05677805,22.34523959,Out
25/02/2026 18:10,21.13754729,22.01831652,21.7529319,21.05677805,22.24523959,Out
25/02/2026 18:20,21.23754729,22.11831652,21.7529319,21.05677805,22.24523959,Out
25/02/2026 18:30,21.23754729,22.11831652,21.7529319,21.15677805,22.24523959,Out
25/02/2026 18:40,21.23754729,22.01831652,21.7529319,21.15677805,22.34523959,Out
25/02/2026 18:50,21.23754729,22.11831652,21.7529319,21.15677805,22.34523959,Out
25/02/2026 19:00,21.23754729,22.01831652,21.8529319,21.15677805,22.24523959,Out
25/02/2026 19:10,21.23754729,22.01831652,21.8529319,21.15677805,22.24523959,Out
25/02/2026 19:20,21.23754729,22.11831652,21.7529319,21.15677805,22.24523959,Out
25/02/2026 19:30,21.23754729,22.11831652,21.7529319,21.15677805,22.34523959,Out
25/02/2026 19:40,21.13754729,22.11831652,21.7529319,21.15677805,22.24523959,Out
25/02/2026 19:50,21.23754729,22.11831652,21.7529319,21.15677805,22.24523959,Out
25/02/2026 20:00,21.23754729,22.11831652,21.7529319,21.15677805,22.24523959,Out
25/02/2026 20:10,21.23754729,22.11831652,21.8529319,21.15677805,22.24523959,Out
25/02/2026 20:20,21.23754729,22.11831652,21.7529319,21.15677805,22.24523959,Out
25/02/2026 20:30,21.23754729,22.11831652,21.7529319,21.15677805,22.34523959,Out
25/02/2026 20:40,21.23754729,22.11831652,21.7529319,21.15677805,22.24523959,Out
25/02/2026 20:50,21.13754729,22.11831652,21.8529319,21.15677805,22.24523959,Out
25/02/2026 21:00,21.23754729,22.11831652,21.8529319,21.15677805,22.34523959,Out
25/02/2026 21:10,21.13754729,22.11831652,21.7529319,21.15677805,22.34523959,Out
25/02/2026 21:20,21.23754729,22.11831652,21.8529319,21.15677805,22.24523959,Out
25/02/2026 21:30,21.23754729,22.11831652,21.7529319,21.15677805,22.24523959,Out
25/02/2026 21:40,21.23754729,22.11831652,21.8529319,21.15677805,22.34523959,Out
25/02/2026 21:50,21.23754729,22.11831652,21.7529319,21.15677805,22.34523959,Out
25/02/2026 22:00,21.23754729,22.11831652,21.8529319,21.15677805,22.24523959,Out
25/02/2026 22:10,21.23754729,22.11831652,21.8529319,21.15677805,22.34523959,Out
25/02/2026 22:20,21.23754729,22.21831652,21.8529319,21.15677805,22.24523959,Out
25/02/2026 22:30,21.23754729,22.11831652,21.7529319,21.15677805,22.34523959,Out
25/02/2026 22:40,21.23754729,22.11831652,21.7529319,21.15677805,22.24523959,Out
25/02/2026 22:50,21.23754729,22.11831652,21.8529319,21.15677805,22.34523959,Out
25/02/2026 23:00,21.23754729,22.11831652,21.8529319,21.15677805,22.34523959,Out
25/02/2026 23:10,21.23754729,22.11831652,21.8529319,21.15677805,22.34523959,Out
25/02/2026 23:20,21.23754729,22.11831652,21.8529319,21.35677805,22.24523959,Out
25/02/2026 23:30,21.33754729,22.11831652,21.8529319,21.15677805,22.34523959,Out
25/02/2026 23:40,21.23754729,22.11831652,21.8529319,21.15677805,22.34523959,Out
25/02/2026 23:50,21.23754729,22.21831652,21.8529319,21.15677805,22.24523959,Out
26/02/2026 00:00,21.23754729,22.11831652,21.7529319,21.15677805,22.24523959,Out
26/02/2026 00:10,21.23754729,22.11831652,21.7529319,21.15677805,22.24523959,Out
26/02/2026 00:20,21.33754729,22.11831652,21.8529319,21.15677805,22.34523959,Out
26/02/2026 00:30,21.23754729,22.11831652,21.7529319,21.15677805,22.24523959,Out
26/02/2026 00:40,21.23754729,22.11831652,21.8529319,21.15677805,22.24523959,Out
26/02/2026 00:50,21.23754729,22.11831652,21.8529319,21.15677805,22.24523959,Out
26/02/2026 01:00,21.23754729,22.11831652,21.8529319,21.15677805,22.34523959,Out
26/02/2026 01:10,21.23754729,22.11831652,21.8529319,21.15677805,22.24523959,Out
26/02/2026 01:20,21.23754729,22.11831652,21.8529319,21.15677805,22.24523959,Out
26/02/2026 01:30,21.23754729,22.11831652,21.8529319,21.15677805,22.24523959,Out
26/02/2026 01:40,21.23754729,22.11831652,21.8529319,21.15677805,22.34523959,Out
26/02/2026 01:50,21.23754729,22.11831652,21.8529319,21.15677805,22.34523959,Out
26/02/2026 02:00,21.33754729,22.11831652,21.8529319,21.15677805,22.24523959,Out
26/02/2026 02:10,21.23754729,22.11831652,21.8529319,21.15677805,22.34523959,Out
26/02/2026 02:20,21.23754729,22.11831652,21.8529319,21.15677805,22.24523959,Out
26/02/2026 02:30,21.23754729,22.11831652,21.8529319,21.15677805,22.24523959,Out
26/02/2026 02:40,21.23754729,22.11831652,21.8529319,21.15677805,22.34523959,Out
26/02/2026 02:50,21.23754729,22.11831652,21.8529319,21.15677805,22.34523959,Out
26/02/2026 03:00,21.23754729,22.11831652,21.8529319,21.15677805,22.24523959,Out
26/02/2026 03:10,21.23754729,22.21831652,21.8529319,21.15677805,22.34523959,Out
26/02/2026 03:20,21.23754729,22.21831652,21.8529319,21.15677805,22.24523959,Out
26/02/2026 03:30,21.23754729,22.11831652,21.7529319,21.15677805,22.24523959,Out
26/02/2026 03:40,21.23754729,22.11831652,21.8529319,21.15677805,22.24523959,Out
26/02/2026 03:50,21.23754729,22.11831652,21.7529319,21.15677805,22.24523959,Out
26/02/2026 04:00,21.23754729,22.11831652,21.7529319,21.15677805,22.24523959,Out
26/02/2026 04:10,21.23754729,22.11831652,21.8529319,21.15677805,22.24523959,Out
26/02/2026 04:20,21.23754729,22.11831652,21.8529319,21.15677805,22.34523959,Out
26/02/2026 04:30,21.13754729,22.11831652,21.8529319,21.15677805,22.24523959,Out
26/02/2026 04:40,21.23754729,22.11831652,21.7529319,21.15677805,22.34523959,Out
26/02/2026 04:50,21.23754729,22.11831652,21.8529319,21.15677805,22.24523959,Out
26/02/2026 05:00,21.23754729,22.11831652,21.8529319,21.15677805,22.24523959,Out
26/02/2026 05:10,21.23754729,22.21831652,21.8529319,21.15677805,22.34523959,Out
26/02/2026 05:20,21.23754729,22.11831652,21.8529319,21.35677805,22.24523959,Out
26/02/2026 05:30,21.23754729,22.11831652,21.8529319,21.15677805,22.24523959,Out
26/02/2026 05:40,21.23754729,22.21831652,22.0529319,21.15677805,22.24523959,Out
26/02/2026 05:50,21.23754729,22.21831652,21.8529319,21.15677805,22.34523959,Out
26/02/2026 06:00,21.13754729,22.11831652,21.8529319,21.15677805,22.24523959,Out
26/02/2026 06:10,21.23754729,22.11831652,21.8529319,21.15677805,22.24523959,Out
26/02/2026 06:20,21.23754729,22.11831652,21.7529319,21.15677805,22.24523959,Out
26/02/2026 06:30,21.23754729,22.11831652,21.7529319,21.15677805,22.24523959,Out
26/02/2026 06:40,21.23754729,22.11831652,21.8529319,21.15677805,22.24523959,Out
26/02/2026 06:50,21.23754729,22.11831652,21.7529319,21.15677805,22.24523959,Out
26/02/2026 07:00,21.23754729,22.11831652,21.8529319,21.15677805,22.24523959,Out
26/02/2026 07:10,21.23754729,22.11831652,21.8529319,21.15677805,22.24523959,Out
26/02/2026 07:20,21.23754729,22.11831652,21.8529319,21.15677805,22.24523959,Out
26/02/2026 07:30,21.23754729,22.11831652,21.8529319,21.15677805,22.24523959,Out
26/02/2026 07:40,21.23754729,22.11831652,21.7529319,21.15677805,22.24523959,Out
26/02/2026 07:50,21.23754729,22.11831652,21.8529319,21.05677805,22.24523959,Out
26/02/2026 08:00,21.23754729,22.11831652,21.8529319,21.15677805,22.24523959,Out
26/02/2026 08:10,21.23754729,22.11831652,21.8529319,21.15677805,22.24523959,Out
26/02/2026 08:20,21.23754729,22.11831652,21.8529319,21.15677805,22.24523959,Out
26/02/2026 08:30,21.23754729,22.11831652,21.8529319,21.15677805,22.24523959,Out
26/02/2026 08:40,21.23754729,22.11831652,21.8529319,21.15677805,22.24523959,Out
26/02/2026 08:50,21.23754729,22.11831652,21.7529319,21.15677805,22.24523959,Out
26/02/2026 09:00,21.23754729,22.11831652,21.8529319,21.15677805,22.24523959,Out
26/02/2026 09:10,21.23754729,22.11831652,21.8529319,21.15677805,22.34523959,Out
26/02/2026 09:20,21.23754729,22.11831652,21.7529319,21.15677805,22.24523959,Out
26/02/2026 09:30,21.23754729,22.11831652,21.8529319,21.15677805,22.24523959,Out
26/02/2026 09:40,21.23754729,22.11831652,21.8529319,21.15677805,22.24523959,Out
26/02/2026 09:50,21.23754729,22.11831652,21.7529319,21.15677805,22.24523959,Out
26/02/2026 10:00,21.23754729,22.11831652,21.8529319,21.15677805,22.24523959,Out
26/02/2026 10:10,21.23754729,22.11831652,21.7529319,21.15677805,22.24523959,Out
26/02/2026 10:20,21.23754729,22.11831652,21.8529319,21.15677805,22.24523959,Out
26/02/2026 10:30,21.23754729,22.11831652,21.8529319,21.15677805,22.24523959,Out
26/02/2026 10:40,21.23754729,22.21831652,21.8529319,21.15677805,22.24523959,Out
26/02/2026 10:50,21.23754729,22.11831652,21.7529319,21.15677805,22.24523959,Out
26/02/2026 11:00,21.23754729,22.11831652,21.8529319,21.15677805,22.24523959,Out
26/02/2026 11:10,21.23754729,22.11831652,21.7529319,21.15677805,22.24523959,Out
26/02/2026 11:20,21.23754729,22.11831652,21.8529319,21.15677805,22.24523959,Out
26/02/2026 11:30,21.23754729,22.11831652,21.8529319,21.15677805,22.24523959,Out
26/02/2026 11:40,21.23754729,22.11831652,21.8529319,21.15677805,22.24523959,Out
26/02/2026 11:50,21.23754729,22.11831652,21.7529319,21.15677805,22.24523959,Out
26/02/2026 12:00,21.23754729,22.11831652,21.8529319,21.15677805,22.24523959,Out
26/02/2026 12:10,21.23754729,22.11831652,21.7529319,21.05677805,22.24523959,Out
26/02/2026 12:20,21.13754729,22.01831652,21.7529319,21.05677805,22.24523959,Out
26/02/2026 12:30,21.23754729,22.01831652,21.7529319,21.15677805,22.34523959,Out
26/02/2026 12:40,21.13754729,22.11831652,21.6529319,21.05677805,22.34523959,Out
26/02/2026 12:50,21.13754729,22.01831652,21.7529319,21.05677805,22.24523959,Out
26/02/2026 13:00,21.13754729,22.01831652,21.7529319,21.15677805,22.24523959,Out
26/02/2026 13:10,21.13754729,22.01831652,21.7529319,21.05677805,22.24523959,Out
26/02/2026 13:20,21.13754729,22.01831652,21.6529319,21.05677805,22.24523959,Out
26/02/2026 13:30,20.93754729,22.01831652,21.6529319,21.05677805,22.34523959,Out
26/02/2026 13:40,21.13754729,22.01831652,21.6529319,21.05677805,22.24523959,Out
26/02/2026 13:50,20.93754729,22.01831652,21.7529319,21.15677805,22.24523959,Out
26/02/2026 14:00,21.13754729,22.01831652,21.7529319,21.05677805,22.24523959,Out
26/02/2026 14:10,21.13754729,22.01831652,21.6529319,21.05677805,22.24523959,Out
26/02/2026 14:20,21.13754729,22.01831652,21.7529319,20.85677805,22.24523959,Out
26/02/2026 14:30,20.93754729,21.91831652,21.6529319,21.05677805,22.24523959,Out
26/02/2026 14:40,21.13754729,22.01831652,21.6529319,21.05677805,22.24523959,Out
26/02/2026 14:50,20.93754729,21.91831652,21.7529319,21.05677805,22.24523959,Out
26/02/2026 15:00,20.93754729,22.01831652,21.6529319,21.05677805,22.24523959,Out
26/02/2026 15:10,21.13754729,22.01831652,21.6529319,21.15677805,22.24523959,Out
26/02/2026 15:20,21.13754729,22.01831652,21.7529319,21.05677805,22.24523959,Out
26/02/2026 15:30,21.13754729,22.01831652,21.6529319,21.05677805,22.24523959,Out
26/02/2026 15:40,21.13754729,22.01831652,21.7529319,21.15677805,22.24523959,Out
26/02/2026 15:50,21.13754729,22.01831652,21.7529319,21.05677805,22.24523959,Out
26/02/2026 16:00,21.13754729,22.01831652,21.7529319,21.05677805,22.24523959,Out
26/02/2026 16:10,21.13754729,22.01831652,21.7529319,21.15677805,22.24523959,Out
26/02/2026 16:20,21.13754729,22.01831652,21.7529319,21.05677805,22.34523959,Out
26/02/2026 16:30,21.13754729,22.01831652,21.7529319,21.05677805,22.24523959,Out
26/02/2026 16:40,21.13754729,22.01831652,21.7529319,21.15677805,22.24523959,Out
26/02/2026 16:50,21.13754729,22.01831652,21.7529319,21.15677805,22.34523959,Out
26/02/2026 17:00,21.13754729,22.11831652,21.7529319,21.05677805,22.24523959,Out
26/02/2026 17:10,21.13754729,22.11831652,21.7529319,21.05677805,22.34523959,Out
26/02/2026 17:20,21.23754729,22.11831652,21.7529319,21.05677805,22.24523959,Out
26/02/2026 17:30,21.13754729,22.11831652,21.7529319,21.15677805,22.24523959,Out
26/02/2026 17:40,21.13754729,22.11831652,21.7529319,21.15677805,22.24523959,Out
26/02/2026 17:50,21.13754729,22.01831652,21.7529319,21.15677805,22.24523959,Out
26/02/2026 18:00,21.13754729,22.11831652,21.7529319,21.15677805,22.24523959,Out
26/02/2026 18:10,21.23754729,22.11831652,21.7529319,21.15677805,22.24523959,Out
26/02/2026 18:20,21.23754729,22.11831652,21.7529319,21.15677805,22.24523959,Out
26/02/2026 18:30,21.23754729,22.11831652,21.7529319,21.05677805,22.24523959,Out
26/02/2026 18:40,21.23754729,22.11831652,21.7529319,21.15677805,22.34523959,Out
26/02/2026 18:50,21.23754729,22.11831652,21.7529319,21.15677805,22.34523959,Out
26/02/2026 19:00,21.23754729,22.11831652,21.7529319,21.15677805,22.24523959,Out
26/02/2026 19:10,21.13754729,22.11831652,21.7529319,21.15677805,22.24523959,Out
26/02/2026 19:20,21.13754729,22.11831652,21.7529319,21.15677805,22.24523959,Out
26/02/2026 19:30,21.23754729,22.11831652,21.7529319,21.05677805,22.24523959,Out
26/02/2026 19:40,21.23754729,22.11831652,21.8529319,21.15677805,22.24523959,Out
26/02/2026 19:50,21.23754729,22.11831652,21.8529319,21.15677805,22.24523959,Out
26/02/2026 20:00,21.23754729,22.11831652,21.8529319,21.15677805,22.24523959,Out
26/02/2026 20:10,21.23754729,22.11831652,21.7529319,21.15677805,22.24523959,Out
26/02/2026 20:20,21.23754729,22.11831652,21.8529319,21.05677805,22.24523959,Out
26/02/2026 20:30,21.23754729,22.11831652,21.8529319,21.05677805,22.24523959,Out
26/02/2026 20:40,21.23754729,22.11831652,21.8529319,21.15677805,22.34523959,Out
26/02/2026 20:50,21.23754729,22.11831652,21.8529319,21.05677805,22.24523959,Out
26/02/2026 21:00,21.23754729,22.11831652,21.7529319,21.15677805,22.24523959,Out
26/02/2026 21:10,21.23754729,22.11831652,21.7529319,21.15677805,22.24523959,Out
26/02/2026 21:20,21.23754729,22.11831652,21.7529319,21.15677805,22.34523959,Out
26/02/2026 21:30,21.23754729,22.11831652,21.7529319,21.15677805,22.24523959,Out
26/02/2026 21:40,21.23754729,22.11831652,21.7529319,21.15677805,22.24523959,Out
26/02/2026 21:50,21.23754729,22.11831652,21.8529319,21.15677805,22.24523959,Out
26/02/2026 22:00,21.23754729,22.11831652,21.8529319,21.15677805,22.34523959,Out
26/02/2026 22:10,21.23754729,22.11831652,21.8529319,21.15677805,22.34523959,Out
26/02/2026 22:20,21.23754729,22.11831652,21.7529319,21.15677805,22.34523959,Out
26/02/2026 22:30,21.23754729,22.11831652,21.7529319,21.15677805,22.24523959,Out
26/02/2026 22:40,21.23754729,22.11831652,21.8529319,21.15677805,22.34523959,Out
26/02/2026 22:50,21.23754729,22.11831652,21.8529319,21.15677805,22.34523959,Out
26/02/2026 23:00,21.23754729,22.11831652,21.7529319,21.15677805,22.24523959,Out
26/02/2026 23:10,21.23754729,22.21831652,21.8529319,21.15677805,22.24523959,Out
26/02/2026 23:20,21.23754729,22.11831652,21.7529319,21.15677805,22.24523959,Out
26/02/2026 23:30,21.23754729,22.11831652,21.8529319,21.15677805,22.24523959,Out
26/02/2026 23:40,21.23754729,22.11831652,21.8529319,21.15677805,22.24523959,Out
26/02/2026 23:50,21.23754729,22.11831652,21.8529319,21.15677805,22.34523959,Out
27/02/2026 00:00,21.23754729,22.11831652,21.8529319,21.15677805,22.24523959,Out
27/02/2026 00:10,21.13754729,22.11831652,21.7529319,21.15677805,22.24523959,Out
27/02/2026 00:20,21.23754729,22.11831652,21.8529319,21.15677805,22.24523959,Out
27/02/2026 00:30,21.23754729,22.11831652,21.8529319,21.15677805,22.34523959,Out
27/02/2026 00:40,21.23754729,22.11831652,21.8529319,21.15677805,22.24523959,Out
27/02/2026 00:50,21.23754729,22.21831652,21.8529319,21.15677805,22.24523959,Out
27/02/2026 01:00,21.23754729,22.11831652,21.8529319,21.15677805,22.24523959,Out
27/02/2026 01:10,21.23754729,22.11831652,21.8529319,21.15677805,22.24523959,Out
27/02/2026 01:20,21.23754729,22.11831652,21.8529319,21.05677805,22.24523959,Out
27/02/2026 01:30,21.23754729,22.11831652,21.7529319,21.15677805,22.24523959,Out
27/02/2026 01:40,21.23754729,22.21831652,21.8529319,21.15677805,22.24523959,Out
27/02/2026 01:50,21.23754729,22.11831652,21.8529319,21.15677805,22.24523959,Out
27/02/2026 02:00,21.23754729,22.11831652,21.8529319,21.15677805,22.34523959,Out
27/02/2026 02:10,21.23754729,22.11831652,21.7529319,21.15677805,22.24523959,Out
27/02/2026 02:20,21.23754729,22.11831652,21.8529319,21.15677805,22.24523959,Out
27/02/2026 02:30,21.23754729,22.11831652,21.7529319,21.15677805,22.24523959,Out
27/02/2026 02:40,21.23754729,22.11831652,21.8529319,21.15677805,22.24523959,Out
27/02/2026 02:50,21.23754729,22.11831652,21.7529319,21.15677805,22.24523959,Out
27/02/2026 03:00,21.23754729,22.11831652,21.8529319,21.15677805,22.34523959,Out
27/02/2026 03:10,21.23754729,22.11831652,21.8529319,21.15677805,22.24523959,Out
27/02/2026 03:20,21.23754729,22.11831652,21.8529319,21.15677805,22.24523959,Out
27/02/2026 03:30,21.23754729,22.11831652,21.7529319,21.15677805,22.24523959,Out
27/02/2026 03:40,21.23754729,22.11831652,21.8529319,21.15677805,22.24523959,Out
27/02/2026 03:50,21.23754729,22.11831652,21.7529319,21.15677805,22.24523959,Out
27/02/2026 04:00,21.13754729,22.11831652,21.7529319,21.15677805,22.24523959,Out
27/02/2026 04:10,21.23754729,22.11831652,21.8529319,21.15677805,22.24523959,Out
27/02/2026 04:20,21.23754729,22.11831652,21.8529319,21.15677805,22.24523959,Out
27/02/2026 04:30,21.23754729,22.11831652,21.7529319,21.15677805,22.24523959,Out
27/02/2026 04:40,21.23754729,22.11831652,21.7529319,21.15677805,22.24523959,Out
27/02/2026 04:50,21.23754729,22.11831652,21.7529319,21.15677805,22.24523959,Out
27/02/2026 05:00,21.23754729,22.11831652,21.8529319,21.15677805,22.24523959,Out
27/02/2026 05:10,21.23754729,22.11831652,21.8529319,21.15677805,22.24523959,Out
27/02/2026 05:20,21.23754729,22.11831652,21.7529319,21.15677805,22.24523959,Out
27/02/2026 05:30,21.23754729,22.11831652,21.8529319,21.15677805,22.24523959,Out
27/02/2026 05:40,21.23754729,22.11831652,21.7529319,21.15677805,22.24523959,Out
27/02/2026 05:50,21.23754729,22.11831652,21.7529319,21.15677805,22.24523959,Out
27/02/2026 06:00,21.23754729,22.11831652,21.7529319,21.15677805,22.24523959,Out
27/02/2026 06:10,21.23754729,22.11831652,21.7529319,21.15677805,22.24523959,Out
27/02/2026 06:20,21.23754729,22.11831652,21.8529319,21.15677805,22.14523959,Out
27/02/2026 06:30,21.23754729,22.11831652,21.8529319,21.15677805,22.24523959,Out
27/02/2026 06:40,21.23754729,22.01831652,21.7529319,21.05677805,22.24523959,Out
27/02/2026 06:50,21.23754729,22.11831652,21.7529319,21.15677805,22.24523959,Out
27/02/2026 07:00,21.23754729,22.11831652,21.7529319,21.15677805,22.24523959,Out
27/02/2026 07:10,21.23754729,22.11831652,21.7529319,21.15677805,22.24523959,Out
27/02/2026 07:20,21.23754729,22.11831652,21.7529319,21.15677805,22.24523959,Out
27/02/2026 07:30,21.23754729,22.11831652,21.8529319,21.15677805,22.24523959,Out
27/02/2026 07:40,21.23754729,22.11831652,21.8529319,21.15677805,22.24523959,Out
27/02/2026 07:50,21.23754729,22.11831652,21.7529319,21.05677805,22.24523959,Out
27/02/2026 08:00,21.13754729,22.11831652,21.7529319,21.15677805,22.24523959,Out
27/02/2026 08:10,21.13754729,22.11831652,21.8529319,21.05677805,22.24523959,Out
27/02/2026 08:20,21.23754729,22.11831652,21.7529319,21.15677805,22.24523959,Out
27/02/2026 08:30,21.23754729,22.11831652,21.8529319,21.15677805,22.24523959,Out
27/02/2026 08:40,21.23754729,22.11831652,21.8529319,21.15677805,22.24523959,Out
27/02/2026 08:50,21.23754729,22.11831652,21.7529319,21.15677805,22.24523959,Out
27/02/2026 09:00,21.23754729,22.11831652,21.8529319,21.15677805,22.24523959,Out
27/02/2026 09:10,21.23754729,22.11831652,21.7529319,21.15677805,22.24523959,Out
27/02/2026 09:20,21.23754729,22.11831652,21.7529319,21.15677805,22.24523959,Out
27/02/2026 09:30,21.23754729,22.11831652,21.7529319,21.05677805,22.24523959,Out
27/02/2026 09:40,21.23754729,22.11831652,21.7529319,21.15677805,22.24523959,Out
27/02/2026 09:50,21.13754729,22.11831652,21.7529319,21.15677805,22.24523959,Out
27/02/2026 10:00,21.23754729,22.11831652,21.7529319,21.15677805,22.24523959,Out
27/02/2026 10:10,21.23754729,22.11831652,21.7529319,21.05677805,22.24523959,Out
27/02/2026 10:20,21.23754729,22.11831652,21.7529319,21.05677805,22.14523959,Out
27/02/2026 10:30,21.23754729,22.11831652,21.7529319,21.15677805,22.24523959,Out
27/02/2026 10:40,21.13754729,22.11831652,21.7529319,21.05677805,22.14523959,Out
27/02/2026 10:50,21.23754729,22.11831652,21.7529319,21.15677805,22.14523959,Out
27/02/2026 11:00,21.23754729,22.11831652,21.7529319,21.15677805,22.24523959,Out
27/02/2026 11:10,21.13754729,22.11831652,21.7529319,21.05677805,22.24523959,Out
27/02/2026 11:20,21.13754729,21.91831652,21.6529319,21.05677805,22.34523959,Out
27/02/2026 11:30,20.93754729,22.01831652,21.6529319,21.05677805,22.24523959,Out
27/02/2026 11:40,20.93754729,22.11831652,21.7529319,21.05677805,22.24523959,Out
27/02/2026 11:50,21.13754729,22.11831652,21.6529319,21.05677805,22.24523959,Out
27/02/2026 12:00,20.93754729,22.01831652,21.7529319,20.85677805,22.24523959,Out
27/02/2026 12:10,20.93754729,22.01831652,21.7529319,21.05677805,22.24523959,Out
27/02/2026 12:20,21.13754729,22.01831652,21.6529319,21.05677805,22.24523959,Out
27/02/2026 12:30,20.93754729,22.01831652,21.6529319,21.05677805,22.24523959,Out
27/02/2026 12:40,21.13754729,21.91831652,21.6529319,21.05677805,22.24523959,Out
27/02/2026 12:50,21.13754729,22.01831652,21.7529319,21.05677805,22.24523959,Out
27/02/2026 13:00,20.93754729,22.01831652,21.6529319,21.15677805,22.24523959,Out
27/02/2026 13:10,21.13754729,22.01831652,21.6529319,21.05677805,22.24523959,Out
27/02/2026 13:20,20.93754729,22.01831652,21.6529319,21.05677805,22.24523959,Out
27/02/2026 13:30,20.93754729,21.91831652,21.6529319,21.05677805,22.24523959,Out
27/02/2026 13:40,20.93754729,21.91831652,21.6529319,21.05677805,22.24523959,Out
27/02/2026 13:50,20.93754729,21.91831652,21.6529319,21.05677805,22.24523959,Out
27/02/2026 14:00,20.93754729,22.01831652,21.6529319,21.05677805,22.24523959,Out
27/02/2026 14:10,20.93754729,21.91831652,21.6529319,21.05677805,22.24523959,Out
27/02/2026 14:20,20.93754729,21.91831652,21.6529319,21.05677805,22.14523959,Out
27/02/2026 14:30,20.93754729,21.91831652,21.6529319,21.05677805,22.24523959,Out
27/02/2026 14:40,20.93754729,22.01831652,21.6529319,20.85677805,22.24523959,Out
27/02/2026 14:50,20.93754729,22.01831652,21.6529319,20.85677805,22.24523959,Out
27/02/2026 15:00,20.93754729,21.91831652,21.6529319,21.05677805,22.24523959,Out
27/02/2026 15:10,21.13754729,22.01831652,21.6529319,20.85677805,22.24523959,Out
27/02/2026 15:20,20.93754729,22.01831652,21.6529319,21.05677805,22.24523959,Out
27/02/2026 15:30,20.93754729,22.01831652,21.6529319,21.05677805,22.24523959,Out
27/02/2026 15:40,20.93754729,22.01831652,21.6529319,21.05677805,22.24523959,Out
27/02/2026 15:50,21.13754729,22.01831652,21.6529319,21.05677805,22.24523959,Out
27/02/2026 16:00,21.13754729,22.01831652,21.6529319,21.05677805,22.24523959,Out
27/02/2026 16:10,21.13754729,22.01831652,21.7529319,21.05677805,22.24523959,Out
27/02/2026 16:20,21.13754729,22.01831652,21.7529319,21.05677805,22.24523959,Out
27/02/2026 16:30,21.13754729,22.01831652,21.7529319,21.05677805,22.24523959,Out
27/02/2026 16:40,21.13754729,22.01831652,21.7529319,21.05677805,22.24523959,Out
27/02/2026 16:50,21.13754729,22.01831652,21.6529319,21.05677805,22.24523959,Out
27/02/2026 17:00,21.13754729,22.01831652,21.7529319,21.15677805,22.24523959,Out
27/02/2026 17:10,21.13754729,22.01831652,21.6529319,21.15677805,22.24523959,Out
27/02/2026 17:20,21.13754729,22.11831652,21.7529319,21.05677805,22.24523959,Out
27/02/2026 17:30,21.13754729,22.01831652,21.7529319,21.05677805,22.24523959,Out
27/02/2026 17:40,21.13754729,22.01831652,21.8529319,21.05677805,22.24523959,Out
27/02/2026 17:50,21.23754729,22.01831652,21.7529319,21.05677805,22.24523959,Out
27/02/2026 18:00,21.13754729,22.11831652,21.7529319,21.15677805,22.24523959,Out
27/02/2026 18:10,21.23754729,22.11831652,21.7529319,21.05677805,22.24523959,Out
27/02/2026 18:20,21.13754729,22.11831652,21.7529319,21.05677805,22.24523959,Out
27/02/2026 18:30,21.13754729,22.11831652,21.7529319,21.15677805,22.24523959,Out
27/02/2026 18:40,21.13754729,22.11831652,21.7529319,21.15677805,22.24523959,Out
27/02/2026 18:50,21.23754729,22.01831652,21.7529319,21.15677805,22.24523959,Out
27/02/2026 19:00,21.13754729,22.11831652,21.7529319,21.15677805,22.24523959,Out
27/02/2026 19:10,21.23754729,22.01831652,21.7529319,21.15677805,22.24523959,Out
27/02/2026 19:20,21.13754729,22.11831652,21.7529319,21.05677805,22.24523959,Out
27/02/2026 19:30,21.13754729,22.11831652,21.7529319,21.05677805,22.24523959,Out
27/02/2026 19:40,21.23754729,22.01831652,21.7529319,21.05677805,22.34523959,Out
27/02/2026 19:50,21.13754729,22.01831652,21.8529319,21.15677805,22.24523959,Out
27/02/2026 20:00,21.13754729,22.11831652,21.7529319,21.05677805,22.24523959,Out
27/02/2026 20:10,21.13754729,22.11831652,21.7529319,21.05677805,22.24523959,Out
27/02/2026 20:20,21.13754729,22.01831652,21.7529319,21.15677805,22.24523959,Out
27/02/2026 20:30,21.13754729,22.11831652,21.8529319,21.05677805,22.24523959,Out
27/02/2026 20:40,21.23754729,22.01831652,21.8529319,21.15677805,22.24523959,Out
27/02/2026 20:50,21.23754729,22.01831652,21.8529319,21.15677805,22.24523959,Out
27/02/2026 21:00,21.23754729,22.11831652,21.7529319,21.15677805,22.24523959,Out
27/02/2026 21:10,21.23754729,22.11831652,21.8529319,21.15677805,22.24523959,Out
27/02/2026 21:20,21.23754729,22.11831652,21.7529319,21.15677805,22.24523959,Out
27/02/2026 21:30,21.23754729,22.11831652,21.7529319,21.05677805,22.24523959,Out
27/02/2026 21:40,21.23754729,22.11831652,21.7529319,21.05677805,22.24523959,Out
27/02/2026 21:50,21.23754729,22.11831652,21.8529319,21.15677805,22.24523959,Out
27/02/2026 22:00,21.23754729,22.11831652,21.7529319,21.05677805,22.24523959,Out
27/02/2026 22:10,21.23754729,22.11831652,21.7529319,21.15677805,22.24523959,Out
27/02/2026 22:20,21.23754729,22.11831652,21.7529319,21.15677805,22.24523959,Out
27/02/2026 22:30,21.23754729,22.11831652,21.7529319,21.15677805,22.24523959,Out
27/02/2026 22:40,21.23754729,22.11831652,21.8529319,21.15677805,22.24523959,Out
27/02/2026 22:50,21.23754729,22.11831652,21.8529319,21.15677805,22.24523959,Out
27/02/2026 23:00,21.13754729,22.11831652,21.7529319,21.15677805,22.24523959,Out
27/02/2026 23:10,21.23754729,22.11831652,21.7529319,21.15677805,22.24523959,Out
27/02/2026 23:20,21.13754729,22.11831652,21.7529319,21.05677805,22.24523959,Out
27/02/2026 23:30,21.23754729,22.01831652,21.8529319,21.05677805,22.24523959,Out
27/02/2026 23:40,21.23754729,22.11831652,21.7529319,21.15677805,22.24523959,Out
27/02/2026 23:50,21.23754729,22.11831652,21.7529319,21.05677805,22.14523959,Out
28/02/2026 00:00,21.13754729,22.11831652,21.7529319,21.15677805,22.24523959,Out
28/02/2026 00:10,21.23754729,22.11831652,21.7529319,21.15677805,22.24523959,Out
28/02/2026 00:20,21.23754729,22.11831652,21.7529319,21.05677805,22.24523959,Out
28/02/2026 00:30,21.23754729,22.11831652,21.7529319,21.15677805,22.24523959,Out
28/02/2026 00:40,21.13754729,22.11831652,21.7529319,21.15677805,22.24523959,Out
28/02/2026 00:50,21.13754729,22.11831652,21.7529319,21.05677805,22.24523959,Out
28/02/2026 01:00,21.23754729,22.11831652,21.7529319,21.15677805,22.24523959,Out
28/02/2026 01:10,21.13754729,22.11831652,21.7529319,21.05677805,22.24523959,Out
28/02/2026 01:20,21.23754729,22.11831652,21.7529319,21.15677805,22.24523959,Out
28/02/2026 01:30,21.13754729,22.11831652,21.7529319,21.15677805,22.24523959,Out
28/02/2026 01:40,21.13754729,22.11831652,21.7529319,21.15677805,22.24523959,Out
28/02/2026 01:50,21.23754729,22.01831652,21.7529319,21.05677805,22.24523959,Out
28/02/2026 02:00,21.23754729,22.11831652,21.7529319,21.15677805,22.24523959,Out
28/02/2026 02:10,21.13754729,22.01831652,21.7529319,21.15677805,22.24523959,Out
28/02/2026 02:20,21.23754729,22.01831652,21.7529319,21.15677805,22.14523959,Out
28/02/2026 02:30,21.13754729,22.11831652,21.8529319,21.05677805,22.14523959,Out
28/02/2026 02:40,21.23754729,22.01831652,21.7529319,21.05677805,22.24523959,Out
28/02/2026 02:50,21.13754729,22.11831652,21.7529319,21.15677805,22.24523959,Out
28/02/2026 03:00,21.23754729,22.11831652,21.7529319,21.15677805,22.24523959,Out
28/02/2026 03:10,21.23754729,22.11831652,21.7529319,21.05677805,22.14523959,Out
28/02/2026 03:20,21.23754729,22.11831652,21.7529319,21.05677805,22.24523959,Out
28/02/2026 03:30,21.13754729,22.01831652,21.6529319,21.05677805,22.24523959,Out
28/02/2026 03:40,20.93754729,22.01831652,21.6529319,21.05677805,22.24523959,Out
28/02/2026 03:50,20.93754729,22.01831652,21.6529319,21.05677805,22.24523959,Out
28/02/2026 04:00,21.13754729,22.01831652,21.6529319,21.05677805,22.14523959,Out
28/02/2026 04:10,21.13754729,21.91831652,21.6529319,21.05677805,22.24523959,Out
28/02/2026 04:20,21.13754729,22.01831652,21.6529319,21.05677805,22.24523959,Out
28/02/2026 04:30,21.13754729,22.01831652,21.7529319,21.05677805,22.24523959,Out
28/02/2026 04:40,21.13754729,22.01831652,21.7529319,21.05677805,22.24523959,Out
28/02/2026 04:50,21.13754729,22.01831652,21.7529319,21.15677805,22.24523959,Out
28/02/2026 05:00,21.13754729,21.91831652,21.7529319,21.15677805,22.24523959,Out
28/02/2026 05:10,21.13754729,22.01831652,21.6529319,21.05677805,22.24523959,Out
28/02/2026 05:20,21.13754729,22.01831652,21.7529319,21.15677805,22.24523959,Out
28/02/2026 05:30,21.13754729,22.01831652,21.6529319,21.05677805,22.24523959,Out
28/02/2026 05:40,21.13754729,22.01831652,21.7529319,20.85677805,22.24523959,Out
28/02/2026 05:50,20.93754729,22.01831652,21.6529319,21.05677805,22.24523959,Out
28/02/2026 06:00,21.13754729,21.91831652,21.6529319,21.05677805,22.24523959,Out
28/02/2026 06:10,21.13754729,22.01831652,21.7529319,21.05677805,22.24523959,Out
28/02/2026 06:20,20.93754729,22.01831652,21.7529319,21.05677805,22.14523959,Out
28/02/2026 06:30,21.13754729,22.01831652,21.7529319,21.05677805,22.24523959,Out
28/02/2026 06:40,21.13754729,22.01831652,21.7529319,21.15677805,22.24523959,Out
28/02/2026 06:50,21.13754729,22.01831652,21.7529319,21.15677805,22.24523959,Out
28/02/2026 07:00,21.13754729,22.11831652,21.7529319,21.05677805,22.24523959,Out
28/02/2026 07:10,21.13754729,22.11831652,21.7529319,21.15677805,22.24523959,Out
28/02/2026 07:20,21.13754729,22.01831652,21.7529319,21.05677805,22.24523959,Out
28/02/2026 07:30,21.13754729,22.11831652,21.7529319,21.15677805,22.14523959,Out
28/02/2026 07:40,21.23754729,22.11831652,21.7529319,21.05677805,22.24523959,Out
28/02/2026 07:50,21.13754729,22.01831652,21.7529319,21.15677805,22.24523959,Out
28/02/2026 08:00,21.13754729,22.11831652,21.7529319,21.15677805,22.24523959,Out
28/02/2026 08:10,21.23754729,22.11831652,21.7529319,21.15677805,22.24523959,Out
28/02/2026 08:20,21.13754729,22.11831652,21.7529319,21.15677805,22.24523959,Out
28/02/2026 08:30,21.13754729,22.01831652,21.7529319,21.05677805,22.24523959,Out
28/02/2026 08:40,21.23754729,22.11831652,21.7529319,21.15677805,22.24523959,Out
28/02/2026 08:50,21.13754729,22.11831652,21.8529319,21.05677805,22.24523959,Out
28/02/2026 09:00,21.13754729,22.01831652,21.7529319,21.15677805,22.14523959,Out
28/02/2026 09:10,21.13754729,22.11831652,21.7529319,21.05677805,22.24523959,Out
28/02/2026 09:20,21.13754729,22.11831652,21.7529319,21.05677805,22.24523959,Out
28/02/2026 09:30,21.23754729,22.11831652,21.7529319,21.05677805,22.24523959,Out
28/02/2026 09:40,21.23754729,22.11831652,21.7529319,21.05677805,22.14523959,Out
28/02/2026 09:50,21.23754729,22.11831652,21.7529319,21.05677805,22.24523959,Out
28/02/2026 10:00,21.13754729,22.01831652,21.7529319,21.05677805,22.24523959,Out
28/02/2026 10:10,21.13754729,22.01831652,21.8529319,21.05677805,22.24523959,Out
28/02/2026 10:20,21.13754729,22.11831652,21.7529319,21.15677805,22.24523959,Out
28/02/2026 10:30,21.13754729,22.01831652,21.7529319,21.05677805,22.24523959,Out
28/02/2026 10:40,21.23754729,22.11831652,21.7529319,21.15677805,22.14523959,Out
28/02/2026 10:50,21.13754729,22.01831652,21.8529319,21.05677805,22.14523959,Out
28/02/2026 11:00,21.13754729,22.01831652,21.7529319,21.05677805,22.14523959,Out
28/02/2026 11:10,21.13754729,22.11831652,21.7529319,21.05677805,22.24523959,Out
28/02/2026 11:20,21.23754729,22.01831652,21.7529319,21.05677805,22.24523959,Out
28/02/2026 11:30,21.13754729,22.01831652,21.7529319,21.05677805,22.14523959,Out
28/02/2026 11:40,20.93754729,22.01831652,21.4529319,20.85677805,22.24523959,Out
28/02/2026 11:50,20.93754729,21.91831652,21.6529319,21.05677805,22.14523959,Out
28/02/2026 12:00,20.93754729,21.91831652,21.6529319,21.05677805,22.24523959,Out
28/02/2026 12:10,20.93754729,22.01831652,21.6529319,21.05677805,22.24523959,Out
28/02/2026 12:20,20.93754729,21.91831652,21.6529319,20.85677805,22.24523959,Out
28/02/2026 12:30,20.83754729,21.91831652,21.4529319,20.85677805,22.14523959,Out
28/02/2026 12:40,20.93754729,21.91831652,21.6529319,20.85677805,22.14523959,Out
28/02/2026 12:50,20.93754729,21.91831652,21.4529319,20.85677805,22.24523959,Out
28/02/2026 13:00,20.83754729,21.71831652,21.4529319,20.85677805,22.24523959,Out
28/02/2026 13:10,20.93754729,21.91831652,21.6529319,21.05677805,22.24523959,Out
28/02/2026 13:20,20.83754729,21.91831652,21.6529319,21.05677805,22.24523959,Out
28/02/2026 13:30,20.93754729,21.91831652,21.6529319,21.05677805,22.24523959,Out
28/02/2026 13:40,20.93754729,21.91831652,21.6529319,21.05677805,22.24523959,Out
28/02/2026 13:50,20.93754729,21.91831652,21.6529319,21.05677805,22.14523959,Out
28/02/2026 14:00,20.93754729,21.91831652,21.6529319,20.85677805,22.24523959,Out
28/02/2026 14:10,20.93754729,21.91831652,21.6529319,21.05677805,22.24523959,Out
28/02/2026 14:20,20.93754729,21.91831652,21.6529319,21.05677805,22.14523959,Out
28/02/2026 14:30,21.13754729,22.01831652,21.6529319,20.85677805,22.24523959,Out
28/02/2026 14:40,20.93754729,21.91831652,21.6529319,21.05677805,22.24523959,Out
28/02/2026 14:50,20.93754729,21.91831652,21.6529319,21.05677805,22.24523959,Out
28/02/2026 15:00,20.93754729,21.91831652,21.6529319,21.05677805,22.24523959,Out
28/02/2026 15:10,20.93754729,21.91831652,21.6529319,21.05677805,22.24523959,Out
28/02/2026 15:20,20.83754729,21.91831652,21.6529319,21.05677805,22.14523959,Out
28/02/2026 15:30,20.93754729,21.91831652,21.6529319,21.05677805,22.24523959,Out
28/02/2026 15:40,20.93754729,22.01831652,21.6529319,21.05677805,22.24523959,Out
28/02/2026 15:50,20.93754729,22.01831652,21.6529319,21.05677805,22.24523959,Out
28/02/2026 16:00,20.93754729,21.91831652,21.6529319,21.05677805,22.24523959,Out
28/02/2026 16:10,20.93754729,22.01831652,21.6529319,21.05677805,22.14523959,Out
28/02/2026 16:20,20.93754729,22.01831652,21.6529319,21.05677805,22.24523959,Out
28/02/2026 16:30,20.93754729,22.01831652,21.6529319,21.05677805,22.24523959,Out
28/02/2026 16:40,20.93754729,22.01831652,21.6529319,21.05677805,22.14523959,Out
28/02/2026 16:50,20.93754729,21.91831652,21.6529319,21.05677805,22.24523959,Out
28/02/2026 17:00,20.93754729,21.91831652,21.6529319,21.05677805,22.24523959,Out
28/02/2026 17:10,20.93754729,22.01831652,21.6529319,21.05677805,22.24523959,Out
28/02/2026 17:20,21.13754729,22.01831652,21.6529319,21.05677805,22.24523959,Out
28/02/2026 17:30,20.93754729,22.01831652,21.6529319,20.85677805,22.24523959,Out
28/02/2026 17:40,20.93754729,22.01831652,21.6529319,21.05677805,22.24523959,Out
28/02/2026 17:50,20.93754729,22.01831652,21.6529319,21.05677805,22.24523959,Out
28/02/2026 18:00,21.13754729,22.01831652,21.6529319,21.05677805,22.24523959,Out
28/02/2026 18:10,20.93754729,21.91831652,21.6529319,21.05677805,22.24523959,Out
28/02/2026 18:20,20.93754729,22.01831652,21.7529319,21.05677805,22.24523959,Out
28/02/2026 18:30,21.13754729,22.01831652,21.6529319,21.05677805,22.24523959,Out
28/02/2026 18:40,21.13754729,22.01831652,21.6529319,21.05677805,22.24523959,Out
28/02/2026 18:50,20.93754729,22.01831652,21.6529319,21.05677805,22.24523959,Out
28/02/2026 19:00,21.13754729,22.01831652,21.7529319,21.05677805,22.24523959,Out
28/02/2026 19:10,21.13754729,22.01831652,21.7529319,21.05677805,22.24523959,Out
28/02/2026 19:20,20.93754729,22.01831652,21.7529319,21.05677805,22.14523959,Out
28/02/2026 19:30,21.13754729,22.01831652,21.7529319,21.05677805,22.24523959,Out
28/02/2026 19:40,21.13754729,22.01831652,21.6529319,21.05677805,22.24523959,Out
28/02/2026 19:50,21.13754729,22.11831652,21.6529319,21.05677805,22.14523959,Out
28/02/2026 20:00,21.13754729,22.01831652,21.7529319,21.05677805,22.14523959,Out
28/02/2026 20:10,21.13754729,22.01831652,21.7529319,21.05677805,22.24523959,Out
28/02/2026 20:20,21.13754729,22.01831652,21.6529319,21.05677805,22.24523959,Out
28/02/2026 20:30,21.13754729,22.01831652,21.7529319,21.05677805,22.24523959,Out
28/02/2026 20:40,21.13754729,22.01831652,21.7529319,21.05677805,22.24523959,Out
28/02/2026 20:50,21.13754729,22.01831652,21.7529319,21.15677805,22.14523959,Out
28/02/2026 21:00,21.13754729,22.11831652,21.7529319,21.15677805,22.14523959,Out
28/02/2026 21:10,21.13754729,22.11831652,21.7529319,21.05677805,22.24523959,Out
28/02/2026 21:20,21.13754729,22.01831652,21.7529319,21.05677805,22.14523959,Out
28/02/2026 21:30,21.13754729,22.11831652,21.7529319,21.05677805,22.14523959,Out
28/02/2026 21:40,21.23754729,22.11831652,21.7529319,21.05677805,22.24523959,Out
28/02/2026 21:50,21.13754729,22.11831652,21.8529319,21.05677805,22.14523959,Out
28/02/2026 22:00,21.13754729,22.01831652,21.8529319,21.05677805,22.24523959,Out
28/02/2026 22:10,21.13754729,22.11831652,21.7529319,21.15677805,22.14523959,Out
28/02/2026 22:20,21.13754729,22.11831652,21.7529319,21.15677805,22.24523959,Out
28/02/2026 22:30,21.13754729,22.01831652,21.7529319,21.05677805,22.24523959,Out
28/02/2026 22:40,21.13754729,22.01831652,21.7529319,21.15677805,22.24523959,Out
28/02/2026 22:50,21.13754729,22.01831652,21.6529319,21.05677805,22.24523959,Out
28/02/2026 23:00,21.23754729,22.11831652,21.7529319,21.05677805,22.24523959,Out
28/02/2026 23:10,21.13754729,22.01831652,21.7529319,21.05677805,22.24523959,Out
28/02/2026 23:20,21.13754729,22.11831652,21.7529319,21.05677805,22.24523959,Out
28/02/2026 23:30,21.13754729,22.01831652,21.7529319,21.05677805,22.14523959,Out
28/02/2026 23:40,21.23754729,22.11831652,21.7529319,21.05677805,22.24523959,Out
28/02/2026 23:50,21.13754729,22.11831652,21.6529319,21.05677805,22.24523959,Out
01/03/2026 00:00,21.13754729,22.01831652,21.7529319,21.05677805,22.14523959,Out
01/03/2026 00:10,20.93754729,22.01831652,21.7529319,21.05677805,22.14523959,Out
01/03/2026 00:20,21.13754729,22.01831652,21.7529319,21.05677805,22.14523959,Out
01/03/2026 00:30,21.13754729,22.01831652,21.7529319,21.05677805,22.14523959,Out
01/03/2026 00:40,21.23754729,22.11831652,21.7529319,21.05677805,22.24523959,Out
01/03/2026 00:50,21.13754729,22.01831652,21.7529319,21.05677805,22.14523959,Out
01/03/2026 01:00,21.13754729,22.01831652,21.7529319,21.05677805,22.24523959,Out
01/03/2026 01:10,21.13754729,22.01831652,21.6529319,21.05677805,22.14523959,Out
01/03/2026 01:20,21.13754729,22.01831652,21.6529319,21.05677805,22.14523959,Out
01/03/2026 01:30,21.13754729,22.01831652,21.7529319,21.05677805,22.14523959,Out
01/03/2026 01:40,21.13754729,22.01831652,21.7529319,21.05677805,22.14523959,Out
01/03/2026 01:50,21.13754729,22.11831652,21.7529319,21.05677805,22.24523959,Out
01/03/2026 02:00,21.13754729,22.11831652,21.6529319,21.05677805,22.14523959,Out
01/03/2026 02:10,21.13754729,22.01831652,21.7529319,21.05677805,22.14523959,Out
01/03/2026 02:20,21.13754729,22.01831652,21.7529319,21.05677805,22.14523959,Out
01/03/2026 02:30,21.13754729,22.01831652,21.7529319,21.05677805,22.24523959,Out
01/03/2026 02:40,21.13754729,22.01831652,21.7529319,21.05677805,22.24523959,Out
01/03/2026 02:50,20.93754729,22.01831652,21.7529319,21.05677805,22.14523959,Out
01/03/2026 03:00,21.13754729,22.01831652,21.6529319,21.05677805,22.14523959,Out
01/03/2026 03:10,21.13754729,22.01831652,21.6529319,21.05677805,22.14523959,Out
01/03/2026 03:20,21.13754729,22.01831652,21.7529319,21.05677805,22.14523959,Out
01/03/2026 03:30,21.13754729,22.01831652,21.7529319,21.05677805,22.14523959,Out
01/03/2026 03:40,21.13754729,22.01831652,21.7529319,21.05677805,22.14523959,Out
01/03/2026 03:50,21.13754729,22.01831652,21.6529319,21.05677805,22.24523959,Out
01/03/2026 04:00,21.13754729,22.01831652,21.7529319,21.05677805,22.14523959,Out
01/03/2026 04:10,20.93754729,22.01831652,21.6529319,21.05677805,22.14523959,Out
01/03/2026 04:20,21.13754729,22.01831652,21.6529319,21.05677805,22.14523959,Out
01/03/2026 04:30,20.93754729,22.01831652,21.7529319,21.05677805,22.14523959,Out
01/03/2026 04:40,21.13754729,22.01831652,21.6529319,21.05677805,22.14523959,Out
01/03/2026 04:50,21.13754729,22.01831652,21.6529319,21.05677805,22.14523959,Out
01/03/2026 05:00,21.13754729,22.01831652,21.7529319,21.05677805,22.14523959,Out
01/03/2026 05:10,20.93754729,22.01831652,21.7529319,21.05677805,22.14523959,Out
01/03/2026 05:20,21.13754729,22.01831652,21.7529319,21.05677805,22.14523959,Out
01/03/2026 05:30,21.13754729,22.01831652,21.7529319,20.85677805,22.14523959,Out
01/03/2026 05:40,21.13754729,22.01831652,21.6529319,21.05677805,22.14523959,Out
01/03/2026 05:50,21.13754729,22.01831652,21.7529319,21.05677805,22.14523959,Out
01/03/2026 06:00,21.13754729,22.01831652,21.7529319,21.05677805,22.14523959,Out
01/03/2026 06:10,21.13754729,22.01831652,21.6529319,21.05677805,22.14523959,Out
01/03/2026 06:20,21.13754729,22.01831652,21.7529319,21.05677805,22.14523959,Out
01/03/2026 06:30,21.13754729,22.01831652,21.6529319,21.05677805,22.14523959,Out
01/03/2026 06:40,21.13754729,22.01831652,21.6529319,21.05677805,22.14523959,Out
01/03/2026 06:50,21.13754729,22.01831652,21.6529319,21.05677805,22.14523959,Out
01/03/2026 07:00,21.13754729,22.01831652,21.7529319,21.05677805,22.14523959,Out
01/03/2026 07:10,21.13754729,21.91831652,21.6529319,20.85677805,22.14523959,Out
01/03/2026 07:20,21.13754729,22.01831652,21.7529319,21.05677805,22.14523959,Out
01/03/2026 07:30,21.13754729,22.01831652,21.7529319,20.85677805,22.14523959,Out
01/03/2026 07:40,21.13754729,22.01831652,21.7529319,21.05677805,22.14523959,Out
01/03/2026 07:50,21.13754729,22.01831652,21.7529319,21.05677805,22.24523959,Out
01/03/2026 08:00,21.13754729,22.01831652,21.6529319,20.85677805,22.14523959,Out
01/03/2026 08:10,21.13754729,22.01831652,21.6529319,20.85677805,22.14523959,Out
01/03/2026 08:20,21.13754729,22.01831652,21.7529319,20.85677805,22.14523959,Out
01/03/2026 08:30,21.13754729,22.01831652,21.6529319,21.05677805,22.14523959,Out
01/03/2026 08:40,21.13754729,22.01831652,21.6529319,21.05677805,22.14523959,Out
01/03/2026 08:50,20.93754729,22.11831652,21.6529319,21.05677805,22.24523959,Out
01/03/2026 09:00,20.93754729,22.01831652,21.7529319,21.05677805,22.14523959,Out
01/03/2026 09:10,21.13754729,22.01831652,21.6529319,21.05677805,22.24523959,Out
01/03/2026 09:20,21.13754729,22.01831652,21.7529319,21.05677805,22.14523959,Out
01/03/2026 09:30,21.13754729,22.01831652,21.6529319,21.05677805,22.14523959,Out
01/03/2026 09:40,21.13754729,22.01831652,21.7529319,21.05677805,22.14523959,Out
01/03/2026 09:50,21.13754729,22.01831652,21.6529319,21.05677805,22.14523959,Out
01/03/2026 10:00,21.13754729,22.01831652,21.6529319,21.05677805,22.14523959,Out
01/03/2026 10:10,20.93754729,22.01831652,21.6529319,21.05677805,22.14523959,Out
01/03/2026 10:20,20.93754729,22.01831652,21.6529319,20.85677805,22.14523959,Out
01/03/2026 10:30,21.13754729,22.01831652,21.6529319,21.05677805,22.24523959,Out
01/03/2026 10:40,21.13754729,22.01831652,21.7529319,21.05677805,22.14523959,Out
01/03/2026 10:50,21.13754729,22.01831652,21.6529319,20.85677805,22.14523959,Out
01/03/2026 11:00,21.13754729,21.91831652,21.6529319,21.05677805,22.04523959,Out
01/03/2026 11:10,21.13754729,22.01831652,21.6529319,21.05677805,22.04523959,Out
01/03/2026 11:20,21.13754729,22.01831652,21.6529319,21.05677805,22.14523959,Out
01/03/2026 11:30,20.93754729,22.01831652,21.7529319,21.05677805,22.14523959,Out
01/03/2026 11:40,21.13754729,22.01831652,21.7529319,21.05677805,22.04523959,Out
01/03/2026 11:50,21.13754729,22.01831652,21.6529319,21.05677805,22.14523959,Out
01/03/2026 12:00,20.83754729,21.71831652,21.4529319,20.75677805,22.14523959,Out
01/03/2026 12:10,20.83754729,21.71831652,21.4529319,20.75677805,22.14523959,Out
01/03/2026 12:20,20.83754729,21.71831652,21.4529319,20.75677805,22.14523959,Out
01/03/2026 12:30,20.63754729,21.71831652,21.4529319,20.85677805,22.14523959,Out
01/03/2026 12:40,20.83754729,21.71831652,21.4529319,20.85677805,22.14523959,Out
01/03/2026 12:50,20.83754729,21.71831652,21.4529319,20.85677805,22.14523959,Out
01/03/2026 13:00,20.83754729,21.71831652,21.6529319,20.85677805,22.14523959,Out
01/03/2026 13:10,20.83754729,21.71831652,21.4529319,20.85677805,22.14523959,Out
01/03/2026 13:20,20.83754729,21.71831652,21.4529319,20.85677805,22.14523959,Out
01/03/2026 13:30,20.83754729,21.91831652,21.4529319,20.85677805,22.14523959,Out
01/03/2026 13:40,20.83754729,21.71831652,21.4529319,20.85677805,22.04523959,Out
01/03/2026 13:50,20.83754729,21.91831652,21.4529319,20.85677805,22.14523959,Out
01/03/2026 14:00,20.83754729,21.71831652,21.4529319,20.85677805,22.14523959,Out
01/03/2026 14:10,20.83754729,21.91831652,21.4529319,20.85677805,22.14523959,Out
01/03/2026 14:20,20.83754729,21.91831652,21.4529319,20.85677805,22.04523959,Out
01/03/2026 14:30,20.83754729,21.71831652,21.4529319,20.85677805,22.14523959,Out
01/03/2026 14:40,20.83754729,21.91831652,21.4529319,20.85677805,22.24523959,Out
01/03/2026 14:50,20.83754729,21.71831652,21.4529319,20.85677805,22.14523959,Out
01/03/2026 15:00,20.83754729,21.91831652,21.4529319,20.85677805,22.14523959,Out
01/03/2026 15:10,20.83754729,21.71831652,21.4529319,20.85677805,22.14523959,Out
01/03/2026 15:20,20.83754729,21.91831652,21.4529319,20.85677805,22.14523959,Out
01/03/2026 15:30,20.83754729,21.91831652,21.6529319,20.85677805,22.14523959,Out
01/03/2026 15:40,20.93754729,21.91831652,21.4529319,20.85677805,22.14523959,Out
01/03/2026 15:50,20.83754729,21.91831652,21.4529319,21.05677805,22.14523959,Out
01/03/2026 16:00,20.93754729,21.91831652,21.4529319,20.85677805,22.14523959,Out
01/03/2026 16:10,20.93754729,21.91831652,21.4529319,20.85677805,22.24523959,Out
01/03/2026 16:20,20.93754729,22.01831652,21.4529319,20.85677805,22.14523959,Out
01/03/2026 16:30,20.93754729,21.91831652,21.6529319,20.85677805,22.14523959,Out
01/03/2026 16:40,20.93754729,21.91831652,21.6529319,20.85677805,22.14523959,Out
01/03/2026 16:50,20.93754729,21.91831652,21.6529319,20.85677805,22.14523959,Out
01/03/2026 17:00,20.93754729,21.91831652,21.4529319,21.05677805,22.14523959,Out
01/03/2026 17:10,20.93754729,22.01831652,21.6529319,21.05677805,22.14523959,Out
01/03/2026 17:20,20.93754729,21.91831652,21.6529319,20.85677805,22.14523959,Out
01/03/2026 17:30,20.93754729,21.91831652,21.6529319,20.85677805,22.14523959,Out
01/03/2026 17:40,20.93754729,21.91831652,21.6529319,20.85677805,22.04523959,Out
01/03/2026 17:50,20.93754729,21.91831652,21.6529319,21.05677805,22.14523959,Out
01/03/2026 18:00,20.93754729,21.91831652,21.6529319,21.05677805,22.14523959,Out
01/03/2026 18:10,20.93754729,21.91831652,21.6529319,20.85677805,22.14523959,Out
01/03/2026 18:20,20.93754729,22.01831652,21.6529319,20.85677805,22.14523959,Out
01/03/2026 18:30,20.93754729,21.91831652,21.6529319,21.05677805,22.14523959,Out
01/03/2026 18:40,20.93754729,22.01831652,21.6529319,20.85677805,22.24523959,Out
01/03/2026 18:50,20.93754729,21.91831652,21.6529319,21.05677805,22.14523959,Out
01/03/2026 19:00,20.93754729,21.91831652,21.6529319,21.05677805,22.14523959,Out
01/03/2026 19:10,20.93754729,22.01831652,21.6529319,20.85677805,22.14523959,Out
01/03/2026 19:20,20.93754729,22.01831652,21.6529319,21.05677805,22.14523959,Out
01/03/2026 19:30,21.13754729,22.01831652,21.6529319,20.85677805,22.14523959,Out
01/03/2026 19:40,20.93754729,22.01831652,21.6529319,21.05677805,22.14523959,Out
01/03/2026 19:50,21.13754729,22.01831652,21.6529319,21.05677805,22.14523959,Out
01/03/2026 20:00,21.13754729,22.01831652,21.6529319,20.85677805,22.14523959,Out
01/03/2026 20:10,20.93754729,22.01831652,21.6529319,21.05677805,22.14523959,Out
01/03/2026 20:20,20.93754729,22.01831652,21.6529319,21.05677805,22.14523959,Out
01/03/2026 20:30,21.13754729,21.91831652,21.6529319,21.05677805,22.14523959,Out
01/03/2026 20:40,21.13754729,22.01831652,21.6529319,21.05677805,22.24523959,Out
01/03/2026 20:50,21.13754729,22.01831652,21.6529319,21.05677805,22.14523959,Out
01/03/2026 21:00,21.13754729,22.01831652,21.6529319,21.05677805,22.14523959,Out
01/03/2026 21:10,20.93754729,22.01831652,21.6529319,20.85677805,22.14523959,Out
01/03/2026 21:20,21.13754729,22.01831652,21.6529319,21.05677805,22.14523959,Out
01/03/2026 21:30,20.93754729,22.01831652,21.7529319,21.05677805,22.14523959,Out
01/03/2026 21:40,20.93754729,22.01831652,21.7529319,20.85677805,22.14523959,Out
01/03/2026 21:50,21.13754729,21.91831652,21.7529319,21.05677805,22.04523959,Out
01/03/2026 22:00,21.13754729,22.01831652,21.6529319,21.05677805,22.14523959,Out
01/03/2026 22:10,21.13754729,22.01831652,21.6529319,21.05677805,22.14523959,Out
01/03/2026 22:20,21.13754729,22.01831652,21.6529319,20.85677805,22.14523959,Out
01/03/2026 22:30,21.13754729,22.01831652,21.7529319,21.05677805,22.14523959,Out
01/03/2026 22:40,21.13754729,22.01831652,21.6529319,20.85677805,22.14523959,Out
01/03/2026 22:50,20.93754729,22.01831652,21.6529319,21.05677805,22.14523959,Out
01/03/2026 23:00,21.13754729,22.01831652,21.6529319,20.85677805,22.14523959,Out
01/03/2026 23:10,21.13754729,21.91831652,21.6529319,20.85677805,22.14523959,Out
01/03/2026 23:20,20.93754729,21.91831652,21.6529319,21.05677805,22.14523959,Out
01/03/2026 23:30,21.13754729,22.01831652,21.6529319,21.05677805,22.14523959,Out
01/03/2026 23:40,20.93754729,22.01831652,21.6529319,21.05677805,22.14523959,Out
01/03/2026 23:50,21.13754729,22.01831652,21.6529319,20.85677805,22.14523959,Out
02/03/2026 00:00,21.13754729,22.01831652,21.7529319,21.05677805,22.14523959,Out
02/03/2026 00:10,21.13754729,21.91831652,21.6529319,21.05677805,22.14523959,Out
02/03/2026 00:20,21.13754729,22.01831652,21.6529319,20.85677805,22.24523959,Out
02/03/2026 00:30,21.13754729,22.01831652,21.4529319,20.85677805,22.14523959,Out
02/03/2026 00:40,20.93754729,22.01831652,21.6529319,20.85677805,22.04523959,Out
02/03/2026 00:50,20.93754729,22.01831652,21.6529319,20.85677805,22.24523959,Out
02/03/2026 01:00,20.93754729,22.01831652,21.6529319,21.05677805,22.14523959,Out
02/03/2026 01:10,21.13754729,22.01831652,21.6529319,20.85677805,22.14523959,Out
02/03/2026 01:20,21.13754729,22.01831652,21.6529319,20.85677805,22.14523959,Out
02/03/2026 01:30,20.93754729,22.01831652,21.6529319,20.85677805,22.14523959,Out
02/03/2026 01:40,20.93754729,22.01831652,21.6529319,21.05677805,22.14523959,Out
02/03/2026 01:50,20.93754729,22.01831652,21.6529319,20.85677805,22.04523959,Out
02/03/2026 02:00,21.13754729,22.01831652,21.6529319,21.05677805,22.14523959,Out
02/03/2026 02:10,21.13754729,22.01831652,21.6529319,20.85677805,22.14523959,Out
02/03/2026 02:20,21.13754729,22.01831652,21.6529319,20.85677805,22.14523959,Out
02/03/2026 02:30,20.93754729,22.01831652,21.6529319,20.85677805,22.04523959,Out
02/03/2026 02:40,21.13754729,21.91831652,21.6529319,21.05677805,22.14523959,Out
02/03/2026 02:50,21.13754729,22.01831652,21.6529319,20.85677805,22.14523959,Out
02/03/2026 03:00,21.13754729,22.01831652,21.6529319,20.85677805,22.14523959,Out
02/03/2026 03:10,21.13754729,22.01831652,21.6529319,20.85677805,22.04523959,Out
02/03/2026 03:20,20.93754729,22.01831652,21.6529319,21.05677805,22.14523959,Out
02/03/2026 03:30,20.93754729,22.01831652,21.6529319,21.05677805,22.04523959,Out
02/03/2026 03:40,20.93754729,22.01831652,21.6529319,20.85677805,22.14523959,Out
02/03/2026 03:50,20.93754729,22.01831652,21.6529319,20.85677805,22.14523959,Out
02/03/2026 04:00,21.13754729,21.91831652,21.6529319,20.85677805,22.14523959,Out
02/03/2026 04:10,20.93754729,21.91831652,21.6529319,20.85677805,22.14523959,Out
02/03/2026 04:20,21.13754729,22.01831652,21.6529319,21.05677805,22.04523959,Out
02/03/2026 04:30,21.13754729,22.01831652,21.6529319,21.05677805,22.04523959,Out
02/03/2026 04:40,20.93754729,22.01831652,21.6529319,20.85677805,22.14523959,Out
02/03/2026 04:50,20.93754729,22.01831652,21.6529319,20.85677805,22.14523959,Out
02/03/2026 05:00,20.93754729,22.01831652,21.6529319,21.05677805,22.14523959,Out
02/03/2026 05:10,20.93754729,22.01831652,21.6529319,21.05677805,22.04523959,Out
02/03/2026 05:20,20.93754729,22.01831652,21.6529319,20.85677805,22.04523959,Out
02/03/2026 05:30,20.93754729,21.91831652,21.6529319,21.05677805,22.14523959,Out
02/03/2026 05:40,21.13754729,21.91831652,21.6529319,20.85677805,22.04523959,Out
02/03/2026 05:50,21.13754729,22.01831652,21.4529319,20.85677805,22.04523959,Out
02/03/2026 06:00,21.13754729,22.01831652,21.7529319,21.05677805,22.14523959,Out
02/03/2026 06:10,20.93754729,22.01831652,21.6529319,21.05677805,22.14523959,Out
02/03/2026 06:20,20.93754729,22.01831652,21.6529319,21.05677805,22.14523959,Out
02/03/2026 06:30,20.93754729,22.01831652,21.6529319,20.85677805,22.14523959,Out
02/03/2026 06:40,21.13754729,22.01831652,21.6529319,21.05677805,22.14523959,Out
02/03/2026 06:50,21.13754729,22.01831652,21.6529319,21.05677805,22.14523959,Out
02/03/2026 07:00,20.93754729,22.01831652,21.6529319,21.05677805,22.14523959,Out
02/03/2026 07:10,21.13754729,21.91831652,21.6529319,21.05677805,22.14523959,Out
02/03/2026 07:20,21.13754729,21.91831652,21.6529319,21.05677805,22.14523959,Out
02/03/2026 07:30,20.93754729,21.91831652,21.6529319,21.05677805,22.14523959,Out
02/03/2026 07:40,21.13754729,21.91831652,21.6529319,20.85677805,22.14523959,Out
02/03/2026 07:50,21.13754729,22.01831652,21.6529319,20.85677805,22.14523959,Out
02/03/2026 08:00,21.13754729,21.91831652,21.6529319,21.05677805,22.14523959,Out
02/03/2026 08:10,21.13754729,21.91831652,21.6529319,21.05677805,22.14523959,Out
02/03/2026 08:20,21.13754729,21.91831652,21.6529319,21.05677805,22.14523959,Out
02/03/2026 08:30,21.13754729,22.01831652,21.6529319,21.05677805,22.14523959,Out
02/03/2026 08:40,20.93754729,22.01831652,21.6529319,20.85677805,22.14523959,Out
02/03/2026 08:50,21.13754729,22.01831652,21.6529319,21.05677805,22.14523959,Out
02/03/2026 09:00,21.13754729,22.01831652,21.6529319,20.85677805,22.14523959,Out
02/03/2026 09:10,20.93754729,22.01831652,21.6529319,20.85677805,22.14523959,Out
02/03/2026 09:20,20.93754729,21.91831652,21.6529319,20.85677805,22.04523959,Out
02/03/2026 09:30,20.93754729,22.01831652,21.6529319,21.05677805,22.14523959,Out
02/03/2026 09:40,20.93754729,21.91831652,21.6529319,20.85677805,22.04523959,Out
02/03/2026 09:50,21.13754729,22.01831652,21.6529319,20.85677805,22.04523959,Out
02/03/2026 10:00,20.93754729,22.01831652,21.4529319,20.85677805,22.04523959,Out
02/03/2026 10:10,20.83754729,21.71831652,21.4529319,20.75677805,22.14523959,Out
02/03/2026 10:20,20.83754729,21.71831652,21.6529319,20.85677805,22.04523959,Out
02/03/2026 10:30,20.93754729,21.91831652,21.6529319,20.85677805,22.14523959,Out
02/03/2026 10:40,20.93754729,21.91831652,21.6529319,20.85677805,22.04523959,Out
02/03/2026 10:50,20.93754729,21.91831652,21.4529319,20.85677805,22.04523959,Out
02/03/2026 11:00,20.83754729,21.71831652,21.4529319,20.75677805,22.04523959,Out
02/03/2026 11:10,20.83754729,21.91831652,21.4529319,20.75677805,22.14523959,Out
02/03/2026 11:20,20.83754729,21.71831652,21.4529319,20.75677805,22.14523959,Out
02/03/2026 11:30,20.83754729,21.71831652,21.3529319,20.75677805,22.04523959,Out
02/03/2026 11:40,20.83754729,21.91831652,21.4529319,20.75677805,22.04523959,Out
02/03/2026 11:50,20.83754729,21.71831652,21.4529319,20.85677805,22.04523959,Out
02/03/2026 12:00,20.63754729,21.71831652,21.4529319,20.75677805,22.04523959,Out
02/03/2026 12:10,20.83754729,21.61831652,21.3529319,20.75677805,22.14523959,Out
02/03/2026 12:20,20.63754729,21.71831652,21.3529319,20.75677805,22.04523959,Out
02/03/2026 12:30,20.63754729,21.61831652,21.4529319,20.75677805,22.14523959,Out
02/03/2026 12:40,20.63754729,21.61831652,21.3529319,20.85677805,22.04523959,Out
02/03/2026 12:50,20.63754729,21.71831652,21.4529319,20.85677805,22.04523959,Out
02/03/2026 13:00,20.63754729,21.71831652,21.4529319,20.75677805,22.14523959,Out
02/03/2026 13:10,20.63754729,21.71831652,21.4529319,20.75677805,22.24523959,Out
02/03/2026 13:20,20.63754729,21.71831652,21.4529319,20.75677805,22.14523959,Out
02/03/2026 13:30,20.63754729,21.71831652,21.4529319,20.75677805,22.04523959,Out
02/03/2026 13:40,20.83754729,21.71831652,21.3529319,20.85677805,22.04523959,Out
02/03/2026 13:50,20.83754729,21.71831652,21.3529319,20.75677805,22.14523959,Out
02/03/2026 14:00,20.83754729,21.91831652,21.4529319,20.85677805,22.14523959,Out
02/03/2026 14:10,20.83754729,21.71831652,21.3529319,20.75677805,22.14523959,Out
02/03/2026 14:20,20.83754729,21.91831652,21.3529319,20.75677805,22.14523959,Out
02/03/2026 14:30,20.83754729,21.71831652,21.4529319,20.75677805,22.14523959,Out
02/03/2026 14:40,20.83754729,21.71831652,21.4529319,20.85677805,22.14523959,Out
02/03/2026 14:50,20.83754729,21.91831652,21.4529319,20.85677805,22.14523959,Out
02/03/2026 15:00,20.83754729,21.91831652,21.4529319,20.85677805,22.14523959,Out
02/03/2026 15:10,20.83754729,21.71831652,21.4529319,20.85677805,22.14523959,Out
02/03/2026 15:20,20.83754729,21.71831652,21.4529319,20.85677805,22.04523959,Out
02/03/2026 15:30,20.83754729,21.91831652,21.4529319,20.85677805,22.14523959,Out
02/03/2026 15:40,20.83754729,21.71831652,21.4529319,20.85677805,22.14523959,Out
02/03/2026 15:50,20.83754729,21.91831652,21.4529319,20.75677805,22.14523959,Out
02/03/2026 16:00,20.83754729,21.71831652,21.4529319,20.85677805,22.04523959,Out
02/03/2026 16:10,20.83754729,21.71831652,21.4529319,20.85677805,22.14523959,Out
02/03/2026 16:20,20.83754729,21.71831652,21.4529319,20.85677805,22.04523959,Out
02/03/2026 16:30,20.83754729,21.71831652,21.4529319,20.85677805,22.14523959,Out
02/03/2026 16:40,20.83754729,21.91831652,21.4529319,20.85677805,22.04523959,Out
02/03/2026 16:50,20.83754729,21.91831652,21.6529319,20.85677805,22.14523959,Out
02/03/2026 17:00,20.83754729,21.91831652,21.6529319,20.85677805,22.14523959,Out
02/03/2026 17:10,20.83754729,21.91831652,21.4529319,20.85677805,22.14523959,Out
02/03/2026 17:20,20.83754729,21.91831652,21.4529319,20.85677805,22.14523959,Out
02/03/2026 17:30,20.83754729,21.91831652,21.4529319,20.85677805,22.04523959,Out
02/03/2026 17:40,20.93754729,21.91831652,21.6529319,21.05677805,22.14523959,Out
02/03/2026 17:50,20.83754729,21.91831652,21.6529319,20.85677805,22.04523959,Out
02/03/2026 18:00,20.93754729,21.91831652,21.6529319,21.05677805,22.14523959,Out
02/03/2026 18:10,20.83754729,21.91831652,21.4529319,20.85677805,22.14523959,Out
02/03/2026 18:20,20.93754729,21.91831652,21.4529319,20.85677805,22.14523959,Out
02/03/2026 18:30,20.93754729,21.91831652,21.4529319,20.85677805,22.14523959,Out
02/03/2026 18:40,20.93754729,21.91831652,21.4529319,20.85677805,22.04523959,Out
02/03/2026 18:50,20.93754729,21.91831652,21.6529319,20.85677805,22.14523959,Out
02/03/2026 19:00,20.93754729,21.91831652,21.4529319,20.85677805,22.14523959,Out
02/03/2026 19:10,20.93754729,21.91831652,21.4529319,20.85677805,22.14523959,Out
02/03/2026 19:20,20.93754729,21.91831652,21.6529319,20.85677805,22.04523959,Out
02/03/2026 19:30,20.93754729,21.91831652,21.6529319,21.05677805,22.14523959,Out
02/03/2026 19:40,20.93754729,21.91831652,21.6529319,20.85677805,22.04523959,Out
02/03/2026 19:50,20.93754729,22.01831652,21.6529319,20.85677805,22.14523959,Out
02/03/2026 20:00,20.93754729,21.91831652,21.6529319,20.85677805,22.14523959,Out
02/03/2026 20:10,20.93754729,21.91831652,21.7529319,20.85677805,22.14523959,Out
02/03/2026 20:20,20.93754729,21.91831652,21.4529319,21.05677805,22.14523959,Out
02/03/2026 20:30,20.93754729,21.91831652,21.6529319,20.85677805,22.14523959,Out
02/03/2026 20:40,20.93754729,22.01831652,21.6529319,20.85677805,22.14523959,Out
02/03/2026 20:50,20.93754729,22.01831652,21.6529319,20.85677805,22.14523959,Out
02/03/2026 21:00,20.93754729,22.01831652,21.6529319,20.85677805,22.04523959,Out
02/03/2026 21:10,20.93754729,22.01831652,21.6529319,21.05677805,22.04523959,Out
02/03/2026 21:20,21.13754729,22.01831652,21.6529319,20.85677805,22.04523959,Out
02/03/2026 21:30,20.93754729,21.91831652,21.6529319,21.05677805,22.14523959,Out
02/03/2026 21:40,20.93754729,22.01831652,21.6529319,21.05677805,22.14523959,Out
02/03/2026 21:50,20.93754729,22.01831652,21.6529319,20.85677805,22.14523959,Out
02/03/2026 22:00,20.93754729,22.01831652,21.6529319,20.85677805,22.14523959,Out
02/03/2026 22:10,20.93754729,22.01831652,21.6529319,20.85677805,22.14523959,Out
02/03/2026 22:20,20.93754729,22.01831652,21.6529319,20.85677805,22.14523959,Out
02/03/2026 22:30,21.13754729,22.01831652,21.6529319,20.85677805,22.04523959,Out
02/03/2026 22:40,20.93754729,21.91831652,21.6529319,20.85677805,22.14523959,Out
02/03/2026 22:50,20.93754729,22.01831652,21.4529319,21.05677805,22.14523959,Out
02/03/2026 23:00,20.93754729,21.91831652,21.6529319,21.05677805,22.14523959,Out
02/03/2026 23:10,20.93754729,21.91831652,21.6529319,20.85677805,22.14523959,Out
02/03/2026 23:20,20.93754729,22.01831652,21.6529319,21.05677805,22.04523959,Out
02/03/2026 23:30,20.93754729,22.01831652,21.6529319,20.85677805,22.14523959,Out
02/03/2026 23:40,20.93754729,22.01831652,21.6529319,20.85677805,22.04523959,Out
02/03/2026 23:50,20.93754729,22.01831652,21.6529319,20.85677805,22.14523959,Out
03/03/2026 00:00,20.93754729,21.91831652,21.6529319,21.05677805,22.14523959,Out
03/03/2026 00:10,20.93754729,22.01831652,21.6529319,20.85677805,22.04523959,Out
03/03/2026 00:20,20.93754729,22.01831652,21.6529319,20.85677805,22.04523959,Out
03/03/2026 00:30,20.93754729,22.01831652,21.6529319,20.85677805,22.14523959,Out
03/03/2026 00:40,20.93754729,21.91831652,21.6529319,20.85677805,22.04523959,Out
03/03/2026 00:50,20.93754729,21.91831652,21.6529319,20.85677805,22.14523959,Out
03/03/2026 01:00,20.93754729,22.01831652,21.6529319,20.85677805,22.14523959,Out
03/03/2026 01:10,20.93754729,22.01831652,21.6529319,20.85677805,22.04523959,Out
03/03/2026 01:20,20.93754729,21.91831652,21.6529319,20.85677805,22.04523959,Out
03/03/2026 01:30,20.93754729,21.91831652,21.4529319,20.85677805,22.14523959,Out
03/03/2026 01:40,20.93754729,21.91831652,21.6529319,20.85677805,22.04523959,Out
03/03/2026 01:50,20.93754729,22.01831652,21.6529319,20.85677805,22.04523959,Out
03/03/2026 02:00,20.93754729,22.01831652,21.6529319,20.85677805,22.14523959,Out
03/03/2026 02:10,20.93754729,21.91831652,21.6529319,20.85677805,22.04523959,Out
03/03/2026 02:20,20.93754729,22.01831652,21.6529319,20.85677805,22.04523959,Out
03/03/2026 02:30,20.93754729,21.91831652,21.6529319,20.85677805,22.14523959,Out
03/03/2026 02:40,21.13754729,21.91831652,21.6529319,20.85677805,22.04523959,Out
03/03/2026 02:50,20.93754729,21.91831652,21.6529319,20.85677805,22.04523959,Out
03/03/2026 03:00,20.93754729,22.01831652,21.6529319,20.85677805,22.04523959,Out
03/03/2026 03:10,20.93754729,21.91831652,21.6529319,20.85677805,22.04523959,Out
03/03/2026 03:20,20.93754729,21.91831652,21.6529319,20.85677805,22.14523959,Out
03/03/2026 03:30,20.93754729,22.01831652,21.4529319,20.75677805,22.14523959,Out
03/03/2026 03:40,20.93754729,21.91831652,21.6529319,20.85677805,22.04523959,Out
03/03/2026 03:50,20.93754729,22.01831652,21.6529319,20.85677805,22.04523959,Out
03/03/2026 04:00,20.93754729,21.91831652,21.6529319,20.85677805,22.14523959,Out
03/03/2026 04:10,20.93754729,21.91831652,21.6529319,20.85677805,22.04523959,Out
03/03/2026 04:20,20.93754729,22.01831652,21.6529319,20.85677805,22.04523959,Out
03/03/2026 04:30,20.93754729,21.91831652,21.6529319,20.85677805,22.04523959,Out
03/03/2026 04:40,20.93754729,21.91831652,21.4529319,21.05677805,22.04523959,Out
03/03/2026 04:50,20.93754729,21.91831652,21.6529319,20.85677805,22.14523959,Out
03/03/2026 05:00,20.93754729,21.91831652,21.6529319,20.85677805,22.04523959,Out
03/03/2026 05:10,20.93754729,21.91831652,21.6529319,20.85677805,22.14523959,Out
03/03/2026 05:20,20.93754729,21.91831652,21.6529319,20.85677805,22.04523959,Out
03/03/2026 05:30,20.93754729,21.91831652,21.6529319,20.85677805,22.14523959,Out
03/03/2026 05:40,20.93754729,21.91831652,21.4529319,20.85677805,22.04523959,Out
03/03/2026 05:50,20.93754729,21.91831652,21.6529319,21.05677805,22.14523959,Out
03/03/2026 06:00,20.93754729,21.91831652,21.6529319,20.85677805,22.04523959,Out
03/03/2026 06:10,20.93754729,21.91831652,21.6529319,20.85677805,22.04523959,Out
03/03/2026 06:20,20.93754729,21.91831652,21.6529319,21.05677805,22.04523959,Out
03/03/2026 06:30,20.83754729,22.01831652,21.6529319,20.85677805,22.04523959,Out
03/03/2026 06:40,20.93754729,21.91831652,21.6529319,20.85677805,22.04523959,Out
03/03/2026 06:50,20.93754729,21.91831652,21.6529319,20.85677805,22.04523959,Out
03/03/2026 07:00,20.93754729,21.91831652,21.6529319,20.85677805,22.04523959,Out
03/03/2026 07:10,20.93754729,21.91831652,21.6529319,20.85677805,22.04523959,Out
03/03/2026 07:20,20.93754729,21.91831652,21.6529319,20.85677805,22.04523959,Out
03/03/2026 07:30,20.93754729,21.91831652,21.6529319,20.85677805,22.14523959,Out
03/03/2026 07:40,20.93754729,21.91831652,21.6529319,20.85677805,22.04523959,Out
03/03/2026 07:50,20.93754729,21.91831652,21.4529319,20.85677805,22.04523959,Out
03/03/2026 08:00,20.93754729,21.91831652,21.6529319,20.85677805,22.04523959,Out
03/03/2026 08:10,20.93754729,21.91831652,21.4529319,20.85677805,22.04523959,Out
03/03/2026 08:20,20.93754729,21.91831652,21.4529319,20.85677805,22.04523959,Out
03/03/2026 08:30,20.93754729,21.91831652,21.4529319,20.85677805,22.04523959,Out
03/03/2026 08:40,20.93754729,21.91831652,21.6529319,20.85677805,22.04523959,Out
03/03/2026 08:50,20.83754729,21.71831652,21.4529319,20.75677805,22.04523959,Out
03/03/2026 09:00,20.83754729,21.71831652,21.3529319,20.75677805,22.04523959,Out
03/03/2026 09:10,20.83754729,21.71831652,21.4529319,20.75677805,22.04523959,Out
03/03/2026 09:20,20.83754729,21.71831652,21.3529319,20.55677805,22.04523959,Out
03/03/2026 09:30,20.63754729,21.71831652,21.4529319,20.75677805,21.94523959,Out
03/03/2026 09:40,20.63754729,21.71831652,21.4529319,20.85677805,22.04523959,Out
03/03/2026 09:50,20.83754729,21.71831652,21.4529319,20.75677805,22.04523959,Out
03/03/2026 10:00,20.83754729,21.71831652,21.4529319,20.75677805,22.04523959,Out
03/03/2026 10:10,20.83754729,21.71831652,21.3529319,20.75677805,22.04523959,Out
03/03/2026 10:20,20.83754729,21.71831652,21.4529319,20.75677805,22.04523959,Out
03/03/2026 10:30,20.83754729,21.71831652,21.4529319,20.85677805,22.04523959,Out
03/03/2026 10:40,20.83754729,21.71831652,21.4529319,20.75677805,22.04523959,Out
03/03/2026 10:50,20.83754729,21.71831652,21.4529319,20.75677805,22.04523959,Out
03/03/2026 11:00,20.83754729,21.71831652,21.4529319,20.85677805,22.04523959,Out
03/03/2026 11:10,20.83754729,21.71831652,21.4529319,20.75677805,22.04523959,Out
03/03/2026 11:20,20.63754729,21.71831652,21.4529319,20.85677805,22.04523959,Out
03/03/2026 11:30,20.83754729,21.71831652,21.4529319,20.75677805,22.04523959,Out
03/03/2026 11:40,20.83754729,21.71831652,21.4529319,20.75677805,22.04523959,Out
03/03/2026 11:50,20.83754729,21.71831652,21.4529319,20.75677805,22.04523959,Out
03/03/2026 12:00,20.83754729,21.71831652,21.4529319,20.75677805,22.04523959,Out
03/03/2026 12:10,20.83754729,21.71831652,21.3529319,20.55677805,22.14523959,Out
03/03/2026 12:20,20.83754729,21.71831652,21.3529319,20.75677805,22.04523959,Out
03/03/2026 12:30,20.83754729,21.71831652,21.4529319,20.75677805,22.04523959,Out
03/03/2026 12:40,20.83754729,21.71831652,21.4529319,20.75677805,22.04523959,Out
03/03/2026 12:50,20.83754729,21.71831652,21.3529319,20.75677805,22.04523959,Out
03/03/2026 13:00,20.83754729,21.71831652,21.3529319,20.75677805,22.04523959,Out
03/03/2026 13:10,20.63754729,21.71831652,21.4529319,20.75677805,22.14523959,Out
03/03/2026 13:20,20.63754729,21.61831652,21.4529319,20.85677805,22.14523959,Out
03/03/2026 13:30,20.63754729,21.71831652,21.4529319,20.85677805,22.04523959,Out
03/03/2026 13:40,20.63754729,21.71831652,21.3529319,20.75677805,22.04523959,Out
03/03/2026 13:50,20.83754729,21.71831652,21.3529319,20.75677805,22.04523959,Out
03/03/2026 14:00,20.83754729,21.71831652,21.4529319,20.85677805,22.04523959,Out
03/03/2026 14:10,20.83754729,21.71831652,21.4529319,20.85677805,22.04523959,Out
03/03/2026 14:20,20.83754729,21.71831652,21.4529319,20.85677805,22.04523959,Out
03/03/2026 14:30,20.63754729,21.71831652,21.4529319,20.85677805,22.04523959,Out
03/03/2026 14:40,20.83754729,21.71831652,21.4529319,20.85677805,22.04523959,Out
03/03/2026 14:50,20.83754729,21.71831652,21.4529319,20.85677805,22.04523959,Out
03/03/2026 15:00,20.83754729,21.71831652,21.4529319,20.75677805,22.04523959,Out
03/03/2026 15:10,20.93754729,21.71831652,21.4529319,20.85677805,22.04523959,Out
03/03/2026 15:20,20.83754729,21.91831652,21.4529319,20.85677805,22.04523959,Out
03/03/2026 15:30,20.93754729,21.91831652,21.6529319,20.85677805,22.14523959,Out
03/03/2026 15:40,20.93754729,21.91831652,21.6529319,20.75677805,22.04523959,Out
03/03/2026 15:50,20.93754729,21.91831652,21.4529319,20.85677805,22.04523959,Out
03/03/2026 16:00,20.93754729,21.91831652,21.4529319,20.85677805,22.04523959,Out
03/03/2026 16:10,20.93754729,21.91831652,21.4529319,20.85677805,22.14523959,Out
03/03/2026 16:20,20.93754729,21.91831652,21.4529319,20.85677805,22.04523959,Out
03/03/2026 16:30,20.93754729,21.91831652,21.6529319,20.85677805,22.04523959,Out
03/03/2026 16:40,20.93754729,22.01831652,21.4529319,20.85677805,22.04523959,Out
03/03/2026 16:50,20.93754729,21.91831652,21.6529319,20.85677805,22.04523959,Out
03/03/2026 17:00,20.93754729,21.91831652,21.6529319,20.85677805,22.04523959,Out
03/03/2026 17:10,20.93754729,21.91831652,21.6529319,20.85677805,22.04523959,Out
03/03/2026 17:20,20.93754729,21.91831652,21.6529319,20.85677805,22.04523959,Out
03/03/2026 17:30,20.93754729,21.91831652,21.6529319,20.85677805,22.04523959,Out
03/03/2026 17:40,20.93754729,21.91831652,21.4529319,20.85677805,22.14523959,Out
03/03/2026 17:50,20.93754729,21.91831652,21.4529319,20.85677805,22.04523959,Out
03/03/2026 18:00,20.93754729,21.91831652,21.6529319,20.85677805,22.04523959,Out
03/03/2026 18:10,20.93754729,21.91831652,21.6529319,20.85677805,22.04523959,Out
03/03/2026 18:20,20.93754729,21.91831652,21.4529319,20.85677805,22.04523959,Out
03/03/2026 18:30,20.93754729,21.91831652,21.4529319,20.85677805,22.04523959,Out
03/03/2026 18:40,20.93754729,21.91831652,21.6529319,20.85677805,22.04523959,Out
03/03/2026 18:50,20.93754729,21.91831652,21.6529319,20.85677805,22.04523959,Out
03/03/2026 19:00,20.93754729,21.91831652,21.4529319,20.85677805,22.04523959,Out
03/03/2026 19:10,20.93754729,21.91831652,21.6529319,20.85677805,22.04523959,Out
03/03/2026 19:20,20.93754729,21.91831652,21.4529319,20.85677805,22.14523959,Out
03/03/2026 19:30,20.93754729,21.91831652,21.4529319,20.85677805,22.14523959,Out
03/03/2026 19:40,20.93754729,21.91831652,21.6529319,20.85677805,22.04523959,Out
03/03/2026 19:50,20.93754729,21.91831652,21.4529319,20.85677805,22.04523959,Out
03/03/2026 20:00,20.93754729,21.91831652,21.4529319,20.85677805,22.04523959,Out
03/03/2026 20:10,20.93754729,21.91831652,21.6529319,20.85677805,22.04523959,Out
03/03/2026 20:20,20.93754729,21.91831652,21.4529319,20.85677805,22.04523959,Out
03/03/2026 20:30,20.93754729,21.91831652,21.6529319,20.85677805,22.14523959,Out
03/03/2026 20:40,20.93754729,22.01831652,21.4529319,20.85677805,22.14523959,Out
03/03/2026 20:50,20.93754729,21.91831652,21.6529319,20.85677805,22.04523959,Out
03/03/2026 21:00,20.83754729,21.91831652,21.4529319,20.85677805,22.04523959,Out
03/03/2026 21:10,20.93754729,21.91831652,21.4529319,20.85677805,22.04523959,Out
03/03/2026 21:20,20.93754729,21.91831652,21.4529319,20.85677805,22.04523959,Out
03/03/2026 21:30,20.93754729,21.91831652,21.6529319,20.85677805,22.04523959,Out
03/03/2026 21:40,20.93754729,21.91831652,21.6529319,20.85677805,22.04523959,Out
03/03/2026 21:50,20.93754729,22.01831652,21.6529319,20.85677805,22.14523959,Out
03/03/2026 22:00,20.93754729,21.91831652,21.4529319,20.85677805,22.04523959,Out
03/03/2026 22:10,20.93754729,21.91831652,21.4529319,20.85677805,22.04523959,Out
03/03/2026 22:20,20.93754729,21.91831652,21.4529319,20.85677805,22.04523959,Out
03/03/2026 22:30,20.93754729,21.91831652,21.6529319,20.85677805,22.04523959,Out
03/03/2026 22:40,20.93754729,21.91831652,21.4529319,20.85677805,22.04523959,Out
03/03/2026 22:50,21.13754729,21.91831652,21.6529319,20.85677805,22.04523959,Out
03/03/2026 23:00,20.93754729,21.91831652,21.4529319,20.85677805,22.04523959,Out
03/03/2026 23:10,20.93754729,21.91831652,21.6529319,20.85677805,22.04523959,Out
03/03/2026 23:20,20.93754729,21.91831652,21.4529319,20.85677805,22.04523959,Out
03/03/2026 23:30,20.93754729,21.91831652,21.6529319,20.85677805,22.04523959,Out
03/03/2026 23:40,20.93754729,21.91831652,21.6529319,20.85677805,22.04523959,Out
03/03/2026 23:50,20.93754729,21.91831652,21.4529319,20.85677805,22.04523959,Out
04/03/2026 00:00,20.93754729,21.91831652,21.4529319,20.85677805,22.04523959,Out
04/03/2026 00:10,20.93754729,21.91831652,21.4529319,20.85677805,22.04523959,Out
04/03/2026 00:20,20.93754729,21.91831652,21.6529319,20.85677805,22.04523959,Out
04/03/2026 00:30,20.83754729,21.91831652,21.6529319,20.85677805,22.04523959,Out
04/03/2026 00:40,20.83754729,21.91831652,21.4529319,20.85677805,22.04523959,Out
04/03/2026 00:50,20.93754729,21.91831652,21.4529319,20.85677805,22.04523959,Out
04/03/2026 01:00,20.93754729,21.91831652,21.4529319,20.85677805,22.04523959,Out
04/03/2026 01:10,20.93754729,21.91831652,21.6529319,20.85677805,22.04523959,Out
04/03/2026 01:20,20.93754729,21.91831652,21.6529319,20.85677805,22.04523959,Out
04/03/2026 01:30,20.93754729,22.01831652,21.6529319,20.85677805,22.14523959,Out
04/03/2026 01:40,20.93754729,21.91831652,21.4529319,20.85677805,22.04523959,Out
04/03/2026 01:50,20.93754729,21.91831652,21.6529319,20.85677805,22.04523959,Out
04/03/2026 02:00,20.93754729,21.91831652,21.4529319,20.85677805,22.04523959,Out
04/03/2026 02:10,20.93754729,21.91831652,21.6529319,20.85677805,22.04523959,Out
04/03/2026 02:20,20.93754729,21.91831652,21.4529319,20.75677805,22.04523959,Out
04/03/2026 02:30,20.83754729,21.91831652,21.4529319,20.75677805,22.04523959,Out
04/03/2026 02:40,20.93754729,21.91831652,21.6529319,20.85677805,22.04523959,Out
04/03/2026 02:50,20.93754729,21.91831652,21.4529319,20.85677805,22.04523959,Out
04/03/2026 03:00,20.93754729,21.91831652,21.4529319,20.85677805,22.04523959,Out
04/03/2026 03:10,20.93754729,21.91831652,21.4529319,20.85677805,22.04523959,Out
04/03/2026 03:20,20.93754729,21.91831652,21.4529319,20.85677805,22.04523959,Out
04/03/2026 03:30,20.83754729,21.91831652,21.4529319,20.85677805,21.94523959,Out
04/03/2026 03:40,20.93754729,21.91831652,21.4529319,20.85677805,22.04523959,Out
04/03/2026 03:50,20.93754729,21.91831652,21.4529319,20.85677805,22.04523959,Out
04/03/2026 04:00,20.93754729,21.91831652,21.4529319,20.85677805,22.04523959,Out
04/03/2026 04:10,20.83754729,21.91831652,21.4529319,20.85677805,22.04523959,Out
04/03/2026 04:20,20.93754729,21.91831652,21.4529319,20.85677805,22.04523959,Out
04/03/2026 04:30,20.93754729,21.91831652,21.4529319,20.85677805,22.04523959,Out
04/03/2026 04:40,20.93754729,21.91831652,21.4529319,20.85677805,22.04523959,Out
04/03/2026 04:50,20.83754729,21.91831652,21.4529319,20.85677805,22.04523959,Out
04/03/2026 05:00,20.93754729,21.91831652,21.4529319,20.85677805,22.04523959,Out
04/03/2026 05:10,20.93754729,21.91831652,21.6529319,20.85677805,22.04523959,Out
04/03/2026 05:20,20.93754729,21.91831652,21.4529319,20.85677805,22.04523959,Out
04/03/2026 05:30,20.93754729,21.91831652,21.6529319,20.75677805,22.04523959,Out
04/03/2026 05:40,20.93754729,21.91831652,21.6529319,20.85677805,22.04523959,Out
04/03/2026 05:50,20.83754729,21.91831652,21.4529319,20.85677805,22.04523959,Out
04/03/2026 06:00,20.93754729,21.91831652,21.4529319,20.85677805,22.04523959,Out
04/03/2026 06:10,20.83754729,21.91831652,21.6529319,20.85677805,22.04523959,Out
04/03/2026 06:20,20.83754729,21.91831652,21.4529319,20.85677805,22.04523959,Out
04/03/2026 06:30,20.93754729,21.91831652,21.6529319,20.85677805,22.14523959,Out
04/03/2026 06:40,20.93754729,21.91831652,21.4529319,20.85677805,22.04523959,Out
04/03/2026 06:50,20.83754729,21.91831652,21.4529319,20.85677805,22.04523959,Out
04/03/2026 07:00,20.93754729,21.91831652,21.4529319,20.85677805,22.04523959,Out
04/03/2026 07:10,20.93754729,21.91831652,21.4529319,20.85677805,22.04523959,Out
04/03/2026 07:20,20.93754729,21.91831652,21.4529319,20.75677805,22.04523959,Out
04/03/2026 07:30,20.93754729,21.91831652,21.4529319,20.75677805,22.04523959,Out
04/03/2026 07:40,20.93754729,21.71831652,21.4529319,20.85677805,22.04523959,Out
04/03/2026 07:50,20.93754729,21.91831652,21.4529319,20.85677805,22.04523959,Out
04/03/2026 08:00,20.93754729,21.91831652,21.6529319,20.85677805,22.04523959,Out
04/03/2026 08:10,20.93754729,21.71831652,21.6529319,20.85677805,22.04523959,Out
04/03/2026 08:20,20.83754729,21.91831652,21.4529319,20.85677805,22.04523959,Out
04/03/2026 08:30,20.83754729,21.91831652,21.4529319,20.85677805,22.04523959,Out
04/03/2026 08:40,20.93754729,21.91831652,21.6529319,20.75677805,22.04523959,Out
04/03/2026 08:50,20.83754729,21.91831652,21.4529319,20.85677805,21.94523959,Out
04/03/2026 09:00,20.93754729,21.91831652,21.4529319,20.85677805,22.04523959,Out
04/03/2026 09:10,20.93754729,21.91831652,21.4529319,20.85677805,22.04523959,Out
04/03/2026 09:20,20.83754729,21.91831652,21.4529319,20.85677805,22.04523959,Out
04/03/2026 09:30,20.83754729,21.91831652,21.4529319,20.75677805,21.94523959,Out
04/03/2026 09:40,20.83754729,21.91831652,21.4529319,20.85677805,21.94523959,Out
04/03/2026 09:50,20.83754729,21.91831652,21.4529319,20.75677805,22.04523959,Out
04/03/2026 10:00,20.93754729,21.91831652,21.6529319,20.85677805,22.04523959,Out
04/03/2026 10:10,20.93754729,21.91831652,21.4529319,20.75677805,21.94523959,Out
04/03/2026 10:20,20.93754729,21.91831652,21.3529319,20.75677805,22.04523959,Out
04/03/2026 10:30,20.63754729,21.71831652,21.3529319,20.55677805,21.94523959,Out
04/03/2026 10:40,20.63754729,21.61831652,21.3529319,20.75677805,22.04523959,Out
04/03/2026 10:50,20.63754729,21.61831652,21.3529319,20.75677805,21.94523959,Out
04/03/2026 11:00,20.63754729,21.61831652,21.3529319,20.75677805,22.04523959,Out
04/03/2026 11:10,20.63754729,21.61831652,21.2529319,20.55677805,22.04523959,Out
04/03/2026 11:20,20.63754729,21.61831652,21.3529319,20.75677805,22.04523959,Out
04/03/2026 11:30,20.63754729,21.61831652,21.2529319,20.55677805,21.94523959,Out
04/03/2026 11:40,20.63754729,21.61831652,21.3529319,20.55677805,21.94523959,Out
04/03/2026 11:50,20.63754729,21.61831652,21.2529319,20.55677805,22.04523959,Out
04/03/2026 12:00,20.63754729,21.61831652,21.2529319,20.55677805,22.04523959,Out
04/03/2026 12:10,20.63754729,21.61831652,21.3529319,20.75677805,22.04523959,Out
04/03/2026 12:20,20.63754729,21.71831652,21.3529319,20.75677805,22.04523959,Out
04/03/2026 12:30,20.63754729,21.61831652,21.4529319,20.75677805,22.04523959,Out
04/03/2026 12:40,20.63754729,21.71831652,21.3529319,20.75677805,22.04523959,Out
04/03/2026 12:50,20.63754729,21.71831652,21.3529319,20.85677805,22.04523959,Out
04/03/2026 13:00,20.83754729,21.71831652,21.3529319,20.75677805,22.04523959,Out
04/03/2026 13:10,20.83754729,21.71831652,21.3529319,20.75677805,22.04523959,Out
04/03/2026 13:20,20.83754729,21.71831652,21.4529319,20.85677805,22.04523959,Out
04/03/2026 13:30,20.63754729,21.71831652,21.3529319,20.75677805,22.04523959,Out
04/03/2026 13:40,20.83754729,21.71831652,21.4529319,20.75677805,22.04523959,Out
04/03/2026 13:50,20.83754729,21.71831652,21.3529319,20.75677805,22.04523959,Out
04/03/2026 14:00,20.63754729,21.91831652,21.4529319,20.75677805,21.94523959,Out
04/03/2026 14:10,20.83754729,21.91831652,21.4529319,20.85677805,22.04523959,Out
04/03/2026 14:20,20.93754729,21.91831652,21.4529319,20.75677805,22.04523959,Out
04/03/2026 14:30,20.83754729,21.71831652,21.4529319,20.75677805,22.04523959,Out
04/03/2026 14:40,20.93754729,21.91831652,21.4529319,20.85677805,22.04523959,Out
04/03/2026 14:50,20.93754729,21.91831652,21.4529319,20.75677805,22.04523959,Out
04/03/2026 15:00,20.83754729,21.91831652,21.4529319,20.75677805,22.04523959,Out
04/03/2026 15:10,20.83754729,21.91831652,21.4529319,20.75677805,22.04523959,Out
04/03/2026 15:20,20.83754729,21.91831652,21.4529319,20.75677805,22.04523959,Out
04/03/2026 15:30,20.83754729,21.71831652,21.3529319,20.75677805,22.04523959,Out
04/03/2026 15:40,20.83754729,21.91831652,21.4529319,20.75677805,22.04523959,Out
04/03/2026 15:50,20.93754729,21.71831652,21.4529319,20.85677805,22.04523959,Out
04/03/2026 16:00,20.83754729,21.71831652,21.4529319,20.75677805,22.04523959,Out
04/03/2026 16:10,20.83754729,21.91831652,21.4529319,20.75677805,22.04523959,Out
04/03/2026 16:20,20.83754729,21.71831652,21.4529319,20.85677805,22.04523959,Out
04/03/2026 16:30,20.93754729,21.91831652,21.4529319,20.85677805,22.04523959,Out
04/03/2026 16:40,20.83754729,21.91831652,21.4529319,20.75677805,22.04523959,Out
04/03/2026 16:50,20.83754729,21.71831652,21.4529319,20.75677805,21.94523959,Out
04/03/2026 17:00,20.83754729,21.91831652,21.4529319,20.75677805,22.04523959,Out
04/03/2026 17:10,20.83754729,21.91831652,21.4529319,20.85677805,22.04523959,Out
04/03/2026 17:20,20.83754729,21.71831652,21.4529319,20.75677805,21.94523959,Out
04/03/2026 17:30,20.83754729,21.71831652,21.4529319,20.85677805,22.04523959,Out
04/03/2026 17:40,20.83754729,21.91831652,21.4529319,20.75677805,22.04523959,Out
04/03/2026 17:50,20.83754729,21.91831652,21.4529319,20.85677805,22.04523959,Out
04/03/2026 18:00,20.83754729,21.91831652,21.4529319,20.75677805,22.04523959,Out
04/03/2026 18:10,20.83754729,21.91831652,21.4529319,20.75677805,22.04523959,Out
04/03/2026 18:20,20.83754729,21.91831652,21.4529319,20.85677805,22.04523959,Out
04/03/2026 18:30,20.83754729,21.91831652,21.4529319,20.85677805,22.04523959,Out
04/03/2026 18:40,20.93754729,21.91831652,21.6529319,20.85677805,22.04523959,Out
04/03/2026 18:50,20.93754729,21.91831652,21.4529319,20.85677805,22.04523959,Out
04/03/2026 19:00,20.83754729,21.91831652,21.6529319,20.85677805,21.94523959,Out
04/03/2026 19:10,20.93754729,21.91831652,21.4529319,20.85677805,22.04523959,Out
04/03/2026 19:20,20.83754729,21.91831652,21.4529319,20.85677805,22.04523959,Out
04/03/2026 19:30,20.83754729,21.91831652,21.4529319,20.85677805,22.04523959,Out
04/03/2026 19:40,20.93754729,21.91831652,21.4529319,20.75677805,22.04523959,Out
04/03/2026 19:50,20.93754729,21.91831652,21.4529319,20.75677805,22.04523959,Out
04/03/2026 20:00,20.93754729,21.91831652,21.6529319,20.85677805,22.04523959,Out
04/03/2026 20:10,20.93754729,21.91831652,21.4529319,20.85677805,22.04523959,Out
04/03/2026 20:20,20.83754729,21.91831652,21.4529319,20.85677805,22.04523959,Out
04/03/2026 20:30,20.93754729,21.91831652,21.4529319,20.85677805,21.94523959,Out
04/03/2026 20:40,20.93754729,21.91831652,21.4529319,20.85677805,22.04523959,Out
04/03/2026 20:50,20.83754729,21.91831652,21.4529319,20.85677805,22.04523959,Out
04/03/2026 21:00,20.93754729,21.91831652,21.6529319,20.85677805,22.04523959,Out
04/03/2026 21:10,20.93754729,21.91831652,21.4529319,20.75677805,22.04523959,Out
04/03/2026 21:20,20.83754729,21.91831652,21.4529319,20.75677805,21.94523959,Out
04/03/2026 21:30,20.83754729,21.91831652,21.6529319,20.85677805,22.04523959,Out
04/03/2026 21:40,20.93754729,21.91831652,21.4529319,20.85677805,22.04523959,Out
04/03/2026 21:50,20.93754729,21.91831652,21.6529319,20.85677805,22.04523959,Out
04/03/2026 22:00,20.83754729,21.91831652,21.4529319,20.85677805,21.94523959,Out
04/03/2026 22:10,20.93754729,21.91831652,21.4529319,20.85677805,21.94523959,Out
04/03/2026 22:20,20.83754729,21.91831652,21.4529319,20.85677805,22.04523959,Out
04/03/2026 22:30,20.93754729,21.91831652,21.4529319,20.75677805,22.04523959,Out
04/03/2026 22:40,20.93754729,21.91831652,21.4529319,20.85677805,21.94523959,Out
04/03/2026 22:50,20.83754729,21.91831652,21.4529319,20.75677805,21.94523959,Out
04/03/2026 23:00,20.93754729,21.91831652,21.4529319,20.85677805,22.04523959,Out
04/03/2026 23:10,20.83754729,21.91831652,21.4529319,20.75677805,22.04523959,Out
04/03/2026 23:20,20.83754729,21.91831652,21.4529319,20.85677805,22.04523959,Out
04/03/2026 23:30,20.93754729,21.91831652,21.4529319,20.85677805,22.04523959,Out
04/03/2026 23:40,20.83754729,21.91831652,21.4529319,20.85677805,22.04523959,Out
04/03/2026 23:50,20.83754729,21.91831652,21.4529319,20.85677805,22.04523959,Out
05/03/2026 00:00,20.83754729,21.91831652,21.4529319,20.85677805,22.04523959,Out
05/03/2026 00:10,20.93754729,21.91831652,21.4529319,20.75677805,22.04523959,Out
05/03/2026 00:20,20.93754729,21.91831652,21.4529319,20.75677805,21.94523959,Out
05/03/2026 00:30,20.83754729,21.91831652,21.4529319,20.85677805,22.04523959,Out
05/03/2026 00:40,20.83754729,21.91831652,21.4529319,20.85677805,22.04523959,Out
05/03/2026 00:50,20.93754729,21.91831652,21.4529319,20.85677805,22.04523959,Out
05/03/2026 01:00,20.83754729,21.91831652,21.4529319,20.75677805,22.04523959,Out
05/03/2026 01:10,20.93754729,21.71831652,21.4529319,20.75677805,22.04523959,Out
05/03/2026 01:20,20.93754729,21.71831652,21.4529319,20.75677805,22.04523959,Out
05/03/2026 01:30,20.93754729,21.71831652,21.4529319,20.75677805,22.04523959,Out
05/03/2026 01:40,20.83754729,21.91831652,21.4529319,20.85677805,22.04523959,Out
05/03/2026 01:50,20.93754729,21.91831652,21.4529319,20.75677805,22.04523959,Out
05/03/2026 02:00,20.93754729,21.91831652,21.4529319,20.85677805,22.04523959,Out
05/03/2026 02:10,20.83754729,21.91831652,21.4529319,20.85677805,21.94523959,Out
05/03/2026 02:20,20.83754729,21.71831652,21.4529319,20.75677805,21.94523959,Out
05/03/2026 02:30,20.83754729,21.91831652,21.4529319,20.75677805,22.04523959,Out
05/03/2026 02:40,20.83754729,21.71831652,21.4529319,20.85677805,22.04523959,Out
05/03/2026 02:50,20.93754729,21.91831652,21.4529319,20.85677805,22.04523959,Out
05/03/2026 03:00,20.83754729,21.91831652,21.4529319,20.75677805,21.94523959,Out
05/03/2026 03:10,20.83754729,21.91831652,21.6529319,20.85677805,21.94523959,Out
05/03/2026 03:20,20.83754729,21.91831652,21.4529319,20.85677805,22.04523959,Out
05/03/2026 03:30,20.83754729,21.91831652,21.4529319,20.85677805,22.04523959,Out
05/03/2026 03:40,20.83754729,21.91831652,21.4529319,20.75677805,22.04523959,Out
05/03/2026 03:50,20.83754729,21.91831652,21.4529319,20.85677805,22.04523959,Out
05/03/2026 04:00,20.83754729,21.91831652,21.4529319,20.75677805,22.04523959,Out
05/03/2026 04:10,20.83754729,21.91831652,21.4529319,20.85677805,22.04523959,Out
05/03/2026 04:20,20.93754729,21.91831652,21.4529319,20.85677805,22.04523959,Out
05/03/2026 04:30,20.93754729,21.91831652,21.4529319,20.75677805,22.04523959,Out
05/03/2026 04:40,20.93754729,21.91831652,21.4529319,20.75677805,22.04523959,Out
05/03/2026 04:50,20.93754729,21.91831652,21.4529319,20.85677805,21.94523959,Out
05/03/2026 05:00,20.83754729,21.91831652,21.4529319,20.85677805,22.04523959,Out
05/03/2026 05:10,20.83754729,21.91831652,21.4529319,20.85677805,22.04523959,Out
05/03/2026 05:20,20.93754729,21.91831652,21.4529319,20.85677805,22.04523959,Out
05/03/2026 05:30,20.83754729,21.91831652,21.4529319,20.85677805,22.04523959,Out
05/03/2026 05:40,20.93754729,21.91831652,21.4529319,20.85677805,22.04523959,Out
05/03/2026 05:50,20.93754729,21.91831652,21.4529319,20.85677805,22.04523959,Out
05/03/2026 06:00,20.83754729,21.91831652,21.6529319,20.85677805,22.04523959,Out
05/03/2026 06:10,20.93754729,21.91831652,21.4529319,20.85677805,22.04523959,Out
05/03/2026 06:20,20.93754729,21.91831652,21.6529319,20.85677805,22.04523959,Out
05/03/2026 06:30,20.83754729,21.91831652,21.4529319,20.85677805,22.04523959,Out
05/03/2026 06:40,20.93754729,21.91831652,21.4529319,20.85677805,22.04523959,Out
05/03/2026 06:50,20.83754729,21.91831652,21.4529319,20.75677805,22.04523959,Out
05/03/2026 07:00,20.83754729,21.91831652,21.4529319,20.85677805,22.04523959,Out
05/03/2026 07:10,20.93754729,21.71831652,21.4529319,20.85677805,21.94523959,Out
05/03/2026 07:20,20.83754729,21.91831652,21.4529319,20.85677805,22.04523959,Out
05/03/2026 07:30,20.93754729,21.91831652,21.4529319,20.85677805,22.04523959,Out
05/03/2026 07:40,20.83754729,21.71831652,21.4529319,20.85677805,22.04523959,Out
05/03/2026 07:50,20.83754729,21.91831652,21.4529319,20.85677805,22.04523959,Out
05/03/2026 08:00,20.93754729,21.91831652,21.4529319,20.85677805,22.04523959,Out
05/03/2026 08:10,20.93754729,21.91831652,21.4529319,20.85677805,21.94523959,Out
05/03/2026 08:20,20.93754729,21.91831652,21.4529319,20.75677805,22.04523959,Out
05/03/2026 08:30,20.83754729,21.91831652,21.4529319,20.85677805,22.04523959,Out
05/03/2026 08:40,20.83754729,21.91831652,21.4529319,20.85677805,22.04523959,Out
05/03/2026 08:50,20.93754729,21.91831652,21.4529319,20.85677805,22.04523959,Out
05/03/2026 09:00,20.93754729,21.91831652,21.4529319,20.85677805,22.04523959,Out
05/03/2026 09:10,20.93754729,21.91831652,21.4529319,20.85677805,22.04523959,Out
05/03/2026 09:20,20.93754729,21.91831652,21.4529319,20.85677805,22.04523959,Out
05/03/2026 09:30,20.83754729,21.91831652,21.4529319,20.85677805,22.04523959,Out
05/03/2026 09:40,20.83754729,21.91831652,21.4529319,20.85677805,22.04523959,Out
05/03/2026 09:50,20.83754729,21.91831652,21.4529319,20.85677805,22.04523959,Out
05/03/2026 10:00,20.93754729,21.91831652,21.4529319,20.85677805,22.04523959,Out
05/03/2026 10:10,20.93754729,21.91831652,21.6529319,20.85677805,22.04523959,Out
05/03/2026 10:20,20.83754729,21.91831652,21.4529319,20.75677805,21.94523959,Out
05/03/2026 10:30,20.93754729,21.91831652,21.4529319,20.85677805,22.04523959,Out
05/03/2026 10:40,20.83754729,21.91831652,21.3529319,20.85677805,22.04523959,Out
05/03/2026 10:50,20.83754729,21.91831652,21.4529319,20.85677805,22.04523959,Out
05/03/2026 11:00,20.83754729,21.71831652,21.4529319,20.85677805,22.04523959,Out
05/03/2026 11:10,20.83754729,21.71831652,21.4529319,20.75677805,22.04523959,Out
05/03/2026 11:20,20.83754729,21.91831652,21.4529319,20.75677805,21.94523959,Out
05/03/2026 11:30,20.83754729,21.71831652,21.4529319,20.85677805,22.04523959,Out
05/03/2026 11:40,20.93754729,21.91831652,21.4529319,20.85677805,22.04523959,Out
05/03/2026 11:50,20.83754729,21.71831652,21.4529319,20.85677805,22.04523959,Out
05/03/2026 12:00,20.83754729,21.91831652,21.4529319,20.85677805,22.04523959,Out
05/03/2026 12:10,20.93754729,21.91831652,21.4529319,20.85677805,22.04523959,Out
05/03/2026 12:20,20.93754729,21.91831652,21.4529319,20.85677805,22.04523959,Out
05/03/2026 12:30,20.93754729,21.91831652,21.4529319,20.75677805,22.04523959,Out
05/03/2026 12:40,20.93754729,21.91831652,21.4529319,20.75677805,22.04523959,Out
05/03/2026 12:50,20.83754729,21.91831652,21.4529319,20.85677805,22.04523959,Out
05/03/2026 13:00,20.83754729,21.91831652,21.4529319,20.85677805,22.04523959,Out
05/03/2026 13:10,20.83754729,21.91831652,21.4529319,20.85677805,22.04523959,Out
05/03/2026 13:20,20.93754729,21.71831652,21.3529319,20.75677805,21.94523959,Out
05/03/2026 13:30,20.83754729,21.71831652,21.3529319,20.75677805,22.04523959,Out
05/03/2026 13:40,20.83754729,21.71831652,21.3529319,20.75677805,21.94523959,Out
05/03/2026 13:50,20.63754729,21.71831652,21.3529319,20.75677805,22.04523959,Out
05/03/2026 14:00,20.63754729,21.61831652,21.3529319,20.75677805,22.04523959,Out
05/03/2026 14:10,20.63754729,21.71831652,21.3529319,20.75677805,21.94523959,Out
05/03/2026 14:20,20.63754729,21.61831652,21.2529319,20.75677805,21.94523959,Out
05/03/2026 14:30,20.63754729,21.61831652,21.2529319,20.55677805,21.94523959,Out
05/03/2026 14:40,20.63754729,21.61831652,21.2529319,20.55677805,21.94523959,Out
05/03/2026 14:50,20.63754729,21.61831652,21.2529319,20.55677805,22.04523959,Out
05/03/2026 15:00,20.63754729,21.61831652,21.2529319,20.55677805,22.04523959,Out
05/03/2026 15:10,20.63754729,21.61831652,21.2529319,20.75677805,22.04523959,Out
05/03/2026 15:20,20.63754729,21.61831652,21.3529319,20.75677805,21.94523959,Out
05/03/2026 15:30,20.63754729,21.61831652,21.2529319,20.75677805,21.94523959,Out
05/03/2026 15:40,20.63754729,21.61831652,21.3529319,20.55677805,22.04523959,Out
05/03/2026 15:50,20.63754729,21.61831652,21.3529319,20.75677805,22.04523959,Out
05/03/2026 16:00,20.63754729,21.71831652,21.4529319,20.55677805,22.04523959,Out
05/03/2026 16:10,20.83754729,21.71831652,21.3529319,20.75677805,22.04523959,Out
05/03/2026 16:20,20.83754729,21.61831652,21.3529319,20.75677805,22.04523959,Out
05/03/2026 16:30,20.83754729,21.71831652,21.3529319,20.75677805,22.04523959,Out
05/03/2026 16:40,20.83754729,21.71831652,21.3529319,20.85677805,22.04523959,Out
05/03/2026 16:50,20.83754729,21.61831652,21.3529319,20.75677805,21.94523959,Out
05/03/2026 17:00,20.83754729,21.71831652,21.3529319,20.75677805,22.04523959,Out
05/03/2026 17:10,20.83754729,21.71831652,21.3529319,20.75677805,22.04523959,Out
05/03/2026 17:20,20.83754729,21.71831652,21.3529319,20.85677805,22.04523959,Out
05/03/2026 17:30,20.83754729,21.71831652,21.3529319,20.75677805,21.94523959,Out
05/03/2026 17:40,20.63754729,21.71831652,21.3529319,20.75677805,22.04523959,Out
05/03/2026 17:50,20.83754729,21.71831652,21.3529319,20.75677805,22.04523959,Out
05/03/2026 18:00,20.63754729,21.71831652,21.4529319,20.75677805,22.04523959,Out
05/03/2026 18:10,20.83754729,21.71831652,21.3529319,20.75677805,22.04523959,Out
05/03/2026 18:20,20.83754729,21.91831652,21.4529319,20.75677805,22.04523959,Out
05/03/2026 18:30,20.63754729,21.91831652,21.4529319,20.75677805,22.04523959,Out
05/03/2026 18:40,20.83754729,21.71831652,21.4529319,20.75677805,22.04523959,Out
05/03/2026 18:50,20.83754729,21.91831652,21.3529319,20.75677805,22.04523959,Out
05/03/2026 19:00,20.83754729,21.91831652,21.4529319,20.75677805,21.94523959,Out
05/03/2026 19:10,20.83754729,21.71831652,21.4529319,20.85677805,22.04523959,Out
05/03/2026 19:20,20.83754729,21.71831652,21.4529319,20.75677805,22.04523959,Out
05/03/2026 19:30,20.93754729,21.91831652,21.4529319,20.75677805,21.94523959,Out
05/03/2026 19:40,20.83754729,21.71831652,21.4529319,20.75677805,21.94523959,Out
05/03/2026 19:50,20.83754729,21.91831652,21.4529319,20.75677805,21.94523959,Out
05/03/2026 20:00,20.83754729,21.91831652,21.4529319,20.85677805,22.04523959,Out
05/03/2026 20:10,20.93754729,21.71831652,21.4529319,20.75677805,22.04523959,Out
05/03/2026 20:20,20.83754729,21.91831652,21.4529319,20.85677805,22.04523959,Out
05/03/2026 20:30,20.83754729,21.71831652,21.4529319,20.75677805,22.04523959,Out
05/03/2026 20:40,20.83754729,21.71831652,21.4529319,20.75677805,22.04523959,Out
05/03/2026 20:50,20.83754729,21.91831652,21.4529319,20.75677805,22.04523959,Out
05/03/2026 21:00,20.83754729,21.91831652,21.4529319,20.75677805,22.04523959,Out
05/03/2026 21:10,20.83754729,21.91831652,21.4529319,20.75677805,22.04523959,Out
05/03/2026 21:20,20.83754729,21.91831652,21.4529319,20.75677805,21.94523959,Out
05/03/2026 21:30,20.83754729,21.91831652,21.4529319,20.85677805,22.04523959,Out
05/03/2026 21:40,20.93754729,21.91831652,21.4529319,20.85677805,22.04523959,Out
05/03/2026 21:50,20.83754729,21.91831652,21.4529319,20.75677805,22.04523959,Out
05/03/2026 22:00,20.93754729,21.91831652,21.4529319,20.85677805,22.04523959,Out
05/03/2026 22:10,20.83754729,21.91831652,21.4529319,20.75677805,22.04523959,Out
05/03/2026 22:20,20.93754729,21.91831652,21.4529319,20.85677805,22.04523959,Out
05/03/2026 22:30,20.93754729,21.91831652,21.4529319,20.85677805,22.04523959,Out
05/03/2026 22:40,20.83754729,21.91831652,21.4529319,20.85677805,21.94523959,Out
05/03/2026 22:50,20.93754729,21.91831652,21.4529319,20.75677805,22.04523959,Out
05/03/2026 23:00,20.93754729,21.91831652,21.4529319,20.85677805,21.94523959,Out
05/03/2026 23:10,20.93754729,21.91831652,21.4529319,20.75677805,21.94523959,Out
05/03/2026 23:20,20.93754729,21.91831652,21.4529319,20.85677805,22.04523959,Out
05/03/2026 23:30,20.83754729,21.91831652,21.4529319,20.75677805,21.94523959,Out
05/03/2026 23:40,20.83754729,21.71831652,21.4529319,20.85677805,21.94523959,Out
05/03/2026 23:50,20.83754729,21.71831652,21.4529319,20.85677805,21.94523959,Out
06/03/2026 00:00,20.93754729,21.91831652,21.4529319,20.85677805,22.04523959,Out
06/03/2026 00:10,20.83754729,21.91831652,21.4529319,20.85677805,22.04523959,Out
06/03/2026 00:20,20.93754729,21.71831652,21.4529319,20.75677805,22.04523959,Out
06/03/2026 00:30,20.83754729,21.91831652,21.4529319,20.85677805,22.04523959,Out
06/03/2026 00:40,20.93754729,21.91831652,21.4529319,20.75677805,22.04523959,Out
06/03/2026 00:50,20.93754729,21.91831652,21.4529319,20.85677805,21.94523959,Out
06/03/2026 01:00,20.83754729,21.91831652,21.4529319,20.85677805,22.04523959,Out
06/03/2026 01:10,20.93754729,21.91831652,21.4529319,20.75677805,21.94523959,Out
06/03/2026 01:20,20.83754729,21.71831652,21.4529319,20.85677805,22.04523959,Out
06/03/2026 01:30,20.93754729,21.71831652,21.4529319,20.75677805,22.04523959,Out
06/03/2026 01:40,20.83754729,21.91831652,21.4529319,20.75677805,21.94523959,Out
06/03/2026 01:50,20.83754729,21.91831652,21.3529319,20.85677805,21.94523959,Out
06/03/2026 02:00,20.83754729,21.91831652,21.4529319,20.75677805,22.04523959,Out
06/03/2026 02:10,20.83754729,21.71831652,21.4529319,20.85677805,22.04523959,Out
06/03/2026 02:20,20.83754729,21.71831652,21.4529319,20.75677805,22.04523959,Out
06/03/2026 02:30,20.83754729,21.91831652,21.4529319,20.85677805,22.04523959,Out
06/03/2026 02:40,20.83754729,21.71831652,21.4529319,20.75677805,21.94523959,Out
06/03/2026 02:50,20.83754729,21.71831652,21.4529319,20.85677805,21.94523959,Out
06/03/2026 03:00,20.93754729,21.71831652,21.4529319,20.75677805,21.94523959,Out
06/03/2026 03:10,20.83754729,21.91831652,21.4529319,20.75677805,21.94523959,Out
06/03/2026 03:20,20.83754729,21.71831652,21.4529319,20.85677805,22.04523959,Out
06/03/2026 03:30,20.83754729,21.91831652,21.4529319,20.75677805,21.94523959,Out
06/03/2026 03:40,20.83754729,21.91831652,21.4529319,20.75677805,22.04523959,Out
06/03/2026 03:50,20.93754729,21.71831652,21.4529319,20.75677805,21.94523959,Out
06/03/2026 04:00,20.83754729,21.71831652,21.3529319,20.75677805,22.04523959,Out
06/03/2026 04:10,20.83754729,21.91831652,21.4529319,20.85677805,21.94523959,Out
06/03/2026 04:20,20.83754729,21.91831652,21.4529319,20.75677805,21.94523959,Out
06/03/2026 04:30,20.83754729,21.71831652,21.4529319,20.75677805,21.94523959,Out
06/03/2026 04:40,20.83754729,21.91831652,21.4529319,20.75677805,22.04523959,Out
06/03/2026 04:50,20.83754729,21.91831652,21.4529319,20.75677805,21.94523959,Out
06/03/2026 05:00,20.83754729,21.91831652,21.4529319,20.75677805,21.94523959,Out
06/03/2026 05:10,20.83754729,21.71831652,21.2529319,20.55677805,21.94523959,Out
06/03/2026 05:20,20.63754729,21.61831652,21.3529319,20.75677805,21.94523959,Out
06/03/2026 05:30,20.63754729,21.61831652,21.2529319,20.55677805,21.94523959,Out
06/03/2026 05:40,20.53754729,21.61831652,21.3529319,20.75677805,21.94523959,Out
06/03/2026 05:50,20.53754729,21.71831652,21.3529319,20.75677805,21.94523959,Out
06/03/2026 06:00,20.63754729,21.61831652,21.3529319,20.55677805,21.94523959,Out
06/03/2026 06:10,20.63754729,21.61831652,21.3529319,20.55677805,21.94523959,Out
06/03/2026 06:20,20.63754729,21.61831652,21.4529319,20.75677805,21.94523959,Out
06/03/2026 06:30,20.63754729,21.61831652,21.3529319,20.55677805,22.04523959,Out
06/03/2026 06:40,20.63754729,21.61831652,21.2529319,20.55677805,21.94523959,Out
06/03/2026 06:50,20.63754729,21.61831652,21.2529319,20.55677805,21.94523959,Out
06/03/2026 07:00,20.53754729,21.61831652,21.3529319,20.55677805,21.94523959,Out
06/03/2026 07:10,20.63754729,21.61831652,21.3529319,20.75677805,21.94523959,Out
06/03/2026 07:20,20.63754729,21.71831652,21.3529319,20.75677805,21.94523959,Out
06/03/2026 07:30,20.63754729,21.61831652,21.3529319,20.55677805,21.94523959,Out
06/03/2026 07:40,20.63754729,21.61831652,21.3529319,20.75677805,22.04523959,Out
06/03/2026 07:50,20.63754729,21.71831652,21.3529319,20.55677805,21.94523959,Out
06/03/2026 08:00,20.63754729,21.61831652,21.3529319,20.55677805,21.94523959,Out
06/03/2026 08:10,20.63754729,21.61831652,21.3529319,20.55677805,21.94523959,Out
06/03/2026 08:20,20.63754729,21.71831652,21.2529319,20.55677805,21.94523959,Out
06/03/2026 08:30,20.63754729,21.61831652,21.2529319,20.55677805,21.94523959,Out
06/03/2026 08:40,20.83754729,21.71831652,21.3529319,20.55677805,21.94523959,Out
06/03/2026 08:50,20.63754729,21.61831652,21.3529319,20.55677805,21.94523959,Out
06/03/2026 09:00,20.63754729,21.61831652,21.3529319,20.75677805,21.94523959,Out
06/03/2026 09:10,20.83754729,21.71831652,21.3529319,20.75677805,21.94523959,Out
06/03/2026 09:20,20.63754729,21.71831652,21.3529319,20.55677805,21.94523959,Out
06/03/2026 09:30,20.63754729,21.61831652,21.3529319,20.75677805,21.94523959,Out
06/03/2026 09:40,20.63754729,21.71831652,21.3529319,20.55677805,21.94523959,Out
06/03/2026 09:50,20.63754729,21.61831652,21.3529319,20.55677805,21.94523959,Out
06/03/2026 10:00,20.63754729,21.71831652,21.3529319,20.55677805,21.94523959,Out
06/03/2026 10:10,20.63754729,21.71831652,21.2529319,20.55677805,21.94523959,Out
06/03/2026 10:20,20.63754729,21.61831652,21.3529319,20.55677805,21.94523959,Out
06/03/2026 10:30,20.83754729,21.61831652,21.3529319,20.55677805,21.94523959,Out
06/03/2026 10:40,20.63754729,21.61831652,21.3529319,20.55677805,21.94523959,Out
06/03/2026 10:50,20.83754729,21.61831652,21.3529319,20.55677805,21.94523959,Out
06/03/2026 11:00,20.63754729,21.71831652,21.3529319,20.55677805,21.94523959,Out
06/03/2026 11:10,20.63754729,21.61831652,21.3529319,20.55677805,21.94523959,Out
06/03/2026 11:20,20.83754729,21.71831652,21.3529319,20.55677805,21.94523959,Out
06/03/2026 11:30,20.63754729,21.71831652,21.3529319,20.55677805,21.94523959,Out
06/03/2026 11:40,20.83754729,21.71831652,21.3529319,20.55677805,21.94523959,Out
06/03/2026 11:50,20.63754729,21.71831652,21.2529319,20.75677805,22.04523959,Out
06/03/2026 12:00,20.63754729,21.61831652,21.3529319,20.55677805,21.94523959,Out
06/03/2026 12:10,20.63754729,21.71831652,21.3529319,20.75677805,21.94523959,Out
06/03/2026 12:20,20.63754729,21.71831652,21.3529319,20.75677805,21.94523959,Out
06/03/2026 12:30,20.63754729,21.71831652,21.3529319,20.55677805,21.94523959,Out
06/03/2026 12:40,20.63754729,21.61831652,21.3529319,20.75677805,21.94523959,Out
06/03/2026 12:50,20.63754729,21.71831652,21.3529319,20.75677805,21.94523959,Out
06/03/2026 13:00,20.83754729,21.71831652,21.3529319,20.55677805,21.94523959,Out
06/03/2026 13:10,20.63754729,21.71831652,21.3529319,20.55677805,21.94523959,Out
06/03/2026 13:20,20.63754729,21.71831652,21.3529319,20.75677805,21.94523959,Out
06/03/2026 13:30,20.63754729,21.61831652,21.3529319,20.55677805,21.94523959,Out
06/03/2026 13:40,20.63754729,21.71831652,21.3529319,20.55677805,21.94523959,Out
06/03/2026 13:50,20.63754729,21.71831652,21.3529319,20.55677805,21.94523959,Out
06/03/2026 14:00,20.63754729,21.71831652,21.2529319,20.55677805,21.94523959,Out
06/03/2026 14:10,20.63754729,21.61831652,21.2529319,20.55677805,21.94523959,Out
06/03/2026 14:20,20.63754729,21.61831652,21.3529319,20.55677805,21.94523959,Out
06/03/2026 14:30,20.63754729,21.71831652,21.3529319,20.55677805,22.04523959,Out
06/03/2026 14:40,20.63754729,21.61831652,21.3529319,20.75677805,21.94523959,Out
06/03/2026 14:50,20.63754729,21.61831652,21.3529319,20.55677805,21.94523959,Out
06/03/2026 15:00,20.63754729,21.61831652,21.3529319,20.55677805,21.94523959,Out
06/03/2026 15:10,20.63754729,21.61831652,21.3529319,20.55677805,21.94523959,Out
06/03/2026 15:20,20.63754729,21.71831652,21.2529319,20.75677805,21.94523959,Out
06/03/2026 15:30,20.63754729,21.61831652,21.2529319,20.55677805,21.94523959,Out
06/03/2026 15:40,20.63754729,21.61831652,21.2529319,20.55677805,21.94523959,Out
06/03/2026 15:50,20.63754729,21.61831652,21.2529319,20.55677805,21.94523959,Out
06/03/2026 16:00,20.63754729,21.71831652,21.2529319,20.55677805,21.94523959,Out
06/03/2026 16:10,20.63754729,21.61831652,21.2529319,20.55677805,21.94523959,Out
06/03/2026 16:20,20.63754729,21.61831652,21.3529319,20.55677805,21.94523959,Out
06/03/2026 16:30,20.63754729,21.61831652,21.2529319,20.55677805,21.84523959,Out
06/03/2026 16:40,20.63754729,21.61831652,21.2529319,20.55677805,21.94523959,Out
06/03/2026 16:50,20.63754729,21.51831652,21.3529319,20.55677805,21.94523959,Out
06/03/2026 17:00,20.63754729,21.61831652,21.3529319,20.55677805,21.94523959,Out
06/03/2026 17:10,20.63754729,21.61831652,21.2529319,20.55677805,21.94523959,Out
06/03/2026 17:20,20.53754729,21.71831652,21.3529319,20.75677805,21.94523959,Out
06/03/2026 17:30,20.63754729,21.61831652,21.3529319,20.55677805,21.94523959,Out
06/03/2026 17:40,20.83754729,21.71831652,21.2529319,20.55677805,22.04523959,Out
06/03/2026 17:50,20.63754729,21.61831652,21.3529319,20.55677805,21.94523959,Out
06/03/2026 18:00,20.63754729,21.71831652,21.3529319,20.55677805,21.94523959,Out
06/03/2026 18:10,20.63754729,21.61831652,21.3529319,20.55677805,21.94523959,Out
06/03/2026 18:20,20.63754729,21.61831652,21.3529319,20.55677805,21.94523959,Out
06/03/2026 18:30,20.63754729,21.61831652,21.3529319,20.55677805,21.94523959,Out
06/03/2026 18:40,20.63754729,21.71831652,21.3529319,20.55677805,21.94523959,Out
06/03/2026 18:50,20.63754729,21.61831652,21.3529319,20.75677805,21.94523959,Out
06/03/2026 19:00,20.63754729,21.61831652,21.3529319,20.55677805,21.94523959,Out
06/03/2026 19:10,20.63754729,21.71831652,21.2529319,20.55677805,21.94523959,Out
06/03/2026 19:20,20.63754729,21.71831652,21.3529319,20.75677805,22.04523959,Out
06/03/2026 19:30,20.63754729,21.61831652,21.3529319,20.75677805,21.94523959,Out
06/03/2026 19:40,20.63754729,21.61831652,21.3529319,20.55677805,22.04523959,Out
06/03/2026 19:50,20.63754729,21.71831652,21.3529319,20.55677805,22.04523959,Out
06/03/2026 20:00,20.63754729,21.71831652,21.3529319,20.75677805,21.94523959,Out
06/03/2026 20:10,20.63754729,21.71831652,21.3529319,20.75677805,21.94523959,Out
06/03/2026 20:20,20.83754729,21.71831652,21.4529319,20.75677805,22.04523959,Out
06/03/2026 20:30,20.63754729,21.71831652,21.4529319,20.55677805,22.04523959,Out
06/03/2026 20:40,20.63754729,21.71831652,21.3529319,20.75677805,22.04523959,Out
06/03/2026 20:50,20.83754729,21.71831652,21.3529319,20.75677805,21.94523959,Out
06/03/2026 21:00,20.83754729,21.71831652,21.3529319,20.75677805,22.04523959,Out
06/03/2026 21:10,20.83754729,21.71831652,21.3529319,20.75677805,21.94523959,Out
06/03/2026 21:20,20.83754729,21.91831652,21.3529319,20.75677805,21.94523959,Out
06/03/2026 21:30,20.83754729,21.71831652,21.4529319,20.75677805,21.94523959,Out
06/03/2026 21:40,20.83754729,21.91831652,21.3529319,20.75677805,21.94523959,Out
06/03/2026 21:50,20.83754729,21.71831652,21.4529319,20.85677805,21.94523959,Out
06/03/2026 22:00,20.83754729,21.71831652,21.3529319,20.75677805,22.04523959,Out
06/03/2026 22:10,20.83754729,21.71831652,21.4529319,20.85677805,22.04523959,Out
06/03/2026 22:20,20.83754729,21.71831652,21.3529319,20.75677805,22.04523959,Out
06/03/2026 22:30,20.83754729,21.71831652,21.4529319,20.75677805,21.94523959,Out
06/03/2026 22:40,20.83754729,21.91831652,21.3529319,20.75677805,21.94523959,Out
06/03/2026 22:50,20.83754729,21.71831652,21.4529319,20.75677805,21.94523959,Out
06/03/2026 23:00,20.83754729,21.91831652,21.4529319,20.85677805,21.94523959,Out
06/03/2026 23:10,20.83754729,21.91831652,21.3529319,20.75677805,22.04523959,Out
06/03/2026 23:20,20.83754729,21.91831652,21.4529319,20.75677805,22.04523959,Out
06/03/2026 23:30,20.83754729,21.71831652,21.4529319,20.75677805,21.94523959,Out
06/03/2026 23:40,20.93754729,21.71831652,21.3529319,20.75677805,21.94523959,Out
06/03/2026 23:50,20.83754729,21.91831652,21.4529319,20.85677805,22.04523959,Out
07/03/2026 00:00,20.83754729,21.71831652,21.4529319,20.75677805,21.94523959,Out
07/03/2026 00:10,20.83754729,21.71831652,21.4529319,20.85677805,21.94523959,Out
07/03/2026 00:20,20.83754729,21.71831652,21.4529319,20.85677805,22.04523959,Out
07/03/2026 00:30,20.83754729,21.71831652,21.4529319,20.85677805,22.04523959,Out
07/03/2026 00:40,20.83754729,21.71831652,21.4529319,20.75677805,21.94523959,Out
07/03/2026 00:50,20.83754729,21.71831652,21.3529319,20.75677805,22.04523959,Out
07/03/2026 01:00,20.93754729,21.71831652,21.4529319,20.85677805,21.94523959,Out
07/03/2026 01:10,20.83754729,21.91831652,21.3529319,20.85677805,21.94523959,Out
07/03/2026 01:20,20.83754729,21.91831652,21.3529319,20.75677805,21.94523959,Out
07/03/2026 01:30,20.93754729,21.91831652,21.4529319,20.85677805,21.94523959,Out
07/03/2026 01:40,20.83754729,21.71831652,21.4529319,20.75677805,21.84523959,Out
07/03/2026 01:50,20.83754729,21.91831652,21.3529319,20.75677805,21.94523959,Out
07/03/2026 02:00,20.83754729,21.91831652,21.4529319,20.75677805,21.94523959,Out
07/03/2026 02:10,20.83754729,21.71831652,21.4529319,20.75677805,22.04523959,Out
07/03/2026 02:20,20.83754729,21.71831652,21.4529319,20.75677805,21.94523959,Out
07/03/2026 02:30,20.83754729,21.71831652,21.3529319,20.55677805,21.94523959,Out
07/03/2026 02:40,20.83754729,21.61831652,21.3529319,20.75677805,22.04523959,Out
07/03/2026 02:50,20.83754729,21.71831652,21.4529319,20.75677805,21.94523959,Out
07/03/2026 03:00,20.83754729,21.71831652,21.4529319,20.75677805,22.04523959,Out
07/03/2026 03:10,20.83754729,21.71831652,21.4529319,20.55677805,21.94523959,Out
07/03/2026 03:20,20.83754729,21.71831652,21.3529319,20.55677805,21.94523959,Out
07/03/2026 03:30,20.83754729,21.71831652,21.3529319,20.75677805,21.94523959,Out
07/03/2026 03:40,20.63754729,21.71831652,21.3529319,20.55677805,21.94523959,Out
07/03/2026 03:50,20.83754729,21.71831652,21.4529319,20.55677805,21.94523959,Out
07/03/2026 04:00,20.63754729,21.71831652,21.3529319,20.75677805,21.94523959,Out
07/03/2026 04:10,20.83754729,21.71831652,21.4529319,20.75677805,21.94523959,Out
07/03/2026 04:20,20.83754729,21.71831652,21.4529319,20.75677805,21.94523959,Out
07/03/2026 04:30,20.83754729,21.71831652,21.3529319,20.75677805,21.94523959,Out
07/03/2026 04:40,20.63754729,21.61831652,21.3529319,20.55677805,21.94523959,Out
07/03/2026 04:50,20.63754729,21.61831652,21.3529319,20.55677805,21.94523959,Out
07/03/2026 05:00,20.63754729,21.61831652,21.3529319,20.55677805,21.94523959,Out
07/03/2026 05:10,20.63754729,21.61831652,21.3529319,20.75677805,21.94523959,Out
07/03/2026 05:20,20.63754729,21.71831652,21.3529319,20.75677805,21.94523959,Out
07/03/2026 05:30,20.63754729,21.61831652,21.3529319,20.55677805,21.94523959,Out
07/03/2026 05:40,20.53754729,21.61831652,21.3529319,20.55677805,21.94523959,Out
07/03/2026 05:50,20.63754729,21.61831652,21.3529319,20.55677805,21.94523959,Out
07/03/2026 06:00,20.53754729,21.61831652,21.2529319,20.55677805,21.94523959,Out
07/03/2026 06:10,20.63754729,21.61831652,21.3529319,20.55677805,21.94523959,Out
07/03/2026 06:20,20.63754729,21.61831652,21.2529319,20.55677805,21.94523959,Out
07/03/2026 06:30,20.63754729,21.61831652,21.3529319,20.55677805,22.04523959,Out
07/03/2026 06:40,20.63754729,21.61831652,21.3529319,20.55677805,22.04523959,Out
07/03/2026 06:50,20.63754729,21.61831652,21.3529319,20.55677805,21.94523959,Out
07/03/2026 07:00,20.63754729,21.61831652,21.3529319,20.55677805,21.94523959,Out
07/03/2026 07:10,20.63754729,21.61831652,21.3529319,20.55677805,21.94523959,Out
07/03/2026 07:20,20.63754729,21.61831652,21.3529319,20.55677805,21.94523959,Out
07/03/2026 07:30,20.63754729,21.61831652,21.3529319,20.55677805,21.94523959,Out
07/03/2026 07:40,20.63754729,21.61831652,21.3529319,20.55677805,22.04523959,Out
07/03/2026 07:50,20.63754729,21.61831652,21.3529319,20.55677805,21.94523959,Out
07/03/2026 08:00,20.53754729,21.61831652,21.2529319,20.75677805,21.94523959,Out
07/03/2026 08:10,20.63754729,21.71831652,21.2529319,20.55677805,21.94523959,Out
07/03/2026 08:20,20.63754729,21.61831652,21.2529319,20.75677805,21.94523959,Out
07/03/2026 08:30,20.63754729,21.61831652,21.3529319,20.55677805,22.04523959,Out
07/03/2026 08:40,20.63754729,21.61831652,21.3529319,20.75677805,21.94523959,Out
07/03/2026 08:50,20.63754729,21.71831652,21.3529319,20.55677805,21.94523959,Out
07/03/2026 09:00,20.63754729,21.71831652,21.3529319,20.75677805,21.94523959,Out
07/03/2026 09:10,20.63754729,21.61831652,21.3529319,20.55677805,22.04523959,Out
07/03/2026 09:20,20.63754729,21.61831652,21.3529319,20.75677805,22.04523959,Out
07/03/2026 09:30,20.63754729,21.71831652,21.3529319,20.55677805,21.94523959,Out
07/03/2026 09:40,20.63754729,21.71831652,21.3529319,20.55677805,22.04523959,Out
07/03/2026 09:50,20.63754729,21.61831652,21.3529319,20.55677805,21.94523959,Out
07/03/2026 10:00,20.63754729,21.71831652,21.2529319,20.75677805,21.94523959,Out
07/03/2026 10:10,20.63754729,21.71831652,21.3529319,20.55677805,21.94523959,Out
07/03/2026 10:20,20.63754729,21.71831652,21.3529319,20.55677805,21.94523959,Out
07/03/2026 10:30,20.63754729,21.71831652,21.3529319,20.55677805,21.94523959,Out
07/03/2026 10:40,20.83754729,21.61831652,21.3529319,20.75677805,22.04523959,Out
07/03/2026 10:50,20.63754729,21.71831652,21.3529319,20.55677805,21.94523959,Out
07/03/2026 11:00,20.63754729,21.61831652,21.2529319,20.55677805,21.94523959,Out
07/03/2026 11:10,20.83754729,21.61831652,21.3529319,20.55677805,21.94523959,Out
07/03/2026 11:20,20.63754729,21.61831652,21.3529319,20.55677805,21.94523959,Out
07/03/2026 11:30,20.63754729,21.71831652,21.3529319,20.55677805,21.94523959,Out
07/03/2026 11:40,20.63754729,21.61831652,21.3529319,20.55677805,21.94523959,Out
07/03/2026 11:50,20.63754729,21.61831652,21.2529319,20.55677805,21.94523959,Out
07/03/2026 12:00,20.53754729,21.61831652,21.3529319,20.55677805,21.84523959,Out
07/03/2026 12:10,20.63754729,21.61831652,21.3529319,20.75677805,21.94523959,Out
07/03/2026 12:20,20.63754729,21.71831652,21.3529319,20.55677805,21.94523959,Out
07/03/2026 12:30,20.63754729,21.61831652,21.3529319,20.75677805,21.94523959,Out
07/03/2026 12:40,20.63754729,21.61831652,21.2529319,20.55677805,21.94523959,Out
07/03/2026 12:50,20.63754729,21.61831652,21.3529319,20.55677805,21.94523959,Out
07/03/2026 13:00,20.63754729,21.61831652,21.2529319,20.55677805,21.94523959,Out
07/03/2026 13:10,20.63754729,21.61831652,21.2529319,20.55677805,21.94523959,Out
07/03/2026 13:20,20.53754729,21.61831652,21.2529319,20.55677805,22.04523959,Out
07/03/2026 13:30,20.63754729,21.61831652,21.3529319,20.75677805,21.94523959,Out
07/03/2026 13:40,20.63754729,21.61831652,21.2529319,20.55677805,21.94523959,Out
07/03/2026 13:50,20.63754729,21.61831652,21.3529319,20.55677805,21.94523959,Out
07/03/2026 14:00,20.63754729,21.61831652,21.2529319,20.55677805,21.94523959,Out
07/03/2026 14:10,20.63754729,21.61831652,21.2529319,20.55677805,21.94523959,Out
07/03/2026 14:20,20.63754729,21.61831652,21.2529319,20.55677805,21.94523959,Out
07/03/2026 14:30,20.63754729,21.71831652,21.2529319,20.75677805,21.94523959,Out
07/03/2026 14:40,20.53754729,21.61831652,21.2529319,20.55677805,22.04523959,Out
07/03/2026 14:50,20.63754729,21.61831652,21.2529319,20.75677805,21.94523959,Out
07/03/2026 15:00,20.53754729,21.61831652,21.3529319,20.55677805,21.94523959,Out
07/03/2026 15:10,20.63754729,21.61831652,21.2529319,20.55677805,21.94523959,Out
07/03/2026 15:20,20.63754729,21.61831652,21.3529319,20.55677805,22.04523959,Out
07/03/2026 15:30,20.53754729,21.71831652,21.2529319,20.55677805,21.94523959,Out
07/03/2026 15:40,20.63754729,21.61831652,21.2529319,20.75677805,21.94523959,Out
07/03/2026 15:50,20.63754729,21.61831652,21.3529319,20.55677805,22.04523959,Out
07/03/2026 16:00,20.83754729,21.61831652,21.3529319,20.75677805,21.94523959,Out
07/03/2026 16:10,20.63754729,21.71831652,21.3529319,20.75677805,21.94523959,Out
07/03/2026 16:20,20.63754729,21.61831652,21.3529319,20.75677805,22.04523959,Out
07/03/2026 16:30,20.63754729,21.71831652,21.3529319,20.75677805,21.94523959,Out
07/03/2026 16:40,20.63754729,21.61831652,21.3529319,20.55677805,21.94523959,Out
07/03/2026 16:50,20.83754729,21.71831652,21.3529319,20.75677805,22.04523959,Out
07/03/2026 17:00,20.63754729,21.71831652,21.3529319,20.75677805,22.04523959,Out
07/03/2026 17:10,20.63754729,21.71831652,21.3529319,20.75677805,22.04523959,Out
07/03/2026 17:20,20.83754729,21.71831652,21.3529319,20.75677805,21.94523959,Out
07/03/2026 17:30,20.63754729,21.71831652,21.4529319,20.55677805,21.94523959,Out
07/03/2026 17:40,20.63754729,21.71831652,21.2529319,20.75677805,21.94523959,Out
07/03/2026 17:50,20.63754729,21.71831652,21.3529319,20.75677805,21.94523959,Out
07/03/2026 18:00,20.63754729,21.61831652,21.3529319,20.55677805,21.94523959,Out
07/03/2026 18:10,20.83754729,21.71831652,21.3529319,20.75677805,21.94523959,Out
07/03/2026 18:20,20.63754729,21.71831652,21.4529319,20.75677805,21.94523959,Out
07/03/2026 18:30,20.63754729,21.71831652,21.3529319,20.55677805,22.04523959,Out
07/03/2026 18:40,20.83754729,21.71831652,21.3529319,20.75677805,21.94523959,Out
07/03/2026 18:50,20.83754729,21.61831652,21.2529319,20.75677805,21.94523959,Out
07/03/2026 19:00,20.63754729,21.61831652,21.3529319,20.55677805,21.94523959,Out
07/03/2026 19:10,20.63754729,21.71831652,21.3529319,20.55677805,21.94523959,Out
07/03/2026 19:20,20.83754729,21.61831652,21.4529319,20.75677805,21.94523959,Out
07/03/2026 19:30,20.83754729,21.71831652,21.4529319,20.75677805,22.04523959,Out
07/03/2026 19:40,20.63754729,21.71831652,21.3529319,20.75677805,21.94523959,Out
07/03/2026 19:50,20.83754729,21.71831652,21.3529319,20.75677805,22.04523959,Out
07/03/2026 20:00,20.63754729,21.71831652,21.3529319,20.55677805,21.94523959,Out
07/03/2026 20:10,20.63754729,21.71831652,21.3529319,20.55677805,21.94523959,Out
07/03/2026 20:20,20.83754729,21.71831652,21.3529319,20.75677805,21.94523959,Out
07/03/2026 20:30,20.83754729,21.71831652,21.4529319,20.75677805,21.94523959,Out
07/03/2026 20:40,20.83754729,21.71831652,21.4529319,20.55677805,21.94523959,Out
07/03/2026 20:50,20.63754729,21.71831652,21.3529319,20.75677805,21.94523959,Out
07/03/2026 21:00,20.83754729,21.71831652,21.4529319,20.75677805,22.04523959,Out
07/03/2026 21:10,20.83754729,21.71831652,21.4529319,20.75677805,21.94523959,Out
07/03/2026 21:20,20.83754729,21.71831652,21.4529319,20.55677805,22.04523959,Out
07/03/2026 21:30,20.83754729,21.91831652,21.3529319,20.75677805,22.04523959,Out
07/03/2026 21:40,20.83754729,21.71831652,21.3529319,20.75677805,22.04523959,Out
07/03/2026 21:50,20.83754729,21.71831652,21.4529319,20.75677805,21.94523959,Out
07/03/2026 22:00,20.83754729,21.71831652,21.4529319,20.75677805,21.94523959,Out
07/03/2026 22:10,20.83754729,21.91831652,21.4529319,20.75677805,21.94523959,Out
07/03/2026 22:20,20.83754729,21.71831652,21.4529319,20.75677805,21.94523959,Out
07/03/2026 22:30,20.83754729,21.71831652,21.3529319,20.75677805,21.94523959,Out
07/03/2026 22:40,20.83754729,21.71831652,21.4529319,20.75677805,21.94523959,Out
07/03/2026 22:50,20.83754729,21.71831652,21.4529319,20.75677805,21.94523959,Out
07/03/2026 23:00,20.83754729,21.71831652,21.3529319,20.85677805,21.94523959,Out
07/03/2026 23:10,20.83754729,21.71831652,21.4529319,20.55677805,21.94523959,Out
07/03/2026 23:20,20.83754729,21.71831652,21.4529319,20.75677805,21.94523959,Out
07/03/2026 23:30,20.83754729,21.71831652,21.3529319,20.75677805,21.94523959,Out
07/03/2026 23:40,20.83754729,21.91831652,21.4529319,20.75677805,21.94523959,Out
07/03/2026 23:50,20.83754729,21.91831652,21.3529319,20.75677805,21.94523959,Out
08/03/2026 00:00,20.83754729,21.91831652,21.4529319,20.75677805,21.94523959,Out
08/03/2026 00:10,20.83754729,21.71831652,21.3529319,20.75677805,21.94523959,Out
08/03/2026 00:20,20.83754729,21.71831652,21.4529319,20.75677805,21.94523959,Out
08/03/2026 00:30,20.83754729,21.71831652,21.3529319,20.75677805,21.94523959,Out
08/03/2026 00:40,20.83754729,21.71831652,21.4529319,20.55677805,21.94523959,Out
08/03/2026 00:50,20.83754729,21.71831652,21.3529319,20.75677805,21.94523959,Out
08/03/2026 01:00,20.83754729,21.91831652,21.4529319,20.75677805,21.94523959,Out
08/03/2026 01:10,20.83754729,21.71831652,21.4529319,20.75677805,22.04523959,Out
08/03/2026 01:20,20.83754729,21.91831652,21.4529319,20.75677805,21.94523959,Out
08/03/2026 01:30,20.83754729,21.71831652,21.4529319,20.75677805,21.94523959,Out
08/03/2026 01:40,20.83754729,21.71831652,21.4529319,20.75677805,21.94523959,Out
08/03/2026 01:50,20.83754729,21.71831652,21.4529319,20.75677805,21.94523959,Out
08/03/2026 02:00,20.83754729,21.91831652,21.4529319,20.75677805,21.94523959,Out
08/03/2026 02:10,20.83754729,21.91831652,21.3529319,20.75677805,21.94523959,Out
08/03/2026 02:20,20.83754729,21.91831652,21.4529319,20.75677805,21.94523959,Out
08/03/2026 02:30,20.83754729,21.71831652,21.3529319,20.75677805,21.94523959,Out
08/03/2026 02:40,20.83754729,21.71831652,21.4529319,20.75677805,22.04523959,Out
08/03/2026 02:50,20.83754729,21.71831652,21.3529319,20.75677805,21.94523959,Out
08/03/2026 03:00,20.83754729,21.71831652,21.4529319,20.75677805,22.04523959,Out
08/03/2026 03:10,20.83754729,21.71831652,21.4529319,20.75677805,22.04523959,Out
08/03/2026 03:20,20.83754729,21.71831652,21.4529319,20.55677805,21.94523959,Out
08/03/2026 03:30,20.83754729,21.71831652,21.3529319,20.75677805,21.94523959,Out
08/03/2026 03:40,20.83754729,21.91831652,21.3529319,20.75677805,21.94523959,Out
08/03/2026 03:50,20.83754729,21.71831652,21.4529319,20.75677805,21.94523959,Out
08/03/2026 04:00,20.83754729,21.71831652,21.4529319,20.55677805,22.04523959,Out
08/03/2026 04:10,20.83754729,21.91831652,21.3529319,20.75677805,21.94523959,Out
08/03/2026 04:20,20.83754729,21.71831652,21.4529319,20.75677805,22.04523959,Out
08/03/2026 04:30,20.83754729,21.71831652,21.3529319,20.75677805,21.94523959,Out
08/03/2026 04:40,20.83754729,21.71831652,21.3529319,20.75677805,21.94523959,Out
08/03/2026 04:50,20.83754729,21.71831652,21.3529319,20.75677805,21.94523959,Out
08/03/2026 05:00,20.83754729,21.71831652,21.4529319,20.55677805,21.94523959,Out
08/03/2026 05:10,20.83754729,21.71831652,21.4529319,20.75677805,21.94523959,Out
08/03/2026 05:20,20.83754729,21.71831652,21.3529319,20.75677805,21.94523959,Out
08/03/2026 05:30,20.63754729,21.71831652,21.3529319,20.75677805,21.94523959,Out
08/03/2026 05:40,20.63754729,21.71831652,21.4529319,20.75677805,22.04523959,Out
08/03/2026 05:50,20.83754729,21.71831652,21.3529319,20.55677805,21.84523959,Out
08/03/2026 06:00,20.83754729,21.91831652,21.3529319,20.75677805,21.94523959,Out
08/03/2026 06:10,20.83754729,21.71831652,21.4529319,20.75677805,21.94523959,Out
08/03/2026 06:20,20.63754729,21.71831652,21.4529319,20.75677805,21.94523959,Out
08/03/2026 06:30,20.83754729,21.91831652,21.3529319,20.75677805,21.94523959,Out
08/03/2026 06:40,20.83754729,21.91831652,21.4529319,20.75677805,21.94523959,Out
08/03/2026 06:50,20.83754729,21.71831652,21.4529319,20.75677805,21.94523959,Out
08/03/2026 07:00,20.83754729,21.91831652,21.3529319,20.75677805,21.94523959,Out
08/03/2026 07:10,20.83754729,21.71831652,21.3529319,20.75677805,21.94523959,Out
08/03/2026 07:20,20.83754729,21.71831652,21.4529319,20.75677805,21.94523959,Out
08/03/2026 07:30,20.83754729,21.71831652,21.3529319,20.75677805,21.94523959,Out
08/03/2026 07:40,20.83754729,21.71831652,21.3529319,20.55677805,21.94523959,Out
08/03/2026 07:50,20.63754729,21.71831652,21.4529319,20.75677805,21.94523959,Out
08/03/2026 08:00,20.83754729,21.91831652,21.3529319,20.55677805,21.94523959,Out
08/03/2026 08:10,20.83754729,21.71831652,21.4529319,20.75677805,22.04523959,Out
08/03/2026 08:20,20.83754729,21.71831652,21.4529319,20.55677805,21.94523959,Out
08/03/2026 08:30,20.83754729,21.71831652,21.4529319,20.55677805,21.94523959,Out
08/03/2026 08:40,20.63754729,21.71831652,21.4529319,20.75677805,21.94523959,Out
08/03/2026 08:50,20.83754729,21.71831652,21.3529319,20.75677805,21.94523959,Out
08/03/2026 09:00,20.83754729,21.71831652,21.3529319,20.55677805,21.94523959,Out
08/03/2026 09:10,20.83754729,21.71831652,21.3529319,20.75677805,21.94523959,Out
08/03/2026 09:20,20.83754729,21.71831652,21.3529319,20.75677805,21.94523959,Out
08/03/2026 09:30,20.83754729,21.71831652,21.3529319,20.75677805,21.94523959,Out
08/03/2026 09:40,20.83754729,21.71831652,21.4529319,20.55677805,21.94523959,Out
08/03/2026 09:50,20.83754729,21.71831652,21.3529319,20.75677805,21.94523959,Out
08/03/2026 10:00,20.83754729,21.71831652,21.3529319,20.75677805,21.94523959,Out
08/03/2026 10:10,20.63754729,21.71831652,21.4529319,20.75677805,21.94523959,Out
08/03/2026 10:20,20.83754729,21.71831652,21.3529319,20.85677805,21.94523959,Out
08/03/2026 10:30,20.63754729,21.71831652,21.4529319,20.75677805,21.94523959,Out
08/03/2026 10:40,20.83754729,21.71831652,21.3529319,20.75677805,21.94523959,Out
08/03/2026 10:50,20.83754729,21.71831652,21.4529319,20.55677805,21.94523959,Out
08/03/2026 11:00,20.83754729,21.71831652,21.3529319,20.75677805,21.94523959,Out
08/03/2026 11:10,20.83754729,21.71831652,21.4529319,20.75677805,21.94523959,Out
08/03/2026 11:20,20.63754729,21.71831652,21.3529319,20.55677805,21.94523959,Out
08/03/2026 11:30,20.83754729,21.71831652,21.3529319,20.75677805,21.94523959,Out
08/03/2026 11:40,20.83754729,21.71831652,21.3529319,20.55677805,21.94523959,Out
08/03/2026 11:50,20.63754729,21.71831652,21.4529319,20.55677805,21.94523959,Out
08/03/2026 12:00,20.83754729,21.71831652,21.3529319,20.55677805,21.94523959,Out
08/03/2026 12:10,20.63754729,21.61831652,21.3529319,20.55677805,21.94523959,Out
08/03/2026 12:20,20.63754729,21.61831652,21.2529319,20.55677805,21.94523959,Out
08/03/2026 12:30,20.53754729,21.71831652,21.3529319,20.35677805,21.94523959,Out
08/03/2026 12:40,20.63754729,21.61831652,21.2529319,20.55677805,21.94523959,Out
08/03/2026 12:50,20.53754729,21.61831652,21.3529319,20.55677805,21.94523959,Out
08/03/2026 13:00,20.63754729,21.61831652,21.2529319,20.55677805,21.94523959,Out
08/03/2026 13:10,20.53754729,21.61831652,21.2529319,20.55677805,21.94523959,Out
08/03/2026 13:20,20.53754729,21.61831652,21.2529319,20.55677805,21.84523959,Out
08/03/2026 13:30,20.63754729,21.51831652,21.3529319,20.55677805,21.94523959,Out
08/03/2026 13:40,20.53754729,21.61831652,21.2529319,20.55677805,21.94523959,Out
08/03/2026 13:50,20.53754729,21.61831652,21.2529319,20.55677805,21.94523959,Out
08/03/2026 14:00,20.53754729,21.51831652,21.2529319,20.55677805,21.94523959,Out
08/03/2026 14:10,20.53754729,21.61831652,21.2529319,20.55677805,21.94523959,Out
08/03/2026 14:20,20.53754729,21.61831652,21.3529319,20.55677805,21.94523959,Out
08/03/2026 14:30,20.53754729,21.61831652,21.2529319,20.55677805,21.94523959,Out
08/03/2026 14:40,20.63754729,21.61831652,21.2529319,20.35677805,21.94523959,Out
08/03/2026 14:50,20.53754729,21.61831652,21.2529319,20.55677805,21.94523959,Out
08/03/2026 15:00,20.63754729,21.61831652,21.2529319,20.55677805,21.94523959,Out
08/03/2026 15:10,20.63754729,21.61831652,21.2529319,20.55677805,21.94523959,Out
08/03/2026 15:20,20.53754729,21.61831652,21.2529319,20.55677805,21.94523959,Out
08/03/2026 15:30,20.63754729,21.71831652,21.2529319,20.55677805,21.94523959,Out
08/03/2026 15:40,20.63754729,21.61831652,21.3529319,20.55677805,22.04523959,Out
08/03/2026 15:50,20.63754729,21.61831652,21.2529319,20.55677805,21.94523959,Out
08/03/2026 16:00,20.63754729,21.71831652,21.2529319,20.55677805,21.94523959,Out
08/03/2026 16:10,20.63754729,21.61831652,21.3529319,20.55677805,21.94523959,Out
08/03/2026 16:20,20.63754729,21.61831652,21.3529319,20.55677805,21.94523959,Out
08/03/2026 16:30,20.63754729,21.61831652,21.3529319,20.55677805,21.94523959,Out
08/03/2026 16:40,20.63754729,21.61831652,21.2529319,20.55677805,21.94523959,Out
08/03/2026 16:50,20.83754729,21.71831652,21.3529319,20.55677805,21.94523959,Out
08/03/2026 17:00,20.63754729,21.61831652,21.3529319,20.55677805,21.94523959,Out
08/03/2026 17:10,20.63754729,21.71831652,21.3529319,20.55677805,21.94523959,Out
08/03/2026 17:20,20.63754729,21.71831652,21.3529319,20.75677805,21.94523959,Out
08/03/2026 17:30,20.83754729,21.71831652,21.3529319,20.55677805,21.94523959,Out
08/03/2026 17:40,20.63754729,21.71831652,21.3529319,20.55677805,21.94523959,Out
08/03/2026 17:50,20.63754729,21.61831652,21.3529319,20.75677805,21.94523959,Out
08/03/2026 18:00,20.63754729,21.61831652,21.3529319,20.55677805,22.04523959,Out
08/03/2026 18:10,20.63754729,21.71831652,21.3529319,20.75677805,21.94523959,Out
08/03/2026 18:20,20.63754729,21.61831652,21.3529319,20.55677805,21.94523959,Out
08/03/2026 18:30,20.83754729,21.71831652,21.3529319,20.75677805,21.94523959,Out
08/03/2026 18:40,20.63754729,21.71831652,21.4529319,20.75677805,21.94523959,Out
08/03/2026 18:50,20.83754729,21.61831652,21.3529319,20.75677805,21.94523959,Out
08/03/2026 19:00,20.63754729,21.71831652,21.3529319,20.55677805,21.94523959,Out
08/03/2026 19:10,20.83754729,21.71831652,21.3529319,20.55677805,21.94523959,Out
08/03/2026 19:20,20.63754729,21.71831652,21.3529319,20.55677805,21.94523959,Out
08/03/2026 19:30,20.83754729,21.71831652,21.3529319,20.75677805,21.94523959,Out
08/03/2026 19:40,20.83754729,21.71831652,21.4529319,20.55677805,21.94523959,Out
08/03/2026 19:50,20.83754729,21.71831652,21.3529319,20.75677805,21.94523959,Out
08/03/2026 20:00,20.63754729,21.61831652,21.3529319,20.55677805,21.94523959,Out
08/03/2026 20:10,20.83754729,21.71831652,21.3529319,20.75677805,21.94523959,Out
08/03/2026 20:20,20.83754729,21.71831652,21.3529319,20.55677805,21.94523959,Out
08/03/2026 20:30,20.83754729,21.71831652,21.3529319,20.55677805,21.94523959,Out
08/03/2026 20:40,20.63754729,21.71831652,21.3529319,20.55677805,21.94523959,Out
08/03/2026 20:50,20.83754729,21.71831652,21.3529319,20.55677805,21.94523959,Out
08/03/2026 21:00,20.63754729,21.71831652,21.4529319,20.75677805,21.94523959,Out
08/03/2026 21:10,20.83754729,21.71831652,21.4529319,20.75677805,21.94523959,Out
08/03/2026 21:20,20.83754729,21.71831652,21.4529319,20.75677805,21.94523959,Out
08/03/2026 21:30,20.83754729,21.71831652,21.3529319,20.75677805,21.94523959,Out
08/03/2026 21:40,20.83754729,21.71831652,21.3529319,20.55677805,22.04523959,Out
08/03/2026 21:50,20.83754729,21.71831652,21.4529319,20.75677805,21.94523959,Out
08/03/2026 22:00,20.83754729,21.71831652,21.3529319,20.75677805,22.04523959,Out
08/03/2026 22:10,20.83754729,21.71831652,21.3529319,20.85677805,21.94523959,Out
08/03/2026 22:20,20.83754729,21.71831652,21.4529319,20.75677805,21.94523959,Out
08/03/2026 22:30,20.83754729,21.71831652,21.4529319,20.75677805,21.94523959,Out
08/03/2026 22:40,20.83754729,21.71831652,21.4529319,20.75677805,21.94523959,Out
08/03/2026 22:50,20.83754729,21.71831652,21.3529319,20.75677805,22.04523959,Out
08/03/2026 23:00,20.83754729,21.71831652,21.4529319,20.75677805,21.94523959,Out
08/03/2026 23:10,20.63754729,21.71831652,21.3529319,20.75677805,21.94523959,Out
08/03/2026 23:20,20.63754729,21.71831652,21.4529319,20.75677805,21.94523959,Out
08/03/2026 23:30,20.83754729,21.71831652,21.3529319,20.75677805,21.94523959,Out
08/03/2026 23:40,20.83754729,21.71831652,21.3529319,20.75677805,21.94523959,Out
08/03/2026 23:50,20.83754729,21.71831652,21.3529319,20.75677805,21.94523959,Out
09/03/2026 00:00,20.83754729,21.71831652,21.3529319,20.75677805,21.94523959,Out
09/03/2026 00:10,20.83754729,21.71831652,21.4529319,20.55677805,21.94523959,Out
09/03/2026 00:20,20.83754729,21.71831652,21.4529319,20.55677805,21.94523959,Out
09/03/2026 00:30,20.83754729,21.71831652,21.3529319,20.75677805,21.94523959,Out
09/03/2026 00:40,20.83754729,21.91831652,21.3529319,20.75677805,21.94523959,Out
09/03/2026 00:50,20.83754729,21.71831652,21.3529319,20.75677805,21.84523959,Out
09/03/2026 01:00,20.83754729,21.71831652,21.4529319,20.75677805,21.94523959,Out
09/03/2026 01:10,20.63754729,21.71831652,21.3529319,20.75677805,21.94523959,Out
09/03/2026 01:20,20.83754729,21.71831652,21.4529319,20.75677805,21.94523959,Out
09/03/2026 01:30,20.83754729,21.71831652,21.3529319,20.55677805,21.84523959,Out
09/03/2026 01:40,20.83754729,21.71831652,21.4529319,20.75677805,21.94523959,Out
09/03/2026 01:50,20.83754729,21.71831652,21.3529319,20.75677805,21.84523959,Out
09/03/2026 02:00,20.63754729,21.61831652,21.4529319,20.55677805,21.94523959,Out
09/03/2026 02:10,20.63754729,21.71831652,21.3529319,20.75677805,21.94523959,Out
09/03/2026 02:20,20.63754729,21.71831652,21.3529319,20.55677805,21.94523959,Out
09/03/2026 02:30,20.83754729,21.61831652,21.2529319,20.75677805,21.94523959,Out
09/03/2026 02:40,20.63754729,21.71831652,21.3529319,20.55677805,21.94523959,Out
09/03/2026 02:50,20.63754729,21.71831652,21.3529319,20.55677805,21.84523959,Out
09/03/2026 03:00,20.63754729,21.71831652,21.2529319,20.75677805,21.94523959,Out
09/03/2026 03:10,20.83754729,21.61831652,21.3529319,20.75677805,21.94523959,Out
09/03/2026 03:20,20.63754729,21.71831652,21.3529319,20.55677805,21.94523959,Out
09/03/2026 03:30,20.63754729,21.71831652,21.3529319,20.55677805,21.94523959,Out
09/03/2026 03:40,20.83754729,21.71831652,21.3529319,20.75677805,21.94523959,Out
09/03/2026 03:50,20.83754729,21.71831652,21.3529319,20.75677805,21.94523959,Out
09/03/2026 04:00,20.83754729,21.71831652,21.3529319,20.75677805,21.94523959,Out
09/03/2026 04:10,20.83754729,21.71831652,21.3529319,20.55677805,21.94523959,Out
09/03/2026 04:20,20.83754729,21.61831652,21.3529319,20.55677805,21.94523959,Out
09/03/2026 04:30,20.63754729,21.61831652,21.3529319,20.55677805,21.94523959,Out
09/03/2026 04:40,20.63754729,21.71831652,21.3529319,20.55677805,21.94523959,Out
09/03/2026 04:50,20.63754729,21.71831652,21.3529319,20.55677805,21.94523959,Out
09/03/2026 05:00,20.83754729,21.61831652,21.3529319,20.75677805,21.94523959,Out
09/03/2026 05:10,20.63754729,21.71831652,21.3529319,20.55677805,21.94523959,Out
09/03/2026 05:20,20.63754729,21.71831652,21.3529319,20.75677805,21.94523959,Out
09/03/2026 05:30,20.63754729,21.71831652,21.3529319,20.55677805,21.94523959,Out
09/03/2026 05:40,20.83754729,21.71831652,21.3529319,20.55677805,21.94523959,Out
09/03/2026 05:50,20.63754729,21.71831652,21.2529319,20.55677805,21.94523959,Out
09/03/2026 06:00,20.83754729,21.61831652,21.3529319,20.55677805,21.94523959,Out
09/03/2026 06:10,20.63754729,21.71831652,21.3529319,20.55677805,21.94523959,Out
09/03/2026 06:20,20.83754729,21.71831652,21.3529319,20.75677805,21.94523959,Out
09/03/2026 06:30,20.83754729,21.61831652,21.3529319,20.55677805,21.94523959,Out
09/03/2026 06:40,20.63754729,21.71831652,21.3529319,20.75677805,21.94523959,Out
09/03/2026 06:50,20.63754729,21.71831652,21.3529319,20.75677805,21.94523959,Out
09/03/2026 07:00,20.63754729,21.71831652,21.3529319,20.55677805,21.94523959,Out
09/03/2026 07:10,20.63754729,21.71831652,21.3529319,20.75677805,21.94523959,Out
09/03/2026 07:20,20.63754729,21.71831652,21.3529319,20.75677805,21.94523959,Out
09/03/2026 07:30,20.83754729,21.71831652,21.3529319,20.55677805,21.94523959,Out
09/03/2026 07:40,20.63754729,21.71831652,21.3529319,20.55677805,21.84523959,Out
09/03/2026 07:50,20.63754729,21.61831652,21.3529319,20.55677805,21.94523959,Out
09/03/2026 08:00,20.83754729,21.61831652,21.3529319,20.75677805,21.84523959,Out
09/03/2026 08:10,20.83754729,21.71831652,21.3529319,20.75677805,21.94523959,Out
09/03/2026 08:20,20.63754729,21.71831652,21.3529319,20.55677805,21.84523959,Out
09/03/2026 08:30,20.83754729,21.71831652,21.3529319,20.55677805,21.84523959,Out
09/03/2026 08:40,20.63754729,21.61831652,21.2529319,20.55677805,21.94523959,Out
09/03/2026 08:50,20.63754729,21.61831652,21.3529319,20.75677805,21.94523959,Out
09/03/2026 09:00,20.63754729,21.61831652,21.2529319,20.55677805,21.84523959,Out
09/03/2026 09:10,20.83754729,21.71831652,21.3529319,20.75677805,21.94523959,Out
09/03/2026 09:20,20.63754729,21.61831652,21.3529319,20.75677805,21.94523959,Out
09/03/2026 09:30,20.83754729,21.61831652,21.3529319,20.55677805,21.94523959,Out
09/03/2026 09:40,20.63754729,21.71831652,21.3529319,20.75677805,21.94523959,Out
09/03/2026 09:50,20.63754729,21.61831652,21.3529319,20.55677805,21.94523959,Out
09/03/2026 10:00,20.63754729,21.71831652,21.3529319,20.75677805,21.94523959,Out
09/03/2026 10:10,20.63754729,21.71831652,21.3529319,20.55677805,21.94523959,Out
09/03/2026 10:20,20.63754729,21.71831652,21.3529319,20.55677805,21.94523959,Out
09/03/2026 10:30,20.63754729,21.71831652,21.3529319,20.55677805,21.94523959,Out
09/03/2026 10:40,20.83754729,21.61831652,21.2529319,20.55677805,21.84523959,Out
09/03/2026 10:50,20.63754729,21.61831652,21.3529319,20.55677805,21.84523959,Out
09/03/2026 11:00,20.63754729,21.61831652,21.3529319,20.55677805,21.94523959,Out
09/03/2026 11:10,20.63754729,21.71831652,21.3529319,20.55677805,21.84523959,Out
09/03/2026 11:20,20.83754729,21.71831652,21.3529319,20.55677805,21.94523959,Out
09/03/2026 11:30,20.63754729,21.61831652,21.2529319,20.55677805,21.94523959,Out
09/03/2026 11:40,20.63754729,21.61831652,21.2529319,20.35677805,21.84523959,Out
09/03/2026 11:50,20.53754729,21.51831652,21.2529319,20.55677805,21.84523959,Out
09/03/2026 12:00,20.53754729,21.51831652,21.2529319,20.35677805,21.94523959,Out
09/03/2026 12:10,20.53754729,21.51831652,21.2529319,20.55677805,21.94523959,Out
09/03/2026 12:20,20.53754729,21.51831652,21.2529319,20.55677805,21.84523959,Out
09/03/2026 12:30,20.53754729,21.51831652,21.2529319,20.55677805,21.84523959,Out
09/03/2026 12:40,20.53754729,21.51831652,21.2529319,20.35677805,21.94523959,Out
09/03/2026 12:50,20.53754729,21.51831652,21.2529319,20.35677805,21.94523959,Out
09/03/2026 13:00,20.33754729,21.51831652,21.0529319,20.35677805,21.94523959,Out
09/03/2026 13:10,20.53754729,21.51831652,21.2529319,20.55677805,21.84523959,Out
09/03/2026 13:20,20.33754729,21.31831652,21.0529319,20.35677805,21.84523959,Out
09/03/2026 13:30,20.53754729,21.51831652,21.0529319,20.35677805,21.94523959,Out
09/03/2026 13:40,20.53754729,21.51831652,21.0529319,20.35677805,21.94523959,Out
09/03/2026 13:50,20.53754729,21.51831652,21.0529319,20.35677805,21.84523959,Out
09/03/2026 14:00,20.33754729,21.51831652,21.0529319,20.35677805,21.94523959,Out
09/03/2026 14:10,20.53754729,21.51831652,21.2529319,20.55677805,21.94523959,Out
09/03/2026 14:20,20.53754729,21.51831652,21.0529319,20.35677805,21.84523959,Out
09/03/2026 14:30,20.53754729,21.51831652,21.2529319,20.55677805,21.94523959,Out
09/03/2026 14:40,20.53754729,21.51831652,21.2529319,20.35677805,21.94523959,Out
09/03/2026 14:50,20.53754729,21.51831652,21.0529319,20.55677805,21.94523959,Out
09/03/2026 15:00,20.53754729,21.51831652,21.2529319,20.55677805,21.94523959,Out
09/03/2026 15:10,20.53754729,21.51831652,21.0529319,20.55677805,21.84523959,Out
09/03/2026 15:20,20.53754729,21.51831652,21.2529319,20.55677805,21.84523959,Out
09/03/2026 15:30,20.53754729,21.51831652,21.2529319,20.55677805,21.94523959,Out
09/03/2026 15:40,20.53754729,21.51831652,21.2529319,20.55677805,21.94523959,Out
09/03/2026 15:50,20.53754729,21.51831652,21.2529319,20.55677805,21.94523959,Out
09/03/2026 16:00,20.53754729,21.61831652,21.2529319,20.35677805,21.94523959,Out
09/03/2026 16:10,20.53754729,21.61831652,21.2529319,20.55677805,21.94523959,Out
09/03/2026 16:20,20.53754729,21.51831652,21.2529319,20.35677805,21.94523959,Out
09/03/2026 16:30,20.53754729,21.51831652,21.2529319,20.55677805,21.94523959,Out
09/03/2026 16:40,20.53754729,21.51831652,21.2529319,20.35677805,21.94523959,Out
09/03/2026 16:50,20.53754729,21.61831652,21.2529319,20.55677805,21.94523959,Out
09/03/2026 17:00,20.53754729,21.51831652,21.2529319,20.55677805,21.94523959,Out
09/03/2026 17:10,20.53754729,21.51831652,21.2529319,20.55677805,21.94523959,Out
09/03/2026 17:20,20.53754729,21.61831652,21.2529319,20.55677805,21.94523959,Out
09/03/2026 17:30,20.53754729,21.51831652,21.2529319,20.55677805,21.94523959,Out
09/03/2026 17:40,20.53754729,21.61831652,21.2529319,20.55677805,21.94523959,Out
09/03/2026 17:50,20.53754729,21.61831652,21.2529319,20.55677805,21.94523959,Out
09/03/2026 18:00,20.53754729,21.61831652,21.2529319,20.55677805,21.94523959,Out
09/03/2026 18:10,20.53754729,21.51831652,21.2529319,20.55677805,21.94523959,Out
09/03/2026 18:20,20.63754729,21.51831652,21.2529319,20.55677805,21.94523959,Out
09/03/2026 18:30,20.53754729,21.61831652,21.3529319,20.55677805,21.94523959,Out
09/03/2026 18:40,20.63754729,21.61831652,21.2529319,20.55677805,21.94523959,Out
09/03/2026 18:50,20.63754729,21.61831652,21.3529319,20.55677805,21.94523959,Out
09/03/2026 19:00,20.53754729,21.61831652,21.3529319,20.55677805,21.94523959,Out
09/03/2026 19:10,20.53754729,21.61831652,21.2529319,20.55677805,21.94523959,Out
09/03/2026 19:20,20.63754729,21.61831652,21.2529319,20.55677805,21.94523959,Out
09/03/2026 19:30,20.63754729,21.61831652,21.3529319,20.55677805,21.94523959,Out
09/03/2026 19:40,20.63754729,21.71831652,21.3529319,20.55677805,21.94523959,Out
09/03/2026 19:50,20.63754729,21.61831652,21.2529319,20.55677805,21.94523959,Out
09/03/2026 20:00,20.63754729,21.61831652,21.2529319,20.55677805,21.94523959,Out
09/03/2026 20:10,20.63754729,21.61831652,21.3529319,20.55677805,21.94523959,Out
09/03/2026 20:20,20.63754729,21.61831652,21.3529319,20.75677805,21.94523959,Out
09/03/2026 20:30,20.63754729,21.61831652,21.3529319,20.75677805,21.84523959,Out
09/03/2026 20:40,20.63754729,21.71831652,21.3529319,20.55677805,21.94523959,Out
09/03/2026 20:50,20.63754729,21.61831652,21.3529319,20.55677805,21.94523959,Out
09/03/2026 21:00,20.83754729,21.71831652,21.3529319,20.55677805,21.94523959,Out
09/03/2026 21:10,20.63754729,21.61831652,21.3529319,20.55677805,21.94523959,Out
09/03/2026 21:20,20.63754729,21.71831652,21.2529319,20.55677805,21.84523959,Out
09/03/2026 21:30,20.63754729,21.61831652,21.2529319,20.55677805,21.84523959,Out
09/03/2026 21:40,20.63754729,21.61831652,21.2529319,20.55677805,21.84523959,Out
09/03/2026 21:50,20.63754729,21.71831652,21.3529319,20.55677805,21.94523959,Out
09/03/2026 22:00,20.63754729,21.61831652,21.3529319,20.55677805,21.94523959,Out
09/03/2026 22:10,20.63754729,21.71831652,21.3529319,20.75677805,21.84523959,Out
09/03/2026 22:20,20.83754729,21.71831652,21.3529319,20.55677805,21.94523959,Out
09/03/2026 22:30,20.83754729,21.61831652,21.3529319,20.55677805,21.84523959,Out
09/03/2026 22:40,20.63754729,21.61831652,21.2529319,20.55677805,21.94523959,Out
09/03/2026 22:50,20.63754729,21.61831652,21.3529319,20.55677805,21.94523959,Out
09/03/2026 23:00,20.63754729,21.71831652,21.2529319,20.55677805,21.84523959,Out
09/03/2026 23:10,20.63754729,21.71831652,21.3529319,20.55677805,21.94523959,Out
09/03/2026 23:20,20.63754729,21.71831652,21.3529319,20.55677805,21.94523959,Out
09/03/2026 23:30,20.63754729,21.71831652,21.3529319,20.55677805,21.84523959,Out
09/03/2026 23:40,20.83754729,21.61831652,21.3529319,20.55677805,21.94523959,Out
09/03/2026 23:50,20.63754729,21.61831652,21.2529319,20.55677805,21.84523959,Out
10/03/2026 00:00,20.63754729,21.61831652,21.2529319,20.75677805,21.94523959,Out
10/03/2026 00:10,20.63754729,21.71831652,21.3529319,20.55677805,21.84523959,Out
10/03/2026 00:20,20.63754729,21.61831652,21.3529319,20.55677805,21.84523959,Out
10/03/2026 00:30,20.63754729,21.61831652,21.3529319,20.55677805,21.94523959,Out
10/03/2026 00:40,20.63754729,21.61831652,21.3529319,20.55677805,21.94523959,Out
10/03/2026 00:50,20.83754729,21.71831652,21.2529319,20.55677805,21.94523959,Out
10/03/2026 01:00,20.63754729,21.61831652,21.3529319,20.55677805,21.84523959,Out
10/03/2026 01:10,20.63754729,21.71831652,21.2529319,20.55677805,21.84523959,Out
10/03/2026 01:20,20.63754729,21.71831652,21.2529319,20.55677805,21.84523959,Out
10/03/2026 01:30,20.63754729,21.61831652,21.2529319,20.55677805,21.94523959,Out
10/03/2026 01:40,20.63754729,21.61831652,21.2529319,20.55677805,21.84523959,Out
10/03/2026 01:50,20.63754729,21.61831652,21.2529319,20.55677805,21.84523959,Out
10/03/2026 02:00,20.63754729,21.61831652,21.3529319,20.55677805,21.84523959,Out
10/03/2026 02:10,20.63754729,21.71831652,21.3529319,20.55677805,21.84523959,Out
10/03/2026 02:20,20.63754729,21.61831652,21.2529319,20.35677805,21.84523959,Out
10/03/2026 02:30,20.63754729,21.61831652,21.2529319,20.55677805,21.84523959,Out
10/03/2026 02:40,20.53754729,21.61831652,21.2529319,20.55677805,21.94523959,Out
10/03/2026 02:50,20.53754729,21.61831652,21.2529319,20.35677805,21.84523959,Out
10/03/2026 03:00,20.53754729,21.51831652,21.2529319,20.55677805,21.84523959,Out
10/03/2026 03:10,20.53754729,21.51831652,21.0529319,20.55677805,21.84523959,Out
10/03/2026 03:20,20.53754729,21.51831652,21.2529319,20.35677805,21.94523959,Out
10/03/2026 03:30,20.53754729,21.61831652,21.2529319,20.35677805,21.84523959,Out
10/03/2026 03:40,20.53754729,21.61831652,21.2529319,20.55677805,21.84523959,Out
10/03/2026 03:50,20.53754729,21.51831652,21.2529319,20.35677805,21.84523959,Out
10/03/2026 04:00,20.33754729,21.51831652,21.2529319,20.55677805,21.84523959,Out
10/03/2026 04:10,20.33754729,21.51831652,21.2529319,20.35677805,21.94523959,Out
10/03/2026 04:20,20.53754729,21.51831652,21.2529319,20.35677805,21.94523959,Out
10/03/2026 04:30,20.53754729,21.61831652,21.2529319,20.35677805,21.84523959,Out
10/03/2026 04:40,20.53754729,21.51831652,21.2529319,20.35677805,21.84523959,Out
10/03/2026 04:50,20.53754729,21.51831652,21.2529319,20.35677805,21.84523959,Out
10/03/2026 05:00,20.53754729,21.51831652,21.2529319,20.35677805,21.84523959,Out
10/03/2026 05:10,20.53754729,21.51831652,21.2529319,20.35677805,21.84523959,Out
10/03/2026 05:20,20.53754729,21.51831652,21.2529319,20.55677805,21.84523959,Out
10/03/2026 05:30,20.53754729,21.51831652,21.0529319,20.55677805,21.84523959,Out
10/03/2026 05:40,20.53754729,21.51831652,21.2529319,20.55677805,21.84523959,Out
10/03/2026 05:50,20.53754729,21.51831652,21.2529319,20.55677805,21.94523959,Out
10/03/2026 06:00,20.53754729,21.51831652,21.2529319,20.35677805,21.74523959,Out
10/03/2026 06:10,20.53754729,21.51831652,21.0529319,20.35677805,21.94523959,Out
10/03/2026 06:20,20.53754729,21.51831652,21.2529319,20.55677805,21.94523959,Out
10/03/2026 06:30,20.53754729,21.51831652,21.2529319,20.35677805,21.84523959,Out
10/03/2026 06:40,20.53754729,21.51831652,21.0529319,20.35677805,21.94523959,Out
10/03/2026 06:50,20.53754729,21.51831652,21.2529319,20.55677805,21.84523959,Out
10/03/2026 07:00,20.33754729,21.51831652,21.2529319,20.35677805,21.94523959,Out
10/03/2026 07:10,20.53754729,21.51831652,21.2529319,20.35677805,21.94523959,Out
10/03/2026 07:20,20.53754729,21.61831652,21.3529319,20.55677805,21.74523959,Out
10/03/2026 07:30,20.53754729,21.61831652,21.2529319,20.55677805,21.84523959,Out
10/03/2026 07:40,20.53754729,21.61831652,21.2529319,20.55677805,21.84523959,Out
10/03/2026 07:50,20.53754729,21.61831652,21.2529319,20.55677805,21.84523959,Out
10/03/2026 08:00,20.63754729,21.61831652,21.3529319,20.55677805,21.84523959,Out
10/03/2026 08:10,20.63754729,21.61831652,21.3529319,20.55677805,21.84523959,Out
10/03/2026 08:20,20.53754729,21.51831652,21.0529319,20.35677805,21.94523959,Out
10/03/2026 08:30,20.53754729,21.51831652,21.0529319,20.35677805,21.84523959,Out
10/03/2026 08:40,20.53754729,21.51831652,21.2529319,20.55677805,21.84523959,Out
10/03/2026 08:50,20.33754729,21.51831652,21.0529319,20.35677805,21.84523959,Out
10/03/2026 09:00,20.53754729,21.51831652,21.2529319,20.35677805,21.84523959,Out
10/03/2026 09:10,20.33754729,21.51831652,21.0529319,20.35677805,21.84523959,Out
10/03/2026 09:20,20.53754729,21.31831652,21.2529319,20.35677805,21.84523959,Out
10/03/2026 09:30,20.33754729,21.51831652,21.0529319,20.35677805,21.84523959,Out
10/03/2026 09:40,20.33754729,21.51831652,21.0529319,20.55677805,21.94523959,Out
10/03/2026 09:50,20.33754729,21.51831652,21.0529319,20.35677805,21.84523959,Out
10/03/2026 10:00,20.33754729,21.51831652,21.2529319,20.35677805,21.94523959,Out
10/03/2026 10:10,20.33754729,21.51831652,21.0529319,20.35677805,21.84523959,Out
10/03/2026 10:20,20.53754729,21.51831652,21.2529319,20.35677805,21.84523959,Out
10/03/2026 10:30,20.53754729,21.51831652,21.0529319,20.35677805,21.84523959,Out
10/03/2026 10:40,20.53754729,21.51831652,21.2529319,20.35677805,21.84523959,Out
10/03/2026 10:50,20.33754729,21.51831652,21.2529319,20.35677805,21.84523959,Out
10/03/2026 11:00,20.53754729,21.51831652,21.0529319,20.35677805,21.84523959,Out
10/03/2026 11:10,20.33754729,21.51831652,21.0529319,20.35677805,21.84523959,Out
10/03/2026 11:20,20.33754729,21.51831652,21.2529319,20.35677805,21.84523959,Out
10/03/2026 11:30,20.33754729,21.31831652,21.0529319,20.35677805,21.94523959,Out
10/03/2026 11:40,20.33754729,21.31831652,21.0529319,20.35677805,21.84523959,Out
10/03/2026 11:50,20.33754729,21.31831652,21.0529319,20.35677805,21.84523959,Out
10/03/2026 12:00,20.33754729,21.31831652,21.0529319,20.35677805,21.84523959,Out
10/03/2026 12:10,20.53754729,21.51831652,21.0529319,20.25677805,21.94523959,Out
10/03/2026 12:20,20.33754729,21.31831652,21.0529319,20.25677805,21.84523959,Out
10/03/2026 12:30,20.33754729,21.31831652,21.0529319,20.55677805,21.94523959,Out
10/03/2026 12:40,20.33754729,21.51831652,21.0529319,20.35677805,21.94523959,Out
10/03/2026 12:50,20.33754729,21.51831652,21.0529319,20.35677805,21.84523959,Out
10/03/2026 13:00,20.33754729,21.31831652,21.0529319,20.35677805,21.74523959,Out
10/03/2026 13:10,20.33754729,21.51831652,21.0529319,20.35677805,21.94523959,Out
10/03/2026 13:20,20.33754729,21.51831652,21.0529319,20.35677805,21.94523959,Out
10/03/2026 13:30,20.33754729,21.51831652,21.0529319,20.35677805,21.84523959,Out
10/03/2026 13:40,20.33754729,21.51831652,21.0529319,20.35677805,21.84523959,Out
10/03/2026 13:50,20.33754729,21.51831652,21.0529319,20.35677805,21.84523959,Out
10/03/2026 14:00,20.33754729,21.31831652,21.2529319,20.35677805,21.84523959,Out
10/03/2026 14:10,20.33754729,21.51831652,21.0529319,20.35677805,21.84523959,Out
10/03/2026 14:20,20.53754729,21.51831652,21.0529319,20.35677805,21.84523959,Out
10/03/2026 14:30,20.33754729,21.51831652,21.0529319,20.35677805,21.94523959,Out
10/03/2026 14:40,20.33754729,21.51831652,21.2529319,20.35677805,21.84523959,Out
10/03/2026 14:50,20.33754729,21.51831652,21.0529319,20.35677805,21.94523959,Out
10/03/2026 15:00,20.53754729,21.51831652,21.2529319,20.35677805,21.84523959,Out
10/03/2026 15:10,20.53754729,21.51831652,21.0529319,20.35677805,21.84523959,Out
10/03/2026 15:20,20.53754729,21.51831652,21.0529319,20.35677805,21.84523959,Out
10/03/2026 15:30,20.53754729,21.51831652,21.2529319,20.35677805,21.84523959,Out
10/03/2026 15:40,20.53754729,21.51831652,21.2529319,20.35677805,21.84523959,Out
10/03/2026 15:50,20.53754729,21.51831652,21.2529319,20.35677805,21.84523959,Out
10/03/2026 16:00,20.33754729,21.51831652,21.2529319,20.35677805,21.84523959,Out
10/03/2026 16:10,20.53754729,21.51831652,21.0529319,20.35677805,21.84523959,Out
10/03/2026 16:20,20.33754729,21.51831652,21.2529319,20.35677805,21.94523959,Out
10/03/2026 16:30,20.33754729,21.51831652,21.0529319,20.35677805,21.84523959,Out
10/03/2026 16:40,20.53754729,21.51831652,21.2529319,20.55677805,21.84523959,Out
10/03/2026 16:50,20.33754729,21.31831652,21.2529319,20.35677805,21.84523959,Out
10/03/2026 17:00,20.53754729,21.51831652,21.2529319,20.35677805,21.94523959,Out
10/03/2026 17:10,20.53754729,21.51831652,21.0529319,20.35677805,21.94523959,Out
10/03/2026 17:20,20.53754729,21.51831652,21.0529319,20.35677805,21.94523959,Out
10/03/2026 17:30,20.53754729,21.51831652,21.0529319,20.35677805,21.84523959,Out
10/03/2026 17:40,20.53754729,21.51831652,21.0529319,20.35677805,21.94523959,Out
10/03/2026 17:50,20.53754729,21.51831652,21.2529319,20.55677805,21.84523959,Out
10/03/2026 18:00,20.53754729,21.51831652,21.2529319,20.55677805,21.84523959,Out
10/03/2026 18:10,20.53754729,21.61831652,21.2529319,20.55677805,21.84523959,Out
10/03/2026 18:20,20.53754729,21.51831652,21.2529319,20.35677805,21.84523959,Out
10/03/2026 18:30,20.53754729,21.51831652,21.2529319,20.55677805,21.84523959,Out
10/03/2026 18:40,20.53754729,21.51831652,21.2529319,20.35677805,21.94523959,Out
10/03/2026 18:50,20.53754729,21.61831652,21.2529319,20.55677805,21.84523959,Out
10/03/2026 19:00,20.53754729,21.61831652,21.2529319,20.35677805,21.94523959,Out
10/03/2026 19:10,20.53754729,21.51831652,21.2529319,20.35677805,21.94523959,Out
10/03/2026 19:20,20.53754729,21.61831652,21.2529319,20.55677805,21.94523959,Out
10/03/2026 19:30,20.53754729,21.51831652,21.2529319,20.55677805,21.84523959,Out
10/03/2026 19:40,20.53754729,21.61831652,21.2529319,20.55677805,21.94523959,Out
10/03/2026 19:50,20.53754729,21.61831652,21.2529319,20.55677805,21.84523959,Out
10/03/2026 20:00,20.63754729,21.51831652,21.2529319,20.55677805,21.84523959,Out
10/03/2026 20:10,20.53754729,21.61831652,21.2529319,20.35677805,21.84523959,Out
10/03/2026 20:20,20.53754729,21.61831652,21.2529319,20.55677805,21.84523959,Out
10/03/2026 20:30,20.63754729,21.61831652,21.2529319,20.55677805,21.94523959,Out
10/03/2026 20:40,20.53754729,21.61831652,21.2529319,20.55677805,21.94523959,Out
10/03/2026 20:50,20.53754729,21.61831652,21.2529319,20.55677805,21.94523959,Out
10/03/2026 21:00,20.63754729,21.61831652,21.2529319,20.55677805,21.84523959,Out
10/03/2026 21:10,20.63754729,21.61831652,21.2529319,20.55677805,21.94523959,Out
10/03/2026 21:20,20.53754729,21.61831652,21.3529319,20.55677805,21.94523959,Out
10/03/2026 21:30,20.53754729,21.61831652,21.2529319,20.55677805,21.94523959,Out
10/03/2026 21:40,20.53754729,21.61831652,21.2529319,20.55677805,21.84523959,Out
10/03/2026 21:50,20.53754729,21.61831652,21.2529319,20.55677805,21.84523959,Out
10/03/2026 22:00,20.53754729,21.61831652,21.2529319,20.35677805,21.94523959,Out
10/03/2026 22:10,20.63754729,21.61831652,21.2529319,20.55677805,21.84523959,Out
10/03/2026 22:20,20.63754729,21.61831652,21.2529319,20.55677805,21.84523959,Out
10/03/2026 22:30,20.63754729,21.61831652,21.2529319,20.55677805,21.74523959,Out
10/03/2026 22:40,20.63754729,21.61831652,21.3529319,20.55677805,21.84523959,Out
10/03/2026 22:50,20.63754729,21.61831652,21.2529319,20.55677805,21.94523959,Out
10/03/2026 23:00,20.63754729,21.61831652,21.3529319,20.55677805,21.84523959,Out
10/03/2026 23:10,20.63754729,21.61831652,21.2529319,20.55677805,21.84523959,Out
10/03/2026 23:20,20.63754729,21.61831652,21.2529319,20.55677805,21.84523959,Out
10/03/2026 23:30,20.53754729,21.71831652,21.2529319,20.55677805,21.84523959,Out
10/03/2026 23:40,20.63754729,21.61831652,21.2529319,20.55677805,21.74523959,Out
10/03/2026 23:50,20.63754729,21.71831652,21.2529319,20.55677805,21.84523959,Out
11/03/2026 00:00,20.63754729,21.61831652,21.2529319,20.55677805,21.94523959,Out
11/03/2026 00:10,20.63754729,21.61831652,21.2529319,20.55677805,21.84523959,Out
11/03/2026 00:20,20.53754729,21.61831652,21.3529319,20.55677805,21.84523959,Out
11/03/2026 00:30,20.53754729,21.71831652,21.2529319,20.35677805,21.84523959,Out
11/03/2026 00:40,20.53754729,21.61831652,21.3529319,20.55677805,21.84523959,Out
11/03/2026 00:50,20.63754729,21.71831652,21.2529319,20.55677805,21.84523959,Out
11/03/2026 01:00,20.63754729,21.61831652,21.2529319,20.55677805,21.94523959,Out
11/03/2026 01:10,20.53754729,21.61831652,21.2529319,20.55677805,21.84523959,Out
11/03/2026 01:20,20.63754729,21.61831652,21.2529319,20.55677805,21.84523959,Out
11/03/2026 01:30,20.63754729,21.61831652,21.2529319,20.55677805,21.84523959,Out
11/03/2026 01:40,20.63754729,21.61831652,21.2529319,20.55677805,21.84523959,Out
11/03/2026 01:50,20.63754729,21.61831652,21.3529319,20.55677805,21.84523959,Out
11/03/2026 02:00,20.63754729,21.61831652,21.2529319,20.55677805,21.94523959,Out
11/03/2026 02:10,20.53754729,21.61831652,21.2529319,20.55677805,21.84523959,Out
11/03/2026 02:20,20.63754729,21.61831652,21.2529319,20.35677805,21.84523959,Out
11/03/2026 02:30,20.53754729,21.61831652,21.2529319,20.35677805,21.84523959,Out
11/03/2026 02:40,20.53754729,21.61831652,21.2529319,20.55677805,21.84523959,Out
11/03/2026 02:50,20.63754729,21.61831652,21.2529319,20.35677805,21.84523959,Out
11/03/2026 03:00,20.53754729,21.61831652,21.2529319,20.55677805,21.84523959,Out
11/03/2026 03:10,20.63754729,21.61831652,21.2529319,20.55677805,21.84523959,Out
11/03/2026 03:20,20.53754729,21.61831652,21.2529319,20.55677805,21.84523959,Out
11/03/2026 03:30,20.53754729,21.61831652,21.2529319,20.55677805,21.84523959,Out
11/03/2026 03:40,20.63754729,21.61831652,21.3529319,20.55677805,21.84523959,Out
11/03/2026 03:50,20.53754729,21.61831652,21.2529319,20.55677805,21.84523959,Out
11/03/2026 04:00,20.53754729,21.61831652,21.2529319,20.55677805,21.84523959,Out
11/03/2026 04:10,20.53754729,21.71831652,21.3529319,20.35677805,21.94523959,Out
11/03/2026 04:20,20.63754729,21.61831652,21.3529319,20.55677805,21.84523959,Out
11/03/2026 04:30,20.63754729,21.61831652,21.2529319,20.35677805,21.84523959,Out
11/03/2026 04:40,20.53754729,21.61831652,21.2529319,20.55677805,21.84523959,Out
11/03/2026 04:50,20.63754729,21.61831652,21.2529319,20.55677805,21.84523959,Out
11/03/2026 05:00,20.63754729,21.61831652,21.2529319,20.55677805,21.84523959,Out
11/03/2026 05:10,20.63754729,21.61831652,21.2529319,20.55677805,21.84523959,Out
11/03/2026 05:20,20.63754729,21.61831652,21.2529319,20.55677805,21.94523959,Out
11/03/2026 05:30,20.63754729,21.61831652,21.2529319,20.55677805,21.84523959,Out
11/03/2026 05:40,20.63754729,21.61831652,21.2529319,20.35677805,21.84523959,Out
11/03/2026 05:50,20.63754729,21.61831652,21.2529319,20.55677805,21.84523959,Out
11/03/2026 06:00,20.63754729,21.61831652,21.2529319,20.55677805,21.84523959,Out
11/03/2026 06:10,20.63754729,21.61831652,21.2529319,20.35677805,21.84523959,Out
11/03/2026 06:20,20.53754729,21.61831652,21.2529319,20.35677805,21.84523959,Out
11/03/2026 06:30,20.53754729,21.61831652,21.2529319,20.55677805,21.84523959,Out
11/03/2026 06:40,20.53754729,21.61831652,21.2529319,20.55677805,21.84523959,Out
11/03/2026 06:50,20.63754729,21.61831652,21.2529319,20.55677805,21.84523959,Out
11/03/2026 07:00,20.63754729,21.61831652,21.2529319,20.35677805,21.84523959,Out
11/03/2026 07:10,20.63754729,21.61831652,21.2529319,20.55677805,21.84523959,Out
11/03/2026 07:20,20.63754729,21.61831652,21.3529319,20.55677805,21.94523959,Out
11/03/2026 07:30,20.63754729,21.51831652,21.2529319,20.55677805,21.84523959,Out
11/03/2026 07:40,20.53754729,21.61831652,21.2529319,20.55677805,21.84523959,Out
11/03/2026 07:50,20.63754729,21.61831652,21.2529319,20.55677805,21.84523959,Out
11/03/2026 08:00,20.63754729,21.61831652,21.2529319,20.35677805,21.84523959,Out
11/03/2026 08:10,20.53754729,21.61831652,21.2529319,20.35677805,21.84523959,Out
11/03/2026 08:20,20.53754729,21.51831652,21.2529319,20.55677805,21.84523959,Out
11/03/2026 08:30,20.53754729,21.61831652,21.2529319,20.35677805,21.84523959,Out
11/03/2026 08:40,20.63754729,21.61831652,21.2529319,20.55677805,21.84523959,Out
11/03/2026 08:50,20.63754729,21.61831652,21.2529319,20.55677805,21.94523959,Out
11/03/2026 09:00,20.53754729,21.51831652,21.2529319,20.55677805,21.84523959,Out
11/03/2026 09:10,20.53754729,21.61831652,21.2529319,20.55677805,21.84523959,Out
11/03/2026 09:20,20.53754729,21.61831652,21.2529319,20.35677805,21.84523959,Out
11/03/2026 09:30,20.63754729,21.61831652,21.2529319,20.35677805,21.84523959,Out
11/03/2026 09:40,20.63754729,21.51831652,21.2529319,20.55677805,21.74523959,Out
11/03/2026 09:50,20.63754729,21.61831652,21.2529319,20.35677805,21.74523959,Out
11/03/2026 10:00,20.53754729,21.61831652,21.2529319,20.55677805,21.84523959,Out
11/03/2026 10:10,20.63754729,21.71831652,21.2529319,20.35677805,21.74523959,Out
11/03/2026 10:20,20.63754729,21.61831652,21.2529319,20.55677805,21.84523959,Out
11/03/2026 10:30,20.53754729,21.51831652,21.2529319,20.35677805,21.74523959,Out
11/03/2026 10:40,20.53754729,21.51831652,21.0529319,20.35677805,21.84523959,Out
11/03/2026 10:50,20.33754729,21.51831652,21.0529319,20.35677805,21.84523959,Out
11/03/2026 11:00,20.33754729,21.31831652,21.0529319,20.35677805,21.84523959,Out
11/03/2026 11:10,20.33754729,21.51831652,21.0529319,20.25677805,21.84523959,Out
11/03/2026 11:20,20.33754729,21.31831652,21.0529319,20.35677805,21.74523959,Out
11/03/2026 11:30,20.33754729,21.31831652,21.0529319,20.25677805,21.84523959,Out
11/03/2026 11:40,20.33754729,21.51831652,21.0529319,20.35677805,21.84523959,Out
11/03/2026 11:50,20.33754729,21.31831652,21.0529319,20.25677805,21.84523959,Out
11/03/2026 12:00,20.33754729,21.31831652,21.0529319,20.35677805,21.84523959,Out
11/03/2026 12:10,20.33754729,21.51831652,21.2529319,20.35677805,21.84523959,Out
11/03/2026 12:20,20.33754729,21.51831652,21.0529319,20.35677805,21.84523959,Out
11/03/2026 12:30,20.53754729,21.31831652,21.0529319,20.35677805,21.84523959,Out
11/03/2026 12:40,20.33754729,21.51831652,21.0529319,20.25677805,21.84523959,Out
11/03/2026 12:50,20.33754729,21.31831652,21.0529319,20.35677805,21.74523959,Out
11/03/2026 13:00,20.33754729,21.51831652,21.0529319,20.35677805,21.94523959,Out
11/03/2026 13:10,20.53754729,21.51831652,21.0529319,20.35677805,21.84523959,Out
11/03/2026 13:20,20.53754729,21.31831652,21.0529319,20.35677805,21.84523959,Out
11/03/2026 13:30,20.53754729,21.51831652,21.0529319,20.35677805,21.84523959,Out
11/03/2026 13:40,20.53754729,21.31831652,21.2529319,20.35677805,21.84523959,Out
11/03/2026 13:50,20.33754729,21.31831652,21.0529319,20.35677805,21.84523959,Out
11/03/2026 14:00,20.33754729,21.31831652,21.0529319,20.35677805,21.84523959,Out
11/03/2026 14:10,20.53754729,21.31831652,21.0529319,20.35677805,21.84523959,Out
11/03/2026 14:20,20.33754729,21.51831652,21.0529319,20.35677805,21.94523959,Out
11/03/2026 14:30,20.33754729,21.51831652,21.0529319,20.35677805,21.84523959,Out
11/03/2026 14:40,20.33754729,21.51831652,21.0529319,20.35677805,21.84523959,Out
11/03/2026 14:50,20.33754729,21.31831652,21.0529319,20.35677805,21.94523959,Out
11/03/2026 15:00,20.33754729,21.51831652,21.2529319,20.35677805,21.84523959,Out
11/03/2026 15:10,20.33754729,21.51831652,21.0529319,20.35677805,21.84523959,Out
11/03/2026 15:20,20.33754729,21.51831652,21.0529319,20.35677805,21.84523959,Out
11/03/2026 15:30,20.33754729,21.51831652,21.0529319,20.35677805,21.84523959,Out
11/03/2026 15:40,20.53754729,21.51831652,21.0529319,20.35677805,21.94523959,Out
11/03/2026 15:50,20.33754729,21.31831652,21.2529319,20.35677805,21.84523959,Out
11/03/2026 16:00,20.53754729,21.51831652,21.0529319,20.35677805,21.84523959,Out
11/03/2026 16:10,20.53754729,21.31831652,21.0529319,20.35677805,21.84523959,Out
11/03/2026 16:20,20.53754729,21.51831652,21.2529319,20.55677805,21.84523959,Out
11/03/2026 16:30,20.53754729,21.51831652,21.2529319,20.35677805,21.84523959,Out
11/03/2026 16:40,20.33754729,21.51831652,21.0529319,20.35677805,21.94523959,Out
11/03/2026 16:50,20.53754729,21.51831652,21.2529319,20.35677805,21.84523959,Out
11/03/2026 17:00,20.33754729,21.51831652,21.2529319,20.35677805,21.84523959,Out
11/03/2026 17:10,20.53754729,21.51831652,21.2529319,20.35677805,21.84523959,Out
11/03/2026 17:20,20.53754729,21.51831652,21.2529319,20.35677805,21.94523959,Out
11/03/2026 17:30,20.53754729,21.51831652,21.2529319,20.35677805,21.84523959,Out
11/03/2026 17:40,20.53754729,21.51831652,21.2529319,20.35677805,21.84523959,Out
11/03/2026 17:50,20.53754729,21.51831652,21.2529319,20.35677805,21.84523959,Out
11/03/2026 18:00,20.53754729,21.51831652,21.2529319,20.35677805,21.84523959,Out
11/03/2026 18:10,20.53754729,21.51831652,21.2529319,20.35677805,21.84523959,Out
11/03/2026 18:20,20.53754729,21.51831652,21.2529319,20.55677805,21.84523959,Out
11/03/2026 18:30,20.53754729,21.51831652,21.2529319,20.35677805,21.84523959,Out
11/03/2026 18:40,20.53754729,21.51831652,21.2529319,20.55677805,21.84523959,Out
11/03/2026 18:50,20.53754729,21.51831652,21.2529319,20.55677805,21.84523959,Out
11/03/2026 19:00,20.53754729,21.51831652,21.2529319,20.35677805,21.84523959,Out
11/03/2026 19:10,20.53754729,21.61831652,21.2529319,20.35677805,21.84523959,Out
11/03/2026 19:20,20.53754729,21.61831652,21.2529319,20.55677805,21.84523959,Out
11/03/2026 19:30,20.53754729,21.61831652,21.2529319,20.35677805,21.84523959,Out
11/03/2026 19:40,20.53754729,21.61831652,21.2529319,20.35677805,21.84523959,Out
11/03/2026 19:50,20.53754729,21.61831652,21.2529319,20.55677805,21.84523959,Out
11/03/2026 20:00,20.53754729,21.61831652,21.2529319,20.55677805,21.84523959,Out
11/03/2026 20:10,20.53754729,21.61831652,21.2529319,20.55677805,21.84523959,Out
11/03/2026 20:20,20.53754729,21.61831652,21.2529319,20.55677805,21.84523959,Out
11/03/2026 20:30,20.53754729,21.61831652,21.2529319,20.55677805,21.94523959,Out
11/03/2026 20:40,20.53754729,21.61831652,21.2529319,20.55677805,21.94523959,Out
11/03/2026 20:50,20.53754729,21.61831652,21.2529319,20.35677805,21.84523959,Out
11/03/2026 21:00,20.53754729,21.51831652,21.2529319,20.55677805,21.84523959,Out
11/03/2026 21:10,20.53754729,21.61831652,21.2529319,20.55677805,21.84523959,Out
11/03/2026 21:20,20.63754729,21.61831652,21.2529319,20.55677805,21.84523959,Out
11/03/2026 21:30,20.63754729,21.61831652,21.2529319,20.55677805,21.84523959,Out
11/03/2026 21:40,20.63754729,21.61831652,21.2529319,20.55677805,21.84523959,Out
11/03/2026 21:50,20.53754729,21.61831652,21.2529319,20.35677805,21.84523959,Out
11/03/2026 22:00,20.63754729,21.51831652,21.2529319,20.35677805,21.84523959,Out
11/03/2026 22:10,20.63754729,21.61831652,21.3529319,20.55677805,21.84523959,Out
11/03/2026 22:20,20.63754729,21.61831652,21.2529319,20.55677805,21.84523959,Out
11/03/2026 22:30,20.53754729,21.61831652,21.3529319,20.35677805,21.84523959,Out
11/03/2026 22:40,20.63754729,21.61831652,21.2529319,20.55677805,21.74523959,Out
11/03/2026 22:50,20.63754729,21.61831652,21.2529319,20.55677805,21.84523959,Out
11/03/2026 23:00,20.63754729,21.61831652,21.2529319,20.55677805,21.84523959,Out
11/03/2026 23:10,20.53754729,21.61831652,21.3529319,20.35677805,21.74523959,Out
11/03/2026 23:20,20.63754729,21.61831652,21.2529319,20.35677805,21.84523959,Out
11/03/2026 23:30,20.63754729,21.61831652,21.2529319,20.55677805,21.84523959,Out
11/03/2026 23:40,20.63754729,21.61831652,21.2529319,20.55677805,21.84523959,Out
11/03/2026 23:50,20.53754729,21.61831652,21.2529319,20.55677805,21.84523959,Out
12/03/2026 00:00,20.63754729,21.61831652,21.2529319,20.35677805,21.84523959,Out
12/03/2026 00:10,20.53754729,21.61831652,21.2529319,20.55677805,21.84523959,Out
12/03/2026 00:20,20.53754729,21.51831652,21.2529319,20.35677805,21.84523959,Out
12/03/2026 00:30,20.53754729,21.61831652,21.2529319,20.55677805,21.84523959,Out
12/03/2026 00:40,20.63754729,21.61831652,21.2529319,20.55677805,21.84523959,Out
12/03/2026 00:50,20.53754729,21.61831652,21.2529319,20.35677805,21.84523959,Out
12/03/2026 01:00,20.53754729,21.51831652,21.2529319,20.35677805,21.84523959,Out
12/03/2026 01:10,20.53754729,21.61831652,21.2529319,20.35677805,21.84523959,Out
12/03/2026 01:20,20.53754729,21.51831652,21.2529319,20.35677805,21.84523959,Out
12/03/2026 01:30,20.63754729,21.61831652,21.2529319,20.55677805,21.84523959,Out
12/03/2026 01:40,20.53754729,21.61831652,21.2529319,20.55677805,21.84523959,Out
12/03/2026 01:50,20.53754729,21.61831652,21.2529319,20.55677805,21.74523959,Out
12/03/2026 02:00,20.63754729,21.61831652,21.2529319,20.35677805,21.84523959,Out
12/03/2026 02:10,20.53754729,21.61831652,21.2529319,20.55677805,21.84523959,Out
12/03/2026 02:20,20.53754729,21.61831652,21.2529319,20.35677805,21.84523959,Out
12/03/2026 02:30,20.63754729,21.61831652,21.2529319,20.35677805,21.74523959,Out
12/03/2026 02:40,20.63754729,21.61831652,21.2529319,20.35677805,21.84523959,Out
12/03/2026 02:50,20.63754729,21.61831652,21.2529319,20.55677805,21.84523959,Out
12/03/2026 03:00,20.63754729,21.61831652,21.3529319,20.35677805,21.74523959,Out
12/03/2026 03:10,20.53754729,21.61831652,21.2529319,20.35677805,21.84523959,Out
12/03/2026 03:20,20.53754729,21.51831652,21.2529319,20.35677805,21.94523959,Out
12/03/2026 03:30,20.53754729,21.61831652,21.2529319,20.55677805,21.84523959,Out
12/03/2026 03:40,20.53754729,21.61831652,21.2529319,20.35677805,21.84523959,Out
12/03/2026 03:50,20.53754729,21.61831652,21.2529319,20.55677805,21.84523959,Out
12/03/2026 04:00,20.53754729,21.61831652,21.2529319,20.35677805,21.84523959,Out
12/03/2026 04:10,20.63754729,21.61831652,21.2529319,20.55677805,21.84523959,Out
12/03/2026 04:20,20.53754729,21.61831652,21.2529319,20.35677805,21.84523959,Out
12/03/2026 04:30,20.53754729,21.51831652,21.2529319,20.35677805,21.84523959,Out
12/03/2026 04:40,20.53754729,21.61831652,21.2529319,20.35677805,21.84523959,Out
12/03/2026 04:50,20.63754729,21.61831652,21.2529319,20.35677805,21.74523959,Out
12/03/2026 05:00,20.63754729,21.61831652,21.2529319,20.35677805,21.84523959,Out
12/03/2026 05:10,20.53754729,21.61831652,21.2529319,20.35677805,21.74523959,Out
12/03/2026 05:20,20.53754729,21.61831652,21.2529319,20.35677805,21.84523959,Out
12/03/2026 05:30,20.63754729,21.61831652,21.2529319,20.35677805,21.74523959,Out
12/03/2026 05:40,20.53754729,21.61831652,21.2529319,20.35677805,21.84523959,Out
12/03/2026 05:50,20.63754729,21.61831652,21.2529319,20.55677805,21.84523959,Out
12/03/2026 06:00,20.63754729,21.61831652,21.2529319,20.55677805,21.84523959,Out
12/03/2026 06:10,20.63754729,21.61831652,21.2529319,20.55677805,21.84523959,Out
12/03/2026 06:20,20.53754729,21.51831652,21.2529319,20.35677805,21.74523959,Out
12/03/2026 06:30,20.63754729,21.61831652,21.2529319,20.55677805,21.74523959,Out
12/03/2026 06:40,20.53754729,21.61831652,21.2529319,20.55677805,21.84523959,Out
12/03/2026 06:50,20.53754729,21.61831652,21.2529319,20.35677805,21.74523959,Out
12/03/2026 07:00,20.53754729,21.61831652,21.2529319,20.35677805,21.84523959,Out
12/03/2026 07:10,20.53754729,21.61831652,21.2529319,20.35677805,21.84523959,Out
12/03/2026 07:20,20.53754729,21.61831652,21.2529319,20.35677805,21.94523959,Out
12/03/2026 07:30,20.53754729,21.61831652,21.2529319,20.55677805,21.84523959,Out
12/03/2026 07:40,20.53754729,21.61831652,21.2529319,20.35677805,21.84523959,Out
12/03/2026 07:50,20.63754729,21.61831652,21.2529319,20.55677805,21.74523959,Out
12/03/2026 08:00,20.63754729,21.61831652,21.2529319,20.35677805,21.84523959,Out
12/03/2026 08:10,20.53754729,21.61831652,21.2529319,20.55677805,21.74523959,Out
12/03/2026 08:20,20.53754729,21.61831652,21.2529319,20.55677805,21.84523959,Out
12/03/2026 08:30,20.53754729,21.61831652,21.2529319,20.55677805,21.84523959,Out
12/03/2026 08:40,20.53754729,21.61831652,21.2529319,20.55677805,21.84523959,Out
12/03/2026 08:50,20.53754729,21.61831652,21.2529319,20.35677805,21.84523959,Out
12/03/2026 09:00,20.53754729,21.61831652,21.2529319,20.55677805,21.74523959,Out
12/03/2026 09:10,20.53754729,21.61831652,21.2529319,20.35677805,21.84523959,Out
12/03/2026 09:20,20.53754729,21.61831652,21.2529319,20.35677805,21.84523959,Out
12/03/2026 09:30,20.63754729,21.61831652,21.2529319,20.35677805,21.84523959,Out
12/03/2026 09:40,20.53754729,21.61831652,21.2529319,20.35677805,21.84523959,Out
12/03/2026 09:50,20.53754729,21.61831652,21.2529319,20.55677805,21.84523959,Out
12/03/2026 10:00,20.53754729,21.61831652,21.2529319,20.55677805,21.84523959,Out
12/03/2026 10:10,20.53754729,21.51831652,21.2529319,20.35677805,21.84523959,Out
12/03/2026 10:20,20.53754729,21.61831652,21.2529319,20.35677805,21.84523959,Out
12/03/2026 10:30,20.53754729,21.61831652,21.2529319,20.55677805,21.84523959,Out
12/03/2026 10:40,20.53754729,21.51831652,21.2529319,20.35677805,21.74523959,Out
12/03/2026 10:50,20.53754729,21.61831652,21.2529319,20.55677805,21.84523959,Out
12/03/2026 11:00,20.53754729,21.61831652,21.2529319,20.55677805,21.84523959,Out
12/03/2026 11:10,20.63754729,21.61831652,21.2529319,20.35677805,21.74523959,Out
12/03/2026 11:20,20.53754729,21.51831652,21.2529319,20.55677805,21.84523959,Out
12/03/2026 11:30,20.53754729,21.51831652,21.2529319,20.35677805,21.84523959,Out
12/03/2026 11:40,20.53754729,21.61831652,21.2529319,20.55677805,21.84523959,Out
12/03/2026 11:50,20.63754729,21.61831652,21.2529319,20.35677805,21.84523959,Out
12/03/2026 12:00,20.63754729,21.51831652,21.2529319,20.55677805,21.84523959,Out
12/03/2026 12:10,20.53754729,21.61831652,21.2529319,20.35677805,21.74523959,Out
12/03/2026 12:20,20.53754729,21.51831652,21.0529319,20.35677805,21.74523959,Out
12/03/2026 12:30,20.33754729,21.51831652,21.0529319,20.35677805,21.84523959,Out
12/03/2026 12:40,20.53754729,21.51831652,21.0529319,20.35677805,21.84523959,Out
12/03/2026 12:50,20.53754729,21.31831652,21.0529319,20.35677805,21.74523959,Out
12/03/2026 13:00,20.33754729,21.51831652,21.0529319,20.35677805,21.84523959,Out
12/03/2026 13:10,20.53754729,21.31831652,21.2529319,20.35677805,21.84523959,Out
12/03/2026 13:20,20.53754729,21.51831652,21.0529319,20.35677805,21.84523959,Out
12/03/2026 13:30,20.23754729,21.51831652,21.0529319,20.35677805,21.84523959,Out
12/03/2026 13:40,20.33754729,21.51831652,21.0529319,20.35677805,21.84523959,Out
12/03/2026 13:50,20.33754729,21.51831652,20.9529319,20.25677805,21.74523959,Out
12/03/2026 14:00,20.33754729,21.31831652,21.0529319,20.25677805,21.84523959,Out
12/03/2026 14:10,20.33754729,21.51831652,21.0529319,20.25677805,21.84523959,Out
12/03/2026 14:20,20.33754729,21.51831652,21.0529319,20.35677805,21.84523959,Out
12/03/2026 14:30,20.33754729,21.31831652,21.0529319,20.35677805,21.84523959,Out
12/03/2026 14:40,20.53754729,21.31831652,21.0529319,20.35677805,21.84523959,Out
12/03/2026 14:50,20.33754729,21.51831652,21.0529319,20.35677805,21.84523959,Out
12/03/2026 15:00,20.33754729,21.51831652,21.0529319,20.55677805,21.74523959,Out
12/03/2026 15:10,20.53754729,21.51831652,21.0529319,20.35677805,21.84523959,Out
12/03/2026 15:20,20.53754729,21.51831652,21.2529319,20.35677805,21.84523959,Out
12/03/2026 15:30,20.33754729,21.31831652,21.0529319,20.35677805,21.84523959,Out
12/03/2026 15:40,20.33754729,21.51831652,21.2529319,20.35677805,21.84523959,Out
12/03/2026 15:50,20.53754729,21.51831652,21.2529319,20.35677805,21.84523959,Out
12/03/2026 16:00,20.53754729,21.51831652,21.0529319,20.55677805,21.84523959,Out
12/03/2026 16:10,20.53754729,21.51831652,21.2529319,20.35677805,21.74523959,Out
12/03/2026 16:20,20.33754729,21.51831652,21.2529319,20.25677805,21.84523959,Out
12/03/2026 16:30,20.33754729,21.51831652,21.2529319,20.35677805,21.84523959,Out
12/03/2026 16:40,20.53754729,21.51831652,21.2529319,20.35677805,21.84523959,Out
12/03/2026 16:50,20.33754729,21.51831652,21.0529319,20.35677805,21.84523959,Out
12/03/2026 17:00,20.53754729,21.51831652,21.0529319,20.35677805,21.84523959,Out
12/03/2026 17:10,20.53754729,21.51831652,21.0529319,20.35677805,21.84523959,Out
12/03/2026 17:20,20.53754729,21.51831652,21.0529319,20.55677805,21.84523959,Out
12/03/2026 17:30,20.53754729,21.51831652,21.2529319,20.35677805,21.74523959,Out
12/03/2026 17:40,20.53754729,21.51831652,21.0529319,20.55677805,21.94523959,Out
12/03/2026 17:50,20.53754729,21.51831652,21.2529319,20.35677805,21.74523959,Out
12/03/2026 18:00,20.53754729,21.51831652,21.2529319,20.55677805,21.84523959,Out
12/03/2026 18:10,20.53754729,21.51831652,21.2529319,20.55677805,21.84523959,Out
12/03/2026 18:20,20.33754729,21.61831652,21.2529319,20.35677805,21.84523959,Out
12/03/2026 18:30,20.53754729,21.51831652,21.2529319,20.35677805,21.84523959,Out
12/03/2026 18:40,20.53754729,21.51831652,21.2529319,20.55677805,21.84523959,Out
12/03/2026 18:50,20.53754729,21.51831652,21.2529319,20.55677805,21.84523959,Out
12/03/2026 19:00,20.53754729,21.51831652,21.2529319,20.35677805,21.94523959,Out
12/03/2026 19:10,20.63754729,21.51831652,21.2529319,20.35677805,21.94523959,Out
12/03/2026 19:20,20.53754729,21.51831652,21.2529319,20.35677805,21.84523959,Out
12/03/2026 19:30,20.53754729,21.51831652,21.2529319,20.55677805,21.94523959,Out
12/03/2026 19:40,20.53754729,21.61831652,21.2529319,20.35677805,21.84523959,Out
12/03/2026 19:50,20.53754729,21.61831652,21.2529319,20.35677805,21.84523959,Out
12/03/2026 20:00,20.53754729,21.61831652,21.2529319,20.35677805,21.84523959,Out
12/03/2026 20:10,20.63754729,21.51831652,21.2529319,20.35677805,21.84523959,Out
12/03/2026 20:20,20.53754729,21.61831652,21.2529319,20.55677805,21.84523959,Out
12/03/2026 20:30,20.53754729,21.61831652,21.2529319,20.55677805,21.94523959,Out
12/03/2026 20:40,20.53754729,21.51831652,21.2529319,20.35677805,21.84523959,Out
12/03/2026 20:50,20.53754729,21.61831652,21.2529319,20.55677805,21.74523959,Out
12/03/2026 21:00,20.63754729,21.51831652,21.2529319,20.35677805,21.84523959,Out
12/03/2026 21:10,20.53754729,21.61831652,21.2529319,20.35677805,21.84523959,Out
12/03/2026 21:20,20.53754729,21.51831652,21.2529319,20.35677805,21.84523959,Out
12/03/2026 21:30,20.53754729,21.61831652,21.2529319,20.55677805,21.84523959,Out
12/03/2026 21:40,20.53754729,21.61831652,21.2529319,20.35677805,21.84523959,Out
12/03/2026 21:50,20.53754729,21.61831652,21.2529319,20.35677805,21.84523959,Out
12/03/2026 22:00,20.53754729,21.61831652,21.2529319,20.35677805,21.84523959,Out
12/03/2026 22:10,20.53754729,21.51831652,21.2529319,20.35677805,21.84523959,Out
12/03/2026 22:20,20.53754729,21.51831652,21.2529319,20.55677805,21.84523959,Out
12/03/2026 22:30,20.53754729,21.61831652,21.2529319,20.35677805,21.84523959,Out
12/03/2026 22:40,20.53754729,21.61831652,21.2529319,20.55677805,21.94523959,Out
12/03/2026 22:50,20.53754729,21.51831652,21.2529319,20.35677805,21.84523959,Out
12/03/2026 23:00,20.53754729,21.61831652,21.2529319,20.55677805,21.84523959,Out
12/03/2026 23:10,20.63754729,21.51831652,21.2529319,20.55677805,21.84523959,Out
12/03/2026 23:20,20.53754729,21.51831652,21.2529319,20.35677805,21.84523959,Out
12/03/2026 23:30,20.53754729,21.61831652,21.2529319,20.55677805,21.84523959,Out
12/03/2026 23:40,20.63754729,21.61831652,21.2529319,20.55677805,21.84523959,Out
12/03/2026 23:50,20.63754729,21.61831652,21.2529319,20.35677805,21.84523959,Out
13/03/2026 00:00,20.53754729,21.61831652,21.2529319,20.35677805,21.84523959,Out
13/03/2026 00:10,20.53754729,21.61831652,21.2529319,20.35677805,21.84523959,Out
13/03/2026 00:20,20.63754729,21.61831652,21.2529319,20.55677805,21.84523959,Out
13/03/2026 00:30,20.53754729,21.61831652,21.2529319,20.35677805,21.84523959,Out
13/03/2026 00:40,20.53754729,21.61831652,21.2529319,20.55677805,21.84523959,Out
13/03/2026 00:50,20.53754729,21.61831652,21.2529319,20.55677805,21.84523959,Out
13/03/2026 01:00,20.53754729,21.61831652,21.2529319,20.55677805,21.84523959,Out
13/03/2026 01:10,20.53754729,21.61831652,21.2529319,20.35677805,21.84523959,Out
13/03/2026 01:20,20.53754729,21.61831652,21.3529319,20.55677805,21.84523959,Out
13/03/2026 01:30,20.53754729,21.61831652,21.2529319,20.55677805,21.84523959,Out
13/03/2026 01:40,20.63754729,21.61831652,21.2529319,20.35677805,21.84523959,Out
13/03/2026 01:50,20.63754729,21.61831652,21.2529319,20.55677805,21.84523959,Out
13/03/2026 02:00,20.63754729,21.61831652,21.2529319,20.55677805,21.74523959,Out
13/03/2026 02:10,20.53754729,21.61831652,21.3529319,20.55677805,21.84523959,Out
13/03/2026 02:20,20.53754729,21.61831652,21.2529319,20.55677805,21.84523959,Out
13/03/2026 02:30,20.53754729,21.61831652,21.2529319,20.55677805,21.84523959,Out
13/03/2026 02:40,20.63754729,21.61831652,21.2529319,20.55677805,21.84523959,Out
13/03/2026 02:50,20.63754729,21.61831652,21.2529319,20.35677805,21.84523959,Out
13/03/2026 03:00,20.53754729,21.61831652,21.2529319,20.35677805,21.84523959,Out
13/03/2026 03:10,20.53754729,21.51831652,21.2529319,20.55677805,21.84523959,Out
13/03/2026 03:20,20.63754729,21.61831652,21.2529319,20.35677805,21.84523959,Out
13/03/2026 03:30,20.63754729,21.61831652,21.2529319,20.55677805,21.74523959,Out
13/03/2026 03:40,20.53754729,21.61831652,21.2529319,20.35677805,21.84523959,Out
13/03/2026 03:50,20.53754729,21.61831652,21.3529319,20.35677805,21.84523959,Out
13/03/2026 04:00,20.63754729,21.51831652,21.2529319,20.35677805,21.94523959,Out
13/03/2026 04:10,20.63754729,21.61831652,21.2529319,20.55677805,21.84523959,Out
13/03/2026 04:20,20.53754729,21.61831652,21.2529319,20.55677805,21.84523959,Out
13/03/2026 04:30,20.63754729,21.51831652,21.2529319,20.55677805,21.84523959,Out
13/03/2026 04:40,20.53754729,21.61831652,21.2529319,20.55677805,21.74523959,Out
13/03/2026 04:50,20.53754729,21.61831652,21.2529319,20.35677805,21.84523959,Out
13/03/2026 05:00,20.53754729,21.61831652,21.2529319,20.55677805,21.84523959,Out
13/03/2026 05:10,20.63754729,21.61831652,21.2529319,20.55677805,21.94523959,Out
13/03/2026 05:20,20.53754729,21.61831652,21.2529319,20.55677805,21.94523959,Out
13/03/2026 05:30,20.53754729,21.61831652,21.2529319,20.55677805,21.84523959,Out
13/03/2026 05:40,20.63754729,21.61831652,21.2529319,20.35677805,21.84523959,Out
13/03/2026 05:50,20.63754729,21.61831652,21.2529319,20.35677805,21.84523959,Out
13/03/2026 06:00,20.63754729,21.51831652,21.2529319,20.35677805,21.84523959,Out
13/03/2026 06:10,20.63754729,21.61831652,21.2529319,20.35677805,21.84523959,Out
13/03/2026 06:20,20.53754729,21.61831652,21.2529319,20.55677805,21.84523959,Out
13/03/2026 06:30,20.63754729,21.61831652,21.2529319,20.55677805,21.84523959,Out
13/03/2026 06:40,20.63754729,21.61831652,21.2529319,20.55677805,21.84523959,Out
13/03/2026 06:50,20.63754729,21.61831652,21.2529319,20.55677805,21.84523959,Out
13/03/2026 07:00,20.63754729,21.61831652,21.3529319,20.35677805,21.84523959,Out
13/03/2026 07:10,20.53754729,21.51831652,21.2529319,20.55677805,21.84523959,Out
13/03/2026 07:20,20.53754729,21.61831652,21.2529319,20.55677805,21.84523959,Out
13/03/2026 07:30,20.53754729,21.61831652,21.2529319,20.35677805,21.84523959,Out
13/03/2026 07:40,20.53754729,21.61831652,21.3529319,20.55677805,21.84523959,Out
13/03/2026 07:50,20.63754729,21.51831652,21.2529319,20.55677805,21.84523959,Out
13/03/2026 08:00,20.63754729,21.61831652,21.2529319,20.55677805,21.84523959,Out
13/03/2026 08:10,20.53754729,21.61831652,21.2529319,20.35677805,21.84523959,Out
13/03/2026 08:20,20.53754729,21.61831652,21.2529319,20.55677805,21.84523959,Out
13/03/2026 08:30,20.63754729,21.61831652,21.2529319,20.55677805,21.84523959,Out
13/03/2026 08:40,20.53754729,21.61831652,21.2529319,20.35677805,21.84523959,Out
13/03/2026 08:50,20.53754729,21.61831652,21.2529319,20.35677805,21.84523959,Out
13/03/2026 09:00,20.53754729,21.51831652,21.2529319,20.55677805,21.74523959,Out
13/03/2026 09:10,20.53754729,21.61831652,21.0529319,20.35677805,21.74523959,Out
13/03/2026 09:20,20.53754729,21.51831652,21.2529319,20.35677805,21.84523959,Out
13/03/2026 09:30,20.53754729,21.51831652,21.0529319,20.55677805,21.84523959,Out
13/03/2026 09:40,20.53754729,21.61831652,21.2529319,20.35677805,21.74523959,Out
13/03/2026 09:50,20.53754729,21.51831652,21.2529319,20.35677805,21.84523959,Out
13/03/2026 10:00,20.53754729,21.51831652,21.2529319,20.35677805,21.74523959,Out
13/03/2026 10:10,20.53754729,21.51831652,21.2529319,20.35677805,21.74523959,Out
13/03/2026 10:20,20.63754729,21.51831652,21.2529319,20.55677805,21.74523959,Out
13/03/2026 10:30,20.63754729,21.51831652,21.2529319,20.35677805,21.74523959,Out
13/03/2026 10:40,20.53754729,21.51831652,21.2529319,20.55677805,21.74523959,Out
13/03/2026 10:50,20.53754729,21.51831652,21.2529319,20.35677805,21.84523959,Out
13/03/2026 11:00,20.53754729,21.51831652,21.2529319,20.35677805,21.74523959,Out
13/03/2026 11:10,20.53754729,21.51831652,21.2529319,20.35677805,21.84523959,Out
13/03/2026 11:20,20.53754729,21.51831652,21.2529319,20.35677805,21.74523959,Out
13/03/2026 11:30,20.53754729,21.51831652,21.0529319,20.35677805,21.74523959,Out
13/03/2026 11:40,20.33754729,21.51831652,21.0529319,20.35677805,21.74523959,Out
13/03/2026 11:50,20.53754729,21.51831652,21.0529319,20.35677805,21.84523959,Out
13/03/2026 12:00,20.53754729,21.51831652,21.2529319,20.35677805,21.84523959,Out
13/03/2026 12:10,20.53754729,21.51831652,21.0529319,20.35677805,21.84523959,Out
13/03/2026 12:20,20.53754729,21.51831652,21.2529319,20.35677805,21.74523959,Out
13/03/2026 12:30,20.33754729,21.51831652,21.2529319,20.35677805,21.84523959,Out
13/03/2026 12:40,20.53754729,21.51831652,21.0529319,20.35677805,21.74523959,Out
13/03/2026 12:50,20.33754729,21.51831652,21.2529319,20.35677805,21.84523959,Out
13/03/2026 13:00,20.53754729,21.51831652,21.0529319,20.35677805,21.74523959,Out
13/03/2026 13:10,20.53754729,21.51831652,21.2529319,20.35677805,21.84523959,Out
13/03/2026 13:20,20.33754729,21.51831652,21.0529319,20.35677805,21.84523959,Out
13/03/2026 13:30,20.53754729,21.31831652,21.2529319,20.25677805,21.84523959,Out
13/03/2026 13:40,20.53754729,21.51831652,21.2529319,20.35677805,21.84523959,Out
13/03/2026 13:50,20.53754729,21.51831652,21.2529319,20.35677805,21.84523959,Out
13/03/2026 14:00,20.53754729,21.51831652,21.2529319,20.35677805,21.84523959,Out
13/03/2026 14:10,20.53754729,21.51831652,21.2529319,20.35677805,21.74523959,Out
13/03/2026 14:20,20.53754729,21.51831652,21.2529319,20.35677805,21.84523959,Out
13/03/2026 14:30,20.53754729,21.51831652,21.0529319,20.35677805,21.84523959,Out
13/03/2026 14:40,20.33754729,21.51831652,21.2529319,20.35677805,21.84523959,Out
13/03/2026 14:50,20.53754729,21.51831652,21.0529319,20.35677805,21.84523959,Out
13/03/2026 15:00,20.53754729,21.51831652,21.0529319,20.35677805,21.84523959,Out
13/03/2026 15:10,20.53754729,21.51831652,21.0529319,20.35677805,21.84523959,Out
13/03/2026 15:20,20.53754729,21.51831652,21.0529319,20.35677805,21.84523959,Out
13/03/2026 15:30,20.53754729,21.51831652,21.0529319,20.35677805,21.84523959,Out
13/03/2026 15:40,20.53754729,21.51831652,21.2529319,20.35677805,21.84523959,Out
13/03/2026 15:50,20.53754729,21.51831652,21.0529319,20.35677805,21.84523959,Out
13/03/2026 16:00,20.33754729,21.51831652,21.0529319,20.35677805,21.94523959,Out
13/03/2026 16:10,20.53754729,21.51831652,21.2529319,20.35677805,21.84523959,Out
13/03/2026 16:20,20.53754729,21.51831652,21.0529319,20.35677805,21.74523959,Out
13/03/2026 16:30,20.53754729,21.51831652,21.0529319,20.35677805,21.84523959,Out
13/03/2026 16:40,20.53754729,21.31831652,21.2529319,20.35677805,21.84523959,Out
13/03/2026 16:50,20.53754729,21.51831652,21.2529319,20.35677805,21.84523959,Out
13/03/2026 17:00,20.33754729,21.51831652,21.2529319,20.35677805,21.74523959,Out
13/03/2026 17:10,20.53754729,21.51831652,21.0529319,20.35677805,21.94523959,Out
13/03/2026 17:20,20.53754729,21.51831652,21.2529319,20.35677805,21.84523959,Out
13/03/2026 17:30,20.53754729,21.51831652,21.2529319,20.35677805,21.74523959,Out
13/03/2026 17:40,20.53754729,21.51831652,21.2529319,20.35677805,21.84523959,Out
13/03/2026 17:50,20.53754729,21.51831652,21.2529319,20.35677805,21.84523959,Out
13/03/2026 18:00,20.53754729,21.51831652,21.2529319,20.35677805,21.84523959,Out
13/03/2026 18:10,20.53754729,21.51831652,21.2529319,20.35677805,21.74523959,Out
13/03/2026 18:20,20.53754729,21.51831652,21.2529319,20.35677805,21.84523959,Out
13/03/2026 18:30,20.53754729,21.51831652,21.0529319,20.55677805,21.84523959,Out
13/03/2026 18:40,20.53754729,21.51831652,21.2529319,20.35677805,21.84523959,Out
13/03/2026 18:50,20.53754729,21.51831652,21.0529319,20.35677805,21.84523959,Out
13/03/2026 19:00,20.53754729,21.51831652,21.2529319,20.55677805,21.74523959,Out
13/03/2026 19:10,20.53754729,21.51831652,21.2529319,20.35677805,21.84523959,Out
13/03/2026 19:20,20.53754729,21.51831652,21.2529319,20.35677805,21.84523959,Out
13/03/2026 19:30,20.53754729,21.51831652,21.2529319,20.55677805,21.84523959,Out
13/03/2026 19:40,20.53754729,21.51831652,21.2529319,20.55677805,21.84523959,Out
13/03/2026 19:50,20.53754729,21.51831652,21.2529319,20.35677805,21.84523959,Out
13/03/2026 20:00,20.53754729,21.51831652,21.2529319,20.35677805,21.84523959,Out
13/03/2026 20:10,20.53754729,21.51831652,21.2529319,20.35677805,21.84523959,Out
13/03/2026 20:20,20.53754729,21.61831652,21.2529319,20.35677805,21.84523959,Out
13/03/2026 20:30,20.53754729,21.51831652,21.2529319,20.35677805,21.74523959,Out
13/03/2026 20:40,20.53754729,21.51831652,21.2529319,20.55677805,21.84523959,Out
13/03/2026 20:50,20.53754729,21.51831652,21.2529319,20.35677805,21.84523959,Out
13/03/2026 21:00,20.53754729,21.51831652,21.2529319,20.35677805,21.84523959,Out
13/03/2026 21:10,20.53754729,21.51831652,21.2529319,20.35677805,21.84523959,Out
13/03/2026 21:20,20.53754729,21.61831652,21.2529319,20.55677805,21.84523959,Out
13/03/2026 21:30,20.53754729,21.51831652,21.2529319,20.55677805,21.84523959,Out
13/03/2026 21:40,20.53754729,21.51831652,21.2529319,20.35677805,21.74523959,Out
13/03/2026 21:50,20.53754729,21.51831652,21.2529319,20.55677805,21.84523959,Out
13/03/2026 22:00,20.53754729,21.61831652,21.2529319,20.35677805,21.84523959,Out
13/03/2026 22:10,20.53754729,21.61831652,21.2529319,20.35677805,21.84523959,Out
13/03/2026 22:20,20.53754729,21.51831652,21.2529319,20.35677805,21.74523959,Out
13/03/2026 22:30,20.53754729,21.61831652,21.2529319,20.55677805,21.84523959,Out
13/03/2026 22:40,20.53754729,21.61831652,21.2529319,20.35677805,21.84523959,Out
13/03/2026 22:50,20.53754729,21.51831652,21.2529319,20.35677805,21.84523959,Out
13/03/2026 23:00,20.53754729,21.51831652,21.2529319,20.35677805,21.84523959,Out
13/03/2026 23:10,20.63754729,21.51831652,21.2529319,20.35677805,21.84523959,Out
13/03/2026 23:20,20.53754729,21.61831652,21.2529319,20.35677805,21.84523959,Out
13/03/2026 23:30,20.53754729,21.61831652,21.2529319,20.35677805,21.84523959,Out
13/03/2026 23:40,20.63754729,21.51831652,21.2529319,20.55677805,21.84523959,Out
13/03/2026 23:50,20.53754729,21.61831652,21.2529319,20.55677805,21.84523959,Out
14/03/2026 00:00,20.53754729,21.51831652,21.2529319,20.55677805,21.74523959,Out
14/03/2026 00:10,20.53754729,21.61831652,21.3529319,20.35677805,21.84523959,Out
14/03/2026 00:20,20.53754729,21.51831652,21.2529319,20.35677805,21.84523959,Out
14/03/2026 00:30,20.53754729,21.61831652,21.2529319,20.35677805,21.84523959,Out
14/03/2026 00:40,20.53754729,21.51831652,21.2529319,20.35677805,21.84523959,Out
14/03/2026 00:50,20.53754729,21.61831652,21.2529319,20.55677805,21.74523959,Out
14/03/2026 01:00,20.53754729,21.51831652,21.2529319,20.55677805,21.84523959,Out
14/03/2026 01:10,20.53754729,21.51831652,21.2529319,20.35677805,21.84523959,Out
14/03/2026 01:20,20.53754729,21.61831652,21.2529319,20.35677805,21.84523959,Out
14/03/2026 01:30,20.53754729,21.61831652,21.2529319,20.55677805,21.84523959,Out
14/03/2026 01:40,20.53754729,21.51831652,21.2529319,20.35677805,21.74523959,Out
14/03/2026 01:50,20.53754729,21.51831652,21.2529319,20.55677805,21.84523959,Out
14/03/2026 02:00,20.63754729,21.61831652,21.2529319,20.35677805,21.84523959,Out
14/03/2026 02:10,20.53754729,21.61831652,21.2529319,20.35677805,21.84523959,Out
14/03/2026 02:20,20.53754729,21.51831652,21.2529319,20.55677805,21.74523959,Out
14/03/2026 02:30,20.53754729,21.61831652,21.2529319,20.55677805,21.84523959,Out
14/03/2026 02:40,20.53754729,21.61831652,21.2529319,20.55677805,21.74523959,Out
14/03/2026 02:50,20.53754729,21.61831652,21.2529319,20.55677805,21.84523959,Out
14/03/2026 03:00,20.63754729,21.61831652,21.2529319,20.35677805,21.84523959,Out
14/03/2026 03:10,20.53754729,21.61831652,21.2529319,20.55677805,21.74523959,Out
14/03/2026 03:20,20.63754729,21.51831652,21.2529319,20.35677805,21.84523959,Out
14/03/2026 03:30,20.53754729,21.61831652,21.2529319,20.55677805,21.84523959,Out
14/03/2026 03:40,20.53754729,21.61831652,21.2529319,20.35677805,21.84523959,Out
14/03/2026 03:50,20.53754729,21.61831652,21.2529319,20.55677805,21.74523959,Out
14/03/2026 04:00,20.53754729,21.61831652,21.3529319,20.55677805,21.84523959,Out
14/03/2026 04:10,20.53754729,21.61831652,21.2529319,20.35677805,21.84523959,Out
14/03/2026 04:20,20.63754729,21.61831652,21.2529319,20.35677805,21.84523959,Out
14/03/2026 04:30,20.53754729,21.51831652,21.2529319,20.55677805,21.74523959,Out
14/03/2026 04:40,20.53754729,21.61831652,21.2529319,20.55677805,21.74523959,Out
14/03/2026 04:50,20.63754729,21.61831652,21.2529319,20.35677805,21.84523959,Out
14/03/2026 05:00,20.63754729,21.61831652,21.2529319,20.55677805,21.84523959,Out
14/03/2026 05:10,20.53754729,21.61831652,21.2529319,20.55677805,21.84523959,Out
14/03/2026 05:20,20.53754729,21.51831652,21.2529319,20.35677805,21.84523959,Out
14/03/2026 05:30,20.53754729,21.61831652,21.2529319,20.55677805,21.84523959,Out
14/03/2026 05:40,20.53754729,21.51831652,21.2529319,20.35677805,21.84523959,Out
14/03/2026 05:50,20.53754729,21.61831652,21.2529319,20.55677805,21.84523959,Out
14/03/2026 06:00,20.63754729,21.61831652,21.2529319,20.35677805,21.74523959,Out
14/03/2026 06:10,20.53754729,21.61831652,21.2529319,20.35677805,21.84523959,Out
14/03/2026 06:20,20.53754729,21.61831652,21.2529319,20.35677805,21.74523959,Out
14/03/2026 06:30,20.53754729,21.51831652,21.2529319,20.55677805,21.84523959,Out
14/03/2026 06:40,20.53754729,21.51831652,21.2529319,20.35677805,21.84523959,Out
14/03/2026 06:50,20.53754729,21.61831652,21.2529319,20.35677805,21.84523959,Out
14/03/2026 07:00,20.63754729,21.61831652,21.2529319,20.55677805,21.84523959,Out
14/03/2026 07:10,20.63754729,21.51831652,21.2529319,20.35677805,21.84523959,Out
14/03/2026 07:20,20.53754729,21.61831652,21.2529319,20.35677805,21.84523959,Out
14/03/2026 07:30,20.53754729,21.51831652,21.2529319,20.35677805,21.84523959,Out
14/03/2026 07:40,20.63754729,21.61831652,21.2529319,20.35677805,21.74523959,Out
14/03/2026 07:50,20.53754729,21.61831652,21.2529319,20.55677805,21.84523959,Out
14/03/2026 08:00,20.53754729,21.61831652,21.2529319,20.55677805,21.84523959,Out
14/03/2026 08:10,20.53754729,21.51831652,21.2529319,20.55677805,21.84523959,Out
14/03/2026 08:20,20.53754729,21.61831652,21.2529319,20.35677805,21.84523959,Out
14/03/2026 08:30,20.63754729,21.61831652,21.2529319,20.35677805,21.84523959,Out
14/03/2026 08:40,20.53754729,21.61831652,21.2529319,20.35677805,21.84523959,Out
14/03/2026 08:50,20.53754729,21.51831652,21.2529319,20.35677805,21.84523959,Out
14/03/2026 09:00,20.53754729,21.61831652,21.2529319,20.35677805,21.84523959,Out
14/03/2026 09:10,20.53754729,21.61831652,21.0529319,20.55677805,21.84523959,Out
14/03/2026 09:20,20.53754729,21.51831652,21.2529319,20.35677805,21.84523959,Out
14/03/2026 09:30,20.53754729,21.51831652,21.2529319,20.35677805,21.84523959,Out
14/03/2026 09:40,20.63754729,21.51831652,21.2529319,20.35677805,21.84523959,Out
14/03/2026 09:50,20.53754729,21.51831652,21.2529319,20.55677805,21.84523959,Out
14/03/2026 10:00,20.63754729,21.61831652,21.2529319,20.55677805,21.84523959,Out
14/03/2026 10:10,20.53754729,21.51831652,21.2529319,20.35677805,21.74523959,Out
14/03/2026 10:20,20.53754729,21.61831652,21.2529319,20.55677805,21.84523959,Out
14/03/2026 10:30,20.53754729,21.61831652,21.2529319,20.55677805,21.84523959,Out
14/03/2026 10:40,20.63754729,21.61831652,21.2529319,20.35677805,21.84523959,Out
14/03/2026 10:50,20.53754729,21.51831652,21.2529319,20.55677805,21.84523959,Out
14/03/2026 11:00,20.53754729,21.51831652,21.2529319,20.35677805,21.84523959,Out
14/03/2026 11:10,20.53754729,21.61831652,21.2529319,20.55677805,21.84523959,Out
14/03/2026 11:20,20.63754729,21.61831652,21.2529319,20.55677805,21.84523959,Out
14/03/2026 11:30,20.63754729,21.61831652,21.2529319,20.35677805,21.74523959,Out
14/03/2026 11:40,20.53754729,21.51831652,21.2529319,20.35677805,21.84523959,Out
14/03/2026 11:50,20.53754729,21.61831652,21.2529319,20.55677805,21.74523959,Out
14/03/2026 12:00,20.53754729,21.51831652,21.2529319,20.35677805,21.84523959,Out
14/03/2026 12:10,20.53754729,21.61831652,21.2529319,20.55677805,21.84523959,Out
14/03/2026 12:20,20.53754729,21.51831652,21.2529319,20.35677805,21.84523959,Out
14/03/2026 12:30,20.63754729,21.61831652,21.2529319,20.35677805,21.84523959,Out
14/03/2026 12:40,20.63754729,21.61831652,21.2529319,20.55677805,21.84523959,Out
14/03/2026 12:50,20.53754729,21.51831652,21.2529319,20.55677805,21.84523959,Out
14/03/2026 13:00,20.53754729,21.51831652,21.2529319,20.35677805,21.74523959,Out
14/03/2026 13:10,20.53754729,21.61831652,21.2529319,20.35677805,21.84523959,Out
14/03/2026 13:20,20.53754729,21.51831652,21.2529319,20.35677805,21.74523959,Out
14/03/2026 13:30,20.53754729,21.51831652,21.2529319,20.55677805,21.84523959,Out
14/03/2026 13:40,20.53754729,21.51831652,21.2529319,20.35677805,21.84523959,Out
14/03/2026 13:50,20.53754729,21.51831652,21.2529319,20.55677805,21.74523959,Out
14/03/2026 14:00,20.53754729,21.61831652,21.2529319,20.35677805,21.74523959,Out
14/03/2026 14:10,20.53754729,21.51831652,21.2529319,20.35677805,21.84523959,Out
14/03/2026 14:20,20.53754729,21.51831652,21.2529319,20.35677805,21.84523959,Out
14/03/2026 14:30,20.53754729,21.51831652,21.2529319,20.35677805,21.74523959,Out
14/03/2026 14:40,20.53754729,21.51831652,21.2529319,20.35677805,21.84523959,Out
14/03/2026 14:50,20.53754729,21.51831652,21.2529319,20.35677805,21.84523959,Out
14/03/2026 15:00,20.53754729,21.61831652,21.2529319,20.55677805,21.84523959,Out
14/03/2026 15:10,20.53754729,21.61831652,21.2529319,20.55677805,21.84523959,Out
14/03/2026 15:20,20.53754729,21.51831652,21.2529319,20.35677805,21.84523959,Out
14/03/2026 15:30,20.53754729,21.51831652,21.2529319,20.55677805,21.84523959,Out
14/03/2026 15:40,20.53754729,21.51831652,21.2529319,20.55677805,21.84523959,Out
14/03/2026 15:50,20.53754729,21.51831652,21.2529319,20.35677805,21.84523959,Out
14/03/2026 16:00,20.53754729,21.51831652,21.2529319,20.35677805,21.84523959,Out
14/03/2026 16:10,20.53754729,21.51831652,21.2529319,20.35677805,21.84523959,Out
14/03/2026 16:20,20.53754729,21.51831652,21.0529319,20.35677805,21.74523959,Out
14/03/2026 16:30,20.53754729,21.51831652,21.0529319,20.35677805,21.84523959,Out
14/03/2026 16:40,20.53754729,21.51831652,21.2529319,20.35677805,21.84523959,Out
14/03/2026 16:50,20.53754729,21.61831652,21.2529319,20.35677805,21.74523959,Out
14/03/2026 17:00,20.53754729,21.61831652,21.3529319,20.35677805,21.84523959,Out
14/03/2026 17:10,20.53754729,21.61831652,21.2529319,20.35677805,21.74523959,Out
14/03/2026 17:20,20.53754729,21.61831652,21.2529319,20.35677805,21.84523959,Out
14/03/2026 17:30,20.53754729,21.51831652,21.2529319,20.55677805,21.84523959,Out
14/03/2026 17:40,20.53754729,21.51831652,21.2529319,20.35677805,21.84523959,Out
14/03/2026 17:50,20.63754729,21.61831652,21.2529319,20.35677805,21.84523959,Out
14/03/2026 18:00,20.53754729,21.61831652,21.2529319,20.35677805,21.84523959,Out
14/03/2026 18:10,20.53754729,21.61831652,21.2529319,20.55677805,21.84523959,Out
14/03/2026 18:20,20.53754729,21.51831652,21.2529319,20.55677805,21.84523959,Out
14/03/2026 18:30,20.53754729,21.51831652,21.2529319,20.55677805,21.84523959,Out
14/03/2026 18:40,20.53754729,21.61831652,21.2529319,20.55677805,21.84523959,Out
14/03/2026 18:50,20.53754729,21.61831652,21.2529319,20.55677805,21.84523959,Out
14/03/2026 19:00,20.53754729,21.51831652,21.2529319,20.35677805,21.84523959,Out
14/03/2026 19:10,20.53754729,21.51831652,21.2529319,20.55677805,21.84523959,Out
14/03/2026 19:20,20.53754729,21.61831652,21.2529319,20.55677805,21.84523959,Out
14/03/2026 19:30,20.53754729,21.61831652,21.2529319,20.35677805,21.84523959,Out
14/03/2026 19:40,20.53754729,21.51831652,21.2529319,20.35677805,21.74523959,Out
14/03/2026 19:50,20.53754729,21.51831652,21.2529319,20.35677805,21.84523959,Out
14/03/2026 20:00,20.53754729,21.51831652,21.2529319,20.55677805,21.84523959,Out
14/03/2026 20:10,20.53754729,21.61831652,21.2529319,20.35677805,21.84523959,Out
14/03/2026 20:20,20.53754729,21.51831652,21.2529319,20.35677805,21.84523959,Out
14/03/2026 20:30,20.53754729,21.61831652,21.2529319,20.35677805,21.84523959,Out
14/03/2026 20:40,20.53754729,21.61831652,21.2529319,20.55677805,21.84523959,Out
14/03/2026 20:50,20.53754729,21.51831652,21.3529319,20.55677805,21.84523959,Out
14/03/2026 21:00,20.53754729,21.51831652,21.2529319,20.35677805,21.84523959,Out
14/03/2026 21:10,20.53754729,21.61831652,21.2529319,20.35677805,21.74523959,Out
14/03/2026 21:20,20.53754729,21.61831652,21.2529319,20.55677805,21.94523959,Out
14/03/2026 21:30,20.53754729,21.61831652,21.2529319,20.55677805,21.84523959,Out
14/03/2026 21:40,20.63754729,21.61831652,21.2529319,20.55677805,21.84523959,Out
14/03/2026 21:50,20.53754729,21.51831652,21.2529319,20.35677805,21.84523959,Out
14/03/2026 22:00,20.63754729,21.61831652,21.2529319,20.35677805,21.84523959,Out
14/03/2026 22:10,20.53754729,21.61831652,21.2529319,20.55677805,21.84523959,Out
14/03/2026 22:20,20.53754729,21.61831652,21.2529319,20.35677805,21.74523959,Out
14/03/2026 22:30,20.53754729,21.51831652,21.3529319,20.55677805,21.84523959,Out
14/03/2026 22:40,20.53754729,21.71831652,21.2529319,20.35677805,21.84523959,Out
14/03/2026 22:50,20.53754729,21.51831652,21.2529319,20.55677805,21.84523959,Out
14/03/2026 23:00,20.53754729,21.51831652,21.2529319,20.35677805,21.74523959,Out
14/03/2026 23:10,20.53754729,21.61831652,21.3529319,20.35677805,21.84523959,Out
14/03/2026 23:20,20.53754729,21.61831652,21.2529319,20.55677805,21.84523959,Out
14/03/2026 23:30,20.63754729,21.61831652,21.2529319,20.35677805,21.84523959,Out
14/03/2026 23:40,20.53754729,21.61831652,21.2529319,20.55677805,21.84523959,Out
14/03/2026 23:50,20.53754729,21.61831652,21.2529319,20.55677805,21.84523959,Out
15/03/2026 00:00,20.53754729,21.61831652,21.2529319,20.55677805,21.74523959,Out
15/03/2026 00:10,20.53754729,21.61831652,21.2529319,20.55677805,21.84523959,Out
15/03/2026 00:20,20.53754729,21.51831652,21.2529319,20.35677805,21.84523959,Out
15/03/2026 00:30,20.63754729,21.61831652,21.2529319,20.35677805,21.84523959,Out
15/03/2026 00:40,20.63754729,21.51831652,21.2529319,20.55677805,21.84523959,Out
15/03/2026 00:50,20.53754729,21.51831652,21.2529319,20.55677805,21.84523959,Out
15/03/2026 01:00,20.53754729,21.61831652,21.2529319,20.35677805,21.84523959,Out
15/03/2026 01:10,20.53754729,21.51831652,21.2529319,20.35677805,21.84523959,Out
15/03/2026 01:20,20.53754729,21.61831652,21.2529319,20.55677805,21.84523959,Out
15/03/2026 01:30,20.53754729,21.51831652,21.2529319,20.55677805,21.84523959,Out
15/03/2026 01:40,20.63754729,21.61831652,21.2529319,20.35677805,21.84523959,Out
15/03/2026 01:50,20.53754729,21.51831652,21.2529319,20.35677805,21.84523959,Out
15/03/2026 02:00,20.53754729,21.61831652,21.2529319,20.55677805,21.84523959,Out
15/03/2026 02:10,20.53754729,21.61831652,21.2529319,20.55677805,21.84523959,Out
15/03/2026 02:20,20.63754729,21.51831652,21.2529319,20.35677805,21.84523959,Out
15/03/2026 02:30,20.53754729,21.51831652,21.2529319,20.55677805,21.84523959,Out
15/03/2026 02:40,20.53754729,21.61831652,21.2529319,20.55677805,21.94523959,Out
15/03/2026 02:50,20.53754729,21.61831652,21.2529319,20.55677805,21.84523959,Out
15/03/2026 03:00,20.53754729,21.51831652,21.0529319,20.55677805,21.84523959,Out
15/03/2026 03:10,20.53754729,21.61831652,21.2529319,20.55677805,21.84523959,Out
15/03/2026 03:20,20.53754729,21.61831652,21.2529319,20.55677805,21.74523959,Out
15/03/2026 03:30,20.53754729,21.61831652,21.2529319,20.35677805,21.84523959,Out
15/03/2026 03:40,20.53754729,21.61831652,21.2529319,20.35677805,21.84523959,Out
15/03/2026 03:50,20.53754729,21.51831652,21.2529319,20.35677805,21.84523959,Out
15/03/2026 04:00,20.53754729,21.61831652,21.2529319,20.35677805,21.84523959,Out
15/03/2026 04:10,20.53754729,21.51831652,21.2529319,20.35677805,21.84523959,Out
15/03/2026 04:20,20.53754729,21.61831652,21.2529319,20.55677805,21.84523959,Out
15/03/2026 04:30,20.63754729,21.61831652,21.2529319,20.35677805,21.84523959,Out
15/03/2026 04:40,20.63754729,21.51831652,21.2529319,20.55677805,21.84523959,Out
15/03/2026 04:50,20.63754729,21.61831652,21.2529319,20.55677805,21.84523959,Out
15/03/2026 05:00,20.53754729,21.61831652,21.2529319,20.55677805,21.84523959,Out
15/03/2026 05:10,20.53754729,21.61831652,21.2529319,20.35677805,21.84523959,Out
15/03/2026 05:20,20.53754729,21.51831652,21.2529319,20.35677805,21.74523959,Out
15/03/2026 05:30,20.53754729,21.61831652,21.2529319,20.55677805,21.84523959,Out
15/03/2026 05:40,20.53754729,21.61831652,21.2529319,20.35677805,21.84523959,Out
15/03/2026 05:50,20.53754729,21.61831652,21.2529319,20.55677805,21.84523959,Out
15/03/2026 06:00,20.53754729,21.51831652,21.2529319,20.35677805,21.84523959,Out
15/03/2026 06:10,20.53754729,21.61831652,21.2529319,20.55677805,21.84523959,Out
15/03/2026 06:20,20.63754729,21.61831652,21.2529319,20.55677805,21.74523959,Out
15/03/2026 06:30,20.53754729,21.61831652,21.2529319,20.35677805,21.84523959,Out
15/03/2026 06:40,20.63754729,21.51831652,21.3529319,20.35677805,21.74523959,Out
15/03/2026 06:50,20.53754729,21.61831652,21.2529319,20.35677805,21.84523959,Out
15/03/2026 07:00,20.53754729,21.61831652,21.2529319,20.35677805,21.74523959,Out
15/03/2026 07:10,20.53754729,21.61831652,21.2529319,20.35677805,21.74523959,Out
15/03/2026 07:20,20.53754729,21.51831652,21.2529319,20.35677805,21.84523959,Out
15/03/2026 07:30,20.53754729,21.61831652,21.2529319,20.35677805,21.94523959,Out
15/03/2026 07:40,20.53754729,21.51831652,21.2529319,20.35677805,21.84523959,Out
15/03/2026 07:50,20.63754729,21.61831652,21.2529319,20.35677805,21.84523959,Out
15/03/2026 08:00,20.53754729,21.51831652,21.2529319,20.35677805,21.84523959,Out
15/03/2026 08:10,20.53754729,21.51831652,21.2529319,20.55677805,21.74523959,Out
15/03/2026 08:20,20.53754729,21.61831652,21.2529319,20.55677805,21.74523959,Out
15/03/2026 08:30,20.53754729,21.61831652,21.2529319,20.35677805,21.84523959,Out
15/03/2026 08:40,20.53754729,21.61831652,21.2529319,20.35677805,21.84523959,Out
15/03/2026 08:50,20.53754729,21.61831652,21.2529319,20.35677805,21.84523959,Out
15/03/2026 09:00,20.63754729,21.61831652,21.2529319,20.35677805,21.84523959,Out
15/03/2026 09:10,20.63754729,21.61831652,21.0529319,20.55677805,21.84523959,Out
15/03/2026 09:20,20.53754729,21.61831652,21.2529319,20.35677805,21.84523959,Out
15/03/2026 09:30,20.53754729,21.61831652,21.2529319,20.35677805,21.84523959,Out
15/03/2026 09:40,20.53754729,21.61831652,21.2529319,20.35677805,21.74523959,Out
15/03/2026 09:50,20.53754729,21.51831652,21.2529319,20.35677805,21.74523959,Out
15/03/2026 10:00,20.53754729,21.61831652,21.2529319,20.35677805,21.74523959,Out
15/03/2026 10:10,20.53754729,21.61831652,21.3529319,20.35677805,21.84523959,Out
15/03/2026 10:20,20.53754729,21.61831652,21.2529319,20.55677805,21.84523959,Out
15/03/2026 10:30,20.53754729,21.61831652,21.2529319,20.35677805,21.84523959,Out
15/03/2026 10:40,20.53754729,21.51831652,21.2529319,20.55677805,21.84523959,Out
15/03/2026 10:50,20.53754729,21.61831652,21.2529319,20.55677805,21.84523959,Out
15/03/2026 11:00,20.53754729,21.61831652,21.2529319,20.35677805,21.84523959,Out
15/03/2026 11:10,20.63754729,21.51831652,21.0529319,20.35677805,21.84523959,Out
15/03/2026 11:20,20.63754729,21.61831652,21.2529319,20.35677805,21.84523959,Out
15/03/2026 11:30,20.53754729,21.61831652,21.2529319,20.55677805,21.74523959,Out
15/03/2026 11:40,20.63754729,21.61831652,21.2529319,20.35677805,21.84523959,Out
15/03/2026 11:50,20.53754729,21.51831652,21.2529319,20.55677805,21.84523959,Out
15/03/2026 12:00,20.53754729,21.61831652,21.2529319,20.35677805,21.84523959,Out
15/03/2026 12:10,20.53754729,21.51831652,21.2529319,20.35677805,21.84523959,Out
15/03/2026 12:20,20.63754729,21.61831652,21.2529319,20.55677805,21.84523959,Out
15/03/2026 12:30,20.53754729,21.51831652,21.2529319,20.35677805,21.84523959,Out
15/03/2026 12:40,20.53754729,21.51831652,21.2529319,20.35677805,21.74523959,Out
15/03/2026 12:50,20.53754729,21.51831652,21.0529319,20.35677805,21.84523959,Out
15/03/2026 13:00,20.53754729,21.51831652,21.2529319,20.35677805,21.84523959,Out
15/03/2026 13:10,20.33754729,21.51831652,21.2529319,20.35677805,21.74523959,Out
15/03/2026 13:20,20.33754729,21.51831652,21.0529319,20.35677805,21.84523959,Out
15/03/2026 13:30,20.33754729,21.51831652,21.2529319,20.35677805,21.84523959,Out
15/03/2026 13:40,20.53754729,21.51831652,21.2529319,20.35677805,21.84523959,Out
15/03/2026 13:50,20.33754729,21.51831652,21.2529319,20.35677805,21.74523959,Out
15/03/2026 14:00,20.53754729,21.51831652,21.0529319,20.35677805,21.74523959,Out
15/03/2026 14:10,20.33754729,21.31831652,21.2529319,20.35677805,21.84523959,Out
15/03/2026 14:20,20.33754729,21.51831652,21.2529319,20.55677805,21.84523959,Out
15/03/2026 14:30,20.53754729,21.31831652,21.0529319,20.35677805,21.84523959,Out
15/03/2026 14:40,20.33754729,21.51831652,21.0529319,20.35677805,21.84523959,Out
15/03/2026 14:50,20.53754729,21.51831652,21.2529319,20.35677805,21.84523959,Out
15/03/2026 15:00,20.53754729,21.51831652,21.2529319,20.55677805,21.84523959,Out
15/03/2026 15:10,20.33754729,21.51831652,21.2529319,20.55677805,21.84523959,Out
15/03/2026 15:20,20.53754729,21.51831652,21.2529319,20.35677805,21.84523959,Out
15/03/2026 15:30,20.53754729,21.51831652,21.0529319,20.35677805,21.84523959,Out
15/03/2026 15:40,20.53754729,21.51831652,21.2529319,20.35677805,21.84523959,Out
15/03/2026 15:50,20.53754729,21.51831652,21.2529319,20.35677805,21.84523959,Out
15/03/2026 16:00,20.33754729,21.51831652,21.2529319,20.35677805,21.84523959,Out
15/03/2026 16:10,20.53754729,21.51831652,21.2529319,20.35677805,21.74523959,Out
15/03/2026 16:20,20.33754729,21.51831652,21.2529319,20.35677805,21.84523959,Out
15/03/2026 16:30,20.53754729,21.51831652,21.2529319,20.35677805,21.84523959,Out
15/03/2026 16:40,20.53754729,21.51831652,21.0529319,20.35677805,21.84523959,Out
15/03/2026 16:50,20.53754729,21.51831652,21.2529319,20.35677805,21.84523959,Out
15/03/2026 17:00,20.53754729,21.51831652,21.2529319,20.55677805,21.74523959,Out
15/03/2026 17:10,20.53754729,21.51831652,21.2529319,20.55677805,21.84523959,Out
15/03/2026 17:20,20.53754729,21.61831652,21.2529319,20.35677805,21.74523959,Out
15/03/2026 17:30,20.53754729,21.51831652,21.2529319,20.35677805,21.84523959,Out
15/03/2026 17:40,20.53754729,21.61831652,21.2529319,20.55677805,21.84523959,Out
15/03/2026 17:50,20.63754729,21.61831652,21.2529319,20.55677805,21.84523959,Out
15/03/2026 18:00,20.63754729,21.61831652,21.2529319,20.35677805,21.84523959,Out
15/03/2026 18:10,20.53754729,21.61831652,21.2529319,20.35677805,21.84523959,Out
15/03/2026 18:20,20.53754729,21.61831652,21.2529319,20.55677805,21.84523959,Out
15/03/2026 18:30,20.53754729,21.51831652,21.2529319,20.35677805,21.84523959,Out
15/03/2026 18:40,20.63754729,21.61831652,21.2529319,20.55677805,21.84523959,Out
15/03/2026 18:50,20.53754729,21.51831652,21.2529319,20.35677805,21.84523959,Out
15/03/2026 19:00,20.63754729,21.51831652,21.2529319,20.35677805,21.84523959,Out
15/03/2026 19:10,20.53754729,21.61831652,21.2529319,20.55677805,21.84523959,Out
15/03/2026 19:20,20.53754729,21.61831652,21.2529319,20.55677805,21.84523959,Out
15/03/2026 19:30,20.53754729,21.61831652,21.2529319,20.35677805,21.84523959,Out
15/03/2026 19:40,20.53754729,21.61831652,21.2529319,20.55677805,21.84523959,Out
15/03/2026 19:50,20.63754729,21.61831652,21.2529319,20.55677805,21.84523959,Out
15/03/2026 20:00,20.53754729,21.61831652,21.2529319,20.35677805,21.84523959,Out
15/03/2026 20:10,20.53754729,21.61831652,21.2529319,20.55677805,21.94523959,Out
15/03/2026 20:20,20.53754729,21.61831652,21.2529319,20.55677805,21.84523959,Out
15/03/2026 20:30,20.53754729,21.61831652,21.2529319,20.55677805,21.84523959,Out
15/03/2026 20:40,20.53754729,21.61831652,21.2529319,20.35677805,21.84523959,Out
15/03/2026 20:50,20.53754729,21.61831652,21.2529319,20.35677805,21.84523959,Out
15/03/2026 21:00,20.53754729,21.61831652,21.2529319,20.35677805,21.84523959,Out
15/03/2026 21:10,20.63754729,21.61831652,21.2529319,20.55677805,21.84523959,Out
15/03/2026 21:20,20.53754729,21.51831652,21.2529319,20.55677805,21.74523959,Out
15/03/2026 21:30,20.53754729,21.61831652,21.2529319,20.35677805,21.84523959,Out
15/03/2026 21:40,20.63754729,21.61831652,21.2529319,20.55677805,21.94523959,Out
15/03/2026 21:50,20.53754729,21.61831652,21.2529319,20.55677805,21.94523959,Out
15/03/2026 22:00,20.63754729,21.61831652,21.2529319,20.35677805,21.84523959,Out
15/03/2026 22:10,20.63754729,21.61831652,21.2529319,20.35677805,21.84523959,Out
15/03/2026 22:20,20.53754729,21.61831652,21.2529319,20.35677805,21.84523959,Out
15/03/2026 22:30,20.53754729,21.61831652,21.2529319,20.35677805,21.84523959,Out
15/03/2026 22:40,20.63754729,21.61831652,21.2529319,20.55677805,21.84523959,Out
15/03/2026 22:50,20.53754729,21.61831652,21.2529319,20.55677805,21.84523959,Out
15/03/2026 23:00,20.63754729,21.61831652,21.2529319,20.55677805,21.84523959,Out
15/03/2026 23:10,20.63754729,21.51831652,21.2529319,20.35677805,21.84523959,Out
15/03/2026 23:20,20.63754729,21.61831652,21.2529319,20.55677805,21.84523959,Out
15/03/2026 23:30,20.63754729,21.61831652,21.2529319,20.55677805,21.84523959,Out
15/03/2026 23:40,20.53754729,21.51831652,21.2529319,20.55677805,21.84523959,Out
15/03/2026 23:50,20.53754729,21.61831652,21.2529319,20.55677805,21.94523959,Out
16/03/2026 00:00,20.53754729,21.61831652,21.3529319,20.55677805,21.94523959,Out
16/03/2026 00:10,20.63754729,21.61831652,21.2529319,20.35677805,21.84523959,Out
16/03/2026 00:20,20.63754729,21.61831652,21.3529319,20.55677805,21.94523959,Out
16/03/2026 00:30,20.63754729,21.61831652,21.3529319,20.55677805,21.84523959,Out
16/03/2026 00:40,20.63754729,21.61831652,21.3529319,20.35677805,21.84523959,Out
16/03/2026 00:50,20.63754729,21.61831652,21.2529319,20.55677805,21.84523959,Out
16/03/2026 01:00,20.63754729,21.71831652,21.2529319,20.55677805,21.84523959,Out
16/03/2026 01:10,20.63754729,21.71831652,21.2529319,20.55677805,21.84523959,Out
16/03/2026 01:20,20.63754729,21.61831652,21.2529319,20.55677805,21.94523959,Out
16/03/2026 01:30,20.63754729,21.61831652,21.3529319,20.55677805,21.84523959,Out
16/03/2026 01:40,20.63754729,21.61831652,21.2529319,20.55677805,21.84523959,Out
16/03/2026 01:50,20.63754729,21.61831652,21.2529319,20.55677805,21.84523959,Out
16/03/2026 02:00,20.63754729,21.61831652,21.3529319,20.55677805,21.84523959,Out
16/03/2026 02:10,20.63754729,21.51831652,21.2529319,20.55677805,21.84523959,Out
16/03/2026 02:20,20.53754729,21.61831652,21.3529319,20.35677805,21.94523959,Out
16/03/2026 02:30,20.63754729,21.61831652,21.2529319,20.55677805,21.84523959,Out
16/03/2026 02:40,20.63754729,21.61831652,21.3529319,20.55677805,21.84523959,Out
16/03/2026 02:50,20.63754729,21.61831652,21.2529319,20.55677805,21.94523959,Out
16/03/2026 03:00,20.53754729,21.61831652,21.2529319,20.55677805,21.94523959,Out
16/03/2026 03:10,20.63754729,21.61831652,21.2529319,20.55677805,21.84523959,Out
16/03/2026 03:20,20.63754729,21.61831652,21.2529319,20.55677805,21.84523959,Out
16/03/2026 03:30,20.63754729,21.61831652,21.3529319,20.55677805,21.84523959,Out
16/03/2026 03:40,20.63754729,21.61831652,21.3529319,20.55677805,21.84523959,Out
16/03/2026 03:50,20.53754729,21.61831652,21.2529319,20.35677805,21.84523959,Out
16/03/2026 04:00,20.63754729,21.61831652,21.2529319,20.55677805,21.84523959,Out
16/03/2026 04:10,20.63754729,21.61831652,21.2529319,20.55677805,21.84523959,Out
16/03/2026 04:20,20.63754729,21.61831652,21.3529319,20.55677805,21.94523959,Out
16/03/2026 04:30,20.63754729,21.61831652,21.2529319,20.55677805,21.94523959,Out
16/03/2026 04:40,20.63754729,21.61831652,21.2529319,20.55677805,21.84523959,Out
16/03/2026 04:50,20.53754729,21.61831652,21.2529319,20.55677805,21.94523959,Out
16/03/2026 05:00,20.63754729,21.61831652,21.2529319,20.55677805,21.94523959,Out
16/03/2026 05:10,20.63754729,21.61831652,21.3529319,20.55677805,21.94523959,Out
16/03/2026 05:20,20.63754729,21.61831652,21.3529319,20.55677805,21.84523959,Out
16/03/2026 05:30,20.83754729,21.71831652,21.2529319,20.55677805,21.84523959,Out
16/03/2026 05:40,20.63754729,21.61831652,21.2529319,20.55677805,21.84523959,Out
16/03/2026 05:50,20.63754729,21.61831652,21.2529319,20.55677805,21.84523959,Out
16/03/2026 06:00,20.63754729,21.61831652,21.3529319,20.55677805,21.84523959,Out
16/03/2026 06:10,20.63754729,21.61831652,21.3529319,20.55677805,21.84523959,Out
16/03/2026 06:20,20.63754729,21.61831652,21.2529319,20.55677805,21.84523959,Out
16/03/2026 06:30,20.63754729,21.61831652,21.2529319,20.55677805,21.94523959,Out
16/03/2026 06:40,20.63754729,21.71831652,21.2529319,20.55677805,21.84523959,Out
16/03/2026 06:50,20.53754729,21.61831652,21.3529319,20.35677805,21.84523959,Out
16/03/2026 07:00,20.63754729,21.61831652,21.3529319,20.55677805,21.84523959,Out
16/03/2026 07:10,20.53754729,21.61831652,21.2529319,20.55677805,21.84523959,Out
16/03/2026 07:20,20.63754729,21.61831652,21.2529319,20.55677805,21.94523959,Out
16/03/2026 07:30,20.83754729,21.61831652,21.2529319,20.55677805,21.84523959,Out
16/03/2026 07:40,20.63754729,21.61831652,21.2529319,20.55677805,21.84523959,Out
16/03/2026 07:50,20.63754729,21.71831652,21.3529319,20.55677805,21.84523959,Out
16/03/2026 08:00,20.53754729,21.61831652,21.2529319,20.55677805,21.84523959,Out
16/03/2026 08:10,20.63754729,21.61831652,21.2529319,20.55677805,21.84523959,Out
16/03/2026 08:20,20.63754729,21.61831652,21.2529319,20.75677805,21.84523959,Out
16/03/2026 08:30,20.53754729,21.61831652,21.2529319,20.55677805,21.94523959,Out
16/03/2026 08:40,20.63754729,21.61831652,21.2529319,20.55677805,21.84523959,Out
16/03/2026 08:50,20.63754729,21.61831652,21.3529319,20.55677805,21.84523959,Out
16/03/2026 09:00,20.63754729,21.71831652,21.3529319,20.55677805,21.84523959,Out
16/03/2026 09:10,20.53754729,21.71831652,21.2529319,20.55677805,21.84523959,Out
16/03/2026 09:20,20.53754729,21.61831652,21.3529319,20.55677805,21.84523959,Out
16/03/2026 09:30,20.63754729,21.61831652,21.2529319,20.55677805,21.84523959,Out
16/03/2026 09:40,20.63754729,21.61831652,21.3529319,20.35677805,21.84523959,Out
16/03/2026 09:50,20.63754729,21.61831652,21.3529319,20.55677805,21.94523959,Out
16/03/2026 10:00,20.63754729,21.61831652,21.2529319,20.55677805,21.94523959,Out
16/03/2026 10:10,20.63754729,21.61831652,21.2529319,20.55677805,21.84523959,Out
16/03/2026 10:20,20.63754729,21.71831652,21.3529319,20.55677805,21.94523959,Out
16/03/2026 10:30,20.63754729,21.61831652,21.3529319,20.55677805,21.84523959,Out
16/03/2026 10:40,20.63754729,21.61831652,21.3529319,20.55677805,21.94523959,Out
16/03/2026 10:50,20.63754729,21.61831652,21.3529319,20.55677805,21.94523959,Out
16/03/2026 11:00,20.63754729,21.61831652,21.3529319,20.55677805,21.84523959,Out
16/03/2026 11:10,20.63754729,21.61831652,21.2529319,20.55677805,21.84523959,Out
16/03/2026 11:20,20.63754729,21.61831652,21.2529319,20.35677805,21.84523959,Out
16/03/2026 11:30,20.53754729,21.61831652,21.3529319,20.55677805,21.84523959,Out
16/03/2026 11:40,20.63754729,21.61831652,21.2529319,20.55677805,21.84523959,Out
16/03/2026 11:50,20.63754729,21.71831652,21.2529319,20.55677805,21.84523959,Out
16/03/2026 12:00,20.63754729,21.61831652,21.3529319,20.55677805,21.84523959,Out
16/03/2026 12:10,20.63754729,21.61831652,21.2529319,20.55677805,21.84523959,Out
16/03/2026 12:20,20.63754729,21.61831652,21.2529319,20.55677805,21.84523959,Out
16/03/2026 12:30,20.63754729,21.71831652,21.2529319,20.55677805,21.84523959,Out
16/03/2026 12:40,20.63754729,21.61831652,21.3529319,20.55677805,21.94523959,Out
16/03/2026 12:50,20.63754729,21.71831652,21.2529319,20.55677805,21.84523959,Out
16/03/2026 13:00,20.53754729,21.61831652,21.2529319,20.55677805,21.94523959,Out
16/03/2026 13:10,20.53754729,21.61831652,21.2529319,20.35677805,21.84523959,Out
16/03/2026 13:20,20.63754729,21.61831652,21.2529319,20.55677805,21.94523959,Out
16/03/2026 13:30,20.63754729,21.61831652,21.2529319,20.55677805,21.84523959,Out
16/03/2026 13:40,20.63754729,21.61831652,21.2529319,20.55677805,21.84523959,Out
16/03/2026 13:50,20.53754729,21.61831652,21.2529319,20.55677805,21.84523959,Out
16/03/2026 14:00,20.63754729,21.61831652,21.2529319,20.55677805,21.84523959,Out
16/03/2026 14:10,20.63754729,21.61831652,21.2529319,20.55677805,21.84523959,Out
16/03/2026 14:20,20.53754729,21.61831652,21.2529319,20.55677805,21.84523959,Out
16/03/2026 14:30,20.63754729,21.61831652,21.2529319,20.35677805,21.84523959,Out
16/03/2026 14:40,20.53754729,21.61831652,21.3529319,20.55677805,21.84523959,Out
16/03/2026 14:50,20.63754729,21.61831652,21.2529319,20.55677805,21.84523959,Out
16/03/2026 15:00,20.63754729,21.61831652,21.2529319,20.55677805,21.84523959,Out
16/03/2026 15:10,20.63754729,21.61831652,21.2529319,20.55677805,21.84523959,Out
16/03/2026 15:20,20.63754729,21.61831652,21.3529319,20.55677805,21.84523959,Out
16/03/2026 15:30,20.53754729,21.61831652,21.2529319,20.55677805,21.84523959,Out
16/03/2026 15:40,20.63754729,21.61831652,21.2529319,20.55677805,21.84523959,Out
16/03/2026 15:50,20.63754729,21.61831652,21.2529319,20.55677805,21.94523959,Out
16/03/2026 16:00,20.53754729,21.61831652,21.2529319,20.35677805,21.84523959,Out
16/03/2026 16:10,20.63754729,21.61831652,21.2529319,20.35677805,21.84523959,Out
16/03/2026 16:20,20.63754729,21.61831652,21.2529319,20.55677805,21.84523959,Out
16/03/2026 16:30,20.53754729,21.61831652,21.3529319,20.55677805,21.94523959,Out
16/03/2026 16:40,20.53754729,21.61831652,21.2529319,20.55677805,21.94523959,Out
16/03/2026 16:50,20.63754729,21.61831652,21.2529319,20.55677805,21.94523959,Out
16/03/2026 17:00,20.63754729,21.61831652,21.2529319,20.55677805,21.84523959,Out
16/03/2026 17:10,20.53754729,21.61831652,21.2529319,20.55677805,21.84523959,Out
16/03/2026 17:20,20.53754729,21.61831652,21.2529319,20.55677805,21.94523959,Out
16/03/2026 17:30,20.53754729,21.61831652,21.2529319,20.55677805,21.94523959,Out
16/03/2026 17:40,20.63754729,21.61831652,21.3529319,20.55677805,21.84523959,Out
16/03/2026 17:50,20.63754729,21.61831652,21.2529319,20.55677805,21.84523959,Out
16/03/2026 18:00,20.53754729,21.61831652,21.2529319,20.55677805,21.84523959,Out
16/03/2026 18:10,20.63754729,21.61831652,21.3529319,20.55677805,21.94523959,Out
16/03/2026 18:20,20.63754729,21.61831652,21.2529319,20.55677805,21.94523959,Out
16/03/2026 18:30,20.53754729,21.61831652,21.2529319,20.55677805,21.84523959,Out
16/03/2026 18:40,20.63754729,21.61831652,21.3529319,20.55677805,21.94523959,Out
16/03/2026 18:50,20.63754729,21.61831652,21.3529319,20.55677805,21.84523959,Out
16/03/2026 19:00,20.63754729,21.61831652,21.2529319,20.55677805,21.94523959,Out
16/03/2026 19:10,20.63754729,21.61831652,21.2529319,20.55677805,21.84523959,Out
16/03/2026 19:20,20.63754729,21.61831652,21.2529319,20.55677805,21.84523959,Out
16/03/2026 19:30,20.63754729,21.61831652,21.3529319,20.55677805,21.84523959,Out
16/03/2026 19:40,20.63754729,21.61831652,21.3529319,20.55677805,21.84523959,Out
16/03/2026 19:50,20.53754729,21.61831652,21.3529319,20.55677805,21.84523959,Out
16/03/2026 20:00,20.63754729,21.71831652,21.2529319,20.55677805,21.94523959,Out
16/03/2026 20:10,20.63754729,21.61831652,21.2529319,20.55677805,21.84523959,Out
16/03/2026 20:20,20.63754729,21.61831652,21.3529319,20.55677805,21.84523959,Out
16/03/2026 20:30,20.63754729,21.61831652,21.2529319,20.55677805,21.94523959,Out
16/03/2026 20:40,20.63754729,21.61831652,21.3529319,20.55677805,21.84523959,Out
16/03/2026 20:50,20.63754729,21.61831652,21.3529319,20.55677805,21.94523959,Out
16/03/2026 21:00,20.63754729,21.61831652,21.2529319,20.35677805,21.84523959,Out
16/03/2026 21:10,20.63754729,21.61831652,21.2529319,20.55677805,21.84523959,Out
16/03/2026 21:20,20.63754729,21.61831652,21.2529319,20.55677805,21.84523959,Out
16/03/2026 21:30,20.53754729,21.61831652,21.3529319,20.55677805,21.94523959,Out
16/03/2026 21:40,20.63754729,21.61831652,21.3529319,20.55677805,21.94523959,Out
16/03/2026 21:50,20.63754729,21.61831652,21.2529319,20.75677805,21.94523959,Out
16/03/2026 22:00,20.63754729,21.61831652,21.2529319,20.55677805,21.84523959,Out
16/03/2026 22:10,20.63754729,21.61831652,21.3529319,20.55677805,21.84523959,Out
16/03/2026 22:20,20.63754729,21.61831652,21.3529319,20.55677805,21.84523959,Out
16/03/2026 22:30,20.63754729,21.61831652,21.3529319,20.55677805,21.94523959,Out
16/03/2026 22:40,20.63754729,21.61831652,21.2529319,20.55677805,21.84523959,Out
16/03/2026 22:50,20.63754729,21.71831652,21.2529319,20.55677805,21.84523959,Out
16/03/2026 23:00,20.63754729,21.61831652,21.3529319,20.55677805,21.94523959,Out
16/03/2026 23:10,20.63754729,21.61831652,21.3529319,20.55677805,21.94523959,Out
16/03/2026 23:20,20.63754729,21.61831652,21.3529319,20.55677805,21.84523959,Out
16/03/2026 23:30,20.63754729,21.61831652,21.3529319,20.55677805,21.84523959,Out
16/03/2026 23:40,20.63754729,21.61831652,21.3529319,20.55677805,21.94523959,Out
16/03/2026 23:50,20.63754729,21.61831652,21.3529319,20.55677805,21.84523959,Out
17/03/2026 00:00,20.63754729,21.61831652,21.3529319,20.55677805,21.84523959,Out
17/03/2026 00:10,20.63754729,21.61831652,21.3529319,20.55677805,21.84523959,Out
17/03/2026 00:20,20.63754729,21.71831652,21.3529319,20.55677805,21.94523959,Out
17/03/2026 00:30,20.63754729,21.61831652,21.2529319,20.55677805,21.84523959,Out
17/03/2026 00:40,20.63754729,21.71831652,21.3529319,20.55677805,21.84523959,Out
17/03/2026 00:50,20.63754729,21.71831652,21.3529319,20.55677805,21.84523959,Out
17/03/2026 01:00,20.63754729,21.61831652,21.2529319,20.55677805,21.84523959,Out
17/03/2026 01:10,20.63754729,21.61831652,21.3529319,20.55677805,21.94523959,Out
17/03/2026 01:20,20.63754729,21.61831652,21.3529319,20.55677805,21.94523959,Out
17/03/2026 01:30,20.63754729,21.61831652,21.3529319,20.55677805,21.84523959,Out
17/03/2026 01:40,20.63754729,21.71831652,21.2529319,20.55677805,21.94523959,Out
17/03/2026 01:50,20.63754729,21.71831652,21.3529319,20.75677805,21.84523959,Out
17/03/2026 02:00,20.83754729,21.61831652,21.2529319,20.55677805,21.94523959,Out
17/03/2026 02:10,20.63754729,21.61831652,21.3529319,20.55677805,21.94523959,Out
17/03/2026 02:20,20.63754729,21.61831652,21.3529319,20.55677805,21.84523959,Out
17/03/2026 02:30,20.63754729,21.61831652,21.2529319,20.55677805,21.94523959,Out
17/03/2026 02:40,20.63754729,21.61831652,21.3529319,20.55677805,21.94523959,Out
17/03/2026 02:50,20.63754729,21.61831652,21.2529319,20.55677805,21.94523959,Out
17/03/2026 03:00,20.63754729,21.61831652,21.2529319,20.55677805,21.84523959,Out
17/03/2026 03:10,20.63754729,21.61831652,21.2529319,20.55677805,21.84523959,Out
17/03/2026 03:20,20.63754729,21.71831652,21.2529319,20.55677805,21.94523959,Out
17/03/2026 03:30,20.53754729,21.71831652,21.2529319,20.55677805,21.94523959,Out
17/03/2026 03:40,20.63754729,21.61831652,21.3529319,20.55677805,21.94523959,Out
17/03/2026 03:50,20.63754729,21.61831652,21.3529319,20.55677805,21.84523959,Out
17/03/2026 04:00,20.53754729,21.61831652,21.2529319,20.55677805,21.84523959,Out
17/03/2026 04:10,20.63754729,21.61831652,21.2529319,20.55677805,21.94523959,Out
17/03/2026 04:20,20.63754729,21.61831652,21.3529319,20.55677805,21.94523959,Out
17/03/2026 04:30,20.63754729,21.61831652,21.3529319,20.55677805,21.84523959,Out
17/03/2026 04:40,20.63754729,21.61831652,21.2529319,20.55677805,21.84523959,Out
17/03/2026 04:50,20.53754729,21.61831652,21.3529319,20.75677805,21.94523959,Out
17/03/2026 05:00,20.53754729,21.71831652,21.2529319,20.55677805,21.84523959,Out
17/03/2026 05:10,20.63754729,21.61831652,21.3529319,20.55677805,21.84523959,Out
17/03/2026 05:20,20.63754729,21.61831652,21.3529319,20.55677805,21.84523959,Out
17/03/2026 05:30,20.63754729,21.61831652,21.2529319,20.55677805,21.84523959,Out
17/03/2026 05:40,20.53754729,21.61831652,21.3529319,20.55677805,21.84523959,Out
17/03/2026 05:50,20.63754729,21.71831652,21.3529319,20.55677805,21.94523959,Out
17/03/2026 06:00,20.63754729,21.61831652,21.2529319,20.55677805,21.84523959,Out
17/03/2026 06:10,20.63754729,21.61831652,21.2529319,20.55677805,21.94523959,Out
17/03/2026 06:20,20.63754729,21.61831652,21.2529319,20.55677805,21.94523959,Out
17/03/2026 06:30,20.63754729,21.61831652,21.2529319,20.55677805,21.94523959,Out
17/03/2026 06:40,20.63754729,21.61831652,21.2529319,20.55677805,21.84523959,Out
17/03/2026 06:50,20.63754729,21.61831652,21.2529319,20.55677805,21.84523959,Out
17/03/2026 07:00,20.63754729,21.61831652,21.2529319,20.55677805,21.84523959,Out
17/03/2026 07:10,20.63754729,21.61831652,21.3529319,20.35677805,21.84523959,Out
17/03/2026 07:20,20.63754729,21.61831652,21.2529319,20.55677805,21.84523959,Out
17/03/2026 07:30,20.53754729,21.61831652,21.2529319,20.55677805,21.84523959,Out
17/03/2026 07:40,20.53754729,21.61831652,21.2529319,20.55677805,21.84523959,Out
17/03/2026 07:50,20.63754729,21.71831652,21.2529319,20.35677805,21.84523959,Out
17/03/2026 08:00,20.53754729,21.61831652,21.3529319,20.55677805,21.94523959,Out
17/03/2026 08:10,20.63754729,21.61831652,21.2529319,20.55677805,21.84523959,Out
17/03/2026 08:20,20.63754729,21.61831652,21.2529319,20.35677805,21.94523959,Out
17/03/2026 08:30,20.53754729,21.61831652,21.3529319,20.55677805,21.94523959,Out
17/03/2026 08:40,20.63754729,21.61831652,21.3529319,20.55677805,21.94523959,Out
17/03/2026 08:50,20.63754729,21.61831652,21.2529319,20.55677805,21.94523959,Out
17/03/2026 09:00,20.63754729,21.61831652,21.2529319,20.35677805,21.84523959,Out
17/03/2026 09:10,20.53754729,21.61831652,21.2529319,20.55677805,21.84523959,Out
17/03/2026 09:20,20.63754729,21.61831652,21.2529319,20.35677805,21.84523959,Out
17/03/2026 09:30,20.63754729,21.61831652,21.3529319,20.55677805,21.84523959,Out
17/03/2026 09:40,20.63754729,21.61831652,21.2529319,20.35677805,21.84523959,Out
17/03/2026 09:50,20.63754729,21.61831652,21.2529319,20.55677805,21.84523959,Out
17/03/2026 10:00,20.63754729,21.71831652,21.2529319,20.55677805,21.84523959,Out
17/03/2026 10:10,20.63754729,21.61831652,21.2529319,20.55677805,21.84523959,Out
17/03/2026 10:20,20.63754729,21.61831652,21.3529319,20.55677805,21.84523959,Out
17/03/2026 10:30,20.63754729,21.61831652,21.2529319,20.55677805,21.94523959,Out
17/03/2026 10:40,20.63754729,21.61831652,21.2529319,20.55677805,21.84523959,Out
17/03/2026 10:50,20.63754729,21.61831652,21.2529319,20.55677805,21.84523959,Out
17/03/2026 11:00,20.63754729,21.61831652,21.2529319,20.55677805,21.84523959,Out
17/03/2026 11:10,20.53754729,21.61831652,21.2529319,20.55677805,21.74523959,Out
17/03/2026 11:20,20.53754729,21.61831652,21.2529319,20.55677805,21.84523959,Out
17/03/2026 11:30,20.53754729,21.61831652,21.2529319,20.55677805,21.84523959,Out
17/03/2026 11:40,20.53754729,21.51831652,21.2529319,20.55677805,21.84523959,Out
17/03/2026 11:50,20.63754729,21.61831652,21.2529319,20.35677805,21.84523959,Out
17/03/2026 12:00,20.53754729,21.61831652,21.2529319,20.55677805,21.84523959,Out
17/03/2026 12:10,20.53754729,21.61831652,21.2529319,20.55677805,21.84523959,Out
17/03/2026 12:20,20.63754729,21.51831652,21.2529319,20.55677805,21.84523959,Out
17/03/2026 12:30,20.63754729,21.61831652,21.2529319,20.55677805,21.84523959,Out
17/03/2026 12:40,20.63754729,21.61831652,21.2529319,20.55677805,21.84523959,Out
17/03/2026 12:50,20.63754729,21.61831652,21.2529319,20.35677805,21.84523959,Out
17/03/2026 13:00,20.53754729,21.61831652,21.2529319,20.55677805,21.84523959,Out
17/03/2026 13:10,20.63754729,21.51831652,21.2529319,20.35677805,21.84523959,Out
17/03/2026 13:20,20.53754729,21.61831652,21.3529319,20.55677805,21.84523959,Out
17/03/2026 13:30,20.53754729,21.61831652,21.2529319,20.55677805,21.84523959,Out
17/03/2026 13:40,20.53754729,21.51831652,21.2529319,20.35677805,21.84523959,Out
17/03/2026 13:50,20.53754729,21.61831652,21.2529319,20.55677805,21.84523959,Out
17/03/2026 14:00,20.63754729,21.51831652,21.2529319,20.35677805,21.84523959,Out
17/03/2026 14:10,20.53754729,21.61831652,21.2529319,20.35677805,21.84523959,Out
17/03/2026 14:20,20.53754729,21.51831652,21.2529319,20.55677805,21.84523959,Out
17/03/2026 14:30,20.53754729,21.51831652,21.0529319,20.55677805,21.84523959,Out
17/03/2026 14:40,20.53754729,21.51831652,21.2529319,20.35677805,21.84523959,Out
17/03/2026 14:50,20.53754729,21.51831652,21.0529319,20.55677805,21.84523959,Out
17/03/2026 15:00,20.53754729,21.51831652,21.2529319,20.35677805,21.84523959,Out
17/03/2026 15:10,20.53754729,21.61831652,21.2529319,20.35677805,21.84523959,Out
17/03/2026 15:20,20.53754729,21.51831652,21.2529319,20.35677805,21.84523959,Out
17/03/2026 15:30,20.53754729,21.51831652,21.2529319,20.35677805,21.84523959,Out
17/03/2026 15:40,20.53754729,21.51831652,21.2529319,20.35677805,21.84523959,Out
17/03/2026 15:50,20.53754729,21.51831652,21.2529319,20.35677805,21.84523959,Out
17/03/2026 16:00,20.53754729,21.51831652,21.2529319,20.35677805,21.84523959,Out
17/03/2026 16:10,20.53754729,21.51831652,21.2529319,20.55677805,21.84523959,Out
17/03/2026 16:20,20.53754729,21.61831652,21.2529319,20.35677805,21.84523959,Out
17/03/2026 16:30,20.53754729,21.61831652,21.2529319,20.35677805,21.94523959,Out
17/03/2026 16:40,20.53754729,21.51831652,21.2529319,20.35677805,21.94523959,Out
17/03/2026 16:50,20.53754729,21.51831652,21.2529319,20.35677805,21.84523959,Out
17/03/2026 17:00,20.53754729,21.51831652,21.2529319,20.35677805,21.84523959,Out
17/03/2026 17:10,20.53754729,21.51831652,21.2529319,20.55677805,21.84523959,Out
17/03/2026 17:20,20.53754729,21.51831652,21.2529319,20.55677805,21.84523959,Out
17/03/2026 17:30,20.53754729,21.51831652,21.2529319,20.55677805,21.84523959,Out
17/03/2026 17:40,20.53754729,21.61831652,21.2529319,20.35677805,21.84523959,Out
17/03/2026 17:50,20.53754729,21.61831652,21.2529319,20.35677805,21.84523959,Out
17/03/2026 18:00,20.53754729,21.61831652,21.2529319,20.55677805,21.84523959,Out
17/03/2026 18:10,20.53754729,21.61831652,21.2529319,20.55677805,21.74523959,Out
17/03/2026 18:20,20.53754729,21.61831652,21.0529319,20.55677805,21.94523959,Out
17/03/2026 18:30,20.53754729,21.61831652,21.2529319,20.55677805,21.94523959,Out
17/03/2026 18:40,20.53754729,21.61831652,21.2529319,20.55677805,21.84523959,Out
17/03/2026 18:50,20.63754729,21.61831652,21.2529319,20.55677805,21.94523959,Out
17/03/2026 19:00,20.63754729,21.61831652,21.2529319,20.55677805,21.84523959,Out
17/03/2026 19:10,20.63754729,21.61831652,21.3529319,20.35677805,21.84523959,Out
17/03/2026 19:20,20.53754729,21.51831652,21.2529319,20.35677805,21.84523959,Out
17/03/2026 19:30,20.53754729,21.61831652,21.2529319,20.55677805,21.84523959,Out
17/03/2026 19:40,20.63754729,21.61831652,21.2529319,20.55677805,21.84523959,Out
17/03/2026 19:50,20.53754729,21.61831652,21.2529319,20.35677805,21.84523959,Out
17/03/2026 20:00,20.53754729,21.61831652,21.2529319,20.35677805,21.84523959,Out
17/03/2026 20:10,20.53754729,21.61831652,21.2529319,20.35677805,21.84523959,Out
17/03/2026 20:20,20.63754729,21.51831652,21.2529319,20.35677805,21.84523959,Out
17/03/2026 20:30,20.53754729,21.61831652,21.2529319,20.55677805,21.84523959,Out
17/03/2026 20:40,20.63754729,21.51831652,21.2529319,20.55677805,21.84523959,Out
17/03/2026 20:50,20.53754729,21.61831652,21.2529319,20.55677805,21.84523959,Out
17/03/2026 21:00,20.63754729,21.61831652,21.3529319,20.55677805,21.84523959,Out
17/03/2026 21:10,20.53754729,21.61831652,21.2529319,20.55677805,21.84523959,Out
17/03/2026 21:20,20.53754729,21.61831652,21.2529319,20.55677805,21.84523959,Out
17/03/2026 21:30,20.53754729,21.61831652,21.2529319,20.55677805,21.84523959,Out
17/03/2026 21:40,20.53754729,21.61831652,21.2529319,20.55677805,21.74523959,Out
17/03/2026 21:50,20.53754729,21.61831652,21.2529319,20.55677805,21.84523959,Out
17/03/2026 22:00,20.53754729,21.61831652,21.3529319,20.55677805,21.84523959,Out
17/03/2026 22:10,20.53754729,21.61831652,21.2529319,20.35677805,21.84523959,Out
17/03/2026 22:20,20.63754729,21.61831652,21.2529319,20.35677805,21.84523959,Out
17/03/2026 22:30,20.53754729,21.51831652,21.2529319,20.55677805,21.84523959,Out
17/03/2026 22:40,20.63754729,21.61831652,21.2529319,20.55677805,21.94523959,Out
17/03/2026 22:50,20.53754729,21.51831652,21.2529319,20.55677805,21.84523959,Out
17/03/2026 23:00,20.63754729,21.61831652,21.2529319,20.55677805,21.84523959,Out
17/03/2026 23:10,20.53754729,21.61831652,21.2529319,20.55677805,21.84523959,Out
17/03/2026 23:20,20.63754729,21.61831652,21.2529319,20.35677805,21.84523959,Out
17/03/2026 23:30,20.63754729,21.61831652,21.3529319,20.35677805,21.84523959,Out
17/03/2026 23:40,20.53754729,21.61831652,21.2529319,20.55677805,21.94523959,Out
17/03/2026 23:50,20.53754729,21.61831652,21.2529319,20.55677805,21.84523959,Out
18/03/2026 00:00,20.63754729,21.61831652,21.2529319,20.35677805,21.84523959,Out
18/03/2026 00:10,20.63754729,21.61831652,21.2529319,20.35677805,21.84523959,Out
18/03/2026 00:20,20.63754729,21.61831652,21.2529319,20.55677805,21.84523959,Out
18/03/2026 00:30,20.53754729,21.61831652,21.2529319,20.55677805,21.84523959,Out
18/03/2026 00:40,20.63754729,21.61831652,21.3529319,20.55677805,21.84523959,Out
18/03/2026 00:50,20.63754729,21.61831652,21.2529319,20.35677805,21.84523959,Out
18/03/2026 01:00,20.63754729,21.61831652,21.2529319,20.55677805,21.84523959,Out
18/03/2026 01:10,20.53754729,21.61831652,21.2529319,20.35677805,21.84523959,Out
18/03/2026 01:20,20.63754729,21.61831652,21.2529319,20.35677805,21.94523959,Out
18/03/2026 01:30,20.53754729,21.61831652,21.2529319,20.35677805,21.84523959,Out
18/03/2026 01:40,20.53754729,21.61831652,21.2529319,20.55677805,21.84523959,Out
18/03/2026 01:50,20.63754729,21.61831652,21.2529319,20.55677805,21.84523959,Out
18/03/2026 02:00,20.53754729,21.61831652,21.3529319,20.55677805,21.84523959,Out
18/03/2026 02:10,20.53754729,21.61831652,21.2529319,20.55677805,21.94523959,Out
18/03/2026 02:20,20.63754729,21.61831652,21.2529319,20.55677805,21.84523959,Out
18/03/2026 02:30,20.63754729,21.61831652,21.2529319,20.55677805,21.84523959,Out
18/03/2026 02:40,20.83754729,21.61831652,21.2529319,20.55677805,21.94523959,Out
18/03/2026 02:50,20.63754729,21.61831652,21.2529319,20.55677805,21.84523959,Out
18/03/2026 03:00,20.53754729,21.61831652,21.2529319,20.55677805,21.84523959,Out
18/03/2026 03:10,20.53754729,21.61831652,21.2529319,20.55677805,21.84523959,Out
18/03/2026 03:20,20.63754729,21.71831652,21.2529319,20.55677805,21.94523959,Out
18/03/2026 03:30,20.53754729,21.61831652,21.3529319,20.55677805,21.94523959,Out
18/03/2026 03:40,20.63754729,21.71831652,21.2529319,20.55677805,21.84523959,Out
18/03/2026 03:50,20.63754729,21.61831652,21.3529319,20.55677805,21.94523959,Out
18/03/2026 04:00,20.63754729,21.71831652,21.3529319,20.55677805,21.84523959,Out
18/03/2026 04:10,20.63754729,21.71831652,21.2529319,20.55677805,21.94523959,Out
18/03/2026 04:20,20.63754729,21.61831652,21.2529319,20.55677805,21.84523959,Out
18/03/2026 04:30,20.63754729,21.71831652,21.2529319,20.55677805,21.84523959,Out
18/03/2026 04:40,20.63754729,21.61831652,21.2529319,20.55677805,21.84523959,Out
18/03/2026 04:50,20.63754729,21.71831652,21.2529319,20.55677805,21.84523959,Out
18/03/2026 05:00,20.63754729,21.61831652,21.3529319,20.55677805,21.94523959,Out
18/03/2026 05:10,20.63754729,21.61831652,21.3529319,20.55677805,21.84523959,Out
18/03/2026 05:20,20.63754729,21.61831652,21.3529319,20.55677805,21.84523959,Out
18/03/2026 05:30,20.63754729,21.61831652,21.3529319,20.55677805,21.94523959,Out
18/03/2026 05:40,20.63754729,21.61831652,21.2529319,20.55677805,21.84523959,Out
18/03/2026 05:50,20.53754729,21.61831652,21.2529319,20.55677805,21.84523959,Out
18/03/2026 06:00,20.53754729,21.61831652,21.2529319,20.55677805,21.84523959,Out
18/03/2026 06:10,20.63754729,21.61831652,21.2529319,20.55677805,21.94523959,Out
18/03/2026 06:20,20.63754729,21.71831652,21.3529319,20.55677805,21.94523959,Out
18/03/2026 06:30,20.53754729,21.61831652,21.2529319,20.55677805,21.94523959,Out
18/03/2026 06:40,20.53754729,21.61831652,21.2529319,20.55677805,21.84523959,Out
18/03/2026 06:50,20.53754729,21.61831652,21.2529319,20.55677805,21.84523959,Out
18/03/2026 07:00,20.63754729,21.61831652,21.2529319,20.55677805,21.84523959,Out
18/03/2026 07:10,20.53754729,21.61831652,21.2529319,20.55677805,21.94523959,Out
18/03/2026 07:20,20.63754729,21.61831652,21.2529319,20.55677805,21.84523959,Out
18/03/2026 07:30,20.53754729,21.61831652,21.2529319,20.35677805,21.94523959,Out
18/03/2026 07:40,20.63754729,21.61831652,21.2529319,20.55677805,21.84523959,Out
18/03/2026 07:50,20.63754729,21.71831652,21.2529319,20.55677805,21.84523959,Out
18/03/2026 08:00,20.63754729,21.51831652,21.2529319,20.55677805,21.84523959,Out
18/03/2026 08:10,20.53754729,21.61831652,21.2529319,20.55677805,21.84523959,Out
18/03/2026 08:20,20.63754729,21.61831652,21.2529319,20.35677805,21.84523959,Out
18/03/2026 08:30,20.53754729,21.61831652,21.2529319,20.55677805,21.84523959,Out
18/03/2026 08:40,20.53754729,21.61831652,21.2529319,20.55677805,21.84523959,Out
18/03/2026 08:50,20.53754729,21.61831652,21.2529319,20.55677805,21.84523959,Out
18/03/2026 09:00,20.63754729,21.61831652,21.3529319,20.55677805,21.84523959,Out
18/03/2026 09:10,20.63754729,21.61831652,21.2529319,20.35677805,21.84523959,Out
18/03/2026 09:20,20.63754729,21.61831652,21.2529319,20.35677805,21.84523959,Out
18/03/2026 09:30,20.63754729,21.61831652,21.3529319,20.55677805,21.84523959,Out
18/03/2026 09:40,20.63754729,21.61831652,21.2529319,20.55677805,21.84523959,Out
18/03/2026 09:50,20.53754729,21.61831652,21.2529319,20.55677805,21.84523959,Out
18/03/2026 10:00,20.53754729,21.51831652,21.2529319,20.55677805,21.84523959,Out
18/03/2026 10:10,20.63754729,21.61831652,21.2529319,20.55677805,21.84523959,Out
18/03/2026 10:20,20.63754729,21.51831652,21.2529319,20.55677805,21.84523959,Out
18/03/2026 10:30,20.53754729,21.51831652,21.2529319,20.55677805,21.84523959,Out
18/03/2026 10:40,20.53754729,21.61831652,21.2529319,20.55677805,21.94523959,Out
18/03/2026 10:50,20.53754729,21.61831652,21.2529319,20.35677805,21.84523959,Out
18/03/2026 11:00,20.53754729,21.61831652,21.2529319,20.35677805,21.84523959,Out
18/03/2026 11:10,20.53754729,21.51831652,21.2529319,20.35677805,21.84523959,Out
18/03/2026 11:20,20.63754729,21.61831652,21.3529319,20.35677805,21.84523959,Out
18/03/2026 11:30,20.53754729,21.61831652,21.2529319,20.55677805,21.84523959,Out
18/03/2026 11:40,20.53754729,21.61831652,21.2529319,20.55677805,21.84523959,Out
18/03/2026 11:50,20.53754729,21.61831652,21.2529319,20.35677805,21.84523959,Out
18/03/2026 12:00,20.53754729,21.61831652,21.2529319,20.55677805,21.84523959,Out
18/03/2026 12:10,20.63754729,21.61831652,21.2529319,20.55677805,21.94523959,Out
18/03/2026 12:20,20.63754729,21.61831652,21.2529319,20.55677805,21.84523959,Out
18/03/2026 12:30,20.63754729,21.61831652,21.2529319,20.35677805,21.84523959,Out
18/03/2026 12:40,20.53754729,21.61831652,21.2529319,20.35677805,21.84523959,Out
18/03/2026 12:50,20.53754729,21.61831652,21.2529319,20.35677805,21.84523959,Out
18/03/2026 13:00,20.53754729,21.61831652,21.2529319,20.55677805,21.84523959,Out
18/03/2026 13:10,20.63754729,21.51831652,21.3529319,20.55677805,21.84523959,Out
18/03/2026 13:20,20.53754729,21.61831652,21.2529319,20.35677805,21.84523959,Out
18/03/2026 13:30,20.63754729,21.51831652,21.2529319,20.55677805,21.84523959,Out
18/03/2026 13:40,20.53754729,21.61831652,21.2529319,20.35677805,21.84523959,Out
18/03/2026 13:50,20.53754729,21.71831652,21.2529319,20.35677805,21.84523959,Out
18/03/2026 14:00,20.63754729,21.61831652,21.3529319,20.55677805,21.84523959,Out
18/03/2026 14:10,20.53754729,21.61831652,21.2529319,20.55677805,21.84523959,Out
18/03/2026 14:20,20.63754729,21.51831652,21.2529319,20.55677805,21.74523959,Out
18/03/2026 14:30,20.53754729,21.61831652,21.2529319,20.35677805,21.94523959,Out
18/03/2026 14:40,20.53754729,21.61831652,21.2529319,20.55677805,21.84523959,Out
18/03/2026 14:50,20.53754729,21.61831652,21.2529319,20.35677805,21.84523959,Out
18/03/2026 15:00,20.53754729,21.61831652,21.2529319,20.35677805,21.84523959,Out
18/03/2026 15:10,20.53754729,21.61831652,21.2529319,20.35677805,21.84523959,Out
18/03/2026 15:20,20.53754729,21.61831652,21.2529319,20.55677805,21.74523959,Out
18/03/2026 15:30,20.63754729,21.61831652,21.2529319,20.55677805,21.84523959,Out
18/03/2026 15:40,20.53754729,21.61831652,21.2529319,20.55677805,21.84523959,Out
18/03/2026 15:50,20.53754729,21.61831652,21.2529319,20.55677805,21.94523959,Out
18/03/2026 16:00,20.53754729,21.61831652,21.2529319,20.35677805,21.94523959,Out
18/03/2026 16:10,20.53754729,21.51831652,21.2529319,20.55677805,21.84523959,Out
18/03/2026 16:20,20.53754729,21.61831652,21.2529319,20.35677805,21.74523959,Out
18/03/2026 16:30,20.53754729,21.61831652,21.2529319,20.35677805,21.84523959,Out
18/03/2026 16:40,20.53754729,21.61831652,21.2529319,20.55677805,21.84523959,Out
18/03/2026 16:50,20.53754729,21.61831652,21.2529319,20.55677805,21.84523959,Out
18/03/2026 17:00,20.53754729,21.61831652,21.2529319,20.55677805,21.84523959,Out
18/03/2026 17:10,20.53754729,21.61831652,21.2529319,20.55677805,21.84523959,Out
18/03/2026 17:20,20.53754729,21.61831652,21.2529319,20.55677805,21.84523959,Out
18/03/2026 17:30,20.53754729,21.61831652,21.2529319,20.55677805,21.84523959,Out
18/03/2026 17:40,20.53754729,21.61831652,21.2529319,20.55677805,21.84523959,Out
18/03/2026 17:50,20.63754729,21.61831652,21.2529319,20.55677805,21.84523959,Out
18/03/2026 18:00,20.63754729,21.61831652,21.2529319,20.35677805,21.84523959,Out
18/03/2026 18:10,20.53754729,21.61831652,21.2529319,20.55677805,21.84523959,Out
18/03/2026 18:20,20.63754729,21.61831652,21.2529319,20.55677805,21.84523959,Out
18/03/2026 18:30,20.53754729,21.61831652,21.2529319,20.55677805,21.84523959,Out
18/03/2026 18:40,20.63754729,21.61831652,21.2529319,20.55677805,21.94523959,Out
18/03/2026 18:50,20.63754729,21.61831652,21.2529319,20.55677805,21.84523959,Out
18/03/2026 19:00,20.53754729,21.71831652,21.2529319,20.55677805,21.84523959,Out
18/03/2026 19:10,20.53754729,21.61831652,21.2529319,20.55677805,21.84523959,Out
18/03/2026 19:20,20.53754729,21.61831652,21.2529319,20.55677805,21.84523959,Out
18/03/2026 19:30,20.63754729,21.61831652,21.2529319,20.55677805,21.84523959,Out
18/03/2026 19:40,20.53754729,21.61831652,21.2529319,20.35677805,21.84523959,Out
18/03/2026 19:50,20.63754729,21.61831652,21.2529319,20.55677805,21.84523959,Out
18/03/2026 20:00,20.63754729,21.61831652,21.2529319,20.55677805,21.84523959,Out
18/03/2026 20:10,20.63754729,21.61831652,21.3529319,20.55677805,21.84523959,Out
18/03/2026 20:20,20.53754729,21.61831652,21.2529319,20.35677805,21.94523959,Out
18/03/2026 20:30,20.63754729,21.61831652,21.2529319,20.55677805,21.84523959,Out
18/03/2026 20:40,20.83754729,21.61831652,21.2529319,20.35677805,21.84523959,Out
18/03/2026 20:50,20.63754729,21.61831652,21.3529319,20.55677805,21.84523959,Out
18/03/2026 21:00,20.53754729,21.71831652,21.3529319,20.55677805,21.84523959,Out
18/03/2026 21:10,20.63754729,21.61831652,21.2529319,20.55677805,21.84523959,Out
18/03/2026 21:20,20.63754729,21.61831652,21.2529319,20.35677805,21.84523959,Out
18/03/2026 21:30,20.63754729,21.61831652,21.3529319,20.55677805,21.84523959,Out
18/03/2026 21:40,20.63754729,21.61831652,21.3529319,20.55677805,21.84523959,Out
18/03/2026 21:50,20.53754729,21.61831652,21.2529319,20.55677805,21.84523959,Out
18/03/2026 22:00,20.63754729,21.61831652,21.2529319,20.55677805,21.94523959,Out
18/03/2026 22:10,20.63754729,21.61831652,21.2529319,20.55677805,21.84523959,Out
18/03/2026 22:20,20.63754729,21.61831652,21.2529319,20.55677805,21.84523959,Out
18/03/2026 22:30,20.63754729,21.61831652,21.2529319,20.55677805,21.84523959,Out
18/03/2026 22:40,20.63754729,21.61831652,21.2529319,20.55677805,21.94523959,Out
18/03/2026 22:50,20.63754729,21.61831652,21.2529319,20.35677805,21.84523959,Out
18/03/2026 23:00,20.53754729,21.61831652,21.2529319,20.55677805,21.94523959,Out
18/03/2026 23:10,20.63754729,21.61831652,21.2529319,20.55677805,21.84523959,Out
18/03/2026 23:20,20.63754729,21.61831652,21.3529319,20.55677805,21.94523959,Out
18/03/2026 23:30,20.53754729,21.61831652,21.2529319,20.55677805,21.84523959,Out
18/03/2026 23:40,20.53754729,21.71831652,21.2529319,20.35677805,21.84523959,Out
18/03/2026 23:50,20.53754729,21.61831652,21.2529319,20.55677805,21.74523959,Out
19/03/2026 00:00,20.63754729,21.61831652,21.2529319,20.35677805,21.74523959,Out
19/03/2026 00:10,20.63754729,21.61831652,21.2529319,20.55677805,21.84523959,Out
19/03/2026 00:20,20.53754729,21.61831652,21.2529319,20.55677805,21.84523959,Out
19/03/2026 00:30,20.63754729,21.61831652,21.2529319,20.35677805,21.84523959,Out
19/03/2026 00:40,20.63754729,21.61831652,21.2529319,20.55677805,21.84523959,Out
19/03/2026 00:50,20.53754729,21.61831652,21.2529319,20.55677805,21.84523959,Out
19/03/2026 01:00,20.53754729,21.61831652,21.2529319,20.55677805,21.84523959,Out
19/03/2026 01:10,20.63754729,21.61831652,21.2529319,20.55677805,21.74523959,Out
19/03/2026 01:20,20.53754729,21.61831652,21.2529319,20.55677805,21.84523959,Out
19/03/2026 01:30,20.63754729,21.61831652,21.2529319,20.55677805,21.84523959,Out
19/03/2026 01:40,20.63754729,21.61831652,21.2529319,20.35677805,21.84523959,Out
19/03/2026 01:50,20.63754729,21.61831652,21.2529319,20.55677805,21.94523959,Out
19/03/2026 02:00,20.63754729,21.61831652,21.2529319,20.55677805,21.84523959,Out
19/03/2026 02:10,20.63754729,21.61831652,21.2529319,20.55677805,21.84523959,Out
19/03/2026 02:20,20.53754729,21.51831652,21.2529319,20.35677805,21.84523959,Out
19/03/2026 02:30,20.63754729,21.61831652,21.2529319,20.35677805,21.84523959,Out
19/03/2026 02:40,20.53754729,21.61831652,21.2529319,20.55677805,21.84523959,Out
19/03/2026 02:50,20.53754729,21.61831652,21.2529319,20.35677805,21.84523959,Out
19/03/2026 03:00,20.53754729,21.61831652,21.2529319,20.55677805,21.74523959,Out
19/03/2026 03:10,20.53754729,21.61831652,21.2529319,20.35677805,21.84523959,Out
19/03/2026 03:20,20.63754729,21.51831652,21.2529319,20.55677805,21.84523959,Out
19/03/2026 03:30,20.53754729,21.51831652,21.2529319,20.35677805,21.84523959,Out
19/03/2026 03:40,20.53754729,21.61831652,21.2529319,20.55677805,21.84523959,Out
19/03/2026 03:50,20.53754729,21.61831652,21.2529319,20.35677805,21.84523959,Out
19/03/2026 04:00,20.53754729,21.61831652,21.2529319,20.35677805,21.84523959,Out
19/03/2026 04:10,20.53754729,21.61831652,21.2529319,20.55677805,21.84523959,Out
19/03/2026 04:20,20.63754729,21.61831652,21.2529319,20.55677805,21.84523959,Out
19/03/2026 04:30,20.53754729,21.51831652,21.2529319,20.35677805,21.84523959,Out
19/03/2026 04:40,20.63754729,21.61831652,21.2529319,20.35677805,21.84523959,Out
19/03/2026 04:50,20.53754729,21.61831652,21.2529319,20.55677805,21.84523959,Out
19/03/2026 05:00,20.53754729,21.61831652,21.3529319,20.35677805,21.84523959,Out
19/03/2026 05:10,20.53754729,21.61831652,21.2529319,20.35677805,21.84523959,Out
19/03/2026 05:20,20.53754729,21.61831652,21.2529319,20.55677805,21.74523959,Out
19/03/2026 05:30,20.53754729,21.61831652,21.2529319,20.55677805,21.84523959,Out
19/03/2026 05:40,20.53754729,21.61831652,21.2529319,20.35677805,21.84523959,Out
19/03/2026 05:50,20.53754729,21.51831652,21.2529319,20.35677805,21.84523959,Out
19/03/2026 06:00,20.53754729,21.61831652,21.2529319,20.35677805,21.74523959,Out
19/03/2026 06:10,20.53754729,21.61831652,21.2529319,20.35677805,21.84523959,Out
19/03/2026 06:20,20.63754729,21.51831652,21.2529319,20.35677805,21.84523959,Out
19/03/2026 06:30,20.53754729,21.61831652,21.2529319,20.35677805,21.84523959,Out
19/03/2026 06:40,20.53754729,21.51831652,21.0529319,20.35677805,21.84523959,Out
19/03/2026 06:50,20.63754729,21.51831652,21.2529319,20.35677805,21.84523959,Out
19/03/2026 07:00,20.53754729,21.61831652,21.2529319,20.35677805,21.84523959,Out
19/03/2026 07:10,20.53754729,21.51831652,21.2529319,20.35677805,21.84523959,Out
19/03/2026 07:20,20.53754729,21.61831652,21.2529319,20.35677805,21.84523959,Out
19/03/2026 07:30,20.53754729,21.51831652,21.2529319,20.35677805,21.84523959,Out
19/03/2026 07:40,20.53754729,21.51831652,21.0529319,20.35677805,21.74523959,Out
19/03/2026 07:50,20.53754729,21.51831652,21.2529319,20.35677805,21.84523959,Out
19/03/2026 08:00,20.53754729,21.51831652,21.2529319,20.35677805,21.84523959,Out
19/03/2026 08:10,20.53754729,21.51831652,21.2529319,20.55677805,21.84523959,Out
19/03/2026 08:20,20.53754729,21.51831652,21.2529319,20.35677805,21.84523959,Out
19/03/2026 08:30,20.53754729,21.61831652,21.2529319,20.35677805,21.84523959,Out
19/03/2026 08:40,20.53754729,21.51831652,21.2529319,20.35677805,21.74523959,Out
19/03/2026 08:50,20.53754729,21.51831652,21.2529319,20.35677805,21.74523959,Out
19/03/2026 09:00,20.53754729,21.51831652,21.2529319,20.35677805,21.74523959,Out
19/03/2026 09:10,20.53754729,21.51831652,21.2529319,20.35677805,21.74523959,Out
19/03/2026 09:20,20.53754729,21.61831652,21.2529319,20.35677805,21.84523959,Out
19/03/2026 09:30,20.53754729,21.61831652,21.2529319,20.35677805,21.74523959,Out
19/03/2026 09:40,20.53754729,21.61831652,21.2529319,20.55677805,21.84523959,Out
19/03/2026 09:50,20.53754729,21.51831652,21.2529319,20.35677805,21.84523959,Out
19/03/2026 10:00,20.53754729,21.61831652,21.2529319,20.35677805,21.84523959,Out
19/03/2026 10:10,20.53754729,21.51831652,21.2529319,20.55677805,21.84523959,Out
19/03/2026 10:20,20.53754729,21.51831652,21.2529319,20.55677805,21.84523959,Out
19/03/2026 10:30,20.53754729,21.51831652,21.2529319,20.35677805,21.84523959,Out
19/03/2026 10:40,20.53754729,21.51831652,21.2529319,20.35677805,21.84523959,Out
19/03/2026 10:50,20.53754729,21.51831652,21.2529319,20.35677805,21.84523959,Out
19/03/2026 11:00,20.53754729,21.51831652,21.2529319,20.35677805,21.74523959,Out
19/03/2026 11:10,20.53754729,21.51831652,21.2529319,20.35677805,21.84523959,Out
19/03/2026 11:20,20.53754729,21.61831652,21.2529319,20.35677805,21.84523959,Out
19/03/2026 11:30,20.53754729,21.61831652,21.2529319,20.35677805,21.84523959,Out
19/03/2026 11:40,20.53754729,21.61831652,21.2529319,20.35677805,21.84523959,Out
19/03/2026 11:50,20.53754729,21.51831652,21.2529319,20.35677805,21.84523959,Out
19/03/2026 12:00,20.53754729,21.51831652,21.0529319,20.35677805,21.84523959,Out
19/03/2026 12:10,20.53754729,21.51831652,21.0529319,20.35677805,21.84523959,Out
19/03/2026 12:20,20.53754729,21.51831652,21.0529319,20.35677805,21.84523959,Out
19/03/2026 12:30,20.53754729,21.51831652,21.2529319,20.35677805,21.84523959,Out
19/03/2026 12:40,20.53754729,21.51831652,21.2529319,20.35677805,21.74523959,Out
19/03/2026 12:50,20.53754729,21.51831652,21.2529319,20.35677805,21.74523959,Out
19/03/2026 13:00,20.53754729,21.51831652,21.2529319,20.35677805,21.74523959,Out
19/03/2026 13:10,20.53754729,21.51831652,21.2529319,20.35677805,21.84523959,Out
19/03/2026 13:20,20.53754729,21.51831652,21.2529319,20.35677805,21.84523959,Out
19/03/2026 13:30,20.53754729,21.51831652,21.0529319,20.35677805,21.74523959,Out
19/03/2026 13:40,20.53754729,21.51831652,21.0529319,20.35677805,21.84523959,Out
19/03/2026 13:50,20.53754729,21.51831652,21.0529319,20.35677805,21.84523959,Out
19/03/2026 14:00,20.53754729,21.51831652,21.2529319,20.35677805,21.74523959,Out
19/03/2026 14:10,20.33754729,21.51831652,21.2529319,20.35677805,21.84523959,Out
19/03/2026 14:20,20.53754729,21.51831652,21.2529319,20.35677805,21.84523959,Out
19/03/2026 14:30,20.33754729,21.51831652,21.0529319,20.35677805,21.84523959,Out
19/03/2026 14:40,20.33754729,21.51831652,21.0529319,20.35677805,21.84523959,Out
19/03/2026 14:50,20.53754729,21.51831652,21.0529319,20.35677805,21.84523959,Out
19/03/2026 15:00,20.33754729,21.51831652,21.2529319,20.35677805,21.94523959,Out
19/03/2026 15:10,20.53754729,21.51831652,21.0529319,20.35677805,21.74523959,Out
19/03/2026 15:20,20.53754729,21.51831652,21.0529319,20.35677805,21.84523959,Out
19/03/2026 15:30,20.53754729,21.51831652,21.0529319,20.35677805,21.74523959,Out
19/03/2026 15:40,20.33754729,21.51831652,21.2529319,20.35677805,21.84523959,Out
19/03/2026 15:50,20.53754729,21.51831652,21.0529319,20.35677805,21.74523959,Out
19/03/2026 16:00,20.53754729,21.51831652,21.0529319,20.35677805,21.84523959,Out
19/03/2026 16:10,20.53754729,21.51831652,21.2529319,20.35677805,21.84523959,Out
19/03/2026 16:20,20.53754729,21.51831652,21.2529319,20.35677805,21.84523959,Out
19/03/2026 16:30,20.53754729,21.51831652,21.2529319,20.35677805,21.84523959,Out
19/03/2026 16:40,20.53754729,21.51831652,21.2529319,20.55677805,21.84523959,Out
19/03/2026 16:50,20.53754729,21.51831652,21.2529319,20.35677805,21.84523959,Out
19/03/2026 17:00,20.53754729,21.51831652,21.2529319,20.35677805,21.84523959,Out
19/03/2026 17:10,20.53754729,21.51831652,21.2529319,20.35677805,21.74523959,Out
19/03/2026 17:20,20.53754729,21.51831652,21.0529319,20.55677805,21.84523959,Out
19/03/2026 17:30,20.53754729,21.61831652,21.2529319,20.55677805,21.74523959,Out
19/03/2026 17:40,20.53754729,21.51831652,21.2529319,20.35677805,21.84523959,Out
19/03/2026 17:50,20.53754729,21.61831652,21.2529319,20.55677805,21.84523959,Out
19/03/2026 18:00,20.63754729,21.61831652,21.2529319,20.35677805,21.84523959,Out
19/03/2026 18:10,20.63754729,21.61831652,21.2529319,20.55677805,21.74523959,Out
19/03/2026 18:20,20.53754729,21.51831652,21.2529319,20.55677805,21.84523959,Out
19/03/2026 18:30,20.53754729,21.61831652,21.2529319,20.35677805,21.84523959,Out
19/03/2026 18:40,20.53754729,21.51831652,21.2529319,20.55677805,21.94523959,Out
19/03/2026 18:50,20.53754729,21.61831652,21.2529319,20.55677805,21.84523959,Out
19/03/2026 19:00,20.53754729,21.51831652,21.2529319,20.35677805,21.84523959,Out
19/03/2026 19:10,20.53754729,21.61831652,21.2529319,20.55677805,21.94523959,Out
19/03/2026 19:20,20.53754729,21.61831652,21.2529319,20.35677805,21.84523959,Out
19/03/2026 19:30,20.53754729,21.61831652,21.2529319,20.55677805,21.94523959,Out
19/03/2026 19:40,20.53754729,21.51831652,21.2529319,20.35677805,21.84523959,Out
19/03/2026 19:50,20.53754729,21.51831652,21.2529319,20.35677805,21.84523959,Out
19/03/2026 20:00,20.53754729,21.61831652,21.2529319,20.35677805,21.84523959,Out
19/03/2026 20:10,20.53754729,21.51831652,21.3529319,20.55677805,21.84523959,Out
19/03/2026 20:20,20.53754729,21.61831652,21.2529319,20.35677805,21.94523959,Out
19/03/2026 20:30,20.53754729,21.51831652,21.2529319,20.35677805,21.84523959,Out
19/03/2026 20:40,20.53754729,21.61831652,21.2529319,20.55677805,21.84523959,Out
19/03/2026 20:50,20.63754729,21.61831652,21.3529319,20.55677805,21.84523959,Out
19/03/2026 21:00,20.53754729,21.61831652,21.2529319,20.55677805,21.84523959,Out
19/03/2026 21:10,20.63754729,21.61831652,21.3529319,20.55677805,21.84523959,Out
19/03/2026 21:20,20.53754729,21.61831652,21.2529319,20.55677805,21.84523959,Out
19/03/2026 21:30,20.63754729,21.61831652,21.2529319,20.55677805,21.74523959,Out
19/03/2026 21:40,20.53754729,21.61831652,21.2529319,20.55677805,21.84523959,Out
19/03/2026 21:50,20.63754729,21.61831652,21.2529319,20.55677805,21.84523959,Out
19/03/2026 22:00,20.53754729,21.61831652,21.2529319,20.55677805,21.84523959,Out
19/03/2026 22:10,20.53754729,21.61831652,21.2529319,20.55677805,21.84523959,Out
19/03/2026 22:20,20.63754729,21.61831652,21.2529319,20.55677805,21.84523959,Out
19/03/2026 22:30,20.53754729,21.61831652,21.3529319,20.55677805,21.84523959,Out
19/03/2026 22:40,20.63754729,21.51831652,21.2529319,20.55677805,21.84523959,Out
19/03/2026 22:50,20.53754729,21.61831652,21.2529319,20.55677805,21.84523959,Out
19/03/2026 23:00,20.63754729,21.61831652,21.2529319,20.55677805,21.84523959,Out
19/03/2026 23:10,20.53754729,21.61831652,21.2529319,20.55677805,21.84523959,Out
19/03/2026 23:20,20.63754729,21.61831652,21.2529319,20.55677805,21.84523959,Out
19/03/2026 23:30,20.63754729,21.61831652,21.2529319,20.35677805,21.84523959,Out
19/03/2026 23:40,20.53754729,21.61831652,21.3529319,20.55677805,21.84523959,Out
19/03/2026 23:50,20.63754729,21.61831652,21.2529319,20.55677805,21.84523959,Out
20/03/2026 00:00,20.63754729,21.61831652,21.2529319,20.55677805,21.84523959,Out
20/03/2026 00:10,20.53754729,21.61831652,21.2529319,20.35677805,21.74523959,Out
20/03/2026 00:20,20.53754729,21.61831652,21.2529319,20.35677805,21.84523959,Out
20/03/2026 00:30,20.53754729,21.61831652,21.2529319,20.35677805,21.84523959,Out
20/03/2026 00:40,20.63754729,21.61831652,21.2529319,20.35677805,21.74523959,Out
20/03/2026 00:50,20.63754729,21.61831652,21.2529319,20.35677805,21.84523959,Out
20/03/2026 01:00,20.53754729,21.61831652,21.2529319,20.55677805,21.84523959,Out
20/03/2026 01:10,20.53754729,21.51831652,21.2529319,20.55677805,21.84523959,Out
20/03/2026 01:20,20.63754729,21.51831652,21.2529319,20.35677805,21.84523959,Out
20/03/2026 01:30,20.53754729,21.61831652,21.2529319,20.35677805,21.84523959,Out
20/03/2026 01:40,20.53754729,21.51831652,21.2529319,20.55677805,21.74523959,Out
20/03/2026 01:50,20.53754729,21.61831652,21.2529319,20.55677805,21.74523959,Out
20/03/2026 02:00,20.53754729,21.61831652,21.2529319,20.35677805,21.84523959,Out
20/03/2026 02:10,20.63754729,21.61831652,21.2529319,20.55677805,21.84523959,Out
20/03/2026 02:20,20.53754729,21.61831652,21.2529319,20.55677805,21.84523959,Out
20/03/2026 02:30,20.53754729,21.61831652,21.2529319,20.55677805,21.74523959,Out
20/03/2026 02:40,20.53754729,21.51831652,21.2529319,20.35677805,21.84523959,Out
20/03/2026 02:50,20.53754729,21.61831652,21.2529319,20.35677805,21.94523959,Out
20/03/2026 03:00,20.53754729,21.61831652,21.2529319,20.35677805,21.84523959,Out
20/03/2026 03:10,20.63754729,21.61831652,21.2529319,20.55677805,21.74523959,Out
20/03/2026 03:20,20.53754729,21.51831652,21.2529319,20.35677805,21.84523959,Out
20/03/2026 03:30,20.63754729,21.51831652,21.2529319,20.55677805,21.84523959,Out
20/03/2026 03:40,20.63754729,21.51831652,21.2529319,20.35677805,21.74523959,Out
20/03/2026 03:50,20.63754729,21.61831652,21.2529319,20.55677805,21.84523959,Out
20/03/2026 04:00,20.63754729,21.51831652,21.2529319,20.35677805,21.84523959,Out
20/03/2026 04:10,20.53754729,21.61831652,21.2529319,20.55677805,21.84523959,Out
20/03/2026 04:20,20.53754729,21.61831652,21.2529319,20.35677805,21.84523959,Out
20/03/2026 04:30,20.53754729,21.61831652,21.2529319,20.55677805,21.84523959,Out
20/03/2026 04:40,20.53754729,21.61831652,21.2529319,20.35677805,21.84523959,Out
20/03/2026 04:50,20.63754729,21.61831652,21.2529319,20.35677805,21.84523959,Out
20/03/2026 05:00,20.53754729,21.61831652,21.2529319,20.35677805,21.84523959,Out
20/03/2026 05:10,20.63754729,21.51831652,21.2529319,20.35677805,21.84523959,Out
20/03/2026 05:20,20.63754729,21.61831652,21.2529319,20.55677805,21.84523959,Out
20/03/2026 05:30,20.63754729,21.61831652,21.2529319,20.35677805,21.84523959,Out
20/03/2026 05:40,20.53754729,21.61831652,21.2529319,20.35677805,21.84523959,Out
20/03/2026 05:50,20.53754729,21.61831652,21.2529319,20.55677805,21.84523959,Out
20/03/2026 06:00,20.53754729,21.61831652,21.2529319,20.55677805,21.74523959,Out
20/03/2026 06:10,20.53754729,21.51831652,21.3529319,20.35677805,21.74523959,Out
20/03/2026 06:20,20.53754729,21.61831652,21.2529319,20.35677805,21.84523959,Out
20/03/2026 06:30,20.63754729,21.61831652,21.2529319,20.55677805,21.84523959,Out
20/03/2026 06:40,20.53754729,21.61831652,21.2529319,20.35677805,21.84523959,Out
20/03/2026 06:50,20.53754729,21.61831652,21.2529319,20.55677805,21.84523959,Out
20/03/2026 07:00,20.63754729,21.61831652,21.3529319,20.35677805,21.84523959,Out
20/03/2026 07:10,20.63754729,21.61831652,21.2529319,20.35677805,21.84523959,Out
20/03/2026 07:20,20.63754729,21.61831652,21.2529319,20.35677805,21.84523959,Out
20/03/2026 07:30,20.53754729,21.61831652,21.2529319,20.35677805,21.74523959,Out
20/03/2026 07:40,20.63754729,21.61831652,21.2529319,20.35677805,21.84523959,Out
20/03/2026 07:50,20.53754729,21.51831652,21.2529319,20.55677805,21.84523959,Out
20/03/2026 08:00,20.63754729,21.61831652,21.2529319,20.55677805,21.84523959,Out
20/03/2026 08:10,20.63754729,21.51831652,21.2529319,20.55677805,21.84523959,Out
20/03/2026 08:20,20.53754729,21.61831652,21.2529319,20.55677805,21.94523959,Out
20/03/2026 08:30,20.53754729,21.61831652,21.2529319,20.55677805,21.84523959,Out
20/03/2026 08:40,20.63754729,21.61831652,21.2529319,20.55677805,21.84523959,Out
20/03/2026 08:50,20.63754729,21.61831652,21.2529319,20.55677805,21.84523959,Out
20/03/2026 09:00,20.53754729,21.61831652,21.2529319,20.35677805,21.84523959,Out
20/03/2026 09:10,20.53754729,21.61831652,21.2529319,20.55677805,21.84523959,Out
20/03/2026 09:20,20.53754729,21.61831652,21.2529319,20.35677805,21.84523959,Out
20/03/2026 09:30,20.53754729,21.51831652,21.2529319,20.55677805,21.84523959,Out
20/03/2026 09:40,20.53754729,21.61831652,21.2529319,20.55677805,21.84523959,Out
20/03/2026 09:50,20.53754729,21.51831652,21.2529319,20.35677805,21.84523959,Out
20/03/2026 10:00,20.63754729,21.51831652,21.2529319,20.55677805,21.84523959,Out
20/03/2026 10:10,20.53754729,21.51831652,21.0529319,20.35677805,21.74523959,Out
20/03/2026 10:20,20.53754729,21.61831652,21.2529319,20.35677805,21.94523959,Out
20/03/2026 10:30,20.53754729,21.51831652,21.2529319,20.35677805,21.84523959,Out
20/03/2026 10:40,20.53754729,21.61831652,21.2529319,20.55677805,21.84523959,Out
20/03/2026 10:50,20.53754729,21.61831652,21.2529319,20.35677805,21.84523959,Out
20/03/2026 11:00,20.53754729,21.61831652,21.2529319,20.35677805,21.84523959,Out
20/03/2026 11:10,20.63754729,21.51831652,21.2529319,20.55677805,21.84523959,Out
20/03/2026 11:20,20.53754729,21.61831652,21.2529319,20.35677805,21.84523959,Out
20/03/2026 11:30,20.53754729,21.61831652,21.2529319,20.35677805,21.84523959,Out
20/03/2026 11:40,20.63754729,21.61831652,21.2529319,20.35677805,21.84523959,Out
20/03/2026 11:50,20.53754729,21.61831652,21.2529319,20.35677805,21.84523959,Out
20/03/2026 12:00,20.53754729,21.61831652,21.2529319,20.55677805,21.84523959,Out
20/03/2026 12:10,20.53754729,21.61831652,21.2529319,20.55677805,21.84523959,Out
20/03/2026 12:20,20.63754729,21.61831652,21.2529319,20.35677805,21.84523959,Out
20/03/2026 12:30,20.53754729,21.61831652,21.2529319,20.55677805,21.84523959,Out
20/03/2026 12:40,20.53754729,21.61831652,21.2529319,20.35677805,21.74523959,Out
20/03/2026 12:50,20.63754729,21.61831652,21.2529319,20.55677805,21.84523959,Out
20/03/2026 13:00,20.63754729,21.61831652,21.2529319,20.35677805,21.94523959,Out
20/03/2026 13:10,20.53754729,21.61831652,21.2529319,20.55677805,21.94523959,Out
20/03/2026 13:20,20.53754729,21.61831652,21.2529319,20.55677805,21.84523959,Out
20/03/2026 13:30,20.63754729,21.61831652,21.2529319,20.55677805,21.84523959,Out
20/03/2026 13:40,20.53754729,21.61831652,21.2529319,20.55677805,21.84523959,Out
20/03/2026 13:50,20.63754729,21.61831652,21.2529319,20.35677805,21.84523959,Out
20/03/2026 14:00,20.63754729,21.61831652,21.2529319,20.55677805,21.84523959,Out
20/03/2026 14:10,20.53754729,21.61831652,21.3529319,20.55677805,21.84523959,Out
20/03/2026 14:20,20.53754729,21.51831652,21.2529319,20.55677805,21.84523959,Out
20/03/2026 14:30,20.63754729,21.61831652,21.2529319,20.35677805,21.84523959,Out
20/03/2026 14:40,20.63754729,21.61831652,21.2529319,20.55677805,21.84523959,Out
20/03/2026 14:50,20.63754729,21.61831652,21.3529319,20.55677805,21.84523959,Out
20/03/2026 15:00,20.53754729,21.61831652,21.2529319,20.55677805,21.84523959,Out
20/03/2026 15:10,20.63754729,21.61831652,21.2529319,20.35677805,21.84523959,Out
20/03/2026 15:20,20.53754729,21.61831652,21.2529319,20.55677805,21.94523959,Out
20/03/2026 15:30,20.63754729,21.61831652,21.2529319,20.55677805,21.84523959,Out
20/03/2026 15:40,20.63754729,21.61831652,21.2529319,20.55677805,21.74523959,Out
20/03/2026 15:50,20.53754729,21.61831652,21.2529319,20.55677805,21.84523959,Out
20/03/2026 16:00,20.53754729,21.61831652,21.2529319,20.55677805,21.94523959,Out
20/03/2026 16:10,20.53754729,21.61831652,21.2529319,20.35677805,21.94523959,Out
20/03/2026 16:20,20.63754729,21.61831652,21.2529319,20.35677805,21.84523959,Out
20/03/2026 16:30,20.63754729,21.61831652,21.2529319,20.55677805,21.84523959,Out
20/03/2026 16:40,20.63754729,21.61831652,21.2529319,20.35677805,21.84523959,Out
20/03/2026 16:50,20.53754729,21.61831652,21.2529319,20.55677805,21.84523959,Out
20/03/2026 17:00,20.63754729,21.61831652,21.2529319,20.55677805,21.94523959,Out
20/03/2026 17:10,20.63754729,21.61831652,21.2529319,20.55677805,21.74523959,Out
20/03/2026 17:20,20.63754729,21.61831652,21.2529319,20.55677805,21.84523959,Out
20/03/2026 17:30,20.63754729,21.61831652,21.2529319,20.55677805,21.94523959,Out
20/03/2026 17:40,20.63754729,21.61831652,21.2529319,20.55677805,21.84523959,Out
20/03/2026 17:50,20.63754729,21.61831652,21.2529319,20.55677805,21.94523959,Out
20/03/2026 18:00,20.53754729,21.61831652,21.2529319,20.55677805,21.94523959,Out
20/03/2026 18:10,20.53754729,21.71831652,21.2529319,20.55677805,21.84523959,Out
20/03/2026 18:20,20.63754729,21.61831652,21.2529319,20.35677805,21.84523959,Out
20/03/2026 18:30,20.53754729,21.61831652,21.2529319,20.55677805,21.84523959,Out
20/03/2026 18:40,20.53754729,21.61831652,21.2529319,20.55677805,21.84523959,Out
20/03/2026 18:50,20.53754729,21.61831652,21.2529319,20.55677805,21.84523959,Out
20/03/2026 19:00,20.63754729,21.61831652,21.2529319,20.55677805,21.84523959,Out
20/03/2026 19:10,20.63754729,21.61831652,21.2529319,20.35677805,21.94523959,Out
20/03/2026 19:20,20.63754729,21.61831652,21.2529319,20.55677805,21.84523959,Out
20/03/2026 19:30,20.63754729,21.61831652,21.2529319,20.55677805,21.84523959,Out
20/03/2026 19:40,20.53754729,21.61831652,21.2529319,20.55677805,21.84523959,Out
20/03/2026 19:50,20.53754729,21.61831652,21.2529319,20.55677805,21.94523959,Out
20/03/2026 20:00,20.53754729,21.61831652,21.2529319,20.55677805,21.94523959,Out
20/03/2026 20:10,20.53754729,21.61831652,21.2529319,20.55677805,21.84523959,Out
20/03/2026 20:20,20.53754729,21.61831652,21.2529319,20.35677805,21.94523959,Out
20/03/2026 20:30,20.63754729,21.61831652,21.2529319,20.55677805,21.94523959,Out
20/03/2026 20:40,20.53754729,21.61831652,21.2529319,20.55677805,21.84523959,Out
20/03/2026 20:50,20.63754729,21.61831652,21.3529319,20.35677805,21.74523959,Out
20/03/2026 21:00,20.63754729,21.61831652,21.2529319,20.55677805,21.84523959,Out
20/03/2026 21:10,20.63754729,21.61831652,21.2529319,20.55677805,21.94523959,Out
20/03/2026 21:20,20.53754729,21.61831652,21.2529319,20.55677805,21.84523959,Out
20/03/2026 21:30,20.53754729,21.61831652,21.2529319,20.55677805,21.84523959,Out
20/03/2026 21:40,20.63754729,21.61831652,21.2529319,20.55677805,21.84523959,Out
20/03/2026 21:50,20.63754729,21.61831652,21.2529319,20.35677805,21.84523959,Out
20/03/2026 22:00,20.53754729,21.61831652,21.2529319,20.55677805,21.94523959,Out
20/03/2026 22:10,20.53754729,21.61831652,21.2529319,20.55677805,21.84523959,Out
20/03/2026 22:20,20.63754729,21.61831652,21.3529319,20.55677805,21.84523959,Out
20/03/2026 22:30,20.53754729,21.61831652,21.3529319,20.35677805,21.84523959,Out
20/03/2026 22:40,20.63754729,21.61831652,21.2529319,20.35677805,21.84523959,Out
20/03/2026 22:50,20.63754729,21.61831652,21.2529319,20.55677805,21.84523959,Out
20/03/2026 23:00,20.63754729,21.61831652,21.2529319,20.55677805,21.94523959,Out
20/03/2026 23:10,20.63754729,21.61831652,21.2529319,20.55677805,21.84523959,Out
20/03/2026 23:20,20.63754729,21.61831652,21.2529319,20.55677805,21.84523959,Out
20/03/2026 23:30,20.63754729,21.61831652,21.2529319,20.35677805,21.84523959,Out
20/03/2026 23:40,20.63754729,21.61831652,21.2529319,20.55677805,21.94523959,Out
20/03/2026 23:50,20.63754729,21.61831652,21.3529319,20.55677805,21.84523959,Out
21/03/2026 00:00,20.53754729,21.61831652,21.2529319,20.55677805,21.84523959,Out
21/03/2026 00:10,20.63754729,21.61831652,21.2529319,20.55677805,21.84523959,Out
21/03/2026 00:20,20.53754729,21.61831652,21.3529319,20.55677805,21.84523959,Out
21/03/2026 00:30,20.63754729,21.61831652,21.3529319,20.35677805,21.84523959,Out
21/03/2026 00:40,20.63754729,21.61831652,21.2529319,20.55677805,21.84523959,Out
21/03/2026 00:50,20.63754729,21.61831652,21.2529319,20.35677805,21.84523959,Out
21/03/2026 01:00,20.53754729,21.61831652,21.2529319,20.55677805,21.84523959,Out
21/03/2026 01:10,20.63754729,21.61831652,21.3529319,20.55677805,21.84523959,Out
21/03/2026 01:20,20.63754729,21.61831652,21.2529319,20.55677805,21.94523959,Out
21/03/2026 01:30,20.63754729,21.61831652,21.2529319,20.55677805,21.84523959,Out
21/03/2026 01:40,20.63754729,21.61831652,21.3529319,20.55677805,21.84523959,Out
21/03/2026 01:50,20.63754729,21.61831652,21.2529319,20.55677805,21.94523959,Out
21/03/2026 02:00,20.53754729,21.61831652,21.2529319,20.55677805,21.84523959,Out
21/03/2026 02:10,20.63754729,21.61831652,21.2529319,20.55677805,21.84523959,Out
21/03/2026 02:20,20.63754729,21.61831652,21.2529319,20.55677805,21.84523959,Out
21/03/2026 02:30,20.63754729,21.61831652,21.3529319,20.55677805,21.84523959,Out
21/03/2026 02:40,20.63754729,21.51831652,21.2529319,20.55677805,21.84523959,Out
21/03/2026 02:50,20.63754729,21.61831652,21.2529319,20.55677805,21.84523959,Out
21/03/2026 03:00,20.63754729,21.61831652,21.2529319,20.55677805,21.94523959,Out
21/03/2026 03:10,20.63754729,21.61831652,21.3529319,20.55677805,21.84523959,Out
21/03/2026 03:20,20.63754729,21.71831652,21.3529319,20.55677805,21.84523959,Out
21/03/2026 03:30,20.63754729,21.61831652,21.2529319,20.35677805,21.84523959,Out
21/03/2026 03:40,20.63754729,21.71831652,21.2529319,20.55677805,21.84523959,Out
21/03/2026 03:50,20.63754729,21.61831652,21.2529319,20.55677805,21.84523959,Out
21/03/2026 04:00,20.63754729,21.61831652,21.2529319,20.55677805,21.84523959,Out
21/03/2026 04:10,20.63754729,21.61831652,21.2529319,20.55677805,21.84523959,Out
21/03/2026 04:20,20.53754729,21.71831652,21.2529319,20.55677805,21.94523959,Out
21/03/2026 04:30,20.63754729,21.61831652,21.2529319,20.55677805,21.94523959,Out
21/03/2026 04:40,20.63754729,21.61831652,21.2529319,20.55677805,21.84523959,Out
21/03/2026 04:50,20.63754729,21.61831652,21.2529319,20.55677805,21.84523959,Out
21/03/2026 05:00,20.63754729,21.61831652,21.2529319,20.55677805,21.84523959,Out
21/03/2026 05:10,20.53754729,21.61831652,21.3529319,20.55677805,21.84523959,Out
21/03/2026 05:20,20.63754729,21.61831652,21.2529319,20.55677805,21.94523959,Out
21/03/2026 05:30,20.63754729,21.61831652,21.2529319,20.55677805,21.84523959,Out
21/03/2026 05:40,20.63754729,21.61831652,21.3529319,20.55677805,21.84523959,Out
21/03/2026 05:50,20.53754729,21.61831652,21.2529319,20.55677805,21.94523959,Out
21/03/2026 06:00,20.63754729,21.61831652,21.2529319,20.55677805,21.94523959,Out
21/03/2026 06:10,20.63754729,21.61831652,21.2529319,20.55677805,21.84523959,Out
21/03/2026 06:20,20.63754729,21.71831652,21.2529319,20.55677805,21.84523959,Out
21/03/2026 06:30,20.63754729,21.61831652,21.3529319,20.55677805,21.84523959,Out
21/03/2026 06:40,20.53754729,21.61831652,21.3529319,20.75677805,21.94523959,Out
21/03/2026 06:50,20.53754729,21.61831652,21.3529319,20.35677805,21.94523959,Out
21/03/2026 07:00,20.63754729,21.61831652,21.2529319,20.55677805,21.84523959,Out
21/03/2026 07:10,20.63754729,21.61831652,21.3529319,20.55677805,21.84523959,Out
21/03/2026 07:20,20.63754729,21.61831652,21.3529319,20.55677805,21.84523959,Out
21/03/2026 07:30,20.63754729,21.71831652,21.2529319,20.55677805,21.84523959,Out
21/03/2026 07:40,20.63754729,21.61831652,21.3529319,20.55677805,21.84523959,Out
21/03/2026 07:50,20.63754729,21.61831652,21.3529319,20.55677805,21.94523959,Out
21/03/2026 08:00,20.63754729,21.61831652,21.2529319,20.55677805,21.84523959,Out
21/03/2026 08:10,20.63754729,21.61831652,21.3529319,20.55677805,21.94523959,Out
21/03/2026 08:20,20.53754729,21.61831652,21.3529319,20.55677805,21.84523959,Out
21/03/2026 08:30,20.63754729,21.61831652,21.2529319,20.55677805,21.94523959,Out
21/03/2026 08:40,20.63754729,21.61831652,21.2529319,20.55677805,21.94523959,Out
21/03/2026 08:50,20.63754729,21.61831652,21.3529319,20.55677805,21.94523959,Out
21/03/2026 09:00,20.63754729,21.71831652,21.2529319,20.55677805,21.94523959,Out
21/03/2026 09:10,20.63754729,21.61831652,21.2529319,20.55677805,21.84523959,Out
21/03/2026 09:20,20.63754729,21.61831652,21.3529319,20.55677805,21.94523959,Out
21/03/2026 09:30,20.53754729,21.61831652,21.2529319,20.55677805,21.84523959,Out
21/03/2026 09:40,20.63754729,21.61831652,21.2529319,20.55677805,21.94523959,Out
21/03/2026 09:50,20.63754729,21.61831652,21.2529319,20.55677805,21.84523959,Out
21/03/2026 10:00,20.63754729,21.61831652,21.3529319,20.55677805,21.94523959,Out
21/03/2026 10:10,20.63754729,21.61831652,21.2529319,20.55677805,21.84523959,Out
21/03/2026 10:20,20.63754729,21.61831652,21.2529319,20.55677805,21.94523959,Out
21/03/2026 10:30,20.63754729,21.61831652,21.2529319,20.55677805,21.84523959,Out
21/03/2026 10:40,20.63754729,21.61831652,21.3529319,20.55677805,21.84523959,Out
21/03/2026 10:50,20.63754729,21.61831652,21.2529319,20.55677805,21.84523959,Out
21/03/2026 11:00,20.63754729,21.61831652,21.2529319,20.55677805,21.84523959,Out
21/03/2026 11:10,20.63754729,21.61831652,21.3529319,20.55677805,21.84523959,Out
21/03/2026 11:20,20.63754729,21.61831652,21.3529319,20.55677805,21.94523959,Out
21/03/2026 11:30,20.63754729,21.61831652,21.2529319,20.55677805,21.84523959,Out
21/03/2026 11:40,20.63754729,21.61831652,21.2529319,20.55677805,21.84523959,Out
21/03/2026 11:50,20.63754729,21.61831652,21.3529319,20.55677805,21.94523959,Out
21/03/2026 12:00,20.63754729,21.61831652,21.3529319,20.55677805,21.84523959,Out
21/03/2026 12:10,20.63754729,21.61831652,21.2529319,20.55677805,21.84523959,Out
21/03/2026 12:20,20.63754729,21.61831652,21.2529319,20.55677805,21.84523959,Out
21/03/2026 12:30,20.63754729,21.71831652,21.2529319,20.55677805,21.84523959,Out
21/03/2026 12:40,20.63754729,21.61831652,21.3529319,20.55677805,21.94523959,Out
21/03/2026 12:50,20.63754729,21.71831652,21.2529319,20.55677805,21.84523959,Out
21/03/2026 13:00,20.63754729,21.61831652,21.2529319,20.55677805,21.84523959,Out
21/03/2026 13:10,20.63754729,21.61831652,21.3529319,20.55677805,21.94523959,Out
21/03/2026 13:20,20.63754729,21.61831652,21.2529319,20.55677805,21.84523959,Out
21/03/2026 13:30,20.53754729,21.61831652,21.3529319,20.55677805,21.94523959,Out
21/03/2026 13:40,20.63754729,21.61831652,21.3529319,20.55677805,21.94523959,Out
21/03/2026 13:50,20.63754729,21.61831652,21.3529319,20.55677805,21.94523959,Out
21/03/2026 14:00,20.63754729,21.61831652,21.3529319,20.55677805,21.94523959,Out
21/03/2026 14:10,20.63754729,21.61831652,21.3529319,20.55677805,21.84523959,Out
21/03/2026 14:20,20.63754729,21.61831652,21.2529319,20.55677805,21.84523959,Out
21/03/2026 14:30,20.63754729,21.61831652,21.2529319,20.55677805,21.84523959,Out
21/03/2026 14:40,20.63754729,21.61831652,21.3529319,20.55677805,21.84523959,Out
21/03/2026 14:50,20.63754729,21.61831652,21.2529319,20.55677805,21.94523959,Out
21/03/2026 15:00,20.63754729,21.71831652,21.2529319,20.55677805,21.84523959,Out
21/03/2026 15:10,20.63754729,21.61831652,21.2529319,20.55677805,21.84523959,Out
21/03/2026 15:20,20.53754729,21.61831652,21.3529319,20.55677805,21.94523959,Out
21/03/2026 15:30,20.63754729,21.61831652,21.2529319,20.55677805,21.94523959,Out
21/03/2026 15:40,20.63754729,21.61831652,21.2529319,20.55677805,21.84523959,Out
21/03/2026 15:50,20.63754729,21.71831652,21.2529319,20.55677805,21.84523959,Out
21/03/2026 16:00,20.63754729,21.61831652,21.3529319,20.55677805,21.84523959,Out
21/03/2026 16:10,20.53754729,21.61831652,21.2529319,20.55677805,21.94523959,Out
21/03/2026 16:20,20.63754729,21.61831652,21.3529319,20.55677805,21.84523959,Out
21/03/2026 16:30,20.63754729,21.61831652,21.2529319,20.55677805,21.94523959,Out
21/03/2026 16:40,20.83754729,21.61831652,21.2529319,20.55677805,21.94523959,Out
21/03/2026 16:50,20.63754729,21.61831652,21.2529319,20.55677805,21.84523959,Out
21/03/2026 17:00,20.63754729,21.71831652,21.3529319,20.55677805,21.84523959,Out
21/03/2026 17:10,20.63754729,21.61831652,21.3529319,20.55677805,21.84523959,Out
21/03/2026 17:20,20.63754729,21.71831652,21.2529319,20.55677805,21.84523959,Out
21/03/2026 17:30,20.63754729,21.61831652,21.3529319,20.55677805,21.84523959,Out
21/03/2026 17:40,20.63754729,21.61831652,21.3529319,20.55677805,21.84523959,Out
21/03/2026 17:50,20.63754729,21.61831652,21.3529319,20.55677805,21.84523959,Out
21/03/2026 18:00,20.63754729,21.61831652,21.2529319,20.55677805,21.94523959,Out
21/03/2026 18:10,20.53754729,21.61831652,21.2529319,20.55677805,21.94523959,Out
21/03/2026 18:20,20.63754729,21.61831652,21.3529319,20.55677805,21.94523959,Out
21/03/2026 18:30,20.53754729,21.61831652,21.2529319,20.55677805,21.94523959,Out
21/03/2026 18:40,20.63754729,21.61831652,21.2529319,20.55677805,21.84523959,Out
21/03/2026 18:50,20.63754729,21.61831652,21.2529319,20.55677805,21.84523959,Out
21/03/2026 19:00,20.63754729,21.61831652,21.2529319,20.55677805,21.94523959,Out
21/03/2026 19:10,20.63754729,21.61831652,21.2529319,20.55677805,21.84523959,Out
21/03/2026 19:20,20.53754729,21.61831652,21.2529319,20.55677805,21.84523959,Out
21/03/2026 19:30,20.63754729,21.61831652,21.2529319,20.55677805,21.94523959,Out
21/03/2026 19:40,20.63754729,21.71831652,21.2529319,20.55677805,21.94523959,Out
21/03/2026 19:50,20.63754729,21.71831652,21.3529319,20.55677805,21.84523959,Out
21/03/2026 20:00,20.63754729,21.61831652,21.2529319,20.55677805,21.94523959,Out
21/03/2026 20:10,20.63754729,21.61831652,21.3529319,20.55677805,21.94523959,Out
21/03/2026 20:20,20.63754729,21.61831652,21.3529319,20.55677805,21.94523959,Out
21/03/2026 20:30,20.63754729,21.61831652,21.2529319,20.55677805,21.84523959,Out
21/03/2026 20:40,20.63754729,21.61831652,21.3529319,20.55677805,21.84523959,Out
21/03/2026 20:50,20.63754729,21.71831652,21.3529319,20.55677805,21.84523959,Out
21/03/2026 21:00,20.53754729,21.61831652,21.2529319,20.55677805,21.84523959,Out
21/03/2026 21:10,20.63754729,21.61831652,21.3529319,20.55677805,22.04523959,Out
21/03/2026 21:20,20.63754729,21.71831652,21.3529319,20.55677805,21.84523959,Out
21/03/2026 21:30,20.63754729,21.71831652,21.3529319,20.55677805,21.94523959,Out
21/03/2026 21:40,20.63754729,21.61831652,21.3529319,20.55677805,21.94523959,Out
21/03/2026 21:50,20.63754729,21.61831652,21.3529319,20.75677805,21.94523959,Out
21/03/2026 22:00,20.63754729,21.71831652,21.3529319,20.55677805,21.84523959,Out
21/03/2026 22:10,20.63754729,21.61831652,21.3529319,20.55677805,21.84523959,Out
21/03/2026 22:20,20.63754729,21.61831652,21.3529319,20.55677805,21.84523959,Out
21/03/2026 22:30,20.63754729,21.71831652,21.3529319,20.55677805,21.84523959,Out
21/03/2026 22:40,20.63754729,21.61831652,21.4529319,20.55677805,21.84523959,Out
21/03/2026 22:50,20.63754729,21.71831652,21.3529319,20.75677805,21.84523959,Out
21/03/2026 23:00,20.63754729,21.71831652,21.3529319,20.75677805,21.94523959,Out
21/03/2026 23:10,20.63754729,21.61831652,21.3529319,20.55677805,21.94523959,Out
21/03/2026 23:20,20.63754729,21.61831652,21.2529319,20.75677805,21.84523959,Out
21/03/2026 23:30,20.63754729,21.61831652,21.3529319,20.35677805,21.94523959,Out
21/03/2026 23:40,20.63754729,21.61831652,21.3529319,20.55677805,21.94523959,Out
21/03/2026 23:50,20.63754729,21.61831652,21.3529319,20.55677805,21.94523959,Out
22/03/2026 00:00,20.63754729,21.61831652,21.3529319,20.55677805,21.94523959,Out
22/03/2026 00:10,20.63754729,21.61831652,21.2529319,20.55677805,21.84523959,Out
22/03/2026 00:20,20.63754729,21.61831652,21.3529319,20.55677805,21.74523959,Out
22/03/2026 00:30,20.63754729,21.61831652,21.2529319,20.55677805,21.84523959,Out
22/03/2026 00:40,20.63754729,21.61831652,21.2529319,20.55677805,21.84523959,Out
22/03/2026 00:50,20.63754729,21.71831652,21.2529319,20.55677805,21.84523959,Out
22/03/2026 01:00,20.63754729,21.71831652,21.2529319,20.55677805,21.84523959,Out
22/03/2026 01:10,20.83754729,21.61831652,21.2529319,20.55677805,21.94523959,Out
22/03/2026 01:20,20.63754729,21.61831652,21.2529319,20.55677805,21.84523959,Out
22/03/2026 01:30,20.53754729,21.61831652,21.3529319,20.55677805,21.84523959,Out
22/03/2026 01:40,20.63754729,21.61831652,21.3529319,20.55677805,21.94523959,Out
22/03/2026 01:50,20.63754729,21.61831652,21.2529319,20.55677805,21.94523959,Out
22/03/2026 02:00,20.63754729,21.61831652,21.2529319,20.55677805,21.94523959,Out
22/03/2026 02:10,20.63754729,21.71831652,21.2529319,20.55677805,21.94523959,Out
22/03/2026 02:20,20.53754729,21.61831652,21.2529319,20.55677805,21.84523959,Out
22/03/2026 02:30,20.53754729,21.61831652,21.3529319,20.35677805,21.94523959,Out
22/03/2026 02:40,20.63754729,21.71831652,21.3529319,20.55677805,21.94523959,Out
22/03/2026 02:50,20.63754729,21.61831652,21.2529319,20.55677805,21.84523959,Out
22/03/2026 03:00,20.63754729,21.61831652,21.2529319,20.55677805,21.84523959,Out
22/03/2026 03:10,20.63754729,21.61831652,21.3529319,20.55677805,21.84523959,Out
22/03/2026 03:20,20.63754729,21.61831652,21.3529319,20.55677805,21.94523959,Out
22/03/2026 03:30,20.63754729,21.61831652,21.2529319,20.55677805,21.94523959,Out
22/03/2026 03:40,20.63754729,21.61831652,21.3529319,20.55677805,21.84523959,Out
22/03/2026 03:50,20.63754729,21.61831652,21.3529319,20.35677805,21.84523959,Out
22/03/2026 04:00,20.63754729,21.61831652,21.3529319,20.35677805,21.84523959,Out
22/03/2026 04:10,20.63754729,21.61831652,21.2529319,20.55677805,21.84523959,Out
22/03/2026 04:20,20.53754729,21.61831652,21.2529319,20.55677805,21.84523959,Out
22/03/2026 04:30,20.53754729,21.61831652,21.3529319,20.55677805,21.94523959,Out
22/03/2026 04:40,20.63754729,21.61831652,21.2529319,20.35677805,21.94523959,Out
22/03/2026 04:50,20.63754729,21.61831652,21.3529319,20.55677805,21.84523959,Out
22/03/2026 05:00,20.63754729,21.61831652,21.2529319,20.55677805,21.94523959,Out
22/03/2026 05:10,20.53754729,21.61831652,21.3529319,20.55677805,21.84523959,Out
22/03/2026 05:20,20.63754729,21.61831652,21.2529319,20.55677805,21.84523959,Out
22/03/2026 05:30,20.63754729,21.61831652,21.2529319,20.55677805,21.84523959,Out
22/03/2026 05:40,20.63754729,21.61831652,21.2529319,20.55677805,21.94523959,Out
22/03/2026 05:50,20.53754729,21.61831652,21.3529319,20.55677805,21.84523959,Out
22/03/2026 06:00,20.53754729,21.61831652,21.2529319,20.55677805,21.84523959,Out
22/03/2026 06:10,20.63754729,21.61831652,21.3529319,20.55677805,21.94523959,Out
22/03/2026 06:20,20.53754729,21.61831652,21.2529319,20.55677805,21.84523959,Out
22/03/2026 06:30,20.63754729,21.61831652,21.2529319,20.55677805,21.94523959,Out
22/03/2026 06:40,20.63754729,21.61831652,21.2529319,20.55677805,21.94523959,Out
22/03/2026 06:50,20.63754729,21.61831652,21.2529319,20.55677805,21.84523959,Out
22/03/2026 07:00,20.53754729,21.61831652,21.2529319,20.55677805,21.94523959,Out
22/03/2026 07:10,20.63754729,21.71831652,21.3529319,20.55677805,21.84523959,Out
22/03/2026 07:20,20.63754729,21.61831652,21.2529319,20.55677805,21.94523959,Out
22/03/2026 07:30,20.63754729,21.61831652,21.2529319,20.55677805,21.94523959,Out
22/03/2026 07:40,20.63754729,21.61831652,21.2529319,20.55677805,21.84523959,Out
22/03/2026 07:50,20.63754729,21.61831652,21.2529319,20.55677805,21.94523959,Out
22/03/2026 08:00,20.63754729,21.71831652,21.2529319,20.55677805,21.94523959,Out
22/03/2026 08:10,20.63754729,21.61831652,21.2529319,20.35677805,21.84523959,Out
22/03/2026 08:20,20.63754729,21.61831652,21.2529319,20.55677805,21.84523959,Out
22/03/2026 08:30,20.53754729,21.61831652,21.2529319,20.55677805,21.84523959,Out
22/03/2026 08:40,20.63754729,21.61831652,21.2529319,20.35677805,21.84523959,Out
22/03/2026 08:50,20.53754729,21.61831652,21.2529319,20.55677805,21.84523959,Out
22/03/2026 09:00,20.53754729,21.61831652,21.2529319,20.35677805,21.94523959,Out
22/03/2026 09:10,20.53754729,21.71831652,21.2529319,20.55677805,21.94523959,Out
22/03/2026 09:20,20.63754729,21.61831652,21.2529319,20.55677805,21.94523959,Out
22/03/2026 09:30,20.63754729,21.61831652,21.3529319,20.55677805,21.94523959,Out
22/03/2026 09:40,20.53754729,21.61831652,21.2529319,20.55677805,21.84523959,Out
22/03/2026 09:50,20.63754729,21.61831652,21.2529319,20.55677805,21.84523959,Out
22/03/2026 10:00,20.53754729,21.61831652,21.2529319,20.55677805,21.84523959,Out
22/03/2026 10:10,20.63754729,21.61831652,21.2529319,20.55677805,21.84523959,Out
22/03/2026 10:20,20.53754729,21.61831652,21.3529319,20.55677805,21.84523959,Out
22/03/2026 10:30,20.53754729,21.51831652,21.2529319,20.55677805,21.84523959,Out
22/03/2026 10:40,20.53754729,21.51831652,21.2529319,20.35677805,21.94523959,Out
22/03/2026 10:50,20.63754729,21.61831652,21.2529319,20.35677805,21.84523959,Out
22/03/2026 11:00,20.53754729,21.61831652,21.2529319,20.55677805,21.74523959,Out
22/03/2026 11:10,20.63754729,21.61831652,21.2529319,20.55677805,21.84523959,Out
22/03/2026 11:20,20.53754729,21.61831652,21.2529319,20.55677805,21.74523959,Out
22/03/2026 11:30,20.63754729,21.61831652,21.2529319,20.55677805,21.84523959,Out
22/03/2026 11:40,20.63754729,21.61831652,21.2529319,20.55677805,21.84523959,Out
22/03/2026 11:50,20.53754729,21.61831652,21.2529319,20.55677805,21.94523959,Out
22/03/2026 12:00,20.53754729,21.61831652,21.2529319,20.55677805,21.84523959,Out
22/03/2026 12:10,20.53754729,21.61831652,21.2529319,20.55677805,21.84523959,Out
22/03/2026 12:20,20.53754729,21.61831652,21.2529319,20.55677805,21.84523959,Out
22/03/2026 12:30,20.63754729,21.61831652,21.2529319,20.55677805,21.84523959,Out
22/03/2026 12:40,20.63754729,21.61831652,21.2529319,20.35677805,21.94523959,Out
22/03/2026 12:50,20.63754729,21.61831652,21.2529319,20.35677805,21.84523959,Out
22/03/2026 13:00,20.53754729,21.61831652,21.2529319,20.55677805,21.84523959,Out
22/03/2026 13:10,20.63754729,21.51831652,21.2529319,20.55677805,21.84523959,Out
22/03/2026 13:20,20.63754729,21.61831652,21.2529319,20.55677805,21.84523959,Out
22/03/2026 13:30,20.63754729,21.61831652,21.3529319,20.55677805,21.94523959,Out
22/03/2026 13:40,20.63754729,21.61831652,21.2529319,20.55677805,21.84523959,Out
22/03/2026 13:50,20.53754729,21.51831652,21.2529319,20.55677805,21.84523959,Out
22/03/2026 14:00,20.53754729,21.51831652,21.2529319,20.35677805,21.74523959,Out
22/03/2026 14:10,20.53754729,21.51831652,21.2529319,20.35677805,21.84523959,Out
22/03/2026 14:20,20.53754729,21.51831652,21.2529319,20.55677805,21.84523959,Out
22/03/2026 14:30,20.53754729,21.51831652,21.2529319,20.55677805,21.84523959,Out
22/03/2026 14:40,20.53754729,21.51831652,21.2529319,20.55677805,21.84523959,Out
22/03/2026 14:50,20.53754729,21.51831652,21.2529319,20.55677805,21.74523959,Out
22/03/2026 15:00,20.53754729,21.61831652,21.2529319,20.55677805,21.84523959,Out
22/03/2026 15:10,20.53754729,21.61831652,21.2529319,20.35677805,21.84523959,Out
22/03/2026 15:20,20.63754729,21.51831652,21.2529319,20.55677805,21.84523959,Out
22/03/2026 15:30,20.53754729,21.61831652,21.2529319,20.55677805,21.84523959,Out
22/03/2026 15:40,20.53754729,21.61831652,21.2529319,20.35677805,21.84523959,Out
22/03/2026 15:50,20.53754729,21.61831652,21.2529319,20.55677805,21.94523959,Out
22/03/2026 16:00,20.53754729,21.51831652,21.2529319,20.35677805,21.84523959,Out
22/03/2026 16:10,20.53754729,21.51831652,21.2529319,20.55677805,21.84523959,Out
22/03/2026 16:20,20.53754729,21.51831652,21.2529319,20.35677805,21.84523959,Out
22/03/2026 16:30,20.53754729,21.61831652,21.2529319,20.55677805,21.84523959,Out
22/03/2026 16:40,20.53754729,21.61831652,21.2529319,20.55677805,21.84523959,Out
22/03/2026 16:50,20.53754729,21.61831652,21.2529319,20.55677805,21.94523959,Out
22/03/2026 17:00,20.63754729,21.61831652,21.3529319,20.55677805,21.84523959,Out
22/03/2026 17:10,20.53754729,21.61831652,21.2529319,20.55677805,21.84523959,Out
22/03/2026 17:20,20.63754729,21.61831652,21.2529319,20.55677805,21.84523959,Out
22/03/2026 17:30,20.53754729,21.51831652,21.2529319,20.55677805,21.84523959,Out
22/03/2026 17:40,20.53754729,21.61831652,21.2529319,20.35677805,21.74523959,Out
22/03/2026 17:50,20.53754729,21.61831652,21.2529319,20.55677805,21.84523959,Out
22/03/2026 18:00,20.63754729,21.61831652,21.2529319,20.55677805,21.94523959,Out
22/03/2026 18:10,20.53754729,21.61831652,21.2529319,20.55677805,21.84523959,Out
22/03/2026 18:20,20.63754729,21.61831652,21.2529319,20.55677805,21.84523959,Out
22/03/2026 18:30,20.53754729,21.71831652,21.2529319,20.55677805,21.84523959,Out
22/03/2026 18:40,20.63754729,21.61831652,21.2529319,20.55677805,21.94523959,Out
22/03/2026 18:50,20.63754729,21.61831652,21.3529319,20.55677805,21.84523959,Out
22/03/2026 19:00,20.53754729,21.71831652,21.2529319,20.55677805,21.84523959,Out
22/03/2026 19:10,20.63754729,21.61831652,21.2529319,20.55677805,21.94523959,Out
22/03/2026 19:20,20.63754729,21.61831652,21.2529319,20.35677805,21.84523959,Out
22/03/2026 19:30,20.63754729,21.61831652,21.3529319,20.55677805,21.94523959,Out
22/03/2026 19:40,20.63754729,21.61831652,21.3529319,20.55677805,21.94523959,Out
22/03/2026 19:50,20.63754729,21.61831652,21.3529319,20.55677805,21.84523959,Out
22/03/2026 20:00,20.63754729,21.71831652,21.2529319,20.55677805,21.94523959,Out
22/03/2026 20:10,20.63754729,21.51831652,21.2529319,20.35677805,21.84523959,Out
22/03/2026 20:20,20.53754729,21.61831652,21.3529319,20.55677805,21.84523959,Out
22/03/2026 20:30,20.63754729,21.61831652,21.2529319,20.35677805,21.94523959,Out
22/03/2026 20:40,20.63754729,21.61831652,21.2529319,20.55677805,21.84523959,Out
22/03/2026 20:50,20.63754729,21.61831652,21.2529319,20.55677805,21.84523959,Out
22/03/2026 21:00,20.63754729,21.61831652,21.3529319,20.55677805,21.94523959,Out
22/03/2026 21:10,20.63754729,21.61831652,21.2529319,20.55677805,21.94523959,Out
22/03/2026 21:20,20.63754729,21.61831652,21.3529319,20.55677805,21.94523959,Out
22/03/2026 21:30,20.63754729,21.61831652,21.3529319,20.55677805,21.94523959,Out
22/03/2026 21:40,20.63754729,21.61831652,21.3529319,20.35677805,21.84523959,Out
22/03/2026 21:50,20.53754729,21.61831652,21.2529319,20.55677805,21.84523959,Out
22/03/2026 22:00,20.63754729,21.61831652,21.2529319,20.55677805,21.84523959,Out
22/03/2026 22:10,20.63754729,21.71831652,21.2529319,20.55677805,21.84523959,Out
22/03/2026 22:20,20.63754729,21.61831652,21.2529319,20.35677805,21.94523959,Out
22/03/2026 22:30,20.63754729,21.61831652,21.3529319,20.55677805,21.94523959,Out
22/03/2026 22:40,20.63754729,21.61831652,21.2529319,20.55677805,21.84523959,Out
22/03/2026 22:50,20.63754729,21.71831652,21.3529319,20.55677805,21.84523959,Out
22/03/2026 23:00,20.63754729,21.71831652,21.3529319,20.55677805,21.84523959,Out
22/03/2026 23:10,20.63754729,21.71831652,21.3529319,20.55677805,21.84523959,Out
22/03/2026 23:20,20.63754729,21.61831652,21.2529319,20.55677805,21.74523959,Out
22/03/2026 23:30,20.63754729,21.71831652,21.3529319,20.35677805,21.94523959,Out
22/03/2026 23:40,20.63754729,21.61831652,21.2529319,20.55677805,21.94523959,Out
22/03/2026 23:50,20.63754729,21.61831652,21.2529319,20.55677805,21.84523959,Out
23/03/2026 00:00,20.63754729,21.71831652,21.2529319,20.55677805,21.84523959,Out
23/03/2026 00:10,20.63754729,21.61831652,21.2529319,20.55677805,21.84523959,Out
23/03/2026 00:20,20.63754729,21.61831652,21.2529319,20.55677805,21.84523959,Out
23/03/2026 00:30,20.63754729,21.71831652,21.3529319,20.55677805,21.94523959,Out
23/03/2026 00:40,20.63754729,21.61831652,21.2529319,20.55677805,21.84523959,Out
23/03/2026 00:50,20.63754729,21.61831652,21.2529319,20.55677805,21.84523959,Out
23/03/2026 01:00,20.63754729,21.61831652,21.3529319,20.55677805,21.94523959,Out
23/03/2026 01:10,20.63754729,21.61831652,21.3529319,20.55677805,21.94523959,Out
23/03/2026 01:20,20.63754729,21.61831652,21.3529319,20.55677805,21.94523959,Out
23/03/2026 01:30,20.63754729,21.61831652,21.2529319,20.55677805,21.94523959,Out
23/03/2026 01:40,20.63754729,21.61831652,21.2529319,20.55677805,21.84523959,Out
23/03/2026 01:50,20.63754729,21.61831652,21.2529319,20.55677805,21.84523959,Out
23/03/2026 02:00,20.63754729,21.61831652,21.2529319,20.55677805,21.94523959,Out
23/03/2026 02:10,20.63754729,21.61831652,21.3529319,20.55677805,21.94523959,Out
23/03/2026 02:20,20.63754729,21.61831652,21.3529319,20.55677805,21.84523959,Out
23/03/2026 02:30,20.63754729,21.61831652,21.3529319,20.55677805,21.84523959,Out
23/03/2026 02:40,20.63754729,21.71831652,21.2529319,20.55677805,21.84523959,Out
23/03/2026 02:50,20.63754729,21.71831652,21.3529319,20.55677805,21.94523959,Out
23/03/2026 03:00,20.63754729,21.61831652,21.2529319,20.55677805,21.94523959,Out
23/03/2026 03:10,20.63754729,21.71831652,21.2529319,20.55677805,21.94523959,Out
23/03/2026 03:20,20.63754729,21.61831652,21.2529319,20.55677805,21.94523959,Out
23/03/2026 03:30,20.63754729,21.71831652,21.3529319,20.55677805,21.84523959,Out
23/03/2026 03:40,20.63754729,21.61831652,21.3529319,20.55677805,21.94523959,Out
23/03/2026 03:50,20.63754729,21.71831652,21.2529319,20.55677805,21.84523959,Out
23/03/2026 04:00,20.63754729,21.61831652,21.2529319,20.55677805,21.94523959,Out
23/03/2026 04:10,20.63754729,21.61831652,21.3529319,20.55677805,21.94523959,Out
23/03/2026 04:20,20.63754729,21.61831652,21.3529319,20.55677805,21.94523959,Out
23/03/2026 04:30,20.63754729,21.61831652,21.3529319,20.75677805,21.84523959,Out
23/03/2026 04:40,20.63754729,21.61831652,21.3529319,20.55677805,21.84523959,Out
23/03/2026 04:50,20.63754729,21.71831652,21.3529319,20.55677805,21.94523959,Out
23/03/2026 05:00,20.63754729,21.61831652,21.3529319,20.75677805,21.94523959,Out
23/03/2026 05:10,20.63754729,21.61831652,21.3529319,20.55677805,21.94523959,Out
23/03/2026 05:20,20.63754729,21.61831652,21.3529319,20.55677805,21.94523959,Out
23/03/2026 05:30,20.63754729,21.71831652,21.2529319,20.55677805,21.94523959,Out
23/03/2026 05:40,20.63754729,21.71831652,21.3529319,20.55677805,21.94523959,Out
23/03/2026 05:50,20.63754729,21.71831652,21.3529319,20.55677805,21.94523959,Out
23/03/2026 06:00,20.63754729,21.61831652,21.3529319,20.55677805,21.84523959,Out
23/03/2026 06:10,20.63754729,21.71831652,21.3529319,20.55677805,21.84523959,Out
23/03/2026 06:20,20.63754729,21.61831652,21.2529319,20.55677805,21.94523959,Out
23/03/2026 06:30,20.63754729,21.61831652,21.3529319,20.55677805,21.84523959,Out
23/03/2026 06:40,20.63754729,21.71831652,21.2529319,20.55677805,21.94523959,Out
23/03/2026 06:50,20.63754729,21.61831652,21.3529319,20.55677805,21.94523959,Out
23/03/2026 07:00,20.83754729,21.61831652,21.3529319,20.55677805,21.94523959,Out
23/03/2026 07:10,20.63754729,21.71831652,21.2529319,20.55677805,21.84523959,Out
23/03/2026 07:20,20.63754729,21.61831652,21.2529319,20.55677805,21.84523959,Out
23/03/2026 07:30,20.53754729,21.61831652,21.2529319,20.55677805,21.94523959,Out
23/03/2026 07:40,20.63754729,21.61831652,21.3529319,20.55677805,21.84523959,Out
23/03/2026 07:50,20.83754729,21.71831652,21.2529319,20.55677805,21.94523959,Out
23/03/2026 08:00,20.63754729,21.61831652,21.2529319,20.55677805,21.94523959,Out
23/03/2026 08:10,20.53754729,21.61831652,21.3529319,20.55677805,21.84523959,Out
23/03/2026 08:20,20.63754729,21.61831652,21.2529319,20.35677805,21.94523959,Out
23/03/2026 08:30,20.63754729,21.61831652,21.3529319,20.55677805,21.84523959,Out
23/03/2026 08:40,20.63754729,21.61831652,21.2529319,20.55677805,21.94523959,Out
23/03/2026 08:50,20.53754729,21.61831652,21.2529319,20.55677805,21.94523959,Out
23/03/2026 09:00,20.63754729,21.61831652,21.3529319,20.55677805,21.94523959,Out
23/03/2026 09:10,20.63754729,21.61831652,21.3529319,20.55677805,21.84523959,Out
23/03/2026 09:20,20.63754729,21.71831652,21.3529319,20.55677805,21.84523959,Out
23/03/2026 09:30,20.63754729,21.61831652,21.2529319,20.55677805,21.84523959,Out
23/03/2026 09:40,20.53754729,21.71831652,21.2529319,20.55677805,21.84523959,Out
23/03/2026 09:50,20.63754729,21.61831652,21.2529319,20.55677805,21.94523959,Out
23/03/2026 10:00,20.63754729,21.71831652,21.2529319,20.55677805,21.94523959,Out
23/03/2026 10:10,20.63754729,21.61831652,21.2529319,20.55677805,21.94523959,Out
23/03/2026 10:20,20.63754729,21.61831652,21.3529319,20.55677805,21.94523959,Out
23/03/2026 10:30,20.63754729,21.61831652,21.2529319,20.55677805,21.94523959,Out
23/03/2026 10:40,20.63754729,21.61831652,21.2529319,20.55677805,21.84523959,Out
23/03/2026 10:50,20.63754729,21.61831652,21.2529319,20.55677805,21.84523959,Out
23/03/2026 11:00,20.63754729,21.61831652,21.2529319,20.55677805,21.84523959,Out
23/03/2026 11:10,20.63754729,21.61831652,21.3529319,20.55677805,21.94523959,Out
23/03/2026 11:20,20.63754729,21.61831652,21.2529319,20.55677805,21.84523959,Out
23/03/2026 11:30,20.63754729,21.71831652,21.2529319,20.55677805,21.94523959,Out
23/03/2026 11:40,20.63754729,21.61831652,21.2529319,20.55677805,21.84523959,Out
23/03/2026 11:50,20.63754729,21.61831652,21.3529319,20.35677805,21.84523959,Out
23/03/2026 12:00,20.53754729,21.61831652,21.3529319,20.55677805,21.84523959,Out
23/03/2026 12:10,20.63754729,21.61831652,21.2529319,20.55677805,21.84523959,Out
23/03/2026 12:20,20.63754729,21.61831652,21.2529319,20.55677805,21.84523959,Out
23/03/2026 12:30,20.63754729,21.61831652,21.2529319,20.55677805,21.74523959,Out
23/03/2026 12:40,20.63754729,21.51831652,21.3529319,20.35677805,21.84523959,Out
23/03/2026 12:50,20.63754729,21.61831652,21.3529319,20.55677805,21.84523959,Out
23/03/2026 13:00,20.63754729,21.61831652,21.2529319,20.55677805,21.84523959,Out
23/03/2026 13:10,20.63754729,21.61831652,21.2529319,20.55677805,21.94523959,Out
23/03/2026 13:20,20.63754729,21.61831652,21.2529319,20.55677805,21.84523959,Out
23/03/2026 13:30,20.63754729,21.61831652,21.2529319,20.55677805,21.84523959,Out
23/03/2026 13:40,20.63754729,21.61831652,21.2529319,20.55677805,21.84523959,Out
23/03/2026 13:50,20.53754729,21.61831652,21.2529319,20.55677805,21.84523959,Out
23/03/2026 14:00,20.63754729,21.61831652,21.2529319,20.55677805,21.84523959,Out
23/03/2026 14:10,20.63754729,21.61831652,21.3529319,20.55677805,21.84523959,Out
23/03/2026 14:20,20.53754729,21.61831652,21.2529319,20.55677805,21.84523959,Out
23/03/2026 14:30,20.63754729,21.61831652,21.2529319,20.55677805,21.84523959,Out
23/03/2026 14:40,20.53754729,21.61831652,21.3529319,20.35677805,21.84523959,Out
23/03/2026 14:50,20.63754729,21.61831652,21.3529319,20.35677805,21.84523959,Out
23/03/2026 15:00,20.53754729,21.61831652,21.2529319,20.55677805,21.74523959,Out
23/03/2026 15:10,20.53754729,21.61831652,21.3529319,20.55677805,21.94523959,Out
23/03/2026 15:20,20.63754729,21.61831652,21.2529319,20.55677805,21.94523959,Out
23/03/2026 15:30,20.63754729,21.61831652,21.2529319,20.55677805,21.94523959,Out
23/03/2026 15:40,20.53754729,21.51831652,21.2529319,20.55677805,21.84523959,Out
23/03/2026 15:50,20.63754729,21.61831652,21.2529319,20.55677805,21.84523959,Out
23/03/2026 16:00,20.63754729,21.61831652,21.2529319,20.55677805,21.84523959,Out
23/03/2026 16:10,20.63754729,21.61831652,21.2529319,20.55677805,21.84523959,Out
23/03/2026 16:20,20.53754729,21.61831652,21.2529319,20.55677805,21.94523959,Out
23/03/2026 16:30,20.63754729,21.61831652,21.2529319,20.35677805,21.84523959,Out
23/03/2026 16:40,20.53754729,21.51831652,21.2529319,20.55677805,21.84523959,Out
23/03/2026 16:50,20.63754729,21.61831652,21.2529319,20.55677805,21.84523959,Out
23/03/2026 17:00,20.63754729,21.61831652,21.2529319,20.55677805,21.94523959,Out
23/03/2026 17:10,20.63754729,21.61831652,21.2529319,20.55677805,21.94523959,Out
23/03/2026 17:20,20.63754729,21.61831652,21.2529319,20.55677805,21.84523959,Out
23/03/2026 17:30,20.63754729,21.61831652,21.3529319,20.55677805,21.84523959,Out
23/03/2026 17:40,20.53754729,21.61831652,21.2529319,20.55677805,21.84523959,Out
23/03/2026 17:50,20.63754729,21.61831652,21.2529319,20.55677805,21.94523959,Out
23/03/2026 18:00,20.63754729,21.61831652,21.3529319,20.55677805,21.94523959,Out
23/03/2026 18:10,20.63754729,21.61831652,21.2529319,20.55677805,21.94523959,Out
23/03/2026 18:20,20.63754729,21.61831652,21.3529319,20.55677805,21.94523959,Out
23/03/2026 18:30,20.63754729,21.61831652,21.3529319,20.55677805,21.84523959,Out
23/03/2026 18:40,20.63754729,21.61831652,21.3529319,20.35677805,21.94523959,Out
23/03/2026 18:50,20.63754729,21.61831652,21.3529319,20.55677805,21.84523959,Out
23/03/2026 19:00,20.63754729,21.61831652,21.2529319,20.55677805,21.84523959,Out
23/03/2026 19:10,20.63754729,21.61831652,21.2529319,20.55677805,21.94523959,Out
23/03/2026 19:20,20.63754729,21.61831652,21.2529319,20.55677805,21.84523959,Out
23/03/2026 19:30,20.63754729,21.71831652,21.2529319,20.55677805,21.94523959,Out
23/03/2026 19:40,20.53754729,21.61831652,21.2529319,20.55677805,21.94523959,Out
23/03/2026 19:50,20.63754729,21.61831652,21.2529319,20.55677805,21.94523959,Out
23/03/2026 20:00,20.53754729,21.61831652,21.2529319,20.55677805,21.94523959,Out
23/03/2026 20:10,20.53754729,21.61831652,21.2529319,20.55677805,21.84523959,Out
23/03/2026 20:20,20.63754729,21.61831652,21.2529319,20.55677805,21.84523959,Out
23/03/2026 20:30,20.63754729,21.61831652,21.3529319,20.55677805,21.94523959,Out
23/03/2026 20:40,20.53754729,21.61831652,21.3529319,20.55677805,21.84523959,Out
23/03/2026 20:50,20.63754729,21.61831652,21.3529319,20.55677805,21.94523959,Out
23/03/2026 21:00,20.63754729,21.71831652,21.3529319,20.55677805,21.84523959,Out
23/03/2026 21:10,20.53754729,21.61831652,21.2529319,20.55677805,21.94523959,Out
23/03/2026 21:20,20.63754729,21.61831652,21.3529319,20.55677805,21.84523959,Out
23/03/2026 21:30,20.63754729,21.61831652,21.3529319,20.55677805,21.84523959,Out
23/03/2026 21:40,20.63754729,21.71831652,21.3529319,20.55677805,21.84523959,Out
23/03/2026 21:50,20.53754729,21.61831652,21.3529319,20.55677805,21.84523959,Out
23/03/2026 22:00,20.63754729,21.61831652,21.2529319,20.55677805,21.84523959,Out
23/03/2026 22:10,20.63754729,21.61831652,21.2529319,20.55677805,21.94523959,Out
23/03/2026 22:20,20.63754729,21.61831652,21.3529319,20.55677805,21.84523959,Out
23/03/2026 22:30,20.63754729,21.61831652,21.3529319,20.55677805,21.84523959,Out
23/03/2026 22:40,20.63754729,21.61831652,21.3529319,20.55677805,21.94523959,Out
23/03/2026 22:50,20.63754729,21.61831652,21.2529319,20.55677805,21.84523959,Out
23/03/2026 23:00,20.63754729,21.61831652,21.3529319,20.55677805,21.84523959,Out
23/03/2026 23:10,20.53754729,21.61831652,21.3529319,20.55677805,21.94523959,Out
23/03/2026 23:20,20.63754729,21.61831652,21.2529319,20.55677805,21.84523959,Out
23/03/2026 23:30,20.53754729,21.71831652,21.2529319,20.55677805,21.84523959,Out
23/03/2026 23:40,20.63754729,21.61831652,21.3529319,20.55677805,21.94523959,Out
23/03/2026 23:50,20.63754729,21.61831652,21.2529319,20.55677805,21.84523959,Out
24/03/2026 00:00,20.63754729,21.61831652,21.2529319,20.55677805,21.84523959,Out
24/03/2026 00:10,20.63754729,21.61831652,21.3529319,20.55677805,21.84523959,Out
24/03/2026 00:20,20.63754729,21.61831652,21.2529319,20.55677805,21.84523959,Out
24/03/2026 00:30,20.63754729,21.61831652,21.2529319,20.55677805,21.84523959,Out
24/03/2026 00:40,20.63754729,21.61831652,21.2529319,20.55677805,21.94523959,Out
24/03/2026 00:50,20.63754729,21.71831652,21.2529319,20.55677805,21.84523959,Out
24/03/2026 01:00,20.63754729,21.61831652,21.3529319,20.55677805,21.84523959,Out
24/03/2026 01:10,20.63754729,21.61831652,21.3529319,20.55677805,21.84523959,Out
24/03/2026 01:20,20.63754729,21.61831652,21.3529319,20.55677805,21.84523959,Out
24/03/2026 01:30,20.63754729,21.71831652,21.2529319,20.55677805,21.84523959,Out
24/03/2026 01:40,20.53754729,21.61831652,21.2529319,20.55677805,21.84523959,Out
24/03/2026 01:50,20.63754729,21.61831652,21.2529319,20.55677805,21.84523959,Out
24/03/2026 02:00,20.63754729,21.61831652,21.3529319,20.55677805,21.84523959,Out
24/03/2026 02:10,20.63754729,21.61831652,21.2529319,20.55677805,21.84523959,Out
24/03/2026 02:20,20.53754729,21.61831652,21.2529319,20.55677805,21.74523959,Out
24/03/2026 02:30,20.63754729,21.61831652,21.3529319,20.55677805,21.84523959,Out
24/03/2026 02:40,20.53754729,21.61831652,21.2529319,20.55677805,21.84523959,Out
24/03/2026 02:50,20.53754729,21.61831652,21.2529319,20.35677805,21.84523959,Out
24/03/2026 03:00,20.53754729,21.61831652,21.2529319,20.55677805,21.94523959,Out
24/03/2026 03:10,20.63754729,21.61831652,21.3529319,20.55677805,21.84523959,Out
24/03/2026 03:20,20.63754729,21.61831652,21.2529319,20.55677805,21.84523959,Out
24/03/2026 03:30,20.63754729,21.61831652,21.3529319,20.55677805,21.84523959,Out
24/03/2026 03:40,20.63754729,21.61831652,21.2529319,20.35677805,21.84523959,Out
24/03/2026 03:50,20.53754729,21.61831652,21.2529319,20.55677805,21.84523959,Out
24/03/2026 04:00,20.63754729,21.61831652,21.2529319,20.55677805,21.84523959,Out
24/03/2026 04:10,20.63754729,21.61831652,21.2529319,20.55677805,21.84523959,Out
24/03/2026 04:20,20.53754729,21.61831652,21.2529319,20.55677805,21.84523959,Out
24/03/2026 04:30,20.53754729,21.61831652,21.2529319,20.55677805,21.84523959,Out
24/03/2026 04:40,20.63754729,21.51831652,21.2529319,20.55677805,21.84523959,Out
24/03/2026 04:50,20.53754729,21.61831652,21.2529319,20.55677805,21.84523959,Out
24/03/2026 05:00,20.63754729,21.51831652,21.2529319,20.55677805,21.84523959,Out
24/03/2026 05:10,20.53754729,21.61831652,21.2529319,20.55677805,21.84523959,Out
24/03/2026 05:20,20.53754729,21.61831652,21.2529319,20.35677805,21.84523959,Out
24/03/2026 05:30,20.63754729,21.71831652,21.2529319,20.55677805,21.84523959,Out
24/03/2026 05:40,20.63754729,21.61831652,21.2529319,20.55677805,21.84523959,Out
24/03/2026 05:50,20.63754729,21.71831652,21.2529319,20.55677805,21.84523959,Out
24/03/2026 06:00,20.53754729,21.61831652,21.3529319,20.35677805,21.84523959,Out
24/03/2026 06:10,20.63754729,21.61831652,21.2529319,20.55677805,21.84523959,Out
24/03/2026 06:20,20.53754729,21.51831652,21.2529319,20.55677805,21.84523959,Out
24/03/2026 06:30,20.53754729,21.61831652,21.2529319,20.55677805,21.84523959,Out
24/03/2026 06:40,20.53754729,21.61831652,21.2529319,20.55677805,21.84523959,Out
24/03/2026 06:50,20.63754729,21.71831652,21.2529319,20.55677805,21.84523959,Out
24/03/2026 07:00,20.63754729,21.61831652,21.2529319,20.55677805,21.84523959,Out
24/03/2026 07:10,20.53754729,21.61831652,21.3529319,20.55677805,21.84523959,Out
24/03/2026 07:20,20.53754729,21.61831652,21.2529319,20.55677805,21.84523959,Out
24/03/2026 07:30,20.63754729,21.61831652,21.3529319,20.55677805,21.84523959,Out
24/03/2026 07:40,20.63754729,21.61831652,21.2529319,20.55677805,21.84523959,Out
24/03/2026 07:50,20.53754729,21.51831652,21.2529319,20.55677805,21.94523959,Out
24/03/2026 08:00,20.53754729,21.61831652,21.2529319,20.35677805,21.84523959,Out
24/03/2026 08:10,20.53754729,21.51831652,21.2529319,20.55677805,21.84523959,Out
24/03/2026 08:20,20.63754729,21.61831652,21.3529319,20.55677805,21.84523959,Out
24/03/2026 08:30,20.63754729,21.61831652,21.2529319,20.55677805,21.84523959,Out
24/03/2026 08:40,20.53754729,21.61831652,21.2529319,20.55677805,21.84523959,Out
24/03/2026 08:50,20.63754729,21.51831652,21.3529319,20.35677805,21.84523959,Out
24/03/2026 09:00,20.53754729,21.51831652,21.2529319,20.55677805,21.84523959,Out
24/03/2026 09:10,20.63754729,21.61831652,21.2529319,20.55677805,21.84523959,Out
24/03/2026 09:20,20.63754729,21.61831652,21.2529319,20.55677805,21.94523959,Out
24/03/2026 09:30,20.53754729,21.51831652,21.2529319,20.35677805,21.84523959,Out
24/03/2026 09:40,20.53754729,21.61831652,21.2529319,20.55677805,21.84523959,Out
24/03/2026 09:50,20.53754729,21.61831652,21.2529319,20.35677805,21.84523959,Out
24/03/2026 10:00,20.53754729,21.61831652,21.2529319,20.55677805,21.84523959,Out
24/03/2026 10:10,20.53754729,21.61831652,21.2529319,20.35677805,21.84523959,Out
24/03/2026 10:20,20.53754729,21.51831652,21.2529319,20.55677805,21.84523959,Out
24/03/2026 10:30,20.53754729,21.61831652,21.2529319,20.35677805,21.84523959,Out
24/03/2026 10:40,20.53754729,21.51831652,21.2529319,20.55677805,21.74523959,Out
24/03/2026 10:50,20.63754729,21.51831652,21.2529319,20.55677805,21.94523959,Out
24/03/2026 11:00,20.53754729,21.61831652,21.2529319,20.35677805,21.84523959,Out
24/03/2026 11:10,20.53754729,21.61831652,21.2529319,20.35677805,21.94523959,Out
24/03/2026 11:20,20.53754729,21.51831652,21.2529319,20.35677805,21.84523959,Out
24/03/2026 11:30,20.63754729,21.61831652,21.2529319,20.35677805,21.84523959,Out
24/03/2026 11:40,20.63754729,21.61831652,21.2529319,20.35677805,21.84523959,Out
24/03/2026 11:50,20.53754729,21.51831652,21.2529319,20.35677805,21.84523959,Out
24/03/2026 12:00,20.53754729,21.61831652,21.2529319,20.35677805,21.84523959,Out
24/03/2026 12:10,20.53754729,21.61831652,21.2529319,20.35677805,21.94523959,Out
24/03/2026 12:20,20.53754729,21.61831652,21.2529319,20.55677805,21.74523959,Out
24/03/2026 12:30,20.53754729,21.51831652,21.2529319,20.35677805,21.84523959,Out
24/03/2026 12:40,20.53754729,21.61831652,21.2529319,20.35677805,21.74523959,Out
24/03/2026 12:50,20.53754729,21.51831652,21.2529319,20.55677805,21.84523959,Out
24/03/2026 13:00,20.53754729,21.61831652,21.0529319,20.35677805,21.84523959,Out
24/03/2026 13:10,20.53754729,21.51831652,21.2529319,20.55677805,21.84523959,Out
24/03/2026 13:20,20.53754729,21.51831652,21.2529319,20.35677805,21.84523959,Out
24/03/2026 13:30,20.53754729,21.51831652,21.2529319,20.35677805,21.84523959,Out
24/03/2026 13:40,20.53754729,21.51831652,21.2529319,20.35677805,21.84523959,Out
24/03/2026 13:50,20.53754729,21.51831652,21.2529319,20.55677805,21.84523959,Out
24/03/2026 14:00,20.53754729,21.51831652,21.0529319,20.35677805,21.74523959,Out
24/03/2026 14:10,20.53754729,21.51831652,21.2529319,20.35677805,21.84523959,Out
24/03/2026 14:20,20.53754729,21.61831652,21.2529319,20.35677805,21.84523959,Out
24/03/2026 14:30,20.53754729,21.51831652,21.2529319,20.35677805,21.84523959,Out
24/03/2026 14:40,20.53754729,21.51831652,21.2529319,20.35677805,21.84523959,Out
24/03/2026 14:50,20.53754729,21.51831652,21.2529319,20.35677805,21.84523959,Out
24/03/2026 15:00,20.53754729,21.51831652,21.2529319,20.35677805,21.84523959,Out
24/03/2026 15:10,20.53754729,21.51831652,21.2529319,20.35677805,21.84523959,Out
24/03/2026 15:20,20.53754729,21.61831652,21.2529319,20.35677805,21.84523959,Out
24/03/2026 15:30,20.53754729,21.61831652,21.3529319,20.55677805,21.84523959,Out
24/03/2026 15:40,20.53754729,21.51831652,21.2529319,20.35677805,21.84523959,Out
24/03/2026 15:50,20.53754729,21.51831652,21.2529319,20.35677805,21.84523959,Out
24/03/2026 16:00,20.53754729,21.51831652,21.2529319,20.55677805,21.84523959,Out
24/03/2026 16:10,20.53754729,21.61831652,21.2529319,20.55677805,21.84523959,Out
24/03/2026 16:20,20.53754729,21.51831652,21.2529319,20.55677805,21.84523959,Out
24/03/2026 16:30,20.53754729,21.61831652,21.2529319,20.35677805,21.84523959,Out
24/03/2026 16:40,20.53754729,21.51831652,21.2529319,20.35677805,21.94523959,Out
24/03/2026 16:50,20.53754729,21.61831652,21.2529319,20.35677805,21.84523959,Out
24/03/2026 17:00,20.53754729,21.51831652,21.2529319,20.35677805,21.84523959,Out
24/03/2026 17:10,20.53754729,21.61831652,21.2529319,20.55677805,21.84523959,Out
24/03/2026 17:20,20.53754729,21.61831652,21.2529319,20.55677805,21.84523959,Out
24/03/2026 17:30,20.53754729,21.61831652,21.2529319,20.35677805,21.84523959,Out
24/03/2026 17:40,20.63754729,21.51831652,21.3529319,20.35677805,21.84523959,Out
24/03/2026 17:50,20.53754729,21.51831652,21.2529319,20.55677805,21.74523959,Out
24/03/2026 18:00,20.53754729,21.51831652,21.2529319,20.35677805,21.84523959,Out
24/03/2026 18:10,20.53754729,21.61831652,21.2529319,20.35677805,21.84523959,Out
24/03/2026 18:20,20.63754729,21.61831652,21.2529319,20.55677805,21.84523959,Out
24/03/2026 18:30,20.53754729,21.61831652,21.2529319,20.55677805,21.84523959,Out
24/03/2026 18:40,20.53754729,21.61831652,21.2529319,20.35677805,21.84523959,Out
24/03/2026 18:50,20.63754729,21.61831652,21.2529319,20.55677805,21.84523959,Out
24/03/2026 19:00,20.53754729,21.51831652,21.2529319,20.55677805,21.84523959,Out
24/03/2026 19:10,20.63754729,21.61831652,21.2529319,20.35677805,21.84523959,Out
24/03/2026 19:20,20.53754729,21.61831652,21.2529319,20.55677805,21.84523959,Out
24/03/2026 19:30,20.53754729,21.61831652,21.2529319,20.55677805,21.84523959,Out
24/03/2026 19:40,20.53754729,21.61831652,21.2529319,20.55677805,21.84523959,Out
24/03/2026 19:50,20.53754729,21.61831652,21.2529319,20.35677805,21.84523959,Out
24/03/2026 20:00,20.53754729,21.61831652,21.2529319,20.55677805,21.84523959,Out
24/03/2026 20:10,20.63754729,21.61831652,21.2529319,20.35677805,21.84523959,Out
24/03/2026 20:20,20.63754729,21.61831652,21.2529319,20.55677805,21.84523959,Out
24/03/2026 20:30,20.63754729,21.61831652,21.2529319,20.35677805,21.74523959,Out
24/03/2026 20:40,20.63754729,21.61831652,21.3529319,20.55677805,21.84523959,Out
24/03/2026 20:50,20.63754729,21.61831652,21.2529319,20.55677805,21.74523959,Out
24/03/2026 21:00,20.53754729,21.61831652,21.2529319,20.55677805,21.74523959,Out
24/03/2026 21:10,20.63754729,21.61831652,21.2529319,20.55677805,21.84523959,Out
24/03/2026 21:20,20.53754729,21.61831652,21.2529319,20.55677805,21.84523959,Out
24/03/2026 21:30,20.53754729,21.51831652,21.2529319,20.55677805,21.84523959,Out
24/03/2026 21:40,20.63754729,21.61831652,21.2529319,20.35677805,21.84523959,Out
24/03/2026 21:50,20.53754729,21.51831652,21.2529319,20.35677805,21.84523959,Out
24/03/2026 22:00,20.53754729,21.61831652,21.2529319,20.55677805,21.84523959,Out
24/03/2026 22:10,20.53754729,21.61831652,21.2529319,20.55677805,21.94523959,Out
24/03/2026 22:20,20.53754729,21.61831652,21.2529319,20.55677805,21.84523959,Out
24/03/2026 22:30,20.53754729,21.61831652,21.2529319,20.55677805,21.84523959,Out
24/03/2026 22:40,20.63754729,21.51831652,21.2529319,20.55677805,21.84523959,Out
24/03/2026 22:50,20.53754729,21.61831652,21.2529319,20.55677805,21.84523959,Out
24/03/2026 23:00,20.63754729,21.61831652,21.2529319,20.35677805,21.84523959,Out
24/03/2026 23:10,20.53754729,21.61831652,21.2529319,20.55677805,21.84523959,Out
24/03/2026 23:20,20.53754729,21.51831652,21.2529319,20.55677805,21.84523959,Out
24/03/2026 23:30,20.53754729,21.61831652,21.3529319,20.35677805,21.94523959,Out
24/03/2026 23:40,20.63754729,21.61831652,21.2529319,20.55677805,21.74523959,Out
24/03/2026 23:50,20.53754729,21.61831652,21.2529319,20.55677805,21.74523959,Out
25/03/2026 00:00,20.63754729,21.51831652,21.3529319,20.55677805,21.84523959,Out
25/03/2026 00:10,20.63754729,21.61831652,21.2529319,20.55677805,21.84523959,Out
25/03/2026 00:20,20.63754729,21.61831652,21.2529319,20.35677805,21.84523959,Out
25/03/2026 00:30,20.53754729,21.61831652,21.3529319,20.55677805,21.94523959,Out
25/03/2026 00:40,20.53754729,21.61831652,21.2529319,20.55677805,21.84523959,Out
25/03/2026 00:50,20.63754729,21.61831652,21.2529319,20.35677805,21.84523959,Out
25/03/2026 01:00,20.53754729,21.61831652,21.2529319,20.55677805,21.84523959,Out
25/03/2026 01:10,20.53754729,21.61831652,21.2529319,20.55677805,21.84523959,Out
25/03/2026 01:20,20.53754729,21.61831652,21.2529319,20.35677805,21.74523959,Out
25/03/2026 01:30,20.53754729,21.71831652,21.2529319,20.35677805,21.84523959,Out
25/03/2026 01:40,20.53754729,21.51831652,21.2529319,20.55677805,21.84523959,Out
25/03/2026 01:50,20.53754729,21.61831652,21.2529319,20.55677805,21.84523959,Out
25/03/2026 02:00,20.53754729,21.61831652,21.2529319,20.55677805,21.84523959,Out
25/03/2026 02:10,20.63754729,21.61831652,21.2529319,20.55677805,21.84523959,Out
25/03/2026 02:20,20.63754729,21.61831652,21.2529319,20.35677805,21.84523959,Out
25/03/2026 02:30,20.63754729,21.61831652,21.2529319,20.55677805,21.74523959,Out
25/03/2026 02:40,20.53754729,21.61831652,21.2529319,20.55677805,21.84523959,Out
25/03/2026 02:50,20.53754729,21.51831652,21.2529319,20.55677805,21.84523959,Out
25/03/2026 03:00,20.53754729,21.61831652,21.2529319,20.35677805,21.84523959,Out
25/03/2026 03:10,20.53754729,21.61831652,21.3529319,20.55677805,21.84523959,Out
25/03/2026 03:20,20.63754729,21.61831652,21.2529319,20.35677805,21.84523959,Out
25/03/2026 03:30,20.53754729,21.61831652,21.2529319,20.55677805,21.84523959,Out
25/03/2026 03:40,20.63754729,21.61831652,21.2529319,20.35677805,21.74523959,Out
25/03/2026 03:50,20.53754729,21.61831652,21.2529319,20.55677805,21.84523959,Out
25/03/2026 04:00,20.53754729,21.51831652,21.2529319,20.35677805,21.74523959,Out
25/03/2026 04:10,20.53754729,21.51831652,21.2529319,20.35677805,21.84523959,Out
25/03/2026 04:20,20.53754729,21.61831652,21.2529319,20.55677805,21.84523959,Out
25/03/2026 04:30,20.53754729,21.61831652,21.2529319,20.55677805,21.84523959,Out
25/03/2026 04:40,20.63754729,21.61831652,21.2529319,20.55677805,21.84523959,Out
25/03/2026 04:50,20.63754729,21.51831652,21.2529319,20.35677805,21.74523959,Out
25/03/2026 05:00,20.63754729,21.51831652,21.2529319,20.35677805,21.84523959,Out
25/03/2026 05:10,20.63754729,21.61831652,21.2529319,20.55677805,21.84523959,Out
25/03/2026 05:20,20.63754729,21.61831652,21.2529319,20.35677805,21.84523959,Out
25/03/2026 05:30,20.53754729,21.61831652,21.2529319,20.55677805,21.84523959,Out
25/03/2026 05:40,20.53754729,21.61831652,21.2529319,20.55677805,21.84523959,Out
25/03/2026 05:50,20.53754729,21.51831652,21.2529319,20.35677805,21.84523959,Out
25/03/2026 06:00,20.53754729,21.61831652,21.2529319,20.35677805,21.84523959,Out
25/03/2026 06:10,20.53754729,21.61831652,21.2529319,20.35677805,21.84523959,Out
25/03/2026 06:20,20.53754729,21.51831652,21.2529319,20.55677805,21.84523959,Out
25/03/2026 06:30,20.53754729,21.61831652,21.2529319,20.55677805,21.84523959,Out
25/03/2026 06:40,20.53754729,21.51831652,21.2529319,20.35677805,21.84523959,Out
25/03/2026 06:50,20.53754729,21.61831652,21.2529319,20.35677805,21.84523959,Out
25/03/2026 07:00,20.53754729,21.61831652,21.2529319,20.35677805,21.84523959,Out
25/03/2026 07:10,20.53754729,21.61831652,21.2529319,20.35677805,21.84523959,Out
25/03/2026 07:20,20.53754729,21.61831652,21.2529319,20.55677805,21.84523959,Out
25/03/2026 07:30,20.53754729,21.61831652,21.2529319,20.55677805,21.84523959,Out
25/03/2026 07:40,20.53754729,21.61831652,21.2529319,20.55677805,21.84523959,Out
25/03/2026 07:50,20.63754729,21.61831652,21.2529319,20.35677805,21.84523959,Out
25/03/2026 08:00,20.53754729,21.51831652,21.2529319,20.55677805,21.84523959,Out
25/03/2026 08:10,20.53754729,21.51831652,21.3529319,20.35677805,21.84523959,Out
25/03/2026 08:20,20.63754729,21.61831652,21.2529319,20.55677805,21.84523959,Out
25/03/2026 08:30,20.53754729,21.61831652,21.2529319,20.55677805,21.84523959,Out
25/03/2026 08:40,20.53754729,21.51831652,21.2529319,20.35677805,21.84523959,Out
25/03/2026 08:50,20.53754729,21.61831652,21.2529319,20.35677805,21.74523959,Out
25/03/2026 09:00,20.53754729,21.61831652,21.2529319,20.35677805,21.74523959,Out
25/03/2026 09:10,20.53754729,21.61831652,21.2529319,20.55677805,21.84523959,Out
25/03/2026 09:20,20.53754729,21.51831652,21.0529319,20.55677805,21.84523959,Out
25/03/2026 09:30,20.53754729,21.51831652,21.2529319,20.35677805,21.84523959,Out
25/03/2026 09:40,20.53754729,21.51831652,21.2529319,20.35677805,21.84523959,Out
25/03/2026 09:50,20.53754729,21.51831652,21.2529319,20.35677805,21.74523959,Out
25/03/2026 10:00,20.53754729,21.61831652,21.2529319,20.35677805,21.84523959,Out
25/03/2026 10:10,20.53754729,21.51831652,21.2529319,20.35677805,21.74523959,Out
25/03/2026 10:20,20.53754729,21.51831652,21.2529319,20.35677805,21.84523959,Out
25/03/2026 10:30,20.53754729,21.51831652,21.2529319,20.35677805,21.84523959,Out
25/03/2026 10:40,20.53754729,21.51831652,21.2529319,20.35677805,21.84523959,Out
25/03/2026 10:50,20.53754729,21.51831652,21.2529319,20.35677805,21.74523959,Out
25/03/2026 11:00,20.53754729,21.51831652,21.2529319,20.35677805,21.84523959,Out
25/03/2026 11:10,20.53754729,21.51831652,21.2529319,20.35677805,21.84523959,Out
25/03/2026 11:20,20.53754729,21.51831652,21.2529319,20.35677805,21.74523959,Out
25/03/2026 11:30,20.53754729,21.51831652,21.2529319,20.35677805,21.74523959,Out
25/03/2026 11:40,20.53754729,21.51831652,21.0529319,20.35677805,21.84523959,Out
25/03/2026 11:50,20.53754729,21.51831652,21.0529319,20.35677805,21.84523959,Out
25/03/2026 12:00,20.53754729,21.51831652,21.2529319,20.35677805,21.84523959,Out
25/03/2026 12:10,20.53754729,21.51831652,21.2529319,20.35677805,21.84523959,Out
25/03/2026 12:20,20.33754729,21.51831652,21.0529319,20.35677805,21.84523959,Out
25/03/2026 12:30,20.53754729,21.51831652,21.2529319,20.35677805,21.84523959,Out
25/03/2026 12:40,20.33754729,21.51831652,21.0529319,20.35677805,21.84523959,Out
25/03/2026 12:50,20.53754729,21.51831652,21.2529319,20.35677805,21.84523959,Out
25/03/2026 13:00,20.33754729,21.51831652,21.2529319,20.35677805,21.84523959,Out
25/03/2026 13:10,20.53754729,21.31831652,21.0529319,20.35677805,21.84523959,Out
25/03/2026 13:20,20.33754729,21.31831652,21.0529319,20.35677805,21.74523959,Out
25/03/2026 13:30,20.33754729,21.51831652,21.2529319,20.35677805,21.84523959,Out
25/03/2026 13:40,20.33754729,21.51831652,21.0529319,20.35677805,21.74523959,Out
25/03/2026 13:50,20.53754729,21.51831652,21.2529319,20.35677805,21.84523959,Out
25/03/2026 14:00,20.53754729,21.51831652,21.2529319,20.35677805,21.84523959,Out
25/03/2026 14:10,20.33754729,21.31831652,21.0529319,20.35677805,21.84523959,Out
25/03/2026 14:20,20.53754729,21.51831652,21.0529319,20.35677805,21.84523959,Out
25/03/2026 14:30,20.53754729,21.31831652,21.2529319,20.35677805,21.84523959,Out
25/03/2026 14:40,20.53754729,21.51831652,21.2529319,20.35677805,21.84523959,Out
25/03/2026 14:50,20.53754729,21.51831652,21.0529319,20.55677805,21.94523959,Out
25/03/2026 15:00,20.33754729,21.51831652,21.0529319,20.35677805,21.84523959,Out
25/03/2026 15:10,20.53754729,21.51831652,21.2529319,20.35677805,21.84523959,Out
25/03/2026 15:20,20.53754729,21.51831652,21.0529319,20.35677805,21.84523959,Out
25/03/2026 15:30,20.33754729,21.51831652,21.2529319,20.35677805,21.74523959,Out
25/03/2026 15:40,20.33754729,21.51831652,21.2529319,20.35677805,21.84523959,Out
25/03/2026 15:50,20.53754729,21.51831652,21.0529319,20.35677805,21.84523959,Out
25/03/2026 16:00,20.33754729,21.51831652,21.2529319,20.35677805,21.74523959,Out
25/03/2026 16:10,20.53754729,21.51831652,21.2529319,20.35677805,21.74523959,Out
25/03/2026 16:20,20.53754729,21.51831652,21.2529319,20.35677805,21.84523959,Out
25/03/2026 16:30,20.53754729,21.51831652,21.2529319,20.35677805,21.84523959,Out
25/03/2026 16:40,20.53754729,21.51831652,21.2529319,20.35677805,21.74523959,Out
25/03/2026 16:50,20.53754729,21.51831652,21.2529319,20.55677805,21.74523959,Out
25/03/2026 17:00,20.53754729,21.51831652,21.2529319,20.35677805,21.84523959,Out
25/03/2026 17:10,20.53754729,21.51831652,21.2529319,20.35677805,21.84523959,Out
25/03/2026 17:20,20.53754729,21.51831652,21.2529319,20.35677805,21.84523959,Out
25/03/2026 17:30,20.53754729,21.51831652,21.2529319,20.35677805,21.84523959,Out
25/03/2026 17:40,20.53754729,21.51831652,21.2529319,20.35677805,21.84523959,Out
25/03/2026 17:50,20.53754729,21.61831652,21.2529319,20.35677805,21.84523959,Out
25/03/2026 18:00,20.53754729,21.61831652,21.2529319,20.35677805,21.84523959,Out
25/03/2026 18:10,20.53754729,21.51831652,21.0529319,20.35677805,21.84523959,Out
25/03/2026 18:20,20.53754729,21.51831652,21.2529319,20.35677805,21.84523959,Out
25/03/2026 18:30,20.53754729,21.51831652,21.2529319,20.35677805,21.84523959,Out
25/03/2026 18:40,20.53754729,21.61831652,21.0529319,20.35677805,21.84523959,Out
25/03/2026 18:50,20.53754729,21.51831652,21.2529319,20.35677805,21.84523959,Out
25/03/2026 19:00,20.53754729,21.51831652,21.2529319,20.35677805,21.84523959,Out
25/03/2026 19:10,20.53754729,21.51831652,21.2529319,20.35677805,21.84523959,Out
25/03/2026 19:20,20.53754729,21.51831652,21.2529319,20.35677805,21.74523959,Out
25/03/2026 19:30,20.53754729,21.51831652,21.2529319,20.35677805,21.74523959,Out
25/03/2026 19:40,20.53754729,21.51831652,21.2529319,20.55677805,21.84523959,Out
25/03/2026 19:50,20.53754729,21.51831652,21.2529319,20.35677805,21.84523959,Out
25/03/2026 20:00,20.53754729,21.61831652,21.2529319,20.35677805,21.74523959,Out
25/03/2026 20:10,20.53754729,21.61831652,21.2529319,20.35677805,21.84523959,Out
25/03/2026 20:20,20.53754729,21.51831652,21.2529319,20.35677805,21.84523959,Out
25/03/2026 20:30,20.53754729,21.61831652,21.2529319,20.35677805,21.74523959,Out
25/03/2026 20:40,20.53754729,21.61831652,21.2529319,20.55677805,21.84523959,Out
25/03/2026 20:50,20.53754729,21.51831652,21.2529319,20.35677805,21.84523959,Out
25/03/2026 21:00,20.53754729,21.61831652,21.2529319,20.35677805,21.84523959,Out
25/03/2026 21:10,20.53754729,21.51831652,21.2529319,20.35677805,21.84523959,Out
25/03/2026 21:20,20.53754729,21.61831652,21.2529319,20.35677805,21.84523959,Out
25/03/2026 21:30,20.53754729,21.61831652,21.2529319,20.55677805,21.84523959,Out
25/03/2026 21:40,20.53754729,21.51831652,21.2529319,20.35677805,21.84523959,Out
25/03/2026 21:50,20.53754729,21.61831652,21.2529319,20.35677805,21.84523959,Out
25/03/2026 22:00,20.53754729,21.51831652,21.2529319,20.35677805,21.84523959,Out
25/03/2026 22:10,20.53754729,21.61831652,21.2529319,20.35677805,21.74523959,Out
25/03/2026 22:20,20.53754729,21.61831652,21.2529319,20.55677805,21.74523959,Out
25/03/2026 22:30,20.53754729,21.61831652,21.2529319,20.35677805,21.84523959,Out
25/03/2026 22:40,20.53754729,21.51831652,21.2529319,20.55677805,21.84523959,Out
25/03/2026 22:50,20.53754729,21.61831652,21.2529319,20.35677805,21.84523959,Out
25/03/2026 23:00,20.53754729,21.51831652,21.2529319,20.35677805,21.84523959,Out
25/03/2026 23:10,20.53754729,21.51831652,21.2529319,20.35677805,21.74523959,Out
25/03/2026 23:20,20.53754729,21.51831652,21.2529319,20.35677805,21.84523959,Out
25/03/2026 23:30,20.53754729,21.61831652,21.2529319,20.35677805,21.84523959,Out
25/03/2026 23:40,20.53754729,21.51831652,21.2529319,20.55677805,21.84523959,Out
25/03/2026 23:50,20.53754729,21.61831652,21.2529319,20.35677805,21.84523959,Out
26/03/2026 00:00,20.53754729,21.61831652,21.2529319,20.55677805,21.84523959,Out
26/03/2026 00:10,20.53754729,21.61831652,21.2529319,20.35677805,21.74523959,Out
26/03/2026 00:20,20.53754729,21.61831652,21.2529319,20.35677805,21.84523959,Out
26/03/2026 00:30,20.53754729,21.51831652,21.2529319,20.35677805,21.74523959,Out
26/03/2026 00:40,20.63754729,21.61831652,21.2529319,20.55677805,21.84523959,Out
26/03/2026 00:50,20.53754729,21.51831652,21.2529319,20.35677805,21.84523959,Out
26/03/2026 01:00,20.53754729,21.61831652,21.2529319,20.55677805,21.74523959,Out
26/03/2026 01:10,20.53754729,21.61831652,21.2529319,20.55677805,21.84523959,Out
26/03/2026 01:20,20.53754729,21.61831652,21.2529319,20.35677805,21.84523959,Out
26/03/2026 01:30,20.53754729,21.61831652,21.2529319,20.35677805,21.84523959,Out
26/03/2026 01:40,20.53754729,21.51831652,21.2529319,20.35677805,21.84523959,Out
26/03/2026 01:50,20.53754729,21.61831652,21.2529319,20.55677805,21.84523959,Out
26/03/2026 02:00,20.53754729,21.51831652,21.2529319,20.35677805,21.84523959,Out
26/03/2026 02:10,20.53754729,21.61831652,21.2529319,20.55677805,21.84523959,Out
26/03/2026 02:20,20.53754729,21.61831652,21.2529319,20.35677805,21.74523959,Out
26/03/2026 02:30,20.53754729,21.61831652,21.2529319,20.35677805,21.74523959,Out
26/03/2026 02:40,20.53754729,21.61831652,21.2529319,20.35677805,21.84523959,Out
26/03/2026 02:50,20.63754729,21.51831652,21.2529319,20.35677805,21.84523959,Out
26/03/2026 03:00,20.53754729,21.61831652,21.2529319,20.35677805,21.74523959,Out
26/03/2026 03:10,20.53754729,21.61831652,21.2529319,20.35677805,21.74523959,Out
26/03/2026 03:20,20.53754729,21.61831652,21.2529319,20.35677805,21.84523959,Out
26/03/2026 03:30,20.53754729,21.51831652,21.2529319,20.35677805,21.84523959,Out
26/03/2026 03:40,20.53754729,21.61831652,21.2529319,20.35677805,21.84523959,Out
26/03/2026 03:50,20.53754729,21.51831652,21.2529319,20.55677805,21.74523959,Out
26/03/2026 04:00,20.53754729,21.51831652,21.2529319,20.35677805,21.84523959,Out
26/03/2026 04:10,20.53754729,21.61831652,21.2529319,20.35677805,21.84523959,Out
26/03/2026 04:20,20.53754729,21.61831652,21.2529319,20.35677805,21.84523959,Out
26/03/2026 04:30,20.53754729,21.51831652,21.2529319,20.35677805,21.94523959,Out
26/03/2026 04:40,20.53754729,21.51831652,21.2529319,20.55677805,21.74523959,Out
26/03/2026 04:50,20.53754729,21.61831652,21.0529319,20.35677805,21.84523959,Out
26/03/2026 05:00,20.53754729,21.51831652,21.2529319,20.55677805,21.84523959,Out
26/03/2026 05:10,20.53754729,21.51831652,21.2529319,20.35677805,21.74523959,Out
26/03/2026 05:20,20.53754729,21.51831652,21.2529319,20.55677805,21.84523959,Out
26/03/2026 05:30,20.53754729,21.51831652,21.2529319,20.35677805,21.84523959,Out
26/03/2026 05:40,20.53754729,21.61831652,21.2529319,20.35677805,21.74523959,Out
26/03/2026 05:50,20.53754729,21.61831652,21.2529319,20.35677805,21.74523959,Out
26/03/2026 06:00,20.53754729,21.51831652,21.0529319,20.35677805,21.74523959,Out
26/03/2026 06:10,20.53754729,21.51831652,21.2529319,20.35677805,21.74523959,Out
26/03/2026 06:20,20.53754729,21.51831652,21.2529319,20.35677805,21.84523959,Out
26/03/2026 06:30,20.53754729,21.51831652,21.2529319,20.35677805,21.84523959,Out
26/03/2026 06:40,20.53754729,21.51831652,21.2529319,20.35677805,21.84523959,Out
26/03/2026 06:50,20.53754729,21.51831652,21.2529319,20.35677805,21.84523959,Out
26/03/2026 07:00,20.53754729,21.51831652,21.2529319,20.25677805,21.74523959,Out
26/03/2026 07:10,20.53754729,21.51831652,21.2529319,20.55677805,21.74523959,Out
26/03/2026 07:20,20.53754729,21.61831652,21.2529319,20.35677805,21.74523959,Out
26/03/2026 07:30,20.53754729,21.51831652,21.2529319,20.35677805,21.74523959,Out
26/03/2026 07:40,20.53754729,21.51831652,21.2529319,20.35677805,21.74523959,Out
26/03/2026 07:50,20.53754729,21.51831652,21.2529319,20.35677805,21.74523959,Out
26/03/2026 08:00,20.53754729,21.51831652,21.0529319,20.35677805,21.74523959,Out
26/03/2026 08:10,20.53754729,21.51831652,21.2529319,20.35677805,21.74523959,Out
26/03/2026 08:20,20.53754729,21.51831652,21.2529319,20.35677805,21.74523959,Out
26/03/2026 08:30,20.53754729,21.51831652,21.2529319,20.35677805,21.74523959,Out
26/03/2026 08:40,20.53754729,21.51831652,21.2529319,20.35677805,21.74523959,Out
26/03/2026 08:50,20.53754729,21.51831652,21.0529319,20.35677805,21.84523959,Out
26/03/2026 09:00,20.53754729,21.51831652,21.2529319,20.35677805,21.74523959,Out
26/03/2026 09:10,20.53754729,21.51831652,21.2529319,20.35677805,21.74523959,Out
26/03/2026 09:20,20.53754729,21.51831652,21.2529319,20.35677805,21.74523959,Out
26/03/2026 09:30,20.53754729,21.51831652,21.2529319,20.35677805,21.74523959,Out
26/03/2026 09:40,20.53754729,21.51831652,21.0529319,20.35677805,21.74523959,Out
26/03/2026 09:50,20.53754729,21.51831652,21.2529319,20.35677805,21.84523959,Out
26/03/2026 10:00,20.53754729,21.51831652,21.2529319,20.35677805,21.74523959,Out
26/03/2026 10:10,20.53754729,21.51831652,21.2529319,20.35677805,21.74523959,Out
26/03/2026 10:20,20.53754729,21.51831652,21.2529319,20.35677805,21.74523959,Out
26/03/2026 10:30,20.53754729,21.51831652,21.2529319,20.35677805,21.84523959,Out
26/03/2026 10:40,20.53754729,21.51831652,21.0529319,20.35677805,21.74523959,Out
26/03/2026 10:50,20.53754729,21.51831652,21.2529319,20.35677805,21.84523959,Out
26/03/2026 11:00,20.53754729,21.51831652,21.0529319,20.35677805,21.74523959,Out
26/03/2026 11:10,20.53754729,21.51831652,21.0529319,20.35677805,21.74523959,Out
26/03/2026 11:20,20.53754729,21.61831652,21.0529319,20.35677805,21.74523959,Out
26/03/2026 11:30,20.53754729,21.51831652,21.2529319,20.35677805,21.74523959,Out
26/03/2026 11:40,20.33754729,21.51831652,21.2529319,20.35677805,21.74523959,Out
26/03/2026 11:50,20.53754729,21.51831652,21.0529319,20.35677805,21.74523959,Out
26/03/2026 12:00,20.53754729,21.51831652,21.0529319,20.35677805,21.74523959,Out
26/03/2026 12:10,20.33754729,21.51831652,21.2529319,20.25677805,21.74523959,Out
26/03/2026 12:20,20.53754729,21.51831652,21.0529319,20.35677805,21.74523959,Out
26/03/2026 12:30,20.53754729,21.51831652,21.0529319,20.35677805,21.84523959,Out
26/03/2026 12:40,20.33754729,21.51831652,21.0529319,20.25677805,21.74523959,Out
26/03/2026 12:50,20.53754729,21.51831652,21.0529319,20.35677805,21.74523959,Out
26/03/2026 13:00,20.33754729,21.51831652,21.0529319,20.35677805,21.74523959,Out
26/03/2026 13:10,20.33754729,21.51831652,21.0529319,20.35677805,21.74523959,Out
26/03/2026 13:20,20.53754729,21.51831652,21.0529319,20.35677805,21.74523959,Out
26/03/2026 13:30,20.53754729,21.31831652,21.0529319,20.35677805,21.74523959,Out
26/03/2026 13:40,20.33754729,21.51831652,21.2529319,20.35677805,21.74523959,Out
26/03/2026 13:50,20.53754729,21.51831652,21.0529319,20.35677805,21.74523959,Out
26/03/2026 14:00,20.33754729,21.51831652,21.0529319,20.35677805,21.84523959,Out
26/03/2026 14:10,20.33754729,21.31831652,21.0529319,20.35677805,21.74523959,Out
26/03/2026 14:20,20.33754729,21.31831652,21.0529319,20.35677805,21.74523959,Out
26/03/2026 14:30,20.33754729,21.51831652,21.0529319,20.35677805,21.74523959,Out
26/03/2026 14:40,20.53754729,21.51831652,21.0529319,20.25677805,21.84523959,Out
26/03/2026 14:50,20.33754729,21.31831652,21.0529319,20.35677805,21.74523959,Out
26/03/2026 15:00,20.53754729,21.51831652,21.0529319,20.35677805,21.84523959,Out
26/03/2026 15:10,20.53754729,21.51831652,21.0529319,20.35677805,21.74523959,Out
26/03/2026 15:20,20.33754729,21.51831652,21.0529319,20.35677805,21.74523959,Out
26/03/2026 15:30,20.53754729,21.51831652,21.0529319,20.35677805,21.74523959,Out
26/03/2026 15:40,20.53754729,21.51831652,21.0529319,20.35677805,21.74523959,Out
26/03/2026 15:50,20.53754729,21.51831652,21.2529319,20.25677805,21.74523959,Out
26/03/2026 16:00,20.53754729,21.51831652,21.2529319,20.25677805,21.74523959,Out
26/03/2026 16:10,20.33754729,21.51831652,21.0529319,20.35677805,21.74523959,Out
26/03/2026 16:20,20.33754729,21.51831652,21.0529319,20.35677805,21.84523959,Out
26/03/2026 16:30,20.53754729,21.31831652,21.0529319,20.35677805,21.74523959,Out
26/03/2026 16:40,20.53754729,21.51831652,21.0529319,20.25677805,21.84523959,Out
26/03/2026 16:50,20.53754729,21.31831652,21.0529319,20.35677805,21.84523959,Out
26/03/2026 17:00,20.33754729,21.51831652,21.0529319,20.25677805,21.84523959,Out
26/03/2026 17:10,20.33754729,21.51831652,21.0529319,20.35677805,21.74523959,Out
26/03/2026 17:20,20.33754729,21.51831652,20.9529319,20.35677805,21.74523959,Out
26/03/2026 17:30,20.33754729,21.51831652,21.0529319,20.35677805,21.74523959,Out
26/03/2026 17:40,20.33754729,21.51831652,21.0529319,20.25677805,21.84523959,Out
26/03/2026 17:50,20.33754729,21.51831652,21.0529319,20.35677805,21.84523959,Out
26/03/2026 18:00,20.33754729,21.31831652,21.2529319,20.35677805,21.84523959,Out
26/03/2026 18:10,20.53754729,21.51831652,21.0529319,20.35677805,21.84523959,Out
26/03/2026 18:20,20.53754729,21.51831652,21.0529319,20.25677805,21.74523959,Out
26/03/2026 18:30,20.53754729,21.51831652,21.0529319,20.35677805,21.74523959,Out
26/03/2026 18:40,20.53754729,21.51831652,21.0529319,20.35677805,21.74523959,Out
26/03/2026 18:50,20.53754729,21.51831652,21.0529319,20.35677805,21.74523959,Out
26/03/2026 19:00,20.53754729,21.51831652,21.2529319,20.35677805,21.74523959,Out
26/03/2026 19:10,20.53754729,21.51831652,21.2529319,20.35677805,21.74523959,Out
26/03/2026 19:20,20.53754729,21.51831652,21.2529319,20.35677805,21.74523959,Out
26/03/2026 19:30,20.53754729,21.51831652,21.0529319,20.35677805,21.74523959,Out
26/03/2026 19:40,20.53754729,21.51831652,21.2529319,20.35677805,21.74523959,Out
26/03/2026 19:50,20.53754729,21.51831652,21.2529319,20.35677805,21.74523959,Out
26/03/2026 20:00,20.53754729,21.61831652,21.2529319,20.35677805,21.74523959,Out
26/03/2026 20:10,20.53754729,21.51831652,21.2529319,20.35677805,21.74523959,Out
26/03/2026 20:20,20.53754729,21.51831652,21.0529319,20.35677805,21.74523959,Out
26/03/2026 20:30,20.53754729,21.51831652,21.2529319,20.35677805,21.74523959,Out
26/03/2026 20:40,20.53754729,21.51831652,21.2529319,20.35677805,21.74523959,Out
26/03/2026 20:50,20.53754729,21.51831652,21.2529319,20.35677805,21.74523959,Out
26/03/2026 21:00,20.53754729,21.51831652,21.2529319,20.35677805,21.74523959,Out
26/03/2026 21:10,20.53754729,21.51831652,21.0529319,20.35677805,21.84523959,Out
26/03/2026 21:20,20.53754729,21.51831652,21.0529319,20.35677805,21.84523959,Out
26/03/2026 21:30,20.53754729,21.51831652,21.0529319,20.35677805,21.84523959,Out
26/03/2026 21:40,20.53754729,21.51831652,21.0529319,20.35677805,21.84523959,Out
26/03/2026 21:50,20.33754729,21.51831652,21.2529319,20.35677805,21.74523959,Out
26/03/2026 22:00,20.33754729,21.51831652,21.0529319,20.35677805,21.74523959,Out
26/03/2026 22:10,20.53754729,21.51831652,21.2529319,20.35677805,21.84523959,Out
26/03/2026 22:20,20.53754729,21.51831652,21.0529319,20.35677805,21.84523959,Out
26/03/2026 22:30,20.53754729,21.51831652,21.2529319,20.35677805,21.84523959,Out
26/03/2026 22:40,20.53754729,21.61831652,21.2529319,20.35677805,21.74523959,Out
26/03/2026 22:50,20.53754729,21.51831652,21.2529319,20.35677805,21.74523959,Out
26/03/2026 23:00,20.53754729,21.51831652,21.2529319,20.55677805,21.74523959,Out
26/03/2026 23:10,20.53754729,21.61831652,21.2529319,20.35677805,21.84523959,Out
26/03/2026 23:20,20.53754729,21.51831652,21.2529319,20.35677805,21.74523959,Out
26/03/2026 23:30,20.53754729,21.51831652,21.2529319,20.35677805,21.84523959,Out
26/03/2026 23:40,20.53754729,21.51831652,21.2529319,20.35677805,21.74523959,Out
26/03/2026 23:50,20.53754729,21.51831652,21.2529319,20.35677805,21.74523959,Out
27/03/2026 00:00,20.53754729,21.51831652,21.2529319,20.35677805,21.84523959,Out
27/03/2026 00:10,20.53754729,21.61831652,21.2529319,20.35677805,21.84523959,Out
27/03/2026 00:20,20.53754729,21.51831652,21.2529319,20.35677805,21.74523959,Out
27/03/2026 00:30,20.53754729,21.51831652,21.0529319,20.35677805,21.74523959,Out
27/03/2026 00:40,20.53754729,21.51831652,21.2529319,20.35677805,21.74523959,Out
27/03/2026 00:50,20.53754729,21.61831652,21.2529319,20.35677805,21.84523959,Out
27/03/2026 01:00,20.53754729,21.51831652,21.2529319,20.35677805,21.74523959,Out
27/03/2026 01:10,20.53754729,21.51831652,21.2529319,20.35677805,21.84523959,Out
27/03/2026 01:20,20.53754729,21.61831652,21.2529319,20.35677805,21.84523959,Out
27/03/2026 01:30,20.53754729,21.51831652,21.2529319,20.35677805,21.74523959,Out
27/03/2026 01:40,20.53754729,21.51831652,21.2529319,20.35677805,21.74523959,Out
27/03/2026 01:50,20.53754729,21.51831652,21.2529319,20.35677805,21.74523959,Out
27/03/2026 02:00,20.53754729,21.51831652,21.2529319,20.35677805,21.74523959,Out
27/03/2026 02:10,20.53754729,21.51831652,21.2529319,20.35677805,21.74523959,Out
27/03/2026 02:20,20.53754729,21.51831652,21.0529319,20.35677805,21.74523959,Out
27/03/2026 02:30,20.53754729,21.51831652,21.2529319,20.35677805,21.74523959,Out
27/03/2026 02:40,20.53754729,21.51831652,21.0529319,20.35677805,21.74523959,Out
27/03/2026 02:50,20.53754729,21.51831652,21.2529319,20.35677805,21.74523959,Out
27/03/2026 03:00,20.53754729,21.51831652,21.2529319,20.35677805,21.84523959,Out
27/03/2026 03:10,20.53754729,21.51831652,21.0529319,20.35677805,21.74523959,Out
27/03/2026 03:20,20.53754729,21.51831652,21.2529319,20.35677805,21.74523959,Out
27/03/2026 03:30,20.53754729,21.51831652,21.2529319,20.35677805,21.74523959,Out
27/03/2026 03:40,20.53754729,21.51831652,21.2529319,20.35677805,21.84523959,Out
27/03/2026 03:50,20.53754729,21.51831652,21.2529319,20.35677805,21.74523959,Out
27/03/2026 04:00,20.53754729,21.51831652,21.2529319,20.35677805,21.84523959,Out
27/03/2026 04:10,20.53754729,21.51831652,21.0529319,20.35677805,21.84523959,Out
27/03/2026 04:20,20.53754729,21.51831652,21.0529319,20.35677805,21.74523959,Out
27/03/2026 04:30,20.53754729,21.51831652,21.2529319,20.55677805,21.74523959,Out
27/03/2026 04:40,20.53754729,21.61831652,21.2529319,20.35677805,21.74523959,Out
27/03/2026 04:50,20.53754729,21.51831652,21.0529319,20.35677805,21.74523959,Out
27/03/2026 05:00,20.53754729,21.51831652,21.2529319,20.35677805,21.74523959,Out
27/03/2026 05:10,20.53754729,21.51831652,21.2529319,20.35677805,21.84523959,Out
27/03/2026 05:20,20.53754729,21.51831652,21.2529319,20.35677805,21.74523959,Out
27/03/2026 05:30,20.53754729,21.51831652,21.2529319,20.35677805,21.74523959,Out
27/03/2026 05:40,20.53754729,21.51831652,21.2529319,20.35677805,21.74523959,Out
27/03/2026 05:50,20.53754729,21.51831652,21.0529319,20.35677805,21.74523959,Out
27/03/2026 06:00,20.33754729,21.51831652,21.2529319,20.35677805,21.74523959,Out
27/03/2026 06:10,20.53754729,21.51831652,21.0529319,20.35677805,21.74523959,Out
27/03/2026 06:20,20.53754729,21.51831652,21.2529319,20.35677805,21.74523959,Out
27/03/2026 06:30,20.53754729,21.61831652,21.2529319,20.35677805,21.74523959,Out
27/03/2026 06:40,20.53754729,21.51831652,21.0529319,20.35677805,21.74523959,Out
27/03/2026 06:50,20.53754729,21.51831652,21.0529319,20.35677805,21.74523959,Out
27/03/2026 07:00,20.53754729,21.61831652,21.0529319,20.35677805,21.74523959,Out
27/03/2026 07:10,20.53754729,21.51831652,21.2529319,20.35677805,21.74523959,Out
27/03/2026 07:20,20.53754729,21.61831652,21.2529319,20.35677805,21.74523959,Out
27/03/2026 07:30,20.53754729,21.51831652,21.2529319,20.35677805,21.74523959,Out
27/03/2026 07:40,20.53754729,21.51831652,21.2529319,20.35677805,21.84523959,Out
27/03/2026 07:50,20.53754729,21.51831652,21.0529319,20.35677805,21.84523959,Out
27/03/2026 08:00,20.53754729,21.51831652,21.2529319,20.35677805,21.84523959,Out
27/03/2026 08:10,20.53754729,21.51831652,21.2529319,20.35677805,21.74523959,Out
27/03/2026 08:20,20.53754729,21.51831652,21.2529319,20.35677805,21.74523959,Out
27/03/2026 08:30,20.53754729,21.51831652,21.2529319,20.35677805,21.84523959,Out
27/03/2026 08:40,20.53754729,21.51831652,21.0529319,20.35677805,21.74523959,Out
27/03/2026 08:50,20.53754729,21.51831652,21.2529319,20.35677805,21.74523959,Out
27/03/2026 09:00,20.53754729,21.51831652,21.0529319,20.35677805,21.74523959,Out
27/03/2026 09:10,20.53754729,21.51831652,21.2529319,20.35677805,21.74523959,Out
27/03/2026 09:20,20.53754729,21.51831652,21.2529319,20.35677805,21.84523959,Out
27/03/2026 09:30,20.53754729,21.51831652,21.0529319,20.35677805,21.74523959,Out
27/03/2026 09:40,20.53754729,21.51831652,21.2529319,20.35677805,21.84523959,Out
27/03/2026 09:50,20.53754729,21.51831652,21.2529319,20.35677805,21.74523959,Out
27/03/2026 10:00,20.53754729,21.61831652,21.0529319,20.25677805,21.74523959,Out
27/03/2026 10:10,20.53754729,21.51831652,21.2529319,20.35677805,21.74523959,Out
27/03/2026 10:20,20.53754729,21.51831652,21.0529319,20.35677805,21.74523959,Out
27/03/2026 10:30,20.53754729,21.51831652,21.0529319,20.35677805,21.74523959,Out
27/03/2026 10:40,20.53754729,21.51831652,21.2529319,20.35677805,21.74523959,Out
27/03/2026 10:50,20.53754729,21.61831652,21.2529319,20.35677805,21.84523959,Out
27/03/2026 11:00,20.53754729,21.51831652,21.0529319,20.35677805,21.84523959,Out
27/03/2026 11:10,20.33754729,21.51831652,21.0529319,20.35677805,21.84523959,Out
27/03/2026 11:20,20.53754729,21.51831652,21.2529319,20.35677805,21.74523959,Out
27/03/2026 11:30,20.53754729,21.51831652,21.2529319,20.35677805,21.84523959,Out
27/03/2026 11:40,20.53754729,21.51831652,21.2529319,20.35677805,21.84523959,Out
27/03/2026 11:50,20.53754729,21.51831652,21.2529319,20.35677805,21.84523959,Out
27/03/2026 12:00,20.53754729,21.51831652,21.2529319,20.35677805,21.74523959,Out
27/03/2026 12:10,20.53754729,21.51831652,21.2529319,20.55677805,21.74523959,Out
27/03/2026 12:20,20.53754729,21.51831652,21.2529319,20.35677805,21.74523959,Out
27/03/2026 12:30,20.53754729,21.51831652,21.0529319,20.35677805,21.74523959,Out
27/03/2026 12:40,20.53754729,21.51831652,21.2529319,20.35677805,21.74523959,Out
27/03/2026 12:50,20.53754729,21.51831652,21.2529319,20.55677805,21.74523959,Out
27/03/2026 13:00,20.53754729,21.51831652,21.2529319,20.35677805,21.84523959,Out
27/03/2026 13:10,20.53754729,21.61831652,21.2529319,20.35677805,21.84523959,Out
27/03/2026 13:20,20.53754729,21.51831652,21.2529319,20.35677805,21.74523959,Out
27/03/2026 13:30,20.53754729,21.51831652,21.2529319,20.35677805,21.74523959,Out
27/03/2026 13:40,20.33754729,21.51831652,21.0529319,20.25677805,21.74523959,Out
27/03/2026 13:50,20.33754729,21.31831652,21.0529319,20.25677805,21.74523959,Out
27/03/2026 14:00,20.53754729,21.51831652,21.2529319,20.35677805,21.74523959,Out
27/03/2026 14:10,20.53754729,21.51831652,21.0529319,20.35677805,21.74523959,Out
27/03/2026 14:20,20.33754729,21.51831652,21.0529319,20.35677805,21.74523959,Out
27/03/2026 14:30,20.33754729,21.31831652,21.2529319,20.35677805,21.84523959,Out
27/03/2026 14:40,20.53754729,21.51831652,21.0529319,20.35677805,21.74523959,Out
27/03/2026 14:50,20.53754729,21.51831652,21.0529319,20.35677805,21.74523959,Out
27/03/2026 15:00,20.53754729,21.51831652,21.0529319,20.35677805,21.74523959,Out
27/03/2026 15:10,20.53754729,21.51831652,21.0529319,20.35677805,21.84523959,Out
27/03/2026 15:20,20.33754729,21.51831652,21.0529319,20.35677805,21.74523959,Out
27/03/2026 15:30,20.53754729,21.51831652,21.0529319,20.35677805,21.84523959,Out
27/03/2026 15:40,20.33754729,21.51831652,21.0529319,20.35677805,21.84523959,Out
27/03/2026 15:50,20.33754729,21.51831652,21.0529319,20.35677805,21.74523959,Out
27/03/2026 16:00,20.53754729,21.51831652,21.0529319,20.35677805,21.74523959,Out
27/03/2026 16:10,20.33754729,21.51831652,21.0529319,20.35677805,21.74523959,Out
27/03/2026 16:20,20.53754729,21.51831652,21.2529319,20.35677805,21.74523959,Out
27/03/2026 16:30,20.53754729,21.31831652,21.0529319,20.35677805,21.74523959,Out
27/03/2026 16:40,20.53754729,21.51831652,21.2529319,20.35677805,21.74523959,Out
27/03/2026 16:50,20.53754729,21.51831652,21.0529319,20.35677805,21.74523959,Out
27/03/2026 17:00,20.53754729,21.51831652,21.0529319,20.35677805,21.74523959,Out
27/03/2026 17:10,20.33754729,21.51831652,21.0529319,20.35677805,21.74523959,Out
27/03/2026 17:20,20.33754729,21.51831652,21.2529319,20.35677805,21.74523959,Out
27/03/2026 17:30,20.53754729,21.51831652,21.0529319,20.35677805,21.84523959,Out
27/03/2026 17:40,20.53754729,21.51831652,21.0529319,20.35677805,21.74523959,Out
27/03/2026 17:50,20.53754729,21.51831652,21.2529319,20.35677805,21.74523959,Out
27/03/2026 18:00,20.33754729,21.51831652,21.2529319,20.35677805,21.74523959,Out
27/03/2026 18:10,20.33754729,21.51831652,21.2529319,20.35677805,21.74523959,Out
27/03/2026 18:20,20.33754729,21.51831652,21.2529319,20.35677805,21.74523959,Out
27/03/2026 18:30,20.53754729,21.51831652,21.2529319,20.35677805,21.84523959,Out
27/03/2026 18:40,20.53754729,21.51831652,21.2529319,20.35677805,21.74523959,Out
27/03/2026 18:50,20.53754729,21.51831652,21.2529319,20.35677805,21.74523959,Out
27/03/2026 19:00,20.53754729,21.51831652,21.2529319,20.35677805,21.74523959,Out
27/03/2026 19:10,20.53754729,21.51831652,21.2529319,20.35677805,21.74523959,Out
27/03/2026 19:20,20.53754729,21.51831652,21.2529319,20.35677805,21.84523959,Out
27/03/2026 19:30,20.53754729,21.51831652,21.2529319,20.35677805,21.74523959,Out
27/03/2026 19:40,20.53754729,21.51831652,21.2529319,20.35677805,21.74523959,Out
27/03/2026 19:50,20.53754729,21.51831652,21.2529319,20.35677805,21.74523959,Out
27/03/2026 20:00,20.53754729,21.51831652,21.2529319,20.35677805,21.74523959,Out
27/03/2026 20:10,20.53754729,21.51831652,21.2529319,20.35677805,21.74523959,Out
27/03/2026 20:20,20.53754729,21.51831652,21.2529319,20.35677805,21.84523959,Out
27/03/2026 20:30,20.53754729,21.61831652,21.0529319,20.35677805,21.74523959,Out
27/03/2026 20:40,20.53754729,21.51831652,21.2529319,20.35677805,21.74523959,Out
27/03/2026 20:50,20.53754729,21.51831652,21.2529319,20.35677805,21.74523959,Out
27/03/2026 21:00,20.53754729,21.51831652,21.2529319,20.35677805,21.74523959,Out
27/03/2026 21:10,20.53754729,21.51831652,21.2529319,20.35677805,21.74523959,Out
27/03/2026 21:20,20.53754729,21.51831652,21.2529319,20.35677805,21.74523959,Out
27/03/2026 21:30,20.53754729,21.51831652,21.2529319,20.35677805,21.74523959,Out
27/03/2026 21:40,20.53754729,21.51831652,21.2529319,20.35677805,21.74523959,Out
27/03/2026 21:50,20.53754729,21.51831652,21.2529319,20.35677805,21.74523959,Out
27/03/2026 22:00,20.53754729,21.51831652,21.2529319,20.35677805,21.74523959,Out
27/03/2026 22:10,20.53754729,21.51831652,21.2529319,20.35677805,21.74523959,Out
27/03/2026 22:20,20.53754729,21.51831652,21.2529319,20.55677805,21.84523959,Out
27/03/2026 22:30,20.63754729,21.51831652,21.2529319,20.35677805,21.74523959,Out
27/03/2026 22:40,20.53754729,21.51831652,21.2529319,20.35677805,21.74523959,Out
27/03/2026 22:50,20.53754729,21.51831652,21.2529319,20.35677805,21.74523959,Out
27/03/2026 23:00,20.53754729,21.51831652,21.2529319,20.35677805,21.84523959,Out
27/03/2026 23:10,20.53754729,21.61831652,21.2529319,20.35677805,21.84523959,Out
27/03/2026 23:20,20.53754729,21.51831652,21.2529319,20.35677805,21.74523959,Out
27/03/2026 23:30,20.53754729,21.51831652,21.2529319,20.35677805,21.74523959,Out
27/03/2026 23:40,20.53754729,21.51831652,21.2529319,20.35677805,21.84523959,Out
27/03/2026 23:50,20.53754729,21.51831652,21.2529319,20.35677805,21.74523959,Out
28/03/2026 00:00,20.53754729,21.51831652,21.2529319,20.35677805,21.74523959,Out
28/03/2026 00:10,20.53754729,21.51831652,21.2529319,20.35677805,21.84523959,Out
28/03/2026 00:20,20.53754729,21.51831652,21.2529319,20.35677805,21.84523959,Out
28/03/2026 00:30,20.53754729,21.61831652,21.2529319,20.35677805,21.84523959,Out
28/03/2026 00:40,20.53754729,21.51831652,21.2529319,20.35677805,21.74523959,Out
28/03/2026 00:50,20.53754729,21.51831652,21.2529319,20.35677805,21.84523959,Out
28/03/2026 01:00,20.53754729,21.51831652,21.2529319,20.35677805,21.74523959,Out
28/03/2026 01:10,20.53754729,21.51831652,21.2529319,20.35677805,21.84523959,Out
28/03/2026 01:20,20.53754729,21.51831652,21.2529319,20.35677805,21.74523959,Out
28/03/2026 01:30,20.53754729,21.51831652,21.2529319,20.35677805,21.74523959,Out
28/03/2026 01:40,20.33754729,21.51831652,21.2529319,20.35677805,21.84523959,Out
28/03/2026 01:50,20.53754729,21.51831652,21.2529319,20.35677805,21.74523959,Out
28/03/2026 02:00,20.53754729,21.51831652,21.2529319,20.55677805,21.84523959,Out
28/03/2026 02:10,20.53754729,21.61831652,21.2529319,20.35677805,21.74523959,Out
28/03/2026 02:20,20.53754729,21.51831652,21.2529319,20.35677805,21.74523959,Out
28/03/2026 02:30,20.53754729,21.51831652,21.2529319,20.35677805,21.74523959,Out
28/03/2026 02:40,20.53754729,21.51831652,21.0529319,20.35677805,21.74523959,Out
28/03/2026 02:50,20.53754729,21.51831652,21.2529319,20.35677805,21.84523959,Out
28/03/2026 03:00,20.53754729,21.51831652,21.2529319,20.35677805,21.74523959,Out
28/03/2026 03:10,20.63754729,21.51831652,21.2529319,20.35677805,21.84523959,Out
28/03/2026 03:20,20.53754729,21.51831652,21.2529319,20.35677805,21.84523959,Out
28/03/2026 03:30,20.53754729,21.51831652,21.2529319,20.35677805,21.84523959,Out
28/03/2026 03:40,20.53754729,21.51831652,21.2529319,20.35677805,21.84523959,Out
28/03/2026 03:50,20.53754729,21.51831652,21.2529319,20.35677805,21.74523959,Out
28/03/2026 04:00,20.53754729,21.51831652,21.0529319,20.35677805,21.74523959,Out
28/03/2026 04:10,20.53754729,21.61831652,21.2529319,20.35677805,21.84523959,Out
28/03/2026 04:20,20.53754729,21.51831652,21.2529319,20.35677805,21.84523959,Out
28/03/2026 04:30,20.53754729,21.51831652,21.2529319,20.35677805,21.74523959,Out
28/03/2026 04:40,20.53754729,21.51831652,21.2529319,20.35677805,21.74523959,Out
28/03/2026 04:50,20.53754729,21.51831652,21.2529319,20.35677805,21.84523959,Out
28/03/2026 05:00,20.53754729,21.61831652,21.2529319,20.55677805,21.84523959,Out
28/03/2026 05:10,20.53754729,21.51831652,21.2529319,20.35677805,21.84523959,Out
28/03/2026 05:20,20.53754729,21.61831652,21.2529319,20.55677805,21.74523959,Out
28/03/2026 05:30,20.53754729,21.51831652,21.2529319,20.35677805,21.84523959,Out
28/03/2026 05:40,20.53754729,21.51831652,21.2529319,20.35677805,21.74523959,Out
28/03/2026 05:50,20.53754729,21.51831652,21.2529319,20.35677805,21.74523959,Out
28/03/2026 06:00,20.53754729,21.51831652,21.2529319,20.55677805,21.84523959,Out
28/03/2026 06:10,20.53754729,21.61831652,21.2529319,20.35677805,21.74523959,Out
28/03/2026 06:20,20.53754729,21.61831652,21.2529319,20.35677805,21.74523959,Out
28/03/2026 06:30,20.53754729,21.51831652,21.0529319,20.35677805,21.84523959,Out
28/03/2026 06:40,20.53754729,21.51831652,21.2529319,20.35677805,21.84523959,Out
28/03/2026 06:50,20.53754729,21.51831652,21.2529319,20.55677805,21.74523959,Out
28/03/2026 07:00,20.53754729,21.51831652,21.2529319,20.35677805,21.84523959,Out
28/03/2026 07:10,20.53754729,21.61831652,21.2529319,20.35677805,21.74523959,Out
28/03/2026 07:20,20.53754729,21.61831652,21.2529319,20.35677805,21.74523959,Out
28/03/2026 07:30,20.53754729,21.51831652,21.2529319,20.35677805,21.84523959,Out
28/03/2026 07:40,20.63754729,21.51831652,21.2529319,20.35677805,21.74523959,Out
28/03/2026 07:50,20.53754729,21.61831652,21.2529319,20.35677805,21.84523959,Out
28/03/2026 08:00,20.53754729,21.51831652,21.2529319,20.35677805,21.74523959,Out
28/03/2026 08:10,20.53754729,21.61831652,21.2529319,20.35677805,21.84523959,Out
28/03/2026 08:20,20.53754729,21.51831652,21.2529319,20.35677805,21.74523959,Out
28/03/2026 08:30,20.53754729,21.51831652,21.0529319,20.35677805,21.74523959,Out
28/03/2026 08:40,20.53754729,21.51831652,21.2529319,20.55677805,21.84523959,Out
28/03/2026 08:50,20.53754729,21.61831652,21.2529319,20.35677805,21.74523959,Out
28/03/2026 09:00,20.53754729,21.51831652,21.2529319,20.35677805,21.84523959,Out
28/03/2026 09:10,20.53754729,21.51831652,21.2529319,20.35677805,21.74523959,Out
28/03/2026 09:20,20.53754729,21.51831652,21.2529319,20.35677805,21.74523959,Out
28/03/2026 09:30,20.53754729,21.51831652,21.2529319,20.35677805,21.84523959,Out
28/03/2026 09:40,20.53754729,21.51831652,21.2529319,20.35677805,21.84523959,Out
28/03/2026 09:50,20.53754729,21.51831652,21.2529319,20.35677805,21.84523959,Out
28/03/2026 10:00,20.53754729,21.51831652,21.2529319,20.35677805,21.84523959,Out
28/03/2026 10:10,20.53754729,21.61831652,21.0529319,20.55677805,21.84523959,Out
28/03/2026 10:20,20.53754729,21.51831652,21.2529319,20.35677805,21.74523959,Out
28/03/2026 10:30,20.53754729,21.61831652,21.2529319,20.35677805,21.74523959,Out
28/03/2026 10:40,20.53754729,21.61831652,21.2529319,20.35677805,21.84523959,Out
28/03/2026 10:50,20.53754729,21.51831652,21.0529319,20.55677805,21.74523959,Out
28/03/2026 11:00,20.53754729,21.61831652,21.2529319,20.35677805,21.84523959,Out
28/03/2026 11:10,20.53754729,21.51831652,21.2529319,20.55677805,21.74523959,Out
28/03/2026 11:20,20.53754729,21.61831652,21.2529319,20.35677805,21.84523959,Out
28/03/2026 11:30,20.53754729,21.51831652,21.2529319,20.35677805,21.74523959,Out
28/03/2026 11:40,20.53754729,21.61831652,21.2529319,20.35677805,21.84523959,Out
28/03/2026 11:50,20.53754729,21.51831652,21.2529319,20.35677805,21.84523959,Out
28/03/2026 12:00,20.53754729,21.51831652,21.2529319,20.35677805,21.84523959,Out
28/03/2026 12:10,20.53754729,21.61831652,21.2529319,20.35677805,21.74523959,Out
28/03/2026 12:20,20.53754729,21.61831652,21.2529319,20.35677805,21.74523959,Out
28/03/2026 12:30,20.53754729,21.61831652,21.2529319,20.35677805,21.84523959,Out
28/03/2026 12:40,20.53754729,21.51831652,21.2529319,20.35677805,21.74523959,Out
28/03/2026 12:50,20.53754729,21.51831652,21.2529319,20.35677805,21.84523959,Out
28/03/2026 13:00,20.53754729,21.51831652,21.2529319,20.35677805,21.74523959,Out
28/03/2026 13:10,20.53754729,21.61831652,21.2529319,20.35677805,21.84523959,Out
28/03/2026 13:20,20.53754729,21.61831652,21.0529319,20.35677805,21.84523959,Out
28/03/2026 13:30,20.53754729,21.51831652,21.2529319,20.35677805,21.74523959,Out
28/03/2026 13:40,20.53754729,21.51831652,21.2529319,20.35677805,21.74523959,Out
28/03/2026 13:50,20.53754729,21.61831652,21.2529319,20.35677805,21.84523959,Out
28/03/2026 14:00,20.53754729,21.51831652,21.2529319,20.35677805,21.84523959,Out
28/03/2026 14:10,20.63754729,21.51831652,21.2529319,20.35677805,21.84523959,Out
28/03/2026 14:20,20.53754729,21.51831652,21.2529319,20.35677805,21.84523959,Out
28/03/2026 14:30,20.53754729,21.51831652,21.2529319,20.35677805,21.84523959,Out
28/03/2026 14:40,20.53754729,21.61831652,21.2529319,20.35677805,21.74523959,Out
28/03/2026 14:50,20.53754729,21.51831652,21.2529319,20.35677805,21.84523959,Out
28/03/2026 15:00,20.53754729,21.51831652,21.2529319,20.55677805,21.84523959,Out
28/03/2026 15:10,20.53754729,21.51831652,21.2529319,20.55677805,21.84523959,Out
28/03/2026 15:20,20.53754729,21.51831652,21.2529319,20.55677805,21.84523959,Out
28/03/2026 15:30,20.53754729,21.61831652,21.2529319,20.55677805,21.84523959,Out
28/03/2026 15:40,20.53754729,21.51831652,21.2529319,20.35677805,21.84523959,Out
28/03/2026 15:50,20.53754729,21.51831652,21.2529319,20.35677805,21.84523959,Out
28/03/2026 16:00,20.53754729,21.51831652,21.2529319,20.35677805,21.74523959,Out
28/03/2026 16:10,20.63754729,21.61831652,21.2529319,20.35677805,21.84523959,Out
28/03/2026 16:20,20.53754729,21.61831652,21.2529319,20.35677805,21.94523959,Out
28/03/2026 16:30,20.53754729,21.51831652,21.2529319,20.55677805,21.84523959,Out
28/03/2026 16:40,20.53754729,21.61831652,21.2529319,20.35677805,21.74523959,Out
28/03/2026 16:50,20.53754729,21.61831652,21.2529319,20.35677805,21.84523959,Out
28/03/2026 17:00,20.63754729,21.61831652,21.2529319,20.55677805,21.74523959,Out
28/03/2026 17:10,20.53754729,21.51831652,21.2529319,20.55677805,21.84523959,Out
28/03/2026 17:20,20.53754729,21.51831652,21.2529319,20.35677805,21.84523959,Out
28/03/2026 17:30,20.63754729,21.61831652,21.2529319,20.35677805,21.94523959,Out
28/03/2026 17:40,20.53754729,21.61831652,21.2529319,20.55677805,21.74523959,Out
28/03/2026 17:50,20.53754729,21.61831652,21.2529319,20.55677805,21.84523959,Out
28/03/2026 18:00,20.63754729,21.61831652,21.3529319,20.55677805,21.84523959,Out
28/03/2026 18:10,20.63754729,21.61831652,21.2529319,20.35677805,21.84523959,Out
28/03/2026 18:20,20.63754729,21.61831652,21.2529319,20.35677805,21.84523959,Out
28/03/2026 18:30,20.63754729,21.61831652,21.2529319,20.35677805,21.74523959,Out
28/03/2026 18:40,20.53754729,21.61831652,21.2529319,20.35677805,21.84523959,Out
28/03/2026 18:50,20.63754729,21.61831652,21.2529319,20.35677805,21.84523959,Out
28/03/2026 19:00,20.63754729,21.51831652,21.2529319,20.55677805,21.84523959,Out
28/03/2026 19:10,20.53754729,21.51831652,21.2529319,20.35677805,21.84523959,Out
28/03/2026 19:20,20.53754729,21.51831652,21.2529319,20.55677805,21.84523959,Out
28/03/2026 19:30,20.53754729,21.61831652,21.2529319,20.35677805,21.84523959,Out
28/03/2026 19:40,20.53754729,21.51831652,21.2529319,20.35677805,21.84523959,Out
28/03/2026 19:50,20.53754729,21.51831652,21.2529319,20.35677805,21.84523959,Out
28/03/2026 20:00,20.53754729,21.51831652,21.2529319,20.35677805,21.84523959,Out
28/03/2026 20:10,20.53754729,21.61831652,21.2529319,20.35677805,21.84523959,Out
28/03/2026 20:20,20.53754729,21.51831652,21.2529319,20.35677805,21.84523959,Out
28/03/2026 20:30,20.53754729,21.51831652,21.2529319,20.55677805,21.84523959,Out
28/03/2026 20:40,20.53754729,21.51831652,21.2529319,20.35677805,21.84523959,Out
28/03/2026 20:50,20.53754729,21.61831652,21.3529319,20.35677805,21.84523959,Out
28/03/2026 21:00,20.53754729,21.51831652,21.2529319,20.35677805,21.84523959,Out
28/03/2026 21:10,20.53754729,21.51831652,21.2529319,20.35677805,21.84523959,Out
28/03/2026 21:20,20.53754729,21.61831652,21.0529319,20.55677805,21.84523959,Out
28/03/2026 21:30,20.53754729,21.61831652,21.2529319,20.35677805,21.94523959,Out
28/03/2026 21:40,20.53754729,21.61831652,21.2529319,20.55677805,21.94523959,Out
28/03/2026 21:50,20.53754729,21.51831652,21.2529319,20.35677805,21.84523959,Out
28/03/2026 22:00,20.53754729,21.51831652,21.2529319,20.55677805,21.84523959,Out
28/03/2026 22:10,20.53754729,21.51831652,21.2529319,20.55677805,21.84523959,Out
28/03/2026 22:20,20.53754729,21.61831652,21.2529319,20.55677805,21.94523959,Out
28/03/2026 22:30,20.53754729,21.51831652,21.2529319,20.35677805,21.84523959,Out
28/03/2026 22:40,20.53754729,21.51831652,21.2529319,20.55677805,21.84523959,Out
28/03/2026 22:50,20.53754729,21.51831652,21.2529319,20.55677805,21.84523959,Out
28/03/2026 23:00,20.53754729,21.61831652,21.3529319,20.35677805,21.84523959,Out
28/03/2026 23:10,20.53754729,21.51831652,21.2529319,20.55677805,21.84523959,Out
28/03/2026 23:20,20.53754729,21.61831652,21.2529319,20.55677805,21.84523959,Out
28/03/2026 23:30,20.53754729,21.61831652,21.2529319,20.55677805,21.94523959,Out
28/03/2026 23:40,20.63754729,21.51831652,21.2529319,20.55677805,21.84523959,Out
28/03/2026 23:50,20.53754729,21.51831652,21.2529319,20.35677805,21.84523959,Out
29/03/2026 00:00,20.63754729,21.61831652,21.2529319,20.55677805,21.84523959,Out
29/03/2026 00:10,20.63754729,21.61831652,21.2529319,20.55677805,21.84523959,Out
29/03/2026 00:20,20.63754729,21.61831652,21.2529319,20.35677805,21.84523959,Out
29/03/2026 00:30,20.53754729,21.61831652,21.2529319,20.55677805,21.84523959,Out
29/03/2026 00:40,20.53754729,21.61831652,21.3529319,20.55677805,21.84523959,Out
29/03/2026 00:50,20.63754729,21.61831652,21.2529319,20.35677805,21.84523959,Out
29/03/2026 01:00,20.63754729,21.61831652,21.2529319,20.35677805,21.84523959,Out
29/03/2026 01:10,20.53754729,21.51831652,21.2529319,20.55677805,21.84523959,Out
29/03/2026 01:20,20.53754729,21.61831652,21.2529319,20.55677805,21.84523959,Out
29/03/2026 01:30,20.63754729,21.51831652,21.2529319,20.35677805,21.84523959,Out
29/03/2026 01:40,20.53754729,21.61831652,21.2529319,20.55677805,21.84523959,Out
29/03/2026 01:50,20.63754729,21.61831652,21.2529319,20.35677805,21.84523959,Out
29/03/2026 02:00,20.63754729,21.61831652,21.3529319,20.35677805,21.74523959,Out
29/03/2026 02:10,20.53754729,21.61831652,21.2529319,20.35677805,21.84523959,Out
29/03/2026 02:20,20.53754729,21.61831652,21.2529319,20.35677805,21.84523959,Out
29/03/2026 02:30,20.53754729,21.61831652,21.2529319,20.55677805,21.94523959,Out
29/03/2026 02:40,20.63754729,21.61831652,21.2529319,20.55677805,21.84523959,Out
29/03/2026 02:50,20.53754729,21.61831652,21.2529319,20.35677805,21.84523959,Out
29/03/2026 03:00,20.63754729,21.61831652,21.2529319,20.55677805,21.84523959,Out
29/03/2026 03:10,20.53754729,21.61831652,21.2529319,20.55677805,21.84523959,Out
29/03/2026 03:20,20.53754729,21.61831652,21.2529319,20.35677805,21.74523959,Out
29/03/2026 03:30,20.63754729,21.61831652,21.2529319,20.55677805,21.84523959,Out
29/03/2026 03:40,20.63754729,21.61831652,21.2529319,20.55677805,21.84523959,Out
29/03/2026 03:50,20.63754729,21.51831652,21.2529319,20.55677805,21.84523959,Out
29/03/2026 04:00,20.63754729,21.61831652,21.2529319,20.55677805,21.84523959,Out
29/03/2026 04:10,20.53754729,21.61831652,21.3529319,20.55677805,21.84523959,Out
29/03/2026 04:20,20.53754729,21.51831652,21.2529319,20.55677805,21.84523959,Out
29/03/2026 04:30,20.63754729,21.61831652,21.2529319,20.55677805,21.84523959,Out
29/03/2026 04:40,20.63754729,21.61831652,21.3529319,20.35677805,21.94523959,Out
29/03/2026 04:50,20.53754729,21.61831652,21.2529319,20.55677805,21.84523959,Out
29/03/2026 05:00,20.53754729,21.61831652,21.2529319,20.35677805,21.94523959,Out
29/03/2026 05:10,20.53754729,21.51831652,21.2529319,20.55677805,21.84523959,Out
29/03/2026 05:20,20.53754729,21.61831652,21.3529319,20.35677805,21.84523959,Out
29/03/2026 05:30,20.63754729,21.51831652,21.2529319,20.55677805,21.84523959,Out
29/03/2026 05:40,20.53754729,21.51831652,21.2529319,20.35677805,21.84523959,Out
29/03/2026 05:50,20.63754729,21.61831652,21.2529319,20.55677805,21.84523959,Out
29/03/2026 06:00,20.53754729,21.61831652,21.2529319,20.35677805,21.84523959,Out
29/03/2026 06:10,20.53754729,21.61831652,21.2529319,20.35677805,21.84523959,Out
29/03/2026 06:20,20.53754729,21.61831652,21.2529319,20.35677805,21.84523959,Out
29/03/2026 06:30,20.53754729,21.61831652,21.2529319,20.55677805,21.84523959,Out
29/03/2026 06:40,20.53754729,21.61831652,21.2529319,20.55677805,21.84523959,Out
29/03/2026 06:50,20.63754729,21.61831652,21.2529319,20.35677805,21.84523959,Out
29/03/2026 07:00,20.53754729,21.61831652,21.2529319,20.35677805,21.84523959,Out
29/03/2026 07:10,20.63754729,21.51831652,21.2529319,20.55677805,21.84523959,Out
29/03/2026 07:20,20.53754729,21.61831652,21.2529319,20.55677805,21.84523959,Out
29/03/2026 07:30,20.53754729,21.61831652,21.2529319,20.35677805,21.84523959,Out
29/03/2026 07:40,20.53754729,21.61831652,21.2529319,20.35677805,21.84523959,Out
29/03/2026 07:50,20.53754729,21.61831652,21.2529319,20.35677805,21.84523959,Out
29/03/2026 08:00,20.53754729,21.61831652,21.2529319,20.35677805,21.84523959,Out
29/03/2026 08:10,20.53754729,21.61831652,21.2529319,20.35677805,21.84523959,Out
29/03/2026 08:20,20.53754729,21.61831652,21.2529319,20.35677805,21.84523959,Out
29/03/2026 08:30,20.53754729,21.61831652,21.2529319,20.55677805,21.74523959,Out
29/03/2026 08:40,20.63754729,21.61831652,21.2529319,20.35677805,21.84523959,Out
29/03/2026 08:50,20.63754729,21.61831652,21.2529319,20.55677805,21.84523959,Out
29/03/2026 09:00,20.53754729,21.61831652,21.2529319,20.35677805,21.84523959,Out
29/03/2026 09:10,20.53754729,21.61831652,21.2529319,20.55677805,21.84523959,Out
29/03/2026 09:20,20.53754729,21.51831652,21.2529319,20.35677805,21.94523959,Out
29/03/2026 09:30,20.53754729,21.61831652,21.2529319,20.35677805,21.84523959,Out
29/03/2026 09:40,20.53754729,21.61831652,21.2529319,20.35677805,21.84523959,Out
29/03/2026 09:50,20.53754729,21.51831652,21.2529319,20.55677805,21.84523959,Out
29/03/2026 10:00,20.53754729,21.51831652,21.2529319,20.35677805,21.84523959,Out
29/03/2026 10:10,20.63754729,21.61831652,21.2529319,20.55677805,21.84523959,Out
29/03/2026 10:20,20.53754729,21.51831652,21.2529319,20.35677805,21.94523959,Out
29/03/2026 10:30,20.53754729,21.51831652,21.2529319,20.35677805,21.94523959,Out
29/03/2026 10:40,20.63754729,21.51831652,21.2529319,20.35677805,21.84523959,Out
29/03/2026 10:50,20.53754729,21.61831652,21.2529319,20.55677805,21.94523959,Out
29/03/2026 11:00,20.53754729,21.61831652,21.2529319,20.55677805,21.84523959,Out
29/03/2026 11:10,20.53754729,21.51831652,21.2529319,20.35677805,21.84523959,Out
29/03/2026 11:20,20.63754729,21.61831652,21.2529319,20.55677805,21.94523959,Out
29/03/2026 11:30,20.53754729,21.61831652,21.2529319,20.55677805,21.84523959,Out
29/03/2026 11:40,20.83754729,21.61831652,21.2529319,20.55677805,21.94523959,Out
29/03/2026 11:50,20.63754729,21.61831652,21.2529319,20.55677805,21.84523959,Out
29/03/2026 12:00,20.63754729,21.61831652,21.2529319,20.55677805,21.84523959,Out
29/03/2026 12:10,20.53754729,21.61831652,21.2529319,20.55677805,21.84523959,Out
29/03/2026 12:20,20.53754729,21.71831652,21.2529319,20.55677805,21.84523959,Out
29/03/2026 12:30,20.53754729,21.51831652,21.2529319,20.55677805,21.84523959,Out
29/03/2026 12:40,20.63754729,21.51831652,21.2529319,20.35677805,21.84523959,Out
29/03/2026 12:50,20.63754729,21.61831652,21.2529319,20.55677805,21.94523959,Out
29/03/2026 13:00,20.53754729,21.61831652,21.2529319,20.55677805,21.84523959,Out
29/03/2026 13:10,20.53754729,21.61831652,21.2529319,20.35677805,21.84523959,Out
29/03/2026 13:20,20.53754729,21.61831652,21.2529319,20.55677805,21.94523959,Out
29/03/2026 13:30,20.53754729,21.61831652,21.2529319,20.35677805,21.84523959,Out
29/03/2026 13:40,20.63754729,21.61831652,21.2529319,20.55677805,21.84523959,Out
29/03/2026 13:50,20.53754729,21.51831652,21.2529319,20.55677805,21.84523959,Out
29/03/2026 14:00,20.63754729,21.61831652,21.3529319,20.55677805,21.94523959,Out
29/03/2026 14:10,20.53754729,21.61831652,21.2529319,20.55677805,21.84523959,Out
29/03/2026 14:20,20.63754729,21.61831652,21.2529319,20.55677805,21.84523959,Out
29/03/2026 14:30,20.63754729,21.71831652,21.3529319,20.55677805,21.84523959,Out
29/03/2026 14:40,20.63754729,21.61831652,21.3529319,20.55677805,21.84523959,Out
29/03/2026 14:50,20.63754729,21.61831652,21.3529319,20.55677805,21.84523959,Out
29/03/2026 15:00,20.53754729,21.61831652,21.2529319,20.35677805,21.94523959,Out
29/03/2026 15:10,20.53754729,21.61831652,21.2529319,20.55677805,21.84523959,Out
29/03/2026 15:20,20.53754729,21.61831652,21.2529319,20.55677805,21.84523959,Out
29/03/2026 15:30,20.53754729,21.61831652,21.2529319,20.35677805,21.84523959,Out
29/03/2026 15:40,20.53754729,21.61831652,21.2529319,20.55677805,21.94523959,Out
29/03/2026 15:50,20.63754729,21.61831652,21.2529319,20.55677805,21.84523959,Out
29/03/2026 16:00,20.53754729,21.61831652,21.2529319,20.55677805,21.84523959,Out
29/03/2026 16:10,20.53754729,21.61831652,21.3529319,20.55677805,21.84523959,Out
29/03/2026 16:20,20.63754729,21.61831652,21.2529319,20.55677805,21.84523959,Out
29/03/2026 16:30,20.53754729,21.61831652,21.2529319,20.35677805,21.84523959,Out
29/03/2026 16:40,20.53754729,21.61831652,21.2529319,20.35677805,21.74523959,Out
29/03/2026 16:50,20.53754729,21.61831652,21.2529319,20.55677805,21.84523959,Out
29/03/2026 17:00,20.63754729,21.61831652,21.2529319,20.55677805,21.84523959,Out
29/03/2026 17:10,20.63754729,21.61831652,21.2529319,20.55677805,21.84523959,Out
29/03/2026 17:20,20.63754729,21.61831652,21.2529319,20.35677805,21.84523959,Out
29/03/2026 17:30,20.53754729,21.61831652,21.2529319,20.55677805,21.84523959,Out
29/03/2026 17:40,20.63754729,21.61831652,21.2529319,20.35677805,21.84523959,Out
29/03/2026 17:50,20.53754729,21.61831652,21.2529319,20.55677805,21.84523959,Out
29/03/2026 18:00,20.63754729,21.61831652,21.2529319,20.55677805,21.74523959,Out
29/03/2026 18:10,20.53754729,21.51831652,21.2529319,20.55677805,21.84523959,Out
29/03/2026 18:20,20.53754729,21.61831652,21.2529319,20.35677805,21.84523959,Out
29/03/2026 18:30,20.53754729,21.61831652,21.2529319,20.35677805,21.84523959,Out
29/03/2026 18:40,20.53754729,21.61831652,21.2529319,20.35677805,21.74523959,Out
29/03/2026 18:50,20.53754729,21.61831652,21.2529319,20.55677805,21.84523959,Out
29/03/2026 19:00,20.53754729,21.51831652,21.2529319,20.35677805,21.84523959,Out
29/03/2026 19:10,20.53754729,21.61831652,21.2529319,20.35677805,21.84523959,Out
29/03/2026 19:20,20.53754729,21.61831652,21.2529319,20.35677805,21.84523959,Out
29/03/2026 19:30,20.53754729,21.51831652,21.2529319,20.35677805,21.94523959,Out
29/03/2026 19:40,20.53754729,21.61831652,21.2529319,20.55677805,21.84523959,Out
29/03/2026 19:50,20.63754729,21.61831652,21.2529319,20.55677805,21.84523959,Out
29/03/2026 20:00,20.53754729,21.51831652,21.2529319,20.55677805,21.84523959,Out
29/03/2026 20:10,20.53754729,21.61831652,21.2529319,20.55677805,21.84523959,Out
29/03/2026 20:20,20.63754729,21.61831652,21.2529319,20.55677805,21.84523959,Out
29/03/2026 20:30,20.63754729,21.51831652,21.2529319,20.35677805,21.84523959,Out
29/03/2026 20:40,20.63754729,21.51831652,21.2529319,20.35677805,21.84523959,Out
29/03/2026 20:50,20.53754729,21.61831652,21.2529319,20.35677805,21.94523959,Out
29/03/2026 21:00,20.53754729,21.61831652,21.2529319,20.55677805,21.84523959,Out
29/03/2026 21:10,20.53754729,21.51831652,21.2529319,20.55677805,21.84523959,Out
29/03/2026 21:20,20.63754729,21.61831652,21.2529319,20.55677805,21.94523959,Out
29/03/2026 21:30,20.63754729,21.61831652,21.2529319,20.55677805,21.84523959,Out
29/03/2026 21:40,20.53754729,21.61831652,21.2529319,20.55677805,21.84523959,Out
29/03/2026 21:50,20.63754729,21.61831652,21.2529319,20.55677805,21.84523959,Out
29/03/2026 22:00,20.63754729,21.51831652,21.2529319,20.55677805,21.84523959,Out
29/03/2026 22:10,20.63754729,21.61831652,21.3529319,20.55677805,21.94523959,Out
29/03/2026 22:20,20.53754729,21.61831652,21.2529319,20.55677805,21.84523959,Out
29/03/2026 22:30,20.63754729,21.51831652,21.2529319,20.55677805,21.84523959,Out
29/03/2026 22:40,20.53754729,21.61831652,21.2529319,20.55677805,21.84523959,Out
29/03/2026 22:50,20.63754729,21.61831652,21.2529319,20.35677805,21.94523959,Out
29/03/2026 23:00,20.53754729,21.61831652,21.3529319,20.35677805,21.84523959,Out
29/03/2026 23:10,20.53754729,21.61831652,21.2529319,20.55677805,21.84523959,Out
29/03/2026 23:20,20.63754729,21.61831652,21.2529319,20.55677805,21.84523959,Out
29/03/2026 23:30,20.53754729,21.61831652,21.3529319,20.55677805,21.84523959,Out
29/03/2026 23:40,20.63754729,21.61831652,21.2529319,20.55677805,21.84523959,Out
29/03/2026 23:50,20.53754729,21.61831652,21.2529319,20.35677805,21.84523959,Out
30/03/2026 00:00,20.63754729,21.51831652,21.2529319,20.55677805,21.84523959,Out
30/03/2026 00:10,20.63754729,21.61831652,21.2529319,20.55677805,21.94523959,Out
30/03/2026 00:20,20.63754729,21.61831652,21.2529319,20.35677805,21.84523959,Out
30/03/2026 00:30,20.53754729,21.61831652,21.2529319,20.55677805,21.84523959,Out
30/03/2026 00:40,20.63754729,21.61831652,21.2529319,20.55677805,21.74523959,Out
30/03/2026 00:50,20.53754729,21.61831652,21.2529319,20.55677805,21.74523959,Out
30/03/2026 01:00,20.53754729,21.61831652,21.2529319,20.35677805,21.84523959,Out
30/03/2026 01:10,20.53754729,21.61831652,21.2529319,20.55677805,21.84523959,Out
30/03/2026 01:20,20.53754729,21.51831652,21.2529319,20.35677805,21.84523959,Out
30/03/2026 01:30,20.53754729,21.61831652,21.2529319,20.35677805,21.74523959,Out
30/03/2026 01:40,20.53754729,21.61831652,21.2529319,20.35677805,21.84523959,Out
30/03/2026 01:50,20.53754729,21.61831652,21.2529319,20.55677805,21.84523959,Out
30/03/2026 02:00,20.53754729,21.61831652,21.2529319,20.35677805,21.84523959,Out
30/03/2026 02:10,20.63754729,21.61831652,21.2529319,20.35677805,21.74523959,Out
30/03/2026 02:20,20.53754729,21.51831652,21.2529319,20.55677805,21.74523959,Out
30/03/2026 02:30,20.53754729,21.61831652,21.2529319,20.55677805,21.74523959,Out
30/03/2026 02:40,20.63754729,21.61831652,21.2529319,20.55677805,21.84523959,Out
30/03/2026 02:50,20.63754729,21.61831652,21.2529319,20.55677805,21.84523959,Out
30/03/2026 03:00,20.53754729,21.61831652,21.2529319,20.55677805,21.84523959,Out
30/03/2026 03:10,20.53754729,21.61831652,21.2529319,20.35677805,21.84523959,Out
30/03/2026 03:20,20.53754729,21.61831652,21.2529319,20.55677805,21.74523959,Out
30/03/2026 03:30,20.63754729,21.61831652,21.2529319,20.55677805,21.84523959,Out
30/03/2026 03:40,20.53754729,21.61831652,21.2529319,20.35677805,21.84523959,Out
30/03/2026 03:50,20.53754729,21.61831652,21.2529319,20.55677805,21.84523959,Out
30/03/2026 04:00,20.63754729,21.51831652,21.2529319,20.35677805,21.84523959,Out
30/03/2026 04:10,20.63754729,21.51831652,21.2529319,20.35677805,21.84523959,Out
30/03/2026 04:20,20.53754729,21.51831652,21.2529319,20.35677805,21.84523959,Out
30/03/2026 04:30,20.53754729,21.61831652,21.2529319,20.35677805,21.84523959,Out
30/03/2026 04:40,20.53754729,21.61831652,21.2529319,20.35677805,21.74523959,Out
30/03/2026 04:50,20.53754729,21.61831652,21.2529319,20.55677805,21.94523959,Out
30/03/2026 05:00,20.53754729,21.51831652,21.2529319,20.35677805,21.84523959,Out
30/03/2026 05:10,20.53754729,21.61831652,21.2529319,20.55677805,21.84523959,Out
30/03/2026 05:20,20.63754729,21.51831652,21.2529319,20.35677805,21.84523959,Out
30/03/2026 05:30,20.63754729,21.61831652,21.2529319,20.35677805,21.84523959,Out
30/03/2026 05:40,20.53754729,21.51831652,21.2529319,20.35677805,21.84523959,Out
30/03/2026 05:50,20.63754729,21.51831652,21.2529319,20.35677805,21.84523959,Out
30/03/2026 06:00,20.63754729,21.61831652,21.2529319,20.35677805,21.84523959,Out
30/03/2026 06:10,20.53754729,21.61831652,21.2529319,20.55677805,21.84523959,Out
30/03/2026 06:20,20.53754729,21.61831652,21.2529319,20.55677805,21.84523959,Out
30/03/2026 06:30,20.63754729,21.61831652,21.2529319,20.55677805,21.84523959,Out
30/03/2026 06:40,20.53754729,21.61831652,21.3529319,20.55677805,21.94523959,Out
30/03/2026 06:50,20.63754729,21.61831652,21.2529319,20.55677805,21.84523959,Out
30/03/2026 07:00,20.53754729,21.51831652,21.2529319,20.55677805,21.84523959,Out
30/03/2026 07:10,20.53754729,21.61831652,21.3529319,20.35677805,21.84523959,Out
30/03/2026 07:20,20.53754729,21.61831652,21.2529319,20.55677805,21.94523959,Out
30/03/2026 07:30,20.53754729,21.61831652,21.2529319,20.35677805,21.84523959,Out
30/03/2026 07:40,20.63754729,21.61831652,21.2529319,20.55677805,21.84523959,Out
30/03/2026 07:50,20.53754729,21.61831652,21.2529319,20.55677805,21.74523959,Out
30/03/2026 08:00,20.53754729,21.61831652,21.0529319,20.55677805,21.84523959,Out
30/03/2026 08:10,20.53754729,21.51831652,21.2529319,20.35677805,21.84523959,Out
30/03/2026 08:20,20.63754729,21.61831652,21.2529319,20.35677805,21.84523959,Out
30/03/2026 08:30,20.53754729,21.61831652,21.2529319,20.35677805,21.84523959,Out
30/03/2026 08:40,20.53754729,21.51831652,21.2529319,20.55677805,21.74523959,Out
30/03/2026 08:50,20.63754729,21.51831652,21.2529319,20.35677805,21.84523959,Out
30/03/2026 09:00,20.53754729,21.61831652,21.2529319,20.55677805,21.84523959,Out
30/03/2026 09:10,20.53754729,21.61831652,21.2529319,20.55677805,21.84523959,Out
30/03/2026 09:20,20.53754729,21.51831652,21.2529319,20.35677805,21.84523959,Out
30/03/2026 09:30,20.53754729,21.61831652,21.2529319,20.55677805,21.84523959,Out
30/03/2026 09:40,20.63754729,21.61831652,21.2529319,20.35677805,21.84523959,Out
30/03/2026 09:50,20.63754729,21.51831652,21.2529319,20.35677805,21.84523959,Out
30/03/2026 10:00,20.63754729,21.61831652,21.2529319,20.55677805,21.94523959,Out
30/03/2026 10:10,20.53754729,21.61831652,21.2529319,20.55677805,21.84523959,Out
30/03/2026 10:20,20.53754729,21.61831652,21.2529319,20.35677805,21.84523959,Out
30/03/2026 10:30,20.53754729,21.61831652,21.2529319,20.35677805,21.84523959,Out
30/03/2026 10:40,20.53754729,21.61831652,21.2529319,20.55677805,21.84523959,Out
30/03/2026 10:50,20.53754729,21.61831652,21.2529319,20.35677805,21.84523959,Out
30/03/2026 11:00,20.53754729,21.61831652,21.3529319,20.55677805,21.84523959,Out
30/03/2026 11:10,20.53754729,21.61831652,21.2529319,20.35677805,21.84523959,Out
30/03/2026 11:20,20.53754729,21.61831652,21.2529319,20.35677805,21.84523959,Out
30/03/2026 11:30,20.53754729,21.61831652,21.2529319,20.55677805,21.84523959,Out
30/03/2026 11:40,20.53754729,21.61831652,21.2529319,20.35677805,21.94523959,Out
30/03/2026 11:50,20.53754729,21.61831652,21.2529319,20.55677805,21.84523959,Out
30/03/2026 12:00,20.63754729,21.61831652,21.2529319,20.35677805,21.84523959,Out
30/03/2026 12:10,20.53754729,21.61831652,21.2529319,20.35677805,21.94523959,Out
30/03/2026 12:20,20.53754729,21.61831652,21.2529319,20.35677805,21.84523959,Out
30/03/2026 12:30,20.63754729,21.51831652,21.2529319,20.55677805,21.84523959,Out
30/03/2026 12:40,20.53754729,21.61831652,21.2529319,20.35677805,21.84523959,Out
30/03/2026 12:50,20.53754729,21.61831652,21.2529319,20.35677805,21.84523959,Out
30/03/2026 13:00,20.53754729,21.61831652,21.2529319,20.55677805,21.84523959,Out
30/03/2026 13:10,20.63754729,21.51831652,21.2529319,20.55677805,21.74523959,Out
30/03/2026 13:20,20.53754729,21.51831652,21.2529319,20.35677805,21.84523959,Out
30/03/2026 13:30,20.53754729,21.61831652,21.2529319,20.55677805,21.84523959,Out
30/03/2026 13:40,20.53754729,21.61831652,21.3529319,20.55677805,21.84523959,Out
30/03/2026 13:50,20.53754729,21.61831652,21.2529319,20.55677805,21.84523959,Out
30/03/2026 14:00,20.53754729,21.61831652,21.2529319,20.35677805,21.84523959,Out
30/03/2026 14:10,20.53754729,21.51831652,21.2529319,20.35677805,21.94523959,Out
30/03/2026 14:20,20.53754729,21.61831652,21.2529319,20.55677805,21.84523959,Out
30/03/2026 14:30,20.53754729,21.61831652,21.2529319,20.55677805,21.94523959,Out
30/03/2026 14:40,20.53754729,21.51831652,21.2529319,20.55677805,21.84523959,Out
30/03/2026 14:50,20.53754729,21.61831652,21.2529319,20.55677805,21.74523959,Out
30/03/2026 15:00,20.53754729,21.61831652,21.2529319,20.35677805,21.84523959,Out
30/03/2026 15:10,20.53754729,21.61831652,21.2529319,20.55677805,21.84523959,Out
30/03/2026 15:20,20.63754729,21.61831652,21.2529319,20.55677805,21.84523959,Out
30/03/2026 15:30,20.53754729,21.61831652,21.2529319,20.55677805,21.84523959,Out
30/03/2026 15:40,20.63754729,21.61831652,21.2529319,20.55677805,21.84523959,Out
30/03/2026 15:50,20.53754729,21.71831652,21.2529319,20.35677805,21.84523959,Out
30/03/2026 16:00,20.53754729,21.61831652,21.2529319,20.55677805,21.84523959,Out
30/03/2026 16:10,20.63754729,21.51831652,21.2529319,20.55677805,21.84523959,Out
30/03/2026 16:20,20.53754729,21.61831652,21.2529319,20.35677805,21.84523959,Out
30/03/2026 16:30,20.53754729,21.61831652,21.2529319,20.55677805,21.84523959,Out
30/03/2026 16:40,20.53754729,21.61831652,21.2529319,20.35677805,21.84523959,Out
30/03/2026 16:50,20.63754729,21.61831652,21.2529319,20.55677805,21.94523959,Out
30/03/2026 17:00,20.63754729,21.61831652,21.2529319,20.55677805,21.94523959,Out
30/03/2026 17:10,20.63754729,21.61831652,21.2529319,20.55677805,21.84523959,Out
30/03/2026 17:20,20.63754729,21.61831652,21.2529319,20.55677805,21.84523959,Out
30/03/2026 17:30,20.53754729,21.61831652,21.3529319,20.55677805,21.84523959,Out
30/03/2026 17:40,20.53754729,21.61831652,21.2529319,20.35677805,21.74523959,Out
30/03/2026 17:50,20.63754729,21.61831652,21.2529319,20.55677805,21.84523959,Out
30/03/2026 18:00,20.63754729,21.61831652,21.2529319,20.55677805,21.94523959,Out
30/03/2026 18:10,20.63754729,21.61831652,21.2529319,20.55677805,21.84523959,Out
30/03/2026 18:20,20.63754729,21.51831652,21.2529319,20.55677805,21.94523959,Out
30/03/2026 18:30,20.63754729,21.61831652,21.2529319,20.55677805,21.84523959,Out
30/03/2026 18:40,20.63754729,21.61831652,21.2529319,20.55677805,21.74523959,Out
30/03/2026 18:50,20.53754729,21.61831652,21.2529319,20.55677805,21.84523959,Out
30/03/2026 19:00,20.53754729,21.61831652,21.2529319,20.55677805,21.84523959,Out
30/03/2026 19:10,20.63754729,21.51831652,21.2529319,20.55677805,21.94523959,Out
30/03/2026 19:20,20.63754729,21.61831652,21.2529319,20.55677805,21.84523959,Out
30/03/2026 19:30,20.53754729,21.61831652,21.2529319,20.55677805,21.84523959,Out
30/03/2026 19:40,20.63754729,21.61831652,21.2529319,20.55677805,21.84523959,Out
30/03/2026 19:50,20.63754729,21.61831652,21.2529319,20.35677805,21.84523959,Out
30/03/2026 20:00,20.63754729,21.61831652,21.2529319,20.55677805,21.84523959,Out
30/03/2026 20:10,20.53754729,21.61831652,21.3529319,20.75677805,21.74523959,Out
30/03/2026 20:20,20.53754729,21.61831652,21.2529319,20.55677805,21.84523959,Out
30/03/2026 20:30,20.63754729,21.61831652,21.3529319,20.55677805,21.84523959,Out
30/03/2026 20:40,20.63754729,21.61831652,21.3529319,20.55677805,21.94523959,Out
30/03/2026 20:50,20.63754729,21.61831652,21.2529319,20.35677805,21.84523959,Out
30/03/2026 21:00,20.53754729,21.61831652,21.2529319,20.55677805,21.84523959,Out
30/03/2026 21:10,20.63754729,21.61831652,21.2529319,20.55677805,21.84523959,Out
30/03/2026 21:20,20.63754729,21.51831652,21.2529319,20.55677805,21.84523959,Out
30/03/2026 21:30,20.53754729,21.61831652,21.2529319,20.55677805,21.84523959,Out
30/03/2026 21:40,20.63754729,21.61831652,21.2529319,20.55677805,21.84523959,Out
30/03/2026 21:50,20.63754729,21.61831652,21.2529319,20.55677805,21.84523959,Out
30/03/2026 22:00,20.53754729,21.51831652,21.2529319,20.55677805,21.84523959,Out
30/03/2026 22:10,20.53754729,21.71831652,21.2529319,20.35677805,21.84523959,Out
30/03/2026 22:20,20.63754729,21.61831652,21.2529319,20.55677805,21.84523959,Out
30/03/2026 22:30,20.63754729,21.61831652,21.2529319,20.55677805,21.84523959,Out
30/03/2026 22:40,20.63754729,21.61831652,21.2529319,20.35677805,21.94523959,Out
30/03/2026 22:50,20.53754729,21.61831652,21.2529319,20.55677805,21.74523959,Out
30/03/2026 23:00,20.63754729,21.61831652,21.2529319,20.35677805,21.84523959,Out
30/03/2026 23:10,20.63754729,21.51831652,21.2529319,20.55677805,21.84523959,Out
30/03/2026 23:20,20.53754729,21.61831652,21.2529319,20.55677805,21.84523959,Out
30/03/2026 23:30,20.53754729,21.51831652,21.2529319,20.55677805,21.84523959,Out
30/03/2026 23:40,20.53754729,21.61831652,21.2529319,20.55677805,21.94523959,Out
30/03/2026 23:50,20.63754729,21.61831652,21.2529319,20.55677805,21.84523959,Out
31/03/2026 00:00,20.53754729,21.51831652,21.0529319,20.35677805,21.84523959,Out
31/03/2026 00:10,20.53754729,21.61831652,21.2529319,20.35677805,21.84523959,Out
31/03/2026 00:20,20.63754729,21.61831652,21.2529319,20.35677805,21.84523959,Out
31/03/2026 00:30,20.53754729,21.61831652,21.2529319,20.55677805,21.84523959,Out
31/03/2026 00:40,20.53754729,21.61831652,21.2529319,20.35677805,21.84523959,Out
31/03/2026 00:50,20.53754729,21.51831652,21.2529319,20.55677805,21.94523959,Out
31/03/2026 01:00,20.53754729,21.61831652,21.2529319,20.55677805,21.74523959,Out
31/03/2026 01:10,20.53754729,21.51831652,21.2529319,20.55677805,21.74523959,Out
31/03/2026 01:20,20.53754729,21.51831652,21.2529319,20.55677805,21.84523959,Out
31/03/2026 01:30,20.53754729,21.51831652,21.2529319,20.55677805,21.84523959,Out
31/03/2026 01:40,20.53754729,21.61831652,21.2529319,20.55677805,21.74523959,Out
31/03/2026 01:50,20.53754729,21.51831652,21.2529319,20.55677805,21.84523959,Out
31/03/2026 02:00,20.53754729,21.61831652,21.2529319,20.35677805,21.84523959,Out
31/03/2026 02:10,20.53754729,21.61831652,21.2529319,20.55677805,21.84523959,Out
31/03/2026 02:20,20.53754729,21.61831652,21.2529319,20.35677805,21.74523959,Out
31/03/2026 02:30,20.53754729,21.51831652,21.2529319,20.35677805,21.74523959,Out
31/03/2026 02:40,20.53754729,21.51831652,21.2529319,20.55677805,21.74523959,Out
31/03/2026 02:50,20.63754729,21.61831652,21.2529319,20.55677805,21.84523959,Out
31/03/2026 03:00,20.53754729,21.61831652,21.2529319,20.35677805,21.84523959,Out
31/03/2026 03:10,20.53754729,21.51831652,21.2529319,20.35677805,21.84523959,Out
31/03/2026 03:20,20.53754729,21.61831652,21.2529319,20.35677805,21.84523959,Out
31/03/2026 03:30,20.53754729,21.61831652,21.2529319,20.35677805,21.74523959,Out
31/03/2026 03:40,20.53754729,21.61831652,21.2529319,20.55677805,21.84523959,Out
31/03/2026 03:50,20.53754729,21.61831652,21.2529319,20.55677805,21.84523959,Out
31/03/2026 04:00,20.53754729,21.51831652,21.2529319,20.35677805,21.84523959,Out
31/03/2026 04:10,20.53754729,21.51831652,21.2529319,20.35677805,21.84523959,Out
31/03/2026 04:20,20.53754729,21.61831652,21.2529319,20.55677805,21.84523959,Out
31/03/2026 04:30,20.53754729,21.61831652,21.2529319,20.35677805,21.84523959,Out
31/03/2026 04:40,20.53754729,21.51831652,21.2529319,20.55677805,21.84523959,Out
31/03/2026 04:50,20.53754729,21.61831652,21.2529319,20.55677805,21.84523959,Out
31/03/2026 05:00,20.53754729,21.61831652,21.2529319,20.35677805,21.84523959,Out
31/03/2026 05:10,20.53754729,21.51831652,21.2529319,20.35677805,21.94523959,Out
31/03/2026 05:20,20.63754729,21.51831652,21.0529319,20.55677805,21.84523959,Out
31/03/2026 05:30,20.53754729,21.51831652,21.3529319,20.55677805,21.74523959,Out
31/03/2026 05:40,20.63754729,21.61831652,21.2529319,20.55677805,21.84523959,Out
31/03/2026 05:50,20.63754729,21.61831652,21.3529319,20.55677805,21.84523959,Out
31/03/2026 06:00,20.63754729,21.61831652,21.2529319,20.55677805,21.84523959,Out
31/03/2026 06:10,20.63754729,21.61831652,21.2529319,20.35677805,21.84523959,Out
31/03/2026 06:20,20.63754729,21.61831652,21.2529319,20.55677805,21.84523959,Out
31/03/2026 06:30,20.63754729,21.61831652,21.2529319,20.55677805,21.84523959,Out
31/03/2026 06:40,20.53754729,21.61831652,21.2529319,20.35677805,21.84523959,Out
31/03/2026 06:50,20.63754729,21.61831652,21.2529319,20.35677805,21.74523959,Out
31/03/2026 07:00,20.53754729,21.61831652,21.2529319,20.55677805,21.84523959,Out
31/03/2026 07:10,20.63754729,21.61831652,21.3529319,20.35677805,21.84523959,Out
31/03/2026 07:20,20.63754729,21.61831652,21.2529319,20.55677805,21.84523959,Out
31/03/2026 07:30,20.63754729,21.71831652,21.3529319,20.55677805,21.84523959,Out
31/03/2026 07:40,20.53754729,21.61831652,21.3529319,20.55677805,21.84523959,Out
31/03/2026 07:50,20.53754729,21.51831652,21.2529319,20.35677805,21.84523959,Out
31/03/2026 08:00,20.63754729,21.61831652,21.3529319,20.55677805,21.84523959,Out
31/03/2026 08:10,20.63754729,21.61831652,21.2529319,20.35677805,21.84523959,Out
31/03/2026 08:20,20.63754729,21.61831652,21.2529319,20.55677805,21.84523959,Out
31/03/2026 08:30,20.63754729,21.61831652,21.2529319,20.35677805,21.84523959,Out
31/03/2026 08:40,20.63754729,21.61831652,21.2529319,20.55677805,21.94523959,Out
31/03/2026 08:50,20.63754729,21.61831652,21.2529319,20.55677805,21.94523959,Out
31/03/2026 09:00,20.63754729,21.61831652,21.2529319,20.55677805,21.84523959,Out
31/03/2026 09:10,20.53754729,21.71831652,21.2529319,20.55677805,21.84523959,Out
31/03/2026 09:20,20.63754729,21.61831652,21.2529319,20.55677805,21.84523959,Out
31/03/2026 09:30,20.63754729,21.61831652,21.2529319,20.55677805,21.84523959,Out
31/03/2026 09:40,20.63754729,21.61831652,21.2529319,20.55677805,21.84523959,Out
31/03/2026 09:50,20.63754729,21.61831652,21.2529319,20.55677805,21.94523959,Out
31/03/2026 10:00,20.53754729,21.61831652,21.3529319,20.55677805,21.84523959,Out
31/03/2026 10:10,20.63754729,21.61831652,21.2529319,20.35677805,21.84523959,Out
31/03/2026 10:20,20.53754729,21.61831652,21.2529319,20.35677805,21.74523959,Out
31/03/2026 10:30,20.53754729,21.61831652,21.2529319,20.55677805,21.84523959,Out
31/03/2026 10:40,20.63754729,21.61831652,21.2529319,20.55677805,21.84523959,Out
31/03/2026 10:50,20.53754729,21.61831652,21.2529319,20.55677805,21.84523959,Out
31/03/2026 11:00,20.63754729,21.61831652,21.2529319,20.55677805,21.84523959,Out
31/03/2026 11:10,20.63754729,21.61831652,21.2529319,20.55677805,21.84523959,Out
31/03/2026 11:20,20.53754729,21.51831652,21.2529319,20.35677805,21.94523959,Out
31/03/2026 11:30,20.53754729,21.51831652,21.2529319,20.55677805,21.84523959,Out
31/03/2026 11:40,20.53754729,21.61831652,21.2529319,20.55677805,21.84523959,Out
31/03/2026 11:50,20.53754729,21.51831652,21.2529319,20.35677805,21.94523959,Out
31/03/2026 12:00,20.53754729,21.61831652,21.2529319,20.35677805,21.84523959,Out
31/03/2026 12:10,20.53754729,21.61831652,21.2529319,20.55677805,21.84523959,Out
31/03/2026 12:20,20.53754729,21.51831652,21.2529319,20.35677805,21.84523959,Out
31/03/2026 12:30,20.63754729,21.51831652,21.2529319,20.35677805,21.84523959,Out
31/03/2026 12:40,20.53754729,21.51831652,21.2529319,20.35677805,21.84523959,Out
31/03/2026 12:50,20.53754729,21.51831652,21.2529319,20.35677805,21.84523959,Out
31/03/2026 13:00,20.53754729,21.51831652,21.2529319,20.55677805,21.84523959,Out
31/03/2026 13:10,20.53754729,21.51831652,21.2529319,20.55677805,21.84523959,Out
31/03/2026 13:20,20.53754729,21.61831652,21.2529319,20.35677805,21.84523959,Out
31/03/2026 13:30,20.53754729,21.51831652,21.2529319,20.55677805,21.84523959,Out
31/03/2026 13:40,20.53754729,21.51831652,21.2529319,20.35677805,21.94523959,Out
31/03/2026 13:50,20.53754729,21.51831652,21.2529319,20.35677805,21.84523959,Out
31/03/2026 14:00,20.53754729,21.51831652,21.2529319,20.55677805,21.84523959,Out
31/03/2026 14:10,20.53754729,21.51831652,21.2529319,20.35677805,21.84523959,Out
31/03/2026 14:20,20.53754729,21.51831652,21.2529319,20.55677805,21.84523959,Out
31/03/2026 14:30,20.53754729,21.51831652,21.2529319,20.35677805,21.84523959,Out
31/03/2026 14:40,20.53754729,21.51831652,21.2529319,20.35677805,21.84523959,Out
31/03/2026 14:50,20.53754729,21.51831652,21.2529319,20.35677805,21.84523959,Out
31/03/2026 15:00,20.53754729,21.61831652,21.2529319,20.35677805,21.84523959,Out
31/03/2026 15:10,20.53754729,21.51831652,21.2529319,20.55677805,21.84523959,Out
31/03/2026 15:20,20.53754729,21.51831652,21.2529319,20.55677805,21.84523959,Out
31/03/2026 15:30,20.53754729,21.51831652,21.2529319,20.35677805,21.84523959,Out
31/03/2026 15:40,20.53754729,21.61831652,21.2529319,20.55677805,21.84523959,Out
31/03/2026 15:50,20.53754729,21.61831652,21.2529319,20.55677805,21.84523959,Out
31/03/2026 16:00,20.53754729,21.51831652,21.2529319,20.35677805,21.84523959,Out
31/03/2026 16:10,20.63754729,21.61831652,21.2529319,20.55677805,21.84523959,Out
31/03/2026 16:20,20.53754729,21.61831652,21.2529319,20.55677805,21.84523959,Out
31/03/2026 16:30,20.53754729,21.51831652,21.2529319,20.55677805,21.84523959,Out
31/03/2026 16:40,20.53754729,21.51831652,21.2529319,20.55677805,21.84523959,Out
31/03/2026 16:50,20.63754729,21.61831652,21.3529319,20.55677805,21.84523959,Out
31/03/2026 17:00,20.53754729,21.61831652,21.2529319,20.35677805,21.84523959,Out
31/03/2026 17:10,20.53754729,21.61831652,21.2529319,20.35677805,21.84523959,Out
31/03/2026 17:20,20.53754729,21.61831652,21.2529319,20.55677805,21.84523959,Out
31/03/2026 17:30,20.63754729,21.61831652,21.2529319,20.35677805,21.84523959,Out
31/03/2026 17:40,20.63754729,21.61831652,21.2529319,20.55677805,21.84523959,Out
31/03/2026 17:50,20.53754729,21.61831652,21.2529319,20.55677805,21.74523959,Out
31/03/2026 18:00,20.53754729,21.51831652,21.2529319,20.55677805,21.84523959,Out
31/03/2026 18:10,20.53754729,21.61831652,21.2529319,20.55677805,21.84523959,Out
31/03/2026 18:20,20.53754729,21.61831652,21.2529319,20.35677805,21.84523959,Out
31/03/2026 18:30,20.63754729,21.61831652,21.2529319,20.55677805,21.94523959,Out
31/03/2026 18:40,20.53754729,21.61831652,21.2529319,20.35677805,21.84523959,Out
31/03/2026 18:50,20.53754729,21.61831652,21.2529319,20.55677805,21.84523959,Out
31/03/2026 19:00,20.53754729,21.61831652,21.2529319,20.35677805,21.84523959,Out
31/03/2026 19:10,20.63754729,21.61831652,21.2529319,20.55677805,21.84523959,Out
31/03/2026 19:20,20.53754729,21.51831652,21.2529319,20.55677805,21.84523959,Out
31/03/2026 19:30,20.53754729,21.51831652,21.2529319,20.35677805,21.84523959,Out
31/03/2026 19:40,20.53754729,21.51831652,21.2529319,20.35677805,21.84523959,Out
31/03/2026 19:50,20.53754729,21.61831652,21.2529319,20.35677805,21.84523959,Out
31/03/2026 20:00,20.53754729,21.51831652,21.2529319,20.55677805,21.84523959,Out
31/03/2026 20:10,20.53754729,21.51831652,21.2529319,20.35677805,21.84523959,Out
31/03/2026 20:20,20.53754729,21.61831652,21.2529319,20.35677805,21.74523959,Out
31/03/2026 20:30,20.53754729,21.61831652,21.2529319,20.35677805,21.84523959,Out
31/03/2026 20:40,20.53754729,21.61831652,21.2529319,20.35677805,21.74523959,Out
31/03/2026 20:50,20.53754729,21.61831652,21.2529319,20.35677805,21.74523959,Out
31/03/2026 21:00,20.63754729,21.51831652,21.2529319,20.35677805,21.84523959,Out
31/03/2026 21:10,20.53754729,21.51831652,21.2529319,20.55677805,21.84523959,Out
31/03/2026 21:20,20.53754729,21.61831652,21.2529319,20.35677805,21.84523959,Out
31/03/2026 21:30,20.53754729,21.61831652,21.2529319,20.35677805,21.84523959,Out
31/03/2026 21:40,20.53754729,21.51831652,21.2529319,20.55677805,21.74523959,Out
31/03/2026 21:50,20.53754729,21.61831652,21.2529319,20.35677805,21.84523959,Out
31/03/2026 22:00,20.53754729,21.61831652,21.2529319,20.35677805,21.94523959,Out
31/03/2026 22:10,20.53754729,21.51831652,21.2529319,20.35677805,21.84523959,Out
31/03/2026 22:20,20.53754729,21.61831652,21.2529319,20.35677805,21.84523959,Out
31/03/2026 22:30,20.63754729,21.51831652,21.2529319,20.35677805,21.84523959,Out
31/03/2026 22:40,20.53754729,21.61831652,21.2529319,20.35677805,21.84523959,Out
31/03/2026 22:50,20.53754729,21.61831652,21.2529319,20.55677805,21.84523959,Out
31/03/2026 23:00,20.53754729,21.61831652,21.2529319,20.55677805,21.84523959,Out
31/03/2026 23:10,20.53754729,21.51831652,21.2529319,20.55677805,21.84523959,Out
31/03/2026 23:20,20.53754729,21.61831652,21.2529319,20.35677805,21.84523959,Out
31/03/2026 23:30,20.53754729,21.61831652,21.2529319,20.35677805,21.94523959,Out
31/03/2026 23:40,20.53754729,21.51831652,21.2529319,20.35677805,21.84523959,Out
31/03/2026 23:50,20.53754729,21.51831652,21.2529319,20.35677805,21.74523959,Out
01/04/2026 00:00,20.53754729,21.51831652,21.2529319,20.35677805,21.84523959,Out
01/04/2026 00:10,20.53754729,21.61831652,21.2529319,20.55677805,21.84523959,Out
01/04/2026 00:20,20.53754729,21.51831652,21.2529319,20.35677805,21.84523959,Out
01/04/2026 00:30,20.53754729,21.51831652,21.2529319,20.35677805,21.84523959,Out
01/04/2026 00:40,20.53754729,21.51831652,21.2529319,20.35677805,21.84523959,Out
01/04/2026 00:50,20.63754729,21.51831652,21.2529319,20.55677805,21.84523959,Out
01/04/2026 01:00,20.53754729,21.51831652,21.2529319,20.55677805,21.74523959,Out
01/04/2026 01:10,20.53754729,21.61831652,21.2529319,20.35677805,21.84523959,Out
01/04/2026 01:20,20.53754729,21.51831652,21.2529319,20.35677805,21.84523959,Out
01/04/2026 01:30,20.53754729,21.61831652,21.2529319,20.35677805,21.74523959,Out
01/04/2026 01:40,20.53754729,21.61831652,21.2529319,20.35677805,21.74523959,Out
01/04/2026 01:50,20.53754729,21.51831652,21.2529319,20.35677805,21.84523959,Out
01/04/2026 02:00,20.63754729,21.61831652,21.2529319,20.35677805,21.84523959,Out
01/04/2026 02:10,20.63754729,21.61831652,21.2529319,20.35677805,21.84523959,Out
01/04/2026 02:20,20.63754729,21.51831652,21.2529319,20.35677805,21.84523959,Out
01/04/2026 02:30,20.53754729,21.61831652,21.2529319,20.35677805,21.74523959,Out
01/04/2026 02:40,20.53754729,21.51831652,21.2529319,20.35677805,21.74523959,Out
01/04/2026 02:50,20.53754729,21.51831652,21.0529319,20.35677805,21.74523959,Out
01/04/2026 03:00,20.53754729,21.51831652,21.2529319,20.35677805,21.74523959,Out
01/04/2026 03:10,20.63754729,21.51831652,21.2529319,20.35677805,21.84523959,Out
01/04/2026 03:20,20.53754729,21.51831652,21.0529319,20.35677805,21.74523959,Out
01/04/2026 03:30,20.53754729,21.61831652,21.2529319,20.35677805,21.84523959,Out
01/04/2026 03:40,20.53754729,21.61831652,21.2529319,20.35677805,21.74523959,Out
01/04/2026 03:50,20.63754729,21.61831652,21.2529319,20.35677805,21.84523959,Out
01/04/2026 04:00,20.53754729,21.51831652,21.2529319,20.35677805,21.84523959,Out
01/04/2026 04:10,20.53754729,21.51831652,21.2529319,20.35677805,21.84523959,Out
01/04/2026 04:20,20.53754729,21.51831652,21.2529319,20.35677805,21.74523959,Out
01/04/2026 04:30,20.53754729,21.61831652,21.2529319,20.55677805,21.84523959,Out
01/04/2026 04:40,20.53754729,21.51831652,21.2529319,20.35677805,21.74523959,Out
01/04/2026 04:50,20.53754729,21.51831652,21.2529319,20.35677805,21.74523959,Out
01/04/2026 05:00,20.53754729,21.61831652,21.2529319,20.35677805,21.84523959,Out
01/04/2026 05:10,20.53754729,21.61831652,21.2529319,20.55677805,21.84523959,Out
01/04/2026 05:20,20.53754729,21.61831652,21.2529319,20.55677805,21.84523959,Out
01/04/2026 05:30,20.53754729,21.61831652,21.2529319,20.35677805,21.84523959,Out
01/04/2026 05:40,20.53754729,21.61831652,21.2529319,20.35677805,21.84523959,Out
01/04/2026 05:50,20.53754729,21.51831652,21.2529319,20.55677805,21.84523959,Out
01/04/2026 06:00,20.53754729,21.61831652,21.2529319,20.55677805,21.74523959,Out
01/04/2026 06:10,20.63754729,21.61831652,21.2529319,20.35677805,21.84523959,Out
01/04/2026 06:20,20.53754729,21.61831652,21.3529319,20.35677805,21.84523959,Out
01/04/2026 06:30,20.53754729,21.51831652,21.2529319,20.35677805,21.94523959,Out
01/04/2026 06:40,20.53754729,21.61831652,21.2529319,20.35677805,21.74523959,Out
01/04/2026 06:50,20.63754729,21.51831652,21.2529319,20.55677805,21.84523959,Out
01/04/2026 07:00,20.63754729,21.51831652,21.2529319,20.55677805,21.84523959,Out
01/04/2026 07:10,20.53754729,21.51831652,21.2529319,20.35677805,21.74523959,Out
01/04/2026 07:20,20.53754729,21.51831652,21.2529319,20.35677805,21.74523959,Out
01/04/2026 07:30,20.53754729,21.51831652,21.2529319,20.35677805,21.84523959,Out
01/04/2026 07:40,20.53754729,21.51831652,21.2529319,20.55677805,21.84523959,Out
01/04/2026 07:50,20.53754729,21.51831652,21.2529319,20.35677805,21.84523959,Out
01/04/2026 08:00,20.53754729,21.51831652,21.2529319,20.55677805,21.84523959,Out
01/04/2026 08:10,20.53754729,21.61831652,21.2529319,20.35677805,21.84523959,Out
01/04/2026 08:20,20.53754729,21.51831652,21.2529319,20.55677805,21.84523959,Out
01/04/2026 08:30,20.63754729,21.51831652,21.2529319,20.55677805,21.84523959,Out
01/04/2026 08:40,20.53754729,21.61831652,21.2529319,20.55677805,21.84523959,Out
01/04/2026 08:50,20.53754729,21.61831652,21.2529319,20.35677805,21.84523959,Out
01/04/2026 09:00,20.53754729,21.61831652,21.2529319,20.55677805,21.84523959,Out
01/04/2026 09:10,20.63754729,21.61831652,21.2529319,20.35677805,21.84523959,Out
01/04/2026 09:20,20.63754729,21.61831652,21.2529319,20.55677805,21.84523959,Out
01/04/2026 09:30,20.63754729,21.71831652,21.2529319,20.55677805,21.84523959,Out
01/04/2026 09:40,20.63754729,21.71831652,21.2529319,20.55677805,21.74523959,Out
01/04/2026 09:50,20.63754729,21.61831652,21.2529319,20.55677805,21.84523959,Out
01/04/2026 10:00,20.63754729,21.61831652,21.2529319,20.55677805,21.84523959,Out
01/04/2026 10:10,20.63754729,21.61831652,21.2529319,20.55677805,21.84523959,Out
01/04/2026 10:20,20.63754729,21.61831652,21.2529319,20.55677805,21.84523959,Out
01/04/2026 10:30,20.53754729,21.61831652,21.2529319,20.35677805,21.74523959,Out
01/04/2026 10:40,20.63754729,21.61831652,21.3529319,20.35677805,21.84523959,Out
01/04/2026 10:50,20.53754729,21.51831652,21.2529319,20.55677805,21.74523959,Out
01/04/2026 11:00,20.53754729,21.51831652,21.2529319,20.35677805,21.84523959,Out
01/04/2026 11:10,20.63754729,21.61831652,21.2529319,20.55677805,21.84523959,Out
01/04/2026 11:20,20.53754729,21.61831652,21.2529319,20.35677805,21.84523959,Out
01/04/2026 11:30,20.53754729,21.51831652,21.2529319,20.55677805,21.84523959,Out
01/04/2026 11:40,20.53754729,21.61831652,21.2529319,20.55677805,21.84523959,Out
01/04/2026 11:50,20.53754729,21.61831652,21.2529319,20.35677805,21.84523959,Out
01/04/2026 12:00,20.53754729,21.61831652,21.2529319,20.35677805,21.84523959,Out
01/04/2026 12:10,20.53754729,21.51831652,21.2529319,20.55677805,21.84523959,Out
01/04/2026 12:20,20.63754729,21.61831652,21.2529319,20.55677805,21.84523959,Out
01/04/2026 12:30,20.53754729,21.51831652,21.2529319,20.55677805,21.84523959,Out
01/04/2026 12:40,20.53754729,21.61831652,21.2529319,20.35677805,21.84523959,Out
01/04/2026 12:50,20.53754729,21.51831652,21.2529319,20.55677805,21.74523959,Out
01/04/2026 13:00,20.53754729,21.61831652,21.2529319,20.35677805,21.84523959,Out
01/04/2026 13:10,20.53754729,21.61831652,21.2529319,20.55677805,21.84523959,Out
01/04/2026 13:20,20.53754729,21.61831652,21.2529319,20.35677805,21.74523959,Out
01/04/2026 13:30,20.53754729,21.61831652,21.2529319,20.55677805,21.84523959,Out
01/04/2026 13:40,20.53754729,21.61831652,21.2529319,20.35677805,21.84523959,Out
01/04/2026 13:50,20.53754729,21.61831652,21.2529319,20.55677805,21.84523959,Out
01/04/2026 14:00,20.53754729,21.51831652,21.2529319,20.35677805,21.84523959,Out
01/04/2026 14:10,20.53754729,21.61831652,21.3529319,20.55677805,21.84523959,Out
01/04/2026 14:20,20.53754729,21.61831652,21.0529319,20.55677805,21.84523959,Out
01/04/2026 14:30,20.53754729,21.61831652,21.2529319,20.55677805,21.84523959,Out
01/04/2026 14:40,20.63754729,21.51831652,21.2529319,20.55677805,21.84523959,Out
01/04/2026 14:50,20.53754729,21.61831652,21.2529319,20.55677805,21.84523959,Out
01/04/2026 15:00,20.53754729,21.61831652,21.2529319,20.55677805,21.74523959,Out
01/04/2026 15:10,20.53754729,21.61831652,21.2529319,20.55677805,21.84523959,Out
01/04/2026 15:20,20.53754729,21.61831652,21.2529319,20.55677805,21.84523959,Out
01/04/2026 15:30,20.53754729,21.61831652,21.2529319,20.35677805,21.74523959,Out
01/04/2026 15:40,20.53754729,21.51831652,21.2529319,20.35677805,21.84523959,Out
01/04/2026 15:50,20.53754729,21.51831652,21.2529319,20.35677805,21.84523959,Out
01/04/2026 16:00,20.53754729,21.51831652,21.2529319,20.35677805,21.74523959,Out
01/04/2026 16:10,20.53754729,21.61831652,21.2529319,20.35677805,21.74523959,Out
01/04/2026 16:20,20.53754729,21.51831652,21.2529319,20.55677805,21.84523959,Out
01/04/2026 16:30,20.53754729,21.51831652,21.2529319,20.35677805,21.84523959,Out
01/04/2026 16:40,20.53754729,21.61831652,21.2529319,20.35677805,21.74523959,Out
01/04/2026 16:50,20.53754729,21.51831652,21.2529319,20.35677805,21.84523959,Out
01/04/2026 17:00,20.53754729,21.61831652,21.2529319,20.35677805,21.74523959,Out
01/04/2026 17:10,20.53754729,21.51831652,21.2529319,20.35677805,21.84523959,Out
01/04/2026 17:20,20.63754729,21.61831652,21.2529319,20.55677805,21.74523959,Out
01/04/2026 17:30,20.53754729,21.51831652,21.2529319,20.35677805,21.84523959,Out
01/04/2026 17:40,20.53754729,21.51831652,21.2529319,20.55677805,21.84523959,Out
01/04/2026 17:50,20.53754729,21.61831652,21.2529319,20.55677805,21.84523959,Out
01/04/2026 18:00,20.53754729,21.51831652,21.2529319,20.35677805,21.84523959,Out
01/04/2026 18:10,20.53754729,21.61831652,21.2529319,20.35677805,21.74523959,Out
01/04/2026 18:20,20.53754729,21.61831652,21.2529319,20.35677805,21.84523959,Out
01/04/2026 18:30,20.53754729,21.51831652,21.2529319,20.55677805,21.84523959,Out
01/04/2026 18:40,20.53754729,21.61831652,21.2529319,20.35677805,21.84523959,Out
01/04/2026 18:50,20.53754729,21.51831652,21.2529319,20.35677805,21.84523959,Out
01/04/2026 19:00,20.53754729,21.61831652,21.2529319,20.55677805,21.84523959,Out
01/04/2026 19:10,20.53754729,21.51831652,21.2529319,20.35677805,21.74523959,Out
01/04/2026 19:20,20.53754729,21.61831652,21.2529319,20.35677805,21.74523959,Out
01/04/2026 19:30,20.53754729,21.51831652,21.3529319,20.55677805,21.74523959,Out
01/04/2026 19:40,20.53754729,21.61831652,21.2529319,20.55677805,21.84523959,Out
01/04/2026 19:50,20.53754729,21.61831652,21.2529319,20.35677805,21.84523959,Out
01/04/2026 20:00,20.53754729,21.61831652,21.2529319,20.55677805,21.84523959,Out
01/04/2026 20:10,20.53754729,21.61831652,21.2529319,20.35677805,21.74523959,Out
01/04/2026 20:20,20.53754729,21.61831652,21.2529319,20.55677805,21.74523959,Out
01/04/2026 20:30,20.53754729,21.61831652,21.2529319,20.55677805,21.84523959,Out
01/04/2026 20:40,20.53754729,21.61831652,21.2529319,20.55677805,21.84523959,Out
01/04/2026 20:50,20.53754729,21.51831652,21.2529319,20.35677805,21.74523959,Out
01/04/2026 21:00,20.53754729,21.51831652,21.2529319,20.55677805,21.74523959,Out
01/04/2026 21:10,20.53754729,21.61831652,21.2529319,20.35677805,21.94523959,Out
01/04/2026 21:20,20.53754729,21.61831652,21.2529319,20.35677805,21.84523959,Out
01/04/2026 21:30,20.53754729,21.61831652,21.2529319,20.35677805,21.84523959,Out
01/04/2026 21:40,20.53754729,21.61831652,21.2529319,20.55677805,21.84523959,Out
01/04/2026 21:50,20.63754729,21.61831652,21.2529319,20.35677805,21.84523959,Out
01/04/2026 22:00,20.63754729,21.61831652,21.2529319,20.55677805,21.84523959,Out
01/04/2026 22:10,20.63754729,21.61831652,21.3529319,20.55677805,21.84523959,Out
01/04/2026 22:20,20.63754729,21.51831652,21.2529319,20.35677805,21.84523959,Out
01/04/2026 22:30,20.63754729,21.51831652,21.2529319,20.55677805,21.84523959,Out
01/04/2026 22:40,20.63754729,21.51831652,21.2529319,20.55677805,21.74523959,Out
01/04/2026 22:50,20.63754729,21.51831652,21.2529319,20.35677805,21.84523959,Out
01/04/2026 23:00,20.53754729,21.61831652,21.2529319,20.55677805,21.84523959,Out
01/04/2026 23:10,20.63754729,21.61831652,21.2529319,20.55677805,21.84523959,Out
01/04/2026 23:20,20.53754729,21.61831652,21.2529319,20.35677805,21.84523959,Out
01/04/2026 23:30,20.53754729,21.61831652,21.2529319,20.35677805,21.84523959,Out
01/04/2026 23:40,20.53754729,21.51831652,21.2529319,20.35677805,21.94523959,Out
01/04/2026 23:50,20.63754729,21.61831652,21.2529319,20.55677805,21.84523959,Out
02/04/2026 00:00,20.53754729,21.61831652,21.2529319,20.35677805,21.84523959,Out
02/04/2026 00:10,20.53754729,21.51831652,21.2529319,20.35677805,21.84523959,Out
02/04/2026 00:20,20.53754729,21.61831652,21.2529319,20.55677805,21.84523959,Out
02/04/2026 00:30,20.53754729,21.51831652,21.2529319,20.35677805,21.84523959,Out
02/04/2026 00:40,20.53754729,21.51831652,21.2529319,20.55677805,21.84523959,Out
02/04/2026 00:50,20.53754729,21.61831652,21.2529319,20.35677805,21.94523959,Out
02/04/2026 01:00,20.53754729,21.61831652,21.2529319,20.35677805,21.84523959,Out
02/04/2026 01:10,20.53754729,21.51831652,21.2529319,20.55677805,21.84523959,Out
02/04/2026 01:20,20.53754729,21.61831652,21.2529319,20.55677805,21.84523959,Out
02/04/2026 01:30,20.63754729,21.61831652,21.2529319,20.55677805,21.84523959,Out
02/04/2026 01:40,20.63754729,21.61831652,21.2529319,20.55677805,21.84523959,Out
02/04/2026 01:50,20.63754729,21.51831652,21.3529319,20.55677805,21.84523959,Out
02/04/2026 02:00,20.63754729,21.61831652,21.2529319,20.55677805,21.84523959,Out
02/04/2026 02:10,20.53754729,21.61831652,21.3529319,20.55677805,21.84523959,Out
02/04/2026 02:20,20.63754729,21.61831652,21.2529319,20.55677805,21.84523959,Out
02/04/2026 02:30,20.63754729,21.61831652,21.2529319,20.35677805,21.84523959,Out
02/04/2026 02:40,20.53754729,21.61831652,21.2529319,20.55677805,21.84523959,Out
02/04/2026 02:50,20.53754729,21.61831652,21.2529319,20.55677805,21.74523959,Out
02/04/2026 03:00,20.63754729,21.61831652,21.2529319,20.35677805,21.84523959,Out
02/04/2026 03:10,20.63754729,21.61831652,21.2529319,20.35677805,21.74523959,Out
02/04/2026 03:20,20.53754729,21.61831652,21.2529319,20.55677805,21.84523959,Out
02/04/2026 03:30,20.63754729,21.61831652,21.3529319,20.35677805,21.84523959,Out
02/04/2026 03:40,20.53754729,21.71831652,21.2529319,20.55677805,21.84523959,Out
02/04/2026 03:50,20.63754729,21.71831652,21.2529319,20.35677805,21.94523959,Out
02/04/2026 04:00,20.63754729,21.61831652,21.2529319,20.55677805,21.84523959,Out
02/04/2026 04:10,20.53754729,21.61831652,21.2529319,20.35677805,21.84523959,Out
02/04/2026 04:20,20.53754729,21.61831652,21.2529319,20.55677805,21.84523959,Out
02/04/2026 04:30,20.53754729,21.61831652,21.2529319,20.55677805,21.84523959,Out
02/04/2026 04:40,20.53754729,21.61831652,21.2529319,20.55677805,21.84523959,Out
02/04/2026 04:50,20.63754729,21.61831652,21.2529319,20.35677805,21.84523959,Out
02/04/2026 05:00,20.53754729,21.61831652,21.0529319,20.35677805,21.84523959,Out
02/04/2026 05:10,20.63754729,21.61831652,21.2529319,20.35677805,21.84523959,Out
02/04/2026 05:20,20.53754729,21.51831652,21.2529319,20.35677805,21.74523959,Out
02/04/2026 05:30,20.63754729,21.51831652,21.3529319,20.55677805,21.74523959,Out
02/04/2026 05:40,20.63754729,21.51831652,21.2529319,20.55677805,21.84523959,Out
02/04/2026 05:50,20.53754729,21.61831652,21.2529319,20.35677805,21.84523959,Out
02/04/2026 06:00,20.53754729,21.61831652,21.2529319,20.55677805,21.84523959,Out
02/04/2026 06:10,20.63754729,21.51831652,21.2529319,20.55677805,21.84523959,Out
02/04/2026 06:20,20.53754729,21.61831652,21.2529319,20.55677805,21.84523959,Out
02/04/2026 06:30,20.53754729,21.61831652,21.2529319,20.35677805,21.84523959,Out
02/04/2026 06:40,20.63754729,21.61831652,21.2529319,20.35677805,21.84523959,Out
02/04/2026 06:50,20.53754729,21.51831652,21.2529319,20.35677805,21.84523959,Out
02/04/2026 07:00,20.63754729,21.61831652,21.2529319,20.55677805,21.84523959,Out
02/04/2026 07:10,20.53754729,21.51831652,21.2529319,20.55677805,21.84523959,Out
02/04/2026 07:20,20.53754729,21.61831652,21.2529319,20.55677805,21.84523959,Out
02/04/2026 07:30,20.53754729,21.51831652,21.2529319,20.35677805,21.84523959,Out
02/04/2026 07:40,20.53754729,21.51831652,21.2529319,20.55677805,21.84523959,Out
02/04/2026 07:50,20.53754729,21.51831652,21.0529319,20.35677805,21.84523959,Out
02/04/2026 08:00,20.53754729,21.51831652,21.2529319,20.55677805,21.84523959,Out
02/04/2026 08:10,20.53754729,21.51831652,21.2529319,20.35677805,21.84523959,Out
02/04/2026 08:20,20.53754729,21.51831652,21.2529319,20.35677805,21.94523959,Out
02/04/2026 08:30,20.53754729,21.61831652,21.0529319,20.55677805,21.74523959,Out
02/04/2026 08:40,20.53754729,21.51831652,21.2529319,20.35677805,21.84523959,Out
02/04/2026 08:50,20.53754729,21.51831652,21.0529319,20.35677805,21.74523959,Out
02/04/2026 09:00,20.53754729,21.51831652,21.2529319,20.35677805,21.84523959,Out
02/04/2026 09:10,20.53754729,21.51831652,21.2529319,20.35677805,21.74523959,Out
02/04/2026 09:20,20.53754729,21.61831652,21.2529319,20.35677805,21.84523959,Out
02/04/2026 09:30,20.53754729,21.51831652,21.2529319,20.35677805,21.84523959,Out
02/04/2026 09:40,20.53754729,21.61831652,21.2529319,20.55677805,21.84523959,Out
02/04/2026 09:50,20.53754729,21.51831652,21.2529319,20.35677805,21.84523959,Out
02/04/2026 10:00,20.53754729,21.51831652,21.2529319,20.35677805,21.84523959,Out
02/04/2026 10:10,20.53754729,21.51831652,21.0529319,20.35677805,21.84523959,Out
02/04/2026 10:20,20.53754729,21.51831652,21.2529319,20.55677805,21.74523959,Out
02/04/2026 10:30,20.53754729,21.61831652,21.2529319,20.35677805,21.84523959,Out
02/04/2026 10:40,20.63754729,21.51831652,21.2529319,20.55677805,21.84523959,Out
02/04/2026 10:50,20.53754729,21.61831652,21.0529319,20.35677805,21.84523959,Out
02/04/2026 11:00,20.53754729,21.51831652,21.2529319,20.35677805,21.74523959,Out
02/04/2026 11:10,20.53754729,21.51831652,21.2529319,20.35677805,21.74523959,Out
02/04/2026 11:20,20.53754729,21.51831652,21.2529319,20.35677805,21.84523959,Out
02/04/2026 11:30,20.53754729,21.51831652,21.2529319,20.55677805,21.74523959,Out
02/04/2026 11:40,20.53754729,21.51831652,21.2529319,20.35677805,21.84523959,Out
02/04/2026 11:50,20.53754729,21.51831652,21.2529319,20.35677805,21.74523959,Out
02/04/2026 12:00,20.53754729,21.51831652,21.2529319,20.35677805,21.74523959,Out
02/04/2026 12:10,20.53754729,21.51831652,21.2529319,20.35677805,21.84523959,Out
02/04/2026 12:20,20.53754729,21.51831652,21.2529319,20.35677805,21.74523959,Out
02/04/2026 12:30,20.53754729,21.51831652,21.0529319,20.35677805,21.84523959,Out
02/04/2026 12:40,20.53754729,21.51831652,21.2529319,20.35677805,21.84523959,Out
02/04/2026 12:50,20.53754729,21.51831652,21.2529319,20.35677805,21.84523959,Out
02/04/2026 13:00,20.53754729,21.51831652,21.2529319,20.35677805,21.84523959,Out
02/04/2026 13:10,20.53754729,21.51831652,21.2529319,20.35677805,21.74523959,Out
02/04/2026 13:20,20.53754729,21.51831652,21.2529319,20.35677805,21.74523959,Out
02/04/2026 13:30,20.33754729,21.51831652,21.0529319,20.35677805,21.84523959,Out
02/04/2026 13:40,20.33754729,21.31831652,21.2529319,20.35677805,21.84523959,Out
02/04/2026 13:50,20.53754729,21.51831652,21.2529319,20.35677805,21.74523959,Out
02/04/2026 14:00,20.33754729,21.51831652,21.2529319,20.35677805,21.74523959,Out
02/04/2026 14:10,20.53754729,21.51831652,21.0529319,20.35677805,21.74523959,Out
02/04/2026 14:20,20.33754729,21.51831652,21.0529319,20.35677805,21.84523959,Out
02/04/2026 14:30,20.53754729,21.51831652,21.0529319,20.35677805,21.74523959,Out
02/04/2026 14:40,20.53754729,21.51831652,21.0529319,20.35677805,21.84523959,Out
02/04/2026 14:50,20.53754729,21.51831652,21.2529319,20.35677805,21.84523959,Out
02/04/2026 15:00,20.53754729,21.51831652,21.2529319,20.35677805,21.74523959,Out
02/04/2026 15:10,20.53754729,21.31831652,21.2529319,20.35677805,21.74523959,Out
02/04/2026 15:20,20.53754729,21.51831652,21.0529319,20.35677805,21.74523959,Out
02/04/2026 15:30,20.53754729,21.51831652,21.0529319,20.35677805,21.74523959,Out
02/04/2026 15:40,20.53754729,21.51831652,21.2529319,20.35677805,21.84523959,Out
02/04/2026 15:50,20.53754729,21.51831652,21.2529319,20.35677805,21.84523959,Out
02/04/2026 16:00,20.53754729,21.51831652,21.2529319,20.35677805,21.84523959,Out
02/04/2026 16:10,20.53754729,21.51831652,21.0529319,20.35677805,21.74523959,Out
02/04/2026 16:20,20.53754729,21.51831652,21.2529319,20.35677805,21.84523959,Out
02/04/2026 16:30,20.53754729,21.51831652,21.2529319,20.35677805,21.74523959,Out
02/04/2026 16:40,20.53754729,21.51831652,21.2529319,20.35677805,21.74523959,Out
02/04/2026 16:50,20.53754729,21.51831652,21.0529319,20.35677805,21.74523959,Out
02/04/2026 17:00,20.53754729,21.51831652,21.0529319,20.35677805,21.84523959,Out
02/04/2026 17:10,20.53754729,21.51831652,21.2529319,20.35677805,21.74523959,Out
02/04/2026 17:20,20.53754729,21.51831652,21.2529319,20.35677805,21.84523959,Out
02/04/2026 17:30,20.53754729,21.51831652,21.0529319,20.35677805,21.74523959,Out
02/04/2026 17:40,20.53754729,21.51831652,21.2529319,20.35677805,21.74523959,Out
02/04/2026 17:50,20.53754729,21.51831652,21.2529319,20.35677805,21.74523959,Out
02/04/2026 18:00,20.53754729,21.51831652,21.2529319,20.25677805,21.74523959,Out
02/04/2026 18:10,20.53754729,21.61831652,21.2529319,20.35677805,21.74523959,Out
02/04/2026 18:20,20.53754729,21.51831652,21.0529319,20.35677805,21.74523959,Out
02/04/2026 18:30,20.53754729,21.51831652,21.2529319,20.35677805,21.74523959,Out
02/04/2026 18:40,20.53754729,21.51831652,21.0529319,20.35677805,21.74523959,Out
02/04/2026 18:50,20.53754729,21.51831652,21.2529319,20.35677805,21.74523959,Out
02/04/2026 19:00,20.53754729,21.51831652,21.0529319,20.35677805,21.74523959,Out
02/04/2026 19:10,20.53754729,21.51831652,21.0529319,20.35677805,21.74523959,Out
02/04/2026 19:20,20.33754729,21.51831652,21.0529319,20.35677805,21.74523959,Out
02/04/2026 19:30,20.53754729,21.51831652,21.2529319,20.35677805,21.74523959,Out
02/04/2026 19:40,20.53754729,21.61831652,21.0529319,20.35677805,21.74523959,Out
02/04/2026 19:50,20.53754729,21.61831652,21.2529319,20.35677805,21.74523959,Out
02/04/2026 20:00,20.53754729,21.51831652,21.2529319,20.35677805,21.84523959,Out
02/04/2026 20:10,20.53754729,21.51831652,21.0529319,20.35677805,21.74523959,Out
02/04/2026 20:20,20.53754729,21.51831652,21.0529319,20.35677805,21.74523959,Out
02/04/2026 20:30,20.53754729,21.51831652,21.2529319,20.35677805,21.74523959,Out
02/04/2026 20:40,20.53754729,21.61831652,21.2529319,20.35677805,21.74523959,Out
02/04/2026 20:50,20.53754729,21.51831652,21.2529319,20.35677805,21.74523959,Out
02/04/2026 21:00,20.53754729,21.51831652,21.2529319,20.35677805,21.74523959,Out
02/04/2026 21:10,20.53754729,21.51831652,21.2529319,20.35677805,21.74523959,Out
02/04/2026 21:20,20.53754729,21.51831652,21.0529319,20.35677805,21.74523959,Out
02/04/2026 21:30,20.53754729,21.51831652,21.2529319,20.35677805,21.74523959,Out
02/04/2026 21:40,20.53754729,21.51831652,21.0529319,20.35677805,21.74523959,Out
02/04/2026 21:50,20.53754729,21.51831652,21.0529319,20.35677805,21.74523959,Out
02/04/2026 22:00,20.53754729,21.51831652,21.2529319,20.35677805,21.74523959,Out
02/04/2026 22:10,20.53754729,21.51831652,21.2529319,20.35677805,21.84523959,Out
02/04/2026 22:20,20.53754729,21.51831652,21.2529319,20.35677805,21.74523959,Out
02/04/2026 22:30,20.33754729,21.51831652,21.2529319,20.35677805,21.84523959,Out
02/04/2026 22:40,20.53754729,21.51831652,21.2529319,20.35677805,21.74523959,Out
02/04/2026 22:50,20.53754729,21.51831652,21.2529319,20.35677805,21.74523959,Out
02/04/2026 23:00,20.53754729,21.51831652,21.2529319,20.35677805,21.74523959,Out
02/04/2026 23:10,20.53754729,21.51831652,21.0529319,20.35677805,21.74523959,Out
02/04/2026 23:20,20.53754729,21.51831652,21.2529319,20.35677805,21.84523959,Out
02/04/2026 23:30,20.53754729,21.51831652,21.2529319,20.35677805,21.74523959,Out
02/04/2026 23:40,20.53754729,21.51831652,21.0529319,20.35677805,21.74523959,Out
02/04/2026 23:50,20.53754729,21.51831652,21.2529319,20.35677805,21.84523959,Out
03/04/2026 00:00,20.53754729,21.61831652,21.2529319,20.35677805,21.74523959,Out
03/04/2026 00:10,20.63754729,21.61831652,21.2529319,20.35677805,21.74523959,Out
03/04/2026 00:20,20.53754729,21.61831652,21.2529319,20.35677805,21.74523959,Out
03/04/2026 00:30,20.63754729,21.61831652,21.2529319,20.35677805,21.74523959,Out
03/04/2026 00:40,20.53754729,21.51831652,21.2529319,20.35677805,21.74523959,Out
03/04/2026 00:50,20.53754729,21.61831652,21.2529319,20.35677805,21.84523959,Out
03/04/2026 01:00,20.53754729,21.61831652,21.2529319,20.35677805,21.84523959,Out
03/04/2026 01:10,20.53754729,21.51831652,21.2529319,20.35677805,21.84523959,Out
03/04/2026 01:20,20.53754729,21.61831652,21.2529319,20.35677805,21.84523959,Out
03/04/2026 01:30,20.53754729,21.61831652,21.2529319,20.35677805,21.84523959,Out
03/04/2026 01:40,20.53754729,21.61831652,21.2529319,20.55677805,21.74523959,Out
03/04/2026 01:50,20.53754729,21.61831652,21.2529319,20.35677805,21.84523959,Out
03/04/2026 02:00,20.53754729,21.61831652,21.2529319,20.55677805,21.74523959,Out
03/04/2026 02:10,20.53754729,21.61831652,21.2529319,20.35677805,21.74523959,Out
03/04/2026 02:20,20.53754729,21.51831652,21.2529319,20.35677805,21.84523959,Out
03/04/2026 02:30,20.53754729,21.61831652,21.2529319,20.35677805,21.74523959,Out
03/04/2026 02:40,20.53754729,21.61831652,21.2529319,20.35677805,21.74523959,Out
03/04/2026 02:50,20.53754729,21.51831652,21.2529319,20.35677805,21.74523959,Out
03/04/2026 03:00,20.53754729,21.51831652,21.2529319,20.35677805,21.74523959,Out
03/04/2026 03:10,20.53754729,21.51831652,21.2529319,20.35677805,21.74523959,Out
03/04/2026 03:20,20.53754729,21.51831652,21.2529319,20.35677805,21.84523959,Out
03/04/2026 03:30,20.53754729,21.51831652,21.2529319,20.35677805,21.84523959,Out
03/04/2026 03:40,20.53754729,21.61831652,21.0529319,20.35677805,21.84523959,Out
03/04/2026 03:50,20.53754729,21.51831652,21.2529319,20.35677805,21.74523959,Out
03/04/2026 04:00,20.53754729,21.51831652,21.2529319,20.35677805,21.74523959,Out
03/04/2026 04:10,20.33754729,21.61831652,21.2529319,20.35677805,21.74523959,Out
03/04/2026 04:20,20.53754729,21.51831652,21.2529319,20.35677805,21.84523959,Out
03/04/2026 04:30,20.53754729,21.61831652,21.2529319,20.35677805,21.74523959,Out
03/04/2026 04:40,20.53754729,21.51831652,21.2529319,20.35677805,21.74523959,Out
03/04/2026 04:50,20.53754729,21.51831652,21.2529319,20.35677805,21.74523959,Out
03/04/2026 05:00,20.53754729,21.51831652,21.2529319,20.35677805,21.84523959,Out
03/04/2026 05:10,20.53754729,21.61831652,21.2529319,20.35677805,21.84523959,Out
03/04/2026 05:20,20.53754729,21.51831652,21.2529319,20.35677805,21.74523959,Out
03/04/2026 05:30,20.63754729,21.61831652,21.2529319,20.35677805,21.84523959,Out
03/04/2026 05:40,20.53754729,21.61831652,21.2529319,20.35677805,21.74523959,Out
03/04/2026 05:50,20.63754729,21.61831652,21.2529319,20.35677805,21.74523959,Out
03/04/2026 06:00,20.53754729,21.61831652,21.2529319,20.35677805,21.84523959,Out
03/04/2026 06:10,20.53754729,21.51831652,21.2529319,20.35677805,21.74523959,Out
03/04/2026 06:20,20.53754729,21.51831652,21.2529319,20.35677805,21.84523959,Out
03/04/2026 06:30,20.53754729,21.51831652,21.0529319,20.35677805,21.84523959,Out
03/04/2026 06:40,20.53754729,21.51831652,21.2529319,20.35677805,21.74523959,Out
03/04/2026 06:50,20.53754729,21.51831652,21.2529319,20.35677805,21.74523959,Out
03/04/2026 07:00,20.53754729,21.51831652,21.2529319,20.35677805,21.74523959,Out
03/04/2026 07:10,20.53754729,21.61831652,21.2529319,20.35677805,21.74523959,Out
03/04/2026 07:20,20.53754729,21.51831652,21.2529319,20.35677805,21.84523959,Out
03/04/2026 07:30,20.53754729,21.51831652,21.0529319,20.55677805,21.74523959,Out
03/04/2026 07:40,20.53754729,21.61831652,21.2529319,20.55677805,21.84523959,Out
03/04/2026 07:50,20.53754729,21.61831652,21.2529319,20.35677805,21.74523959,Out
03/04/2026 08:00,20.53754729,21.51831652,21.2529319,20.35677805,21.84523959,Out
03/04/2026 08:10,20.53754729,21.51831652,21.2529319,20.35677805,21.74523959,Out
03/04/2026 08:20,20.53754729,21.61831652,21.0529319,20.35677805,21.74523959,Out
03/04/2026 08:30,20.63754729,21.51831652,21.2529319,20.35677805,21.84523959,Out
03/04/2026 08:40,20.53754729,21.51831652,21.2529319,20.35677805,21.84523959,Out
03/04/2026 08:50,20.53754729,21.61831652,21.2529319,20.55677805,21.74523959,Out
03/04/2026 09:00,20.53754729,21.51831652,21.2529319,20.35677805,21.74523959,Out
03/04/2026 09:10,20.53754729,21.51831652,21.2529319,20.55677805,21.74523959,Out
03/04/2026 09:20,20.53754729,21.51831652,21.2529319,20.35677805,21.74523959,Out
03/04/2026 09:30,20.53754729,21.51831652,21.2529319,20.55677805,21.84523959,Out
03/04/2026 09:40,20.53754729,21.51831652,21.2529319,20.35677805,21.74523959,Out
03/04/2026 09:50,20.53754729,21.51831652,21.2529319,20.35677805,21.84523959,Out
03/04/2026 10:00,20.53754729,21.51831652,21.2529319,20.35677805,21.74523959,Out
03/04/2026 10:10,20.53754729,21.51831652,21.2529319,20.35677805,21.84523959,Out
03/04/2026 10:20,20.53754729,21.51831652,21.2529319,20.35677805,21.84523959,Out
03/04/2026 10:30,20.53754729,21.61831652,21.2529319,20.35677805,21.74523959,Out
03/04/2026 10:40,20.53754729,21.51831652,21.2529319,20.35677805,21.84523959,Out
03/04/2026 10:50,20.53754729,21.51831652,21.2529319,20.35677805,21.74523959,Out
03/04/2026 11:00,20.53754729,21.61831652,21.2529319,20.35677805,21.84523959,Out
03/04/2026 11:10,20.53754729,21.51831652,21.0529319,20.35677805,21.74523959,Out
03/04/2026 11:20,20.53754729,21.51831652,21.2529319,20.35677805,21.84523959,Out
03/04/2026 11:30,20.53754729,21.51831652,21.2529319,20.35677805,21.84523959,Out
03/04/2026 11:40,20.53754729,21.51831652,21.2529319,20.35677805,21.74523959,Out
03/04/2026 11:50,20.53754729,21.51831652,21.2529319,20.35677805,21.74523959,Out
03/04/2026 12:00,20.53754729,21.51831652,21.2529319,20.35677805,21.84523959,Out
03/04/2026 12:10,20.53754729,21.51831652,21.0529319,20.35677805,21.74523959,Out
03/04/2026 12:20,20.53754729,21.61831652,21.2529319,20.35677805,21.74523959,Out
03/04/2026 12:30,20.53754729,21.51831652,21.0529319,20.35677805,21.84523959,Out
03/04/2026 12:40,20.53754729,21.51831652,21.2529319,20.35677805,21.74523959,Out
03/04/2026 12:50,20.53754729,21.51831652,21.0529319,20.35677805,21.74523959,Out
03/04/2026 13:00,20.53754729,21.51831652,21.0529319,20.35677805,21.74523959,Out
03/04/2026 13:10,20.53754729,21.51831652,21.2529319,20.35677805,21.74523959,Out
03/04/2026 13:20,20.53754729,21.51831652,21.0529319,20.35677805,21.84523959,Out
03/04/2026 13:30,20.53754729,21.51831652,21.2529319,20.35677805,21.74523959,Out
03/04/2026 13:40,20.53754729,21.61831652,21.0529319,20.55677805,21.84523959,Out
03/04/2026 13:50,20.53754729,21.51831652,21.0529319,20.35677805,21.74523959,Out
03/04/2026 14:00,20.53754729,21.51831652,21.2529319,20.35677805,21.84523959,Out
03/04/2026 14:10,20.53754729,21.61831652,21.2529319,20.35677805,21.84523959,Out
03/04/2026 14:20,20.53754729,21.51831652,21.2529319,20.35677805,21.84523959,Out
03/04/2026 14:30,20.53754729,21.51831652,21.2529319,20.35677805,21.74523959,Out
03/04/2026 14:40,20.53754729,21.51831652,21.2529319,20.35677805,21.74523959,Out
03/04/2026 14:50,20.53754729,21.51831652,21.2529319,20.35677805,21.74523959,Out
03/04/2026 15:00,20.53754729,21.61831652,21.2529319,20.35677805,21.84523959,Out
03/04/2026 15:10,20.53754729,21.51831652,21.2529319,20.35677805,21.74523959,Out
03/04/2026 15:20,20.53754729,21.51831652,21.2529319,20.35677805,21.84523959,Out
03/04/2026 15:30,20.53754729,21.61831652,21.2529319,20.35677805,21.84523959,Out
03/04/2026 15:40,20.53754729,21.51831652,21.2529319,20.35677805,21.84523959,Out
03/04/2026 15:50,20.53754729,21.61831652,21.2529319,20.35677805,21.74523959,Out
03/04/2026 16:00,20.53754729,21.51831652,21.2529319,20.35677805,21.74523959,Out
03/04/2026 16:10,20.53754729,21.51831652,21.2529319,20.35677805,21.84523959,Out
03/04/2026 16:20,20.53754729,21.61831652,21.2529319,20.55677805,21.84523959,Out
03/04/2026 16:30,20.53754729,21.51831652,21.2529319,20.35677805,21.84523959,Out
03/04/2026 16:40,20.53754729,21.51831652,21.2529319,20.35677805,21.84523959,Out
03/04/2026 16:50,20.53754729,21.51831652,21.2529319,20.35677805,21.74523959,Out
03/04/2026 17:00,20.53754729,21.51831652,21.2529319,20.35677805,21.74523959,Out
03/04/2026 17:10,20.53754729,21.51831652,21.2529319,20.35677805,21.74523959,Out
03/04/2026 17:20,20.53754729,21.51831652,21.2529319,20.35677805,21.74523959,Out
03/04/2026 17:30,20.53754729,21.51831652,21.2529319,20.35677805,21.74523959,Out
03/04/2026 17:40,20.53754729,21.51831652,21.0529319,20.35677805,21.84523959,Out
03/04/2026 17:50,20.53754729,21.51831652,21.0529319,20.35677805,21.74523959,Out
03/04/2026 18:00,20.53754729,21.51831652,21.0529319,20.35677805,21.74523959,Out
03/04/2026 18:10,20.33754729,21.51831652,21.0529319,20.25677805,21.84523959,Out
03/04/2026 18:20,20.53754729,21.51831652,21.2529319,20.35677805,21.74523959,Out
03/04/2026 18:30,20.53754729,21.51831652,21.0529319,20.55677805,21.74523959,Out
03/04/2026 18:40,20.53754729,21.51831652,21.2529319,20.35677805,21.74523959,Out
03/04/2026 18:50,20.33754729,21.51831652,21.2529319,20.35677805,21.74523959,Out
03/04/2026 19:00,20.53754729,21.51831652,21.0529319,20.35677805,21.74523959,Out
03/04/2026 19:10,20.33754729,21.31831652,21.0529319,20.35677805,21.84523959,Out
03/04/2026 19:20,20.53754729,21.31831652,21.2529319,20.35677805,21.74523959,Out
03/04/2026 19:30,20.33754729,21.51831652,21.2529319,20.35677805,21.74523959,Out
03/04/2026 19:40,20.33754729,21.51831652,21.0529319,20.25677805,21.74523959,Out
03/04/2026 19:50,20.33754729,21.51831652,21.0529319,20.25677805,21.74523959,Out
03/04/2026 20:00,20.53754729,21.31831652,21.0529319,20.35677805,21.74523959,Out
03/04/2026 20:10,20.53754729,21.51831652,21.0529319,20.35677805,21.74523959,Out
03/04/2026 20:20,20.53754729,21.51831652,21.0529319,20.35677805,21.84523959,Out
03/04/2026 20:30,20.53754729,21.51831652,21.0529319,20.35677805,21.74523959,Out
03/04/2026 20:40,20.53754729,21.51831652,21.0529319,20.35677805,21.84523959,Out
03/04/2026 20:50,20.53754729,21.51831652,21.2529319,20.35677805,21.74523959,Out
03/04/2026 21:00,20.53754729,21.51831652,21.2529319,20.35677805,21.74523959,Out
03/04/2026 21:10,20.53754729,21.51831652,21.2529319,20.35677805,21.74523959,Out
03/04/2026 21:20,20.53754729,21.51831652,21.2529319,20.35677805,21.74523959,Out
03/04/2026 21:30,20.53754729,21.51831652,21.0529319,20.35677805,21.74523959,Out
03/04/2026 21:40,20.53754729,21.51831652,21.2529319,20.35677805,21.84523959,Out
03/04/2026 21:50,20.53754729,21.51831652,21.2529319,20.55677805,21.74523959,Out
03/04/2026 22:00,20.53754729,21.51831652,21.0529319,20.35677805,21.74523959,Out
03/04/2026 22:10,20.53754729,21.51831652,21.0529319,20.35677805,21.74523959,Out
03/04/2026 22:20,20.53754729,21.51831652,21.2529319,20.35677805,21.74523959,Out
03/04/2026 22:30,20.53754729,21.51831652,21.0529319,20.35677805,21.84523959,Out
03/04/2026 22:40,20.53754729,21.51831652,21.2529319,20.35677805,21.74523959,Out
03/04/2026 22:50,20.53754729,21.51831652,21.2529319,20.35677805,21.74523959,Out
03/04/2026 23:00,20.53754729,21.51831652,21.2529319,20.35677805,21.84523959,Out
03/04/2026 23:10,20.53754729,21.51831652,21.2529319,20.25677805,21.84523959,Out
03/04/2026 23:20,20.53754729,21.51831652,21.0529319,20.35677805,21.74523959,Out
03/04/2026 23:30,20.53754729,21.51831652,21.2529319,20.35677805,21.74523959,Out
03/04/2026 23:40,20.53754729,21.51831652,21.2529319,20.35677805,21.74523959,Out
03/04/2026 23:50,20.53754729,21.51831652,21.0529319,20.35677805,21.74523959,Out
04/04/2026 00:00,20.53754729,21.51831652,21.2529319,20.35677805,21.74523959,Out
04/04/2026 00:10,20.33754729,21.51831652,21.0529319,20.35677805,21.74523959,Out
04/04/2026 00:20,20.53754729,21.51831652,21.0529319,20.35677805,21.74523959,Out
04/04/2026 00:30,20.53754729,21.51831652,21.2529319,20.35677805,21.74523959,Out
04/04/2026 00:40,20.33754729,21.51831652,21.2529319,20.35677805,21.74523959,Out
04/04/2026 00:50,20.53754729,21.51831652,21.2529319,20.35677805,21.74523959,Out
04/04/2026 01:00,20.53754729,21.51831652,21.2529319,20.35677805,21.74523959,Out
04/04/2026 01:10,20.53754729,21.51831652,21.2529319,20.35677805,21.74523959,Out
04/04/2026 01:20,20.53754729,21.51831652,21.0529319,20.35677805,21.74523959,Out
04/04/2026 01:30,20.53754729,21.51831652,21.0529319,20.35677805,21.74523959,Out
04/04/2026 01:40,20.53754729,21.51831652,21.2529319,20.35677805,21.74523959,Out
04/04/2026 01:50,20.53754729,21.51831652,21.2529319,20.35677805,21.74523959,Out
04/04/2026 02:00,20.53754729,21.51831652,21.0529319,20.35677805,21.74523959,Out
04/04/2026 02:10,20.53754729,21.51831652,21.2529319,20.35677805,21.84523959,Out
04/04/2026 02:20,20.53754729,21.51831652,21.0529319,20.35677805,21.74523959,Out
04/04/2026 02:30,20.53754729,21.51831652,21.0529319,20.35677805,21.74523959,Out
04/04/2026 02:40,20.53754729,21.51831652,21.0529319,20.35677805,21.74523959,Out
04/04/2026 02:50,20.53754729,21.51831652,21.2529319,20.35677805,21.84523959,Out
04/04/2026 03:00,20.53754729,21.51831652,21.0529319,20.35677805,21.74523959,Out
04/04/2026 03:10,20.53754729,21.51831652,21.2529319,20.35677805,21.74523959,Out
04/04/2026 03:20,20.53754729,21.51831652,21.0529319,20.35677805,21.74523959,Out
04/04/2026 03:30,20.53754729,21.51831652,21.0529319,20.35677805,21.74523959,Out
04/04/2026 03:40,20.53754729,21.51831652,21.2529319,20.35677805,21.74523959,Out
04/04/2026 03:50,20.53754729,21.51831652,21.0529319,20.35677805,21.74523959,Out
04/04/2026 04:00,20.53754729,21.51831652,21.0529319,20.35677805,21.74523959,Out
04/04/2026 04:10,20.53754729,21.61831652,21.2529319,20.35677805,21.74523959,Out
04/04/2026 04:20,20.53754729,21.51831652,21.2529319,20.35677805,21.74523959,Out
04/04/2026 04:30,20.53754729,21.51831652,21.2529319,20.35677805,21.74523959,Out
04/04/2026 04:40,20.53754729,21.51831652,21.2529319,20.35677805,21.84523959,Out
04/04/2026 04:50,20.53754729,21.51831652,21.0529319,20.35677805,21.74523959,Out
04/04/2026 05:00,20.53754729,21.51831652,21.2529319,20.35677805,21.74523959,Out
04/04/2026 05:10,20.53754729,21.51831652,21.0529319,20.35677805,21.74523959,Out
04/04/2026 05:20,20.53754729,21.51831652,21.0529319,20.35677805,21.84523959,Out
04/04/2026 05:30,20.53754729,21.51831652,21.2529319,20.35677805,21.74523959,Out
04/04/2026 05:40,20.53754729,21.51831652,21.2529319,20.35677805,21.74523959,Out
04/04/2026 05:50,20.53754729,21.51831652,21.2529319,20.35677805,21.84523959,Out
04/04/2026 06:00,20.53754729,21.51831652,21.0529319,20.35677805,21.74523959,Out
04/04/2026 06:10,20.53754729,21.51831652,21.0529319,20.35677805,21.74523959,Out
04/04/2026 06:20,20.53754729,21.51831652,21.2529319,20.35677805,21.74523959,Out
04/04/2026 06:30,20.53754729,21.61831652,21.2529319,20.35677805,21.74523959,Out
04/04/2026 06:40,20.53754729,21.51831652,21.0529319,20.35677805,21.74523959,Out
04/04/2026 06:50,20.53754729,21.51831652,21.2529319,20.35677805,21.74523959,Out
04/04/2026 07:00,20.53754729,21.51831652,21.0529319,20.35677805,21.74523959,Out
04/04/2026 07:10,20.63754729,21.51831652,21.2529319,20.35677805,21.74523959,Out
04/04/2026 07:20,20.53754729,21.51831652,21.2529319,20.35677805,21.74523959,Out
04/04/2026 07:30,20.53754729,21.51831652,21.2529319,20.35677805,21.74523959,Out
04/04/2026 07:40,20.53754729,21.51831652,21.2529319,20.35677805,21.74523959,Out
04/04/2026 07:50,20.53754729,21.51831652,21.2529319,20.35677805,21.74523959,Out
04/04/2026 08:00,20.53754729,21.51831652,21.2529319,20.35677805,21.74523959,Out
04/04/2026 08:10,20.53754729,21.61831652,21.2529319,20.35677805,21.74523959,Out
04/04/2026 08:20,20.53754729,21.51831652,21.0529319,20.35677805,21.74523959,Out
04/04/2026 08:30,20.33754729,21.51831652,21.0529319,20.35677805,21.74523959,Out
04/04/2026 08:40,20.53754729,21.51831652,21.0529319,20.35677805,21.74523959,Out
04/04/2026 08:50,20.33754729,21.51831652,20.9529319,20.35677805,21.84523959,Out
04/04/2026 09:00,20.33754729,21.51831652,21.0529319,20.25677805,21.74523959,Out
04/04/2026 09:10,20.33754729,21.31831652,21.0529319,20.35677805,21.74523959,Out
04/04/2026 09:20,20.33754729,21.31831652,21.0529319,20.25677805,21.74523959,Out
04/04/2026 09:30,20.53754729,21.31831652,21.0529319,20.35677805,21.74523959,Out
04/04/2026 09:40,20.33754729,21.51831652,21.0529319,20.35677805,21.74523959,Out
04/04/2026 09:50,20.33754729,21.31831652,21.0529319,20.35677805,21.74523959,Out
04/04/2026 10:00,20.33754729,21.31831652,21.0529319,20.25677805,21.74523959,Out
04/04/2026 10:10,20.33754729,21.31831652,21.0529319,20.35677805,21.74523959,Out
04/04/2026 10:20,20.33754729,21.31831652,21.0529319,20.35677805,21.74523959,Out
04/04/2026 10:30,20.33754729,21.31831652,20.9529319,20.35677805,21.74523959,Out
04/04/2026 10:40,20.23754729,21.31831652,21.0529319,20.35677805,21.74523959,Out
04/04/2026 10:50,20.33754729,21.31831652,21.0529319,20.25677805,21.74523959,Out
04/04/2026 11:00,20.33754729,21.31831652,21.0529319,20.25677805,21.74523959,Out
04/04/2026 11:10,20.33754729,21.31831652,21.0529319,20.25677805,21.74523959,Out
04/04/2026 11:20,20.33754729,21.31831652,21.0529319,20.25677805,21.74523959,Out
04/04/2026 11:30,20.33754729,21.31831652,21.0529319,20.35677805,21.74523959,Out
04/04/2026 11:40,20.33754729,21.31831652,20.9529319,20.25677805,21.74523959,Out
04/04/2026 11:50,20.33754729,21.31831652,20.9529319,20.25677805,21.74523959,Out
04/04/2026 12:00,20.23754729,21.31831652,21.0529319,20.25677805,21.74523959,Out
04/04/2026 12:10,20.23754729,21.31831652,21.0529319,20.25677805,21.74523959,Out
04/04/2026 12:20,20.33754729,21.31831652,20.9529319,20.25677805,21.74523959,Out
04/04/2026 12:30,20.33754729,21.31831652,21.0529319,20.25677805,21.74523959,Out
04/04/2026 12:40,20.23754729,21.31831652,20.9529319,20.25677805,21.74523959,Out
04/04/2026 12:50,20.33754729,21.31831652,20.9529319,20.25677805,21.74523959,Out
04/04/2026 13:00,20.33754729,21.31831652,20.9529319,20.25677805,21.74523959,Out
04/04/2026 13:10,20.33754729,21.31831652,21.0529319,20.25677805,21.74523959,Out
04/04/2026 13:20,20.33754729,21.31831652,21.0529319,20.25677805,21.74523959,Out
04/04/2026 13:30,20.33754729,21.31831652,20.9529319,20.25677805,21.74523959,Out
04/04/2026 13:40,20.23754729,21.31831652,20.9529319,20.25677805,21.74523959,Out
04/04/2026 13:50,20.33754729,21.31831652,21.0529319,20.35677805,21.84523959,Out
04/04/2026 14:00,20.33754729,21.31831652,21.0529319,20.25677805,21.74523959,Out
04/04/2026 14:10,20.33754729,21.31831652,21.0529319,20.25677805,21.74523959,Out
04/04/2026 14:20,20.33754729,21.31831652,21.0529319,20.25677805,21.74523959,Out
04/04/2026 14:30,20.33754729,21.31831652,20.9529319,20.35677805,21.74523959,Out
04/04/2026 14:40,20.33754729,21.31831652,21.0529319,20.25677805,21.74523959,Out
04/04/2026 14:50,20.23754729,21.31831652,21.0529319,20.25677805,21.74523959,Out
04/04/2026 15:00,20.33754729,21.31831652,21.0529319,20.35677805,21.74523959,Out
04/04/2026 15:10,20.53754729,21.31831652,21.0529319,20.35677805,21.74523959,Out
04/04/2026 15:20,20.33754729,21.51831652,21.0529319,20.35677805,21.74523959,Out
04/04/2026 15:30,20.33754729,21.31831652,21.0529319,20.35677805,21.74523959,Out
04/04/2026 15:40,20.33754729,21.31831652,21.0529319,20.25677805,21.74523959,Out
04/04/2026 15:50,20.33754729,21.51831652,20.9529319,20.25677805,21.74523959,Out
04/04/2026 16:00,20.33754729,21.51831652,21.0529319,20.35677805,21.74523959,Out
04/04/2026 16:10,20.33754729,21.31831652,21.0529319,20.35677805,21.74523959,Out
04/04/2026 16:20,20.33754729,21.51831652,21.0529319,20.35677805,21.74523959,Out
04/04/2026 16:30,20.53754729,21.51831652,21.0529319,20.35677805,21.74523959,Out
04/04/2026 16:40,20.53754729,21.51831652,21.0529319,20.25677805,21.74523959,Out
04/04/2026 16:50,20.53754729,21.51831652,21.0529319,20.35677805,21.74523959,Out
04/04/2026 17:00,20.53754729,21.51831652,21.0529319,20.35677805,21.74523959,Out
04/04/2026 17:10,20.53754729,21.51831652,21.0529319,20.25677805,21.74523959,Out
04/04/2026 17:20,20.53754729,21.51831652,21.0529319,20.35677805,21.74523959,Out
04/04/2026 17:30,20.33754729,21.51831652,21.0529319,20.35677805,21.74523959,Out
04/04/2026 17:40,20.33754729,21.51831652,21.0529319,20.35677805,21.74523959,Out
04/04/2026 17:50,20.53754729,21.51831652,21.0529319,20.35677805,21.74523959,Out
04/04/2026 18:00,20.33754729,21.51831652,21.0529319,20.35677805,21.74523959,Out
04/04/2026 18:10,20.53754729,21.51831652,21.2529319,20.35677805,21.74523959,Out
04/04/2026 18:20,20.53754729,21.51831652,21.0529319,20.35677805,21.74523959,Out
04/04/2026 18:30,20.53754729,21.51831652,21.2529319,20.35677805,21.84523959,Out
04/04/2026 18:40,20.53754729,21.51831652,21.2529319,20.35677805,21.74523959,Out
04/04/2026 18:50,20.53754729,21.51831652,21.0529319,20.35677805,21.74523959,Out
04/04/2026 19:00,20.53754729,21.51831652,21.0529319,20.35677805,21.74523959,Out
04/04/2026 19:10,20.53754729,21.31831652,21.0529319,20.35677805,21.74523959,Out
04/04/2026 19:20,20.53754729,21.51831652,21.2529319,20.35677805,21.74523959,Out
04/04/2026 19:30,20.53754729,21.51831652,21.2529319,20.35677805,21.74523959,Out
04/04/2026 19:40,20.53754729,21.51831652,21.0529319,20.35677805,21.74523959,Out
04/04/2026 19:50,20.53754729,21.51831652,21.2529319,20.35677805,21.74523959,Out
04/04/2026 20:00,20.53754729,21.51831652,21.2529319,20.35677805,21.74523959,Out
04/04/2026 20:10,20.53754729,21.51831652,21.0529319,20.35677805,21.74523959,Out
04/04/2026 20:20,20.53754729,21.51831652,21.0529319,20.35677805,21.74523959,Out
04/04/2026 20:30,20.53754729,21.51831652,21.0529319,20.35677805,21.74523959,Out
04/04/2026 20:40,20.33754729,21.51831652,21.0529319,20.35677805,21.74523959,Out
04/04/2026 20:50,20.53754729,21.51831652,21.0529319,20.25677805,21.74523959,Out
04/04/2026 21:00,20.53754729,21.51831652,21.2529319,20.35677805,21.74523959,Out
04/04/2026 21:10,20.53754729,21.51831652,21.0529319,20.35677805,21.64523959,Out
04/04/2026 21:20,20.53754729,21.51831652,21.2529319,20.35677805,21.74523959,Out
04/04/2026 21:30,20.53754729,21.51831652,21.2529319,20.35677805,21.74523959,Out
04/04/2026 21:40,20.53754729,21.31831652,21.2529319,20.35677805,21.74523959,Out
04/04/2026 21:50,20.53754729,21.51831652,21.0529319,20.35677805,21.74523959,Out
04/04/2026 22:00,20.53754729,21.31831652,21.0529319,20.35677805,21.74523959,Out
04/04/2026 22:10,20.33754729,21.51831652,21.0529319,20.35677805,21.74523959,Out
04/04/2026 22:20,20.53754729,21.51831652,21.0529319,20.35677805,21.74523959,Out
04/04/2026 22:30,20.53754729,21.51831652,21.0529319,20.35677805,21.74523959,Out
04/04/2026 22:40,20.53754729,21.51831652,21.2529319,20.35677805,21.74523959,Out
04/04/2026 22:50,20.53754729,21.51831652,21.0529319,20.35677805,21.74523959,Out
04/04/2026 23:00,20.33754729,21.51831652,21.0529319,20.35677805,21.74523959,Out
04/04/2026 23:10,20.53754729,21.31831652,21.2529319,20.35677805,21.74523959,Out
04/04/2026 23:20,20.33754729,21.51831652,21.0529319,20.35677805,21.74523959,Out
04/04/2026 23:30,20.53754729,21.51831652,21.0529319,20.35677805,21.74523959,Out
04/04/2026 23:40,20.53754729,21.51831652,21.0529319,20.35677805,21.74523959,Out
04/04/2026 23:50,20.33754729,21.51831652,21.0529319,20.35677805,21.74523959,Out
05/04/2026 00:00,20.53754729,21.51831652,21.2529319,20.35677805,21.74523959,Out
05/04/2026 00:10,20.53754729,21.51831652,21.0529319,20.35677805,21.74523959,Out
05/04/2026 00:20,20.53754729,21.51831652,21.0529319,20.35677805,21.74523959,Out
05/04/2026 00:30,20.53754729,21.51831652,21.2529319,20.35677805,21.74523959,Out
05/04/2026 00:40,20.53754729,21.51831652,21.0529319,20.35677805,21.74523959,Out
05/04/2026 00:50,20.53754729,21.51831652,21.0529319,20.35677805,21.74523959,Out
05/04/2026 01:00,20.33754729,21.51831652,21.0529319,20.35677805,21.84523959,Out
05/04/2026 01:10,20.53754729,21.51831652,21.2529319,20.35677805,21.74523959,Out
05/04/2026 01:20,20.53754729,21.51831652,21.2529319,20.35677805,21.74523959,Out
05/04/2026 01:30,20.53754729,21.51831652,21.0529319,20.35677805,21.74523959,Out
05/04/2026 01:40,20.53754729,21.51831652,21.2529319,20.35677805,21.74523959,Out
05/04/2026 01:50,20.33754729,21.51831652,21.0529319,20.35677805,21.74523959,Out
05/04/2026 02:00,20.53754729,21.51831652,21.0529319,20.35677805,21.84523959,Out
05/04/2026 02:10,20.53754729,21.51831652,21.0529319,20.35677805,21.74523959,Out
05/04/2026 02:20,20.53754729,21.51831652,21.2529319,20.35677805,21.74523959,Out
05/04/2026 02:30,20.33754729,21.51831652,21.0529319,20.35677805,21.74523959,Out
05/04/2026 02:40,20.53754729,21.51831652,21.0529319,20.35677805,21.74523959,Out
05/04/2026 02:50,20.53754729,21.51831652,21.0529319,20.35677805,21.74523959,Out
05/04/2026 03:00,20.53754729,21.51831652,21.2529319,20.35677805,21.84523959,Out
05/04/2026 03:10,20.53754729,21.51831652,21.0529319,20.35677805,21.74523959,Out
05/04/2026 03:20,20.33754729,21.51831652,21.2529319,20.35677805,21.74523959,Out
05/04/2026 03:30,20.53754729,21.51831652,21.2529319,20.35677805,21.74523959,Out
05/04/2026 03:40,20.53754729,21.51831652,21.0529319,20.35677805,21.74523959,Out
05/04/2026 03:50,20.53754729,21.51831652,21.0529319,20.35677805,21.74523959,Out
05/04/2026 04:00,20.53754729,21.51831652,21.0529319,20.35677805,21.74523959,Out
05/04/2026 04:10,20.33754729,21.51831652,21.2529319,20.35677805,21.74523959,Out
05/04/2026 04:20,20.53754729,21.51831652,21.0529319,20.35677805,21.74523959,Out
05/04/2026 04:30,20.53754729,21.31831652,21.0529319,20.35677805,21.74523959,Out
05/04/2026 04:40,20.53754729,21.51831652,21.2529319,20.35677805,21.84523959,Out
05/04/2026 04:50,20.53754729,21.51831652,21.0529319,20.35677805,21.74523959,Out
05/04/2026 05:00,20.53754729,21.51831652,21.0529319,20.35677805,21.74523959,Out
05/04/2026 05:10,20.53754729,21.31831652,21.0529319,20.35677805,21.84523959,Out
05/04/2026 05:20,20.53754729,21.61831652,21.2529319,20.35677805,21.74523959,Out
05/04/2026 05:30,20.33754729,21.51831652,21.0529319,20.35677805,21.74523959,Out
05/04/2026 05:40,20.53754729,21.51831652,21.0529319,20.35677805,21.74523959,Out
05/04/2026 05:50,20.53754729,21.51831652,21.0529319,20.35677805,21.74523959,Out
05/04/2026 06:00,20.53754729,21.31831652,21.0529319,20.35677805,21.74523959,Out
05/04/2026 06:10,20.33754729,21.51831652,21.0529319,20.35677805,21.74523959,Out
05/04/2026 06:20,20.33754729,21.51831652,21.0529319,20.35677805,21.74523959,Out
05/04/2026 06:30,20.53754729,21.51831652,21.0529319,20.35677805,21.74523959,Out
05/04/2026 06:40,20.53754729,21.51831652,21.0529319,20.35677805,21.74523959,Out
05/04/2026 06:50,20.53754729,21.51831652,21.0529319,20.35677805,21.74523959,Out
05/04/2026 07:00,20.53754729,21.51831652,21.0529319,20.35677805,21.74523959,Out
05/04/2026 07:10,20.33754729,21.51831652,21.0529319,20.35677805,21.74523959,Out
05/04/2026 07:20,20.53754729,21.51831652,21.2529319,20.35677805,21.74523959,Out
05/04/2026 07:30,20.53754729,21.51831652,21.0529319,20.35677805,21.74523959,Out
05/04/2026 07:40,20.33754729,21.51831652,21.2529319,20.35677805,21.74523959,Out
05/04/2026 07:50,20.33754729,21.51831652,21.2529319,20.35677805,21.64523959,Out
05/04/2026 08:00,20.53754729,21.51831652,21.2529319,20.35677805,21.74523959,Out
05/04/2026 08:10,20.53754729,21.51831652,21.0529319,20.35677805,21.74523959,Out
05/04/2026 08:20,20.53754729,21.51831652,21.0529319,20.25677805,21.74523959,Out
05/04/2026 08:30,20.53754729,21.51831652,21.0529319,20.35677805,21.74523959,Out
05/04/2026 08:40,20.53754729,21.51831652,21.0529319,20.35677805,21.74523959,Out
05/04/2026 08:50,20.53754729,21.51831652,21.0529319,20.25677805,21.74523959,Out
05/04/2026 09:00,20.33754729,21.51831652,21.0529319,20.35677805,21.74523959,Out
05/04/2026 09:10,20.53754729,21.51831652,21.0529319,20.35677805,21.74523959,Out
05/04/2026 09:20,20.53754729,21.51831652,21.0529319,20.35677805,21.74523959,Out
05/04/2026 09:30,20.53754729,21.51831652,21.0529319,20.35677805,21.74523959,Out
05/04/2026 09:40,20.53754729,21.51831652,21.0529319,20.35677805,21.74523959,Out
05/04/2026 09:50,20.33754729,21.51831652,21.0529319,20.35677805,21.74523959,Out
05/04/2026 10:00,20.53754729,21.51831652,21.0529319,20.35677805,21.74523959,Out
05/04/2026 10:10,20.53754729,21.51831652,21.0529319,20.35677805,21.74523959,Out
05/04/2026 10:20,20.53754729,21.51831652,21.0529319,20.35677805,21.74523959,Out
05/04/2026 10:30,20.33754729,21.51831652,21.2529319,20.35677805,21.74523959,Out
05/04/2026 10:40,20.53754729,21.51831652,21.0529319,20.35677805,21.74523959,Out
05/04/2026 10:50,20.53754729,21.51831652,21.0529319,20.35677805,21.74523959,Out
05/04/2026 11:00,20.53754729,21.51831652,21.0529319,20.25677805,21.74523959,Out
05/04/2026 11:10,20.53754729,21.51831652,21.0529319,20.25677805,21.74523959,Out
05/04/2026 11:20,20.53754729,21.31831652,21.0529319,20.25677805,21.74523959,Out
05/04/2026 11:30,20.53754729,21.51831652,21.0529319,20.25677805,21.74523959,Out
05/04/2026 11:40,20.53754729,21.51831652,21.0529319,20.25677805,21.74523959,Out
05/04/2026 11:50,20.53754729,21.51831652,21.0529319,20.25677805,21.74523959,Out
05/04/2026 12:00,20.33754729,21.51831652,21.0529319,20.35677805,21.74523959,Out
05/04/2026 12:10,20.33754729,21.51831652,21.0529319,20.25677805,21.74523959,Out
05/04/2026 12:20,20.33754729,21.31831652,21.0529319,20.35677805,21.74523959,Out
05/04/2026 12:30,20.53754729,21.31831652,21.0529319,20.25677805,21.74523959,Out
05/04/2026 12:40,20.33754729,21.51831652,21.0529319,20.25677805,21.74523959,Out
05/04/2026 12:50,20.53754729,21.31831652,21.0529319,20.35677805,21.74523959,Out
05/04/2026 13:00,20.33754729,21.31831652,21.0529319,20.25677805,21.74523959,Out
05/04/2026 13:10,20.33754729,21.51831652,21.0529319,20.25677805,21.64523959,Out
05/04/2026 13:20,20.33754729,21.51831652,21.0529319,20.25677805,21.74523959,Out
05/04/2026 13:30,20.33754729,21.51831652,21.0529319,20.35677805,21.74523959,Out
05/04/2026 13:40,20.33754729,21.51831652,21.0529319,20.25677805,21.74523959,Out
05/04/2026 13:50,20.33754729,21.31831652,21.0529319,20.25677805,21.74523959,Out
05/04/2026 14:00,20.33754729,21.51831652,20.9529319,20.35677805,21.74523959,Out
05/04/2026 14:10,20.33754729,21.31831652,21.0529319,20.25677805,21.74523959,Out
05/04/2026 14:20,20.33754729,21.51831652,21.0529319,20.25677805,21.74523959,Out
05/04/2026 14:30,20.33754729,21.51831652,21.0529319,20.35677805,21.74523959,Out
05/04/2026 14:40,20.33754729,21.51831652,21.0529319,20.25677805,21.74523959,Out
05/04/2026 14:50,20.33754729,21.31831652,20.9529319,20.25677805,21.74523959,Out
05/04/2026 15:00,20.53754729,21.31831652,21.0529319,20.25677805,21.74523959,Out
05/04/2026 15:10,20.33754729,21.31831652,21.0529319,20.25677805,21.74523959,Out
05/04/2026 15:20,20.53754729,21.51831652,21.0529319,20.35677805,21.64523959,Out
05/04/2026 15:30,20.33754729,21.51831652,20.9529319,20.25677805,21.74523959,Out
05/04/2026 15:40,20.53754729,21.31831652,20.9529319,20.25677805,21.74523959,Out
05/04/2026 15:50,20.33754729,21.31831652,21.0529319,20.35677805,21.74523959,Out
05/04/2026 16:00,20.33754729,21.31831652,21.0529319,20.35677805,21.74523959,Out
05/04/2026 16:10,20.33754729,21.51831652,21.0529319,20.25677805,21.74523959,Out
05/04/2026 16:20,20.33754729,21.51831652,21.0529319,20.35677805,21.74523959,Out
05/04/2026 16:30,20.53754729,21.31831652,21.0529319,20.35677805,21.74523959,Out
05/04/2026 16:40,20.33754729,21.51831652,21.0529319,20.25677805,21.74523959,Out
05/04/2026 16:50,20.33754729,21.31831652,21.0529319,20.25677805,21.74523959,Out
05/04/2026 17:00,20.33754729,21.31831652,21.0529319,20.35677805,21.74523959,Out
05/04/2026 17:10,20.33754729,21.51831652,21.0529319,20.35677805,21.74523959,Out
05/04/2026 17:20,20.33754729,21.51831652,21.0529319,20.35677805,21.74523959,Out
05/04/2026 17:30,20.33754729,21.51831652,21.0529319,20.35677805,21.74523959,Out
05/04/2026 17:40,20.33754729,21.31831652,21.0529319,20.25677805,21.74523959,Out
05/04/2026 17:50,20.53754729,21.31831652,21.0529319,20.25677805,21.74523959,Out
05/04/2026 18:00,20.53754729,21.51831652,21.0529319,20.25677805,21.74523959,Out
05/04/2026 18:10,20.33754729,21.51831652,21.0529319,20.35677805,21.74523959,Out
05/04/2026 18:20,20.33754729,21.51831652,21.0529319,20.25677805,21.74523959,Out
05/04/2026 18:30,20.33754729,21.51831652,21.0529319,20.25677805,21.74523959,Out
05/04/2026 18:40,20.53754729,21.31831652,21.0529319,20.35677805,21.64523959,Out
05/04/2026 18:50,20.33754729,21.51831652,21.0529319,20.25677805,21.74523959,Out
05/04/2026 19:00,20.53754729,21.51831652,21.2529319,20.35677805,21.74523959,Out
05/04/2026 19:10,20.53754729,21.51831652,21.0529319,20.35677805,21.74523959,Out
05/04/2026 19:20,20.33754729,21.31831652,20.9529319,20.35677805,21.74523959,Out
05/04/2026 19:30,20.53754729,21.51831652,21.0529319,20.25677805,21.74523959,Out
05/04/2026 19:40,20.53754729,21.51831652,21.0529319,20.35677805,21.74523959,Out
05/04/2026 19:50,20.33754729,21.51831652,21.0529319,20.25677805,21.74523959,Out
05/04/2026 20:00,20.53754729,21.51831652,21.0529319,20.35677805,21.74523959,Out
05/04/2026 20:10,20.33754729,21.31831652,21.0529319,20.25677805,21.74523959,Out
05/04/2026 20:20,20.33754729,21.51831652,21.0529319,20.35677805,21.74523959,Out
05/04/2026 20:30,20.53754729,21.51831652,21.0529319,20.35677805,21.74523959,Out
05/04/2026 20:40,20.33754729,21.51831652,21.0529319,20.35677805,21.74523959,Out
05/04/2026 20:50,20.53754729,21.51831652,21.0529319,20.35677805,21.74523959,Out
05/04/2026 21:00,20.53754729,21.51831652,21.0529319,20.35677805,21.74523959,Out
05/04/2026 21:10,20.53754729,21.51831652,21.0529319,20.35677805,21.74523959,Out
05/04/2026 21:20,20.53754729,21.51831652,21.2529319,20.35677805,21.74523959,Out
05/04/2026 21:30,20.53754729,21.51831652,21.2529319,20.25677805,21.74523959,Out
05/04/2026 21:40,20.53754729,21.51831652,21.0529319,20.35677805,21.74523959,Out
05/04/2026 21:50,20.53754729,21.51831652,21.0529319,20.35677805,21.74523959,Out
05/04/2026 22:00,20.53754729,21.51831652,21.0529319,20.35677805,21.74523959,Out
05/04/2026 22:10,20.53754729,21.51831652,21.0529319,20.35677805,21.74523959,Out
05/04/2026 22:20,20.53754729,21.51831652,21.0529319,20.35677805,21.74523959,Out
05/04/2026 22:30,20.53754729,21.51831652,21.2529319,20.35677805,21.74523959,Out
05/04/2026 22:40,20.53754729,21.51831652,21.0529319,20.25677805,21.74523959,Out
05/04/2026 22:50,20.33754729,21.51831652,21.0529319,20.35677805,21.74523959,Out
05/04/2026 23:00,20.53754729,21.51831652,21.0529319,20.35677805,21.74523959,Out
05/04/2026 23:10,20.53754729,21.31831652,21.0529319,20.35677805,21.74523959,Out
05/04/2026 23:20,20.53754729,21.51831652,21.0529319,20.25677805,21.74523959,Out
05/04/2026 23:30,20.53754729,21.51831652,21.0529319,20.35677805,21.74523959,Out
05/04/2026 23:40,20.53754729,21.51831652,21.0529319,20.35677805,21.84523959,Out
05/04/2026 23:50,20.33754729,21.51831652,21.0529319,20.35677805,21.84523959,Out
06/04/2026 00:00,20.53754729,21.51831652,21.0529319,20.35677805,21.74523959,Out
06/04/2026 00:10,20.33754729,21.51831652,21.2529319,20.35677805,21.74523959,Out
06/04/2026 00:20,20.53754729,21.51831652,21.2529319,20.35677805,21.74523959,Out
06/04/2026 00:30,20.53754729,21.51831652,21.0529319,20.35677805,21.74523959,Out
06/04/2026 00:40,20.53754729,21.51831652,21.0529319,20.35677805,21.84523959,Out
06/04/2026 00:50,20.33754729,21.51831652,21.0529319,20.35677805,21.74523959,Out
06/04/2026 01:00,20.53754729,21.51831652,21.0529319,20.25677805,21.74523959,Out
06/04/2026 01:10,20.53754729,21.51831652,21.0529319,20.35677805,21.74523959,Out
06/04/2026 01:20,20.53754729,21.51831652,21.0529319,20.25677805,21.74523959,Out
06/04/2026 01:30,20.53754729,21.51831652,21.0529319,20.35677805,21.74523959,Out
06/04/2026 01:40,20.53754729,21.51831652,21.2529319,20.35677805,21.74523959,Out
06/04/2026 01:50,20.33754729,21.51831652,21.0529319,20.35677805,21.74523959,Out
06/04/2026 02:00,20.53754729,21.51831652,21.0529319,20.35677805,21.74523959,Out
06/04/2026 02:10,20.53754729,21.51831652,21.0529319,20.25677805,21.74523959,Out
06/04/2026 02:20,20.33754729,21.51831652,21.2529319,20.35677805,21.74523959,Out
06/04/2026 02:30,20.53754729,21.51831652,21.2529319,20.25677805,21.74523959,Out
06/04/2026 02:40,20.53754729,21.51831652,21.0529319,20.35677805,21.74523959,Out
06/04/2026 02:50,20.33754729,21.51831652,21.0529319,20.35677805,21.74523959,Out
06/04/2026 03:00,20.33754729,21.51831652,21.0529319,20.25677805,21.74523959,Out
06/04/2026 03:10,20.53754729,21.51831652,21.0529319,20.35677805,21.74523959,Out
06/04/2026 03:20,20.53754729,21.51831652,21.2529319,20.35677805,21.84523959,Out
06/04/2026 03:30,20.33754729,21.51831652,21.0529319,20.35677805,21.84523959,Out
06/04/2026 03:40,20.53754729,21.51831652,21.0529319,20.35677805,21.84523959,Out
06/04/2026 03:50,20.33754729,21.51831652,21.0529319,20.35677805,21.74523959,Out
06/04/2026 04:00,20.33754729,21.51831652,21.2529319,20.35677805,21.74523959,Out
06/04/2026 04:10,20.53754729,21.51831652,21.2529319,20.35677805,21.74523959,Out
06/04/2026 04:20,20.53754729,21.51831652,21.0529319,20.35677805,21.74523959,Out
06/04/2026 04:30,20.33754729,21.51831652,21.2529319,20.35677805,21.74523959,Out
06/04/2026 04:40,20.33754729,21.51831652,21.0529319,20.35677805,21.74523959,Out
06/04/2026 04:50,20.53754729,21.51831652,21.2529319,20.35677805,21.74523959,Out
06/04/2026 05:00,20.53754729,21.51831652,21.2529319,20.35677805,21.74523959,Out
06/04/2026 05:10,20.53754729,21.51831652,21.0529319,20.35677805,21.74523959,Out
06/04/2026 05:20,20.53754729,21.51831652,21.2529319,20.35677805,21.74523959,Out
06/04/2026 05:30,20.53754729,21.51831652,21.0529319,20.35677805,21.74523959,Out
06/04/2026 05:40,20.53754729,21.51831652,21.2529319,20.35677805,21.74523959,Out
06/04/2026 05:50,20.53754729,21.51831652,21.2529319,20.35677805,21.74523959,Out
06/04/2026 06:00,20.53754729,21.51831652,21.2529319,20.35677805,21.84523959,Out
06/04/2026 06:10,20.53754729,21.51831652,21.0529319,20.35677805,21.74523959,Out
06/04/2026 06:20,20.53754729,21.51831652,21.0529319,20.35677805,21.74523959,Out
06/04/2026 06:30,20.53754729,21.51831652,21.0529319,20.35677805,21.74523959,Out
06/04/2026 06:40,20.53754729,21.51831652,21.2529319,20.35677805,21.74523959,Out
06/04/2026 06:50,20.53754729,21.51831652,21.0529319,20.35677805,21.74523959,Out
06/04/2026 07:00,20.53754729,21.51831652,21.2529319,20.35677805,21.74523959,Out
06/04/2026 07:10,20.53754729,21.51831652,21.0529319,20.35677805,21.74523959,Out
06/04/2026 07:20,20.53754729,21.51831652,21.0529319,20.35677805,21.74523959,Out
06/04/2026 07:30,20.53754729,21.31831652,21.2529319,20.35677805,21.74523959,Out
06/04/2026 07:40,20.53754729,21.51831652,21.0529319,20.35677805,21.74523959,Out
06/04/2026 07:50,20.53754729,21.51831652,21.0529319,20.35677805,21.74523959,Out
06/04/2026 08:00,20.53754729,21.51831652,21.0529319,20.35677805,21.74523959,Out
06/04/2026 08:10,20.53754729,21.51831652,21.0529319,20.35677805,21.74523959,Out
06/04/2026 08:20,20.53754729,21.51831652,21.0529319,20.35677805,21.74523959,Out
06/04/2026 08:30,20.53754729,21.51831652,21.0529319,20.35677805,21.74523959,Out
06/04/2026 08:40,20.53754729,21.51831652,21.2529319,20.35677805,21.74523959,Out
06/04/2026 08:50,20.53754729,21.51831652,21.0529319,20.35677805,21.74523959,Out
06/04/2026 09:00,20.53754729,21.51831652,21.2529319,20.35677805,21.74523959,Out
06/04/2026 09:10,20.53754729,21.51831652,21.2529319,20.35677805,21.74523959,Out
06/04/2026 09:20,20.53754729,21.51831652,21.2529319,20.35677805,21.74523959,Out
06/04/2026 09:30,20.53754729,21.51831652,21.0529319,20.25677805,21.74523959,Out
06/04/2026 09:40,20.53754729,21.51831652,21.0529319,20.35677805,21.74523959,Out
06/04/2026 09:50,20.33754729,21.51831652,21.0529319,20.35677805,21.74523959,Out
06/04/2026 10:00,20.53754729,21.51831652,21.0529319,20.35677805,21.74523959,Out
06/04/2026 10:10,20.53754729,21.51831652,21.2529319,20.35677805,21.74523959,Out
06/04/2026 10:20,20.33754729,21.51831652,21.0529319,20.35677805,21.74523959,Out
06/04/2026 10:30,20.53754729,21.51831652,21.0529319,20.35677805,21.74523959,Out
06/04/2026 10:40,20.53754729,21.51831652,21.2529319,20.35677805,21.74523959,Out
06/04/2026 10:50,20.53754729,21.51831652,21.2529319,20.25677805,21.74523959,Out
06/04/2026 11:00,20.53754729,21.51831652,21.2529319,20.35677805,21.74523959,Out
06/04/2026 11:10,20.53754729,21.51831652,21.0529319,20.35677805,21.74523959,Out
06/04/2026 11:20,20.53754729,21.51831652,21.0529319,20.35677805,21.74523959,Out
06/04/2026 11:30,20.53754729,21.51831652,21.0529319,20.25677805,21.74523959,Out
06/04/2026 11:40,20.53754729,21.51831652,21.0529319,20.35677805,21.74523959,Out
06/04/2026 11:50,20.53754729,21.51831652,21.2529319,20.35677805,21.74523959,Out
06/04/2026 12:00,20.53754729,21.51831652,21.0529319,20.35677805,21.74523959,Out
06/04/2026 12:10,20.33754729,21.51831652,21.0529319,20.35677805,21.74523959,Out
06/04/2026 12:20,20.53754729,21.51831652,21.2529319,20.35677805,21.74523959,Out
06/04/2026 12:30,20.53754729,21.51831652,21.0529319,20.25677805,21.74523959,Out
06/04/2026 12:40,20.33754729,21.51831652,21.2529319,20.25677805,21.64523959,Out
06/04/2026 12:50,20.53754729,21.51831652,21.2529319,20.35677805,21.74523959,Out
06/04/2026 13:00,20.53754729,21.51831652,21.2529319,20.35677805,21.74523959,Out
06/04/2026 13:10,20.53754729,21.51831652,21.0529319,20.35677805,21.74523959,Out
06/04/2026 13:20,20.53754729,21.31831652,21.2529319,20.35677805,21.74523959,Out
06/04/2026 13:30,20.53754729,21.31831652,21.0529319,20.25677805,21.74523959,Out
06/04/2026 13:40,20.33754729,21.51831652,21.2529319,20.35677805,21.74523959,Out
06/04/2026 13:50,20.53754729,21.51831652,21.0529319,20.35677805,21.74523959,Out
06/04/2026 14:00,20.53754729,21.31831652,21.0529319,20.35677805,21.74523959,Out
06/04/2026 14:10,20.53754729,21.51831652,21.0529319,20.25677805,21.74523959,Out
06/04/2026 14:20,20.33754729,21.51831652,21.0529319,20.35677805,21.74523959,Out
06/04/2026 14:30,20.33754729,21.51831652,21.0529319,20.35677805,21.74523959,Out
06/04/2026 14:40,20.33754729,21.31831652,21.0529319,20.25677805,21.74523959,Out
06/04/2026 14:50,20.33754729,21.51831652,21.0529319,20.35677805,21.74523959,Out
06/04/2026 15:00,20.33754729,21.31831652,21.2529319,20.25677805,21.74523959,Out
06/04/2026 15:10,20.33754729,21.31831652,21.0529319,20.25677805,21.74523959,Out
06/04/2026 15:20,20.33754729,21.31831652,21.0529319,20.25677805,21.74523959,Out
06/04/2026 15:30,20.33754729,21.31831652,21.0529319,20.35677805,21.74523959,Out
06/04/2026 15:40,20.53754729,21.51831652,21.0529319,20.35677805,21.74523959,Out
06/04/2026 15:50,20.33754729,21.51831652,21.0529319,20.25677805,21.74523959,Out
06/04/2026 16:00,20.33754729,21.31831652,21.0529319,20.25677805,21.74523959,Out
06/04/2026 16:10,20.53754729,21.51831652,21.0529319,20.35677805,21.74523959,Out
06/04/2026 16:20,20.33754729,21.51831652,21.0529319,20.35677805,21.74523959,Out
06/04/2026 16:30,20.53754729,21.51831652,21.0529319,20.35677805,21.74523959,Out
06/04/2026 16:40,20.33754729,21.51831652,21.2529319,20.25677805,21.74523959,Out
06/04/2026 16:50,20.53754729,21.31831652,21.0529319,20.35677805,21.74523959,Out
06/04/2026 17:00,20.33754729,21.31831652,21.0529319,20.35677805,21.74523959,Out
06/04/2026 17:10,20.33754729,21.51831652,21.0529319,20.35677805,21.74523959,Out
06/04/2026 17:20,20.33754729,21.51831652,21.0529319,20.35677805,21.74523959,Out
06/04/2026 17:30,20.33754729,21.51831652,21.0529319,20.35677805,21.74523959,Out
06/04/2026 17:40,20.33754729,21.51831652,21.0529319,20.25677805,21.74523959,Out
06/04/2026 17:50,20.33754729,21.31831652,21.0529319,20.35677805,21.74523959,Out
06/04/2026 18:00,20.33754729,21.51831652,21.2529319,20.35677805,21.74523959,Out
06/04/2026 18:10,20.53754729,21.51831652,21.0529319,20.35677805,21.74523959,Out
06/04/2026 18:20,20.53754729,21.51831652,21.0529319,20.25677805,21.74523959,Out
06/04/2026 18:30,20.53754729,21.51831652,21.0529319,20.35677805,21.74523959,Out
06/04/2026 18:40,20.33754729,21.51831652,21.2529319,20.25677805,21.74523959,Out
06/04/2026 18:50,20.33754729,21.51831652,21.0529319,20.25677805,21.74523959,Out
06/04/2026 19:00,20.53754729,21.51831652,21.0529319,20.35677805,21.74523959,Out
06/04/2026 19:10,20.53754729,21.51831652,21.0529319,20.35677805,21.74523959,Out
06/04/2026 19:20,20.33754729,21.51831652,21.2529319,20.35677805,21.84523959,Out
06/04/2026 19:30,20.53754729,21.51831652,21.2529319,20.35677805,21.74523959,Out
06/04/2026 19:40,20.33754729,21.51831652,21.0529319,20.35677805,21.74523959,Out
06/04/2026 19:50,20.53754729,21.51831652,21.0529319,20.35677805,21.74523959,Out
06/04/2026 20:00,20.53754729,21.51831652,21.0529319,20.35677805,21.74523959,Out
06/04/2026 20:10,20.53754729,21.51831652,21.0529319,20.35677805,21.74523959,Out
06/04/2026 20:20,20.53754729,21.51831652,21.2529319,20.35677805,21.74523959,Out
06/04/2026 20:30,20.53754729,21.51831652,21.0529319,20.35677805,21.74523959,Out
06/04/2026 20:40,20.53754729,21.51831652,21.0529319,20.35677805,21.74523959,Out
06/04/2026 20:50,20.53754729,21.51831652,21.0529319,20.35677805,21.74523959,Out
06/04/2026 21:00,20.53754729,21.51831652,21.0529319,20.35677805,21.74523959,Out
06/04/2026 21:10,20.33754729,21.51831652,21.0529319,20.35677805,21.74523959,Out
06/04/2026 21:20,20.53754729,21.51831652,21.0529319,20.35677805,21.74523959,Out
06/04/2026 21:30,20.33754729,21.51831652,21.0529319,20.35677805,21.74523959,Out
06/04/2026 21:40,20.53754729,21.51831652,21.2529319,20.35677805,21.74523959,Out
06/04/2026 21:50,20.53754729,21.51831652,21.0529319,20.55677805,21.84523959,Out
06/04/2026 22:00,20.53754729,21.51831652,21.2529319,20.35677805,21.74523959,Out
06/04/2026 22:10,20.33754729,21.51831652,21.2529319,20.35677805,21.74523959,Out
06/04/2026 22:20,20.33754729,21.51831652,21.2529319,20.35677805,21.74523959,Out
06/04/2026 22:30,20.53754729,21.51831652,21.2529319,20.35677805,21.84523959,Out
06/04/2026 22:40,20.53754729,21.51831652,21.0529319,20.35677805,21.74523959,Out
06/04/2026 22:50,20.53754729,21.51831652,21.0529319,20.25677805,21.74523959,Out
06/04/2026 23:00,20.53754729,21.51831652,21.0529319,20.35677805,21.74523959,Out
06/04/2026 23:10,20.33754729,21.51831652,21.0529319,20.35677805,21.84523959,Out
06/04/2026 23:20,20.53754729,21.51831652,21.0529319,20.35677805,21.74523959,Out
06/04/2026 23:30,20.53754729,21.51831652,21.0529319,20.35677805,21.74523959,Out
06/04/2026 23:40,20.53754729,21.51831652,21.2529319,20.25677805,21.74523959,Out
06/04/2026 23:50,20.53754729,21.51831652,21.0529319,20.35677805,21.74523959,Out
07/04/2026 00:00,20.53754729,21.51831652,21.2529319,20.35677805,21.74523959,Out
07/04/2026 00:10,20.53754729,21.51831652,21.0529319,20.35677805,21.74523959,Out
07/04/2026 00:20,20.53754729,21.51831652,21.0529319,20.35677805,21.74523959,Out
07/04/2026 00:30,20.53754729,21.51831652,21.0529319,20.35677805,21.84523959,Out
07/04/2026 00:40,20.53754729,21.51831652,21.2529319,20.35677805,21.74523959,Out
07/04/2026 00:50,20.53754729,21.51831652,21.0529319,20.35677805,21.74523959,Out
07/04/2026 01:00,20.53754729,21.51831652,21.0529319,20.35677805,21.74523959,Out
07/04/2026 01:10,20.53754729,21.31831652,21.0529319,20.35677805,21.74523959,Out
07/04/2026 01:20,20.53754729,21.51831652,21.0529319,20.35677805,21.74523959,Out
07/04/2026 01:30,20.33754729,21.31831652,21.2529319,20.35677805,21.74523959,Out
07/04/2026 01:40,20.53754729,21.31831652,21.0529319,20.35677805,21.74523959,Out
07/04/2026 01:50,20.33754729,21.31831652,21.0529319,20.35677805,21.74523959,Out
07/04/2026 02:00,20.53754729,21.51831652,21.2529319,20.35677805,21.74523959,Out
07/04/2026 02:10,20.53754729,21.51831652,21.0529319,20.35677805,21.74523959,Out
07/04/2026 02:20,20.33754729,21.51831652,21.0529319,20.35677805,21.74523959,Out
07/04/2026 02:30,20.53754729,21.51831652,21.0529319,20.25677805,21.74523959,Out
07/04/2026 02:40,20.33754729,21.51831652,21.0529319,20.35677805,21.74523959,Out
07/04/2026 02:50,20.53754729,21.51831652,21.0529319,20.35677805,21.74523959,Out
07/04/2026 03:00,20.53754729,21.51831652,21.2529319,20.35677805,21.74523959,Out
07/04/2026 03:10,20.53754729,21.51831652,21.0529319,20.35677805,21.74523959,Out
07/04/2026 03:20,20.53754729,21.31831652,21.0529319,20.35677805,21.74523959,Out
07/04/2026 03:30,20.33754729,21.51831652,21.0529319,20.35677805,21.74523959,Out
07/04/2026 03:40,20.53754729,21.51831652,21.0529319,20.35677805,21.74523959,Out
07/04/2026 03:50,20.53754729,21.51831652,21.2529319,20.35677805,21.74523959,Out
07/04/2026 04:00,20.53754729,21.51831652,21.0529319,20.35677805,21.74523959,Out
07/04/2026 04:10,20.53754729,21.51831652,21.0529319,20.35677805,21.74523959,Out
07/04/2026 04:20,20.53754729,21.51831652,21.2529319,20.35677805,21.74523959,Out
07/04/2026 04:30,20.33754729,21.51831652,21.0529319,20.35677805,21.74523959,Out
07/04/2026 04:40,20.53754729,21.51831652,21.2529319,20.35677805,21.74523959,Out
07/04/2026 04:50,20.53754729,21.51831652,21.2529319,20.35677805,21.74523959,Out
07/04/2026 05:00,20.53754729,21.51831652,21.2529319,20.35677805,21.74523959,Out
07/04/2026 05:10,20.33754729,21.51831652,21.2529319,20.35677805,21.74523959,Out
07/04/2026 05:20,20.53754729,21.51831652,21.0529319,20.35677805,21.74523959,Out
07/04/2026 05:30,20.53754729,21.51831652,21.2529319,20.35677805,21.74523959,Out
07/04/2026 05:40,20.53754729,21.51831652,21.0529319,20.25677805,21.74523959,Out
07/04/2026 05:50,20.53754729,21.51831652,21.0529319,20.35677805,21.74523959,Out
07/04/2026 06:00,20.53754729,21.51831652,21.0529319,20.35677805,21.74523959,Out
07/04/2026 06:10,20.53754729,21.51831652,21.0529319,20.35677805,21.74523959,Out
07/04/2026 06:20,20.53754729,21.51831652,21.0529319,20.25677805,21.74523959,Out
07/04/2026 06:30,20.53754729,21.51831652,21.2529319,20.35677805,21.74523959,Out
07/04/2026 06:40,20.33754729,21.51831652,21.2529319,20.35677805,21.74523959,Out
07/04/2026 06:50,20.53754729,21.51831652,21.0529319,20.35677805,21.74523959,Out
07/04/2026 07:00,20.53754729,21.51831652,21.2529319,20.35677805,21.74523959,Out
07/04/2026 07:10,20.53754729,21.51831652,21.2529319,20.35677805,21.74523959,Out
07/04/2026 07:20,20.53754729,21.51831652,21.0529319,20.55677805,21.74523959,Out
07/04/2026 07:30,20.53754729,21.51831652,21.0529319,20.25677805,21.74523959,Out
07/04/2026 07:40,20.53754729,21.51831652,21.0529319,20.35677805,21.74523959,Out
07/04/2026 07:50,20.33754729,21.51831652,21.0529319,20.35677805,21.74523959,Out
07/04/2026 08:00,20.53754729,21.51831652,21.0529319,20.35677805,21.74523959,Out
07/04/2026 08:10,20.53754729,21.51831652,21.0529319,20.35677805,21.74523959,Out
07/04/2026 08:20,20.53754729,21.51831652,21.0529319,20.35677805,21.74523959,Out
07/04/2026 08:30,20.53754729,21.51831652,21.0529319,20.35677805,21.74523959,Out
07/04/2026 08:40,20.53754729,21.51831652,21.0529319,20.35677805,21.84523959,Out
07/04/2026 08:50,20.53754729,21.51831652,21.0529319,20.35677805,21.74523959,Out
07/04/2026 09:00,20.33754729,21.51831652,21.0529319,20.35677805,21.74523959,Out
07/04/2026 09:10,20.53754729,21.51831652,21.2529319,20.35677805,21.84523959,Out
07/04/2026 09:20,20.53754729,21.51831652,21.0529319,20.35677805,21.74523959,Out
07/04/2026 09:30,20.53754729,21.51831652,21.0529319,20.35677805,21.84523959,Out
07/04/2026 09:40,20.53754729,21.51831652,21.0529319,20.35677805,21.84523959,Out
07/04/2026 09:50,20.33754729,21.51831652,21.0529319,20.35677805,21.84523959,Out
07/04/2026 10:00,20.53754729,21.51831652,21.2529319,20.35677805,21.84523959,Out
07/04/2026 10:10,20.33754729,21.51831652,21.2529319,20.35677805,21.84523959,Out
07/04/2026 10:20,20.53754729,21.51831652,21.2529319,20.35677805,21.84523959,Out
07/04/2026 10:30,20.53754729,21.51831652,21.2529319,20.35677805,21.84523959,Out
07/04/2026 10:40,20.53754729,21.61831652,21.2529319,20.35677805,21.84523959,Out
07/04/2026 10:50,20.53754729,21.51831652,21.2529319,20.55677805,21.84523959,Out
07/04/2026 11:00,20.53754729,21.61831652,21.2529319,20.55677805,21.84523959,Out
07/04/2026 11:10,20.53754729,21.51831652,21.2529319,20.55677805,21.84523959,Out
07/04/2026 11:20,20.53754729,21.51831652,21.2529319,20.55677805,21.84523959,Out
07/04/2026 11:30,20.53754729,21.51831652,21.2529319,20.35677805,21.84523959,Out
07/04/2026 11:40,20.53754729,21.51831652,21.2529319,20.55677805,21.84523959,Out
07/04/2026 11:50,20.53754729,21.61831652,21.2529319,20.35677805,21.74523959,Out
07/04/2026 12:00,20.53754729,21.51831652,21.2529319,20.35677805,21.84523959,Out
07/04/2026 12:10,20.53754729,21.51831652,21.2529319,20.35677805,21.84523959,Out
07/04/2026 12:20,20.53754729,21.51831652,21.2529319,20.35677805,21.84523959,Out
07/04/2026 12:30,20.53754729,21.51831652,21.2529319,20.35677805,21.84523959,Out
07/04/2026 12:40,20.53754729,21.61831652,21.2529319,20.35677805,21.84523959,Out
07/04/2026 12:50,20.53754729,21.51831652,21.0529319,20.55677805,21.74523959,Out
07/04/2026 13:00,20.53754729,21.51831652,21.2529319,20.55677805,21.84523959,Out
07/04/2026 13:10,20.53754729,21.61831652,21.2529319,20.35677805,21.84523959,Out
07/04/2026 13:20,20.53754729,21.51831652,21.2529319,20.35677805,21.84523959,Out
07/04/2026 13:30,20.53754729,21.51831652,21.2529319,20.55677805,21.84523959,Out
07/04/2026 13:40,20.53754729,21.51831652,21.2529319,20.55677805,21.74523959,Out
07/04/2026 13:50,20.53754729,21.61831652,21.2529319,20.55677805,21.84523959,Out
07/04/2026 14:00,20.53754729,21.61831652,21.2529319,20.35677805,21.84523959,Out
07/04/2026 14:10,20.53754729,21.61831652,21.2529319,20.35677805,21.84523959,Out
07/04/2026 14:20,20.63754729,21.61831652,21.2529319,20.35677805,21.84523959,Out
07/04/2026 14:30,20.53754729,21.51831652,21.2529319,20.55677805,21.84523959,Out
07/04/2026 14:40,20.53754729,21.61831652,21.2529319,20.35677805,21.74523959,Out
07/04/2026 14:50,20.53754729,21.51831652,21.2529319,20.35677805,21.74523959,Out
07/04/2026 15:00,20.53754729,21.51831652,21.2529319,20.35677805,21.84523959,Out
07/04/2026 15:10,20.53754729,21.61831652,21.2529319,20.35677805,21.84523959,Out
07/04/2026 15:20,20.53754729,21.61831652,21.2529319,20.55677805,21.84523959,Out
07/04/2026 15:30,20.53754729,21.51831652,21.2529319,20.35677805,21.84523959,Out
07/04/2026 15:40,20.53754729,21.61831652,21.2529319,20.35677805,21.84523959,Out
07/04/2026 15:50,20.53754729,21.51831652,21.2529319,20.35677805,21.74523959,Out
07/04/2026 16:00,20.53754729,21.61831652,21.2529319,20.35677805,21.74523959,Out
07/04/2026 16:10,20.53754729,21.51831652,21.2529319,20.35677805,21.74523959,Out
07/04/2026 16:20,20.53754729,21.51831652,21.2529319,20.55677805,21.74523959,Out
07/04/2026 16:30,20.53754729,21.51831652,21.0529319,20.35677805,21.84523959,Out
07/04/2026 16:40,20.53754729,21.51831652,21.2529319,20.35677805,21.84523959,Out
07/04/2026 16:50,20.53754729,21.51831652,21.2529319,20.35677805,21.74523959,Out
07/04/2026 17:00,20.53754729,21.51831652,21.2529319,20.35677805,21.84523959,Out
07/04/2026 17:10,20.53754729,21.61831652,21.2529319,20.35677805,21.74523959,Out
07/04/2026 17:20,20.53754729,21.61831652,21.2529319,20.35677805,21.84523959,Out
07/04/2026 17:30,20.53754729,21.51831652,21.2529319,20.35677805,21.84523959,Out
07/04/2026 17:40,20.53754729,21.61831652,21.2529319,20.35677805,21.84523959,Out
07/04/2026 17:50,20.33754729,21.51831652,21.2529319,20.35677805,21.84523959,Out
07/04/2026 18:00,20.53754729,21.61831652,21.2529319,20.35677805,21.84523959,Out
07/04/2026 18:10,20.53754729,21.51831652,21.2529319,20.35677805,21.84523959,Out
07/04/2026 18:20,20.53754729,21.61831652,21.2529319,20.35677805,21.74523959,Out
07/04/2026 18:30,20.53754729,21.51831652,21.2529319,20.35677805,21.84523959,Out
07/04/2026 18:40,20.53754729,21.61831652,21.2529319,20.35677805,21.84523959,Out
07/04/2026 18:50,20.63754729,21.61831652,21.2529319,20.35677805,21.84523959,Out
07/04/2026 19:00,20.53754729,21.61831652,21.2529319,20.55677805,21.84523959,Out
07/04/2026 19:10,20.53754729,21.51831652,21.2529319,20.35677805,21.84523959,Out
07/04/2026 19:20,20.53754729,21.51831652,21.2529319,20.55677805,21.84523959,Out
07/04/2026 19:30,20.53754729,21.51831652,21.2529319,20.55677805,21.84523959,Out
07/04/2026 19:40,20.53754729,21.61831652,21.2529319,20.35677805,21.84523959,Out
07/04/2026 19:50,20.53754729,21.61831652,21.2529319,20.35677805,21.74523959,Out
07/04/2026 20:00,20.63754729,21.51831652,21.2529319,20.35677805,21.84523959,Out
07/04/2026 20:10,20.53754729,21.61831652,21.2529319,20.35677805,21.84523959,Out
07/04/2026 20:20,20.53754729,21.61831652,21.2529319,20.55677805,21.84523959,Out
07/04/2026 20:30,20.53754729,21.61831652,21.3529319,20.55677805,21.84523959,Out
07/04/2026 20:40,20.53754729,21.61831652,21.2529319,20.35677805,21.84523959,Out
07/04/2026 20:50,20.53754729,21.61831652,21.2529319,20.55677805,21.84523959,Out
07/04/2026 21:00,20.53754729,21.51831652,21.2529319,20.35677805,21.84523959,Out
07/04/2026 21:10,20.53754729,21.61831652,21.2529319,20.55677805,21.84523959,Out
07/04/2026 21:20,20.63754729,21.61831652,21.2529319,20.55677805,21.84523959,Out
07/04/2026 21:30,20.53754729,21.61831652,21.2529319,20.55677805,21.74523959,Out
07/04/2026 21:40,20.53754729,21.61831652,21.2529319,20.35677805,21.84523959,Out
07/04/2026 21:50,20.53754729,21.51831652,21.2529319,20.55677805,21.84523959,Out
07/04/2026 22:00,20.53754729,21.61831652,21.2529319,20.55677805,21.84523959,Out
07/04/2026 22:10,20.53754729,21.61831652,21.2529319,20.35677805,21.84523959,Out
07/04/2026 22:20,20.53754729,21.51831652,21.2529319,20.55677805,21.74523959,Out
07/04/2026 22:30,20.53754729,21.51831652,21.2529319,20.35677805,21.84523959,Out
07/04/2026 22:40,20.53754729,21.61831652,21.2529319,20.55677805,21.84523959,Out
07/04/2026 22:50,20.53754729,21.61831652,21.2529319,20.35677805,21.84523959,Out
07/04/2026 23:00,20.53754729,21.61831652,21.2529319,20.55677805,21.84523959,Out
07/04/2026 23:10,20.53754729,21.51831652,21.2529319,20.55677805,21.84523959,Out
07/04/2026 23:20,20.53754729,21.61831652,21.2529319,20.35677805,21.74523959,Out
07/04/2026 23:30,20.53754729,21.61831652,21.2529319,20.35677805,21.84523959,Out
07/04/2026 23:40,20.63754729,21.61831652,21.2529319,20.35677805,21.84523959,Out
07/04/2026 23:50,20.53754729,21.61831652,21.2529319,20.55677805,21.84523959,Out
08/04/2026 00:00,20.63754729,21.51831652,21.2529319,20.55677805,21.84523959,Out
08/04/2026 00:10,20.53754729,21.61831652,21.2529319,20.55677805,21.84523959,Out
08/04/2026 00:20,20.63754729,21.61831652,21.2529319,20.55677805,21.84523959,Out
08/04/2026 00:30,20.53754729,21.61831652,21.2529319,20.55677805,21.84523959,Out
08/04/2026 00:40,20.53754729,21.61831652,21.2529319,20.35677805,21.84523959,Out
08/04/2026 00:50,20.53754729,21.61831652,21.2529319,20.55677805,21.84523959,Out
08/04/2026 01:00,20.53754729,21.61831652,21.2529319,20.55677805,21.84523959,Out
08/04/2026 01:10,20.53754729,21.51831652,21.2529319,20.55677805,21.84523959,Out
08/04/2026 01:20,20.53754729,21.61831652,21.2529319,20.35677805,21.84523959,Out
08/04/2026 01:30,20.53754729,21.61831652,21.2529319,20.55677805,21.84523959,Out
08/04/2026 01:40,20.53754729,21.61831652,21.2529319,20.55677805,21.84523959,Out
08/04/2026 01:50,20.63754729,21.61831652,21.2529319,20.55677805,21.94523959,Out
08/04/2026 02:00,20.53754729,21.61831652,21.2529319,20.55677805,21.84523959,Out
08/04/2026 02:10,20.63754729,21.61831652,21.2529319,20.55677805,21.84523959,Out
08/04/2026 02:20,20.53754729,21.61831652,21.2529319,20.35677805,21.84523959,Out
08/04/2026 02:30,20.53754729,21.61831652,21.2529319,20.55677805,21.84523959,Out
08/04/2026 02:40,20.63754729,21.61831652,21.2529319,20.35677805,21.74523959,Out
08/04/2026 02:50,20.63754729,21.61831652,21.2529319,20.55677805,21.84523959,Out
08/04/2026 03:00,20.53754729,21.51831652,21.2529319,20.55677805,21.84523959,Out
08/04/2026 03:10,20.53754729,21.61831652,21.2529319,20.55677805,21.84523959,Out
08/04/2026 03:20,20.53754729,21.61831652,21.2529319,20.35677805,21.84523959,Out
08/04/2026 03:30,20.63754729,21.61831652,21.3529319,20.55677805,21.84523959,Out
08/04/2026 03:40,20.53754729,21.61831652,21.2529319,20.35677805,21.84523959,Out
08/04/2026 03:50,20.53754729,21.51831652,21.2529319,20.55677805,21.84523959,Out
08/04/2026 04:00,20.53754729,21.51831652,21.2529319,20.55677805,21.84523959,Out
08/04/2026 04:10,20.63754729,21.61831652,21.2529319,20.35677805,21.84523959,Out
08/04/2026 04:20,20.63754729,21.61831652,21.2529319,20.35677805,21.84523959,Out
08/04/2026 04:30,20.53754729,21.61831652,21.2529319,20.55677805,21.84523959,Out
08/04/2026 04:40,20.53754729,21.61831652,21.2529319,20.35677805,21.84523959,Out
08/04/2026 04:50,20.53754729,21.51831652,21.2529319,20.55677805,21.84523959,Out
08/04/2026 05:00,20.63754729,21.61831652,21.2529319,20.55677805,21.84523959,Out
08/04/2026 05:10,20.53754729,21.61831652,21.2529319,20.55677805,21.84523959,Out
08/04/2026 05:20,20.53754729,21.61831652,21.2529319,20.55677805,21.74523959,Out
08/04/2026 05:30,20.53754729,21.61831652,21.2529319,20.35677805,21.84523959,Out
08/04/2026 05:40,20.53754729,21.61831652,21.2529319,20.55677805,21.94523959,Out
08/04/2026 05:50,20.53754729,21.61831652,21.2529319,20.55677805,21.84523959,Out
08/04/2026 06:00,20.53754729,21.61831652,21.2529319,20.35677805,21.94523959,Out
08/04/2026 06:10,20.53754729,21.61831652,21.2529319,20.35677805,21.74523959,Out
08/04/2026 06:20,20.53754729,21.61831652,21.2529319,20.35677805,21.84523959,Out
08/04/2026 06:30,20.53754729,21.61831652,21.2529319,20.35677805,21.74523959,Out
08/04/2026 06:40,20.53754729,21.61831652,21.2529319,20.35677805,21.84523959,Out
08/04/2026 06:50,20.53754729,21.51831652,21.2529319,20.35677805,21.74523959,Out
08/04/2026 07:00,20.53754729,21.61831652,21.2529319,20.35677805,21.74523959,Out
08/04/2026 07:10,20.53754729,21.51831652,21.2529319,20.35677805,21.84523959,Out
08/04/2026 07:20,20.63754729,21.51831652,21.2529319,20.55677805,21.84523959,Out
08/04/2026 07:30,20.53754729,21.51831652,21.2529319,20.35677805,21.84523959,Out
08/04/2026 07:40,20.53754729,21.61831652,21.2529319,20.35677805,21.84523959,Out
08/04/2026 07:50,20.53754729,21.51831652,21.2529319,20.35677805,21.74523959,Out
08/04/2026 08:00,20.53754729,21.61831652,21.2529319,20.35677805,21.84523959,Out
08/04/2026 08:10,20.53754729,21.51831652,21.2529319,20.35677805,21.84523959,Out
08/04/2026 08:20,20.53754729,21.51831652,21.2529319,20.35677805,21.84523959,Out
08/04/2026 08:30,20.53754729,21.51831652,21.2529319,20.35677805,21.84523959,Out
08/04/2026 08:40,20.53754729,21.51831652,21.2529319,20.35677805,21.84523959,Out
08/04/2026 08:50,20.53754729,21.51831652,21.2529319,20.35677805,21.84523959,Out
08/04/2026 09:00,20.53754729,21.51831652,21.2529319,20.35677805,21.84523959,Out
08/04/2026 09:10,20.53754729,21.61831652,21.2529319,20.35677805,21.74523959,Out
08/04/2026 09:20,20.53754729,21.51831652,21.2529319,20.35677805,21.84523959,Out
08/04/2026 09:30,20.53754729,21.51831652,21.2529319,20.35677805,21.74523959,Out
08/04/2026 09:40,20.53754729,21.51831652,21.2529319,20.35677805,21.84523959,Out
08/04/2026 09:50,20.53754729,21.51831652,21.2529319,20.35677805,21.74523959,Out
08/04/2026 10:00,20.53754729,21.51831652,21.2529319,20.35677805,21.74523959,Out
08/04/2026 10:10,20.53754729,21.61831652,21.2529319,20.35677805,21.84523959,Out
08/04/2026 10:20,20.53754729,21.51831652,21.2529319,20.35677805,21.74523959,Out
08/04/2026 10:30,20.53754729,21.51831652,21.2529319,20.35677805,21.84523959,Out
08/04/2026 10:40,20.53754729,21.61831652,21.2529319,20.35677805,21.84523959,Out
08/04/2026 10:50,20.53754729,21.51831652,21.0529319,20.35677805,21.84523959,Out
08/04/2026 11:00,20.53754729,21.51831652,21.2529319,20.55677805,21.74523959,Out
08/04/2026 11:10,20.53754729,21.51831652,21.0529319,20.35677805,21.84523959,Out
08/04/2026 11:20,20.53754729,21.51831652,21.0529319,20.35677805,21.74523959,Out
08/04/2026 11:30,20.53754729,21.51831652,21.2529319,20.35677805,21.74523959,Out
08/04/2026 11:40,20.53754729,21.51831652,21.2529319,20.35677805,21.74523959,Out
08/04/2026 11:50,20.53754729,21.61831652,21.2529319,20.35677805,21.74523959,Out
08/04/2026 12:00,20.53754729,21.51831652,21.2529319,20.35677805,21.84523959,Out
08/04/2026 12:10,20.53754729,21.51831652,21.2529319,20.35677805,21.74523959,Out
08/04/2026 12:20,20.53754729,21.51831652,21.2529319,20.35677805,21.74523959,Out
08/04/2026 12:30,20.53754729,21.51831652,21.2529319,20.35677805,21.74523959,Out
08/04/2026 12:40,20.53754729,21.51831652,21.2529319,20.35677805,21.84523959,Out
08/04/2026 12:50,20.53754729,21.51831652,21.2529319,20.35677805,21.74523959,Out
08/04/2026 13:00,20.53754729,21.51831652,21.2529319,20.35677805,21.74523959,Out
08/04/2026 13:10,20.53754729,21.61831652,21.0529319,20.35677805,21.74523959,Out
08/04/2026 13:20,20.53754729,21.51831652,21.2529319,20.35677805,21.84523959,Out
08/04/2026 13:30,20.53754729,21.51831652,21.0529319,20.35677805,21.84523959,Out
08/04/2026 13:40,20.53754729,21.51831652,21.2529319,20.35677805,21.84523959,Out
08/04/2026 13:50,20.53754729,21.61831652,21.0529319,20.35677805,21.74523959,Out
08/04/2026 14:00,20.53754729,21.51831652,21.2529319,20.35677805,21.84523959,Out
08/04/2026 14:10,20.53754729,21.51831652,21.2529319,20.35677805,21.74523959,Out
08/04/2026 14:20,20.53754729,21.51831652,21.2529319,20.35677805,21.74523959,Out
08/04/2026 14:30,20.53754729,21.61831652,21.2529319,20.55677805,21.84523959,Out
08/04/2026 14:40,20.53754729,21.61831652,21.2529319,20.35677805,21.84523959,Out
08/04/2026 14:50,20.53754729,21.61831652,21.2529319,20.35677805,21.84523959,Out
08/04/2026 15:00,20.53754729,21.51831652,21.2529319,20.35677805,21.84523959,Out
08/04/2026 15:10,20.53754729,21.61831652,21.2529319,20.35677805,21.84523959,Out
08/04/2026 15:20,20.53754729,21.61831652,21.2529319,20.35677805,21.84523959,Out
08/04/2026 15:30,20.53754729,21.51831652,21.2529319,20.35677805,21.84523959,Out
08/04/2026 15:40,20.53754729,21.51831652,21.2529319,20.55677805,21.74523959,Out
08/04/2026 15:50,20.53754729,21.51831652,21.2529319,20.55677805,21.84523959,Out
08/04/2026 16:00,20.53754729,21.61831652,21.2529319,20.35677805,21.84523959,Out
08/04/2026 16:10,20.53754729,21.61831652,21.2529319,20.55677805,21.74523959,Out
08/04/2026 16:20,20.53754729,21.51831652,21.2529319,20.55677805,21.84523959,Out
08/04/2026 16:30,20.53754729,21.51831652,21.2529319,20.35677805,21.84523959,Out
08/04/2026 16:40,20.53754729,21.51831652,21.2529319,20.35677805,21.74523959,Out
08/04/2026 16:50,20.53754729,21.51831652,21.2529319,20.35677805,21.94523959,Out
08/04/2026 17:00,20.53754729,21.51831652,21.2529319,20.35677805,21.84523959,Out
08/04/2026 17:10,20.53754729,21.51831652,21.2529319,20.35677805,21.84523959,Out
08/04/2026 17:20,20.53754729,21.61831652,21.2529319,20.35677805,21.84523959,Out
08/04/2026 17:30,20.53754729,21.61831652,21.2529319,20.35677805,21.84523959,Out
08/04/2026 17:40,20.53754729,21.61831652,21.2529319,20.55677805,21.84523959,Out
08/04/2026 17:50,20.53754729,21.51831652,21.2529319,20.35677805,21.84523959,Out
08/04/2026 18:00,20.53754729,21.61831652,21.2529319,20.35677805,21.84523959,Out
08/04/2026 18:10,20.53754729,21.61831652,21.2529319,20.55677805,21.84523959,Out
08/04/2026 18:20,20.53754729,21.61831652,21.2529319,20.55677805,21.84523959,Out
08/04/2026 18:30,20.53754729,21.51831652,21.2529319,20.35677805,21.94523959,Out
08/04/2026 18:40,20.53754729,21.61831652,21.2529319,20.35677805,21.74523959,Out
08/04/2026 18:50,20.53754729,21.61831652,21.2529319,20.35677805,21.74523959,Out
08/04/2026 19:00,20.63754729,21.61831652,21.2529319,20.35677805,21.84523959,Out
08/04/2026 19:10,20.63754729,21.61831652,21.2529319,20.35677805,21.84523959,Out
08/04/2026 19:20,20.53754729,21.51831652,21.2529319,20.55677805,21.84523959,Out
08/04/2026 19:30,20.53754729,21.61831652,21.2529319,20.35677805,21.84523959,Out
08/04/2026 19:40,20.53754729,21.51831652,21.2529319,20.35677805,21.74523959,Out
08/04/2026 19:50,20.53754729,21.61831652,21.2529319,20.55677805,21.84523959,Out
08/04/2026 20:00,20.53754729,21.51831652,21.2529319,20.35677805,21.84523959,Out
08/04/2026 20:10,20.53754729,21.51831652,21.2529319,20.35677805,21.84523959,Out
08/04/2026 20:20,20.53754729,21.51831652,21.2529319,20.35677805,21.84523959,Out
08/04/2026 20:30,20.53754729,21.51831652,21.0529319,20.35677805,21.74523959,Out
08/04/2026 20:40,20.53754729,21.51831652,21.2529319,20.35677805,21.74523959,Out
08/04/2026 20:50,20.53754729,21.51831652,21.2529319,20.35677805,21.74523959,Out
08/04/2026 21:00,20.53754729,21.51831652,21.2529319,20.35677805,21.74523959,Out
08/04/2026 21:10,20.53754729,21.51831652,21.0529319,20.35677805,21.74523959,Out
08/04/2026 21:20,20.33754729,21.51831652,21.2529319,20.35677805,21.74523959,Out
08/04/2026 21:30,20.53754729,21.51831652,21.2529319,20.35677805,21.74523959,Out
08/04/2026 21:40,20.53754729,21.51831652,21.0529319,20.35677805,21.74523959,Out
08/04/2026 21:50,20.53754729,21.51831652,21.2529319,20.35677805,21.74523959,Out
08/04/2026 22:00,20.53754729,21.51831652,21.2529319,20.35677805,21.74523959,Out
08/04/2026 22:10,20.53754729,21.51831652,21.2529319,20.35677805,21.74523959,Out
08/04/2026 22:20,20.53754729,21.51831652,21.2529319,20.35677805,21.84523959,Out
08/04/2026 22:30,20.53754729,21.51831652,21.0529319,20.35677805,21.74523959,Out
08/04/2026 22:40,20.53754729,21.61831652,21.2529319,20.35677805,21.74523959,Out
08/04/2026 22:50,20.53754729,21.51831652,21.2529319,20.35677805,21.84523959,Out
08/04/2026 23:00,20.53754729,21.61831652,21.2529319,20.35677805,21.84523959,Out
08/04/2026 23:10,20.53754729,21.51831652,21.2529319,20.55677805,21.84523959,Out
08/04/2026 23:20,20.53754729,21.51831652,21.2529319,20.35677805,21.74523959,Out
08/04/2026 23:30,20.53754729,21.51831652,21.2529319,20.35677805,21.84523959,Out
08/04/2026 23:40,20.53754729,21.61831652,21.2529319,20.55677805,21.74523959,Out
08/04/2026 23:50,20.53754729,21.61831652,21.2529319,20.35677805,21.84523959,Out
09/04/2026 00:00,20.53754729,21.51831652,21.2529319,20.55677805,21.84523959,Out
09/04/2026 00:10,20.53754729,21.61831652,21.2529319,20.35677805,21.84523959,Out
09/04/2026 00:20,20.53754729,21.51831652,21.2529319,20.55677805,21.74523959,Out
09/04/2026 00:30,20.53754729,21.61831652,21.2529319,20.35677805,21.84523959,Out
09/04/2026 00:40,20.53754729,21.51831652,21.2529319,20.55677805,21.84523959,Out
09/04/2026 00:50,20.53754729,21.51831652,21.2529319,20.55677805,21.74523959,Out
09/04/2026 01:00,20.53754729,21.51831652,21.2529319,20.55677805,21.84523959,Out
09/04/2026 01:10,20.53754729,21.51831652,21.2529319,20.35677805,21.74523959,Out
09/04/2026 01:20,20.53754729,21.51831652,21.2529319,20.35677805,21.84523959,Out
09/04/2026 01:30,20.53754729,21.51831652,21.2529319,20.35677805,21.84523959,Out
09/04/2026 01:40,20.53754729,21.51831652,21.2529319,20.55677805,21.74523959,Out
09/04/2026 01:50,20.53754729,21.51831652,21.2529319,20.55677805,21.84523959,Out
09/04/2026 02:00,20.63754729,21.51831652,21.2529319,20.55677805,21.74523959,Out
09/04/2026 02:10,20.53754729,21.51831652,21.2529319,20.35677805,21.74523959,Out
09/04/2026 02:20,20.53754729,21.61831652,21.2529319,20.55677805,21.74523959,Out
09/04/2026 02:30,20.53754729,21.61831652,21.2529319,20.35677805,21.74523959,Out
09/04/2026 02:40,20.53754729,21.61831652,21.0529319,20.35677805,21.84523959,Out
09/04/2026 02:50,20.53754729,21.51831652,21.2529319,20.55677805,21.84523959,Out
09/04/2026 03:00,20.53754729,21.51831652,21.2529319,20.35677805,21.74523959,Out
09/04/2026 03:10,20.63754729,21.51831652,21.2529319,20.35677805,21.84523959,Out
09/04/2026 03:20,20.53754729,21.51831652,21.2529319,20.35677805,21.84523959,Out
09/04/2026 03:30,20.53754729,21.51831652,21.2529319,20.35677805,21.74523959,Out
09/04/2026 03:40,20.53754729,21.51831652,21.2529319,20.35677805,21.84523959,Out
09/04/2026 03:50,20.53754729,21.51831652,21.2529319,20.35677805,21.84523959,Out
09/04/2026 04:00,20.53754729,21.61831652,21.2529319,20.35677805,21.84523959,Out
09/04/2026 04:10,20.53754729,21.61831652,21.2529319,20.35677805,21.84523959,Out
09/04/2026 04:20,20.53754729,21.51831652,21.2529319,20.35677805,21.84523959,Out
09/04/2026 04:30,20.53754729,21.61831652,21.2529319,20.55677805,21.84523959,Out
09/04/2026 04:40,20.53754729,21.51831652,21.2529319,20.55677805,21.84523959,Out
09/04/2026 04:50,20.53754729,21.61831652,21.2529319,20.35677805,21.84523959,Out
09/04/2026 05:00,20.53754729,21.61831652,21.2529319,20.55677805,21.84523959,Out
09/04/2026 05:10,20.53754729,21.61831652,21.2529319,20.35677805,21.74523959,Out
09/04/2026 05:20,20.53754729,21.61831652,21.2529319,20.35677805,21.84523959,Out
09/04/2026 05:30,20.53754729,21.51831652,21.2529319,20.55677805,21.84523959,Out
09/04/2026 05:40,20.53754729,21.51831652,21.2529319,20.35677805,21.84523959,Out
09/04/2026 05:50,20.53754729,21.61831652,21.2529319,20.35677805,21.84523959,Out
09/04/2026 06:00,20.53754729,21.51831652,21.2529319,20.35677805,21.84523959,Out
09/04/2026 06:10,20.53754729,21.51831652,21.2529319,20.35677805,21.74523959,Out
09/04/2026 06:20,20.53754729,21.51831652,21.2529319,20.35677805,21.84523959,Out
09/04/2026 06:30,20.53754729,21.61831652,21.2529319,20.55677805,21.84523959,Out
09/04/2026 06:40,20.53754729,21.61831652,21.2529319,20.35677805,21.74523959,Out
09/04/2026 06:50,20.53754729,21.51831652,21.2529319,20.35677805,21.84523959,Out
09/04/2026 07:00,20.53754729,21.61831652,21.2529319,20.35677805,21.74523959,Out
09/04/2026 07:10,20.63754729,21.61831652,21.2529319,20.35677805,21.84523959,Out
09/04/2026 07:20,20.53754729,21.51831652,21.2529319,20.35677805,21.84523959,Out
09/04/2026 07:30,20.53754729,21.51831652,21.2529319,20.35677805,21.74523959,Out
09/04/2026 07:40,20.53754729,21.51831652,21.2529319,20.35677805,21.84523959,Out
09/04/2026 07:50,20.53754729,21.51831652,21.2529319,20.55677805,21.74523959,Out
09/04/2026 08:00,20.53754729,21.51831652,21.2529319,20.35677805,21.84523959,Out
09/04/2026 08:10,20.53754729,21.51831652,21.2529319,20.35677805,21.74523959,Out
09/04/2026 08:20,20.63754729,21.61831652,21.0529319,20.35677805,21.84523959,Out
09/04/2026 08:30,20.53754729,21.51831652,21.2529319,20.35677805,21.74523959,Out
09/04/2026 08:40,20.53754729,21.61831652,21.2529319,20.55677805,21.74523959,Out
09/04/2026 08:50,20.53754729,21.51831652,21.2529319,20.35677805,21.84523959,Out
09/04/2026 09:00,20.53754729,21.51831652,21.2529319,20.35677805,21.74523959,Out
09/04/2026 09:10,20.53754729,21.51831652,21.2529319,20.35677805,21.84523959,Out
09/04/2026 09:20,20.63754729,21.51831652,21.2529319,20.35677805,21.74523959,Out
09/04/2026 09:30,20.53754729,21.51831652,21.2529319,20.35677805,21.84523959,Out
09/04/2026 09:40,20.53754729,21.51831652,21.2529319,20.55677805,21.84523959,Out
09/04/2026 09:50,20.53754729,21.51831652,21.2529319,20.35677805,21.84523959,Out
09/04/2026 10:00,20.63754729,21.61831652,21.2529319,20.35677805,21.84523959,Out
09/04/2026 10:10,20.53754729,21.61831652,21.2529319,20.35677805,21.74523959,Out
09/04/2026 10:20,20.53754729,21.51831652,21.2529319,20.55677805,21.84523959,Out
09/04/2026 10:30,20.53754729,21.51831652,21.2529319,20.35677805,21.84523959,Out
09/04/2026 10:40,20.53754729,21.51831652,21.2529319,20.35677805,21.74523959,Out
09/04/2026 10:50,20.53754729,21.61831652,21.0529319,20.55677805,21.84523959,Out
09/04/2026 11:00,20.53754729,21.61831652,21.2529319,20.55677805,21.84523959,Out
09/04/2026 11:10,20.53754729,21.51831652,21.2529319,20.35677805,21.74523959,Out
09/04/2026 11:20,20.53754729,21.51831652,21.0529319,20.35677805,21.84523959,Out
09/04/2026 11:30,20.53754729,21.51831652,21.2529319,20.35677805,21.74523959,Out
09/04/2026 11:40,20.53754729,21.61831652,21.2529319,20.35677805,21.74523959,Out
09/04/2026 11:50,20.53754729,21.61831652,21.2529319,20.35677805,21.84523959,Out
09/04/2026 12:00,20.53754729,21.51831652,21.2529319,20.55677805,21.74523959,Out
09/04/2026 12:10,20.53754729,21.51831652,21.2529319,20.35677805,21.74523959,Out
09/04/2026 12:20,20.53754729,21.51831652,21.2529319,20.35677805,21.74523959,Out
09/04/2026 12:30,20.53754729,21.51831652,21.2529319,20.35677805,21.84523959,Out
09/04/2026 12:40,20.53754729,21.51831652,21.2529319,20.55677805,21.84523959,Out
09/04/2026 12:50,20.53754729,21.51831652,21.2529319,20.35677805,21.74523959,Out
09/04/2026 13:00,20.53754729,21.61831652,21.2529319,20.35677805,21.84523959,Out
09/04/2026 13:10,20.53754729,21.51831652,21.0529319,20.35677805,21.84523959,Out
09/04/2026 13:20,20.53754729,21.51831652,21.2529319,20.35677805,21.74523959,Out
09/04/2026 13:30,20.53754729,21.51831652,21.0529319,20.35677805,21.84523959,Out
09/04/2026 13:40,20.33754729,21.51831652,21.0529319,20.35677805,21.74523959,Out
09/04/2026 13:50,20.53754729,21.51831652,21.0529319,20.35677805,21.84523959,Out
09/04/2026 14:00,20.53754729,21.51831652,21.2529319,20.35677805,21.84523959,Out
09/04/2026 14:10,20.33754729,21.51831652,21.2529319,20.35677805,21.74523959,Out
09/04/2026 14:20,20.53754729,21.51831652,21.2529319,20.35677805,21.74523959,Out
09/04/2026 14:30,20.53754729,21.51831652,21.2529319,20.35677805,21.84523959,Out
09/04/2026 14:40,20.53754729,21.51831652,21.2529319,20.35677805,21.84523959,Out
09/04/2026 14:50,20.53754729,21.51831652,21.2529319,20.35677805,21.84523959,Out
09/04/2026 15:00,20.53754729,21.51831652,21.0529319,20.35677805,21.74523959,Out
09/04/2026 15:10,20.53754729,21.51831652,21.0529319,20.35677805,21.84523959,Out
09/04/2026 15:20,20.33754729,21.51831652,21.2529319,20.35677805,21.84523959,Out
09/04/2026 15:30,20.53754729,21.51831652,21.2529319,20.35677805,21.84523959,Out
09/04/2026 15:40,20.53754729,21.51831652,21.0529319,20.35677805,21.74523959,Out
09/04/2026 15:50,20.53754729,21.51831652,21.2529319,20.35677805,21.84523959,Out
09/04/2026 16:00,20.53754729,21.51831652,21.2529319,20.35677805,21.84523959,Out
09/04/2026 16:10,20.53754729,21.51831652,21.2529319,20.35677805,21.74523959,Out
09/04/2026 16:20,20.53754729,21.51831652,21.0529319,20.35677805,21.74523959,Out
09/04/2026 16:30,20.53754729,21.51831652,21.2529319,20.35677805,21.74523959,Out
09/04/2026 16:40,20.53754729,21.51831652,21.2529319,20.55677805,21.74523959,Out
09/04/2026 16:50,20.53754729,21.61831652,21.2529319,20.35677805,21.74523959,Out
09/04/2026 17:00,20.53754729,21.51831652,21.2529319,20.35677805,21.74523959,Out
09/04/2026 17:10,20.53754729,21.51831652,21.2529319,20.35677805,21.74523959,Out
09/04/2026 17:20,20.53754729,21.61831652,21.2529319,20.35677805,21.74523959,Out
09/04/2026 17:30,20.53754729,21.51831652,21.2529319,20.35677805,21.74523959,Out
09/04/2026 17:40,20.53754729,21.61831652,21.2529319,20.35677805,21.74523959,Out
09/04/2026 17:50,20.53754729,21.61831652,21.2529319,20.35677805,21.74523959,Out
09/04/2026 18:00,20.53754729,21.61831652,21.2529319,20.35677805,21.74523959,Out
09/04/2026 18:10,20.53754729,21.51831652,21.2529319,20.35677805,21.84523959,Out
09/04/2026 18:20,20.63754729,21.51831652,21.2529319,20.35677805,21.84523959,Out
09/04/2026 18:30,20.53754729,21.51831652,21.2529319,20.35677805,21.74523959,Out
09/04/2026 18:40,20.53754729,21.51831652,21.2529319,20.35677805,21.84523959,Out
09/04/2026 18:50,20.53754729,21.51831652,21.0529319,20.35677805,21.74523959,Out
09/04/2026 19:00,20.53754729,21.61831652,21.2529319,20.35677805,21.84523959,Out
09/04/2026 19:10,20.53754729,21.51831652,21.2529319,20.55677805,21.74523959,Out
09/04/2026 19:20,20.53754729,21.51831652,21.2529319,20.35677805,21.74523959,Out
09/04/2026 19:30,20.53754729,21.51831652,21.2529319,20.35677805,21.74523959,Out
09/04/2026 19:40,20.53754729,21.51831652,21.2529319,20.55677805,21.84523959,Out
09/04/2026 19:50,20.53754729,21.51831652,21.2529319,20.35677805,21.74523959,Out
09/04/2026 20:00,20.53754729,21.51831652,21.2529319,20.35677805,21.84523959,Out
09/04/2026 20:10,20.53754729,21.51831652,21.2529319,20.35677805,21.84523959,Out
09/04/2026 20:20,20.53754729,21.51831652,21.2529319,20.35677805,21.84523959,Out
09/04/2026 20:30,20.53754729,21.61831652,21.2529319,20.35677805,21.84523959,Out
09/04/2026 20:40,20.53754729,21.51831652,21.2529319,20.35677805,21.74523959,Out
09/04/2026 20:50,20.53754729,21.51831652,21.2529319,20.35677805,21.84523959,Out
09/04/2026 21:00,20.53754729,21.51831652,21.2529319,20.35677805,21.84523959,Out
09/04/2026 21:10,20.53754729,21.51831652,21.0529319,20.35677805,21.74523959,Out
09/04/2026 21:20,20.53754729,21.51831652,21.2529319,20.35677805,21.74523959,Out
09/04/2026 21:30,20.53754729,21.51831652,21.2529319,20.35677805,21.74523959,Out
09/04/2026 21:40,20.63754729,21.51831652,21.2529319,20.35677805,21.84523959,Out
09/04/2026 21:50,20.53754729,21.61831652,21.2529319,20.35677805,21.74523959,Out
09/04/2026 22:00,20.53754729,21.61831652,21.2529319,20.35677805,21.74523959,Out
09/04/2026 22:10,20.53754729,21.51831652,21.2529319,20.35677805,21.74523959,Out
09/04/2026 22:20,20.53754729,21.51831652,21.0529319,20.35677805,21.74523959,Out
09/04/2026 22:30,20.53754729,21.51831652,21.0529319,20.35677805,21.74523959,Out
09/04/2026 22:40,20.53754729,21.51831652,21.2529319,20.35677805,21.74523959,Out
09/04/2026 22:50,20.53754729,21.51831652,21.2529319,20.35677805,21.74523959,Out
09/04/2026 23:00,20.53754729,21.51831652,21.2529319,20.35677805,21.74523959,Out
09/04/2026 23:10,20.53754729,21.51831652,21.2529319,20.35677805,21.84523959,Out
09/04/2026 23:20,20.53754729,21.51831652,21.2529319,20.35677805,21.74523959,Out
09/04/2026 23:30,20.53754729,21.51831652,21.0529319,20.55677805,21.74523959,Out
09/04/2026 23:40,20.53754729,21.51831652,21.0529319,20.35677805,21.84523959,Out
09/04/2026 23:50,20.53754729,21.51831652,21.0529319,20.35677805,21.74523959,Out
10/04/2026 00:00,20.53754729,21.51831652,21.0529319,20.35677805,21.74523959,Out
10/04/2026 00:10,20.53754729,21.51831652,21.2529319,20.35677805,21.74523959,Out
10/04/2026 00:20,20.53754729,21.51831652,21.2529319,20.35677805,21.74523959,Out
10/04/2026 00:30,20.53754729,21.51831652,21.2529319,20.35677805,21.84523959,Out
10/04/2026 00:40,20.53754729,21.51831652,21.2529319,20.35677805,21.74523959,Out
10/04/2026 00:50,20.53754729,21.51831652,21.2529319,20.35677805,21.74523959,Out
10/04/2026 01:00,20.53754729,21.51831652,21.2529319,20.35677805,21.84523959,Out
10/04/2026 01:10,20.53754729,21.51831652,21.0529319,20.35677805,21.84523959,Out
10/04/2026 01:20,20.53754729,21.51831652,21.2529319,20.35677805,21.84523959,Out
10/04/2026 01:30,20.53754729,21.51831652,21.2529319,20.35677805,21.74523959,Out
10/04/2026 01:40,20.53754729,21.51831652,21.2529319,20.35677805,21.84523959,Out
10/04/2026 01:50,20.53754729,21.51831652,21.0529319,20.35677805,21.74523959,Out
10/04/2026 02:00,20.53754729,21.61831652,21.2529319,20.35677805,21.74523959,Out
10/04/2026 02:10,20.53754729,21.51831652,21.2529319,20.35677805,21.74523959,Out
10/04/2026 02:20,20.53754729,21.51831652,21.0529319,20.35677805,21.84523959,Out
10/04/2026 02:30,20.53754729,21.51831652,21.2529319,20.55677805,21.84523959,Out
10/04/2026 02:40,20.53754729,21.61831652,21.2529319,20.35677805,21.74523959,Out
10/04/2026 02:50,20.53754729,21.51831652,21.2529319,20.35677805,21.74523959,Out
10/04/2026 03:00,20.53754729,21.51831652,21.2529319,20.35677805,21.74523959,Out
10/04/2026 03:10,20.53754729,21.51831652,21.2529319,20.35677805,21.84523959,Out
10/04/2026 03:20,20.53754729,21.51831652,21.2529319,20.35677805,21.84523959,Out
10/04/2026 03:30,20.53754729,21.51831652,21.2529319,20.35677805,21.84523959,Out
10/04/2026 03:40,20.53754729,21.51831652,21.0529319,20.35677805,21.84523959,Out
10/04/2026 03:50,20.53754729,21.51831652,21.2529319,20.35677805,21.74523959,Out
10/04/2026 04:00,20.53754729,21.61831652,21.2529319,20.35677805,21.84523959,Out
10/04/2026 04:10,20.53754729,21.51831652,21.0529319,20.35677805,21.74523959,Out
10/04/2026 04:20,20.53754729,21.51831652,21.2529319,20.35677805,21.74523959,Out
10/04/2026 04:30,20.53754729,21.51831652,21.0529319,20.35677805,21.74523959,Out
10/04/2026 04:40,20.53754729,21.51831652,21.2529319,20.35677805,21.84523959,Out
10/04/2026 04:50,20.53754729,21.51831652,21.2529319,20.35677805,21.74523959,Out
10/04/2026 05:00,20.33754729,21.51831652,21.2529319,20.55677805,21.74523959,Out
10/04/2026 05:10,20.53754729,21.51831652,21.2529319,20.35677805,21.74523959,Out
10/04/2026 05:20,20.53754729,21.51831652,21.2529319,20.35677805,21.84523959,Out
10/04/2026 05:30,20.53754729,21.51831652,21.2529319,20.35677805,21.74523959,Out
10/04/2026 05:40,20.53754729,21.51831652,21.2529319,20.35677805,21.74523959,Out
10/04/2026 05:50,20.53754729,21.61831652,21.2529319,20.35677805,21.74523959,Out
10/04/2026 06:00,20.53754729,21.51831652,21.2529319,20.35677805,21.84523959,Out
10/04/2026 06:10,20.53754729,21.51831652,21.0529319,20.35677805,21.74523959,Out
10/04/2026 06:20,20.53754729,21.61831652,21.2529319,20.35677805,21.74523959,Out
10/04/2026 06:30,20.53754729,21.51831652,21.2529319,20.35677805,21.74523959,Out
10/04/2026 06:40,20.53754729,21.51831652,21.2529319,20.35677805,21.74523959,Out
10/04/2026 06:50,20.53754729,21.51831652,21.2529319,20.35677805,21.84523959,Out
10/04/2026 07:00,20.53754729,21.51831652,21.2529319,20.35677805,21.84523959,Out
10/04/2026 07:10,20.53754729,21.51831652,21.2529319,20.35677805,21.84523959,Out
10/04/2026 07:20,20.53754729,21.51831652,21.2529319,20.35677805,21.84523959,Out
10/04/2026 07:30,20.53754729,21.61831652,21.2529319,20.35677805,21.74523959,Out
10/04/2026 07:40,20.53754729,21.51831652,21.2529319,20.55677805,21.74523959,Out
10/04/2026 07:50,20.53754729,21.51831652,21.0529319,20.35677805,21.74523959,Out
10/04/2026 08:00,20.53754729,21.51831652,21.2529319,20.55677805,21.84523959,Out
10/04/2026 08:10,20.53754729,21.51831652,21.2529319,20.35677805,21.74523959,Out
10/04/2026 08:20,20.53754729,21.51831652,21.2529319,20.35677805,21.84523959,Out
10/04/2026 08:30,20.53754729,21.51831652,21.2529319,20.35677805,21.84523959,Out
10/04/2026 08:40,20.53754729,21.51831652,21.2529319,20.35677805,21.74523959,Out
10/04/2026 08:50,20.53754729,21.51831652,21.2529319,20.35677805,21.84523959,Out
10/04/2026 09:00,20.53754729,21.51831652,21.2529319,20.35677805,21.84523959,Out
10/04/2026 09:10,20.53754729,21.51831652,21.2529319,20.35677805,21.84523959,Out
10/04/2026 09:20,20.53754729,21.51831652,21.2529319,20.35677805,21.74523959,Out
10/04/2026 09:30,20.53754729,21.51831652,21.2529319,20.35677805,21.74523959,Out
10/04/2026 09:40,20.53754729,21.51831652,21.2529319,20.35677805,21.74523959,Out
10/04/2026 09:50,20.53754729,21.51831652,21.2529319,20.35677805,21.74523959,Out
10/04/2026 10:00,20.53754729,21.51831652,21.2529319,20.35677805,21.84523959,Out
10/04/2026 10:10,20.53754729,21.61831652,21.2529319,20.35677805,21.84523959,Out
10/04/2026 10:20,20.53754729,21.51831652,21.2529319,20.35677805,21.74523959,Out
10/04/2026 10:30,20.53754729,21.51831652,21.2529319,20.35677805,21.84523959,Out
10/04/2026 10:40,20.53754729,21.61831652,21.2529319,20.35677805,21.74523959,Out
10/04/2026 10:50,20.53754729,21.51831652,21.2529319,20.35677805,21.74523959,Out
10/04/2026 11:00,20.53754729,21.51831652,21.2529319,20.55677805,21.74523959,Out
10/04/2026 11:10,20.53754729,21.51831652,21.2529319,20.35677805,21.84523959,Out
10/04/2026 11:20,20.53754729,21.51831652,21.2529319,20.35677805,21.74523959,Out
10/04/2026 11:30,20.53754729,21.51831652,21.0529319,20.35677805,21.74523959,Out
10/04/2026 11:40,20.53754729,21.51831652,21.2529319,20.35677805,21.74523959,Out
10/04/2026 11:50,20.53754729,21.51831652,21.2529319,20.35677805,21.74523959,Out
10/04/2026 12:00,20.53754729,21.51831652,21.2529319,20.35677805,21.84523959,Out
10/04/2026 12:10,20.53754729,21.61831652,21.0529319,20.35677805,21.74523959,Out
10/04/2026 12:20,20.33754729,21.51831652,21.2529319,20.35677805,21.84523959,Out
10/04/2026 12:30,20.53754729,21.51831652,21.2529319,20.35677805,21.74523959,Out
10/04/2026 12:40,20.33754729,21.51831652,21.2529319,20.35677805,21.74523959,Out
10/04/2026 12:50,20.53754729,21.51831652,21.2529319,20.35677805,21.74523959,Out
10/04/2026 13:00,20.53754729,21.51831652,21.2529319,20.35677805,21.74523959,Out
10/04/2026 13:10,20.53754729,21.51831652,21.0529319,20.35677805,21.84523959,Out
10/04/2026 13:20,20.53754729,21.51831652,21.2529319,20.35677805,21.84523959,Out
10/04/2026 13:30,20.53754729,21.51831652,21.0529319,20.35677805,21.74523959,Out
10/04/2026 13:40,20.53754729,21.51831652,21.2529319,20.35677805,21.74523959,Out
10/04/2026 13:50,20.53754729,21.51831652,21.2529319,20.35677805,21.84523959,Out
10/04/2026 14:00,20.53754729,21.51831652,21.2529319,20.35677805,21.74523959,Out
10/04/2026 14:10,20.53754729,21.51831652,21.2529319,20.35677805,21.84523959,Out
10/04/2026 14:20,20.53754729,21.51831652,21.2529319,20.35677805,21.84523959,Out
10/04/2026 14:30,20.53754729,21.51831652,21.2529319,20.35677805,21.74523959,Out
10/04/2026 14:40,20.53754729,21.61831652,21.0529319,20.35677805,21.74523959,Out
10/04/2026 14:50,20.53754729,21.61831652,21.2529319,20.35677805,21.84523959,Out
10/04/2026 15:00,20.53754729,21.51831652,21.2529319,20.35677805,21.84523959,Out
10/04/2026 15:10,20.53754729,21.51831652,21.2529319,20.35677805,21.74523959,Out
10/04/2026 15:20,20.53754729,21.51831652,21.2529319,20.35677805,21.84523959,Out
10/04/2026 15:30,20.53754729,21.51831652,21.2529319,20.55677805,21.84523959,Out
10/04/2026 15:40,20.53754729,21.51831652,21.2529319,20.35677805,21.84523959,Out
10/04/2026 15:50,20.53754729,21.61831652,21.2529319,20.35677805,21.84523959,Out
10/04/2026 16:00,20.53754729,21.51831652,21.2529319,20.55677805,21.84523959,Out
10/04/2026 16:10,20.53754729,21.61831652,21.2529319,20.35677805,21.74523959,Out
10/04/2026 16:20,20.53754729,21.61831652,21.2529319,20.35677805,21.74523959,Out
10/04/2026 16:30,20.53754729,21.51831652,21.2529319,20.35677805,21.84523959,Out
10/04/2026 16:40,20.53754729,21.51831652,21.2529319,20.35677805,21.84523959,Out
10/04/2026 16:50,20.63754729,21.51831652,21.2529319,20.55677805,21.84523959,Out
10/04/2026 17:00,20.53754729,21.51831652,21.2529319,20.35677805,21.74523959,Out
10/04/2026 17:10,20.53754729,21.51831652,21.2529319,20.35677805,21.84523959,Out
10/04/2026 17:20,20.53754729,21.51831652,21.2529319,20.55677805,21.74523959,Out
10/04/2026 17:30,20.53754729,21.61831652,21.2529319,20.35677805,21.84523959,Out
10/04/2026 17:40,20.53754729,21.61831652,21.2529319,20.55677805,21.84523959,Out
10/04/2026 17:50,20.53754729,21.51831652,21.2529319,20.35677805,21.74523959,Out
10/04/2026 18:00,20.53754729,21.61831652,21.2529319,20.35677805,21.74523959,Out
10/04/2026 18:10,20.53754729,21.51831652,21.2529319,20.35677805,21.84523959,Out
10/04/2026 18:20,20.53754729,21.61831652,21.2529319,20.55677805,21.84523959,Out
10/04/2026 18:30,20.53754729,21.51831652,21.2529319,20.35677805,21.84523959,Out
10/04/2026 18:40,20.53754729,21.51831652,21.2529319,20.35677805,21.84523959,Out
10/04/2026 18:50,20.53754729,21.51831652,21.2529319,20.35677805,21.84523959,Out
10/04/2026 19:00,20.53754729,21.51831652,21.2529319,20.55677805,21.84523959,Out
10/04/2026 19:10,20.53754729,21.51831652,21.2529319,20.55677805,21.74523959,Out
10/04/2026 19:20,20.53754729,21.51831652,21.2529319,20.55677805,21.84523959,Out
10/04/2026 19:30,20.53754729,21.51831652,21.2529319,20.35677805,21.84523959,Out
10/04/2026 19:40,20.53754729,21.51831652,21.2529319,20.35677805,21.84523959,Out
10/04/2026 19:50,20.53754729,21.61831652,21.2529319,20.35677805,21.84523959,Out
10/04/2026 20:00,20.53754729,21.51831652,21.0529319,20.35677805,21.84523959,Out
10/04/2026 20:10,20.53754729,21.51831652,21.2529319,20.35677805,21.84523959,Out
10/04/2026 20:20,20.53754729,21.51831652,21.2529319,20.35677805,21.74523959,Out
10/04/2026 20:30,20.53754729,21.61831652,21.2529319,20.35677805,21.74523959,Out
10/04/2026 20:40,20.53754729,21.51831652,21.2529319,20.35677805,21.84523959,Out
10/04/2026 20:50,20.53754729,21.61831652,21.2529319,20.35677805,21.84523959,Out
10/04/2026 21:00,20.53754729,21.61831652,21.2529319,20.35677805,21.74523959,Out
10/04/2026 21:10,20.53754729,21.51831652,21.2529319,20.35677805,21.84523959,Out
10/04/2026 21:20,20.53754729,21.61831652,21.2529319,20.35677805,21.84523959,Out
10/04/2026 21:30,20.53754729,21.51831652,21.2529319,20.35677805,21.84523959,Out
10/04/2026 21:40,20.53754729,21.51831652,21.2529319,20.55677805,21.84523959,Out
10/04/2026 21:50,20.53754729,21.61831652,21.2529319,20.35677805,21.84523959,Out
10/04/2026 22:00,20.53754729,21.51831652,21.2529319,20.35677805,21.74523959,Out
10/04/2026 22:10,20.53754729,21.61831652,21.2529319,20.35677805,21.74523959,Out
10/04/2026 22:20,20.53754729,21.51831652,21.2529319,20.35677805,21.84523959,Out
10/04/2026 22:30,20.53754729,21.51831652,21.2529319,20.55677805,21.84523959,Out
10/04/2026 22:40,20.53754729,21.51831652,21.2529319,20.55677805,21.84523959,Out
10/04/2026 22:50,20.53754729,21.51831652,21.2529319,20.35677805,21.84523959,Out
10/04/2026 23:00,20.53754729,21.51831652,21.2529319,20.35677805,21.84523959,Out
10/04/2026 23:10,20.53754729,21.51831652,21.2529319,20.35677805,21.84523959,Out
10/04/2026 23:20,20.53754729,21.61831652,21.2529319,20.55677805,21.74523959,Out
10/04/2026 23:30,20.53754729,21.51831652,21.2529319,20.35677805,21.84523959,Out
10/04/2026 23:40,20.53754729,21.51831652,21.2529319,20.35677805,21.84523959,Out
10/04/2026 23:50,20.53754729,21.51831652,21.2529319,20.35677805,21.84523959,Out
11/04/2026 00:00,20.53754729,21.51831652,21.2529319,20.35677805,21.84523959,Out
11/04/2026 00:10,20.53754729,21.61831652,21.2529319,20.35677805,21.84523959,Out
11/04/2026 00:20,20.53754729,21.51831652,21.2529319,20.35677805,21.74523959,Out
11/04/2026 00:30,20.53754729,21.51831652,21.2529319,20.35677805,21.84523959,Out
11/04/2026 00:40,20.63754729,21.51831652,21.2529319,20.55677805,21.74523959,Out
11/04/2026 00:50,20.63754729,21.61831652,21.2529319,20.35677805,21.74523959,Out
11/04/2026 01:00,20.53754729,21.61831652,21.2529319,20.55677805,21.74523959,Out
11/04/2026 01:10,20.53754729,21.51831652,21.2529319,20.35677805,21.74523959,Out
11/04/2026 01:20,20.53754729,21.61831652,21.2529319,20.35677805,21.74523959,Out
11/04/2026 01:30,20.53754729,21.61831652,21.2529319,20.35677805,21.84523959,Out
11/04/2026 01:40,20.53754729,21.51831652,21.2529319,20.35677805,21.84523959,Out
11/04/2026 01:50,20.53754729,21.61831652,21.2529319,20.35677805,21.84523959,Out
11/04/2026 02:00,20.53754729,21.61831652,21.2529319,20.55677805,21.84523959,Out
11/04/2026 02:10,20.53754729,21.61831652,21.2529319,20.35677805,21.84523959,Out
11/04/2026 02:20,20.53754729,21.61831652,21.2529319,20.55677805,21.94523959,Out
11/04/2026 02:30,20.53754729,21.51831652,21.2529319,20.55677805,21.84523959,Out
11/04/2026 02:40,20.53754729,21.61831652,21.2529319,20.55677805,21.84523959,Out
11/04/2026 02:50,20.53754729,21.51831652,21.0529319,20.55677805,21.74523959,Out
11/04/2026 03:00,20.53754729,21.51831652,21.2529319,20.55677805,21.84523959,Out
11/04/2026 03:10,20.53754729,21.61831652,21.2529319,20.55677805,21.84523959,Out
11/04/2026 03:20,20.53754729,21.51831652,21.2529319,20.35677805,21.74523959,Out
11/04/2026 03:30,20.53754729,21.51831652,21.2529319,20.35677805,21.84523959,Out
11/04/2026 03:40,20.53754729,21.61831652,21.2529319,20.55677805,21.74523959,Out
11/04/2026 03:50,20.53754729,21.51831652,21.0529319,20.55677805,21.84523959,Out
11/04/2026 04:00,20.53754729,21.61831652,21.2529319,20.35677805,21.84523959,Out
11/04/2026 04:10,20.53754729,21.51831652,21.2529319,20.35677805,21.84523959,Out
11/04/2026 04:20,20.53754729,21.61831652,21.2529319,20.35677805,21.84523959,Out
11/04/2026 04:30,20.53754729,21.61831652,21.2529319,20.55677805,21.84523959,Out
11/04/2026 04:40,20.63754729,21.61831652,21.2529319,20.35677805,21.84523959,Out
11/04/2026 04:50,20.53754729,21.61831652,21.2529319,20.55677805,21.74523959,Out
11/04/2026 05:00,20.53754729,21.61831652,21.2529319,20.55677805,21.84523959,Out
11/04/2026 05:10,20.53754729,21.61831652,21.2529319,20.35677805,21.84523959,Out
11/04/2026 05:20,20.63754729,21.61831652,21.2529319,20.35677805,21.84523959,Out
11/04/2026 05:30,20.53754729,21.51831652,21.2529319,20.35677805,21.84523959,Out
11/04/2026 05:40,20.53754729,21.51831652,21.2529319,20.55677805,21.74523959,Out
11/04/2026 05:50,20.53754729,21.61831652,21.2529319,20.55677805,21.84523959,Out
11/04/2026 06:00,20.53754729,21.61831652,21.2529319,20.55677805,21.74523959,Out
11/04/2026 06:10,20.53754729,21.61831652,21.2529319,20.35677805,21.74523959,Out
11/04/2026 06:20,20.53754729,21.61831652,21.2529319,20.55677805,21.84523959,Out
11/04/2026 06:30,20.53754729,21.51831652,21.2529319,20.35677805,21.84523959,Out
11/04/2026 06:40,20.53754729,21.51831652,21.2529319,20.55677805,21.84523959,Out
11/04/2026 06:50,20.53754729,21.61831652,21.2529319,20.35677805,21.84523959,Out
11/04/2026 07:00,20.53754729,21.61831652,21.2529319,20.55677805,21.84523959,Out
11/04/2026 07:10,20.53754729,21.61831652,21.2529319,20.55677805,21.74523959,Out
11/04/2026 07:20,20.53754729,21.51831652,21.2529319,20.35677805,21.84523959,Out
11/04/2026 07:30,20.53754729,21.61831652,21.2529319,20.35677805,21.84523959,Out
11/04/2026 07:40,20.53754729,21.51831652,21.2529319,20.35677805,21.84523959,Out
11/04/2026 07:50,20.53754729,21.61831652,21.2529319,20.35677805,21.84523959,Out
11/04/2026 08:00,20.53754729,21.61831652,21.2529319,20.35677805,21.74523959,Out
11/04/2026 08:10,20.53754729,21.61831652,21.2529319,20.35677805,21.74523959,Out
11/04/2026 08:20,20.53754729,21.51831652,21.2529319,20.55677805,21.84523959,Out
11/04/2026 08:30,20.53754729,21.51831652,21.2529319,20.35677805,21.74523959,Out
11/04/2026 08:40,20.53754729,21.61831652,21.2529319,20.35677805,21.84523959,Out
11/04/2026 08:50,20.53754729,21.61831652,21.2529319,20.35677805,21.84523959,Out
11/04/2026 09:00,20.53754729,21.51831652,21.2529319,20.55677805,21.84523959,Out
11/04/2026 09:10,20.53754729,21.51831652,21.2529319,20.35677805,21.74523959,Out
11/04/2026 09:20,20.53754729,21.51831652,21.2529319,20.35677805,21.84523959,Out
11/04/2026 09:30,20.53754729,21.51831652,21.2529319,20.35677805,21.74523959,Out
11/04/2026 09:40,20.53754729,21.51831652,21.2529319,20.55677805,21.74523959,Out
11/04/2026 09:50,20.63754729,21.61831652,21.2529319,20.35677805,21.84523959,Out
11/04/2026 10:00,20.53754729,21.51831652,21.2529319,20.35677805,21.84523959,Out
11/04/2026 10:10,20.53754729,21.51831652,21.2529319,20.35677805,21.84523959,Out
11/04/2026 10:20,20.53754729,21.51831652,21.0529319,20.35677805,21.74523959,Out
11/04/2026 10:30,20.53754729,21.51831652,21.2529319,20.35677805,21.84523959,Out
11/04/2026 10:40,20.53754729,21.51831652,21.2529319,20.35677805,21.84523959,Out
11/04/2026 10:50,20.53754729,21.61831652,21.2529319,20.35677805,21.74523959,Out
11/04/2026 11:00,20.53754729,21.51831652,21.2529319,20.35677805,21.84523959,Out
11/04/2026 11:10,20.53754729,21.51831652,21.2529319,20.35677805,21.84523959,Out
11/04/2026 11:20,20.53754729,21.51831652,21.2529319,20.35677805,21.74523959,Out
11/04/2026 11:30,20.53754729,21.51831652,21.2529319,20.35677805,21.74523959,Out
11/04/2026 11:40,20.53754729,21.51831652,21.2529319,20.55677805,21.74523959,Out
11/04/2026 11:50,20.53754729,21.51831652,21.2529319,20.35677805,21.84523959,Out
11/04/2026 12:00,20.53754729,21.51831652,21.2529319,20.55677805,21.74523959,Out
11/04/2026 12:10,20.53754729,21.51831652,21.2529319,20.35677805,21.84523959,Out
11/04/2026 12:20,20.53754729,21.61831652,21.2529319,20.35677805,21.84523959,Out
11/04/2026 12:30,20.53754729,21.51831652,21.2529319,20.35677805,21.74523959,Out
11/04/2026 12:40,20.53754729,21.51831652,21.2529319,20.35677805,21.74523959,Out
11/04/2026 12:50,20.53754729,21.51831652,21.2529319,20.35677805,21.84523959,Out
11/04/2026 13:00,20.53754729,21.51831652,21.2529319,20.35677805,21.74523959,Out
11/04/2026 13:10,20.53754729,21.51831652,21.2529319,20.55677805,21.74523959,Out
11/04/2026 13:20,20.33754729,21.61831652,21.2529319,20.35677805,21.74523959,Out
11/04/2026 13:30,20.53754729,21.51831652,21.2529319,20.35677805,21.84523959,Out
11/04/2026 13:40,20.53754729,21.51831652,21.0529319,20.35677805,21.74523959,Out
11/04/2026 13:50,20.53754729,21.51831652,21.0529319,20.35677805,21.84523959,Out
11/04/2026 14:00,20.53754729,21.51831652,21.2529319,20.35677805,21.74523959,Out
11/04/2026 14:10,20.53754729,21.51831652,21.0529319,20.35677805,21.84523959,Out
11/04/2026 14:20,20.53754729,21.51831652,21.2529319,20.35677805,21.84523959,Out
11/04/2026 14:30,20.53754729,21.51831652,21.2529319,20.35677805,21.84523959,Out
11/04/2026 14:40,20.53754729,21.61831652,21.2529319,20.35677805,21.74523959,Out
11/04/2026 14:50,20.53754729,21.51831652,21.2529319,20.35677805,21.74523959,Out
11/04/2026 15:00,20.53754729,21.61831652,21.2529319,20.35677805,21.74523959,Out
11/04/2026 15:10,20.53754729,21.61831652,21.2529319,20.35677805,21.84523959,Out
11/04/2026 15:20,20.53754729,21.51831652,21.2529319,20.35677805,21.84523959,Out
11/04/2026 15:30,20.53754729,21.51831652,21.2529319,20.35677805,21.74523959,Out
11/04/2026 15:40,20.53754729,21.61831652,21.2529319,20.35677805,21.84523959,Out
11/04/2026 15:50,20.53754729,21.51831652,21.2529319,20.35677805,21.84523959,Out
11/04/2026 16:00,20.53754729,21.51831652,21.2529319,20.35677805,21.84523959,Out
11/04/2026 16:10,20.53754729,21.61831652,21.2529319,20.35677805,21.84523959,Out
11/04/2026 16:20,20.63754729,21.51831652,21.2529319,20.35677805,21.84523959,Out
11/04/2026 16:30,20.53754729,21.51831652,21.2529319,20.35677805,21.84523959,Out
11/04/2026 16:40,20.53754729,21.61831652,21.2529319,20.55677805,21.84523959,Out
11/04/2026 16:50,20.53754729,21.51831652,21.2529319,20.55677805,21.74523959,Out
11/04/2026 17:00,20.53754729,21.51831652,21.2529319,20.55677805,21.74523959,Out
11/04/2026 17:10,20.53754729,21.61831652,21.2529319,20.55677805,21.84523959,Out
11/04/2026 17:20,20.53754729,21.51831652,21.2529319,20.35677805,21.74523959,Out
11/04/2026 17:30,20.53754729,21.51831652,21.2529319,20.35677805,21.74523959,Out
11/04/2026 17:40,20.53754729,21.51831652,21.2529319,20.55677805,21.74523959,Out
11/04/2026 17:50,20.53754729,21.51831652,21.2529319,20.35677805,21.74523959,Out
11/04/2026 18:00,20.53754729,21.51831652,21.2529319,20.35677805,21.84523959,Out
11/04/2026 18:10,20.53754729,21.51831652,21.0529319,20.35677805,21.74523959,Out
11/04/2026 18:20,20.53754729,21.61831652,21.2529319,20.35677805,21.74523959,Out
11/04/2026 18:30,20.53754729,21.51831652,21.2529319,20.35677805,21.84523959,Out
11/04/2026 18:40,20.53754729,21.61831652,21.2529319,20.55677805,21.74523959,Out
11/04/2026 18:50,20.53754729,21.51831652,21.2529319,20.35677805,21.74523959,Out
11/04/2026 19:00,20.53754729,21.51831652,21.2529319,20.35677805,21.74523959,Out
11/04/2026 19:10,20.53754729,21.51831652,21.2529319,20.35677805,21.74523959,Out
11/04/2026 19:20,20.53754729,21.51831652,21.2529319,20.55677805,21.84523959,Out
11/04/2026 19:30,20.53754729,21.61831652,21.0529319,20.35677805,21.74523959,Out
11/04/2026 19:40,20.53754729,21.51831652,21.0529319,20.35677805,21.74523959,Out
11/04/2026 19:50,20.53754729,21.61831652,21.2529319,20.35677805,21.84523959,Out
11/04/2026 20:00,20.53754729,21.51831652,21.2529319,20.55677805,21.74523959,Out
11/04/2026 20:10,20.53754729,21.51831652,21.2529319,20.35677805,21.74523959,Out
11/04/2026 20:20,20.53754729,21.51831652,21.2529319,20.35677805,21.74523959,Out
11/04/2026 20:30,20.53754729,21.51831652,21.2529319,20.35677805,21.84523959,Out
11/04/2026 20:40,20.53754729,21.51831652,21.2529319,20.35677805,21.84523959,Out
11/04/2026 20:50,20.53754729,21.51831652,21.2529319,20.35677805,21.74523959,Out
11/04/2026 21:00,20.53754729,21.51831652,21.0529319,20.35677805,21.74523959,Out
11/04/2026 21:10,20.53754729,21.61831652,21.0529319,20.35677805,21.84523959,Out
11/04/2026 21:20,20.53754729,21.51831652,21.2529319,20.35677805,21.74523959,Out
11/04/2026 21:30,20.53754729,21.51831652,21.2529319,20.35677805,21.84523959,Out
11/04/2026 21:40,20.53754729,21.51831652,21.2529319,20.35677805,21.74523959,Out
11/04/2026 21:50,20.53754729,21.51831652,21.2529319,20.35677805,21.74523959,Out
11/04/2026 22:00,20.53754729,21.51831652,21.0529319,20.35677805,21.84523959,Out
11/04/2026 22:10,20.53754729,21.51831652,21.2529319,20.35677805,21.74523959,Out
11/04/2026 22:20,20.53754729,21.51831652,21.2529319,20.35677805,21.74523959,Out
11/04/2026 22:30,20.53754729,21.51831652,21.0529319,20.35677805,21.74523959,Out
11/04/2026 22:40,20.53754729,21.51831652,21.0529319,20.35677805,21.84523959,Out
11/04/2026 22:50,20.53754729,21.51831652,21.2529319,20.35677805,21.74523959,Out
11/04/2026 23:00,20.53754729,21.51831652,21.2529319,20.35677805,21.84523959,Out
11/04/2026 23:10,20.53754729,21.51831652,21.2529319,20.55677805,21.84523959,Out
11/04/2026 23:20,20.53754729,21.61831652,21.2529319,20.35677805,21.84523959,Out
11/04/2026 23:30,20.53754729,21.51831652,21.2529319,20.35677805,21.84523959,Out
11/04/2026 23:40,20.53754729,21.51831652,21.0529319,20.55677805,21.84523959,Out
11/04/2026 23:50,20.33754729,21.51831652,21.0529319,20.35677805,21.74523959,Out
12/04/2026 00:00,20.53754729,21.61831652,21.2529319,20.55677805,21.84523959,Out
12/04/2026 00:10,20.53754729,21.51831652,21.2529319,20.35677805,21.84523959,Out
12/04/2026 00:20,20.53754729,21.51831652,21.2529319,20.35677805,21.74523959,Out
12/04/2026 00:30,20.53754729,21.51831652,21.2529319,20.35677805,21.74523959,Out
12/04/2026 00:40,20.53754729,21.51831652,21.0529319,20.35677805,21.84523959,Out
12/04/2026 00:50,20.53754729,21.51831652,21.2529319,20.35677805,21.84523959,Out
12/04/2026 01:00,20.53754729,21.51831652,21.2529319,20.55677805,21.84523959,Out
12/04/2026 01:10,20.53754729,21.51831652,21.0529319,20.35677805,21.74523959,Out
12/04/2026 01:20,20.53754729,21.51831652,21.2529319,20.55677805,21.84523959,Out
12/04/2026 01:30,20.53754729,21.51831652,21.2529319,20.35677805,21.74523959,Out
12/04/2026 01:40,20.53754729,21.51831652,21.2529319,20.35677805,21.84523959,Out
12/04/2026 01:50,20.53754729,21.51831652,21.2529319,20.35677805,21.84523959,Out
12/04/2026 02:00,20.53754729,21.51831652,21.2529319,20.35677805,21.74523959,Out
12/04/2026 02:10,20.53754729,21.61831652,21.2529319,20.35677805,21.84523959,Out
12/04/2026 02:20,20.53754729,21.61831652,21.2529319,20.35677805,21.84523959,Out
12/04/2026 02:30,20.53754729,21.51831652,21.2529319,20.35677805,21.84523959,Out
12/04/2026 02:40,20.53754729,21.61831652,21.2529319,20.55677805,21.84523959,Out
12/04/2026 02:50,20.53754729,21.51831652,21.2529319,20.35677805,21.74523959,Out
12/04/2026 03:00,20.53754729,21.51831652,21.2529319,20.35677805,21.74523959,Out
12/04/2026 03:10,20.53754729,21.61831652,21.2529319,20.35677805,21.84523959,Out
12/04/2026 03:20,20.53754729,21.61831652,21.2529319,20.35677805,21.84523959,Out
12/04/2026 03:30,20.53754729,21.51831652,21.2529319,20.35677805,21.84523959,Out
12/04/2026 03:40,20.53754729,21.51831652,21.2529319,20.35677805,21.84523959,Out
12/04/2026 03:50,20.53754729,21.61831652,21.2529319,20.35677805,21.84523959,Out
12/04/2026 04:00,20.53754729,21.61831652,21.2529319,20.35677805,21.74523959,Out
12/04/2026 04:10,20.53754729,21.51831652,21.2529319,20.35677805,22.04523959,Out
12/04/2026 04:20,20.53754729,21.51831652,21.2529319,20.55677805,21.84523959,Out
12/04/2026 04:30,20.53754729,21.51831652,21.2529319,20.35677805,21.94523959,Out
12/04/2026 04:40,20.53754729,21.51831652,21.2529319,20.35677805,21.94523959,Out
12/04/2026 04:50,20.53754729,21.51831652,21.2529319,20.35677805,21.84523959,Out
12/04/2026 05:00,20.53754729,21.51831652,21.2529319,20.55677805,21.94523959,Out
12/04/2026 05:10,20.53754729,21.61831652,21.2529319,20.35677805,21.94523959,Out
12/04/2026 05:20,20.53754729,21.51831652,21.0529319,20.55677805,21.94523959,Out
12/04/2026 05:30,20.53754729,21.51831652,21.2529319,20.35677805,21.94523959,Out
12/04/2026 05:40,20.53754729,21.61831652,21.2529319,20.35677805,21.84523959,Out
12/04/2026 05:50,20.53754729,21.51831652,21.2529319,20.55677805,21.94523959,Out
12/04/2026 06:00,20.53754729,21.61831652,21.2529319,20.55677805,21.84523959,Out
12/04/2026 06:10,20.53754729,21.61831652,21.2529319,20.55677805,21.84523959,Out
12/04/2026 06:20,20.53754729,21.51831652,21.2529319,20.55677805,21.84523959,Out
12/04/2026 06:30,20.53754729,21.61831652,21.2529319,20.55677805,21.84523959,Out
12/04/2026 06:40,20.53754729,21.61831652,21.2529319,20.55677805,21.84523959,Out
12/04/2026 06:50,20.83754729,21.61831652,21.2529319,20.55677805,21.94523959,Out
12/04/2026 07:00,20.63754729,21.61831652,21.2529319,20.55677805,21.84523959,Out
12/04/2026 07:10,20.63754729,21.61831652,21.2529319,20.55677805,21.84523959,Out
12/04/2026 07:20,20.63754729,21.61831652,21.3529319,20.55677805,21.84523959,Out
12/04/2026 07:30,20.63754729,21.61831652,21.3529319,20.55677805,21.74523959,Out
12/04/2026 07:40,20.63754729,21.61831652,21.2529319,20.55677805,21.84523959,Out
12/04/2026 07:50,20.63754729,21.61831652,21.2529319,20.35677805,21.84523959,Out
12/04/2026 08:00,20.53754729,21.61831652,21.2529319,20.55677805,21.84523959,Out
12/04/2026 08:10,20.53754729,21.61831652,21.2529319,20.35677805,21.84523959,Out
12/04/2026 08:20,20.63754729,21.61831652,21.2529319,20.55677805,21.74523959,Out
12/04/2026 08:30,20.53754729,21.61831652,21.2529319,20.55677805,21.84523959,Out
12/04/2026 08:40,20.53754729,21.61831652,21.2529319,20.35677805,21.84523959,Out
12/04/2026 08:50,20.53754729,21.51831652,21.2529319,20.35677805,21.84523959,Out
12/04/2026 09:00,20.53754729,21.61831652,21.2529319,20.35677805,21.84523959,Out
12/04/2026 09:10,20.53754729,21.61831652,21.2529319,20.35677805,21.94523959,Out
12/04/2026 09:20,20.53754729,21.61831652,21.2529319,20.55677805,21.84523959,Out
12/04/2026 09:30,20.53754729,21.61831652,21.2529319,20.55677805,21.94523959,Out
12/04/2026 09:40,20.53754729,21.51831652,21.2529319,20.35677805,21.84523959,Out
12/04/2026 09:50,20.53754729,21.51831652,21.2529319,20.55677805,21.84523959,Out
12/04/2026 10:00,20.63754729,21.61831652,21.2529319,20.55677805,21.94523959,Out
12/04/2026 10:10,20.63754729,21.61831652,21.2529319,20.55677805,21.94523959,Out
12/04/2026 10:20,20.63754729,21.61831652,21.2529319,20.55677805,21.94523959,Out
12/04/2026 10:30,20.63754729,21.61831652,21.2529319,20.55677805,21.84523959,Out
12/04/2026 10:40,20.63754729,21.61831652,21.2529319,20.55677805,21.94523959,Out
12/04/2026 10:50,20.63754729,21.61831652,21.3529319,20.55677805,21.94523959,Out
12/04/2026 11:00,20.63754729,21.61831652,21.2529319,20.55677805,21.84523959,Out
12/04/2026 11:10,20.63754729,21.71831652,21.3529319,20.55677805,21.94523959,Out
12/04/2026 11:20,20.63754729,21.61831652,21.3529319,20.55677805,21.94523959,Out
12/04/2026 11:30,20.63754729,21.61831652,21.3529319,20.75677805,21.94523959,Out
12/04/2026 11:40,20.83754729,21.71831652,21.3529319,20.55677805,21.94523959,Out
12/04/2026 11:50,20.63754729,21.71831652,21.3529319,20.55677805,21.94523959,Out
12/04/2026 12:00,20.63754729,21.61831652,21.3529319,20.55677805,21.84523959,Out
12/04/2026 12:10,20.63754729,21.61831652,21.3529319,20.55677805,21.84523959,Out
12/04/2026 12:20,20.53754729,21.61831652,21.3529319,20.55677805,21.94523959,Out
12/04/2026 12:30,20.63754729,21.61831652,21.2529319,20.55677805,21.94523959,Out
12/04/2026 12:40,20.63754729,21.61831652,21.2529319,20.55677805,21.94523959,Out
12/04/2026 12:50,20.63754729,21.61831652,21.2529319,20.55677805,21.94523959,Out
12/04/2026 13:00,20.63754729,21.61831652,21.2529319,20.55677805,21.94523959,Out
12/04/2026 13:10,20.63754729,21.71831652,21.2529319,20.55677805,21.84523959,Out
12/04/2026 13:20,20.63754729,21.71831652,21.2529319,20.55677805,21.94523959,Out
12/04/2026 13:30,20.83754729,21.61831652,21.3529319,20.55677805,21.84523959,Out
12/04/2026 13:40,20.63754729,21.61831652,21.3529319,20.55677805,21.84523959,Out
12/04/2026 13:50,20.63754729,21.61831652,21.3529319,20.55677805,21.94523959,Out
12/04/2026 14:00,20.63754729,21.61831652,21.3529319,20.55677805,21.84523959,Out
12/04/2026 14:10,20.83754729,21.61831652,21.3529319,20.55677805,21.94523959,Out
12/04/2026 14:20,20.63754729,21.61831652,21.2529319,20.55677805,21.94523959,Out
12/04/2026 14:30,20.63754729,21.51831652,21.2529319,20.75677805,21.84523959,Out
12/04/2026 14:40,20.63754729,21.61831652,21.2529319,20.55677805,21.94523959,Out
12/04/2026 14:50,20.63754729,21.61831652,21.3529319,20.55677805,21.94523959,Out
12/04/2026 15:00,20.63754729,21.71831652,21.2529319,20.55677805,21.84523959,Out
12/04/2026 15:10,20.63754729,21.61831652,21.3529319,20.75677805,21.94523959,Out
12/04/2026 15:20,20.63754729,21.71831652,21.3529319,20.55677805,21.94523959,Out
12/04/2026 15:30,20.83754729,21.61831652,21.2529319,20.75677805,21.94523959,Out
12/04/2026 15:40,20.83754729,21.71831652,21.3529319,20.75677805,21.94523959,Out
12/04/2026 15:50,20.63754729,21.71831652,21.3529319,20.55677805,21.94523959,Out
12/04/2026 16:00,20.63754729,21.71831652,21.3529319,20.75677805,21.94523959,Out
12/04/2026 16:10,20.63754729,21.71831652,21.3529319,20.75677805,21.94523959,Out
12/04/2026 16:20,20.63754729,21.71831652,21.2529319,20.55677805,21.94523959,Out
12/04/2026 16:30,20.63754729,21.71831652,21.3529319,20.55677805,21.94523959,Out
12/04/2026 16:40,20.63754729,21.61831652,21.4529319,20.55677805,21.94523959,Out
12/04/2026 16:50,20.63754729,21.71831652,21.3529319,20.55677805,21.94523959,Out
12/04/2026 17:00,20.63754729,21.71831652,21.3529319,20.75677805,21.94523959,Out
12/04/2026 17:10,20.63754729,21.71831652,21.3529319,20.55677805,21.94523959,Out
12/04/2026 17:20,20.63754729,21.61831652,21.3529319,20.75677805,21.94523959,Out
12/04/2026 17:30,20.63754729,21.61831652,21.3529319,20.55677805,21.94523959,Out
12/04/2026 17:40,20.63754729,21.71831652,21.3529319,20.55677805,21.94523959,Out
12/04/2026 17:50,20.63754729,21.71831652,21.3529319,20.75677805,21.94523959,Out
12/04/2026 18:00,20.63754729,21.61831652,21.3529319,20.55677805,21.94523959,Out
12/04/2026 18:10,20.63754729,21.71831652,21.3529319,20.55677805,21.94523959,Out
12/04/2026 18:20,20.63754729,21.61831652,21.3529319,20.55677805,21.94523959,Out
12/04/2026 18:30,20.63754729,21.61831652,21.3529319,20.55677805,21.94523959,Out
12/04/2026 18:40,20.63754729,21.71831652,21.3529319,20.55677805,21.94523959,Out
12/04/2026 18:50,20.63754729,21.61831652,21.3529319,20.55677805,21.94523959,Out
12/04/2026 19:00,20.63754729,21.71831652,21.2529319,20.55677805,21.94523959,Out
12/04/2026 19:10,20.63754729,21.71831652,21.3529319,20.55677805,21.94523959,Out
12/04/2026 19:20,20.63754729,21.71831652,21.2529319,20.55677805,21.94523959,Out
12/04/2026 19:30,20.83754729,21.61831652,21.3529319,20.55677805,21.94523959,Out
12/04/2026 19:40,20.63754729,21.71831652,21.3529319,20.55677805,21.94523959,Out
12/04/2026 19:50,20.83754729,21.71831652,21.3529319,20.75677805,21.84523959,Out
12/04/2026 20:00,20.63754729,21.71831652,21.3529319,20.55677805,21.84523959,Out
12/04/2026 20:10,20.63754729,21.61831652,21.3529319,20.75677805,21.94523959,Out
12/04/2026 20:20,20.63754729,21.61831652,21.3529319,20.55677805,21.94523959,Out
12/04/2026 20:30,20.63754729,21.61831652,21.3529319,20.55677805,21.94523959,Out
12/04/2026 20:40,20.63754729,21.61831652,21.3529319,20.75677805,21.94523959,Out
12/04/2026 20:50,20.63754729,21.61831652,21.3529319,20.55677805,21.94523959,Out
12/04/2026 21:00,20.63754729,21.61831652,21.3529319,20.55677805,21.94523959,Out
12/04/2026 21:10,20.63754729,21.61831652,21.3529319,20.75677805,21.94523959,Out
12/04/2026 21:20,20.63754729,21.61831652,21.3529319,20.55677805,21.94523959,Out
12/04/2026 21:30,20.63754729,21.61831652,21.3529319,20.75677805,21.94523959,Out
12/04/2026 21:40,20.63754729,21.61831652,21.2529319,20.55677805,21.94523959,Out
12/04/2026 21:50,20.63754729,21.71831652,21.3529319,20.55677805,21.84523959,Out
12/04/2026 22:00,20.63754729,21.61831652,21.3529319,20.75677805,21.94523959,Out
12/04/2026 22:10,20.63754729,21.71831652,21.3529319,20.55677805,21.84523959,Out
12/04/2026 22:20,20.63754729,21.71831652,21.3529319,20.55677805,21.94523959,Out
12/04/2026 22:30,20.63754729,21.71831652,21.2529319,20.55677805,21.94523959,Out
12/04/2026 22:40,20.63754729,21.61831652,21.3529319,20.55677805,21.94523959,Out
12/04/2026 22:50,20.83754729,21.71831652,21.3529319,20.75677805,21.84523959,Out
12/04/2026 23:00,20.63754729,21.71831652,21.3529319,20.75677805,21.94523959,Out
12/04/2026 23:10,20.63754729,21.71831652,21.3529319,20.55677805,21.84523959,Out
12/04/2026 23:20,20.83754729,21.61831652,21.3529319,20.55677805,21.94523959,Out
12/04/2026 23:30,20.63754729,21.61831652,21.3529319,20.55677805,21.94523959,Out
12/04/2026 23:40,20.83754729,21.61831652,21.2529319,20.55677805,21.94523959,Out
12/04/2026 23:50,20.63754729,21.71831652,21.3529319,20.55677805,21.94523959,Out
13/04/2026 00:00,20.63754729,21.71831652,21.3529319,20.75677805,21.94523959,Out
13/04/2026 00:10,20.63754729,21.61831652,21.2529319,20.55677805,21.94523959,Out
13/04/2026 00:20,20.63754729,21.71831652,21.2529319,20.55677805,21.94523959,Out
13/04/2026 00:30,20.63754729,21.71831652,21.3529319,20.55677805,21.94523959,Out
13/04/2026 00:40,20.83754729,21.71831652,21.2529319,20.55677805,21.94523959,Out
13/04/2026 00:50,20.63754729,21.71831652,21.2529319,20.55677805,21.94523959,Out
13/04/2026 01:00,20.63754729,21.71831652,21.4529319,20.55677805,21.94523959,Out
13/04/2026 01:10,20.83754729,21.61831652,21.3529319,20.55677805,21.94523959,Out
13/04/2026 01:20,20.63754729,21.71831652,21.3529319,20.75677805,22.04523959,Out
13/04/2026 01:30,20.63754729,21.61831652,21.3529319,20.55677805,21.94523959,Out
13/04/2026 01:40,20.53754729,21.61831652,21.4529319,20.55677805,21.94523959,Out
13/04/2026 01:50,20.63754729,21.71831652,21.3529319,20.55677805,21.84523959,Out
13/04/2026 02:00,20.63754729,21.61831652,21.3529319,20.55677805,21.94523959,Out
13/04/2026 02:10,20.63754729,21.71831652,21.3529319,20.55677805,21.94523959,Out
13/04/2026 02:20,20.63754729,21.71831652,21.2529319,20.55677805,21.94523959,Out
13/04/2026 02:30,20.63754729,21.61831652,21.2529319,20.55677805,21.94523959,Out
13/04/2026 02:40,20.63754729,21.71831652,21.3529319,20.55677805,21.94523959,Out
13/04/2026 02:50,20.63754729,21.71831652,21.3529319,20.75677805,21.84523959,Out
13/04/2026 03:00,20.63754729,21.71831652,21.3529319,20.55677805,21.84523959,Out
13/04/2026 03:10,20.63754729,21.71831652,21.3529319,20.75677805,21.94523959,Out
13/04/2026 03:20,20.63754729,21.71831652,21.3529319,20.75677805,21.94523959,Out
13/04/2026 03:30,20.63754729,21.61831652,21.3529319,20.55677805,21.94523959,Out
13/04/2026 03:40,20.63754729,21.71831652,21.4529319,20.55677805,21.94523959,Out
13/04/2026 03:50,20.63754729,21.71831652,21.3529319,20.55677805,21.94523959,Out
13/04/2026 04:00,20.63754729,21.61831652,21.3529319,20.55677805,21.94523959,Out
13/04/2026 04:10,20.83754729,21.71831652,21.3529319,20.55677805,21.94523959,Out
13/04/2026 04:20,20.83754729,21.71831652,21.3529319,20.55677805,21.94523959,Out
13/04/2026 04:30,20.83754729,21.61831652,21.3529319,20.55677805,21.94523959,Out
13/04/2026 04:40,20.63754729,21.71831652,21.4529319,20.55677805,21.94523959,Out
13/04/2026 04:50,20.63754729,21.71831652,21.3529319,20.55677805,21.94523959,Out
13/04/2026 05:00,20.63754729,21.71831652,21.2529319,20.55677805,21.94523959,Out
13/04/2026 05:10,20.83754729,21.61831652,21.3529319,20.55677805,21.84523959,Out
13/04/2026 05:20,20.63754729,21.61831652,21.2529319,20.55677805,21.94523959,Out
13/04/2026 05:30,20.63754729,21.61831652,21.2529319,20.55677805,21.94523959,Out
13/04/2026 05:40,20.83754729,21.71831652,21.3529319,20.55677805,21.94523959,Out
13/04/2026 05:50,20.53754729,21.61831652,21.3529319,20.55677805,21.94523959,Out
13/04/2026 06:00,20.63754729,21.61831652,21.3529319,20.55677805,21.94523959,Out
13/04/2026 06:10,20.63754729,21.61831652,21.2529319,20.55677805,21.84523959,Out
13/04/2026 06:20,20.63754729,21.61831652,21.3529319,20.55677805,21.94523959,Out
13/04/2026 06:30,20.63754729,21.61831652,21.3529319,20.75677805,21.84523959,Out
13/04/2026 06:40,20.63754729,21.71831652,21.2529319,20.75677805,21.94523959,Out
13/04/2026 06:50,20.83754729,21.61831652,21.3529319,20.55677805,21.94523959,Out
13/04/2026 07:00,20.53754729,21.61831652,21.2529319,20.75677805,21.84523959,Out
13/04/2026 07:10,20.83754729,21.61831652,21.3529319,20.55677805,21.84523959,Out
13/04/2026 07:20,20.83754729,21.61831652,21.2529319,20.55677805,21.94523959,Out
13/04/2026 07:30,20.63754729,21.61831652,21.3529319,20.55677805,21.84523959,Out
13/04/2026 07:40,20.63754729,21.71831652,21.2529319,20.75677805,21.94523959,Out
13/04/2026 07:50,20.53754729,21.61831652,21.3529319,20.55677805,21.94523959,Out
13/04/2026 08:00,20.63754729,21.71831652,21.3529319,20.55677805,21.84523959,Out
13/04/2026 08:10,20.63754729,21.61831652,21.3529319,20.55677805,21.94523959,Out
13/04/2026 08:20,20.63754729,21.61831652,21.2529319,20.55677805,21.94523959,Out
13/04/2026 08:30,20.63754729,21.71831652,21.2529319,20.75677805,21.84523959,Out
13/04/2026 08:40,20.63754729,21.61831652,21.3529319,20.55677805,21.94523959,Out
13/04/2026 08:50,20.63754729,21.71831652,21.3529319,20.55677805,21.84523959,Out
13/04/2026 09:00,20.63754729,21.61831652,21.2529319,20.55677805,21.94523959,Out
13/04/2026 09:10,20.63754729,21.61831652,21.3529319,20.55677805,21.84523959,Out
13/04/2026 09:20,20.53754729,21.61831652,21.2529319,20.55677805,21.94523959,Out
13/04/2026 09:30,20.63754729,21.61831652,21.3529319,20.55677805,21.84523959,Out
13/04/2026 09:40,20.63754729,21.61831652,21.3529319,20.55677805,21.84523959,Out
13/04/2026 09:50,20.63754729,21.61831652,21.2529319,20.55677805,21.84523959,Out
13/04/2026 10:00,20.63754729,21.61831652,21.2529319,20.55677805,21.84523959,Out
13/04/2026 10:10,20.63754729,21.61831652,21.3529319,20.55677805,21.84523959,Out
13/04/2026 10:20,20.63754729,21.61831652,21.2529319,20.55677805,21.84523959,Out
13/04/2026 10:30,20.63754729,21.61831652,21.2529319,20.55677805,21.94523959,Out
13/04/2026 10:40,20.63754729,21.61831652,21.3529319,20.55677805,21.94523959,Out
13/04/2026 10:50,20.63754729,21.61831652,21.2529319,20.55677805,21.84523959,Out
13/04/2026 11:00,20.63754729,21.61831652,21.2529319,20.55677805,21.94523959,Out
13/04/2026 11:10,20.63754729,21.61831652,21.2529319,20.55677805,21.84523959,Out
13/04/2026 11:20,20.63754729,21.61831652,21.2529319,20.55677805,21.84523959,Out
13/04/2026 11:30,20.63754729,21.61831652,21.2529319,20.55677805,21.84523959,Out
