ISO 8601 Time,Speed (cm/s),Heading (degrees),Velocity-N (cm/s),Velocity-E (cm/s)
2026-02-23T16:00:00.000,8.16,222.82,-5.98,-5.55
2026-02-23T16:10:00.000,8.48,223.45,-6.16,-5.83
2026-02-23T16:20:00.000,8.03,230.42,-5.11,-6.19
2026-02-23T16:30:00.000,9.17,231.84,-5.67,-7.21
2026-02-23T16:40:00.000,8.5,226.99,-5.8,-6.22
2026-02-23T16:50:00.000,8.12,228.55,-5.38,-6.09
2026-02-23T17:00:00.000,8.35,230.93,-5.26,-6.48
2026-02-23T17:10:00.000,8.78,233.68,-5.2,-7.07
2026-02-23T17:20:00.000,8.88,231.28,-5.56,-6.93
2026-02-23T17:30:00.000,8.49,229.03,-5.57,-6.41
2026-02-23T17:40:00.000,8.19,231.1,-5.14,-6.38
2026-02-23T17:50:00.000,7.43,232.11,-4.57,-5.87
2026-02-23T18:00:00.000,7.33,229.17,-4.79,-5.55
2026-02-23T18:10:00.000,7.23,227.15,-4.92,-5.3
2026-02-23T18:20:00.000,5.28,224.39,-3.78,-3.7
2026-02-23T18:30:00.000,4.76,224.46,-3.39,-3.33
2026-02-23T18:40:00.000,5.16,224.83,-3.66,-3.64
2026-02-23T18:50:00.000,4.77,223,-3.49,-3.25
2026-02-23T19:00:00.000,4.46,227.52,-3.01,-3.29
2026-02-23T19:10:00.000,5.5,225.21,-3.88,-3.91
2026-02-23T19:20:00.000,4.63,231.7,-2.87,-3.63
2026-02-23T19:30:00.000,3.77,234.36,-2.19,-3.06
2026-02-23T19:40:00.000,4.63,237.41,-2.49,-3.9
2026-02-23T19:50:00.000,1.64,247.27,-0.63,-1.51
2026-02-23T20:00:00.000,0.8,250.74,-0.26,-0.76
2026-02-23T20:10:00.000,1.38,62.35,0.64,1.22
2026-02-23T20:20:00.000,0.12,323.48,0.1,-0.07
2026-02-23T20:30:00.000,1.41,81.77,0.2,1.39
2026-02-23T20:40:00.000,0.16,250.5,-0.05,-0.15
2026-02-23T20:50:00.000,1.42,20.27,1.33,0.49
2026-02-23T21:00:00.000,0.85,338.56,0.79,-0.31
2026-02-23T21:10:00.000,0.78,2.61,0.78,0.04
2026-02-23T21:20:00.000,0.3,76.32,0.07,0.29
2026-02-23T21:30:00.000,0.43,172.32,-0.42,0.06
2026-02-23T21:40:00.000,0.67,225.67,-0.47,-0.48
2026-02-23T21:50:00.000,1.14,4.9,1.13,0.1
2026-02-23T22:00:00.000,0.66,265.47,-0.05,-0.66
2026-02-23T22:10:00.000,1.18,267.67,-0.05,-1.18
2026-02-23T22:20:00.000,0.6,241.62,-0.29,-0.53
2026-02-23T22:30:00.000,0.87,194.28,-0.84,-0.21
2026-02-23T22:40:00.000,0.6,229.37,-0.39,-0.45
2026-02-23T22:50:00.000,0.61,123.08,-0.33,0.51
2026-02-23T23:00:00.000,0.97,169.22,-0.95,0.18
2026-02-23T23:10:00.000,1.11,185.28,-1.11,-0.1
2026-02-23T23:20:00.000,1.25,143.9,-1.01,0.74
2026-02-23T23:30:00.000,1.02,215.07,-0.83,-0.58
2026-02-23T23:40:00.000,0.52,224.13,-0.37,-0.36
2026-02-23T23:50:00.000,0.57,317.87,0.42,-0.38
2026-02-24T00:00:00.000,1.52,273.6,0.1,-1.51
2026-02-24T00:10:00.000,0.75,116.8,-0.34,0.67
2026-02-24T00:20:00.000,3.47,122.4,-1.86,2.93
2026-02-24T00:30:00.000,5.22,143.5,-4.19,3.1
2026-02-24T00:40:00.000,6.99,138.2,-5.21,4.66
2026-02-24T00:50:00.000,8.41,141.82,-6.61,5.2
2026-02-24T01:00:00.000,8.91,147.82,-7.54,4.74
2026-02-24T01:10:00.000,6.26,147.56,-5.28,3.36
2026-02-24T01:20:00.000,6.53,148.91,-5.59,3.37
2026-02-24T01:30:00.000,6.3,150.02,-5.46,3.15
2026-02-24T01:40:00.000,6.69,164.86,-6.45,1.75
2026-02-24T01:50:00.000,6.5,146.98,-5.45,3.54
2026-02-24T02:00:00.000,5.43,137.82,-4.02,3.64
2026-02-24T02:10:00.000,7.33,143.22,-5.87,4.39
2026-02-24T02:20:00.000,7.37,148.05,-6.25,3.9
2026-02-24T02:30:00.000,6.71,150.3,-5.83,3.32
2026-02-24T02:40:00.000,4.79,159.88,-4.5,1.65
2026-02-24T02:50:00.000,3.26,141.77,-2.56,2.02
2026-02-24T03:00:00.000,4.23,154.66,-3.82,1.81
2026-02-24T03:10:00.000,6.08,154.17,-5.47,2.65
2026-02-24T03:20:00.000,5.49,159.05,-5.13,1.96
2026-02-24T03:30:00.000,3.95,141.64,-3.1,2.45
2026-02-24T03:40:00.000,5.17,157.08,-4.76,2.01
2026-02-24T03:50:00.000,3.81,154.96,-3.45,1.61
2026-02-24T04:00:00.000,3.17,157.21,-2.93,1.23
2026-02-24T04:10:00.000,4.03,159.11,-3.76,1.44
2026-02-24T04:20:00.000,5.34,162.05,-5.08,1.64
2026-02-24T04:30:00.000,5.5,156.18,-5.04,2.22
2026-02-24T04:40:00.000,6.38,162.48,-6.08,1.92
2026-02-24T04:50:00.000,6.05,152.15,-5.35,2.83
2026-02-24T05:00:00.000,5.92,167.96,-5.79,1.24
2026-02-24T05:10:00.000,4.49,158.26,-4.17,1.66
2026-02-24T05:20:00.000,5.26,143.21,-4.22,3.15
2026-02-24T05:30:00.000,2.71,173.42,-2.7,0.31
2026-02-24T05:40:00.000,1.27,208.98,-1.11,-0.62
2026-02-24T05:50:00.000,1.84,215.25,-1.5,-1.06
2026-02-24T06:00:00.000,2.24,206.32,-2.01,-0.99
2026-02-24T06:10:00.000,3,192.85,-2.92,-0.67
2026-02-24T06:20:00.000,2.32,130.39,-1.5,1.76
2026-02-24T06:30:00.000,2.05,196.3,-1.96,-0.57
2026-02-24T06:40:00.000,1.77,215.12,-1.44,-1.02
2026-02-24T06:50:00.000,1.21,179.08,-1.21,0.02
2026-02-24T07:00:00.000,2.44,168.32,-2.39,0.49
2026-02-24T07:10:00.000,1.92,144.55,-1.56,1.11
2026-02-24T07:20:00.000,3.54,173.34,-3.51,0.41
2026-02-24T07:30:00.000,3.68,167.8,-3.6,0.78
2026-02-24T07:40:00.000,3.49,162.87,-3.33,1.03
2026-02-24T07:50:00.000,5.22,168.15,-5.11,1.07
2026-02-24T08:00:00.000,8,166.33,-7.77,1.89
2026-02-24T08:10:00.000,6.95,162.68,-6.63,2.07
2026-02-24T08:20:00.000,8.82,159.72,-8.27,3.06
2026-02-24T08:30:00.000,6.88,166.47,-6.69,1.61
2026-02-24T08:40:00.000,9.1,173.9,-9.04,0.97
2026-02-24T08:50:00.000,6.75,171.91,-6.68,0.95
2026-02-24T09:00:00.000,4.07,173.08,-4.04,0.49
2026-02-24T09:10:00.000,4.4,166.31,-4.28,1.04
2026-02-24T09:20:00.000,4.1,173.85,-4.08,0.44
2026-02-24T09:30:00.000,6.24,175.08,-6.22,0.54
2026-02-24T09:40:00.000,4.72,169.66,-4.65,0.85
2026-02-24T09:50:00.000,3.62,176.56,-3.61,0.22
2026-02-24T10:00:00.000,6.25,173.3,-6.21,0.73
2026-02-24T10:10:00.000,5.99,181.99,-5.98,-0.21
2026-02-24T10:20:00.000,8.56,187.76,-8.49,-1.16
2026-02-24T10:30:00.000,9.3,190.27,-9.15,-1.66
2026-02-24T10:40:00.000,9.11,191.69,-8.92,-1.85
2026-02-24T10:50:00.000,9.33,193.41,-9.08,-2.16
2026-02-24T11:00:00.000,8.24,196.26,-7.91,-2.31
2026-02-24T11:10:00.000,9.08,195.46,-8.76,-2.42
2026-02-24T11:20:00.000,9.77,196.69,-9.36,-2.81
2026-02-24T11:30:00.000,9.36,195.28,-9.03,-2.47
2026-02-24T11:40:00.000,10.29,192.4,-10.05,-2.21
2026-02-24T11:50:00.000,10.01,197.5,-9.55,-3.01
2026-02-24T12:00:00.000,9.67,200.51,-9.06,-3.39
2026-02-24T12:10:00.000,7.71,201.01,-7.19,-2.76
2026-02-24T12:20:00.000,9.78,193.39,-9.52,-2.26
2026-02-24T12:30:00.000,8.95,198.61,-8.48,-2.86
2026-02-24T12:40:00.000,9.21,196.66,-8.82,-2.64
2026-02-24T12:50:00.000,9.29,201.15,-8.66,-3.35
2026-02-24T13:00:00.000,8.88,199.99,-8.34,-3.03
2026-02-24T13:10:00.000,8.94,197.1,-8.55,-2.63
2026-02-24T13:20:00.000,9.1,194.46,-8.81,-2.27
2026-02-24T13:30:00.000,8.74,195.54,-8.42,-2.34
2026-02-24T13:40:00.000,8.69,197.62,-8.28,-2.63
2026-02-24T13:50:00.000,7.3,191.95,-7.15,-1.51
2026-02-24T14:00:00.000,7.9,192.87,-7.7,-1.76
2026-02-24T14:10:00.000,6.6,183.79,-6.59,-0.44
2026-02-24T14:20:00.000,7.06,187.43,-7,-0.91
2026-02-24T14:30:00.000,5.96,183.19,-5.95,-0.33
2026-02-24T14:40:00.000,5.22,180.49,-5.22,-0.04
2026-02-24T14:50:00.000,6.73,186.93,-6.68,-0.81
2026-02-24T15:00:00.000,2.98,191.84,-2.92,-0.61
2026-02-24T15:10:00.000,4.58,189.14,-4.53,-0.73
2026-02-24T15:20:00.000,6.01,195.56,-5.79,-1.61
2026-02-24T15:30:00.000,6.21,192.35,-6.06,-1.33
2026-02-24T15:40:00.000,5.21,202.03,-4.83,-1.95
2026-02-24T15:50:00.000,4.8,178.55,-4.8,0.12
2026-02-24T16:00:00.000,3.97,139.68,-3.02,2.57
2026-02-24T16:10:00.000,4.16,209.49,-3.62,-2.05
2026-02-24T16:20:00.000,3.13,210.38,-2.7,-1.58
2026-02-24T16:30:00.000,3.65,237.45,-1.96,-3.07
2026-02-24T16:40:00.000,3.19,261.28,-0.48,-3.15
2026-02-24T16:50:00.000,2.37,326.02,1.97,-1.32
2026-02-24T17:00:00.000,3.3,285.29,0.87,-3.19
2026-02-24T17:10:00.000,3.9,292.17,1.47,-3.61
2026-02-24T17:20:00.000,3.18,266.03,-0.22,-3.17
2026-02-24T17:30:00.000,3.11,277.16,0.39,-3.09
2026-02-24T17:40:00.000,3.22,286.61,0.92,-3.09
2026-02-24T17:50:00.000,2.52,286.91,0.73,-2.41
2026-02-24T18:00:00.000,3.56,290.82,1.27,-3.33
2026-02-24T18:10:00.000,3.31,297.13,1.51,-2.94
2026-02-24T18:20:00.000,3.2,290.05,1.1,-3.01
2026-02-24T18:30:00.000,3.38,288.99,1.1,-3.19
2026-02-24T18:40:00.000,2.48,297.88,1.16,-2.2
2026-02-24T18:50:00.000,1.79,333.5,1.6,-0.8
2026-02-24T19:00:00.000,2.03,327.17,1.71,-1.1
2026-02-24T19:10:00.000,0.81,289.97,0.28,-0.77
2026-02-24T19:20:00.000,0.82,283.13,0.19,-0.79
2026-02-24T19:30:00.000,2.35,275.47,0.22,-2.34
2026-02-24T19:40:00.000,3.73,294.4,1.54,-3.39
2026-02-24T19:50:00.000,3.87,270.54,0.04,-3.87
2026-02-24T20:00:00.000,4.79,271.1,0.09,-4.79
2026-02-24T20:10:00.000,4.38,280.21,0.78,-4.31
2026-02-24T20:20:00.000,5.21,288.51,1.66,-4.94
2026-02-24T20:30:00.000,4.78,282.69,1.05,-4.66
2026-02-24T20:40:00.000,4.56,290.64,1.61,-4.27
2026-02-24T20:50:00.000,3.58,274.64,0.29,-3.57
2026-02-24T21:00:00.000,4.06,287.94,1.25,-3.86
2026-02-24T21:10:00.000,3.65,284.47,0.91,-3.53
2026-02-24T21:20:00.000,4.37,286.7,1.26,-4.19
2026-02-24T21:30:00.000,4.61,295.83,2.01,-4.15
2026-02-24T21:40:00.000,4.27,298.4,2.03,-3.76
2026-02-24T21:50:00.000,3.47,273.48,0.21,-3.46
2026-02-24T22:00:00.000,3.81,291.23,1.38,-3.55
2026-02-24T22:10:00.000,3.7,295.64,1.6,-3.34
2026-02-24T22:20:00.000,3.86,286.8,1.11,-3.69
2026-02-24T22:30:00.000,3.72,300.11,1.87,-3.22
2026-02-24T22:40:00.000,3.25,297.58,1.5,-2.88
2026-02-24T22:50:00.000,2.74,296.58,1.22,-2.45
2026-02-24T23:00:00.000,1.02,313.44,0.7,-0.74
2026-02-24T23:10:00.000,0.88,2.15,0.88,0.03
2026-02-24T23:20:00.000,0.48,44.03,0.35,0.34
2026-02-24T23:30:00.000,1.98,160.98,-1.87,0.65
2026-02-24T23:40:00.000,4.2,118.15,-1.98,3.7
2026-02-24T23:50:00.000,1.72,137.41,-1.27,1.17
2026-02-25T00:00:00.000,2.66,113.09,-1.04,2.45
2026-02-25T00:10:00.000,2.61,66.59,1.04,2.4
2026-02-25T00:20:00.000,1.05,334.81,0.95,-0.44
2026-02-25T00:30:00.000,2.76,334.89,2.5,-1.17
2026-02-25T00:40:00.000,2.24,143.16,-1.79,1.34
2026-02-25T00:50:00.000,0.28,200.43,-0.26,-0.1
2026-02-25T01:00:00.000,1.46,112.85,-0.57,1.35
2026-02-25T01:10:00.000,1.97,76.59,0.46,1.92
2026-02-25T01:20:00.000,0.41,30.7,0.36,0.21
2026-02-25T01:30:00.000,0.35,301.3,0.18,-0.3
2026-02-25T01:40:00.000,1.85,137.17,-1.36,1.26
2026-02-25T01:50:00.000,2.77,122.42,-1.49,2.34
2026-02-25T02:00:00.000,2.94,112.87,-1.14,2.71
2026-02-25T02:10:00.000,2.48,132.58,-1.68,1.82
2026-02-25T02:20:00.000,0.23,284.93,0.06,-0.22
2026-02-25T02:30:00.000,0.44,237.87,-0.23,-0.37
2026-02-25T02:40:00.000,0.47,259.56,-0.08,-0.46
2026-02-25T02:50:00.000,0.27,302.94,0.15,-0.23
2026-02-25T03:00:00.000,1,323.22,0.8,-0.6
2026-02-25T03:10:00.000,3.48,312.43,2.35,-2.57
2026-02-25T03:20:00.000,3.07,324.47,2.5,-1.78
2026-02-25T03:30:00.000,3.31,306.45,1.97,-2.66
2026-02-25T03:40:00.000,1.71,201.48,-1.59,-0.63
2026-02-25T03:50:00.000,4.15,156.86,-3.82,1.63
2026-02-25T04:00:00.000,8.8,150.21,-7.63,4.37
2026-02-25T04:10:00.000,9.17,153.41,-8.2,4.1
2026-02-25T04:20:00.000,8.48,152.01,-7.48,3.98
2026-02-25T04:30:00.000,8.74,152.42,-7.75,4.05
2026-02-25T04:40:00.000,9.84,151.65,-8.66,4.67
2026-02-25T04:50:00.000,8.27,155.25,-7.51,3.46
2026-02-25T05:00:00.000,6.71,171.05,-6.63,1.04
2026-02-25T05:10:00.000,8.78,172.28,-8.7,1.18
2026-02-25T05:20:00.000,9.86,167.74,-9.64,2.09
2026-02-25T05:30:00.000,8.78,177.1,-8.77,0.44
2026-02-25T05:40:00.000,7.53,178.62,-7.52,0.18
2026-02-25T05:50:00.000,9.56,185.67,-9.51,-0.94
2026-02-25T06:00:00.000,10.64,184.28,-10.61,-0.79
2026-02-25T06:10:00.000,10.29,184.68,-10.26,-0.84
2026-02-25T06:20:00.000,8.87,184.18,-8.85,-0.65
2026-02-25T06:30:00.000,8.82,203.61,-8.08,-3.53
2026-02-25T06:40:00.000,10.93,197.72,-10.41,-3.33
2026-02-25T06:50:00.000,9.92,196.03,-9.53,-2.74
2026-02-25T07:00:00.000,7.81,197.44,-7.45,-2.34
2026-02-25T07:10:00.000,7.52,198.91,-7.11,-2.44
2026-02-25T07:20:00.000,8.01,200.83,-7.48,-2.85
2026-02-25T07:30:00.000,8.66,194.1,-8.4,-2.11
2026-02-25T07:40:00.000,9.36,199.74,-8.81,-3.16
2026-02-25T07:50:00.000,5.42,214.28,-4.48,-3.05
2026-02-25T08:00:00.000,4.88,198.87,-4.62,-1.58
2026-02-25T08:10:00.000,6.78,190.67,-6.67,-1.26
2026-02-25T08:20:00.000,8.4,182.57,-8.39,-0.38
2026-02-25T08:30:00.000,6.33,179.63,-6.33,0.04
2026-02-25T08:40:00.000,6.3,174.85,-6.28,0.57
2026-02-25T08:50:00.000,4.38,222.8,-3.21,-2.98
2026-02-25T09:00:00.000,3.93,208.48,-3.45,-1.87
2026-02-25T09:10:00.000,7.23,175.36,-7.21,0.59
2026-02-25T09:20:00.000,7.91,187.4,-7.85,-1.02
2026-02-25T09:30:00.000,8.66,185.67,-8.62,-0.86
2026-02-25T09:40:00.000,7.77,181.02,-7.77,-0.14
2026-02-25T09:50:00.000,6.1,194,-5.92,-1.48
2026-02-25T10:00:00.000,6.68,189.59,-6.58,-1.11
2026-02-25T10:10:00.000,7.93,195.16,-7.65,-2.07
2026-02-25T10:20:00.000,10.19,194.5,-9.87,-2.55
2026-02-25T10:30:00.000,10.38,195.13,-10.02,-2.71
2026-02-25T10:40:00.000,10.51,192.15,-10.27,-2.21
2026-02-25T10:50:00.000,11.23,190.86,-11.03,-2.12
2026-02-25T11:00:00.000,12.48,190.59,-12.26,-2.29
2026-02-25T11:10:00.000,11.29,190.37,-11.1,-2.03
2026-02-25T11:20:00.000,11.57,193.94,-11.22,-2.79
2026-02-25T11:30:00.000,12.28,197.37,-11.72,-3.67
2026-02-25T11:40:00.000,12.41,197.86,-11.81,-3.8
2026-02-25T11:50:00.000,12.24,198.55,-11.6,-3.89
2026-02-25T12:00:00.000,12.27,198.45,-11.64,-3.88
2026-02-25T12:10:00.000,12.8,202.35,-11.84,-4.87
2026-02-25T12:20:00.000,12.12,207.2,-10.78,-5.54
2026-02-25T12:30:00.000,10.63,206.87,-9.49,-4.81
2026-02-25T12:40:00.000,14.47,204.01,-13.22,-5.89
2026-02-25T12:50:00.000,13.85,203.73,-12.68,-5.57
2026-02-25T13:00:00.000,13.2,203.54,-12.1,-5.27
2026-02-25T13:10:00.000,13.12,203.44,-12.04,-5.22
2026-02-25T13:20:00.000,12.77,203.43,-11.72,-5.08
2026-02-25T13:30:00.000,12.38,205.75,-11.15,-5.38
2026-02-25T13:40:00.000,13.58,206.22,-12.18,-6
2026-02-25T13:50:00.000,12.41,204.85,-11.26,-5.22
2026-02-25T14:00:00.000,12.56,207.8,-11.11,-5.86
2026-02-25T14:10:00.000,12.47,206.68,-11.14,-5.6
2026-02-25T14:20:00.000,12.23,207.25,-10.87,-5.6
2026-02-25T14:30:00.000,12.05,206.02,-10.83,-5.29
2026-02-25T14:40:00.000,11.49,205.22,-10.39,-4.89
2026-02-25T14:50:00.000,11.55,206.47,-10.34,-5.15
2026-02-25T15:00:00.000,11.44,208.72,-10.03,-5.5
2026-02-25T15:10:00.000,11.45,210.5,-9.87,-5.81
2026-02-25T15:20:00.000,10.92,210.5,-9.41,-5.54
2026-02-25T15:30:00.000,10.64,212.78,-8.95,-5.76
2026-02-25T15:40:00.000,10.28,216.09,-8.31,-6.06
2026-02-25T15:50:00.000,10.14,217.56,-8.04,-6.18
2026-02-25T16:00:00.000,9.79,216.3,-7.89,-5.79
2026-02-25T16:10:00.000,10.49,216.88,-8.39,-6.3
2026-02-25T16:20:00.000,9.91,217.16,-7.9,-5.99
2026-02-25T16:30:00.000,9.83,220.86,-7.43,-6.43
2026-02-25T16:40:00.000,9.7,221.15,-7.3,-6.38
2026-02-25T16:50:00.000,9.9,220.96,-7.48,-6.49
2026-02-25T17:00:00.000,10.03,218.09,-7.89,-6.19
2026-02-25T17:10:00.000,9.77,219.57,-7.53,-6.22
2026-02-25T17:20:00.000,9.95,221.77,-7.42,-6.63
2026-02-25T17:30:00.000,9.61,222.13,-7.13,-6.45
2026-02-25T17:40:00.000,9.83,223.24,-7.16,-6.73
2026-02-25T17:50:00.000,9.19,222.61,-6.77,-6.22
2026-02-25T18:00:00.000,9.5,222.17,-7.04,-6.37
2026-02-25T18:10:00.000,8.22,226.33,-5.67,-5.94
2026-02-25T18:20:00.000,7.36,228.28,-4.9,-5.49
2026-02-25T18:30:00.000,8.07,228.74,-5.32,-6.07
2026-02-25T18:40:00.000,6.63,234.79,-3.82,-5.42
2026-02-25T18:50:00.000,7.19,226.25,-4.97,-5.19
2026-02-25T19:00:00.000,6.62,227.34,-4.49,-4.87
2026-02-25T19:10:00.000,4.95,231.84,-3.06,-3.89
2026-02-25T19:20:00.000,6.55,236.58,-3.61,-5.47
2026-02-25T19:30:00.000,5.68,248.8,-2.05,-5.29
2026-02-25T19:40:00.000,5.15,238.76,-2.67,-4.4
2026-02-25T19:50:00.000,3.84,226.64,-2.63,-2.79
2026-02-25T20:00:00.000,5.06,233.13,-3.04,-4.05
2026-02-25T20:10:00.000,4.21,249.09,-1.5,-3.94
2026-02-25T20:20:00.000,4.44,243.42,-1.99,-3.97
2026-02-25T20:30:00.000,3.27,243.52,-1.46,-2.93
2026-02-25T20:40:00.000,4.98,243.15,-2.25,-4.45
2026-02-25T20:50:00.000,4.25,244.66,-1.82,-3.85
2026-02-25T21:00:00.000,4.1,255.16,-1.05,-3.96
2026-02-25T21:10:00.000,4.01,254.42,-1.08,-3.86
2026-02-25T21:20:00.000,3.29,269.13,-0.05,-3.29
2026-02-25T21:30:00.000,3.15,278.18,0.45,-3.12
2026-02-25T21:40:00.000,2.8,271.12,0.05,-2.8
2026-02-25T21:50:00.000,3.57,260.33,-0.6,-3.52
2026-02-25T22:00:00.000,1.62,288.88,0.53,-1.54
2026-02-25T22:10:00.000,2.41,277.83,0.33,-2.39
2026-02-25T22:20:00.000,2.24,284.69,0.57,-2.16
2026-02-25T22:30:00.000,1.46,260.87,-0.23,-1.44
2026-02-25T22:40:00.000,1.75,262.33,-0.23,-1.74
2026-02-25T22:50:00.000,1.6,266.35,-0.1,-1.6
2026-02-25T23:00:00.000,1.25,331.1,1.1,-0.61
2026-02-25T23:10:00.000,0.81,339.28,0.76,-0.29
2026-02-25T23:20:00.000,0.53,328.86,0.45,-0.27
2026-02-25T23:30:00.000,0.48,329.99,0.42,-0.24
2026-02-25T23:40:00.000,0.48,343.21,0.46,-0.14
2026-02-25T23:50:00.000,0.45,12.29,0.44,0.1
2026-02-26T00:00:00.000,0.35,326.36,0.29,-0.19
2026-02-26T00:10:00.000,0.46,340.72,0.43,-0.15
2026-02-26T00:20:00.000,0.52,357.37,0.52,-0.02
2026-02-26T00:30:00.000,0.77,331.85,0.68,-0.37
2026-02-26T00:40:00.000,1.15,0.37,1.15,0.01
2026-02-26T00:50:00.000,0.21,31.34,0.18,0.11
2026-02-26T01:00:00.000,0.22,340.33,0.21,-0.07
2026-02-26T01:10:00.000,0.48,297.33,0.22,-0.43
2026-02-26T01:20:00.000,0.63,303.79,0.35,-0.52
2026-02-26T01:30:00.000,0.79,324.34,0.64,-0.46
2026-02-26T01:40:00.000,0.76,316.94,0.56,-0.52
2026-02-26T01:50:00.000,0.35,289.67,0.12,-0.33
2026-02-26T02:00:00.000,1.99,165.55,-1.92,0.5
2026-02-26T02:10:00.000,2.57,134.86,-1.81,1.82
2026-02-26T02:20:00.000,0.67,174.87,-0.67,0.06
2026-02-26T02:30:00.000,0.49,265.38,-0.04,-0.48
2026-02-26T02:40:00.000,0.33,303.02,0.18,-0.28
2026-02-26T02:50:00.000,0.57,269.14,-0.01,-0.57
2026-02-26T03:00:00.000,0.39,301.91,0.2,-0.33
2026-02-26T03:10:00.000,0.85,292.91,0.33,-0.79
2026-02-26T03:20:00.000,0.51,287.65,0.15,-0.49
2026-02-26T03:30:00.000,0.46,302.45,0.25,-0.39
2026-02-26T03:40:00.000,0.35,306.33,0.21,-0.28
2026-02-26T03:50:00.000,0.37,335.52,0.34,-0.15
2026-02-26T04:00:00.000,3.25,96.74,-0.38,3.23
2026-02-26T04:10:00.000,4.45,115.76,-1.93,4.01
2026-02-26T04:20:00.000,4.29,104.21,-1.05,4.16
2026-02-26T04:30:00.000,8.36,121.93,-4.42,7.09
2026-02-26T04:40:00.000,8.2,118.5,-3.91,7.21
2026-02-26T04:50:00.000,10.11,129.44,-6.42,7.81
2026-02-26T05:00:00.000,8.23,144.59,-6.71,4.77
2026-02-26T05:10:00.000,6.61,136.46,-4.79,4.55
2026-02-26T05:20:00.000,8.54,134.4,-5.97,6.1
2026-02-26T05:30:00.000,7.74,134.67,-5.44,5.5
2026-02-26T05:40:00.000,8.27,142.15,-6.53,5.08
2026-02-26T05:50:00.000,7.57,143.45,-6.08,4.5
2026-02-26T06:00:00.000,3.94,149.22,-3.38,2.01
2026-02-26T06:10:00.000,8.49,144.9,-6.95,4.88
2026-02-26T06:20:00.000,8.26,151.24,-7.24,3.97
2026-02-26T06:30:00.000,8.05,141.76,-6.32,4.98
2026-02-26T06:40:00.000,6.93,140.77,-5.37,4.38
2026-02-26T06:50:00.000,12.62,147.37,-10.63,6.8
2026-02-26T07:00:00.000,8.46,151.23,-7.41,4.07
2026-02-26T07:10:00.000,8.96,157.13,-8.26,3.48
2026-02-26T07:20:00.000,9.26,160.09,-8.71,3.15
2026-02-26T07:30:00.000,8.15,159.03,-7.61,2.91
2026-02-26T07:40:00.000,7.14,165.72,-6.92,1.76
2026-02-26T07:50:00.000,8.06,170.18,-7.94,1.37
2026-02-26T08:00:00.000,7.9,185.29,-7.87,-0.73
2026-02-26T08:10:00.000,8.25,173.92,-8.21,0.87
2026-02-26T08:20:00.000,6.8,183.2,-6.78,-0.38
2026-02-26T08:30:00.000,8.01,167.69,-7.82,1.71
2026-02-26T08:40:00.000,7.31,175.5,-7.28,0.57
2026-02-26T08:50:00.000,8.63,185.95,-8.58,-0.89
2026-02-26T09:00:00.000,8.94,190.78,-8.79,-1.67
2026-02-26T09:10:00.000,8.23,190.4,-8.1,-1.49
2026-02-26T09:20:00.000,7.12,188.46,-7.04,-1.05
2026-02-26T09:30:00.000,7.61,188.26,-7.53,-1.09
2026-02-26T09:40:00.000,8.35,187.51,-8.28,-1.09
2026-02-26T09:50:00.000,9.55,188.68,-9.44,-1.44
2026-02-26T10:00:00.000,9.49,193.45,-9.23,-2.21
2026-02-26T10:10:00.000,10.39,189.87,-10.24,-1.78
2026-02-26T10:20:00.000,9.88,188.03,-9.78,-1.38
2026-02-26T10:30:00.000,10.47,189.7,-10.32,-1.76
2026-02-26T10:40:00.000,10.52,193.34,-10.23,-2.43
2026-02-26T10:50:00.000,10.63,196.92,-10.17,-3.09
2026-02-26T11:00:00.000,10.34,195.23,-9.98,-2.72
2026-02-26T11:10:00.000,9.83,194.07,-9.53,-2.39
2026-02-26T11:20:00.000,10.06,196.81,-9.63,-2.91
2026-02-26T11:30:00.000,10.06,195.69,-9.69,-2.72
2026-02-26T11:40:00.000,9.67,192.57,-9.44,-2.1
2026-02-26T11:50:00.000,9.09,193.71,-8.83,-2.16
2026-02-26T12:00:00.000,9.08,194.27,-8.8,-2.24
2026-02-26T12:10:00.000,9.06,192,-8.86,-1.88
2026-02-26T12:20:00.000,9.2,193.66,-8.94,-2.17
2026-02-26T12:30:00.000,8.92,194.1,-8.65,-2.17
2026-02-26T12:40:00.000,8.55,195.29,-8.24,-2.25
2026-02-26T12:50:00.000,8.39,197.28,-8.01,-2.49
2026-02-26T13:00:00.000,6.7,197.03,-6.4,-1.96
2026-02-26T13:10:00.000,7.17,193.34,-6.98,-1.65
2026-02-26T13:20:00.000,8.98,201.69,-8.35,-3.32
2026-02-26T13:30:00.000,9.76,198.12,-9.28,-3.04
2026-02-26T13:40:00.000,8.88,200.03,-8.34,-3.04
2026-02-26T13:50:00.000,8.84,195.46,-8.52,-2.36
2026-02-26T14:00:00.000,7.59,193.93,-7.37,-1.83
2026-02-26T14:10:00.000,6.93,184.79,-6.9,-0.58
2026-02-26T14:20:00.000,7.36,184.54,-7.33,-0.58
2026-02-26T14:30:00.000,6.37,183.84,-6.35,-0.43
2026-02-26T14:40:00.000,6.11,180.54,-6.11,-0.06
2026-02-26T14:50:00.000,5.98,185.86,-5.95,-0.61
2026-02-26T15:00:00.000,6.91,199.09,-6.53,-2.26
2026-02-26T15:10:00.000,6.39,196.87,-6.11,-1.85
2026-02-26T15:20:00.000,6.65,197.3,-6.34,-1.98
2026-02-26T15:30:00.000,8.09,202.96,-7.45,-3.16
2026-02-26T15:40:00.000,8.29,204.62,-7.53,-3.45
2026-02-26T15:50:00.000,8.51,210.65,-7.32,-4.34
2026-02-26T16:00:00.000,8.77,213.53,-7.31,-4.85
2026-02-26T16:10:00.000,8.44,210.54,-7.27,-4.29
2026-02-26T16:20:00.000,8.31,213.21,-6.95,-4.55
2026-02-26T16:30:00.000,7.64,212.43,-6.45,-4.1
2026-02-26T16:40:00.000,7.77,216.93,-6.21,-4.67
2026-02-26T16:50:00.000,7.03,218.11,-5.53,-4.34
2026-02-26T17:00:00.000,6.81,220.55,-5.17,-4.43
2026-02-26T17:10:00.000,6.87,220.49,-5.23,-4.46
2026-02-26T17:20:00.000,5.74,222.89,-4.21,-3.91
2026-02-26T17:30:00.000,5.63,227.52,-3.8,-4.15
2026-02-26T17:40:00.000,6.15,229.47,-4,-4.68
2026-02-26T17:50:00.000,5.36,233.6,-3.18,-4.31
2026-02-26T18:00:00.000,5.8,231.04,-3.65,-4.51
2026-02-26T18:10:00.000,6.2,236.66,-3.41,-5.18
2026-02-26T18:20:00.000,6.3,241.06,-3.05,-5.51
2026-02-26T18:30:00.000,5.53,236.69,-3.04,-4.62
2026-02-26T18:40:00.000,6.03,235.01,-3.46,-4.94
2026-02-26T18:50:00.000,5.25,240.71,-2.57,-4.58
2026-02-26T19:00:00.000,5.32,240.48,-2.62,-4.63
2026-02-26T19:10:00.000,4.72,249.45,-1.66,-4.42
2026-02-26T19:20:00.000,5.32,243.5,-2.37,-4.76
2026-02-26T19:30:00.000,5.44,239.32,-2.78,-4.68
2026-02-26T19:40:00.000,4.98,235.21,-2.84,-4.09
2026-02-26T19:50:00.000,5.84,239.83,-2.93,-5.05
2026-02-26T20:00:00.000,5.8,237.85,-3.08,-4.91
2026-02-26T20:10:00.000,4.52,245.5,-1.87,-4.11
2026-02-26T20:20:00.000,4.08,265.38,-0.33,-4.07
2026-02-26T20:30:00.000,4.09,236.28,-2.27,-3.4
2026-02-26T20:40:00.000,2.86,246.59,-1.14,-2.63
2026-02-26T20:50:00.000,3.84,220.63,-2.92,-2.5
2026-02-26T21:00:00.000,4.59,245.48,-1.9,-4.17
2026-02-26T21:10:00.000,3.21,247.4,-1.23,-2.96
2026-02-26T21:20:00.000,2.52,269.78,-0.01,-2.52
2026-02-26T21:30:00.000,2.21,251.75,-0.69,-2.09
2026-02-26T21:40:00.000,1.22,244.8,-0.52,-1.1
2026-02-26T21:50:00.000,0.52,279.16,0.08,-0.51
2026-02-26T22:00:00.000,0.35,305.96,0.2,-0.28
2026-02-26T22:10:00.000,1.89,350.01,1.87,-0.33
2026-02-26T22:20:00.000,2.87,89.84,0.01,2.87
2026-02-26T22:30:00.000,1.24,71.8,0.39,1.17
2026-02-26T22:40:00.000,2.95,245.69,-1.22,-2.69
2026-02-26T22:50:00.000,3.7,255.68,-0.92,-3.59
2026-02-26T23:00:00.000,4.03,224.03,-2.9,-2.8
2026-02-26T23:10:00.000,4.06,251.51,-1.29,-3.85
2026-02-26T23:20:00.000,2.64,289.88,0.9,-2.49
2026-02-26T23:30:00.000,2.26,330.39,1.96,-1.12
2026-02-26T23:40:00.000,2.34,358.21,2.34,-0.07
2026-02-26T23:50:00.000,5.16,19.6,4.86,1.73
2026-02-27T00:00:00.000,3.53,14.06,3.43,0.86
2026-02-27T00:10:00.000,0.37,296,0.16,-0.33
2026-02-27T00:20:00.000,2.33,339.79,2.19,-0.81
2026-02-27T00:30:00.000,0.93,300.36,0.47,-0.8
2026-02-27T00:40:00.000,2.95,314.27,2.06,-2.11
2026-02-27T00:50:00.000,1.53,273.98,0.11,-1.53
2026-02-27T01:00:00.000,2.16,211.45,-1.84,-1.13
2026-02-27T01:10:00.000,0.96,193.49,-0.94,-0.22
2026-02-27T01:20:00.000,0.07,310.57,0.05,-0.05
2026-02-27T01:30:00.000,3.15,52.84,1.9,2.51
2026-02-27T01:40:00.000,1.27,31.41,1.08,0.66
2026-02-27T01:50:00.000,3.15,67.98,1.18,2.92
2026-02-27T02:00:00.000,3.03,301.92,1.6,-2.57
2026-02-27T02:10:00.000,3.35,247.18,-1.3,-3.09
2026-02-27T02:20:00.000,1.79,313.89,1.24,-1.29
2026-02-27T02:30:00.000,2.16,184.68,-2.15,-0.18
2026-02-27T02:40:00.000,1.83,160.66,-1.73,0.61
2026-02-27T02:50:00.000,2.6,222.36,-1.92,-1.75
2026-02-27T03:00:00.000,2.83,234.96,-1.63,-2.32
2026-02-27T03:10:00.000,3.12,262.5,-0.41,-3.1
2026-02-27T03:20:00.000,3.63,254.49,-0.97,-3.5
2026-02-27T03:30:00.000,2.99,261.33,-0.45,-2.95
2026-02-27T03:40:00.000,2.29,264.37,-0.22,-2.28
2026-02-27T03:50:00.000,0.65,262.68,-0.08,-0.65
2026-02-27T04:00:00.000,1.02,195.19,-0.98,-0.27
2026-02-27T04:10:00.000,3.74,143.51,-3.01,2.22
2026-02-27T04:20:00.000,2.47,135.02,-1.75,1.75
2026-02-27T04:30:00.000,3.57,114.35,-1.47,3.25
2026-02-27T04:40:00.000,3.91,167.77,-3.82,0.83
2026-02-27T04:50:00.000,3.02,164.94,-2.91,0.78
2026-02-27T05:00:00.000,4.78,171.1,-4.72,0.74
2026-02-27T05:10:00.000,4.26,168.34,-4.18,0.86
2026-02-27T05:20:00.000,4.15,179.2,-4.15,0.06
2026-02-27T05:30:00.000,4.9,186.41,-4.87,-0.55
2026-02-27T05:40:00.000,4.39,192.97,-4.28,-0.99
2026-02-27T05:50:00.000,3.53,227.19,-2.4,-2.59
2026-02-27T06:00:00.000,4.2,152.32,-3.72,1.95
2026-02-27T06:10:00.000,4.35,182.76,-4.34,-0.21
2026-02-27T06:20:00.000,4.48,183.6,-4.47,-0.28
2026-02-27T06:30:00.000,3.8,176.55,-3.8,0.23
2026-02-27T06:40:00.000,4.79,160.58,-4.52,1.59
2026-02-27T06:50:00.000,6.42,169.65,-6.32,1.15
2026-02-27T07:00:00.000,6.26,161.99,-5.95,1.93
2026-02-27T07:10:00.000,6.11,163.61,-5.87,1.73
2026-02-27T07:20:00.000,8.38,153.57,-7.5,3.73
2026-02-27T07:30:00.000,8.35,164.94,-8.07,2.17
2026-02-27T07:40:00.000,6.26,169.58,-6.16,1.13
2026-02-27T07:50:00.000,6.99,175.22,-6.97,0.58
2026-02-27T08:00:00.000,7.89,185.76,-7.85,-0.79
2026-02-27T08:10:00.000,7.37,185.01,-7.34,-0.64
2026-02-27T08:20:00.000,7.17,175.37,-7.15,0.58
2026-02-27T08:30:00.000,7.6,180.89,-7.6,-0.12
2026-02-27T08:40:00.000,7.79,185.39,-7.76,-0.73
2026-02-27T08:50:00.000,8.26,184.89,-8.23,-0.7
2026-02-27T09:00:00.000,7.49,183.81,-7.47,-0.5
2026-02-27T09:10:00.000,8.3,182.01,-8.3,-0.29
2026-02-27T09:20:00.000,7.75,166.62,-7.54,1.79
2026-02-27T09:30:00.000,8.91,185.94,-8.86,-0.92
2026-02-27T09:40:00.000,8.18,185.93,-8.14,-0.85
2026-02-27T09:50:00.000,6.68,173.46,-6.64,0.76
2026-02-27T10:00:00.000,6.83,175.85,-6.82,0.49
2026-02-27T10:10:00.000,9.5,182.71,-9.49,-0.45
2026-02-27T10:20:00.000,9.01,185.38,-8.97,-0.85
2026-02-27T10:30:00.000,7.66,176.43,-7.65,0.48
2026-02-27T10:40:00.000,9.92,192.15,-9.7,-2.09
2026-02-27T10:50:00.000,10.79,191.15,-10.59,-2.09
2026-02-27T11:00:00.000,9.6,193.13,-9.35,-2.18
2026-02-27T11:10:00.000,10.04,187.21,-9.96,-1.26
2026-02-27T11:20:00.000,10.24,186.51,-10.17,-1.16
2026-02-27T11:30:00.000,9.59,191.3,-9.4,-1.88
2026-02-27T11:40:00.000,10.84,191.6,-10.62,-2.18
2026-02-27T11:50:00.000,10.82,188.47,-10.71,-1.59
2026-02-27T12:00:00.000,10.52,183.8,-10.49,-0.7
2026-02-27T12:10:00.000,10.22,182.76,-10.21,-0.49
2026-02-27T12:20:00.000,9.67,175.74,-9.64,0.72
2026-02-27T12:30:00.000,8.26,183.48,-8.25,-0.5
2026-02-27T12:40:00.000,5.8,179.96,-5.8,0
2026-02-27T12:50:00.000,8.41,174.7,-8.38,0.78
2026-02-27T13:00:00.000,5.91,166.06,-5.73,1.42
2026-02-27T13:10:00.000,4.16,184.81,-4.15,-0.35
2026-02-27T13:20:00.000,5.28,161.48,-5,1.68
2026-02-27T13:30:00.000,8.36,179.63,-8.36,0.05
2026-02-27T13:40:00.000,8.65,191.19,-8.48,-1.68
2026-02-27T13:50:00.000,8.08,195.46,-7.79,-2.15
2026-02-27T14:00:00.000,6.02,191.52,-5.9,-1.2
2026-02-27T14:10:00.000,5.39,194.87,-5.21,-1.38
2026-02-27T14:20:00.000,7.51,201.26,-7,-2.72
2026-02-27T14:30:00.000,6.6,191.13,-6.48,-1.27
2026-02-27T14:40:00.000,7.3,195.69,-7.03,-1.97
2026-02-27T14:50:00.000,6.26,190.11,-6.16,-1.1
2026-02-27T15:00:00.000,6.72,191.13,-6.59,-1.3
2026-02-27T15:10:00.000,5.27,192.62,-5.14,-1.15
2026-02-27T15:20:00.000,5.54,182.3,-5.54,-0.22
2026-02-27T15:30:00.000,5.8,193.58,-5.64,-1.36
2026-02-27T15:40:00.000,5.82,192.78,-5.67,-1.29
2026-02-27T15:50:00.000,5.59,193.54,-5.43,-1.31
2026-02-27T16:00:00.000,4.88,176.51,-4.87,0.3
2026-02-27T16:10:00.000,4.03,175.4,-4.01,0.32
2026-02-27T16:20:00.000,3.14,169.25,-3.08,0.59
2026-02-27T16:30:00.000,4.08,170.04,-4.02,0.71
2026-02-27T16:40:00.000,3.55,156.13,-3.25,1.44
2026-02-27T16:50:00.000,2.8,154.38,-2.52,1.21
2026-02-27T17:00:00.000,4.2,138.66,-3.16,2.78
2026-02-27T17:10:00.000,2.48,113.27,-0.98,2.28
2026-02-27T17:20:00.000,2.24,105.13,-0.59,2.16
2026-02-27T17:30:00.000,0.38,230.96,-0.24,-0.3
2026-02-27T17:40:00.000,2.37,189.68,-2.34,-0.4
2026-02-27T17:50:00.000,1.99,194.62,-1.93,-0.5
2026-02-27T18:00:00.000,1.92,180.62,-1.92,-0.02
2026-02-27T18:10:00.000,1.91,150.43,-1.66,0.94
2026-02-27T18:20:00.000,2.26,191.58,-2.21,-0.45
2026-02-27T18:30:00.000,0.72,168.6,-0.7,0.14
2026-02-27T18:40:00.000,2.76,104.67,-0.7,2.67
2026-02-27T18:50:00.000,1.89,62.44,0.88,1.68
2026-02-27T19:00:00.000,2.56,50.96,1.61,1.99
2026-02-27T19:10:00.000,4.63,96.12,-0.49,4.61
2026-02-27T19:20:00.000,0.17,80.85,0.03,0.17
2026-02-27T19:30:00.000,0.34,218.24,-0.27,-0.21
2026-02-27T19:40:00.000,1.74,245.9,-0.71,-1.59
2026-02-27T19:50:00.000,0.3,347.42,0.29,-0.07
2026-02-27T20:00:00.000,0.55,57.49,0.3,0.46
2026-02-27T20:10:00.000,0.44,346.89,0.42,-0.1
2026-02-27T20:20:00.000,0.25,318.81,0.18,-0.16
2026-02-27T20:30:00.000,0.41,312.73,0.28,-0.3
2026-02-27T20:40:00.000,0.48,266.09,-0.03,-0.48
2026-02-27T20:50:00.000,0.32,292.05,0.12,-0.3
2026-02-27T21:00:00.000,0.42,293.01,0.16,-0.39
2026-02-27T21:10:00.000,0.14,42.85,0.1,0.1
2026-02-27T21:20:00.000,0.62,314.47,0.43,-0.44
2026-02-27T21:30:00.000,0.68,218.18,-0.54,-0.42
2026-02-27T21:40:00.000,1.74,295.11,0.74,-1.58
2026-02-27T21:50:00.000,3.55,292.1,1.34,-3.29
2026-02-27T22:00:00.000,4.62,304.06,2.59,-3.83
2026-02-27T22:10:00.000,3.58,306.34,2.12,-2.89
2026-02-27T22:20:00.000,3.84,339.26,3.59,-1.36
2026-02-27T22:30:00.000,2.12,342.29,2.02,-0.64
2026-02-27T22:40:00.000,1.94,214.23,-1.6,-1.09
2026-02-27T22:50:00.000,1.44,53.21,0.86,1.15
2026-02-27T23:00:00.000,3.02,341.37,2.86,-0.96
2026-02-27T23:10:00.000,2.8,138.07,-2.08,1.87
2026-02-27T23:20:00.000,2.28,202.24,-2.11,-0.86
2026-02-27T23:30:00.000,4.05,29.68,3.52,2.01
2026-02-27T23:40:00.000,3.81,31.27,3.25,1.98
2026-02-27T23:50:00.000,0.7,22.28,0.65,0.26
2026-02-28T00:00:00.000,1.71,43.69,1.23,1.18
2026-02-28T00:10:00.000,6.34,155.01,-5.75,2.68
2026-02-28T00:20:00.000,6.17,167.42,-6.02,1.34
2026-02-28T00:30:00.000,7.34,132.46,-4.95,5.41
2026-02-28T00:40:00.000,8.02,149.32,-6.9,4.09
2026-02-28T00:50:00.000,7.65,146.38,-6.37,4.24
2026-02-28T01:00:00.000,7.56,143.45,-6.07,4.5
2026-02-28T01:10:00.000,7.34,144.22,-5.96,4.29
2026-02-28T01:20:00.000,6.5,139.68,-4.95,4.2
2026-02-28T01:30:00.000,4.34,147.59,-3.67,2.33
2026-02-28T01:40:00.000,4.11,141.16,-3.2,2.58
2026-02-28T01:50:00.000,1.76,118.53,-0.84,1.54
2026-02-28T02:00:00.000,0.49,315.05,0.34,-0.34
2026-02-28T02:10:00.000,2.19,259.02,-0.42,-2.15
2026-02-28T02:20:00.000,2.63,217.76,-2.08,-1.61
2026-02-28T02:30:00.000,3.95,211.59,-3.36,-2.07
2026-02-28T02:40:00.000,2.16,154.5,-1.95,0.93
2026-02-28T02:50:00.000,4.34,107.63,-1.31,4.13
2026-02-28T03:00:00.000,3.59,114.76,-1.51,3.26
2026-02-28T03:10:00.000,1.1,162.29,-1.05,0.33
2026-02-28T03:20:00.000,3.46,137.93,-2.57,2.32
2026-02-28T03:30:00.000,4.28,133.74,-2.96,3.09
2026-02-28T03:40:00.000,9.63,143.15,-7.7,5.77
2026-02-28T03:50:00.000,10.14,146.05,-8.41,5.66
2026-02-28T04:00:00.000,7.73,148.81,-6.62,4.01
2026-02-28T04:10:00.000,8.39,155.38,-7.63,3.5
2026-02-28T04:20:00.000,8.85,151.72,-7.79,4.19
2026-02-28T04:30:00.000,6.74,159.72,-6.32,2.34
2026-02-28T04:40:00.000,7.32,158.02,-6.79,2.74
2026-02-28T04:50:00.000,8.99,165.93,-8.72,2.18
2026-02-28T05:00:00.000,7.72,159.22,-7.22,2.74
2026-02-28T05:10:00.000,6.93,164,-6.66,1.91
2026-02-28T05:20:00.000,4.49,134.43,-3.14,3.2
2026-02-28T05:30:00.000,4.51,121.47,-2.36,3.85
2026-02-28T05:40:00.000,3.84,54.15,2.25,3.11
2026-02-28T05:50:00.000,4.5,143.16,-3.6,2.7
2026-02-28T06:00:00.000,5.16,163.41,-4.94,1.47
2026-02-28T06:10:00.000,6.06,156.03,-5.53,2.46
2026-02-28T06:20:00.000,6.09,155.68,-5.55,2.51
2026-02-28T06:30:00.000,6.39,182.75,-6.39,-0.31
2026-02-28T06:40:00.000,6.86,193.55,-6.67,-1.61
2026-02-28T06:50:00.000,5.27,217.86,-4.16,-3.23
2026-02-28T07:00:00.000,4.28,229.23,-2.8,-3.24
2026-02-28T07:10:00.000,1.91,202.24,-1.77,-0.72
2026-02-28T07:20:00.000,3.29,206.11,-2.95,-1.45
2026-02-28T07:30:00.000,6.72,155.62,-6.12,2.77
2026-02-28T07:40:00.000,4.8,176.16,-4.78,0.32
2026-02-28T07:50:00.000,8.57,157.33,-7.9,3.3
2026-02-28T08:00:00.000,5.85,158.49,-5.44,2.14
2026-02-28T08:10:00.000,6.86,150.31,-5.96,3.4
2026-02-28T08:20:00.000,4.11,118.59,-1.97,3.61
2026-02-28T08:30:00.000,2.55,146.59,-2.13,1.41
2026-02-28T08:40:00.000,4.74,155.3,-4.3,1.98
2026-02-28T08:50:00.000,5.75,151.51,-5.05,2.74
2026-02-28T09:00:00.000,5,161.13,-4.73,1.62
2026-02-28T09:10:00.000,6.08,161.38,-5.76,1.94
2026-02-28T09:20:00.000,6.09,157.45,-5.62,2.33
2026-02-28T09:30:00.000,5.19,152.65,-4.61,2.39
2026-02-28T09:40:00.000,4.22,174.83,-4.2,0.38
2026-02-28T09:50:00.000,6.85,143.44,-5.5,4.08
2026-02-28T10:00:00.000,8.49,154.18,-7.64,3.7
2026-02-28T10:10:00.000,8.88,150.31,-7.71,4.4
2026-02-28T10:20:00.000,8.4,157.21,-7.74,3.25
2026-02-28T10:30:00.000,7.1,153.93,-6.37,3.12
2026-02-28T10:40:00.000,8.55,151.74,-7.53,4.05
2026-02-28T10:50:00.000,7.49,170.59,-7.39,1.23
2026-02-28T11:00:00.000,7.72,167.28,-7.53,1.7
2026-02-28T11:10:00.000,7.08,182.1,-7.08,-0.26
2026-02-28T11:20:00.000,6.55,182.66,-6.54,-0.3
2026-02-28T11:30:00.000,6.3,208.62,-5.53,-3.02
2026-02-28T11:40:00.000,8.22,190.74,-8.08,-1.53
2026-02-28T11:50:00.000,7.12,196.3,-6.83,-2
2026-02-28T12:00:00.000,6.5,202.1,-6.03,-2.45
2026-02-28T12:10:00.000,5.17,207.25,-4.6,-2.37
2026-02-28T12:20:00.000,6.48,221.14,-4.88,-4.26
2026-02-28T12:30:00.000,6.21,210.19,-5.37,-3.12
2026-02-28T12:40:00.000,6.63,206.42,-5.94,-2.95
2026-02-28T12:50:00.000,6.91,211.04,-5.92,-3.56
2026-02-28T13:00:00.000,7.07,213.89,-5.87,-3.94
2026-02-28T13:10:00.000,6.26,214.33,-5.17,-3.53
2026-02-28T13:20:00.000,6.29,219.69,-4.84,-4.02
2026-02-28T13:30:00.000,4.72,223.48,-3.43,-3.25
2026-02-28T13:40:00.000,3.86,212.47,-3.25,-2.07
2026-02-28T13:50:00.000,3.11,192.38,-3.04,-0.67
2026-02-28T14:00:00.000,2.19,183.37,-2.18,-0.13
2026-02-28T14:10:00.000,2.34,178.51,-2.34,0.06
2026-02-28T14:20:00.000,2.82,163.58,-2.7,0.8
2026-02-28T14:30:00.000,2.7,157.92,-2.5,1.02
2026-02-28T14:40:00.000,0.64,199.76,-0.61,-0.22
2026-02-28T14:50:00.000,1.23,111.32,-0.45,1.15
2026-02-28T15:00:00.000,1.8,122.99,-0.98,1.51
2026-02-28T15:10:00.000,0.44,199.99,-0.41,-0.15
2026-02-28T15:20:00.000,0.27,115.89,-0.12,0.24
2026-02-28T15:30:00.000,3.51,83.55,0.39,3.49
2026-02-28T15:40:00.000,2.55,81.28,0.39,2.52
2026-02-28T15:50:00.000,2.59,46.84,1.77,1.89
2026-02-28T16:00:00.000,5.82,79.09,1.1,5.72
2026-02-28T16:10:00.000,4.33,93.34,-0.25,4.33
2026-02-28T16:20:00.000,3.8,58.2,2,3.23
2026-02-28T16:30:00.000,6.08,62.54,2.8,5.39
2026-02-28T16:40:00.000,3.35,72.35,1.02,3.19
2026-02-28T16:50:00.000,3.48,80.19,0.59,3.43
2026-02-28T17:00:00.000,2.63,73.65,0.74,2.52
2026-02-28T17:10:00.000,2.59,144.58,-2.11,1.5
2026-02-28T17:20:00.000,4.61,71.8,1.44,4.38
2026-02-28T17:30:00.000,4.97,70.93,1.62,4.7
2026-02-28T17:40:00.000,3.21,131.42,-2.13,2.41
2026-02-28T17:50:00.000,4.61,63.37,2.07,4.12
2026-02-28T18:00:00.000,3.09,65.47,1.28,2.81
2026-02-28T18:10:00.000,2.57,99.67,-0.43,2.53
2026-02-28T18:20:00.000,2.49,96.01,-0.26,2.47
2026-02-28T18:30:00.000,1.98,33.87,1.64,1.1
2026-02-28T18:40:00.000,0.39,236.78,-0.21,-0.33
2026-02-28T18:50:00.000,0.77,63.18,0.35,0.69
2026-02-28T19:00:00.000,0.26,313.93,0.18,-0.19
2026-02-28T19:10:00.000,1.34,114.82,-0.56,1.21
2026-02-28T19:20:00.000,1.95,104.13,-0.48,1.89
2026-02-28T19:30:00.000,2.49,79.8,0.44,2.45
2026-02-28T19:40:00.000,1.26,126.24,-0.75,1.02
2026-02-28T19:50:00.000,1.02,111.64,-0.38,0.95
2026-02-28T20:00:00.000,2.15,108.2,-0.67,2.05
2026-02-28T20:10:00.000,5.82,64.18,2.53,5.24
2026-02-28T20:20:00.000,2.07,75.24,0.53,2.01
2026-02-28T20:30:00.000,3.46,77.44,0.75,3.38
2026-02-28T20:40:00.000,2.27,46.98,1.55,1.66
2026-02-28T20:50:00.000,1.39,66.93,0.55,1.28
2026-02-28T21:00:00.000,2.28,89.77,0.01,2.28
2026-02-28T21:10:00.000,0.24,300.26,0.12,-0.2
2026-02-28T21:20:00.000,1.96,102.65,-0.43,1.91
2026-02-28T21:30:00.000,2.12,82.99,0.26,2.11
2026-02-28T21:40:00.000,0.14,358.25,0.14,0
2026-02-28T21:50:00.000,0.19,93.47,-0.01,0.19
2026-02-28T22:00:00.000,0.44,312.18,0.29,-0.33
2026-02-28T22:10:00.000,1.02,67.01,0.4,0.94
2026-02-28T22:20:00.000,3.36,41.95,2.5,2.24
2026-02-28T22:30:00.000,2.33,14.5,2.25,0.58
2026-02-28T22:40:00.000,1.39,318.71,1.04,-0.91
2026-02-28T22:50:00.000,0.59,281.76,0.12,-0.58
2026-02-28T23:00:00.000,0.45,295.16,0.19,-0.41
2026-02-28T23:10:00.000,0.83,303.91,0.47,-0.69
2026-02-28T23:20:00.000,4.8,30.89,4.12,2.46
2026-02-28T23:30:00.000,2.55,20.69,2.39,0.9
2026-02-28T23:40:00.000,2.9,11.15,2.85,0.56
2026-02-28T23:50:00.000,3.5,5.67,3.48,0.35
2026-03-01T00:00:00.000,2.99,357.47,2.99,-0.13
2026-03-01T00:10:00.000,4.26,71.38,1.36,4.04
2026-03-01T00:20:00.000,2.29,55.57,1.3,1.89
2026-03-01T00:30:00.000,2.16,90.55,-0.02,2.16
2026-03-01T00:40:00.000,4.61,113.76,-1.86,4.22
2026-03-01T00:50:00.000,6.65,124.66,-3.78,5.47
2026-03-01T01:00:00.000,5.93,92.7,-0.28,5.93
2026-03-01T01:10:00.000,7.21,99.89,-1.24,7.1
2026-03-01T01:20:00.000,5.65,90.16,-0.02,5.65
2026-03-01T01:30:00.000,5.03,29.16,4.39,2.45
2026-03-01T01:40:00.000,0.91,358.06,0.91,-0.03
2026-03-01T01:50:00.000,4.61,291.99,1.73,-4.27
2026-03-01T02:00:00.000,3.91,307.59,2.38,-3.1
2026-03-01T02:10:00.000,3.09,300.02,1.55,-2.68
2026-03-01T02:20:00.000,1.6,323.09,1.28,-0.96
2026-03-01T02:30:00.000,3.8,272.45,0.16,-3.79
2026-03-01T02:40:00.000,2.36,311.18,1.55,-1.78
2026-03-01T02:50:00.000,0.25,276.58,0.03,-0.25
2026-03-01T03:00:00.000,1.67,350.48,1.65,-0.28
2026-03-01T03:10:00.000,2.74,352.44,2.72,-0.36
2026-03-01T03:20:00.000,2.95,10.76,2.9,0.55
2026-03-01T03:30:00.000,3.67,27.26,3.26,1.68
2026-03-01T03:40:00.000,0.58,315.5,0.41,-0.4
2026-03-01T03:50:00.000,2.61,348.08,2.55,-0.54
2026-03-01T04:00:00.000,3.41,334.78,3.08,-1.45
2026-03-01T04:10:00.000,3.02,333.98,2.71,-1.32
2026-03-01T04:20:00.000,2.41,304.18,1.36,-2
2026-03-01T04:30:00.000,3.48,295.19,1.48,-3.15
2026-03-01T04:40:00.000,1.66,263.56,-0.19,-1.65
2026-03-01T04:50:00.000,1.86,301.35,0.97,-1.58
2026-03-01T05:00:00.000,4.5,125.25,-2.6,3.68
2026-03-01T05:10:00.000,3.76,157.39,-3.47,1.45
2026-03-01T05:20:00.000,4.22,146.41,-3.52,2.34
2026-03-01T05:30:00.000,3.93,73.67,1.1,3.77
2026-03-01T05:40:00.000,3.26,64.32,1.41,2.94
2026-03-01T05:50:00.000,3.35,346.67,3.26,-0.77
2026-03-01T06:00:00.000,1.91,279.08,0.3,-1.88
2026-03-01T06:10:00.000,5.4,55.63,3.05,4.46
2026-03-01T06:20:00.000,8.25,105.45,-2.2,7.95
2026-03-01T06:30:00.000,10.02,113.98,-4.07,9.15
2026-03-01T06:40:00.000,4.3,99.7,-0.72,4.23
2026-03-01T06:50:00.000,5.49,100.93,-1.04,5.4
2026-03-01T07:00:00.000,3.44,117.19,-1.57,3.06
2026-03-01T07:10:00.000,6.39,120.24,-3.22,5.52
2026-03-01T07:20:00.000,10.02,126.34,-5.94,8.07
2026-03-01T07:30:00.000,10.13,143.31,-8.12,6.05
2026-03-01T07:40:00.000,9.3,155.78,-8.48,3.81
2026-03-01T07:50:00.000,5.56,156.32,-5.09,2.23
2026-03-01T08:00:00.000,10.47,164.98,-10.11,2.71
2026-03-01T08:10:00.000,7.93,178.52,-7.93,0.2
2026-03-01T08:20:00.000,10.23,156.64,-9.39,4.06
2026-03-01T08:30:00.000,8.1,166.25,-7.87,1.93
2026-03-01T08:40:00.000,7.89,180,-7.89,0
2026-03-01T08:50:00.000,5.66,161.17,-5.36,1.83
2026-03-01T09:00:00.000,7.66,158.51,-7.12,2.8
2026-03-01T09:10:00.000,6.17,171.94,-6.11,0.86
2026-03-01T09:20:00.000,6.73,169.26,-6.61,1.25
2026-03-01T09:30:00.000,7.48,177.17,-7.47,0.37
2026-03-01T09:40:00.000,6.27,183.99,-6.26,-0.44
2026-03-01T09:50:00.000,8.94,167.87,-8.74,1.88
2026-03-01T10:00:00.000,10,158.54,-9.31,3.66
2026-03-01T10:10:00.000,9.19,154.41,-8.29,3.97
2026-03-01T10:20:00.000,9.16,154.33,-8.25,3.97
2026-03-01T10:30:00.000,5.89,159.93,-5.53,2.02
2026-03-01T10:40:00.000,5.71,159.42,-5.35,2.01
2026-03-01T10:50:00.000,7.06,160.02,-6.64,2.41
2026-03-01T11:00:00.000,9.09,160.22,-8.55,3.07
2026-03-01T11:10:00.000,7.15,159.92,-6.72,2.46
2026-03-01T11:20:00.000,7.54,169.62,-7.42,1.36
2026-03-01T11:30:00.000,7.3,160.36,-6.88,2.45
2026-03-01T11:40:00.000,3.74,162.65,-3.57,1.11
2026-03-01T11:50:00.000,6.3,159.86,-5.91,2.17
2026-03-01T12:00:00.000,4.12,155.29,-3.74,1.72
2026-03-01T12:10:00.000,2.95,118.18,-1.39,2.6
2026-03-01T12:20:00.000,2.68,153.97,-2.41,1.18
2026-03-01T12:30:00.000,1.89,95.89,-0.19,1.88
2026-03-01T12:40:00.000,0.38,95.87,-0.04,0.38
2026-03-01T12:50:00.000,2.15,107.35,-0.64,2.05
2026-03-01T13:00:00.000,2.98,60.97,1.45,2.61
2026-03-01T13:10:00.000,2.93,34.27,2.42,1.65
2026-03-01T13:20:00.000,1.82,64.71,0.78,1.64
2026-03-01T13:30:00.000,1.6,66.33,0.64,1.47
2026-03-01T13:40:00.000,0.44,291.82,0.16,-0.41
2026-03-01T13:50:00.000,2,4.46,1.99,0.16
2026-03-01T14:00:00.000,2.24,348.03,2.19,-0.46
2026-03-01T14:10:00.000,2.29,348.14,2.24,-0.47
2026-03-01T14:20:00.000,2.34,7.44,2.32,0.3
2026-03-01T14:30:00.000,1.24,343.07,1.18,-0.36
2026-03-01T14:40:00.000,1.53,342.17,1.46,-0.47
2026-03-01T14:50:00.000,0.71,309.38,0.45,-0.55
2026-03-01T15:00:00.000,0.93,322.87,0.74,-0.56
2026-03-01T15:10:00.000,1.11,336.5,1.02,-0.44
2026-03-01T15:20:00.000,0.73,340.21,0.68,-0.25
2026-03-01T15:30:00.000,0.63,316.19,0.45,-0.44
2026-03-01T15:40:00.000,1.86,29.6,1.62,0.92
2026-03-01T15:50:00.000,1.7,60.78,0.83,1.48
2026-03-01T16:00:00.000,1.49,51.61,0.93,1.17
2026-03-01T16:10:00.000,1.92,92.51,-0.08,1.92
2026-03-01T16:20:00.000,0.29,359.83,0.29,0
2026-03-01T16:30:00.000,1.76,55.04,1.01,1.45
2026-03-01T16:40:00.000,1.54,40.85,1.16,1
2026-03-01T16:50:00.000,1.79,67.11,0.7,1.65
2026-03-01T17:00:00.000,0.79,77.82,0.17,0.77
2026-03-01T17:10:00.000,0.61,53.48,0.37,0.49
2026-03-01T17:20:00.000,0.47,0.33,0.47,0
2026-03-01T17:30:00.000,2.81,72.58,0.84,2.68
2026-03-01T17:40:00.000,3.01,55.7,1.7,2.49
2026-03-01T17:50:00.000,5.53,101.95,-1.15,5.41
2026-03-01T18:00:00.000,4.81,110.38,-1.67,4.51
2026-03-01T18:10:00.000,3.55,109.79,-1.2,3.34
2026-03-01T18:20:00.000,0.41,39.6,0.31,0.26
2026-03-01T18:30:00.000,1.84,87.88,0.07,1.84
2026-03-01T18:40:00.000,5.7,100.67,-1.05,5.6
2026-03-01T18:50:00.000,3.54,97.4,-0.46,3.51
2026-03-01T19:00:00.000,1.78,59.5,0.91,1.54
2026-03-01T19:10:00.000,2.81,147.52,-2.37,1.51
2026-03-01T19:20:00.000,3,96.44,-0.34,2.98
2026-03-01T19:30:00.000,0.24,63.17,0.11,0.21
2026-03-01T19:40:00.000,1.31,70.23,0.44,1.24
2026-03-01T19:50:00.000,1.8,128.64,-1.13,1.41
2026-03-01T20:00:00.000,7.58,125.66,-4.42,6.16
2026-03-01T20:10:00.000,3.95,135.75,-2.83,2.76
2026-03-01T20:20:00.000,1.28,144.02,-1.03,0.75
2026-03-01T20:30:00.000,0.43,291.5,0.16,-0.4
2026-03-01T20:40:00.000,0.59,270.1,0,-0.59
2026-03-01T20:50:00.000,0.29,326.8,0.24,-0.16
2026-03-01T21:00:00.000,0.71,277.21,0.09,-0.7
2026-03-01T21:10:00.000,1.97,290.55,0.69,-1.85
2026-03-01T21:20:00.000,0.72,292.53,0.28,-0.67
2026-03-01T21:30:00.000,0.79,322.13,0.62,-0.49
2026-03-01T21:40:00.000,1.71,4.25,1.71,0.13
2026-03-01T21:50:00.000,1.8,17.41,1.71,0.54
2026-03-01T22:00:00.000,3.09,52.41,1.89,2.45
2026-03-01T22:10:00.000,1.65,266.96,-0.09,-1.64
2026-03-01T22:20:00.000,2.41,12.1,2.36,0.51
2026-03-01T22:30:00.000,0.93,314.41,0.65,-0.66
2026-03-01T22:40:00.000,2.36,3.62,2.35,0.15
2026-03-01T22:50:00.000,7.7,323.23,6.17,-4.61
2026-03-01T23:00:00.000,9.66,63.97,4.24,8.68
2026-03-01T23:10:00.000,5.86,63.37,2.63,5.24
2026-03-01T23:20:00.000,5.33,76.87,1.21,5.19
2026-03-01T23:30:00.000,3.3,132.09,-2.21,2.45
2026-03-01T23:40:00.000,5.56,128.97,-3.49,4.32
2026-03-01T23:50:00.000,3.34,191.49,-3.27,-0.67
2026-03-02T00:00:00.000,2.8,173.55,-2.78,0.31
2026-03-02T00:10:00.000,1.92,147.01,-1.61,1.04
2026-03-02T00:20:00.000,3.59,110.11,-1.23,3.37
2026-03-02T00:30:00.000,3.8,123.92,-2.12,3.16
2026-03-02T00:40:00.000,3.67,145.26,-3.02,2.09
2026-03-02T00:50:00.000,2.83,139.31,-2.14,1.84
2026-03-02T01:00:00.000,4.82,121.56,-2.52,4.11
2026-03-02T01:10:00.000,5.77,100.58,-1.06,5.68
2026-03-02T01:20:00.000,7.52,98.64,-1.13,7.44
2026-03-02T01:30:00.000,7.47,126.85,-4.48,5.98
2026-03-02T01:40:00.000,11.84,122.71,-6.4,9.96
2026-03-02T01:50:00.000,10.56,133.81,-7.31,7.62
2026-03-02T02:00:00.000,9.77,134.69,-6.87,6.94
2026-03-02T02:10:00.000,9.33,134.91,-6.59,6.61
2026-03-02T02:20:00.000,10.12,140.9,-7.86,6.38
2026-03-02T02:30:00.000,6.4,103.2,-1.46,6.23
2026-03-02T02:40:00.000,3.01,107.32,-0.9,2.88
2026-03-02T02:50:00.000,8.55,122.34,-4.57,7.23
2026-03-02T03:00:00.000,3.58,145.15,-2.93,2.04
2026-03-02T03:10:00.000,4.2,144.5,-3.42,2.44
2026-03-02T03:20:00.000,2.84,182.3,-2.83,-0.11
2026-03-02T03:30:00.000,8.24,200.95,-7.69,-2.95
2026-03-02T03:40:00.000,4.94,170.9,-4.88,0.78
2026-03-02T03:50:00.000,5.37,195.89,-5.16,-1.47
2026-03-02T04:00:00.000,6.5,180.56,-6.5,-0.06
2026-03-02T04:10:00.000,5.19,176.85,-5.19,0.29
2026-03-02T04:20:00.000,4.5,164.43,-4.34,1.21
2026-03-02T04:30:00.000,7.19,184.05,-7.17,-0.51
2026-03-02T04:40:00.000,8.33,196.64,-7.98,-2.39
2026-03-02T04:50:00.000,10.11,201.4,-9.41,-3.69
2026-03-02T05:00:00.000,9.82,200.09,-9.23,-3.37
2026-03-02T05:10:00.000,9.08,199.24,-8.57,-2.99
2026-03-02T05:20:00.000,9.45,201.62,-8.79,-3.48
2026-03-02T05:30:00.000,8.91,203.83,-8.15,-3.6
2026-03-02T05:40:00.000,8.95,197.04,-8.56,-2.62
2026-03-02T05:50:00.000,10.09,195.55,-9.72,-2.71
2026-03-02T06:00:00.000,8.16,200.26,-7.65,-2.82
2026-03-02T06:10:00.000,7.44,205.3,-6.73,-3.18
2026-03-02T06:20:00.000,6.65,199.26,-6.28,-2.19
2026-03-02T06:30:00.000,5.31,204.81,-4.82,-2.23
2026-03-02T06:40:00.000,5.37,210.3,-4.63,-2.71
2026-03-02T06:50:00.000,7.74,209.29,-6.75,-3.78
2026-03-02T07:00:00.000,6.01,199.9,-5.65,-2.05
2026-03-02T07:10:00.000,5.9,195.39,-5.69,-1.57
2026-03-02T07:20:00.000,6.17,190.02,-6.08,-1.07
2026-03-02T07:30:00.000,7.86,184.49,-7.83,-0.61
2026-03-02T07:40:00.000,8.41,173.15,-8.35,1
2026-03-02T07:50:00.000,4.46,166.84,-4.35,1.02
2026-03-02T08:00:00.000,4.04,156.48,-3.7,1.61
2026-03-02T08:10:00.000,5.78,190.13,-5.69,-1.02
2026-03-02T08:20:00.000,8.31,162.56,-7.93,2.49
2026-03-02T08:30:00.000,7.45,168.94,-7.32,1.43
2026-03-02T08:40:00.000,2.35,215.08,-1.92,-1.35
2026-03-02T08:50:00.000,4.62,170.63,-4.56,0.75
2026-03-02T09:00:00.000,3.78,138.55,-2.84,2.5
2026-03-02T09:10:00.000,3.79,121.03,-1.95,3.25
2026-03-02T09:20:00.000,5.09,165.51,-4.93,1.27
2026-03-02T09:30:00.000,5.24,170.51,-5.17,0.86
2026-03-02T09:40:00.000,3.57,206.26,-3.2,-1.58
2026-03-02T09:50:00.000,0.85,249.32,-0.3,-0.8
2026-03-02T10:00:00.000,3.43,194.49,-3.32,-0.86
2026-03-02T10:10:00.000,5.13,194.51,-4.96,-1.28
2026-03-02T10:20:00.000,3.05,158.61,-2.84,1.11
2026-03-02T10:30:00.000,3.12,205.39,-2.82,-1.34
2026-03-02T10:40:00.000,3.7,205.93,-3.33,-1.62
2026-03-02T10:50:00.000,4.72,204.71,-4.29,-1.97
2026-03-02T11:00:00.000,2.4,184.99,-2.39,-0.21
2026-03-02T11:10:00.000,4.26,198.58,-4.04,-1.36
2026-03-02T11:20:00.000,3.41,220.54,-2.59,-2.21
2026-03-02T11:30:00.000,3.22,216.24,-2.6,-1.9
2026-03-02T11:40:00.000,1.67,246.79,-0.66,-1.53
2026-03-02T11:50:00.000,2.65,252.67,-0.79,-2.53
2026-03-02T12:00:00.000,1.3,278.88,0.2,-1.28
2026-03-02T12:10:00.000,0.62,292.32,0.24,-0.58
2026-03-02T12:20:00.000,0.55,285.97,0.15,-0.53
2026-03-02T12:30:00.000,0.5,293.75,0.2,-0.46
2026-03-02T12:40:00.000,0.4,349.85,0.39,-0.07
2026-03-02T12:50:00.000,1.22,4.44,1.22,0.09
2026-03-02T13:00:00.000,1.14,347.4,1.11,-0.25
2026-03-02T13:10:00.000,0.71,23.27,0.65,0.28
2026-03-02T13:20:00.000,0.8,328.91,0.69,-0.42
2026-03-02T13:30:00.000,2.49,357.6,2.49,-0.1
2026-03-02T13:40:00.000,1.95,338.15,1.81,-0.73
2026-03-02T13:50:00.000,1.4,12.8,1.37,0.31
2026-03-02T14:00:00.000,0.76,18.25,0.72,0.24
2026-03-02T14:10:00.000,0.92,316.02,0.66,-0.64
2026-03-02T14:20:00.000,2.04,357.99,2.04,-0.07
2026-03-02T14:30:00.000,3.22,8.46,3.19,0.47
2026-03-02T14:40:00.000,2.53,350.9,2.49,-0.4
2026-03-02T14:50:00.000,1.88,352.84,1.87,-0.23
2026-03-02T15:00:00.000,2.1,17.18,2,0.62
2026-03-02T15:10:00.000,0.74,323.85,0.6,-0.44
2026-03-02T15:20:00.000,2.43,9.69,2.4,0.41
2026-03-02T15:30:00.000,0.37,318.2,0.27,-0.25
2026-03-02T15:40:00.000,0.29,78.24,0.06,0.29
2026-03-02T15:50:00.000,2.31,45.66,1.61,1.65
2026-03-02T16:00:00.000,0.77,40.87,0.58,0.5
2026-03-02T16:10:00.000,2.08,32.08,1.76,1.1
2026-03-02T16:20:00.000,2.08,7.58,2.06,0.27
2026-03-02T16:30:00.000,3.68,67.2,1.42,3.39
2026-03-02T16:40:00.000,3.91,60.76,1.91,3.41
2026-03-02T16:50:00.000,2.97,31.13,2.54,1.54
2026-03-02T17:00:00.000,3.34,24.55,3.04,1.39
2026-03-02T17:10:00.000,0.37,2.01,0.37,0.01
2026-03-02T17:20:00.000,2.74,357.7,2.74,-0.11
2026-03-02T17:30:00.000,2.5,21.38,2.33,0.91
2026-03-02T17:40:00.000,1.04,336.46,0.95,-0.42
2026-03-02T17:50:00.000,4.08,1.39,4.08,0.1
2026-03-02T18:00:00.000,3.92,357.08,3.91,-0.2
2026-03-02T18:10:00.000,3.38,66.95,1.33,3.11
2026-03-02T18:20:00.000,2.99,321.45,2.34,-1.86
2026-03-02T18:30:00.000,3.49,43.61,2.53,2.41
2026-03-02T18:40:00.000,4.48,59.01,2.31,3.84
2026-03-02T18:50:00.000,10.39,134.77,-7.31,7.37
2026-03-02T19:00:00.000,3.64,99.91,-0.63,3.58
2026-03-02T19:10:00.000,2.09,249.52,-0.73,-1.96
2026-03-02T19:20:00.000,3.24,97.72,-0.44,3.21
2026-03-02T19:30:00.000,5.35,103.27,-1.23,5.21
2026-03-02T19:40:00.000,9.03,99.96,-1.56,8.89
2026-03-02T19:50:00.000,9.9,102.59,-2.16,9.67
2026-03-02T20:00:00.000,4.65,35.26,3.8,2.68
2026-03-02T20:10:00.000,4.31,4.55,4.3,0.34
2026-03-02T20:20:00.000,4.67,23.09,4.3,1.83
2026-03-02T20:30:00.000,3.97,16.56,3.81,1.13
2026-03-02T20:40:00.000,4.3,57.7,2.3,3.63
2026-03-02T20:50:00.000,2.08,64.33,0.9,1.87
2026-03-02T21:00:00.000,1.5,18.74,1.43,0.48
2026-03-02T21:10:00.000,3.97,74.85,1.04,3.83
2026-03-02T21:20:00.000,7.18,106.82,-2.08,6.87
2026-03-02T21:30:00.000,2.89,176.19,-2.89,0.19
2026-03-02T21:40:00.000,6.52,117.86,-3.05,5.77
2026-03-02T21:50:00.000,3.51,131.65,-2.33,2.62
2026-03-02T22:00:00.000,0.25,99.92,-0.04,0.25
2026-03-02T22:10:00.000,1.45,8.81,1.43,0.22
2026-03-02T22:20:00.000,0.37,289.15,0.12,-0.35
2026-03-02T22:30:00.000,1.52,200.98,-1.42,-0.55
2026-03-02T22:40:00.000,1.88,141.33,-1.47,1.17
2026-03-02T22:50:00.000,4.19,180.03,-4.19,0
2026-03-02T23:00:00.000,3.33,187.42,-3.3,-0.43
2026-03-02T23:10:00.000,2.44,316.3,1.77,-1.69
2026-03-02T23:20:00.000,1.74,340.22,1.64,-0.59
2026-03-02T23:30:00.000,3.27,84.6,0.31,3.26
2026-03-02T23:40:00.000,5.05,114.43,-2.09,4.6
2026-03-02T23:50:00.000,5.95,125.23,-3.43,4.86
2026-03-03T00:00:00.000,5.95,148.66,-5.08,3.1
2026-03-03T00:10:00.000,8.06,83.08,0.97,8
2026-03-03T00:20:00.000,7.35,25.37,6.64,3.15
2026-03-03T00:30:00.000,5.52,16.38,5.29,1.56
2026-03-03T00:40:00.000,0.25,122.79,-0.14,0.21
2026-03-03T00:50:00.000,4.56,173.37,-4.53,0.53
2026-03-03T01:00:00.000,5.2,158.84,-4.85,1.88
2026-03-03T01:10:00.000,4.55,171.42,-4.5,0.68
2026-03-03T01:20:00.000,6.23,148.69,-5.33,3.24
2026-03-03T01:30:00.000,5.61,148.11,-4.76,2.96
2026-03-03T01:40:00.000,8.65,144.88,-7.07,4.98
2026-03-03T01:50:00.000,10.83,151.31,-9.5,5.2
2026-03-03T02:00:00.000,8.56,150.44,-7.45,4.22
2026-03-03T02:10:00.000,6.88,150.22,-5.97,3.42
2026-03-03T02:20:00.000,10.95,138.93,-8.26,7.19
2026-03-03T02:30:00.000,10.96,139.85,-8.38,7.07
2026-03-03T02:40:00.000,9.81,147.95,-8.31,5.2
2026-03-03T02:50:00.000,8.46,141.05,-6.58,5.32
2026-03-03T03:00:00.000,9.33,146.19,-7.75,5.19
2026-03-03T03:10:00.000,8.7,143.26,-6.97,5.2
2026-03-03T03:20:00.000,3.16,160.58,-2.98,1.05
2026-03-03T03:30:00.000,5.2,189.36,-5.13,-0.85
2026-03-03T03:40:00.000,3.5,176.26,-3.5,0.23
2026-03-03T03:50:00.000,6.36,168.32,-6.23,1.29
2026-03-03T04:00:00.000,5.25,191.82,-5.14,-1.07
2026-03-03T04:10:00.000,9.49,181.44,-9.49,-0.24
2026-03-03T04:20:00.000,11.5,181.49,-11.49,-0.3
2026-03-03T04:30:00.000,10.87,182.41,-10.86,-0.46
2026-03-03T04:40:00.000,8.64,188.29,-8.55,-1.25
2026-03-03T04:50:00.000,8.34,185.27,-8.31,-0.77
2026-03-03T05:00:00.000,9.5,193.99,-9.22,-2.3
2026-03-03T05:10:00.000,9.29,194.69,-8.99,-2.36
2026-03-03T05:20:00.000,7.85,191.56,-7.69,-1.57
2026-03-03T05:30:00.000,8.48,196.97,-8.11,-2.47
2026-03-03T05:40:00.000,8.76,194.32,-8.49,-2.17
2026-03-03T05:50:00.000,9.38,197.67,-8.94,-2.85
2026-03-03T06:00:00.000,8.86,200.33,-8.31,-3.08
2026-03-03T06:10:00.000,7.64,195.12,-7.38,-1.99
2026-03-03T06:20:00.000,2.43,168.97,-2.38,0.46
2026-03-03T06:30:00.000,2.63,153.61,-2.35,1.17
2026-03-03T06:40:00.000,2.14,209.86,-1.86,-1.07
2026-03-03T06:50:00.000,4.39,190.61,-4.32,-0.81
2026-03-03T07:00:00.000,3.16,206.43,-2.83,-1.41
2026-03-03T07:10:00.000,4.16,197.21,-3.98,-1.23
2026-03-03T07:20:00.000,4.07,199.5,-3.84,-1.36
2026-03-03T07:30:00.000,5.57,152.62,-4.94,2.56
2026-03-03T07:40:00.000,8.21,158.7,-7.65,2.98
2026-03-03T07:50:00.000,6.21,163.38,-5.95,1.78
2026-03-03T08:00:00.000,6.99,175.07,-6.97,0.6
2026-03-03T08:10:00.000,4.3,185.88,-4.27,-0.44
2026-03-03T08:20:00.000,3.65,142.82,-2.91,2.21
2026-03-03T08:30:00.000,5.05,150.42,-4.39,2.49
2026-03-03T08:40:00.000,1.51,323.78,1.22,-0.89
2026-03-03T08:50:00.000,4.08,74.66,1.08,3.93
2026-03-03T09:00:00.000,3.24,347.46,3.16,-0.7
2026-03-03T09:10:00.000,1.62,354.41,1.61,-0.16
2026-03-03T09:20:00.000,4.15,62.61,1.91,3.69
2026-03-03T09:30:00.000,3.96,83.79,0.43,3.94
2026-03-03T09:40:00.000,4.28,151.2,-3.75,2.06
2026-03-03T09:50:00.000,3.43,180.44,-3.43,-0.03
2026-03-03T10:00:00.000,1.78,193.71,-1.73,-0.42
2026-03-03T10:10:00.000,0.11,289.86,0.04,-0.1
2026-03-03T10:20:00.000,2.38,144.95,-1.95,1.37
2026-03-03T10:30:00.000,2.28,111.63,-0.84,2.12
2026-03-03T10:40:00.000,3.81,134.32,-2.66,2.73
2026-03-03T10:50:00.000,5.54,91.24,-0.12,5.53
2026-03-03T11:00:00.000,2.35,135.49,-1.68,1.65
2026-03-03T11:10:00.000,2.17,160.09,-2.04,0.74
2026-03-03T11:20:00.000,3.65,77.92,0.76,3.57
2026-03-03T11:30:00.000,2.83,101.65,-0.57,2.77
2026-03-03T11:40:00.000,3.46,56.7,1.9,2.89
2026-03-03T11:50:00.000,4.95,69.69,1.72,4.65
2026-03-03T12:00:00.000,7.01,58.44,3.67,5.98
2026-03-03T12:10:00.000,4.72,93.1,-0.26,4.71
2026-03-03T12:20:00.000,5.03,94.83,-0.42,5.01
2026-03-03T12:30:00.000,4.96,65.83,2.03,4.53
2026-03-03T12:40:00.000,4.8,80.81,0.77,4.74
2026-03-03T12:50:00.000,2.28,3.68,2.28,0.15
2026-03-03T13:00:00.000,3.19,354.84,3.18,-0.29
2026-03-03T13:10:00.000,3.47,34.25,2.87,1.95
2026-03-03T13:20:00.000,6.15,20.91,5.74,2.19
2026-03-03T13:30:00.000,3.78,18.91,3.58,1.23
2026-03-03T13:40:00.000,3.07,340.05,2.89,-1.05
2026-03-03T13:50:00.000,0.81,335.48,0.73,-0.33
2026-03-03T14:00:00.000,1.93,89.64,0.01,1.93
2026-03-03T14:10:00.000,3.27,34.38,2.7,1.85
2026-03-03T14:20:00.000,0.34,322.15,0.27,-0.21
2026-03-03T14:30:00.000,0.72,314.82,0.51,-0.51
2026-03-03T14:40:00.000,0.86,214.75,-0.7,-0.49
2026-03-03T14:50:00.000,2.71,140.28,-2.08,1.73
2026-03-03T15:00:00.000,3.01,59.56,1.52,2.59
2026-03-03T15:10:00.000,1.68,105.97,-0.46,1.61
2026-03-03T15:20:00.000,1.37,99.92,-0.24,1.35
2026-03-03T15:30:00.000,0.5,308.57,0.31,-0.39
2026-03-03T15:40:00.000,2.29,86.83,0.13,2.29
2026-03-03T15:50:00.000,2.63,67.2,1.02,2.42
2026-03-03T16:00:00.000,5.29,68.81,1.91,4.93
2026-03-03T16:10:00.000,4.71,70.92,1.54,4.45
2026-03-03T16:20:00.000,7.75,105.48,-2.07,7.47
2026-03-03T16:30:00.000,7.78,92.48,-0.34,7.78
2026-03-03T16:40:00.000,7.23,106.47,-2.05,6.93
2026-03-03T16:50:00.000,5.08,90.86,-0.08,5.08
2026-03-03T17:00:00.000,4.13,81.39,0.62,4.08
2026-03-03T17:10:00.000,4.81,89.97,0,4.81
2026-03-03T17:20:00.000,7.32,84.93,0.65,7.29
2026-03-03T17:30:00.000,5.53,72.16,1.7,5.27
2026-03-03T17:40:00.000,8.2,82.82,1.03,8.14
2026-03-03T17:50:00.000,6.93,116.18,-3.06,6.22
2026-03-03T18:00:00.000,5.4,117.87,-2.53,4.78
2026-03-03T18:10:00.000,7.99,80.23,1.36,7.87
2026-03-03T18:20:00.000,5.77,86.52,0.35,5.76
2026-03-03T18:30:00.000,3.85,93.5,-0.24,3.85
2026-03-03T18:40:00.000,2.54,82.11,0.35,2.52
2026-03-03T18:50:00.000,3.77,46.83,2.58,2.75
2026-03-03T19:00:00.000,5.04,81.67,0.73,4.99
2026-03-03T19:10:00.000,3.28,39.58,2.53,2.09
2026-03-03T19:20:00.000,3.96,94.26,-0.29,3.95
2026-03-03T19:30:00.000,5.2,87.46,0.23,5.19
2026-03-03T19:40:00.000,4.54,99.43,-0.74,4.48
2026-03-03T19:50:00.000,1.42,84.59,0.13,1.41
2026-03-03T20:00:00.000,2.49,108.94,-0.81,2.35
2026-03-03T20:10:00.000,2.43,98.65,-0.37,2.41
2026-03-03T20:20:00.000,1.27,58.03,0.67,1.07
2026-03-03T20:30:00.000,1.05,350.38,1.03,-0.18
2026-03-03T20:40:00.000,0.19,179.32,-0.19,0
2026-03-03T20:50:00.000,0.57,138.65,-0.43,0.37
2026-03-03T21:00:00.000,2.14,112.94,-0.83,1.97
2026-03-03T21:10:00.000,2.75,90.95,-0.05,2.75
2026-03-03T21:20:00.000,3.71,79.38,0.68,3.65
2026-03-03T21:30:00.000,3.72,56.09,2.08,3.09
2026-03-03T21:40:00.000,2.87,83.69,0.32,2.85
2026-03-03T21:50:00.000,3.32,74.26,0.9,3.2
2026-03-03T22:00:00.000,1.9,43.58,1.38,1.31
2026-03-03T22:10:00.000,2.14,358.3,2.14,-0.06
2026-03-03T22:20:00.000,2.36,346.01,2.29,-0.57
2026-03-03T22:30:00.000,3.1,18.11,2.95,0.96
2026-03-03T22:40:00.000,2.73,35.83,2.21,1.6
2026-03-03T22:50:00.000,1.55,46.41,1.07,1.12
2026-03-03T23:00:00.000,3.13,53.06,1.88,2.51
2026-03-03T23:10:00.000,5.49,95.17,-0.49,5.47
2026-03-03T23:20:00.000,5.53,90.58,-0.06,5.53
2026-03-03T23:30:00.000,9.74,94.05,-0.69,9.72
2026-03-03T23:40:00.000,7.78,97.39,-1,7.72
2026-03-03T23:50:00.000,8.65,112.01,-3.24,8.02
2026-03-04T00:00:00.000,5.76,136.54,-4.18,3.96
2026-03-04T00:10:00.000,6.03,93.09,-0.33,6.02
2026-03-04T00:20:00.000,8.78,86.83,0.49,8.76
2026-03-04T00:30:00.000,10.51,113.06,-4.12,9.67
2026-03-04T00:40:00.000,10.33,93.67,-0.66,10.3
2026-03-04T00:50:00.000,4.41,107.15,-1.3,4.22
2026-03-04T01:00:00.000,4.13,143.81,-3.34,2.44
2026-03-04T01:10:00.000,6.5,145.97,-5.39,3.64
2026-03-04T01:20:00.000,10.06,135.36,-7.16,7.07
2026-03-04T01:30:00.000,10.23,136.68,-7.44,7.02
2026-03-04T01:40:00.000,9.77,142.29,-7.73,5.98
2026-03-04T01:50:00.000,8.23,156.63,-7.55,3.26
2026-03-04T02:00:00.000,10.02,152.93,-8.93,4.56
2026-03-04T02:10:00.000,6.89,153.37,-6.15,3.09
2026-03-04T02:20:00.000,9.96,150.61,-8.68,4.89
2026-03-04T02:30:00.000,7.98,158.3,-7.41,2.95
2026-03-04T02:40:00.000,5.96,151.72,-5.25,2.83
2026-03-04T02:50:00.000,5.81,157.02,-5.35,2.27
2026-03-04T03:00:00.000,6.96,176.61,-6.95,0.41
2026-03-04T03:10:00.000,3.64,226.09,-2.52,-2.62
2026-03-04T03:20:00.000,8.91,202.82,-8.21,-3.45
2026-03-04T03:30:00.000,9.18,200.97,-8.57,-3.28
2026-03-04T03:40:00.000,8.18,198.56,-7.75,-2.6
2026-03-04T03:50:00.000,5.68,200.98,-5.3,-2.03
2026-03-04T04:00:00.000,7.92,193.65,-7.7,-1.87
2026-03-04T04:10:00.000,9,193.36,-8.76,-2.08
2026-03-04T04:20:00.000,9.81,197.93,-9.33,-3.02
2026-03-04T04:30:00.000,8.08,198.47,-7.67,-2.56
2026-03-04T04:40:00.000,6.18,185.15,-6.16,-0.55
2026-03-04T04:50:00.000,8,195.03,-7.73,-2.08
2026-03-04T05:00:00.000,7.23,196.96,-6.91,-2.11
2026-03-04T05:10:00.000,7.56,192.1,-7.39,-1.58
2026-03-04T05:20:00.000,4.59,183.82,-4.58,-0.31
2026-03-04T05:30:00.000,6.25,183.36,-6.24,-0.37
2026-03-04T05:40:00.000,5.58,181.26,-5.58,-0.12
2026-03-04T05:50:00.000,11.58,193.87,-11.24,-2.78
2026-03-04T06:00:00.000,6.43,196.19,-6.18,-1.79
2026-03-04T06:10:00.000,5.8,216.54,-4.66,-3.45
2026-03-04T06:20:00.000,2.48,231.46,-1.55,-1.94
2026-03-04T06:30:00.000,6.07,166.52,-5.9,1.42
2026-03-04T06:40:00.000,6.62,193.42,-6.44,-1.54
2026-03-04T06:50:00.000,8.12,197.96,-7.73,-2.5
2026-03-04T07:00:00.000,8.38,200.87,-7.83,-2.99
2026-03-04T07:10:00.000,10.97,194.85,-10.61,-2.81
2026-03-04T07:20:00.000,9.1,196.5,-8.72,-2.58
2026-03-04T07:30:00.000,9.26,201.92,-8.59,-3.45
2026-03-04T07:40:00.000,8.86,200.02,-8.32,-3.03
2026-03-04T07:50:00.000,9.66,200.57,-9.05,-3.4
2026-03-04T08:00:00.000,9.9,203.5,-9.07,-3.95
2026-03-04T08:10:00.000,9.83,200.52,-9.2,-3.44
2026-03-04T08:20:00.000,10.56,204.06,-9.64,-4.31
2026-03-04T08:30:00.000,8.82,194.8,-8.53,-2.25
2026-03-04T08:40:00.000,8.19,197.11,-7.83,-2.41
2026-03-04T08:50:00.000,8.38,201.09,-7.82,-3.01
2026-03-04T09:00:00.000,6.92,197.1,-6.61,-2.03
2026-03-04T09:10:00.000,6.73,194.03,-6.53,-1.63
2026-03-04T09:20:00.000,7.48,185.52,-7.44,-0.72
2026-03-04T09:30:00.000,7.74,193.21,-7.54,-1.77
2026-03-04T09:40:00.000,7.76,189.25,-7.66,-1.25
2026-03-04T09:50:00.000,8.25,193.99,-8.01,-1.99
2026-03-04T10:00:00.000,3.24,179.25,-3.24,0.04
2026-03-04T10:10:00.000,4.32,200.33,-4.06,-1.5
2026-03-04T10:20:00.000,3.99,187.16,-3.96,-0.5
2026-03-04T10:30:00.000,3.43,178.07,-3.43,0.12
2026-03-04T10:40:00.000,2.85,167.89,-2.79,0.6
2026-03-04T10:50:00.000,3.39,167.77,-3.31,0.72
2026-03-04T11:00:00.000,2.63,113.19,-1.03,2.41
2026-03-04T11:10:00.000,2.29,176.95,-2.28,0.12
2026-03-04T11:20:00.000,4.53,150.17,-3.93,2.25
2026-03-04T11:30:00.000,3.72,131.02,-2.44,2.8
2026-03-04T11:40:00.000,8.19,118.12,-3.86,7.22
2026-03-04T11:50:00.000,7.39,108.77,-2.38,6.99
2026-03-04T12:00:00.000,4.77,112.6,-1.83,4.41
2026-03-04T12:10:00.000,4.13,104.13,-1.01,4
2026-03-04T12:20:00.000,6.53,86.97,0.34,6.53
2026-03-04T12:30:00.000,5.3,99.15,-0.84,5.23
2026-03-04T12:40:00.000,5.75,116.52,-2.57,5.15
2026-03-04T12:50:00.000,7.2,92.97,-0.37,7.19
2026-03-04T13:00:00.000,8.34,99.51,-1.38,8.22
2026-03-04T13:10:00.000,3.72,100.78,-0.7,3.65
2026-03-04T13:20:00.000,4.58,101.27,-0.9,4.49
2026-03-04T13:30:00.000,3.09,129.91,-1.98,2.37
2026-03-04T13:40:00.000,5.47,74.67,1.45,5.28
2026-03-04T13:50:00.000,4.79,92.69,-0.22,4.78
2026-03-04T14:00:00.000,3.14,109.33,-1.04,2.96
2026-03-04T14:10:00.000,1.84,67.92,0.69,1.71
2026-03-04T14:20:00.000,8.47,75.77,2.08,8.21
2026-03-04T14:30:00.000,0.29,299.31,0.14,-0.25
2026-03-04T14:40:00.000,1.96,150,-1.7,0.98
2026-03-04T14:50:00.000,2.57,239.54,-1.3,-2.21
2026-03-04T15:00:00.000,6.83,76.22,1.63,6.63
2026-03-04T15:10:00.000,2.86,63.49,1.28,2.56
2026-03-04T15:20:00.000,2.46,79.35,0.45,2.42
2026-03-04T15:30:00.000,1.38,66.03,0.56,1.26
2026-03-04T15:40:00.000,1.96,87.24,0.09,1.96
2026-03-04T15:50:00.000,3.92,74.35,1.06,3.78
2026-03-04T16:00:00.000,3.77,91.99,-0.13,3.77
2026-03-04T16:10:00.000,3.4,69.93,1.17,3.2
2026-03-04T16:20:00.000,4.4,94.97,-0.38,4.39
2026-03-04T16:30:00.000,3.71,68.02,1.39,3.44
2026-03-04T16:40:00.000,1.83,125.5,-1.06,1.49
2026-03-04T16:50:00.000,2.19,60.09,1.09,1.9
2026-03-04T17:00:00.000,2.12,113.78,-0.86,1.94
2026-03-04T17:10:00.000,2.55,99.28,-0.41,2.51
2026-03-04T17:20:00.000,3.37,59.68,1.7,2.91
2026-03-04T17:30:00.000,5.5,80.85,0.87,5.43
2026-03-04T17:40:00.000,1.75,47.88,1.17,1.3
2026-03-04T17:50:00.000,1.94,10.23,1.91,0.34
2026-03-04T18:00:00.000,1.05,83.75,0.11,1.04
2026-03-04T18:10:00.000,0.83,75.18,0.21,0.8
2026-03-04T18:20:00.000,3.18,57.92,1.69,2.69
2026-03-04T18:30:00.000,3.12,89.12,0.05,3.12
2026-03-04T18:40:00.000,4.02,71.87,1.25,3.82
2026-03-04T18:50:00.000,4.34,96.96,-0.53,4.31
2026-03-04T19:00:00.000,2.45,77.01,0.55,2.39
2026-03-04T19:10:00.000,2.5,78.25,0.51,2.45
2026-03-04T19:20:00.000,5.07,80.78,0.81,5
2026-03-04T19:30:00.000,4.08,93.49,-0.25,4.07
2026-03-04T19:40:00.000,3.6,59.03,1.85,3.09
2026-03-04T19:50:00.000,0.53,35.91,0.43,0.31
2026-03-04T20:00:00.000,1.06,96.93,-0.13,1.05
2026-03-04T20:10:00.000,1.23,67.07,0.48,1.13
2026-03-04T20:20:00.000,0.37,60.84,0.18,0.32
2026-03-04T20:30:00.000,1.33,114.1,-0.54,1.22
2026-03-04T20:40:00.000,1.7,90.01,0,1.7
2026-03-04T20:50:00.000,0.81,113.04,-0.32,0.74
2026-03-04T21:00:00.000,1.91,107.38,-0.57,1.83
2026-03-04T21:10:00.000,1.89,109.66,-0.64,1.78
2026-03-04T21:20:00.000,1.85,130.34,-1.2,1.41
2026-03-04T21:30:00.000,3.27,218.14,-2.57,-2.02
2026-03-04T21:40:00.000,3.1,217.24,-2.47,-1.88
2026-03-04T21:50:00.000,4.15,232.31,-2.54,-3.29
2026-03-04T22:00:00.000,2.46,236.84,-1.35,-2.06
2026-03-04T22:10:00.000,3.15,239.62,-1.59,-2.71
2026-03-04T22:20:00.000,4.12,238.15,-2.18,-3.5
2026-03-04T22:30:00.000,2.9,227.18,-1.97,-2.13
2026-03-04T22:40:00.000,3.35,226.16,-2.32,-2.41
2026-03-04T22:50:00.000,3.64,224.81,-2.58,-2.57
2026-03-04T23:00:00.000,3.68,228.92,-2.42,-2.78
2026-03-04T23:10:00.000,2.39,227.7,-1.61,-1.77
2026-03-04T23:20:00.000,2.56,216.72,-2.05,-1.53
2026-03-04T23:30:00.000,3.07,249.26,-1.09,-2.87
2026-03-04T23:40:00.000,3.05,230.47,-1.94,-2.35
2026-03-04T23:50:00.000,2.8,214.58,-2.31,-1.59
2026-03-05T00:00:00.000,4.25,193.1,-4.14,-0.96
2026-03-05T00:10:00.000,3.27,190.94,-3.21,-0.62
2026-03-05T00:20:00.000,2.8,205.1,-2.53,-1.19
2026-03-05T00:30:00.000,1.72,217.76,-1.36,-1.05
2026-03-05T00:40:00.000,1.86,256.77,-0.43,-1.81
2026-03-05T00:50:00.000,1.94,259.26,-0.36,-1.9
2026-03-05T01:00:00.000,0.38,316.21,0.27,-0.26
2026-03-05T01:10:00.000,0.23,7.15,0.23,0.03
2026-03-05T01:20:00.000,1.25,3.76,1.25,0.08
2026-03-05T01:30:00.000,2.04,78.7,0.4,2
2026-03-05T01:40:00.000,2.77,73.13,0.8,2.65
2026-03-05T01:50:00.000,1.1,51.17,0.69,0.86
2026-03-05T02:00:00.000,0.77,41.62,0.57,0.51
2026-03-05T02:10:00.000,0.56,318.24,0.42,-0.38
2026-03-05T02:20:00.000,0.47,225.37,-0.33,-0.33
2026-03-05T02:30:00.000,0.29,228.58,-0.19,-0.22
2026-03-05T02:40:00.000,0.65,172.85,-0.64,0.08
2026-03-05T02:50:00.000,0.44,195.04,-0.42,-0.11
2026-03-05T03:00:00.000,0.69,166.08,-0.67,0.17
2026-03-05T03:10:00.000,1.7,140.57,-1.31,1.08
2026-03-05T03:20:00.000,1.87,121.53,-0.98,1.59
2026-03-05T03:30:00.000,4.71,121.83,-2.48,4
2026-03-05T03:40:00.000,5.35,114.08,-2.18,4.89
2026-03-05T03:50:00.000,4.35,136.13,-3.14,3.02
2026-03-05T04:00:00.000,3.07,134.54,-2.15,2.19
2026-03-05T04:10:00.000,3.4,141.18,-2.65,2.13
2026-03-05T04:20:00.000,3.28,133.26,-2.25,2.39
2026-03-05T04:30:00.000,6.28,110.79,-2.23,5.88
2026-03-05T04:40:00.000,4.35,90.94,-0.07,4.35
2026-03-05T04:50:00.000,7.38,134.47,-5.17,5.27
2026-03-05T05:00:00.000,8.18,115.58,-3.53,7.38
2026-03-05T05:10:00.000,7.92,123.85,-4.41,6.58
2026-03-05T05:20:00.000,8.63,61.68,4.1,7.6
2026-03-05T05:30:00.000,4.04,90.83,-0.06,4.04
2026-03-05T05:40:00.000,6.88,135.25,-4.88,4.84
2026-03-05T05:50:00.000,9.51,138.15,-7.08,6.34
2026-03-05T06:00:00.000,9.18,133.73,-6.34,6.63
2026-03-05T06:10:00.000,7.23,141.16,-5.63,4.53
2026-03-05T06:20:00.000,7.36,143.99,-5.95,4.33
2026-03-05T06:30:00.000,4.94,172.58,-4.9,0.64
2026-03-05T06:40:00.000,7.13,135.94,-5.13,4.96
2026-03-05T06:50:00.000,8.27,141.23,-6.45,5.18
2026-03-05T07:00:00.000,7.87,150.88,-6.88,3.83
2026-03-05T07:10:00.000,6.01,186,-5.98,-0.63
2026-03-05T07:20:00.000,5.45,187.8,-5.4,-0.74
2026-03-05T07:30:00.000,6,183.57,-5.99,-0.37
2026-03-05T07:40:00.000,4.46,171.75,-4.41,0.64
2026-03-05T07:50:00.000,4.09,176.22,-4.08,0.27
2026-03-05T08:00:00.000,4.63,185.82,-4.61,-0.47
2026-03-05T08:10:00.000,3.62,170.02,-3.56,0.63
2026-03-05T08:20:00.000,3.15,187.48,-3.13,-0.41
2026-03-05T08:30:00.000,3.8,195.73,-3.66,-1.03
2026-03-05T08:40:00.000,4.13,195.02,-3.99,-1.07
2026-03-05T08:50:00.000,4.63,196.98,-4.43,-1.35
2026-03-05T09:00:00.000,8.25,184.52,-8.23,-0.65
2026-03-05T09:10:00.000,6.97,183.59,-6.95,-0.44
2026-03-05T09:20:00.000,9.29,177.2,-9.28,0.45
2026-03-05T09:30:00.000,8.93,166.32,-8.68,2.11
2026-03-05T09:40:00.000,8.88,185.19,-8.84,-0.8
2026-03-05T09:50:00.000,7.7,177.26,-7.69,0.37
2026-03-05T10:00:00.000,7.97,179.38,-7.97,0.09
2026-03-05T10:10:00.000,8.81,191.19,-8.64,-1.71
2026-03-05T10:20:00.000,8.99,182.9,-8.98,-0.45
2026-03-05T10:30:00.000,6.83,181.6,-6.82,-0.19
2026-03-05T10:40:00.000,7.35,184.16,-7.33,-0.53
2026-03-05T10:50:00.000,6.09,185.23,-6.06,-0.55
2026-03-05T11:00:00.000,7.67,191.93,-7.5,-1.58
2026-03-05T11:10:00.000,9.96,197.14,-9.51,-2.93
2026-03-05T11:20:00.000,10.46,200.02,-9.83,-3.58
2026-03-05T11:30:00.000,10.32,201.47,-9.6,-3.78
2026-03-05T11:40:00.000,11.07,207.06,-9.86,-5.04
2026-03-05T11:50:00.000,11.29,217.68,-8.93,-6.9
2026-03-05T12:00:00.000,11.99,219.78,-9.21,-7.67
2026-03-05T12:10:00.000,12.14,221.9,-9.03,-8.11
2026-03-05T12:20:00.000,11.82,219.93,-9.06,-7.58
2026-03-05T12:30:00.000,11.34,218.48,-8.87,-7.06
2026-03-05T12:40:00.000,10.84,213.8,-9.01,-6.03
2026-03-05T12:50:00.000,10.62,210.52,-9.15,-5.39
2026-03-05T13:00:00.000,10.54,213.58,-8.78,-5.83
2026-03-05T13:10:00.000,10.5,211.6,-8.94,-5.5
2026-03-05T13:20:00.000,10.05,209.04,-8.79,-4.88
2026-03-05T13:30:00.000,10.08,205.63,-9.09,-4.36
2026-03-05T13:40:00.000,9.06,206.84,-8.09,-4.09
2026-03-05T13:50:00.000,7.16,196.93,-6.85,-2.09
2026-03-05T14:00:00.000,8.11,199.13,-7.67,-2.66
2026-03-05T14:10:00.000,8.45,204.69,-7.68,-3.53
2026-03-05T14:20:00.000,7.53,195.36,-7.26,-2
2026-03-05T14:30:00.000,6.79,198.46,-6.44,-2.15
2026-03-05T14:40:00.000,7.07,192.27,-6.91,-1.5
2026-03-05T14:50:00.000,5.36,199.1,-5.06,-1.75
2026-03-05T15:00:00.000,6.89,200.78,-6.44,-2.45
2026-03-05T15:10:00.000,6.93,190.71,-6.81,-1.29
2026-03-05T15:20:00.000,6.96,186.47,-6.92,-0.79
2026-03-05T15:30:00.000,7.64,181.4,-7.64,-0.19
2026-03-05T15:40:00.000,7.62,188.58,-7.54,-1.14
2026-03-05T15:50:00.000,7.38,184.58,-7.35,-0.59
2026-03-05T16:00:00.000,7.48,188.01,-7.41,-1.04
2026-03-05T16:10:00.000,6.87,195.12,-6.63,-1.79
2026-03-05T16:20:00.000,6.78,185.42,-6.75,-0.64
2026-03-05T16:30:00.000,5.48,194.95,-5.3,-1.41
2026-03-05T16:40:00.000,5.82,189.87,-5.74,-1
2026-03-05T16:50:00.000,5.71,186.86,-5.67,-0.68
2026-03-05T17:00:00.000,4.74,191.41,-4.65,-0.94
2026-03-05T17:10:00.000,6.15,190.11,-6.06,-1.08
2026-03-05T17:20:00.000,5.29,203.37,-4.86,-2.1
2026-03-05T17:30:00.000,1.67,162.7,-1.59,0.5
2026-03-05T17:40:00.000,4.59,120.55,-2.33,3.95
2026-03-05T17:50:00.000,0.81,73.94,0.22,0.78
2026-03-05T18:00:00.000,2.65,77.36,0.58,2.59
2026-03-05T18:10:00.000,2.97,56.66,1.63,2.48
2026-03-05T18:20:00.000,2.99,351.59,2.96,-0.44
2026-03-05T18:30:00.000,1.5,350.6,1.48,-0.24
2026-03-05T18:40:00.000,1.05,286.52,0.3,-1.01
2026-03-05T18:50:00.000,4.64,56.82,2.54,3.88
2026-03-05T19:00:00.000,3.42,60.37,1.69,2.97
2026-03-05T19:10:00.000,2.86,113.92,-1.16,2.62
2026-03-05T19:20:00.000,2.72,88.56,0.07,2.71
2026-03-05T19:30:00.000,5.97,97.64,-0.79,5.92
2026-03-05T19:40:00.000,6.98,96.17,-0.75,6.94
2026-03-05T19:50:00.000,5.94,110.34,-2.07,5.57
2026-03-05T20:00:00.000,5.76,82.24,0.78,5.71
2026-03-05T20:10:00.000,7.08,83.63,0.79,7.04
2026-03-05T20:20:00.000,5.8,60.78,2.83,5.06
2026-03-05T20:30:00.000,0.48,111.71,-0.18,0.45
2026-03-05T20:40:00.000,3.41,95.65,-0.34,3.4
2026-03-05T20:50:00.000,3.8,140.82,-2.94,2.4
2026-03-05T21:00:00.000,7.1,84.92,0.63,7.07
2026-03-05T21:10:00.000,4.8,95.36,-0.45,4.78
2026-03-05T21:20:00.000,6.11,95.94,-0.63,6.08
2026-03-05T21:30:00.000,6.18,101.97,-1.28,6.05
2026-03-05T21:40:00.000,1.92,47.18,1.31,1.41
2026-03-05T21:50:00.000,4.48,73.63,1.26,4.3
2026-03-05T22:00:00.000,3.09,76.28,0.73,3
2026-03-05T22:10:00.000,3.6,65.17,1.51,3.26
2026-03-05T22:20:00.000,2.66,119.65,-1.31,2.31
2026-03-05T22:30:00.000,2.73,51.91,1.68,2.15
2026-03-05T22:40:00.000,4.3,97.32,-0.55,4.27
2026-03-05T22:50:00.000,1.47,127.84,-0.9,1.16
2026-03-05T23:00:00.000,0.53,275.09,0.05,-0.53
2026-03-05T23:10:00.000,0.48,245.4,-0.2,-0.44
2026-03-05T23:20:00.000,0.68,312.33,0.46,-0.5
2026-03-05T23:30:00.000,0.61,266.99,-0.03,-0.61
2026-03-05T23:40:00.000,0.62,288.98,0.2,-0.58
2026-03-05T23:50:00.000,0.94,229.91,-0.61,-0.72
2026-03-06T00:00:00.000,3.49,41.05,2.63,2.29
2026-03-06T00:10:00.000,4.05,67.36,1.56,3.74
2026-03-06T00:20:00.000,1.23,79.94,0.21,1.21
2026-03-06T00:30:00.000,2.93,104.02,-0.71,2.84
2026-03-06T00:40:00.000,2.71,29.55,2.36,1.34
2026-03-06T00:50:00.000,4.41,33.17,3.69,2.41
2026-03-06T01:00:00.000,2.06,52.31,1.26,1.63
2026-03-06T01:10:00.000,2.47,56.58,1.36,2.06
2026-03-06T01:20:00.000,5.55,107.05,-1.63,5.3
2026-03-06T01:30:00.000,4.46,121.58,-2.34,3.8
2026-03-06T01:40:00.000,3.32,141.56,-2.6,2.06
2026-03-06T01:50:00.000,5.14,129.06,-3.24,3.99
2026-03-06T02:00:00.000,4.96,96.78,-0.59,4.93
2026-03-06T02:10:00.000,3.88,119.16,-1.89,3.39
2026-03-06T02:20:00.000,2.73,163.5,-2.62,0.78
2026-03-06T02:30:00.000,0.28,260.36,-0.05,-0.28
2026-03-06T02:40:00.000,3.41,347.78,3.33,-0.72
2026-03-06T02:50:00.000,2.42,334.58,2.19,-1.04
2026-03-06T03:00:00.000,2.85,339.37,2.67,-1
2026-03-06T03:10:00.000,2.38,22.85,2.2,0.93
2026-03-06T03:20:00.000,1.42,33.02,1.19,0.78
2026-03-06T03:30:00.000,1.37,50.74,0.87,1.06
2026-03-06T03:40:00.000,3.35,56.57,1.85,2.8
2026-03-06T03:50:00.000,3.25,51.75,2.01,2.55
2026-03-06T04:00:00.000,4.89,75.51,1.22,4.73
2026-03-06T04:10:00.000,5.86,77.53,1.26,5.72
2026-03-06T04:20:00.000,3.78,105.7,-1.02,3.64
2026-03-06T04:30:00.000,5.72,89.4,0.06,5.72
2026-03-06T04:40:00.000,8.08,109.86,-2.74,7.6
2026-03-06T04:50:00.000,9.31,104.77,-2.37,9
2026-03-06T05:00:00.000,6.13,125.39,-3.55,4.99
2026-03-06T05:10:00.000,8.86,101.34,-1.74,8.69
2026-03-06T05:20:00.000,6.85,111.06,-2.46,6.39
2026-03-06T05:30:00.000,8.52,114.41,-3.52,7.76
2026-03-06T05:40:00.000,5.14,92.64,-0.24,5.14
2026-03-06T05:50:00.000,3.18,103.65,-0.75,3.09
2026-03-06T06:00:00.000,4.06,93.94,-0.28,4.05
2026-03-06T06:10:00.000,4.07,95.09,-0.36,4.06
2026-03-06T06:20:00.000,4.65,101.94,-0.96,4.55
2026-03-06T06:30:00.000,5.89,98.23,-0.84,5.83
2026-03-06T06:40:00.000,5.61,179.21,-5.61,0.08
2026-03-06T06:50:00.000,12.71,186.19,-12.63,-1.37
2026-03-06T07:00:00.000,12.78,186.78,-12.69,-1.51
2026-03-06T07:10:00.000,13.53,182.4,-13.52,-0.57
2026-03-06T07:20:00.000,14.91,195.26,-14.38,-3.92
2026-03-06T07:30:00.000,15.31,189.09,-15.12,-2.42
2026-03-06T07:40:00.000,13.2,192.09,-12.91,-2.76
2026-03-06T07:50:00.000,13.17,189.6,-12.99,-2.2
2026-03-06T08:00:00.000,12.08,191.38,-11.84,-2.38
2026-03-06T08:10:00.000,12.72,188.14,-12.59,-1.8
2026-03-06T08:20:00.000,13.15,191.99,-12.86,-2.73
2026-03-06T08:30:00.000,13.23,186,-13.16,-1.38
2026-03-06T08:40:00.000,12.78,187.3,-12.68,-1.63
2026-03-06T08:50:00.000,12.66,182.02,-12.65,-0.45
2026-03-06T09:00:00.000,13.01,178.78,-13.01,0.28
2026-03-06T09:10:00.000,13.02,192.67,-12.71,-2.86
2026-03-06T09:20:00.000,13.24,175.85,-13.21,0.96
2026-03-06T09:30:00.000,13.46,176.81,-13.44,0.75
2026-03-06T09:40:00.000,14.8,188.55,-14.64,-2.2
2026-03-06T09:50:00.000,15.17,188.86,-14.99,-2.34
2026-03-06T10:00:00.000,15.51,187.37,-15.38,-1.99
2026-03-06T10:10:00.000,14.9,191.33,-14.61,-2.93
2026-03-06T10:20:00.000,16.68,194.27,-16.16,-4.11
2026-03-06T10:30:00.000,15.71,199.51,-14.81,-5.25
2026-03-06T10:40:00.000,14.77,196.88,-14.13,-4.29
2026-03-06T10:50:00.000,14.22,199.55,-13.4,-4.76
2026-03-06T11:00:00.000,15.54,197.35,-14.84,-4.63
2026-03-06T11:10:00.000,14.42,198.71,-13.66,-4.63
2026-03-06T11:20:00.000,15.58,198.77,-14.75,-5.01
2026-03-06T11:30:00.000,14.93,199.58,-14.06,-5
2026-03-06T11:40:00.000,14.66,201.67,-13.62,-5.41
2026-03-06T11:50:00.000,15.16,203.71,-13.88,-6.1
2026-03-06T12:00:00.000,14.75,204.82,-13.39,-6.19
2026-03-06T12:10:00.000,15.26,206.59,-13.65,-6.83
2026-03-06T12:20:00.000,16.42,211.27,-14.03,-8.52
2026-03-06T12:30:00.000,28.32,224.47,-20.21,-19.84
2026-03-06T12:40:00.000,25.31,225.06,-17.88,-17.92
2026-03-06T12:50:00.000,18.06,217.95,-14.24,-11.1
2026-03-06T13:00:00.000,17.87,217.36,-14.2,-10.84
2026-03-06T13:10:00.000,19.09,213.38,-15.94,-10.51
2026-03-06T13:20:00.000,20.37,214.15,-16.86,-11.43
2026-03-06T13:30:00.000,19.97,215.08,-16.34,-11.48
2026-03-06T13:40:00.000,17.73,213.27,-14.82,-9.73
2026-03-06T13:50:00.000,18.93,216.07,-15.3,-11.15
2026-03-06T14:00:00.000,18.27,216.03,-14.78,-10.75
2026-03-06T14:10:00.000,17.8,217.68,-14.08,-10.88
2026-03-06T14:20:00.000,15.55,215.79,-12.61,-9.09
2026-03-06T14:30:00.000,14.26,216.51,-11.46,-8.48
2026-03-06T14:40:00.000,13.92,216.67,-11.16,-8.31
2026-03-06T14:50:00.000,14.52,218.54,-11.36,-9.05
2026-03-06T15:00:00.000,12,219.6,-9.25,-7.65
2026-03-06T15:10:00.000,12.63,217.62,-10,-7.71
2026-03-06T15:20:00.000,11.97,216.75,-9.59,-7.16
2026-03-06T15:30:00.000,10.38,214.91,-8.52,-5.94
2026-03-06T15:40:00.000,10.37,215.44,-8.45,-6.01
2026-03-06T15:50:00.000,8.69,213.24,-7.27,-4.76
2026-03-06T16:00:00.000,8.53,213.63,-7.1,-4.73
2026-03-06T16:10:00.000,8.9,213.34,-7.44,-4.89
2026-03-06T16:20:00.000,7.04,205.76,-6.34,-3.06
2026-03-06T16:30:00.000,5.89,207.41,-5.23,-2.71
2026-03-06T16:40:00.000,5.75,207.38,-5.11,-2.65
2026-03-06T16:50:00.000,5.66,206.39,-5.07,-2.51
2026-03-06T17:00:00.000,4.2,179.45,-4.2,0.04
2026-03-06T17:10:00.000,4.71,194.04,-4.57,-1.14
2026-03-06T17:20:00.000,2.89,203.57,-2.65,-1.16
2026-03-06T17:30:00.000,3.6,200.96,-3.36,-1.29
2026-03-06T17:40:00.000,3.18,191.37,-3.12,-0.63
2026-03-06T17:50:00.000,4.28,205.22,-3.87,-1.82
2026-03-06T18:00:00.000,4.1,154.52,-3.7,1.76
2026-03-06T18:10:00.000,2.84,180.06,-2.84,0
2026-03-06T18:20:00.000,2.84,169.72,-2.79,0.51
2026-03-06T18:30:00.000,2.99,198.95,-2.83,-0.97
2026-03-06T18:40:00.000,3.58,208.47,-3.14,-1.71
2026-03-06T18:50:00.000,3.37,205.41,-3.04,-1.44
2026-03-06T19:00:00.000,2.83,208.62,-2.48,-1.35
2026-03-06T19:10:00.000,3.41,200.89,-3.19,-1.22
2026-03-06T19:20:00.000,2.22,161.58,-2.11,0.7
2026-03-06T19:30:00.000,2.4,209.51,-2.09,-1.18
2026-03-06T19:40:00.000,2.38,199.94,-2.24,-0.81
2026-03-06T19:50:00.000,1.95,210.53,-1.68,-0.99
2026-03-06T20:00:00.000,2.01,179.3,-2.01,0.02
2026-03-06T20:10:00.000,2.48,196.51,-2.38,-0.7
2026-03-06T20:20:00.000,1.59,201.92,-1.47,-0.59
2026-03-06T20:30:00.000,2.47,200.98,-2.31,-0.88
2026-03-06T20:40:00.000,1.47,236.42,-0.81,-1.22
2026-03-06T20:50:00.000,1.17,254.04,-0.32,-1.13
2026-03-06T21:00:00.000,0.45,297.66,0.21,-0.4
2026-03-06T21:10:00.000,2.75,348.76,2.7,-0.54
2026-03-06T21:20:00.000,2.19,40.71,1.66,1.43
2026-03-06T21:30:00.000,2.58,350.87,2.54,-0.41
2026-03-06T21:40:00.000,2.3,355.53,2.29,-0.18
2026-03-06T21:50:00.000,2.17,6.3,2.16,0.24
2026-03-06T22:00:00.000,2.16,342.99,2.06,-0.63
2026-03-06T22:10:00.000,3.21,307.88,1.97,-2.53
2026-03-06T22:20:00.000,0.87,322.7,0.69,-0.53
2026-03-06T22:30:00.000,1.76,136.38,-1.27,1.21
2026-03-06T22:40:00.000,0.5,127.22,-0.3,0.4
2026-03-06T22:50:00.000,2.69,283.21,0.61,-2.62
2026-03-06T23:00:00.000,2.07,57.28,1.12,1.74
2026-03-06T23:10:00.000,0.95,325.63,0.78,-0.53
2026-03-06T23:20:00.000,1.09,348.57,1.07,-0.22
2026-03-06T23:30:00.000,3.32,85.26,0.27,3.31
2026-03-06T23:40:00.000,1.6,73.49,0.46,1.54
2026-03-06T23:50:00.000,0.49,165.72,-0.48,0.12
2026-03-07T00:00:00.000,1.8,118.24,-0.85,1.59
2026-03-07T00:10:00.000,2.69,40.7,2.04,1.76
2026-03-07T00:20:00.000,4.01,58.8,2.08,3.43
2026-03-07T00:30:00.000,4.43,64.68,1.89,4
2026-03-07T00:40:00.000,4.23,52.62,2.57,3.36
2026-03-07T00:50:00.000,4.03,50.15,2.58,3.09
2026-03-07T01:00:00.000,3.9,90.66,-0.04,3.9
2026-03-07T01:10:00.000,6.84,72.84,2.02,6.54
2026-03-07T01:20:00.000,5.14,73.93,1.42,4.94
2026-03-07T01:30:00.000,4.88,63.41,2.18,4.36
2026-03-07T01:40:00.000,2.02,15.42,1.95,0.54
2026-03-07T01:50:00.000,0.38,328.63,0.33,-0.2
2026-03-07T02:00:00.000,0.74,280.67,0.14,-0.73
2026-03-07T02:10:00.000,3.91,146.87,-3.27,2.14
2026-03-07T02:20:00.000,5.14,139.09,-3.89,3.37
2026-03-07T02:30:00.000,5.15,138.19,-3.83,3.43
2026-03-07T02:40:00.000,3.37,140.99,-2.62,2.12
2026-03-07T02:50:00.000,3.87,144.59,-3.15,2.24
2026-03-07T03:00:00.000,4.54,141.67,-3.56,2.82
2026-03-07T03:10:00.000,4.45,149.13,-3.82,2.28
2026-03-07T03:20:00.000,3.87,153.29,-3.45,1.74
2026-03-07T03:30:00.000,3.56,145.09,-2.92,2.04
2026-03-07T03:40:00.000,2.98,159.53,-2.8,1.04
2026-03-07T03:50:00.000,2.36,134.75,-1.66,1.68
2026-03-07T04:00:00.000,3.17,134.52,-2.22,2.26
2026-03-07T04:10:00.000,2.92,162.51,-2.79,0.88
2026-03-07T04:20:00.000,0.37,125.8,-0.22,0.3
2026-03-07T04:30:00.000,3.75,324.42,3.05,-2.18
2026-03-07T04:40:00.000,3.31,278.1,0.47,-3.27
2026-03-07T04:50:00.000,5.51,342.91,5.26,-1.62
2026-03-07T05:00:00.000,3.64,342.91,3.48,-1.07
2026-03-07T05:10:00.000,1.82,318.51,1.36,-1.2
2026-03-07T05:20:00.000,2.68,312.07,1.79,-1.99
2026-03-07T05:30:00.000,1.79,304.56,1.02,-1.48
2026-03-07T05:40:00.000,2.32,286.48,0.66,-2.23
2026-03-07T05:50:00.000,4.01,259.2,-0.75,-3.94
2026-03-07T06:00:00.000,7.87,183.72,-7.86,-0.51
2026-03-07T06:10:00.000,6.48,190.92,-6.37,-1.23
2026-03-07T06:20:00.000,4.81,184.72,-4.79,-0.4
2026-03-07T06:30:00.000,10.67,188.13,-10.56,-1.51
2026-03-07T06:40:00.000,8.39,186.29,-8.34,-0.92
2026-03-07T06:50:00.000,7.43,186.87,-7.38,-0.89
2026-03-07T07:00:00.000,7.98,191.51,-7.82,-1.59
2026-03-07T07:10:00.000,6.59,192.78,-6.43,-1.46
2026-03-07T07:20:00.000,8.37,193.91,-8.13,-2.01
2026-03-07T07:30:00.000,7.19,192,-7.03,-1.49
2026-03-07T07:40:00.000,6.24,178.84,-6.23,0.13
2026-03-07T07:50:00.000,6.42,181.02,-6.42,-0.11
2026-03-07T08:00:00.000,6.1,181.66,-6.1,-0.18
2026-03-07T08:10:00.000,7.25,185.42,-7.22,-0.68
2026-03-07T08:20:00.000,5.18,177.64,-5.18,0.21
2026-03-07T08:30:00.000,5.46,188.67,-5.4,-0.82
2026-03-07T08:40:00.000,6.98,190,-6.87,-1.21
2026-03-07T08:50:00.000,9.19,198.96,-8.69,-2.98
2026-03-07T09:00:00.000,8.5,195.9,-8.18,-2.33
2026-03-07T09:10:00.000,6.86,190.17,-6.75,-1.21
2026-03-07T09:20:00.000,6.91,193.63,-6.72,-1.63
2026-03-07T09:30:00.000,9.77,196.33,-9.37,-2.75
2026-03-07T09:40:00.000,10.13,195.21,-9.77,-2.66
2026-03-07T09:50:00.000,11.18,199.21,-10.56,-3.68
2026-03-07T10:00:00.000,12.3,198.66,-11.65,-3.94
2026-03-07T10:10:00.000,11.92,196.85,-11.4,-3.45
2026-03-07T10:20:00.000,11.71,198.83,-11.09,-3.78
2026-03-07T10:30:00.000,12.37,198.73,-11.72,-3.97
2026-03-07T10:40:00.000,13.44,198.6,-12.74,-4.29
2026-03-07T10:50:00.000,14.12,197.95,-13.43,-4.35
2026-03-07T11:00:00.000,14.44,197.18,-13.8,-4.27
2026-03-07T11:10:00.000,14.59,199.62,-13.74,-4.9
2026-03-07T11:20:00.000,13.38,198.71,-12.67,-4.29
2026-03-07T11:30:00.000,13.16,200.4,-12.34,-4.59
2026-03-07T11:40:00.000,14.66,203.77,-13.42,-5.91
2026-03-07T11:50:00.000,13.83,201.6,-12.86,-5.09
2026-03-07T12:00:00.000,13.3,200.5,-12.46,-4.66
2026-03-07T12:10:00.000,12.59,198.83,-11.92,-4.06
2026-03-07T12:20:00.000,12.71,199.96,-11.95,-4.34
2026-03-07T12:30:00.000,12.34,194.45,-11.95,-3.08
2026-03-07T12:40:00.000,11.81,196.87,-11.3,-3.43
2026-03-07T12:50:00.000,12.28,195.68,-11.82,-3.32
2026-03-07T13:00:00.000,11.98,201.05,-11.18,-4.3
2026-03-07T13:10:00.000,12.15,202.44,-11.23,-4.64
2026-03-07T13:20:00.000,12.23,199.98,-11.5,-4.18
2026-03-07T13:30:00.000,10.86,204.98,-9.85,-4.59
2026-03-07T13:40:00.000,11.91,201.29,-11.1,-4.32
2026-03-07T13:50:00.000,11.24,200.13,-10.56,-3.87
2026-03-07T14:00:00.000,10.44,202.24,-9.67,-3.95
2026-03-07T14:10:00.000,11.2,202.79,-10.33,-4.34
2026-03-07T14:20:00.000,10.3,207.3,-9.16,-4.73
2026-03-07T14:30:00.000,10.05,209.91,-8.71,-5.01
2026-03-07T14:40:00.000,10.5,209.69,-9.12,-5.2
2026-03-07T14:50:00.000,11.06,215.65,-8.99,-6.44
2026-03-07T15:00:00.000,11.06,214.09,-9.16,-6.2
2026-03-07T15:10:00.000,10.8,217.18,-8.6,-6.52
2026-03-07T15:20:00.000,10.26,217.9,-8.09,-6.3
2026-03-07T15:30:00.000,10.3,221.72,-7.69,-6.85
2026-03-07T15:40:00.000,10.84,220.17,-8.28,-6.99
2026-03-07T15:50:00.000,10.48,220.67,-7.95,-6.83
2026-03-07T16:00:00.000,10.41,219.28,-8.06,-6.59
2026-03-07T16:10:00.000,10.2,220.17,-7.79,-6.58
2026-03-07T16:20:00.000,10.55,220.8,-7.98,-6.89
2026-03-07T16:30:00.000,10.92,222.09,-8.1,-7.32
2026-03-07T16:40:00.000,10.23,223.97,-7.36,-7.1
2026-03-07T16:50:00.000,10.69,223.86,-7.71,-7.4
2026-03-07T17:00:00.000,9.84,223.46,-7.14,-6.77
2026-03-07T17:10:00.000,9.83,223.67,-7.11,-6.79
2026-03-07T17:20:00.000,9.71,224.9,-6.88,-6.86
2026-03-07T17:30:00.000,9.56,224.76,-6.79,-6.73
2026-03-07T17:40:00.000,8.92,224.39,-6.37,-6.24
2026-03-07T17:50:00.000,8.15,220.14,-6.23,-5.26
2026-03-07T18:00:00.000,8.69,227.61,-5.86,-6.42
2026-03-07T18:10:00.000,7.43,221.46,-5.57,-4.92
2026-03-07T18:20:00.000,7.44,217.15,-5.93,-4.49
2026-03-07T18:30:00.000,6.11,221.2,-4.6,-4.03
2026-03-07T18:40:00.000,5.74,222.01,-4.26,-3.84
2026-03-07T18:50:00.000,5.48,250.3,-1.85,-5.15
2026-03-07T19:00:00.000,4.02,266.67,-0.23,-4.01
2026-03-07T19:10:00.000,3.01,276.54,0.34,-2.99
2026-03-07T19:20:00.000,0.45,288.64,0.14,-0.43
2026-03-07T19:30:00.000,0.62,326.91,0.52,-0.34
2026-03-07T19:40:00.000,0.42,325.77,0.35,-0.24
2026-03-07T19:50:00.000,0.56,20.87,0.52,0.2
2026-03-07T20:00:00.000,0.67,358.72,0.67,-0.01
2026-03-07T20:10:00.000,0.98,44.63,0.7,0.69
2026-03-07T20:20:00.000,1.76,20.85,1.64,0.63
2026-03-07T20:30:00.000,2.68,58.15,1.42,2.28
2026-03-07T20:40:00.000,1.4,327.39,1.18,-0.75
2026-03-07T20:50:00.000,0.7,341.9,0.67,-0.22
2026-03-07T21:00:00.000,0.33,8.78,0.33,0.05
2026-03-07T21:10:00.000,0.52,293.08,0.2,-0.48
2026-03-07T21:20:00.000,0.97,0.51,0.97,0.01
2026-03-07T21:30:00.000,7.43,37.01,5.93,4.47
2026-03-07T21:40:00.000,4.19,81.8,0.6,4.15
2026-03-07T21:50:00.000,3.97,109.98,-1.36,3.74
2026-03-07T22:00:00.000,0.42,245.8,-0.17,-0.39
2026-03-07T22:10:00.000,0.28,298.28,0.13,-0.25
2026-03-07T22:20:00.000,2.05,316.06,1.47,-1.42
2026-03-07T22:30:00.000,3.39,308.51,2.11,-2.66
2026-03-07T22:40:00.000,2,357.95,2,-0.07
2026-03-07T22:50:00.000,2.67,324.41,2.17,-1.56
2026-03-07T23:00:00.000,1.98,334.14,1.78,-0.86
2026-03-07T23:10:00.000,1.59,346.56,1.55,-0.37
2026-03-07T23:20:00.000,0.63,314.68,0.44,-0.45
2026-03-07T23:30:00.000,0.72,302.48,0.39,-0.61
2026-03-07T23:40:00.000,1.91,343.96,1.84,-0.53
2026-03-07T23:50:00.000,1.58,310.37,1.02,-1.2
2026-03-08T00:00:00.000,0.78,25.5,0.7,0.33
2026-03-08T00:10:00.000,2.39,4.88,2.38,0.2
2026-03-08T00:20:00.000,2.98,86.75,0.17,2.98
2026-03-08T00:30:00.000,4.68,111.08,-1.68,4.37
2026-03-08T00:40:00.000,3.51,121.65,-1.84,2.99
2026-03-08T00:50:00.000,3.26,102.6,-0.71,3.18
2026-03-08T01:00:00.000,1.29,334.57,1.16,-0.55
2026-03-08T01:10:00.000,4.26,346.24,4.14,-1.01
2026-03-08T01:20:00.000,3.26,317.79,2.42,-2.19
2026-03-08T01:30:00.000,4.05,323.2,3.25,-2.43
2026-03-08T01:40:00.000,2.19,336.24,2.01,-0.88
2026-03-08T01:50:00.000,3.59,107.65,-1.09,3.42
2026-03-08T02:00:00.000,4.88,137.28,-3.59,3.31
2026-03-08T02:10:00.000,6.51,113.72,-2.62,5.96
2026-03-08T02:20:00.000,4.49,105.86,-1.23,4.32
2026-03-08T02:30:00.000,6.88,105.02,-1.78,6.64
2026-03-08T02:40:00.000,3.53,96.26,-0.39,3.51
2026-03-08T02:50:00.000,2.92,39.96,2.23,1.87
2026-03-08T03:00:00.000,0.24,314.08,0.17,-0.17
2026-03-08T03:10:00.000,0.17,272.75,0.01,-0.17
2026-03-08T03:20:00.000,2.4,183.54,-2.4,-0.15
2026-03-08T03:30:00.000,3.34,178.21,-3.33,0.1
2026-03-08T03:40:00.000,3.34,206.88,-2.98,-1.51
2026-03-08T03:50:00.000,2.74,210.39,-2.37,-1.39
2026-03-08T04:00:00.000,1.72,210.14,-1.49,-0.87
2026-03-08T04:10:00.000,2.48,184.57,-2.47,-0.2
2026-03-08T04:20:00.000,1.52,171.39,-1.5,0.23
2026-03-08T04:30:00.000,3.44,145.2,-2.83,1.96
2026-03-08T04:40:00.000,4.25,167.93,-4.15,0.89
2026-03-08T04:50:00.000,2.87,155.5,-2.62,1.19
2026-03-08T05:00:00.000,3.45,189.13,-3.4,-0.55
2026-03-08T05:10:00.000,3.25,137.21,-2.39,2.21
2026-03-08T05:20:00.000,2.88,126.62,-1.72,2.31
2026-03-08T05:30:00.000,3.04,194.18,-2.94,-0.74
2026-03-08T05:40:00.000,7.14,143.85,-5.77,4.21
2026-03-08T05:50:00.000,4.42,123.54,-2.44,3.69
2026-03-08T06:00:00.000,5.15,167.84,-5.04,1.09
2026-03-08T06:10:00.000,5.52,147.97,-4.68,2.93
2026-03-08T06:20:00.000,5.63,195.24,-5.43,-1.48
2026-03-08T06:30:00.000,9.04,198.16,-8.59,-2.82
2026-03-08T06:40:00.000,8.7,195.34,-8.39,-2.3
2026-03-08T06:50:00.000,6.93,189.52,-6.83,-1.15
2026-03-08T07:00:00.000,8.13,200.16,-7.63,-2.8
2026-03-08T07:10:00.000,6.09,200.8,-5.69,-2.16
2026-03-08T07:20:00.000,5.61,190.47,-5.52,-1.02
2026-03-08T07:30:00.000,7.4,191.41,-7.25,-1.46
2026-03-08T07:40:00.000,6.07,190.91,-5.96,-1.15
2026-03-08T07:50:00.000,5.12,211.99,-4.34,-2.71
2026-03-08T08:00:00.000,3.05,194.08,-2.96,-0.74
2026-03-08T08:10:00.000,3.8,208.74,-3.33,-1.83
2026-03-08T08:20:00.000,5.09,210.83,-4.37,-2.61
2026-03-08T08:30:00.000,5.01,211.68,-4.26,-2.63
2026-03-08T08:40:00.000,5.06,204.71,-4.6,-2.11
2026-03-08T08:50:00.000,4.55,192.44,-4.44,-0.98
2026-03-08T09:00:00.000,4.02,197.02,-3.85,-1.18
2026-03-08T09:10:00.000,7.11,198.86,-6.73,-2.3
2026-03-08T09:20:00.000,6.31,192.69,-6.16,-1.39
2026-03-08T09:30:00.000,7.17,194.18,-6.95,-1.76
2026-03-08T09:40:00.000,5.42,195.71,-5.22,-1.47
2026-03-08T09:50:00.000,8.02,192.03,-7.85,-1.67
2026-03-08T10:00:00.000,8.47,197.04,-8.1,-2.48
2026-03-08T10:10:00.000,9.85,199.14,-9.31,-3.23
2026-03-08T10:20:00.000,10.43,198.71,-9.88,-3.35
2026-03-08T10:30:00.000,9.97,196.6,-9.55,-2.85
2026-03-08T10:40:00.000,10.1,198.84,-9.56,-3.26
2026-03-08T10:50:00.000,10.28,198.38,-9.76,-3.24
2026-03-08T11:00:00.000,12.32,202.45,-11.39,-4.71
2026-03-08T11:10:00.000,12.29,204.86,-11.15,-5.17
2026-03-08T11:20:00.000,13.19,205.53,-11.9,-5.68
2026-03-08T11:30:00.000,12.28,204.5,-11.17,-5.09
2026-03-08T11:40:00.000,14.27,206.35,-12.79,-6.33
2026-03-08T11:50:00.000,13.35,205.98,-12,-5.85
2026-03-08T12:00:00.000,13.46,205.17,-12.18,-5.73
2026-03-08T12:10:00.000,12.01,206.19,-10.78,-5.3
2026-03-08T12:20:00.000,12.48,206.44,-11.17,-5.55
2026-03-08T12:30:00.000,10.96,202.82,-10.11,-4.25
2026-03-08T12:40:00.000,11.28,205.44,-10.18,-4.84
2026-03-08T12:50:00.000,10.7,203.49,-9.82,-4.27
2026-03-08T13:00:00.000,10.43,203.49,-9.57,-4.16
2026-03-08T13:10:00.000,9.74,201.61,-9.06,-3.59
2026-03-08T13:20:00.000,9.76,201.51,-9.08,-3.58
2026-03-08T13:30:00.000,6.72,180.42,-6.72,-0.05
2026-03-08T13:40:00.000,8.9,197.08,-8.51,-2.61
2026-03-08T13:50:00.000,9.27,196.52,-8.89,-2.64
2026-03-08T14:00:00.000,9.04,197.06,-8.64,-2.65
2026-03-08T14:10:00.000,8.46,196.29,-8.12,-2.37
2026-03-08T14:20:00.000,7.88,195.15,-7.61,-2.06
2026-03-08T14:30:00.000,8.58,192.07,-8.39,-1.79
2026-03-08T14:40:00.000,8.24,188.88,-8.14,-1.27
2026-03-08T14:50:00.000,8.73,189.03,-8.62,-1.37
2026-03-08T15:00:00.000,7.31,192.97,-7.13,-1.64
2026-03-08T15:10:00.000,7.63,195.16,-7.36,-1.99
2026-03-08T15:20:00.000,6.97,200.54,-6.52,-2.44
2026-03-08T15:30:00.000,7.99,199.1,-7.55,-2.62
2026-03-08T15:40:00.000,6.71,207.02,-5.98,-3.05
2026-03-08T15:50:00.000,6.84,206.14,-6.14,-3.01
2026-03-08T16:00:00.000,7.26,205.59,-6.55,-3.13
2026-03-08T16:10:00.000,7.36,211.65,-6.26,-3.86
2026-03-08T16:20:00.000,7.37,209.39,-6.42,-3.62
2026-03-08T16:30:00.000,6.37,214.51,-5.25,-3.61
2026-03-08T16:40:00.000,6.84,219.49,-5.28,-4.35
2026-03-08T16:50:00.000,5.11,222.69,-3.75,-3.46
2026-03-08T17:00:00.000,7.16,215.49,-5.83,-4.16
2026-03-08T17:10:00.000,6.34,223.84,-4.57,-4.39
2026-03-08T17:20:00.000,5.48,228.45,-3.64,-4.1
2026-03-08T17:30:00.000,6.25,229.44,-4.06,-4.75
2026-03-08T17:40:00.000,3.96,233.91,-2.33,-3.2
2026-03-08T17:50:00.000,5.89,233.36,-3.52,-4.73
2026-03-08T18:00:00.000,5.53,235.75,-3.11,-4.57
2026-03-08T18:10:00.000,5.75,238.76,-2.98,-4.91
2026-03-08T18:20:00.000,4.07,233.96,-2.39,-3.29
2026-03-08T18:30:00.000,2.97,228.37,-1.98,-2.22
2026-03-08T18:40:00.000,3.41,228.56,-2.26,-2.55
2026-03-08T18:50:00.000,2.41,229.32,-1.57,-1.83
2026-03-08T19:00:00.000,3.56,227.39,-2.41,-2.62
2026-03-08T19:10:00.000,0.66,330.88,0.58,-0.32
2026-03-08T19:20:00.000,2.67,52.01,1.64,2.1
2026-03-08T19:30:00.000,5.11,107.46,-1.53,4.87
2026-03-08T19:40:00.000,4.76,105.51,-1.27,4.59
2026-03-08T19:50:00.000,4.03,110.07,-1.38,3.78
2026-03-08T20:00:00.000,3.65,101.79,-0.75,3.57
2026-03-08T20:10:00.000,3.21,87.86,0.12,3.21
2026-03-08T20:20:00.000,5.04,104.75,-1.28,4.87
2026-03-08T20:30:00.000,4.48,86.4,0.28,4.47
2026-03-08T20:40:00.000,3.54,110.24,-1.23,3.32
2026-03-08T20:50:00.000,7.21,103.59,-1.69,7
2026-03-08T21:00:00.000,6.73,80.02,1.17,6.63
2026-03-08T21:10:00.000,7.01,91.72,-0.21,7.01
2026-03-08T21:20:00.000,4.86,87.87,0.18,4.86
2026-03-08T21:30:00.000,3.95,78.04,0.82,3.86
2026-03-08T21:40:00.000,6.28,94.99,-0.55,6.25
2026-03-08T21:50:00.000,5.02,76.2,1.2,4.88
2026-03-08T22:00:00.000,5.85,77.86,1.23,5.72
2026-03-08T22:10:00.000,6.08,87.4,0.28,6.08
2026-03-08T22:20:00.000,6.97,96.36,-0.77,6.93
2026-03-08T22:30:00.000,3.83,55.74,2.15,3.16
2026-03-08T22:40:00.000,3.01,87.5,0.13,3.01
2026-03-08T22:50:00.000,4.24,91.38,-0.1,4.23
2026-03-08T23:00:00.000,4.48,67.79,1.69,4.15
2026-03-08T23:10:00.000,3.01,99.6,-0.5,2.96
2026-03-08T23:20:00.000,3.06,55.8,1.72,2.53
2026-03-08T23:30:00.000,4.02,100.28,-0.72,3.96
2026-03-08T23:40:00.000,5,66.33,2.01,4.58
2026-03-08T23:50:00.000,4.27,119.92,-2.13,3.7
2026-03-09T00:00:00.000,4,119.28,-1.96,3.49
2026-03-09T00:10:00.000,1.74,129.09,-1.1,1.35
2026-03-09T00:20:00.000,0.27,283.96,0.06,-0.26
2026-03-09T00:30:00.000,4.71,111.08,-1.69,4.39
2026-03-09T00:40:00.000,7.49,94.48,-0.58,7.47
2026-03-09T00:50:00.000,7.07,100.88,-1.33,6.94
2026-03-09T01:00:00.000,4.65,96.24,-0.5,4.62
2026-03-09T01:10:00.000,5.73,102.84,-1.27,5.59
2026-03-09T01:20:00.000,7.7,85.07,0.66,7.67
2026-03-09T01:30:00.000,1.55,340.31,1.45,-0.52
2026-03-09T01:40:00.000,7.17,45.21,5.05,5.09
2026-03-09T01:50:00.000,4.74,97.63,-0.63,4.7
2026-03-09T02:00:00.000,4.8,107.78,-1.47,4.57
2026-03-09T02:10:00.000,3.52,111.13,-1.27,3.28
2026-03-09T02:20:00.000,1.94,140.54,-1.49,1.23
2026-03-09T02:30:00.000,7.41,123.73,-4.12,6.16
2026-03-09T02:40:00.000,9.42,143.41,-7.56,5.62
2026-03-09T02:50:00.000,11.02,140.29,-8.48,7.04
2026-03-09T03:00:00.000,9.68,142.35,-7.67,5.91
2026-03-09T03:10:00.000,7.2,149.91,-6.23,3.61
2026-03-09T03:20:00.000,7.24,150.37,-6.29,3.58
2026-03-09T03:30:00.000,7.75,144.04,-6.27,4.55
2026-03-09T03:40:00.000,9.27,139.15,-7.02,6.07
2026-03-09T03:50:00.000,8.5,134.6,-5.97,6.05
2026-03-09T04:00:00.000,8.94,139.74,-6.82,5.78
2026-03-09T04:10:00.000,7.5,125.71,-4.38,6.09
2026-03-09T04:20:00.000,7.18,136.45,-5.21,4.95
2026-03-09T04:30:00.000,4.67,125.18,-2.69,3.82
2026-03-09T04:40:00.000,7.41,88.5,0.19,7.41
2026-03-09T04:50:00.000,3.09,98.26,-0.44,3.06
2026-03-09T05:00:00.000,2.95,232.23,-1.81,-2.33
2026-03-09T05:10:00.000,2.5,134.74,-1.76,1.77
2026-03-09T05:20:00.000,3.5,92.25,-0.14,3.49
2026-03-09T05:30:00.000,8.38,134.52,-5.87,5.97
2026-03-09T05:40:00.000,5.71,143.09,-4.57,3.43
2026-03-09T05:50:00.000,5.22,149.03,-4.47,2.68
2026-03-09T06:00:00.000,5.02,155.03,-4.55,2.12
2026-03-09T06:10:00.000,4.09,161.66,-3.88,1.29
2026-03-09T06:20:00.000,6.91,152.65,-6.14,3.17
2026-03-09T06:30:00.000,5.78,159.15,-5.4,2.06
2026-03-09T06:40:00.000,3.96,155.34,-3.6,1.65
2026-03-09T06:50:00.000,5.76,166.62,-5.61,1.33
2026-03-09T07:00:00.000,5.14,149.05,-4.41,2.65
2026-03-09T07:10:00.000,4.29,180.45,-4.29,-0.03
2026-03-09T07:20:00.000,3.35,220.21,-2.56,-2.16
2026-03-09T07:30:00.000,4.08,206.08,-3.67,-1.8
2026-03-09T07:40:00.000,4.12,199.56,-3.88,-1.38
2026-03-09T07:50:00.000,4.91,195.88,-4.72,-1.34
2026-03-09T08:00:00.000,5.17,167.62,-5.05,1.11
2026-03-09T08:10:00.000,5.39,195.13,-5.2,-1.41
2026-03-09T08:20:00.000,4.27,164.45,-4.11,1.14
2026-03-09T08:30:00.000,5.43,164.29,-5.23,1.47
2026-03-09T08:40:00.000,4.31,173.57,-4.29,0.48
2026-03-09T08:50:00.000,4.32,174.37,-4.3,0.42
2026-03-09T09:00:00.000,4.22,184.72,-4.21,-0.35
2026-03-09T09:10:00.000,3.72,185.5,-3.7,-0.36
2026-03-09T09:20:00.000,3.98,188.21,-3.94,-0.57
2026-03-09T09:30:00.000,3.38,180.28,-3.38,-0.02
2026-03-09T09:40:00.000,4.64,177.3,-4.63,0.22
2026-03-09T09:50:00.000,6.78,153.31,-6.06,3.04
2026-03-09T10:00:00.000,4.41,160.01,-4.15,1.51
2026-03-09T10:10:00.000,5.57,146.02,-4.62,3.11
2026-03-09T10:20:00.000,7.9,143.81,-6.38,4.67
2026-03-09T10:30:00.000,6.9,146.27,-5.74,3.83
2026-03-09T10:40:00.000,5.51,147.88,-4.67,2.93
2026-03-09T10:50:00.000,5.23,142.85,-4.17,3.16
2026-03-09T11:00:00.000,6.09,137.97,-4.53,4.08
2026-03-09T11:10:00.000,6.23,145.26,-5.12,3.55
2026-03-09T11:20:00.000,6.08,148.89,-5.21,3.14
2026-03-09T11:30:00.000,4.51,191.31,-4.42,-0.88
2026-03-09T11:40:00.000,4.78,151.92,-4.22,2.25
2026-03-09T11:50:00.000,7.51,196.33,-7.21,-2.11
2026-03-09T12:00:00.000,6.96,206.32,-6.24,-3.09
2026-03-09T12:10:00.000,8.13,213.07,-6.81,-4.43
2026-03-09T12:20:00.000,7.54,221.8,-5.62,-5.02
2026-03-09T12:30:00.000,5.93,212.69,-4.99,-3.2
2026-03-09T12:40:00.000,4.71,223.67,-3.41,-3.25
2026-03-09T12:50:00.000,4.87,220.86,-3.69,-3.19
2026-03-09T13:00:00.000,5.79,209.79,-5.02,-2.87
2026-03-09T13:10:00.000,6,205.4,-5.42,-2.57
2026-03-09T13:20:00.000,4.25,205.35,-3.84,-1.82
2026-03-09T13:30:00.000,4.08,214.86,-3.35,-2.33
2026-03-09T13:40:00.000,4.65,220.56,-3.53,-3.02
2026-03-09T13:50:00.000,5.04,217.04,-4.02,-3.03
2026-03-09T14:00:00.000,4.11,229.96,-2.64,-3.15
2026-03-09T14:10:00.000,4.29,210.18,-3.71,-2.16
2026-03-09T14:20:00.000,3.5,200.98,-3.27,-1.25
2026-03-09T14:30:00.000,4.33,189.21,-4.28,-0.69
2026-03-09T14:40:00.000,4.16,215,-3.4,-2.38
2026-03-09T14:50:00.000,5.51,214.61,-4.54,-3.13
2026-03-09T15:00:00.000,5.28,209.67,-4.59,-2.61
2026-03-09T15:10:00.000,2.88,189.75,-2.84,-0.49
2026-03-09T15:20:00.000,5.59,216.8,-4.47,-3.35
2026-03-09T15:30:00.000,6.91,215.35,-5.64,-4
2026-03-09T15:40:00.000,6.04,216.94,-4.83,-3.63
2026-03-09T15:50:00.000,5.86,215.75,-4.75,-3.42
2026-03-09T16:00:00.000,6.67,216.23,-5.38,-3.95
2026-03-09T16:10:00.000,6.74,226.64,-4.63,-4.9
2026-03-09T16:20:00.000,5.81,224.7,-4.13,-4.09
2026-03-09T16:30:00.000,6.76,222.05,-5.02,-4.53
2026-03-09T16:40:00.000,5.7,219.59,-4.39,-3.63
2026-03-09T16:50:00.000,7.09,220.59,-5.38,-4.61
2026-03-09T17:00:00.000,6.88,216.41,-5.53,-4.08
2026-03-09T17:10:00.000,5.18,210.9,-4.45,-2.66
2026-03-09T17:20:00.000,5.8,206.29,-5.2,-2.57
2026-03-09T17:30:00.000,4.66,210.85,-4,-2.39
2026-03-09T17:40:00.000,2.66,196.38,-2.55,-0.75
2026-03-09T17:50:00.000,7.23,116.53,-3.23,6.47
2026-03-09T18:00:00.000,2.61,111.36,-0.95,2.43
2026-03-09T18:10:00.000,3.44,72.06,1.06,3.27
2026-03-09T18:20:00.000,3.99,111.69,-1.48,3.71
2026-03-09T18:30:00.000,4.09,91.21,-0.09,4.08
2026-03-09T18:40:00.000,5.4,101.69,-1.09,5.29
2026-03-09T18:50:00.000,3.8,127.28,-2.3,3.02
2026-03-09T19:00:00.000,3.29,105.05,-0.86,3.18
2026-03-09T19:10:00.000,6.81,65.85,2.79,6.22
2026-03-09T19:20:00.000,1.51,67.73,0.57,1.39
2026-03-09T19:30:00.000,1.76,317.53,1.3,-1.19
2026-03-09T19:40:00.000,2.49,336.77,2.29,-0.98
2026-03-09T19:50:00.000,0.73,323.53,0.59,-0.43
2026-03-09T20:00:00.000,2.15,127.88,-1.32,1.7
2026-03-09T20:10:00.000,6.02,133.23,-4.12,4.39
2026-03-09T20:20:00.000,9.36,97.1,-1.16,9.29
2026-03-09T20:30:00.000,9,126.57,-5.36,7.23
2026-03-09T20:40:00.000,5.35,125.13,-3.08,4.37
2026-03-09T20:50:00.000,2.39,70.43,0.8,2.25
2026-03-09T21:00:00.000,2.23,104.13,-0.54,2.16
2026-03-09T21:10:00.000,3.06,70.47,1.02,2.89
2026-03-09T21:20:00.000,2.2,93.14,-0.12,2.2
2026-03-09T21:30:00.000,7.15,109.42,-2.38,6.74
2026-03-09T21:40:00.000,6.56,99.97,-1.14,6.46
2026-03-09T21:50:00.000,0.06,313,0.04,-0.05
2026-03-09T22:00:00.000,2.11,79.13,0.4,2.07
2026-03-09T22:10:00.000,0.14,299.24,0.07,-0.13
2026-03-09T22:20:00.000,1.36,319.21,1.03,-0.89
2026-03-09T22:30:00.000,0.66,319.96,0.51,-0.43
2026-03-09T22:40:00.000,3.29,10.66,3.24,0.61
2026-03-09T22:50:00.000,2.13,6.4,2.12,0.24
2026-03-09T23:00:00.000,3.74,57.11,2.03,3.14
2026-03-09T23:10:00.000,2.82,337.68,2.61,-1.07
2026-03-09T23:20:00.000,4.02,15,3.88,1.04
2026-03-09T23:30:00.000,1.45,82.57,0.19,1.43
2026-03-09T23:40:00.000,1.89,135.75,-1.36,1.32
2026-03-09T23:50:00.000,3.19,274.48,0.25,-3.18
2026-03-10T00:00:00.000,3.28,104.5,-0.82,3.18
2026-03-10T00:10:00.000,0.41,201.82,-0.38,-0.15
2026-03-10T00:20:00.000,0.56,301.55,0.29,-0.48
2026-03-10T00:30:00.000,2.08,221.71,-1.55,-1.38
2026-03-10T00:40:00.000,3.13,189.27,-3.08,-0.5
2026-03-10T00:50:00.000,6.23,65.9,2.54,5.69
2026-03-10T01:00:00.000,4.75,147.83,-4.02,2.53
2026-03-10T01:10:00.000,4,65.62,1.65,3.64
2026-03-10T01:20:00.000,1.35,61.15,0.65,1.19
2026-03-10T01:30:00.000,1.71,154.33,-1.54,0.74
2026-03-10T01:40:00.000,3.31,108.6,-1.06,3.14
2026-03-10T01:50:00.000,3.44,90.09,-0.01,3.44
2026-03-10T02:00:00.000,1.69,107.75,-0.52,1.61
2026-03-10T02:10:00.000,2.6,110.02,-0.89,2.44
2026-03-10T02:20:00.000,0.89,69.22,0.31,0.83
2026-03-10T02:30:00.000,1.95,69.74,0.67,1.83
2026-03-10T02:40:00.000,3.47,68,1.3,3.21
2026-03-10T02:50:00.000,9.71,125.54,-5.65,7.9
2026-03-10T03:00:00.000,12.44,130.96,-8.16,9.4
2026-03-10T03:10:00.000,12.05,133.86,-8.35,8.69
2026-03-10T03:20:00.000,7.54,119.12,-3.67,6.58
2026-03-10T03:30:00.000,8.97,141.61,-7.03,5.57
2026-03-10T03:40:00.000,6.96,136.56,-5.05,4.79
2026-03-10T03:50:00.000,7.41,134.66,-5.21,5.27
2026-03-10T04:00:00.000,4.55,143.05,-3.64,2.74
2026-03-10T04:10:00.000,6.12,147.92,-5.18,3.25
2026-03-10T04:20:00.000,6.26,148.16,-5.32,3.3
2026-03-10T04:30:00.000,6.91,150.58,-6.02,3.4
2026-03-10T04:40:00.000,4.87,154.76,-4.4,2.08
2026-03-10T04:50:00.000,4,163.14,-3.82,1.16
2026-03-10T05:00:00.000,3.42,169.23,-3.36,0.64
2026-03-10T05:10:00.000,4.74,140.77,-3.67,3
2026-03-10T05:20:00.000,6.47,147.18,-5.44,3.51
2026-03-10T05:30:00.000,6.21,133.7,-4.29,4.49
2026-03-10T05:40:00.000,6.3,139.46,-4.79,4.1
2026-03-10T05:50:00.000,4.96,103.62,-1.17,4.82
2026-03-10T06:00:00.000,7.24,131.74,-4.82,5.4
2026-03-10T06:10:00.000,4.17,138.49,-3.12,2.77
2026-03-10T06:20:00.000,5.86,128.11,-3.62,4.61
2026-03-10T06:30:00.000,4.2,105.96,-1.15,4.04
2026-03-10T06:40:00.000,4.43,130.26,-2.87,3.38
2026-03-10T06:50:00.000,3.87,126.49,-2.3,3.12
2026-03-10T07:00:00.000,6.92,145.33,-5.69,3.94
2026-03-10T07:10:00.000,7.1,144.51,-5.78,4.12
2026-03-10T07:20:00.000,4.82,156.2,-4.41,1.94
2026-03-10T07:30:00.000,5.37,180.59,-5.37,-0.05
2026-03-10T07:40:00.000,4.1,160.46,-3.86,1.37
2026-03-10T07:50:00.000,2.48,121.3,-1.29,2.12
2026-03-10T08:00:00.000,1.41,235.28,-0.81,-1.16
2026-03-10T08:10:00.000,1.67,187.04,-1.66,-0.2
2026-03-10T08:20:00.000,2.02,171.6,-2,0.3
2026-03-10T08:30:00.000,4.05,193.76,-3.93,-0.96
2026-03-10T08:40:00.000,5.04,184.16,-5.03,-0.37
2026-03-10T08:50:00.000,9.31,140.25,-7.16,5.95
2026-03-10T09:00:00.000,9.01,144.28,-7.31,5.26
2026-03-10T09:10:00.000,7.82,141.68,-6.13,4.85
2026-03-10T09:20:00.000,7.34,147.33,-6.18,3.96
2026-03-10T09:30:00.000,5.49,164.88,-5.3,1.43
2026-03-10T09:40:00.000,5.57,163.14,-5.33,1.62
2026-03-10T09:50:00.000,6.54,146.55,-5.45,3.6
2026-03-10T10:00:00.000,5.33,158.39,-4.96,1.96
2026-03-10T10:10:00.000,4.57,162.18,-4.35,1.4
2026-03-10T10:20:00.000,5.65,187.72,-5.6,-0.76
2026-03-10T10:30:00.000,3.62,158.1,-3.36,1.35
2026-03-10T10:40:00.000,5.74,183.32,-5.73,-0.33
2026-03-10T10:50:00.000,5.29,183.68,-5.27,-0.34
2026-03-10T11:00:00.000,6.09,175.09,-6.06,0.52
2026-03-10T11:10:00.000,5.52,161.62,-5.23,1.74
2026-03-10T11:20:00.000,6.05,176.28,-6.04,0.39
2026-03-10T11:30:00.000,6.5,193.81,-6.31,-1.55
2026-03-10T11:40:00.000,6.4,192.47,-6.25,-1.38
2026-03-10T11:50:00.000,4.61,184.07,-4.59,-0.33
2026-03-10T12:00:00.000,4.68,165.53,-4.53,1.17
2026-03-10T12:10:00.000,5.32,185.12,-5.3,-0.47
2026-03-10T12:20:00.000,4.92,180.78,-4.92,-0.07
2026-03-10T12:30:00.000,5.23,187.42,-5.19,-0.67
2026-03-10T12:40:00.000,4.83,195.73,-4.65,-1.31
2026-03-10T12:50:00.000,4.71,180.29,-4.71,-0.02
2026-03-10T13:00:00.000,4.29,191.96,-4.2,-0.89
2026-03-10T13:10:00.000,3.86,195.21,-3.72,-1.01
2026-03-10T13:20:00.000,4.14,175.98,-4.13,0.29
2026-03-10T13:30:00.000,4.13,166.72,-4.02,0.95
2026-03-10T13:40:00.000,0.74,120.24,-0.37,0.64
2026-03-10T13:50:00.000,1.6,40.62,1.21,1.04
2026-03-10T14:00:00.000,1.64,186.79,-1.63,-0.19
2026-03-10T14:10:00.000,0.76,143.83,-0.61,0.45
2026-03-10T14:20:00.000,1.92,131.14,-1.26,1.44
2026-03-10T14:30:00.000,3.36,122.04,-1.78,2.84
2026-03-10T14:40:00.000,1.95,145.85,-1.61,1.09
2026-03-10T14:50:00.000,3.55,137.21,-2.6,2.41
2026-03-10T15:00:00.000,3.76,120.52,-1.91,3.24
2026-03-10T15:10:00.000,2.88,121.82,-1.52,2.45
2026-03-10T15:20:00.000,1.71,183.49,-1.71,-0.1
2026-03-10T15:30:00.000,3.22,105.18,-0.84,3.11
2026-03-10T15:40:00.000,3.44,106.42,-0.97,3.3
2026-03-10T15:50:00.000,2.42,103.11,-0.55,2.36
2026-03-10T16:00:00.000,1.59,208.86,-1.39,-0.77
2026-03-10T16:10:00.000,1.58,155.96,-1.44,0.64
2026-03-10T16:20:00.000,2.81,181.32,-2.81,-0.06
2026-03-10T16:30:00.000,4.36,208,-3.85,-2.05
2026-03-10T16:40:00.000,4.63,194.57,-4.48,-1.17
2026-03-10T16:50:00.000,1.26,98.96,-0.2,1.25
2026-03-10T17:00:00.000,1.87,13.48,1.81,0.44
2026-03-10T17:10:00.000,3.57,83.23,0.42,3.54
2026-03-10T17:20:00.000,3.26,112.93,-1.27,3.01
2026-03-10T17:30:00.000,3.05,145.65,-2.52,1.72
2026-03-10T17:40:00.000,3.55,226.52,-2.44,-2.57
2026-03-10T17:50:00.000,4.88,225.07,-3.45,-3.46
2026-03-10T18:00:00.000,6.68,221.1,-5.04,-4.39
2026-03-10T18:10:00.000,6.73,233.47,-4,-5.41
2026-03-10T18:20:00.000,5.93,266.89,-0.32,-5.92
2026-03-10T18:30:00.000,4.09,238.28,-2.15,-3.48
2026-03-10T18:40:00.000,4.28,248.99,-1.53,-3.99
2026-03-10T18:50:00.000,3.59,257.81,-0.76,-3.5
2026-03-10T19:00:00.000,0.21,324.67,0.17,-0.12
2026-03-10T19:10:00.000,1.04,67.55,0.4,0.96
2026-03-10T19:20:00.000,3.41,16.53,3.26,0.97
2026-03-10T19:30:00.000,2.14,120.28,-1.08,1.85
2026-03-10T19:40:00.000,6.26,91.11,-0.12,6.25
2026-03-10T19:50:00.000,3.5,82.94,0.43,3.47
2026-03-10T20:00:00.000,4.3,96.26,-0.47,4.28
2026-03-10T20:10:00.000,4.73,144.15,-3.83,2.77
2026-03-10T20:20:00.000,3.96,207.15,-3.52,-1.81
2026-03-10T20:30:00.000,1.68,192.35,-1.64,-0.36
2026-03-10T20:40:00.000,1.26,245.19,-0.53,-1.15
2026-03-10T20:50:00.000,0.74,272.46,0.03,-0.74
2026-03-10T21:00:00.000,0.34,307.85,0.21,-0.27
2026-03-10T21:10:00.000,0.51,302.52,0.27,-0.43
2026-03-10T21:20:00.000,1.46,338.75,1.36,-0.53
2026-03-10T21:30:00.000,2.14,21.71,1.99,0.79
2026-03-10T21:40:00.000,2.51,31.62,2.14,1.32
2026-03-10T21:50:00.000,0.63,163,-0.6,0.18
2026-03-10T22:00:00.000,0.86,253.21,-0.25,-0.82
2026-03-10T22:10:00.000,4.33,63.29,1.95,3.87
2026-03-10T22:20:00.000,7.25,12.22,7.09,1.54
2026-03-10T22:30:00.000,7.3,23.35,6.7,2.89
2026-03-10T22:40:00.000,6.72,11.51,6.59,1.34
2026-03-10T22:50:00.000,2.33,323.02,1.86,-1.4
2026-03-10T23:00:00.000,4.94,71.22,1.59,4.68
2026-03-10T23:10:00.000,1.32,119.26,-0.65,1.16
2026-03-10T23:20:00.000,5.56,70.36,1.87,5.23
2026-03-10T23:30:00.000,5.07,59.45,2.58,4.37
2026-03-10T23:40:00.000,0.93,22.13,0.86,0.35
2026-03-10T23:50:00.000,0.6,117.48,-0.28,0.53
2026-03-11T00:00:00.000,0.57,103.77,-0.14,0.56
2026-03-11T00:10:00.000,2.43,119.77,-1.21,2.11
2026-03-11T00:20:00.000,6.79,83.37,0.78,6.74
2026-03-11T00:30:00.000,3.39,96.45,-0.38,3.37
2026-03-11T00:40:00.000,5.57,109.14,-1.83,5.26
2026-03-11T00:50:00.000,7.15,118.67,-3.43,6.27
2026-03-11T01:00:00.000,9.04,134.14,-6.29,6.49
2026-03-11T01:10:00.000,5.97,117.98,-2.8,5.27
2026-03-11T01:20:00.000,5.76,117.86,-2.69,5.1
2026-03-11T01:30:00.000,7.45,133.28,-5.1,5.42
2026-03-11T01:40:00.000,5.3,122.29,-2.83,4.48
2026-03-11T01:50:00.000,6.15,128.27,-3.81,4.83
2026-03-11T02:00:00.000,6.28,138.31,-4.69,4.18
2026-03-11T02:10:00.000,4.6,128.04,-2.84,3.63
2026-03-11T02:20:00.000,4.64,112.04,-1.74,4.3
2026-03-11T02:30:00.000,4.85,151.44,-4.26,2.32
2026-03-11T02:40:00.000,5.67,111.45,-2.07,5.28
2026-03-11T02:50:00.000,8.18,113.97,-3.32,7.47
2026-03-11T03:00:00.000,10.48,143.92,-8.47,6.17
2026-03-11T03:10:00.000,10.05,143.45,-8.07,5.98
2026-03-11T03:20:00.000,6.3,129.68,-4.02,4.85
2026-03-11T03:30:00.000,4.7,103.89,-1.13,4.56
2026-03-11T03:40:00.000,4.08,48.65,2.7,3.06
2026-03-11T03:50:00.000,4.95,320.33,3.81,-3.16
2026-03-11T04:00:00.000,5.72,62.61,2.63,5.08
2026-03-11T04:10:00.000,2.09,129.43,-1.33,1.61
2026-03-11T04:20:00.000,4.76,90,0,4.76
2026-03-11T04:30:00.000,1.63,115.58,-0.71,1.47
2026-03-11T04:40:00.000,3.48,193.11,-3.39,-0.79
2026-03-11T04:50:00.000,4.26,221.28,-3.2,-2.81
2026-03-11T05:00:00.000,4.5,175.26,-4.49,0.37
2026-03-11T05:10:00.000,3.59,153.26,-3.21,1.62
2026-03-11T05:20:00.000,4.01,200.92,-3.74,-1.43
2026-03-11T05:30:00.000,7.17,214.62,-5.9,-4.08
2026-03-11T05:40:00.000,4.29,206.21,-3.85,-1.9
2026-03-11T05:50:00.000,3.81,215.71,-3.09,-2.22
2026-03-11T06:00:00.000,4.1,210.43,-3.53,-2.08
2026-03-11T06:10:00.000,5.01,195.57,-4.83,-1.35
2026-03-11T06:20:00.000,3.91,199.69,-3.69,-1.32
2026-03-11T06:30:00.000,6.13,171.3,-6.06,0.93
2026-03-11T06:40:00.000,6.89,181.09,-6.89,-0.13
2026-03-11T06:50:00.000,4.11,181.91,-4.11,-0.14
2026-03-11T07:00:00.000,9.21,193.01,-8.97,-2.07
2026-03-11T07:10:00.000,4.68,197.49,-4.46,-1.41
2026-03-11T07:20:00.000,4.06,197.05,-3.88,-1.19
2026-03-11T07:30:00.000,4.87,176.06,-4.86,0.33
2026-03-11T07:40:00.000,7.17,185.95,-7.13,-0.74
2026-03-11T07:50:00.000,4.37,206.18,-3.92,-1.93
2026-03-11T08:00:00.000,5.04,202.64,-4.65,-1.94
2026-03-11T08:10:00.000,4.69,226.14,-3.25,-3.38
2026-03-11T08:20:00.000,5.33,207.98,-4.71,-2.5
2026-03-11T08:30:00.000,4.89,231.39,-3.05,-3.82
2026-03-11T08:40:00.000,2.7,222.69,-1.99,-1.83
2026-03-11T08:50:00.000,2.83,194.19,-2.74,-0.69
2026-03-11T09:00:00.000,2.98,288.25,0.93,-2.83
2026-03-11T09:10:00.000,0.52,258.43,-0.1,-0.51
2026-03-11T09:20:00.000,4.84,204.82,-4.39,-2.03
2026-03-11T09:30:00.000,6.16,207.81,-5.45,-2.87
2026-03-11T09:40:00.000,5.14,199.29,-4.85,-1.7
2026-03-11T09:50:00.000,7.23,169.54,-7.11,1.31
2026-03-11T10:00:00.000,7.04,178.36,-7.04,0.2
2026-03-11T10:10:00.000,7.27,183.09,-7.26,-0.39
2026-03-11T10:20:00.000,7.8,171.09,-7.7,1.21
2026-03-11T10:30:00.000,4.34,145.76,-3.59,2.44
2026-03-11T10:40:00.000,6.88,167.01,-6.71,1.55
2026-03-11T10:50:00.000,8.5,158.52,-7.91,3.11
2026-03-11T11:00:00.000,7.74,166.61,-7.53,1.79
2026-03-11T11:10:00.000,8.31,163.27,-7.96,2.39
2026-03-11T11:20:00.000,7.95,162.84,-7.6,2.35
2026-03-11T11:30:00.000,6.77,161.4,-6.42,2.16
2026-03-11T11:40:00.000,8.45,157.93,-7.83,3.18
2026-03-11T11:50:00.000,7.85,149.04,-6.73,4.04
2026-03-11T12:00:00.000,7.44,155.01,-6.75,3.14
2026-03-11T12:10:00.000,6.75,148.66,-5.76,3.51
2026-03-11T12:20:00.000,6.97,139.76,-5.32,4.5
2026-03-11T12:30:00.000,7.75,152.56,-6.88,3.57
2026-03-11T12:40:00.000,6.88,154.06,-6.18,3.01
2026-03-11T12:50:00.000,6.47,149.24,-5.56,3.31
2026-03-11T13:00:00.000,5.86,147.84,-4.96,3.12
2026-03-11T13:10:00.000,6.98,142.57,-5.55,4.24
2026-03-11T13:20:00.000,5.51,147.46,-4.64,2.96
2026-03-11T13:30:00.000,5.48,126.18,-3.24,4.43
2026-03-11T13:40:00.000,5.29,112.69,-2.04,4.88
2026-03-11T13:50:00.000,5.05,141.64,-3.96,3.13
2026-03-11T14:00:00.000,4.89,144.18,-3.96,2.86
2026-03-11T14:10:00.000,4.16,146.47,-3.47,2.3
2026-03-11T14:20:00.000,5.19,143.59,-4.18,3.08
2026-03-11T14:30:00.000,3.95,145.53,-3.26,2.24
2026-03-11T14:40:00.000,3.02,140.01,-2.31,1.94
2026-03-11T14:50:00.000,4.07,102.75,-0.9,3.97
2026-03-11T15:00:00.000,4.58,108.53,-1.46,4.35
2026-03-11T15:10:00.000,3.62,118.87,-1.75,3.17
2026-03-11T15:20:00.000,3.93,118.04,-1.85,3.47
2026-03-11T15:30:00.000,4.46,117.41,-2.05,3.96
2026-03-11T15:40:00.000,4,116.09,-1.76,3.59
2026-03-11T15:50:00.000,5.36,108.65,-1.71,5.08
2026-03-11T16:00:00.000,4.69,105.64,-1.26,4.51
2026-03-11T16:10:00.000,4.46,89.4,0.05,4.46
2026-03-11T16:20:00.000,5.34,93.59,-0.33,5.33
2026-03-11T16:30:00.000,5.01,86.04,0.35,5
2026-03-11T16:40:00.000,3.94,81.41,0.59,3.9
2026-03-11T16:50:00.000,4.54,60.33,2.25,3.94
2026-03-11T17:00:00.000,5.49,64.96,2.32,4.97
2026-03-11T17:10:00.000,3.75,68.37,1.38,3.49
2026-03-11T17:20:00.000,3.79,88.34,0.11,3.78
2026-03-11T17:30:00.000,4.35,59.64,2.2,3.75
2026-03-11T17:40:00.000,3.98,88.34,0.12,3.98
2026-03-11T17:50:00.000,4.43,102.53,-0.96,4.32
2026-03-11T18:00:00.000,2.98,88.99,0.05,2.98
2026-03-11T18:10:00.000,4.39,68.93,1.58,4.1
2026-03-11T18:20:00.000,3,354.91,2.99,-0.27
2026-03-11T18:30:00.000,3.4,20.41,3.18,1.18
2026-03-11T18:40:00.000,2.16,339.39,2.03,-0.76
2026-03-11T18:50:00.000,1.85,43.61,1.34,1.28
2026-03-11T19:00:00.000,3.12,34.35,2.58,1.76
2026-03-11T19:10:00.000,3.56,351.04,3.51,-0.55
2026-03-11T19:20:00.000,1.07,346.7,1.05,-0.25
2026-03-11T19:30:00.000,3.67,17.01,3.51,1.07
2026-03-11T19:40:00.000,3.35,8.99,3.31,0.52
2026-03-11T19:50:00.000,0.61,339.9,0.57,-0.21
2026-03-11T20:00:00.000,1.34,358.62,1.33,-0.03
2026-03-11T20:10:00.000,1.03,16.78,0.99,0.3
2026-03-11T20:20:00.000,0.39,325.06,0.32,-0.22
2026-03-11T20:30:00.000,0.93,318.89,0.7,-0.61
2026-03-11T20:40:00.000,0.56,293.94,0.23,-0.52
2026-03-11T20:50:00.000,0.37,314.24,0.26,-0.27
2026-03-11T21:00:00.000,0.6,297.22,0.28,-0.54
2026-03-11T21:10:00.000,0.9,314.39,0.63,-0.64
2026-03-11T21:20:00.000,2.61,28.3,2.3,1.24
2026-03-11T21:30:00.000,1.02,40.01,0.78,0.65
2026-03-11T21:40:00.000,0.4,11.04,0.39,0.08
2026-03-11T21:50:00.000,1.78,131.05,-1.17,1.34
2026-03-11T22:00:00.000,0.13,149.29,-0.12,0.07
2026-03-11T22:10:00.000,0.22,124.37,-0.13,0.18
2026-03-11T22:20:00.000,0.43,344.1,0.42,-0.12
2026-03-11T22:30:00.000,0.65,13.3,0.63,0.15
2026-03-11T22:40:00.000,2.39,355.08,2.38,-0.2
2026-03-11T22:50:00.000,4.32,357.78,4.31,-0.17
2026-03-11T23:00:00.000,4,28.75,3.5,1.92
2026-03-11T23:10:00.000,1.48,131.33,-0.98,1.11
2026-03-11T23:20:00.000,1.87,105.27,-0.49,1.8
2026-03-11T23:30:00.000,0.23,281.89,0.05,-0.23
2026-03-11T23:40:00.000,0.28,50.27,0.18,0.21
2026-03-11T23:50:00.000,1.5,67.32,0.58,1.38
2026-03-12T00:00:00.000,0.71,17.29,0.68,0.21
2026-03-12T00:10:00.000,3.42,340.55,3.22,-1.14
2026-03-12T00:20:00.000,0.72,5,0.72,0.06
2026-03-12T00:30:00.000,4.98,37.55,3.95,3.03
2026-03-12T00:40:00.000,3.62,37.6,2.87,2.21
2026-03-12T00:50:00.000,1.97,277.11,0.24,-1.96
2026-03-12T01:00:00.000,0.48,76.2,0.12,0.47
2026-03-12T01:10:00.000,1.61,95.18,-0.15,1.6
2026-03-12T01:20:00.000,3.74,93.63,-0.24,3.73
2026-03-12T01:30:00.000,2.97,120.21,-1.5,2.57
2026-03-12T01:40:00.000,1.62,103.77,-0.39,1.58
2026-03-12T01:50:00.000,1.93,116.04,-0.85,1.73
2026-03-12T02:00:00.000,3.17,140.7,-2.45,2
2026-03-12T02:10:00.000,3.62,136.71,-2.64,2.48
2026-03-12T02:20:00.000,3.49,125.6,-2.03,2.84
2026-03-12T02:30:00.000,6.1,133.09,-4.17,4.46
2026-03-12T02:40:00.000,7.42,131.12,-4.88,5.59
2026-03-12T02:50:00.000,7.37,145.97,-6.11,4.13
2026-03-12T03:00:00.000,7.67,137.58,-5.66,5.17
2026-03-12T03:10:00.000,5.83,145.93,-4.83,3.27
2026-03-12T03:20:00.000,4.04,116.76,-1.82,3.61
2026-03-12T03:30:00.000,4.98,145.62,-4.11,2.81
2026-03-12T03:40:00.000,4.85,144.41,-3.95,2.82
2026-03-12T03:50:00.000,4.54,128.31,-2.81,3.56
2026-03-12T04:00:00.000,2.79,127.52,-1.7,2.22
2026-03-12T04:10:00.000,4.52,133.55,-3.11,3.28
2026-03-12T04:20:00.000,5.03,150.75,-4.39,2.46
2026-03-12T04:30:00.000,4.95,154.1,-4.45,2.16
2026-03-12T04:40:00.000,7.11,150.68,-6.2,3.48
2026-03-12T04:50:00.000,7.1,150.26,-6.16,3.52
2026-03-12T05:00:00.000,10.08,134.8,-7.1,7.15
2026-03-12T05:10:00.000,6.37,146.94,-5.34,3.48
2026-03-12T05:20:00.000,6.97,155.25,-6.33,2.92
2026-03-12T05:30:00.000,7.68,154.34,-6.92,3.32
2026-03-12T05:40:00.000,5.42,159.03,-5.06,1.94
2026-03-12T05:50:00.000,5.57,145.13,-4.57,3.18
2026-03-12T06:00:00.000,9.28,131.1,-6.1,7
2026-03-12T06:10:00.000,11.18,130.18,-7.22,8.54
2026-03-12T06:20:00.000,8.14,141.76,-6.39,5.04
2026-03-12T06:30:00.000,10.72,138.97,-8.08,7.03
2026-03-12T06:40:00.000,10.09,135.47,-7.19,7.08
2026-03-12T06:50:00.000,11.14,140.3,-8.57,7.11
2026-03-12T07:00:00.000,9.62,149.17,-8.26,4.93
2026-03-12T07:10:00.000,8.06,148.9,-6.9,4.16
2026-03-12T07:20:00.000,7.56,147.93,-6.41,4.01
2026-03-12T07:30:00.000,6.86,160.04,-6.45,2.34
2026-03-12T07:40:00.000,5.36,157.52,-4.95,2.05
2026-03-12T07:50:00.000,6.01,177.1,-6.01,0.3
2026-03-12T08:00:00.000,9.9,154.49,-8.94,4.26
2026-03-12T08:10:00.000,12.29,142.02,-9.68,7.56
2026-03-12T08:20:00.000,11.67,145.95,-9.67,6.54
2026-03-12T08:30:00.000,11.51,136.85,-8.39,7.87
2026-03-12T08:40:00.000,10.16,141.55,-7.96,6.32
2026-03-12T08:50:00.000,10.17,147.98,-8.62,5.39
2026-03-12T09:00:00.000,8.7,150.7,-7.58,4.26
2026-03-12T09:10:00.000,8.16,146.05,-6.77,4.55
2026-03-12T09:20:00.000,6.07,158.66,-5.66,2.21
2026-03-12T09:30:00.000,3.41,165.84,-3.3,0.83
2026-03-12T09:40:00.000,3.33,150.72,-2.9,1.63
2026-03-12T09:50:00.000,3.47,158.36,-3.23,1.28
2026-03-12T10:00:00.000,6.19,175.2,-6.17,0.52
2026-03-12T10:10:00.000,5.53,168.5,-5.42,1.1
2026-03-12T10:20:00.000,8.95,152.41,-7.93,4.14
2026-03-12T10:30:00.000,5.85,168.29,-5.73,1.19
2026-03-12T10:40:00.000,4.62,149.06,-3.96,2.37
2026-03-12T10:50:00.000,7.76,152.08,-6.85,3.63
2026-03-12T11:00:00.000,7.91,150.86,-6.91,3.85
2026-03-12T11:10:00.000,8.33,146.5,-6.94,4.6
2026-03-12T11:20:00.000,8.6,148.52,-7.33,4.49
2026-03-12T11:30:00.000,7.01,153.05,-6.25,3.18
2026-03-12T11:40:00.000,7.3,151.75,-6.43,3.46
2026-03-12T11:50:00.000,7.41,149.96,-6.41,3.71
2026-03-12T12:00:00.000,6.71,154.22,-6.05,2.92
2026-03-12T12:10:00.000,5.58,176.88,-5.58,0.3
2026-03-12T12:20:00.000,10.22,195.28,-9.86,-2.69
2026-03-12T12:30:00.000,10.26,194.67,-9.93,-2.6
2026-03-12T12:40:00.000,10.03,202.89,-9.24,-3.9
2026-03-12T12:50:00.000,8.34,215.21,-6.82,-4.81
2026-03-12T13:00:00.000,6.95,201.21,-6.47,-2.51
2026-03-12T13:10:00.000,9.1,203.53,-8.34,-3.63
2026-03-12T13:20:00.000,9.58,202.97,-8.82,-3.74
2026-03-12T13:30:00.000,8.07,199.38,-7.61,-2.68
2026-03-12T13:40:00.000,8.12,201.13,-7.58,-2.93
2026-03-12T13:50:00.000,8.95,207.03,-7.97,-4.07
2026-03-12T14:00:00.000,8.32,206.98,-7.41,-3.78
2026-03-12T14:10:00.000,8.95,207.98,-7.91,-4.2
2026-03-12T14:20:00.000,9.36,209.36,-8.15,-4.59
2026-03-12T14:30:00.000,8.4,206.49,-7.52,-3.75
2026-03-12T14:40:00.000,8.79,209.92,-7.62,-4.39
2026-03-12T14:50:00.000,7.24,217.47,-5.74,-4.4
2026-03-12T15:00:00.000,6.18,211.13,-5.29,-3.2
2026-03-12T15:10:00.000,6.09,208.83,-5.34,-2.94
2026-03-12T15:20:00.000,6.33,208.16,-5.58,-2.99
2026-03-12T15:30:00.000,4.69,206.3,-4.2,-2.08
2026-03-12T15:40:00.000,4.51,166.93,-4.4,1.02
2026-03-12T15:50:00.000,3.58,209.31,-3.12,-1.75
2026-03-12T16:00:00.000,5.1,205.84,-4.59,-2.22
2026-03-12T16:10:00.000,4.59,206.85,-4.09,-2.07
2026-03-12T16:20:00.000,4.71,204.98,-4.27,-1.99
2026-03-12T16:30:00.000,4.81,204.65,-4.37,-2.01
2026-03-12T16:40:00.000,2.27,178.65,-2.27,0.05
2026-03-12T16:50:00.000,2.27,191.44,-2.23,-0.45
2026-03-12T17:00:00.000,2.53,217.44,-2.01,-1.54
2026-03-12T17:10:00.000,3.94,207.59,-3.49,-1.83
2026-03-12T17:20:00.000,4.07,209.71,-3.54,-2.02
2026-03-12T17:30:00.000,3.75,212.87,-3.15,-2.03
2026-03-12T17:40:00.000,2.64,223.15,-1.92,-1.8
2026-03-12T17:50:00.000,3.74,230.02,-2.4,-2.86
2026-03-12T18:00:00.000,4.12,232.46,-2.51,-3.27
2026-03-12T18:10:00.000,3.91,234.4,-2.28,-3.18
2026-03-12T18:20:00.000,0.43,231.81,-0.26,-0.34
2026-03-12T18:30:00.000,0.34,230.98,-0.21,-0.26
2026-03-12T18:40:00.000,0.29,285.75,0.08,-0.28
2026-03-12T18:50:00.000,0.67,42.4,0.49,0.45
2026-03-12T19:00:00.000,0.67,17.01,0.64,0.19
2026-03-12T19:10:00.000,0.76,2.05,0.76,0.03
2026-03-12T19:20:00.000,1.04,290.81,0.37,-0.97
2026-03-12T19:30:00.000,0.72,293.91,0.29,-0.66
2026-03-12T19:40:00.000,0.65,309.4,0.41,-0.5
2026-03-12T19:50:00.000,0.52,302,0.27,-0.44
2026-03-12T20:00:00.000,0.61,301.28,0.32,-0.52
2026-03-12T20:10:00.000,1.05,7.83,1.04,0.14
2026-03-12T20:20:00.000,0.59,331.04,0.52,-0.29
2026-03-12T20:30:00.000,0.56,314.82,0.39,-0.4
2026-03-12T20:40:00.000,0.75,312.37,0.5,-0.55
2026-03-12T20:50:00.000,1.21,277.43,0.16,-1.19
2026-03-12T21:00:00.000,3.64,242,-1.71,-3.21
2026-03-12T21:10:00.000,1.86,224.05,-1.34,-1.3
2026-03-12T21:20:00.000,2.02,245.56,-0.84,-1.84
2026-03-12T21:30:00.000,1.21,258.67,-0.24,-1.18
2026-03-12T21:40:00.000,2.67,244.74,-1.14,-2.42
2026-03-12T21:50:00.000,2.59,252.6,-0.77,-2.47
2026-03-12T22:00:00.000,1.59,284.29,0.39,-1.54
2026-03-12T22:10:00.000,2.7,270.34,0.02,-2.7
2026-03-12T22:20:00.000,1.86,292.35,0.71,-1.72
2026-03-12T22:30:00.000,1.32,316.11,0.95,-0.92
2026-03-12T22:40:00.000,1.79,319.87,1.37,-1.16
2026-03-12T22:50:00.000,1.62,290.97,0.58,-1.51
2026-03-12T23:00:00.000,1.52,307.68,0.93,-1.2
2026-03-12T23:10:00.000,0.83,321.88,0.65,-0.51
2026-03-12T23:20:00.000,1.21,320.33,0.93,-0.77
2026-03-12T23:30:00.000,1.03,322.82,0.82,-0.62
2026-03-12T23:40:00.000,1.2,344.49,1.16,-0.32
2026-03-12T23:50:00.000,0.84,352.12,0.83,-0.12
2026-03-13T00:00:00.000,1.5,340.61,1.42,-0.5
2026-03-13T00:10:00.000,3.6,344.25,3.47,-0.98
2026-03-13T00:20:00.000,4.28,317.74,3.17,-2.88
2026-03-13T00:30:00.000,2.05,33.92,1.7,1.14
2026-03-13T00:40:00.000,1.56,121.64,-0.82,1.33
2026-03-13T00:50:00.000,2.58,68.18,0.96,2.4
2026-03-13T01:00:00.000,2.27,86.24,0.15,2.26
2026-03-13T01:10:00.000,1.66,84.34,0.16,1.65
2026-03-13T01:20:00.000,1.3,86.73,0.07,1.3
2026-03-13T01:30:00.000,0.6,85.92,0.04,0.6
2026-03-13T01:40:00.000,0.53,99,-0.08,0.53
2026-03-13T01:50:00.000,0.46,60.91,0.23,0.41
2026-03-13T02:00:00.000,0.13,70.58,0.04,0.13
2026-03-13T02:10:00.000,0.31,119.23,-0.15,0.27
2026-03-13T02:20:00.000,0.09,98.39,-0.01,0.09
2026-03-13T02:30:00.000,0.49,85.24,0.04,0.49
2026-03-13T02:40:00.000,2.2,87.43,0.1,2.19
2026-03-13T02:50:00.000,3.49,76.45,0.82,3.39
2026-03-13T03:00:00.000,3.35,89.25,0.04,3.35
2026-03-13T03:10:00.000,1.45,0.47,1.45,0.01
2026-03-13T03:20:00.000,1.76,326.36,1.47,-0.98
2026-03-13T03:30:00.000,0.69,321.21,0.54,-0.43
2026-03-13T03:40:00.000,2.15,103.08,-0.49,2.09
2026-03-13T03:50:00.000,3.51,62.07,1.64,3.1
2026-03-13T04:00:00.000,3.99,52.83,2.41,3.18
2026-03-13T04:10:00.000,5.54,107.74,-1.69,5.28
2026-03-13T04:20:00.000,5.33,155.46,-4.85,2.21
2026-03-13T04:30:00.000,3.3,130.69,-2.15,2.5
2026-03-13T04:40:00.000,4.63,131.12,-3.04,3.49
2026-03-13T04:50:00.000,5.85,190.25,-5.76,-1.04
2026-03-13T05:00:00.000,3.49,207.74,-3.09,-1.63
2026-03-13T05:10:00.000,4.9,197.87,-4.66,-1.5
2026-03-13T05:20:00.000,6.72,154.9,-6.09,2.85
2026-03-13T05:30:00.000,10.58,139.56,-8.05,6.86
2026-03-13T05:40:00.000,8.15,134.6,-5.72,5.8
2026-03-13T05:50:00.000,7.7,86.39,0.48,7.69
2026-03-13T06:00:00.000,4.55,98.39,-0.66,4.5
2026-03-13T06:10:00.000,4.5,121.4,-2.35,3.84
2026-03-13T06:20:00.000,5.44,139.78,-4.16,3.52
2026-03-13T06:30:00.000,3.87,107.8,-1.18,3.69
2026-03-13T06:40:00.000,0.56,59.85,0.28,0.49
2026-03-13T06:50:00.000,2.77,158.54,-2.58,1.01
2026-03-13T07:00:00.000,0.9,233.86,-0.53,-0.73
2026-03-13T07:10:00.000,0.53,314.77,0.37,-0.37
2026-03-13T07:20:00.000,4.15,171.56,-4.11,0.61
2026-03-13T07:30:00.000,4.19,198.45,-3.97,-1.33
2026-03-13T07:40:00.000,5.72,289.59,1.92,-5.39
2026-03-13T07:50:00.000,2.39,258.77,-0.47,-2.34
2026-03-13T08:00:00.000,3.16,259.72,-0.56,-3.11
2026-03-13T08:10:00.000,2.88,228.17,-1.92,-2.14
2026-03-13T08:20:00.000,2.13,243.05,-0.96,-1.9
2026-03-13T08:30:00.000,3.88,283.53,0.91,-3.77
2026-03-13T08:40:00.000,3.76,278.51,0.56,-3.72
2026-03-13T08:50:00.000,3.33,260,-0.58,-3.28
2026-03-13T09:00:00.000,1.55,279.29,0.25,-1.53
2026-03-13T09:10:00.000,1.62,253.75,-0.45,-1.56
2026-03-13T09:20:00.000,0.56,282.88,0.13,-0.55
2026-03-13T09:30:00.000,0.33,277.49,0.04,-0.33
2026-03-13T09:40:00.000,3.03,166.84,-2.95,0.69
2026-03-13T09:50:00.000,3.35,166.77,-3.26,0.77
2026-03-13T10:00:00.000,4.98,153.09,-4.44,2.25
2026-03-13T10:10:00.000,7.34,180.08,-7.34,-0.01
2026-03-13T10:20:00.000,7.03,181.91,-7.03,-0.23
2026-03-13T10:30:00.000,11.69,201.94,-10.84,-4.37
2026-03-13T10:40:00.000,13.43,208.22,-11.84,-6.35
2026-03-13T10:50:00.000,13.28,209.67,-11.54,-6.58
2026-03-13T11:00:00.000,13.99,215.4,-11.4,-8.1
2026-03-13T11:10:00.000,14.66,216.67,-11.76,-8.75
2026-03-13T11:20:00.000,15.35,215.28,-12.53,-8.86
2026-03-13T11:30:00.000,14.77,221.96,-10.98,-9.87
2026-03-13T11:40:00.000,15.98,219.64,-12.31,-10.2
2026-03-13T11:50:00.000,17.52,217.07,-13.98,-10.56
2026-03-13T12:00:00.000,16.24,214.27,-13.42,-9.14
2026-03-13T12:10:00.000,18.92,212.39,-15.97,-10.13
2026-03-13T12:20:00.000,17.84,215.55,-14.52,-10.37
2026-03-13T12:30:00.000,18.16,213.27,-15.18,-9.96
2026-03-13T12:40:00.000,19.64,210.93,-16.85,-10.09
2026-03-13T12:50:00.000,18.74,216.75,-15.02,-11.21
2026-03-13T13:00:00.000,15.36,211.25,-13.13,-7.97
2026-03-13T13:10:00.000,18.67,217,-14.91,-11.24
2026-03-13T13:20:00.000,17.21,217.45,-13.66,-10.46
2026-03-13T13:30:00.000,18.69,215.24,-15.26,-10.78
2026-03-13T13:40:00.000,17.6,213.92,-14.6,-9.82
2026-03-13T13:50:00.000,17.41,219.22,-13.49,-11.01
2026-03-13T14:00:00.000,16.86,219.85,-12.94,-10.8
2026-03-13T14:10:00.000,16.57,219.58,-12.77,-10.56
2026-03-13T14:20:00.000,16.16,217.5,-12.82,-9.84
2026-03-13T14:30:00.000,15.34,217.95,-12.1,-9.43
2026-03-13T14:40:00.000,15.68,214.58,-12.91,-8.9
2026-03-13T14:50:00.000,12.57,211.8,-10.69,-6.63
2026-03-13T15:00:00.000,15.14,220.7,-11.48,-9.87
2026-03-13T15:10:00.000,14.08,210.3,-12.16,-7.1
2026-03-13T15:20:00.000,14.8,220.72,-11.22,-9.66
2026-03-13T15:30:00.000,15.77,218.99,-12.26,-9.92
2026-03-13T15:40:00.000,14.99,219.01,-11.65,-9.43
2026-03-13T15:50:00.000,14.6,217.71,-11.55,-8.93
2026-03-13T16:00:00.000,14.35,219.51,-11.07,-9.13
2026-03-13T16:10:00.000,13.86,220.18,-10.59,-8.94
2026-03-13T16:20:00.000,13.86,218.76,-10.81,-8.68
2026-03-13T16:30:00.000,12.81,219.17,-9.93,-8.09
2026-03-13T16:40:00.000,12.17,220.89,-9.2,-7.97
2026-03-13T16:50:00.000,12.89,221.42,-9.67,-8.53
2026-03-13T17:00:00.000,12.31,220.32,-9.39,-7.97
2026-03-13T17:10:00.000,12.49,221.84,-9.3,-8.33
2026-03-13T17:20:00.000,12.69,226.48,-8.74,-9.2
2026-03-13T17:30:00.000,13.58,227.02,-9.26,-9.93
2026-03-13T17:40:00.000,13.02,225.02,-9.2,-9.21
2026-03-13T17:50:00.000,13.29,224.77,-9.43,-9.36
2026-03-13T18:00:00.000,12.68,226.39,-8.74,-9.18
2026-03-13T18:10:00.000,11.48,224.85,-8.14,-8.1
2026-03-13T18:20:00.000,12.38,228.64,-8.18,-9.29
2026-03-13T18:30:00.000,12.12,230.22,-7.75,-9.31
2026-03-13T18:40:00.000,12.1,232.68,-7.34,-9.62
2026-03-13T18:50:00.000,11.35,233.15,-6.81,-9.09
2026-03-13T19:00:00.000,11.12,231.02,-7,-8.65
2026-03-13T19:10:00.000,11.49,229.76,-7.42,-8.77
2026-03-13T19:20:00.000,10.02,222.8,-7.35,-6.81
2026-03-13T19:30:00.000,10.95,230.35,-6.99,-8.43
2026-03-13T19:40:00.000,10.85,228.97,-7.12,-8.18
2026-03-13T19:50:00.000,10.58,231.46,-6.59,-8.27
2026-03-13T20:00:00.000,9.69,229.03,-6.36,-7.32
2026-03-13T20:10:00.000,10.71,228.39,-7.11,-8
2026-03-13T20:20:00.000,9.95,235.4,-5.65,-8.19
2026-03-13T20:30:00.000,9.4,234.79,-5.42,-7.68
2026-03-13T20:40:00.000,7.85,232.83,-4.75,-6.26
2026-03-13T20:50:00.000,7.07,232.11,-4.35,-5.58
2026-03-13T21:00:00.000,7.13,236.8,-3.91,-5.97
2026-03-13T21:10:00.000,6.52,246.64,-2.59,-5.98
2026-03-13T21:20:00.000,7.75,247.65,-2.95,-7.17
2026-03-13T21:30:00.000,7.15,250.21,-2.42,-6.72
2026-03-13T21:40:00.000,7.56,245.3,-3.16,-6.87
2026-03-13T21:50:00.000,7.01,246.44,-2.8,-6.43
2026-03-13T22:00:00.000,5.31,247.95,-1.99,-4.92
2026-03-13T22:10:00.000,7.3,245.57,-3.02,-6.65
2026-03-13T22:20:00.000,6.48,248.19,-2.41,-6.02
2026-03-13T22:30:00.000,5.54,245.21,-2.32,-5.03
2026-03-13T22:40:00.000,4.77,257.45,-1.04,-4.66
2026-03-13T22:50:00.000,4.57,273.77,0.3,-4.56
2026-03-13T23:00:00.000,4.14,268.71,-0.09,-4.14
2026-03-13T23:10:00.000,4.6,251.22,-1.48,-4.36
2026-03-13T23:20:00.000,4.47,260.12,-0.77,-4.41
2026-03-13T23:30:00.000,4.93,258.49,-0.98,-4.83
2026-03-13T23:40:00.000,3.82,255.45,-0.96,-3.7
2026-03-13T23:50:00.000,4.64,257.17,-1.03,-4.52
2026-03-14T00:00:00.000,3.87,266.36,-0.25,-3.86
2026-03-14T00:10:00.000,4,268.95,-0.07,-4
2026-03-14T00:20:00.000,3.58,283.35,0.83,-3.48
2026-03-14T00:30:00.000,3.89,277.04,0.48,-3.86
2026-03-14T00:40:00.000,3.47,272.95,0.18,-3.47
2026-03-14T00:50:00.000,4.19,285.19,1.1,-4.05
2026-03-14T01:00:00.000,3.69,286.24,1.03,-3.54
2026-03-14T01:10:00.000,3.3,314.95,2.33,-2.34
2026-03-14T01:20:00.000,3.13,294.78,1.31,-2.84
2026-03-14T01:30:00.000,2.94,304.95,1.68,-2.41
2026-03-14T01:40:00.000,1.91,309.66,1.22,-1.47
2026-03-14T01:50:00.000,1.17,300.32,0.59,-1.01
2026-03-14T02:00:00.000,1.34,306.32,0.8,-1.08
2026-03-14T02:10:00.000,1.32,318.78,0.99,-0.87
2026-03-14T02:20:00.000,1.46,326.58,1.22,-0.81
2026-03-14T02:30:00.000,1.45,332.94,1.29,-0.66
2026-03-14T02:40:00.000,1.34,344.22,1.29,-0.37
2026-03-14T02:50:00.000,0.94,326.4,0.79,-0.52
2026-03-14T03:00:00.000,0.87,332.87,0.78,-0.4
2026-03-14T03:10:00.000,0.68,329.06,0.59,-0.35
2026-03-14T03:20:00.000,1.17,333.22,1.04,-0.53
2026-03-14T03:30:00.000,1.11,339.5,1.04,-0.39
2026-03-14T03:40:00.000,1.32,332.67,1.17,-0.6
2026-03-14T03:50:00.000,1.17,346.55,1.14,-0.27
2026-03-14T04:00:00.000,1.14,336.28,1.04,-0.46
2026-03-14T04:10:00.000,1.13,333.31,1.01,-0.51
2026-03-14T04:20:00.000,1.6,338.24,1.49,-0.59
2026-03-14T04:30:00.000,1.75,1.36,1.75,0.04
2026-03-14T04:40:00.000,2.59,358.56,2.59,-0.07
2026-03-14T04:50:00.000,1.12,354.93,1.12,-0.1
2026-03-14T05:00:00.000,2.61,4.45,2.6,0.2
2026-03-14T05:10:00.000,1.59,32,1.35,0.84
2026-03-14T05:20:00.000,1.07,341.41,1.02,-0.34
2026-03-14T05:30:00.000,1.35,343.2,1.29,-0.39
2026-03-14T05:40:00.000,1.58,2.89,1.58,0.08
2026-03-14T05:50:00.000,2.49,15.81,2.4,0.68
2026-03-14T06:00:00.000,1.88,359.26,1.88,-0.02
2026-03-14T06:10:00.000,2.53,10.5,2.49,0.46
2026-03-14T06:20:00.000,3.27,20.71,3.06,1.16
2026-03-14T06:30:00.000,1.35,40.56,1.02,0.88
2026-03-14T06:40:00.000,1.17,357.22,1.17,-0.06
2026-03-14T06:50:00.000,0.63,354.33,0.63,-0.06
2026-03-14T07:00:00.000,1.44,3.36,1.44,0.08
2026-03-14T07:10:00.000,3.54,36.11,2.86,2.09
2026-03-14T07:20:00.000,4.1,28.6,3.6,1.96
2026-03-14T07:30:00.000,1.42,5.49,1.42,0.14
2026-03-14T07:40:00.000,1.66,344.78,1.6,-0.44
2026-03-14T07:50:00.000,0.75,331.44,0.66,-0.36
2026-03-14T08:00:00.000,2.56,355.57,2.55,-0.2
2026-03-14T08:10:00.000,2.71,57.59,1.45,2.29
2026-03-14T08:20:00.000,2.39,66.5,0.95,2.19
2026-03-14T08:30:00.000,0.33,30.92,0.28,0.17
2026-03-14T08:40:00.000,1.35,105.67,-0.37,1.3
2026-03-14T08:50:00.000,1.97,101.73,-0.4,1.93
2026-03-14T09:00:00.000,4.85,140.84,-3.76,3.06
2026-03-14T09:10:00.000,1.9,130.89,-1.25,1.44
2026-03-14T09:20:00.000,1.65,106.23,-0.46,1.58
2026-03-14T09:30:00.000,0.47,117.23,-0.21,0.42
2026-03-14T09:40:00.000,1.52,101.22,-0.3,1.49
2026-03-14T09:50:00.000,0.47,169.03,-0.46,0.09
2026-03-14T10:00:00.000,0.06,325.65,0.05,-0.04
2026-03-14T10:10:00.000,0.58,237.16,-0.31,-0.48
2026-03-14T10:20:00.000,0.3,299.61,0.15,-0.26
2026-03-14T10:30:00.000,0.08,297.88,0.04,-0.07
2026-03-14T10:40:00.000,0.23,289.8,0.08,-0.21
2026-03-14T10:50:00.000,0.17,303.09,0.09,-0.14
2026-03-14T11:00:00.000,0.37,340.15,0.35,-0.13
2026-03-14T11:10:00.000,0.29,314.27,0.2,-0.21
2026-03-14T11:20:00.000,0.42,234.31,-0.24,-0.34
2026-03-14T11:30:00.000,0.48,250.18,-0.16,-0.45
2026-03-14T11:40:00.000,0.91,233.49,-0.54,-0.73
2026-03-14T11:50:00.000,1.86,211.36,-1.59,-0.97
2026-03-14T12:00:00.000,0.51,245.22,-0.21,-0.46
2026-03-14T12:10:00.000,0.86,166.21,-0.83,0.2
2026-03-14T12:20:00.000,0.49,201.7,-0.45,-0.18
2026-03-14T12:30:00.000,0.3,238.7,-0.16,-0.26
2026-03-14T12:40:00.000,0.33,265.26,-0.03,-0.33
2026-03-14T12:50:00.000,0.28,294.29,0.11,-0.25
2026-03-14T13:00:00.000,0.44,248.32,-0.16,-0.41
2026-03-14T13:10:00.000,1.23,211.45,-1.05,-0.64
2026-03-14T13:20:00.000,0.83,212.92,-0.7,-0.45
2026-03-14T13:30:00.000,1.26,211.01,-1.08,-0.65
2026-03-14T13:40:00.000,2.32,206.38,-2.08,-1.03
2026-03-14T13:50:00.000,2.79,212.81,-2.34,-1.51
2026-03-14T14:00:00.000,3.35,214.81,-2.75,-1.91
2026-03-14T14:10:00.000,3.48,210.98,-2.98,-1.79
2026-03-14T14:20:00.000,3.08,217.57,-2.44,-1.88
2026-03-14T14:30:00.000,3.43,211.68,-2.91,-1.8
2026-03-14T14:40:00.000,4.54,205.42,-4.1,-1.95
2026-03-14T14:50:00.000,6.8,213.58,-5.67,-3.76
2026-03-14T15:00:00.000,6.26,218,-4.93,-3.85
2026-03-14T15:10:00.000,6.3,223.79,-4.55,-4.36
2026-03-14T15:20:00.000,6.56,217.46,-5.21,-3.99
2026-03-14T15:30:00.000,6.92,228.27,-4.6,-5.16
2026-03-14T15:40:00.000,6.94,222.6,-5.1,-4.69
2026-03-14T15:50:00.000,5.97,230.41,-3.81,-4.6
2026-03-14T16:00:00.000,5.99,222.13,-4.44,-4.02
2026-03-14T16:10:00.000,5.67,223.25,-4.13,-3.88
2026-03-14T16:20:00.000,5.88,228.78,-3.88,-4.42
2026-03-14T16:30:00.000,6.29,227.34,-4.26,-4.63
2026-03-14T16:40:00.000,5.52,224.85,-3.91,-3.89
2026-03-14T16:50:00.000,5.41,224.17,-3.88,-3.77
2026-03-14T17:00:00.000,6.07,224.27,-4.35,-4.24
2026-03-14T17:10:00.000,5.79,222.96,-4.23,-3.94
2026-03-14T17:20:00.000,5.9,224.45,-4.21,-4.13
2026-03-14T17:30:00.000,6.24,227.18,-4.24,-4.58
2026-03-14T17:40:00.000,5.8,226.49,-3.99,-4.2
2026-03-14T17:50:00.000,5.9,230.26,-3.77,-4.53
2026-03-14T18:00:00.000,6.4,229.04,-4.19,-4.83
2026-03-14T18:10:00.000,6.93,231.33,-4.33,-5.41
2026-03-14T18:20:00.000,7.17,229.74,-4.63,-5.47
2026-03-14T18:30:00.000,7.17,235.15,-4.1,-5.88
2026-03-14T18:40:00.000,8.2,231.53,-5.1,-6.42
2026-03-14T18:50:00.000,7.4,234.31,-4.32,-6.01
2026-03-14T19:00:00.000,6.6,230.57,-4.19,-5.1
2026-03-14T19:10:00.000,7.1,237.84,-3.78,-6.01
2026-03-14T19:20:00.000,7.2,237.15,-3.91,-6.05
2026-03-14T19:30:00.000,6.97,240.73,-3.41,-6.08
2026-03-14T19:40:00.000,7.31,238.91,-3.78,-6.26
2026-03-14T19:50:00.000,7.4,236.31,-4.1,-6.16
2026-03-14T20:00:00.000,7.34,234.5,-4.26,-5.97
2026-03-14T20:10:00.000,8.2,234.21,-4.79,-6.65
2026-03-14T20:20:00.000,6.61,234.55,-3.83,-5.39
2026-03-14T20:30:00.000,7.48,236.92,-4.08,-6.27
2026-03-14T20:40:00.000,6.9,236.85,-3.77,-5.78
2026-03-14T20:50:00.000,7.39,238.75,-3.83,-6.32
2026-03-14T21:00:00.000,6.92,241.9,-3.26,-6.1
2026-03-14T21:10:00.000,6.24,238.63,-3.25,-5.33
2026-03-14T21:20:00.000,7.32,235.65,-4.13,-6.04
2026-03-14T21:30:00.000,6.72,239.43,-3.42,-5.79
2026-03-14T21:40:00.000,7.2,241.21,-3.47,-6.31
2026-03-14T21:50:00.000,7.27,234.9,-4.18,-5.95
2026-03-14T22:00:00.000,6.08,244.07,-2.66,-5.47
2026-03-14T22:10:00.000,5.83,238.88,-3.01,-4.99
2026-03-14T22:20:00.000,6.03,242.25,-2.81,-5.34
2026-03-14T22:30:00.000,5.98,249.86,-2.06,-5.61
2026-03-14T22:40:00.000,5.4,248.61,-1.97,-5.03
2026-03-14T22:50:00.000,5.66,244.93,-2.4,-5.12
2026-03-14T23:00:00.000,6.37,236.43,-3.52,-5.31
2026-03-14T23:10:00.000,6.11,247.09,-2.38,-5.63
2026-03-14T23:20:00.000,6.02,245.59,-2.49,-5.49
2026-03-14T23:30:00.000,5.77,247.55,-2.21,-5.34
2026-03-14T23:40:00.000,5.78,248.47,-2.12,-5.38
2026-03-14T23:50:00.000,6.32,245.13,-2.66,-5.74
2026-03-15T00:00:00.000,5.47,256.6,-1.27,-5.32
2026-03-15T00:10:00.000,6.29,246.97,-2.46,-5.79
2026-03-15T00:20:00.000,5.48,264.38,-0.54,-5.46
2026-03-15T00:30:00.000,4.73,243.61,-2.1,-4.24
2026-03-15T00:40:00.000,5.75,261.27,-0.87,-5.68
2026-03-15T00:50:00.000,4.51,273.11,0.24,-4.5
2026-03-15T01:00:00.000,4.68,242.52,-2.16,-4.15
2026-03-15T01:10:00.000,4.87,244,-2.14,-4.38
2026-03-15T01:20:00.000,4.41,253.78,-1.23,-4.24
2026-03-15T01:30:00.000,4.31,251.8,-1.35,-4.09
2026-03-15T01:40:00.000,4.57,251.83,-1.42,-4.34
2026-03-15T01:50:00.000,3.14,270.57,0.03,-3.14
2026-03-15T02:00:00.000,2.09,260.86,-0.33,-2.07
2026-03-15T02:10:00.000,1.71,298.85,0.83,-1.5
2026-03-15T02:20:00.000,2.41,281.74,0.49,-2.36
2026-03-15T02:30:00.000,3.29,271.06,0.06,-3.29
2026-03-15T02:40:00.000,4.07,279.61,0.68,-4.02
2026-03-15T02:50:00.000,4.1,290.98,1.47,-3.83
2026-03-15T03:00:00.000,5.27,291.56,1.94,-4.9
2026-03-15T03:10:00.000,4.52,290.31,1.57,-4.24
2026-03-15T03:20:00.000,3.53,287.97,1.09,-3.36
2026-03-15T03:30:00.000,3.82,281.33,0.75,-3.75
2026-03-15T03:40:00.000,2.05,249.1,-0.73,-1.92
2026-03-15T03:50:00.000,2.2,256.05,-0.53,-2.14
2026-03-15T04:00:00.000,0.94,25.99,0.84,0.41
2026-03-15T04:10:00.000,0.7,340.68,0.66,-0.23
2026-03-15T04:20:00.000,4.99,247.52,-1.91,-4.61
2026-03-15T04:30:00.000,4.83,256.73,-1.11,-4.7
2026-03-15T04:40:00.000,4.75,242.19,-2.22,-4.2
2026-03-15T04:50:00.000,4.78,241.46,-2.28,-4.2
2026-03-15T05:00:00.000,3.29,219.15,-2.55,-2.08
2026-03-15T05:10:00.000,1.82,235.03,-1.05,-1.49
2026-03-15T05:20:00.000,2.65,233.11,-1.59,-2.12
2026-03-15T05:30:00.000,3.56,225.13,-2.51,-2.52
2026-03-15T05:40:00.000,1.85,239.92,-0.93,-1.6
2026-03-15T05:50:00.000,3.05,248.86,-1.1,-2.85
2026-03-15T06:00:00.000,3.79,252.19,-1.16,-3.61
2026-03-15T06:10:00.000,3.48,201.97,-3.22,-1.3
2026-03-15T06:20:00.000,2.56,176.58,-2.56,0.15
2026-03-15T06:30:00.000,1.36,133.36,-0.94,0.99
2026-03-15T06:40:00.000,4.63,108.51,-1.47,4.39
2026-03-15T06:50:00.000,4.88,114.4,-2.02,4.44
2026-03-15T07:00:00.000,4.04,102.74,-0.89,3.94
2026-03-15T07:10:00.000,3.58,129.34,-2.27,2.77
2026-03-15T07:20:00.000,4.97,113.49,-1.98,4.56
2026-03-15T07:30:00.000,4.48,128.18,-2.77,3.52
2026-03-15T07:40:00.000,4.87,154.22,-4.38,2.12
2026-03-15T07:50:00.000,4.7,162.47,-4.48,1.42
2026-03-15T08:00:00.000,4.63,157.37,-4.28,1.78
2026-03-15T08:10:00.000,4.89,145.69,-4.04,2.76
2026-03-15T08:20:00.000,6.49,153.42,-5.8,2.9
2026-03-15T08:30:00.000,5.34,156.46,-4.9,2.13
2026-03-15T08:40:00.000,4.1,151.51,-3.6,1.95
2026-03-15T08:50:00.000,3.78,175.03,-3.77,0.33
2026-03-15T09:00:00.000,6.61,208.93,-5.79,-3.2
2026-03-15T09:10:00.000,9.41,165.05,-9.09,2.43
2026-03-15T09:20:00.000,7.44,205.44,-6.72,-3.2
2026-03-15T09:30:00.000,9.81,178.14,-9.8,0.32
2026-03-15T09:40:00.000,9.98,182.54,-9.97,-0.44
2026-03-15T09:50:00.000,11.23,184.32,-11.2,-0.85
2026-03-15T10:00:00.000,12.31,185.55,-12.25,-1.19
2026-03-15T10:10:00.000,12.27,186.96,-12.18,-1.49
2026-03-15T10:20:00.000,12.87,189.82,-12.68,-2.2
2026-03-15T10:30:00.000,13.57,188.38,-13.42,-1.98
2026-03-15T10:40:00.000,12.27,185.72,-12.21,-1.22
2026-03-15T10:50:00.000,12.83,189.45,-12.65,-2.11
2026-03-15T11:00:00.000,12.36,189.79,-12.18,-2.1
2026-03-15T11:10:00.000,12.93,189.88,-12.74,-2.22
2026-03-15T11:20:00.000,14.8,196.44,-14.2,-4.19
2026-03-15T11:30:00.000,13.66,191.8,-13.38,-2.8
2026-03-15T11:40:00.000,13.51,186.28,-13.43,-1.48
2026-03-15T11:50:00.000,15,187.73,-14.87,-2.02
2026-03-15T12:00:00.000,14.93,191.85,-14.61,-3.06
2026-03-15T12:10:00.000,13.43,193.84,-13.04,-3.21
2026-03-15T12:20:00.000,13.42,192.42,-13.1,-2.89
2026-03-15T12:30:00.000,14.71,193.65,-14.29,-3.47
2026-03-15T12:40:00.000,13.82,197.26,-13.2,-4.1
2026-03-15T12:50:00.000,14.36,201.37,-13.37,-5.23
2026-03-15T13:00:00.000,14.33,204.07,-13.09,-5.85
2026-03-15T13:10:00.000,13.21,204.51,-12.02,-5.48
2026-03-15T13:20:00.000,13.82,207.64,-12.24,-6.41
2026-03-15T13:30:00.000,13.49,210.51,-11.62,-6.85
2026-03-15T13:40:00.000,15.11,217.96,-11.92,-9.3
2026-03-15T13:50:00.000,17.4,216.76,-13.94,-10.42
2026-03-15T14:00:00.000,16.04,220.08,-12.27,-10.33
2026-03-15T14:10:00.000,18.77,222,-13.95,-12.56
2026-03-15T14:20:00.000,17.97,227.74,-12.08,-13.3
2026-03-15T14:30:00.000,16.78,225.03,-11.86,-11.87
2026-03-15T14:40:00.000,14.53,226.59,-9.99,-10.56
2026-03-15T14:50:00.000,16.73,228.2,-11.15,-12.47
2026-03-15T15:00:00.000,16.2,233.75,-9.58,-13.06
2026-03-15T15:10:00.000,16.14,229.69,-10.44,-12.3
2026-03-15T15:20:00.000,15.95,230.73,-10.09,-12.35
2026-03-15T15:30:00.000,15.58,228.47,-10.33,-11.67
2026-03-15T15:40:00.000,15.83,231.87,-9.78,-12.46
2026-03-15T15:50:00.000,16.69,232.41,-10.18,-13.22
2026-03-15T16:00:00.000,16.2,226.1,-11.23,-11.67
2026-03-15T16:10:00.000,15.95,235.72,-8.98,-13.18
2026-03-15T16:20:00.000,14.66,230.9,-9.24,-11.37
2026-03-15T16:30:00.000,15.35,235.01,-8.8,-12.58
2026-03-15T16:40:00.000,12.28,232.74,-7.43,-9.77
2026-03-15T16:50:00.000,14.22,232.71,-8.61,-11.31
2026-03-15T17:00:00.000,15.18,226.45,-10.46,-11
2026-03-15T17:10:00.000,16.94,229.72,-10.95,-12.92
2026-03-15T17:20:00.000,14.27,226.21,-9.88,-10.31
2026-03-15T17:30:00.000,15.97,228.47,-10.58,-11.95
2026-03-15T17:40:00.000,15,229.58,-9.72,-11.42
2026-03-15T17:50:00.000,16.54,231.45,-10.31,-12.94
2026-03-15T18:00:00.000,16.2,228.01,-10.84,-12.04
2026-03-15T18:10:00.000,17.74,228.24,-11.81,-13.23
2026-03-15T18:20:00.000,18.24,226.62,-12.53,-13.25
2026-03-15T18:30:00.000,16.87,235.55,-9.54,-13.91
2026-03-15T18:40:00.000,16.55,237.6,-8.87,-13.97
2026-03-15T18:50:00.000,17.45,236.46,-9.64,-14.55
2026-03-15T19:00:00.000,19.07,241.74,-9.03,-16.8
2026-03-15T19:10:00.000,16.71,242.9,-7.61,-14.87
2026-03-15T19:20:00.000,15.78,248.37,-5.81,-14.66
2026-03-15T19:30:00.000,14.02,249.3,-4.96,-13.12
2026-03-15T19:40:00.000,13.87,245.49,-5.75,-12.62
2026-03-15T19:50:00.000,17.86,255.99,-4.32,-17.33
2026-03-15T20:00:00.000,12.71,241.57,-6.05,-11.17
2026-03-15T20:10:00.000,15.83,249.61,-5.52,-14.84
2026-03-15T20:20:00.000,12.12,244.32,-5.25,-10.93
2026-03-15T20:30:00.000,11.82,245.7,-4.87,-10.78
2026-03-15T20:40:00.000,14.5,254.84,-3.79,-14
2026-03-15T20:50:00.000,13.19,248.44,-4.85,-12.27
2026-03-15T21:00:00.000,12.28,244.25,-5.34,-11.06
2026-03-15T21:10:00.000,10.93,233.99,-6.43,-8.84
2026-03-15T21:20:00.000,11.24,239.85,-5.64,-9.72
2026-03-15T21:30:00.000,10.45,247.87,-3.94,-9.68
2026-03-15T21:40:00.000,10.94,244.35,-4.74,-9.86
2026-03-15T21:50:00.000,10.96,242.68,-5.03,-9.74
2026-03-15T22:00:00.000,9.88,255.17,-2.53,-9.55
2026-03-15T22:10:00.000,10.34,244,-4.53,-9.29
2026-03-15T22:20:00.000,12.46,238.3,-6.55,-10.61
2026-03-15T22:30:00.000,10.8,233.93,-6.36,-8.73
2026-03-15T22:40:00.000,9.11,238.27,-4.79,-7.75
2026-03-15T22:50:00.000,10.14,232.07,-6.23,-8
2026-03-15T23:00:00.000,11.82,240.45,-5.83,-10.28
2026-03-15T23:10:00.000,11.64,236.57,-6.41,-9.72
2026-03-15T23:20:00.000,10.52,235.26,-6,-8.65
2026-03-15T23:30:00.000,11.36,230.53,-7.22,-8.77
2026-03-15T23:40:00.000,11.62,247.75,-4.4,-10.76
2026-03-15T23:50:00.000,13.3,241.27,-6.39,-11.66
2026-03-16T00:00:00.000,10.08,237.69,-5.39,-8.52
2026-03-16T00:10:00.000,9.4,236.03,-5.25,-7.79
2026-03-16T00:20:00.000,11.86,240.85,-5.78,-10.36
2026-03-16T00:30:00.000,11,229.98,-7.07,-8.42
2026-03-16T00:40:00.000,12.54,228.1,-8.37,-9.33
2026-03-16T00:50:00.000,11.35,237.76,-6.05,-9.6
2026-03-16T01:00:00.000,11.5,237.9,-6.11,-9.74
2026-03-16T01:10:00.000,9.56,231.49,-5.95,-7.48
2026-03-16T01:20:00.000,10.96,225.15,-7.73,-7.77
2026-03-16T01:30:00.000,14.36,233.05,-8.63,-11.47
2026-03-16T01:40:00.000,12.64,232.2,-7.74,-9.98
2026-03-16T01:50:00.000,14.06,237.32,-7.59,-11.84
2026-03-16T02:00:00.000,14.6,233.36,-8.71,-11.72
2026-03-16T02:10:00.000,12.77,234.9,-7.34,-10.45
2026-03-16T02:20:00.000,14.96,225.36,-10.51,-10.64
2026-03-16T02:30:00.000,14.18,215.99,-11.47,-8.33
2026-03-16T02:40:00.000,12.06,220.21,-9.21,-7.78
2026-03-16T02:50:00.000,16.45,219.36,-12.72,-10.43
2026-03-16T03:00:00.000,13.37,216.68,-10.73,-7.99
2026-03-16T03:10:00.000,15.31,209.15,-13.37,-7.46
2026-03-16T03:20:00.000,16.82,221.93,-12.52,-11.24
2026-03-16T03:30:00.000,15.5,220.21,-11.83,-10
2026-03-16T03:40:00.000,14.86,226.46,-10.24,-10.77
2026-03-16T03:50:00.000,14.67,218.3,-11.51,-9.09
2026-03-16T04:00:00.000,14.63,220.24,-11.17,-9.45
2026-03-16T04:10:00.000,12.64,227.03,-8.61,-9.25
2026-03-16T04:20:00.000,15.75,227.46,-10.65,-11.6
2026-03-16T04:30:00.000,15.12,210.74,-13,-7.73
2026-03-16T04:40:00.000,11.87,217.39,-9.43,-7.21
2026-03-16T04:50:00.000,12.61,219.14,-9.78,-7.96
2026-03-16T05:00:00.000,13.14,220.54,-9.99,-8.54
2026-03-16T05:10:00.000,13.14,214.81,-10.79,-7.5
2026-03-16T05:20:00.000,10.93,227.41,-7.39,-8.04
2026-03-16T05:30:00.000,13.46,223.1,-9.83,-9.2
2026-03-16T05:40:00.000,13.53,217.66,-10.71,-8.27
2026-03-16T05:50:00.000,13.62,219.38,-10.53,-8.64
2026-03-16T06:00:00.000,10.87,224.12,-7.8,-7.57
2026-03-16T06:10:00.000,14.43,215.73,-11.72,-8.43
2026-03-16T06:20:00.000,14.16,217.64,-11.22,-8.65
2026-03-16T06:30:00.000,13.74,208.6,-12.07,-6.58
2026-03-16T06:40:00.000,15.26,217.4,-12.12,-9.27
2026-03-16T06:50:00.000,11.43,213.28,-9.56,-6.27
2026-03-16T07:00:00.000,12.9,220,-9.88,-8.29
2026-03-16T07:10:00.000,11.83,216.43,-9.52,-7.03
2026-03-16T07:20:00.000,18.31,213.78,-15.22,-10.18
2026-03-16T07:30:00.000,13.21,213.91,-10.96,-7.37
2026-03-16T07:40:00.000,14.72,203.21,-13.53,-5.8
2026-03-16T07:50:00.000,15.46,213.02,-12.96,-8.42
2026-03-16T08:00:00.000,20.37,206.72,-18.19,-9.16
2026-03-16T08:10:00.000,20.17,204.4,-18.37,-8.33
2026-03-16T08:20:00.000,15.52,210.57,-13.36,-7.89
2026-03-16T08:30:00.000,19.71,207.07,-17.56,-8.97
2026-03-16T08:40:00.000,18.85,203.48,-17.29,-7.51
2026-03-16T08:50:00.000,19.32,201.21,-18.01,-6.99
2026-03-16T09:00:00.000,20.26,204.06,-18.5,-8.26
2026-03-16T09:10:00.000,20.24,206.87,-18.06,-9.15
2026-03-16T09:20:00.000,18.61,201.04,-17.37,-6.68
2026-03-16T09:30:00.000,17.88,201.67,-16.62,-6.6
2026-03-16T09:40:00.000,20.57,201.87,-19.09,-7.66
2026-03-16T09:50:00.000,22.13,199.64,-20.84,-7.44
2026-03-16T10:00:00.000,20.49,201.86,-19.02,-7.63
2026-03-16T10:10:00.000,19.55,201.86,-18.14,-7.28
2026-03-16T10:20:00.000,22.18,202.05,-20.56,-8.33
2026-03-16T10:30:00.000,23.15,197.45,-22.08,-6.94
2026-03-16T10:40:00.000,21.77,201.99,-20.19,-8.15
2026-03-16T10:50:00.000,26.13,198.55,-24.77,-8.31
2026-03-16T11:00:00.000,19.23,197.44,-18.35,-5.76
2026-03-16T11:10:00.000,20.68,199.86,-19.45,-7.02
2026-03-16T11:20:00.000,26.07,199.07,-24.64,-8.52
2026-03-16T11:30:00.000,21.9,198.43,-20.78,-6.92
2026-03-16T11:40:00.000,20.44,198.95,-19.33,-6.64
2026-03-16T11:50:00.000,22.02,198.95,-20.83,-7.15
2026-03-16T12:00:00.000,21.24,202.51,-19.62,-8.13
2026-03-16T12:10:00.000,21.19,201.61,-19.71,-7.81
2026-03-16T12:20:00.000,20.33,201.98,-18.85,-7.61
2026-03-16T12:30:00.000,16.69,202.04,-15.47,-6.26
2026-03-16T12:40:00.000,18.02,200.27,-16.9,-6.24
2026-03-16T12:50:00.000,18.67,202.92,-17.2,-7.27
2026-03-16T13:00:00.000,20.57,203.75,-18.83,-8.28
2026-03-16T13:10:00.000,19.78,203.05,-18.2,-7.74
2026-03-16T13:20:00.000,21.01,202.94,-19.35,-8.19
2026-03-16T13:30:00.000,18.13,204.77,-16.46,-7.6
2026-03-16T13:40:00.000,18.26,200.28,-17.13,-6.33
2026-03-16T13:50:00.000,17.83,204.68,-16.2,-7.44
2026-03-16T14:00:00.000,17.12,204.59,-15.57,-7.12
2026-03-16T14:10:00.000,15.2,205.75,-13.69,-6.6
2026-03-16T14:20:00.000,18.19,204.47,-16.56,-7.53
2026-03-16T14:30:00.000,15.6,204.37,-14.21,-6.44
2026-03-16T14:40:00.000,16.41,206.65,-14.66,-7.36
2026-03-16T14:50:00.000,15.38,205.64,-13.86,-6.65
2026-03-16T15:00:00.000,14.05,206.15,-12.61,-6.19
2026-03-16T15:10:00.000,14.22,203.62,-13.03,-5.7
2026-03-16T15:20:00.000,13.94,206.26,-12.5,-6.16
2026-03-16T15:30:00.000,13.71,207.66,-12.14,-6.37
2026-03-16T15:40:00.000,13.74,209.47,-11.96,-6.76
2026-03-16T15:50:00.000,14.26,208.46,-12.54,-6.8
2026-03-16T16:00:00.000,12.34,208.04,-10.89,-5.8
2026-03-16T16:10:00.000,12.02,205.47,-10.85,-5.17
2026-03-16T16:20:00.000,11.79,208.66,-10.34,-5.65
2026-03-16T16:30:00.000,10.64,205.9,-9.57,-4.65
2026-03-16T16:40:00.000,10.52,207.98,-9.29,-4.93
2026-03-16T16:50:00.000,11.56,208.79,-10.13,-5.57
2026-03-16T17:00:00.000,10.57,210.03,-9.15,-5.29
2026-03-16T17:10:00.000,9.34,209.08,-8.16,-4.54
2026-03-16T17:20:00.000,8.6,206.45,-7.7,-3.83
2026-03-16T17:30:00.000,9.4,209.28,-8.2,-4.6
2026-03-16T17:40:00.000,8.89,208.06,-7.84,-4.18
2026-03-16T17:50:00.000,7.7,210.83,-6.61,-3.95
2026-03-16T18:00:00.000,8.42,211.74,-7.16,-4.43
2026-03-16T18:10:00.000,8.53,208.57,-7.49,-4.08
2026-03-16T18:20:00.000,7.88,216.14,-6.37,-4.65
2026-03-16T18:30:00.000,8.5,207.97,-7.5,-3.99
2026-03-16T18:40:00.000,7.99,207.99,-7.05,-3.75
2026-03-16T18:50:00.000,6.24,216.86,-5,-3.75
2026-03-16T19:00:00.000,7.68,219.87,-5.89,-4.92
2026-03-16T19:10:00.000,4.9,215.09,-4.01,-2.81
2026-03-16T19:20:00.000,5.99,213.83,-4.98,-3.34
2026-03-16T19:30:00.000,6.14,213.94,-5.09,-3.43
2026-03-16T19:40:00.000,6.6,215.17,-5.4,-3.8
2026-03-16T19:50:00.000,6.96,241.34,-3.34,-6.11
2026-03-16T20:00:00.000,6.16,222.12,-4.57,-4.13
2026-03-16T20:10:00.000,7.27,208.65,-6.38,-3.48
2026-03-16T20:20:00.000,6.27,222.81,-4.6,-4.26
2026-03-16T20:30:00.000,6.38,223.3,-4.65,-4.38
2026-03-16T20:40:00.000,5.82,220.21,-4.45,-3.76
2026-03-16T20:50:00.000,5.32,232.01,-3.27,-4.19
2026-03-16T21:00:00.000,4.53,228.67,-2.99,-3.4
2026-03-16T21:10:00.000,5.73,228.36,-3.81,-4.28
2026-03-16T21:20:00.000,6.24,240.05,-3.12,-5.41
2026-03-16T21:30:00.000,5.02,242.8,-2.29,-4.46
2026-03-16T21:40:00.000,8.4,286.36,2.37,-8.06
2026-03-16T21:50:00.000,8.92,301.31,4.63,-7.62
2026-03-16T22:00:00.000,6.64,265.81,-0.48,-6.62
2026-03-16T22:10:00.000,8.38,269.36,-0.09,-8.38
2026-03-16T22:20:00.000,6.99,277.01,0.85,-6.94
2026-03-16T22:30:00.000,7.05,288.77,2.27,-6.68
2026-03-16T22:40:00.000,4.3,281.45,0.85,-4.21
2026-03-16T22:50:00.000,9.41,245.64,-3.88,-8.57
2026-03-16T23:00:00.000,6.46,257.03,-1.45,-6.3
2026-03-16T23:10:00.000,12.7,256.52,-2.96,-12.35
2026-03-16T23:20:00.000,9.23,247.93,-3.47,-8.56
2026-03-16T23:30:00.000,6.7,218.42,-5.25,-4.17
2026-03-16T23:40:00.000,12.14,227.4,-8.22,-8.94
2026-03-16T23:50:00.000,7.21,231.95,-4.45,-5.68
2026-03-17T00:00:00.000,7.84,269.91,-0.01,-7.84
2026-03-17T00:10:00.000,3.89,281.01,0.74,-3.82
2026-03-17T00:20:00.000,5.1,256.01,-1.23,-4.95
2026-03-17T00:30:00.000,5.76,252.16,-1.77,-5.48
2026-03-17T00:40:00.000,7.66,221.23,-5.76,-5.05
2026-03-17T00:50:00.000,5.4,244.8,-2.3,-4.89
2026-03-17T01:00:00.000,7.85,232.85,-4.74,-6.25
2026-03-17T01:10:00.000,12.74,234.04,-7.48,-10.31
2026-03-17T01:20:00.000,9.2,223.1,-6.72,-6.29
2026-03-17T01:30:00.000,11.48,208.42,-10.1,-5.46
2026-03-17T01:40:00.000,8.19,202.08,-7.59,-3.08
2026-03-17T01:50:00.000,6.96,231.78,-4.31,-5.47
2026-03-17T02:00:00.000,7.93,236.14,-4.42,-6.59
2026-03-17T02:10:00.000,9.75,231.05,-6.13,-7.58
2026-03-17T02:20:00.000,7.41,253.41,-2.11,-7.1
2026-03-17T02:30:00.000,10.64,201.1,-9.93,-3.83
2026-03-17T02:40:00.000,12.21,203.16,-11.23,-4.8
2026-03-17T02:50:00.000,8.82,263.36,-1.02,-8.76
2026-03-17T03:00:00.000,6.34,233.92,-3.73,-5.12
2026-03-17T03:10:00.000,9.6,200.26,-9.01,-3.32
2026-03-17T03:20:00.000,12.89,216.9,-10.31,-7.74
2026-03-17T03:30:00.000,10.33,194.84,-9.98,-2.65
2026-03-17T03:40:00.000,9.43,199.56,-8.88,-3.16
2026-03-17T03:50:00.000,13.78,220.27,-10.51,-8.91
2026-03-17T04:00:00.000,9.5,211.76,-8.08,-5
2026-03-17T04:10:00.000,13.36,208.3,-11.76,-6.33
2026-03-17T04:20:00.000,12.2,197.57,-11.63,-3.68
2026-03-17T04:30:00.000,11.47,207.99,-10.13,-5.38
2026-03-17T04:40:00.000,12.65,224.05,-9.09,-8.79
2026-03-17T04:50:00.000,13.76,213.82,-11.43,-7.66
2026-03-17T05:00:00.000,10.72,198.83,-10.14,-3.46
2026-03-17T05:10:00.000,10.47,197.84,-9.97,-3.21
2026-03-17T05:20:00.000,15.87,210.59,-13.67,-8.08
2026-03-17T05:30:00.000,18.96,211.89,-16.1,-10.02
2026-03-17T05:40:00.000,14.91,209.87,-12.93,-7.43
2026-03-17T05:50:00.000,16.31,207.29,-14.49,-7.48
2026-03-17T06:00:00.000,12.89,207.38,-11.44,-5.93
2026-03-17T06:10:00.000,14.96,212.78,-12.58,-8.1
2026-03-17T06:20:00.000,16.14,199.23,-15.24,-5.32
2026-03-17T06:30:00.000,14.58,198.5,-13.83,-4.63
2026-03-17T06:40:00.000,14.64,191.17,-14.36,-2.84
2026-03-17T06:50:00.000,14.78,201.31,-13.77,-5.37
2026-03-17T07:00:00.000,15.46,209.12,-13.5,-7.52
2026-03-17T07:10:00.000,17.1,201,-15.96,-6.13
2026-03-17T07:20:00.000,14.37,200.86,-13.43,-5.12
2026-03-17T07:30:00.000,14.13,201.47,-13.15,-5.17
2026-03-17T07:40:00.000,15.02,205.08,-13.61,-6.37
2026-03-17T07:50:00.000,13.71,203.09,-12.61,-5.38
2026-03-17T08:00:00.000,13.54,199.76,-12.75,-4.58
2026-03-17T08:10:00.000,15.19,200.84,-14.2,-5.4
2026-03-17T08:20:00.000,13.85,199.89,-13.03,-4.71
2026-03-17T08:30:00.000,12.66,200.15,-11.89,-4.36
2026-03-17T08:40:00.000,11.19,191.8,-10.95,-2.29
2026-03-17T08:50:00.000,16.15,198.3,-15.33,-5.07
2026-03-17T09:00:00.000,19.27,198.33,-18.29,-6.06
2026-03-17T09:10:00.000,16.18,200.31,-15.17,-5.62
2026-03-17T09:20:00.000,18.03,199.2,-17.03,-5.93
2026-03-17T09:30:00.000,17.77,198.17,-16.89,-5.54
2026-03-17T09:40:00.000,18.22,195.62,-17.55,-4.91
2026-03-17T09:50:00.000,17.14,197.48,-16.35,-5.15
2026-03-17T10:00:00.000,20.65,200.52,-19.34,-7.24
2026-03-17T10:10:00.000,16.89,204.08,-15.42,-6.89
2026-03-17T10:20:00.000,21.31,200.77,-19.92,-7.56
2026-03-17T10:30:00.000,18.14,201.22,-16.91,-6.57
2026-03-17T10:40:00.000,18.02,202.22,-16.68,-6.81
2026-03-17T10:50:00.000,19.2,200.16,-18.02,-6.62
2026-03-17T11:00:00.000,17.87,199.65,-16.83,-6.01
2026-03-17T11:10:00.000,16.79,206.72,-14.99,-7.55
2026-03-17T11:20:00.000,17.11,204.28,-15.59,-7.03
2026-03-17T11:30:00.000,18,199.15,-17,-5.9
2026-03-17T11:40:00.000,20.58,195.81,-19.8,-5.61
2026-03-17T11:50:00.000,22.02,196.94,-21.07,-6.42
2026-03-17T12:00:00.000,17.66,197.34,-16.86,-5.26
2026-03-17T12:10:00.000,21.5,200.21,-20.17,-7.43
2026-03-17T12:20:00.000,22.17,197.96,-21.09,-6.84
2026-03-17T12:30:00.000,23.13,200.73,-21.63,-8.19
2026-03-17T12:40:00.000,20.67,201.59,-19.22,-7.61
2026-03-17T12:50:00.000,22.94,205.19,-20.76,-9.76
2026-03-17T13:00:00.000,21.98,203.97,-20.09,-8.93
2026-03-17T13:10:00.000,19.94,203.43,-18.3,-7.93
2026-03-17T13:20:00.000,21.96,202.77,-20.25,-8.5
2026-03-17T13:30:00.000,19.14,203.68,-17.53,-7.69
2026-03-17T13:40:00.000,20.06,203.08,-18.46,-7.87
2026-03-17T13:50:00.000,20.45,201.5,-19.02,-7.49
2026-03-17T14:00:00.000,20.45,202.17,-18.94,-7.71
2026-03-17T14:10:00.000,19.97,201.84,-18.54,-7.43
2026-03-17T14:20:00.000,19.08,203.39,-17.51,-7.57
2026-03-17T14:30:00.000,18.78,200.9,-17.55,-6.7
2026-03-17T14:40:00.000,18.35,201.93,-17.02,-6.85
2026-03-17T14:50:00.000,18.72,200.7,-17.51,-6.62
2026-03-17T15:00:00.000,19,200.81,-17.76,-6.75
2026-03-17T15:10:00.000,19.26,204.94,-17.47,-8.12
2026-03-17T15:20:00.000,18.42,203.22,-16.93,-7.26
2026-03-17T15:30:00.000,19.6,205.27,-17.72,-8.37
2026-03-17T15:40:00.000,18.33,206.08,-16.46,-8.06
2026-03-17T15:50:00.000,18.21,203.31,-16.72,-7.2
2026-03-17T16:00:00.000,17.79,209.27,-15.52,-8.7
2026-03-17T16:10:00.000,18.49,208.99,-16.17,-8.96
2026-03-17T16:20:00.000,16.95,210.69,-14.57,-8.65
2026-03-17T16:30:00.000,17.5,210.9,-15.01,-8.99
2026-03-17T16:40:00.000,17.39,210.82,-14.94,-8.91
2026-03-17T16:50:00.000,17.54,213.53,-14.62,-9.69
2026-03-17T17:00:00.000,16.96,214.1,-14.05,-9.51
2026-03-17T17:10:00.000,16.49,217.56,-13.07,-10.05
2026-03-17T17:20:00.000,17.26,216.49,-13.87,-10.26
2026-03-17T17:30:00.000,14.98,216.57,-12.03,-8.93
2026-03-17T17:40:00.000,15.96,218.67,-12.46,-9.97
2026-03-17T17:50:00.000,15.31,217.72,-12.11,-9.37
2026-03-17T18:00:00.000,15.52,223.62,-11.24,-10.71
2026-03-17T18:10:00.000,15.52,221.36,-11.65,-10.26
2026-03-17T18:20:00.000,16.24,221.09,-12.24,-10.67
2026-03-17T18:30:00.000,15.49,221.95,-11.52,-10.36
2026-03-17T18:40:00.000,14.52,226.93,-9.91,-10.61
2026-03-17T18:50:00.000,14.58,226.64,-10.01,-10.6
2026-03-17T19:00:00.000,15.24,224.26,-10.92,-10.64
2026-03-17T19:10:00.000,14.35,227.44,-9.7,-10.57
2026-03-17T19:20:00.000,14.3,224.17,-10.25,-9.96
2026-03-17T19:30:00.000,14.08,224.92,-9.97,-9.94
2026-03-17T19:40:00.000,13.06,225.74,-9.12,-9.35
2026-03-17T19:50:00.000,14.33,227.3,-9.72,-10.53
2026-03-17T20:00:00.000,12.23,231.69,-7.58,-9.6
2026-03-17T20:10:00.000,13.53,232.67,-8.2,-10.76
2026-03-17T20:20:00.000,12.47,235.08,-7.14,-10.23
2026-03-17T20:30:00.000,12.08,230.86,-7.62,-9.37
2026-03-17T20:40:00.000,9.87,236.23,-5.49,-8.2
2026-03-17T20:50:00.000,9.22,232.73,-5.58,-7.33
2026-03-17T21:00:00.000,12.27,233.15,-7.36,-9.82
2026-03-17T21:10:00.000,12.97,233.75,-7.67,-10.46
2026-03-17T21:20:00.000,8.49,228.92,-5.58,-6.4
2026-03-17T21:30:00.000,7.23,247.52,-2.76,-6.68
2026-03-17T21:40:00.000,6.69,229.36,-4.36,-5.08
2026-03-17T21:50:00.000,6.18,250.83,-2.03,-5.84
2026-03-17T22:00:00.000,6.44,244.95,-2.73,-5.84
2026-03-17T22:10:00.000,4.12,242.2,-1.92,-3.65
2026-03-17T22:20:00.000,5.09,252.22,-1.55,-4.84
2026-03-17T22:30:00.000,4.86,245.87,-1.98,-4.43
2026-03-17T22:40:00.000,5.58,244.55,-2.4,-5.04
2026-03-17T22:50:00.000,5.32,274.92,0.46,-5.3
2026-03-17T23:00:00.000,4.47,297.28,2.05,-3.97
2026-03-17T23:10:00.000,0.43,322.59,0.34,-0.26
2026-03-17T23:20:00.000,2.28,336.44,2.09,-0.91
2026-03-17T23:30:00.000,3.93,328.7,3.36,-2.04
2026-03-17T23:40:00.000,3.59,14.1,3.48,0.87
2026-03-17T23:50:00.000,4.58,352.13,4.53,-0.63
2026-03-18T00:00:00.000,5.25,9.98,5.17,0.91
2026-03-18T00:10:00.000,3.94,2.87,3.94,0.2
2026-03-18T00:20:00.000,1.86,24.54,1.69,0.77
2026-03-18T00:30:00.000,1.69,25.21,1.53,0.72
2026-03-18T00:40:00.000,2.25,337.93,2.09,-0.85
2026-03-18T00:50:00.000,4.75,13.81,4.61,1.13
2026-03-18T01:00:00.000,3.12,12.32,3.05,0.67
2026-03-18T01:10:00.000,4.44,27.62,3.93,2.06
2026-03-18T01:20:00.000,3.4,12.03,3.33,0.71
2026-03-18T01:30:00.000,2.65,2.53,2.65,0.12
2026-03-18T01:40:00.000,5.18,25.64,4.67,2.24
2026-03-18T01:50:00.000,1.45,15.72,1.4,0.39
2026-03-18T02:00:00.000,1.21,32.82,1.02,0.66
2026-03-18T02:10:00.000,0.68,8.91,0.67,0.11
2026-03-18T02:20:00.000,2.14,43.75,1.54,1.48
2026-03-18T02:30:00.000,3.13,28.88,2.74,1.51
2026-03-18T02:40:00.000,2.29,16.89,2.19,0.66
2026-03-18T02:50:00.000,0.9,20.92,0.84,0.32
2026-03-18T03:00:00.000,0.53,35.6,0.43,0.31
2026-03-18T03:10:00.000,1.18,331.88,1.04,-0.56
2026-03-18T03:20:00.000,2.78,14.66,2.69,0.7
2026-03-18T03:30:00.000,0.84,49.06,0.55,0.63
2026-03-18T03:40:00.000,1.57,21.78,1.46,0.58
2026-03-18T03:50:00.000,0.48,5.91,0.48,0.05
2026-03-18T04:00:00.000,0.41,330.4,0.35,-0.2
2026-03-18T04:10:00.000,1.53,323.31,1.23,-0.92
2026-03-18T04:20:00.000,0.46,316.01,0.33,-0.32
2026-03-18T04:30:00.000,0.4,331.99,0.35,-0.19
2026-03-18T04:40:00.000,1.15,46.39,0.79,0.83
2026-03-18T04:50:00.000,0.31,347.19,0.3,-0.07
2026-03-18T05:00:00.000,0.82,86.04,0.06,0.82
2026-03-18T05:10:00.000,2.49,42.73,1.83,1.69
2026-03-18T05:20:00.000,0.2,343.39,0.19,-0.06
2026-03-18T05:30:00.000,0.6,293.41,0.24,-0.55
2026-03-18T05:40:00.000,0.44,323.97,0.35,-0.26
2026-03-18T05:50:00.000,1.47,18.07,1.4,0.46
2026-03-18T06:00:00.000,0.58,13.68,0.56,0.14
2026-03-18T06:10:00.000,1.52,16.81,1.46,0.44
2026-03-18T06:20:00.000,1.03,332.4,0.91,-0.48
2026-03-18T06:30:00.000,0.87,343.4,0.83,-0.25
2026-03-18T06:40:00.000,0.54,335.32,0.49,-0.23
2026-03-18T06:50:00.000,0.39,333,0.35,-0.18
2026-03-18T07:00:00.000,0.32,287.84,0.1,-0.31
2026-03-18T07:10:00.000,0.63,286.36,0.18,-0.61
2026-03-18T07:20:00.000,0.75,315.54,0.54,-0.53
2026-03-18T07:30:00.000,0.56,316.05,0.4,-0.39
2026-03-18T07:40:00.000,0.66,294.12,0.27,-0.6
2026-03-18T07:50:00.000,0.8,301.55,0.42,-0.68
2026-03-18T08:00:00.000,0.9,312.82,0.61,-0.66
2026-03-18T08:10:00.000,0.81,284.76,0.21,-0.78
2026-03-18T08:20:00.000,1.01,295.51,0.43,-0.91
2026-03-18T08:30:00.000,0.75,275.77,0.08,-0.74
2026-03-18T08:40:00.000,1.03,276.58,0.12,-1.03
2026-03-18T08:50:00.000,1.43,275.96,0.15,-1.42
2026-03-18T09:00:00.000,0.47,331.54,0.41,-0.22
2026-03-18T09:10:00.000,0.95,318.44,0.71,-0.63
2026-03-18T09:20:00.000,0.21,287.59,0.06,-0.2
2026-03-18T09:30:00.000,2.13,193.43,-2.07,-0.49
2026-03-18T09:40:00.000,2.69,209.69,-2.34,-1.33
2026-03-18T09:50:00.000,3.17,218.87,-2.47,-1.99
2026-03-18T10:00:00.000,3.12,208.35,-2.75,-1.48
2026-03-18T10:10:00.000,3.12,220.36,-2.38,-2.02
2026-03-18T10:20:00.000,3.22,240.76,-1.57,-2.81
2026-03-18T10:30:00.000,3.78,218.96,-2.94,-2.38
2026-03-18T10:40:00.000,4.54,244.51,-1.95,-4.09
2026-03-18T10:50:00.000,3.49,257.68,-0.74,-3.41
2026-03-18T11:00:00.000,3.58,251.05,-1.16,-3.39
2026-03-18T11:10:00.000,3.1,227.14,-2.11,-2.27
2026-03-18T11:20:00.000,3.24,230.81,-2.05,-2.51
2026-03-18T11:30:00.000,3.63,234.91,-2.08,-2.97
2026-03-18T11:40:00.000,3.23,232.3,-1.97,-2.55
2026-03-18T11:50:00.000,2.96,249.79,-1.02,-2.78
2026-03-18T12:00:00.000,3.11,252.96,-0.91,-2.97
2026-03-18T12:10:00.000,3.07,249.52,-1.07,-2.88
2026-03-18T12:20:00.000,3.32,258.49,-0.66,-3.26
2026-03-18T12:30:00.000,3.38,263.26,-0.4,-3.36
2026-03-18T12:40:00.000,3.35,256.76,-0.77,-3.26
2026-03-18T12:50:00.000,4.18,258.28,-0.85,-4.1
2026-03-18T13:00:00.000,3.37,262.3,-0.45,-3.33
2026-03-18T13:10:00.000,3.69,260.56,-0.61,-3.64
2026-03-18T13:20:00.000,3.67,248.97,-1.32,-3.43
2026-03-18T13:30:00.000,3.62,271.3,0.08,-3.62
2026-03-18T13:40:00.000,3.69,270.4,0.03,-3.69
2026-03-18T13:50:00.000,3.38,264.65,-0.32,-3.37
2026-03-18T14:00:00.000,3.79,271.88,0.12,-3.79
2026-03-18T14:10:00.000,4.31,279.36,0.7,-4.25
2026-03-18T14:20:00.000,3.42,275.25,0.31,-3.41
2026-03-18T14:30:00.000,4,272.52,0.18,-3.99
2026-03-18T14:40:00.000,3.69,280.96,0.7,-3.62
2026-03-18T14:50:00.000,3.6,282.53,0.78,-3.51
2026-03-18T15:00:00.000,3.28,294.86,1.38,-2.98
2026-03-18T15:10:00.000,2.5,280.84,0.47,-2.45
2026-03-18T15:20:00.000,2.74,286.9,0.8,-2.62
2026-03-18T15:30:00.000,2.61,304.88,1.49,-2.14
2026-03-18T15:40:00.000,2.14,290.84,0.76,-2
2026-03-18T15:50:00.000,2.59,292.17,0.98,-2.4
2026-03-18T16:00:00.000,2.51,302.68,1.36,-2.11
2026-03-18T16:10:00.000,2.57,290.54,0.9,-2.4
2026-03-18T16:20:00.000,2.19,301.36,1.14,-1.87
2026-03-18T16:30:00.000,2.05,306.37,1.21,-1.65
2026-03-18T16:40:00.000,3.05,280.47,0.55,-3
2026-03-18T16:50:00.000,3.33,281.44,0.66,-3.27
2026-03-18T17:00:00.000,3.11,272.5,0.14,-3.11
2026-03-18T17:10:00.000,2.72,275.46,0.26,-2.7
2026-03-18T17:20:00.000,3.18,281.5,0.63,-3.12
2026-03-18T17:30:00.000,2.86,291.25,1.04,-2.67
2026-03-18T17:40:00.000,3.27,267.8,-0.13,-3.26
2026-03-18T17:50:00.000,2.35,289.09,0.77,-2.22
2026-03-18T18:00:00.000,1.77,285.23,0.47,-1.71
2026-03-18T18:10:00.000,2.31,292.11,0.87,-2.14
2026-03-18T18:20:00.000,3.38,274.02,0.24,-3.38
2026-03-18T18:30:00.000,2.31,277.66,0.31,-2.29
2026-03-18T18:40:00.000,2.43,267.64,-0.1,-2.43
2026-03-18T18:50:00.000,3.4,246,-1.38,-3.1
2026-03-18T19:00:00.000,1.64,283.2,0.37,-1.6
2026-03-18T19:10:00.000,2.31,243.94,-1.01,-2.08
2026-03-18T19:20:00.000,2.6,255.66,-0.64,-2.52
2026-03-18T19:30:00.000,3.28,256.54,-0.76,-3.19
2026-03-18T19:40:00.000,3.36,262.86,-0.42,-3.33
2026-03-18T19:50:00.000,3.53,253.24,-1.02,-3.38
2026-03-18T20:00:00.000,2.99,264.45,-0.29,-2.97
2026-03-18T20:10:00.000,2.24,263.29,-0.26,-2.23
2026-03-18T20:20:00.000,2.08,271.21,0.04,-2.08
2026-03-18T20:30:00.000,1.98,281.64,0.4,-1.94
2026-03-18T20:40:00.000,1.9,279.34,0.31,-1.88
2026-03-18T20:50:00.000,1.33,297.69,0.62,-1.18
2026-03-18T21:00:00.000,1.3,285.2,0.34,-1.26
2026-03-18T21:10:00.000,0.86,292.13,0.32,-0.79
2026-03-18T21:20:00.000,0.68,307.81,0.42,-0.54
2026-03-18T21:30:00.000,0.82,319.02,0.62,-0.54
2026-03-18T21:40:00.000,0.53,299.31,0.26,-0.46
2026-03-18T21:50:00.000,0.56,313.68,0.39,-0.41
2026-03-18T22:00:00.000,0.57,284.52,0.14,-0.55
2026-03-18T22:10:00.000,0.42,311.54,0.28,-0.31
2026-03-18T22:20:00.000,0.42,45.32,0.3,0.3
2026-03-18T22:30:00.000,0.69,35.76,0.56,0.4
2026-03-18T22:40:00.000,0.52,11,0.51,0.1
2026-03-18T22:50:00.000,0.17,114.82,-0.07,0.15
2026-03-18T23:00:00.000,0.33,67.41,0.13,0.3
2026-03-18T23:10:00.000,1.36,38.58,1.07,0.85
2026-03-18T23:20:00.000,0.65,62.26,0.3,0.57
2026-03-18T23:30:00.000,1.24,78.68,0.24,1.21
2026-03-18T23:40:00.000,2.32,111.46,-0.85,2.16
2026-03-18T23:50:00.000,3.86,325.13,3.17,-2.21
2026-03-19T00:00:00.000,1.37,319.29,1.03,-0.89
2026-03-19T00:10:00.000,2.07,40.1,1.58,1.33
2026-03-19T00:20:00.000,4.99,0.8,4.99,0.07
2026-03-19T00:30:00.000,6.18,16.76,5.91,1.78
2026-03-19T00:40:00.000,6.33,15.46,6.1,1.69
2026-03-19T00:50:00.000,1.51,345.6,1.46,-0.38
2026-03-19T01:00:00.000,2.46,17.68,2.34,0.75
2026-03-19T01:10:00.000,0.97,21.36,0.9,0.35
2026-03-19T01:20:00.000,1.53,326.39,1.27,-0.85
2026-03-19T01:30:00.000,2.86,325.57,2.36,-1.61
2026-03-19T01:40:00.000,1.75,306.91,1.05,-1.4
2026-03-19T01:50:00.000,3.47,336.65,3.19,-1.38
2026-03-19T02:00:00.000,1.12,343.28,1.07,-0.32
2026-03-19T02:10:00.000,2.12,342.78,2.02,-0.63
2026-03-19T02:20:00.000,2.93,6.71,2.91,0.34
2026-03-19T02:30:00.000,1.97,8.98,1.95,0.31
2026-03-19T02:40:00.000,1.18,332.2,1.05,-0.55
2026-03-19T02:50:00.000,2.76,307.76,1.69,-2.18
2026-03-19T03:00:00.000,2.83,303.74,1.57,-2.35
2026-03-19T03:10:00.000,1.23,326.62,1.03,-0.68
2026-03-19T03:20:00.000,0.46,1.31,0.46,0.01
2026-03-19T03:30:00.000,1.16,359.65,1.15,-0.01
2026-03-19T03:40:00.000,0.99,345.4,0.96,-0.25
2026-03-19T03:50:00.000,0.74,339.42,0.7,-0.26
2026-03-19T04:00:00.000,0.74,335.38,0.67,-0.31
2026-03-19T04:10:00.000,0.7,345.79,0.67,-0.17
2026-03-19T04:20:00.000,0.87,340.09,0.82,-0.3
2026-03-19T04:30:00.000,0.53,351.49,0.52,-0.08
2026-03-19T04:40:00.000,0.58,334.46,0.52,-0.25
2026-03-19T04:50:00.000,1.08,271.03,0.02,-1.08
2026-03-19T05:00:00.000,1.52,288.85,0.49,-1.44
2026-03-19T05:10:00.000,0.77,289.44,0.26,-0.73
2026-03-19T05:20:00.000,2.48,233.59,-1.47,-2
2026-03-19T05:30:00.000,3.41,258.72,-0.67,-3.34
2026-03-19T05:40:00.000,1.49,287.89,0.46,-1.42
2026-03-19T05:50:00.000,1.68,272.2,0.06,-1.68
2026-03-19T06:00:00.000,1.61,334.69,1.46,-0.69
2026-03-19T06:10:00.000,1.28,334.3,1.15,-0.55
2026-03-19T06:20:00.000,1.36,342.63,1.3,-0.41
2026-03-19T06:30:00.000,5.34,345.95,5.18,-1.3
2026-03-19T06:40:00.000,4.46,9.19,4.4,0.71
2026-03-19T06:50:00.000,2.84,351.83,2.81,-0.4
2026-03-19T07:00:00.000,1.35,293.18,0.53,-1.24
2026-03-19T07:10:00.000,2.26,148.39,-1.93,1.19
2026-03-19T07:20:00.000,0.65,257.54,-0.14,-0.63
2026-03-19T07:30:00.000,4.21,161.39,-3.99,1.34
2026-03-19T07:40:00.000,6.69,157.77,-6.2,2.53
2026-03-19T07:50:00.000,6.43,167.14,-6.27,1.43
2026-03-19T08:00:00.000,4.82,171.14,-4.77,0.74
2026-03-19T08:10:00.000,6.4,167.47,-6.25,1.39
2026-03-19T08:20:00.000,4.46,180.87,-4.46,-0.07
2026-03-19T08:30:00.000,7.64,160.08,-7.18,2.6
2026-03-19T08:40:00.000,7.2,160.6,-6.79,2.39
2026-03-19T08:50:00.000,8.07,166.64,-7.85,1.86
2026-03-19T09:00:00.000,7.24,159.72,-6.8,2.51
2026-03-19T09:10:00.000,8.53,167.3,-8.32,1.88
2026-03-19T09:20:00.000,7.81,168.7,-7.66,1.53
2026-03-19T09:30:00.000,8.94,164.3,-8.61,2.42
2026-03-19T09:40:00.000,8.53,171.74,-8.44,1.23
2026-03-19T09:50:00.000,9.41,170.34,-9.27,1.58
2026-03-19T10:00:00.000,8.25,170.76,-8.14,1.32
2026-03-19T10:10:00.000,8.92,176.98,-8.91,0.47
2026-03-19T10:20:00.000,8.53,174.62,-8.49,0.8
2026-03-19T10:30:00.000,8.09,174.93,-8.06,0.71
2026-03-19T10:40:00.000,9.1,174.54,-9.06,0.87
2026-03-19T10:50:00.000,9.3,170,-9.16,1.61
2026-03-19T11:00:00.000,9.33,171.15,-9.22,1.44
2026-03-19T11:10:00.000,8.16,179.18,-8.15,0.12
2026-03-19T11:20:00.000,8.61,180.99,-8.61,-0.15
2026-03-19T11:30:00.000,8.99,177.79,-8.98,0.35
2026-03-19T11:40:00.000,9.08,176.59,-9.06,0.54
2026-03-19T11:50:00.000,7.75,181.25,-7.75,-0.17
2026-03-19T12:00:00.000,8.07,180.48,-8.07,-0.07
2026-03-19T12:10:00.000,7.66,179.55,-7.66,0.06
2026-03-19T12:20:00.000,7.36,200.86,-6.87,-2.62
2026-03-19T12:30:00.000,8.15,209.71,-7.08,-4.04
2026-03-19T12:40:00.000,11.86,211.22,-10.15,-6.15
2026-03-19T12:50:00.000,12.25,214.17,-10.13,-6.88
2026-03-19T13:00:00.000,11.5,211.93,-9.76,-6.08
2026-03-19T13:10:00.000,12.17,210.79,-10.45,-6.23
2026-03-19T13:20:00.000,12.11,213,-10.16,-6.6
2026-03-19T13:30:00.000,13.62,214.44,-11.23,-7.7
2026-03-19T13:40:00.000,13.53,215.56,-11,-7.87
2026-03-19T13:50:00.000,13.8,217.27,-10.99,-8.36
2026-03-19T14:00:00.000,13.19,219.05,-10.24,-8.31
2026-03-19T14:10:00.000,14.19,218.4,-11.12,-8.81
2026-03-19T14:20:00.000,13.76,220.37,-10.48,-8.91
2026-03-19T14:30:00.000,13.85,220.67,-10.5,-9.02
2026-03-19T14:40:00.000,12.91,224.83,-9.16,-9.1
2026-03-19T14:50:00.000,13.83,223.92,-9.96,-9.59
2026-03-19T15:00:00.000,11.33,226.89,-7.74,-8.27
2026-03-19T15:10:00.000,13.58,224.85,-9.63,-9.57
2026-03-19T15:20:00.000,14.02,226.5,-9.65,-10.17
2026-03-19T15:30:00.000,12.35,226.66,-8.48,-8.98
2026-03-19T15:40:00.000,12.66,230.71,-8.02,-9.8
2026-03-19T15:50:00.000,12.93,230.4,-8.24,-9.96
2026-03-19T16:00:00.000,12.47,229.69,-8.07,-9.51
2026-03-19T16:10:00.000,11.7,231.31,-7.32,-9.13
2026-03-19T16:20:00.000,11.66,235.89,-6.54,-9.65
2026-03-19T16:30:00.000,11.41,234.49,-6.63,-9.29
2026-03-19T16:40:00.000,10.38,236.1,-5.79,-8.61
2026-03-19T16:50:00.000,9.2,237.49,-4.94,-7.76
2026-03-19T17:00:00.000,8.87,238.02,-4.7,-7.52
2026-03-19T17:10:00.000,9.13,246.74,-3.61,-8.39
2026-03-19T17:20:00.000,10.46,246.62,-4.15,-9.6
2026-03-19T17:30:00.000,9.37,252.37,-2.84,-8.93
2026-03-19T17:40:00.000,9.52,247.76,-3.6,-8.81
2026-03-19T17:50:00.000,7.34,252.12,-2.25,-6.98
2026-03-19T18:00:00.000,9.15,258.04,-1.9,-8.95
2026-03-19T18:10:00.000,7.08,260.5,-1.17,-6.99
2026-03-19T18:20:00.000,7.71,251.18,-2.49,-7.3
2026-03-19T18:30:00.000,6.89,245.37,-2.87,-6.26
2026-03-19T18:40:00.000,10.01,257.11,-2.23,-9.76
2026-03-19T18:50:00.000,9.73,260.47,-1.61,-9.59
2026-03-19T19:00:00.000,10.91,262.21,-1.48,-10.81
2026-03-19T19:10:00.000,10.07,264.59,-0.95,-10.02
2026-03-19T19:20:00.000,6.87,261.81,-0.98,-6.8
2026-03-19T19:30:00.000,9.12,271.33,0.21,-9.11
2026-03-19T19:40:00.000,8.43,271.59,0.23,-8.43
2026-03-19T19:50:00.000,6.34,268.14,-0.21,-6.33
2026-03-19T20:00:00.000,5.58,286.54,1.59,-5.35
2026-03-19T20:10:00.000,7.8,286.5,2.22,-7.48
2026-03-19T20:20:00.000,7.8,261.08,-1.21,-7.7
2026-03-19T20:30:00.000,6.23,275.24,0.57,-6.2
2026-03-19T20:40:00.000,4.94,247.18,-1.91,-4.55
2026-03-19T20:50:00.000,4.04,272.51,0.18,-4.04
2026-03-19T21:00:00.000,3.46,259.85,-0.61,-3.4
2026-03-19T21:10:00.000,1.99,252.68,-0.59,-1.9
2026-03-19T21:20:00.000,1.45,299.6,0.72,-1.26
2026-03-19T21:30:00.000,2.83,299.04,1.37,-2.47
2026-03-19T21:40:00.000,2.83,283.72,0.67,-2.75
2026-03-19T21:50:00.000,2.85,243.12,-1.29,-2.54
2026-03-19T22:00:00.000,3.18,270.5,0.03,-3.18
2026-03-19T22:10:00.000,3.98,284.68,1.01,-3.85
2026-03-19T22:20:00.000,3.43,306.37,2.03,-2.76
2026-03-19T22:30:00.000,0.63,288.74,0.2,-0.6
2026-03-19T22:40:00.000,4.15,212.91,-3.49,-2.26
2026-03-19T22:50:00.000,3.15,222.47,-2.32,-2.13
2026-03-19T23:00:00.000,3.56,228.73,-2.35,-2.68
2026-03-19T23:10:00.000,4.85,229.35,-3.16,-3.68
2026-03-19T23:20:00.000,2.44,211.27,-2.09,-1.27
2026-03-19T23:30:00.000,0.44,219.84,-0.34,-0.28
2026-03-19T23:40:00.000,1.53,236.85,-0.84,-1.28
2026-03-19T23:50:00.000,1.53,197.26,-1.46,-0.46
2026-03-20T00:00:00.000,3.06,211.55,-2.61,-1.6
2026-03-20T00:10:00.000,3.79,237.65,-2.03,-3.2
2026-03-20T00:20:00.000,3.93,229.02,-2.58,-2.97
2026-03-20T00:30:00.000,3.99,263.17,-0.47,-3.96
2026-03-20T00:40:00.000,3.5,254.52,-0.93,-3.38
2026-03-20T00:50:00.000,5.24,236.65,-2.88,-4.38
2026-03-20T01:00:00.000,2.02,229.18,-1.32,-1.53
2026-03-20T01:10:00.000,1.25,172.05,-1.24,0.17
2026-03-20T01:20:00.000,6.46,268.47,-0.17,-6.46
2026-03-20T01:30:00.000,7.12,238.39,-3.73,-6.07
2026-03-20T01:40:00.000,7.48,260.65,-1.21,-7.38
2026-03-20T01:50:00.000,5.73,255.63,-1.42,-5.55
2026-03-20T02:00:00.000,4.92,282.67,1.08,-4.8
2026-03-20T02:10:00.000,4.17,304.85,2.38,-3.43
2026-03-20T02:20:00.000,5.01,300.37,2.53,-4.32
2026-03-20T02:30:00.000,2.03,261.39,-0.3,-2
2026-03-20T02:40:00.000,3.85,178.97,-3.85,0.07
2026-03-20T02:50:00.000,8.39,216.27,-6.76,-4.96
2026-03-20T03:00:00.000,6.17,199.61,-5.81,-2.07
2026-03-20T03:10:00.000,7.14,166.84,-6.95,1.63
2026-03-20T03:20:00.000,7.58,170.32,-7.47,1.27
2026-03-20T03:30:00.000,7.93,179.51,-7.93,0.07
2026-03-20T03:40:00.000,6.07,196.97,-5.81,-1.77
2026-03-20T03:50:00.000,6.6,190,-6.5,-1.15
2026-03-20T04:00:00.000,8.04,216.54,-6.46,-4.79
2026-03-20T04:10:00.000,9.13,220.87,-6.9,-5.97
2026-03-20T04:20:00.000,10.23,224.79,-7.26,-7.21
2026-03-20T04:30:00.000,10.54,221.2,-7.93,-6.94
2026-03-20T04:40:00.000,13.78,224.27,-9.87,-9.62
2026-03-20T04:50:00.000,13.29,215.91,-10.77,-7.8
2026-03-20T05:00:00.000,13.61,223.13,-9.93,-9.3
2026-03-20T05:10:00.000,15.8,248.53,-5.78,-14.7
2026-03-20T05:20:00.000,15.18,234.54,-8.8,-12.36
2026-03-20T05:30:00.000,14.18,219.58,-10.93,-9.04
2026-03-20T05:40:00.000,10.12,210.11,-8.76,-5.08
2026-03-20T05:50:00.000,14.14,202.72,-13.04,-5.46
2026-03-20T06:00:00.000,14.47,192.54,-14.12,-3.14
2026-03-20T06:10:00.000,19.47,208.68,-17.09,-9.34
2026-03-20T06:20:00.000,15.01,205.64,-13.53,-6.5
2026-03-20T06:30:00.000,19.35,202.54,-17.87,-7.42
2026-03-20T06:40:00.000,22.57,208.62,-19.81,-10.81
2026-03-20T06:50:00.000,16.55,213.88,-13.74,-9.22
2026-03-20T07:00:00.000,16.44,217.55,-13.04,-10.02
2026-03-20T07:10:00.000,15.42,218.93,-11.99,-9.69
2026-03-20T07:20:00.000,12.62,234.74,-7.29,-10.31
2026-03-20T07:30:00.000,11.77,254.71,-3.1,-11.35
2026-03-20T07:40:00.000,10.88,254.18,-2.97,-10.46
2026-03-20T07:50:00.000,12.21,253.33,-3.5,-11.7
2026-03-20T08:00:00.000,11.56,245.74,-4.75,-10.54
2026-03-20T08:10:00.000,9.99,232.79,-6.04,-7.96
2026-03-20T08:20:00.000,11.46,231.1,-7.2,-8.92
2026-03-20T08:30:00.000,13.58,238.99,-7,-11.64
2026-03-20T08:40:00.000,12.07,245.01,-5.1,-10.94
2026-03-20T08:50:00.000,12.67,245.17,-5.32,-11.5
2026-03-20T09:00:00.000,10.69,247.35,-4.11,-9.86
2026-03-20T09:10:00.000,9.93,247.8,-3.75,-9.19
2026-03-20T09:20:00.000,9.79,244.16,-4.27,-8.81
2026-03-20T09:30:00.000,8.81,240.63,-4.32,-7.68
2026-03-20T09:40:00.000,9.85,227.39,-6.67,-7.25
2026-03-20T09:50:00.000,11.38,225.09,-8.03,-8.06
2026-03-20T10:00:00.000,10.29,229.81,-6.64,-7.86
2026-03-20T10:10:00.000,12.59,232.61,-7.65,-10
2026-03-20T10:20:00.000,11.8,233.1,-7.09,-9.44
2026-03-20T10:30:00.000,9.78,221.96,-7.27,-6.54
2026-03-20T10:40:00.000,13.32,215.3,-10.87,-7.7
2026-03-20T10:50:00.000,15.49,218.52,-12.12,-9.65
2026-03-20T11:00:00.000,12.59,216.97,-10.06,-7.57
2026-03-20T11:10:00.000,15.3,217.62,-12.12,-9.34
2026-03-20T11:20:00.000,19.82,216.32,-15.97,-11.74
2026-03-20T11:30:00.000,18.82,204.1,-17.18,-7.69
2026-03-20T11:40:00.000,18.25,200.76,-17.07,-6.47
2026-03-20T11:50:00.000,18.62,201.4,-17.33,-6.79
2026-03-20T12:00:00.000,20.84,198.11,-19.81,-6.48
2026-03-20T12:10:00.000,19.38,200.38,-18.17,-6.75
2026-03-20T12:20:00.000,15.88,206.74,-14.18,-7.14
2026-03-20T12:30:00.000,17.09,201.2,-15.93,-6.18
2026-03-20T12:40:00.000,21.09,207.79,-18.65,-9.83
2026-03-20T12:50:00.000,17.21,209.49,-14.98,-8.47
2026-03-20T13:00:00.000,17.77,215.81,-14.41,-10.4
2026-03-20T13:10:00.000,17.32,217.57,-13.73,-10.56
2026-03-20T13:20:00.000,16.1,223.11,-11.75,-11
2026-03-20T13:30:00.000,17.84,219.85,-13.7,-11.43
2026-03-20T13:40:00.000,17.09,228.34,-11.36,-12.77
2026-03-20T13:50:00.000,17.04,225.86,-11.87,-12.23
2026-03-20T14:00:00.000,17.26,225.72,-12.05,-12.36
2026-03-20T14:10:00.000,18.66,226.04,-12.95,-13.43
2026-03-20T14:20:00.000,14.28,224.55,-10.18,-10.02
2026-03-20T14:30:00.000,15.68,226.73,-10.74,-11.41
2026-03-20T14:40:00.000,14.77,228.73,-9.74,-11.1
2026-03-20T14:50:00.000,13.64,227.13,-9.28,-9.99
2026-03-20T15:00:00.000,16.75,227.13,-11.39,-12.27
2026-03-20T15:10:00.000,18.04,240.18,-8.97,-15.66
2026-03-20T15:20:00.000,16.96,233.56,-10.07,-13.64
2026-03-20T15:30:00.000,16.61,231.79,-10.27,-13.05
2026-03-20T15:40:00.000,13.93,232.73,-8.43,-11.08
2026-03-20T15:50:00.000,15.1,235.33,-8.59,-12.42
2026-03-20T16:00:00.000,13.98,238.49,-7.31,-11.92
2026-03-20T16:10:00.000,13.47,243.9,-5.92,-12.09
2026-03-20T16:20:00.000,12.85,240.03,-6.42,-11.13
2026-03-20T16:30:00.000,12.81,234.69,-7.41,-10.46
2026-03-20T16:40:00.000,11.48,241.68,-5.44,-10.1
2026-03-20T16:50:00.000,15.47,256.89,-3.51,-15.06
2026-03-20T17:00:00.000,12.06,243.34,-5.41,-10.77
2026-03-20T17:10:00.000,12.84,242.44,-5.94,-11.38
2026-03-20T17:20:00.000,14.31,241.76,-6.77,-12.61
2026-03-20T17:30:00.000,12.05,246.64,-4.78,-11.06
2026-03-20T17:40:00.000,11.19,239.91,-5.61,-9.68
2026-03-20T17:50:00.000,11.34,225.76,-7.91,-8.12
2026-03-20T18:00:00.000,11.91,236.37,-6.6,-9.92
2026-03-20T18:10:00.000,10.94,252.64,-3.26,-10.44
2026-03-20T18:20:00.000,11.22,245.94,-4.57,-10.25
2026-03-20T18:30:00.000,14.17,246.39,-5.67,-12.98
2026-03-20T18:40:00.000,10.18,243.48,-4.54,-9.11
2026-03-20T18:50:00.000,11.01,239.02,-5.67,-9.44
2026-03-20T19:00:00.000,8.55,241.65,-4.06,-7.53
2026-03-20T19:10:00.000,10.21,256.39,-2.4,-9.93
2026-03-20T19:20:00.000,10.58,262.87,-1.31,-10.5
2026-03-20T19:30:00.000,8.64,256.77,-1.98,-8.41
2026-03-20T19:40:00.000,10.94,248.91,-3.94,-10.21
2026-03-20T19:50:00.000,7.29,248.96,-2.62,-6.81
2026-03-20T20:00:00.000,8.67,276.82,1.03,-8.6
2026-03-20T20:10:00.000,6.39,260.38,-1.07,-6.3
2026-03-20T20:20:00.000,8.94,271.05,0.16,-8.94
2026-03-20T20:30:00.000,10.17,269.72,-0.05,-10.17
2026-03-20T20:40:00.000,10.16,248.12,-3.79,-9.43
2026-03-20T20:50:00.000,12.31,263.77,-1.34,-12.24
2026-03-20T21:00:00.000,7.78,265.01,-0.68,-7.75
2026-03-20T21:10:00.000,5.76,249.28,-2.04,-5.39
2026-03-20T21:20:00.000,7,257.52,-1.51,-6.83
2026-03-20T21:30:00.000,7.87,264.95,-0.69,-7.84
2026-03-20T21:40:00.000,10.82,275.81,1.1,-10.77
2026-03-20T21:50:00.000,10.31,243.82,-4.55,-9.26
2026-03-20T22:00:00.000,10.55,257.26,-2.33,-10.29
2026-03-20T22:10:00.000,8.72,260.74,-1.4,-8.6
2026-03-20T22:20:00.000,10.57,233.46,-6.29,-8.49
2026-03-20T22:30:00.000,8.94,244.74,-3.81,-8.08
2026-03-20T22:40:00.000,10.12,232.33,-6.18,-8.01
2026-03-20T22:50:00.000,9.1,229.26,-5.94,-6.9
2026-03-20T23:00:00.000,8.71,233.69,-5.16,-7.02
2026-03-20T23:10:00.000,9.27,224.57,-6.6,-6.5
2026-03-20T23:20:00.000,14.69,217.14,-11.71,-8.87
2026-03-20T23:30:00.000,10.67,216.32,-8.6,-6.32
2026-03-20T23:40:00.000,13.56,206.04,-12.18,-5.95
2026-03-20T23:50:00.000,12.12,202.53,-11.19,-4.64
2026-03-21T00:00:00.000,11.41,187.86,-11.31,-1.56
2026-03-21T00:10:00.000,9.67,200.24,-9.07,-3.34
2026-03-21T00:20:00.000,11.89,204.11,-10.85,-4.86
2026-03-21T00:30:00.000,8.94,240.61,-4.39,-7.79
2026-03-21T00:40:00.000,12.79,277.23,1.61,-12.69
2026-03-21T00:50:00.000,12.8,261.02,-2,-12.64
2026-03-21T01:00:00.000,8.57,298.5,4.09,-7.53
2026-03-21T01:10:00.000,8.29,277.81,1.13,-8.21
2026-03-21T01:20:00.000,8.24,278.48,1.22,-8.15
2026-03-21T01:30:00.000,7.84,271.31,0.18,-7.84
2026-03-21T01:40:00.000,13.88,269.03,-0.23,-13.88
2026-03-21T01:50:00.000,10.32,265.95,-0.73,-10.29
2026-03-21T02:00:00.000,12.34,261.25,-1.88,-12.19
2026-03-21T02:10:00.000,14.7,263.05,-1.78,-14.59
2026-03-21T02:20:00.000,12.48,257.78,-2.64,-12.2
2026-03-21T02:30:00.000,12.43,265.58,-0.96,-12.39
2026-03-21T02:40:00.000,14.61,265.99,-1.02,-14.58
2026-03-21T02:50:00.000,9.85,254.15,-2.69,-9.48
2026-03-21T03:00:00.000,9.91,248.63,-3.61,-9.23
2026-03-21T03:10:00.000,12.49,236.49,-6.9,-10.42
2026-03-21T03:20:00.000,18.45,250.89,-6.04,-17.44
2026-03-21T03:30:00.000,8.54,268.86,-0.17,-8.54
2026-03-21T03:40:00.000,10.61,274.52,0.84,-10.57
2026-03-21T03:50:00.000,12.17,248.4,-4.48,-11.31
2026-03-21T04:00:00.000,11.16,220.41,-8.49,-7.23
2026-03-21T04:10:00.000,14.79,205.15,-13.38,-6.28
2026-03-21T04:20:00.000,18.67,198.97,-17.66,-6.07
2026-03-21T04:30:00.000,13.6,202.24,-12.59,-5.15
2026-03-21T04:40:00.000,20.92,215.79,-16.97,-12.24
2026-03-21T04:50:00.000,16.54,214.56,-13.62,-9.38
2026-03-21T05:00:00.000,9.11,231.03,-5.73,-7.08
2026-03-21T05:10:00.000,9.48,233.71,-5.61,-7.64
2026-03-21T05:20:00.000,9.9,263.97,-1.04,-9.84
2026-03-21T05:30:00.000,12.83,273.76,0.84,-12.81
2026-03-21T05:40:00.000,13.09,262.79,-1.64,-12.99
2026-03-21T05:50:00.000,12.38,256.81,-2.82,-12.06
2026-03-21T06:00:00.000,11.27,264.93,-0.99,-11.22
2026-03-21T06:10:00.000,16.9,252.74,-5.02,-16.14
2026-03-21T06:20:00.000,13,249.6,-4.53,-12.19
2026-03-21T06:30:00.000,11.24,260.47,-1.86,-11.08
2026-03-21T06:40:00.000,10.82,262.6,-1.39,-10.73
2026-03-21T06:50:00.000,15.59,263,-1.9,-15.47
2026-03-21T07:00:00.000,11.68,270.49,0.1,-11.68
2026-03-21T07:10:00.000,12.09,252.79,-3.58,-11.55
2026-03-21T07:20:00.000,9.53,250.17,-3.23,-8.96
2026-03-21T07:30:00.000,6.95,245.87,-2.84,-6.34
2026-03-21T07:40:00.000,7.69,236.61,-4.23,-6.42
2026-03-21T07:50:00.000,7.73,240.58,-3.79,-6.73
2026-03-21T08:00:00.000,7.78,247.81,-2.94,-7.21
2026-03-21T08:10:00.000,7.32,235.17,-4.18,-6.01
2026-03-21T08:20:00.000,8.32,246.88,-3.27,-7.65
2026-03-21T08:30:00.000,9.8,257.25,-2.16,-9.56
2026-03-21T08:40:00.000,11.74,270.69,0.14,-11.74
2026-03-21T08:50:00.000,8.62,252.98,-2.52,-8.24
2026-03-21T09:00:00.000,11.26,257.33,-2.47,-10.99
2026-03-21T09:10:00.000,10.51,253.98,-2.9,-10.1
2026-03-21T09:20:00.000,10.96,260.21,-1.86,-10.8
2026-03-21T09:30:00.000,9.96,255.25,-2.54,-9.63
2026-03-21T09:40:00.000,11.95,254.29,-3.24,-11.51
2026-03-21T09:50:00.000,13.7,236.96,-7.47,-11.49
2026-03-21T10:00:00.000,12.66,235.63,-7.15,-10.45
2026-03-21T10:10:00.000,12.74,228.19,-8.49,-9.49
2026-03-21T10:20:00.000,15.61,224.62,-11.11,-10.96
2026-03-21T10:30:00.000,10.13,231.84,-6.26,-7.96
2026-03-21T10:40:00.000,11.12,236.77,-6.09,-9.3
2026-03-21T10:50:00.000,10.24,230.21,-6.55,-7.86
2026-03-21T11:00:00.000,12.25,243.75,-5.42,-10.99
2026-03-21T11:10:00.000,17.77,235.33,-10.11,-14.62
2026-03-21T11:20:00.000,14.55,241.92,-6.85,-12.84
2026-03-21T11:30:00.000,13.11,245.63,-5.41,-11.94
2026-03-21T11:40:00.000,11.63,239.83,-5.85,-10.06
2026-03-21T11:50:00.000,10.28,240.48,-5.07,-8.95
2026-03-21T12:00:00.000,10.46,229.89,-6.74,-8
2026-03-21T12:10:00.000,10.37,226.86,-7.09,-7.57
2026-03-21T12:20:00.000,13.92,220.53,-10.58,-9.05
2026-03-21T12:30:00.000,13.77,219.54,-10.62,-8.76
2026-03-21T12:40:00.000,19.29,199.3,-18.21,-6.38
2026-03-21T12:50:00.000,19.22,195.81,-18.49,-5.24
2026-03-21T13:00:00.000,17.07,196.42,-16.37,-4.82
2026-03-21T13:10:00.000,19.41,198.15,-18.45,-6.05
2026-03-21T13:20:00.000,18.87,198.66,-17.88,-6.04
2026-03-21T13:30:00.000,19.27,196.82,-18.44,-5.57
2026-03-21T13:40:00.000,20.77,194.39,-20.12,-5.16
2026-03-21T13:50:00.000,19.92,195.68,-19.18,-5.38
2026-03-21T14:00:00.000,20.35,198.24,-19.32,-6.37
2026-03-21T14:10:00.000,18.91,200.43,-17.72,-6.6
2026-03-21T14:20:00.000,19.3,203.16,-17.74,-7.59
2026-03-21T14:30:00.000,17.2,205.22,-15.56,-7.33
2026-03-21T14:40:00.000,15.42,205.89,-13.87,-6.73
2026-03-21T14:50:00.000,18.57,210.4,-16.02,-9.4
2026-03-21T15:00:00.000,16.56,208.8,-14.51,-7.98
2026-03-21T15:10:00.000,15.51,209.64,-13.48,-7.67
2026-03-21T15:20:00.000,16.89,211.73,-14.37,-8.88
2026-03-21T15:30:00.000,15.91,213.97,-13.2,-8.89
2026-03-21T15:40:00.000,17.91,216.84,-14.34,-10.74
2026-03-21T15:50:00.000,15.51,213.01,-13.01,-8.45
2026-03-21T16:00:00.000,15.01,213.31,-12.54,-8.24
2026-03-21T16:10:00.000,18.05,218.18,-14.19,-11.16
2026-03-21T16:20:00.000,13.39,218.11,-10.53,-8.26
2026-03-21T16:30:00.000,14.79,217.85,-11.68,-9.08
2026-03-21T16:40:00.000,14.8,216.78,-11.86,-8.86
2026-03-21T16:50:00.000,13.41,213.93,-11.12,-7.48
2026-03-21T17:00:00.000,16.46,228.79,-10.85,-12.39
2026-03-21T17:10:00.000,14.26,224.75,-10.13,-10.04
2026-03-21T17:20:00.000,15.94,221.96,-11.85,-10.66
2026-03-21T17:30:00.000,14.27,229.25,-9.32,-10.81
2026-03-21T17:40:00.000,18.65,229.63,-12.08,-14.21
2026-03-21T17:50:00.000,13.26,230.39,-8.45,-10.22
2026-03-21T18:00:00.000,21.35,240.38,-10.55,-18.56
2026-03-21T18:10:00.000,14.68,222.11,-10.89,-9.84
2026-03-21T18:20:00.000,18.43,220.83,-13.94,-12.05
2026-03-21T18:30:00.000,15.1,240.8,-7.37,-13.18
2026-03-21T18:40:00.000,12.83,235.99,-7.17,-10.63
2026-03-21T18:50:00.000,12.3,220.08,-9.41,-7.92
2026-03-21T19:00:00.000,16.16,242.88,-7.37,-14.39
2026-03-21T19:10:00.000,13.79,250.95,-4.5,-13.03
2026-03-21T19:20:00.000,12.32,235.73,-6.94,-10.18
2026-03-21T19:30:00.000,17.23,237.35,-9.3,-14.51
2026-03-21T19:40:00.000,15.77,285.32,4.17,-15.21
2026-03-21T19:50:00.000,8.66,290.33,3.01,-8.12
2026-03-21T20:00:00.000,8.33,233.31,-4.97,-6.68
2026-03-21T20:10:00.000,13.28,233.74,-7.85,-10.71
2026-03-21T20:20:00.000,11.36,249.78,-3.93,-10.66
2026-03-21T20:30:00.000,9.93,248.78,-3.59,-9.25
2026-03-21T20:40:00.000,12.14,273.58,0.76,-12.12
2026-03-21T20:50:00.000,9.92,265.35,-0.81,-9.89
2026-03-21T21:00:00.000,9.05,252.24,-2.76,-8.62
2026-03-21T21:10:00.000,13.04,243.96,-5.72,-11.71
2026-03-21T21:20:00.000,13.34,223.98,-9.6,-9.26
2026-03-21T21:30:00.000,12.86,234.44,-7.48,-10.46
2026-03-21T21:40:00.000,11.41,236.57,-6.29,-9.53
2026-03-21T21:50:00.000,13.57,233.99,-7.98,-10.97
2026-03-21T22:00:00.000,22.79,237.17,-12.36,-19.15
2026-03-21T22:10:00.000,17.96,218.66,-14.03,-11.22
2026-03-21T22:20:00.000,23.2,211.94,-19.69,-12.28
2026-03-21T22:30:00.000,25.84,209.27,-22.54,-12.63
2026-03-21T22:40:00.000,26.75,208.14,-23.59,-12.61
2026-03-21T22:50:00.000,25.4,208.26,-22.37,-12.03
2026-03-21T23:00:00.000,22.43,208.54,-19.71,-10.72
2026-03-21T23:10:00.000,27.28,203.37,-25.05,-10.82
2026-03-21T23:20:00.000,23.68,196.91,-22.66,-6.89
2026-03-21T23:30:00.000,25.15,193.74,-24.43,-5.97
2026-03-21T23:40:00.000,30.64,193.8,-29.75,-7.31
2026-03-21T23:50:00.000,26.44,195.85,-25.43,-7.22
2026-03-22T00:00:00.000,17.78,202.09,-16.48,-6.69
2026-03-22T00:10:00.000,31.91,191.2,-31.3,-6.2
2026-03-22T00:20:00.000,30.99,192.87,-30.21,-6.91
2026-03-22T00:30:00.000,24.38,193.21,-23.74,-5.57
2026-03-22T00:40:00.000,27.18,196.26,-26.09,-7.61
2026-03-22T00:50:00.000,25.81,198.93,-24.41,-8.37
2026-03-22T01:00:00.000,30.47,209.64,-26.48,-15.07
2026-03-22T01:10:00.000,25.52,195.08,-24.64,-6.64
2026-03-22T01:20:00.000,29.51,196.12,-28.35,-8.19
2026-03-22T01:30:00.000,32.23,186.85,-32,-3.84
2026-03-22T01:40:00.000,28.31,182.75,-28.28,-1.36
2026-03-22T01:50:00.000,25.92,195.11,-25.02,-6.76
2026-03-22T02:00:00.000,25.23,185.56,-25.11,-2.45
2026-03-22T02:10:00.000,28.04,186.51,-27.86,-3.18
2026-03-22T02:20:00.000,30.36,189.85,-29.91,-5.19
2026-03-22T02:30:00.000,27.62,194.77,-26.71,-7.04
2026-03-22T02:40:00.000,24.34,198.79,-23.04,-7.84
2026-03-22T02:50:00.000,25.42,200.53,-23.8,-8.91
2026-03-22T03:00:00.000,26.33,194.19,-25.53,-6.46
2026-03-22T03:10:00.000,25.08,198.65,-23.77,-8.02
2026-03-22T03:20:00.000,24.61,197.54,-23.46,-7.41
2026-03-22T03:30:00.000,19.68,197.37,-18.78,-5.87
2026-03-22T03:40:00.000,25.23,199.18,-23.83,-8.29
2026-03-22T03:50:00.000,24.38,200.68,-22.81,-8.61
2026-03-22T04:00:00.000,24.45,199.4,-23.07,-8.12
2026-03-22T04:10:00.000,26.73,199.09,-25.26,-8.74
2026-03-22T04:20:00.000,23.03,205.73,-20.75,-10
2026-03-22T04:30:00.000,24.37,199.12,-23.03,-7.98
2026-03-22T04:40:00.000,28.96,198.3,-27.49,-9.09
2026-03-22T04:50:00.000,28.05,196.24,-26.93,-7.85
2026-03-22T05:00:00.000,20.41,200,-19.18,-6.98
2026-03-22T05:10:00.000,26.8,201.08,-25,-9.64
2026-03-22T05:20:00.000,28.12,198.58,-26.65,-8.96
2026-03-22T05:30:00.000,27.59,203.87,-25.23,-11.17
2026-03-22T05:40:00.000,27.77,201.5,-25.84,-10.18
2026-03-22T05:50:00.000,26.93,202.02,-24.97,-10.1
2026-03-22T06:00:00.000,22.56,199.03,-21.33,-7.36
2026-03-22T06:10:00.000,25.71,201.24,-23.96,-9.31
2026-03-22T06:20:00.000,27.48,204.17,-25.07,-11.25
2026-03-22T06:30:00.000,24.82,203.97,-22.68,-10.08
2026-03-22T06:40:00.000,25.99,201.27,-24.22,-9.43
2026-03-22T06:50:00.000,25.69,202.61,-23.71,-9.87
2026-03-22T07:00:00.000,24.15,201.9,-22.41,-9.01
2026-03-22T07:10:00.000,27.3,204.37,-24.87,-11.26
2026-03-22T07:20:00.000,25.45,204.24,-23.2,-10.45
2026-03-22T07:30:00.000,25.48,210.01,-22.07,-12.75
2026-03-22T07:40:00.000,29.25,208.5,-25.71,-13.96
2026-03-22T07:50:00.000,26.45,205.27,-23.92,-11.29
2026-03-22T08:00:00.000,19.45,202.22,-18.01,-7.36
2026-03-22T08:10:00.000,11.85,202.42,-10.95,-4.52
2026-03-22T08:20:00.000,19.49,205.31,-17.62,-8.33
2026-03-22T08:30:00.000,22.15,206.85,-19.76,-10
2026-03-22T08:40:00.000,20.2,197.6,-19.26,-6.11
2026-03-22T08:50:00.000,19.56,202.87,-18.03,-7.6
2026-03-22T09:00:00.000,20.96,205.57,-18.91,-9.05
2026-03-22T09:10:00.000,19.11,203.62,-17.51,-7.66
2026-03-22T09:20:00.000,18.23,200.17,-17.11,-6.29
2026-03-22T09:30:00.000,16.73,201.43,-15.58,-6.11
2026-03-22T09:40:00.000,19.26,203.34,-17.69,-7.63
2026-03-22T09:50:00.000,18.93,203.46,-17.36,-7.53
2026-03-22T10:00:00.000,16.21,205.29,-14.66,-6.93
2026-03-22T10:10:00.000,16.47,207.09,-14.66,-7.5
2026-03-22T10:20:00.000,15.87,205.2,-14.36,-6.76
2026-03-22T10:30:00.000,16.2,200.97,-15.12,-5.8
2026-03-22T10:40:00.000,15.4,191.12,-15.11,-2.97
2026-03-22T10:50:00.000,21.81,192.83,-21.27,-4.84
2026-03-22T11:00:00.000,20.18,194.19,-19.56,-4.95
2026-03-22T11:10:00.000,19.81,191.16,-19.43,-3.83
2026-03-22T11:20:00.000,19.48,193.2,-18.97,-4.45
2026-03-22T11:30:00.000,20.82,193.72,-20.22,-4.94
2026-03-22T11:40:00.000,19.6,198.18,-18.62,-6.11
2026-03-22T11:50:00.000,18.04,196.9,-17.26,-5.24
2026-03-22T12:00:00.000,18.63,197.85,-17.73,-5.71
2026-03-22T12:10:00.000,18.3,199.66,-17.23,-6.16
2026-03-22T12:20:00.000,19.23,196.68,-18.42,-5.52
2026-03-22T12:30:00.000,18.95,197.03,-18.12,-5.55
2026-03-22T12:40:00.000,16.79,201.5,-15.62,-6.15
2026-03-22T12:50:00.000,17.43,197.07,-16.66,-5.12
2026-03-22T13:00:00.000,17.49,193.92,-16.98,-4.21
2026-03-22T13:10:00.000,16.18,191.67,-15.85,-3.27
2026-03-22T13:20:00.000,17.13,194.66,-16.57,-4.34
2026-03-22T13:30:00.000,20.06,196.88,-19.19,-5.82
2026-03-22T13:40:00.000,19.12,196.38,-18.34,-5.39
2026-03-22T13:50:00.000,18.79,197.2,-17.95,-5.56
2026-03-22T14:00:00.000,17.51,203.31,-16.08,-6.93
2026-03-22T14:10:00.000,18.63,199.62,-17.54,-6.25
2026-03-22T14:20:00.000,17.82,201.61,-16.57,-6.56
2026-03-22T14:30:00.000,17.73,202.27,-16.41,-6.72
2026-03-22T14:40:00.000,16.47,204.36,-15,-6.79
2026-03-22T14:50:00.000,16.91,208.77,-14.83,-8.14
2026-03-22T15:00:00.000,14.81,211.64,-12.61,-7.77
2026-03-22T15:10:00.000,16.7,211.3,-14.27,-8.67
2026-03-22T15:20:00.000,15.56,214.66,-12.8,-8.85
2026-03-22T15:30:00.000,15.73,215.51,-12.81,-9.14
2026-03-22T15:40:00.000,14.63,212.11,-12.39,-7.78
2026-03-22T15:50:00.000,15.16,214.53,-12.49,-8.6
2026-03-22T16:00:00.000,13.23,215.44,-10.78,-7.67
2026-03-22T16:10:00.000,14.37,216.68,-11.53,-8.59
2026-03-22T16:20:00.000,14.89,217.65,-11.79,-9.09
2026-03-22T16:30:00.000,15.01,216.16,-12.12,-8.86
2026-03-22T16:40:00.000,12.49,214.51,-10.3,-7.08
2026-03-22T16:50:00.000,12.02,222.9,-8.81,-8.18
2026-03-22T17:00:00.000,12.65,217.63,-10.02,-7.72
2026-03-22T17:10:00.000,12.06,222.26,-8.93,-8.11
2026-03-22T17:20:00.000,11.34,229.26,-7.4,-8.59
2026-03-22T17:30:00.000,10.31,230.78,-6.52,-7.98
2026-03-22T17:40:00.000,11,229.28,-7.17,-8.34
2026-03-22T17:50:00.000,10.43,232.39,-6.37,-8.27
2026-03-22T18:00:00.000,11.43,239.65,-5.78,-9.87
2026-03-22T18:10:00.000,11.22,238.38,-5.88,-9.56
2026-03-22T18:20:00.000,10.89,239.47,-5.53,-9.38
2026-03-22T18:30:00.000,10.36,238.19,-5.46,-8.81
2026-03-22T18:40:00.000,9.62,235.97,-5.38,-7.97
2026-03-22T18:50:00.000,8.35,232.99,-5.03,-6.67
2026-03-22T19:00:00.000,8.72,240.19,-4.34,-7.57
2026-03-22T19:10:00.000,8.57,237.24,-4.63,-7.2
2026-03-22T19:20:00.000,8.59,242.14,-4.01,-7.59
2026-03-22T19:30:00.000,7.8,241.74,-3.69,-6.87
2026-03-22T19:40:00.000,7.05,250.16,-2.39,-6.63
2026-03-22T19:50:00.000,8.22,245.74,-3.38,-7.49
2026-03-22T20:00:00.000,8.89,247.32,-3.43,-8.2
2026-03-22T20:10:00.000,7.13,246.96,-2.79,-6.56
2026-03-22T20:20:00.000,7.63,250.58,-2.54,-7.2
2026-03-22T20:30:00.000,7.08,253.96,-1.96,-6.8
2026-03-22T20:40:00.000,5.45,249.93,-1.87,-5.12
2026-03-22T20:50:00.000,6.28,253.44,-1.79,-6.02
2026-03-22T21:00:00.000,5.97,260.59,-0.98,-5.89
2026-03-22T21:10:00.000,5.94,261.89,-0.84,-5.88
2026-03-22T21:20:00.000,5,254.48,-1.34,-4.81
2026-03-22T21:30:00.000,5.79,242.83,-2.64,-5.15
2026-03-22T21:40:00.000,5.58,241.06,-2.7,-4.88
2026-03-22T21:50:00.000,7.47,249.12,-2.66,-6.98
2026-03-22T22:00:00.000,6.78,239.99,-3.39,-5.87
2026-03-22T22:10:00.000,4.62,231.91,-2.85,-3.64
2026-03-22T22:20:00.000,3.3,238.83,-1.71,-2.82
2026-03-22T22:30:00.000,4.72,227.52,-3.19,-3.48
2026-03-22T22:40:00.000,5.05,264.92,-0.45,-5.03
2026-03-22T22:50:00.000,4.88,268.9,-0.09,-4.88
2026-03-22T23:00:00.000,5.79,257.78,-1.23,-5.66
2026-03-22T23:10:00.000,5.27,262.61,-0.68,-5.22
2026-03-22T23:20:00.000,4.62,266.33,-0.3,-4.61
2026-03-22T23:30:00.000,3.91,264.45,-0.38,-3.89
2026-03-22T23:40:00.000,3.32,252.12,-1.02,-3.16
2026-03-22T23:50:00.000,3.73,257.95,-0.78,-3.65
2026-03-23T00:00:00.000,4.38,244.98,-1.85,-3.97
2026-03-23T00:10:00.000,3.98,249.64,-1.38,-3.73
2026-03-23T00:20:00.000,3.94,242.4,-1.82,-3.49
2026-03-23T00:30:00.000,3.15,223.04,-2.3,-2.15
2026-03-23T00:40:00.000,3.76,228.25,-2.51,-2.81
2026-03-23T00:50:00.000,3.71,225.53,-2.6,-2.64
2026-03-23T01:00:00.000,4.88,227.56,-3.29,-3.6
2026-03-23T01:10:00.000,5.79,229.39,-3.77,-4.4
2026-03-23T01:20:00.000,5.33,223.99,-3.84,-3.7
2026-03-23T01:30:00.000,5.97,213.44,-4.98,-3.29
2026-03-23T01:40:00.000,5.22,220.87,-3.95,-3.42
2026-03-23T01:50:00.000,4.9,214.34,-4.04,-2.76
2026-03-23T02:00:00.000,6.15,221.61,-4.6,-4.09
2026-03-23T02:10:00.000,8.24,219.03,-6.4,-5.19
2026-03-23T02:20:00.000,3.05,243.46,-1.36,-2.73
2026-03-23T02:30:00.000,6.7,251.48,-2.13,-6.35
2026-03-23T02:40:00.000,7.63,244.81,-3.25,-6.91
2026-03-23T02:50:00.000,7.56,240.48,-3.73,-6.58
2026-03-23T03:00:00.000,8.93,247.08,-3.48,-8.23
2026-03-23T03:10:00.000,12.11,239.39,-6.17,-10.43
2026-03-23T03:20:00.000,10.55,236.82,-5.77,-8.83
2026-03-23T03:30:00.000,10.39,240.87,-5.06,-9.08
2026-03-23T03:40:00.000,11.87,243.5,-5.3,-10.63
2026-03-23T03:50:00.000,9.21,226.38,-6.36,-6.67
2026-03-23T04:00:00.000,11.11,214.07,-9.2,-6.22
2026-03-23T04:10:00.000,11.45,199.4,-10.8,-3.8
2026-03-23T04:20:00.000,11.8,214.89,-9.68,-6.75
2026-03-23T04:30:00.000,12.55,204.24,-11.44,-5.15
2026-03-23T04:40:00.000,14.11,212.55,-11.89,-7.59
2026-03-23T04:50:00.000,10.88,218.29,-8.54,-6.74
2026-03-23T05:00:00.000,10.89,220.05,-8.33,-7.01
2026-03-23T05:10:00.000,9.08,229.6,-5.88,-6.91
2026-03-23T05:20:00.000,13.89,211.96,-11.78,-7.35
2026-03-23T05:30:00.000,11.76,219.35,-9.09,-7.46
2026-03-23T05:40:00.000,13.08,210.39,-11.28,-6.62
2026-03-23T05:50:00.000,14.3,206.39,-12.81,-6.36
2026-03-23T06:00:00.000,12.74,204.67,-11.58,-5.32
2026-03-23T06:10:00.000,12.03,229.21,-7.86,-9.11
2026-03-23T06:20:00.000,9.85,242.4,-4.56,-8.73
2026-03-23T06:30:00.000,10.91,225.3,-7.67,-7.75
2026-03-23T06:40:00.000,12.98,214.8,-10.66,-7.41
2026-03-23T06:50:00.000,9.69,241.82,-4.57,-8.54
2026-03-23T07:00:00.000,11.41,232.25,-6.99,-9.02
2026-03-23T07:10:00.000,12.61,234.75,-7.28,-10.3
2026-03-23T07:20:00.000,9.13,226.71,-6.26,-6.64
2026-03-23T07:30:00.000,8.74,224.57,-6.23,-6.14
2026-03-23T07:40:00.000,13.3,232.57,-8.08,-10.56
2026-03-23T07:50:00.000,13.34,238.83,-6.9,-11.41
2026-03-23T08:00:00.000,11.98,241.38,-5.74,-10.52
2026-03-23T08:10:00.000,13.31,241.7,-6.31,-11.72
2026-03-23T08:20:00.000,16.52,227.2,-11.23,-12.12
2026-03-23T08:30:00.000,16.63,223.42,-12.08,-11.43
2026-03-23T08:40:00.000,12.5,222.53,-9.21,-8.45
2026-03-23T08:50:00.000,12.91,216.68,-10.36,-7.72
2026-03-23T09:00:00.000,12.04,215.39,-9.82,-6.97
2026-03-23T09:10:00.000,12.57,214.03,-10.42,-7.03
2026-03-23T09:20:00.000,14.29,213.83,-11.87,-7.96
2026-03-23T09:30:00.000,15,204.74,-13.62,-6.28
2026-03-23T09:40:00.000,20.58,188.92,-20.33,-3.19
2026-03-23T09:50:00.000,20.29,202.81,-18.7,-7.86
2026-03-23T10:00:00.000,25.5,175.39,-25.41,2.05
2026-03-23T10:10:00.000,20.64,177.1,-20.62,1.04
2026-03-23T10:20:00.000,14.36,189.51,-14.16,-2.37
2026-03-23T10:30:00.000,17.55,182.01,-17.54,-0.62
2026-03-23T10:40:00.000,15.94,187.78,-15.79,-2.16
2026-03-23T10:50:00.000,15.72,194.08,-15.25,-3.83
2026-03-23T11:00:00.000,15.97,189.62,-15.75,-2.67
2026-03-23T11:10:00.000,14.5,181.75,-14.49,-0.44
2026-03-23T11:20:00.000,15.04,179.9,-15.04,0.03
2026-03-23T11:30:00.000,13.95,194.93,-13.48,-3.59
2026-03-23T11:40:00.000,10.87,186.21,-10.81,-1.18
2026-03-23T11:50:00.000,7.57,196.75,-7.25,-2.18
2026-03-23T12:00:00.000,9.02,190.73,-8.87,-1.68
2026-03-23T12:10:00.000,9.41,205.25,-8.51,-4.01
2026-03-23T12:20:00.000,5.42,199.74,-5.1,-1.83
2026-03-23T12:30:00.000,7.49,206.46,-6.71,-3.34
2026-03-23T12:40:00.000,5.06,196.74,-4.84,-1.46
2026-03-23T12:50:00.000,6.91,194.87,-6.68,-1.77
2026-03-23T13:00:00.000,6.31,198.23,-5.99,-1.97
2026-03-23T13:10:00.000,6.63,203.53,-6.08,-2.65
2026-03-23T13:20:00.000,5.84,193.6,-5.67,-1.37
2026-03-23T13:30:00.000,5.84,193.49,-5.68,-1.36
2026-03-23T13:40:00.000,6.06,179.39,-6.06,0.06
2026-03-23T13:50:00.000,5.3,202.81,-4.89,-2.05
2026-03-23T14:00:00.000,6.3,187.9,-6.24,-0.87
2026-03-23T14:10:00.000,6.34,187.58,-6.28,-0.84
2026-03-23T14:20:00.000,6.35,197.61,-6.05,-1.92
2026-03-23T14:30:00.000,6.93,188.58,-6.85,-1.03
2026-03-23T14:40:00.000,6.22,186.1,-6.19,-0.66
2026-03-23T14:50:00.000,5.82,184.92,-5.8,-0.5
2026-03-23T15:00:00.000,6.46,180.73,-6.46,-0.08
2026-03-23T15:10:00.000,5.38,184.24,-5.37,-0.4
2026-03-23T15:20:00.000,6.46,190.36,-6.36,-1.16
2026-03-23T15:30:00.000,7.4,176.24,-7.39,0.49
2026-03-23T15:40:00.000,5.41,169.43,-5.31,0.99
2026-03-23T15:50:00.000,4.48,177.57,-4.48,0.19
2026-03-23T16:00:00.000,4.96,183.18,-4.96,-0.28
2026-03-23T16:10:00.000,6.15,187.99,-6.09,-0.85
2026-03-23T16:20:00.000,5.89,189.6,-5.8,-0.98
2026-03-23T16:30:00.000,5.32,175.71,-5.3,0.4
2026-03-23T16:40:00.000,3.24,171.29,-3.2,0.49
2026-03-23T16:50:00.000,4.12,177.43,-4.11,0.18
2026-03-23T17:00:00.000,4.42,179.87,-4.42,0.01
2026-03-23T17:10:00.000,3.26,196.37,-3.13,-0.92
2026-03-23T17:20:00.000,3.44,199.08,-3.26,-1.13
2026-03-23T17:30:00.000,4.39,199.14,-4.15,-1.44
2026-03-23T17:40:00.000,4.27,200.38,-4,-1.49
2026-03-23T17:50:00.000,3.48,213.36,-2.9,-1.91
2026-03-23T18:00:00.000,3.7,216.78,-2.96,-2.22
2026-03-23T18:10:00.000,3.55,208.39,-3.12,-1.69
2026-03-23T18:20:00.000,3.52,210.25,-3.04,-1.77
2026-03-23T18:30:00.000,3.8,214.86,-3.12,-2.17
2026-03-23T18:40:00.000,3.22,209.45,-2.8,-1.58
2026-03-23T18:50:00.000,3.46,225.72,-2.42,-2.48
2026-03-23T19:00:00.000,3.78,223.23,-2.75,-2.59
2026-03-23T19:10:00.000,4.1,221.3,-3.08,-2.7
2026-03-23T19:20:00.000,3.36,218.47,-2.63,-2.09
2026-03-23T19:30:00.000,3.78,227.7,-2.55,-2.8
2026-03-23T19:40:00.000,3.77,224.85,-2.68,-2.66
2026-03-23T19:50:00.000,2.9,229.02,-1.9,-2.19
2026-03-23T20:00:00.000,3.39,251.7,-1.07,-3.22
2026-03-23T20:10:00.000,1.5,254.49,-0.4,-1.44
2026-03-23T20:20:00.000,1.83,260.46,-0.3,-1.8
2026-03-23T20:30:00.000,2.25,279.8,0.38,-2.22
2026-03-23T20:40:00.000,2.96,248.49,-1.08,-2.75
2026-03-23T20:50:00.000,4.49,247.86,-1.69,-4.16
2026-03-23T21:00:00.000,5.29,243.51,-2.36,-4.74
2026-03-23T21:10:00.000,4.74,248.41,-1.75,-4.41
2026-03-23T21:20:00.000,5.24,247.34,-2.02,-4.83
2026-03-23T21:30:00.000,5.33,249.63,-1.86,-5
2026-03-23T21:40:00.000,5.32,253.76,-1.49,-5.11
2026-03-23T21:50:00.000,4.84,257.64,-1.04,-4.72
2026-03-23T22:00:00.000,4.8,257.84,-1.01,-4.69
2026-03-23T22:10:00.000,3.67,252.42,-1.11,-3.5
2026-03-23T22:20:00.000,4.23,264.5,-0.41,-4.21
2026-03-23T22:30:00.000,4.17,263.48,-0.47,-4.15
2026-03-23T22:40:00.000,1.62,277.82,0.22,-1.61
2026-03-23T22:50:00.000,4.11,277.04,0.5,-4.08
2026-03-23T23:00:00.000,2.03,268.57,-0.05,-2.03
2026-03-23T23:10:00.000,3.26,285.66,0.88,-3.14
2026-03-23T23:20:00.000,1.65,343.74,1.58,-0.46
2026-03-23T23:30:00.000,5.76,23.43,5.29,2.29
2026-03-23T23:40:00.000,3.39,42.09,2.52,2.27
2026-03-23T23:50:00.000,6.88,67.69,2.61,6.37
2026-03-24T00:00:00.000,5.05,67.98,1.9,4.68
2026-03-24T00:10:00.000,1.35,88.25,0.04,1.34
2026-03-24T00:20:00.000,1.52,105.08,-0.4,1.47
2026-03-24T00:30:00.000,0.57,61.24,0.28,0.5
2026-03-24T00:40:00.000,0.49,37.7,0.39,0.3
2026-03-24T00:50:00.000,1.52,52.53,0.93,1.21
2026-03-24T01:00:00.000,4.11,87.14,0.2,4.1
2026-03-24T01:10:00.000,5.65,65.96,2.3,5.16
2026-03-24T01:20:00.000,5.36,92.97,-0.28,5.35
2026-03-24T01:30:00.000,3.09,91.23,-0.07,3.09
2026-03-24T01:40:00.000,5.06,54.36,2.95,4.12
2026-03-24T01:50:00.000,4.11,84.18,0.42,4.08
2026-03-24T02:00:00.000,0.21,344.65,0.2,-0.05
2026-03-24T02:10:00.000,0.46,35.38,0.38,0.27
2026-03-24T02:20:00.000,1.27,65.74,0.52,1.16
2026-03-24T02:30:00.000,1.01,4.73,1.01,0.08
2026-03-24T02:40:00.000,0.26,356.49,0.26,-0.02
2026-03-24T02:50:00.000,0.25,356.06,0.25,-0.02
2026-03-24T03:00:00.000,0.43,63.18,0.2,0.39
2026-03-24T03:10:00.000,1.15,83.32,0.13,1.15
2026-03-24T03:20:00.000,0.82,331.3,0.72,-0.39
2026-03-24T03:30:00.000,1.42,319.19,1.07,-0.93
2026-03-24T03:40:00.000,1.4,13.5,1.37,0.33
2026-03-24T03:50:00.000,2.53,9.25,2.5,0.41
2026-03-24T04:00:00.000,3.86,29.9,3.34,1.92
2026-03-24T04:10:00.000,4.55,30.16,3.94,2.29
2026-03-24T04:20:00.000,4,10.73,3.93,0.74
2026-03-24T04:30:00.000,2.49,40.86,1.88,1.63
2026-03-24T04:40:00.000,3.71,69.73,1.29,3.48
2026-03-24T04:50:00.000,0.89,68.6,0.32,0.83
2026-03-24T05:00:00.000,0.9,96.18,-0.1,0.89
2026-03-24T05:10:00.000,0.59,110.55,-0.21,0.56
2026-03-24T05:20:00.000,1.86,350.26,1.83,-0.31
2026-03-24T05:30:00.000,0.89,70.27,0.3,0.84
2026-03-24T05:40:00.000,0.42,47.56,0.29,0.31
2026-03-24T05:50:00.000,0.58,18.7,0.55,0.19
2026-03-24T06:00:00.000,0.31,348.45,0.31,-0.06
2026-03-24T06:10:00.000,0.33,349.63,0.32,-0.06
2026-03-24T06:20:00.000,0.4,352.26,0.4,-0.05
2026-03-24T06:30:00.000,0.55,311.36,0.36,-0.41
2026-03-24T06:40:00.000,0.74,324.86,0.61,-0.43
2026-03-24T06:50:00.000,1.01,350.14,1,-0.17
2026-03-24T07:00:00.000,1.42,333.75,1.27,-0.63
2026-03-24T07:10:00.000,3.44,13.6,3.34,0.81
2026-03-24T07:20:00.000,5.07,351.32,5.01,-0.76
2026-03-24T07:30:00.000,1.45,85.06,0.13,1.45
2026-03-24T07:40:00.000,3.46,333.01,3.08,-1.57
2026-03-24T07:50:00.000,4.57,317.75,3.38,-3.07
2026-03-24T08:00:00.000,3.56,323.7,2.87,-2.1
2026-03-24T08:10:00.000,2.5,345.52,2.42,-0.63
2026-03-24T08:20:00.000,1.5,346.57,1.46,-0.35
2026-03-24T08:30:00.000,0.77,357.01,0.77,-0.04
2026-03-24T08:40:00.000,0.73,5.86,0.73,0.08
2026-03-24T08:50:00.000,0.6,337.74,0.56,-0.23
2026-03-24T09:00:00.000,1.71,24.95,1.55,0.72
2026-03-24T09:10:00.000,1.1,353.99,1.09,-0.11
2026-03-24T09:20:00.000,0.74,355.11,0.74,-0.06
2026-03-24T09:30:00.000,5.15,10.31,5.07,0.92
2026-03-24T09:40:00.000,4.18,26.69,3.73,1.88
2026-03-24T09:50:00.000,3.77,23.76,3.45,1.52
2026-03-24T10:00:00.000,2,15.93,1.92,0.55
2026-03-24T10:10:00.000,1.39,0.89,1.39,0.02
2026-03-24T10:20:00.000,1.37,0.8,1.37,0.02
2026-03-24T10:30:00.000,1.77,356.13,1.76,-0.12
2026-03-24T10:40:00.000,3.2,48.75,2.11,2.41
2026-03-24T10:50:00.000,1.4,112.7,-0.54,1.29
2026-03-24T11:00:00.000,3.56,127.44,-2.16,2.83
2026-03-24T11:10:00.000,6.17,148.39,-5.25,3.23
2026-03-24T11:20:00.000,9.12,126.68,-5.45,7.32
2026-03-24T11:30:00.000,9.44,134.75,-6.64,6.7
2026-03-24T11:40:00.000,7.98,137.87,-5.92,5.35
2026-03-24T11:50:00.000,6.78,146.57,-5.66,3.74
2026-03-24T12:00:00.000,6.84,147.54,-5.77,3.67
2026-03-24T12:10:00.000,6.93,153.62,-6.21,3.08
2026-03-24T12:20:00.000,5.33,145.89,-4.41,2.99
2026-03-24T12:30:00.000,6.06,150.88,-5.3,2.95
2026-03-24T12:40:00.000,6.54,148.25,-5.56,3.44
2026-03-24T12:50:00.000,7.59,152.56,-6.74,3.5
2026-03-24T13:00:00.000,6.58,151.25,-5.77,3.16
2026-03-24T13:10:00.000,5.62,154.46,-5.07,2.43
2026-03-24T13:20:00.000,5.48,158.07,-5.09,2.05
2026-03-24T13:30:00.000,3.68,157.14,-3.39,1.43
2026-03-24T13:40:00.000,4.47,159.03,-4.17,1.6
2026-03-24T13:50:00.000,3.3,87.52,0.14,3.29
2026-03-24T14:00:00.000,1.58,110.37,-0.55,1.48
2026-03-24T14:10:00.000,1.86,125.08,-1.07,1.52
2026-03-24T14:20:00.000,0.66,126.77,-0.4,0.53
2026-03-24T14:30:00.000,2.92,103.41,-0.68,2.84
2026-03-24T14:40:00.000,4.54,5.28,4.52,0.42
2026-03-24T14:50:00.000,1.86,60.8,0.91,1.62
2026-03-24T15:00:00.000,1.08,310.93,0.71,-0.82
2026-03-24T15:10:00.000,1.48,38.2,1.16,0.92
2026-03-24T15:20:00.000,0.76,343.11,0.72,-0.22
2026-03-24T15:30:00.000,1.59,281.17,0.31,-1.56
2026-03-24T15:40:00.000,1.26,296.76,0.57,-1.13
2026-03-24T15:50:00.000,1.73,258.33,-0.35,-1.69
2026-03-24T16:00:00.000,1.18,48.93,0.77,0.89
2026-03-24T16:10:00.000,4.36,324.09,3.53,-2.55
2026-03-24T16:20:00.000,1.53,287.24,0.45,-1.47
2026-03-24T16:30:00.000,1.14,105.14,-0.3,1.1
2026-03-24T16:40:00.000,4.32,57.25,2.34,3.63
2026-03-24T16:50:00.000,3.89,52.11,2.39,3.07
2026-03-24T17:00:00.000,3.81,55.38,2.17,3.14
2026-03-24T17:10:00.000,4.35,50.14,2.79,3.34
2026-03-24T17:20:00.000,3.8,60.23,1.89,3.3
2026-03-24T17:30:00.000,4.1,52.76,2.48,3.27
2026-03-24T17:40:00.000,1.81,99.47,-0.3,1.79
2026-03-24T17:50:00.000,3.67,84.35,0.36,3.66
2026-03-24T18:00:00.000,5.89,59.13,3.02,5.06
2026-03-24T18:10:00.000,6.78,78.71,1.33,6.65
2026-03-24T18:20:00.000,4.53,71.13,1.47,4.29
2026-03-24T18:30:00.000,5.45,89.3,0.07,5.45
2026-03-24T18:40:00.000,4.77,73.23,1.38,4.57
2026-03-24T18:50:00.000,4.36,86.69,0.25,4.35
2026-03-24T19:00:00.000,6.58,75.37,1.66,6.37
2026-03-24T19:10:00.000,4.6,85.29,0.38,4.58
2026-03-24T19:20:00.000,5.22,95.62,-0.51,5.2
2026-03-24T19:30:00.000,6.17,100.39,-1.11,6.07
2026-03-24T19:40:00.000,4.47,100.43,-0.81,4.39
2026-03-24T19:50:00.000,4.32,84.92,0.38,4.31
2026-03-24T20:00:00.000,4.92,109.43,-1.64,4.64
2026-03-24T20:10:00.000,5.65,107.87,-1.73,5.38
2026-03-24T20:20:00.000,5.16,108.79,-1.66,4.89
2026-03-24T20:30:00.000,4.67,92.08,-0.17,4.67
2026-03-24T20:40:00.000,5.16,89.04,0.09,5.16
2026-03-24T20:50:00.000,5.93,102.75,-1.31,5.78
2026-03-24T21:00:00.000,4.35,121.9,-2.3,3.69
2026-03-24T21:10:00.000,3.45,111.99,-1.29,3.2
2026-03-24T21:20:00.000,2.77,131.89,-1.85,2.06
2026-03-24T21:30:00.000,2.62,124.29,-1.48,2.16
2026-03-24T21:40:00.000,2.4,100.75,-0.45,2.36
2026-03-24T21:50:00.000,1.61,140.96,-1.25,1.01
2026-03-24T22:00:00.000,1.94,101.75,-0.4,1.9
2026-03-24T22:10:00.000,2.3,119.96,-1.15,1.99
2026-03-24T22:20:00.000,0.46,110.33,-0.16,0.43
2026-03-24T22:30:00.000,0.97,143.88,-0.79,0.57
2026-03-24T22:40:00.000,4.19,101.32,-0.82,4.11
2026-03-24T22:50:00.000,2.42,63.96,1.06,2.18
2026-03-24T23:00:00.000,1.66,102.26,-0.35,1.63
2026-03-24T23:10:00.000,2.17,76.46,0.51,2.11
2026-03-24T23:20:00.000,0.76,66.68,0.3,0.7
2026-03-24T23:30:00.000,0.67,90.81,-0.01,0.67
2026-03-24T23:40:00.000,0.82,48.46,0.54,0.61
2026-03-24T23:50:00.000,0.88,66.16,0.36,0.81
2026-03-25T00:00:00.000,0.24,75.87,0.06,0.23
2026-03-25T00:10:00.000,0.63,51.07,0.4,0.49
2026-03-25T00:20:00.000,0.66,45.63,0.46,0.47
2026-03-25T00:30:00.000,0.89,58.03,0.47,0.76
2026-03-25T00:40:00.000,0.25,58.37,0.13,0.21
2026-03-25T00:50:00.000,0.87,52.96,0.53,0.7
2026-03-25T01:00:00.000,0.18,334.41,0.16,-0.08
2026-03-25T01:10:00.000,0.33,2.34,0.33,0.01
2026-03-25T01:20:00.000,0.72,29.81,0.62,0.36
2026-03-25T01:30:00.000,0.5,10.89,0.49,0.09
2026-03-25T01:40:00.000,0.6,6.71,0.59,0.07
2026-03-25T01:50:00.000,0.64,351.49,0.63,-0.09
2026-03-25T02:00:00.000,1.5,31.91,1.28,0.79
2026-03-25T02:10:00.000,1.03,32.25,0.87,0.55
2026-03-25T02:20:00.000,1.43,359.13,1.43,-0.02
2026-03-25T02:30:00.000,1.34,50.01,0.86,1.03
2026-03-25T02:40:00.000,3.81,7.41,3.77,0.49
2026-03-25T02:50:00.000,2.21,14.74,2.13,0.56
2026-03-25T03:00:00.000,1.44,331.97,1.27,-0.67
2026-03-25T03:10:00.000,3.37,356.56,3.36,-0.2
2026-03-25T03:20:00.000,5.3,57.72,2.83,4.48
2026-03-25T03:30:00.000,4.84,94.91,-0.41,4.82
2026-03-25T03:40:00.000,3.16,356.18,3.15,-0.21
2026-03-25T03:50:00.000,3.97,42.92,2.91,2.71
2026-03-25T04:00:00.000,7.03,99.29,-1.13,6.94
2026-03-25T04:10:00.000,4.07,136.6,-2.96,2.8
2026-03-25T04:20:00.000,7.31,145.51,-6.03,4.14
2026-03-25T04:30:00.000,6.8,141.01,-5.29,4.28
2026-03-25T04:40:00.000,4.02,169.41,-3.95,0.74
2026-03-25T04:50:00.000,3.09,137.49,-2.28,2.09
2026-03-25T05:00:00.000,0.51,37.81,0.41,0.31
2026-03-25T05:10:00.000,5.11,22.83,4.71,1.98
2026-03-25T05:20:00.000,7.36,2.34,7.35,0.3
2026-03-25T05:30:00.000,9.36,18.89,8.86,3.03
2026-03-25T05:40:00.000,6.4,15.86,6.16,1.75
2026-03-25T05:50:00.000,4.86,16.37,4.66,1.37
2026-03-25T06:00:00.000,0.93,304.1,0.52,-0.77
2026-03-25T06:10:00.000,2.66,236.52,-1.46,-2.21
2026-03-25T06:20:00.000,0.57,243.62,-0.25,-0.51
2026-03-25T06:30:00.000,0.53,24.69,0.48,0.22
2026-03-25T06:40:00.000,1.95,353.15,1.94,-0.23
2026-03-25T06:50:00.000,2.52,55.35,1.43,2.07
2026-03-25T07:00:00.000,2.79,15.54,2.69,0.75
2026-03-25T07:10:00.000,2.14,14.96,2.07,0.55
2026-03-25T07:20:00.000,3.54,16.16,3.4,0.99
2026-03-25T07:30:00.000,2.88,12.5,2.81,0.62
2026-03-25T07:40:00.000,1.38,351.54,1.36,-0.2
2026-03-25T07:50:00.000,1.55,357.11,1.55,-0.08
2026-03-25T08:00:00.000,1.06,348.56,1.04,-0.21
2026-03-25T08:10:00.000,0.74,359.04,0.74,-0.01
2026-03-25T08:20:00.000,4.63,120.01,-2.31,4.01
2026-03-25T08:30:00.000,5.61,105.94,-1.54,5.4
2026-03-25T08:40:00.000,3.58,86.5,0.22,3.57
2026-03-25T08:50:00.000,1.23,67.06,0.48,1.14
2026-03-25T09:00:00.000,0.69,103.15,-0.16,0.68
2026-03-25T09:10:00.000,0.88,34.1,0.73,0.49
2026-03-25T09:20:00.000,1.73,32.36,1.46,0.92
2026-03-25T09:30:00.000,1.61,58.41,0.84,1.37
2026-03-25T09:40:00.000,2.55,90.48,-0.02,2.55
2026-03-25T09:50:00.000,8.94,154.44,-8.06,3.86
2026-03-25T10:00:00.000,6.32,149.38,-5.44,3.22
2026-03-25T10:10:00.000,7.04,143.25,-5.64,4.21
2026-03-25T10:20:00.000,8.83,152.97,-7.87,4.01
2026-03-25T10:30:00.000,8.15,154.05,-7.33,3.57
2026-03-25T10:40:00.000,9.71,152.93,-8.65,4.42
2026-03-25T10:50:00.000,7.66,165.86,-7.42,1.87
2026-03-25T11:00:00.000,7.95,172.57,-7.88,1.03
2026-03-25T11:10:00.000,9.42,168.91,-9.24,1.81
2026-03-25T11:20:00.000,9.91,172.21,-9.82,1.34
2026-03-25T11:30:00.000,11.61,182.95,-11.6,-0.6
2026-03-25T11:40:00.000,12.71,185.64,-12.65,-1.25
2026-03-25T11:50:00.000,12.37,191.7,-12.12,-2.51
2026-03-25T12:00:00.000,12.02,191.25,-11.79,-2.35
2026-03-25T12:10:00.000,14.09,194.07,-13.67,-3.42
2026-03-25T12:20:00.000,13.39,194.89,-12.94,-3.44
2026-03-25T12:30:00.000,13.22,197.22,-12.62,-3.91
2026-03-25T12:40:00.000,12.5,199.74,-11.76,-4.22
2026-03-25T12:50:00.000,12.09,201.34,-11.27,-4.4
2026-03-25T13:00:00.000,11.44,203.65,-10.48,-4.59
2026-03-25T13:10:00.000,12.35,203.22,-11.35,-4.87
2026-03-25T13:20:00.000,11.97,201.23,-11.15,-4.33
2026-03-25T13:30:00.000,11.89,204.43,-10.83,-4.92
2026-03-25T13:40:00.000,11.72,205.68,-10.56,-5.08
2026-03-25T13:50:00.000,10.49,211.47,-8.95,-5.48
2026-03-25T14:00:00.000,9.61,206.85,-8.57,-4.34
2026-03-25T14:10:00.000,9.12,206.24,-8.18,-4.03
2026-03-25T14:20:00.000,10.15,210.36,-8.76,-5.13
2026-03-25T14:30:00.000,8.91,210.76,-7.66,-4.56
2026-03-25T14:40:00.000,9.27,213.88,-7.7,-5.17
2026-03-25T14:50:00.000,10.46,209.1,-9.14,-5.09
2026-03-25T15:00:00.000,9.09,217.45,-7.22,-5.53
2026-03-25T15:10:00.000,8.36,217.59,-6.62,-5.1
2026-03-25T15:20:00.000,7.62,212.54,-6.43,-4.1
2026-03-25T15:30:00.000,8.54,217.62,-6.77,-5.21
2026-03-25T15:40:00.000,7.04,225.45,-4.94,-5.02
2026-03-25T15:50:00.000,8.69,223.27,-6.33,-5.95
2026-03-25T16:00:00.000,7.55,225.36,-5.3,-5.37
2026-03-25T16:10:00.000,7.61,222.43,-5.62,-5.14
2026-03-25T16:20:00.000,7.96,230.08,-5.11,-6.11
2026-03-25T16:30:00.000,7.56,226.2,-5.23,-5.45
2026-03-25T16:40:00.000,7.32,232.21,-4.48,-5.78
2026-03-25T16:50:00.000,7.22,239.62,-3.65,-6.23
2026-03-25T17:00:00.000,6.12,234.83,-3.52,-5
2026-03-25T17:10:00.000,6.68,239.15,-3.43,-5.74
2026-03-25T17:20:00.000,3.46,238.58,-1.8,-2.95
2026-03-25T17:30:00.000,1.61,45.79,1.12,1.15
2026-03-25T17:40:00.000,6.18,21.98,5.73,2.31
2026-03-25T17:50:00.000,5.09,19.1,4.81,1.67
2026-03-25T18:00:00.000,2.03,3.72,2.03,0.13
2026-03-25T18:10:00.000,1.46,296.82,0.66,-1.3
2026-03-25T18:20:00.000,2.23,298.04,1.05,-1.97
2026-03-25T18:30:00.000,2.72,285.65,0.73,-2.62
2026-03-25T18:40:00.000,1.08,266.81,-0.06,-1.08
2026-03-25T18:50:00.000,1,281.15,0.19,-0.98
2026-03-25T19:00:00.000,0.64,288.41,0.2,-0.6
2026-03-25T19:10:00.000,1.57,307.32,0.95,-1.25
2026-03-25T19:20:00.000,0.89,20.63,0.84,0.31
2026-03-25T19:30:00.000,1.42,349.69,1.4,-0.25
2026-03-25T19:40:00.000,1.89,2.06,1.89,0.07
2026-03-25T19:50:00.000,1.87,334.42,1.69,-0.81
2026-03-25T20:00:00.000,0.88,349.62,0.87,-0.16
2026-03-25T20:10:00.000,0.9,337.96,0.84,-0.34
2026-03-25T20:20:00.000,0.39,347.15,0.38,-0.09
2026-03-25T20:30:00.000,0.27,334.87,0.24,-0.11
2026-03-25T20:40:00.000,0.35,9.86,0.35,0.06
2026-03-25T20:50:00.000,2.68,42.2,1.98,1.8
2026-03-25T21:00:00.000,0.93,21.69,0.86,0.34
2026-03-25T21:10:00.000,1.02,10.6,1,0.19
2026-03-25T21:20:00.000,1.06,38.16,0.83,0.65
2026-03-25T21:30:00.000,0.27,37.98,0.21,0.16
2026-03-25T21:40:00.000,4.13,160.17,-3.88,1.4
2026-03-25T21:50:00.000,5.47,161.39,-5.18,1.75
2026-03-25T22:00:00.000,4.79,164.76,-4.62,1.26
2026-03-25T22:10:00.000,5.47,171.25,-5.41,0.83
2026-03-25T22:20:00.000,5.71,173.97,-5.68,0.6
2026-03-25T22:30:00.000,3.68,181.82,-3.68,-0.12
2026-03-25T22:40:00.000,5.45,171.19,-5.39,0.83
2026-03-25T22:50:00.000,5.7,166.76,-5.54,1.3
2026-03-25T23:00:00.000,4.23,169.01,-4.15,0.81
2026-03-25T23:10:00.000,2.24,193.9,-2.18,-0.54
2026-03-25T23:20:00.000,2.63,175.91,-2.62,0.19
2026-03-25T23:30:00.000,2.14,214.79,-1.76,-1.22
2026-03-25T23:40:00.000,2.52,199.55,-2.38,-0.84
2026-03-25T23:50:00.000,3,200.3,-2.81,-1.04
2026-03-26T00:00:00.000,2.23,210.62,-1.92,-1.13
2026-03-26T00:10:00.000,3.42,218.82,-2.66,-2.14
2026-03-26T00:20:00.000,2.78,228.24,-1.85,-2.07
2026-03-26T00:30:00.000,4.07,232.87,-2.45,-3.24
2026-03-26T00:40:00.000,2.99,204.38,-2.73,-1.24
2026-03-26T00:50:00.000,2.48,193.15,-2.41,-0.56
2026-03-26T01:00:00.000,2.04,209.75,-1.77,-1.01
2026-03-26T01:10:00.000,2.12,203.01,-1.95,-0.83
2026-03-26T01:20:00.000,2.35,190.97,-2.31,-0.45
2026-03-26T01:30:00.000,3.03,196.87,-2.9,-0.88
2026-03-26T01:40:00.000,3.44,184.41,-3.43,-0.26
2026-03-26T01:50:00.000,1.71,204.47,-1.56,-0.71
2026-03-26T02:00:00.000,1.73,231.09,-1.08,-1.34
2026-03-26T02:10:00.000,2.49,224.5,-1.78,-1.75
2026-03-26T02:20:00.000,2.37,236.35,-1.31,-1.98
2026-03-26T02:30:00.000,1.36,282.77,0.3,-1.33
2026-03-26T02:40:00.000,5.57,307.61,3.4,-4.41
2026-03-26T02:50:00.000,5.49,312.93,3.74,-4.02
2026-03-26T03:00:00.000,3.71,319.4,2.82,-2.42
2026-03-26T03:10:00.000,3.34,263.61,-0.37,-3.32
2026-03-26T03:20:00.000,2.72,247.16,-1.06,-2.51
2026-03-26T03:30:00.000,2.77,230.26,-1.77,-2.13
2026-03-26T03:40:00.000,2.85,179.55,-2.85,0.02
2026-03-26T03:50:00.000,1.63,324.63,1.33,-0.95
2026-03-26T04:00:00.000,0.58,83.36,0.07,0.58
2026-03-26T04:10:00.000,0.43,342.95,0.41,-0.13
2026-03-26T04:20:00.000,3.06,252.79,-0.91,-2.93
2026-03-26T04:30:00.000,3.59,253,-1.05,-3.43
2026-03-26T04:40:00.000,2.85,193.95,-2.77,-0.69
2026-03-26T04:50:00.000,3.87,189.54,-3.82,-0.64
2026-03-26T05:00:00.000,3.28,159.25,-3.07,1.16
2026-03-26T05:10:00.000,6.42,153.75,-5.75,2.84
2026-03-26T05:20:00.000,11.89,147.44,-10.02,6.4
2026-03-26T05:30:00.000,10.45,139.72,-7.97,6.76
2026-03-26T05:40:00.000,10.11,133.25,-6.93,7.37
2026-03-26T05:50:00.000,10.22,111.72,-3.78,9.49
2026-03-26T06:00:00.000,2.17,136.69,-1.58,1.49
2026-03-26T06:10:00.000,11.05,139.13,-8.35,7.23
2026-03-26T06:20:00.000,9.87,135.57,-7.05,6.91
2026-03-26T06:30:00.000,9.83,150.3,-8.54,4.87
2026-03-26T06:40:00.000,11.21,211.51,-9.56,-5.86
2026-03-26T06:50:00.000,10.4,169.66,-10.24,1.87
2026-03-26T07:00:00.000,8.96,165.25,-8.66,2.28
2026-03-26T07:10:00.000,9.79,168.91,-9.61,1.88
2026-03-26T07:20:00.000,10.16,169.91,-10,1.78
2026-03-26T07:30:00.000,8.89,184.06,-8.87,-0.63
2026-03-26T07:40:00.000,10.32,181.88,-10.31,-0.34
2026-03-26T07:50:00.000,6.45,187.41,-6.4,-0.83
2026-03-26T08:00:00.000,8.45,189.52,-8.33,-1.4
2026-03-26T08:10:00.000,9.97,195.6,-9.6,-2.68
2026-03-26T08:20:00.000,7.63,180.51,-7.63,-0.07
2026-03-26T08:30:00.000,9.69,198.64,-9.18,-3.1
2026-03-26T08:40:00.000,10.69,198.38,-10.14,-3.37
2026-03-26T08:50:00.000,8.89,191.17,-8.72,-1.72
2026-03-26T09:00:00.000,6.93,171.04,-6.84,1.08
2026-03-26T09:10:00.000,8.4,196.63,-8.05,-2.4
2026-03-26T09:20:00.000,9.12,199.56,-8.6,-3.05
2026-03-26T09:30:00.000,9,200.95,-8.4,-3.22
2026-03-26T09:40:00.000,7.97,208.77,-6.98,-3.83
2026-03-26T09:50:00.000,3.5,194.62,-3.39,-0.88
2026-03-26T10:00:00.000,5.37,185.39,-5.35,-0.5
2026-03-26T10:10:00.000,5.48,174.75,-5.45,0.5
2026-03-26T10:20:00.000,10.52,195.13,-10.16,-2.75
2026-03-26T10:30:00.000,13.13,179.95,-13.13,0.01
2026-03-26T10:40:00.000,11.48,176.03,-11.45,0.79
2026-03-26T10:50:00.000,9.82,176.01,-9.79,0.68
2026-03-26T11:00:00.000,11.05,181.66,-11.05,-0.32
2026-03-26T11:10:00.000,10.7,196.97,-10.24,-3.12
2026-03-26T11:20:00.000,10.12,185.4,-10.07,-0.95
2026-03-26T11:30:00.000,11.01,186.49,-10.94,-1.24
2026-03-26T11:40:00.000,11.82,191.45,-11.58,-2.35
2026-03-26T11:50:00.000,11.49,198.61,-10.89,-3.67
2026-03-26T12:00:00.000,13.33,206.61,-11.92,-5.97
2026-03-26T12:10:00.000,13.92,219.81,-10.7,-8.91
2026-03-26T12:20:00.000,13.18,220.11,-10.08,-8.49
2026-03-26T12:30:00.000,15.66,229.44,-10.18,-11.89
2026-03-26T12:40:00.000,17.34,233.12,-10.4,-13.87
2026-03-26T12:50:00.000,18.28,228.67,-12.07,-13.72
2026-03-26T13:00:00.000,18.17,229.44,-11.82,-13.8
2026-03-26T13:10:00.000,15.83,231.96,-9.76,-12.47
2026-03-26T13:20:00.000,16.02,229.11,-10.49,-12.11
2026-03-26T13:30:00.000,19.48,231.11,-12.23,-15.16
2026-03-26T13:40:00.000,18.38,228.66,-12.14,-13.8
2026-03-26T13:50:00.000,17.36,226.52,-11.94,-12.6
2026-03-26T14:00:00.000,16.22,226.59,-11.15,-11.78
2026-03-26T14:10:00.000,17.05,227.64,-11.49,-12.6
2026-03-26T14:20:00.000,18.79,227.95,-12.58,-13.95
2026-03-26T14:30:00.000,20.4,232.28,-12.48,-16.14
2026-03-26T14:40:00.000,20.99,231.34,-13.11,-16.39
2026-03-26T14:50:00.000,15.72,223.27,-11.44,-10.77
2026-03-26T15:00:00.000,17.44,230.85,-11.01,-13.52
2026-03-26T15:10:00.000,18.62,229,-12.21,-14.05
2026-03-26T15:20:00.000,17.47,229.66,-11.31,-13.31
2026-03-26T15:30:00.000,18.34,233.52,-10.91,-14.75
2026-03-26T15:40:00.000,16.51,232.69,-10.01,-13.13
2026-03-26T15:50:00.000,16.42,232.79,-9.93,-13.08
2026-03-26T16:00:00.000,14.85,234.82,-8.56,-12.14
2026-03-26T16:10:00.000,13.3,236.21,-7.4,-11.05
2026-03-26T16:20:00.000,11.86,230.16,-7.6,-9.11
2026-03-26T16:30:00.000,12.73,237.35,-6.86,-10.71
2026-03-26T16:40:00.000,10.71,235.08,-6.13,-8.78
2026-03-26T16:50:00.000,12.12,235.32,-6.89,-9.96
2026-03-26T17:00:00.000,13.17,240.36,-6.51,-11.44
2026-03-26T17:10:00.000,12.86,223.61,-9.31,-8.87
2026-03-26T17:20:00.000,13.1,238.6,-6.83,-11.18
2026-03-26T17:30:00.000,12.18,239.49,-6.19,-10.5
2026-03-26T17:40:00.000,12.55,232.38,-7.66,-9.94
2026-03-26T17:50:00.000,13.71,232.54,-8.34,-10.89
2026-03-26T18:00:00.000,14.55,236.42,-8.05,-12.13
2026-03-26T18:10:00.000,13.08,235.51,-7.41,-10.78
2026-03-26T18:20:00.000,14.01,232.52,-8.52,-11.12
2026-03-26T18:30:00.000,14.32,230.34,-9.14,-11.02
2026-03-26T18:40:00.000,9.83,227.9,-6.59,-7.29
2026-03-26T18:50:00.000,13.83,233.3,-8.26,-11.08
2026-03-26T19:00:00.000,13.25,228,-8.86,-9.84
2026-03-26T19:10:00.000,14.72,228.83,-9.69,-11.08
2026-03-26T19:20:00.000,15.73,229.83,-10.14,-12.02
2026-03-26T19:30:00.000,15.75,228.62,-10.41,-11.81
2026-03-26T19:40:00.000,16.22,221.27,-12.19,-10.7
2026-03-26T19:50:00.000,18.03,225.08,-12.73,-12.76
2026-03-26T20:00:00.000,18.9,236.64,-10.4,-15.79
2026-03-26T20:10:00.000,19.42,220.57,-14.75,-12.63
2026-03-26T20:20:00.000,19.04,223.11,-13.9,-13.01
2026-03-26T20:30:00.000,20.1,210.74,-17.27,-10.27
2026-03-26T20:40:00.000,16.69,201.26,-15.56,-6.05
2026-03-26T20:50:00.000,15.46,199.99,-14.53,-5.29
2026-03-26T21:00:00.000,19.51,202.57,-18.02,-7.49
2026-03-26T21:10:00.000,25.1,203.3,-23.05,-9.93
2026-03-26T21:20:00.000,25.37,212.04,-21.51,-13.46
2026-03-26T21:30:00.000,25.32,211.34,-21.62,-13.17
2026-03-26T21:40:00.000,30.61,208.03,-27.02,-14.38
2026-03-26T21:50:00.000,28.68,214.82,-23.54,-16.37
2026-03-26T22:00:00.000,22.2,214.73,-18.25,-12.65
2026-03-26T22:10:00.000,35.41,220.05,-27.11,-22.79
2026-03-26T22:20:00.000,35.87,217.87,-28.32,-22.02
2026-03-26T22:30:00.000,41.46,230.82,-26.19,-32.14
2026-03-26T22:40:00.000,21.28,225.91,-14.81,-15.29
2026-03-26T22:50:00.000,30.41,207.16,-27.06,-13.88
2026-03-26T23:00:00.000,32.25,218.61,-25.2,-20.12
2026-03-26T23:10:00.000,32.42,215.39,-26.43,-18.77
2026-03-26T23:20:00.000,32.15,220.63,-24.4,-20.93
2026-03-26T23:30:00.000,23.75,211.7,-20.2,-12.48
2026-03-26T23:40:00.000,24.83,205.98,-22.33,-10.88
2026-03-26T23:50:00.000,28.17,208.15,-24.84,-13.29
2026-03-27T00:00:00.000,30.28,205.78,-27.27,-13.17
2026-03-27T00:10:00.000,31.44,200.12,-29.52,-10.82
2026-03-27T00:20:00.000,25.18,200.46,-23.59,-8.8
2026-03-27T00:30:00.000,28.12,198.14,-26.72,-8.76
2026-03-27T00:40:00.000,27.5,205.93,-24.73,-12.02
2026-03-27T00:50:00.000,33.53,208.77,-29.39,-16.14
2026-03-27T01:00:00.000,30.02,211.5,-25.6,-15.69
2026-03-27T01:10:00.000,29.67,208.86,-25.99,-14.32
2026-03-27T01:20:00.000,34.02,206.15,-30.53,-14.99
2026-03-27T01:30:00.000,18.36,208.12,-16.2,-8.66
2026-03-27T01:40:00.000,18.66,227.96,-12.5,-13.86
2026-03-27T01:50:00.000,19.32,218.22,-15.18,-11.96
2026-03-27T02:00:00.000,22.49,215.65,-18.28,-13.11
2026-03-27T02:10:00.000,26.53,220.24,-20.25,-17.14
2026-03-27T02:20:00.000,21.95,209.39,-19.12,-10.77
2026-03-27T02:30:00.000,28.35,216.44,-22.8,-16.84
2026-03-27T02:40:00.000,28.79,199.06,-27.21,-9.4
2026-03-27T02:50:00.000,30.97,207.17,-27.55,-14.14
2026-03-27T03:00:00.000,28.51,205.35,-25.77,-12.21
2026-03-27T03:10:00.000,26.4,216.69,-21.17,-15.77
2026-03-27T03:20:00.000,25.78,194.46,-24.96,-6.44
2026-03-27T03:30:00.000,30.21,194.73,-29.22,-7.68
2026-03-27T03:40:00.000,34.34,187.02,-34.09,-4.2
2026-03-27T03:50:00.000,40.34,187.38,-40.01,-5.18
2026-03-27T04:00:00.000,36.56,185.01,-36.42,-3.19
2026-03-27T04:10:00.000,29.5,192.23,-28.83,-6.25
2026-03-27T04:20:00.000,30.43,191.03,-29.87,-5.82
2026-03-27T04:30:00.000,27.31,192.35,-26.68,-5.84
2026-03-27T04:40:00.000,28.38,193.02,-27.65,-6.4
2026-03-27T04:50:00.000,34.49,191.25,-33.83,-6.73
2026-03-27T05:00:00.000,31.62,190.76,-31.07,-5.9
2026-03-27T05:10:00.000,29.93,192.73,-29.2,-6.6
2026-03-27T05:20:00.000,35.5,194.08,-34.43,-8.64
2026-03-27T05:30:00.000,28.47,190.1,-28.03,-5
2026-03-27T05:40:00.000,27.31,189.59,-26.93,-4.55
2026-03-27T05:50:00.000,30.4,193.39,-29.58,-7.04
2026-03-27T06:00:00.000,26.84,197.66,-25.57,-8.14
2026-03-27T06:10:00.000,25.99,196.82,-24.87,-7.52
2026-03-27T06:20:00.000,30.01,194.99,-28.99,-7.76
2026-03-27T06:30:00.000,28.23,195.43,-27.21,-7.51
2026-03-27T06:40:00.000,25,192.33,-24.42,-5.34
2026-03-27T06:50:00.000,25,194.32,-24.22,-6.18
2026-03-27T07:00:00.000,25.47,196.88,-24.38,-7.4
2026-03-27T07:10:00.000,22.22,196.7,-21.28,-6.39
2026-03-27T07:20:00.000,21.43,191.63,-20.99,-4.32
2026-03-27T07:30:00.000,20.29,195.26,-19.57,-5.34
2026-03-27T07:40:00.000,24.17,195.11,-23.34,-6.3
2026-03-27T07:50:00.000,24.98,200.32,-23.42,-8.67
2026-03-27T08:00:00.000,25.53,199.27,-24.1,-8.43
2026-03-27T08:10:00.000,22.8,204.86,-20.69,-9.59
2026-03-27T08:20:00.000,22.17,201.88,-20.58,-8.26
2026-03-27T08:30:00.000,25.42,204.42,-23.14,-10.51
2026-03-27T08:40:00.000,25.02,202.84,-23.06,-9.71
2026-03-27T08:50:00.000,23.81,201.15,-22.2,-8.59
2026-03-27T09:00:00.000,22.91,204.79,-20.8,-9.61
2026-03-27T09:10:00.000,21.37,214.32,-17.65,-12.05
2026-03-27T09:20:00.000,18.95,216.89,-15.16,-11.38
2026-03-27T09:30:00.000,17.71,217.25,-14.1,-10.72
2026-03-27T09:40:00.000,20,214.84,-16.41,-11.42
2026-03-27T09:50:00.000,20.73,212.8,-17.42,-11.23
2026-03-27T10:00:00.000,20.29,214.85,-16.65,-11.6
2026-03-27T10:10:00.000,24.62,208.34,-21.67,-11.69
2026-03-27T10:20:00.000,19.51,212.17,-16.52,-10.39
2026-03-27T10:30:00.000,23.19,208.62,-20.35,-11.11
2026-03-27T10:40:00.000,19.33,211.24,-16.53,-10.03
2026-03-27T10:50:00.000,24.43,211.37,-20.86,-12.72
2026-03-27T11:00:00.000,22.04,210.87,-18.92,-11.31
2026-03-27T11:10:00.000,19.73,209.63,-17.15,-9.75
2026-03-27T11:20:00.000,19.77,211.38,-16.88,-10.3
2026-03-27T11:30:00.000,19.74,213.88,-16.39,-11
2026-03-27T11:40:00.000,18.6,207.69,-16.47,-8.64
2026-03-27T11:50:00.000,19.7,208.2,-17.36,-9.31
2026-03-27T12:00:00.000,19.57,200.51,-18.33,-6.86
2026-03-27T12:10:00.000,18.91,207.41,-16.79,-8.71
2026-03-27T12:20:00.000,22.88,203.13,-21.04,-8.99
2026-03-27T12:30:00.000,25.13,200.44,-23.55,-8.78
2026-03-27T12:40:00.000,21.4,206.49,-19.15,-9.55
2026-03-27T12:50:00.000,16.23,204.68,-14.74,-6.77
2026-03-27T13:00:00.000,17.07,202.65,-15.76,-6.57
2026-03-27T13:10:00.000,22.7,200.7,-21.23,-8.02
2026-03-27T13:20:00.000,18.25,212.61,-15.37,-9.84
2026-03-27T13:30:00.000,16.77,200.23,-15.74,-5.8
2026-03-27T13:40:00.000,17.7,204.19,-16.15,-7.26
2026-03-27T13:50:00.000,16.8,211.55,-14.32,-8.79
2026-03-27T14:00:00.000,16.1,199.26,-15.2,-5.31
2026-03-27T14:10:00.000,16.35,211.17,-13.99,-8.46
2026-03-27T14:20:00.000,16.34,213.79,-13.58,-9.09
2026-03-27T14:30:00.000,15.77,212.49,-13.3,-8.47
2026-03-27T14:40:00.000,17.44,216.65,-13.99,-10.41
2026-03-27T14:50:00.000,17.21,218.88,-13.4,-10.8
2026-03-27T15:00:00.000,15.35,213.83,-12.75,-8.54
2026-03-27T15:10:00.000,14.82,214.83,-12.16,-8.47
2026-03-27T15:20:00.000,14.33,215.68,-11.64,-8.36
2026-03-27T15:30:00.000,15.16,219.55,-11.69,-9.65
2026-03-27T15:40:00.000,14.06,220.95,-10.62,-9.21
2026-03-27T15:50:00.000,13.83,215.73,-11.23,-8.08
2026-03-27T16:00:00.000,13.08,221.71,-9.77,-8.7
2026-03-27T16:10:00.000,12.81,218.1,-10.08,-7.91
2026-03-27T16:20:00.000,11.71,227.81,-7.87,-8.68
2026-03-27T16:30:00.000,11.07,229.3,-7.22,-8.39
2026-03-27T16:40:00.000,12.51,236.88,-6.83,-10.47
2026-03-27T16:50:00.000,13.35,240.76,-6.52,-11.65
2026-03-27T17:00:00.000,12.33,243.07,-5.58,-10.99
2026-03-27T17:10:00.000,13.26,247.88,-4.99,-12.29
2026-03-27T17:20:00.000,11.4,254.26,-3.09,-10.97
2026-03-27T17:30:00.000,12.81,251.33,-4.1,-12.14
2026-03-27T17:40:00.000,11.55,249.23,-4.1,-10.8
2026-03-27T17:50:00.000,10.78,246,-4.39,-9.85
2026-03-27T18:00:00.000,10.6,249.89,-3.64,-9.96
2026-03-27T18:10:00.000,10.02,242.52,-4.63,-8.89
2026-03-27T18:20:00.000,11.24,249.99,-3.85,-10.56
2026-03-27T18:30:00.000,9.37,253.51,-2.66,-8.98
2026-03-27T18:40:00.000,10.76,252.74,-3.19,-10.27
2026-03-27T18:50:00.000,8.93,246.66,-3.54,-8.2
2026-03-27T19:00:00.000,10.05,250.19,-3.41,-9.46
2026-03-27T19:10:00.000,9.46,264.63,-0.88,-9.42
2026-03-27T19:20:00.000,12.23,268.72,-0.27,-12.23
2026-03-27T19:30:00.000,9.43,268.48,-0.25,-9.42
2026-03-27T19:40:00.000,10.23,278.29,1.48,-10.12
2026-03-27T19:50:00.000,8.31,264.31,-0.82,-8.27
2026-03-27T20:00:00.000,7.61,265.92,-0.54,-7.59
2026-03-27T20:10:00.000,7.73,252.45,-2.33,-7.37
2026-03-27T20:20:00.000,6.85,252.88,-2.02,-6.55
2026-03-27T20:30:00.000,6.72,248.75,-2.44,-6.26
2026-03-27T20:40:00.000,8.95,248.8,-3.24,-8.35
2026-03-27T20:50:00.000,6.98,251.38,-2.23,-6.61
2026-03-27T21:00:00.000,7.26,256.29,-1.72,-7.05
2026-03-27T21:10:00.000,9.01,242.9,-4.1,-8.02
2026-03-27T21:20:00.000,7.9,233.74,-4.67,-6.37
2026-03-27T21:30:00.000,8.2,246.28,-3.3,-7.51
2026-03-27T21:40:00.000,7.31,228.61,-4.83,-5.48
2026-03-27T21:50:00.000,11.08,224.35,-7.92,-7.74
2026-03-27T22:00:00.000,10.88,224.45,-7.76,-7.62
2026-03-27T22:10:00.000,8.99,223.91,-6.48,-6.24
2026-03-27T22:20:00.000,13.36,240.33,-6.61,-11.61
2026-03-27T22:30:00.000,10.08,241.42,-4.82,-8.85
2026-03-27T22:40:00.000,9.53,237.17,-5.17,-8.01
2026-03-27T22:50:00.000,12.47,241.97,-5.86,-11
2026-03-27T23:00:00.000,11.15,227.99,-7.46,-8.29
2026-03-27T23:10:00.000,9.66,224.1,-6.93,-6.72
2026-03-27T23:20:00.000,9.76,229.47,-6.34,-7.42
2026-03-27T23:30:00.000,8.95,238.9,-4.63,-7.67
2026-03-27T23:40:00.000,9.53,228.62,-6.3,-7.15
2026-03-27T23:50:00.000,10.48,236.7,-5.75,-8.76
2026-03-28T00:00:00.000,7.62,218.24,-5.99,-4.72
2026-03-28T00:10:00.000,9.38,208.51,-8.24,-4.48
2026-03-28T00:20:00.000,10.99,213.32,-9.19,-6.04
2026-03-28T00:30:00.000,11.25,212.75,-9.46,-6.09
2026-03-28T00:40:00.000,12.1,210.77,-10.4,-6.19
2026-03-28T00:50:00.000,10.6,207.66,-9.39,-4.92
2026-03-28T01:00:00.000,9.84,208.93,-8.61,-4.76
2026-03-28T01:10:00.000,10.56,218.8,-8.23,-6.62
2026-03-28T01:20:00.000,10.67,221.19,-8.03,-7.03
2026-03-28T01:30:00.000,10.85,238.47,-5.68,-9.25
2026-03-28T01:40:00.000,10.64,236.3,-5.9,-8.85
2026-03-28T01:50:00.000,8.78,228.92,-5.77,-6.62
2026-03-28T02:00:00.000,10.38,232.22,-6.36,-8.2
2026-03-28T02:10:00.000,11.93,236.95,-6.51,-10
2026-03-28T02:20:00.000,12,233.83,-7.08,-9.69
2026-03-28T02:30:00.000,10.05,240.68,-4.92,-8.76
2026-03-28T02:40:00.000,11.72,236.29,-6.51,-9.75
2026-03-28T02:50:00.000,12.54,236.46,-6.93,-10.45
2026-03-28T03:00:00.000,11.68,231.73,-7.23,-9.17
2026-03-28T03:10:00.000,9.4,237.42,-5.06,-7.92
2026-03-28T03:20:00.000,9.54,239.79,-4.8,-8.24
2026-03-28T03:30:00.000,13.22,244.99,-5.59,-11.98
2026-03-28T03:40:00.000,10.09,244.33,-4.37,-9.1
2026-03-28T03:50:00.000,7.04,247.7,-2.67,-6.51
2026-03-28T04:00:00.000,11.73,262.85,-1.46,-11.64
2026-03-28T04:10:00.000,11.57,254.45,-3.1,-11.15
2026-03-28T04:20:00.000,12.18,250.7,-4.03,-11.49
2026-03-28T04:30:00.000,10.91,251.82,-3.4,-10.37
2026-03-28T04:40:00.000,11.98,246.69,-4.74,-11
2026-03-28T04:50:00.000,9.49,255.4,-2.39,-9.18
2026-03-28T05:00:00.000,8.08,253.34,-2.32,-7.74
2026-03-28T05:10:00.000,7.49,252.28,-2.28,-7.14
2026-03-28T05:20:00.000,11.73,261.73,-1.69,-11.61
2026-03-28T05:30:00.000,8.86,249.72,-3.07,-8.31
2026-03-28T05:40:00.000,12.56,234.46,-7.3,-10.22
2026-03-28T05:50:00.000,8.44,236.05,-4.71,-7
2026-03-28T06:00:00.000,7.72,235.53,-4.37,-6.37
2026-03-28T06:10:00.000,7.58,252.28,-2.31,-7.22
2026-03-28T06:20:00.000,9.74,237.7,-5.2,-8.23
2026-03-28T06:30:00.000,9.69,249.17,-3.45,-9.06
2026-03-28T06:40:00.000,13.33,249.12,-4.75,-12.46
2026-03-28T06:50:00.000,10.36,256.15,-2.48,-10.06
2026-03-28T07:00:00.000,7.83,217.09,-6.25,-4.72
2026-03-28T07:10:00.000,11.08,246.73,-4.38,-10.18
2026-03-28T07:20:00.000,12.93,242.75,-5.92,-11.5
2026-03-28T07:30:00.000,8.41,241.84,-3.97,-7.41
2026-03-28T07:40:00.000,6.52,236.84,-3.57,-5.46
2026-03-28T07:50:00.000,9.33,235,-5.35,-7.64
2026-03-28T08:00:00.000,6.59,239.58,-3.34,-5.69
2026-03-28T08:10:00.000,7.32,263.18,-0.87,-7.27
2026-03-28T08:20:00.000,6.2,249.52,-2.17,-5.81
2026-03-28T08:30:00.000,8.55,267.39,-0.39,-8.54
2026-03-28T08:40:00.000,10.16,256.59,-2.36,-9.88
2026-03-28T08:50:00.000,10.22,268.99,-0.18,-10.22
2026-03-28T09:00:00.000,9.38,261.87,-1.33,-9.29
2026-03-28T09:10:00.000,7.63,268.58,-0.19,-7.62
2026-03-28T09:20:00.000,7.03,262.33,-0.94,-6.97
2026-03-28T09:30:00.000,7.79,263.68,-0.86,-7.74
2026-03-28T09:40:00.000,7.28,262.41,-0.96,-7.22
2026-03-28T09:50:00.000,7.69,279.42,1.26,-7.59
2026-03-28T10:00:00.000,10.49,272.86,0.52,-10.48
2026-03-28T10:10:00.000,7.6,268.59,-0.19,-7.6
2026-03-28T10:20:00.000,7.39,287.98,2.28,-7.03
2026-03-28T10:30:00.000,8.38,263.88,-0.89,-8.33
2026-03-28T10:40:00.000,7.65,253.63,-2.16,-7.34
2026-03-28T10:50:00.000,9.65,251.75,-3.02,-9.16
2026-03-28T11:00:00.000,8.58,256.32,-2.03,-8.34
2026-03-28T11:10:00.000,7.99,257.63,-1.71,-7.81
2026-03-28T11:20:00.000,8.16,260.03,-1.41,-8.03
2026-03-28T11:30:00.000,9.55,250.46,-3.2,-9
2026-03-28T11:40:00.000,8.71,248.67,-3.17,-8.11
2026-03-28T11:50:00.000,9.67,259.09,-1.83,-9.49
2026-03-28T12:00:00.000,9.26,256.7,-2.13,-9.01
2026-03-28T12:10:00.000,10.56,259.3,-1.96,-10.38
2026-03-28T12:20:00.000,8.91,269.42,-0.09,-8.91
2026-03-28T12:30:00.000,8.75,262.22,-1.18,-8.67
2026-03-28T12:40:00.000,8.9,254.18,-2.43,-8.56
2026-03-28T12:50:00.000,8.69,254.99,-2.25,-8.39
2026-03-28T13:00:00.000,7.3,251.15,-2.36,-6.91
2026-03-28T13:10:00.000,6.58,245.64,-2.72,-6
2026-03-28T13:20:00.000,4.99,242.33,-2.32,-4.42
2026-03-28T13:30:00.000,8.13,244.9,-3.45,-7.36
2026-03-28T13:40:00.000,7.97,241.37,-3.82,-7
2026-03-28T13:50:00.000,7.33,237.74,-3.91,-6.2
2026-03-28T14:00:00.000,8.18,236.71,-4.49,-6.83
2026-03-28T14:10:00.000,7.54,243.86,-3.32,-6.77
2026-03-28T14:20:00.000,5.55,231.77,-3.44,-4.36
2026-03-28T14:30:00.000,5.97,241.94,-2.81,-5.27
2026-03-28T14:40:00.000,7.38,235.24,-4.21,-6.06
2026-03-28T14:50:00.000,6.09,243.21,-2.75,-5.44
2026-03-28T15:00:00.000,6.58,243.57,-2.93,-5.89
2026-03-28T15:10:00.000,7.02,236.6,-3.86,-5.86
2026-03-28T15:20:00.000,7.34,244.05,-3.21,-6.6
2026-03-28T15:30:00.000,5.72,242.98,-2.6,-5.09
2026-03-28T15:40:00.000,6.48,240.56,-3.19,-5.65
2026-03-28T15:50:00.000,6.14,240.68,-3.01,-5.36
2026-03-28T16:00:00.000,4.65,237.12,-2.52,-3.9
2026-03-28T16:10:00.000,4.93,240.84,-2.4,-4.3
2026-03-28T16:20:00.000,7.43,247.26,-2.87,-6.85
2026-03-28T16:30:00.000,6.3,254.84,-1.65,-6.08
2026-03-28T16:40:00.000,6.54,266,-0.46,-6.53
2026-03-28T16:50:00.000,5.18,270.12,0.01,-5.18
2026-03-28T17:00:00.000,4.07,271.47,0.1,-4.06
2026-03-28T17:10:00.000,2.68,293.68,1.08,-2.45
2026-03-28T17:20:00.000,1.64,355.51,1.63,-0.13
2026-03-28T17:30:00.000,6.31,47.33,4.28,4.64
2026-03-28T17:40:00.000,5.31,39.74,4.09,3.4
2026-03-28T17:50:00.000,3.01,46.17,2.08,2.17
2026-03-28T18:00:00.000,1.66,65.2,0.7,1.51
2026-03-28T18:10:00.000,1.96,69.98,0.67,1.84
2026-03-28T18:20:00.000,2.43,83.82,0.26,2.42
2026-03-28T18:30:00.000,2.54,59.32,1.3,2.18
2026-03-28T18:40:00.000,1.87,51.5,1.16,1.46
2026-03-28T18:50:00.000,2.38,65.32,0.99,2.16
2026-03-28T19:00:00.000,1.95,50.81,1.23,1.51
2026-03-28T19:10:00.000,1.71,45.71,1.2,1.23
2026-03-28T19:20:00.000,2.18,62.7,1,1.94
2026-03-28T19:30:00.000,2.44,80.73,0.39,2.41
2026-03-28T19:40:00.000,2.96,75.66,0.73,2.87
2026-03-28T19:50:00.000,1.38,105.51,-0.37,1.33
2026-03-28T20:00:00.000,1.42,132.62,-0.96,1.05
2026-03-28T20:10:00.000,2.22,150.37,-1.93,1.1
2026-03-28T20:20:00.000,3.68,167.46,-3.59,0.8
2026-03-28T20:30:00.000,3.83,149.96,-3.31,1.91
2026-03-28T20:40:00.000,5.23,150.73,-4.56,2.56
2026-03-28T20:50:00.000,5.17,161.55,-4.91,1.64
2026-03-28T21:00:00.000,4.99,155.44,-4.54,2.07
2026-03-28T21:10:00.000,4.81,164.58,-4.64,1.28
2026-03-28T21:20:00.000,3.89,156.06,-3.55,1.58
2026-03-28T21:30:00.000,5.02,157.43,-4.64,1.93
2026-03-28T21:40:00.000,5.26,158.12,-4.88,1.96
2026-03-28T21:50:00.000,4.8,164.56,-4.63,1.28
2026-03-28T22:00:00.000,4.5,158.06,-4.17,1.68
2026-03-28T22:10:00.000,4.68,160.84,-4.42,1.54
2026-03-28T22:20:00.000,4.2,170.28,-4.14,0.71
2026-03-28T22:30:00.000,2.51,174.38,-2.5,0.25
2026-03-28T22:40:00.000,2.68,164.95,-2.59,0.7
2026-03-28T22:50:00.000,1.08,183.49,-1.08,-0.07
2026-03-28T23:00:00.000,1.25,179.61,-1.25,0.01
2026-03-28T23:10:00.000,1.32,178.03,-1.32,0.05
2026-03-28T23:20:00.000,2.99,168.25,-2.93,0.61
2026-03-28T23:30:00.000,3.27,164.65,-3.15,0.87
2026-03-28T23:40:00.000,4.29,170.45,-4.23,0.71
2026-03-28T23:50:00.000,3.65,158.18,-3.39,1.36
2026-03-29T00:00:00.000,3.25,167.41,-3.17,0.71
2026-03-29T00:10:00.000,2.33,165.98,-2.26,0.56
2026-03-29T00:20:00.000,2.29,184.58,-2.28,-0.18
2026-03-29T00:30:00.000,3.79,185.79,-3.77,-0.38
2026-03-29T00:40:00.000,2.97,190.45,-2.92,-0.54
2026-03-29T00:50:00.000,4.75,196.64,-4.55,-1.36
2026-03-29T01:00:00.000,4.79,193.76,-4.65,-1.14
2026-03-29T01:10:00.000,6.59,198.6,-6.25,-2.1
2026-03-29T01:20:00.000,5.65,203.93,-5.17,-2.29
2026-03-29T01:30:00.000,6.64,199.48,-6.26,-2.21
2026-03-29T01:40:00.000,6.74,204.18,-6.15,-2.76
2026-03-29T01:50:00.000,7.71,210.24,-6.66,-3.88
2026-03-29T02:00:00.000,8.24,222.35,-6.09,-5.55
2026-03-29T02:10:00.000,8.09,224.91,-5.73,-5.71
2026-03-29T02:20:00.000,7.91,227.98,-5.29,-5.87
2026-03-29T02:30:00.000,6.13,253.88,-1.7,-5.89
2026-03-29T02:40:00.000,6.17,239.9,-3.09,-5.33
2026-03-29T02:50:00.000,7.18,257.89,-1.51,-7.02
2026-03-29T03:00:00.000,7.26,245.93,-2.96,-6.63
2026-03-29T03:10:00.000,6.09,236.44,-3.37,-5.08
2026-03-29T03:20:00.000,6.32,247.12,-2.46,-5.82
2026-03-29T03:30:00.000,5.64,237.11,-3.06,-4.73
2026-03-29T03:40:00.000,4.53,250.7,-1.5,-4.27
2026-03-29T03:50:00.000,2.95,259.21,-0.55,-2.89
2026-03-29T04:00:00.000,3.08,245.56,-1.27,-2.8
2026-03-29T04:10:00.000,3.06,257.81,-0.65,-2.99
2026-03-29T04:20:00.000,1.64,283.05,0.37,-1.6
2026-03-29T04:30:00.000,2.63,284.95,0.68,-2.54
2026-03-29T04:40:00.000,1.39,290.45,0.49,-1.3
2026-03-29T04:50:00.000,1.27,284.5,0.32,-1.23
2026-03-29T05:00:00.000,1,317.63,0.74,-0.67
2026-03-29T05:10:00.000,1.57,310.52,1.02,-1.19
2026-03-29T05:20:00.000,1.84,293.88,0.74,-1.68
2026-03-29T05:30:00.000,3.11,281.11,0.6,-3.05
2026-03-29T05:40:00.000,2.35,258.55,-0.47,-2.3
2026-03-29T05:50:00.000,2.29,254.91,-0.6,-2.21
2026-03-29T06:00:00.000,2.99,257.67,-0.64,-2.92
2026-03-29T06:10:00.000,2.93,252.96,-0.86,-2.8
2026-03-29T06:20:00.000,3.17,255.77,-0.78,-3.08
2026-03-29T06:30:00.000,3.51,254.27,-0.95,-3.38
2026-03-29T06:40:00.000,2.63,255.25,-0.67,-2.55
2026-03-29T06:50:00.000,3.26,258.88,-0.63,-3.2
2026-03-29T07:00:00.000,3.32,264.4,-0.32,-3.3
2026-03-29T07:10:00.000,3.04,253.72,-0.85,-2.92
2026-03-29T07:20:00.000,4.34,251.07,-1.41,-4.11
2026-03-29T07:30:00.000,3.78,253.57,-1.07,-3.62
2026-03-29T07:40:00.000,2.95,245.31,-1.23,-2.68
2026-03-29T07:50:00.000,3.41,245.77,-1.4,-3.11
2026-03-29T08:00:00.000,3.42,244.19,-1.49,-3.08
2026-03-29T08:10:00.000,3.67,243.09,-1.66,-3.27
2026-03-29T08:20:00.000,3.67,242.76,-1.68,-3.27
2026-03-29T08:30:00.000,2.43,221.67,-1.82,-1.62
2026-03-29T08:40:00.000,0.79,167.58,-0.77,0.17
2026-03-29T08:50:00.000,2.1,151.4,-1.85,1.01
2026-03-29T09:00:00.000,3.27,157.95,-3.03,1.23
2026-03-29T09:10:00.000,3.04,163.37,-2.91,0.87
2026-03-29T09:20:00.000,2.04,201.09,-1.9,-0.73
2026-03-29T09:30:00.000,5.12,223.27,-3.73,-3.51
2026-03-29T09:40:00.000,4.1,216.16,-3.31,-2.42
2026-03-29T09:50:00.000,6.99,224.3,-5,-4.88
2026-03-29T10:00:00.000,7.45,253.95,-2.06,-7.16
2026-03-29T10:10:00.000,9.23,291.68,3.41,-8.58
2026-03-29T10:20:00.000,4.45,299.66,2.2,-3.87
2026-03-29T10:30:00.000,3.76,274.22,0.28,-3.74
2026-03-29T10:40:00.000,8.53,240.22,-4.24,-7.4
2026-03-29T10:50:00.000,9.7,243.44,-4.34,-8.68
2026-03-29T11:00:00.000,11.11,248.24,-4.12,-10.32
2026-03-29T11:10:00.000,12.08,256.3,-2.86,-11.74
2026-03-29T11:20:00.000,9.84,252.74,-2.92,-9.39
2026-03-29T11:30:00.000,11.8,249.51,-4.13,-11.05
2026-03-29T11:40:00.000,10.09,249.57,-3.52,-9.45
2026-03-29T11:50:00.000,10.11,261.29,-1.53,-9.99
2026-03-29T12:00:00.000,8.22,266.42,-0.51,-8.2
2026-03-29T12:10:00.000,7.56,263.15,-0.9,-7.51
2026-03-29T12:20:00.000,6.37,280.02,1.11,-6.28
2026-03-29T12:30:00.000,5.45,258.97,-1.04,-5.35
2026-03-29T12:40:00.000,5.62,254.19,-1.53,-5.41
2026-03-29T12:50:00.000,4.33,240.63,-2.12,-3.78
2026-03-29T13:00:00.000,3.82,251.61,-1.21,-3.63
2026-03-29T13:10:00.000,3.95,273.47,0.24,-3.95
2026-03-29T13:20:00.000,6.49,322.67,5.16,-3.93
2026-03-29T13:30:00.000,7,323.99,5.66,-4.11
2026-03-29T13:40:00.000,5.22,323.18,4.18,-3.13
2026-03-29T13:50:00.000,7.3,296.41,3.25,-6.54
2026-03-29T14:00:00.000,6.45,284.13,1.57,-6.26
2026-03-29T14:10:00.000,4.32,283.77,1.03,-4.2
2026-03-29T14:20:00.000,5.34,276.97,0.65,-5.3
2026-03-29T14:30:00.000,5.16,273.79,0.34,-5.15
2026-03-29T14:40:00.000,4.99,278.3,0.72,-4.93
2026-03-29T14:50:00.000,5.09,289.04,1.66,-4.81
2026-03-29T15:00:00.000,5.43,308.85,3.41,-4.23
2026-03-29T15:10:00.000,3.14,318.59,2.35,-2.07
2026-03-29T15:20:00.000,2.69,335.44,2.45,-1.12
2026-03-29T15:30:00.000,3.12,321.5,2.44,-1.94
2026-03-29T15:40:00.000,1.99,54.11,1.17,1.61
2026-03-29T15:50:00.000,2.4,36.23,1.94,1.42
2026-03-29T16:00:00.000,3.28,76.42,0.77,3.18
2026-03-29T16:10:00.000,3.62,110.03,-1.24,3.4
2026-03-29T16:20:00.000,2.66,127.72,-1.62,2.1
2026-03-29T16:30:00.000,3.3,110.56,-1.16,3.09
2026-03-29T16:40:00.000,6.27,136.33,-4.54,4.33
2026-03-29T16:50:00.000,5.82,130.63,-3.79,4.42
2026-03-29T17:00:00.000,4.83,107.7,-1.47,4.6
2026-03-29T17:10:00.000,3.36,100.84,-0.63,3.3
2026-03-29T17:20:00.000,4.23,77.22,0.93,4.12
2026-03-29T17:30:00.000,4.58,87.46,0.2,4.58
2026-03-29T17:40:00.000,4,77.27,0.88,3.9
2026-03-29T17:50:00.000,2.71,76.46,0.63,2.63
2026-03-29T18:00:00.000,2.72,22.15,2.52,1.03
2026-03-29T18:10:00.000,2.11,24.74,1.92,0.88
2026-03-29T18:20:00.000,1.39,54.51,0.81,1.14
2026-03-29T18:30:00.000,0.89,23.48,0.81,0.35
2026-03-29T18:40:00.000,1.26,136.59,-0.92,0.87
2026-03-29T18:50:00.000,3.89,137.64,-2.87,2.62
2026-03-29T19:00:00.000,1.48,129.04,-0.93,1.15
2026-03-29T19:10:00.000,1.16,102.96,-0.26,1.13
2026-03-29T19:20:00.000,1.72,130.21,-1.11,1.31
2026-03-29T19:30:00.000,2.5,196.77,-2.39,-0.72
2026-03-29T19:40:00.000,3.51,168.88,-3.44,0.68
2026-03-29T19:50:00.000,4.98,159.33,-4.66,1.76
2026-03-29T20:00:00.000,6.66,164.69,-6.43,1.76
2026-03-29T20:10:00.000,7.25,170.91,-7.16,1.15
2026-03-29T20:20:00.000,9.24,166.71,-8.99,2.12
2026-03-29T20:30:00.000,11.64,174.87,-11.59,1.04
2026-03-29T20:40:00.000,11.82,176.34,-11.8,0.75
2026-03-29T20:50:00.000,12.27,171.41,-12.13,1.83
2026-03-29T21:00:00.000,11.27,163.14,-10.78,3.27
2026-03-29T21:10:00.000,12.46,162.92,-11.91,3.66
2026-03-29T21:20:00.000,12.39,165.51,-11.99,3.1
2026-03-29T21:30:00.000,14.21,167.58,-13.88,3.06
2026-03-29T21:40:00.000,13.56,168.98,-13.31,2.59
2026-03-29T21:50:00.000,12.34,167.51,-12.04,2.67
2026-03-29T22:00:00.000,11.92,162.63,-11.38,3.56
2026-03-29T22:10:00.000,10.03,149.28,-8.62,5.12
2026-03-29T22:20:00.000,5.88,143.57,-4.73,3.49
2026-03-29T22:30:00.000,0.69,36.37,0.56,0.41
2026-03-29T22:40:00.000,2.64,342.87,2.52,-0.78
2026-03-29T22:50:00.000,1.35,331.18,1.18,-0.65
2026-03-29T23:00:00.000,1.95,356.01,1.94,-0.14
2026-03-29T23:10:00.000,3.12,353.63,3.1,-0.35
2026-03-29T23:20:00.000,2.97,355.33,2.96,-0.24
2026-03-29T23:30:00.000,3.59,9.89,3.54,0.62
2026-03-29T23:40:00.000,1.38,353.82,1.37,-0.15
2026-03-29T23:50:00.000,0.94,0.37,0.94,0.01
2026-03-30T00:00:00.000,2.95,352.32,2.92,-0.39
2026-03-30T00:10:00.000,1.57,336.15,1.44,-0.64
2026-03-30T00:20:00.000,1.68,299.06,0.82,-1.47
2026-03-30T00:30:00.000,1.71,31.04,1.47,0.88
2026-03-30T00:40:00.000,0.32,126.38,-0.19,0.26
2026-03-30T00:50:00.000,3.13,201.23,-2.92,-1.13
2026-03-30T01:00:00.000,0.44,240.53,-0.22,-0.38
2026-03-30T01:10:00.000,0.63,218.47,-0.5,-0.39
2026-03-30T01:20:00.000,0.33,229.25,-0.22,-0.25
2026-03-30T01:30:00.000,0.4,154.29,-0.36,0.17
2026-03-30T01:40:00.000,1.35,79.6,0.24,1.33
2026-03-30T01:50:00.000,6.01,2.2,6.01,0.23
2026-03-30T02:00:00.000,6.49,350.31,6.4,-1.09
2026-03-30T02:10:00.000,5.51,50.74,3.49,4.27
2026-03-30T02:20:00.000,4.05,65.13,1.7,3.67
2026-03-30T02:30:00.000,7.9,57.77,4.21,6.69
2026-03-30T02:40:00.000,4.55,44.32,3.26,3.18
2026-03-30T02:50:00.000,1.52,303.64,0.84,-1.26
2026-03-30T03:00:00.000,2.42,337.15,2.23,-0.94
2026-03-30T03:10:00.000,1.75,25.98,1.57,0.76
2026-03-30T03:20:00.000,1.18,318.24,0.88,-0.78
2026-03-30T03:30:00.000,2.66,302.01,1.41,-2.25
2026-03-30T03:40:00.000,1.93,343.46,1.85,-0.55
2026-03-30T03:50:00.000,2.24,354.23,2.23,-0.22
2026-03-30T04:00:00.000,2.26,339.69,2.12,-0.78
2026-03-30T04:10:00.000,2.5,282.77,0.55,-2.44
2026-03-30T04:20:00.000,2.21,288.69,0.71,-2.09
2026-03-30T04:30:00.000,0.63,310.85,0.41,-0.48
2026-03-30T04:40:00.000,1.84,144.14,-1.49,1.08
2026-03-30T04:50:00.000,1.63,81.43,0.24,1.61
2026-03-30T05:00:00.000,0.75,98.44,-0.11,0.74
2026-03-30T05:10:00.000,0.58,10.19,0.57,0.1
2026-03-30T05:20:00.000,1.01,93.23,-0.06,1.01
2026-03-30T05:30:00.000,0.48,104.57,-0.12,0.46
2026-03-30T05:40:00.000,0.29,265.55,-0.02,-0.29
2026-03-30T05:50:00.000,2.03,184.17,-2.02,-0.15
2026-03-30T06:00:00.000,2.13,223.5,-1.55,-1.47
2026-03-30T06:10:00.000,1.78,219.32,-1.38,-1.13
2026-03-30T06:20:00.000,0.53,258.62,-0.1,-0.52
2026-03-30T06:30:00.000,0.12,291.85,0.05,-0.11
2026-03-30T06:40:00.000,0.41,13.82,0.4,0.1
2026-03-30T06:50:00.000,2.36,247.85,-0.89,-2.19
2026-03-30T07:00:00.000,0.83,326.95,0.7,-0.46
2026-03-30T07:10:00.000,2.27,9.19,2.24,0.36
2026-03-30T07:20:00.000,1.69,355.79,1.69,-0.12
2026-03-30T07:30:00.000,1.36,9.25,1.34,0.22
2026-03-30T07:40:00.000,1.59,20.01,1.5,0.55
2026-03-30T07:50:00.000,1.86,34.23,1.54,1.05
2026-03-30T08:00:00.000,1.75,42.47,1.29,1.18
2026-03-30T08:10:00.000,1.34,31.48,1.14,0.7
2026-03-30T08:20:00.000,0.72,21.83,0.67,0.27
2026-03-30T08:30:00.000,0.7,2.45,0.7,0.03
2026-03-30T08:40:00.000,0.7,358.2,0.7,-0.02
2026-03-30T08:50:00.000,1.04,9.68,1.02,0.17
2026-03-30T09:00:00.000,0.95,30.08,0.82,0.47
2026-03-30T09:10:00.000,1.46,51.86,0.9,1.15
2026-03-30T09:20:00.000,0.89,73.12,0.26,0.85
2026-03-30T09:30:00.000,0.58,93.27,-0.03,0.58
2026-03-30T09:40:00.000,1.08,131.24,-0.71,0.81
2026-03-30T09:50:00.000,1.09,128.73,-0.68,0.85
2026-03-30T10:00:00.000,0.44,101.85,-0.09,0.43
2026-03-30T10:10:00.000,0.53,302.06,0.28,-0.45
2026-03-30T10:20:00.000,0.16,289.14,0.05,-0.15
2026-03-30T10:30:00.000,0.47,1.02,0.47,0.01
2026-03-30T10:40:00.000,0.49,349.29,0.49,-0.09
2026-03-30T10:50:00.000,1.84,192.91,-1.8,-0.41
2026-03-30T11:00:00.000,0.93,115.17,-0.39,0.84
2026-03-30T11:10:00.000,1.35,128.94,-0.85,1.05
2026-03-30T11:20:00.000,1.65,114.52,-0.68,1.5
2026-03-30T11:30:00.000,1.63,121.71,-0.86,1.39
2026-03-30T11:40:00.000,2,140.98,-1.56,1.26
2026-03-30T11:50:00.000,2.84,142.95,-2.26,1.71
2026-03-30T12:00:00.000,0.57,132.23,-0.38,0.42
2026-03-30T12:10:00.000,2.84,147.5,-2.4,1.53
2026-03-30T12:20:00.000,2.48,149.27,-2.13,1.27
2026-03-30T12:30:00.000,1.36,129.11,-0.86,1.06
2026-03-30T12:40:00.000,1.7,147.19,-1.43,0.92
2026-03-30T12:50:00.000,3.12,183.88,-3.12,-0.21
2026-03-30T13:00:00.000,2.04,141.49,-1.6,1.27
2026-03-30T13:10:00.000,2.21,146.44,-1.84,1.22
2026-03-30T13:20:00.000,2.03,158.22,-1.89,0.75
2026-03-30T13:30:00.000,0.24,200.47,-0.23,-0.08
2026-03-30T13:40:00.000,1.36,189.9,-1.34,-0.23
2026-03-30T13:50:00.000,1.06,162.51,-1.02,0.32
2026-03-30T14:00:00.000,2.44,166.57,-2.37,0.57
2026-03-30T14:10:00.000,1.7,138.63,-1.27,1.12
2026-03-30T14:20:00.000,1.83,152.11,-1.61,0.85
2026-03-30T14:30:00.000,2.19,142.95,-1.75,1.32
2026-03-30T14:40:00.000,2.08,121.75,-1.1,1.77
2026-03-30T14:50:00.000,1.64,107.64,-0.5,1.57
2026-03-30T15:00:00.000,1.61,83.36,0.19,1.6
2026-03-30T15:10:00.000,1.36,89.45,0.01,1.36
2026-03-30T15:20:00.000,1.87,96.85,-0.22,1.85
2026-03-30T15:30:00.000,2.26,107.04,-0.66,2.16
2026-03-30T15:40:00.000,2.56,107.72,-0.78,2.43
2026-03-30T15:50:00.000,2.63,107.41,-0.79,2.51
2026-03-30T16:00:00.000,3.27,52.52,1.99,2.6
2026-03-30T16:10:00.000,3.08,59.06,1.58,2.64
2026-03-30T16:20:00.000,3.72,48.88,2.45,2.8
2026-03-30T16:30:00.000,3.09,53.42,1.84,2.48
2026-03-30T16:40:00.000,2.76,66.46,1.1,2.53
2026-03-30T16:50:00.000,3.16,76.04,0.76,3.07
2026-03-30T17:00:00.000,4.61,29.94,4,2.3
2026-03-30T17:10:00.000,4.49,39.54,3.46,2.86
2026-03-30T17:20:00.000,2.03,6.17,2.01,0.22
2026-03-30T17:30:00.000,3.89,43.11,2.84,2.66
2026-03-30T17:40:00.000,3.21,62.07,1.5,2.83
2026-03-30T17:50:00.000,3.27,71.96,1.01,3.11
2026-03-30T18:00:00.000,4.3,64.88,1.83,3.9
2026-03-30T18:10:00.000,3.05,66.67,1.21,2.8
2026-03-30T18:20:00.000,2.18,68.29,0.81,2.03
2026-03-30T18:30:00.000,4.47,70.05,1.53,4.21
2026-03-30T18:40:00.000,4.73,90.71,-0.06,4.73
2026-03-30T18:50:00.000,4.31,117.45,-1.99,3.83
2026-03-30T19:00:00.000,3.14,96.12,-0.33,3.12
2026-03-30T19:10:00.000,2.77,114.67,-1.16,2.52
2026-03-30T19:20:00.000,2.19,104.2,-0.54,2.12
2026-03-30T19:30:00.000,2.44,113.7,-0.98,2.24
2026-03-30T19:40:00.000,2.68,99.39,-0.44,2.65
2026-03-30T19:50:00.000,2.07,96.33,-0.23,2.05
2026-03-30T20:00:00.000,2.81,96.75,-0.33,2.79
2026-03-30T20:10:00.000,2.03,88,0.07,2.03
2026-03-30T20:20:00.000,1.74,72.78,0.52,1.67
2026-03-30T20:30:00.000,2.34,73.08,0.68,2.24
2026-03-30T20:40:00.000,2.32,75.96,0.56,2.25
2026-03-30T20:50:00.000,1.71,62.38,0.79,1.52
2026-03-30T21:00:00.000,1.75,69.1,0.63,1.64
2026-03-30T21:10:00.000,1.56,63.75,0.69,1.4
2026-03-30T21:20:00.000,1.74,57.91,0.93,1.48
2026-03-30T21:30:00.000,1.74,71.97,0.54,1.65
2026-03-30T21:40:00.000,1.9,63.63,0.84,1.7
2026-03-30T21:50:00.000,1.61,60.64,0.79,1.4
2026-03-30T22:00:00.000,1.32,49.81,0.85,1.01
2026-03-30T22:10:00.000,2.71,39.39,2.09,1.72
2026-03-30T22:20:00.000,2.07,63.31,0.93,1.85
2026-03-30T22:30:00.000,1.55,63.86,0.68,1.39
2026-03-30T22:40:00.000,1.92,45.46,1.35,1.37
2026-03-30T22:50:00.000,3.28,39.37,2.53,2.08
2026-03-30T23:00:00.000,3.09,82.14,0.42,3.06
2026-03-30T23:10:00.000,1.45,38.1,1.14,0.9
2026-03-30T23:20:00.000,1.35,31.46,1.15,0.7
2026-03-30T23:30:00.000,1.05,353.54,1.04,-0.12
2026-03-30T23:40:00.000,0.57,11.47,0.56,0.11
2026-03-30T23:50:00.000,0.64,356.63,0.64,-0.04
2026-03-31T00:00:00.000,0.85,8.79,0.84,0.13
2026-03-31T00:10:00.000,1.17,4.5,1.16,0.09
2026-03-31T00:20:00.000,1.35,0.22,1.35,0.01
2026-03-31T00:30:00.000,0.97,359.81,0.97,0
2026-03-31T00:40:00.000,0.87,355.99,0.87,-0.06
2026-03-31T00:50:00.000,0.83,0.63,0.83,0.01
2026-03-31T01:00:00.000,0.96,7.62,0.95,0.13
2026-03-31T01:10:00.000,0.77,15.53,0.74,0.21
2026-03-31T01:20:00.000,0.69,2.22,0.69,0.03
2026-03-31T01:30:00.000,0.74,350.27,0.73,-0.13
2026-03-31T01:40:00.000,1.17,321.53,0.92,-0.73
2026-03-31T01:50:00.000,1.53,309.48,0.97,-1.18
2026-03-31T02:00:00.000,1.66,309.05,1.05,-1.29
2026-03-31T02:10:00.000,1.51,306.64,0.9,-1.21
2026-03-31T02:20:00.000,1.66,308.97,1.04,-1.29
2026-03-31T02:30:00.000,1.91,317.92,1.42,-1.28
2026-03-31T02:40:00.000,1.83,324.61,1.49,-1.06
2026-03-31T02:50:00.000,2.46,330.71,2.14,-1.2
2026-03-31T03:00:00.000,2.01,334.27,1.81,-0.87
2026-03-31T03:10:00.000,1.86,325.49,1.53,-1.05
2026-03-31T03:20:00.000,1.51,324.94,1.24,-0.87
2026-03-31T03:30:00.000,1.49,311.97,0.99,-1.1
2026-03-31T03:40:00.000,1.41,310.37,0.91,-1.07
2026-03-31T03:50:00.000,1.49,291.68,0.55,-1.38
2026-03-31T04:00:00.000,1.49,274.86,0.13,-1.49
2026-03-31T04:10:00.000,1.59,261.35,-0.24,-1.57
2026-03-31T04:20:00.000,1.63,265.84,-0.12,-1.63
2026-03-31T04:30:00.000,2.9,237.57,-1.55,-2.45
2026-03-31T04:40:00.000,2.35,261.13,-0.36,-2.33
2026-03-31T04:50:00.000,2.56,257.43,-0.56,-2.5
2026-03-31T05:00:00.000,2.14,270.38,0.01,-2.14
2026-03-31T05:10:00.000,2.22,266.02,-0.15,-2.22
2026-03-31T05:20:00.000,2.46,263.45,-0.28,-2.44
2026-03-31T05:30:00.000,2.13,271.52,0.06,-2.13
2026-03-31T05:40:00.000,1.89,278.57,0.28,-1.87
2026-03-31T05:50:00.000,1.76,282.45,0.38,-1.71
2026-03-31T06:00:00.000,1.65,281.74,0.34,-1.62
2026-03-31T06:10:00.000,2.11,270.32,0.01,-2.11
2026-03-31T06:20:00.000,3.2,252.87,-0.94,-3.06
2026-03-31T06:30:00.000,4.02,249.08,-1.44,-3.76
2026-03-31T06:40:00.000,2.31,265.14,-0.2,-2.31
2026-03-31T06:50:00.000,2.21,283.26,0.51,-2.15
2026-03-31T07:00:00.000,1.47,293.18,0.58,-1.35
2026-03-31T07:10:00.000,1.18,335.95,1.08,-0.48
2026-03-31T07:20:00.000,1.61,336.52,1.48,-0.64
2026-03-31T07:30:00.000,1.4,337.36,1.29,-0.54
2026-03-31T07:40:00.000,1.42,348.2,1.39,-0.29
2026-03-31T07:50:00.000,1.85,341.11,1.75,-0.6
2026-03-31T08:00:00.000,1.8,341.24,1.71,-0.58
2026-03-31T08:10:00.000,1.76,348.66,1.72,-0.35
2026-03-31T08:20:00.000,1.97,354.22,1.96,-0.2
2026-03-31T08:30:00.000,2.08,9.1,2.05,0.33
2026-03-31T08:40:00.000,1.88,16.04,1.81,0.52
2026-03-31T08:50:00.000,1.8,3.71,1.8,0.12
2026-03-31T09:00:00.000,1.66,357.18,1.66,-0.08
2026-03-31T09:10:00.000,1.57,352.48,1.55,-0.21
2026-03-31T09:20:00.000,1.67,329.06,1.44,-0.86
2026-03-31T09:30:00.000,1.01,346.43,0.98,-0.24
2026-03-31T09:40:00.000,1.06,354.81,1.05,-0.1
2026-03-31T09:50:00.000,1.01,356.17,1,-0.07
2026-03-31T10:00:00.000,1.24,4.62,1.24,0.1
2026-03-31T10:10:00.000,1.16,21.42,1.08,0.42
2026-03-31T10:20:00.000,1.11,356.52,1.1,-0.07
2026-03-31T10:30:00.000,0.79,3.41,0.79,0.05
2026-03-31T10:40:00.000,1.19,346.42,1.16,-0.28
2026-03-31T10:50:00.000,1.37,347.86,1.33,-0.29
2026-03-31T11:00:00.000,0.98,343.11,0.93,-0.28
2026-03-31T11:10:00.000,1.21,328.37,1.03,-0.63
2026-03-31T11:20:00.000,1.04,342.78,0.99,-0.31
2026-03-31T11:30:00.000,1.14,341.43,1.08,-0.36
2026-03-31T11:40:00.000,0.93,2.49,0.93,0.04
2026-03-31T11:50:00.000,0.65,20.58,0.61,0.23
2026-03-31T12:00:00.000,0.22,58.16,0.12,0.19
2026-03-31T12:10:00.000,0.43,158.58,-0.4,0.16
2026-03-31T12:20:00.000,0.33,293.43,0.13,-0.3
2026-03-31T12:30:00.000,0.68,157,-0.63,0.27
2026-03-31T12:40:00.000,0.87,143.99,-0.7,0.51
2026-03-31T12:50:00.000,0.49,240.39,-0.24,-0.43
2026-03-31T13:00:00.000,0.3,131.91,-0.2,0.22
2026-03-31T13:10:00.000,1.75,231.17,-1.1,-1.36
2026-03-31T13:20:00.000,1.43,231.78,-0.88,-1.12
2026-03-31T13:30:00.000,0.87,250.75,-0.29,-0.82
2026-03-31T13:40:00.000,1.44,242.41,-0.67,-1.28
2026-03-31T13:50:00.000,1.4,229.56,-0.91,-1.07
2026-03-31T14:00:00.000,1.46,239.37,-0.75,-1.26
2026-03-31T14:10:00.000,1.52,243.09,-0.69,-1.35
2026-03-31T14:20:00.000,1.7,246.73,-0.67,-1.56
2026-03-31T14:30:00.000,2.24,239.95,-1.12,-1.94
2026-03-31T14:40:00.000,3.19,229.73,-2.06,-2.43
2026-03-31T14:50:00.000,3.09,233.28,-1.85,-2.48
2026-03-31T15:00:00.000,1.46,240.9,-0.71,-1.27
2026-03-31T15:10:00.000,1.75,229.71,-1.13,-1.34
2026-03-31T15:20:00.000,1.6,217.61,-1.27,-0.97
2026-03-31T15:30:00.000,2.44,224.5,-1.74,-1.71
2026-03-31T15:40:00.000,3,234.21,-1.75,-2.43
2026-03-31T15:50:00.000,1.73,230.88,-1.09,-1.35
2026-03-31T16:00:00.000,1.94,227.96,-1.3,-1.44
2026-03-31T16:10:00.000,2.08,234.07,-1.22,-1.69
2026-03-31T16:20:00.000,1.94,236.45,-1.07,-1.62
2026-03-31T16:30:00.000,1.81,235.62,-1.02,-1.5
2026-03-31T16:40:00.000,1.05,246.38,-0.42,-0.96
2026-03-31T16:50:00.000,1.77,252.61,-0.53,-1.69
2026-03-31T17:00:00.000,1.55,274.24,0.11,-1.55
2026-03-31T17:10:00.000,1.87,249.14,-0.67,-1.75
2026-03-31T17:20:00.000,1.4,287.67,0.42,-1.33
2026-03-31T17:30:00.000,1.31,307.76,0.8,-1.04
2026-03-31T17:40:00.000,1.45,276.17,0.16,-1.44
2026-03-31T17:50:00.000,2.27,282.35,0.49,-2.22
2026-03-31T18:00:00.000,1.43,308.43,0.89,-1.12
2026-03-31T18:10:00.000,0.97,327.16,0.81,-0.53
2026-03-31T18:20:00.000,1.5,344.12,1.44,-0.41
2026-03-31T18:30:00.000,1.37,342.82,1.31,-0.4
2026-03-31T18:40:00.000,1.41,350.46,1.39,-0.23
2026-03-31T18:50:00.000,1.4,2.49,1.4,0.06
2026-03-31T19:00:00.000,1.03,357.87,1.03,-0.04
2026-03-31T19:10:00.000,1.18,12.58,1.15,0.26
2026-03-31T19:20:00.000,1.36,338.57,1.27,-0.5
2026-03-31T19:30:00.000,1.14,351.47,1.13,-0.17
2026-03-31T19:40:00.000,1.07,353.4,1.07,-0.12
2026-03-31T19:50:00.000,1.16,15.28,1.12,0.3
2026-03-31T20:00:00.000,1.55,48.94,1.02,1.17
2026-03-31T20:10:00.000,1.35,53.91,0.79,1.09
2026-03-31T20:20:00.000,1.11,47.23,0.75,0.81
2026-03-31T20:30:00.000,1.54,34.66,1.27,0.88
2026-03-31T20:40:00.000,2.11,47.35,1.43,1.55
2026-03-31T20:50:00.000,2.57,63.47,1.15,2.3
2026-03-31T21:00:00.000,2.06,28.07,1.82,0.97
2026-03-31T21:10:00.000,1.25,23.06,1.15,0.49
2026-03-31T21:20:00.000,0.92,20.29,0.86,0.32
2026-03-31T21:30:00.000,0.91,18.84,0.87,0.3
2026-03-31T21:40:00.000,1.01,23.74,0.92,0.41
2026-03-31T21:50:00.000,1.26,28.51,1.11,0.6
2026-03-31T22:00:00.000,1.47,2.43,1.47,0.06
2026-03-31T22:10:00.000,1.5,16.06,1.44,0.41
2026-03-31T22:20:00.000,1.46,36.76,1.17,0.87
2026-03-31T22:30:00.000,1.37,39.94,1.05,0.88
2026-03-31T22:40:00.000,0.97,31.86,0.83,0.51
2026-03-31T22:50:00.000,1.48,50.5,0.94,1.14
2026-03-31T23:00:00.000,1.42,39.76,1.09,0.91
2026-03-31T23:10:00.000,0.77,90.72,-0.01,0.77
2026-03-31T23:20:00.000,1.93,112.59,-0.74,1.78
2026-03-31T23:30:00.000,2.43,122.32,-1.3,2.05
2026-03-31T23:40:00.000,2.82,129.76,-1.8,2.17
2026-03-31T23:50:00.000,4.2,135.35,-2.99,2.95
2026-04-01T00:00:00.000,5.11,141.46,-4,3.18
2026-04-01T00:10:00.000,5.75,131.21,-3.79,4.33
2026-04-01T00:20:00.000,4.69,132.87,-3.19,3.43
2026-04-01T00:30:00.000,3.84,134.81,-2.7,2.72
2026-04-01T00:40:00.000,5.65,134.64,-3.97,4.02
2026-04-01T00:50:00.000,4.9,130.28,-3.17,3.74
2026-04-01T01:00:00.000,4.21,135.86,-3.02,2.93
2026-04-01T01:10:00.000,4.63,132.61,-3.13,3.41
2026-04-01T01:20:00.000,3.63,126.87,-2.18,2.9
2026-04-01T01:30:00.000,5.43,144.3,-4.41,3.17
2026-04-01T01:40:00.000,3.83,115.04,-1.62,3.47
2026-04-01T01:50:00.000,2.48,127.74,-1.51,1.96
2026-04-01T02:00:00.000,1.78,101.64,-0.36,1.74
2026-04-01T02:10:00.000,1.77,141.48,-1.39,1.1
2026-04-01T02:20:00.000,5.21,146.38,-4.34,2.89
2026-04-01T02:30:00.000,3,152.45,-2.66,1.39
2026-04-01T02:40:00.000,0.52,150.57,-0.46,0.26
2026-04-01T02:50:00.000,2.85,157.08,-2.62,1.11
2026-04-01T03:00:00.000,4.1,156.16,-3.75,1.66
2026-04-01T03:10:00.000,3.51,142.42,-2.78,2.14
2026-04-01T03:20:00.000,3.16,129.49,-2.01,2.44
2026-04-01T03:30:00.000,0.77,70.85,0.25,0.73
2026-04-01T03:40:00.000,0.91,50.72,0.58,0.7
2026-04-01T03:50:00.000,1.86,101.4,-0.37,1.83
2026-04-01T04:00:00.000,0.29,182,-0.29,-0.01
2026-04-01T04:10:00.000,0.94,229.91,-0.6,-0.72
2026-04-01T04:20:00.000,0.25,80.09,0.04,0.25
2026-04-01T04:30:00.000,0.29,58.21,0.15,0.25
2026-04-01T04:40:00.000,0.23,23.35,0.21,0.09
2026-04-01T04:50:00.000,2.03,227.58,-1.37,-1.5
2026-04-01T05:00:00.000,0.7,173.54,-0.7,0.08
2026-04-01T05:10:00.000,0.07,128.83,-0.05,0.06
2026-04-01T05:20:00.000,0.71,132.19,-0.48,0.52
2026-04-01T05:30:00.000,0.36,295.75,0.16,-0.33
2026-04-01T05:40:00.000,0.88,232.91,-0.53,-0.7
2026-04-01T05:50:00.000,0.48,247.18,-0.19,-0.44
2026-04-01T06:00:00.000,0.34,336.79,0.31,-0.13
2026-04-01T06:10:00.000,0.31,236.96,-0.17,-0.26
2026-04-01T06:20:00.000,0.56,255.6,-0.14,-0.54
2026-04-01T06:30:00.000,0.54,254.8,-0.14,-0.52
2026-04-01T06:40:00.000,0.93,230.38,-0.59,-0.72
2026-04-01T06:50:00.000,1.84,225.03,-1.3,-1.31
2026-04-01T07:00:00.000,1.74,230.05,-1.12,-1.33
2026-04-01T07:10:00.000,1.6,227.18,-1.09,-1.18
2026-04-01T07:20:00.000,1.02,234.48,-0.59,-0.83
2026-04-01T07:30:00.000,0.08,219.07,-0.06,-0.05
2026-04-01T07:40:00.000,0.88,142.89,-0.7,0.53
2026-04-01T07:50:00.000,0.17,102.42,-0.04,0.17
2026-04-01T08:00:00.000,0.33,126.81,-0.2,0.26
2026-04-01T08:10:00.000,0.51,275.05,0.04,-0.5
2026-04-01T08:20:00.000,0.32,5.68,0.31,0.03
2026-04-01T08:30:00.000,1.64,50.89,1.03,1.27
2026-04-01T08:40:00.000,2.81,33.39,2.35,1.55
2026-04-01T08:50:00.000,1.37,38.98,1.06,0.86
2026-04-01T09:00:00.000,1.37,36.33,1.11,0.81
2026-04-01T09:10:00.000,1.57,46.76,1.08,1.15
2026-04-01T09:20:00.000,1.79,67.87,0.68,1.66
2026-04-01T09:30:00.000,1.67,70.6,0.55,1.57
2026-04-01T09:40:00.000,1.72,80.89,0.27,1.7
2026-04-01T09:50:00.000,1.6,82.47,0.21,1.59
2026-04-01T10:00:00.000,1.62,91.96,-0.06,1.62
2026-04-01T10:10:00.000,2.18,76.16,0.52,2.12
2026-04-01T10:20:00.000,3.31,68.55,1.21,3.08
2026-04-01T10:30:00.000,2.4,57.77,1.28,2.03
2026-04-01T10:40:00.000,1.57,55.47,0.89,1.29
2026-04-01T10:50:00.000,1.43,57.64,0.77,1.21
2026-04-01T11:00:00.000,1.79,66.61,0.71,1.64
2026-04-01T11:10:00.000,1.65,68.69,0.6,1.54
2026-04-01T11:20:00.000,1.63,56.86,0.89,1.36
2026-04-01T11:30:00.000,1.79,54,1.05,1.45
2026-04-01T11:40:00.000,1.75,52.36,1.07,1.39
2026-04-01T11:50:00.000,1.16,37.07,0.93,0.7
2026-04-01T12:00:00.000,0.64,42.3,0.48,0.43
2026-04-01T12:10:00.000,1.08,48.04,0.72,0.8
2026-04-01T12:20:00.000,0.77,35.96,0.63,0.45
2026-04-01T12:30:00.000,0.54,25.14,0.49,0.23
2026-04-01T12:40:00.000,0.48,23.4,0.44,0.19
2026-04-01T12:50:00.000,0.44,35.88,0.36,0.26
2026-04-01T13:00:00.000,0.34,27.67,0.31,0.16
2026-04-01T13:10:00.000,0.5,220.52,-0.38,-0.33
2026-04-01T13:20:00.000,1.04,232.86,-0.63,-0.83
2026-04-01T13:30:00.000,0.88,226.15,-0.61,-0.64
2026-04-01T13:40:00.000,0.25,258.75,-0.05,-0.24
2026-04-01T13:50:00.000,0.15,199.6,-0.14,-0.05
2026-04-01T14:00:00.000,0.44,136.61,-0.32,0.3
2026-04-01T14:10:00.000,0.76,129.96,-0.49,0.58
2026-04-01T14:20:00.000,0.64,149.69,-0.56,0.33
2026-04-01T14:30:00.000,0.54,119.43,-0.27,0.47
2026-04-01T14:40:00.000,1.38,145.34,-1.13,0.78
2026-04-01T14:50:00.000,1.49,145.49,-1.23,0.85
2026-04-01T15:00:00.000,1.36,146.83,-1.14,0.74
2026-04-01T15:10:00.000,0.88,167.58,-0.86,0.19
2026-04-01T15:20:00.000,0.55,172.54,-0.55,0.07
2026-04-01T15:30:00.000,0.99,158.67,-0.92,0.36
2026-04-01T15:40:00.000,1.65,166.41,-1.61,0.39
2026-04-01T15:50:00.000,1.44,163.63,-1.38,0.4
2026-04-01T16:00:00.000,0.69,171.27,-0.68,0.11
2026-04-01T16:10:00.000,1.02,151.53,-0.89,0.48
2026-04-01T16:20:00.000,0.32,226.11,-0.22,-0.23
2026-04-01T16:30:00.000,0.91,252.06,-0.28,-0.86
2026-04-01T16:40:00.000,1.3,230.42,-0.83,-1
2026-04-01T16:50:00.000,1.96,229.09,-1.28,-1.48
2026-04-01T17:00:00.000,1.67,233.29,-1,-1.34
2026-04-01T17:10:00.000,1.52,244.79,-0.65,-1.37
2026-04-01T17:20:00.000,1.07,271.68,0.03,-1.07
2026-04-01T17:30:00.000,0.75,294.5,0.31,-0.68
2026-04-01T17:40:00.000,0.84,285.74,0.23,-0.81
2026-04-01T17:50:00.000,1.39,293.98,0.57,-1.27
2026-04-01T18:00:00.000,0.94,316.64,0.68,-0.64
2026-04-01T18:10:00.000,1.76,308.78,1.1,-1.37
2026-04-01T18:20:00.000,2.13,294.37,0.88,-1.94
2026-04-01T18:30:00.000,3.42,278.78,0.52,-3.38
2026-04-01T18:40:00.000,2.31,284.63,0.58,-2.24
2026-04-01T18:50:00.000,3.6,290.82,1.28,-3.37
2026-04-01T19:00:00.000,3.51,275.92,0.36,-3.5
2026-04-01T19:10:00.000,3.84,276.9,0.46,-3.81
2026-04-01T19:20:00.000,3.99,283.21,0.91,-3.89
2026-04-01T19:30:00.000,4.41,282.83,0.98,-4.3
2026-04-01T19:40:00.000,4.8,288.13,1.49,-4.56
2026-04-01T19:50:00.000,3.9,284.63,0.98,-3.77
2026-04-01T20:00:00.000,3.97,295.58,1.71,-3.58
2026-04-01T20:10:00.000,3.75,301.45,1.95,-3.2
2026-04-01T20:20:00.000,3.7,303.34,2.03,-3.09
2026-04-01T20:30:00.000,3.07,302.16,1.63,-2.6
2026-04-01T20:40:00.000,2.56,299.65,1.26,-2.22
2026-04-01T20:50:00.000,2.27,306.55,1.35,-1.83
2026-04-01T21:00:00.000,2.22,303.08,1.21,-1.86
2026-04-01T21:10:00.000,1.71,312.38,1.15,-1.26
2026-04-01T21:20:00.000,2.05,316.54,1.49,-1.41
2026-04-01T21:30:00.000,1.73,306.84,1.04,-1.39
2026-04-01T21:40:00.000,1.49,318.45,1.12,-0.99
2026-04-01T21:50:00.000,1.42,334.75,1.28,-0.6
2026-04-01T22:00:00.000,0.95,347.58,0.93,-0.2
2026-04-01T22:10:00.000,0.99,339.13,0.92,-0.35
2026-04-01T22:20:00.000,0.6,7.15,0.59,0.07
2026-04-01T22:30:00.000,0.73,50.05,0.47,0.56
2026-04-01T22:40:00.000,1.13,76.79,0.26,1.1
2026-04-01T22:50:00.000,0.84,16.92,0.81,0.25
2026-04-01T23:00:00.000,0.85,8.04,0.84,0.12
2026-04-01T23:10:00.000,0.86,7.76,0.85,0.12
2026-04-01T23:20:00.000,0.96,12.99,0.94,0.22
2026-04-01T23:30:00.000,1.57,7.7,1.55,0.21
2026-04-01T23:40:00.000,2.13,14.19,2.06,0.52
2026-04-01T23:50:00.000,2.2,41,1.66,1.44
2026-04-02T00:00:00.000,1.71,50.77,1.08,1.32
2026-04-02T00:10:00.000,2.01,23.75,1.84,0.81
2026-04-02T00:20:00.000,0.94,323.45,0.76,-0.56
2026-04-02T00:30:00.000,0.87,349.39,0.85,-0.16
2026-04-02T00:40:00.000,1.72,4.9,1.71,0.15
2026-04-02T00:50:00.000,2.17,351.19,2.14,-0.33
2026-04-02T01:00:00.000,1.51,348.64,1.48,-0.3
2026-04-02T01:10:00.000,1.36,22.64,1.25,0.52
2026-04-02T01:20:00.000,2.79,22.65,2.58,1.08
2026-04-02T01:30:00.000,2.47,35.21,2.02,1.43
2026-04-02T01:40:00.000,3.61,60.4,1.78,3.14
2026-04-02T01:50:00.000,1.3,41.47,0.97,0.86
2026-04-02T02:00:00.000,1.44,57.39,0.78,1.22
2026-04-02T02:10:00.000,1.66,85.33,0.13,1.65
2026-04-02T02:20:00.000,1,102.73,-0.22,0.97
2026-04-02T02:30:00.000,0.93,98.75,-0.14,0.92
2026-04-02T02:40:00.000,1.61,86.95,0.09,1.61
2026-04-02T02:50:00.000,1.55,86.47,0.1,1.55
2026-04-02T03:00:00.000,2.73,55.03,1.57,2.24
2026-04-02T03:10:00.000,4.78,31.87,4.06,2.52
2026-04-02T03:20:00.000,5.29,29.73,4.59,2.62
2026-04-02T03:30:00.000,3.71,30.71,3.19,1.9
2026-04-02T03:40:00.000,2.41,48.51,1.6,1.81
2026-04-02T03:50:00.000,2.04,68.96,0.73,1.9
2026-04-02T04:00:00.000,2.08,45.83,1.45,1.49
2026-04-02T04:10:00.000,1.87,76.09,0.45,1.82
2026-04-02T04:20:00.000,2.27,60.56,1.12,1.98
2026-04-02T04:30:00.000,1.33,129.81,-0.85,1.02
2026-04-02T04:40:00.000,0.45,27.64,0.39,0.21
2026-04-02T04:50:00.000,1.43,113.14,-0.56,1.32
2026-04-02T05:00:00.000,1.63,85.05,0.14,1.63
2026-04-02T05:10:00.000,1.27,92.86,-0.06,1.27
2026-04-02T05:20:00.000,1.15,107.06,-0.34,1.1
2026-04-02T05:30:00.000,1.55,112.66,-0.6,1.43
2026-04-02T05:40:00.000,1.37,114.31,-0.56,1.25
2026-04-02T05:50:00.000,1.52,116.03,-0.67,1.36
2026-04-02T06:00:00.000,1.93,135.35,-1.37,1.36
2026-04-02T06:10:00.000,1,95.92,-0.1,0.99
2026-04-02T06:20:00.000,1.39,82.93,0.17,1.38
2026-04-02T06:30:00.000,1.95,80.42,0.32,1.92
2026-04-02T06:40:00.000,3.01,109.15,-0.99,2.84
2026-04-02T06:50:00.000,2.33,104.9,-0.6,2.25
2026-04-02T07:00:00.000,0.92,131.75,-0.61,0.69
2026-04-02T07:10:00.000,1.6,109.66,-0.54,1.5
2026-04-02T07:20:00.000,1.84,124.33,-1.04,1.52
2026-04-02T07:30:00.000,1.46,118.73,-0.7,1.28
2026-04-02T07:40:00.000,1.57,115.1,-0.67,1.43
2026-04-02T07:50:00.000,1.16,85.54,0.09,1.16
2026-04-02T08:00:00.000,3.61,136.96,-2.64,2.46
2026-04-02T08:10:00.000,2.74,119.62,-1.35,2.38
2026-04-02T08:20:00.000,1.69,115.54,-0.73,1.53
2026-04-02T08:30:00.000,1.65,143.81,-1.33,0.97
2026-04-02T08:40:00.000,1.63,144.1,-1.32,0.96
2026-04-02T08:50:00.000,2.35,155.67,-2.14,0.97
2026-04-02T09:00:00.000,1.61,154.36,-1.45,0.7
2026-04-02T09:10:00.000,0.89,144.21,-0.72,0.52
2026-04-02T09:20:00.000,2.05,152.14,-1.81,0.96
2026-04-02T09:30:00.000,2.48,147.87,-2.1,1.32
2026-04-02T09:40:00.000,4.45,160.07,-4.19,1.52
2026-04-02T09:50:00.000,4.05,149.86,-3.5,2.03
2026-04-02T10:00:00.000,2.6,148.19,-2.21,1.37
2026-04-02T10:10:00.000,0.52,13.78,0.51,0.12
2026-04-02T10:20:00.000,0.93,249.83,-0.32,-0.87
2026-04-02T10:30:00.000,3.46,226.61,-2.38,-2.51
2026-04-02T10:40:00.000,0.61,185.8,-0.6,-0.06
2026-04-02T10:50:00.000,1.99,194.14,-1.93,-0.49
2026-04-02T11:00:00.000,1.81,155.91,-1.66,0.74
2026-04-02T11:10:00.000,3.16,165.7,-3.06,0.78
2026-04-02T11:20:00.000,2.7,171.93,-2.68,0.38
2026-04-02T11:30:00.000,3.21,172.74,-3.18,0.41
2026-04-02T11:40:00.000,1.9,158.37,-1.77,0.7
2026-04-02T11:50:00.000,1.56,151.31,-1.37,0.75
2026-04-02T12:00:00.000,1.9,158.53,-1.77,0.69
2026-04-02T12:10:00.000,3.66,166.56,-3.56,0.85
2026-04-02T12:20:00.000,5.71,155.89,-5.21,2.33
2026-04-02T12:30:00.000,5.75,193.84,-5.58,-1.37
2026-04-02T12:40:00.000,3.44,194.02,-3.34,-0.83
2026-04-02T12:50:00.000,7.34,192.58,-7.17,-1.6
2026-04-02T13:00:00.000,7.47,187.4,-7.41,-0.96
2026-04-02T13:10:00.000,6.7,189.61,-6.61,-1.12
2026-04-02T13:20:00.000,10.07,198.84,-9.53,-3.25
2026-04-02T13:30:00.000,9.14,193.56,-8.89,-2.14
2026-04-02T13:40:00.000,8.16,196.6,-7.82,-2.33
2026-04-02T13:50:00.000,7.92,191.88,-7.75,-1.63
2026-04-02T14:00:00.000,5.16,188.55,-5.1,-0.77
2026-04-02T14:10:00.000,6.25,192.74,-6.09,-1.38
2026-04-02T14:20:00.000,6.02,187.64,-5.97,-0.8
2026-04-02T14:30:00.000,6.54,193.07,-6.37,-1.48
2026-04-02T14:40:00.000,2.77,162.7,-2.64,0.82
2026-04-02T14:50:00.000,6.7,190.88,-6.58,-1.26
2026-04-02T15:00:00.000,4.89,180.64,-4.89,-0.05
2026-04-02T15:10:00.000,3.16,218.71,-2.47,-1.98
2026-04-02T15:20:00.000,4.95,226.92,-3.38,-3.61
2026-04-02T15:30:00.000,4.54,229.51,-2.95,-3.45
2026-04-02T15:40:00.000,5.03,238.09,-2.66,-4.27
2026-04-02T15:50:00.000,7.56,323.56,6.08,-4.49
2026-04-02T16:00:00.000,6.51,326.05,5.4,-3.64
2026-04-02T16:10:00.000,6.68,351.63,6.61,-0.97
2026-04-02T16:20:00.000,9.76,356.15,9.74,-0.66
2026-04-02T16:30:00.000,6.72,1.1,6.72,0.13
2026-04-02T16:40:00.000,5.25,9.86,5.17,0.9
2026-04-02T16:50:00.000,2.14,10.88,2.11,0.4
2026-04-02T17:00:00.000,3.12,345.61,3.03,-0.78
2026-04-02T17:10:00.000,2.8,82.18,0.38,2.78
2026-04-02T17:20:00.000,1.52,48.21,1.02,1.14
2026-04-02T17:30:00.000,0.61,43.25,0.44,0.42
2026-04-02T17:40:00.000,1.14,161.2,-1.08,0.37
2026-04-02T17:50:00.000,2.71,173.24,-2.69,0.32
2026-04-02T18:00:00.000,2.73,186.34,-2.71,-0.3
2026-04-02T18:10:00.000,3.94,174.89,-3.92,0.35
2026-04-02T18:20:00.000,4.62,191.77,-4.53,-0.94
2026-04-02T18:30:00.000,7.93,184.4,-7.91,-0.61
2026-04-02T18:40:00.000,6.43,173.82,-6.39,0.69
2026-04-02T18:50:00.000,6.51,191.29,-6.38,-1.27
2026-04-02T19:00:00.000,7.45,186.14,-7.4,-0.8
2026-04-02T19:10:00.000,7.35,184.37,-7.33,-0.56
2026-04-02T19:20:00.000,9.24,190.22,-9.09,-1.64
2026-04-02T19:30:00.000,7.3,190.85,-7.16,-1.37
2026-04-02T19:40:00.000,9.43,190.15,-9.28,-1.66
2026-04-02T19:50:00.000,8.02,184.46,-8,-0.62
2026-04-02T20:00:00.000,10.6,184.54,-10.57,-0.84
2026-04-02T20:10:00.000,11.61,175.84,-11.58,0.84
2026-04-02T20:20:00.000,11.34,178.11,-11.34,0.37
2026-04-02T20:30:00.000,10.71,180.49,-10.71,-0.09
2026-04-02T20:40:00.000,9.12,177.64,-9.11,0.38
2026-04-02T20:50:00.000,9.93,176.71,-9.91,0.57
2026-04-02T21:00:00.000,10.85,178.28,-10.85,0.33
2026-04-02T21:10:00.000,9.39,176.98,-9.38,0.49
2026-04-02T21:20:00.000,7.03,181.19,-7.03,-0.15
2026-04-02T21:30:00.000,7.82,192,-7.64,-1.63
2026-04-02T21:40:00.000,6.55,170.26,-6.46,1.11
2026-04-02T21:50:00.000,7.68,180.63,-7.68,-0.08
2026-04-02T22:00:00.000,5.18,186.34,-5.15,-0.57
2026-04-02T22:10:00.000,7.01,191.83,-6.86,-1.44
2026-04-02T22:20:00.000,4.39,183.86,-4.38,-0.3
2026-04-02T22:30:00.000,5.41,203.64,-4.95,-2.17
2026-04-02T22:40:00.000,3.27,276.32,0.36,-3.25
2026-04-02T22:50:00.000,5.84,288.73,1.87,-5.53
2026-04-02T23:00:00.000,2.84,325.78,2.34,-1.59
2026-04-02T23:10:00.000,1.67,19.86,1.57,0.57
2026-04-02T23:20:00.000,1.95,349.64,1.91,-0.35
2026-04-02T23:30:00.000,1.38,282.36,0.3,-1.35
2026-04-02T23:40:00.000,3.01,249.86,-1.04,-2.83
2026-04-02T23:50:00.000,2.28,294.72,0.95,-2.07
2026-04-03T00:00:00.000,1.56,338.97,1.46,-0.56
2026-04-03T00:10:00.000,1.23,272.46,0.05,-1.23
2026-04-03T00:20:00.000,0.79,0.24,0.79,0
2026-04-03T00:30:00.000,1.46,76.33,0.35,1.42
2026-04-03T00:40:00.000,2.15,46.73,1.47,1.56
2026-04-03T00:50:00.000,5.04,59.34,2.57,4.33
2026-04-03T01:00:00.000,3.62,76.49,0.85,3.52
2026-04-03T01:10:00.000,4.27,81.65,0.62,4.23
2026-04-03T01:20:00.000,4.07,99.09,-0.64,4.02
2026-04-03T01:30:00.000,2.8,93.44,-0.17,2.8
2026-04-03T01:40:00.000,2.31,100.73,-0.43,2.27
2026-04-03T01:50:00.000,2.28,126.54,-1.36,1.83
2026-04-03T02:00:00.000,2.32,130.57,-1.51,1.76
2026-04-03T02:10:00.000,3.96,150.87,-3.46,1.93
2026-04-03T02:20:00.000,4.85,149.25,-4.17,2.48
2026-04-03T02:30:00.000,6.51,157.1,-6,2.53
2026-04-03T02:40:00.000,6.17,160.25,-5.81,2.09
2026-04-03T02:50:00.000,7.64,160.3,-7.19,2.58
2026-04-03T03:00:00.000,7.19,162.89,-6.87,2.12
2026-04-03T03:10:00.000,8.28,162.52,-7.89,2.49
2026-04-03T03:20:00.000,10.07,164.35,-9.69,2.72
2026-04-03T03:30:00.000,10.14,168.27,-9.93,2.06
2026-04-03T03:40:00.000,8.79,169.36,-8.64,1.62
2026-04-03T03:50:00.000,7.65,171.7,-7.57,1.1
2026-04-03T04:00:00.000,9.64,171.32,-9.53,1.46
2026-04-03T04:10:00.000,10.82,168.75,-10.62,2.11
2026-04-03T04:20:00.000,9.61,172.34,-9.53,1.28
2026-04-03T04:30:00.000,8.91,180.24,-8.91,-0.04
2026-04-03T04:40:00.000,10.67,182.01,-10.67,-0.37
2026-04-03T04:50:00.000,6.26,175.8,-6.24,0.46
2026-04-03T05:00:00.000,8.02,175.12,-8,0.68
2026-04-03T05:10:00.000,6.61,182.43,-6.61,-0.28
2026-04-03T05:20:00.000,8.19,181.93,-8.19,-0.28
2026-04-03T05:30:00.000,8.06,183.59,-8.04,-0.51
2026-04-03T05:40:00.000,8.12,171.93,-8.04,1.14
2026-04-03T05:50:00.000,10.29,184.73,-10.25,-0.85
2026-04-03T06:00:00.000,7.29,182.39,-7.29,-0.3
2026-04-03T06:10:00.000,7.46,181.67,-7.46,-0.22
2026-04-03T06:20:00.000,8.64,184.01,-8.62,-0.6
2026-04-03T06:30:00.000,7.77,203.57,-7.12,-3.11
2026-04-03T06:40:00.000,7.16,198.17,-6.81,-2.23
2026-04-03T06:50:00.000,7.65,201.69,-7.11,-2.83
2026-04-03T07:00:00.000,6.76,202.3,-6.26,-2.57
2026-04-03T07:10:00.000,7.21,228.01,-4.82,-5.36
2026-04-03T07:20:00.000,6.33,200.49,-5.93,-2.21
2026-04-03T07:30:00.000,2.13,179.2,-2.13,0.03
2026-04-03T07:40:00.000,5.26,198.52,-4.99,-1.67
2026-04-03T07:50:00.000,4.18,175.28,-4.17,0.34
2026-04-03T08:00:00.000,4.26,167.84,-4.16,0.9
2026-04-03T08:10:00.000,2.32,177.39,-2.32,0.11
2026-04-03T08:20:00.000,3.85,210.69,-3.31,-1.96
2026-04-03T08:30:00.000,3.08,173.49,-3.06,0.35
2026-04-03T08:40:00.000,2.51,146.37,-2.09,1.39
2026-04-03T08:50:00.000,3.59,170.98,-3.55,0.56
2026-04-03T09:00:00.000,1.33,214.84,-1.09,-0.76
2026-04-03T09:10:00.000,1.17,148.97,-1,0.6
2026-04-03T09:20:00.000,0.39,318.02,0.29,-0.26
2026-04-03T09:30:00.000,2.05,160.37,-1.93,0.69
2026-04-03T09:40:00.000,1.36,243.49,-0.61,-1.22
2026-04-03T09:50:00.000,0.7,162.98,-0.67,0.2
2026-04-03T10:00:00.000,0.82,150.94,-0.71,0.4
2026-04-03T10:10:00.000,0.77,159.3,-0.72,0.27
2026-04-03T10:20:00.000,0.93,152.82,-0.83,0.42
2026-04-03T10:30:00.000,0.51,124.44,-0.29,0.42
2026-04-03T10:40:00.000,0.85,152.29,-0.75,0.4
2026-04-03T10:50:00.000,0.8,136.28,-0.58,0.56
2026-04-03T11:00:00.000,3.71,65.31,1.55,3.37
2026-04-03T11:10:00.000,2.23,60.73,1.09,1.94
2026-04-03T11:20:00.000,1.44,87.64,0.06,1.44
2026-04-03T11:30:00.000,5.05,106.33,-1.42,4.85
2026-04-03T11:40:00.000,4.87,109.68,-1.64,4.58
2026-04-03T11:50:00.000,6.59,104.22,-1.62,6.39
2026-04-03T12:00:00.000,4.72,8.23,4.67,0.68
2026-04-03T12:10:00.000,3.57,354.11,3.55,-0.37
2026-04-03T12:20:00.000,1.81,6.99,1.8,0.22
2026-04-03T12:30:00.000,2.24,3.28,2.23,0.13
2026-04-03T12:40:00.000,4.34,7.11,4.31,0.54
2026-04-03T12:50:00.000,7.08,13.3,6.89,1.63
2026-04-03T13:00:00.000,4.23,358.29,4.22,-0.13
2026-04-03T13:10:00.000,3.66,312.74,2.49,-2.69
2026-04-03T13:20:00.000,3.99,326.58,3.33,-2.2
2026-04-03T13:30:00.000,5.99,325.39,4.93,-3.4
2026-04-03T13:40:00.000,5.6,320.49,4.32,-3.56
2026-04-03T13:50:00.000,3.55,338.96,3.31,-1.27
2026-04-03T14:00:00.000,4.5,329.55,3.88,-2.28
2026-04-03T14:10:00.000,2.58,293.36,1.02,-2.37
2026-04-03T14:20:00.000,3.07,309.5,1.95,-2.37
2026-04-03T14:30:00.000,2.39,335.98,2.18,-0.97
2026-04-03T14:40:00.000,2.25,359.53,2.25,-0.02
2026-04-03T14:50:00.000,1.87,337.27,1.73,-0.72
2026-04-03T15:00:00.000,3.37,358.37,3.37,-0.1
2026-04-03T15:10:00.000,2.09,10.12,2.05,0.37
2026-04-03T15:20:00.000,2.26,339.63,2.12,-0.79
2026-04-03T15:30:00.000,2.43,10.69,2.39,0.45
2026-04-03T15:40:00.000,2.3,9.65,2.27,0.39
2026-04-03T15:50:00.000,2.46,36.86,1.97,1.48
2026-04-03T16:00:00.000,1.21,9.83,1.2,0.21
2026-04-03T16:10:00.000,0.84,8.26,0.83,0.12
2026-04-03T16:20:00.000,0.64,2,0.64,0.02
2026-04-03T16:30:00.000,0.49,14.5,0.47,0.12
2026-04-03T16:40:00.000,0.32,111.14,-0.12,0.3
2026-04-03T16:50:00.000,1.48,154.55,-1.33,0.63
2026-04-03T17:00:00.000,1.92,172.14,-1.9,0.26
2026-04-03T17:10:00.000,4.35,163.88,-4.18,1.21
2026-04-03T17:20:00.000,5.47,170.71,-5.4,0.88
2026-04-03T17:30:00.000,6.86,160.84,-6.48,2.25
2026-04-03T17:40:00.000,7.35,155.54,-6.69,3.04
2026-04-03T17:50:00.000,6.86,169.1,-6.74,1.3
2026-04-03T18:00:00.000,5.46,150.18,-4.73,2.71
2026-04-03T18:10:00.000,6.17,179.53,-6.17,0.05
2026-04-03T18:20:00.000,7.31,184.63,-7.28,-0.59
2026-04-03T18:30:00.000,7.29,179.98,-7.29,0
2026-04-03T18:40:00.000,4.24,215.29,-3.46,-2.45
2026-04-03T18:50:00.000,5.67,181.49,-5.67,-0.15
2026-04-03T19:00:00.000,5.88,186.78,-5.84,-0.69
2026-04-03T19:10:00.000,5.43,187.5,-5.38,-0.71
2026-04-03T19:20:00.000,7.01,190.84,-6.88,-1.32
2026-04-03T19:30:00.000,5.54,163.77,-5.32,1.55
2026-04-03T19:40:00.000,6.38,171.05,-6.3,0.99
2026-04-03T19:50:00.000,5.91,169.01,-5.8,1.13
2026-04-03T20:00:00.000,4.99,138.71,-3.75,3.29
2026-04-03T20:10:00.000,6.49,135.1,-4.6,4.58
2026-04-03T20:20:00.000,6.9,129.01,-4.34,5.36
2026-04-03T20:30:00.000,3.38,206.24,-3.03,-1.49
2026-04-03T20:40:00.000,9.7,337.55,8.96,-3.7
2026-04-03T20:50:00.000,8.22,337.38,7.59,-3.16
2026-04-03T21:00:00.000,5.47,338.54,5.09,-2
2026-04-03T21:10:00.000,6.79,327.89,5.75,-3.61
2026-04-03T21:20:00.000,6.9,326.53,5.75,-3.8
2026-04-03T21:30:00.000,7.62,352.86,7.56,-0.95
2026-04-03T21:40:00.000,6.95,333.85,6.24,-3.06
2026-04-03T21:50:00.000,8.71,315.79,6.24,-6.07
2026-04-03T22:00:00.000,4.11,11.93,4.02,0.85
2026-04-03T22:10:00.000,6.5,15.87,6.25,1.78
2026-04-03T22:20:00.000,8.94,346.32,8.68,-2.11
2026-04-03T22:30:00.000,5.31,6.21,5.28,0.57
2026-04-03T22:40:00.000,6.65,345.43,6.44,-1.67
2026-04-03T22:50:00.000,6.1,344.8,5.89,-1.6
2026-04-03T23:00:00.000,5.93,330.48,5.16,-2.92
2026-04-03T23:10:00.000,6.17,350.62,6.09,-1.01
2026-04-03T23:20:00.000,5.02,6.7,4.99,0.59
2026-04-03T23:30:00.000,5.01,41.3,3.77,3.31
2026-04-03T23:40:00.000,1.89,38.17,1.49,1.17
2026-04-03T23:50:00.000,1.54,333.81,1.38,-0.68
2026-04-04T00:00:00.000,2.29,5.58,2.28,0.22
2026-04-04T00:10:00.000,2.15,15.52,2.07,0.58
2026-04-04T00:20:00.000,2.37,7.96,2.34,0.33
2026-04-04T00:30:00.000,2.35,20.62,2.2,0.83
2026-04-04T00:40:00.000,1.23,25.87,1.11,0.54
2026-04-04T00:50:00.000,1.96,8.83,1.93,0.3
2026-04-04T01:00:00.000,3.03,2.28,3.02,0.12
2026-04-04T01:10:00.000,2.73,18.3,2.59,0.86
2026-04-04T01:20:00.000,2.19,23.42,2.01,0.87
2026-04-04T01:30:00.000,1.61,4.74,1.6,0.13
2026-04-04T01:40:00.000,2.52,8.52,2.5,0.37
2026-04-04T01:50:00.000,2.09,13.7,2.03,0.5
2026-04-04T02:00:00.000,0.78,341.86,0.74,-0.24
2026-04-04T02:10:00.000,0.35,346.42,0.34,-0.08
2026-04-04T02:20:00.000,0.58,357,0.58,-0.03
2026-04-04T02:30:00.000,0.18,103.08,-0.04,0.18
2026-04-04T02:40:00.000,0.27,7.84,0.26,0.04
2026-04-04T02:50:00.000,0.46,350.57,0.45,-0.07
2026-04-04T03:00:00.000,4.51,291.69,1.67,-4.19
2026-04-04T03:10:00.000,4.25,298.71,2.04,-3.73
2026-04-04T03:20:00.000,4.79,300.98,2.47,-4.11
2026-04-04T03:30:00.000,3.31,288.44,1.05,-3.14
2026-04-04T03:40:00.000,2.73,294.73,1.14,-2.48
2026-04-04T03:50:00.000,2.99,252.45,-0.9,-2.85
2026-04-04T04:00:00.000,2.31,240.82,-1.12,-2.01
2026-04-04T04:10:00.000,1.78,242.77,-0.82,-1.59
2026-04-04T04:20:00.000,3.82,216.64,-3.07,-2.28
2026-04-04T04:30:00.000,3.72,215.7,-3.02,-2.17
2026-04-04T04:40:00.000,2.54,218.71,-1.99,-1.59
2026-04-04T04:50:00.000,3.9,223.06,-2.85,-2.66
2026-04-04T05:00:00.000,3.83,207.65,-3.39,-1.78
2026-04-04T05:10:00.000,3.79,220.53,-2.88,-2.46
2026-04-04T05:20:00.000,3.59,212.92,-3.01,-1.95
2026-04-04T05:30:00.000,1.75,35.29,1.43,1.01
2026-04-04T05:40:00.000,1.57,49.03,1.03,1.18
2026-04-04T05:50:00.000,5.89,194.27,-5.71,-1.45
2026-04-04T06:00:00.000,3.16,224.02,-2.27,-2.19
2026-04-04T06:10:00.000,6.48,236.85,-3.54,-5.42
2026-04-04T06:20:00.000,7.2,228.41,-4.78,-5.39
2026-04-04T06:30:00.000,5.44,226.25,-3.76,-3.93
2026-04-04T06:40:00.000,5.96,209.95,-5.16,-2.98
2026-04-04T06:50:00.000,6.69,207.69,-5.92,-3.11
2026-04-04T07:00:00.000,4.79,214.75,-3.94,-2.73
2026-04-04T07:10:00.000,3.42,210.13,-2.96,-1.72
2026-04-04T07:20:00.000,6.4,207.03,-5.7,-2.91
2026-04-04T07:30:00.000,6.39,185.28,-6.36,-0.59
2026-04-04T07:40:00.000,11.15,158.34,-10.36,4.12
2026-04-04T07:50:00.000,12.71,159.84,-11.93,4.38
2026-04-04T08:00:00.000,14.85,161.04,-14.05,4.82
2026-04-04T08:10:00.000,15.09,161.16,-14.28,4.87
2026-04-04T08:20:00.000,15.72,161.34,-14.9,5.03
2026-04-04T08:30:00.000,14.7,160.36,-13.84,4.94
2026-04-04T08:40:00.000,15.52,161.5,-14.71,4.92
2026-04-04T08:50:00.000,13.27,163.72,-12.74,3.72
2026-04-04T09:00:00.000,17.31,161.92,-16.46,5.37
2026-04-04T09:10:00.000,17.16,162.85,-16.4,5.06
2026-04-04T09:20:00.000,16.41,161.74,-15.58,5.14
2026-04-04T09:30:00.000,12.53,162.67,-11.97,3.73
2026-04-04T09:40:00.000,13.02,166.6,-12.67,3.02
2026-04-04T09:50:00.000,14.11,163.97,-13.57,3.9
2026-04-04T10:00:00.000,14.67,164.59,-14.15,3.9
2026-04-04T10:10:00.000,12.22,167.88,-11.95,2.57
2026-04-04T10:20:00.000,14.41,164.85,-13.91,3.77
2026-04-04T10:30:00.000,11.89,170.88,-11.74,1.89
2026-04-04T10:40:00.000,12.45,170.6,-12.29,2.03
2026-04-04T10:50:00.000,13.23,170.96,-13.07,2.08
2026-04-04T11:00:00.000,12.58,177.44,-12.57,0.56
2026-04-04T11:10:00.000,13.13,172.7,-13.02,1.67
2026-04-04T11:20:00.000,11.57,179.91,-11.57,0.02
2026-04-04T11:30:00.000,12.14,176.8,-12.13,0.68
2026-04-04T11:40:00.000,11.44,174.99,-11.39,1
2026-04-04T11:50:00.000,11.81,173.73,-11.74,1.29
2026-04-04T12:00:00.000,10.95,176.74,-10.93,0.62
2026-04-04T12:10:00.000,11.16,181.67,-11.15,-0.33
2026-04-04T12:20:00.000,10.65,179.03,-10.64,0.18
2026-04-04T12:30:00.000,9.93,176.4,-9.91,0.62
2026-04-04T12:40:00.000,7.26,171.83,-7.19,1.03
2026-04-04T12:50:00.000,10.53,185.67,-10.48,-1.04
2026-04-04T13:00:00.000,9.01,188.91,-8.91,-1.4
2026-04-04T13:10:00.000,9.24,191.85,-9.05,-1.9
2026-04-04T13:20:00.000,8.09,198.41,-7.68,-2.56
2026-04-04T13:30:00.000,10.08,214.95,-8.26,-5.77
2026-04-04T13:40:00.000,8.93,208.58,-7.84,-4.27
2026-04-04T13:50:00.000,9.92,213.78,-8.24,-5.51
2026-04-04T14:00:00.000,8.12,216.88,-6.5,-4.87
2026-04-04T14:10:00.000,8.41,214.34,-6.94,-4.74
2026-04-04T14:20:00.000,8.62,226.53,-5.93,-6.26
2026-04-04T14:30:00.000,9.48,225,-6.7,-6.7
2026-04-04T14:40:00.000,11.24,220.97,-8.49,-7.37
2026-04-04T14:50:00.000,9.34,225.34,-6.57,-6.65
2026-04-04T15:00:00.000,9.27,227.21,-6.3,-6.81
2026-04-04T15:10:00.000,10.04,233.27,-6.01,-8.05
2026-04-04T15:20:00.000,10.79,242.88,-4.92,-9.6
2026-04-04T15:30:00.000,10.49,246.67,-4.16,-9.64
2026-04-04T15:40:00.000,5.99,268.11,-0.2,-5.99
2026-04-04T15:50:00.000,6.94,231.07,-4.36,-5.4
2026-04-04T16:00:00.000,6.3,246.16,-2.55,-5.76
2026-04-04T16:10:00.000,0.93,245.8,-0.38,-0.84
2026-04-04T16:20:00.000,7.04,247.22,-2.73,-6.49
2026-04-04T16:30:00.000,4.79,237.76,-2.55,-4.05
2026-04-04T16:40:00.000,5.48,263.58,-0.61,-5.44
2026-04-04T16:50:00.000,4.5,246.1,-1.82,-4.12
2026-04-04T17:00:00.000,3.26,238.49,-1.71,-2.78
2026-04-04T17:10:00.000,5.89,167.55,-5.76,1.27
2026-04-04T17:20:00.000,5.21,150.52,-4.54,2.56
2026-04-04T17:30:00.000,5.18,157.53,-4.79,1.98
2026-04-04T17:40:00.000,4.98,165.38,-4.82,1.26
2026-04-04T17:50:00.000,6.1,155.66,-5.56,2.51
2026-04-04T18:00:00.000,6.02,159.87,-5.65,2.07
2026-04-04T18:10:00.000,5.32,161.99,-5.06,1.64
2026-04-04T18:20:00.000,6.4,162.51,-6.1,1.92
2026-04-04T18:30:00.000,7.11,161.62,-6.75,2.24
2026-04-04T18:40:00.000,6.7,158.78,-6.25,2.43
2026-04-04T18:50:00.000,7.8,160.2,-7.34,2.64
2026-04-04T19:00:00.000,6.49,160.58,-6.12,2.16
2026-04-04T19:10:00.000,7.62,163,-7.28,2.23
2026-04-04T19:20:00.000,6.3,157.8,-5.83,2.38
2026-04-04T19:30:00.000,4.17,169.11,-4.09,0.79
2026-04-04T19:40:00.000,3.73,164.82,-3.6,0.98
2026-04-04T19:50:00.000,2.61,159.43,-2.45,0.92
2026-04-04T20:00:00.000,1.35,94.91,-0.12,1.34
2026-04-04T20:10:00.000,1.89,194.85,-1.83,-0.48
2026-04-04T20:20:00.000,1.58,253.23,-0.46,-1.51
2026-04-04T20:30:00.000,4.28,171.42,-4.23,0.64
2026-04-04T20:40:00.000,7.61,160.5,-7.17,2.54
2026-04-04T20:50:00.000,6.55,158.47,-6.09,2.4
2026-04-04T21:00:00.000,6.59,155.99,-6.02,2.68
2026-04-04T21:10:00.000,4.13,165.13,-3.99,1.06
2026-04-04T21:20:00.000,5.9,158.57,-5.49,2.16
2026-04-04T21:30:00.000,2.41,214.21,-1.99,-1.35
2026-04-04T21:40:00.000,4.42,156.33,-4.05,1.77
2026-04-04T21:50:00.000,4.87,166.88,-4.74,1.11
2026-04-04T22:00:00.000,6.83,160.45,-6.44,2.29
2026-04-04T22:10:00.000,6.5,155.78,-5.93,2.67
2026-04-04T22:20:00.000,6.13,161.71,-5.82,1.92
2026-04-04T22:30:00.000,4.54,151.26,-3.98,2.18
2026-04-04T22:40:00.000,6.96,160.05,-6.54,2.37
2026-04-04T22:50:00.000,7.84,159.97,-7.36,2.69
2026-04-04T23:00:00.000,5.6,160.42,-5.27,1.87
2026-04-04T23:10:00.000,7.16,156.57,-6.57,2.85
2026-04-04T23:20:00.000,6.39,151.83,-5.63,3.02
2026-04-04T23:30:00.000,6.86,159.5,-6.42,2.4
2026-04-04T23:40:00.000,6.25,150.73,-5.46,3.06
2026-04-04T23:50:00.000,7.11,156.27,-6.51,2.86
2026-04-05T00:00:00.000,6.55,159.77,-6.14,2.26
2026-04-05T00:10:00.000,6.93,154.9,-6.27,2.94
2026-04-05T00:20:00.000,5.62,177.64,-5.61,0.23
2026-04-05T00:30:00.000,3.37,161.06,-3.19,1.09
2026-04-05T00:40:00.000,5.64,166.59,-5.49,1.31
2026-04-05T00:50:00.000,3.75,161.67,-3.56,1.18
2026-04-05T01:00:00.000,4.97,158.66,-4.63,1.81
2026-04-05T01:10:00.000,1.14,244.58,-0.49,-1.03
2026-04-05T01:20:00.000,0.17,242.64,-0.08,-0.15
2026-04-05T01:30:00.000,3.28,270.24,0.01,-3.28
2026-04-05T01:40:00.000,1.71,259.47,-0.31,-1.68
2026-04-05T01:50:00.000,1.19,270.11,0,-1.19
2026-04-05T02:00:00.000,0.58,341.9,0.56,-0.18
2026-04-05T02:10:00.000,0.38,128.06,-0.23,0.3
2026-04-05T02:20:00.000,0.46,318.94,0.35,-0.3
2026-04-05T02:30:00.000,0.51,2.42,0.51,0.02
2026-04-05T02:40:00.000,0.6,324.21,0.49,-0.35
2026-04-05T02:50:00.000,1.57,315.91,1.13,-1.09
2026-04-05T03:00:00.000,0.79,347.65,0.77,-0.17
2026-04-05T03:10:00.000,6.64,143.04,-5.31,3.99
2026-04-05T03:20:00.000,9.86,154.73,-8.92,4.21
2026-04-05T03:30:00.000,7.44,137.63,-5.5,5.02
2026-04-05T03:40:00.000,7.63,145.28,-6.27,4.34
2026-04-05T03:50:00.000,3.66,109.14,-1.2,3.46
2026-04-05T04:00:00.000,4.63,143.48,-3.72,2.75
2026-04-05T04:10:00.000,4.77,105.32,-1.26,4.6
2026-04-05T04:20:00.000,6.05,107.02,-1.77,5.78
2026-04-05T04:30:00.000,5.43,102.96,-1.22,5.29
2026-04-05T04:40:00.000,4.65,102.35,-0.99,4.54
2026-04-05T04:50:00.000,3.96,77.27,0.87,3.86
2026-04-05T05:00:00.000,6.57,77.62,1.41,6.42
2026-04-05T05:10:00.000,8.44,42.68,6.21,5.72
2026-04-05T05:20:00.000,9.73,46.23,6.73,7.03
2026-04-05T05:30:00.000,10.04,55.63,5.67,8.29
2026-04-05T05:40:00.000,6.67,80.73,1.07,6.59
2026-04-05T05:50:00.000,5.24,39.94,4.02,3.36
2026-04-05T06:00:00.000,3.02,50.94,1.91,2.35
2026-04-05T06:10:00.000,1.42,100.17,-0.25,1.4
2026-04-05T06:20:00.000,1.5,116.72,-0.67,1.34
2026-04-05T06:30:00.000,4.76,133.03,-3.25,3.48
2026-04-05T06:40:00.000,2.52,153.97,-2.26,1.11
2026-04-05T06:50:00.000,4.91,116.81,-2.21,4.38
2026-04-05T07:00:00.000,2.89,107.14,-0.85,2.76
2026-04-05T07:10:00.000,1.66,133.72,-1.15,1.2
2026-04-05T07:20:00.000,4.08,145.33,-3.36,2.32
2026-04-05T07:30:00.000,7.96,148.17,-6.76,4.2
2026-04-05T07:40:00.000,2.61,131.63,-1.73,1.95
2026-04-05T07:50:00.000,6.03,149.46,-5.2,3.07
2026-04-05T08:00:00.000,1.92,175.05,-1.91,0.17
2026-04-05T08:10:00.000,2.05,149.79,-1.77,1.03
2026-04-05T08:20:00.000,4.46,144.26,-3.62,2.6
2026-04-05T08:30:00.000,2.13,142.52,-1.69,1.29
2026-04-05T08:40:00.000,8.05,163.84,-7.74,2.24
2026-04-05T08:50:00.000,12.09,152.55,-10.73,5.57
2026-04-05T09:00:00.000,10.53,158.24,-9.77,3.9
2026-04-05T09:10:00.000,12.94,150.26,-11.24,6.42
2026-04-05T09:20:00.000,12.78,166.37,-12.42,3.01
2026-04-05T09:30:00.000,10.78,207.91,-9.53,-5.05
2026-04-05T09:40:00.000,13.16,209.88,-11.41,-6.56
2026-04-05T09:50:00.000,15.15,213.09,-12.7,-8.27
2026-04-05T10:00:00.000,16.12,210.44,-13.9,-8.17
2026-04-05T10:10:00.000,17.73,210.83,-15.23,-9.09
2026-04-05T10:20:00.000,14.43,203.32,-13.25,-5.71
2026-04-05T10:30:00.000,17.21,210.23,-14.87,-8.67
2026-04-05T10:40:00.000,19.74,213.22,-16.51,-10.82
2026-04-05T10:50:00.000,18.38,212.38,-15.52,-9.84
2026-04-05T11:00:00.000,16.28,211.95,-13.82,-8.62
2026-04-05T11:10:00.000,15.93,209.2,-13.9,-7.77
2026-04-05T11:20:00.000,17.67,208.9,-15.47,-8.54
2026-04-05T11:30:00.000,16.23,202.61,-14.99,-6.24
2026-04-05T11:40:00.000,20.67,208.92,-18.09,-10
2026-04-05T11:50:00.000,18.21,213.95,-15.11,-10.17
2026-04-05T12:00:00.000,19.66,209.12,-17.17,-9.57
2026-04-05T12:10:00.000,19.09,212.7,-16.07,-10.32
2026-04-05T12:20:00.000,16.43,212.09,-13.92,-8.73
2026-04-05T12:30:00.000,15.16,209.56,-13.19,-7.48
2026-04-05T12:40:00.000,16.1,210.01,-13.94,-8.05
2026-04-05T12:50:00.000,16.37,211.19,-14,-8.48
2026-04-05T13:00:00.000,16.58,210.72,-14.25,-8.47
2026-04-05T13:10:00.000,15.83,207.96,-13.98,-7.42
2026-04-05T13:20:00.000,14.98,213.37,-12.51,-8.24
2026-04-05T13:30:00.000,15.6,213.77,-12.96,-8.67
2026-04-05T13:40:00.000,14.6,215.13,-11.94,-8.4
2026-04-05T13:50:00.000,14.67,219.74,-11.28,-9.38
2026-04-05T14:00:00.000,12.13,212.88,-10.19,-6.59
2026-04-05T14:10:00.000,14.02,224.09,-10.07,-9.75
2026-04-05T14:20:00.000,12.68,220.4,-9.66,-8.22
2026-04-05T14:30:00.000,13.67,225,-9.67,-9.67
2026-04-05T14:40:00.000,14.52,225.53,-10.17,-10.36
2026-04-05T14:50:00.000,12.93,227.13,-8.8,-9.48
2026-04-05T15:00:00.000,13.58,225.56,-9.51,-9.69
2026-04-05T15:10:00.000,11.87,222.24,-8.79,-7.98
2026-04-05T15:20:00.000,12.84,223.29,-9.35,-8.8
2026-04-05T15:30:00.000,11.4,226.2,-7.89,-8.23
2026-04-05T15:40:00.000,7.87,211.87,-6.69,-4.16
2026-04-05T15:50:00.000,10.14,241.96,-4.77,-8.95
2026-04-05T16:00:00.000,7.39,240.16,-3.68,-6.41
2026-04-05T16:10:00.000,6.39,244.61,-2.74,-5.77
2026-04-05T16:20:00.000,9.12,236.98,-4.97,-7.65
2026-04-05T16:30:00.000,8.76,249.11,-3.12,-8.18
2026-04-05T16:40:00.000,12.09,255.95,-2.93,-11.73
2026-04-05T16:50:00.000,7.79,256.12,-1.87,-7.56
2026-04-05T17:00:00.000,6.8,246.68,-2.69,-6.24
2026-04-05T17:10:00.000,4.39,237.43,-2.36,-3.7
2026-04-05T17:20:00.000,6.06,257.08,-1.36,-5.91
2026-04-05T17:30:00.000,7.32,259.02,-1.39,-7.18
2026-04-05T17:40:00.000,4.57,250.62,-1.52,-4.31
2026-04-05T17:50:00.000,3.87,253.63,-1.09,-3.72
2026-04-05T18:00:00.000,1.83,238.93,-0.94,-1.57
2026-04-05T18:10:00.000,4.38,255.18,-1.12,-4.24
2026-04-05T18:20:00.000,2.11,332.11,1.87,-0.99
2026-04-05T18:30:00.000,4.31,329.19,3.7,-2.21
2026-04-05T18:40:00.000,2.26,353.6,2.24,-0.25
2026-04-05T18:50:00.000,2.07,328.52,1.76,-1.08
2026-04-05T19:00:00.000,2.18,343.28,2.09,-0.63
2026-04-05T19:10:00.000,1.96,324.04,1.59,-1.15
2026-04-05T19:20:00.000,2.76,286.33,0.78,-2.65
2026-04-05T19:30:00.000,3.74,303.47,2.06,-3.12
2026-04-05T19:40:00.000,4.09,335.08,3.71,-1.72
2026-04-05T19:50:00.000,3.29,324.33,2.67,-1.92
2026-04-05T20:00:00.000,5.45,323.57,4.38,-3.23
2026-04-05T20:10:00.000,4.77,321.84,3.75,-2.95
2026-04-05T20:20:00.000,3.28,322.03,2.59,-2.02
2026-04-05T20:30:00.000,1.95,321.39,1.53,-1.22
2026-04-05T20:40:00.000,1.76,317.63,1.3,-1.18
2026-04-05T20:50:00.000,1.52,326.84,1.27,-0.83
2026-04-05T21:00:00.000,1.37,340.33,1.29,-0.46
2026-04-05T21:10:00.000,2.05,325.68,1.69,-1.16
2026-04-05T21:20:00.000,1.68,310.67,1.1,-1.28
2026-04-05T21:30:00.000,1.97,306.43,1.17,-1.58
2026-04-05T21:40:00.000,1.74,311.87,1.16,-1.3
2026-04-05T21:50:00.000,1.55,317.79,1.15,-1.04
2026-04-05T22:00:00.000,1.64,305.11,0.94,-1.34
2026-04-05T22:10:00.000,1.35,305.88,0.79,-1.1
2026-04-05T22:20:00.000,1.34,317.51,0.99,-0.91
2026-04-05T22:30:00.000,1.63,312.41,1.1,-1.21
2026-04-05T22:40:00.000,1.46,310.84,0.96,-1.11
2026-04-05T22:50:00.000,0.83,344.26,0.8,-0.22
2026-04-05T23:00:00.000,0.89,335.08,0.81,-0.38
2026-04-05T23:10:00.000,0.76,4.51,0.76,0.06
2026-04-05T23:20:00.000,0.7,12.9,0.68,0.16
2026-04-05T23:30:00.000,2.59,33.64,2.16,1.44
2026-04-05T23:40:00.000,1.91,30.65,1.65,0.98
2026-04-05T23:50:00.000,1.61,56.85,0.88,1.35
2026-04-06T00:00:00.000,2.73,73.74,0.76,2.62
2026-04-06T00:10:00.000,2.99,93.98,-0.21,2.99
2026-04-06T00:20:00.000,2.15,117.56,-1,1.91
2026-04-06T00:30:00.000,3.27,124.96,-1.87,2.68
2026-04-06T00:40:00.000,6.47,138.99,-4.88,4.25
2026-04-06T00:50:00.000,4.92,142.56,-3.91,2.99
2026-04-06T01:00:00.000,5.44,151.97,-4.81,2.56
2026-04-06T01:10:00.000,7.33,136.05,-5.28,5.09
2026-04-06T01:20:00.000,8.03,151.88,-7.08,3.78
2026-04-06T01:30:00.000,7.44,160.07,-7,2.54
2026-04-06T01:40:00.000,6.82,153.77,-6.12,3.01
2026-04-06T01:50:00.000,5.83,173.53,-5.8,0.66
2026-04-06T02:00:00.000,1.79,84.82,0.16,1.78
2026-04-06T02:10:00.000,1.15,350.07,1.13,-0.2
2026-04-06T02:20:00.000,2.42,175.26,-2.41,0.2
2026-04-06T02:30:00.000,2.63,97.33,-0.34,2.61
2026-04-06T02:40:00.000,2.77,142.2,-2.19,1.7
2026-04-06T02:50:00.000,4,131.92,-2.67,2.98
2026-04-06T03:00:00.000,1.04,359.51,1.04,-0.01
2026-04-06T03:10:00.000,1.45,65.72,0.6,1.32
2026-04-06T03:20:00.000,1.45,97.79,-0.2,1.44
2026-04-06T03:30:00.000,4.53,120.05,-2.27,3.92
2026-04-06T03:40:00.000,7.58,99.43,-1.24,7.47
2026-04-06T03:50:00.000,4.38,125.04,-2.52,3.59
2026-04-06T04:00:00.000,2.2,56.28,1.22,1.83
2026-04-06T04:10:00.000,1.67,84.61,0.16,1.66
2026-04-06T04:20:00.000,1.42,63.43,0.64,1.27
2026-04-06T04:30:00.000,2.62,81.74,0.38,2.6
2026-04-06T04:40:00.000,4.9,110.95,-1.75,4.58
2026-04-06T04:50:00.000,3.37,148.83,-2.88,1.75
2026-04-06T05:00:00.000,2.44,151.54,-2.14,1.16
2026-04-06T05:10:00.000,2.19,157.97,-2.03,0.82
2026-04-06T05:20:00.000,7.28,132.48,-4.92,5.37
2026-04-06T05:30:00.000,4.13,138.52,-3.09,2.74
2026-04-06T05:40:00.000,4.41,108.62,-1.41,4.18
2026-04-06T05:50:00.000,7.95,114.39,-3.28,7.24
2026-04-06T06:00:00.000,7.07,106.59,-2.02,6.78
2026-04-06T06:10:00.000,7,139.46,-5.32,4.55
2026-04-06T06:20:00.000,6.03,152.91,-5.37,2.75
2026-04-06T06:30:00.000,9.41,146.9,-7.88,5.14
2026-04-06T06:40:00.000,8.72,141.96,-6.87,5.37
2026-04-06T06:50:00.000,7.32,94.9,-0.63,7.3
2026-04-06T07:00:00.000,7.3,130.71,-4.76,5.53
2026-04-06T07:10:00.000,8.24,47.5,5.56,6.07
2026-04-06T07:20:00.000,5.66,15.17,5.47,1.48
2026-04-06T07:30:00.000,4.25,18.28,4.04,1.33
2026-04-06T07:40:00.000,2.24,62,1.05,1.98
2026-04-06T07:50:00.000,1.62,7.93,1.6,0.22
2026-04-06T08:00:00.000,0.55,326.65,0.46,-0.3
2026-04-06T08:10:00.000,1.98,135.41,-1.41,1.39
2026-04-06T08:20:00.000,3.33,120.75,-1.7,2.86
2026-04-06T08:30:00.000,0.95,63.19,0.43,0.85
2026-04-06T08:40:00.000,5.64,133.27,-3.86,4.1
2026-04-06T08:50:00.000,4.14,163.28,-3.97,1.19
2026-04-06T09:00:00.000,4.54,206.14,-4.08,-2
2026-04-06T09:10:00.000,5.69,154.5,-5.14,2.45
2026-04-06T09:20:00.000,4.32,148.73,-3.69,2.24
2026-04-06T09:30:00.000,6.11,154.58,-5.51,2.62
2026-04-06T09:40:00.000,1.64,16.03,1.57,0.45
2026-04-06T09:50:00.000,13.4,208.51,-11.78,-6.4
2026-04-06T10:00:00.000,18.31,211.19,-15.67,-9.48
2026-04-06T10:10:00.000,16.45,207.26,-14.63,-7.54
2026-04-06T10:20:00.000,17.75,212.68,-14.94,-9.58
2026-04-06T10:30:00.000,18.41,216.57,-14.79,-10.97
2026-04-06T10:40:00.000,19.26,213.57,-16.05,-10.65
2026-04-06T10:50:00.000,20.05,202.49,-18.52,-7.67
2026-04-06T11:00:00.000,18.44,202.78,-17,-7.14
2026-04-06T11:10:00.000,19.36,206.92,-17.26,-8.76
2026-04-06T11:20:00.000,20.05,211.63,-17.07,-10.52
2026-04-06T11:30:00.000,19.2,210.81,-16.49,-9.83
2026-04-06T11:40:00.000,18.54,213.4,-15.48,-10.21
2026-04-06T11:50:00.000,18.37,215.7,-14.92,-10.72
2026-04-06T12:00:00.000,17.03,217.25,-13.56,-10.31
2026-04-06T12:10:00.000,16.3,219.89,-12.51,-10.45
2026-04-06T12:20:00.000,17.19,217.21,-13.69,-10.39
2026-04-06T12:30:00.000,16.71,218.98,-12.99,-10.51
2026-04-06T12:40:00.000,17.33,224.28,-12.41,-12.1
2026-04-06T12:50:00.000,15.59,223.48,-11.31,-10.73
2026-04-06T13:00:00.000,15.82,225.36,-11.12,-11.26
2026-04-06T13:10:00.000,15.99,226.17,-11.08,-11.54
2026-04-06T13:20:00.000,17.16,226.05,-11.91,-12.35
2026-04-06T13:30:00.000,16.03,224.63,-11.4,-11.26
2026-04-06T13:40:00.000,16.71,228.31,-11.12,-12.48
2026-04-06T13:50:00.000,15.22,223.88,-10.97,-10.55
2026-04-06T14:00:00.000,16.03,224.88,-11.36,-11.31
2026-04-06T14:10:00.000,16.18,229.85,-10.43,-12.37
2026-04-06T14:20:00.000,16.65,229.95,-10.71,-12.74
2026-04-06T14:30:00.000,13.9,226.74,-9.53,-10.12
2026-04-06T14:40:00.000,16.47,230.97,-10.37,-12.79
2026-04-06T14:50:00.000,15.31,230.65,-9.71,-11.84
2026-04-06T15:00:00.000,13.92,234.53,-8.08,-11.33
2026-04-06T15:10:00.000,14.5,236.67,-7.97,-12.11
2026-04-06T15:20:00.000,14.21,233.99,-8.36,-11.5
2026-04-06T15:30:00.000,13.88,236.7,-7.62,-11.6
2026-04-06T15:40:00.000,13.57,239.22,-6.94,-11.66
2026-04-06T15:50:00.000,12.74,239.49,-6.47,-10.97
2026-04-06T16:00:00.000,14.02,239.58,-7.1,-12.09
2026-04-06T16:10:00.000,12.55,248.45,-4.61,-11.67
2026-04-06T16:20:00.000,13.87,244.27,-6.02,-12.49
2026-04-06T16:30:00.000,12.37,245.07,-5.22,-11.22
2026-04-06T16:40:00.000,13.26,248.42,-4.88,-12.33
2026-04-06T16:50:00.000,11.57,244.37,-5,-10.43
2026-04-06T17:00:00.000,13.66,249.8,-4.72,-12.82
2026-04-06T17:10:00.000,13.77,245.4,-5.73,-12.52
2026-04-06T17:20:00.000,11.53,247.04,-4.5,-10.61
2026-04-06T17:30:00.000,11,253.74,-3.08,-10.56
2026-04-06T17:40:00.000,10.93,247.84,-4.12,-10.12
2026-04-06T17:50:00.000,11.05,258.13,-2.27,-10.82
2026-04-06T18:00:00.000,10.01,255.48,-2.51,-9.69
2026-04-06T18:10:00.000,10.76,256.12,-2.58,-10.44
2026-04-06T18:20:00.000,9.51,253.91,-2.64,-9.14
2026-04-06T18:30:00.000,9.81,254.45,-2.63,-9.45
2026-04-06T18:40:00.000,10.34,255.21,-2.64,-9.99
2026-04-06T18:50:00.000,8.35,254.02,-2.3,-8.03
2026-04-06T19:00:00.000,8.43,254.06,-2.31,-8.1
2026-04-06T19:10:00.000,8.51,257.7,-1.81,-8.32
2026-04-06T19:20:00.000,8.13,258.09,-1.68,-7.95
2026-04-06T19:30:00.000,7.02,257.38,-1.53,-6.85
2026-04-06T19:40:00.000,6.27,262.56,-0.81,-6.22
2026-04-06T19:50:00.000,5.77,266.71,-0.33,-5.76
2026-04-06T20:00:00.000,5.55,266.85,-0.31,-5.55
2026-04-06T20:10:00.000,5.75,260.42,-0.96,-5.67
2026-04-06T20:20:00.000,4.66,290.76,1.65,-4.36
2026-04-06T20:30:00.000,3.72,272.18,0.14,-3.72
2026-04-06T20:40:00.000,4.37,256.24,-1.04,-4.24
2026-04-06T20:50:00.000,3.87,241.3,-1.86,-3.4
2026-04-06T21:00:00.000,2.12,276.64,0.25,-2.11
2026-04-06T21:10:00.000,1.61,275.72,0.16,-1.6
2026-04-06T21:20:00.000,2.48,258.87,-0.48,-2.44
2026-04-06T21:30:00.000,0.87,307.71,0.53,-0.69
2026-04-06T21:40:00.000,1.69,299.17,0.82,-1.47
2026-04-06T21:50:00.000,2.85,270.3,0.01,-2.85
2026-04-06T22:00:00.000,2.09,311.95,1.39,-1.55
2026-04-06T22:10:00.000,1,334.54,0.91,-0.43
2026-04-06T22:20:00.000,0.87,358.02,0.87,-0.03
2026-04-06T22:30:00.000,0.66,337.03,0.61,-0.26
2026-04-06T22:40:00.000,1.34,351.24,1.32,-0.2
2026-04-06T22:50:00.000,1.6,347.64,1.56,-0.34
2026-04-06T23:00:00.000,1.78,351.82,1.77,-0.25
2026-04-06T23:10:00.000,1.07,349.42,1.06,-0.2
2026-04-06T23:20:00.000,1.19,358.28,1.19,-0.04
2026-04-06T23:30:00.000,1.53,9.54,1.51,0.25
2026-04-06T23:40:00.000,2.26,6.18,2.24,0.24
2026-04-06T23:50:00.000,2.01,356.71,2,-0.11
2026-04-07T00:00:00.000,2.11,355.42,2.11,-0.17
2026-04-07T00:10:00.000,2.24,2.59,2.24,0.1
2026-04-07T00:20:00.000,1.48,9.92,1.45,0.25
2026-04-07T00:30:00.000,3.1,4.5,3.09,0.24
2026-04-07T00:40:00.000,2.38,331,2.08,-1.15
2026-04-07T00:50:00.000,2.75,1.11,2.75,0.05
2026-04-07T01:00:00.000,7.86,26.5,7.03,3.51
2026-04-07T01:10:00.000,5.81,23.41,5.33,2.31
2026-04-07T01:20:00.000,5.67,20.86,5.3,2.02
2026-04-07T01:30:00.000,3.38,17.42,3.23,1.01
2026-04-07T01:40:00.000,3,18.74,2.84,0.96
2026-04-07T01:50:00.000,3.76,21.18,3.51,1.36
2026-04-07T02:00:00.000,2.78,17.85,2.65,0.85
2026-04-07T02:10:00.000,2.22,23.16,2.04,0.87
2026-04-07T02:20:00.000,2.61,16.56,2.5,0.74
2026-04-07T02:30:00.000,1.7,25.03,1.54,0.72
2026-04-07T02:40:00.000,2.04,34.06,1.69,1.14
2026-04-07T02:50:00.000,1.17,47.24,0.79,0.86
2026-04-07T03:00:00.000,1.13,29.87,0.98,0.56
2026-04-07T03:10:00.000,0.65,22.39,0.6,0.25
2026-04-07T03:20:00.000,0.66,22.5,0.61,0.25
2026-04-07T03:30:00.000,0.62,28.31,0.55,0.3
2026-04-07T03:40:00.000,0.62,358.2,0.62,-0.02
2026-04-07T03:50:00.000,0.63,351.64,0.62,-0.09
2026-04-07T04:00:00.000,0.85,297.44,0.39,-0.76
2026-04-07T04:10:00.000,0.97,267.96,-0.03,-0.96
2026-04-07T04:20:00.000,0.87,283.08,0.2,-0.85
2026-04-07T04:30:00.000,1.01,267.3,-0.05,-1.01
2026-04-07T04:40:00.000,1.2,339.9,1.12,-0.41
2026-04-07T04:50:00.000,0.71,30.92,0.61,0.37
2026-04-07T05:00:00.000,0.78,32.21,0.66,0.41
2026-04-07T05:10:00.000,0.95,8.05,0.94,0.13
2026-04-07T05:20:00.000,0.28,2.07,0.28,0.01
2026-04-07T05:30:00.000,0.47,147.68,-0.4,0.25
2026-04-07T05:40:00.000,0.33,2.98,0.33,0.02
2026-04-07T05:50:00.000,1.07,11.58,1.05,0.21
2026-04-07T06:00:00.000,1.34,20.94,1.25,0.48
2026-04-07T06:10:00.000,1.36,328.42,1.15,-0.71
2026-04-07T06:20:00.000,1.42,347.65,1.39,-0.3
2026-04-07T06:30:00.000,0.42,5.55,0.42,0.04
2026-04-07T06:40:00.000,1.55,250.38,-0.52,-1.46
2026-04-07T06:50:00.000,3.55,242.61,-1.63,-3.15
2026-04-07T07:00:00.000,7.25,232.08,-4.46,-5.72
2026-04-07T07:10:00.000,8.19,232.98,-4.93,-6.54
2026-04-07T07:20:00.000,8.79,209.69,-7.63,-4.35
2026-04-07T07:30:00.000,4.24,274.86,0.36,-4.22
2026-04-07T07:40:00.000,4.94,262.32,-0.66,-4.89
2026-04-07T07:50:00.000,4.17,261.84,-0.59,-4.13
2026-04-07T08:00:00.000,5.86,245.42,-2.44,-5.32
2026-04-07T08:10:00.000,13.64,224.39,-9.75,-9.54
2026-04-07T08:20:00.000,17.14,227.25,-11.64,-12.59
2026-04-07T08:30:00.000,8.63,233.72,-5.11,-6.96
2026-04-07T08:40:00.000,10.61,226.04,-7.36,-7.64
2026-04-07T08:50:00.000,17.93,208.14,-15.81,-8.46
2026-04-07T09:00:00.000,20.53,196.82,-19.65,-5.94
2026-04-07T09:10:00.000,32.92,195.12,-31.78,-8.59
2026-04-07T09:20:00.000,34,198.21,-32.29,-10.62
2026-04-07T09:30:00.000,30.08,203.92,-27.5,-12.2
2026-04-07T09:40:00.000,44.12,201.37,-41.08,-16.08
2026-04-07T09:50:00.000,44.48,217.76,-35.16,-27.24
2026-04-07T10:00:00.000,48.44,226.97,-33.06,-35.41
2026-04-07T10:10:00.000,31.68,244.05,-13.86,-28.49
2026-04-07T10:20:00.000,36.48,239.68,-18.41,-31.49
2026-04-07T10:30:00.000,37.95,244.95,-16.07,-34.38
2026-04-07T10:40:00.000,40.15,249.79,-13.87,-37.68
2026-04-07T10:50:00.000,31.71,259.97,-5.52,-31.23
2026-04-07T11:00:00.000,24.85,257.77,-5.26,-24.29
2026-04-07T11:10:00.000,23.81,252.53,-7.15,-22.71
2026-04-07T11:20:00.000,22.15,248.9,-7.97,-20.67
2026-04-07T11:30:00.000,16.14,256.54,-3.76,-15.7
2026-04-07T11:40:00.000,13.19,244.74,-5.63,-11.93
2026-04-07T11:50:00.000,10.23,262.11,-1.4,-10.14
2026-04-07T12:00:00.000,15.1,232.5,-9.19,-11.98
2026-04-07T12:10:00.000,19.27,224.11,-13.83,-13.41
2026-04-07T12:20:00.000,17.51,232.45,-10.67,-13.88
2026-04-07T12:30:00.000,18.51,239.3,-9.45,-15.92
2026-04-07T12:40:00.000,18.5,244.61,-7.93,-16.71
2026-04-07T12:50:00.000,16.01,249.34,-5.65,-14.98
2026-04-07T13:00:00.000,12.92,249.22,-4.58,-12.08
2026-04-07T13:10:00.000,14.55,247.75,-5.51,-13.47
2026-04-07T13:20:00.000,18.76,245.1,-7.9,-17.02
2026-04-07T13:30:00.000,17.73,244.95,-7.51,-16.06
2026-04-07T13:40:00.000,15.26,247.93,-5.73,-14.14
2026-04-07T13:50:00.000,19.63,243.68,-8.7,-17.59
2026-04-07T14:00:00.000,15.57,242.74,-7.13,-13.84
2026-04-07T14:10:00.000,14.28,245.3,-5.97,-12.98
2026-04-07T14:20:00.000,13,234.75,-7.51,-10.62
2026-04-07T14:30:00.000,17.1,229.74,-11.05,-13.05
2026-04-07T14:40:00.000,20.09,246.97,-7.86,-18.49
2026-04-07T14:50:00.000,16.63,247.55,-6.35,-15.37
2026-04-07T15:00:00.000,19.35,255.02,-5,-18.7
2026-04-07T15:10:00.000,17.6,250.15,-5.98,-16.55
2026-04-07T15:20:00.000,17.63,258.62,-3.48,-17.28
2026-04-07T15:30:00.000,18.93,244.9,-8.03,-17.14
2026-04-07T15:40:00.000,12.24,260.36,-2.05,-12.07
2026-04-07T15:50:00.000,11.21,261.4,-1.67,-11.08
2026-04-07T16:00:00.000,10.66,274.65,0.86,-10.63
2026-04-07T16:10:00.000,10.04,269.14,-0.15,-10.04
2026-04-07T16:20:00.000,9.48,273.17,0.52,-9.47
2026-04-07T16:30:00.000,8.52,274.34,0.65,-8.49
2026-04-07T16:40:00.000,9.9,275.14,0.89,-9.86
2026-04-07T16:50:00.000,12.64,276.5,1.43,-12.56
2026-04-07T17:00:00.000,11.22,263.33,-1.3,-11.14
2026-04-07T17:10:00.000,12.44,264.48,-1.2,-12.38
2026-04-07T17:20:00.000,7.61,273.94,0.52,-7.59
2026-04-07T17:30:00.000,11.23,278.58,1.68,-11.1
2026-04-07T17:40:00.000,6.36,262.93,-0.78,-6.31
2026-04-07T17:50:00.000,8.62,275.03,0.76,-8.59
2026-04-07T18:00:00.000,11.99,262.56,-1.55,-11.89
2026-04-07T18:10:00.000,10.17,268.95,-0.19,-10.17
2026-04-07T18:20:00.000,9.92,254.73,-2.61,-9.57
2026-04-07T18:30:00.000,8.88,269.22,-0.12,-8.88
2026-04-07T18:40:00.000,10.55,260.53,-1.73,-10.41
2026-04-07T18:50:00.000,9.77,260.83,-1.56,-9.64
2026-04-07T19:00:00.000,11.41,266.97,-0.6,-11.4
2026-04-07T19:10:00.000,8,250.03,-2.73,-7.52
2026-04-07T19:20:00.000,8.34,260.32,-1.4,-8.22
2026-04-07T19:30:00.000,9.51,261.85,-1.35,-9.41
2026-04-07T19:40:00.000,7.72,265.32,-0.63,-7.69
2026-04-07T19:50:00.000,10.47,249.78,-3.62,-9.82
2026-04-07T20:00:00.000,10.87,236.74,-5.96,-9.09
2026-04-07T20:10:00.000,9.5,245.54,-3.93,-8.64
2026-04-07T20:20:00.000,14.81,264.02,-1.54,-14.73
2026-04-07T20:30:00.000,8.81,270.36,0.06,-8.81
2026-04-07T20:40:00.000,10.5,268.53,-0.27,-10.5
2026-04-07T20:50:00.000,8.73,267.3,-0.41,-8.72
2026-04-07T21:00:00.000,10.15,256.32,-2.4,-9.86
2026-04-07T21:10:00.000,10.64,258.71,-2.08,-10.43
2026-04-07T21:20:00.000,8.95,263.59,-1,-8.89
2026-04-07T21:30:00.000,8.13,254.5,-2.17,-7.83
2026-04-07T21:40:00.000,8.89,264.73,-0.82,-8.85
2026-04-07T21:50:00.000,7.82,263.35,-0.9,-7.76
2026-04-07T22:00:00.000,7.72,259.16,-1.45,-7.58
2026-04-07T22:10:00.000,9.24,265.61,-0.71,-9.21
2026-04-07T22:20:00.000,9.7,266.48,-0.59,-9.68
2026-04-07T22:30:00.000,11.06,278.56,1.65,-10.94
2026-04-07T22:40:00.000,15.36,265.59,-1.18,-15.31
2026-04-07T22:50:00.000,12.46,260.5,-2.06,-12.29
2026-04-07T23:00:00.000,12.89,259,-2.46,-12.65
2026-04-07T23:10:00.000,9.84,259.79,-1.74,-9.68
2026-04-07T23:20:00.000,8.87,265.68,-0.67,-8.84
2026-04-07T23:30:00.000,12.08,249.66,-4.2,-11.32
2026-04-07T23:40:00.000,13.51,234.56,-7.84,-11.01
2026-04-07T23:50:00.000,8.54,247.31,-3.29,-7.88
2026-04-08T00:00:00.000,7.52,251.66,-2.37,-7.14
2026-04-08T00:10:00.000,6.83,238.82,-3.54,-5.84
2026-04-08T00:20:00.000,6.66,241.71,-3.16,-5.87
2026-04-08T00:30:00.000,8.39,216.21,-6.77,-4.95
2026-04-08T00:40:00.000,8.6,231.35,-5.37,-6.72
2026-04-08T00:50:00.000,6.01,243.88,-2.65,-5.39
2026-04-08T01:00:00.000,7.63,246.5,-3.04,-7
2026-04-08T01:10:00.000,6.6,248.87,-2.38,-6.16
2026-04-08T01:20:00.000,4.68,246.38,-1.88,-4.29
2026-04-08T01:30:00.000,5.11,234.97,-2.93,-4.19
2026-04-08T01:40:00.000,3.25,257.91,-0.68,-3.18
2026-04-08T01:50:00.000,9.5,203.06,-8.74,-3.72
2026-04-08T02:00:00.000,11.82,199.2,-11.16,-3.89
2026-04-08T02:10:00.000,14.05,196.22,-13.49,-3.92
2026-04-08T02:20:00.000,16.11,202.68,-14.86,-6.21
2026-04-08T02:30:00.000,13.47,203.7,-12.33,-5.41
2026-04-08T02:40:00.000,12.42,216.1,-10.03,-7.32
2026-04-08T02:50:00.000,13.22,218.49,-10.35,-8.23
2026-04-08T03:00:00.000,14.13,213.74,-11.75,-7.85
2026-04-08T03:10:00.000,13.21,215.84,-10.71,-7.73
2026-04-08T03:20:00.000,13.43,224.53,-9.57,-9.42
2026-04-08T03:30:00.000,11.24,222.02,-8.35,-7.52
2026-04-08T03:40:00.000,14.72,215.49,-11.99,-8.55
2026-04-08T03:50:00.000,12.56,226.14,-8.7,-9.06
2026-04-08T04:00:00.000,9.06,211.73,-7.71,-4.77
2026-04-08T04:10:00.000,13.31,205.55,-12.01,-5.74
2026-04-08T04:20:00.000,8.76,215.85,-7.1,-5.13
2026-04-08T04:30:00.000,9.69,218.25,-7.61,-6
2026-04-08T04:40:00.000,6.67,203.8,-6.11,-2.69
2026-04-08T04:50:00.000,8.9,212.32,-7.52,-4.76
2026-04-08T05:00:00.000,6.68,213.45,-5.58,-3.68
2026-04-08T05:10:00.000,10.43,217.28,-8.3,-6.32
2026-04-08T05:20:00.000,6.41,204.08,-5.85,-2.61
2026-04-08T05:30:00.000,5.92,215.1,-4.85,-3.41
2026-04-08T05:40:00.000,4.63,202.46,-4.28,-1.77
2026-04-08T05:50:00.000,7.93,185.06,-7.9,-0.7
2026-04-08T06:00:00.000,3.99,181.51,-3.98,-0.1
2026-04-08T06:10:00.000,9.45,248.41,-3.48,-8.79
2026-04-08T06:20:00.000,8.72,295.08,3.7,-7.9
2026-04-08T06:30:00.000,7.46,296.99,3.39,-6.65
2026-04-08T06:40:00.000,4.92,255.34,-1.24,-4.76
2026-04-08T06:50:00.000,2.06,257.43,-0.45,-2.01
2026-04-08T07:00:00.000,0.37,18.81,0.35,0.12
2026-04-08T07:10:00.000,0.57,285.72,0.15,-0.54
2026-04-08T07:20:00.000,0.4,347.22,0.39,-0.09
2026-04-08T07:30:00.000,1.33,309.6,0.85,-1.03
2026-04-08T07:40:00.000,1,273.91,0.07,-0.99
2026-04-08T07:50:00.000,2.34,63.15,1.05,2.08
2026-04-08T08:00:00.000,2.91,112.02,-1.09,2.69
2026-04-08T08:10:00.000,1.45,5.7,1.44,0.14
2026-04-08T08:20:00.000,0.37,6.61,0.36,0.04
2026-04-08T08:30:00.000,1.36,358.93,1.36,-0.03
2026-04-08T08:40:00.000,1.33,266.72,-0.08,-1.33
2026-04-08T08:50:00.000,9.5,230.1,-6.09,-7.29
2026-04-08T09:00:00.000,10.72,212.72,-9.02,-5.8
2026-04-08T09:10:00.000,21.38,196.39,-20.51,-6.03
2026-04-08T09:20:00.000,23.92,197.5,-22.82,-7.2
2026-04-08T09:30:00.000,23.12,203.99,-21.12,-9.4
2026-04-08T09:40:00.000,21.28,191.58,-20.85,-4.27
2026-04-08T09:50:00.000,18.31,197.22,-17.49,-5.42
2026-04-08T10:00:00.000,22.79,196.07,-21.9,-6.31
2026-04-08T10:10:00.000,16.61,188.53,-16.42,-2.46
2026-04-08T10:20:00.000,22.61,192.41,-22.08,-4.86
2026-04-08T10:30:00.000,20.17,191.99,-19.73,-4.19
2026-04-08T10:40:00.000,22.68,189.92,-22.34,-3.91
2026-04-08T10:50:00.000,23.18,189.96,-22.83,-4.01
2026-04-08T11:00:00.000,18.99,193.62,-18.45,-4.47
2026-04-08T11:10:00.000,16.82,193.57,-16.35,-3.95
2026-04-08T11:20:00.000,19.76,194.84,-19.1,-5.06
2026-04-08T11:30:00.000,18.52,195.73,-17.83,-5.02
2026-04-08T11:40:00.000,13.95,193.89,-13.54,-3.35
2026-04-08T11:50:00.000,15.85,200.36,-14.86,-5.51
2026-04-08T12:00:00.000,14.94,201.49,-13.9,-5.47
2026-04-08T12:10:00.000,13.69,204.11,-12.5,-5.59
2026-04-08T12:20:00.000,15.47,210.91,-13.27,-7.95
2026-04-08T12:30:00.000,13.94,219.58,-10.74,-8.88
2026-04-08T12:40:00.000,10.99,222.36,-8.12,-7.41
2026-04-08T12:50:00.000,8.67,232.29,-5.3,-6.86
2026-04-08T13:00:00.000,5.86,243.01,-2.66,-5.22
2026-04-08T13:10:00.000,2.69,233.65,-1.59,-2.16
2026-04-08T13:20:00.000,4.88,242.53,-2.25,-4.33
2026-04-08T13:30:00.000,8.82,230.88,-5.56,-6.84
2026-04-08T13:40:00.000,5.65,224.5,-4.03,-3.96
2026-04-08T13:50:00.000,4.52,242.09,-2.12,-4
2026-04-08T14:00:00.000,6.09,236.9,-3.33,-5.1
2026-04-08T14:10:00.000,7.35,258.61,-1.45,-7.2
2026-04-08T14:20:00.000,7.23,254.43,-1.94,-6.97
2026-04-08T14:30:00.000,4.69,248.22,-1.74,-4.35
2026-04-08T14:40:00.000,5.24,237.54,-2.81,-4.42
2026-04-08T14:50:00.000,8.23,250.3,-2.77,-7.75
2026-04-08T15:00:00.000,6.53,246.66,-2.59,-6
2026-04-08T15:10:00.000,6.61,254.19,-1.8,-6.36
2026-04-08T15:20:00.000,7.68,251.38,-2.45,-7.28
2026-04-08T15:30:00.000,7.54,253.96,-2.08,-7.24
2026-04-08T15:40:00.000,6.71,258.06,-1.39,-6.57
2026-04-08T15:50:00.000,5.94,262.9,-0.73,-5.9
2026-04-08T16:00:00.000,5.33,263.67,-0.59,-5.3
2026-04-08T16:10:00.000,4.93,271.14,0.1,-4.93
2026-04-08T16:20:00.000,0.9,276.94,0.11,-0.9
2026-04-08T16:30:00.000,3.48,257.73,-0.74,-3.4
2026-04-08T16:40:00.000,4.9,262.18,-0.67,-4.85
2026-04-08T16:50:00.000,3.7,296.53,1.65,-3.31
2026-04-08T17:00:00.000,3.88,294.98,1.64,-3.52
2026-04-08T17:10:00.000,4.51,321.23,3.52,-2.82
2026-04-08T17:20:00.000,4.53,343.99,4.36,-1.25
2026-04-08T17:30:00.000,4.58,347.82,4.48,-0.97
2026-04-08T17:40:00.000,4.08,354.31,4.06,-0.4
2026-04-08T17:50:00.000,5.05,334.59,4.56,-2.17
2026-04-08T18:00:00.000,5.04,339.75,4.73,-1.75
2026-04-08T18:10:00.000,3.93,338.58,3.66,-1.44
2026-04-08T18:20:00.000,4.82,337.55,4.46,-1.84
2026-04-08T18:30:00.000,7.59,338.02,7.04,-2.84
2026-04-08T18:40:00.000,7.83,330.52,6.82,-3.85
2026-04-08T18:50:00.000,7.32,338.85,6.82,-2.64
2026-04-08T19:00:00.000,6.06,337.47,5.59,-2.32
2026-04-08T19:10:00.000,6.48,350.7,6.4,-1.05
2026-04-08T19:20:00.000,5.75,3.23,5.74,0.32
2026-04-08T19:30:00.000,5.85,350.84,5.77,-0.93
2026-04-08T19:40:00.000,7.24,347.43,7.07,-1.58
2026-04-08T19:50:00.000,3.94,351.46,3.9,-0.59
2026-04-08T20:00:00.000,4.8,7.26,4.76,0.61
2026-04-08T20:10:00.000,2.5,3.41,2.49,0.15
2026-04-08T20:20:00.000,3.38,349.49,3.32,-0.62
2026-04-08T20:30:00.000,4.61,7.61,4.57,0.61
2026-04-08T20:40:00.000,3.76,356.59,3.76,-0.22
2026-04-08T20:50:00.000,4.6,338,4.27,-1.72
2026-04-08T21:00:00.000,3.29,339.02,3.07,-1.18
2026-04-08T21:10:00.000,1.48,330.46,1.28,-0.73
2026-04-08T21:20:00.000,1.31,298.02,0.62,-1.16
2026-04-08T21:30:00.000,1.94,276.75,0.23,-1.92
2026-04-08T21:40:00.000,0.4,49.21,0.26,0.3
2026-04-08T21:50:00.000,4.7,176.96,-4.69,0.25
2026-04-08T22:00:00.000,3.89,153.26,-3.48,1.75
2026-04-08T22:10:00.000,7.44,183.47,-7.43,-0.45
2026-04-08T22:20:00.000,8.45,185.2,-8.41,-0.76
2026-04-08T22:30:00.000,2.71,119.68,-1.34,2.35
2026-04-08T22:40:00.000,8.3,186.08,-8.26,-0.88
2026-04-08T22:50:00.000,9.8,186.74,-9.73,-1.15
2026-04-08T23:00:00.000,11.97,186.37,-11.9,-1.33
2026-04-08T23:10:00.000,12.16,183.16,-12.14,-0.67
2026-04-08T23:20:00.000,13.7,188.31,-13.56,-1.98
2026-04-08T23:30:00.000,13.53,188.11,-13.39,-1.91
2026-04-08T23:40:00.000,13.5,185.39,-13.44,-1.27
2026-04-08T23:50:00.000,15.2,184.19,-15.16,-1.11
2026-04-09T00:00:00.000,13.53,185.16,-13.48,-1.22
2026-04-09T00:10:00.000,14.38,185.84,-14.31,-1.46
2026-04-09T00:20:00.000,14.25,190.9,-13.99,-2.69
2026-04-09T00:30:00.000,14.01,194.5,-13.56,-3.51
2026-04-09T00:40:00.000,14.32,188.05,-14.18,-2
2026-04-09T00:50:00.000,15.02,189.42,-14.82,-2.46
2026-04-09T01:00:00.000,14.91,188.51,-14.74,-2.21
2026-04-09T01:10:00.000,12.95,182.01,-12.95,-0.46
2026-04-09T01:20:00.000,13.42,186.36,-13.34,-1.49
2026-04-09T01:30:00.000,13.59,195.24,-13.11,-3.57
2026-04-09T01:40:00.000,11.34,198.93,-10.72,-3.68
2026-04-09T01:50:00.000,12.18,196.75,-11.66,-3.51
2026-04-09T02:00:00.000,9.83,210.25,-8.49,-4.95
2026-04-09T02:10:00.000,6.79,219.83,-5.22,-4.35
2026-04-09T02:20:00.000,5.88,220.19,-4.49,-3.8
2026-04-09T02:30:00.000,6.75,194,-6.55,-1.63
2026-04-09T02:40:00.000,4.02,205.01,-3.64,-1.7
2026-04-09T02:50:00.000,4.2,236.54,-2.32,-3.51
2026-04-09T03:00:00.000,1.03,9.23,1.02,0.17
2026-04-09T03:10:00.000,6.15,58.93,3.17,5.27
2026-04-09T03:20:00.000,4.74,50.44,3.02,3.66
2026-04-09T03:30:00.000,4.17,21.92,3.87,1.56
2026-04-09T03:40:00.000,1.82,13.52,1.77,0.43
2026-04-09T03:50:00.000,4.5,2.94,4.49,0.23
2026-04-09T04:00:00.000,2.1,8.11,2.08,0.3
2026-04-09T04:10:00.000,2.74,350.81,2.71,-0.44
2026-04-09T04:20:00.000,5.08,317.57,3.75,-3.43
2026-04-09T04:30:00.000,2.59,311.17,1.71,-1.95
2026-04-09T04:40:00.000,1.6,303.53,0.88,-1.33
2026-04-09T04:50:00.000,2.09,296.65,0.94,-1.87
2026-04-09T05:00:00.000,2.04,283.36,0.47,-1.99
2026-04-09T05:10:00.000,2.58,268.55,-0.07,-2.58
2026-04-09T05:20:00.000,2.15,251.69,-0.67,-2.04
2026-04-09T05:30:00.000,0.83,256.93,-0.19,-0.81
2026-04-09T05:40:00.000,1.83,258.92,-0.35,-1.8
2026-04-09T05:50:00.000,0.21,341.84,0.2,-0.06
2026-04-09T06:00:00.000,0.5,12.34,0.49,0.11
2026-04-09T06:10:00.000,0.03,31.56,0.02,0.01
2026-04-09T06:20:00.000,2.18,163.2,-2.08,0.63
2026-04-09T06:30:00.000,5.11,161.68,-4.85,1.6
2026-04-09T06:40:00.000,2.79,177.4,-2.79,0.13
2026-04-09T06:50:00.000,2.15,166.06,-2.09,0.52
2026-04-09T07:00:00.000,2.07,163.09,-1.99,0.6
2026-04-09T07:10:00.000,0.78,148.54,-0.67,0.41
2026-04-09T07:20:00.000,1.4,149.94,-1.21,0.7
2026-04-09T07:30:00.000,2.58,249.62,-0.9,-2.42
2026-04-09T07:40:00.000,4.4,251.29,-1.41,-4.17
2026-04-09T07:50:00.000,2.19,252.96,-0.64,-2.1
2026-04-09T08:00:00.000,3,253.92,-0.83,-2.89
2026-04-09T08:10:00.000,4.28,263.29,-0.5,-4.25
2026-04-09T08:20:00.000,2.9,257.14,-0.65,-2.83
2026-04-09T08:30:00.000,3.52,243.78,-1.56,-3.16
2026-04-09T08:40:00.000,2.89,250.16,-0.98,-2.71
2026-04-09T08:50:00.000,1.2,301.16,0.62,-1.03
2026-04-09T09:00:00.000,0.95,349.94,0.93,-0.17
2026-04-09T09:10:00.000,0.29,26.51,0.26,0.13
2026-04-09T09:20:00.000,0.33,101.3,-0.07,0.33
2026-04-09T09:30:00.000,1.86,257.58,-0.4,-1.81
2026-04-09T09:40:00.000,4.27,260.13,-0.73,-4.21
2026-04-09T09:50:00.000,5.42,253.15,-1.57,-5.19
2026-04-09T10:00:00.000,4.99,250.46,-1.67,-4.7
2026-04-09T10:10:00.000,4.46,256.6,-1.03,-4.34
2026-04-09T10:20:00.000,3.71,243.17,-1.68,-3.31
2026-04-09T10:30:00.000,2.96,257.06,-0.66,-2.89
2026-04-09T10:40:00.000,3.29,248.52,-1.21,-3.06
2026-04-09T10:50:00.000,2.75,249.5,-0.96,-2.58
2026-04-09T11:00:00.000,1.62,344.04,1.56,-0.45
2026-04-09T11:10:00.000,1.06,104.18,-0.26,1.03
2026-04-09T11:20:00.000,2.42,270.39,0.02,-2.42
2026-04-09T11:30:00.000,5.13,228.8,-3.38,-3.86
2026-04-09T11:40:00.000,4.09,244.46,-1.76,-3.69
2026-04-09T11:50:00.000,4.33,253.88,-1.2,-4.16
2026-04-09T12:00:00.000,5.72,253.93,-1.58,-5.49
2026-04-09T12:10:00.000,6.93,249.82,-2.39,-6.51
2026-04-09T12:20:00.000,2.91,261.22,-0.44,-2.88
2026-04-09T12:30:00.000,4.18,241.84,-1.97,-3.69
2026-04-09T12:40:00.000,1.98,270.39,0.01,-1.98
2026-04-09T12:50:00.000,2.26,234.15,-1.32,-1.83
2026-04-09T13:00:00.000,2.92,251.99,-0.9,-2.78
2026-04-09T13:10:00.000,3.52,250.77,-1.16,-3.32
2026-04-09T13:20:00.000,3.09,255.06,-0.8,-2.99
2026-04-09T13:30:00.000,0.38,60.1,0.19,0.33
2026-04-09T13:40:00.000,3.07,257.06,-0.69,-2.99
2026-04-09T13:50:00.000,3.14,272.77,0.15,-3.14
2026-04-09T14:00:00.000,2.17,282.9,0.48,-2.12
2026-04-09T14:10:00.000,1.27,309,0.8,-0.99
2026-04-09T14:20:00.000,1.09,335.58,0.99,-0.45
2026-04-09T14:30:00.000,1.45,275.53,0.14,-1.45
2026-04-09T14:40:00.000,1.15,286.43,0.33,-1.11
2026-04-09T14:50:00.000,1.29,27.47,1.15,0.6
2026-04-09T15:00:00.000,1.42,8.43,1.4,0.21
2026-04-09T15:10:00.000,3.67,358.86,3.67,-0.07
2026-04-09T15:20:00.000,3.67,348.06,3.59,-0.76
2026-04-09T15:30:00.000,3.29,4.27,3.28,0.24
2026-04-09T15:40:00.000,4.33,26.96,3.86,1.96
2026-04-09T15:50:00.000,5.45,17.36,5.2,1.63
2026-04-09T16:00:00.000,4.78,15.24,4.62,1.26
2026-04-09T16:10:00.000,2.86,358.15,2.86,-0.09
2026-04-09T16:20:00.000,2.76,37.32,2.2,1.67
2026-04-09T16:30:00.000,1.97,42.3,1.46,1.33
2026-04-09T16:40:00.000,1.6,15.54,1.54,0.43
2026-04-09T16:50:00.000,1.85,28.97,1.62,0.9
2026-04-09T17:00:00.000,1.39,29.19,1.21,0.68
2026-04-09T17:10:00.000,1.64,21.05,1.53,0.59
2026-04-09T17:20:00.000,1.57,11.56,1.54,0.32
2026-04-09T17:30:00.000,2.04,20.19,1.92,0.71
2026-04-09T17:40:00.000,1.91,35.74,1.55,1.12
2026-04-09T17:50:00.000,2.02,49.65,1.31,1.54
2026-04-09T18:00:00.000,1.87,47.56,1.26,1.38
2026-04-09T18:10:00.000,3.33,52.48,2.03,2.64
2026-04-09T18:20:00.000,2.6,43.56,1.88,1.79
2026-04-09T18:30:00.000,1.98,47.26,1.34,1.45
2026-04-09T18:40:00.000,1.31,43.15,0.96,0.9
2026-04-09T18:50:00.000,1.42,55.26,0.81,1.17
2026-04-09T19:00:00.000,2.19,87.54,0.09,2.19
2026-04-09T19:10:00.000,2.03,94.57,-0.16,2.03
2026-04-09T19:20:00.000,1.63,74.7,0.43,1.58
2026-04-09T19:30:00.000,1.7,78.42,0.34,1.66
2026-04-09T19:40:00.000,2.2,92.27,-0.09,2.2
2026-04-09T19:50:00.000,2.19,112.2,-0.83,2.03
2026-04-09T20:00:00.000,2.54,126.25,-1.5,2.05
2026-04-09T20:10:00.000,2.98,154.12,-2.68,1.3
2026-04-09T20:20:00.000,3.78,150.44,-3.29,1.87
2026-04-09T20:30:00.000,3.72,154.02,-3.35,1.63
2026-04-09T20:40:00.000,3.56,156.71,-3.27,1.41
2026-04-09T20:50:00.000,3.53,161.65,-3.36,1.11
2026-04-09T21:00:00.000,3.2,160.71,-3.02,1.06
2026-04-09T21:10:00.000,3.63,159.56,-3.4,1.27
2026-04-09T21:20:00.000,3.59,162.5,-3.43,1.08
2026-04-09T21:30:00.000,3.32,164.23,-3.2,0.9
2026-04-09T21:40:00.000,3.85,169.23,-3.78,0.72
2026-04-09T21:50:00.000,3.78,167.72,-3.69,0.8
2026-04-09T22:00:00.000,5.27,168.74,-5.17,1.03
2026-04-09T22:10:00.000,5.42,165.96,-5.25,1.31
2026-04-09T22:20:00.000,2.13,171.23,-2.11,0.33
2026-04-09T22:30:00.000,4.04,166.48,-3.93,0.95
2026-04-09T22:40:00.000,4.7,165.86,-4.56,1.15
2026-04-09T22:50:00.000,3.33,175.57,-3.32,0.26
2026-04-09T23:00:00.000,3,174.08,-2.99,0.31
2026-04-09T23:10:00.000,3.89,174.72,-3.87,0.36
2026-04-09T23:20:00.000,3.8,173.35,-3.77,0.44
2026-04-09T23:30:00.000,3.01,167.87,-2.94,0.63
2026-04-09T23:40:00.000,1.94,163.53,-1.86,0.55
2026-04-09T23:50:00.000,1.39,166.57,-1.35,0.32
2026-04-10T00:00:00.000,1.8,175.05,-1.8,0.16
2026-04-10T00:10:00.000,0.6,37.06,0.48,0.36
2026-04-10T00:20:00.000,0.97,42.77,0.71,0.66
2026-04-10T00:30:00.000,0.12,39.55,0.09,0.07
2026-04-10T00:40:00.000,0.52,43.46,0.38,0.36
2026-04-10T00:50:00.000,0.34,122.29,-0.18,0.29
2026-04-10T01:00:00.000,0.43,94.1,-0.03,0.43
2026-04-10T01:10:00.000,0.79,154.12,-0.71,0.35
2026-04-10T01:20:00.000,0.59,143.43,-0.48,0.35
2026-04-10T01:30:00.000,0.38,74.95,0.1,0.37
2026-04-10T01:40:00.000,0.36,53.1,0.22,0.29
2026-04-10T01:50:00.000,0.4,32.08,0.34,0.21
2026-04-10T02:00:00.000,0.52,46.53,0.36,0.38
2026-04-10T02:10:00.000,0.46,306.7,0.28,-0.37
2026-04-10T02:20:00.000,0.39,9.94,0.38,0.07
2026-04-10T02:30:00.000,0.55,29.66,0.48,0.27
2026-04-10T02:40:00.000,0.39,87.54,0.02,0.38
2026-04-10T02:50:00.000,0.55,114.9,-0.23,0.5
2026-04-10T03:00:00.000,0.63,125.1,-0.36,0.51
2026-04-10T03:10:00.000,0.57,109.47,-0.19,0.54
2026-04-10T03:20:00.000,0.5,108.55,-0.16,0.48
2026-04-10T03:30:00.000,0.68,129.19,-0.43,0.53
2026-04-10T03:40:00.000,0.88,151.63,-0.78,0.42
2026-04-10T03:50:00.000,1.4,164.85,-1.35,0.37
2026-04-10T04:00:00.000,1.92,171.38,-1.9,0.29
2026-04-10T04:10:00.000,2.69,173.24,-2.67,0.32
2026-04-10T04:20:00.000,2,174.13,-1.99,0.21
2026-04-10T04:30:00.000,2.15,172.24,-2.13,0.29
2026-04-10T04:40:00.000,2.8,173.86,-2.79,0.3
2026-04-10T04:50:00.000,2.46,167.21,-2.4,0.54
2026-04-10T05:00:00.000,2.92,178.48,-2.91,0.08
2026-04-10T05:10:00.000,2.1,183.79,-2.1,-0.14
2026-04-10T05:20:00.000,3.21,170.91,-3.17,0.51
2026-04-10T05:30:00.000,2.6,191.59,-2.55,-0.52
2026-04-10T05:40:00.000,2.72,162.2,-2.59,0.83
2026-04-10T05:50:00.000,1.43,80.01,0.25,1.41
2026-04-10T06:00:00.000,2.08,137.14,-1.52,1.41
2026-04-10T06:10:00.000,2.17,196.59,-2.08,-0.62
2026-04-10T06:20:00.000,0.62,335.67,0.56,-0.26
2026-04-10T06:30:00.000,1.25,72.12,0.38,1.19
2026-04-10T06:40:00.000,0.99,158.62,-0.93,0.36
2026-04-10T06:50:00.000,1.09,186.65,-1.08,-0.13
2026-04-10T07:00:00.000,1.21,334.27,1.09,-0.52
2026-04-10T07:10:00.000,2.92,261.53,-0.43,-2.89
2026-04-10T07:20:00.000,3.95,255.37,-1,-3.82
2026-04-10T07:30:00.000,4.42,255.35,-1.12,-4.28
2026-04-10T07:40:00.000,4.8,251.03,-1.56,-4.54
2026-04-10T07:50:00.000,2.62,254.83,-0.68,-2.53
2026-04-10T08:00:00.000,1.53,264.97,-0.13,-1.53
2026-04-10T08:10:00.000,1.75,263.57,-0.2,-1.74
2026-04-10T08:20:00.000,1.75,271.33,0.04,-1.75
2026-04-10T08:30:00.000,0.52,348.51,0.51,-0.1
2026-04-10T08:40:00.000,2.87,48.11,1.92,2.14
2026-04-10T08:50:00.000,3.75,60.78,1.83,3.27
2026-04-10T09:00:00.000,3.57,75.02,0.92,3.45
2026-04-10T09:10:00.000,3.24,82.76,0.41,3.21
2026-04-10T09:20:00.000,2.85,96.74,-0.33,2.84
2026-04-10T09:30:00.000,2.12,117.59,-0.98,1.88
2026-04-10T09:40:00.000,1.59,151.24,-1.39,0.76
2026-04-10T09:50:00.000,2.82,222.21,-2.09,-1.89
2026-04-10T10:00:00.000,2.61,176.53,-2.61,0.16
2026-04-10T10:10:00.000,3.12,242.93,-1.42,-2.78
2026-04-10T10:20:00.000,4.26,247.79,-1.61,-3.95
2026-04-10T10:30:00.000,1.19,185.39,-1.19,-0.11
2026-04-10T10:40:00.000,3,240.58,-1.48,-2.62
2026-04-10T10:50:00.000,3.59,246.1,-1.45,-3.28
2026-04-10T11:00:00.000,3.77,252.26,-1.15,-3.59
2026-04-10T11:10:00.000,3.8,254.23,-1.03,-3.66
2026-04-10T11:20:00.000,3.03,249.99,-1.04,-2.85
2026-04-10T11:30:00.000,3.92,251.27,-1.26,-3.71
2026-04-10T11:40:00.000,3.32,255.06,-0.86,-3.21
2026-04-10T11:50:00.000,2.41,263.66,-0.27,-2.4
2026-04-10T12:00:00.000,4.58,256.98,-1.03,-4.46
2026-04-10T12:10:00.000,3.77,262.78,-0.47,-3.74
2026-04-10T12:20:00.000,5.6,261,-0.88,-5.53
2026-04-10T12:30:00.000,3.29,254.1,-0.9,-3.16
2026-04-10T12:40:00.000,3.96,273.1,0.21,-3.95
2026-04-10T12:50:00.000,2.27,251.95,-0.7,-2.15
2026-04-10T13:00:00.000,3.81,262.69,-0.49,-3.78
2026-04-10T13:10:00.000,3.3,237.42,-1.78,-2.78
2026-04-10T13:20:00.000,2.77,263.37,-0.32,-2.75
2026-04-10T13:30:00.000,2.96,273.23,0.17,-2.96
2026-04-10T13:40:00.000,3.09,258.2,-0.63,-3.03
2026-04-10T13:50:00.000,3.06,225.39,-2.15,-2.18
2026-04-10T14:00:00.000,3.54,266.19,-0.24,-3.54
2026-04-10T14:10:00.000,3.05,259.42,-0.56,-2.99
2026-04-10T14:20:00.000,3.43,269.25,-0.04,-3.43
2026-04-10T14:30:00.000,3.78,240.59,-1.86,-3.29
2026-04-10T14:40:00.000,3.03,269.16,-0.04,-3.03
2026-04-10T14:50:00.000,3.71,231.88,-2.29,-2.92
2026-04-10T15:00:00.000,3.22,263.71,-0.35,-3.2
2026-04-10T15:10:00.000,4.82,259.5,-0.88,-4.74
2026-04-10T15:20:00.000,5.19,258.21,-1.06,-5.08
2026-04-10T15:30:00.000,5.39,258.54,-1.07,-5.28
2026-04-10T15:40:00.000,4.97,254.18,-1.36,-4.79
2026-04-10T15:50:00.000,4.78,253.97,-1.32,-4.6
2026-04-10T16:00:00.000,5.07,254.65,-1.34,-4.89
2026-04-10T16:10:00.000,2.1,261.32,-0.32,-2.08
2026-04-10T16:20:00.000,2.19,270.61,0.02,-2.19
2026-04-10T16:30:00.000,0.41,319.65,0.31,-0.27
2026-04-10T16:40:00.000,2.47,27.21,2.2,1.13
2026-04-10T16:50:00.000,5.32,31.77,4.53,2.8
2026-04-10T17:00:00.000,4.9,54.69,2.83,4
2026-04-10T17:10:00.000,4.01,50.79,2.54,3.11
2026-04-10T17:20:00.000,2.44,31.37,2.08,1.27
2026-04-10T17:30:00.000,1.65,47.22,1.12,1.21
2026-04-10T17:40:00.000,2.08,40.62,1.58,1.36
2026-04-10T17:50:00.000,3.77,2.54,3.77,0.17
2026-04-10T18:00:00.000,3.37,24.42,3.07,1.39
2026-04-10T18:10:00.000,3.46,357.2,3.45,-0.17
2026-04-10T18:20:00.000,1.99,13.37,1.94,0.46
2026-04-10T18:30:00.000,1.22,15.09,1.17,0.32
2026-04-10T18:40:00.000,1.4,68.34,0.52,1.3
2026-04-10T18:50:00.000,0.87,96.93,-0.11,0.87
2026-04-10T19:00:00.000,1.97,157.51,-1.82,0.76
2026-04-10T19:10:00.000,3.06,169.06,-3,0.58
2026-04-10T19:20:00.000,4.39,170.39,-4.32,0.73
2026-04-10T19:30:00.000,2.68,173.29,-2.66,0.31
2026-04-10T19:40:00.000,3.52,174.13,-3.5,0.36
2026-04-10T19:50:00.000,4.64,173.63,-4.61,0.51
2026-04-10T20:00:00.000,5.14,172.52,-5.1,0.67
2026-04-10T20:10:00.000,4.82,170.74,-4.76,0.78
2026-04-10T20:20:00.000,4.34,168.73,-4.26,0.85
2026-04-10T20:30:00.000,4.15,185.72,-4.13,-0.41
2026-04-10T20:40:00.000,3.76,171.59,-3.72,0.55
2026-04-10T20:50:00.000,3.52,155.18,-3.19,1.48
2026-04-10T21:00:00.000,2.23,147.94,-1.89,1.19
2026-04-10T21:10:00.000,0.65,62.32,0.3,0.58
2026-04-10T21:20:00.000,1.37,11.27,1.34,0.27
2026-04-10T21:30:00.000,1.07,285.05,0.28,-1.03
2026-04-10T21:40:00.000,0.92,6.02,0.91,0.1
2026-04-10T21:50:00.000,0.67,345.39,0.64,-0.17
2026-04-10T22:00:00.000,2.68,281.16,0.52,-2.63
2026-04-10T22:10:00.000,5.59,238.47,-2.92,-4.76
2026-04-10T22:20:00.000,4.65,258.61,-0.92,-4.56
2026-04-10T22:30:00.000,4.52,256.77,-1.03,-4.4
2026-04-10T22:40:00.000,5.93,256.02,-1.43,-5.76
2026-04-10T22:50:00.000,5.69,255.24,-1.45,-5.51
2026-04-10T23:00:00.000,5.54,259.64,-1,-5.45
2026-04-10T23:10:00.000,6.03,262.58,-0.78,-5.98
2026-04-10T23:20:00.000,6.29,265.29,-0.52,-6.27
2026-04-10T23:30:00.000,6.9,264.41,-0.67,-6.86
2026-04-10T23:40:00.000,6.98,257.77,-1.48,-6.82
2026-04-10T23:50:00.000,6.43,261.96,-0.9,-6.37
2026-04-11T00:00:00.000,6.03,252.28,-1.84,-5.74
2026-04-11T00:10:00.000,1.25,277.72,0.17,-1.24
2026-04-11T00:20:00.000,0.42,219.65,-0.32,-0.27
2026-04-11T00:30:00.000,1.71,261.4,-0.26,-1.69
2026-04-11T00:40:00.000,4.89,247.36,-1.88,-4.51
2026-04-11T00:50:00.000,2.3,258.26,-0.47,-2.25
2026-04-11T01:00:00.000,5.26,257.43,-1.14,-5.14
2026-04-11T01:10:00.000,4.62,267.05,-0.24,-4.62
2026-04-11T01:20:00.000,3.91,256.73,-0.9,-3.81
2026-04-11T01:30:00.000,0.92,354.17,0.91,-0.09
2026-04-11T01:40:00.000,0.79,101.47,-0.16,0.77
2026-04-11T01:50:00.000,1.54,90.6,-0.02,1.54
2026-04-11T02:00:00.000,3.74,177.52,-3.74,0.16
2026-04-11T02:10:00.000,2.1,132.5,-1.42,1.55
2026-04-11T02:20:00.000,0.26,351.33,0.26,-0.04
2026-04-11T02:30:00.000,1.03,35.82,0.83,0.6
2026-04-11T02:40:00.000,0.54,55.05,0.31,0.44
2026-04-11T02:50:00.000,1.86,149.97,-1.61,0.93
2026-04-11T03:00:00.000,2.37,173.77,-2.35,0.26
2026-04-11T03:10:00.000,1.64,134.3,-1.15,1.18
2026-04-11T03:20:00.000,0.96,48.99,0.63,0.72
2026-04-11T03:30:00.000,1.12,32.1,0.95,0.59
2026-04-11T03:40:00.000,1.3,22.59,1.2,0.5
2026-04-11T03:50:00.000,1.16,23.26,1.07,0.46
2026-04-11T04:00:00.000,1.37,356.01,1.37,-0.1
2026-04-11T04:10:00.000,0.86,325.22,0.7,-0.49
2026-04-11T04:20:00.000,1.81,283.38,0.42,-1.76
2026-04-11T04:30:00.000,3.24,252.94,-0.95,-3.09
2026-04-11T04:40:00.000,2.79,256.36,-0.66,-2.71
2026-04-11T04:50:00.000,2.66,261.95,-0.37,-2.64
2026-04-11T05:00:00.000,3.06,266.32,-0.2,-3.06
2026-04-11T05:10:00.000,2.61,264.06,-0.27,-2.59
2026-04-11T05:20:00.000,2.53,255.37,-0.64,-2.45
2026-04-11T05:30:00.000,1.93,265.48,-0.15,-1.92
2026-04-11T05:40:00.000,1.14,273.32,0.07,-1.14
2026-04-11T05:50:00.000,0.45,2.89,0.45,0.02
2026-04-11T06:00:00.000,0.94,66.06,0.38,0.86
2026-04-11T06:10:00.000,0.69,96.34,-0.08,0.69
2026-04-11T06:20:00.000,0.38,90.52,0,0.38
2026-04-11T06:30:00.000,0.32,62.4,0.15,0.29
2026-04-11T06:40:00.000,0.64,26.42,0.57,0.28
2026-04-11T06:50:00.000,1.19,22.58,1.1,0.46
2026-04-11T07:00:00.000,2.75,24.23,2.51,1.13
2026-04-11T07:10:00.000,3.1,29.21,2.7,1.51
2026-04-11T07:20:00.000,4.93,48.6,3.26,3.7
2026-04-11T07:30:00.000,3.74,58.11,1.98,3.18
2026-04-11T07:40:00.000,1.42,30.14,1.22,0.71
2026-04-11T07:50:00.000,0.93,32.08,0.78,0.49
2026-04-11T08:00:00.000,1.67,39.25,1.3,1.06
2026-04-11T08:10:00.000,2.45,52.11,1.5,1.93
2026-04-11T08:20:00.000,2.39,67.78,0.9,2.21
2026-04-11T08:30:00.000,2.51,94.15,-0.18,2.5
2026-04-11T08:40:00.000,4.73,73.99,1.3,4.55
2026-04-11T08:50:00.000,2.99,66.06,1.21,2.73
2026-04-11T09:00:00.000,2.05,83.56,0.23,2.04
2026-04-11T09:10:00.000,1.95,96.75,-0.23,1.94
2026-04-11T09:20:00.000,1.86,108.55,-0.59,1.77
2026-04-11T09:30:00.000,2,135.94,-1.44,1.39
2026-04-11T09:40:00.000,1.88,146.14,-1.56,1.05
2026-04-11T09:50:00.000,2.21,161.64,-2.09,0.69
2026-04-11T10:00:00.000,2.8,174.21,-2.78,0.28
2026-04-11T10:10:00.000,3.25,165.46,-3.14,0.81
2026-04-11T10:20:00.000,3.53,166.93,-3.44,0.8
2026-04-11T10:30:00.000,4.61,168.18,-4.52,0.94
2026-04-11T10:40:00.000,3.37,168.02,-3.3,0.7
2026-04-11T10:50:00.000,2.53,162.17,-2.41,0.78
2026-04-11T11:00:00.000,2.26,165.04,-2.18,0.58
2026-04-11T11:10:00.000,3.68,170.74,-3.64,0.59
2026-04-11T11:20:00.000,4.32,162.56,-4.13,1.3
2026-04-11T11:30:00.000,4.18,162.08,-3.98,1.29
2026-04-11T11:40:00.000,4.44,163.92,-4.26,1.23
2026-04-11T11:50:00.000,4.24,165.56,-4.11,1.06
2026-04-11T12:00:00.000,5.24,165.18,-5.06,1.34
2026-04-11T12:10:00.000,5.2,175.12,-5.18,0.44
2026-04-11T12:20:00.000,4.31,171.01,-4.26,0.67
2026-04-11T12:30:00.000,4.81,168.22,-4.7,0.98
2026-04-11T12:40:00.000,4.46,182.52,-4.46,-0.2
2026-04-11T12:50:00.000,4.78,179.38,-4.78,0.05
2026-04-11T13:00:00.000,0.95,55.61,0.54,0.79
2026-04-11T13:10:00.000,1.31,24.1,1.19,0.53
2026-04-11T13:20:00.000,0.91,3.67,0.91,0.06
2026-04-11T13:30:00.000,0.9,357.53,0.9,-0.04
2026-04-11T13:40:00.000,0.71,29.5,0.62,0.35
2026-04-11T13:50:00.000,0.69,351.25,0.68,-0.1
2026-04-11T14:00:00.000,1.33,253.43,-0.38,-1.28
2026-04-11T14:10:00.000,0.76,307.78,0.47,-0.6
2026-04-11T14:20:00.000,0.58,288.89,0.19,-0.55
2026-04-11T14:30:00.000,1.91,266.07,-0.13,-1.9
2026-04-11T14:40:00.000,3.28,250.09,-1.12,-3.09
2026-04-11T14:50:00.000,2.68,248.69,-0.97,-2.5
2026-04-11T15:00:00.000,1.84,251.15,-0.6,-1.74
2026-04-11T15:10:00.000,1.05,275.18,0.09,-1.04
2026-04-11T15:20:00.000,1.09,328.11,0.93,-0.58
2026-04-11T15:30:00.000,1.75,340.29,1.65,-0.59
2026-04-11T15:40:00.000,2.61,316.92,1.9,-1.78
2026-04-11T15:50:00.000,4.22,1.36,4.22,0.1
2026-04-11T16:00:00.000,3.85,21.21,3.59,1.39
2026-04-11T16:10:00.000,2.82,335.45,2.57,-1.17
2026-04-11T16:20:00.000,4.33,331.92,3.82,-2.04
2026-04-11T16:30:00.000,3.81,16.11,3.66,1.06
2026-04-11T16:40:00.000,2.94,353.09,2.91,-0.35
2026-04-11T16:50:00.000,1.87,1.16,1.87,0.04
2026-04-11T17:00:00.000,1.75,37.71,1.38,1.07
2026-04-11T17:10:00.000,1.78,2.84,1.78,0.09
2026-04-11T17:20:00.000,3.08,8.45,3.04,0.45
2026-04-11T17:30:00.000,2.54,334.97,2.3,-1.07
2026-04-11T17:40:00.000,4.65,325.26,3.82,-2.65
2026-04-11T17:50:00.000,4.18,323.82,3.37,-2.47
2026-04-11T18:00:00.000,4.72,322.58,3.75,-2.87
2026-04-11T18:10:00.000,4.11,312.74,2.79,-3.02
2026-04-11T18:20:00.000,3.22,312.27,2.17,-2.39
2026-04-11T18:30:00.000,3.69,318.1,2.74,-2.46
2026-04-11T18:40:00.000,3.29,314.23,2.3,-2.36
2026-04-11T18:50:00.000,3.5,323.35,2.81,-2.09
2026-04-11T19:00:00.000,3.44,328.82,2.94,-1.78
2026-04-11T19:10:00.000,4.98,336.5,4.57,-1.99
2026-04-11T19:20:00.000,4.67,344.33,4.5,-1.26
2026-04-11T19:30:00.000,3.68,3.09,3.68,0.2
2026-04-11T19:40:00.000,4.85,0.39,4.85,0.03
2026-04-11T19:50:00.000,3.9,342.99,3.73,-1.14
2026-04-11T20:00:00.000,3.46,359.02,3.46,-0.06
2026-04-11T20:10:00.000,2.36,348.77,2.31,-0.46
2026-04-11T20:20:00.000,3.18,346.95,3.1,-0.72
2026-04-11T20:30:00.000,3.14,350.01,3.1,-0.55
2026-04-11T20:40:00.000,2.49,341.45,2.36,-0.79
2026-04-11T20:50:00.000,1.84,349.25,1.81,-0.34
2026-04-11T21:00:00.000,0.89,357.67,0.89,-0.04
2026-04-11T21:10:00.000,1.37,178.91,-1.37,0.03
2026-04-11T21:20:00.000,2.45,179.45,-2.45,0.02
2026-04-11T21:30:00.000,3.59,180.81,-3.59,-0.05
2026-04-11T21:40:00.000,1.11,93.88,-0.07,1.1
2026-04-11T21:50:00.000,1.59,161.02,-1.5,0.52
2026-04-11T22:00:00.000,3.15,155.65,-2.87,1.3
2026-04-11T22:10:00.000,2.58,179.64,-2.58,0.02
2026-04-11T22:20:00.000,0.63,80.25,0.11,0.62
2026-04-11T22:30:00.000,0.95,21.68,0.89,0.35
2026-04-11T22:40:00.000,1.18,30.2,1.02,0.59
2026-04-11T22:50:00.000,1.17,46.24,0.81,0.85
2026-04-11T23:00:00.000,0.81,20.68,0.76,0.29
2026-04-11T23:10:00.000,1.09,45.14,0.77,0.77
2026-04-11T23:20:00.000,1.49,36.17,1.21,0.88
2026-04-11T23:30:00.000,1.27,41.64,0.95,0.84
2026-04-11T23:40:00.000,1.62,67.03,0.63,1.49
2026-04-11T23:50:00.000,1.88,130.13,-1.21,1.43
2026-04-12T00:00:00.000,1.43,38.63,1.12,0.89
2026-04-12T00:10:00.000,1.45,43.58,1.05,1
2026-04-12T00:20:00.000,2.04,34.7,1.68,1.16
2026-04-12T00:30:00.000,1.46,51.66,0.91,1.15
2026-04-12T00:40:00.000,1.17,109.11,-0.38,1.1
2026-04-12T00:50:00.000,1.43,50.1,0.92,1.1
2026-04-12T01:00:00.000,2.15,40.79,1.63,1.41
2026-04-12T01:10:00.000,1.52,69.49,0.53,1.42
2026-04-12T01:20:00.000,1.48,21.55,1.38,0.54
2026-04-12T01:30:00.000,1.1,19.95,1.04,0.38
2026-04-12T01:40:00.000,6.28,215.29,-5.13,-3.63
2026-04-12T01:50:00.000,5.54,230.28,-3.54,-4.26
2026-04-12T02:00:00.000,6.12,227.69,-4.12,-4.53
2026-04-12T02:10:00.000,3.12,238.61,-1.62,-2.66
2026-04-12T02:20:00.000,9.34,220.17,-7.14,-6.02
2026-04-12T02:30:00.000,10.58,223.42,-7.69,-7.28
2026-04-12T02:40:00.000,9.97,219.88,-7.65,-6.39
2026-04-12T02:50:00.000,11.78,222.51,-8.68,-7.96
2026-04-12T03:00:00.000,3.88,233.91,-2.29,-3.14
2026-04-12T03:10:00.000,10.1,219.63,-7.78,-6.44
2026-04-12T03:20:00.000,10.38,227.48,-7.01,-7.65
2026-04-12T03:30:00.000,12.79,229.06,-8.38,-9.66
2026-04-12T03:40:00.000,10.31,224.7,-7.33,-7.25
2026-04-12T03:50:00.000,13.66,226.98,-9.32,-9.99
2026-04-12T04:00:00.000,13.78,225.09,-9.73,-9.76
2026-04-12T04:10:00.000,14.51,226.68,-9.95,-10.55
2026-04-12T04:20:00.000,16.69,221.24,-12.55,-11
2026-04-12T04:30:00.000,18.84,222.69,-13.85,-12.77
2026-04-12T04:40:00.000,18.41,218.75,-14.35,-11.52
2026-04-12T04:50:00.000,22.92,219.45,-17.7,-14.57
2026-04-12T05:00:00.000,26.45,218.8,-20.62,-16.58
2026-04-12T05:10:00.000,25.79,217.48,-20.47,-15.7
2026-04-12T05:20:00.000,23.81,213.59,-19.84,-13.17
2026-04-12T05:30:00.000,23.37,212.95,-19.61,-12.71
2026-04-12T05:40:00.000,22.94,210,-19.86,-11.47
2026-04-12T05:50:00.000,23.72,208.88,-20.77,-11.46
2026-04-12T06:00:00.000,21.76,212.49,-18.35,-11.69
2026-04-12T06:10:00.000,23.19,208.25,-20.43,-10.98
2026-04-12T06:20:00.000,24.59,216.41,-19.79,-14.6
2026-04-12T06:30:00.000,21.18,218.52,-16.57,-13.19
2026-04-12T06:40:00.000,21.37,218.99,-16.61,-13.44
2026-04-12T06:50:00.000,19.14,214.87,-15.7,-10.94
2026-04-12T07:00:00.000,22.28,211.45,-19.01,-11.63
2026-04-12T07:10:00.000,30.2,214.15,-25,-16.95
2026-04-12T07:20:00.000,26.72,207.39,-23.72,-12.29
2026-04-12T07:30:00.000,26.43,209.37,-23.03,-12.96
2026-04-12T07:40:00.000,25.24,217.12,-20.12,-15.23
2026-04-12T07:50:00.000,19.29,220.33,-14.7,-12.48
2026-04-12T08:00:00.000,25.51,209.99,-22.1,-12.75
2026-04-12T08:10:00.000,22.17,218.47,-17.36,-13.79
2026-04-12T08:20:00.000,17.22,232.82,-10.41,-13.72
2026-04-12T08:30:00.000,19.55,235.44,-11.09,-16.1
2026-04-12T08:40:00.000,15.74,239.09,-8.09,-13.51
2026-04-12T08:50:00.000,21.22,226.68,-14.56,-15.44
2026-04-12T09:00:00.000,23.26,232.47,-14.17,-18.45
2026-04-12T09:10:00.000,17.45,225.7,-12.19,-12.49
2026-04-12T09:20:00.000,22.02,229.52,-14.29,-16.75
2026-04-12T09:30:00.000,15.93,229.67,-10.31,-12.14
2026-04-12T09:40:00.000,12.72,259.64,-2.29,-12.51
2026-04-12T09:50:00.000,26.33,250.34,-8.86,-24.8
2026-04-12T10:00:00.000,20.35,244.88,-8.64,-18.43
2026-04-12T10:10:00.000,15.5,256.58,-3.6,-15.08
2026-04-12T10:20:00.000,14.68,260.18,-2.5,-14.46
2026-04-12T10:30:00.000,14.22,260.21,-2.42,-14.02
2026-04-12T10:40:00.000,11.96,259,-2.28,-11.74
2026-04-12T10:50:00.000,19.38,261.63,-2.82,-19.17
2026-04-12T11:00:00.000,18.63,259.39,-3.43,-18.32
2026-04-12T11:10:00.000,11.79,260.12,-2.02,-11.62
2026-04-12T11:20:00.000,16.84,234.18,-9.86,-13.66
2026-04-12T11:30:00.000,13.17,257.77,-2.79,-12.87
2026-04-12T11:40:00.000,21.84,253.78,-6.1,-20.97
2026-04-12T11:50:00.000,12.46,260.81,-1.99,-12.3
2026-04-12T12:00:00.000,14.3,257.97,-2.98,-13.99
2026-04-12T12:10:00.000,19.04,240.83,-9.28,-16.63
2026-04-12T12:20:00.000,15.61,255.71,-3.85,-15.13
2026-04-12T12:30:00.000,18.93,261.01,-2.96,-18.69
2026-04-12T12:40:00.000,13.43,265.08,-1.15,-13.38
2026-04-12T12:50:00.000,15.74,260.27,-2.66,-15.52
2026-04-12T13:00:00.000,12.45,270.91,0.2,-12.45
2026-04-12T13:10:00.000,11.94,270.37,0.08,-11.94
2026-04-12T13:20:00.000,17.48,268.63,-0.42,-17.47
2026-04-12T13:30:00.000,10.48,274.2,0.77,-10.45
2026-04-12T13:40:00.000,16.74,265.64,-1.27,-16.69
2026-04-12T13:50:00.000,9.56,273.46,0.58,-9.54
2026-04-12T14:00:00.000,13.41,270.79,0.18,-13.41
2026-04-12T14:10:00.000,12.37,270.91,0.2,-12.37
2026-04-12T14:20:00.000,10.6,273.01,0.56,-10.58
2026-04-12T14:30:00.000,16.38,266.65,-0.96,-16.35
2026-04-12T14:40:00.000,8.71,276.25,0.95,-8.66
2026-04-12T14:50:00.000,10.1,242.94,-4.6,-9
2026-04-12T15:00:00.000,14.11,247.7,-5.35,-13.05
2026-04-12T15:10:00.000,13.53,273.15,0.74,-13.51
2026-04-12T15:20:00.000,10.81,282.73,2.38,-10.54
2026-04-12T15:30:00.000,12.13,274.32,0.91,-12.1
2026-04-12T15:40:00.000,12.92,268.13,-0.42,-12.91
2026-04-12T15:50:00.000,9.85,270.21,0.04,-9.85
2026-04-12T16:00:00.000,10.25,278.23,1.47,-10.14
2026-04-12T16:10:00.000,11.85,274.21,0.87,-11.82
2026-04-12T16:20:00.000,8.28,288.81,2.67,-7.84
2026-04-12T16:30:00.000,10.67,272.49,0.46,-10.66
2026-04-12T16:40:00.000,10.85,283.68,2.57,-10.54
2026-04-12T16:50:00.000,9.91,274.43,0.77,-9.88
2026-04-12T17:00:00.000,10.96,269.49,-0.1,-10.96
2026-04-12T17:10:00.000,8.09,278,1.13,-8.01
2026-04-12T17:20:00.000,8.4,278.64,1.26,-8.31
2026-04-12T17:30:00.000,9.47,279.52,1.57,-9.34
2026-04-12T17:40:00.000,8.5,271.02,0.15,-8.5
2026-04-12T17:50:00.000,8.38,258.46,-1.68,-8.21
2026-04-12T18:00:00.000,6.6,281,1.26,-6.48
2026-04-12T18:10:00.000,6.94,263.1,-0.83,-6.89
2026-04-12T18:20:00.000,5.44,257.51,-1.18,-5.31
2026-04-12T18:30:00.000,3.53,250.24,-1.19,-3.32
2026-04-12T18:40:00.000,1.98,271.51,0.05,-1.98
2026-04-12T18:50:00.000,1.51,321.39,1.18,-0.94
2026-04-12T19:00:00.000,2.06,300.03,1.03,-1.78
2026-04-12T19:10:00.000,2.12,300.42,1.07,-1.83
2026-04-12T19:20:00.000,2.37,25.22,2.14,1.01
2026-04-12T19:30:00.000,1.66,355.94,1.65,-0.12
2026-04-12T19:40:00.000,0.8,48.1,0.53,0.6
2026-04-12T19:50:00.000,1.35,31.43,1.15,0.71
2026-04-12T20:00:00.000,1.47,48.23,0.98,1.1
2026-04-12T20:10:00.000,0.87,11.86,0.86,0.18
2026-04-12T20:20:00.000,1.06,56.53,0.59,0.89
2026-04-12T20:30:00.000,1.72,118.45,-0.82,1.52
2026-04-12T20:40:00.000,2.52,127.18,-1.52,2.01
2026-04-12T20:50:00.000,1.78,132.68,-1.2,1.31
2026-04-12T21:00:00.000,1.41,145.09,-1.16,0.81
2026-04-12T21:10:00.000,1.18,128.38,-0.73,0.92
2026-04-12T21:20:00.000,3.06,223.31,-2.23,-2.1
2026-04-12T21:30:00.000,2.89,219.72,-2.22,-1.84
2026-04-12T21:40:00.000,9,262.64,-1.15,-8.93
2026-04-12T21:50:00.000,6.53,249.62,-2.27,-6.12
2026-04-12T22:00:00.000,10.3,269.58,-0.08,-10.3
2026-04-12T22:10:00.000,12.21,263.92,-1.29,-12.14
2026-04-12T22:20:00.000,15.58,274.74,1.29,-15.53
2026-04-12T22:30:00.000,7.59,291.23,2.75,-7.07
2026-04-12T22:40:00.000,12.39,275.1,1.1,-12.35
2026-04-12T22:50:00.000,13.01,265.08,-1.12,-12.96
2026-04-12T23:00:00.000,14.09,261.18,-2.16,-13.92
2026-04-12T23:10:00.000,14.81,266.68,-0.86,-14.78
2026-04-12T23:20:00.000,8.57,273.81,0.57,-8.55
2026-04-12T23:30:00.000,10.95,266.44,-0.68,-10.93
2026-04-12T23:40:00.000,13.68,254.33,-3.69,-13.17
2026-04-12T23:50:00.000,11.48,261.3,-1.74,-11.35
2026-04-13T00:00:00.000,11.31,250.48,-3.78,-10.66
2026-04-13T00:10:00.000,14.01,254.18,-3.82,-13.48
2026-04-13T00:20:00.000,11.84,256.36,-2.79,-11.51
2026-04-13T00:30:00.000,16.03,256.1,-3.85,-15.56
2026-04-13T00:40:00.000,15.2,251.75,-4.76,-14.44
2026-04-13T00:50:00.000,12.73,259.86,-2.24,-12.53
2026-04-13T01:00:00.000,10.5,265.93,-0.75,-10.47
2026-04-13T01:10:00.000,14.56,253.68,-4.09,-13.97
2026-04-13T01:20:00.000,14.89,255.96,-3.61,-14.45
2026-04-13T01:30:00.000,13.65,254.6,-3.63,-13.16
2026-04-13T01:40:00.000,13.35,258.52,-2.66,-13.08
2026-04-13T01:50:00.000,12.64,263.42,-1.45,-12.55
2026-04-13T02:00:00.000,14.08,262.41,-1.86,-13.95
2026-04-13T02:10:00.000,10.27,289.69,3.46,-9.67
2026-04-13T02:20:00.000,11.84,279.16,1.88,-11.69
2026-04-13T02:30:00.000,9.91,271.24,0.21,-9.91
2026-04-13T02:40:00.000,7.05,275.79,0.71,-7.02
2026-04-13T02:50:00.000,10.69,267.67,-0.44,-10.68
2026-04-13T03:00:00.000,8.82,259.86,-1.55,-8.69
2026-04-13T03:10:00.000,11.48,254.75,-3.02,-11.08
2026-04-13T03:20:00.000,7.2,272.93,0.37,-7.19
2026-04-13T03:30:00.000,7.64,264.44,-0.74,-7.6
2026-04-13T03:40:00.000,9.14,278.89,1.41,-9.03
2026-04-13T03:50:00.000,8.64,267.82,-0.33,-8.64
2026-04-13T04:00:00.000,9.36,269.38,-0.1,-9.36
2026-04-13T04:10:00.000,8.27,278.63,1.24,-8.18
2026-04-13T04:20:00.000,7.73,268.33,-0.23,-7.72
2026-04-13T04:30:00.000,5.16,270.75,0.07,-5.16
2026-04-13T04:40:00.000,4.91,268.68,-0.11,-4.91
2026-04-13T04:50:00.000,5.33,260.88,-0.84,-5.26
2026-04-13T05:00:00.000,3.54,308.61,2.21,-2.77
2026-04-13T05:10:00.000,1.77,313.97,1.23,-1.27
2026-04-13T05:20:00.000,1.56,347.04,1.52,-0.35
2026-04-13T05:30:00.000,1.4,15.03,1.35,0.36
2026-04-13T05:40:00.000,1.65,29.59,1.43,0.81
2026-04-13T05:50:00.000,1.57,24.2,1.43,0.64
2026-04-13T06:00:00.000,1.95,53.9,1.15,1.57
2026-04-13T06:10:00.000,1.72,60.94,0.83,1.5
2026-04-13T06:20:00.000,2.41,46.79,1.65,1.75
2026-04-13T06:30:00.000,1.54,32.82,1.3,0.84
2026-04-13T06:40:00.000,1.51,68.7,0.55,1.4
2026-04-13T06:50:00.000,1.5,87.85,0.06,1.5
2026-04-13T07:00:00.000,1.62,87.75,0.06,1.61
2026-04-13T07:10:00.000,3.52,65.35,1.47,3.2
2026-04-13T07:20:00.000,6.48,42.98,4.74,4.42
2026-04-13T07:30:00.000,5.74,47.64,3.87,4.24
2026-04-13T07:40:00.000,6.21,25.51,5.6,2.67
2026-04-13T07:50:00.000,5.48,22.98,5.05,2.14
2026-04-13T08:00:00.000,4.37,41.74,3.26,2.91
2026-04-13T08:10:00.000,4.74,45.01,3.35,3.35
2026-04-13T08:20:00.000,5.12,54.89,2.94,4.19
2026-04-13T08:30:00.000,5.42,56.07,3.02,4.49
2026-04-13T08:40:00.000,5.81,54.39,3.38,4.72
2026-04-13T08:50:00.000,2.19,33.94,1.81,1.22
2026-04-13T09:00:00.000,1.49,23.01,1.37,0.58
2026-04-13T09:10:00.000,1.41,63.79,0.62,1.27
2026-04-13T09:20:00.000,1.52,81.87,0.21,1.5
2026-04-13T09:30:00.000,1.01,66.2,0.41,0.93
2026-04-13T09:40:00.000,1.39,50.81,0.88,1.08
2026-04-13T09:50:00.000,1.6,26.59,1.43,0.72
2026-04-13T10:00:00.000,2.12,353.45,2.11,-0.24
2026-04-13T10:10:00.000,3.94,325.77,3.25,-2.21
2026-04-13T10:20:00.000,2.43,324.92,1.99,-1.39
2026-04-13T10:30:00.000,0.39,359.46,0.39,0
2026-04-13T10:40:00.000,1.35,181.86,-1.35,-0.04
2026-04-13T10:50:00.000,3.1,174.56,-3.08,0.29
2026-04-13T11:00:00.000,24.78,41.83,18.47,16.53
2026-04-13T11:10:00.000,24.36,160.04,-22.9,8.32
2026-04-13T11:20:00.000,24.04,204.25,-21.92,-9.87
2026-04-13T11:30:00.000,24.02,69.79,8.3,22.54
