time,temp - depth 100,temp - depth 99,temp - depth 97,temp - depth 95,temp - depth 85,Station
23/02/2026 16:00,21.77216267,21.61447036,22.07985498,21.5529319,21.98126517,In
23/02/2026 16:10,21.77216267,21.61447036,22.07985498,21.3529319,21.98126517,In
23/02/2026 16:20,21.77216267,21.61447036,22.07985498,21.3529319,21.98126517,In
23/02/2026 16:30,21.77216267,21.61447036,22.07985498,21.5529319,21.98126517,In
23/02/2026 16:40,21.97216267,21.61447036,22.07985498,21.3529319,21.98126517,In
23/02/2026 16:50,21.77216267,21.61447036,22.07985498,21.5529319,21.98126517,In
23/02/2026 17:00,21.77216267,21.61447036,22.07985498,21.5529319,21.98126517,In
23/02/2026 17:10,21.77216267,21.61447036,22.07985498,21.5529319,21.98126517,In
23/02/2026 17:20,21.77216267,21.61447036,22.07985498,21.5529319,21.98126517,In
23/02/2026 17:30,21.77216267,21.61447036,22.07985498,21.3529319,21.98126517,In
23/02/2026 17:40,21.77216267,21.61447036,22.07985498,21.3529319,21.98126517,In
23/02/2026 17:50,21.77216267,21.71447036,22.07985498,21.3529319,22.10424438,In
23/02/2026 18:00,21.77216267,21.61447036,22.07985498,21.3529319,21.98126517,In
23/02/2026 18:10,21.77216267,21.61447036,22.07985498,21.3529319,21.98126517,In
23/02/2026 18:20,21.77216267,21.61447036,22.07985498,21.5529319,21.98126517,In
23/02/2026 18:30,21.77216267,21.61447036,22.07985498,21.3529319,21.98126517,In
23/02/2026 18:40,21.77216267,21.61447036,22.07985498,21.3529319,21.98126517,In
23/02/2026 18:50,21.77216267,21.61447036,22.07985498,21.3529319,21.98126517,In
23/02/2026 19:00,21.77216267,21.71447036,22.07985498,21.5529319,21.98126517,In
23/02/2026 19:10,21.77216267,21.61447036,22.07985498,21.5529319,21.98126517,In
23/02/2026 19:20,21.77216267,21.61447036,22.07985498,21.5529319,21.98126517,In
23/02/2026 19:30,21.77216267,21.61447036,22.07985498,21.3529319,21.98126517,In
23/02/2026 19:40,21.77216267,21.61447036,22.07985498,21.3529319,21.98126517,In
23/02/2026 19:50,21.97216267,21.61447036,22.07985498,21.5529319,21.98126517,In
23/02/2026 20:00,21.77216267,21.61447036,22.07985498,21.3529319,21.98126517,In
23/02/2026 20:10,21.97216267,21.61447036,22.07985498,21.3529319,21.98126517,In
23/02/2026 20:20,21.77216267,21.61447036,22.07985498,21.5529319,21.98126517,In
23/02/2026 20:30,21.77216267,21.61447036,22.07985498,21.3529319,21.98126517,In
23/02/2026 20:40,21.77216267,21.61447036,22.07985498,21.3529319,21.98126517,In
23/02/2026 20:50,21.77216267,21.61447036,22.07985498,21.3529319,21.98126517,In
23/02/2026 21:00,21.77216267,21.71447036,22.07985498,21.5529319,22.10424438,In
23/02/2026 21:10,21.77216267,21.61447036,22.07985498,21.5529319,21.98126517,In
23/02/2026 21:20,21.77216267,21.71447036,22.07985498,21.5529319,21.98126517,In
23/02/2026 21:30,21.77216267,21.61447036,22.07985498,21.3529319,22.10424438,In
23/02/2026 21:40,21.77216267,21.61447036,22.07985498,21.5529319,21.98126517,In
23/02/2026 21:50,21.97216267,21.61447036,22.07985498,21.3529319,21.98126517,In
23/02/2026 22:00,21.77216267,21.61447036,22.07985498,21.3529319,21.98126517,In
23/02/2026 22:10,21.77216267,21.61447036,22.07985498,21.3529319,21.98126517,In
23/02/2026 22:20,21.77216267,21.61447036,22.07985498,21.3529319,21.98126517,In
23/02/2026 22:30,21.77216267,21.61447036,22.07985498,21.3529319,21.98126517,In
23/02/2026 22:40,21.77216267,21.71447036,22.07985498,21.5529319,21.98126517,In
23/02/2026 22:50,21.77216267,21.71447036,22.07985498,21.5529319,21.98126517,In
23/02/2026 23:00,21.77216267,21.61447036,22.07985498,21.5529319,21.98126517,In
23/02/2026 23:10,21.97216267,21.71447036,22.17985498,21.5529319,21.98126517,In
23/02/2026 23:20,21.97216267,21.61447036,22.07985498,21.3529319,21.98126517,In
23/02/2026 23:30,21.97216267,21.71447036,22.07985498,21.3529319,22.10424438,In
23/02/2026 23:40,21.77216267,21.71447036,22.07985498,21.3529319,21.98126517,In
23/02/2026 23:50,21.77216267,21.61447036,22.07985498,21.3529319,21.98126517,In
24/02/2026 00:00,21.97216267,21.61447036,22.07985498,21.5529319,21.98126517,In
24/02/2026 00:10,21.77216267,21.71447036,21.87985498,21.3529319,21.98126517,In
24/02/2026 00:20,21.77216267,21.71447036,22.07985498,21.5529319,21.98126517,In
24/02/2026 00:30,21.97216267,21.71447036,22.07985498,21.3529319,21.98126517,In
24/02/2026 00:40,21.77216267,21.61447036,22.07985498,21.3529319,22.10424438,In
24/02/2026 00:50,21.97216267,21.61447036,22.07985498,21.3529319,21.98126517,In
24/02/2026 01:00,21.77216267,21.61447036,22.07985498,21.5529319,21.98126517,In
24/02/2026 01:10,21.77216267,21.61447036,22.07985498,21.3529319,21.98126517,In
24/02/2026 01:20,21.77216267,21.61447036,22.07985498,21.3529319,21.98126517,In
24/02/2026 01:30,21.77216267,21.71447036,22.07985498,21.5529319,21.98126517,In
24/02/2026 01:40,21.77216267,21.61447036,22.17985498,21.3529319,21.98126517,In
24/02/2026 01:50,21.77216267,21.71447036,22.17985498,21.5529319,21.98126517,In
24/02/2026 02:00,21.97216267,21.61447036,22.07985498,21.3529319,21.98126517,In
24/02/2026 02:10,21.77216267,21.71447036,22.07985498,21.3529319,21.98126517,In
24/02/2026 02:20,21.77216267,21.61447036,22.07985498,21.3529319,21.98126517,In
24/02/2026 02:30,21.77216267,21.61447036,22.07985498,21.3529319,22.10424438,In
24/02/2026 02:40,21.77216267,21.61447036,22.07985498,21.3529319,21.98126517,In
24/02/2026 02:50,21.77216267,21.61447036,22.07985498,21.3529319,21.98126517,In
24/02/2026 03:00,21.77216267,21.61447036,22.07985498,21.3529319,21.98126517,In
24/02/2026 03:10,21.77216267,21.61447036,22.07985498,21.5529319,21.98126517,In
24/02/2026 03:20,21.77216267,21.61447036,22.07985498,21.3529319,21.98126517,In
24/02/2026 03:30,21.77216267,21.61447036,22.07985498,21.3529319,21.98126517,In
24/02/2026 03:40,21.77216267,21.61447036,22.07985498,21.3529319,21.85828596,In
24/02/2026 03:50,21.77216267,21.61447036,22.07985498,21.5529319,21.85828596,In
24/02/2026 04:00,21.77216267,21.61447036,22.07985498,21.3529319,21.85828596,In
24/02/2026 04:10,21.77216267,21.61447036,22.07985498,21.3529319,21.98126517,In
24/02/2026 04:20,21.77216267,21.61447036,22.17985498,21.3529319,21.98126517,In
24/02/2026 04:30,21.97216267,21.61447036,22.07985498,21.3529319,21.98126517,In
24/02/2026 04:40,21.77216267,21.61447036,22.07985498,21.3529319,21.98126517,In
24/02/2026 04:50,21.77216267,21.71447036,22.07985498,21.3529319,21.85828596,In
24/02/2026 05:00,21.77216267,21.61447036,22.07985498,21.3529319,21.98126517,In
24/02/2026 05:10,21.97216267,21.61447036,22.07985498,21.3529319,21.98126517,In
24/02/2026 05:20,21.97216267,21.61447036,22.07985498,21.3529319,21.98126517,In
24/02/2026 05:30,21.77216267,21.61447036,22.07985498,21.3529319,21.98126517,In
24/02/2026 05:40,21.77216267,21.61447036,22.07985498,21.3529319,21.98126517,In
24/02/2026 05:50,21.77216267,21.61447036,22.07985498,21.3529319,21.98126517,In
24/02/2026 06:00,21.77216267,21.61447036,22.07985498,21.3529319,21.98126517,In
24/02/2026 06:10,21.77216267,21.61447036,22.07985498,21.3529319,21.98126517,In
24/02/2026 06:20,21.77216267,21.61447036,22.07985498,21.3529319,21.98126517,In
24/02/2026 06:30,21.77216267,21.61447036,22.07985498,21.3529319,21.98126517,In
24/02/2026 06:40,21.77216267,21.61447036,21.87985498,21.3529319,21.98126517,In
24/02/2026 06:50,21.77216267,21.61447036,22.07985498,21.3529319,21.98126517,In
24/02/2026 07:00,21.77216267,21.71447036,22.07985498,21.3529319,21.98126517,In
24/02/2026 07:10,21.77216267,21.61447036,22.07985498,21.3529319,21.85828596,In
24/02/2026 07:20,21.77216267,21.61447036,22.07985498,21.3529319,21.98126517,In
24/02/2026 07:30,21.77216267,21.61447036,22.07985498,21.3529319,21.98126517,In
24/02/2026 07:40,21.97216267,21.71447036,22.07985498,21.3529319,21.98126517,In
24/02/2026 07:50,21.77216267,21.61447036,22.07985498,21.3529319,21.85828596,In
24/02/2026 08:00,21.77216267,21.61447036,22.07985498,21.3529319,21.98126517,In
24/02/2026 08:10,21.77216267,21.61447036,22.07985498,21.3529319,21.98126517,In
24/02/2026 08:20,21.77216267,21.61447036,22.07985498,21.3529319,21.98126517,In
24/02/2026 08:30,21.77216267,21.61447036,22.07985498,21.3529319,21.98126517,In
24/02/2026 08:40,21.77216267,21.71447036,22.07985498,21.3529319,21.98126517,In
24/02/2026 08:50,21.77216267,21.61447036,22.07985498,21.3529319,21.98126517,In
24/02/2026 09:00,21.77216267,21.61447036,22.07985498,21.3529319,21.98126517,In
24/02/2026 09:10,21.77216267,21.61447036,22.07985498,21.3529319,21.85828596,In
24/02/2026 09:20,21.77216267,21.61447036,22.07985498,21.3529319,21.98126517,In
24/02/2026 09:30,21.77216267,21.61447036,22.07985498,21.5529319,21.85828596,In
24/02/2026 09:40,21.77216267,21.61447036,22.07985498,21.3529319,21.98126517,In
24/02/2026 09:50,21.77216267,21.61447036,22.07985498,21.3529319,21.98126517,In
24/02/2026 10:00,21.77216267,21.51447036,22.07985498,21.3529319,21.98126517,In
24/02/2026 10:10,21.77216267,21.61447036,22.07985498,21.3529319,21.98126517,In
24/02/2026 10:20,21.77216267,21.61447036,22.07985498,21.3529319,21.85828596,In
24/02/2026 10:30,21.77216267,21.61447036,22.07985498,21.3529319,21.98126517,In
24/02/2026 10:40,21.77216267,21.61447036,22.07985498,21.3529319,21.98126517,In
24/02/2026 10:50,21.77216267,21.61447036,22.07985498,21.3529319,21.98126517,In
24/02/2026 11:00,21.77216267,21.61447036,22.07985498,21.3529319,21.98126517,In
24/02/2026 11:10,21.77216267,21.61447036,22.07985498,21.3529319,21.98126517,In
24/02/2026 11:20,21.77216267,21.61447036,22.07985498,21.3529319,21.98126517,In
24/02/2026 11:30,21.77216267,21.61447036,22.07985498,21.3529319,21.98126517,In
24/02/2026 11:40,21.77216267,21.61447036,21.87985498,21.3529319,21.85828596,In
24/02/2026 11:50,21.77216267,21.51447036,22.07985498,21.3529319,21.98126517,In
24/02/2026 12:00,21.77216267,21.61447036,22.07985498,21.3529319,21.98126517,In
24/02/2026 12:10,21.77216267,21.61447036,22.07985498,21.3529319,21.98126517,In
24/02/2026 12:20,21.77216267,21.61447036,22.07985498,21.3529319,21.98126517,In
24/02/2026 12:30,21.77216267,21.61447036,22.07985498,21.3529319,21.98126517,In
24/02/2026 12:40,21.77216267,21.51447036,22.07985498,21.3529319,21.98126517,In
24/02/2026 12:50,21.77216267,21.51447036,22.07985498,21.3529319,21.98126517,In
24/02/2026 13:00,21.77216267,21.61447036,22.07985498,21.3529319,21.98126517,In
24/02/2026 13:10,21.67216267,21.51447036,22.07985498,21.3529319,21.98126517,In
24/02/2026 13:20,21.67216267,21.51447036,21.87985498,21.3529319,21.98126517,In
24/02/2026 13:30,21.77216267,21.61447036,22.07985498,21.3529319,21.98126517,In
24/02/2026 13:40,21.77216267,21.61447036,22.07985498,21.3529319,21.98126517,In
24/02/2026 13:50,21.77216267,21.61447036,22.07985498,21.3529319,21.98126517,In
24/02/2026 14:00,21.67216267,21.51447036,21.87985498,21.3529319,21.98126517,In
24/02/2026 14:10,21.67216267,21.61447036,22.07985498,21.3529319,21.98126517,In
24/02/2026 14:20,21.67216267,21.61447036,22.07985498,21.3529319,21.85828596,In
24/02/2026 14:30,21.77216267,21.61447036,22.07985498,21.3529319,21.98126517,In
24/02/2026 14:40,21.77216267,21.61447036,22.07985498,21.3529319,21.98126517,In
24/02/2026 14:50,21.67216267,21.61447036,22.07985498,21.5529319,21.98126517,In
24/02/2026 15:00,21.77216267,21.51447036,22.07985498,21.5529319,21.98126517,In
24/02/2026 15:10,21.67216267,21.61447036,22.07985498,21.3529319,21.98126517,In
24/02/2026 15:20,21.77216267,21.61447036,22.07985498,21.3529319,21.98126517,In
24/02/2026 15:30,21.77216267,21.61447036,22.07985498,21.3529319,21.98126517,In
24/02/2026 15:40,21.77216267,21.51447036,22.07985498,21.3529319,21.98126517,In
24/02/2026 15:50,21.77216267,21.51447036,22.07985498,21.3529319,21.98126517,In
24/02/2026 16:00,21.77216267,21.61447036,22.07985498,21.3529319,21.98126517,In
24/02/2026 16:10,21.77216267,21.61447036,22.07985498,21.5529319,21.98126517,In
24/02/2026 16:20,21.77216267,21.61447036,22.07985498,21.3529319,21.98126517,In
24/02/2026 16:30,21.77216267,21.51447036,22.07985498,21.3529319,21.98126517,In
24/02/2026 16:40,21.77216267,21.61447036,22.07985498,21.3529319,21.98126517,In
24/02/2026 16:50,21.77216267,21.61447036,22.07985498,21.3529319,21.98126517,In
24/02/2026 17:00,21.77216267,21.61447036,22.07985498,21.3529319,21.98126517,In
24/02/2026 17:10,21.77216267,21.61447036,22.07985498,21.3529319,21.98126517,In
24/02/2026 17:20,21.97216267,21.61447036,22.07985498,21.5529319,21.98126517,In
24/02/2026 17:30,21.77216267,21.61447036,22.07985498,21.3529319,21.98126517,In
24/02/2026 17:40,21.77216267,21.61447036,22.07985498,21.3529319,21.98126517,In
24/02/2026 17:50,21.77216267,21.61447036,22.07985498,21.3529319,21.98126517,In
24/02/2026 18:00,21.97216267,21.71447036,22.07985498,21.5529319,21.98126517,In
24/02/2026 18:10,21.77216267,21.61447036,22.07985498,21.3529319,21.98126517,In
24/02/2026 18:20,21.77216267,21.61447036,22.07985498,21.3529319,21.98126517,In
24/02/2026 18:30,21.77216267,21.71447036,21.87985498,21.3529319,21.98126517,In
24/02/2026 18:40,21.77216267,21.61447036,22.07985498,21.3529319,21.98126517,In
24/02/2026 18:50,21.77216267,21.61447036,22.07985498,21.3529319,21.98126517,In
24/02/2026 19:00,21.77216267,21.51447036,22.07985498,21.3529319,21.98126517,In
24/02/2026 19:10,21.77216267,21.61447036,22.07985498,21.3529319,21.98126517,In
24/02/2026 19:20,21.77216267,21.61447036,22.07985498,21.3529319,21.98126517,In
24/02/2026 19:30,21.67216267,21.61447036,22.07985498,21.3529319,21.98126517,In
24/02/2026 19:40,21.77216267,21.61447036,22.07985498,21.3529319,21.98126517,In
24/02/2026 19:50,21.77216267,21.61447036,22.07985498,21.3529319,21.98126517,In
24/02/2026 20:00,21.77216267,21.61447036,22.07985498,21.3529319,21.98126517,In
24/02/2026 20:10,21.77216267,21.61447036,21.87985498,21.3529319,21.98126517,In
24/02/2026 20:20,21.77216267,21.61447036,22.07985498,21.3529319,21.98126517,In
24/02/2026 20:30,21.77216267,21.61447036,22.07985498,21.3529319,21.98126517,In
24/02/2026 20:40,21.77216267,21.61447036,22.07985498,21.3529319,21.98126517,In
24/02/2026 20:50,21.77216267,21.61447036,22.07985498,21.3529319,21.98126517,In
24/02/2026 21:00,21.77216267,21.61447036,22.07985498,21.3529319,21.85828596,In
24/02/2026 21:10,21.77216267,21.61447036,22.07985498,21.3529319,21.98126517,In
24/02/2026 21:20,21.77216267,21.61447036,22.07985498,21.3529319,21.98126517,In
24/02/2026 21:30,21.77216267,21.61447036,22.07985498,21.3529319,21.98126517,In
24/02/2026 21:40,21.77216267,21.61447036,22.07985498,21.3529319,21.98126517,In
24/02/2026 21:50,21.77216267,21.61447036,22.07985498,21.3529319,21.85828596,In
24/02/2026 22:00,21.77216267,21.61447036,22.07985498,21.3529319,21.98126517,In
24/02/2026 22:10,21.77216267,21.61447036,21.87985498,21.3529319,21.98126517,In
24/02/2026 22:20,21.77216267,21.61447036,22.07985498,21.3529319,21.98126517,In
24/02/2026 22:30,21.77216267,21.61447036,21.87985498,21.3529319,21.98126517,In
24/02/2026 22:40,21.77216267,21.61447036,22.07985498,21.3529319,21.98126517,In
24/02/2026 22:50,21.77216267,21.61447036,21.87985498,21.3529319,21.98126517,In
24/02/2026 23:00,21.77216267,21.61447036,22.07985498,21.3529319,21.98126517,In
24/02/2026 23:10,21.77216267,21.61447036,22.07985498,21.3529319,21.98126517,In
24/02/2026 23:20,21.77216267,21.61447036,21.87985498,21.3529319,21.98126517,In
24/02/2026 23:30,21.77216267,21.61447036,22.07985498,21.3529319,21.98126517,In
24/02/2026 23:40,21.77216267,21.61447036,22.07985498,21.3529319,21.98126517,In
24/02/2026 23:50,21.77216267,21.61447036,22.07985498,21.3529319,21.98126517,In
25/02/2026 00:00,21.77216267,21.61447036,22.07985498,21.3529319,21.98126517,In
25/02/2026 00:10,21.77216267,21.61447036,22.07985498,21.3529319,21.98126517,In
25/02/2026 00:20,21.77216267,21.61447036,22.07985498,21.5529319,21.98126517,In
25/02/2026 00:30,21.77216267,21.61447036,22.07985498,21.3529319,21.98126517,In
25/02/2026 00:40,21.77216267,21.71447036,22.07985498,21.3529319,21.98126517,In
25/02/2026 00:50,21.77216267,21.61447036,22.07985498,21.3529319,21.98126517,In
25/02/2026 01:00,21.77216267,21.71447036,22.07985498,21.3529319,21.98126517,In
25/02/2026 01:10,21.77216267,21.61447036,22.07985498,21.5529319,21.98126517,In
25/02/2026 01:20,21.77216267,21.61447036,22.07985498,21.3529319,21.98126517,In
25/02/2026 01:30,21.97216267,21.61447036,22.07985498,21.3529319,21.98126517,In
25/02/2026 01:40,21.77216267,21.61447036,22.07985498,21.5529319,21.98126517,In
25/02/2026 01:50,21.77216267,21.61447036,22.07985498,21.5529319,21.98126517,In
25/02/2026 02:00,21.77216267,21.61447036,22.07985498,21.3529319,21.98126517,In
25/02/2026 02:10,21.77216267,21.61447036,22.07985498,21.3529319,21.98126517,In
25/02/2026 02:20,21.77216267,21.71447036,21.87985498,21.3529319,21.98126517,In
25/02/2026 02:30,21.77216267,21.71447036,22.07985498,21.3529319,21.98126517,In
25/02/2026 02:40,21.77216267,21.71447036,22.07985498,21.3529319,21.98126517,In
25/02/2026 02:50,21.77216267,21.71447036,22.07985498,21.3529319,21.98126517,In
25/02/2026 03:00,21.77216267,21.61447036,22.07985498,21.3529319,21.98126517,In
25/02/2026 03:10,21.77216267,21.61447036,22.07985498,21.3529319,21.98126517,In
25/02/2026 03:20,21.77216267,21.61447036,22.07985498,21.3529319,21.98126517,In
25/02/2026 03:30,21.77216267,21.71447036,22.07985498,21.3529319,21.98126517,In
25/02/2026 03:40,21.77216267,21.61447036,22.07985498,21.3529319,21.98126517,In
25/02/2026 03:50,21.77216267,21.61447036,22.07985498,21.3529319,21.98126517,In
25/02/2026 04:00,21.77216267,21.61447036,22.07985498,21.3529319,21.98126517,In
25/02/2026 04:10,21.97216267,21.61447036,22.07985498,21.3529319,21.98126517,In
25/02/2026 04:20,21.77216267,21.61447036,22.07985498,21.3529319,21.98126517,In
25/02/2026 04:30,21.77216267,21.61447036,22.07985498,21.3529319,21.98126517,In
25/02/2026 04:40,21.77216267,21.61447036,22.07985498,21.3529319,21.98126517,In
25/02/2026 04:50,21.77216267,21.61447036,22.07985498,21.3529319,21.98126517,In
25/02/2026 05:00,21.77216267,21.61447036,22.07985498,21.3529319,21.98126517,In
25/02/2026 05:10,21.77216267,21.61447036,22.07985498,21.3529319,21.85828596,In
25/02/2026 05:20,21.77216267,21.71447036,22.07985498,21.3529319,21.98126517,In
25/02/2026 05:30,21.77216267,21.61447036,22.07985498,21.3529319,21.98126517,In
25/02/2026 05:40,21.77216267,21.61447036,22.07985498,21.3529319,21.98126517,In
25/02/2026 05:50,21.77216267,21.61447036,22.07985498,21.3529319,21.98126517,In
25/02/2026 06:00,21.77216267,21.61447036,22.07985498,21.3529319,21.98126517,In
25/02/2026 06:10,21.77216267,21.61447036,22.07985498,21.3529319,21.98126517,In
25/02/2026 06:20,21.77216267,21.61447036,22.07985498,21.3529319,21.98126517,In
25/02/2026 06:30,21.77216267,21.61447036,22.07985498,21.3529319,21.85828596,In
25/02/2026 06:40,21.77216267,21.61447036,22.07985498,21.3529319,21.98126517,In
25/02/2026 06:50,21.77216267,21.61447036,22.07985498,21.3529319,21.98126517,In
25/02/2026 07:00,21.77216267,21.61447036,22.07985498,21.3529319,21.98126517,In
25/02/2026 07:10,21.67216267,21.61447036,22.07985498,21.3529319,21.98126517,In
25/02/2026 07:20,21.77216267,21.61447036,22.07985498,21.3529319,21.98126517,In
25/02/2026 07:30,21.67216267,21.61447036,22.07985498,21.3529319,21.98126517,In
25/02/2026 07:40,21.77216267,21.61447036,22.07985498,21.3529319,21.98126517,In
25/02/2026 07:50,21.67216267,21.61447036,21.87985498,21.3529319,21.85828596,In
25/02/2026 08:00,21.77216267,21.61447036,21.87985498,21.3529319,21.98126517,In
25/02/2026 08:10,21.77216267,21.61447036,22.07985498,21.3529319,21.98126517,In
25/02/2026 08:20,21.67216267,21.61447036,21.87985498,21.3529319,21.85828596,In
25/02/2026 08:30,21.67216267,21.61447036,22.07985498,21.3529319,21.85828596,In
25/02/2026 08:40,21.77216267,21.61447036,22.07985498,21.3529319,21.98126517,In
25/02/2026 08:50,21.77216267,21.61447036,22.07985498,21.3529319,21.98126517,In
25/02/2026 09:00,21.77216267,21.61447036,22.07985498,21.3529319,21.85828596,In
25/02/2026 09:10,21.77216267,21.61447036,22.07985498,21.5529319,21.85828596,In
25/02/2026 09:20,21.77216267,21.61447036,22.07985498,21.3529319,21.98126517,In
25/02/2026 09:30,21.77216267,21.61447036,22.07985498,21.3529319,21.98126517,In
25/02/2026 09:40,21.77216267,21.61447036,21.87985498,21.3529319,21.85828596,In
25/02/2026 09:50,21.77216267,21.61447036,21.87985498,21.3529319,21.98126517,In
25/02/2026 10:00,21.77216267,21.61447036,22.07985498,21.3529319,21.98126517,In
25/02/2026 10:10,21.77216267,21.61447036,22.07985498,21.3529319,21.85828596,In
25/02/2026 10:20,21.77216267,21.61447036,21.87985498,21.3529319,21.98126517,In
25/02/2026 10:30,21.77216267,21.61447036,21.87985498,21.3529319,21.98126517,In
25/02/2026 10:40,21.77216267,21.61447036,21.87985498,21.2529319,21.98126517,In
25/02/2026 10:50,21.77216267,21.51447036,22.07985498,21.2529319,21.98126517,In
25/02/2026 11:00,21.67216267,21.61447036,22.07985498,21.3529319,21.85828596,In
25/02/2026 11:10,21.77216267,21.61447036,22.07985498,21.3529319,21.98126517,In
25/02/2026 11:20,21.77216267,21.51447036,22.07985498,21.3529319,21.98126517,In
25/02/2026 11:30,21.67216267,21.51447036,22.07985498,21.3529319,21.85828596,In
25/02/2026 11:40,21.77216267,21.61447036,22.07985498,21.3529319,21.98126517,In
25/02/2026 11:50,21.77216267,21.61447036,22.07985498,21.3529319,21.98126517,In
25/02/2026 12:00,21.77216267,21.61447036,21.87985498,21.3529319,21.98126517,In
25/02/2026 12:10,21.67216267,21.61447036,22.07985498,21.3529319,21.98126517,In
25/02/2026 12:20,21.67216267,21.61447036,21.87985498,21.3529319,21.98126517,In
25/02/2026 12:30,21.67216267,21.51447036,22.07985498,21.5529319,21.98126517,In
25/02/2026 12:40,21.77216267,21.51447036,22.07985498,21.3529319,21.85828596,In
25/02/2026 12:50,21.67216267,21.51447036,21.87985498,21.3529319,21.98126517,In
25/02/2026 13:00,21.67216267,21.51447036,22.07985498,21.3529319,21.98126517,In
25/02/2026 13:10,21.77216267,21.61447036,22.07985498,21.3529319,21.98126517,In
25/02/2026 13:20,21.67216267,21.51447036,21.87985498,21.3529319,21.98126517,In
25/02/2026 13:30,21.67216267,21.51447036,22.07985498,21.3529319,21.85828596,In
25/02/2026 13:40,21.67216267,21.61447036,21.87985498,21.3529319,21.98126517,In
25/02/2026 13:50,21.67216267,21.51447036,21.87985498,21.3529319,21.85828596,In
25/02/2026 14:00,21.67216267,21.51447036,21.87985498,21.2529319,21.85828596,In
25/02/2026 14:10,21.67216267,21.51447036,21.87985498,21.2529319,21.98126517,In
25/02/2026 14:20,21.67216267,21.51447036,21.87985498,21.3529319,21.98126517,In
25/02/2026 14:30,21.67216267,21.51447036,21.87985498,21.3529319,21.85828596,In
25/02/2026 14:40,21.67216267,21.51447036,21.87985498,21.3529319,21.98126517,In
25/02/2026 14:50,21.67216267,21.51447036,21.87985498,21.3529319,21.98126517,In
25/02/2026 15:00,21.67216267,21.51447036,22.07985498,21.3529319,21.98126517,In
25/02/2026 15:10,21.67216267,21.51447036,21.87985498,21.3529319,21.98126517,In
25/02/2026 15:20,21.67216267,21.51447036,21.87985498,21.3529319,21.98126517,In
25/02/2026 15:30,21.57216267,21.51447036,21.87985498,21.3529319,21.85828596,In
25/02/2026 15:40,21.67216267,21.61447036,21.87985498,21.3529319,21.85828596,In
25/02/2026 15:50,21.67216267,21.51447036,21.87985498,21.3529319,21.85828596,In
25/02/2026 16:00,21.67216267,21.51447036,22.07985498,21.3529319,21.98126517,In
25/02/2026 16:10,21.67216267,21.51447036,21.87985498,21.3529319,21.98126517,In
25/02/2026 16:20,21.67216267,21.51447036,21.87985498,21.3529319,21.98126517,In
25/02/2026 16:30,21.67216267,21.51447036,21.87985498,21.3529319,21.85828596,In
25/02/2026 16:40,21.67216267,21.51447036,22.07985498,21.3529319,21.98126517,In
25/02/2026 16:50,21.67216267,21.51447036,22.07985498,21.3529319,21.98126517,In
25/02/2026 17:00,21.67216267,21.61447036,21.87985498,21.3529319,21.85828596,In
25/02/2026 17:10,21.67216267,21.61447036,22.07985498,21.3529319,21.98126517,In
25/02/2026 17:20,21.67216267,21.51447036,22.07985498,21.3529319,21.98126517,In
25/02/2026 17:30,21.67216267,21.51447036,21.87985498,21.3529319,21.98126517,In
25/02/2026 17:40,21.67216267,21.51447036,22.07985498,21.3529319,21.98126517,In
25/02/2026 17:50,21.67216267,21.61447036,21.87985498,21.3529319,21.98126517,In
25/02/2026 18:00,21.77216267,21.61447036,21.87985498,21.3529319,21.98126517,In
25/02/2026 18:10,21.67216267,21.51447036,22.07985498,21.3529319,21.98126517,In
25/02/2026 18:20,21.77216267,21.61447036,22.07985498,21.3529319,21.98126517,In
25/02/2026 18:30,21.77216267,21.51447036,22.07985498,21.3529319,21.98126517,In
25/02/2026 18:40,21.77216267,21.51447036,22.07985498,21.3529319,21.98126517,In
25/02/2026 18:50,21.67216267,21.61447036,22.07985498,21.3529319,21.98126517,In
25/02/2026 19:00,21.67216267,21.51447036,21.87985498,21.3529319,21.98126517,In
25/02/2026 19:10,21.67216267,21.51447036,22.07985498,21.3529319,21.98126517,In
25/02/2026 19:20,21.77216267,21.51447036,22.07985498,21.3529319,21.98126517,In
25/02/2026 19:30,21.77216267,21.61447036,22.07985498,21.3529319,21.98126517,In
25/02/2026 19:40,21.77216267,21.61447036,21.87985498,21.3529319,21.98126517,In
25/02/2026 19:50,21.77216267,21.61447036,22.07985498,21.3529319,21.98126517,In
25/02/2026 20:00,21.77216267,21.61447036,22.07985498,21.3529319,21.98126517,In
25/02/2026 20:10,21.67216267,21.61447036,22.07985498,21.3529319,21.98126517,In
25/02/2026 20:20,21.77216267,21.61447036,22.07985498,21.2529319,21.98126517,In
25/02/2026 20:30,21.67216267,21.51447036,22.07985498,21.3529319,21.98126517,In
25/02/2026 20:40,21.77216267,21.61447036,22.07985498,21.3529319,21.98126517,In
25/02/2026 20:50,21.77216267,21.51447036,22.07985498,21.3529319,21.98126517,In
25/02/2026 21:00,21.77216267,21.61447036,22.07985498,21.3529319,21.98126517,In
25/02/2026 21:10,21.77216267,21.61447036,22.07985498,21.3529319,21.98126517,In
25/02/2026 21:20,21.77216267,21.51447036,22.07985498,21.5529319,21.98126517,In
25/02/2026 21:30,21.77216267,21.61447036,22.07985498,21.3529319,21.85828596,In
25/02/2026 21:40,21.67216267,21.61447036,22.07985498,21.3529319,21.85828596,In
25/02/2026 21:50,21.77216267,21.61447036,22.07985498,21.3529319,21.85828596,In
25/02/2026 22:00,21.77216267,21.61447036,21.87985498,21.3529319,21.85828596,In
25/02/2026 22:10,21.77216267,21.61447036,22.07985498,21.3529319,21.98126517,In
25/02/2026 22:20,21.77216267,21.61447036,22.07985498,21.3529319,21.98126517,In
25/02/2026 22:30,21.77216267,21.61447036,22.07985498,21.3529319,21.98126517,In
25/02/2026 22:40,21.77216267,21.61447036,22.07985498,21.3529319,21.98126517,In
25/02/2026 22:50,21.77216267,21.61447036,22.07985498,21.3529319,21.98126517,In
25/02/2026 23:00,21.77216267,21.61447036,22.07985498,21.3529319,21.98126517,In
25/02/2026 23:10,21.77216267,21.61447036,22.07985498,21.3529319,21.98126517,In
25/02/2026 23:20,21.77216267,21.61447036,22.07985498,21.3529319,21.98126517,In
25/02/2026 23:30,21.77216267,21.61447036,22.07985498,21.3529319,21.85828596,In
25/02/2026 23:40,21.77216267,21.61447036,22.07985498,21.3529319,21.98126517,In
25/02/2026 23:50,21.77216267,21.61447036,22.07985498,21.3529319,21.98126517,In
26/02/2026 00:00,21.77216267,21.71447036,22.17985498,21.3529319,21.98126517,In
26/02/2026 00:10,21.77216267,21.61447036,22.07985498,21.3529319,21.98126517,In
26/02/2026 00:20,21.77216267,21.61447036,22.07985498,21.3529319,21.98126517,In
26/02/2026 00:30,21.77216267,21.61447036,22.07985498,21.3529319,21.98126517,In
26/02/2026 00:40,21.77216267,21.61447036,22.07985498,21.3529319,21.98126517,In
26/02/2026 00:50,21.77216267,21.61447036,22.07985498,21.3529319,21.98126517,In
26/02/2026 01:00,21.77216267,21.61447036,22.07985498,21.3529319,21.85828596,In
26/02/2026 01:10,21.77216267,21.61447036,22.07985498,21.3529319,21.98126517,In
26/02/2026 01:20,21.77216267,21.61447036,22.07985498,21.3529319,21.98126517,In
26/02/2026 01:30,21.77216267,21.61447036,22.07985498,21.3529319,21.85828596,In
26/02/2026 01:40,21.77216267,21.71447036,22.07985498,21.3529319,21.98126517,In
26/02/2026 01:50,21.77216267,21.61447036,22.07985498,21.3529319,21.98126517,In
26/02/2026 02:00,21.77216267,21.61447036,22.07985498,21.3529319,21.98126517,In
26/02/2026 02:10,21.77216267,21.61447036,22.07985498,21.3529319,21.98126517,In
26/02/2026 02:20,21.77216267,21.61447036,22.07985498,21.3529319,21.98126517,In
26/02/2026 02:30,21.77216267,21.61447036,22.07985498,21.3529319,21.98126517,In
26/02/2026 02:40,21.77216267,21.61447036,22.07985498,21.3529319,21.98126517,In
26/02/2026 02:50,21.97216267,21.71447036,22.07985498,21.3529319,21.98126517,In
26/02/2026 03:00,21.77216267,21.61447036,22.07985498,21.3529319,21.98126517,In
26/02/2026 03:10,21.77216267,21.61447036,22.07985498,21.3529319,21.85828596,In
26/02/2026 03:20,21.77216267,21.61447036,22.07985498,21.3529319,21.98126517,In
26/02/2026 03:30,21.77216267,21.61447036,22.07985498,21.3529319,21.98126517,In
26/02/2026 03:40,21.77216267,21.61447036,22.07985498,21.3529319,21.85828596,In
26/02/2026 03:50,21.77216267,21.61447036,22.07985498,21.3529319,21.98126517,In
26/02/2026 04:00,21.77216267,21.61447036,22.07985498,21.3529319,21.98126517,In
26/02/2026 04:10,21.77216267,21.61447036,22.07985498,21.3529319,21.85828596,In
26/02/2026 04:20,21.77216267,21.61447036,22.07985498,21.5529319,21.98126517,In
26/02/2026 04:30,21.77216267,21.61447036,22.07985498,21.3529319,21.85828596,In
26/02/2026 04:40,21.77216267,21.61447036,22.07985498,21.3529319,21.98126517,In
26/02/2026 04:50,21.77216267,21.61447036,22.07985498,21.3529319,21.98126517,In
26/02/2026 05:00,21.77216267,21.61447036,21.87985498,21.3529319,21.98126517,In
26/02/2026 05:10,21.77216267,21.61447036,22.07985498,21.3529319,21.98126517,In
26/02/2026 05:20,21.77216267,21.61447036,22.07985498,21.3529319,21.98126517,In
26/02/2026 05:30,21.77216267,21.61447036,22.07985498,21.3529319,21.98126517,In
26/02/2026 05:40,21.77216267,21.61447036,22.07985498,21.3529319,21.85828596,In
26/02/2026 05:50,21.77216267,21.61447036,22.07985498,21.3529319,21.98126517,In
26/02/2026 06:00,21.77216267,21.61447036,22.07985498,21.3529319,21.98126517,In
26/02/2026 06:10,21.77216267,21.61447036,22.07985498,21.3529319,21.98126517,In
26/02/2026 06:20,21.77216267,21.61447036,22.07985498,21.3529319,21.98126517,In
26/02/2026 06:30,21.77216267,21.61447036,22.07985498,21.3529319,21.98126517,In
26/02/2026 06:40,21.77216267,21.51447036,22.07985498,21.3529319,21.98126517,In
26/02/2026 06:50,21.77216267,21.61447036,22.07985498,21.3529319,21.85828596,In
26/02/2026 07:00,21.77216267,21.61447036,22.07985498,21.3529319,21.98126517,In
26/02/2026 07:10,21.77216267,21.61447036,21.87985498,21.3529319,21.98126517,In
26/02/2026 07:20,21.77216267,21.61447036,21.87985498,21.3529319,21.98126517,In
26/02/2026 07:30,21.67216267,21.61447036,22.07985498,21.3529319,21.98126517,In
26/02/2026 07:40,21.77216267,21.61447036,22.07985498,21.3529319,21.98126517,In
26/02/2026 07:50,21.77216267,21.61447036,22.07985498,21.3529319,21.85828596,In
26/02/2026 08:00,21.77216267,21.61447036,22.07985498,21.3529319,21.98126517,In
26/02/2026 08:10,21.77216267,21.61447036,22.07985498,21.3529319,21.98126517,In
26/02/2026 08:20,21.77216267,21.61447036,21.87985498,21.3529319,21.98126517,In
26/02/2026 08:30,21.77216267,21.61447036,21.87985498,21.3529319,21.98126517,In
26/02/2026 08:40,21.77216267,21.61447036,21.87985498,21.3529319,21.85828596,In
26/02/2026 08:50,21.77216267,21.61447036,22.07985498,21.3529319,21.98126517,In
26/02/2026 09:00,21.67216267,21.51447036,22.07985498,21.3529319,21.85828596,In
26/02/2026 09:10,21.67216267,21.61447036,22.07985498,21.3529319,21.98126517,In
26/02/2026 09:20,21.77216267,21.61447036,22.07985498,21.3529319,21.85828596,In
26/02/2026 09:30,21.67216267,21.61447036,21.87985498,21.2529319,21.85828596,In
26/02/2026 09:40,21.67216267,21.51447036,21.87985498,21.2529319,21.98126517,In
26/02/2026 09:50,21.67216267,21.61447036,21.87985498,21.3529319,21.98126517,In
26/02/2026 10:00,21.77216267,21.51447036,21.87985498,21.5529319,21.98126517,In
26/02/2026 10:10,21.77216267,21.61447036,21.87985498,21.3529319,21.85828596,In
26/02/2026 10:20,21.67216267,21.61447036,21.87985498,21.3529319,21.98126517,In
26/02/2026 10:30,21.77216267,21.61447036,22.07985498,21.3529319,21.98126517,In
26/02/2026 10:40,21.77216267,21.61447036,22.07985498,21.3529319,21.98126517,In
26/02/2026 10:50,21.67216267,21.51447036,22.07985498,21.3529319,21.98126517,In
26/02/2026 11:00,21.67216267,21.61447036,22.07985498,21.2529319,21.85828596,In
26/02/2026 11:10,21.77216267,21.61447036,22.07985498,21.3529319,21.98126517,In
26/02/2026 11:20,21.67216267,21.61447036,22.07985498,21.3529319,21.85828596,In
26/02/2026 11:30,21.77216267,21.61447036,22.07985498,21.3529319,21.98126517,In
26/02/2026 11:40,21.77216267,21.51447036,22.07985498,21.2529319,21.85828596,In
26/02/2026 11:50,21.77216267,21.51447036,21.87985498,21.3529319,21.85828596,In
26/02/2026 12:00,21.77216267,21.61447036,21.87985498,21.3529319,21.85828596,In
26/02/2026 12:10,21.67216267,21.61447036,21.87985498,21.3529319,21.85828596,In
26/02/2026 12:20,21.77216267,21.61447036,21.87985498,21.3529319,21.85828596,In
26/02/2026 12:30,21.67216267,21.61447036,22.07985498,21.3529319,21.98126517,In
26/02/2026 12:40,21.67216267,21.51447036,22.07985498,21.3529319,21.98126517,In
26/02/2026 12:50,21.67216267,21.51447036,21.87985498,21.3529319,21.85828596,In
26/02/2026 13:00,21.77216267,21.51447036,21.87985498,21.3529319,21.98126517,In
26/02/2026 13:10,21.77216267,21.61447036,22.07985498,21.3529319,21.98126517,In
26/02/2026 13:20,21.67216267,21.51447036,21.87985498,21.3529319,21.98126517,In
26/02/2026 13:30,21.77216267,21.61447036,22.07985498,21.3529319,21.85828596,In
26/02/2026 13:40,21.77216267,21.61447036,22.07985498,21.3529319,21.98126517,In
26/02/2026 13:50,21.67216267,21.51447036,21.87985498,21.3529319,21.98126517,In
26/02/2026 14:00,21.67216267,21.61447036,22.07985498,21.3529319,21.98126517,In
26/02/2026 14:10,21.67216267,21.61447036,21.87985498,21.2529319,21.98126517,In
26/02/2026 14:20,21.67216267,21.51447036,21.87985498,21.2529319,21.85828596,In
26/02/2026 14:30,21.77216267,21.51447036,21.87985498,21.3529319,21.85828596,In
26/02/2026 14:40,21.77216267,21.61447036,21.87985498,21.2529319,21.85828596,In
26/02/2026 14:50,21.77216267,21.61447036,21.87985498,21.3529319,21.98126517,In
26/02/2026 15:00,21.77216267,21.61447036,22.07985498,21.3529319,21.85828596,In
26/02/2026 15:10,21.67216267,21.51447036,21.87985498,21.3529319,21.98126517,In
26/02/2026 15:20,21.77216267,21.51447036,21.87985498,21.3529319,21.98126517,In
26/02/2026 15:30,21.67216267,21.51447036,22.07985498,21.3529319,21.85828596,In
26/02/2026 15:40,21.67216267,21.51447036,21.87985498,21.3529319,21.98126517,In
26/02/2026 15:50,21.77216267,21.61447036,22.07985498,21.3529319,21.98126517,In
26/02/2026 16:00,21.67216267,21.51447036,21.87985498,21.3529319,21.98126517,In
26/02/2026 16:10,21.67216267,21.61447036,22.07985498,21.3529319,21.85828596,In
26/02/2026 16:20,21.77216267,21.61447036,21.87985498,21.3529319,21.98126517,In
26/02/2026 16:30,21.77216267,21.61447036,22.07985498,21.3529319,21.98126517,In
26/02/2026 16:40,21.67216267,21.61447036,22.07985498,21.3529319,21.98126517,In
26/02/2026 16:50,21.77216267,21.51447036,22.07985498,21.3529319,21.98126517,In
26/02/2026 17:00,21.77216267,21.61447036,21.87985498,21.3529319,21.85828596,In
26/02/2026 17:10,21.77216267,21.61447036,22.07985498,21.3529319,21.98126517,In
26/02/2026 17:20,21.77216267,21.61447036,22.07985498,21.3529319,21.98126517,In
26/02/2026 17:30,21.67216267,21.61447036,21.87985498,21.3529319,21.98126517,In
26/02/2026 17:40,21.77216267,21.61447036,22.07985498,21.3529319,21.98126517,In
26/02/2026 17:50,21.77216267,21.61447036,21.87985498,21.3529319,21.98126517,In
26/02/2026 18:00,21.77216267,21.61447036,22.07985498,21.3529319,21.98126517,In
26/02/2026 18:10,21.77216267,21.61447036,22.07985498,21.3529319,21.98126517,In
26/02/2026 18:20,21.77216267,21.61447036,22.07985498,21.3529319,21.98126517,In
26/02/2026 18:30,21.67216267,21.51447036,22.07985498,21.5529319,21.98126517,In
26/02/2026 18:40,21.77216267,21.61447036,21.87985498,21.3529319,21.98126517,In
26/02/2026 18:50,21.77216267,21.51447036,22.07985498,21.3529319,21.98126517,In
26/02/2026 19:00,21.67216267,21.61447036,22.07985498,21.3529319,21.98126517,In
26/02/2026 19:10,21.77216267,21.61447036,21.87985498,21.3529319,21.85828596,In
26/02/2026 19:20,21.77216267,21.61447036,22.07985498,21.3529319,21.98126517,In
26/02/2026 19:30,21.77216267,21.61447036,22.07985498,21.3529319,21.98126517,In
26/02/2026 19:40,21.67216267,21.61447036,22.07985498,21.3529319,21.98126517,In
26/02/2026 19:50,21.77216267,21.61447036,22.07985498,21.3529319,21.98126517,In
26/02/2026 20:00,21.77216267,21.61447036,22.07985498,21.3529319,21.98126517,In
26/02/2026 20:10,21.77216267,21.61447036,22.07985498,21.3529319,21.98126517,In
26/02/2026 20:20,21.77216267,21.61447036,22.07985498,21.3529319,21.85828596,In
26/02/2026 20:30,21.77216267,21.61447036,21.87985498,21.3529319,21.85828596,In
26/02/2026 20:40,21.77216267,21.61447036,22.07985498,21.3529319,21.98126517,In
26/02/2026 20:50,21.77216267,21.61447036,22.07985498,21.3529319,21.98126517,In
26/02/2026 21:00,21.77216267,21.51447036,22.07985498,21.3529319,21.85828596,In
26/02/2026 21:10,21.77216267,21.61447036,22.07985498,21.3529319,21.98126517,In
26/02/2026 21:20,21.97216267,21.61447036,22.07985498,21.3529319,21.98126517,In
26/02/2026 21:30,21.77216267,21.51447036,21.87985498,21.3529319,21.98126517,In
26/02/2026 21:40,21.77216267,21.61447036,22.07985498,21.3529319,21.98126517,In
26/02/2026 21:50,21.77216267,21.61447036,22.07985498,21.3529319,21.98126517,In
26/02/2026 22:00,21.77216267,21.61447036,22.07985498,21.3529319,21.98126517,In
26/02/2026 22:10,21.77216267,21.61447036,22.07985498,21.3529319,21.85828596,In
26/02/2026 22:20,21.77216267,21.61447036,22.07985498,21.3529319,21.85828596,In
26/02/2026 22:30,21.77216267,21.61447036,22.07985498,21.3529319,21.98126517,In
26/02/2026 22:40,21.77216267,21.51447036,22.07985498,21.3529319,21.98126517,In
26/02/2026 22:50,21.77216267,21.61447036,22.07985498,21.3529319,21.98126517,In
26/02/2026 23:00,21.77216267,21.61447036,22.07985498,21.3529319,21.98126517,In
26/02/2026 23:10,21.77216267,21.61447036,22.07985498,21.5529319,21.98126517,In
26/02/2026 23:20,21.77216267,21.61447036,22.07985498,21.3529319,21.98126517,In
26/02/2026 23:30,21.77216267,21.61447036,21.87985498,21.3529319,21.98126517,In
26/02/2026 23:40,21.77216267,21.61447036,22.07985498,21.3529319,21.98126517,In
26/02/2026 23:50,21.77216267,21.61447036,22.07985498,21.3529319,21.98126517,In
27/02/2026 00:00,21.77216267,21.61447036,22.07985498,21.3529319,21.98126517,In
27/02/2026 00:10,21.77216267,21.61447036,22.07985498,21.3529319,21.85828596,In
27/02/2026 00:20,21.77216267,21.61447036,22.07985498,21.3529319,21.98126517,In
27/02/2026 00:30,21.77216267,21.51447036,22.07985498,21.3529319,21.85828596,In
27/02/2026 00:40,21.77216267,21.61447036,22.07985498,21.3529319,21.98126517,In
27/02/2026 00:50,21.77216267,21.61447036,22.07985498,21.3529319,21.85828596,In
27/02/2026 01:00,21.77216267,21.61447036,22.07985498,21.3529319,21.98126517,In
27/02/2026 01:10,21.77216267,21.61447036,22.07985498,21.3529319,21.85828596,In
27/02/2026 01:20,21.77216267,21.61447036,21.87985498,21.3529319,21.85828596,In
27/02/2026 01:30,21.77216267,21.61447036,22.07985498,21.3529319,21.98126517,In
27/02/2026 01:40,21.77216267,21.61447036,22.07985498,21.3529319,21.85828596,In
27/02/2026 01:50,21.77216267,21.61447036,22.07985498,21.3529319,21.85828596,In
27/02/2026 02:00,21.77216267,21.51447036,22.07985498,21.3529319,21.85828596,In
27/02/2026 02:10,21.77216267,21.61447036,21.87985498,21.3529319,21.98126517,In
27/02/2026 02:20,21.77216267,21.61447036,21.87985498,21.2529319,21.85828596,In
27/02/2026 02:30,21.77216267,21.51447036,21.87985498,21.3529319,21.85828596,In
27/02/2026 02:40,21.77216267,21.61447036,22.07985498,21.3529319,21.85828596,In
27/02/2026 02:50,21.77216267,21.61447036,22.07985498,21.3529319,21.98126517,In
27/02/2026 03:00,21.77216267,21.61447036,21.87985498,21.3529319,21.85828596,In
27/02/2026 03:10,21.77216267,21.61447036,21.87985498,21.2529319,21.85828596,In
27/02/2026 03:20,21.67216267,21.61447036,21.87985498,21.3529319,21.85828596,In
27/02/2026 03:30,21.77216267,21.61447036,22.07985498,21.3529319,21.98126517,In
27/02/2026 03:40,21.77216267,21.61447036,21.87985498,21.3529319,21.98126517,In
27/02/2026 03:50,21.77216267,21.61447036,22.07985498,21.2529319,21.98126517,In
27/02/2026 04:00,21.77216267,21.61447036,22.07985498,21.2529319,21.85828596,In
27/02/2026 04:10,21.77216267,21.61447036,22.07985498,21.3529319,21.85828596,In
27/02/2026 04:20,21.77216267,21.61447036,22.07985498,21.3529319,21.98126517,In
27/02/2026 04:30,21.77216267,21.61447036,22.07985498,21.3529319,21.85828596,In
27/02/2026 04:40,21.77216267,21.61447036,21.87985498,21.3529319,21.98126517,In
27/02/2026 04:50,21.77216267,21.61447036,22.07985498,21.3529319,21.85828596,In
27/02/2026 05:00,21.77216267,21.61447036,22.07985498,21.3529319,21.98126517,In
27/02/2026 05:10,21.77216267,21.61447036,21.87985498,21.3529319,21.98126517,In
27/02/2026 05:20,21.67216267,21.61447036,21.87985498,21.3529319,21.85828596,In
27/02/2026 05:30,21.77216267,21.61447036,22.07985498,21.2529319,21.85828596,In
27/02/2026 05:40,21.77216267,21.61447036,22.07985498,21.3529319,21.85828596,In
27/02/2026 05:50,21.67216267,21.61447036,22.07985498,21.3529319,21.85828596,In
27/02/2026 06:00,21.77216267,21.61447036,21.87985498,21.3529319,21.85828596,In
27/02/2026 06:10,21.77216267,21.51447036,21.87985498,21.3529319,21.85828596,In
27/02/2026 06:20,21.67216267,21.61447036,21.87985498,21.3529319,21.85828596,In
27/02/2026 06:30,21.77216267,21.61447036,22.07985498,21.2529319,21.98126517,In
27/02/2026 06:40,21.77216267,21.61447036,22.07985498,21.3529319,21.85828596,In
27/02/2026 06:50,21.77216267,21.51447036,22.07985498,21.2529319,21.85828596,In
27/02/2026 07:00,21.67216267,21.51447036,22.07985498,21.2529319,21.85828596,In
27/02/2026 07:10,21.77216267,21.61447036,21.87985498,21.3529319,21.85828596,In
27/02/2026 07:20,21.67216267,21.61447036,22.07985498,21.3529319,21.98126517,In
27/02/2026 07:30,21.67216267,21.61447036,21.87985498,21.3529319,21.85828596,In
27/02/2026 07:40,21.67216267,21.61447036,22.07985498,21.3529319,21.85828596,In
27/02/2026 07:50,21.77216267,21.51447036,21.87985498,21.3529319,21.85828596,In
27/02/2026 08:00,21.67216267,21.51447036,21.87985498,21.3529319,21.85828596,In
27/02/2026 08:10,21.77216267,21.51447036,21.87985498,21.3529319,21.85828596,In
27/02/2026 08:20,21.67216267,21.51447036,21.87985498,21.3529319,21.85828596,In
27/02/2026 08:30,21.67216267,21.51447036,21.87985498,21.3529319,21.85828596,In
27/02/2026 08:40,21.67216267,21.61447036,21.87985498,21.2529319,21.85828596,In
27/02/2026 08:50,21.77216267,21.61447036,22.07985498,21.2529319,21.98126517,In
27/02/2026 09:00,21.77216267,21.61447036,21.87985498,21.3529319,21.85828596,In
27/02/2026 09:10,21.67216267,21.61447036,22.07985498,21.3529319,21.85828596,In
27/02/2026 09:20,21.67216267,21.51447036,22.07985498,21.2529319,21.85828596,In
27/02/2026 09:30,21.67216267,21.51447036,21.87985498,21.2529319,21.85828596,In
27/02/2026 09:40,21.77216267,21.61447036,21.87985498,21.3529319,21.98126517,In
27/02/2026 09:50,21.77216267,21.51447036,22.07985498,21.2529319,21.85828596,In
27/02/2026 10:00,21.67216267,21.51447036,22.07985498,21.3529319,21.85828596,In
27/02/2026 10:10,21.77216267,21.51447036,22.07985498,21.3529319,21.85828596,In
27/02/2026 10:20,21.77216267,21.51447036,21.87985498,21.3529319,21.85828596,In
27/02/2026 10:30,21.77216267,21.61447036,21.87985498,21.2529319,21.85828596,In
27/02/2026 10:40,21.67216267,21.51447036,21.87985498,21.3529319,21.98126517,In
27/02/2026 10:50,21.67216267,21.61447036,21.87985498,21.2529319,21.98126517,In
27/02/2026 11:00,21.67216267,21.61447036,21.87985498,21.2529319,21.98126517,In
27/02/2026 11:10,21.77216267,21.61447036,21.87985498,21.3529319,21.85828596,In
27/02/2026 11:20,21.67216267,21.61447036,21.87985498,21.3529319,21.98126517,In
27/02/2026 11:30,21.67216267,21.51447036,21.87985498,21.3529319,21.85828596,In
27/02/2026 11:40,21.77216267,21.61447036,21.87985498,21.3529319,21.85828596,In
27/02/2026 11:50,21.67216267,21.51447036,21.87985498,21.3529319,21.85828596,In
27/02/2026 12:00,21.67216267,21.51447036,21.87985498,21.3529319,21.85828596,In
27/02/2026 12:10,21.67216267,21.51447036,21.87985498,21.2529319,21.85828596,In
27/02/2026 12:20,21.67216267,21.61447036,21.87985498,21.2529319,21.85828596,In
27/02/2026 12:30,21.67216267,21.51447036,21.87985498,21.2529319,21.85828596,In
27/02/2026 12:40,21.67216267,21.51447036,22.07985498,21.3529319,21.85828596,In
27/02/2026 12:50,21.67216267,21.51447036,21.87985498,21.3529319,21.85828596,In
27/02/2026 13:00,21.67216267,21.51447036,21.87985498,21.2529319,21.85828596,In
27/02/2026 13:10,21.67216267,21.51447036,21.77985498,21.3529319,21.85828596,In
27/02/2026 13:20,21.67216267,21.51447036,21.87985498,21.2529319,21.85828596,In
27/02/2026 13:30,21.67216267,21.51447036,21.87985498,21.2529319,21.85828596,In
27/02/2026 13:40,21.67216267,21.51447036,21.87985498,21.2529319,21.98126517,In
27/02/2026 13:50,21.67216267,21.51447036,21.87985498,21.2529319,21.98126517,In
27/02/2026 14:00,21.67216267,21.51447036,21.87985498,21.3529319,21.85828596,In
27/02/2026 14:10,21.67216267,21.51447036,21.87985498,21.2529319,21.85828596,In
27/02/2026 14:20,21.67216267,21.51447036,21.87985498,21.2529319,21.98126517,In
27/02/2026 14:30,21.67216267,21.51447036,21.87985498,21.3529319,21.98126517,In
27/02/2026 14:40,21.67216267,21.51447036,22.07985498,21.3529319,21.85828596,In
27/02/2026 14:50,21.67216267,21.61447036,21.87985498,21.3529319,21.85828596,In
27/02/2026 15:00,21.67216267,21.61447036,22.07985498,21.3529319,21.98126517,In
27/02/2026 15:10,21.67216267,21.51447036,21.87985498,21.3529319,21.98126517,In
27/02/2026 15:20,21.77216267,21.51447036,22.07985498,21.2529319,21.85828596,In
27/02/2026 15:30,21.67216267,21.51447036,21.87985498,21.2529319,21.85828596,In
27/02/2026 15:40,21.67216267,21.51447036,21.87985498,21.3529319,21.85828596,In
27/02/2026 15:50,21.77216267,21.61447036,21.87985498,21.3529319,21.85828596,In
27/02/2026 16:00,21.77216267,21.61447036,21.87985498,21.3529319,21.85828596,In
27/02/2026 16:10,21.77216267,21.51447036,21.87985498,21.3529319,21.98126517,In
27/02/2026 16:20,21.67216267,21.61447036,22.07985498,21.3529319,21.98126517,In
27/02/2026 16:30,21.77216267,21.51447036,21.87985498,21.2529319,21.85828596,In
27/02/2026 16:40,21.67216267,21.51447036,21.87985498,21.3529319,21.98126517,In
27/02/2026 16:50,21.77216267,21.51447036,22.07985498,21.2529319,21.85828596,In
27/02/2026 17:00,21.77216267,21.61447036,22.07985498,21.3529319,21.98126517,In
27/02/2026 17:10,21.67216267,21.51447036,21.87985498,21.3529319,21.98126517,In
27/02/2026 17:20,21.77216267,21.61447036,22.07985498,21.2529319,21.98126517,In
27/02/2026 17:30,21.77216267,21.61447036,21.87985498,21.3529319,21.98126517,In
27/02/2026 17:40,21.67216267,21.51447036,21.87985498,21.3529319,21.85828596,In
27/02/2026 17:50,21.77216267,21.61447036,21.87985498,21.2529319,21.85828596,In
27/02/2026 18:00,21.67216267,21.61447036,22.07985498,21.2529319,21.98126517,In
27/02/2026 18:10,21.67216267,21.61447036,22.07985498,21.3529319,21.85828596,In
27/02/2026 18:20,21.67216267,21.51447036,22.07985498,21.3529319,21.98126517,In
27/02/2026 18:30,21.77216267,21.61447036,22.07985498,21.3529319,21.85828596,In
27/02/2026 18:40,21.77216267,21.51447036,21.87985498,21.3529319,21.98126517,In
27/02/2026 18:50,21.77216267,21.51447036,21.87985498,21.3529319,21.98126517,In
27/02/2026 19:00,21.77216267,21.61447036,21.87985498,21.3529319,21.85828596,In
27/02/2026 19:10,21.77216267,21.61447036,21.87985498,21.2529319,21.98126517,In
27/02/2026 19:20,21.77216267,21.61447036,22.07985498,21.3529319,21.98126517,In
27/02/2026 19:30,21.77216267,21.61447036,22.07985498,21.3529319,21.98126517,In
27/02/2026 19:40,21.77216267,21.61447036,21.87985498,21.3529319,21.98126517,In
27/02/2026 19:50,21.77216267,21.61447036,22.07985498,21.3529319,21.85828596,In
27/02/2026 20:00,21.77216267,21.61447036,22.07985498,21.3529319,21.85828596,In
27/02/2026 20:10,21.77216267,21.61447036,22.07985498,21.3529319,21.98126517,In
27/02/2026 20:20,21.77216267,21.61447036,22.07985498,21.3529319,21.98126517,In
27/02/2026 20:30,21.77216267,21.61447036,22.07985498,21.3529319,21.85828596,In
27/02/2026 20:40,21.77216267,21.61447036,22.07985498,21.3529319,21.85828596,In
27/02/2026 20:50,21.77216267,21.61447036,22.07985498,21.3529319,21.98126517,In
27/02/2026 21:00,21.77216267,21.61447036,22.07985498,21.3529319,21.98126517,In
27/02/2026 21:10,21.77216267,21.51447036,22.07985498,21.2529319,21.98126517,In
27/02/2026 21:20,21.77216267,21.61447036,21.87985498,21.3529319,21.98126517,In
27/02/2026 21:30,21.67216267,21.61447036,21.87985498,21.2529319,21.85828596,In
27/02/2026 21:40,21.67216267,21.61447036,21.87985498,21.3529319,21.85828596,In
27/02/2026 21:50,21.77216267,21.71447036,21.87985498,21.3529319,21.98126517,In
27/02/2026 22:00,21.77216267,21.51447036,22.07985498,21.3529319,21.85828596,In
27/02/2026 22:10,21.67216267,21.61447036,21.87985498,21.3529319,21.85828596,In
27/02/2026 22:20,21.77216267,21.61447036,21.87985498,21.3529319,21.98126517,In
27/02/2026 22:30,21.77216267,21.61447036,22.07985498,21.2529319,21.98126517,In
27/02/2026 22:40,21.77216267,21.61447036,22.07985498,21.2529319,21.98126517,In
27/02/2026 22:50,21.77216267,21.61447036,21.87985498,21.3529319,21.85828596,In
27/02/2026 23:00,21.77216267,21.61447036,22.07985498,21.3529319,21.85828596,In
27/02/2026 23:10,21.77216267,21.61447036,22.07985498,21.3529319,21.98126517,In
27/02/2026 23:20,21.77216267,21.61447036,21.87985498,21.2529319,21.85828596,In
27/02/2026 23:30,21.67216267,21.61447036,22.07985498,21.2529319,21.98126517,In
27/02/2026 23:40,21.77216267,21.51447036,22.07985498,21.2529319,21.85828596,In
27/02/2026 23:50,21.67216267,21.61447036,22.07985498,21.3529319,21.98126517,In
28/02/2026 00:00,21.67216267,21.61447036,22.07985498,21.3529319,21.85828596,In
28/02/2026 00:10,21.77216267,21.61447036,21.87985498,21.3529319,21.98126517,In
28/02/2026 00:20,21.77216267,21.61447036,22.07985498,21.3529319,21.85828596,In
28/02/2026 00:30,21.77216267,21.51447036,21.87985498,21.3529319,21.85828596,In
28/02/2026 00:40,21.77216267,21.61447036,22.07985498,21.3529319,21.98126517,In
28/02/2026 00:50,21.67216267,21.61447036,21.87985498,21.3529319,21.85828596,In
28/02/2026 01:00,21.77216267,21.51447036,21.87985498,21.2529319,21.98126517,In
28/02/2026 01:10,21.77216267,21.61447036,22.07985498,21.3529319,21.85828596,In
28/02/2026 01:20,21.77216267,21.61447036,21.87985498,21.2529319,21.85828596,In
28/02/2026 01:30,21.77216267,21.61447036,21.87985498,21.2529319,21.85828596,In
28/02/2026 01:40,21.77216267,21.61447036,22.07985498,21.2529319,21.98126517,In
28/02/2026 01:50,21.77216267,21.51447036,21.87985498,21.2529319,21.85828596,In
28/02/2026 02:00,21.77216267,21.51447036,21.87985498,21.3529319,21.85828596,In
28/02/2026 02:10,21.67216267,21.51447036,21.87985498,21.2529319,21.85828596,In
28/02/2026 02:20,21.67216267,21.51447036,21.87985498,21.2529319,21.85828596,In
28/02/2026 02:30,21.77216267,21.51447036,21.87985498,21.2529319,21.85828596,In
28/02/2026 02:40,21.77216267,21.51447036,21.87985498,21.2529319,21.85828596,In
28/02/2026 02:50,21.67216267,21.61447036,21.87985498,21.2529319,21.85828596,In
28/02/2026 03:00,21.67216267,21.51447036,21.87985498,21.3529319,21.85828596,In
28/02/2026 03:10,21.67216267,21.51447036,21.87985498,21.2529319,21.98126517,In
28/02/2026 03:20,21.67216267,21.51447036,21.87985498,21.2529319,21.85828596,In
28/02/2026 03:30,21.77216267,21.61447036,21.87985498,21.2529319,21.85828596,In
28/02/2026 03:40,21.67216267,21.61447036,21.87985498,21.3529319,21.85828596,In
28/02/2026 03:50,21.67216267,21.51447036,21.87985498,21.2529319,21.85828596,In
28/02/2026 04:00,21.77216267,21.51447036,22.07985498,21.2529319,21.85828596,In
28/02/2026 04:10,21.77216267,21.61447036,21.87985498,21.3529319,21.85828596,In
28/02/2026 04:20,21.67216267,21.61447036,21.87985498,21.3529319,21.85828596,In
28/02/2026 04:30,21.77216267,21.61447036,21.87985498,21.2529319,21.85828596,In
28/02/2026 04:40,21.77216267,21.61447036,21.87985498,21.3529319,21.85828596,In
28/02/2026 04:50,21.67216267,21.61447036,22.07985498,21.2529319,21.85828596,In
28/02/2026 05:00,21.77216267,21.61447036,21.87985498,21.2529319,21.85828596,In
28/02/2026 05:10,21.77216267,21.51447036,22.07985498,21.3529319,21.85828596,In
28/02/2026 05:20,21.67216267,21.61447036,21.87985498,21.3529319,21.85828596,In
28/02/2026 05:30,21.77216267,21.51447036,21.87985498,21.2529319,21.85828596,In
28/02/2026 05:40,21.67216267,21.51447036,21.87985498,21.2529319,21.85828596,In
28/02/2026 05:50,21.67216267,21.51447036,21.87985498,21.3529319,21.85828596,In
28/02/2026 06:00,21.77216267,21.51447036,21.87985498,21.3529319,21.85828596,In
28/02/2026 06:10,21.67216267,21.51447036,21.87985498,21.2529319,21.85828596,In
28/02/2026 06:20,21.67216267,21.51447036,21.87985498,21.2529319,21.85828596,In
28/02/2026 06:30,21.67216267,21.51447036,21.87985498,21.2529319,21.85828596,In
28/02/2026 06:40,21.67216267,21.51447036,21.87985498,21.2529319,21.85828596,In
28/02/2026 06:50,21.67216267,21.51447036,21.87985498,21.2529319,21.85828596,In
28/02/2026 07:00,21.67216267,21.51447036,21.87985498,21.2529319,21.85828596,In
28/02/2026 07:10,21.67216267,21.51447036,21.87985498,21.2529319,21.85828596,In
28/02/2026 07:20,21.67216267,21.51447036,21.87985498,21.2529319,21.85828596,In
28/02/2026 07:30,21.67216267,21.61447036,22.07985498,21.2529319,21.85828596,In
28/02/2026 07:40,21.67216267,21.61447036,21.87985498,21.2529319,21.85828596,In
28/02/2026 07:50,21.67216267,21.61447036,22.07985498,21.2529319,21.98126517,In
28/02/2026 08:00,21.67216267,21.61447036,21.87985498,21.2529319,21.85828596,In
28/02/2026 08:10,21.67216267,21.51447036,21.87985498,21.2529319,21.85828596,In
28/02/2026 08:20,21.67216267,21.51447036,21.77985498,21.3529319,21.85828596,In
28/02/2026 08:30,21.67216267,21.51447036,21.87985498,21.3529319,21.85828596,In
28/02/2026 08:40,21.67216267,21.61447036,21.87985498,21.2529319,21.85828596,In
28/02/2026 08:50,21.67216267,21.51447036,21.87985498,21.2529319,21.85828596,In
28/02/2026 09:00,21.67216267,21.51447036,21.87985498,21.2529319,21.85828596,In
28/02/2026 09:10,21.67216267,21.51447036,21.87985498,21.3529319,21.85828596,In
28/02/2026 09:20,21.77216267,21.51447036,21.87985498,21.2529319,21.85828596,In
28/02/2026 09:30,21.77216267,21.51447036,21.87985498,21.2529319,21.85828596,In
28/02/2026 09:40,21.67216267,21.51447036,21.87985498,21.2529319,21.85828596,In
28/02/2026 09:50,21.67216267,21.51447036,21.87985498,21.2529319,21.85828596,In
28/02/2026 10:00,21.67216267,21.51447036,21.87985498,21.2529319,21.85828596,In
28/02/2026 10:10,21.67216267,21.51447036,21.87985498,21.2529319,21.85828596,In
28/02/2026 10:20,21.67216267,21.51447036,21.87985498,21.2529319,21.85828596,In
28/02/2026 10:30,21.67216267,21.61447036,21.87985498,21.2529319,21.85828596,In
28/02/2026 10:40,21.67216267,21.51447036,21.87985498,21.2529319,21.85828596,In
28/02/2026 10:50,21.67216267,21.51447036,21.87985498,21.3529319,21.85828596,In
28/02/2026 11:00,21.67216267,21.51447036,21.87985498,21.2529319,21.85828596,In
28/02/2026 11:10,21.67216267,21.51447036,21.87985498,21.2529319,21.85828596,In
28/02/2026 11:20,21.67216267,21.51447036,21.77985498,21.2529319,21.85828596,In
28/02/2026 11:30,21.67216267,21.51447036,21.87985498,21.3529319,21.85828596,In
28/02/2026 11:40,21.67216267,21.51447036,21.87985498,21.2529319,21.85828596,In
28/02/2026 11:50,21.67216267,21.51447036,21.87985498,21.2529319,21.85828596,In
28/02/2026 12:00,21.67216267,21.51447036,21.77985498,21.2529319,21.85828596,In
28/02/2026 12:10,21.67216267,21.51447036,21.87985498,21.3529319,21.85828596,In
28/02/2026 12:20,21.67216267,21.51447036,21.87985498,21.2529319,21.85828596,In
28/02/2026 12:30,21.77216267,21.51447036,21.77985498,21.2529319,21.85828596,In
28/02/2026 12:40,21.67216267,21.51447036,21.77985498,21.2529319,21.85828596,In
28/02/2026 12:50,21.67216267,21.51447036,21.87985498,21.2529319,21.85828596,In
28/02/2026 13:00,21.57216267,21.51447036,21.87985498,21.3529319,21.85828596,In
28/02/2026 13:10,21.67216267,21.51447036,21.87985498,21.3529319,21.85828596,In
28/02/2026 13:20,21.67216267,21.51447036,21.87985498,21.2529319,21.85828596,In
28/02/2026 13:30,21.67216267,21.51447036,21.77985498,21.2529319,21.85828596,In
28/02/2026 13:40,21.67216267,21.51447036,21.87985498,21.2529319,21.85828596,In
28/02/2026 13:50,21.67216267,21.51447036,21.77985498,21.2529319,21.85828596,In
28/02/2026 14:00,21.77216267,21.51447036,21.87985498,21.2529319,21.85828596,In
28/02/2026 14:10,21.67216267,21.51447036,21.87985498,21.2529319,21.85828596,In
28/02/2026 14:20,21.77216267,21.51447036,21.87985498,21.2529319,21.85828596,In
28/02/2026 14:30,21.67216267,21.51447036,21.87985498,21.2529319,21.85828596,In
28/02/2026 14:40,21.67216267,21.61447036,21.87985498,21.2529319,21.85828596,In
28/02/2026 14:50,21.67216267,21.51447036,21.77985498,21.2529319,21.85828596,In
28/02/2026 15:00,21.67216267,21.51447036,21.87985498,21.2529319,21.85828596,In
28/02/2026 15:10,21.67216267,21.51447036,21.87985498,21.2529319,21.85828596,In
28/02/2026 15:20,21.67216267,21.51447036,21.87985498,21.3529319,21.85828596,In
28/02/2026 15:30,21.67216267,21.61447036,22.07985498,21.3529319,21.85828596,In
28/02/2026 15:40,21.67216267,21.51447036,21.87985498,21.2529319,21.85828596,In
28/02/2026 15:50,21.67216267,21.51447036,21.87985498,21.2529319,21.85828596,In
28/02/2026 16:00,21.67216267,21.51447036,21.87985498,21.1529319,21.85828596,In
28/02/2026 16:10,21.67216267,21.51447036,21.87985498,21.2529319,21.98126517,In
28/02/2026 16:20,21.67216267,21.51447036,21.87985498,21.2529319,21.85828596,In
28/02/2026 16:30,21.67216267,21.61447036,21.87985498,21.2529319,21.85828596,In
28/02/2026 16:40,21.67216267,21.51447036,21.87985498,21.2529319,21.85828596,In
28/02/2026 16:50,21.77216267,21.51447036,21.87985498,21.2529319,21.85828596,In
28/02/2026 17:00,21.67216267,21.51447036,21.87985498,21.3529319,21.85828596,In
28/02/2026 17:10,21.67216267,21.61447036,21.87985498,21.3529319,21.85828596,In
28/02/2026 17:20,21.67216267,21.51447036,21.87985498,21.2529319,21.85828596,In
28/02/2026 17:30,21.67216267,21.51447036,21.87985498,21.3529319,21.98126517,In
28/02/2026 17:40,21.77216267,21.51447036,22.07985498,21.2529319,21.85828596,In
28/02/2026 17:50,21.67216267,21.61447036,21.87985498,21.2529319,21.85828596,In
28/02/2026 18:00,21.67216267,21.51447036,21.87985498,21.3529319,21.85828596,In
28/02/2026 18:10,21.77216267,21.51447036,21.87985498,21.3529319,21.85828596,In
28/02/2026 18:20,21.67216267,21.61447036,21.87985498,21.3529319,21.85828596,In
28/02/2026 18:30,21.77216267,21.51447036,21.87985498,21.3529319,21.85828596,In
28/02/2026 18:40,21.67216267,21.51447036,21.87985498,21.3529319,21.85828596,In
28/02/2026 18:50,21.77216267,21.51447036,22.07985498,21.2529319,21.85828596,In
28/02/2026 19:00,21.67216267,21.51447036,21.87985498,21.2529319,21.85828596,In
28/02/2026 19:10,21.67216267,21.51447036,21.87985498,21.2529319,21.85828596,In
28/02/2026 19:20,21.67216267,21.51447036,21.87985498,21.2529319,21.85828596,In
28/02/2026 19:30,21.67216267,21.51447036,21.87985498,21.2529319,21.85828596,In
28/02/2026 19:40,21.67216267,21.51447036,21.87985498,21.2529319,21.85828596,In
28/02/2026 19:50,21.67216267,21.61447036,21.87985498,21.2529319,21.73530675,In
28/02/2026 20:00,21.67216267,21.51447036,21.87985498,21.2529319,21.85828596,In
28/02/2026 20:10,21.67216267,21.51447036,21.87985498,21.2529319,21.85828596,In
28/02/2026 20:20,21.67216267,21.51447036,21.87985498,21.2529319,21.85828596,In
28/02/2026 20:30,21.67216267,21.51447036,21.87985498,21.2529319,21.85828596,In
28/02/2026 20:40,21.67216267,21.51447036,21.87985498,21.2529319,21.73530675,In
28/02/2026 20:50,21.67216267,21.51447036,21.87985498,21.2529319,21.85828596,In
28/02/2026 21:00,21.67216267,21.61447036,21.87985498,21.2529319,21.85828596,In
28/02/2026 21:10,21.67216267,21.51447036,21.87985498,21.2529319,21.85828596,In
28/02/2026 21:20,21.67216267,21.51447036,21.87985498,21.2529319,21.73530675,In
28/02/2026 21:30,21.67216267,21.51447036,21.87985498,21.2529319,21.85828596,In
28/02/2026 21:40,21.67216267,21.51447036,21.77985498,21.2529319,21.85828596,In
28/02/2026 21:50,21.67216267,21.51447036,21.87985498,21.2529319,21.85828596,In
28/02/2026 22:00,21.57216267,21.51447036,21.87985498,21.2529319,21.73530675,In
28/02/2026 22:10,21.67216267,21.51447036,21.87985498,21.2529319,21.85828596,In
28/02/2026 22:20,21.67216267,21.51447036,21.87985498,21.2529319,21.85828596,In
28/02/2026 22:30,21.67216267,21.51447036,21.87985498,21.2529319,21.85828596,In
28/02/2026 22:40,21.67216267,21.51447036,21.87985498,21.2529319,21.85828596,In
28/02/2026 22:50,21.77216267,21.51447036,21.87985498,21.2529319,21.85828596,In
28/02/2026 23:00,21.67216267,21.51447036,21.87985498,21.2529319,21.85828596,In
28/02/2026 23:10,21.67216267,21.51447036,21.87985498,21.2529319,21.85828596,In
28/02/2026 23:20,21.67216267,21.51447036,21.87985498,21.2529319,21.85828596,In
28/02/2026 23:30,21.67216267,21.51447036,21.87985498,21.2529319,21.85828596,In
28/02/2026 23:40,21.67216267,21.51447036,21.87985498,21.2529319,21.85828596,In
28/02/2026 23:50,21.67216267,21.51447036,22.07985498,21.2529319,21.85828596,In
01/03/2026 00:00,21.77216267,21.51447036,21.87985498,21.2529319,21.85828596,In
01/03/2026 00:10,21.77216267,21.51447036,21.87985498,21.2529319,21.85828596,In
01/03/2026 00:20,21.67216267,21.51447036,21.87985498,21.2529319,21.85828596,In
01/03/2026 00:30,21.67216267,21.51447036,21.87985498,21.2529319,21.85828596,In
01/03/2026 00:40,21.67216267,21.61447036,21.87985498,21.2529319,21.85828596,In
01/03/2026 00:50,21.67216267,21.51447036,21.87985498,21.3529319,21.85828596,In
01/03/2026 01:00,21.67216267,21.51447036,21.77985498,21.2529319,21.85828596,In
01/03/2026 01:10,21.67216267,21.51447036,21.77985498,21.2529319,21.85828596,In
01/03/2026 01:20,21.67216267,21.51447036,21.87985498,21.2529319,21.85828596,In
01/03/2026 01:30,21.67216267,21.51447036,21.87985498,21.2529319,21.85828596,In
01/03/2026 01:40,21.67216267,21.51447036,21.87985498,21.2529319,21.85828596,In
01/03/2026 01:50,21.67216267,21.51447036,21.87985498,21.2529319,21.85828596,In
01/03/2026 02:00,21.67216267,21.51447036,21.87985498,21.2529319,21.73530675,In
01/03/2026 02:10,21.67216267,21.51447036,21.87985498,21.2529319,21.85828596,In
01/03/2026 02:20,21.67216267,21.51447036,21.77985498,21.2529319,21.85828596,In
01/03/2026 02:30,21.77216267,21.51447036,21.87985498,21.2529319,21.85828596,In
01/03/2026 02:40,21.67216267,21.51447036,21.87985498,21.2529319,21.85828596,In
01/03/2026 02:50,21.67216267,21.51447036,21.77985498,21.2529319,21.85828596,In
01/03/2026 03:00,21.67216267,21.61447036,21.87985498,21.2529319,21.85828596,In
01/03/2026 03:10,21.67216267,21.51447036,21.87985498,21.2529319,21.85828596,In
01/03/2026 03:20,21.67216267,21.51447036,21.87985498,21.2529319,21.85828596,In
01/03/2026 03:30,21.67216267,21.51447036,21.87985498,21.2529319,21.85828596,In
01/03/2026 03:40,21.67216267,21.51447036,21.87985498,21.2529319,21.85828596,In
01/03/2026 03:50,21.67216267,21.51447036,21.77985498,21.2529319,21.73530675,In
01/03/2026 04:00,21.67216267,21.51447036,21.87985498,21.2529319,21.85828596,In
01/03/2026 04:10,21.67216267,21.51447036,21.87985498,21.2529319,21.85828596,In
01/03/2026 04:20,21.67216267,21.51447036,21.77985498,21.2529319,21.85828596,In
01/03/2026 04:30,21.67216267,21.51447036,21.87985498,21.2529319,21.85828596,In
01/03/2026 04:40,21.67216267,21.51447036,21.87985498,21.2529319,21.85828596,In
01/03/2026 04:50,21.67216267,21.51447036,21.87985498,21.2529319,21.85828596,In
01/03/2026 05:00,21.67216267,21.51447036,21.87985498,21.2529319,21.73530675,In
01/03/2026 05:10,21.67216267,21.51447036,21.77985498,21.2529319,21.85828596,In
01/03/2026 05:20,21.67216267,21.51447036,21.87985498,21.2529319,21.85828596,In
01/03/2026 05:30,21.67216267,21.51447036,21.87985498,21.2529319,21.85828596,In
01/03/2026 05:40,21.67216267,21.61447036,21.87985498,21.2529319,21.85828596,In
01/03/2026 05:50,21.67216267,21.51447036,21.87985498,21.2529319,21.85828596,In
01/03/2026 06:00,21.67216267,21.51447036,21.77985498,21.3529319,21.73530675,In
01/03/2026 06:10,21.67216267,21.51447036,21.87985498,21.2529319,21.85828596,In
01/03/2026 06:20,21.67216267,21.51447036,21.77985498,21.2529319,21.85828596,In
01/03/2026 06:30,21.67216267,21.51447036,21.87985498,21.2529319,21.73530675,In
01/03/2026 06:40,21.67216267,21.51447036,21.77985498,21.3529319,21.73530675,In
01/03/2026 06:50,21.67216267,21.51447036,21.87985498,21.2529319,21.85828596,In
01/03/2026 07:00,21.67216267,21.51447036,21.87985498,21.1529319,21.85828596,In
01/03/2026 07:10,21.57216267,21.51447036,21.77985498,21.2529319,21.73530675,In
01/03/2026 07:20,21.67216267,21.51447036,21.87985498,21.2529319,21.85828596,In
01/03/2026 07:30,21.67216267,21.51447036,21.77985498,21.2529319,21.85828596,In
01/03/2026 07:40,21.67216267,21.51447036,21.87985498,21.2529319,21.73530675,In
01/03/2026 07:50,21.67216267,21.51447036,21.87985498,21.2529319,21.85828596,In
01/03/2026 08:00,21.67216267,21.51447036,21.87985498,21.3529319,21.85828596,In
01/03/2026 08:10,21.67216267,21.31447036,21.87985498,21.2529319,21.85828596,In
01/03/2026 08:20,21.67216267,21.51447036,21.87985498,21.2529319,21.85828596,In
01/03/2026 08:30,21.57216267,21.51447036,21.87985498,21.2529319,21.73530675,In
01/03/2026 08:40,21.67216267,21.51447036,21.87985498,21.2529319,21.85828596,In
01/03/2026 08:50,21.67216267,21.51447036,21.77985498,21.2529319,21.85828596,In
01/03/2026 09:00,21.67216267,21.51447036,21.77985498,21.2529319,21.85828596,In
01/03/2026 09:10,21.57216267,21.51447036,21.77985498,21.2529319,21.85828596,In
01/03/2026 09:20,21.67216267,21.51447036,21.77985498,21.2529319,21.85828596,In
01/03/2026 09:30,21.67216267,21.51447036,21.77985498,21.2529319,21.73530675,In
01/03/2026 09:40,21.67216267,21.51447036,21.87985498,21.2529319,21.85828596,In
01/03/2026 09:50,21.67216267,21.51447036,21.77985498,21.1529319,21.85828596,In
01/03/2026 10:00,21.57216267,21.51447036,21.77985498,21.2529319,21.73530675,In
01/03/2026 10:10,21.57216267,21.51447036,21.77985498,21.2529319,21.73530675,In
01/03/2026 10:20,21.67216267,21.31447036,21.77985498,21.2529319,21.73530675,In
01/03/2026 10:30,21.57216267,21.31447036,21.77985498,21.2529319,21.73530675,In
01/03/2026 10:40,21.57216267,21.31447036,21.77985498,21.2529319,21.73530675,In
01/03/2026 10:50,21.67216267,21.31447036,21.77985498,21.1529319,21.73530675,In
01/03/2026 11:00,21.57216267,21.51447036,21.77985498,21.2529319,21.73530675,In
01/03/2026 11:10,21.57216267,21.31447036,21.77985498,21.2529319,21.85828596,In
01/03/2026 11:20,21.67216267,21.51447036,21.77985498,21.2529319,21.73530675,In
01/03/2026 11:30,21.57216267,21.51447036,21.87985498,21.1529319,21.73530675,In
01/03/2026 11:40,21.57216267,21.51447036,21.77985498,21.1529319,21.85828596,In
01/03/2026 11:50,21.57216267,21.31447036,21.87985498,21.1529319,21.73530675,In
01/03/2026 12:00,21.57216267,21.51447036,21.77985498,21.2529319,21.85828596,In
01/03/2026 12:10,21.57216267,21.51447036,21.77985498,21.2529319,21.73530675,In
01/03/2026 12:20,21.67216267,21.31447036,21.77985498,21.1529319,21.85828596,In
01/03/2026 12:30,21.57216267,21.31447036,21.77985498,21.2529319,21.73530675,In
01/03/2026 12:40,21.57216267,21.51447036,21.77985498,21.2529319,21.73530675,In
01/03/2026 12:50,21.67216267,21.51447036,21.77985498,21.1529319,21.85828596,In
01/03/2026 13:00,21.57216267,21.31447036,21.77985498,21.2529319,21.73530675,In
01/03/2026 13:10,21.57216267,21.51447036,21.87985498,21.2529319,21.73530675,In
01/03/2026 13:20,21.57216267,21.31447036,21.77985498,21.2529319,21.73530675,In
01/03/2026 13:30,21.67216267,21.31447036,21.87985498,21.2529319,21.73530675,In
01/03/2026 13:40,21.57216267,21.51447036,21.77985498,21.2529319,21.85828596,In
01/03/2026 13:50,21.57216267,21.31447036,21.77985498,21.2529319,21.73530675,In
01/03/2026 14:00,21.57216267,21.31447036,21.77985498,21.2529319,21.73530675,In
01/03/2026 14:10,21.57216267,21.31447036,21.77985498,21.2529319,21.85828596,In
01/03/2026 14:20,21.67216267,21.51447036,21.77985498,21.2529319,21.73530675,In
01/03/2026 14:30,21.67216267,21.51447036,21.87985498,21.2529319,21.73530675,In
01/03/2026 14:40,21.67216267,21.51447036,21.77985498,21.2529319,21.73530675,In
01/03/2026 14:50,21.67216267,21.51447036,21.87985498,21.2529319,21.73530675,In
01/03/2026 15:00,21.67216267,21.51447036,21.87985498,21.2529319,21.73530675,In
01/03/2026 15:10,21.67216267,21.51447036,21.77985498,21.2529319,21.73530675,In
01/03/2026 15:20,21.67216267,21.51447036,21.77985498,21.2529319,21.73530675,In
01/03/2026 15:30,21.67216267,21.31447036,21.87985498,21.2529319,21.85828596,In
01/03/2026 15:40,21.67216267,21.51447036,21.77985498,21.2529319,21.85828596,In
01/03/2026 15:50,21.67216267,21.51447036,21.77985498,21.2529319,21.73530675,In
01/03/2026 16:00,21.67216267,21.51447036,21.87985498,21.2529319,21.73530675,In
01/03/2026 16:10,21.67216267,21.31447036,21.77985498,21.2529319,21.85828596,In
01/03/2026 16:20,21.67216267,21.51447036,21.77985498,21.2529319,21.73530675,In
01/03/2026 16:30,21.67216267,21.51447036,21.87985498,21.2529319,21.73530675,In
01/03/2026 16:40,21.57216267,21.31447036,21.87985498,21.2529319,21.85828596,In
01/03/2026 16:50,21.67216267,21.51447036,21.87985498,21.2529319,21.73530675,In
01/03/2026 17:00,21.67216267,21.51447036,21.77985498,21.2529319,21.85828596,In
01/03/2026 17:10,21.67216267,21.51447036,21.77985498,21.2529319,21.73530675,In
01/03/2026 17:20,21.57216267,21.31447036,21.77985498,21.1529319,21.73530675,In
01/03/2026 17:30,21.57216267,21.51447036,21.77985498,21.2529319,21.73530675,In
01/03/2026 17:40,21.67216267,21.51447036,21.77985498,21.2529319,21.73530675,In
01/03/2026 17:50,21.67216267,21.51447036,21.87985498,21.2529319,21.85828596,In
01/03/2026 18:00,21.57216267,21.31447036,21.77985498,21.2529319,21.85828596,In
01/03/2026 18:10,21.67216267,21.31447036,21.77985498,21.2529319,21.85828596,In
01/03/2026 18:20,21.67216267,21.31447036,21.87985498,21.2529319,21.73530675,In
01/03/2026 18:30,21.67216267,21.51447036,21.77985498,21.2529319,21.85828596,In
01/03/2026 18:40,21.67216267,21.51447036,21.77985498,21.2529319,21.73530675,In
01/03/2026 18:50,21.67216267,21.51447036,21.87985498,21.2529319,21.85828596,In
01/03/2026 19:00,21.67216267,21.31447036,21.77985498,21.2529319,21.85828596,In
01/03/2026 19:10,21.57216267,21.51447036,21.87985498,21.2529319,21.85828596,In
01/03/2026 19:20,21.67216267,21.31447036,21.87985498,21.2529319,21.85828596,In
01/03/2026 19:30,21.67216267,21.31447036,21.77985498,21.2529319,21.85828596,In
01/03/2026 19:40,21.67216267,21.51447036,21.87985498,21.2529319,21.73530675,In
01/03/2026 19:50,21.67216267,21.51447036,21.87985498,21.2529319,21.85828596,In
01/03/2026 20:00,21.67216267,21.51447036,21.77985498,21.1529319,21.85828596,In
01/03/2026 20:10,21.67216267,21.51447036,21.87985498,21.2529319,21.85828596,In
01/03/2026 20:20,21.67216267,21.51447036,21.77985498,21.2529319,21.85828596,In
01/03/2026 20:30,21.67216267,21.51447036,21.87985498,21.2529319,21.73530675,In
01/03/2026 20:40,21.67216267,21.51447036,21.87985498,21.2529319,21.73530675,In
01/03/2026 20:50,21.67216267,21.31447036,21.77985498,21.2529319,21.73530675,In
01/03/2026 21:00,21.67216267,21.51447036,21.77985498,21.1529319,21.85828596,In
01/03/2026 21:10,21.67216267,21.51447036,21.87985498,21.2529319,21.85828596,In
01/03/2026 21:20,21.67216267,21.51447036,21.87985498,21.2529319,21.85828596,In
01/03/2026 21:30,21.67216267,21.51447036,21.87985498,21.2529319,21.85828596,In
01/03/2026 21:40,21.67216267,21.31447036,21.87985498,21.2529319,21.73530675,In
01/03/2026 21:50,21.67216267,21.51447036,21.87985498,21.2529319,21.85828596,In
01/03/2026 22:00,21.67216267,21.51447036,21.77985498,21.2529319,21.85828596,In
01/03/2026 22:10,21.67216267,21.51447036,21.87985498,21.1529319,21.85828596,In
01/03/2026 22:20,21.67216267,21.51447036,21.77985498,21.2529319,21.85828596,In
01/03/2026 22:30,21.67216267,21.51447036,21.87985498,21.2529319,21.73530675,In
01/03/2026 22:40,21.67216267,21.51447036,21.87985498,21.2529319,21.73530675,In
01/03/2026 22:50,21.67216267,21.51447036,21.87985498,21.2529319,21.85828596,In
01/03/2026 23:00,21.67216267,21.51447036,21.77985498,21.2529319,21.73530675,In
01/03/2026 23:10,21.67216267,21.51447036,21.77985498,21.2529319,21.73530675,In
01/03/2026 23:20,21.57216267,21.51447036,21.87985498,21.2529319,21.73530675,In
01/03/2026 23:30,21.67216267,21.51447036,21.77985498,21.2529319,21.73530675,In
01/03/2026 23:40,21.67216267,21.51447036,21.87985498,21.2529319,21.85828596,In
01/03/2026 23:50,21.67216267,21.51447036,21.87985498,21.1529319,21.73530675,In
02/03/2026 00:00,21.67216267,21.51447036,21.77985498,21.2529319,21.85828596,In
02/03/2026 00:10,21.67216267,21.31447036,21.87985498,21.2529319,21.73530675,In
02/03/2026 00:20,21.67216267,21.51447036,21.77985498,21.2529319,21.73530675,In
02/03/2026 00:30,21.67216267,21.51447036,21.77985498,21.2529319,21.85828596,In
02/03/2026 00:40,21.67216267,21.31447036,21.87985498,21.2529319,21.73530675,In
02/03/2026 00:50,21.67216267,21.51447036,21.77985498,21.2529319,21.73530675,In
02/03/2026 01:00,21.67216267,21.31447036,21.77985498,21.1529319,21.73530675,In
02/03/2026 01:10,21.57216267,21.51447036,21.87985498,21.1529319,21.73530675,In
02/03/2026 01:20,21.67216267,21.51447036,21.87985498,21.2529319,21.73530675,In
02/03/2026 01:30,21.67216267,21.31447036,21.87985498,21.2529319,21.73530675,In
02/03/2026 01:40,21.67216267,21.51447036,21.77985498,21.2529319,21.73530675,In
02/03/2026 01:50,21.57216267,21.31447036,21.87985498,21.1529319,21.73530675,In
02/03/2026 02:00,21.67216267,21.51447036,21.77985498,21.2529319,21.73530675,In
02/03/2026 02:10,21.67216267,21.51447036,21.87985498,21.1529319,21.85828596,In
02/03/2026 02:20,21.67216267,21.51447036,21.77985498,21.2529319,21.73530675,In
02/03/2026 02:30,21.57216267,21.51447036,21.77985498,21.2529319,21.73530675,In
02/03/2026 02:40,21.67216267,21.51447036,21.87985498,21.2529319,21.85828596,In
02/03/2026 02:50,21.67216267,21.51447036,21.77985498,21.2529319,21.85828596,In
02/03/2026 03:00,21.67216267,21.51447036,21.87985498,21.2529319,21.85828596,In
02/03/2026 03:10,21.67216267,21.51447036,21.77985498,21.2529319,21.85828596,In
02/03/2026 03:20,21.67216267,21.51447036,21.87985498,21.2529319,21.73530675,In
02/03/2026 03:30,21.57216267,21.31447036,21.77985498,21.2529319,21.73530675,In
02/03/2026 03:40,21.67216267,21.31447036,21.77985498,21.2529319,21.73530675,In
02/03/2026 03:50,21.57216267,21.31447036,21.77985498,21.2529319,21.73530675,In
02/03/2026 04:00,21.67216267,21.51447036,21.77985498,21.1529319,21.73530675,In
02/03/2026 04:10,21.67216267,21.31447036,21.77985498,21.1529319,21.73530675,In
02/03/2026 04:20,21.57216267,21.51447036,21.77985498,21.2529319,21.85828596,In
02/03/2026 04:30,21.67216267,21.31447036,21.77985498,21.2529319,21.85828596,In
02/03/2026 04:40,21.67216267,21.51447036,21.87985498,21.2529319,21.85828596,In
02/03/2026 04:50,21.67216267,21.51447036,21.77985498,21.1529319,21.73530675,In
02/03/2026 05:00,21.67216267,21.31447036,21.77985498,21.2529319,21.73530675,In
02/03/2026 05:10,21.67216267,21.31447036,21.77985498,21.2529319,21.73530675,In
02/03/2026 05:20,21.67216267,21.31447036,21.77985498,21.2529319,21.73530675,In
02/03/2026 05:30,21.57216267,21.51447036,21.77985498,21.2529319,21.73530675,In
02/03/2026 05:40,21.57216267,21.51447036,21.77985498,21.2529319,21.73530675,In
02/03/2026 05:50,21.57216267,21.51447036,21.77985498,21.1529319,21.73530675,In
02/03/2026 06:00,21.57216267,21.31447036,21.77985498,21.2529319,21.73530675,In
02/03/2026 06:10,21.67216267,21.51447036,21.77985498,21.2529319,21.73530675,In
02/03/2026 06:20,21.57216267,21.51447036,21.77985498,21.2529319,21.73530675,In
02/03/2026 06:30,21.57216267,21.51447036,21.77985498,21.2529319,21.85828596,In
02/03/2026 06:40,21.57216267,21.31447036,21.77985498,21.1529319,21.73530675,In
02/03/2026 06:50,21.57216267,21.31447036,21.77985498,21.2529319,21.85828596,In
02/03/2026 07:00,21.57216267,21.31447036,21.77985498,21.1529319,21.73530675,In
02/03/2026 07:10,21.57216267,21.31447036,21.77985498,21.1529319,21.73530675,In
02/03/2026 07:20,21.57216267,21.31447036,21.77985498,21.1529319,21.73530675,In
02/03/2026 07:30,21.57216267,21.31447036,21.77985498,21.2529319,21.73530675,In
02/03/2026 07:40,21.57216267,21.31447036,21.77985498,21.1529319,21.73530675,In
02/03/2026 07:50,21.57216267,21.31447036,21.77985498,21.2529319,21.85828596,In
02/03/2026 08:00,21.57216267,21.31447036,21.77985498,21.1529319,21.73530675,In
02/03/2026 08:10,21.57216267,21.31447036,21.77985498,21.2529319,21.73530675,In
02/03/2026 08:20,21.57216267,21.31447036,21.77985498,21.1529319,21.73530675,In
02/03/2026 08:30,21.57216267,21.31447036,21.77985498,21.2529319,21.73530675,In
02/03/2026 08:40,21.57216267,21.31447036,21.67985498,21.1529319,21.85828596,In
02/03/2026 08:50,21.57216267,21.31447036,21.77985498,21.2529319,21.73530675,In
02/03/2026 09:00,21.57216267,21.31447036,21.77985498,21.2529319,21.73530675,In
02/03/2026 09:10,21.57216267,21.31447036,21.87985498,21.1529319,21.73530675,In
02/03/2026 09:20,21.57216267,21.31447036,21.77985498,21.1529319,21.73530675,In
02/03/2026 09:30,21.57216267,21.31447036,21.77985498,21.1529319,21.73530675,In
02/03/2026 09:40,21.57216267,21.31447036,21.77985498,21.2529319,21.73530675,In
02/03/2026 09:50,21.57216267,21.31447036,21.77985498,21.1529319,21.73530675,In
02/03/2026 10:00,21.57216267,21.31447036,21.77985498,21.2529319,21.73530675,In
02/03/2026 10:10,21.57216267,21.51447036,21.77985498,21.1529319,21.73530675,In
02/03/2026 10:20,21.57216267,21.31447036,21.77985498,21.2529319,21.73530675,In
02/03/2026 10:30,21.57216267,21.31447036,21.77985498,21.2529319,21.73530675,In
02/03/2026 10:40,21.57216267,21.51447036,21.77985498,21.2529319,21.73530675,In
02/03/2026 10:50,21.67216267,21.31447036,21.77985498,21.2529319,21.73530675,In
02/03/2026 11:00,21.67216267,21.31447036,21.77985498,21.2529319,21.73530675,In
02/03/2026 11:10,21.67216267,21.51447036,21.77985498,21.2529319,21.73530675,In
02/03/2026 11:20,21.67216267,21.31447036,21.77985498,21.2529319,21.85828596,In
02/03/2026 11:30,21.57216267,21.51447036,21.77985498,21.2529319,21.73530675,In
02/03/2026 11:40,21.57216267,21.51447036,21.77985498,21.2529319,21.85828596,In
02/03/2026 11:50,21.57216267,21.31447036,21.77985498,21.2529319,21.73530675,In
02/03/2026 12:00,21.67216267,21.31447036,21.77985498,21.2529319,21.73530675,In
02/03/2026 12:10,21.57216267,21.31447036,21.77985498,21.2529319,21.85828596,In
02/03/2026 12:20,21.57216267,21.51447036,21.77985498,21.2529319,21.73530675,In
02/03/2026 12:30,21.67216267,21.31447036,21.77985498,21.2529319,21.85828596,In
02/03/2026 12:40,21.57216267,21.31447036,21.77985498,21.1529319,21.73530675,In
02/03/2026 12:50,21.67216267,21.51447036,21.77985498,21.2529319,21.73530675,In
02/03/2026 13:00,21.57216267,21.31447036,21.77985498,21.2529319,21.73530675,In
02/03/2026 13:10,21.67216267,21.31447036,21.77985498,21.2529319,21.73530675,In
02/03/2026 13:20,21.57216267,21.31447036,21.77985498,21.1529319,21.73530675,In
02/03/2026 13:30,21.57216267,21.51447036,21.77985498,21.2529319,21.73530675,In
02/03/2026 13:40,21.67216267,21.51447036,21.77985498,21.2529319,21.73530675,In
02/03/2026 13:50,21.57216267,21.31447036,21.77985498,21.2529319,21.73530675,In
02/03/2026 14:00,21.57216267,21.31447036,21.77985498,21.1529319,21.73530675,In
02/03/2026 14:10,21.57216267,21.51447036,21.77985498,21.2529319,21.73530675,In
02/03/2026 14:20,21.67216267,21.31447036,21.77985498,21.2529319,21.73530675,In
02/03/2026 14:30,21.67216267,21.31447036,21.77985498,21.1529319,21.73530675,In
02/03/2026 14:40,21.57216267,21.31447036,21.77985498,21.2529319,21.73530675,In
02/03/2026 14:50,21.67216267,21.51447036,21.87985498,21.1529319,21.73530675,In
02/03/2026 15:00,21.57216267,21.51447036,21.77985498,21.2529319,21.85828596,In
02/03/2026 15:10,21.57216267,21.51447036,21.77985498,21.2529319,21.73530675,In
02/03/2026 15:20,21.57216267,21.31447036,21.77985498,21.2529319,21.73530675,In
02/03/2026 15:30,21.57216267,21.31447036,21.77985498,21.1529319,21.73530675,In
02/03/2026 15:40,21.67216267,21.31447036,21.77985498,21.2529319,21.73530675,In
02/03/2026 15:50,21.57216267,21.51447036,21.77985498,21.1529319,21.73530675,In
02/03/2026 16:00,21.67216267,21.51447036,21.77985498,21.1529319,21.85828596,In
02/03/2026 16:10,21.57216267,21.51447036,21.77985498,21.1529319,21.85828596,In
02/03/2026 16:20,21.67216267,21.31447036,21.87985498,21.1529319,21.73530675,In
02/03/2026 16:30,21.57216267,21.51447036,21.77985498,21.2529319,21.73530675,In
02/03/2026 16:40,21.67216267,21.31447036,21.77985498,21.1529319,21.73530675,In
02/03/2026 16:50,21.57216267,21.51447036,21.77985498,21.2529319,21.73530675,In
02/03/2026 17:00,21.67216267,21.31447036,21.77985498,21.1529319,21.73530675,In
02/03/2026 17:10,21.57216267,21.51447036,21.77985498,21.1529319,21.73530675,In
02/03/2026 17:20,21.67216267,21.31447036,21.77985498,21.2529319,21.73530675,In
02/03/2026 17:30,21.57216267,21.51447036,21.77985498,21.2529319,21.73530675,In
02/03/2026 17:40,21.57216267,21.31447036,21.77985498,21.1529319,21.73530675,In
02/03/2026 17:50,21.57216267,21.31447036,21.87985498,21.2529319,21.73530675,In
02/03/2026 18:00,21.67216267,21.31447036,21.77985498,21.2529319,21.85828596,In
02/03/2026 18:10,21.57216267,21.51447036,21.77985498,21.2529319,21.73530675,In
02/03/2026 18:20,21.67216267,21.31447036,21.77985498,21.2529319,21.73530675,In
02/03/2026 18:30,21.67216267,21.51447036,21.77985498,21.2529319,21.85828596,In
02/03/2026 18:40,21.57216267,21.51447036,21.77985498,21.2529319,21.73530675,In
02/03/2026 18:50,21.67216267,21.31447036,21.87985498,21.2529319,21.85828596,In
02/03/2026 19:00,21.57216267,21.51447036,21.77985498,21.1529319,21.73530675,In
02/03/2026 19:10,21.67216267,21.51447036,21.87985498,21.2529319,21.73530675,In
02/03/2026 19:20,21.67216267,21.51447036,21.77985498,21.1529319,21.73530675,In
02/03/2026 19:30,21.67216267,21.51447036,21.87985498,21.2529319,21.73530675,In
02/03/2026 19:40,21.67216267,21.51447036,21.77985498,21.2529319,21.73530675,In
02/03/2026 19:50,21.67216267,21.31447036,21.77985498,21.2529319,21.73530675,In
02/03/2026 20:00,21.67216267,21.31447036,21.77985498,21.2529319,21.73530675,In
02/03/2026 20:10,21.57216267,21.31447036,21.77985498,21.1529319,21.73530675,In
02/03/2026 20:20,21.67216267,21.51447036,21.77985498,21.2529319,21.73530675,In
02/03/2026 20:30,21.67216267,21.31447036,21.77985498,21.2529319,21.73530675,In
02/03/2026 20:40,21.67216267,21.31447036,21.77985498,21.2529319,21.73530675,In
02/03/2026 20:50,21.67216267,21.31447036,21.77985498,21.2529319,21.73530675,In
02/03/2026 21:00,21.57216267,21.51447036,21.77985498,21.2529319,21.73530675,In
02/03/2026 21:10,21.67216267,21.51447036,21.87985498,21.1529319,21.85828596,In
02/03/2026 21:20,21.57216267,21.51447036,21.77985498,21.2529319,21.73530675,In
02/03/2026 21:30,21.67216267,21.31447036,21.77985498,21.2529319,21.73530675,In
02/03/2026 21:40,21.57216267,21.31447036,21.77985498,21.1529319,21.73530675,In
02/03/2026 21:50,21.57216267,21.31447036,21.77985498,21.2529319,21.85828596,In
02/03/2026 22:00,21.57216267,21.31447036,21.77985498,21.1529319,21.85828596,In
02/03/2026 22:10,21.67216267,21.31447036,21.77985498,21.1529319,21.73530675,In
02/03/2026 22:20,21.67216267,21.51447036,21.77985498,21.2529319,21.73530675,In
02/03/2026 22:30,21.57216267,21.51447036,21.67985498,21.2529319,21.85828596,In
02/03/2026 22:40,21.67216267,21.51447036,21.77985498,21.1529319,21.73530675,In
02/03/2026 22:50,21.57216267,21.31447036,21.77985498,21.2529319,21.73530675,In
02/03/2026 23:00,21.57216267,21.51447036,21.77985498,21.1529319,21.73530675,In
02/03/2026 23:10,21.57216267,21.31447036,21.77985498,21.1529319,21.73530675,In
02/03/2026 23:20,21.57216267,21.51447036,21.77985498,21.1529319,21.73530675,In
02/03/2026 23:30,21.57216267,21.51447036,21.77985498,21.1529319,21.73530675,In
02/03/2026 23:40,21.57216267,21.51447036,21.77985498,21.2529319,21.73530675,In
02/03/2026 23:50,21.57216267,21.51447036,21.77985498,21.1529319,21.73530675,In
03/03/2026 00:00,21.57216267,21.31447036,21.77985498,21.2529319,21.73530675,In
03/03/2026 00:10,21.57216267,21.51447036,21.77985498,21.1529319,21.73530675,In
03/03/2026 00:20,21.57216267,21.31447036,21.77985498,21.2529319,21.73530675,In
03/03/2026 00:30,21.57216267,21.51447036,21.77985498,21.1529319,21.73530675,In
03/03/2026 00:40,21.57216267,21.31447036,21.77985498,21.2529319,21.73530675,In
03/03/2026 00:50,21.57216267,21.31447036,21.77985498,21.1529319,21.73530675,In
03/03/2026 01:00,21.57216267,21.31447036,21.77985498,21.1529319,21.73530675,In
03/03/2026 01:10,21.57216267,21.31447036,21.77985498,21.1529319,21.73530675,In
03/03/2026 01:20,21.57216267,21.51447036,21.77985498,21.2529319,21.73530675,In
03/03/2026 01:30,21.57216267,21.31447036,21.77985498,21.1529319,21.73530675,In
03/03/2026 01:40,21.57216267,21.31447036,21.77985498,21.2529319,21.73530675,In
03/03/2026 01:50,21.57216267,21.51447036,21.77985498,21.1529319,21.85828596,In
03/03/2026 02:00,21.57216267,21.31447036,21.77985498,21.2529319,21.73530675,In
03/03/2026 02:10,21.57216267,21.31447036,21.77985498,21.2529319,21.73530675,In
03/03/2026 02:20,21.57216267,21.31447036,21.77985498,21.1529319,21.73530675,In
03/03/2026 02:30,21.67216267,21.31447036,21.77985498,21.1529319,21.73530675,In
03/03/2026 02:40,21.57216267,21.31447036,21.77985498,21.1529319,21.73530675,In
03/03/2026 02:50,21.57216267,21.31447036,21.77985498,21.1529319,21.73530675,In
03/03/2026 03:00,21.57216267,21.31447036,21.77985498,21.1529319,21.73530675,In
03/03/2026 03:10,21.57216267,21.31447036,21.77985498,21.1529319,21.73530675,In
03/03/2026 03:20,21.57216267,21.31447036,21.77985498,21.2529319,21.73530675,In
03/03/2026 03:30,21.37216267,21.31447036,21.67985498,21.1529319,21.61232755,In
03/03/2026 03:40,21.57216267,21.31447036,21.77985498,21.1529319,21.73530675,In
03/03/2026 03:50,21.57216267,21.31447036,21.67985498,21.1529319,21.73530675,In
03/03/2026 04:00,21.57216267,21.31447036,21.67985498,21.1529319,21.73530675,In
03/03/2026 04:10,21.37216267,21.31447036,21.77985498,21.1529319,21.73530675,In
03/03/2026 04:20,21.57216267,21.21447036,21.67985498,21.1529319,21.73530675,In
03/03/2026 04:30,21.57216267,21.31447036,21.77985498,21.1529319,21.73530675,In
03/03/2026 04:40,21.57216267,21.31447036,21.77985498,21.1529319,21.73530675,In
03/03/2026 04:50,21.57216267,21.31447036,21.77985498,21.1529319,21.73530675,In
03/03/2026 05:00,21.57216267,21.31447036,21.77985498,21.1529319,21.61232755,In
03/03/2026 05:10,21.37216267,21.21447036,21.77985498,21.1529319,21.61232755,In
03/03/2026 05:20,21.57216267,21.31447036,21.77985498,21.1529319,21.61232755,In
03/03/2026 05:30,21.57216267,21.31447036,21.77985498,21.1529319,21.73530675,In
03/03/2026 05:40,21.57216267,21.31447036,21.67985498,21.2529319,21.73530675,In
03/03/2026 05:50,21.57216267,21.31447036,21.77985498,21.1529319,21.73530675,In
03/03/2026 06:00,21.57216267,21.21447036,21.67985498,21.1529319,21.73530675,In
03/03/2026 06:10,21.37216267,21.31447036,21.67985498,21.1529319,21.73530675,In
03/03/2026 06:20,21.57216267,21.31447036,21.67985498,21.1529319,21.73530675,In
03/03/2026 06:30,21.37216267,21.31447036,21.77985498,21.1529319,21.73530675,In
03/03/2026 06:40,21.37216267,21.31447036,21.67985498,21.1529319,21.61232755,In
03/03/2026 06:50,21.37216267,21.31447036,21.77985498,21.1529319,21.73530675,In
03/03/2026 07:00,21.57216267,21.31447036,21.77985498,21.1529319,21.61232755,In
03/03/2026 07:10,21.57216267,21.31447036,21.67985498,21.1529319,21.61232755,In
03/03/2026 07:20,21.57216267,21.31447036,21.77985498,21.1529319,21.73530675,In
03/03/2026 07:30,21.57216267,21.31447036,21.77985498,21.1529319,21.73530675,In
03/03/2026 07:40,21.57216267,21.31447036,21.77985498,21.1529319,21.73530675,In
03/03/2026 07:50,21.37216267,21.31447036,21.67985498,21.1529319,21.73530675,In
03/03/2026 08:00,21.37216267,21.31447036,21.77985498,21.1529319,21.61232755,In
03/03/2026 08:10,21.57216267,21.31447036,21.77985498,21.1529319,21.61232755,In
03/03/2026 08:20,21.57216267,21.31447036,21.77985498,21.1529319,21.73530675,In
03/03/2026 08:30,21.57216267,21.31447036,21.67985498,21.1529319,21.73530675,In
03/03/2026 08:40,21.57216267,21.31447036,21.77985498,21.1529319,21.73530675,In
03/03/2026 08:50,21.37216267,21.21447036,21.77985498,21.1529319,21.73530675,In
03/03/2026 09:00,21.37216267,21.31447036,21.67985498,21.1529319,21.73530675,In
03/03/2026 09:10,21.57216267,21.21447036,21.77985498,21.1529319,21.73530675,In
03/03/2026 09:20,21.57216267,21.31447036,21.77985498,21.0529319,21.61232755,In
03/03/2026 09:30,21.57216267,21.31447036,21.77985498,21.1529319,21.73530675,In
03/03/2026 09:40,21.57216267,21.31447036,21.77985498,21.1529319,21.73530675,In
03/03/2026 09:50,21.57216267,21.31447036,21.67985498,21.1529319,21.73530675,In
03/03/2026 10:00,21.37216267,21.31447036,21.77985498,21.1529319,21.73530675,In
03/03/2026 10:10,21.67216267,21.31447036,21.77985498,21.1529319,21.73530675,In
03/03/2026 10:20,21.57216267,21.31447036,21.77985498,21.0529319,21.73530675,In
03/03/2026 10:30,21.57216267,21.31447036,21.77985498,21.1529319,21.73530675,In
03/03/2026 10:40,21.57216267,21.21447036,21.77985498,21.1529319,21.73530675,In
03/03/2026 10:50,21.57216267,21.31447036,21.67985498,21.1529319,21.73530675,In
03/03/2026 11:00,21.57216267,21.31447036,21.77985498,21.1529319,21.73530675,In
03/03/2026 11:10,21.57216267,21.31447036,21.77985498,21.1529319,21.73530675,In
03/03/2026 11:20,21.67216267,21.31447036,21.77985498,21.1529319,21.73530675,In
03/03/2026 11:30,21.57216267,21.31447036,21.77985498,21.1529319,21.73530675,In
03/03/2026 11:40,21.57216267,21.31447036,21.67985498,21.1529319,21.73530675,In
03/03/2026 11:50,21.57216267,21.31447036,21.77985498,21.1529319,21.61232755,In
03/03/2026 12:00,21.57216267,21.31447036,21.77985498,21.2529319,21.73530675,In
03/03/2026 12:10,21.57216267,21.21447036,21.77985498,21.1529319,21.73530675,In
03/03/2026 12:20,21.57216267,21.31447036,21.77985498,21.1529319,21.73530675,In
03/03/2026 12:30,21.57216267,21.31447036,21.77985498,21.1529319,21.73530675,In
03/03/2026 12:40,21.57216267,21.31447036,21.77985498,21.1529319,21.73530675,In
03/03/2026 12:50,21.57216267,21.31447036,21.77985498,21.1529319,21.73530675,In
03/03/2026 13:00,21.57216267,21.31447036,21.77985498,21.1529319,21.73530675,In
03/03/2026 13:10,21.57216267,21.31447036,21.67985498,21.2529319,21.73530675,In
03/03/2026 13:20,21.57216267,21.31447036,21.67985498,21.1529319,21.73530675,In
03/03/2026 13:30,21.57216267,21.31447036,21.77985498,21.1529319,21.73530675,In
03/03/2026 13:40,21.57216267,21.31447036,21.77985498,21.1529319,21.73530675,In
03/03/2026 13:50,21.57216267,21.31447036,21.67985498,21.1529319,21.73530675,In
03/03/2026 14:00,21.57216267,21.31447036,21.77985498,21.1529319,21.73530675,In
03/03/2026 14:10,21.67216267,21.31447036,21.77985498,21.1529319,21.61232755,In
03/03/2026 14:20,21.57216267,21.31447036,21.77985498,21.1529319,21.73530675,In
03/03/2026 14:30,21.57216267,21.31447036,21.67985498,21.1529319,21.73530675,In
03/03/2026 14:40,21.57216267,21.31447036,21.77985498,21.1529319,21.61232755,In
03/03/2026 14:50,21.57216267,21.31447036,21.67985498,21.1529319,21.73530675,In
03/03/2026 15:00,21.37216267,21.31447036,21.77985498,21.1529319,21.73530675,In
03/03/2026 15:10,21.57216267,21.31447036,21.77985498,21.1529319,21.73530675,In
03/03/2026 15:20,21.57216267,21.31447036,21.67985498,21.1529319,21.73530675,In
03/03/2026 15:30,21.57216267,21.31447036,21.77985498,21.0529319,21.73530675,In
03/03/2026 15:40,21.57216267,21.31447036,21.77985498,21.1529319,21.73530675,In
03/03/2026 15:50,21.57216267,21.31447036,21.77985498,21.1529319,21.73530675,In
03/03/2026 16:00,21.57216267,21.31447036,21.77985498,21.1529319,21.73530675,In
03/03/2026 16:10,21.57216267,21.31447036,21.77985498,21.1529319,21.73530675,In
03/03/2026 16:20,21.57216267,21.31447036,21.77985498,21.1529319,21.73530675,In
03/03/2026 16:30,21.57216267,21.31447036,21.77985498,21.1529319,21.61232755,In
03/03/2026 16:40,21.57216267,21.31447036,21.67985498,21.1529319,21.61232755,In
03/03/2026 16:50,21.57216267,21.31447036,21.77985498,21.1529319,21.61232755,In
03/03/2026 17:00,21.57216267,21.31447036,21.77985498,21.1529319,21.61232755,In
03/03/2026 17:10,21.57216267,21.31447036,21.77985498,21.1529319,21.73530675,In
03/03/2026 17:20,21.57216267,21.31447036,21.67985498,21.1529319,21.73530675,In
03/03/2026 17:30,21.57216267,21.21447036,21.77985498,21.1529319,21.73530675,In
03/03/2026 17:40,21.57216267,21.21447036,21.77985498,21.1529319,21.61232755,In
03/03/2026 17:50,21.57216267,21.31447036,21.67985498,21.1529319,21.61232755,In
03/03/2026 18:00,21.57216267,21.31447036,21.67985498,21.1529319,21.73530675,In
03/03/2026 18:10,21.57216267,21.31447036,21.77985498,21.1529319,21.73530675,In
03/03/2026 18:20,21.57216267,21.31447036,21.77985498,21.1529319,21.61232755,In
03/03/2026 18:30,21.57216267,21.31447036,21.77985498,21.1529319,21.61232755,In
03/03/2026 18:40,21.57216267,21.31447036,21.77985498,21.1529319,21.61232755,In
03/03/2026 18:50,21.57216267,21.31447036,21.67985498,21.1529319,21.61232755,In
03/03/2026 19:00,21.37216267,21.31447036,21.67985498,21.1529319,21.61232755,In
03/03/2026 19:10,21.57216267,21.31447036,21.77985498,21.1529319,21.61232755,In
03/03/2026 19:20,21.57216267,21.31447036,21.77985498,21.1529319,21.61232755,In
03/03/2026 19:30,21.37216267,21.31447036,21.67985498,21.0529319,21.61232755,In
03/03/2026 19:40,21.57216267,21.31447036,21.77985498,21.1529319,21.61232755,In
03/03/2026 19:50,21.57216267,21.31447036,21.67985498,21.1529319,21.73530675,In
03/03/2026 20:00,21.57216267,21.21447036,21.77985498,21.1529319,21.61232755,In
03/03/2026 20:10,21.57216267,21.31447036,21.67985498,21.1529319,21.73530675,In
03/03/2026 20:20,21.57216267,21.31447036,21.77985498,21.1529319,21.61232755,In
03/03/2026 20:30,21.37216267,21.31447036,21.67985498,21.1529319,21.73530675,In
03/03/2026 20:40,21.57216267,21.31447036,21.67985498,21.1529319,21.73530675,In
03/03/2026 20:50,21.57216267,21.31447036,21.77985498,21.1529319,21.73530675,In
03/03/2026 21:00,21.37216267,21.31447036,21.67985498,21.1529319,21.73530675,In
03/03/2026 21:10,21.57216267,21.21447036,21.77985498,21.1529319,21.61232755,In
03/03/2026 21:20,21.57216267,21.31447036,21.77985498,21.1529319,21.73530675,In
03/03/2026 21:30,21.57216267,21.31447036,21.77985498,21.1529319,21.73530675,In
03/03/2026 21:40,21.57216267,21.31447036,21.77985498,21.1529319,21.73530675,In
03/03/2026 21:50,21.57216267,21.31447036,21.77985498,21.1529319,21.73530675,In
03/03/2026 22:00,21.57216267,21.31447036,21.77985498,21.1529319,21.73530675,In
03/03/2026 22:10,21.57216267,21.31447036,21.77985498,21.1529319,21.73530675,In
03/03/2026 22:20,21.57216267,21.31447036,21.67985498,21.1529319,21.61232755,In
03/03/2026 22:30,21.57216267,21.31447036,21.67985498,21.1529319,21.61232755,In
03/03/2026 22:40,21.57216267,21.31447036,21.77985498,21.1529319,21.61232755,In
03/03/2026 22:50,21.57216267,21.31447036,21.67985498,21.1529319,21.73530675,In
03/03/2026 23:00,21.57216267,21.31447036,21.77985498,21.1529319,21.73530675,In
03/03/2026 23:10,21.57216267,21.31447036,21.77985498,21.1529319,21.73530675,In
03/03/2026 23:20,21.57216267,21.31447036,21.77985498,21.1529319,21.61232755,In
03/03/2026 23:30,21.57216267,21.31447036,21.77985498,21.1529319,21.73530675,In
03/03/2026 23:40,21.57216267,21.31447036,21.67985498,21.1529319,21.61232755,In
03/03/2026 23:50,21.57216267,21.31447036,21.77985498,21.1529319,21.73530675,In
04/03/2026 00:00,21.57216267,21.31447036,21.77985498,21.1529319,21.61232755,In
04/03/2026 00:10,21.57216267,21.31447036,21.77985498,21.1529319,21.73530675,In
04/03/2026 00:20,21.57216267,21.31447036,21.77985498,21.1529319,21.73530675,In
04/03/2026 00:30,21.37216267,21.31447036,21.67985498,21.1529319,21.61232755,In
04/03/2026 00:40,21.57216267,21.31447036,21.67985498,21.1529319,21.73530675,In
04/03/2026 00:50,21.57216267,21.31447036,21.77985498,21.1529319,21.73530675,In
04/03/2026 01:00,21.57216267,21.31447036,21.67985498,21.1529319,21.73530675,In
04/03/2026 01:10,21.57216267,21.31447036,21.77985498,21.1529319,21.61232755,In
04/03/2026 01:20,21.57216267,21.31447036,21.77985498,21.0529319,21.61232755,In
04/03/2026 01:30,21.57216267,21.31447036,21.77985498,21.1529319,21.61232755,In
04/03/2026 01:40,21.57216267,21.31447036,21.67985498,21.1529319,21.61232755,In
04/03/2026 01:50,21.57216267,21.21447036,21.77985498,21.1529319,21.73530675,In
04/03/2026 02:00,21.57216267,21.31447036,21.67985498,21.1529319,21.61232755,In
04/03/2026 02:10,21.57216267,21.31447036,21.77985498,21.1529319,21.61232755,In
04/03/2026 02:20,21.57216267,21.31447036,21.67985498,21.0529319,21.61232755,In
04/03/2026 02:30,21.57216267,21.21447036,21.67985498,21.0529319,21.73530675,In
04/03/2026 02:40,21.57216267,21.31447036,21.77985498,21.1529319,21.61232755,In
04/03/2026 02:50,21.37216267,21.31447036,21.77985498,21.1529319,21.61232755,In
04/03/2026 03:00,21.57216267,21.31447036,21.67985498,21.1529319,21.61232755,In
04/03/2026 03:10,21.57216267,21.31447036,21.67985498,21.1529319,21.73530675,In
04/03/2026 03:20,21.57216267,21.21447036,21.67985498,21.1529319,21.73530675,In
04/03/2026 03:30,21.57216267,21.31447036,21.77985498,21.1529319,21.61232755,In
04/03/2026 03:40,21.37216267,21.31447036,21.67985498,21.0529319,21.73530675,In
04/03/2026 03:50,21.57216267,21.31447036,21.77985498,21.1529319,21.73530675,In
04/03/2026 04:00,21.37216267,21.31447036,21.67985498,21.1529319,21.61232755,In
04/03/2026 04:10,21.57216267,21.21447036,21.67985498,21.1529319,21.61232755,In
04/03/2026 04:20,21.37216267,21.31447036,21.77985498,21.1529319,21.73530675,In
04/03/2026 04:30,21.57216267,21.21447036,21.67985498,21.1529319,21.73530675,In
04/03/2026 04:40,21.37216267,21.21447036,21.77985498,21.1529319,21.73530675,In
04/03/2026 04:50,21.57216267,21.31447036,21.67985498,21.1529319,21.73530675,In
04/03/2026 05:00,21.57216267,21.21447036,21.77985498,21.1529319,21.73530675,In
04/03/2026 05:10,21.57216267,21.21447036,21.67985498,21.1529319,21.61232755,In
04/03/2026 05:20,21.37216267,21.31447036,21.67985498,21.1529319,21.73530675,In
04/03/2026 05:30,21.37216267,21.21447036,21.77985498,21.0529319,21.61232755,In
04/03/2026 05:40,21.57216267,21.21447036,21.67985498,21.0529319,21.73530675,In
04/03/2026 05:50,21.37216267,21.31447036,21.67985498,21.1529319,21.61232755,In
04/03/2026 06:00,21.37216267,21.21447036,21.77985498,21.1529319,21.61232755,In
04/03/2026 06:10,21.57216267,21.21447036,21.67985498,21.0529319,21.73530675,In
04/03/2026 06:20,21.37216267,21.21447036,21.67985498,21.1529319,21.61232755,In
04/03/2026 06:30,21.37216267,21.31447036,21.77985498,21.0529319,21.61232755,In
04/03/2026 06:40,21.37216267,21.21447036,21.77985498,21.1529319,21.61232755,In
04/03/2026 06:50,21.37216267,21.21447036,21.67985498,21.0529319,21.73530675,In
04/03/2026 07:00,21.37216267,21.21447036,21.67985498,21.1529319,21.73530675,In
04/03/2026 07:10,21.57216267,21.21447036,21.67985498,21.0529319,21.61232755,In
04/03/2026 07:20,21.57216267,21.21447036,21.67985498,21.1529319,21.61232755,In
04/03/2026 07:30,21.57216267,21.21447036,21.67985498,21.1529319,21.61232755,In
04/03/2026 07:40,21.57216267,21.31447036,21.67985498,21.1529319,21.61232755,In
04/03/2026 07:50,21.37216267,21.21447036,21.77985498,21.1529319,21.61232755,In
04/03/2026 08:00,21.37216267,21.21447036,21.77985498,21.1529319,21.61232755,In
04/03/2026 08:10,21.57216267,21.21447036,21.67985498,21.1529319,21.73530675,In
04/03/2026 08:20,21.37216267,21.31447036,21.67985498,21.1529319,21.61232755,In
04/03/2026 08:30,21.37216267,21.21447036,21.67985498,21.1529319,21.61232755,In
04/03/2026 08:40,21.57216267,21.21447036,21.67985498,21.1529319,21.61232755,In
04/03/2026 08:50,21.57216267,21.21447036,21.67985498,21.1529319,21.61232755,In
04/03/2026 09:00,21.37216267,21.31447036,21.67985498,21.1529319,21.61232755,In
04/03/2026 09:10,21.37216267,21.21447036,21.77985498,21.1529319,21.61232755,In
04/03/2026 09:20,21.57216267,21.21447036,21.67985498,21.0529319,21.61232755,In
04/03/2026 09:30,21.37216267,21.31447036,21.67985498,21.1529319,21.61232755,In
04/03/2026 09:40,21.37216267,21.21447036,21.67985498,21.1529319,21.73530675,In
04/03/2026 09:50,21.37216267,21.21447036,21.67985498,21.1529319,21.73530675,In
04/03/2026 10:00,21.37216267,21.31447036,21.67985498,21.0529319,21.61232755,In
04/03/2026 10:10,21.37216267,21.21447036,21.67985498,21.1529319,21.61232755,In
04/03/2026 10:20,21.37216267,21.31447036,21.67985498,21.1529319,21.73530675,In
04/03/2026 10:30,21.37216267,21.21447036,21.77985498,21.1529319,21.61232755,In
04/03/2026 10:40,21.37216267,21.31447036,21.77985498,21.1529319,21.73530675,In
04/03/2026 10:50,21.57216267,21.31447036,21.67985498,21.0529319,21.73530675,In
04/03/2026 11:00,21.57216267,21.21447036,21.77985498,21.1529319,21.73530675,In
04/03/2026 11:10,21.37216267,21.31447036,21.67985498,21.1529319,21.73530675,In
04/03/2026 11:20,21.57216267,21.21447036,21.67985498,21.1529319,21.61232755,In
04/03/2026 11:30,21.37216267,21.31447036,21.77985498,21.0529319,21.61232755,In
04/03/2026 11:40,21.37216267,21.31447036,21.77985498,21.1529319,21.61232755,In
04/03/2026 11:50,21.57216267,21.31447036,21.67985498,21.1529319,21.61232755,In
04/03/2026 12:00,21.37216267,21.21447036,21.67985498,21.1529319,21.61232755,In
04/03/2026 12:10,21.57216267,21.31447036,21.67985498,21.1529319,21.73530675,In
04/03/2026 12:20,21.57216267,21.31447036,21.77985498,21.1529319,21.73530675,In
04/03/2026 12:30,21.57216267,21.31447036,21.67985498,21.1529319,21.61232755,In
04/03/2026 12:40,21.37216267,21.31447036,21.67985498,21.1529319,21.73530675,In
04/03/2026 12:50,21.57216267,21.31447036,21.67985498,21.1529319,21.61232755,In
04/03/2026 13:00,21.37216267,21.21447036,21.67985498,21.0529319,21.61232755,In
04/03/2026 13:10,21.37216267,21.21447036,21.77985498,21.1529319,21.61232755,In
04/03/2026 13:20,21.37216267,21.31447036,21.67985498,21.1529319,21.61232755,In
04/03/2026 13:30,21.57216267,21.21447036,21.67985498,21.1529319,21.61232755,In
04/03/2026 13:40,21.57216267,21.31447036,21.67985498,21.1529319,21.61232755,In
04/03/2026 13:50,21.57216267,21.31447036,21.77985498,21.1529319,21.73530675,In
04/03/2026 14:00,21.57216267,21.31447036,21.77985498,21.1529319,21.61232755,In
04/03/2026 14:10,21.57216267,21.31447036,21.77985498,21.1529319,21.61232755,In
04/03/2026 14:20,21.57216267,21.31447036,21.77985498,21.1529319,21.61232755,In
04/03/2026 14:30,21.57216267,21.31447036,21.77985498,21.1529319,21.73530675,In
04/03/2026 14:40,21.57216267,21.31447036,21.77985498,21.1529319,21.61232755,In
04/03/2026 14:50,21.57216267,21.31447036,21.77985498,21.1529319,21.61232755,In
04/03/2026 15:00,21.57216267,21.31447036,21.67985498,21.1529319,21.73530675,In
04/03/2026 15:10,21.57216267,21.31447036,21.67985498,21.1529319,21.73530675,In
04/03/2026 15:20,21.57216267,21.31447036,21.77985498,21.1529319,21.61232755,In
04/03/2026 15:30,21.57216267,21.31447036,21.67985498,21.1529319,21.73530675,In
04/03/2026 15:40,21.37216267,21.31447036,21.77985498,21.1529319,21.61232755,In
04/03/2026 15:50,21.57216267,21.31447036,21.77985498,21.1529319,21.61232755,In
04/03/2026 16:00,21.57216267,21.31447036,21.77985498,21.1529319,21.61232755,In
04/03/2026 16:10,21.57216267,21.31447036,21.77985498,21.0529319,21.61232755,In
04/03/2026 16:20,21.37216267,21.21447036,21.67985498,21.1529319,21.61232755,In
04/03/2026 16:30,21.57216267,21.31447036,21.67985498,21.0529319,21.61232755,In
04/03/2026 16:40,21.57216267,21.21447036,21.67985498,21.1529319,21.73530675,In
04/03/2026 16:50,21.57216267,21.31447036,21.67985498,21.1529319,21.61232755,In
04/03/2026 17:00,21.57216267,21.21447036,21.67985498,21.0529319,21.61232755,In
04/03/2026 17:10,21.37216267,21.21447036,21.67985498,21.0529319,21.61232755,In
04/03/2026 17:20,21.37216267,21.31447036,21.67985498,21.1529319,21.61232755,In
04/03/2026 17:30,21.37216267,21.21447036,21.67985498,21.0529319,21.61232755,In
04/03/2026 17:40,21.37216267,21.21447036,21.67985498,21.0529319,21.61232755,In
04/03/2026 17:50,21.57216267,21.31447036,21.67985498,21.0529319,21.61232755,In
04/03/2026 18:00,21.37216267,21.31447036,21.67985498,21.1529319,21.61232755,In
04/03/2026 18:10,21.37216267,21.21447036,21.67985498,21.1529319,21.61232755,In
04/03/2026 18:20,21.37216267,21.21447036,21.77985498,21.0529319,21.73530675,In
04/03/2026 18:30,21.37216267,21.21447036,21.67985498,21.1529319,21.61232755,In
04/03/2026 18:40,21.57216267,21.31447036,21.67985498,21.1529319,21.61232755,In
04/03/2026 18:50,21.57216267,21.21447036,21.67985498,21.0529319,21.61232755,In
04/03/2026 19:00,21.37216267,21.21447036,21.67985498,21.0529319,21.61232755,In
04/03/2026 19:10,21.57216267,21.31447036,21.67985498,21.0529319,21.61232755,In
04/03/2026 19:20,21.37216267,21.21447036,21.77985498,21.1529319,21.61232755,In
04/03/2026 19:30,21.37216267,21.21447036,21.77985498,21.0529319,21.61232755,In
04/03/2026 19:40,21.37216267,21.21447036,21.67985498,21.0529319,21.61232755,In
04/03/2026 19:50,21.37216267,21.21447036,21.67985498,21.1529319,21.61232755,In
04/03/2026 20:00,21.37216267,21.21447036,21.67985498,21.0529319,21.61232755,In
04/03/2026 20:10,21.37216267,21.31447036,21.67985498,21.1529319,21.61232755,In
04/03/2026 20:20,21.37216267,21.31447036,21.67985498,21.0529319,21.61232755,In
04/03/2026 20:30,21.57216267,21.31447036,21.67985498,21.0529319,21.61232755,In
04/03/2026 20:40,21.37216267,21.21447036,21.77985498,21.1529319,21.61232755,In
04/03/2026 20:50,21.37216267,21.31447036,21.67985498,21.1529319,21.61232755,In
04/03/2026 21:00,21.37216267,21.21447036,21.67985498,21.0529319,21.61232755,In
04/03/2026 21:10,21.57216267,21.21447036,21.77985498,21.1529319,21.61232755,In
04/03/2026 21:20,21.57216267,21.31447036,21.77985498,21.0529319,21.61232755,In
04/03/2026 21:30,21.57216267,21.31447036,21.67985498,21.0529319,21.61232755,In
04/03/2026 21:40,21.57216267,21.21447036,21.67985498,21.1529319,21.61232755,In
04/03/2026 21:50,21.37216267,21.31447036,21.67985498,21.0529319,21.61232755,In
04/03/2026 22:00,21.37216267,21.31447036,21.67985498,21.1529319,21.61232755,In
04/03/2026 22:10,21.57216267,21.31447036,21.77985498,21.0529319,21.61232755,In
04/03/2026 22:20,21.37216267,21.31447036,21.77985498,21.0529319,21.61232755,In
04/03/2026 22:30,21.57216267,21.31447036,21.67985498,21.1529319,21.61232755,In
04/03/2026 22:40,21.37216267,21.21447036,21.67985498,21.0529319,21.61232755,In
04/03/2026 22:50,21.37216267,21.21447036,21.67985498,21.0529319,21.61232755,In
04/03/2026 23:00,21.37216267,21.21447036,21.67985498,21.1529319,21.73530675,In
04/03/2026 23:10,21.57216267,21.31447036,21.67985498,21.1529319,21.73530675,In
04/03/2026 23:20,21.37216267,21.31447036,21.67985498,21.0529319,21.61232755,In
04/03/2026 23:30,21.57216267,21.21447036,21.67985498,21.0529319,21.61232755,In
04/03/2026 23:40,21.57216267,21.31447036,21.67985498,21.0529319,21.61232755,In
04/03/2026 23:50,21.57216267,21.21447036,21.67985498,21.0529319,21.61232755,In
05/03/2026 00:00,21.57216267,21.21447036,21.67985498,21.1529319,21.61232755,In
05/03/2026 00:10,21.57216267,21.31447036,21.67985498,21.0529319,21.73530675,In
05/03/2026 00:20,21.57216267,21.21447036,21.67985498,21.1529319,21.61232755,In
05/03/2026 00:30,21.37216267,21.21447036,21.67985498,21.1529319,21.61232755,In
05/03/2026 00:40,21.57216267,21.31447036,21.77985498,21.1529319,21.61232755,In
05/03/2026 00:50,21.57216267,21.31447036,21.77985498,21.1529319,21.61232755,In
05/03/2026 01:00,21.57216267,21.31447036,21.67985498,21.1529319,21.61232755,In
05/03/2026 01:10,21.57216267,21.21447036,21.67985498,21.1529319,21.73530675,In
05/03/2026 01:20,21.37216267,21.31447036,21.67985498,21.1529319,21.61232755,In
05/03/2026 01:30,21.37216267,21.31447036,21.67985498,21.1529319,21.73530675,In
05/03/2026 01:40,21.57216267,21.31447036,21.67985498,21.1529319,21.61232755,In
05/03/2026 01:50,21.57216267,21.31447036,21.67985498,21.1529319,21.61232755,In
05/03/2026 02:00,21.57216267,21.31447036,21.67985498,21.1529319,21.61232755,In
05/03/2026 02:10,21.37216267,21.31447036,21.67985498,21.0529319,21.61232755,In
05/03/2026 02:20,21.37216267,21.31447036,21.67985498,21.1529319,21.73530675,In
05/03/2026 02:30,21.57216267,21.31447036,21.77985498,21.1529319,21.61232755,In
05/03/2026 02:40,21.57216267,21.31447036,21.67985498,21.1529319,21.61232755,In
05/03/2026 02:50,21.57216267,21.31447036,21.67985498,21.0529319,21.61232755,In
05/03/2026 03:00,21.37216267,21.31447036,21.67985498,21.1529319,21.73530675,In
05/03/2026 03:10,21.57216267,21.31447036,21.67985498,21.1529319,21.61232755,In
05/03/2026 03:20,21.57216267,21.31447036,21.77985498,21.1529319,21.73530675,In
05/03/2026 03:30,21.57216267,21.31447036,21.77985498,21.1529319,21.61232755,In
05/03/2026 03:40,21.57216267,21.31447036,21.67985498,21.1529319,21.73530675,In
05/03/2026 03:50,21.57216267,21.31447036,21.67985498,21.1529319,21.73530675,In
05/03/2026 04:00,21.57216267,21.31447036,21.67985498,21.1529319,21.73530675,In
05/03/2026 04:10,21.57216267,21.21447036,21.67985498,21.1529319,21.61232755,In
05/03/2026 04:20,21.57216267,21.21447036,21.77985498,21.1529319,21.61232755,In
05/03/2026 04:30,21.57216267,21.21447036,21.77985498,21.1529319,21.61232755,In
05/03/2026 04:40,21.57216267,21.31447036,21.77985498,21.1529319,21.61232755,In
05/03/2026 04:50,21.57216267,21.31447036,21.77985498,21.1529319,21.61232755,In
05/03/2026 05:00,21.57216267,21.31447036,21.67985498,21.1529319,21.73530675,In
05/03/2026 05:10,21.37216267,21.21447036,21.67985498,21.1529319,21.73530675,In
05/03/2026 05:20,21.57216267,21.31447036,21.67985498,21.1529319,21.61232755,In
05/03/2026 05:30,21.57216267,21.31447036,21.67985498,21.1529319,21.73530675,In
05/03/2026 05:40,21.57216267,21.31447036,21.67985498,21.1529319,21.73530675,In
05/03/2026 05:50,21.57216267,21.21447036,21.77985498,21.1529319,21.61232755,In
05/03/2026 06:00,21.57216267,21.31447036,21.77985498,21.1529319,21.73530675,In
05/03/2026 06:10,21.57216267,21.31447036,21.67985498,21.1529319,21.61232755,In
05/03/2026 06:20,21.57216267,21.31447036,21.77985498,21.1529319,21.73530675,In
05/03/2026 06:30,21.57216267,21.31447036,21.77985498,21.1529319,21.73530675,In
05/03/2026 06:40,21.57216267,21.21447036,21.77985498,21.1529319,21.73530675,In
05/03/2026 06:50,21.57216267,21.31447036,21.67985498,21.1529319,21.61232755,In
05/03/2026 07:00,21.57216267,21.31447036,21.77985498,21.1529319,21.61232755,In
05/03/2026 07:10,21.37216267,21.31447036,21.67985498,21.1529319,21.61232755,In
05/03/2026 07:20,21.37216267,21.31447036,21.77985498,21.1529319,21.73530675,In
05/03/2026 07:30,21.37216267,21.31447036,21.67985498,21.0529319,21.61232755,In
05/03/2026 07:40,21.57216267,21.31447036,21.77985498,21.1529319,21.73530675,In
05/03/2026 07:50,21.37216267,21.31447036,21.67985498,21.1529319,21.73530675,In
05/03/2026 08:00,21.37216267,21.31447036,21.67985498,21.1529319,21.61232755,In
05/03/2026 08:10,21.57216267,21.31447036,21.67985498,21.1529319,21.61232755,In
05/03/2026 08:20,21.57216267,21.31447036,21.67985498,21.1529319,21.61232755,In
05/03/2026 08:30,21.57216267,21.31447036,21.67985498,21.0529319,21.61232755,In
05/03/2026 08:40,21.57216267,21.31447036,21.67985498,21.1529319,21.61232755,In
05/03/2026 08:50,21.37216267,21.21447036,21.67985498,21.1529319,21.61232755,In
05/03/2026 09:00,21.37216267,21.21447036,21.67985498,21.1529319,21.61232755,In
05/03/2026 09:10,21.57216267,21.21447036,21.67985498,21.1529319,21.61232755,In
05/03/2026 09:20,21.37216267,21.21447036,21.67985498,21.2529319,21.73530675,In
05/03/2026 09:30,21.57216267,21.21447036,21.67985498,21.0529319,21.61232755,In
05/03/2026 09:40,21.37216267,21.21447036,21.67985498,21.0529319,21.61232755,In
05/03/2026 09:50,21.37216267,21.31447036,21.67985498,21.1529319,21.61232755,In
05/03/2026 10:00,21.37216267,21.31447036,21.67985498,21.0529319,21.73530675,In
05/03/2026 10:10,21.57216267,21.31447036,21.67985498,21.1529319,21.61232755,In
05/03/2026 10:20,21.37216267,21.21447036,21.67985498,21.1529319,21.61232755,In
05/03/2026 10:30,21.57216267,21.31447036,21.67985498,21.0529319,21.61232755,In
05/03/2026 10:40,21.57216267,21.31447036,21.67985498,21.1529319,21.73530675,In
05/03/2026 10:50,21.57216267,21.31447036,21.67985498,21.0529319,21.61232755,In
05/03/2026 11:00,21.37216267,21.21447036,21.77985498,21.0529319,21.73530675,In
05/03/2026 11:10,21.57216267,21.31447036,21.67985498,21.1529319,21.61232755,In
05/03/2026 11:20,21.37216267,21.21447036,21.67985498,21.0529319,21.61232755,In
05/03/2026 11:30,21.37216267,21.21447036,21.67985498,21.0529319,21.61232755,In
05/03/2026 11:40,21.37216267,21.21447036,21.67985498,21.0529319,21.61232755,In
05/03/2026 11:50,21.37216267,21.21447036,21.67985498,21.0529319,21.61232755,In
05/03/2026 12:00,21.37216267,21.21447036,21.67985498,21.0529319,21.73530675,In
05/03/2026 12:10,21.37216267,21.21447036,21.67985498,21.1529319,21.61232755,In
05/03/2026 12:20,21.37216267,21.21447036,21.67985498,21.0529319,21.61232755,In
05/03/2026 12:30,21.37216267,21.31447036,21.67985498,21.1529319,21.61232755,In
05/03/2026 12:40,21.37216267,21.21447036,21.67985498,21.0529319,21.61232755,In
05/03/2026 12:50,21.37216267,21.21447036,21.67985498,21.1529319,21.61232755,In
05/03/2026 13:00,21.37216267,21.21447036,21.67985498,21.0529319,21.61232755,In
05/03/2026 13:10,21.37216267,21.21447036,21.67985498,21.1529319,21.61232755,In
05/03/2026 13:20,21.37216267,21.21447036,21.67985498,21.0529319,21.61232755,In
05/03/2026 13:30,21.37216267,21.21447036,21.67985498,21.0529319,21.61232755,In
05/03/2026 13:40,21.37216267,21.21447036,21.67985498,21.1529319,21.61232755,In
05/03/2026 13:50,21.37216267,21.21447036,21.67985498,21.0529319,21.61232755,In
05/03/2026 14:00,21.37216267,21.11447036,21.47985498,21.1529319,21.61232755,In
05/03/2026 14:10,21.37216267,21.21447036,21.47985498,21.0529319,21.61232755,In
05/03/2026 14:20,21.27216267,21.21447036,21.67985498,21.0529319,21.61232755,In
05/03/2026 14:30,21.27216267,21.21447036,21.67985498,21.0529319,21.61232755,In
05/03/2026 14:40,21.37216267,21.21447036,21.47985498,21.0529319,21.61232755,In
05/03/2026 14:50,21.37216267,21.21447036,21.67985498,21.1529319,21.61232755,In
05/03/2026 15:00,21.37216267,21.21447036,21.47985498,21.1529319,21.61232755,In
05/03/2026 15:10,21.37216267,21.21447036,21.67985498,21.1529319,21.61232755,In
05/03/2026 15:20,21.37216267,21.21447036,21.67985498,21.0529319,21.61232755,In
05/03/2026 15:30,21.27216267,21.21447036,21.67985498,21.1529319,21.61232755,In
05/03/2026 15:40,21.37216267,21.21447036,21.67985498,21.1529319,21.61232755,In
05/03/2026 15:50,21.37216267,21.21447036,21.67985498,21.1529319,21.61232755,In
05/03/2026 16:00,21.37216267,21.21447036,21.67985498,21.1529319,21.61232755,In
05/03/2026 16:10,21.37216267,21.21447036,21.67985498,21.0529319,21.61232755,In
05/03/2026 16:20,21.37216267,21.21447036,21.67985498,21.1529319,21.61232755,In
05/03/2026 16:30,21.37216267,21.21447036,21.67985498,21.1529319,21.73530675,In
05/03/2026 16:40,21.37216267,21.21447036,21.67985498,21.1529319,21.61232755,In
05/03/2026 16:50,21.57216267,21.31447036,21.67985498,21.0529319,21.73530675,In
05/03/2026 17:00,21.37216267,21.21447036,21.67985498,21.1529319,21.61232755,In
05/03/2026 17:10,21.37216267,21.21447036,21.67985498,21.1529319,21.61232755,In
05/03/2026 17:20,21.37216267,21.31447036,21.67985498,21.1529319,21.73530675,In
05/03/2026 17:30,21.37216267,21.31447036,21.67985498,21.1529319,21.61232755,In
05/03/2026 17:40,21.37216267,21.21447036,21.67985498,21.1529319,21.73530675,In
05/03/2026 17:50,21.57216267,21.31447036,21.77985498,21.1529319,21.61232755,In
05/03/2026 18:00,21.37216267,21.21447036,21.67985498,21.1529319,21.61232755,In
05/03/2026 18:10,21.57216267,21.21447036,21.67985498,21.1529319,21.61232755,In
05/03/2026 18:20,21.37216267,21.31447036,21.67985498,21.1529319,21.73530675,In
05/03/2026 18:30,21.57216267,21.21447036,21.67985498,21.1529319,21.61232755,In
05/03/2026 18:40,21.37216267,21.21447036,21.67985498,21.1529319,21.73530675,In
05/03/2026 18:50,21.37216267,21.31447036,21.67985498,21.1529319,21.61232755,In
05/03/2026 19:00,21.57216267,21.21447036,21.67985498,21.1529319,21.61232755,In
05/03/2026 19:10,21.57216267,21.31447036,21.67985498,21.1529319,21.73530675,In
05/03/2026 19:20,21.57216267,21.21447036,21.67985498,21.1529319,21.73530675,In
05/03/2026 19:30,21.57216267,21.31447036,21.77985498,21.1529319,21.61232755,In
05/03/2026 19:40,21.57216267,21.31447036,21.77985498,21.1529319,21.61232755,In
05/03/2026 19:50,21.57216267,21.31447036,21.67985498,21.1529319,21.61232755,In
05/03/2026 20:00,21.57216267,21.21447036,21.77985498,21.1529319,21.73530675,In
05/03/2026 20:10,21.57216267,21.31447036,21.67985498,21.1529319,21.73530675,In
05/03/2026 20:20,21.57216267,21.31447036,21.67985498,21.1529319,21.61232755,In
05/03/2026 20:30,21.57216267,21.31447036,21.77985498,21.1529319,21.61232755,In
05/03/2026 20:40,21.57216267,21.31447036,21.67985498,21.1529319,21.61232755,In
05/03/2026 20:50,21.57216267,21.31447036,21.77985498,21.1529319,21.61232755,In
05/03/2026 21:00,21.37216267,21.31447036,21.67985498,21.0529319,21.61232755,In
05/03/2026 21:10,21.37216267,21.21447036,21.77985498,21.0529319,21.61232755,In
05/03/2026 21:20,21.57216267,21.31447036,21.67985498,21.1529319,21.73530675,In
05/03/2026 21:30,21.37216267,21.21447036,21.67985498,21.1529319,21.61232755,In
05/03/2026 21:40,21.37216267,21.21447036,21.67985498,21.0529319,21.61232755,In
05/03/2026 21:50,21.37216267,21.21447036,21.67985498,21.0529319,21.61232755,In
05/03/2026 22:00,21.37216267,21.21447036,21.67985498,21.1529319,21.73530675,In
05/03/2026 22:10,21.57216267,21.21447036,21.67985498,21.0529319,21.61232755,In
05/03/2026 22:20,21.37216267,21.21447036,21.77985498,21.0529319,21.61232755,In
05/03/2026 22:30,21.57216267,21.21447036,21.67985498,21.0529319,21.61232755,In
05/03/2026 22:40,21.37216267,21.21447036,21.67985498,21.1529319,21.61232755,In
05/03/2026 22:50,21.37216267,21.31447036,21.67985498,21.0529319,21.61232755,In
05/03/2026 23:00,21.57216267,21.31447036,21.67985498,21.0529319,21.61232755,In
05/03/2026 23:10,21.37216267,21.21447036,21.67985498,21.0529319,21.61232755,In
05/03/2026 23:20,21.37216267,21.21447036,21.77985498,21.0529319,21.61232755,In
05/03/2026 23:30,21.37216267,21.31447036,21.67985498,21.0529319,21.61232755,In
05/03/2026 23:40,21.57216267,21.21447036,21.67985498,21.1529319,21.61232755,In
05/03/2026 23:50,21.37216267,21.21447036,21.67985498,21.0529319,21.61232755,In
06/03/2026 00:00,21.37216267,21.21447036,21.67985498,21.1529319,21.61232755,In
06/03/2026 00:10,21.37216267,21.21447036,21.67985498,21.0529319,21.61232755,In
06/03/2026 00:20,21.37216267,21.21447036,21.67985498,21.0529319,21.61232755,In
06/03/2026 00:30,21.37216267,21.21447036,21.67985498,21.0529319,21.61232755,In
06/03/2026 00:40,21.37216267,21.31447036,21.67985498,21.0529319,21.61232755,In
06/03/2026 00:50,21.57216267,21.31447036,21.67985498,21.0529319,21.61232755,In
06/03/2026 01:00,21.37216267,21.21447036,21.67985498,21.1529319,21.61232755,In
06/03/2026 01:10,21.57216267,21.31447036,21.67985498,21.0529319,21.61232755,In
06/03/2026 01:20,21.37216267,21.21447036,21.67985498,21.0529319,21.61232755,In
06/03/2026 01:30,21.37216267,21.31447036,21.67985498,21.0529319,21.61232755,In
06/03/2026 01:40,21.37216267,21.21447036,21.67985498,21.0529319,21.61232755,In
06/03/2026 01:50,21.37216267,21.31447036,21.67985498,21.1529319,21.61232755,In
06/03/2026 02:00,21.37216267,21.21447036,21.67985498,21.0529319,21.61232755,In
06/03/2026 02:10,21.57216267,21.31447036,21.47985498,21.0529319,21.73530675,In
06/03/2026 02:20,21.37216267,21.21447036,21.67985498,21.1529319,21.61232755,In
06/03/2026 02:30,21.37216267,21.31447036,21.67985498,21.1529319,21.61232755,In
06/03/2026 02:40,21.37216267,21.21447036,21.67985498,21.0529319,21.61232755,In
06/03/2026 02:50,21.57216267,21.21447036,21.67985498,21.0529319,21.61232755,In
06/03/2026 03:00,21.37216267,21.21447036,21.67985498,21.0529319,21.61232755,In
06/03/2026 03:10,21.37216267,21.31447036,21.77985498,21.0529319,21.61232755,In
06/03/2026 03:20,21.57216267,21.21447036,21.67985498,21.0529319,21.61232755,In
06/03/2026 03:30,21.37216267,21.21447036,21.67985498,21.0529319,21.61232755,In
06/03/2026 03:40,21.37216267,21.31447036,21.67985498,21.0529319,21.61232755,In
06/03/2026 03:50,21.37216267,21.21447036,21.67985498,21.0529319,21.61232755,In
06/03/2026 04:00,21.37216267,21.21447036,21.67985498,21.1529319,21.61232755,In
06/03/2026 04:10,21.37216267,21.21447036,21.67985498,21.0529319,21.61232755,In
06/03/2026 04:20,21.37216267,21.21447036,21.67985498,21.1529319,21.61232755,In
06/03/2026 04:30,21.37216267,21.21447036,21.67985498,21.0529319,21.61232755,In
06/03/2026 04:40,21.37216267,21.21447036,21.67985498,21.0529319,21.61232755,In
06/03/2026 04:50,21.37216267,21.21447036,21.67985498,21.0529319,21.61232755,In
06/03/2026 05:00,21.37216267,21.21447036,21.67985498,21.0529319,21.61232755,In
06/03/2026 05:10,21.37216267,21.21447036,21.67985498,21.0529319,21.48934834,In
06/03/2026 05:20,21.37216267,21.21447036,21.67985498,21.0529319,21.61232755,In
06/03/2026 05:30,21.37216267,21.21447036,21.67985498,21.0529319,21.61232755,In
06/03/2026 05:40,21.37216267,21.21447036,21.67985498,21.0529319,21.61232755,In
06/03/2026 05:50,21.37216267,21.21447036,21.67985498,21.0529319,21.61232755,In
06/03/2026 06:00,21.57216267,21.21447036,21.67985498,21.0529319,21.61232755,In
06/03/2026 06:10,21.37216267,21.21447036,21.67985498,21.0529319,21.61232755,In
06/03/2026 06:20,21.37216267,21.21447036,21.67985498,21.1529319,21.61232755,In
06/03/2026 06:30,21.37216267,21.21447036,21.67985498,21.0529319,21.61232755,In
06/03/2026 06:40,21.37216267,21.31447036,21.67985498,21.0529319,21.61232755,In
06/03/2026 06:50,21.37216267,21.21447036,21.67985498,21.0529319,21.61232755,In
06/03/2026 07:00,21.37216267,21.21447036,21.67985498,21.0529319,21.61232755,In
06/03/2026 07:10,21.37216267,21.21447036,21.67985498,21.0529319,21.61232755,In
06/03/2026 07:20,21.37216267,21.21447036,21.67985498,21.1529319,21.61232755,In
06/03/2026 07:30,21.37216267,21.21447036,21.67985498,21.1529319,21.61232755,In
06/03/2026 07:40,21.37216267,21.21447036,21.77985498,21.0529319,21.48934834,In
06/03/2026 07:50,21.57216267,21.21447036,21.47985498,21.0529319,21.61232755,In
06/03/2026 08:00,21.57216267,21.21447036,21.67985498,21.0529319,21.61232755,In
06/03/2026 08:10,21.57216267,21.21447036,21.67985498,21.1529319,21.48934834,In
06/03/2026 08:20,21.37216267,21.21447036,21.67985498,21.0529319,21.61232755,In
06/03/2026 08:30,21.57216267,21.21447036,21.67985498,21.0529319,21.48934834,In
06/03/2026 08:40,21.37216267,21.11447036,21.47985498,21.0529319,21.61232755,In
06/03/2026 08:50,21.37216267,21.11447036,21.47985498,21.0529319,21.48934834,In
06/03/2026 09:00,21.27216267,21.11447036,21.47985498,21.0529319,21.61232755,In
06/03/2026 09:10,21.27216267,21.11447036,21.67985498,21.0529319,21.48934834,In
06/03/2026 09:20,21.27216267,21.11447036,21.47985498,21.0529319,21.61232755,In
06/03/2026 09:30,21.27216267,21.11447036,21.47985498,21.0529319,21.61232755,In
06/03/2026 09:40,21.27216267,21.11447036,21.47985498,21.0529319,21.61232755,In
06/03/2026 09:50,21.27216267,21.11447036,21.47985498,21.0529319,21.61232755,In
06/03/2026 10:00,21.27216267,21.11447036,21.47985498,21.0529319,21.61232755,In
06/03/2026 10:10,21.27216267,21.11447036,21.47985498,21.0529319,21.48934834,In
06/03/2026 10:20,21.27216267,21.21447036,21.37985498,21.0529319,21.61232755,In
06/03/2026 10:30,21.27216267,21.11447036,21.47985498,21.0529319,21.61232755,In
06/03/2026 10:40,21.27216267,21.11447036,21.47985498,21.0529319,21.61232755,In
06/03/2026 10:50,21.27216267,21.11447036,21.47985498,21.0529319,21.61232755,In
06/03/2026 11:00,21.27216267,21.11447036,21.47985498,21.0529319,21.48934834,In
06/03/2026 11:10,21.27216267,20.91447036,21.47985498,21.0529319,21.61232755,In
06/03/2026 11:20,21.27216267,21.11447036,21.47985498,21.0529319,21.48934834,In
06/03/2026 11:30,21.27216267,21.11447036,21.47985498,20.8529319,21.61232755,In
06/03/2026 11:40,21.27216267,21.11447036,21.47985498,21.0529319,21.61232755,In
06/03/2026 11:50,21.17216267,20.91447036,21.47985498,21.0529319,21.61232755,In
06/03/2026 12:00,21.17216267,21.11447036,21.47985498,21.0529319,21.61232755,In
06/03/2026 12:10,21.17216267,21.11447036,21.47985498,21.1529319,21.61232755,In
06/03/2026 12:20,21.17216267,20.91447036,21.67985498,21.0529319,21.61232755,In
06/03/2026 12:30,21.17216267,20.91447036,21.47985498,21.0529319,21.61232755,In
06/03/2026 12:40,21.27216267,21.11447036,21.47985498,21.0529319,21.48934834,In
06/03/2026 12:50,21.27216267,21.11447036,21.47985498,21.0529319,21.61232755,In
06/03/2026 13:00,21.27216267,21.11447036,21.47985498,21.0529319,21.61232755,In
06/03/2026 13:10,21.27216267,21.11447036,21.67985498,21.0529319,21.61232755,In
06/03/2026 13:20,21.27216267,21.11447036,21.47985498,21.0529319,21.61232755,In
06/03/2026 13:30,21.27216267,21.11447036,21.47985498,21.0529319,21.61232755,In
06/03/2026 13:40,21.27216267,20.91447036,21.47985498,21.0529319,21.61232755,In
06/03/2026 13:50,21.27216267,21.11447036,21.47985498,21.0529319,21.61232755,In
06/03/2026 14:00,21.37216267,21.21447036,21.47985498,21.0529319,21.61232755,In
06/03/2026 14:10,21.27216267,21.11447036,21.47985498,21.0529319,21.48934834,In
06/03/2026 14:20,21.27216267,21.11447036,21.47985498,21.0529319,21.61232755,In
06/03/2026 14:30,21.17216267,20.91447036,21.37985498,20.8529319,21.48934834,In
06/03/2026 14:40,21.17216267,21.11447036,21.47985498,21.0529319,21.48934834,In
06/03/2026 14:50,21.17216267,21.11447036,21.47985498,21.0529319,21.61232755,In
06/03/2026 15:00,21.17216267,21.11447036,21.47985498,21.0529319,21.48934834,In
06/03/2026 15:10,21.27216267,20.91447036,21.47985498,21.0529319,21.61232755,In
06/03/2026 15:20,21.27216267,21.11447036,21.47985498,21.0529319,21.61232755,In
06/03/2026 15:30,21.27216267,21.11447036,21.47985498,21.0529319,21.61232755,In
06/03/2026 15:40,21.17216267,21.11447036,21.67985498,21.0529319,21.61232755,In
06/03/2026 15:50,21.27216267,21.11447036,21.47985498,21.1529319,21.61232755,In
06/03/2026 16:00,21.27216267,21.11447036,21.47985498,21.0529319,21.61232755,In
06/03/2026 16:10,21.27216267,21.11447036,21.47985498,21.0529319,21.61232755,In
06/03/2026 16:20,21.27216267,21.11447036,21.47985498,21.0529319,21.61232755,In
06/03/2026 16:30,21.27216267,21.11447036,21.67985498,21.0529319,21.61232755,In
06/03/2026 16:40,21.27216267,21.11447036,21.67985498,21.0529319,21.61232755,In
06/03/2026 16:50,21.27216267,21.11447036,21.67985498,21.0529319,21.61232755,In
06/03/2026 17:00,21.27216267,21.11447036,21.67985498,21.1529319,21.61232755,In
06/03/2026 17:10,21.37216267,21.21447036,21.47985498,21.1529319,21.61232755,In
06/03/2026 17:20,21.37216267,21.21447036,21.67985498,21.0529319,21.61232755,In
06/03/2026 17:30,21.27216267,21.21447036,21.67985498,21.0529319,21.61232755,In
06/03/2026 17:40,21.27216267,21.21447036,21.67985498,21.0529319,21.61232755,In
06/03/2026 17:50,21.27216267,21.21447036,21.67985498,21.0529319,21.61232755,In
06/03/2026 18:00,21.37216267,21.21447036,21.67985498,21.0529319,21.61232755,In
06/03/2026 18:10,21.37216267,21.21447036,21.67985498,21.1529319,21.61232755,In
06/03/2026 18:20,21.37216267,21.31447036,21.67985498,21.0529319,21.61232755,In
06/03/2026 18:30,21.37216267,21.31447036,21.67985498,21.0529319,21.73530675,In
06/03/2026 18:40,21.37216267,21.21447036,21.47985498,21.0529319,21.61232755,In
06/03/2026 18:50,21.57216267,21.21447036,21.67985498,21.0529319,21.61232755,In
06/03/2026 19:00,21.37216267,21.21447036,21.67985498,21.0529319,21.61232755,In
06/03/2026 19:10,21.37216267,21.21447036,21.67985498,21.0529319,21.61232755,In
06/03/2026 19:20,21.57216267,21.31447036,21.67985498,21.1529319,21.61232755,In
06/03/2026 19:30,21.37216267,21.21447036,21.67985498,21.0529319,21.61232755,In
06/03/2026 19:40,21.57216267,21.21447036,21.67985498,21.0529319,21.61232755,In
06/03/2026 19:50,21.37216267,21.31447036,21.67985498,21.0529319,21.61232755,In
06/03/2026 20:00,21.57216267,21.21447036,21.67985498,21.1529319,21.61232755,In
06/03/2026 20:10,21.37216267,21.21447036,21.67985498,21.0529319,21.61232755,In
06/03/2026 20:20,21.57216267,21.21447036,21.67985498,21.1529319,21.61232755,In
06/03/2026 20:30,21.37216267,21.21447036,21.67985498,21.0529319,21.61232755,In
06/03/2026 20:40,21.57216267,21.21447036,21.67985498,21.0529319,21.61232755,In
06/03/2026 20:50,21.37216267,21.31447036,21.67985498,21.0529319,21.61232755,In
06/03/2026 21:00,21.57216267,21.21447036,21.67985498,21.0529319,21.61232755,In
06/03/2026 21:10,21.37216267,21.21447036,21.77985498,21.1529319,21.61232755,In
06/03/2026 21:20,21.37216267,21.21447036,21.67985498,21.0529319,21.61232755,In
06/03/2026 21:30,21.37216267,21.21447036,21.67985498,21.0529319,21.61232755,In
06/03/2026 21:40,21.37216267,21.21447036,21.67985498,21.0529319,21.61232755,In
06/03/2026 21:50,21.37216267,21.31447036,21.67985498,21.0529319,21.73530675,In
06/03/2026 22:00,21.37216267,21.21447036,21.67985498,21.0529319,21.61232755,In
06/03/2026 22:10,21.37216267,21.21447036,21.67985498,21.0529319,21.73530675,In
06/03/2026 22:20,21.37216267,21.31447036,21.67985498,21.1529319,21.61232755,In
06/03/2026 22:30,21.57216267,21.21447036,21.67985498,21.0529319,21.61232755,In
06/03/2026 22:40,21.37216267,21.21447036,21.77985498,21.1529319,21.61232755,In
06/03/2026 22:50,21.57216267,21.21447036,21.67985498,21.0529319,21.61232755,In
06/03/2026 23:00,21.37216267,21.21447036,21.67985498,21.1529319,21.61232755,In
06/03/2026 23:10,21.37216267,21.21447036,21.67985498,21.0529319,21.61232755,In
06/03/2026 23:20,21.37216267,21.21447036,21.67985498,21.1529319,21.61232755,In
06/03/2026 23:30,21.37216267,21.21447036,21.67985498,21.1529319,21.61232755,In
06/03/2026 23:40,21.37216267,21.31447036,21.67985498,21.0529319,21.61232755,In
06/03/2026 23:50,21.37216267,21.21447036,21.67985498,21.1529319,21.61232755,In
07/03/2026 00:00,21.57216267,21.21447036,21.67985498,21.0529319,21.61232755,In
07/03/2026 00:10,21.57216267,21.21447036,21.67985498,21.1529319,21.61232755,In
07/03/2026 00:20,21.57216267,21.21447036,21.67985498,21.0529319,21.61232755,In
07/03/2026 00:30,21.37216267,21.31447036,21.67985498,21.0529319,21.61232755,In
07/03/2026 00:40,21.37216267,21.21447036,21.67985498,21.1529319,21.61232755,In
07/03/2026 00:50,21.37216267,21.21447036,21.67985498,21.0529319,21.61232755,In
07/03/2026 01:00,21.37216267,21.21447036,21.67985498,21.0529319,21.61232755,In
07/03/2026 01:10,21.57216267,21.21447036,21.67985498,21.0529319,21.61232755,In
07/03/2026 01:20,21.57216267,21.21447036,21.67985498,21.1529319,21.61232755,In
07/03/2026 01:30,21.37216267,21.21447036,21.47985498,21.1529319,21.61232755,In
07/03/2026 01:40,21.57216267,21.31447036,21.67985498,21.0529319,21.61232755,In
07/03/2026 01:50,21.57216267,21.31447036,21.67985498,21.0529319,21.61232755,In
07/03/2026 02:00,21.57216267,21.21447036,21.67985498,21.0529319,21.61232755,In
07/03/2026 02:10,21.37216267,21.21447036,21.77985498,21.0529319,21.48934834,In
07/03/2026 02:20,21.37216267,21.21447036,21.47985498,21.1529319,21.61232755,In
07/03/2026 02:30,21.37216267,21.21447036,21.67985498,21.0529319,21.61232755,In
07/03/2026 02:40,21.37216267,21.21447036,21.67985498,21.0529319,21.61232755,In
07/03/2026 02:50,21.37216267,21.21447036,21.67985498,21.0529319,21.61232755,In
07/03/2026 03:00,21.37216267,21.21447036,21.67985498,21.0529319,21.61232755,In
07/03/2026 03:10,21.57216267,21.21447036,21.67985498,21.0529319,21.61232755,In
07/03/2026 03:20,21.37216267,21.11447036,21.67985498,21.0529319,21.61232755,In
07/03/2026 03:30,21.37216267,21.11447036,21.67985498,21.1529319,21.61232755,In
07/03/2026 03:40,21.37216267,21.21447036,21.67985498,21.1529319,21.61232755,In
07/03/2026 03:50,21.37216267,21.21447036,21.47985498,21.0529319,21.61232755,In
07/03/2026 04:00,21.37216267,21.21447036,21.67985498,21.0529319,21.61232755,In
07/03/2026 04:10,21.37216267,21.21447036,21.47985498,20.8529319,21.61232755,In
07/03/2026 04:20,21.57216267,21.21447036,21.47985498,21.0529319,21.61232755,In
07/03/2026 04:30,21.37216267,21.21447036,21.67985498,21.0529319,21.61232755,In
07/03/2026 04:40,21.37216267,21.21447036,21.67985498,21.0529319,21.61232755,In
07/03/2026 04:50,21.37216267,21.21447036,21.67985498,21.1529319,21.48934834,In
07/03/2026 05:00,21.37216267,21.21447036,21.47985498,21.0529319,21.61232755,In
07/03/2026 05:10,21.37216267,21.21447036,21.67985498,21.0529319,21.61232755,In
07/03/2026 05:20,21.57216267,21.21447036,21.47985498,21.0529319,21.61232755,In
07/03/2026 05:30,21.37216267,21.21447036,21.67985498,21.0529319,21.61232755,In
07/03/2026 05:40,21.37216267,21.21447036,21.47985498,21.0529319,21.61232755,In
07/03/2026 05:50,21.57216267,21.21447036,21.67985498,21.0529319,21.48934834,In
07/03/2026 06:00,21.37216267,21.21447036,21.47985498,21.0529319,21.48934834,In
07/03/2026 06:10,21.37216267,21.21447036,21.67985498,21.0529319,21.61232755,In
07/03/2026 06:20,21.37216267,21.21447036,21.67985498,21.0529319,21.48934834,In
07/03/2026 06:30,21.37216267,21.21447036,21.67985498,21.0529319,21.61232755,In
07/03/2026 06:40,21.37216267,21.21447036,21.47985498,21.0529319,21.48934834,In
07/03/2026 06:50,21.57216267,21.31447036,21.67985498,21.0529319,21.61232755,In
07/03/2026 07:00,21.37216267,21.21447036,21.67985498,21.0529319,21.48934834,In
07/03/2026 07:10,21.37216267,21.21447036,21.67985498,21.0529319,21.61232755,In
07/03/2026 07:20,21.37216267,21.21447036,21.67985498,21.0529319,21.61232755,In
07/03/2026 07:30,21.37216267,21.21447036,21.67985498,21.0529319,21.48934834,In
07/03/2026 07:40,21.37216267,21.21447036,21.67985498,21.0529319,21.61232755,In
07/03/2026 07:50,21.37216267,21.21447036,21.67985498,21.0529319,21.61232755,In
07/03/2026 08:00,21.37216267,21.11447036,21.67985498,21.0529319,21.61232755,In
07/03/2026 08:10,21.37216267,21.21447036,21.67985498,21.0529319,21.48934834,In
07/03/2026 08:20,21.37216267,21.21447036,21.67985498,21.0529319,21.48934834,In
07/03/2026 08:30,21.37216267,21.11447036,21.67985498,21.0529319,21.61232755,In
07/03/2026 08:40,21.37216267,21.21447036,21.67985498,21.0529319,21.61232755,In
07/03/2026 08:50,21.27216267,21.21447036,21.67985498,21.0529319,21.61232755,In
07/03/2026 09:00,21.37216267,21.11447036,21.47985498,21.1529319,21.61232755,In
07/03/2026 09:10,21.27216267,21.21447036,21.67985498,21.0529319,21.61232755,In
07/03/2026 09:20,21.27216267,21.21447036,21.67985498,21.0529319,21.61232755,In
07/03/2026 09:30,21.27216267,21.21447036,21.47985498,21.0529319,21.61232755,In
07/03/2026 09:40,21.37216267,21.11447036,21.47985498,21.0529319,21.61232755,In
07/03/2026 09:50,21.37216267,21.21447036,21.67985498,20.8529319,21.61232755,In
07/03/2026 10:00,21.37216267,21.11447036,21.47985498,21.0529319,21.48934834,In
07/03/2026 10:10,21.37216267,21.11447036,21.47985498,21.0529319,21.48934834,In
07/03/2026 10:20,21.37216267,21.21447036,21.67985498,21.0529319,21.61232755,In
07/03/2026 10:30,21.27216267,21.21447036,21.47985498,21.0529319,21.61232755,In
07/03/2026 10:40,21.27216267,21.21447036,21.47985498,21.0529319,21.61232755,In
07/03/2026 10:50,21.37216267,21.21447036,21.47985498,21.0529319,21.48934834,In
07/03/2026 11:00,21.27216267,21.21447036,21.67985498,21.0529319,21.61232755,In
07/03/2026 11:10,21.37216267,21.21447036,21.47985498,21.0529319,21.61232755,In
07/03/2026 11:20,21.27216267,21.21447036,21.67985498,21.0529319,21.48934834,In
07/03/2026 11:30,21.37216267,21.11447036,21.47985498,21.0529319,21.61232755,In
07/03/2026 11:40,21.27216267,21.11447036,21.47985498,20.8529319,21.61232755,In
07/03/2026 11:50,21.27216267,21.11447036,21.47985498,20.8529319,21.61232755,In
07/03/2026 12:00,21.27216267,21.11447036,21.47985498,21.0529319,21.48934834,In
07/03/2026 12:10,21.27216267,21.11447036,21.47985498,21.0529319,21.61232755,In
07/03/2026 12:20,21.27216267,21.11447036,21.47985498,21.0529319,21.48934834,In
07/03/2026 12:30,21.27216267,21.11447036,21.47985498,21.0529319,21.61232755,In
07/03/2026 12:40,21.27216267,21.11447036,21.67985498,21.0529319,21.48934834,In
07/03/2026 12:50,21.27216267,21.11447036,21.47985498,21.0529319,21.48934834,In
07/03/2026 13:00,21.27216267,21.11447036,21.47985498,21.0529319,21.61232755,In
07/03/2026 13:10,21.27216267,21.11447036,21.47985498,21.0529319,21.61232755,In
07/03/2026 13:20,21.27216267,21.11447036,21.67985498,21.0529319,21.48934834,In
07/03/2026 13:30,21.27216267,21.11447036,21.47985498,20.8529319,21.61232755,In
07/03/2026 13:40,21.27216267,21.11447036,21.47985498,21.0529319,21.48934834,In
07/03/2026 13:50,21.27216267,21.11447036,21.67985498,21.0529319,21.61232755,In
07/03/2026 14:00,21.27216267,21.11447036,21.47985498,21.0529319,21.61232755,In
07/03/2026 14:10,21.27216267,21.11447036,21.47985498,21.0529319,21.61232755,In
07/03/2026 14:20,21.27216267,21.11447036,21.67985498,21.0529319,21.61232755,In
07/03/2026 14:30,21.27216267,21.11447036,21.47985498,21.0529319,21.61232755,In
07/03/2026 14:40,21.17216267,21.11447036,21.47985498,21.0529319,21.48934834,In
07/03/2026 14:50,21.27216267,21.11447036,21.47985498,21.0529319,21.61232755,In
07/03/2026 15:00,21.27216267,21.11447036,21.67985498,21.0529319,21.61232755,In
07/03/2026 15:10,21.27216267,21.11447036,21.47985498,21.0529319,21.48934834,In
07/03/2026 15:20,21.27216267,21.11447036,21.47985498,21.0529319,21.61232755,In
07/03/2026 15:30,21.27216267,21.11447036,21.47985498,21.0529319,21.61232755,In
07/03/2026 15:40,21.37216267,21.11447036,21.47985498,21.0529319,21.48934834,In
07/03/2026 15:50,21.27216267,21.11447036,21.47985498,21.0529319,21.61232755,In
07/03/2026 16:00,21.27216267,21.11447036,21.47985498,21.0529319,21.61232755,In
07/03/2026 16:10,21.27216267,21.11447036,21.47985498,21.0529319,21.61232755,In
07/03/2026 16:20,21.27216267,21.11447036,21.47985498,21.0529319,21.61232755,In
07/03/2026 16:30,21.27216267,21.11447036,21.47985498,21.0529319,21.48934834,In
07/03/2026 16:40,21.37216267,21.11447036,21.67985498,21.0529319,21.73530675,In
07/03/2026 16:50,21.37216267,21.11447036,21.47985498,21.0529319,21.61232755,In
07/03/2026 17:00,21.37216267,21.11447036,21.67985498,21.0529319,21.48934834,In
07/03/2026 17:10,21.37216267,21.21447036,21.67985498,21.0529319,21.61232755,In
07/03/2026 17:20,21.27216267,21.21447036,21.67985498,21.0529319,21.61232755,In
07/03/2026 17:30,21.27216267,21.21447036,21.47985498,21.0529319,21.48934834,In
07/03/2026 17:40,21.27216267,21.21447036,21.67985498,21.0529319,21.61232755,In
07/03/2026 17:50,21.27216267,21.11447036,21.67985498,21.0529319,21.61232755,In
07/03/2026 18:00,21.27216267,21.11447036,21.67985498,21.0529319,21.61232755,In
07/03/2026 18:10,21.27216267,21.21447036,21.67985498,21.0529319,21.61232755,In
07/03/2026 18:20,21.37216267,21.11447036,21.67985498,21.0529319,21.61232755,In
07/03/2026 18:30,21.37216267,21.11447036,21.67985498,21.1529319,21.61232755,In
07/03/2026 18:40,21.27216267,21.11447036,21.67985498,21.0529319,21.61232755,In
07/03/2026 18:50,21.27216267,21.11447036,21.47985498,21.0529319,21.61232755,In
07/03/2026 19:00,21.37216267,21.11447036,21.67985498,21.0529319,21.61232755,In
07/03/2026 19:10,21.27216267,21.21447036,21.67985498,21.0529319,21.61232755,In
07/03/2026 19:20,21.27216267,21.21447036,21.67985498,21.0529319,21.61232755,In
07/03/2026 19:30,21.27216267,21.21447036,21.47985498,21.0529319,21.61232755,In
07/03/2026 19:40,21.37216267,21.11447036,21.67985498,21.0529319,21.61232755,In
07/03/2026 19:50,21.37216267,21.11447036,21.67985498,21.0529319,21.61232755,In
07/03/2026 20:00,21.37216267,21.11447036,21.47985498,21.0529319,21.61232755,In
07/03/2026 20:10,21.27216267,21.21447036,21.67985498,21.0529319,21.61232755,In
07/03/2026 20:20,21.37216267,21.21447036,21.67985498,21.0529319,21.61232755,In
07/03/2026 20:30,21.27216267,21.21447036,21.67985498,21.0529319,21.61232755,In
07/03/2026 20:40,21.27216267,21.11447036,21.67985498,21.0529319,21.61232755,In
07/03/2026 20:50,21.27216267,21.21447036,21.67985498,21.0529319,21.73530675,In
07/03/2026 21:00,21.37216267,21.21447036,21.67985498,21.0529319,21.61232755,In
07/03/2026 21:10,21.37216267,21.21447036,21.67985498,21.0529319,21.61232755,In
07/03/2026 21:20,21.37216267,21.21447036,21.67985498,21.0529319,21.61232755,In
07/03/2026 21:30,21.37216267,21.21447036,21.67985498,21.0529319,21.61232755,In
07/03/2026 21:40,21.37216267,21.21447036,21.47985498,21.0529319,21.61232755,In
07/03/2026 21:50,21.37216267,21.21447036,21.67985498,21.0529319,21.61232755,In
07/03/2026 22:00,21.37216267,21.21447036,21.67985498,21.0529319,21.61232755,In
07/03/2026 22:10,21.37216267,21.21447036,21.67985498,21.0529319,21.48934834,In
07/03/2026 22:20,21.37216267,21.21447036,21.67985498,21.0529319,21.61232755,In
07/03/2026 22:30,21.37216267,21.21447036,21.67985498,21.0529319,21.48934834,In
07/03/2026 22:40,21.37216267,21.21447036,21.67985498,21.0529319,21.48934834,In
07/03/2026 22:50,21.37216267,21.21447036,21.67985498,21.0529319,21.61232755,In
07/03/2026 23:00,21.37216267,21.21447036,21.67985498,21.0529319,21.61232755,In
07/03/2026 23:10,21.37216267,21.21447036,21.67985498,21.0529319,21.48934834,In
07/03/2026 23:20,21.37216267,21.21447036,21.67985498,21.0529319,21.61232755,In
07/03/2026 23:30,21.37216267,21.21447036,21.67985498,21.0529319,21.61232755,In
07/03/2026 23:40,21.37216267,21.21447036,21.67985498,21.0529319,21.61232755,In
07/03/2026 23:50,21.37216267,21.11447036,21.67985498,21.0529319,21.61232755,In
08/03/2026 00:00,21.37216267,21.21447036,21.67985498,21.0529319,21.61232755,In
08/03/2026 00:10,21.57216267,21.21447036,21.67985498,21.1529319,21.61232755,In
08/03/2026 00:20,21.37216267,21.21447036,21.67985498,21.0529319,21.61232755,In
08/03/2026 00:30,21.37216267,21.21447036,21.67985498,21.0529319,21.61232755,In
08/03/2026 00:40,21.37216267,21.21447036,21.67985498,21.0529319,21.61232755,In
08/03/2026 00:50,21.57216267,21.21447036,21.47985498,21.0529319,21.61232755,In
08/03/2026 01:00,21.37216267,21.21447036,21.67985498,21.0529319,21.48934834,In
08/03/2026 01:10,21.37216267,21.21447036,21.67985498,21.0529319,21.61232755,In
08/03/2026 01:20,21.37216267,21.21447036,21.67985498,21.0529319,21.61232755,In
08/03/2026 01:30,21.37216267,21.21447036,21.67985498,21.0529319,21.61232755,In
08/03/2026 01:40,21.37216267,21.21447036,21.67985498,21.0529319,21.61232755,In
08/03/2026 01:50,21.37216267,21.11447036,21.67985498,21.0529319,21.61232755,In
08/03/2026 02:00,21.37216267,21.21447036,21.47985498,21.0529319,21.61232755,In
08/03/2026 02:10,21.37216267,21.21447036,21.67985498,21.0529319,21.61232755,In
08/03/2026 02:20,21.27216267,21.21447036,21.67985498,21.0529319,21.61232755,In
08/03/2026 02:30,21.27216267,21.21447036,21.67985498,21.0529319,21.61232755,In
08/03/2026 02:40,21.27216267,21.21447036,21.67985498,21.0529319,21.61232755,In
08/03/2026 02:50,21.37216267,21.31447036,21.67985498,21.0529319,21.48934834,In
08/03/2026 03:00,21.57216267,21.21447036,21.67985498,21.0529319,21.48934834,In
08/03/2026 03:10,21.37216267,21.21447036,21.47985498,21.0529319,21.61232755,In
08/03/2026 03:20,21.37216267,21.21447036,21.67985498,21.0529319,21.48934834,In
08/03/2026 03:30,21.37216267,21.21447036,21.67985498,21.0529319,21.48934834,In
08/03/2026 03:40,21.37216267,21.21447036,21.47985498,21.0529319,21.61232755,In
08/03/2026 03:50,21.37216267,21.21447036,21.67985498,21.0529319,21.61232755,In
08/03/2026 04:00,21.37216267,21.21447036,21.67985498,21.0529319,21.61232755,In
08/03/2026 04:10,21.37216267,21.21447036,21.67985498,21.0529319,21.61232755,In
08/03/2026 04:20,21.37216267,21.21447036,21.67985498,21.0529319,21.61232755,In
08/03/2026 04:30,21.37216267,21.21447036,21.67985498,21.0529319,21.61232755,In
08/03/2026 04:40,21.37216267,21.11447036,21.67985498,21.0529319,21.48934834,In
08/03/2026 04:50,21.37216267,21.21447036,21.67985498,21.1529319,21.48934834,In
08/03/2026 05:00,21.37216267,21.21447036,21.67985498,21.0529319,21.61232755,In
08/03/2026 05:10,21.37216267,21.21447036,21.47985498,21.0529319,21.61232755,In
08/03/2026 05:20,21.37216267,21.21447036,21.67985498,21.0529319,21.61232755,In
08/03/2026 05:30,21.37216267,21.21447036,21.67985498,21.0529319,21.61232755,In
08/03/2026 05:40,21.37216267,21.11447036,21.67985498,21.0529319,21.61232755,In
08/03/2026 05:50,21.37216267,21.21447036,21.67985498,21.0529319,21.61232755,In
08/03/2026 06:00,21.37216267,21.21447036,21.67985498,21.0529319,21.61232755,In
08/03/2026 06:10,21.27216267,21.21447036,21.67985498,21.0529319,21.61232755,In
08/03/2026 06:20,21.37216267,21.21447036,21.67985498,21.0529319,21.48934834,In
08/03/2026 06:30,21.37216267,21.21447036,21.67985498,21.0529319,21.61232755,In
08/03/2026 06:40,21.37216267,21.21447036,21.67985498,21.0529319,21.48934834,In
08/03/2026 06:50,21.27216267,21.21447036,21.47985498,21.0529319,21.61232755,In
08/03/2026 07:00,21.37216267,21.21447036,21.67985498,21.0529319,21.61232755,In
08/03/2026 07:10,21.27216267,21.21447036,21.67985498,21.0529319,21.61232755,In
08/03/2026 07:20,21.27216267,21.21447036,21.67985498,21.0529319,21.48934834,In
08/03/2026 07:30,21.37216267,21.21447036,21.47985498,21.0529319,21.61232755,In
08/03/2026 07:40,21.37216267,21.21447036,21.47985498,20.8529319,21.61232755,In
08/03/2026 07:50,21.37216267,21.21447036,21.67985498,21.0529319,21.48934834,In
08/03/2026 08:00,21.27216267,21.11447036,21.47985498,21.0529319,21.61232755,In
08/03/2026 08:10,21.27216267,21.21447036,21.47985498,21.0529319,21.61232755,In
08/03/2026 08:20,21.37216267,21.21447036,21.47985498,21.0529319,21.61232755,In
08/03/2026 08:30,21.37216267,21.21447036,21.67985498,21.0529319,21.61232755,In
08/03/2026 08:40,21.27216267,21.21447036,21.67985498,21.0529319,21.61232755,In
08/03/2026 08:50,21.37216267,21.11447036,21.47985498,21.0529319,21.61232755,In
08/03/2026 09:00,21.37216267,21.11447036,21.47985498,21.0529319,21.61232755,In
08/03/2026 09:10,21.27216267,21.11447036,21.47985498,21.0529319,21.61232755,In
08/03/2026 09:20,21.27216267,21.11447036,21.47985498,21.0529319,21.48934834,In
08/03/2026 09:30,21.27216267,21.11447036,21.47985498,21.0529319,21.48934834,In
08/03/2026 09:40,21.27216267,21.11447036,21.47985498,21.0529319,21.61232755,In
08/03/2026 09:50,21.37216267,21.11447036,21.47985498,21.0529319,21.61232755,In
08/03/2026 10:00,21.27216267,21.21447036,21.47985498,21.0529319,21.48934834,In
08/03/2026 10:10,21.27216267,21.11447036,21.47985498,21.0529319,21.48934834,In
08/03/2026 10:20,21.27216267,21.11447036,21.47985498,21.0529319,21.48934834,In
08/03/2026 10:30,21.27216267,21.21447036,21.47985498,21.0529319,21.48934834,In
08/03/2026 10:40,21.27216267,21.11447036,21.47985498,21.0529319,21.61232755,In
08/03/2026 10:50,21.37216267,21.11447036,21.47985498,21.0529319,21.48934834,In
08/03/2026 11:00,21.27216267,21.11447036,21.47985498,21.0529319,21.48934834,In
08/03/2026 11:10,21.27216267,21.11447036,21.47985498,21.0529319,21.61232755,In
08/03/2026 11:20,21.27216267,21.11447036,21.47985498,21.0529319,21.61232755,In
08/03/2026 11:30,21.27216267,21.21447036,21.47985498,21.0529319,21.48934834,In
08/03/2026 11:40,21.27216267,21.11447036,21.47985498,21.0529319,21.48934834,In
08/03/2026 11:50,21.27216267,21.11447036,21.47985498,21.0529319,21.48934834,In
08/03/2026 12:00,21.37216267,21.11447036,21.47985498,21.0529319,21.48934834,In
08/03/2026 12:10,21.27216267,21.11447036,21.47985498,21.0529319,21.48934834,In
08/03/2026 12:20,21.27216267,21.11447036,21.47985498,20.8529319,21.48934834,In
08/03/2026 12:30,21.27216267,21.21447036,21.47985498,21.0529319,21.48934834,In
08/03/2026 12:40,21.27216267,21.11447036,21.47985498,21.0529319,21.48934834,In
08/03/2026 12:50,21.27216267,21.11447036,21.47985498,21.0529319,21.48934834,In
08/03/2026 13:00,21.27216267,21.11447036,21.47985498,21.0529319,21.48934834,In
08/03/2026 13:10,21.27216267,21.11447036,21.47985498,21.0529319,21.48934834,In
08/03/2026 13:20,21.17216267,21.11447036,21.47985498,20.8529319,21.48934834,In
08/03/2026 13:30,21.27216267,20.91447036,21.47985498,21.0529319,21.48934834,In
08/03/2026 13:40,21.17216267,21.11447036,21.47985498,21.0529319,21.48934834,In
08/03/2026 13:50,21.27216267,21.11447036,21.47985498,21.0529319,21.48934834,In
08/03/2026 14:00,21.27216267,21.11447036,21.47985498,21.0529319,21.48934834,In
08/03/2026 14:10,21.27216267,21.11447036,21.47985498,21.0529319,21.48934834,In
08/03/2026 14:20,21.27216267,21.11447036,21.47985498,20.8529319,21.48934834,In
08/03/2026 14:30,21.27216267,21.11447036,21.47985498,21.0529319,21.48934834,In
08/03/2026 14:40,21.27216267,21.11447036,21.47985498,21.0529319,21.61232755,In
08/03/2026 14:50,21.27216267,21.11447036,21.47985498,20.8529319,21.48934834,In
08/03/2026 15:00,21.27216267,21.11447036,21.47985498,21.0529319,21.61232755,In
08/03/2026 15:10,21.27216267,21.11447036,21.47985498,21.0529319,21.61232755,In
08/03/2026 15:20,21.27216267,21.11447036,21.47985498,21.0529319,21.48934834,In
08/03/2026 15:30,21.27216267,21.11447036,21.67985498,21.0529319,21.61232755,In
08/03/2026 15:40,21.27216267,21.11447036,21.47985498,21.0529319,21.61232755,In
08/03/2026 15:50,21.27216267,21.11447036,21.47985498,21.0529319,21.48934834,In
08/03/2026 16:00,21.37216267,21.11447036,21.67985498,21.0529319,21.61232755,In
08/03/2026 16:10,21.27216267,21.11447036,21.47985498,21.0529319,21.61232755,In
08/03/2026 16:20,21.27216267,21.11447036,21.47985498,21.0529319,21.61232755,In
08/03/2026 16:30,21.27216267,21.11447036,21.47985498,21.0529319,21.61232755,In
08/03/2026 16:40,21.37216267,21.11447036,21.67985498,21.0529319,21.48934834,In
08/03/2026 16:50,21.27216267,21.11447036,21.67985498,21.0529319,21.48934834,In
08/03/2026 17:00,21.27216267,21.11447036,21.47985498,21.0529319,21.61232755,In
08/03/2026 17:10,21.27216267,21.21447036,21.67985498,21.0529319,21.61232755,In
08/03/2026 17:20,21.27216267,21.11447036,21.47985498,21.0529319,21.61232755,In
08/03/2026 17:30,21.37216267,21.21447036,21.47985498,21.0529319,21.61232755,In
08/03/2026 17:40,21.27216267,21.11447036,21.67985498,21.0529319,21.61232755,In
08/03/2026 17:50,21.27216267,21.11447036,21.67985498,21.0529319,21.61232755,In
08/03/2026 18:00,21.37216267,21.21447036,21.47985498,21.0529319,21.61232755,In
08/03/2026 18:10,21.27216267,21.21447036,21.67985498,21.0529319,21.48934834,In
08/03/2026 18:20,21.37216267,21.11447036,21.47985498,21.0529319,21.61232755,In
08/03/2026 18:30,21.37216267,21.11447036,21.67985498,21.0529319,21.61232755,In
08/03/2026 18:40,21.27216267,21.11447036,21.67985498,21.0529319,21.61232755,In
08/03/2026 18:50,21.27216267,21.11447036,21.67985498,21.0529319,21.48934834,In
08/03/2026 19:00,21.27216267,21.11447036,21.47985498,21.0529319,21.48934834,In
08/03/2026 19:10,21.37216267,21.21447036,21.47985498,21.0529319,21.61232755,In
08/03/2026 19:20,21.37216267,21.21447036,21.47985498,21.0529319,21.48934834,In
08/03/2026 19:30,21.37216267,21.21447036,21.47985498,21.0529319,21.61232755,In
08/03/2026 19:40,21.37216267,21.21447036,21.47985498,21.0529319,21.61232755,In
08/03/2026 19:50,21.27216267,21.21447036,21.67985498,21.0529319,21.48934834,In
08/03/2026 20:00,21.27216267,21.21447036,21.67985498,21.0529319,21.61232755,In
08/03/2026 20:10,21.37216267,21.11447036,21.67985498,21.0529319,21.61232755,In
08/03/2026 20:20,21.37216267,21.21447036,21.47985498,21.0529319,21.48934834,In
08/03/2026 20:30,21.27216267,21.21447036,21.47985498,21.0529319,21.61232755,In
08/03/2026 20:40,21.37216267,21.21447036,21.47985498,21.0529319,21.48934834,In
08/03/2026 20:50,21.27216267,21.21447036,21.47985498,20.8529319,21.61232755,In
08/03/2026 21:00,21.37216267,21.21447036,21.47985498,21.0529319,21.61232755,In
08/03/2026 21:10,21.37216267,21.21447036,21.47985498,21.0529319,21.61232755,In
08/03/2026 21:20,21.37216267,21.21447036,21.67985498,21.0529319,21.61232755,In
08/03/2026 21:30,21.37216267,21.21447036,21.47985498,21.0529319,21.48934834,In
08/03/2026 21:40,21.27216267,21.11447036,21.47985498,20.8529319,21.48934834,In
08/03/2026 21:50,21.37216267,21.11447036,21.47985498,21.0529319,21.61232755,In
08/03/2026 22:00,21.27216267,21.21447036,21.47985498,21.0529319,21.61232755,In
08/03/2026 22:10,21.27216267,21.11447036,21.47985498,21.0529319,21.48934834,In
08/03/2026 22:20,21.37216267,21.11447036,21.47985498,21.0529319,21.61232755,In
08/03/2026 22:30,21.37216267,21.11447036,21.47985498,21.0529319,21.61232755,In
08/03/2026 22:40,21.37216267,21.21447036,21.47985498,21.0529319,21.61232755,In
08/03/2026 22:50,21.37216267,21.21447036,21.47985498,21.0529319,21.48934834,In
08/03/2026 23:00,21.37216267,21.21447036,21.47985498,20.8529319,21.48934834,In
08/03/2026 23:10,21.37216267,21.21447036,21.67985498,20.8529319,21.61232755,In
08/03/2026 23:20,21.27216267,21.11447036,21.47985498,21.0529319,21.61232755,In
08/03/2026 23:30,21.37216267,21.21447036,21.47985498,20.8529319,21.61232755,In
08/03/2026 23:40,21.37216267,21.21447036,21.67985498,21.0529319,21.61232755,In
08/03/2026 23:50,21.27216267,21.21447036,21.67985498,21.0529319,21.61232755,In
09/03/2026 00:00,21.37216267,21.21447036,21.47985498,21.0529319,21.48934834,In
09/03/2026 00:10,21.37216267,21.11447036,21.47985498,21.0529319,21.61232755,In
09/03/2026 00:20,21.27216267,21.21447036,21.47985498,21.0529319,21.48934834,In
09/03/2026 00:30,21.37216267,21.21447036,21.47985498,21.0529319,21.48934834,In
09/03/2026 00:40,21.27216267,21.21447036,21.47985498,21.0529319,21.48934834,In
09/03/2026 00:50,21.37216267,21.11447036,21.47985498,21.0529319,21.48934834,In
09/03/2026 01:00,21.37216267,21.21447036,21.47985498,21.0529319,21.61232755,In
09/03/2026 01:10,21.27216267,21.21447036,21.47985498,21.0529319,21.48934834,In
09/03/2026 01:20,21.37216267,21.21447036,21.67985498,21.0529319,21.48934834,In
09/03/2026 01:30,21.37216267,21.21447036,21.47985498,21.0529319,21.48934834,In
09/03/2026 01:40,21.37216267,21.11447036,21.47985498,21.0529319,21.48934834,In
09/03/2026 01:50,21.27216267,21.21447036,21.47985498,21.0529319,21.61232755,In
09/03/2026 02:00,21.37216267,21.21447036,21.67985498,21.0529319,21.48934834,In
09/03/2026 02:10,21.37216267,21.21447036,21.47985498,21.0529319,21.48934834,In
09/03/2026 02:20,21.37216267,21.21447036,21.47985498,21.0529319,21.48934834,In
09/03/2026 02:30,21.37216267,21.21447036,21.47985498,21.0529319,21.61232755,In
09/03/2026 02:40,21.37216267,21.21447036,21.67985498,21.0529319,21.48934834,In
09/03/2026 02:50,21.37216267,21.21447036,21.47985498,21.0529319,21.48934834,In
09/03/2026 03:00,21.27216267,21.21447036,21.47985498,21.0529319,21.61232755,In
09/03/2026 03:10,21.27216267,21.21447036,21.47985498,21.0529319,21.61232755,In
09/03/2026 03:20,21.37216267,21.21447036,21.47985498,21.0529319,21.48934834,In
09/03/2026 03:30,21.37216267,21.21447036,21.67985498,21.0529319,21.48934834,In
09/03/2026 03:40,21.37216267,21.21447036,21.47985498,21.0529319,21.61232755,In
09/03/2026 03:50,21.37216267,21.11447036,21.47985498,21.0529319,21.48934834,In
09/03/2026 04:00,21.27216267,21.11447036,21.67985498,20.8529319,21.48934834,In
09/03/2026 04:10,21.37216267,21.21447036,21.47985498,21.0529319,21.48934834,In
09/03/2026 04:20,21.27216267,21.11447036,21.47985498,20.8529319,21.48934834,In
09/03/2026 04:30,21.27216267,21.11447036,21.47985498,21.0529319,21.48934834,In
09/03/2026 04:40,21.27216267,21.11447036,21.47985498,20.8529319,21.48934834,In
09/03/2026 04:50,21.37216267,21.11447036,21.47985498,21.0529319,21.48934834,In
09/03/2026 05:00,21.27216267,21.11447036,21.47985498,21.0529319,21.48934834,In
09/03/2026 05:10,21.27216267,21.11447036,21.47985498,21.0529319,21.48934834,In
09/03/2026 05:20,21.27216267,21.11447036,21.47985498,21.0529319,21.48934834,In
09/03/2026 05:30,21.27216267,21.11447036,21.47985498,21.0529319,21.48934834,In
09/03/2026 05:40,21.27216267,21.11447036,21.47985498,21.0529319,21.48934834,In
09/03/2026 05:50,21.37216267,21.11447036,21.47985498,20.8529319,21.48934834,In
09/03/2026 06:00,21.27216267,21.11447036,21.47985498,21.0529319,21.48934834,In
09/03/2026 06:10,21.27216267,21.11447036,21.67985498,20.8529319,21.48934834,In
09/03/2026 06:20,21.27216267,21.11447036,21.47985498,21.0529319,21.48934834,In
09/03/2026 06:30,21.27216267,21.21447036,21.47985498,21.0529319,21.61232755,In
09/03/2026 06:40,21.27216267,21.11447036,21.47985498,21.0529319,21.48934834,In
09/03/2026 06:50,21.27216267,21.11447036,21.47985498,21.0529319,21.61232755,In
09/03/2026 07:00,21.27216267,21.11447036,21.47985498,20.8529319,21.61232755,In
09/03/2026 07:10,21.27216267,21.11447036,21.67985498,21.0529319,21.48934834,In
09/03/2026 07:20,21.37216267,21.11447036,21.47985498,21.0529319,21.48934834,In
09/03/2026 07:30,21.27216267,21.21447036,21.47985498,21.0529319,21.48934834,In
09/03/2026 07:40,21.27216267,21.11447036,21.47985498,21.0529319,21.48934834,In
09/03/2026 07:50,21.27216267,21.11447036,21.47985498,21.0529319,21.48934834,In
09/03/2026 08:00,21.27216267,21.11447036,21.47985498,21.0529319,21.48934834,In
09/03/2026 08:10,21.37216267,21.11447036,21.47985498,21.0529319,21.48934834,In
09/03/2026 08:20,21.27216267,21.11447036,21.47985498,20.8529319,21.48934834,In
09/03/2026 08:30,21.37216267,21.11447036,21.47985498,20.8529319,21.48934834,In
09/03/2026 08:40,21.27216267,21.11447036,21.47985498,21.0529319,21.48934834,In
09/03/2026 08:50,21.27216267,21.11447036,21.67985498,21.0529319,21.48934834,In
09/03/2026 09:00,21.27216267,21.11447036,21.47985498,21.0529319,21.48934834,In
09/03/2026 09:10,21.27216267,21.21447036,21.47985498,20.8529319,21.48934834,In
09/03/2026 09:20,21.27216267,21.11447036,21.47985498,20.8529319,21.48934834,In
09/03/2026 09:30,21.27216267,21.11447036,21.47985498,21.0529319,21.61232755,In
09/03/2026 09:40,21.27216267,21.11447036,21.47985498,20.8529319,21.48934834,In
09/03/2026 09:50,21.27216267,21.11447036,21.67985498,20.8529319,21.48934834,In
09/03/2026 10:00,21.27216267,21.11447036,21.47985498,20.8529319,21.48934834,In
09/03/2026 10:10,21.27216267,21.11447036,21.47985498,20.8529319,21.48934834,In
09/03/2026 10:20,21.27216267,21.11447036,21.47985498,21.0529319,21.48934834,In
09/03/2026 10:30,21.17216267,21.11447036,21.47985498,20.8529319,21.48934834,In
09/03/2026 10:40,21.37216267,21.11447036,21.47985498,21.0529319,21.48934834,In
09/03/2026 10:50,21.27216267,21.11447036,21.47985498,21.0529319,21.48934834,In
09/03/2026 11:00,21.27216267,21.11447036,21.47985498,20.8529319,21.48934834,In
09/03/2026 11:10,21.27216267,21.11447036,21.47985498,20.8529319,21.36636913,In
09/03/2026 11:20,21.27216267,21.11447036,21.47985498,21.0529319,21.48934834,In
09/03/2026 11:30,21.27216267,21.11447036,21.47985498,21.0529319,21.61232755,In
09/03/2026 11:40,21.27216267,21.11447036,21.47985498,20.8529319,21.48934834,In
09/03/2026 11:50,21.27216267,21.11447036,21.47985498,20.8529319,21.48934834,In
09/03/2026 12:00,21.27216267,21.11447036,21.47985498,21.0529319,21.48934834,In
09/03/2026 12:10,21.27216267,21.11447036,21.47985498,21.0529319,21.48934834,In
09/03/2026 12:20,21.27216267,21.11447036,21.47985498,20.8529319,21.48934834,In
09/03/2026 12:30,21.27216267,21.11447036,21.47985498,20.8529319,21.61232755,In
09/03/2026 12:40,21.27216267,21.11447036,21.67985498,20.8529319,21.48934834,In
09/03/2026 12:50,21.27216267,21.11447036,21.47985498,20.8529319,21.48934834,In
09/03/2026 13:00,21.27216267,21.11447036,21.47985498,20.8529319,21.48934834,In
09/03/2026 13:10,21.27216267,21.11447036,21.47985498,20.8529319,21.48934834,In
09/03/2026 13:20,21.27216267,21.11447036,21.47985498,21.0529319,21.36636913,In
09/03/2026 13:30,21.27216267,21.11447036,21.37985498,20.8529319,21.61232755,In
09/03/2026 13:40,21.27216267,21.11447036,21.47985498,21.0529319,21.48934834,In
09/03/2026 13:50,21.27216267,21.11447036,21.37985498,21.0529319,21.48934834,In
09/03/2026 14:00,21.27216267,21.11447036,21.47985498,20.8529319,21.61232755,In
09/03/2026 14:10,21.17216267,21.11447036,21.37985498,21.0529319,21.48934834,In
09/03/2026 14:20,21.17216267,21.11447036,21.47985498,20.8529319,21.48934834,In
09/03/2026 14:30,21.27216267,21.11447036,21.47985498,20.8529319,21.48934834,In
09/03/2026 14:40,21.17216267,21.11447036,21.47985498,21.0529319,21.36636913,In
09/03/2026 14:50,21.27216267,21.11447036,21.47985498,21.0529319,21.48934834,In
09/03/2026 15:00,21.27216267,21.11447036,21.47985498,20.8529319,21.48934834,In
09/03/2026 15:10,21.27216267,21.11447036,21.47985498,21.0529319,21.61232755,In
09/03/2026 15:20,21.27216267,21.11447036,21.47985498,20.8529319,21.61232755,In
09/03/2026 15:30,21.27216267,21.11447036,21.47985498,21.0529319,21.48934834,In
09/03/2026 15:40,21.27216267,21.11447036,21.47985498,21.0529319,21.61232755,In
09/03/2026 15:50,21.27216267,21.11447036,21.47985498,21.0529319,21.36636913,In
09/03/2026 16:00,21.27216267,21.11447036,21.47985498,21.0529319,21.48934834,In
09/03/2026 16:10,21.27216267,21.11447036,21.47985498,21.0529319,21.48934834,In
09/03/2026 16:20,21.27216267,21.11447036,21.47985498,21.0529319,21.48934834,In
09/03/2026 16:30,21.27216267,21.11447036,21.47985498,21.0529319,21.48934834,In
09/03/2026 16:40,21.27216267,21.11447036,21.47985498,20.8529319,21.48934834,In
09/03/2026 16:50,21.27216267,21.11447036,21.47985498,20.8529319,21.48934834,In
09/03/2026 17:00,21.37216267,21.11447036,21.47985498,21.0529319,21.48934834,In
09/03/2026 17:10,21.27216267,21.11447036,21.47985498,20.8529319,21.48934834,In
09/03/2026 17:20,21.37216267,21.11447036,21.47985498,21.0529319,21.48934834,In
09/03/2026 17:30,21.27216267,21.11447036,21.47985498,21.0529319,21.48934834,In
09/03/2026 17:40,21.37216267,21.11447036,21.47985498,21.0529319,21.61232755,In
09/03/2026 17:50,21.27216267,21.11447036,21.47985498,21.0529319,21.61232755,In
09/03/2026 18:00,21.27216267,21.11447036,21.47985498,21.0529319,21.61232755,In
09/03/2026 18:10,21.27216267,21.11447036,21.47985498,21.0529319,21.48934834,In
09/03/2026 18:20,21.27216267,21.11447036,21.47985498,20.8529319,21.48934834,In
09/03/2026 18:30,21.27216267,21.21447036,21.47985498,21.0529319,21.48934834,In
09/03/2026 18:40,21.27216267,21.11447036,21.47985498,20.8529319,21.48934834,In
09/03/2026 18:50,21.27216267,21.11447036,21.47985498,21.0529319,21.48934834,In
09/03/2026 19:00,21.27216267,21.11447036,21.47985498,21.0529319,21.48934834,In
09/03/2026 19:10,21.27216267,21.11447036,21.47985498,21.0529319,21.61232755,In
09/03/2026 19:20,21.27216267,21.11447036,21.67985498,20.8529319,21.48934834,In
09/03/2026 19:30,21.27216267,21.21447036,21.47985498,21.0529319,21.48934834,In
09/03/2026 19:40,21.27216267,21.11447036,21.67985498,21.0529319,21.61232755,In
09/03/2026 19:50,21.27216267,21.21447036,21.47985498,20.8529319,21.48934834,In
09/03/2026 20:00,21.27216267,21.11447036,21.47985498,20.8529319,21.48934834,In
09/03/2026 20:10,21.27216267,21.11447036,21.37985498,20.8529319,21.48934834,In
09/03/2026 20:20,21.27216267,21.11447036,21.47985498,21.0529319,21.48934834,In
09/03/2026 20:30,21.27216267,21.11447036,21.47985498,20.8529319,21.48934834,In
09/03/2026 20:40,21.27216267,21.11447036,21.47985498,20.8529319,21.48934834,In
09/03/2026 20:50,21.27216267,21.11447036,21.47985498,21.0529319,21.48934834,In
09/03/2026 21:00,21.27216267,21.11447036,21.47985498,21.0529319,21.48934834,In
09/03/2026 21:10,21.27216267,21.11447036,21.47985498,20.8529319,21.48934834,In
09/03/2026 21:20,21.27216267,21.21447036,21.47985498,20.8529319,21.48934834,In
09/03/2026 21:30,21.27216267,21.11447036,21.47985498,21.0529319,21.48934834,In
09/03/2026 21:40,21.27216267,21.11447036,21.47985498,20.8529319,21.48934834,In
09/03/2026 21:50,21.37216267,21.11447036,21.47985498,21.0529319,21.48934834,In
09/03/2026 22:00,21.27216267,21.11447036,21.47985498,21.0529319,21.48934834,In
09/03/2026 22:10,21.27216267,21.11447036,21.47985498,21.0529319,21.48934834,In
09/03/2026 22:20,21.27216267,21.21447036,21.47985498,21.0529319,21.48934834,In
09/03/2026 22:30,21.37216267,21.21447036,21.47985498,20.8529319,21.48934834,In
09/03/2026 22:40,21.27216267,21.11447036,21.47985498,21.0529319,21.36636913,In
09/03/2026 22:50,21.27216267,21.21447036,21.47985498,21.0529319,21.48934834,In
09/03/2026 23:00,21.27216267,21.11447036,21.47985498,21.0529319,21.48934834,In
09/03/2026 23:10,21.27216267,21.11447036,21.47985498,21.0529319,21.48934834,In
09/03/2026 23:20,21.37216267,21.21447036,21.47985498,21.0529319,21.48934834,In
09/03/2026 23:30,21.27216267,21.21447036,21.47985498,20.8529319,21.48934834,In
09/03/2026 23:40,21.27216267,21.11447036,21.47985498,20.8529319,21.36636913,In
09/03/2026 23:50,21.37216267,21.11447036,21.47985498,20.8529319,21.48934834,In
10/03/2026 00:00,21.27216267,21.11447036,21.47985498,20.8529319,21.48934834,In
10/03/2026 00:10,21.37216267,21.11447036,21.47985498,20.8529319,21.48934834,In
10/03/2026 00:20,21.27216267,21.11447036,21.47985498,20.8529319,21.48934834,In
10/03/2026 00:30,21.27216267,21.11447036,21.47985498,20.8529319,21.48934834,In
10/03/2026 00:40,21.37216267,21.11447036,21.47985498,21.0529319,21.48934834,In
10/03/2026 00:50,21.27216267,21.11447036,21.47985498,20.8529319,21.48934834,In
10/03/2026 01:00,21.27216267,21.11447036,21.47985498,20.8529319,21.48934834,In
10/03/2026 01:10,21.27216267,21.11447036,21.47985498,20.8529319,21.48934834,In
10/03/2026 01:20,21.27216267,21.11447036,21.47985498,21.0529319,21.48934834,In
10/03/2026 01:30,21.27216267,21.11447036,21.47985498,20.8529319,21.48934834,In
10/03/2026 01:40,21.27216267,21.11447036,21.47985498,20.8529319,21.48934834,In
10/03/2026 01:50,21.37216267,21.21447036,21.47985498,20.8529319,21.48934834,In
10/03/2026 02:00,21.27216267,21.11447036,21.47985498,21.0529319,21.48934834,In
10/03/2026 02:10,21.27216267,21.21447036,21.47985498,21.0529319,21.48934834,In
10/03/2026 02:20,21.37216267,21.11447036,21.47985498,20.8529319,21.36636913,In
10/03/2026 02:30,21.27216267,21.11447036,21.47985498,20.8529319,21.48934834,In
10/03/2026 02:40,21.37216267,21.11447036,21.47985498,20.8529319,21.48934834,In
10/03/2026 02:50,21.27216267,21.11447036,21.47985498,21.0529319,21.61232755,In
10/03/2026 03:00,21.27216267,21.11447036,21.47985498,20.8529319,21.36636913,In
10/03/2026 03:10,21.27216267,21.11447036,21.47985498,21.0529319,21.48934834,In
10/03/2026 03:20,21.27216267,21.11447036,21.47985498,20.8529319,21.36636913,In
10/03/2026 03:30,21.37216267,21.11447036,21.47985498,21.0529319,21.48934834,In
10/03/2026 03:40,21.27216267,21.11447036,21.47985498,20.8529319,21.48934834,In
10/03/2026 03:50,21.27216267,21.11447036,21.67985498,20.8529319,21.48934834,In
10/03/2026 04:00,21.37216267,21.11447036,21.47985498,20.8529319,21.48934834,In
10/03/2026 04:10,21.27216267,21.11447036,21.47985498,20.8529319,21.48934834,In
10/03/2026 04:20,21.27216267,21.11447036,21.47985498,20.8529319,21.48934834,In
10/03/2026 04:30,21.27216267,21.11447036,21.47985498,21.0529319,21.48934834,In
10/03/2026 04:40,21.27216267,21.11447036,21.47985498,20.8529319,21.48934834,In
10/03/2026 04:50,21.27216267,21.11447036,21.47985498,21.0529319,21.48934834,In
10/03/2026 05:00,21.27216267,20.91447036,21.47985498,20.8529319,21.48934834,In
10/03/2026 05:10,21.17216267,21.11447036,21.47985498,20.8529319,21.48934834,In
10/03/2026 05:20,21.27216267,21.11447036,21.37985498,20.8529319,21.48934834,In
10/03/2026 05:30,21.27216267,21.11447036,21.47985498,20.8529319,21.36636913,In
10/03/2026 05:40,21.17216267,21.11447036,21.47985498,20.8529319,21.48934834,In
10/03/2026 05:50,21.27216267,21.11447036,21.47985498,21.0529319,21.48934834,In
10/03/2026 06:00,21.27216267,21.11447036,21.47985498,21.0529319,21.48934834,In
10/03/2026 06:10,21.27216267,21.11447036,21.47985498,20.8529319,21.36636913,In
10/03/2026 06:20,21.27216267,21.11447036,21.47985498,20.8529319,21.48934834,In
10/03/2026 06:30,21.27216267,21.11447036,21.37985498,20.8529319,21.48934834,In
10/03/2026 06:40,21.27216267,21.21447036,21.47985498,20.8529319,21.48934834,In
10/03/2026 06:50,21.27216267,21.11447036,21.37985498,20.8529319,21.48934834,In
10/03/2026 07:00,21.27216267,21.11447036,21.47985498,20.8529319,21.36636913,In
10/03/2026 07:10,21.27216267,21.11447036,21.37985498,21.0529319,21.48934834,In
10/03/2026 07:20,21.27216267,21.11447036,21.47985498,20.8529319,21.48934834,In
10/03/2026 07:30,21.27216267,21.11447036,21.47985498,20.8529319,21.36636913,In
10/03/2026 07:40,21.17216267,21.11447036,21.47985498,20.8529319,21.48934834,In
10/03/2026 07:50,21.27216267,21.11447036,21.47985498,20.8529319,21.48934834,In
10/03/2026 08:00,21.27216267,21.11447036,21.47985498,20.8529319,21.48934834,In
10/03/2026 08:10,21.27216267,21.11447036,21.47985498,21.0529319,21.48934834,In
10/03/2026 08:20,21.27216267,20.91447036,21.47985498,20.8529319,21.48934834,In
10/03/2026 08:30,21.27216267,21.11447036,21.47985498,21.0529319,21.48934834,In
10/03/2026 08:40,21.27216267,20.91447036,21.47985498,20.8529319,21.36636913,In
10/03/2026 08:50,21.27216267,21.11447036,21.47985498,20.8529319,21.48934834,In
10/03/2026 09:00,21.17216267,21.11447036,21.47985498,20.8529319,21.48934834,In
10/03/2026 09:10,21.27216267,21.11447036,21.47985498,20.8529319,21.48934834,In
10/03/2026 09:20,21.27216267,21.11447036,21.37985498,20.8529319,21.48934834,In
10/03/2026 09:30,21.17216267,21.11447036,21.47985498,20.8529319,21.36636913,In
10/03/2026 09:40,21.27216267,21.11447036,21.47985498,20.8529319,21.36636913,In
10/03/2026 09:50,21.27216267,21.11447036,21.47985498,20.8529319,21.36636913,In
10/03/2026 10:00,21.27216267,21.11447036,21.47985498,20.8529319,21.36636913,In
10/03/2026 10:10,21.27216267,21.11447036,21.47985498,20.8529319,21.48934834,In
10/03/2026 10:20,21.27216267,21.11447036,21.47985498,20.8529319,21.36636913,In
10/03/2026 10:30,21.27216267,21.11447036,21.47985498,20.8529319,21.48934834,In
10/03/2026 10:40,21.27216267,21.11447036,21.47985498,20.8529319,21.48934834,In
10/03/2026 10:50,21.27216267,21.11447036,21.47985498,20.8529319,21.36636913,In
10/03/2026 11:00,21.27216267,21.11447036,21.47985498,20.8529319,21.36636913,In
10/03/2026 11:10,21.27216267,21.11447036,21.47985498,20.8529319,21.36636913,In
10/03/2026 11:20,21.27216267,21.11447036,21.47985498,20.8529319,21.36636913,In
10/03/2026 11:30,21.27216267,21.11447036,21.37985498,20.8529319,21.36636913,In
10/03/2026 11:40,21.17216267,21.11447036,21.37985498,20.8529319,21.36636913,In
10/03/2026 11:50,21.17216267,21.11447036,21.47985498,21.0529319,21.48934834,In
10/03/2026 12:00,21.17216267,21.11447036,21.47985498,21.0529319,21.48934834,In
10/03/2026 12:10,21.27216267,21.11447036,21.47985498,20.8529319,21.48934834,In
10/03/2026 12:20,21.27216267,21.11447036,21.47985498,20.8529319,21.36636913,In
10/03/2026 12:30,21.27216267,20.91447036,21.37985498,20.8529319,21.36636913,In
10/03/2026 12:40,21.27216267,21.11447036,21.47985498,20.8529319,21.36636913,In
10/03/2026 12:50,21.27216267,21.11447036,21.47985498,20.8529319,21.36636913,In
10/03/2026 13:00,21.27216267,21.11447036,21.37985498,20.8529319,21.36636913,In
10/03/2026 13:10,21.27216267,21.11447036,21.37985498,20.8529319,21.36636913,In
10/03/2026 13:20,21.27216267,21.11447036,21.47985498,20.8529319,21.48934834,In
10/03/2026 13:30,21.17216267,21.11447036,21.47985498,20.8529319,21.36636913,In
10/03/2026 13:40,21.17216267,21.11447036,21.47985498,20.8529319,21.48934834,In
10/03/2026 13:50,21.27216267,21.11447036,21.37985498,20.8529319,21.36636913,In
10/03/2026 14:00,21.27216267,21.11447036,21.37985498,20.8529319,21.36636913,In
10/03/2026 14:10,21.17216267,21.11447036,21.47985498,20.8529319,21.48934834,In
10/03/2026 14:20,21.17216267,20.91447036,21.37985498,20.8529319,21.48934834,In
10/03/2026 14:30,21.27216267,21.11447036,21.47985498,20.8529319,21.48934834,In
10/03/2026 14:40,21.27216267,20.91447036,21.47985498,20.8529319,21.36636913,In
10/03/2026 14:50,21.27216267,21.11447036,21.47985498,20.7529319,21.48934834,In
10/03/2026 15:00,21.27216267,20.91447036,21.37985498,20.8529319,21.36636913,In
10/03/2026 15:10,21.27216267,21.11447036,21.37985498,20.8529319,21.48934834,In
10/03/2026 15:20,21.27216267,21.11447036,21.47985498,20.8529319,21.48934834,In
10/03/2026 15:30,21.17216267,21.11447036,21.37985498,20.8529319,21.48934834,In
10/03/2026 15:40,21.17216267,20.91447036,21.47985498,20.8529319,21.36636913,In
10/03/2026 15:50,21.27216267,21.11447036,21.47985498,20.8529319,21.48934834,In
10/03/2026 16:00,21.27216267,21.11447036,21.47985498,20.8529319,21.48934834,In
10/03/2026 16:10,21.27216267,21.11447036,21.47985498,20.8529319,21.48934834,In
10/03/2026 16:20,21.27216267,21.11447036,21.47985498,20.8529319,21.48934834,In
10/03/2026 16:30,21.27216267,21.11447036,21.47985498,20.8529319,21.48934834,In
10/03/2026 16:40,21.27216267,21.11447036,21.37985498,20.8529319,21.36636913,In
10/03/2026 16:50,21.27216267,21.11447036,21.47985498,20.8529319,21.36636913,In
10/03/2026 17:00,21.27216267,21.11447036,21.47985498,20.8529319,21.36636913,In
10/03/2026 17:10,21.27216267,21.11447036,21.47985498,20.8529319,21.36636913,In
10/03/2026 17:20,21.27216267,21.11447036,21.37985498,20.8529319,21.48934834,In
10/03/2026 17:30,21.27216267,21.11447036,21.47985498,20.8529319,21.48934834,In
10/03/2026 17:40,21.27216267,21.11447036,21.47985498,20.8529319,21.36636913,In
10/03/2026 17:50,21.27216267,21.11447036,21.37985498,20.8529319,21.61232755,In
10/03/2026 18:00,21.27216267,21.11447036,21.47985498,20.8529319,21.36636913,In
10/03/2026 18:10,21.27216267,21.11447036,21.47985498,21.0529319,21.48934834,In
10/03/2026 18:20,21.27216267,21.11447036,21.47985498,20.8529319,21.36636913,In
10/03/2026 18:30,21.27216267,21.11447036,21.37985498,21.0529319,21.36636913,In
10/03/2026 18:40,21.37216267,21.11447036,21.47985498,20.8529319,21.36636913,In
10/03/2026 18:50,21.27216267,21.11447036,21.47985498,20.8529319,21.48934834,In
10/03/2026 19:00,21.27216267,21.11447036,21.47985498,21.0529319,21.48934834,In
10/03/2026 19:10,21.27216267,21.11447036,21.37985498,20.8529319,21.36636913,In
10/03/2026 19:20,21.17216267,21.11447036,21.47985498,20.8529319,21.36636913,In
10/03/2026 19:30,21.27216267,21.11447036,21.37985498,20.8529319,21.36636913,In
10/03/2026 19:40,21.17216267,21.11447036,21.47985498,20.8529319,21.48934834,In
10/03/2026 19:50,21.27216267,21.11447036,21.47985498,21.0529319,21.48934834,In
10/03/2026 20:00,21.17216267,20.91447036,21.47985498,20.8529319,21.48934834,In
10/03/2026 20:10,21.27216267,21.11447036,21.47985498,20.8529319,21.36636913,In
10/03/2026 20:20,21.27216267,21.11447036,21.47985498,20.8529319,21.48934834,In
10/03/2026 20:30,21.27216267,21.11447036,21.47985498,20.8529319,21.48934834,In
10/03/2026 20:40,21.27216267,21.11447036,21.47985498,20.8529319,21.48934834,In
10/03/2026 20:50,21.27216267,21.11447036,21.47985498,20.8529319,21.36636913,In
10/03/2026 21:00,21.27216267,21.11447036,21.47985498,20.8529319,21.48934834,In
10/03/2026 21:10,21.27216267,21.11447036,21.47985498,20.8529319,21.48934834,In
10/03/2026 21:20,21.27216267,21.11447036,21.47985498,21.0529319,21.48934834,In
10/03/2026 21:30,21.27216267,21.11447036,21.47985498,20.8529319,21.48934834,In
10/03/2026 21:40,21.27216267,21.11447036,21.47985498,20.8529319,21.36636913,In
10/03/2026 21:50,21.27216267,21.11447036,21.47985498,20.8529319,21.36636913,In
10/03/2026 22:00,21.27216267,21.11447036,21.47985498,21.0529319,21.36636913,In
10/03/2026 22:10,21.27216267,21.11447036,21.47985498,20.8529319,21.48934834,In
10/03/2026 22:20,21.27216267,21.11447036,21.47985498,20.8529319,21.48934834,In
10/03/2026 22:30,21.27216267,21.11447036,21.47985498,21.0529319,21.48934834,In
10/03/2026 22:40,21.27216267,21.11447036,21.47985498,20.8529319,21.48934834,In
10/03/2026 22:50,21.27216267,21.11447036,21.37985498,20.8529319,21.48934834,In
10/03/2026 23:00,21.27216267,21.11447036,21.47985498,20.8529319,21.48934834,In
10/03/2026 23:10,21.27216267,21.11447036,21.47985498,21.0529319,21.48934834,In
10/03/2026 23:20,21.27216267,21.11447036,21.47985498,20.8529319,21.36636913,In
10/03/2026 23:30,21.27216267,21.11447036,21.37985498,20.8529319,21.48934834,In
10/03/2026 23:40,21.27216267,21.11447036,21.47985498,20.8529319,21.48934834,In
10/03/2026 23:50,21.27216267,21.11447036,21.47985498,21.0529319,21.36636913,In
11/03/2026 00:00,21.17216267,21.11447036,21.47985498,21.0529319,21.48934834,In
11/03/2026 00:10,21.27216267,21.11447036,21.47985498,20.8529319,21.48934834,In
11/03/2026 00:20,21.27216267,21.11447036,21.47985498,20.8529319,21.48934834,In
11/03/2026 00:30,21.27216267,21.11447036,21.47985498,20.8529319,21.48934834,In
11/03/2026 00:40,21.27216267,21.11447036,21.47985498,20.8529319,21.48934834,In
11/03/2026 00:50,21.27216267,21.11447036,21.47985498,20.8529319,21.48934834,In
11/03/2026 01:00,21.27216267,21.11447036,21.47985498,20.8529319,21.48934834,In
11/03/2026 01:10,21.27216267,21.11447036,21.47985498,20.8529319,21.48934834,In
11/03/2026 01:20,21.27216267,21.11447036,21.37985498,20.8529319,21.36636913,In
11/03/2026 01:30,21.27216267,21.11447036,21.47985498,20.8529319,21.48934834,In
11/03/2026 01:40,21.27216267,21.11447036,21.37985498,20.8529319,21.48934834,In
11/03/2026 01:50,21.27216267,21.11447036,21.47985498,20.8529319,21.36636913,In
11/03/2026 02:00,21.27216267,21.11447036,21.47985498,20.8529319,21.48934834,In
11/03/2026 02:10,21.27216267,21.11447036,21.47985498,20.8529319,21.48934834,In
11/03/2026 02:20,21.27216267,21.11447036,21.47985498,20.8529319,21.48934834,In
11/03/2026 02:30,21.27216267,21.11447036,21.47985498,20.8529319,21.36636913,In
11/03/2026 02:40,21.27216267,21.11447036,21.37985498,20.8529319,21.36636913,In
11/03/2026 02:50,21.27216267,21.11447036,21.47985498,20.8529319,21.36636913,In
11/03/2026 03:00,21.27216267,21.11447036,21.37985498,21.0529319,21.36636913,In
11/03/2026 03:10,21.17216267,21.11447036,21.47985498,20.8529319,21.36636913,In
11/03/2026 03:20,21.27216267,21.11447036,21.47985498,21.0529319,21.36636913,In
11/03/2026 03:30,21.27216267,20.91447036,21.47985498,20.8529319,21.36636913,In
11/03/2026 03:40,21.27216267,21.11447036,21.47985498,20.8529319,21.48934834,In
11/03/2026 03:50,21.27216267,21.11447036,21.47985498,20.8529319,21.48934834,In
11/03/2026 04:00,21.27216267,21.11447036,21.37985498,20.8529319,21.36636913,In
11/03/2026 04:10,21.27216267,21.11447036,21.47985498,20.8529319,21.48934834,In
11/03/2026 04:20,21.27216267,21.11447036,21.37985498,20.8529319,21.48934834,In
11/03/2026 04:30,21.27216267,21.11447036,21.47985498,20.8529319,21.48934834,In
11/03/2026 04:40,21.17216267,21.11447036,21.37985498,20.8529319,21.48934834,In
11/03/2026 04:50,21.27216267,21.11447036,21.47985498,20.8529319,21.36636913,In
11/03/2026 05:00,21.27216267,20.91447036,21.37985498,20.8529319,21.36636913,In
11/03/2026 05:10,21.27216267,20.91447036,21.47985498,20.8529319,21.36636913,In
11/03/2026 05:20,21.27216267,21.11447036,21.47985498,20.8529319,21.36636913,In
11/03/2026 05:30,21.17216267,21.11447036,21.47985498,20.8529319,21.48934834,In
11/03/2026 05:40,21.27216267,21.11447036,21.37985498,20.8529319,21.36636913,In
11/03/2026 05:50,21.27216267,20.91447036,21.47985498,20.8529319,21.36636913,In
11/03/2026 06:00,21.27216267,20.91447036,21.37985498,20.8529319,21.36636913,In
11/03/2026 06:10,21.27216267,20.91447036,21.37985498,20.8529319,21.48934834,In
11/03/2026 06:20,21.27216267,20.91447036,21.47985498,20.8529319,21.36636913,In
11/03/2026 06:30,21.27216267,21.11447036,21.47985498,20.8529319,21.36636913,In
11/03/2026 06:40,21.17216267,21.11447036,21.37985498,20.8529319,21.36636913,In
11/03/2026 06:50,21.27216267,21.11447036,21.37985498,20.8529319,21.36636913,In
11/03/2026 07:00,21.27216267,20.91447036,21.37985498,20.8529319,21.36636913,In
11/03/2026 07:10,21.27216267,21.11447036,21.47985498,20.8529319,21.36636913,In
11/03/2026 07:20,21.27216267,21.11447036,21.37985498,20.8529319,21.36636913,In
11/03/2026 07:30,21.27216267,21.11447036,21.37985498,20.8529319,21.48934834,In
11/03/2026 07:40,21.17216267,21.11447036,21.47985498,20.8529319,21.48934834,In
11/03/2026 07:50,21.27216267,20.91447036,21.37985498,20.8529319,21.48934834,In
11/03/2026 08:00,21.27216267,21.11447036,21.47985498,20.8529319,21.36636913,In
11/03/2026 08:10,21.27216267,21.11447036,21.37985498,20.8529319,21.36636913,In
11/03/2026 08:20,21.27216267,21.11447036,21.37985498,20.8529319,21.36636913,In
11/03/2026 08:30,21.27216267,20.91447036,21.47985498,20.8529319,21.48934834,In
11/03/2026 08:40,21.27216267,21.11447036,21.47985498,20.8529319,21.36636913,In
11/03/2026 08:50,21.27216267,21.11447036,21.47985498,20.8529319,21.36636913,In
11/03/2026 09:00,21.27216267,21.11447036,21.47985498,20.8529319,21.36636913,In
11/03/2026 09:10,21.17216267,21.11447036,21.37985498,20.8529319,21.36636913,In
11/03/2026 09:20,21.17216267,21.11447036,21.37985498,20.8529319,21.36636913,In
11/03/2026 09:30,21.27216267,21.11447036,21.37985498,20.8529319,21.36636913,In
11/03/2026 09:40,21.27216267,21.11447036,21.37985498,20.8529319,21.48934834,In
11/03/2026 09:50,21.27216267,21.11447036,21.47985498,20.8529319,21.36636913,In
11/03/2026 10:00,21.27216267,21.11447036,21.37985498,20.8529319,21.36636913,In
11/03/2026 10:10,21.17216267,21.11447036,21.37985498,20.8529319,21.48934834,In
11/03/2026 10:20,21.27216267,21.11447036,21.47985498,20.8529319,21.36636913,In
11/03/2026 10:30,21.27216267,21.11447036,21.47985498,20.8529319,21.48934834,In
11/03/2026 10:40,21.27216267,21.11447036,21.37985498,20.8529319,21.48934834,In
11/03/2026 10:50,21.27216267,21.11447036,21.47985498,20.8529319,21.48934834,In
11/03/2026 11:00,21.27216267,21.11447036,21.47985498,20.8529319,21.36636913,In
11/03/2026 11:10,21.27216267,21.11447036,21.37985498,20.8529319,21.48934834,In
11/03/2026 11:20,21.27216267,20.91447036,21.37985498,20.8529319,21.48934834,In
11/03/2026 11:30,21.17216267,20.91447036,21.37985498,20.8529319,21.36636913,In
11/03/2026 11:40,21.17216267,20.91447036,21.37985498,20.8529319,21.36636913,In
11/03/2026 11:50,21.17216267,20.91447036,21.37985498,20.8529319,21.48934834,In
11/03/2026 12:00,21.27216267,21.11447036,21.37985498,20.8529319,21.36636913,In
11/03/2026 12:10,21.27216267,20.91447036,21.37985498,20.7529319,21.36636913,In
11/03/2026 12:20,21.27216267,20.91447036,21.37985498,20.7529319,21.48934834,In
11/03/2026 12:30,21.27216267,21.11447036,21.37985498,20.8529319,21.48934834,In
11/03/2026 12:40,21.27216267,21.11447036,21.37985498,20.8529319,21.48934834,In
11/03/2026 12:50,21.17216267,20.91447036,21.37985498,20.8529319,21.48934834,In
11/03/2026 13:00,21.27216267,20.91447036,21.37985498,20.8529319,21.36636913,In
11/03/2026 13:10,21.27216267,21.11447036,21.37985498,20.8529319,21.36636913,In
11/03/2026 13:20,21.17216267,20.91447036,21.37985498,20.8529319,21.36636913,In
11/03/2026 13:30,21.17216267,20.91447036,21.37985498,20.8529319,21.48934834,In
11/03/2026 13:40,21.17216267,20.91447036,21.47985498,20.7529319,21.36636913,In
11/03/2026 13:50,21.17216267,20.91447036,21.37985498,20.8529319,21.36636913,In
11/03/2026 14:00,21.27216267,21.11447036,21.37985498,20.8529319,21.36636913,In
11/03/2026 14:10,21.27216267,20.91447036,21.37985498,20.8529319,21.36636913,In
11/03/2026 14:20,21.17216267,20.91447036,21.47985498,20.8529319,21.36636913,In
11/03/2026 14:30,21.27216267,21.11447036,21.37985498,20.8529319,21.36636913,In
11/03/2026 14:40,21.17216267,21.11447036,21.37985498,20.8529319,21.36636913,In
11/03/2026 14:50,21.27216267,21.11447036,21.47985498,20.7529319,21.48934834,In
11/03/2026 15:00,21.17216267,21.11447036,21.37985498,20.8529319,21.48934834,In
11/03/2026 15:10,21.27216267,21.11447036,21.37985498,20.8529319,21.48934834,In
11/03/2026 15:20,21.17216267,21.11447036,21.37985498,20.8529319,21.36636913,In
11/03/2026 15:30,21.17216267,21.11447036,21.37985498,20.8529319,21.36636913,In
11/03/2026 15:40,21.27216267,21.11447036,21.47985498,20.7529319,21.48934834,In
11/03/2026 15:50,21.27216267,21.11447036,21.37985498,20.8529319,21.36636913,In
11/03/2026 16:00,21.27216267,21.11447036,21.37985498,20.8529319,21.48934834,In
11/03/2026 16:10,21.17216267,20.91447036,21.47985498,20.8529319,21.36636913,In
11/03/2026 16:20,21.27216267,21.11447036,21.37985498,20.8529319,21.36636913,In
11/03/2026 16:30,21.17216267,21.11447036,21.47985498,20.8529319,21.48934834,In
11/03/2026 16:40,21.27216267,20.91447036,21.37985498,20.8529319,21.48934834,In
11/03/2026 16:50,21.27216267,21.11447036,21.37985498,20.8529319,21.36636913,In
11/03/2026 17:00,21.27216267,21.11447036,21.37985498,20.8529319,21.36636913,In
11/03/2026 17:10,21.27216267,21.11447036,21.47985498,20.8529319,21.36636913,In
11/03/2026 17:20,21.27216267,20.91447036,21.47985498,20.8529319,21.48934834,In
11/03/2026 17:30,21.27216267,20.91447036,21.37985498,20.8529319,21.48934834,In
11/03/2026 17:40,21.27216267,21.11447036,21.47985498,20.8529319,21.48934834,In
11/03/2026 17:50,21.17216267,21.11447036,21.47985498,20.8529319,21.36636913,In
11/03/2026 18:00,21.17216267,21.11447036,21.47985498,20.8529319,21.48934834,In
11/03/2026 18:10,21.27216267,21.11447036,21.37985498,20.8529319,21.36636913,In
11/03/2026 18:20,21.27216267,21.11447036,21.37985498,20.8529319,21.36636913,In
11/03/2026 18:30,21.27216267,20.91447036,21.37985498,20.8529319,21.48934834,In
11/03/2026 18:40,21.27216267,21.11447036,21.37985498,20.8529319,21.36636913,In
11/03/2026 18:50,21.27216267,21.11447036,21.47985498,20.8529319,21.36636913,In
11/03/2026 19:00,21.27216267,21.11447036,21.47985498,20.8529319,21.36636913,In
11/03/2026 19:10,21.27216267,21.11447036,21.37985498,20.8529319,21.48934834,In
11/03/2026 19:20,21.27216267,21.11447036,21.47985498,20.8529319,21.48934834,In
11/03/2026 19:30,21.27216267,21.11447036,21.37985498,20.8529319,21.36636913,In
11/03/2026 19:40,21.27216267,21.11447036,21.37985498,20.8529319,21.48934834,In
11/03/2026 19:50,21.27216267,21.11447036,21.37985498,20.8529319,21.36636913,In
11/03/2026 20:00,21.17216267,21.11447036,21.37985498,20.8529319,21.48934834,In
11/03/2026 20:10,21.27216267,21.11447036,21.37985498,20.8529319,21.36636913,In
11/03/2026 20:20,21.27216267,21.11447036,21.47985498,20.8529319,21.36636913,In
11/03/2026 20:30,21.27216267,21.11447036,21.47985498,20.8529319,21.36636913,In
11/03/2026 20:40,21.27216267,21.11447036,21.37985498,20.8529319,21.36636913,In
11/03/2026 20:50,21.17216267,21.11447036,21.37985498,20.8529319,21.48934834,In
11/03/2026 21:00,21.27216267,21.11447036,21.47985498,20.8529319,21.48934834,In
11/03/2026 21:10,21.27216267,21.11447036,21.37985498,20.8529319,21.36636913,In
11/03/2026 21:20,21.27216267,21.11447036,21.37985498,20.8529319,21.48934834,In
11/03/2026 21:30,21.27216267,21.11447036,21.47985498,20.8529319,21.36636913,In
11/03/2026 21:40,21.27216267,21.11447036,21.47985498,20.7529319,21.36636913,In
11/03/2026 21:50,21.27216267,21.11447036,21.37985498,20.8529319,21.36636913,In
11/03/2026 22:00,21.27216267,21.11447036,21.47985498,20.8529319,21.36636913,In
11/03/2026 22:10,21.17216267,21.11447036,21.37985498,20.7529319,21.36636913,In
11/03/2026 22:20,21.27216267,21.11447036,21.37985498,20.8529319,21.36636913,In
11/03/2026 22:30,21.17216267,21.11447036,21.47985498,20.8529319,21.36636913,In
11/03/2026 22:40,21.17216267,21.11447036,21.37985498,20.8529319,21.36636913,In
11/03/2026 22:50,21.17216267,20.91447036,21.37985498,20.8529319,21.36636913,In
11/03/2026 23:00,21.17216267,21.11447036,21.37985498,20.7529319,21.36636913,In
11/03/2026 23:10,21.27216267,21.11447036,21.37985498,20.7529319,21.48934834,In
11/03/2026 23:20,21.27216267,21.11447036,21.37985498,20.8529319,21.36636913,In
11/03/2026 23:30,21.27216267,21.11447036,21.37985498,20.8529319,21.36636913,In
11/03/2026 23:40,21.27216267,21.11447036,21.47985498,20.8529319,21.36636913,In
11/03/2026 23:50,21.17216267,20.91447036,21.37985498,20.8529319,21.48934834,In
12/03/2026 00:00,21.27216267,21.11447036,21.47985498,20.8529319,21.48934834,In
12/03/2026 00:10,21.27216267,21.11447036,21.37985498,20.8529319,21.36636913,In
12/03/2026 00:20,21.27216267,21.11447036,21.47985498,20.8529319,21.36636913,In
12/03/2026 00:30,21.27216267,20.91447036,21.47985498,20.8529319,21.36636913,In
12/03/2026 00:40,21.27216267,21.11447036,21.47985498,20.8529319,21.36636913,In
12/03/2026 00:50,21.27216267,20.91447036,21.47985498,20.8529319,21.36636913,In
12/03/2026 01:00,21.27216267,20.91447036,21.47985498,20.8529319,21.36636913,In
12/03/2026 01:10,21.27216267,21.11447036,21.37985498,20.8529319,21.48934834,In
12/03/2026 01:20,21.27216267,21.11447036,21.47985498,20.8529319,21.36636913,In
12/03/2026 01:30,21.27216267,21.11447036,21.47985498,20.8529319,21.36636913,In
12/03/2026 01:40,21.27216267,21.11447036,21.47985498,20.8529319,21.36636913,In
12/03/2026 01:50,21.17216267,21.11447036,21.37985498,20.8529319,21.36636913,In
12/03/2026 02:00,21.27216267,21.11447036,21.47985498,20.8529319,21.36636913,In
12/03/2026 02:10,21.17216267,21.11447036,21.47985498,20.8529319,21.48934834,In
12/03/2026 02:20,21.27216267,20.91447036,21.37985498,20.8529319,21.36636913,In
12/03/2026 02:30,21.27216267,21.11447036,21.47985498,20.8529319,21.36636913,In
12/03/2026 02:40,21.27216267,21.11447036,21.37985498,21.0529319,21.36636913,In
12/03/2026 02:50,21.17216267,21.11447036,21.47985498,20.8529319,21.36636913,In
12/03/2026 03:00,21.27216267,21.11447036,21.37985498,20.8529319,21.36636913,In
12/03/2026 03:10,21.27216267,21.11447036,21.37985498,20.8529319,21.36636913,In
12/03/2026 03:20,21.27216267,21.11447036,21.47985498,20.8529319,21.48934834,In
12/03/2026 03:30,21.27216267,21.11447036,21.37985498,20.8529319,21.36636913,In
12/03/2026 03:40,21.27216267,20.91447036,21.37985498,20.8529319,21.36636913,In
12/03/2026 03:50,21.17216267,20.91447036,21.47985498,20.8529319,21.36636913,In
12/03/2026 04:00,21.17216267,21.11447036,21.47985498,20.7529319,21.48934834,In
12/03/2026 04:10,21.17216267,20.91447036,21.37985498,20.8529319,21.36636913,In
12/03/2026 04:20,21.27216267,20.91447036,21.37985498,20.8529319,21.36636913,In
12/03/2026 04:30,21.17216267,21.11447036,21.47985498,20.8529319,21.36636913,In
12/03/2026 04:40,21.17216267,21.11447036,21.47985498,20.7529319,21.36636913,In
12/03/2026 04:50,21.17216267,20.91447036,21.37985498,20.8529319,21.36636913,In
12/03/2026 05:00,21.27216267,20.91447036,21.47985498,20.8529319,21.36636913,In
12/03/2026 05:10,21.27216267,20.91447036,21.47985498,20.8529319,21.36636913,In
12/03/2026 05:20,21.17216267,20.91447036,21.37985498,20.8529319,21.36636913,In
12/03/2026 05:30,21.27216267,21.11447036,21.37985498,20.8529319,21.48934834,In
12/03/2026 05:40,21.17216267,21.11447036,21.47985498,20.8529319,21.36636913,In
12/03/2026 05:50,21.17216267,21.11447036,21.37985498,20.8529319,21.36636913,In
12/03/2026 06:00,21.17216267,20.91447036,21.37985498,20.8529319,21.36636913,In
12/03/2026 06:10,21.27216267,20.91447036,21.37985498,20.8529319,21.36636913,In
12/03/2026 06:20,21.17216267,21.11447036,21.37985498,20.8529319,21.36636913,In
12/03/2026 06:30,21.27216267,21.11447036,21.37985498,20.8529319,21.36636913,In
12/03/2026 06:40,21.17216267,20.91447036,21.37985498,20.8529319,21.36636913,In
12/03/2026 06:50,21.27216267,20.91447036,21.37985498,20.8529319,21.48934834,In
12/03/2026 07:00,21.17216267,20.91447036,21.47985498,20.8529319,21.48934834,In
12/03/2026 07:10,21.17216267,20.91447036,21.47985498,20.8529319,21.36636913,In
12/03/2026 07:20,21.17216267,20.91447036,21.37985498,20.8529319,21.36636913,In
12/03/2026 07:30,21.27216267,20.91447036,21.37985498,20.8529319,21.36636913,In
12/03/2026 07:40,21.27216267,20.91447036,21.47985498,20.8529319,21.36636913,In
12/03/2026 07:50,21.27216267,20.91447036,21.37985498,20.7529319,21.36636913,In
12/03/2026 08:00,21.17216267,20.91447036,21.37985498,20.8529319,21.36636913,In
12/03/2026 08:10,21.17216267,21.11447036,21.37985498,20.7529319,21.36636913,In
12/03/2026 08:20,21.17216267,20.91447036,21.37985498,20.8529319,21.36636913,In
12/03/2026 08:30,21.17216267,20.91447036,21.37985498,20.8529319,21.36636913,In
12/03/2026 08:40,21.17216267,20.91447036,21.37985498,20.8529319,21.36636913,In
12/03/2026 08:50,21.17216267,20.91447036,21.37985498,20.8529319,21.36636913,In
12/03/2026 09:00,21.17216267,20.91447036,21.37985498,20.8529319,21.36636913,In
12/03/2026 09:10,21.17216267,21.11447036,21.37985498,20.8529319,21.36636913,In
12/03/2026 09:20,21.27216267,21.11447036,21.37985498,20.8529319,21.36636913,In
12/03/2026 09:30,21.17216267,21.11447036,21.37985498,20.8529319,21.36636913,In
12/03/2026 09:40,21.17216267,20.91447036,21.37985498,20.7529319,21.36636913,In
12/03/2026 09:50,21.27216267,20.91447036,21.37985498,20.8529319,21.36636913,In
12/03/2026 10:00,21.27216267,21.11447036,21.37985498,20.8529319,21.36636913,In
12/03/2026 10:10,21.17216267,20.91447036,21.37985498,20.8529319,21.36636913,In
12/03/2026 10:20,21.17216267,20.91447036,21.47985498,20.8529319,21.36636913,In
12/03/2026 10:30,21.17216267,20.91447036,21.37985498,20.8529319,21.36636913,In
12/03/2026 10:40,21.27216267,20.91447036,21.37985498,20.7529319,21.36636913,In
12/03/2026 10:50,21.17216267,21.11447036,21.37985498,20.8529319,21.36636913,In
12/03/2026 11:00,21.17216267,20.91447036,21.37985498,20.8529319,21.48934834,In
12/03/2026 11:10,21.17216267,20.91447036,21.37985498,20.8529319,21.36636913,In
12/03/2026 11:20,21.17216267,20.91447036,21.37985498,20.8529319,21.48934834,In
12/03/2026 11:30,21.17216267,20.91447036,21.37985498,20.8529319,21.36636913,In
12/03/2026 11:40,21.27216267,20.91447036,21.37985498,20.8529319,21.36636913,In
12/03/2026 11:50,21.17216267,20.91447036,21.37985498,20.8529319,21.36636913,In
12/03/2026 12:00,21.27216267,20.91447036,21.37985498,21.0529319,21.48934834,In
12/03/2026 12:10,21.27216267,20.91447036,21.47985498,20.8529319,21.36636913,In
12/03/2026 12:20,21.27216267,21.11447036,21.37985498,20.7529319,21.48934834,In
12/03/2026 12:30,21.17216267,21.11447036,21.37985498,20.8529319,21.36636913,In
12/03/2026 12:40,21.17216267,20.91447036,21.37985498,20.8529319,21.36636913,In
12/03/2026 12:50,21.17216267,20.91447036,21.37985498,20.8529319,21.48934834,In
12/03/2026 13:00,21.17216267,21.11447036,21.47985498,20.8529319,21.36636913,In
12/03/2026 13:10,21.27216267,21.11447036,21.47985498,20.7529319,21.36636913,In
12/03/2026 13:20,21.27216267,21.11447036,21.37985498,20.8529319,21.36636913,In
12/03/2026 13:30,21.27216267,20.91447036,21.47985498,20.8529319,21.36636913,In
12/03/2026 13:40,21.27216267,20.91447036,21.37985498,20.7529319,21.48934834,In
12/03/2026 13:50,21.17216267,20.91447036,21.37985498,20.8529319,21.48934834,In
12/03/2026 14:00,21.27216267,21.11447036,21.37985498,20.8529319,21.36636913,In
12/03/2026 14:10,21.17216267,21.11447036,21.37985498,20.8529319,21.48934834,In
12/03/2026 14:20,21.17216267,20.91447036,21.37985498,20.8529319,21.24338992,In
12/03/2026 14:30,21.17216267,20.91447036,21.37985498,20.7529319,21.36636913,In
12/03/2026 14:40,21.17216267,20.91447036,21.37985498,20.8529319,21.36636913,In
12/03/2026 14:50,21.17216267,20.91447036,21.37985498,20.8529319,21.36636913,In
12/03/2026 15:00,21.17216267,21.11447036,21.37985498,20.7529319,21.36636913,In
12/03/2026 15:10,21.17216267,21.11447036,21.37985498,20.8529319,21.36636913,In
12/03/2026 15:20,21.17216267,20.91447036,21.37985498,20.8529319,21.48934834,In
12/03/2026 15:30,21.17216267,20.91447036,21.37985498,20.8529319,21.36636913,In
12/03/2026 15:40,21.17216267,20.91447036,21.47985498,20.8529319,21.36636913,In
12/03/2026 15:50,21.17216267,20.91447036,21.37985498,20.8529319,21.36636913,In
12/03/2026 16:00,21.17216267,20.91447036,21.37985498,20.8529319,21.48934834,In
12/03/2026 16:10,21.17216267,20.91447036,21.37985498,20.8529319,21.36636913,In
12/03/2026 16:20,21.17216267,20.91447036,21.37985498,20.8529319,21.36636913,In
12/03/2026 16:30,21.27216267,21.11447036,21.37985498,20.8529319,21.36636913,In
12/03/2026 16:40,21.27216267,20.91447036,21.47985498,20.8529319,21.48934834,In
12/03/2026 16:50,21.17216267,21.11447036,21.37985498,20.8529319,21.36636913,In
12/03/2026 17:00,21.17216267,20.91447036,21.37985498,20.8529319,21.36636913,In
12/03/2026 17:10,21.17216267,20.91447036,21.37985498,20.8529319,21.36636913,In
12/03/2026 17:20,21.17216267,20.91447036,21.37985498,20.8529319,21.36636913,In
12/03/2026 17:30,21.27216267,21.11447036,21.37985498,20.8529319,21.36636913,In
12/03/2026 17:40,21.17216267,21.11447036,21.37985498,20.8529319,21.36636913,In
12/03/2026 17:50,21.17216267,20.91447036,21.37985498,20.8529319,21.48934834,In
12/03/2026 18:00,21.27216267,20.91447036,21.47985498,20.8529319,21.36636913,In
12/03/2026 18:10,21.17216267,21.11447036,21.37985498,20.8529319,21.36636913,In
12/03/2026 18:20,21.17216267,20.91447036,21.37985498,20.8529319,21.36636913,In
12/03/2026 18:30,21.17216267,20.91447036,21.47985498,20.7529319,21.36636913,In
12/03/2026 18:40,21.17216267,20.91447036,21.37985498,20.8529319,21.48934834,In
12/03/2026 18:50,21.17216267,21.11447036,21.37985498,20.7529319,21.36636913,In
12/03/2026 19:00,21.27216267,20.91447036,21.37985498,20.8529319,21.36636913,In
12/03/2026 19:10,21.27216267,21.11447036,21.47985498,20.8529319,21.36636913,In
12/03/2026 19:20,21.17216267,21.11447036,21.37985498,20.8529319,21.36636913,In
12/03/2026 19:30,21.27216267,21.11447036,21.47985498,20.8529319,21.36636913,In
12/03/2026 19:40,21.27216267,20.91447036,21.37985498,20.8529319,21.36636913,In
12/03/2026 19:50,21.17216267,21.11447036,21.37985498,20.8529319,21.36636913,In
12/03/2026 20:00,21.27216267,21.11447036,21.47985498,20.8529319,21.36636913,In
12/03/2026 20:10,21.27216267,21.11447036,21.47985498,20.8529319,21.36636913,In
12/03/2026 20:20,21.17216267,20.91447036,21.47985498,20.8529319,21.36636913,In
12/03/2026 20:30,21.17216267,21.11447036,21.37985498,20.8529319,21.48934834,In
12/03/2026 20:40,21.27216267,21.11447036,21.47985498,20.7529319,21.48934834,In
12/03/2026 20:50,21.27216267,21.11447036,21.37985498,20.8529319,21.48934834,In
12/03/2026 21:00,21.27216267,21.11447036,21.47985498,20.8529319,21.36636913,In
12/03/2026 21:10,21.27216267,21.11447036,21.47985498,20.8529319,21.36636913,In
12/03/2026 21:20,21.17216267,21.11447036,21.37985498,20.8529319,21.48934834,In
12/03/2026 21:30,21.27216267,20.91447036,21.37985498,20.8529319,21.36636913,In
12/03/2026 21:40,21.27216267,21.11447036,21.47985498,20.8529319,21.36636913,In
12/03/2026 21:50,21.27216267,21.11447036,21.37985498,20.8529319,21.36636913,In
12/03/2026 22:00,21.17216267,20.91447036,21.37985498,20.8529319,21.48934834,In
12/03/2026 22:10,21.27216267,21.11447036,21.37985498,20.8529319,21.36636913,In
12/03/2026 22:20,21.27216267,20.91447036,21.47985498,20.8529319,21.36636913,In
12/03/2026 22:30,21.17216267,20.91447036,21.37985498,20.8529319,21.36636913,In
12/03/2026 22:40,21.27216267,20.91447036,21.47985498,20.7529319,21.36636913,In
12/03/2026 22:50,21.17216267,20.91447036,21.37985498,20.8529319,21.36636913,In
12/03/2026 23:00,21.17216267,20.91447036,21.37985498,20.8529319,21.36636913,In
12/03/2026 23:10,21.27216267,20.91447036,21.37985498,20.8529319,21.36636913,In
12/03/2026 23:20,21.27216267,21.11447036,21.47985498,20.8529319,21.36636913,In
12/03/2026 23:30,21.27216267,21.11447036,21.37985498,20.8529319,21.36636913,In
12/03/2026 23:40,21.17216267,21.11447036,21.47985498,20.8529319,21.48934834,In
12/03/2026 23:50,21.17216267,20.91447036,21.37985498,20.8529319,21.36636913,In
13/03/2026 00:00,21.27216267,21.11447036,21.37985498,20.8529319,21.36636913,In
13/03/2026 00:10,21.17216267,21.11447036,21.37985498,20.8529319,21.36636913,In
13/03/2026 00:20,21.17216267,21.11447036,21.47985498,20.8529319,21.36636913,In
13/03/2026 00:30,21.17216267,21.11447036,21.47985498,20.8529319,21.36636913,In
13/03/2026 00:40,21.27216267,21.11447036,21.37985498,20.8529319,21.36636913,In
13/03/2026 00:50,21.27216267,20.91447036,21.47985498,20.8529319,21.48934834,In
13/03/2026 01:00,21.27216267,21.11447036,21.47985498,20.8529319,21.36636913,In
13/03/2026 01:10,21.27216267,21.11447036,21.37985498,20.8529319,21.36636913,In
13/03/2026 01:20,21.27216267,20.91447036,21.37985498,20.8529319,21.36636913,In
13/03/2026 01:30,21.27216267,21.11447036,21.47985498,20.8529319,21.36636913,In
13/03/2026 01:40,21.17216267,21.11447036,21.37985498,20.8529319,21.36636913,In
13/03/2026 01:50,21.27216267,20.91447036,21.37985498,20.8529319,21.36636913,In
13/03/2026 02:00,21.17216267,21.11447036,21.47985498,20.8529319,21.36636913,In
13/03/2026 02:10,21.27216267,21.11447036,21.37985498,20.8529319,21.36636913,In
13/03/2026 02:20,21.27216267,21.11447036,21.47985498,20.7529319,21.36636913,In
13/03/2026 02:30,21.27216267,21.11447036,21.37985498,20.8529319,21.36636913,In
13/03/2026 02:40,21.27216267,21.11447036,21.47985498,20.8529319,21.36636913,In
13/03/2026 02:50,21.27216267,20.91447036,21.47985498,20.8529319,21.36636913,In
13/03/2026 03:00,21.27216267,21.11447036,21.37985498,20.7529319,21.48934834,In
13/03/2026 03:10,21.27216267,20.91447036,21.37985498,20.8529319,21.36636913,In
13/03/2026 03:20,21.17216267,20.91447036,21.37985498,20.7529319,21.36636913,In
13/03/2026 03:30,21.27216267,20.91447036,21.37985498,20.8529319,21.36636913,In
13/03/2026 03:40,21.27216267,21.11447036,21.37985498,20.8529319,21.36636913,In
13/03/2026 03:50,21.27216267,21.11447036,21.47985498,20.8529319,21.36636913,In
13/03/2026 04:00,21.17216267,20.91447036,21.47985498,20.8529319,21.36636913,In
13/03/2026 04:10,21.27216267,21.11447036,21.37985498,20.8529319,21.36636913,In
13/03/2026 04:20,21.27216267,21.11447036,21.37985498,20.8529319,21.36636913,In
13/03/2026 04:30,21.27216267,20.91447036,21.47985498,20.8529319,21.36636913,In
13/03/2026 04:40,21.17216267,21.11447036,21.47985498,20.7529319,21.36636913,In
13/03/2026 04:50,21.27216267,21.11447036,21.47985498,20.8529319,21.36636913,In
13/03/2026 05:00,21.27216267,21.11447036,21.37985498,20.8529319,21.36636913,In
13/03/2026 05:10,21.27216267,21.11447036,21.47985498,20.8529319,21.36636913,In
13/03/2026 05:20,21.17216267,20.91447036,21.37985498,20.7529319,21.36636913,In
13/03/2026 05:30,21.27216267,21.11447036,21.47985498,20.8529319,21.36636913,In
13/03/2026 05:40,21.27216267,20.91447036,21.37985498,20.7529319,21.36636913,In
13/03/2026 05:50,21.27216267,20.91447036,21.37985498,20.8529319,21.36636913,In
13/03/2026 06:00,21.27216267,20.91447036,21.37985498,20.7529319,21.36636913,In
13/03/2026 06:10,21.27216267,20.91447036,21.37985498,20.8529319,21.36636913,In
13/03/2026 06:20,21.17216267,21.11447036,21.37985498,20.8529319,21.36636913,In
13/03/2026 06:30,21.27216267,20.91447036,21.37985498,20.7529319,21.36636913,In
13/03/2026 06:40,21.27216267,21.11447036,21.47985498,20.8529319,21.36636913,In
13/03/2026 06:50,21.17216267,21.11447036,21.47985498,20.8529319,21.36636913,In
13/03/2026 07:00,21.17216267,20.91447036,21.37985498,20.8529319,21.36636913,In
13/03/2026 07:10,21.17216267,20.91447036,21.37985498,20.8529319,21.36636913,In
13/03/2026 07:20,21.17216267,21.11447036,21.37985498,20.7529319,21.36636913,In
13/03/2026 07:30,21.17216267,20.91447036,21.37985498,20.8529319,21.36636913,In
13/03/2026 07:40,21.17216267,20.91447036,21.37985498,20.8529319,21.36636913,In
13/03/2026 07:50,21.27216267,21.11447036,21.37985498,20.8529319,21.36636913,In
13/03/2026 08:00,21.27216267,20.91447036,21.47985498,20.8529319,21.36636913,In
13/03/2026 08:10,21.17216267,21.11447036,21.37985498,20.8529319,21.36636913,In
13/03/2026 08:20,21.27216267,21.11447036,21.37985498,20.8529319,21.36636913,In
13/03/2026 08:30,21.17216267,20.91447036,21.37985498,20.8529319,21.36636913,In
13/03/2026 08:40,21.17216267,20.91447036,21.37985498,20.8529319,21.36636913,In
13/03/2026 08:50,21.27216267,21.11447036,21.37985498,20.7529319,21.36636913,In
13/03/2026 09:00,21.17216267,20.91447036,21.47985498,20.8529319,21.36636913,In
13/03/2026 09:10,21.27216267,20.91447036,21.37985498,20.8529319,21.36636913,In
13/03/2026 09:20,21.17216267,20.91447036,21.37985498,20.8529319,21.36636913,In
13/03/2026 09:30,21.27216267,20.91447036,21.37985498,20.8529319,21.36636913,In
13/03/2026 09:40,21.27216267,20.91447036,21.37985498,20.8529319,21.36636913,In
13/03/2026 09:50,21.27216267,20.91447036,21.37985498,20.8529319,21.48934834,In
13/03/2026 10:00,21.17216267,21.11447036,21.37985498,20.7529319,21.36636913,In
13/03/2026 10:10,21.27216267,21.11447036,21.47985498,20.8529319,21.36636913,In
13/03/2026 10:20,21.17216267,20.91447036,21.37985498,20.8529319,21.36636913,In
13/03/2026 10:30,21.17216267,21.11447036,21.47985498,20.7529319,21.36636913,In
13/03/2026 10:40,21.17216267,21.11447036,21.47985498,20.8529319,21.48934834,In
13/03/2026 10:50,21.27216267,20.91447036,21.47985498,20.8529319,21.36636913,In
13/03/2026 11:00,21.27216267,21.11447036,21.37985498,20.7529319,21.36636913,In
13/03/2026 11:10,21.17216267,20.91447036,21.37985498,20.8529319,21.36636913,In
13/03/2026 11:20,21.17216267,21.11447036,21.37985498,20.8529319,21.36636913,In
13/03/2026 11:30,21.17216267,20.91447036,21.37985498,20.8529319,21.36636913,In
13/03/2026 11:40,21.27216267,21.11447036,21.37985498,20.8529319,21.36636913,In
13/03/2026 11:50,21.17216267,20.91447036,21.37985498,20.8529319,21.36636913,In
13/03/2026 12:00,21.17216267,20.91447036,21.47985498,20.8529319,21.36636913,In
13/03/2026 12:10,21.17216267,20.91447036,21.37985498,20.8529319,21.36636913,In
13/03/2026 12:20,21.17216267,20.91447036,21.37985498,20.8529319,21.36636913,In
13/03/2026 12:30,21.17216267,20.91447036,21.37985498,20.7529319,21.36636913,In
13/03/2026 12:40,21.17216267,20.81447036,21.37985498,20.8529319,21.36636913,In
13/03/2026 12:50,21.17216267,20.81447036,21.37985498,20.7529319,21.36636913,In
13/03/2026 13:00,21.07216267,20.91447036,21.37985498,20.7529319,21.36636913,In
13/03/2026 13:10,21.17216267,20.91447036,21.37985498,20.7529319,21.36636913,In
13/03/2026 13:20,21.17216267,20.91447036,21.37985498,20.7529319,21.36636913,In
13/03/2026 13:30,21.07216267,20.81447036,21.37985498,20.8529319,21.36636913,In
13/03/2026 13:40,21.17216267,20.81447036,21.37985498,20.8529319,21.36636913,In
13/03/2026 13:50,21.07216267,20.81447036,21.27985498,20.7529319,21.36636913,In
13/03/2026 14:00,21.17216267,20.81447036,21.27985498,20.8529319,21.36636913,In
13/03/2026 14:10,21.07216267,20.91447036,21.37985498,20.7529319,21.36636913,In
13/03/2026 14:20,21.07216267,20.81447036,21.37985498,20.7529319,21.36636913,In
13/03/2026 14:30,21.07216267,20.81447036,21.27985498,20.8529319,21.36636913,In
13/03/2026 14:40,21.07216267,20.81447036,21.37985498,20.7529319,21.36636913,In
13/03/2026 14:50,21.07216267,20.81447036,21.27985498,20.7529319,21.36636913,In
13/03/2026 15:00,21.07216267,20.81447036,21.27985498,20.7529319,21.36636913,In
13/03/2026 15:10,21.17216267,20.81447036,21.37985498,20.8529319,21.36636913,In
13/03/2026 15:20,21.07216267,20.81447036,21.37985498,20.8529319,21.36636913,In
13/03/2026 15:30,21.07216267,20.81447036,21.37985498,20.8529319,21.24338992,In
13/03/2026 15:40,21.07216267,20.81447036,21.37985498,20.7529319,21.36636913,In
13/03/2026 15:50,21.07216267,20.91447036,21.37985498,20.8529319,21.36636913,In
13/03/2026 16:00,21.07216267,20.91447036,21.37985498,20.7529319,21.36636913,In
13/03/2026 16:10,21.07216267,20.91447036,21.37985498,20.7529319,21.36636913,In
13/03/2026 16:20,21.17216267,20.91447036,21.37985498,20.8529319,21.36636913,In
13/03/2026 16:30,21.17216267,20.81447036,21.37985498,20.8529319,21.36636913,In
13/03/2026 16:40,21.17216267,20.81447036,21.37985498,20.8529319,21.36636913,In
13/03/2026 16:50,21.17216267,20.91447036,21.37985498,20.8529319,21.36636913,In
13/03/2026 17:00,21.17216267,20.91447036,21.37985498,20.8529319,21.36636913,In
13/03/2026 17:10,21.17216267,20.91447036,21.27985498,20.8529319,21.36636913,In
13/03/2026 17:20,21.17216267,20.91447036,21.37985498,20.8529319,21.36636913,In
13/03/2026 17:30,21.17216267,20.91447036,21.37985498,20.7529319,21.36636913,In
13/03/2026 17:40,21.17216267,20.91447036,21.47985498,20.7529319,21.36636913,In
13/03/2026 17:50,21.17216267,20.91447036,21.37985498,20.7529319,21.36636913,In
13/03/2026 18:00,21.17216267,21.11447036,21.37985498,20.8529319,21.36636913,In
13/03/2026 18:10,21.17216267,20.91447036,21.37985498,20.8529319,21.36636913,In
13/03/2026 18:20,21.17216267,20.91447036,21.37985498,20.8529319,21.36636913,In
13/03/2026 18:30,21.17216267,20.91447036,21.37985498,20.8529319,21.36636913,In
13/03/2026 18:40,21.17216267,20.91447036,21.37985498,20.8529319,21.36636913,In
13/03/2026 18:50,21.17216267,20.91447036,21.37985498,20.7529319,21.36636913,In
13/03/2026 19:00,21.17216267,20.91447036,21.37985498,20.8529319,21.48934834,In
13/03/2026 19:10,21.17216267,20.91447036,21.37985498,20.8529319,21.36636913,In
13/03/2026 19:20,21.17216267,20.91447036,21.37985498,20.8529319,21.36636913,In
13/03/2026 19:30,21.27216267,20.91447036,21.37985498,20.8529319,21.36636913,In
13/03/2026 19:40,21.17216267,21.11447036,21.37985498,20.8529319,21.36636913,In
13/03/2026 19:50,21.17216267,20.91447036,21.37985498,20.8529319,21.36636913,In
13/03/2026 20:00,21.17216267,20.91447036,21.37985498,20.7529319,21.36636913,In
13/03/2026 20:10,21.17216267,20.91447036,21.37985498,20.8529319,21.36636913,In
13/03/2026 20:20,21.17216267,20.91447036,21.37985498,20.8529319,21.36636913,In
13/03/2026 20:30,21.17216267,20.91447036,21.37985498,20.7529319,21.36636913,In
13/03/2026 20:40,21.17216267,20.91447036,21.37985498,20.8529319,21.36636913,In
13/03/2026 20:50,21.17216267,20.91447036,21.37985498,20.8529319,21.36636913,In
13/03/2026 21:00,21.17216267,20.91447036,21.47985498,20.8529319,21.36636913,In
13/03/2026 21:10,21.17216267,20.91447036,21.37985498,20.8529319,21.36636913,In
13/03/2026 21:20,21.17216267,20.91447036,21.37985498,20.8529319,21.36636913,In
13/03/2026 21:30,21.17216267,21.11447036,21.47985498,20.8529319,21.36636913,In
13/03/2026 21:40,21.27216267,20.91447036,21.37985498,20.8529319,21.36636913,In
13/03/2026 21:50,21.27216267,20.91447036,21.37985498,20.8529319,21.36636913,In
13/03/2026 22:00,21.17216267,20.91447036,21.37985498,20.8529319,21.48934834,In
13/03/2026 22:10,21.27216267,20.91447036,21.37985498,20.7529319,21.36636913,In
13/03/2026 22:20,21.27216267,21.11447036,21.47985498,20.8529319,21.36636913,In
13/03/2026 22:30,21.27216267,20.91447036,21.47985498,20.8529319,21.36636913,In
13/03/2026 22:40,21.17216267,21.11447036,21.37985498,20.8529319,21.36636913,In
13/03/2026 22:50,21.17216267,20.91447036,21.37985498,20.8529319,21.48934834,In
13/03/2026 23:00,21.27216267,21.11447036,21.37985498,20.8529319,21.36636913,In
13/03/2026 23:10,21.17216267,20.91447036,21.37985498,20.8529319,21.36636913,In
13/03/2026 23:20,21.17216267,21.11447036,21.37985498,20.8529319,21.36636913,In
13/03/2026 23:30,21.27216267,20.91447036,21.37985498,20.8529319,21.36636913,In
13/03/2026 23:40,21.17216267,20.91447036,21.47985498,20.8529319,21.36636913,In
13/03/2026 23:50,21.27216267,20.91447036,21.47985498,20.7529319,21.36636913,In
14/03/2026 00:00,21.17216267,21.11447036,21.37985498,20.8529319,21.36636913,In
14/03/2026 00:10,21.17216267,20.91447036,21.37985498,20.8529319,21.36636913,In
14/03/2026 00:20,21.27216267,21.11447036,21.47985498,20.8529319,21.36636913,In
14/03/2026 00:30,21.27216267,21.11447036,21.47985498,20.8529319,21.36636913,In
14/03/2026 00:40,21.27216267,21.11447036,21.37985498,20.8529319,21.48934834,In
14/03/2026 00:50,21.17216267,20.91447036,21.37985498,20.8529319,21.36636913,In
14/03/2026 01:00,21.17216267,20.91447036,21.37985498,20.7529319,21.36636913,In
14/03/2026 01:10,21.17216267,21.11447036,21.37985498,20.8529319,21.36636913,In
14/03/2026 01:20,21.27216267,20.91447036,21.37985498,20.8529319,21.36636913,In
14/03/2026 01:30,21.27216267,21.11447036,21.37985498,20.8529319,21.48934834,In
14/03/2026 01:40,21.27216267,21.11447036,21.37985498,20.7529319,21.36636913,In
14/03/2026 01:50,21.27216267,21.11447036,21.37985498,20.8529319,21.36636913,In
14/03/2026 02:00,21.27216267,21.11447036,21.37985498,20.8529319,21.36636913,In
14/03/2026 02:10,21.27216267,21.11447036,21.37985498,20.8529319,21.36636913,In
14/03/2026 02:20,21.17216267,20.91447036,21.47985498,20.8529319,21.36636913,In
14/03/2026 02:30,21.27216267,20.91447036,21.37985498,20.8529319,21.36636913,In
14/03/2026 02:40,21.27216267,21.11447036,21.47985498,20.8529319,21.36636913,In
14/03/2026 02:50,21.27216267,20.91447036,21.37985498,20.8529319,21.36636913,In
14/03/2026 03:00,21.27216267,21.11447036,21.37985498,20.7529319,21.36636913,In
14/03/2026 03:10,21.27216267,21.11447036,21.37985498,20.8529319,21.36636913,In
14/03/2026 03:20,21.17216267,20.91447036,21.37985498,20.8529319,21.36636913,In
14/03/2026 03:30,21.27216267,21.11447036,21.37985498,20.8529319,21.36636913,In
14/03/2026 03:40,21.27216267,21.11447036,21.37985498,20.8529319,21.36636913,In
14/03/2026 03:50,21.17216267,21.11447036,21.37985498,20.8529319,21.36636913,In
14/03/2026 04:00,21.27216267,21.11447036,21.37985498,20.8529319,21.36636913,In
14/03/2026 04:10,21.17216267,21.11447036,21.37985498,20.8529319,21.36636913,In
14/03/2026 04:20,21.17216267,21.11447036,21.37985498,20.7529319,21.36636913,In
14/03/2026 04:30,21.27216267,20.91447036,21.37985498,20.7529319,21.48934834,In
14/03/2026 04:40,21.17216267,21.11447036,21.47985498,20.8529319,21.36636913,In
14/03/2026 04:50,21.17216267,21.11447036,21.37985498,20.8529319,21.36636913,In
14/03/2026 05:00,21.27216267,20.91447036,21.37985498,20.8529319,21.36636913,In
14/03/2026 05:10,21.27216267,21.11447036,21.37985498,20.8529319,21.36636913,In
14/03/2026 05:20,21.27216267,21.11447036,21.37985498,20.8529319,21.36636913,In
14/03/2026 05:30,21.27216267,20.91447036,21.47985498,20.7529319,21.36636913,In
14/03/2026 05:40,21.27216267,20.91447036,21.47985498,20.8529319,21.36636913,In
14/03/2026 05:50,21.17216267,20.91447036,21.47985498,20.8529319,21.36636913,In
14/03/2026 06:00,21.27216267,21.11447036,21.37985498,20.8529319,21.36636913,In
14/03/2026 06:10,21.17216267,20.91447036,21.37985498,20.8529319,21.36636913,In
14/03/2026 06:20,21.27216267,20.91447036,21.47985498,20.8529319,21.36636913,In
14/03/2026 06:30,21.17216267,21.11447036,21.47985498,20.8529319,21.36636913,In
14/03/2026 06:40,21.17216267,20.91447036,21.37985498,20.8529319,21.36636913,In
14/03/2026 06:50,21.27216267,20.91447036,21.37985498,20.8529319,21.36636913,In
14/03/2026 07:00,21.27216267,21.11447036,21.37985498,20.8529319,21.36636913,In
14/03/2026 07:10,21.17216267,20.91447036,21.37985498,20.8529319,21.36636913,In
14/03/2026 07:20,21.27216267,20.91447036,21.37985498,20.8529319,21.36636913,In
14/03/2026 07:30,21.17216267,21.11447036,21.37985498,20.8529319,21.36636913,In
14/03/2026 07:40,21.27216267,21.11447036,21.37985498,20.8529319,21.36636913,In
14/03/2026 07:50,21.27216267,20.91447036,21.47985498,20.8529319,21.36636913,In
14/03/2026 08:00,21.27216267,21.11447036,21.47985498,20.8529319,21.36636913,In
14/03/2026 08:10,21.17216267,21.11447036,21.37985498,20.8529319,21.36636913,In
14/03/2026 08:20,21.27216267,21.11447036,21.37985498,20.8529319,21.36636913,In
14/03/2026 08:30,21.27216267,21.11447036,21.37985498,20.8529319,21.36636913,In
14/03/2026 08:40,21.17216267,20.91447036,21.37985498,20.8529319,21.36636913,In
14/03/2026 08:50,21.27216267,21.11447036,21.37985498,20.7529319,21.36636913,In
14/03/2026 09:00,21.27216267,20.91447036,21.47985498,20.8529319,21.36636913,In
14/03/2026 09:10,21.27216267,20.91447036,21.47985498,20.8529319,21.36636913,In
14/03/2026 09:20,21.27216267,21.11447036,21.37985498,20.8529319,21.36636913,In
14/03/2026 09:30,21.17216267,20.91447036,21.37985498,20.8529319,21.36636913,In
14/03/2026 09:40,21.27216267,20.91447036,21.37985498,20.8529319,21.36636913,In
14/03/2026 09:50,21.17216267,20.91447036,21.37985498,20.8529319,21.36636913,In
14/03/2026 10:00,21.17216267,21.11447036,21.37985498,20.8529319,21.36636913,In
14/03/2026 10:10,21.17216267,21.11447036,21.37985498,20.8529319,21.36636913,In
14/03/2026 10:20,21.17216267,21.11447036,21.47985498,20.8529319,21.36636913,In
14/03/2026 10:30,21.27216267,21.11447036,21.37985498,20.7529319,21.36636913,In
14/03/2026 10:40,21.17216267,20.91447036,21.47985498,20.8529319,21.36636913,In
14/03/2026 10:50,21.27216267,21.11447036,21.37985498,20.7529319,21.36636913,In
14/03/2026 11:00,21.27216267,20.91447036,21.37985498,20.8529319,21.36636913,In
14/03/2026 11:10,21.17216267,21.11447036,21.37985498,20.8529319,21.36636913,In
14/03/2026 11:20,21.27216267,21.11447036,21.37985498,20.8529319,21.36636913,In
14/03/2026 11:30,21.17216267,20.91447036,21.47985498,20.7529319,21.36636913,In
14/03/2026 11:40,21.27216267,21.11447036,21.37985498,20.8529319,21.36636913,In
14/03/2026 11:50,21.27216267,21.11447036,21.47985498,20.8529319,21.36636913,In
14/03/2026 12:00,21.27216267,21.11447036,21.37985498,20.8529319,21.36636913,In
14/03/2026 12:10,21.17216267,20.91447036,21.37985498,20.7529319,21.36636913,In
14/03/2026 12:20,21.17216267,20.91447036,21.37985498,20.8529319,21.36636913,In
14/03/2026 12:30,21.17216267,20.91447036,21.47985498,20.8529319,21.48934834,In
14/03/2026 12:40,21.17216267,21.11447036,21.37985498,20.8529319,21.36636913,In
14/03/2026 12:50,21.17216267,20.91447036,21.37985498,20.7529319,21.48934834,In
14/03/2026 13:00,21.17216267,21.11447036,21.47985498,20.8529319,21.36636913,In
14/03/2026 13:10,21.27216267,20.91447036,21.47985498,20.8529319,21.36636913,In
14/03/2026 13:20,21.27216267,21.11447036,21.37985498,20.8529319,21.36636913,In
14/03/2026 13:30,21.27216267,20.91447036,21.47985498,20.8529319,21.36636913,In
14/03/2026 13:40,21.27216267,21.11447036,21.47985498,20.8529319,21.36636913,In
14/03/2026 13:50,21.17216267,20.91447036,21.37985498,20.7529319,21.36636913,In
14/03/2026 14:00,21.17216267,21.11447036,21.47985498,20.8529319,21.36636913,In
14/03/2026 14:10,21.27216267,21.11447036,21.47985498,20.8529319,21.36636913,In
14/03/2026 14:20,21.17216267,21.11447036,21.37985498,20.8529319,21.36636913,In
14/03/2026 14:30,21.17216267,20.91447036,21.37985498,20.8529319,21.36636913,In
14/03/2026 14:40,21.17216267,21.11447036,21.37985498,20.8529319,21.36636913,In
14/03/2026 14:50,21.17216267,20.91447036,21.47985498,20.8529319,21.36636913,In
14/03/2026 15:00,21.17216267,20.91447036,21.37985498,20.8529319,21.36636913,In
14/03/2026 15:10,21.27216267,21.11447036,21.47985498,20.8529319,21.36636913,In
14/03/2026 15:20,21.27216267,21.11447036,21.37985498,20.8529319,21.36636913,In
14/03/2026 15:30,21.27216267,20.91447036,21.37985498,20.7529319,21.48934834,In
14/03/2026 15:40,21.27216267,20.91447036,21.47985498,20.8529319,21.36636913,In
14/03/2026 15:50,21.17216267,20.91447036,21.37985498,20.7529319,21.36636913,In
14/03/2026 16:00,21.27216267,20.91447036,21.47985498,20.8529319,21.36636913,In
14/03/2026 16:10,21.27216267,20.91447036,21.47985498,20.8529319,21.36636913,In
14/03/2026 16:20,21.17216267,21.11447036,21.37985498,20.8529319,21.36636913,In
14/03/2026 16:30,21.17216267,21.11447036,21.37985498,20.8529319,21.36636913,In
14/03/2026 16:40,21.27216267,21.11447036,21.37985498,20.8529319,21.36636913,In
14/03/2026 16:50,21.17216267,21.11447036,21.37985498,20.8529319,21.36636913,In
14/03/2026 17:00,21.17216267,21.11447036,21.37985498,20.7529319,21.36636913,In
14/03/2026 17:10,21.17216267,20.91447036,21.47985498,20.8529319,21.36636913,In
14/03/2026 17:20,21.17216267,21.11447036,21.47985498,20.8529319,21.36636913,In
14/03/2026 17:30,21.27216267,20.91447036,21.37985498,20.7529319,21.36636913,In
14/03/2026 17:40,21.17216267,21.11447036,21.37985498,20.8529319,21.36636913,In
14/03/2026 17:50,21.17216267,20.91447036,21.37985498,20.7529319,21.36636913,In
14/03/2026 18:00,21.27216267,21.11447036,21.37985498,20.8529319,21.36636913,In
14/03/2026 18:10,21.17216267,20.91447036,21.37985498,20.8529319,21.36636913,In
14/03/2026 18:20,21.17216267,21.11447036,21.47985498,20.7529319,21.36636913,In
14/03/2026 18:30,21.17216267,20.91447036,21.37985498,20.7529319,21.36636913,In
14/03/2026 18:40,21.17216267,21.11447036,21.37985498,20.8529319,21.36636913,In
14/03/2026 18:50,21.27216267,21.11447036,21.37985498,20.7529319,21.36636913,In
14/03/2026 19:00,21.17216267,21.11447036,21.37985498,20.7529319,21.36636913,In
14/03/2026 19:10,21.17216267,21.11447036,21.37985498,20.8529319,21.36636913,In
14/03/2026 19:20,21.27216267,21.11447036,21.37985498,20.8529319,21.36636913,In
14/03/2026 19:30,21.17216267,21.11447036,21.47985498,20.8529319,21.36636913,In
14/03/2026 19:40,21.27216267,21.11447036,21.37985498,20.7529319,21.36636913,In
14/03/2026 19:50,21.17216267,20.91447036,21.37985498,20.8529319,21.36636913,In
14/03/2026 20:00,21.27216267,21.11447036,21.37985498,20.8529319,21.36636913,In
14/03/2026 20:10,21.17216267,20.91447036,21.37985498,20.8529319,21.36636913,In
14/03/2026 20:20,21.27216267,20.91447036,21.37985498,20.8529319,21.36636913,In
14/03/2026 20:30,21.27216267,20.91447036,21.47985498,20.8529319,21.36636913,In
14/03/2026 20:40,21.27216267,21.11447036,21.47985498,20.8529319,21.36636913,In
14/03/2026 20:50,21.17216267,21.11447036,21.47985498,20.8529319,21.36636913,In
14/03/2026 21:00,21.27216267,21.11447036,21.37985498,20.8529319,21.48934834,In
14/03/2026 21:10,21.17216267,20.91447036,21.37985498,20.7529319,21.36636913,In
14/03/2026 21:20,21.27216267,21.11447036,21.37985498,20.7529319,21.36636913,In
14/03/2026 21:30,21.17216267,21.11447036,21.47985498,20.8529319,21.36636913,In
14/03/2026 21:40,21.17216267,21.11447036,21.37985498,20.8529319,21.48934834,In
14/03/2026 21:50,21.27216267,20.91447036,21.47985498,20.8529319,21.36636913,In
14/03/2026 22:00,21.17216267,20.91447036,21.37985498,20.8529319,21.36636913,In
14/03/2026 22:10,21.17216267,20.91447036,21.37985498,20.8529319,21.36636913,In
14/03/2026 22:20,21.27216267,21.11447036,21.47985498,20.8529319,21.36636913,In
14/03/2026 22:30,21.27216267,20.91447036,21.37985498,20.7529319,21.36636913,In
14/03/2026 22:40,21.27216267,21.11447036,21.37985498,20.7529319,21.36636913,In
14/03/2026 22:50,21.17216267,21.11447036,21.37985498,20.8529319,21.36636913,In
14/03/2026 23:00,21.17216267,21.11447036,21.37985498,20.8529319,21.36636913,In
14/03/2026 23:10,21.17216267,20.91447036,21.37985498,20.8529319,21.36636913,In
14/03/2026 23:20,21.27216267,21.11447036,21.47985498,20.8529319,21.36636913,In
14/03/2026 23:30,21.17216267,20.91447036,21.37985498,20.8529319,21.36636913,In
14/03/2026 23:40,21.27216267,21.11447036,21.37985498,20.7529319,21.36636913,In
14/03/2026 23:50,21.17216267,21.11447036,21.37985498,20.8529319,21.36636913,In
15/03/2026 00:00,21.27216267,21.11447036,21.37985498,20.7529319,21.36636913,In
15/03/2026 00:10,21.17216267,20.91447036,21.37985498,20.8529319,21.36636913,In
15/03/2026 00:20,21.17216267,21.11447036,21.47985498,20.8529319,21.36636913,In
15/03/2026 00:30,21.17216267,20.91447036,21.37985498,20.8529319,21.36636913,In
15/03/2026 00:40,21.17216267,20.91447036,21.37985498,20.8529319,21.36636913,In
15/03/2026 00:50,21.17216267,20.91447036,21.47985498,20.8529319,21.48934834,In
15/03/2026 01:00,21.27216267,20.91447036,21.37985498,20.8529319,21.36636913,In
15/03/2026 01:10,21.17216267,20.91447036,21.47985498,20.7529319,21.36636913,In
15/03/2026 01:20,21.27216267,20.91447036,21.47985498,20.8529319,21.36636913,In
15/03/2026 01:30,21.27216267,20.91447036,21.37985498,20.7529319,21.36636913,In
15/03/2026 01:40,21.17216267,20.91447036,21.37985498,20.8529319,21.36636913,In
15/03/2026 01:50,21.27216267,21.11447036,21.37985498,20.8529319,21.36636913,In
15/03/2026 02:00,21.17216267,20.91447036,21.37985498,20.8529319,21.36636913,In
15/03/2026 02:10,21.27216267,21.11447036,21.37985498,20.8529319,21.36636913,In
15/03/2026 02:20,21.27216267,21.11447036,21.37985498,20.8529319,21.36636913,In
15/03/2026 02:30,21.17216267,20.91447036,21.37985498,20.8529319,21.36636913,In
15/03/2026 02:40,21.17216267,21.11447036,21.37985498,20.8529319,21.48934834,In
15/03/2026 02:50,21.27216267,20.91447036,21.47985498,20.8529319,21.36636913,In
15/03/2026 03:00,21.27216267,21.11447036,21.47985498,20.8529319,21.48934834,In
15/03/2026 03:10,21.27216267,20.91447036,21.37985498,20.8529319,21.36636913,In
15/03/2026 03:20,21.17216267,21.11447036,21.37985498,20.8529319,21.36636913,In
15/03/2026 03:30,21.27216267,20.91447036,21.37985498,20.8529319,21.36636913,In
15/03/2026 03:40,21.27216267,20.91447036,21.47985498,20.7529319,21.36636913,In
15/03/2026 03:50,21.27216267,20.91447036,21.37985498,20.8529319,21.36636913,In
15/03/2026 04:00,21.17216267,21.11447036,21.47985498,20.8529319,21.36636913,In
15/03/2026 04:10,21.27216267,21.11447036,21.37985498,20.7529319,21.36636913,In
15/03/2026 04:20,21.17216267,20.91447036,21.47985498,20.8529319,21.48934834,In
15/03/2026 04:30,21.27216267,21.11447036,21.37985498,20.7529319,21.36636913,In
15/03/2026 04:40,21.27216267,20.91447036,21.37985498,20.8529319,21.36636913,In
15/03/2026 04:50,21.17216267,20.91447036,21.37985498,20.8529319,21.36636913,In
15/03/2026 05:00,21.27216267,20.91447036,21.37985498,20.8529319,21.36636913,In
15/03/2026 05:10,21.17216267,21.11447036,21.37985498,20.8529319,21.36636913,In
15/03/2026 05:20,21.17216267,21.11447036,21.47985498,20.8529319,21.36636913,In
15/03/2026 05:30,21.27216267,21.11447036,21.37985498,20.8529319,21.36636913,In
15/03/2026 05:40,21.17216267,21.11447036,21.37985498,20.8529319,21.36636913,In
15/03/2026 05:50,21.17216267,20.91447036,21.37985498,20.8529319,21.36636913,In
15/03/2026 06:00,21.27216267,20.91447036,21.37985498,20.8529319,21.36636913,In
15/03/2026 06:10,21.27216267,21.11447036,21.37985498,20.8529319,21.36636913,In
15/03/2026 06:20,21.17216267,21.11447036,21.37985498,20.8529319,21.36636913,In
15/03/2026 06:30,21.17216267,20.91447036,21.37985498,20.7529319,21.36636913,In
15/03/2026 06:40,21.27216267,20.91447036,21.37985498,20.8529319,21.36636913,In
15/03/2026 06:50,21.27216267,20.91447036,21.37985498,20.7529319,21.36636913,In
15/03/2026 07:00,21.27216267,21.11447036,21.37985498,20.8529319,21.36636913,In
15/03/2026 07:10,21.17216267,21.11447036,21.37985498,20.8529319,21.36636913,In
15/03/2026 07:20,21.27216267,21.11447036,21.37985498,20.8529319,21.36636913,In
15/03/2026 07:30,21.27216267,20.91447036,21.37985498,20.8529319,21.36636913,In
15/03/2026 07:40,21.17216267,20.91447036,21.47985498,20.8529319,21.36636913,In
15/03/2026 07:50,21.17216267,21.11447036,21.47985498,20.8529319,21.36636913,In
15/03/2026 08:00,21.27216267,20.91447036,21.47985498,20.8529319,21.36636913,In
15/03/2026 08:10,21.27216267,21.11447036,21.37985498,20.8529319,21.36636913,In
15/03/2026 08:20,21.27216267,20.91447036,21.37985498,20.8529319,21.36636913,In
15/03/2026 08:30,21.27216267,20.91447036,21.37985498,20.7529319,21.36636913,In
15/03/2026 08:40,21.17216267,20.91447036,21.37985498,20.8529319,21.48934834,In
15/03/2026 08:50,21.27216267,21.11447036,21.47985498,20.8529319,21.36636913,In
15/03/2026 09:00,21.17216267,21.11447036,21.37985498,20.8529319,21.36636913,In
15/03/2026 09:10,21.27216267,21.11447036,21.47985498,20.7529319,21.36636913,In
15/03/2026 09:20,21.27216267,20.91447036,21.37985498,20.8529319,21.36636913,In
15/03/2026 09:30,21.17216267,20.91447036,21.37985498,20.7529319,21.36636913,In
15/03/2026 09:40,21.17216267,20.91447036,21.37985498,20.7529319,21.36636913,In
15/03/2026 09:50,21.27216267,21.11447036,21.37985498,20.8529319,21.36636913,In
15/03/2026 10:00,21.17216267,20.91447036,21.37985498,20.8529319,21.36636913,In
15/03/2026 10:10,21.27216267,20.91447036,21.37985498,20.7529319,21.36636913,In
15/03/2026 10:20,21.17216267,20.91447036,21.37985498,20.8529319,21.36636913,In
15/03/2026 10:30,21.17216267,21.11447036,21.37985498,20.8529319,21.36636913,In
15/03/2026 10:40,21.17216267,21.11447036,21.37985498,20.8529319,21.36636913,In
15/03/2026 10:50,21.17216267,20.91447036,21.37985498,20.8529319,21.36636913,In
15/03/2026 11:00,21.27216267,20.91447036,21.37985498,20.7529319,21.36636913,In
15/03/2026 11:10,21.27216267,20.91447036,21.37985498,20.8529319,21.36636913,In
15/03/2026 11:20,21.27216267,20.91447036,21.37985498,20.7529319,21.36636913,In
15/03/2026 11:30,21.27216267,20.91447036,21.37985498,20.8529319,21.36636913,In
15/03/2026 11:40,21.17216267,21.11447036,21.37985498,20.8529319,21.36636913,In
15/03/2026 11:50,21.17216267,20.91447036,21.37985498,20.8529319,21.36636913,In
15/03/2026 12:00,21.17216267,20.91447036,21.37985498,20.8529319,21.36636913,In
15/03/2026 12:10,21.17216267,20.91447036,21.37985498,20.8529319,21.36636913,In
15/03/2026 12:20,21.17216267,20.91447036,21.37985498,20.8529319,21.36636913,In
15/03/2026 12:30,21.17216267,20.91447036,21.37985498,20.7529319,21.48934834,In
15/03/2026 12:40,21.17216267,20.91447036,21.37985498,20.8529319,21.36636913,In
15/03/2026 12:50,21.17216267,20.91447036,21.37985498,20.7529319,21.36636913,In
15/03/2026 13:00,21.17216267,20.91447036,21.37985498,20.7529319,21.36636913,In
15/03/2026 13:10,21.17216267,20.91447036,21.37985498,20.8529319,21.36636913,In
15/03/2026 13:20,21.17216267,20.91447036,21.27985498,20.7529319,21.48934834,In
15/03/2026 13:30,21.17216267,20.91447036,21.37985498,20.7529319,21.36636913,In
15/03/2026 13:40,21.17216267,20.91447036,21.37985498,20.8529319,21.36636913,In
15/03/2026 13:50,21.07216267,20.91447036,21.37985498,20.7529319,21.36636913,In
15/03/2026 14:00,21.17216267,20.81447036,21.37985498,20.8529319,21.36636913,In
15/03/2026 14:10,21.17216267,20.81447036,21.37985498,20.7529319,21.36636913,In
15/03/2026 14:20,21.07216267,20.91447036,21.37985498,20.8529319,21.36636913,In
15/03/2026 14:30,21.17216267,20.81447036,21.37985498,20.7529319,21.36636913,In
15/03/2026 14:40,21.17216267,20.91447036,21.37985498,20.8529319,21.36636913,In
15/03/2026 14:50,21.17216267,20.81447036,21.37985498,20.8529319,21.36636913,In
15/03/2026 15:00,21.17216267,20.91447036,21.37985498,20.7529319,21.36636913,In
15/03/2026 15:10,21.17216267,20.91447036,21.37985498,20.8529319,21.36636913,In
15/03/2026 15:20,21.17216267,20.91447036,21.37985498,20.8529319,21.36636913,In
15/03/2026 15:30,21.17216267,20.91447036,21.37985498,20.7529319,21.36636913,In
15/03/2026 15:40,21.17216267,20.91447036,21.37985498,20.7529319,21.36636913,In
15/03/2026 15:50,21.17216267,20.91447036,21.27985498,20.8529319,21.36636913,In
15/03/2026 16:00,21.17216267,20.91447036,21.37985498,20.7529319,21.36636913,In
15/03/2026 16:10,21.17216267,20.91447036,21.37985498,20.8529319,21.36636913,In
15/03/2026 16:20,21.17216267,20.91447036,21.37985498,20.8529319,21.36636913,In
15/03/2026 16:30,21.17216267,20.91447036,21.37985498,20.8529319,21.36636913,In
15/03/2026 16:40,21.17216267,20.91447036,21.37985498,20.8529319,21.36636913,In
15/03/2026 16:50,21.17216267,20.91447036,21.37985498,20.8529319,21.36636913,In
15/03/2026 17:00,21.17216267,20.91447036,21.47985498,20.8529319,21.36636913,In
15/03/2026 17:10,21.17216267,20.91447036,21.37985498,20.8529319,21.36636913,In
15/03/2026 17:20,21.17216267,20.91447036,21.37985498,20.8529319,21.36636913,In
15/03/2026 17:30,21.17216267,20.91447036,21.37985498,20.7529319,21.36636913,In
15/03/2026 17:40,21.17216267,20.81447036,21.37985498,20.8529319,21.36636913,In
15/03/2026 17:50,21.17216267,20.91447036,21.37985498,20.8529319,21.36636913,In
15/03/2026 18:00,21.17216267,20.91447036,21.37985498,20.8529319,21.48934834,In
15/03/2026 18:10,21.27216267,21.11447036,21.37985498,20.8529319,21.36636913,In
15/03/2026 18:20,21.27216267,20.91447036,21.37985498,20.7529319,21.36636913,In
15/03/2026 18:30,21.17216267,20.91447036,21.37985498,20.7529319,21.48934834,In
15/03/2026 18:40,21.17216267,20.91447036,21.37985498,20.8529319,21.36636913,In
15/03/2026 18:50,21.17216267,20.91447036,21.37985498,20.8529319,21.36636913,In
15/03/2026 19:00,21.17216267,20.91447036,21.37985498,20.8529319,21.36636913,In
15/03/2026 19:10,21.17216267,20.91447036,21.37985498,20.8529319,21.36636913,In
15/03/2026 19:20,21.27216267,20.91447036,21.37985498,21.0529319,21.36636913,In
15/03/2026 19:30,21.27216267,20.91447036,21.37985498,20.8529319,21.48934834,In
15/03/2026 19:40,21.17216267,21.11447036,21.37985498,20.8529319,21.36636913,In
15/03/2026 19:50,21.17216267,21.11447036,21.37985498,20.8529319,21.36636913,In
15/03/2026 20:00,21.17216267,21.11447036,21.37985498,20.8529319,21.36636913,In
15/03/2026 20:10,21.17216267,21.11447036,21.47985498,20.7529319,21.36636913,In
15/03/2026 20:20,21.17216267,21.11447036,21.37985498,20.8529319,21.48934834,In
15/03/2026 20:30,21.17216267,20.91447036,21.37985498,20.7529319,21.36636913,In
15/03/2026 20:40,21.17216267,20.91447036,21.37985498,20.8529319,21.36636913,In
15/03/2026 20:50,21.27216267,21.11447036,21.47985498,20.8529319,21.48934834,In
15/03/2026 21:00,21.27216267,20.91447036,21.47985498,20.8529319,21.36636913,In
15/03/2026 21:10,21.17216267,21.11447036,21.37985498,20.8529319,21.36636913,In
15/03/2026 21:20,21.27216267,21.11447036,21.47985498,20.7529319,21.36636913,In
15/03/2026 21:30,21.27216267,21.11447036,21.37985498,20.8529319,21.36636913,In
15/03/2026 21:40,21.17216267,20.91447036,21.47985498,20.8529319,21.36636913,In
15/03/2026 21:50,21.17216267,21.11447036,21.37985498,20.8529319,21.36636913,In
15/03/2026 22:00,21.17216267,21.11447036,21.47985498,20.8529319,21.36636913,In
15/03/2026 22:10,21.27216267,21.11447036,21.47985498,20.8529319,21.48934834,In
15/03/2026 22:20,21.17216267,20.91447036,21.37985498,20.8529319,21.48934834,In
15/03/2026 22:30,21.17216267,21.11447036,21.47985498,20.8529319,21.48934834,In
15/03/2026 22:40,21.27216267,21.11447036,21.47985498,20.8529319,21.48934834,In
15/03/2026 22:50,21.27216267,21.11447036,21.47985498,20.8529319,21.36636913,In
15/03/2026 23:00,21.27216267,21.11447036,21.37985498,20.7529319,21.36636913,In
15/03/2026 23:10,21.27216267,20.91447036,21.37985498,20.8529319,21.48934834,In
15/03/2026 23:20,21.27216267,20.91447036,21.37985498,20.8529319,21.36636913,In
15/03/2026 23:30,21.27216267,20.91447036,21.47985498,20.7529319,21.36636913,In
15/03/2026 23:40,21.27216267,21.11447036,21.37985498,20.8529319,21.48934834,In
15/03/2026 23:50,21.17216267,21.11447036,21.37985498,20.8529319,21.36636913,In
16/03/2026 00:00,21.27216267,21.11447036,21.37985498,20.8529319,21.36636913,In
16/03/2026 00:10,21.17216267,21.11447036,21.37985498,20.8529319,21.48934834,In
16/03/2026 00:20,21.27216267,21.11447036,21.37985498,20.8529319,21.48934834,In
16/03/2026 00:30,21.27216267,21.11447036,21.37985498,20.8529319,21.36636913,In
16/03/2026 00:40,21.17216267,21.11447036,21.37985498,21.0529319,21.36636913,In
16/03/2026 00:50,21.27216267,21.11447036,21.37985498,20.8529319,21.36636913,In
16/03/2026 01:00,21.27216267,21.11447036,21.47985498,20.8529319,21.48934834,In
16/03/2026 01:10,21.27216267,21.11447036,21.47985498,20.8529319,21.36636913,In
16/03/2026 01:20,21.27216267,21.11447036,21.37985498,20.8529319,21.48934834,In
16/03/2026 01:30,21.17216267,21.11447036,21.47985498,20.8529319,21.48934834,In
16/03/2026 01:40,21.27216267,21.11447036,21.37985498,21.0529319,21.36636913,In
16/03/2026 01:50,21.17216267,21.11447036,21.47985498,20.8529319,21.36636913,In
16/03/2026 02:00,21.27216267,21.11447036,21.37985498,20.8529319,21.48934834,In
16/03/2026 02:10,21.27216267,20.91447036,21.47985498,20.8529319,21.48934834,In
16/03/2026 02:20,21.27216267,21.11447036,21.37985498,20.8529319,21.48934834,In
16/03/2026 02:30,21.17216267,21.11447036,21.47985498,20.8529319,21.48934834,In
16/03/2026 02:40,21.27216267,21.11447036,21.47985498,20.8529319,21.36636913,In
16/03/2026 02:50,21.27216267,21.11447036,21.37985498,20.8529319,21.36636913,In
16/03/2026 03:00,21.27216267,21.11447036,21.47985498,20.8529319,21.48934834,In
16/03/2026 03:10,21.27216267,21.11447036,21.47985498,20.8529319,21.48934834,In
16/03/2026 03:20,21.27216267,21.11447036,21.47985498,20.8529319,21.36636913,In
16/03/2026 03:30,21.17216267,21.11447036,21.47985498,20.8529319,21.48934834,In
16/03/2026 03:40,21.27216267,21.11447036,21.47985498,20.8529319,21.48934834,In
16/03/2026 03:50,21.27216267,21.11447036,21.47985498,20.8529319,21.36636913,In
16/03/2026 04:00,21.27216267,21.11447036,21.47985498,20.8529319,21.36636913,In
16/03/2026 04:10,21.27216267,21.11447036,21.47985498,20.8529319,21.48934834,In
16/03/2026 04:20,21.37216267,21.11447036,21.47985498,21.0529319,21.48934834,In
16/03/2026 04:30,21.27216267,21.11447036,21.47985498,20.8529319,21.48934834,In
16/03/2026 04:40,21.27216267,20.91447036,21.47985498,20.8529319,21.48934834,In
16/03/2026 04:50,21.37216267,21.11447036,21.47985498,20.8529319,21.36636913,In
16/03/2026 05:00,21.27216267,21.11447036,21.47985498,20.8529319,21.36636913,In
16/03/2026 05:10,21.27216267,21.11447036,21.47985498,20.8529319,21.48934834,In
16/03/2026 05:20,21.27216267,21.11447036,21.47985498,20.8529319,21.36636913,In
16/03/2026 05:30,21.27216267,20.91447036,21.47985498,20.8529319,21.48934834,In
16/03/2026 05:40,21.27216267,21.11447036,21.47985498,21.0529319,21.36636913,In
16/03/2026 05:50,21.27216267,21.11447036,21.47985498,20.8529319,21.48934834,In
16/03/2026 06:00,21.27216267,21.11447036,21.37985498,21.0529319,21.36636913,In
16/03/2026 06:10,21.27216267,21.11447036,21.47985498,20.8529319,21.48934834,In
16/03/2026 06:20,21.27216267,21.11447036,21.37985498,20.8529319,21.48934834,In
16/03/2026 06:30,21.27216267,21.11447036,21.47985498,20.8529319,21.48934834,In
16/03/2026 06:40,21.27216267,21.11447036,21.47985498,20.8529319,21.48934834,In
16/03/2026 06:50,21.27216267,21.11447036,21.47985498,20.8529319,21.36636913,In
16/03/2026 07:00,21.27216267,21.11447036,21.47985498,20.8529319,21.36636913,In
16/03/2026 07:10,21.27216267,21.11447036,21.47985498,20.8529319,21.36636913,In
16/03/2026 07:20,21.27216267,21.11447036,21.47985498,20.8529319,21.36636913,In
16/03/2026 07:30,21.27216267,21.21447036,21.47985498,20.8529319,21.36636913,In
16/03/2026 07:40,21.27216267,21.11447036,21.37985498,20.8529319,21.48934834,In
16/03/2026 07:50,21.27216267,21.11447036,21.37985498,20.8529319,21.36636913,In
16/03/2026 08:00,21.27216267,21.11447036,21.47985498,20.8529319,21.48934834,In
16/03/2026 08:10,21.27216267,21.11447036,21.47985498,20.8529319,21.36636913,In
16/03/2026 08:20,21.27216267,21.11447036,21.47985498,20.8529319,21.36636913,In
16/03/2026 08:30,21.27216267,21.11447036,21.47985498,20.8529319,21.48934834,In
16/03/2026 08:40,21.27216267,21.11447036,21.47985498,21.0529319,21.48934834,In
16/03/2026 08:50,21.27216267,21.11447036,21.47985498,20.8529319,21.48934834,In
16/03/2026 09:00,21.17216267,21.11447036,21.37985498,20.8529319,21.48934834,In
16/03/2026 09:10,21.27216267,21.11447036,21.37985498,20.8529319,21.36636913,In
16/03/2026 09:20,21.27216267,21.11447036,21.47985498,20.8529319,21.48934834,In
16/03/2026 09:30,21.27216267,21.11447036,21.47985498,20.8529319,21.36636913,In
16/03/2026 09:40,21.27216267,20.91447036,21.37985498,20.8529319,21.48934834,In
16/03/2026 09:50,21.17216267,20.91447036,21.37985498,20.8529319,21.48934834,In
16/03/2026 10:00,21.27216267,21.11447036,21.37985498,20.8529319,21.36636913,In
16/03/2026 10:10,21.27216267,20.91447036,21.47985498,20.8529319,21.36636913,In
16/03/2026 10:20,21.27216267,21.11447036,21.47985498,20.8529319,21.48934834,In
16/03/2026 10:30,21.27216267,21.11447036,21.37985498,20.8529319,21.36636913,In
16/03/2026 10:40,21.27216267,20.91447036,21.37985498,20.8529319,21.36636913,In
16/03/2026 10:50,21.27216267,20.91447036,21.47985498,20.8529319,21.36636913,In
16/03/2026 11:00,21.17216267,21.11447036,21.37985498,20.8529319,21.48934834,In
16/03/2026 11:10,21.17216267,21.11447036,21.37985498,20.8529319,21.36636913,In
16/03/2026 11:20,21.17216267,21.11447036,21.37985498,20.8529319,21.48934834,In
16/03/2026 11:30,21.17216267,20.91447036,21.37985498,20.8529319,21.36636913,In
16/03/2026 11:40,21.17216267,21.11447036,21.37985498,20.8529319,21.48934834,In
16/03/2026 11:50,21.17216267,20.91447036,21.37985498,20.8529319,21.36636913,In
16/03/2026 12:00,21.27216267,21.11447036,21.37985498,20.8529319,21.36636913,In
16/03/2026 12:10,21.17216267,20.91447036,21.37985498,20.8529319,21.48934834,In
16/03/2026 12:20,21.17216267,20.91447036,21.37985498,20.8529319,21.36636913,In
16/03/2026 12:30,21.17216267,20.91447036,21.37985498,20.8529319,21.36636913,In
16/03/2026 12:40,21.17216267,20.91447036,21.37985498,20.8529319,21.36636913,In
16/03/2026 12:50,21.17216267,20.91447036,21.37985498,20.8529319,21.48934834,In
16/03/2026 13:00,21.17216267,20.91447036,21.37985498,20.8529319,21.48934834,In
16/03/2026 13:10,21.17216267,20.91447036,21.37985498,20.8529319,21.36636913,In
16/03/2026 13:20,21.17216267,20.91447036,21.37985498,20.8529319,21.48934834,In
16/03/2026 13:30,21.17216267,20.91447036,21.37985498,20.8529319,21.36636913,In
16/03/2026 13:40,21.17216267,20.91447036,21.37985498,20.8529319,21.48934834,In
16/03/2026 13:50,21.17216267,20.91447036,21.37985498,20.8529319,21.48934834,In
16/03/2026 14:00,21.17216267,20.91447036,21.37985498,20.8529319,21.36636913,In
16/03/2026 14:10,21.17216267,20.91447036,21.37985498,20.8529319,21.36636913,In
16/03/2026 14:20,21.17216267,20.91447036,21.37985498,20.7529319,21.36636913,In
16/03/2026 14:30,21.17216267,20.91447036,21.37985498,20.8529319,21.36636913,In
16/03/2026 14:40,21.17216267,20.91447036,21.47985498,20.8529319,21.36636913,In
16/03/2026 14:50,21.17216267,20.91447036,21.37985498,20.8529319,21.36636913,In
16/03/2026 15:00,21.17216267,20.91447036,21.47985498,20.8529319,21.48934834,In
16/03/2026 15:10,21.27216267,21.11447036,21.47985498,20.8529319,21.48934834,In
16/03/2026 15:20,21.27216267,21.11447036,21.47985498,21.0529319,21.48934834,In
16/03/2026 15:30,21.27216267,20.91447036,21.47985498,20.8529319,21.48934834,In
16/03/2026 15:40,21.27216267,21.11447036,21.37985498,20.8529319,21.48934834,In
16/03/2026 15:50,21.27216267,21.11447036,21.37985498,20.8529319,21.48934834,In
16/03/2026 16:00,21.17216267,21.11447036,21.47985498,21.0529319,21.36636913,In
16/03/2026 16:10,21.27216267,21.11447036,21.37985498,20.8529319,21.48934834,In
16/03/2026 16:20,21.27216267,21.11447036,21.47985498,20.8529319,21.48934834,In
16/03/2026 16:30,21.27216267,21.11447036,21.47985498,20.8529319,21.36636913,In
16/03/2026 16:40,21.27216267,20.91447036,21.37985498,20.8529319,21.48934834,In
16/03/2026 16:50,21.27216267,21.11447036,21.47985498,20.8529319,21.48934834,In
16/03/2026 17:00,21.27216267,21.11447036,21.37985498,20.8529319,21.36636913,In
16/03/2026 17:10,21.27216267,21.11447036,21.47985498,20.8529319,21.36636913,In
16/03/2026 17:20,21.27216267,21.11447036,21.47985498,20.8529319,21.48934834,In
16/03/2026 17:30,21.27216267,21.11447036,21.47985498,21.0529319,21.48934834,In
16/03/2026 17:40,21.27216267,21.11447036,21.47985498,21.0529319,21.36636913,In
16/03/2026 17:50,21.27216267,21.11447036,21.47985498,20.8529319,21.48934834,In
16/03/2026 18:00,21.27216267,21.11447036,21.47985498,21.0529319,21.48934834,In
16/03/2026 18:10,21.27216267,21.11447036,21.47985498,21.0529319,21.48934834,In
16/03/2026 18:20,21.27216267,21.11447036,21.47985498,20.8529319,21.48934834,In
16/03/2026 18:30,21.27216267,21.11447036,21.37985498,21.0529319,21.36636913,In
16/03/2026 18:40,21.27216267,21.11447036,21.37985498,20.8529319,21.48934834,In
16/03/2026 18:50,21.27216267,21.11447036,21.47985498,20.8529319,21.48934834,In
16/03/2026 19:00,21.27216267,21.11447036,21.47985498,20.8529319,21.36636913,In
16/03/2026 19:10,21.37216267,21.11447036,21.47985498,20.8529319,21.48934834,In
16/03/2026 19:20,21.27216267,21.11447036,21.47985498,20.8529319,21.48934834,In
16/03/2026 19:30,21.27216267,21.21447036,21.37985498,20.8529319,21.48934834,In
16/03/2026 19:40,21.27216267,21.11447036,21.47985498,20.8529319,21.36636913,In
16/03/2026 19:50,21.27216267,21.11447036,21.47985498,21.0529319,21.48934834,In
16/03/2026 20:00,21.27216267,21.11447036,21.47985498,20.8529319,21.36636913,In
16/03/2026 20:10,21.27216267,21.11447036,21.47985498,20.8529319,21.36636913,In
16/03/2026 20:20,21.27216267,21.11447036,21.37985498,21.0529319,21.48934834,In
16/03/2026 20:30,21.27216267,21.11447036,21.47985498,20.8529319,21.36636913,In
16/03/2026 20:40,21.27216267,21.11447036,21.47985498,20.8529319,21.36636913,In
16/03/2026 20:50,21.27216267,21.11447036,21.47985498,20.8529319,21.61232755,In
16/03/2026 21:00,21.27216267,21.11447036,21.47985498,20.8529319,21.48934834,In
16/03/2026 21:10,21.27216267,21.11447036,21.47985498,20.8529319,21.48934834,In
16/03/2026 21:20,21.37216267,21.11447036,21.47985498,20.8529319,21.48934834,In
16/03/2026 21:30,21.27216267,21.11447036,21.47985498,20.8529319,21.48934834,In
16/03/2026 21:40,21.27216267,21.11447036,21.47985498,20.8529319,21.48934834,In
16/03/2026 21:50,21.27216267,21.11447036,21.47985498,20.8529319,21.48934834,In
16/03/2026 22:00,21.27216267,21.11447036,21.47985498,20.8529319,21.48934834,In
16/03/2026 22:10,21.27216267,21.11447036,21.47985498,20.8529319,21.36636913,In
16/03/2026 22:20,21.27216267,21.11447036,21.47985498,20.8529319,21.48934834,In
16/03/2026 22:30,21.27216267,21.11447036,21.37985498,20.8529319,21.48934834,In
16/03/2026 22:40,21.27216267,21.11447036,21.47985498,20.8529319,21.48934834,In
16/03/2026 22:50,21.27216267,21.11447036,21.47985498,20.8529319,21.48934834,In
16/03/2026 23:00,21.27216267,21.11447036,21.47985498,20.8529319,21.36636913,In
16/03/2026 23:10,21.27216267,21.21447036,21.47985498,20.8529319,21.48934834,In
16/03/2026 23:20,21.27216267,21.11447036,21.47985498,21.0529319,21.48934834,In
16/03/2026 23:30,21.27216267,21.11447036,21.47985498,20.8529319,21.48934834,In
16/03/2026 23:40,21.27216267,21.11447036,21.47985498,20.8529319,21.36636913,In
16/03/2026 23:50,21.27216267,21.11447036,21.47985498,20.8529319,21.48934834,In
17/03/2026 00:00,21.27216267,21.11447036,21.47985498,21.0529319,21.48934834,In
17/03/2026 00:10,21.27216267,21.11447036,21.47985498,20.8529319,21.36636913,In
17/03/2026 00:20,21.27216267,21.11447036,21.47985498,20.8529319,21.48934834,In
17/03/2026 00:30,21.27216267,21.11447036,21.47985498,20.8529319,21.48934834,In
17/03/2026 00:40,21.27216267,21.11447036,21.47985498,20.8529319,21.48934834,In
17/03/2026 00:50,21.27216267,21.11447036,21.47985498,21.0529319,21.48934834,In
17/03/2026 01:00,21.27216267,21.11447036,21.47985498,20.8529319,21.48934834,In
17/03/2026 01:10,21.27216267,21.11447036,21.47985498,21.0529319,21.48934834,In
17/03/2026 01:20,21.27216267,21.11447036,21.47985498,20.8529319,21.48934834,In
17/03/2026 01:30,21.27216267,21.11447036,21.47985498,20.8529319,21.48934834,In
17/03/2026 01:40,21.17216267,21.11447036,21.47985498,20.8529319,21.36636913,In
17/03/2026 01:50,21.27216267,20.91447036,21.47985498,20.8529319,21.48934834,In
17/03/2026 02:00,21.27216267,21.11447036,21.47985498,20.8529319,21.48934834,In
17/03/2026 02:10,21.27216267,21.11447036,21.47985498,20.8529319,21.48934834,In
17/03/2026 02:20,21.27216267,21.11447036,21.47985498,20.8529319,21.48934834,In
17/03/2026 02:30,21.27216267,21.11447036,21.47985498,20.8529319,21.48934834,In
17/03/2026 02:40,21.27216267,21.11447036,21.47985498,20.8529319,21.48934834,In
17/03/2026 02:50,21.27216267,21.11447036,21.47985498,20.8529319,21.48934834,In
17/03/2026 03:00,21.27216267,21.11447036,21.47985498,20.8529319,21.36636913,In
17/03/2026 03:10,21.27216267,21.11447036,21.47985498,20.7529319,21.48934834,In
17/03/2026 03:20,21.27216267,21.11447036,21.47985498,20.8529319,21.48934834,In
17/03/2026 03:30,21.27216267,21.11447036,21.47985498,20.8529319,21.36636913,In
17/03/2026 03:40,21.27216267,21.11447036,21.47985498,20.8529319,21.48934834,In
17/03/2026 03:50,21.27216267,21.11447036,21.47985498,20.8529319,21.48934834,In
17/03/2026 04:00,21.27216267,21.11447036,21.47985498,20.8529319,21.36636913,In
17/03/2026 04:10,21.27216267,21.11447036,21.37985498,20.8529319,21.36636913,In
17/03/2026 04:20,21.27216267,21.11447036,21.47985498,20.8529319,21.36636913,In
17/03/2026 04:30,21.27216267,21.11447036,21.37985498,20.8529319,21.36636913,In
17/03/2026 04:40,21.17216267,21.11447036,21.47985498,20.8529319,21.48934834,In
17/03/2026 04:50,21.27216267,21.11447036,21.47985498,20.8529319,21.36636913,In
17/03/2026 05:00,21.27216267,21.11447036,21.47985498,20.8529319,21.48934834,In
17/03/2026 05:10,21.27216267,21.11447036,21.37985498,20.8529319,21.48934834,In
17/03/2026 05:20,21.27216267,21.11447036,21.47985498,20.8529319,21.48934834,In
17/03/2026 05:30,21.27216267,21.11447036,21.47985498,20.8529319,21.36636913,In
17/03/2026 05:40,21.27216267,20.91447036,21.47985498,20.8529319,21.48934834,In
17/03/2026 05:50,21.27216267,21.11447036,21.37985498,20.8529319,21.48934834,In
17/03/2026 06:00,21.27216267,21.11447036,21.47985498,20.8529319,21.36636913,In
17/03/2026 06:10,21.27216267,21.11447036,21.47985498,20.8529319,21.36636913,In
17/03/2026 06:20,21.27216267,21.11447036,21.47985498,20.7529319,21.61232755,In
17/03/2026 06:30,21.17216267,21.11447036,21.37985498,20.8529319,21.36636913,In
17/03/2026 06:40,21.27216267,21.11447036,21.37985498,20.8529319,21.36636913,In
17/03/2026 06:50,21.27216267,21.11447036,21.47985498,20.8529319,21.48934834,In
17/03/2026 07:00,21.27216267,21.11447036,21.47985498,21.0529319,21.48934834,In
17/03/2026 07:10,21.17216267,21.11447036,21.37985498,20.8529319,21.36636913,In
17/03/2026 07:20,21.17216267,21.11447036,21.47985498,20.8529319,21.36636913,In
17/03/2026 07:30,21.27216267,20.91447036,21.37985498,20.8529319,21.36636913,In
17/03/2026 07:40,21.17216267,21.11447036,21.37985498,20.8529319,21.36636913,In
17/03/2026 07:50,21.17216267,21.11447036,21.47985498,20.7529319,21.48934834,In
17/03/2026 08:00,21.17216267,20.91447036,21.37985498,20.8529319,21.48934834,In
17/03/2026 08:10,21.17216267,21.11447036,21.37985498,20.8529319,21.36636913,In
17/03/2026 08:20,21.17216267,21.11447036,21.37985498,20.7529319,21.36636913,In
17/03/2026 08:30,21.27216267,21.11447036,21.47985498,20.8529319,21.36636913,In
17/03/2026 08:40,21.17216267,21.11447036,21.37985498,20.8529319,21.36636913,In
17/03/2026 08:50,21.27216267,21.11447036,21.37985498,20.7529319,21.36636913,In
17/03/2026 09:00,21.27216267,20.91447036,21.37985498,20.7529319,21.36636913,In
17/03/2026 09:10,21.27216267,21.11447036,21.37985498,20.8529319,21.36636913,In
17/03/2026 09:20,21.17216267,21.11447036,21.37985498,20.8529319,21.36636913,In
17/03/2026 09:30,21.17216267,21.11447036,21.47985498,20.8529319,21.36636913,In
17/03/2026 09:40,21.17216267,20.91447036,21.37985498,20.8529319,21.48934834,In
17/03/2026 09:50,21.27216267,20.91447036,21.37985498,20.8529319,21.36636913,In
17/03/2026 10:00,21.17216267,20.91447036,21.37985498,20.8529319,21.36636913,In
17/03/2026 10:10,21.17216267,20.91447036,21.37985498,20.7529319,21.24338992,In
17/03/2026 10:20,21.17216267,20.91447036,21.37985498,20.7529319,21.36636913,In
17/03/2026 10:30,21.27216267,20.91447036,21.47985498,20.8529319,21.36636913,In
17/03/2026 10:40,21.27216267,20.91447036,21.37985498,20.8529319,21.36636913,In
17/03/2026 10:50,21.27216267,20.91447036,21.37985498,20.7529319,21.36636913,In
17/03/2026 11:00,21.17216267,20.91447036,21.37985498,20.8529319,21.36636913,In
17/03/2026 11:10,21.17216267,20.91447036,21.37985498,20.7529319,21.36636913,In
17/03/2026 11:20,21.17216267,20.91447036,21.37985498,20.8529319,21.36636913,In
17/03/2026 11:30,21.17216267,20.91447036,21.37985498,20.8529319,21.36636913,In
17/03/2026 11:40,21.17216267,20.91447036,21.37985498,20.8529319,21.36636913,In
17/03/2026 11:50,21.17216267,20.91447036,21.37985498,20.8529319,21.36636913,In
17/03/2026 12:00,21.17216267,20.91447036,21.27985498,20.8529319,21.36636913,In
17/03/2026 12:10,21.17216267,20.81447036,21.37985498,20.7529319,21.36636913,In
17/03/2026 12:20,21.17216267,20.81447036,21.37985498,20.7529319,21.36636913,In
17/03/2026 12:30,21.17216267,20.91447036,21.37985498,20.7529319,21.36636913,In
17/03/2026 12:40,21.07216267,20.91447036,21.37985498,20.8529319,21.36636913,In
17/03/2026 12:50,21.17216267,20.91447036,21.37985498,20.8529319,21.36636913,In
17/03/2026 13:00,21.17216267,20.91447036,21.37985498,20.7529319,21.36636913,In
17/03/2026 13:10,21.17216267,20.81447036,21.37985498,20.7529319,21.36636913,In
17/03/2026 13:20,21.17216267,20.91447036,21.37985498,20.8529319,21.36636913,In
17/03/2026 13:30,21.07216267,20.91447036,21.37985498,20.7529319,21.36636913,In
17/03/2026 13:40,21.17216267,20.91447036,21.27985498,20.8529319,21.36636913,In
17/03/2026 13:50,21.17216267,20.81447036,21.37985498,20.7529319,21.36636913,In
17/03/2026 14:00,21.17216267,20.81447036,21.37985498,20.8529319,21.36636913,In
17/03/2026 14:10,21.07216267,20.81447036,21.37985498,20.8529319,21.36636913,In
17/03/2026 14:20,21.17216267,20.91447036,21.37985498,20.7529319,21.36636913,In
17/03/2026 14:30,21.17216267,20.81447036,21.37985498,20.8529319,21.24338992,In
17/03/2026 14:40,21.17216267,20.91447036,21.37985498,20.7529319,21.36636913,In
17/03/2026 14:50,21.17216267,20.81447036,21.37985498,20.8529319,21.36636913,In
17/03/2026 15:00,21.07216267,20.81447036,21.37985498,20.8529319,21.36636913,In
17/03/2026 15:10,21.07216267,20.81447036,21.37985498,20.8529319,21.36636913,In
17/03/2026 15:20,21.07216267,20.81447036,21.37985498,20.8529319,21.36636913,In
17/03/2026 15:30,21.17216267,20.91447036,21.37985498,20.8529319,21.36636913,In
17/03/2026 15:40,21.17216267,20.91447036,21.37985498,20.7529319,21.36636913,In
17/03/2026 15:50,21.07216267,20.91447036,21.37985498,20.7529319,21.36636913,In
17/03/2026 16:00,21.07216267,20.91447036,21.37985498,20.7529319,21.36636913,In
17/03/2026 16:10,21.17216267,20.91447036,21.37985498,20.8529319,21.36636913,In
17/03/2026 16:20,21.17216267,20.91447036,21.37985498,20.7529319,21.36636913,In
17/03/2026 16:30,21.17216267,20.91447036,21.37985498,20.8529319,21.48934834,In
17/03/2026 16:40,21.17216267,20.91447036,21.37985498,20.7529319,21.48934834,In
17/03/2026 16:50,21.17216267,20.91447036,21.37985498,20.8529319,21.36636913,In
17/03/2026 17:00,21.17216267,20.91447036,21.47985498,20.8529319,21.36636913,In
17/03/2026 17:10,21.17216267,20.91447036,21.37985498,20.8529319,21.36636913,In
17/03/2026 17:20,21.17216267,21.11447036,21.37985498,20.8529319,21.36636913,In
17/03/2026 17:30,21.17216267,20.91447036,21.37985498,20.8529319,21.36636913,In
17/03/2026 17:40,21.17216267,20.91447036,21.37985498,20.7529319,21.48934834,In
17/03/2026 17:50,21.17216267,20.91447036,21.37985498,20.8529319,21.36636913,In
17/03/2026 18:00,21.17216267,20.91447036,21.47985498,20.8529319,21.36636913,In
17/03/2026 18:10,21.17216267,20.91447036,21.37985498,20.8529319,21.36636913,In
17/03/2026 18:20,21.17216267,20.91447036,21.37985498,20.8529319,21.36636913,In
17/03/2026 18:30,21.27216267,20.91447036,21.47985498,20.8529319,21.36636913,In
17/03/2026 18:40,21.17216267,20.91447036,21.47985498,20.8529319,21.36636913,In
17/03/2026 18:50,21.17216267,21.11447036,21.47985498,20.8529319,21.36636913,In
17/03/2026 19:00,21.27216267,20.91447036,21.37985498,20.8529319,21.48934834,In
17/03/2026 19:10,21.17216267,20.91447036,21.37985498,20.8529319,21.48934834,In
17/03/2026 19:20,21.27216267,20.91447036,21.37985498,20.8529319,21.36636913,In
17/03/2026 19:30,21.17216267,21.11447036,21.37985498,20.8529319,21.48934834,In
17/03/2026 19:40,21.17216267,20.91447036,21.37985498,20.8529319,21.36636913,In
17/03/2026 19:50,21.27216267,21.11447036,21.37985498,20.7529319,21.48934834,In
17/03/2026 20:00,21.17216267,21.11447036,21.37985498,20.8529319,21.36636913,In
17/03/2026 20:10,21.27216267,21.11447036,21.47985498,20.8529319,21.36636913,In
17/03/2026 20:20,21.27216267,20.91447036,21.37985498,20.8529319,21.36636913,In
17/03/2026 20:30,21.27216267,21.11447036,21.47985498,20.8529319,21.48934834,In
17/03/2026 20:40,21.17216267,21.11447036,21.47985498,20.8529319,21.48934834,In
17/03/2026 20:50,21.27216267,21.11447036,21.47985498,20.8529319,21.48934834,In
17/03/2026 21:00,21.17216267,21.11447036,21.47985498,20.8529319,21.36636913,In
17/03/2026 21:10,21.27216267,20.91447036,21.47985498,20.8529319,21.48934834,In
17/03/2026 21:20,21.27216267,21.11447036,21.37985498,20.8529319,21.36636913,In
17/03/2026 21:30,21.17216267,21.11447036,21.47985498,20.8529319,21.36636913,In
17/03/2026 21:40,21.27216267,21.11447036,21.47985498,20.8529319,21.48934834,In
17/03/2026 21:50,21.27216267,21.11447036,21.47985498,20.8529319,21.48934834,In
17/03/2026 22:00,21.27216267,21.11447036,21.47985498,20.8529319,21.36636913,In
17/03/2026 22:10,21.27216267,21.11447036,21.47985498,20.8529319,21.36636913,In
17/03/2026 22:20,21.27216267,21.11447036,21.37985498,20.8529319,21.48934834,In
17/03/2026 22:30,21.17216267,21.11447036,21.47985498,20.8529319,21.36636913,In
17/03/2026 22:40,21.27216267,21.11447036,21.47985498,20.8529319,21.36636913,In
17/03/2026 22:50,21.27216267,21.11447036,21.47985498,20.8529319,21.48934834,In
17/03/2026 23:00,21.17216267,20.91447036,21.47985498,20.8529319,21.48934834,In
17/03/2026 23:10,21.27216267,21.11447036,21.47985498,20.8529319,21.36636913,In
17/03/2026 23:20,21.27216267,21.11447036,21.37985498,20.8529319,21.36636913,In
17/03/2026 23:30,21.27216267,21.11447036,21.47985498,20.8529319,21.36636913,In
17/03/2026 23:40,21.27216267,20.91447036,21.47985498,20.8529319,21.36636913,In
17/03/2026 23:50,21.27216267,21.11447036,21.47985498,21.0529319,21.36636913,In
18/03/2026 00:00,21.27216267,21.11447036,21.47985498,20.8529319,21.48934834,In
18/03/2026 00:10,21.27216267,21.11447036,21.47985498,20.8529319,21.36636913,In
18/03/2026 00:20,21.27216267,21.11447036,21.47985498,20.8529319,21.48934834,In
18/03/2026 00:30,21.17216267,21.11447036,21.37985498,20.8529319,21.48934834,In
18/03/2026 00:40,21.27216267,21.11447036,21.47985498,20.8529319,21.48934834,In
18/03/2026 00:50,21.27216267,21.11447036,21.37985498,20.8529319,21.36636913,In
18/03/2026 01:00,21.27216267,21.11447036,21.47985498,20.8529319,21.48934834,In
18/03/2026 01:10,21.27216267,21.11447036,21.37985498,20.8529319,21.48934834,In
18/03/2026 01:20,21.27216267,21.11447036,21.47985498,20.8529319,21.36636913,In
18/03/2026 01:30,21.27216267,21.11447036,21.47985498,20.8529319,21.48934834,In
18/03/2026 01:40,21.27216267,21.11447036,21.37985498,20.8529319,21.48934834,In
18/03/2026 01:50,21.27216267,21.11447036,21.37985498,20.8529319,21.48934834,In
18/03/2026 02:00,21.27216267,21.11447036,21.47985498,20.7529319,21.36636913,In
18/03/2026 02:10,21.27216267,21.11447036,21.37985498,20.8529319,21.36636913,In
18/03/2026 02:20,21.27216267,20.91447036,21.47985498,20.8529319,21.48934834,In
18/03/2026 02:30,21.27216267,21.11447036,21.37985498,20.8529319,21.36636913,In
18/03/2026 02:40,21.27216267,21.11447036,21.37985498,20.8529319,21.36636913,In
18/03/2026 02:50,21.27216267,20.91447036,21.37985498,20.8529319,21.36636913,In
18/03/2026 03:00,21.27216267,21.11447036,21.37985498,20.8529319,21.36636913,In
18/03/2026 03:10,21.27216267,21.11447036,21.47985498,20.8529319,21.48934834,In
18/03/2026 03:20,21.27216267,21.11447036,21.47985498,20.8529319,21.36636913,In
18/03/2026 03:30,21.27216267,21.11447036,21.37985498,20.8529319,21.36636913,In
18/03/2026 03:40,21.17216267,21.11447036,21.47985498,20.8529319,21.36636913,In
18/03/2026 03:50,21.17216267,21.11447036,21.37985498,20.8529319,21.48934834,In
18/03/2026 04:00,21.17216267,20.91447036,21.37985498,20.8529319,21.36636913,In
18/03/2026 04:10,21.27216267,21.11447036,21.37985498,20.8529319,21.36636913,In
18/03/2026 04:20,21.27216267,21.11447036,21.47985498,20.8529319,21.36636913,In
18/03/2026 04:30,21.27216267,21.11447036,21.47985498,20.8529319,21.36636913,In
18/03/2026 04:40,21.17216267,21.11447036,21.37985498,20.8529319,21.36636913,In
18/03/2026 04:50,21.27216267,21.11447036,21.37985498,20.8529319,21.36636913,In
18/03/2026 05:00,21.27216267,21.11447036,21.37985498,20.8529319,21.48934834,In
18/03/2026 05:10,21.27216267,21.11447036,21.37985498,20.8529319,21.48934834,In
18/03/2026 05:20,21.17216267,21.11447036,21.37985498,20.8529319,21.36636913,In
18/03/2026 05:30,21.27216267,21.11447036,21.37985498,20.8529319,21.36636913,In
18/03/2026 05:40,21.17216267,21.11447036,21.37985498,20.8529319,21.36636913,In
18/03/2026 05:50,21.17216267,21.11447036,21.47985498,20.8529319,21.36636913,In
18/03/2026 06:00,21.17216267,20.91447036,21.47985498,20.8529319,21.36636913,In
18/03/2026 06:10,21.27216267,21.11447036,21.47985498,20.8529319,21.36636913,In
18/03/2026 06:20,21.27216267,21.11447036,21.47985498,20.8529319,21.36636913,In
18/03/2026 06:30,21.27216267,20.91447036,21.37985498,20.8529319,21.36636913,In
18/03/2026 06:40,21.17216267,20.91447036,21.37985498,20.8529319,21.36636913,In
18/03/2026 06:50,21.27216267,21.11447036,21.47985498,20.8529319,21.36636913,In
18/03/2026 07:00,21.27216267,21.11447036,21.37985498,20.8529319,21.36636913,In
18/03/2026 07:10,21.27216267,21.11447036,21.47985498,20.8529319,21.36636913,In
18/03/2026 07:20,21.17216267,21.11447036,21.47985498,20.7529319,21.36636913,In
18/03/2026 07:30,21.17216267,21.11447036,21.37985498,20.7529319,21.36636913,In
18/03/2026 07:40,21.27216267,21.11447036,21.37985498,20.8529319,21.36636913,In
18/03/2026 07:50,21.27216267,21.11447036,21.37985498,20.8529319,21.36636913,In
18/03/2026 08:00,21.17216267,21.11447036,21.37985498,20.8529319,21.36636913,In
18/03/2026 08:10,21.27216267,20.91447036,21.37985498,21.0529319,21.36636913,In
18/03/2026 08:20,21.17216267,20.91447036,21.37985498,20.8529319,21.36636913,In
18/03/2026 08:30,21.17216267,21.11447036,21.37985498,20.8529319,21.48934834,In
18/03/2026 08:40,21.27216267,20.91447036,21.47985498,20.8529319,21.36636913,In
18/03/2026 08:50,21.27216267,21.11447036,21.37985498,20.8529319,21.48934834,In
18/03/2026 09:00,21.17216267,21.11447036,21.37985498,20.8529319,21.36636913,In
18/03/2026 09:10,21.27216267,20.91447036,21.37985498,20.8529319,21.36636913,In
18/03/2026 09:20,21.17216267,20.91447036,21.47985498,20.8529319,21.36636913,In
18/03/2026 09:30,21.27216267,21.11447036,21.37985498,20.8529319,21.48934834,In
18/03/2026 09:40,21.17216267,20.91447036,21.47985498,20.8529319,21.36636913,In
18/03/2026 09:50,21.17216267,20.91447036,21.37985498,20.8529319,21.48934834,In
18/03/2026 10:00,21.27216267,21.11447036,21.37985498,20.8529319,21.36636913,In
18/03/2026 10:10,21.27216267,21.11447036,21.47985498,20.7529319,21.36636913,In
18/03/2026 10:20,21.27216267,20.91447036,21.47985498,20.8529319,21.36636913,In
18/03/2026 10:30,21.17216267,20.91447036,21.37985498,20.8529319,21.48934834,In
18/03/2026 10:40,21.27216267,21.11447036,21.37985498,20.8529319,21.36636913,In
18/03/2026 10:50,21.27216267,21.11447036,21.37985498,20.8529319,21.48934834,In
18/03/2026 11:00,21.27216267,21.11447036,21.47985498,20.8529319,21.36636913,In
18/03/2026 11:10,21.27216267,20.91447036,21.37985498,20.8529319,21.36636913,In
18/03/2026 11:20,21.17216267,21.11447036,21.47985498,20.8529319,21.48934834,In
18/03/2026 11:30,21.27216267,21.11447036,21.47985498,20.8529319,21.36636913,In
18/03/2026 11:40,21.27216267,21.11447036,21.47985498,20.8529319,21.36636913,In
18/03/2026 11:50,21.17216267,20.91447036,21.37985498,20.8529319,21.36636913,In
18/03/2026 12:00,21.17216267,21.11447036,21.37985498,20.8529319,21.36636913,In
18/03/2026 12:10,21.27216267,20.91447036,21.37985498,20.8529319,21.48934834,In
18/03/2026 12:20,21.27216267,20.91447036,21.37985498,20.8529319,21.48934834,In
18/03/2026 12:30,21.27216267,21.11447036,21.47985498,20.8529319,21.36636913,In
18/03/2026 12:40,21.27216267,21.11447036,21.47985498,20.8529319,21.36636913,In
18/03/2026 12:50,21.27216267,21.11447036,21.37985498,20.8529319,21.36636913,In
18/03/2026 13:00,21.27216267,21.11447036,21.37985498,20.8529319,21.36636913,In
18/03/2026 13:10,21.27216267,21.11447036,21.47985498,20.8529319,21.48934834,In
18/03/2026 13:20,21.27216267,21.11447036,21.47985498,20.8529319,21.36636913,In
18/03/2026 13:30,21.27216267,20.91447036,21.47985498,20.8529319,21.36636913,In
18/03/2026 13:40,21.27216267,21.11447036,21.47985498,20.8529319,21.48934834,In
18/03/2026 13:50,21.27216267,21.11447036,21.47985498,20.7529319,21.36636913,In
18/03/2026 14:00,21.27216267,21.11447036,21.37985498,20.8529319,21.36636913,In
18/03/2026 14:10,21.27216267,20.91447036,21.37985498,21.0529319,21.36636913,In
18/03/2026 14:20,21.27216267,21.11447036,21.47985498,20.7529319,21.36636913,In
18/03/2026 14:30,21.17216267,20.91447036,21.37985498,20.8529319,21.48934834,In
18/03/2026 14:40,21.27216267,21.11447036,21.37985498,20.8529319,21.36636913,In
18/03/2026 14:50,21.27216267,21.11447036,21.37985498,20.7529319,21.36636913,In
18/03/2026 15:00,21.27216267,21.11447036,21.47985498,20.8529319,21.36636913,In
18/03/2026 15:10,21.27216267,21.11447036,21.47985498,20.8529319,21.36636913,In
18/03/2026 15:20,21.27216267,21.11447036,21.37985498,20.8529319,21.36636913,In
18/03/2026 15:30,21.27216267,21.11447036,21.47985498,20.7529319,21.36636913,In
18/03/2026 15:40,21.27216267,20.91447036,21.37985498,20.8529319,21.48934834,In
18/03/2026 15:50,21.17216267,21.11447036,21.47985498,20.8529319,21.36636913,In
18/03/2026 16:00,21.27216267,21.11447036,21.47985498,20.8529319,21.36636913,In
18/03/2026 16:10,21.27216267,21.11447036,21.47985498,20.8529319,21.48934834,In
18/03/2026 16:20,21.17216267,20.91447036,21.47985498,20.8529319,21.36636913,In
18/03/2026 16:30,21.17216267,21.11447036,21.37985498,20.8529319,21.48934834,In
18/03/2026 16:40,21.27216267,20.91447036,21.37985498,20.8529319,21.36636913,In
18/03/2026 16:50,21.27216267,20.91447036,21.37985498,20.8529319,21.36636913,In
18/03/2026 17:00,21.27216267,20.91447036,21.37985498,20.8529319,21.48934834,In
18/03/2026 17:10,21.17216267,21.11447036,21.37985498,20.8529319,21.36636913,In
18/03/2026 17:20,21.27216267,21.11447036,21.37985498,20.8529319,21.48934834,In
18/03/2026 17:30,21.17216267,21.11447036,21.37985498,20.8529319,21.36636913,In
18/03/2026 17:40,21.27216267,21.11447036,21.47985498,20.8529319,21.48934834,In
18/03/2026 17:50,21.17216267,21.11447036,21.37985498,20.8529319,21.36636913,In
18/03/2026 18:00,21.27216267,21.11447036,21.37985498,20.8529319,21.36636913,In
18/03/2026 18:10,21.27216267,21.11447036,21.37985498,20.8529319,21.48934834,In
18/03/2026 18:20,21.27216267,20.91447036,21.47985498,20.8529319,21.48934834,In
18/03/2026 18:30,21.27216267,20.91447036,21.47985498,20.8529319,21.48934834,In
18/03/2026 18:40,21.27216267,21.11447036,21.37985498,20.8529319,21.36636913,In
18/03/2026 18:50,21.27216267,21.11447036,21.37985498,20.8529319,21.36636913,In
18/03/2026 19:00,21.27216267,21.11447036,21.37985498,20.8529319,21.48934834,In
18/03/2026 19:10,21.27216267,20.91447036,21.47985498,20.8529319,21.36636913,In
18/03/2026 19:20,21.27216267,21.11447036,21.37985498,20.8529319,21.36636913,In
18/03/2026 19:30,21.27216267,21.11447036,21.37985498,20.8529319,21.36636913,In
18/03/2026 19:40,21.17216267,21.11447036,21.37985498,20.8529319,21.48934834,In
18/03/2026 19:50,21.27216267,21.11447036,21.47985498,20.8529319,21.48934834,In
18/03/2026 20:00,21.27216267,20.91447036,21.37985498,20.8529319,21.48934834,In
18/03/2026 20:10,21.27216267,21.11447036,21.37985498,20.8529319,21.36636913,In
18/03/2026 20:20,21.27216267,21.11447036,21.47985498,20.8529319,21.36636913,In
18/03/2026 20:30,21.17216267,21.11447036,21.37985498,20.8529319,21.36636913,In
18/03/2026 20:40,21.27216267,21.11447036,21.37985498,20.8529319,21.48934834,In
18/03/2026 20:50,21.27216267,21.11447036,21.37985498,20.8529319,21.36636913,In
18/03/2026 21:00,21.27216267,20.91447036,21.37985498,20.8529319,21.48934834,In
18/03/2026 21:10,21.27216267,21.11447036,21.37985498,20.8529319,21.48934834,In
18/03/2026 21:20,21.27216267,21.11447036,21.47985498,20.8529319,21.36636913,In
18/03/2026 21:30,21.27216267,21.11447036,21.47985498,20.8529319,21.48934834,In
18/03/2026 21:40,21.27216267,20.91447036,21.47985498,20.8529319,21.36636913,In
18/03/2026 21:50,21.27216267,21.11447036,21.47985498,20.7529319,21.36636913,In
18/03/2026 22:00,21.27216267,21.11447036,21.47985498,20.8529319,21.36636913,In
18/03/2026 22:10,21.17216267,21.11447036,21.47985498,20.8529319,21.48934834,In
18/03/2026 22:20,21.27216267,21.11447036,21.37985498,20.7529319,21.48934834,In
18/03/2026 22:30,21.27216267,20.91447036,21.37985498,20.8529319,21.48934834,In
18/03/2026 22:40,21.27216267,21.11447036,21.47985498,20.8529319,21.36636913,In
18/03/2026 22:50,21.27216267,20.91447036,21.47985498,20.8529319,21.36636913,In
18/03/2026 23:00,21.17216267,21.11447036,21.47985498,20.8529319,21.36636913,In
18/03/2026 23:10,21.27216267,21.11447036,21.47985498,20.8529319,21.48934834,In
18/03/2026 23:20,21.17216267,20.91447036,21.37985498,20.8529319,21.36636913,In
18/03/2026 23:30,21.17216267,21.11447036,21.37985498,20.8529319,21.36636913,In
18/03/2026 23:40,21.17216267,21.11447036,21.47985498,20.8529319,21.36636913,In
18/03/2026 23:50,21.27216267,21.11447036,21.47985498,20.8529319,21.36636913,In
19/03/2026 00:00,21.27216267,21.11447036,21.37985498,20.8529319,21.36636913,In
19/03/2026 00:10,21.27216267,21.11447036,21.37985498,20.8529319,21.36636913,In
19/03/2026 00:20,21.27216267,20.91447036,21.37985498,20.8529319,21.48934834,In
19/03/2026 00:30,21.27216267,21.11447036,21.47985498,20.8529319,21.48934834,In
19/03/2026 00:40,21.17216267,21.11447036,21.37985498,20.8529319,21.36636913,In
19/03/2026 00:50,21.27216267,21.11447036,21.37985498,20.8529319,21.48934834,In
19/03/2026 01:00,21.27216267,21.11447036,21.37985498,20.8529319,21.36636913,In
19/03/2026 01:10,21.17216267,20.91447036,21.37985498,20.8529319,21.36636913,In
19/03/2026 01:20,21.27216267,20.91447036,21.47985498,20.8529319,21.36636913,In
19/03/2026 01:30,21.27216267,20.91447036,21.37985498,20.8529319,21.36636913,In
19/03/2026 01:40,21.17216267,20.91447036,21.37985498,21.0529319,21.36636913,In
19/03/2026 01:50,21.17216267,21.11447036,21.37985498,20.8529319,21.36636913,In
19/03/2026 02:00,21.17216267,20.91447036,21.37985498,20.8529319,21.36636913,In
19/03/2026 02:10,21.27216267,20.91447036,21.37985498,20.8529319,21.48934834,In
19/03/2026 02:20,21.17216267,20.91447036,21.37985498,20.8529319,21.36636913,In
19/03/2026 02:30,21.17216267,21.11447036,21.37985498,20.8529319,21.36636913,In
19/03/2026 02:40,21.17216267,21.11447036,21.37985498,20.8529319,21.36636913,In
19/03/2026 02:50,21.27216267,21.11447036,21.47985498,20.8529319,21.48934834,In
19/03/2026 03:00,21.27216267,21.11447036,21.47985498,20.8529319,21.36636913,In
19/03/2026 03:10,21.27216267,20.91447036,21.37985498,20.7529319,21.36636913,In
19/03/2026 03:20,21.17216267,20.91447036,21.47985498,20.8529319,21.36636913,In
19/03/2026 03:30,21.27216267,21.11447036,21.37985498,20.8529319,21.36636913,In
19/03/2026 03:40,21.27216267,21.11447036,21.37985498,20.7529319,21.48934834,In
19/03/2026 03:50,21.27216267,21.11447036,21.47985498,20.8529319,21.36636913,In
19/03/2026 04:00,21.17216267,21.11447036,21.47985498,20.8529319,21.36636913,In
19/03/2026 04:10,21.27216267,21.11447036,21.47985498,20.8529319,21.36636913,In
19/03/2026 04:20,21.17216267,21.11447036,21.37985498,20.8529319,21.36636913,In
19/03/2026 04:30,21.17216267,21.11447036,21.47985498,20.8529319,21.36636913,In
19/03/2026 04:40,21.27216267,21.11447036,21.37985498,20.8529319,21.36636913,In
19/03/2026 04:50,21.27216267,21.11447036,21.37985498,20.8529319,21.36636913,In
19/03/2026 05:00,21.17216267,21.11447036,21.37985498,20.8529319,21.36636913,In
19/03/2026 05:10,21.27216267,21.11447036,21.37985498,20.8529319,21.36636913,In
19/03/2026 05:20,21.27216267,20.91447036,21.37985498,20.7529319,21.36636913,In
19/03/2026 05:30,21.27216267,20.91447036,21.37985498,20.8529319,21.36636913,In
19/03/2026 05:40,21.27216267,20.91447036,21.47985498,20.8529319,21.36636913,In
19/03/2026 05:50,21.17216267,21.11447036,21.37985498,20.8529319,21.36636913,In
19/03/2026 06:00,21.27216267,21.11447036,21.47985498,20.8529319,21.36636913,In
19/03/2026 06:10,21.27216267,21.11447036,21.37985498,20.8529319,21.36636913,In
19/03/2026 06:20,21.17216267,20.91447036,21.47985498,20.8529319,21.36636913,In
19/03/2026 06:30,21.17216267,21.11447036,21.37985498,20.8529319,21.48934834,In
19/03/2026 06:40,21.17216267,21.11447036,21.37985498,20.7529319,21.36636913,In
19/03/2026 06:50,21.27216267,20.91447036,21.37985498,20.8529319,21.36636913,In
19/03/2026 07:00,21.27216267,21.11447036,21.37985498,20.8529319,21.48934834,In
19/03/2026 07:10,21.27216267,20.91447036,21.37985498,20.8529319,21.36636913,In
19/03/2026 07:20,21.27216267,20.91447036,21.37985498,20.8529319,21.36636913,In
19/03/2026 07:30,21.27216267,20.91447036,21.47985498,20.8529319,21.36636913,In
19/03/2026 07:40,21.17216267,20.91447036,21.37985498,20.7529319,21.36636913,In
19/03/2026 07:50,21.27216267,21.11447036,21.47985498,20.7529319,21.36636913,In
19/03/2026 08:00,21.17216267,21.11447036,21.47985498,20.8529319,21.36636913,In
19/03/2026 08:10,21.17216267,20.91447036,21.37985498,20.8529319,21.36636913,In
19/03/2026 08:20,21.17216267,20.91447036,21.37985498,20.8529319,21.36636913,In
19/03/2026 08:30,21.27216267,21.11447036,21.37985498,20.7529319,21.36636913,In
19/03/2026 08:40,21.17216267,20.91447036,21.37985498,20.8529319,21.36636913,In
19/03/2026 08:50,21.27216267,21.11447036,21.37985498,20.8529319,21.36636913,In
19/03/2026 09:00,21.27216267,20.91447036,21.37985498,20.7529319,21.36636913,In
19/03/2026 09:10,21.17216267,20.91447036,21.37985498,20.8529319,21.36636913,In
19/03/2026 09:20,21.17216267,20.91447036,21.47985498,20.8529319,21.36636913,In
19/03/2026 09:30,21.27216267,20.91447036,21.37985498,20.8529319,21.36636913,In
19/03/2026 09:40,21.27216267,21.11447036,21.47985498,20.8529319,21.36636913,In
19/03/2026 09:50,21.17216267,20.91447036,21.47985498,20.7529319,21.48934834,In
19/03/2026 10:00,21.17216267,20.91447036,21.37985498,20.7529319,21.36636913,In
19/03/2026 10:10,21.17216267,21.11447036,21.47985498,20.8529319,21.36636913,In
19/03/2026 10:20,21.27216267,20.91447036,21.37985498,20.7529319,21.36636913,In
19/03/2026 10:30,21.27216267,21.11447036,21.37985498,20.8529319,21.36636913,In
19/03/2026 10:40,21.17216267,20.91447036,21.37985498,20.8529319,21.36636913,In
19/03/2026 10:50,21.17216267,20.91447036,21.37985498,20.7529319,21.36636913,In
19/03/2026 11:00,21.17216267,20.91447036,21.37985498,20.8529319,21.36636913,In
19/03/2026 11:10,21.17216267,21.11447036,21.37985498,20.8529319,21.36636913,In
19/03/2026 11:20,21.17216267,20.91447036,21.37985498,20.7529319,21.36636913,In
19/03/2026 11:30,21.17216267,20.91447036,21.37985498,20.8529319,21.36636913,In
19/03/2026 11:40,21.17216267,20.91447036,21.37985498,20.8529319,21.36636913,In
19/03/2026 11:50,21.17216267,20.91447036,21.37985498,20.7529319,21.36636913,In
19/03/2026 12:00,21.17216267,20.91447036,21.37985498,20.8529319,21.36636913,In
19/03/2026 12:10,21.17216267,20.91447036,21.37985498,20.8529319,21.36636913,In
19/03/2026 12:20,21.17216267,20.91447036,21.37985498,20.8529319,21.36636913,In
19/03/2026 12:30,21.17216267,20.91447036,21.47985498,20.7529319,21.36636913,In
19/03/2026 12:40,21.17216267,20.91447036,21.37985498,20.8529319,21.36636913,In
19/03/2026 12:50,21.17216267,20.91447036,21.37985498,20.8529319,21.36636913,In
19/03/2026 13:00,21.17216267,20.91447036,21.47985498,20.7529319,21.36636913,In
19/03/2026 13:10,21.17216267,20.91447036,21.37985498,20.7529319,21.36636913,In
19/03/2026 13:20,21.17216267,20.91447036,21.37985498,20.7529319,21.36636913,In
19/03/2026 13:30,21.17216267,20.91447036,21.37985498,20.7529319,21.36636913,In
19/03/2026 13:40,21.17216267,20.91447036,21.37985498,20.7529319,21.36636913,In
19/03/2026 13:50,21.17216267,21.11447036,21.37985498,20.7529319,21.36636913,In
19/03/2026 14:00,21.17216267,20.91447036,21.37985498,20.7529319,21.36636913,In
19/03/2026 14:10,21.17216267,20.91447036,21.37985498,20.8529319,21.36636913,In
19/03/2026 14:20,21.17216267,20.91447036,21.37985498,20.8529319,21.36636913,In
19/03/2026 14:30,21.17216267,20.91447036,21.37985498,20.7529319,21.36636913,In
19/03/2026 14:40,21.17216267,20.91447036,21.37985498,20.8529319,21.48934834,In
19/03/2026 14:50,21.17216267,20.91447036,21.37985498,20.7529319,21.36636913,In
19/03/2026 15:00,21.17216267,20.91447036,21.37985498,20.8529319,21.36636913,In
19/03/2026 15:10,21.17216267,20.91447036,21.37985498,20.8529319,21.36636913,In
19/03/2026 15:20,21.17216267,20.91447036,21.37985498,20.8529319,21.36636913,In
19/03/2026 15:30,21.17216267,20.91447036,21.37985498,20.8529319,21.36636913,In
19/03/2026 15:40,21.17216267,20.91447036,21.37985498,20.7529319,21.36636913,In
19/03/2026 15:50,21.17216267,20.91447036,21.37985498,20.7529319,21.36636913,In
19/03/2026 16:00,21.17216267,20.91447036,21.37985498,20.8529319,21.36636913,In
19/03/2026 16:10,21.17216267,20.91447036,21.37985498,20.8529319,21.36636913,In
19/03/2026 16:20,21.17216267,20.91447036,21.37985498,20.8529319,21.36636913,In
19/03/2026 16:30,21.17216267,20.91447036,21.37985498,20.8529319,21.36636913,In
19/03/2026 16:40,21.17216267,21.11447036,21.37985498,20.8529319,21.36636913,In
19/03/2026 16:50,21.17216267,21.11447036,21.37985498,20.8529319,21.36636913,In
19/03/2026 17:00,21.17216267,20.91447036,21.37985498,20.8529319,21.36636913,In
19/03/2026 17:10,21.17216267,20.91447036,21.37985498,20.8529319,21.36636913,In
19/03/2026 17:20,21.17216267,20.91447036,21.37985498,20.8529319,21.36636913,In
19/03/2026 17:30,21.17216267,20.91447036,21.37985498,20.7529319,21.36636913,In
19/03/2026 17:40,21.17216267,20.91447036,21.47985498,20.8529319,21.36636913,In
19/03/2026 17:50,21.27216267,20.91447036,21.37985498,20.8529319,21.36636913,In
19/03/2026 18:00,21.27216267,20.91447036,21.37985498,20.8529319,21.36636913,In
19/03/2026 18:10,21.27216267,20.91447036,21.37985498,20.7529319,21.36636913,In
19/03/2026 18:20,21.27216267,20.91447036,21.37985498,20.8529319,21.36636913,In
19/03/2026 18:30,21.27216267,21.11447036,21.37985498,20.8529319,21.36636913,In
19/03/2026 18:40,21.27216267,21.11447036,21.37985498,20.8529319,21.36636913,In
19/03/2026 18:50,21.27216267,20.91447036,21.37985498,20.8529319,21.36636913,In
19/03/2026 19:00,21.17216267,20.91447036,21.47985498,20.8529319,21.48934834,In
19/03/2026 19:10,21.17216267,20.91447036,21.37985498,20.7529319,21.36636913,In
19/03/2026 19:20,21.17216267,20.91447036,21.37985498,20.8529319,21.36636913,In
19/03/2026 19:30,21.17216267,20.91447036,21.37985498,20.8529319,21.36636913,In
19/03/2026 19:40,21.27216267,20.91447036,21.37985498,20.8529319,21.36636913,In
19/03/2026 19:50,21.17216267,20.91447036,21.37985498,20.8529319,21.36636913,In
19/03/2026 20:00,21.27216267,20.91447036,21.37985498,20.8529319,21.36636913,In
19/03/2026 20:10,21.17216267,20.91447036,21.37985498,20.8529319,21.36636913,In
19/03/2026 20:20,21.17216267,21.11447036,21.37985498,20.7529319,21.36636913,In
19/03/2026 20:30,21.27216267,20.91447036,21.37985498,20.8529319,21.36636913,In
19/03/2026 20:40,21.27216267,21.11447036,21.37985498,20.7529319,21.36636913,In
19/03/2026 20:50,21.17216267,21.11447036,21.37985498,20.8529319,21.36636913,In
19/03/2026 21:00,21.27216267,20.91447036,21.37985498,20.7529319,21.36636913,In
19/03/2026 21:10,21.27216267,21.11447036,21.37985498,20.8529319,21.36636913,In
19/03/2026 21:20,21.17216267,20.91447036,21.37985498,20.8529319,21.36636913,In
19/03/2026 21:30,21.27216267,21.11447036,21.37985498,20.8529319,21.36636913,In
19/03/2026 21:40,21.17216267,20.91447036,21.37985498,20.8529319,21.48934834,In
19/03/2026 21:50,21.17216267,21.11447036,21.47985498,20.7529319,21.36636913,In
19/03/2026 22:00,21.27216267,21.11447036,21.37985498,20.7529319,21.36636913,In
19/03/2026 22:10,21.27216267,21.11447036,21.37985498,20.8529319,21.36636913,In
19/03/2026 22:20,21.27216267,21.11447036,21.37985498,20.7529319,21.36636913,In
19/03/2026 22:30,21.17216267,21.11447036,21.37985498,20.7529319,21.48934834,In
19/03/2026 22:40,21.27216267,21.11447036,21.37985498,20.8529319,21.48934834,In
19/03/2026 22:50,21.27216267,20.91447036,21.37985498,20.8529319,21.36636913,In
19/03/2026 23:00,21.27216267,20.91447036,21.37985498,20.7529319,21.36636913,In
19/03/2026 23:10,21.17216267,21.11447036,21.47985498,20.8529319,21.36636913,In
19/03/2026 23:20,21.27216267,21.11447036,21.37985498,20.7529319,21.36636913,In
19/03/2026 23:30,21.27216267,20.91447036,21.37985498,20.7529319,21.36636913,In
19/03/2026 23:40,21.27216267,21.11447036,21.37985498,20.8529319,21.36636913,In
19/03/2026 23:50,21.17216267,20.91447036,21.37985498,20.8529319,21.36636913,In
20/03/2026 00:00,21.17216267,20.91447036,21.37985498,20.8529319,21.36636913,In
20/03/2026 00:10,21.17216267,21.11447036,21.47985498,20.7529319,21.36636913,In
20/03/2026 00:20,21.17216267,21.11447036,21.37985498,20.8529319,21.36636913,In
20/03/2026 00:30,21.17216267,21.11447036,21.47985498,20.8529319,21.36636913,In
20/03/2026 00:40,21.27216267,21.11447036,21.37985498,20.8529319,21.36636913,In
20/03/2026 00:50,21.17216267,21.11447036,21.47985498,20.8529319,21.36636913,In
20/03/2026 01:00,21.17216267,21.11447036,21.37985498,20.8529319,21.36636913,In
20/03/2026 01:10,21.17216267,21.11447036,21.37985498,20.8529319,21.36636913,In
20/03/2026 01:20,21.27216267,20.91447036,21.37985498,20.8529319,21.36636913,In
20/03/2026 01:30,21.17216267,20.91447036,21.37985498,20.8529319,21.36636913,In
20/03/2026 01:40,21.17216267,20.91447036,21.37985498,20.8529319,21.36636913,In
20/03/2026 01:50,21.27216267,20.91447036,21.37985498,20.7529319,21.36636913,In
20/03/2026 02:00,21.27216267,20.91447036,21.37985498,20.8529319,21.36636913,In
20/03/2026 02:10,21.17216267,20.91447036,21.37985498,20.8529319,21.36636913,In
20/03/2026 02:20,21.17216267,20.91447036,21.37985498,20.8529319,21.36636913,In
20/03/2026 02:30,21.27216267,20.91447036,21.37985498,20.8529319,21.36636913,In
20/03/2026 02:40,21.17216267,20.91447036,21.47985498,20.8529319,21.36636913,In
20/03/2026 02:50,21.27216267,21.11447036,21.37985498,20.8529319,21.36636913,In
20/03/2026 03:00,21.17216267,21.11447036,21.37985498,20.8529319,21.36636913,In
20/03/2026 03:10,21.17216267,20.91447036,21.37985498,20.7529319,21.36636913,In
20/03/2026 03:20,21.27216267,21.11447036,21.37985498,20.8529319,21.36636913,In
20/03/2026 03:30,21.27216267,21.11447036,21.37985498,20.8529319,21.48934834,In
20/03/2026 03:40,21.27216267,20.91447036,21.47985498,20.8529319,21.36636913,In
20/03/2026 03:50,21.17216267,20.91447036,21.37985498,20.7529319,21.36636913,In
20/03/2026 04:00,21.17216267,20.91447036,21.37985498,20.7529319,21.36636913,In
20/03/2026 04:10,21.17216267,21.11447036,21.37985498,20.8529319,21.36636913,In
20/03/2026 04:20,21.17216267,21.11447036,21.37985498,20.8529319,21.36636913,In
20/03/2026 04:30,21.27216267,20.91447036,21.37985498,20.7529319,21.36636913,In
20/03/2026 04:40,21.27216267,20.91447036,21.37985498,20.7529319,21.36636913,In
20/03/2026 04:50,21.17216267,20.91447036,21.47985498,20.8529319,21.36636913,In
20/03/2026 05:00,21.17216267,20.91447036,21.47985498,20.8529319,21.36636913,In
20/03/2026 05:10,21.27216267,21.11447036,21.47985498,20.8529319,21.36636913,In
20/03/2026 05:20,21.27216267,20.91447036,21.37985498,20.8529319,21.36636913,In
20/03/2026 05:30,21.27216267,20.91447036,21.37985498,20.8529319,21.36636913,In
20/03/2026 05:40,21.27216267,20.91447036,21.37985498,20.8529319,21.36636913,In
20/03/2026 05:50,21.17216267,21.11447036,21.47985498,20.7529319,21.36636913,In
20/03/2026 06:00,21.27216267,21.11447036,21.37985498,20.7529319,21.36636913,In
20/03/2026 06:10,21.17216267,20.91447036,21.37985498,20.8529319,21.36636913,In
20/03/2026 06:20,21.17216267,20.91447036,21.37985498,20.8529319,21.36636913,In
20/03/2026 06:30,21.17216267,20.91447036,21.37985498,20.7529319,21.36636913,In
20/03/2026 06:40,21.17216267,20.91447036,21.37985498,20.8529319,21.36636913,In
20/03/2026 06:50,21.17216267,20.91447036,21.37985498,20.7529319,21.36636913,In
20/03/2026 07:00,21.27216267,20.91447036,21.37985498,20.8529319,21.36636913,In
20/03/2026 07:10,21.27216267,20.91447036,21.37985498,20.7529319,21.36636913,In
20/03/2026 07:20,21.27216267,20.91447036,21.37985498,20.8529319,21.36636913,In
20/03/2026 07:30,21.17216267,21.11447036,21.37985498,20.8529319,21.36636913,In
20/03/2026 07:40,21.17216267,20.91447036,21.37985498,20.7529319,21.36636913,In
20/03/2026 07:50,21.27216267,21.11447036,21.47985498,20.7529319,21.36636913,In
20/03/2026 08:00,21.27216267,21.11447036,21.37985498,20.8529319,21.48934834,In
20/03/2026 08:10,21.17216267,20.91447036,21.37985498,20.8529319,21.36636913,In
20/03/2026 08:20,21.17216267,21.11447036,21.37985498,20.8529319,21.36636913,In
20/03/2026 08:30,21.17216267,20.91447036,21.37985498,20.8529319,21.48934834,In
20/03/2026 08:40,21.17216267,20.91447036,21.47985498,20.7529319,21.36636913,In
20/03/2026 08:50,21.17216267,20.91447036,21.37985498,20.8529319,21.36636913,In
20/03/2026 09:00,21.27216267,20.91447036,21.37985498,20.7529319,21.36636913,In
20/03/2026 09:10,21.17216267,21.11447036,21.37985498,20.8529319,21.36636913,In
20/03/2026 09:20,21.17216267,21.11447036,21.37985498,20.8529319,21.36636913,In
20/03/2026 09:30,21.27216267,21.11447036,21.37985498,20.8529319,21.36636913,In
20/03/2026 09:40,21.17216267,21.11447036,21.37985498,20.8529319,21.36636913,In
20/03/2026 09:50,21.27216267,20.91447036,21.37985498,20.8529319,21.36636913,In
20/03/2026 10:00,21.27216267,20.91447036,21.37985498,20.7529319,21.36636913,In
20/03/2026 10:10,21.27216267,21.11447036,21.47985498,20.8529319,21.36636913,In
20/03/2026 10:20,21.17216267,20.91447036,21.37985498,20.8529319,21.36636913,In
20/03/2026 10:30,21.27216267,21.11447036,21.37985498,20.7529319,21.36636913,In
20/03/2026 10:40,21.17216267,21.11447036,21.47985498,20.7529319,21.36636913,In
20/03/2026 10:50,21.27216267,21.11447036,21.37985498,20.8529319,21.36636913,In
20/03/2026 11:00,21.17216267,21.11447036,21.47985498,20.8529319,21.36636913,In
20/03/2026 11:10,21.27216267,20.91447036,21.47985498,20.8529319,21.36636913,In
20/03/2026 11:20,21.17216267,21.11447036,21.47985498,20.8529319,21.36636913,In
20/03/2026 11:30,21.17216267,21.11447036,21.37985498,20.8529319,21.36636913,In
20/03/2026 11:40,21.27216267,21.11447036,21.37985498,20.8529319,21.48934834,In
20/03/2026 11:50,21.17216267,20.91447036,21.47985498,20.8529319,21.48934834,In
20/03/2026 12:00,21.27216267,21.11447036,21.47985498,20.8529319,21.36636913,In
20/03/2026 12:10,21.27216267,21.11447036,21.37985498,20.8529319,21.36636913,In
20/03/2026 12:20,21.27216267,20.91447036,21.47985498,20.8529319,21.36636913,In
20/03/2026 12:30,21.27216267,21.11447036,21.37985498,20.7529319,21.36636913,In
20/03/2026 12:40,21.17216267,21.11447036,21.37985498,20.7529319,21.36636913,In
20/03/2026 12:50,21.17216267,21.11447036,21.37985498,20.8529319,21.36636913,In
20/03/2026 13:00,21.17216267,21.11447036,21.37985498,20.8529319,21.36636913,In
20/03/2026 13:10,21.27216267,20.91447036,21.37985498,20.8529319,21.36636913,In
20/03/2026 13:20,21.17216267,21.11447036,21.37985498,20.8529319,21.36636913,In
20/03/2026 13:30,21.17216267,20.91447036,21.37985498,20.8529319,21.48934834,In
20/03/2026 13:40,21.17216267,20.91447036,21.37985498,20.8529319,21.36636913,In
20/03/2026 13:50,21.17216267,20.91447036,21.37985498,20.8529319,21.36636913,In
20/03/2026 14:00,21.17216267,20.91447036,21.37985498,20.8529319,21.36636913,In
20/03/2026 14:10,21.17216267,20.91447036,21.37985498,20.8529319,21.36636913,In
20/03/2026 14:20,21.17216267,20.91447036,21.37985498,20.7529319,21.36636913,In
20/03/2026 14:30,21.17216267,20.91447036,21.37985498,20.7529319,21.48934834,In
20/03/2026 14:40,21.17216267,20.91447036,21.37985498,20.8529319,21.36636913,In
20/03/2026 14:50,21.17216267,20.91447036,21.37985498,20.8529319,21.36636913,In
20/03/2026 15:00,21.17216267,20.91447036,21.37985498,20.8529319,21.48934834,In
20/03/2026 15:10,21.17216267,21.11447036,21.37985498,20.8529319,21.36636913,In
20/03/2026 15:20,21.17216267,20.91447036,21.37985498,20.8529319,21.36636913,In
20/03/2026 15:30,21.27216267,21.11447036,21.37985498,20.8529319,21.36636913,In
20/03/2026 15:40,21.17216267,21.11447036,21.37985498,20.8529319,21.48934834,In
20/03/2026 15:50,21.27216267,20.91447036,21.37985498,20.8529319,21.48934834,In
20/03/2026 16:00,21.27216267,21.11447036,21.47985498,20.8529319,21.48934834,In
20/03/2026 16:10,21.17216267,20.91447036,21.47985498,20.8529319,21.36636913,In
20/03/2026 16:20,21.27216267,21.11447036,21.47985498,20.8529319,21.36636913,In
20/03/2026 16:30,21.27216267,21.11447036,21.37985498,20.8529319,21.36636913,In
20/03/2026 16:40,21.27216267,21.11447036,21.47985498,20.8529319,21.36636913,In
20/03/2026 16:50,21.17216267,21.11447036,21.47985498,20.8529319,21.36636913,In
20/03/2026 17:00,21.27216267,21.11447036,21.37985498,20.8529319,21.36636913,In
20/03/2026 17:10,21.27216267,21.11447036,21.47985498,20.8529319,21.48934834,In
20/03/2026 17:20,21.27216267,21.11447036,21.37985498,20.8529319,21.48934834,In
20/03/2026 17:30,21.27216267,21.11447036,21.47985498,20.8529319,21.36636913,In
20/03/2026 17:40,21.27216267,20.91447036,21.47985498,20.8529319,21.36636913,In
20/03/2026 17:50,21.27216267,21.11447036,21.47985498,20.8529319,21.36636913,In
20/03/2026 18:00,21.27216267,21.11447036,21.47985498,20.8529319,21.36636913,In
20/03/2026 18:10,21.27216267,21.11447036,21.37985498,20.7529319,21.36636913,In
20/03/2026 18:20,21.27216267,21.11447036,21.47985498,20.8529319,21.48934834,In
20/03/2026 18:30,21.27216267,21.11447036,21.47985498,20.8529319,21.48934834,In
20/03/2026 18:40,21.27216267,21.11447036,21.37985498,20.8529319,21.48934834,In
20/03/2026 18:50,21.27216267,21.11447036,21.47985498,20.8529319,21.48934834,In
20/03/2026 19:00,21.27216267,21.11447036,21.37985498,20.8529319,21.48934834,In
20/03/2026 19:10,21.27216267,21.11447036,21.37985498,20.8529319,21.48934834,In
20/03/2026 19:20,21.17216267,20.91447036,21.47985498,20.7529319,21.36636913,In
20/03/2026 19:30,21.27216267,21.11447036,21.37985498,20.8529319,21.36636913,In
20/03/2026 19:40,21.27216267,21.11447036,21.37985498,20.8529319,21.36636913,In
20/03/2026 19:50,21.27216267,21.11447036,21.47985498,20.8529319,21.36636913,In
20/03/2026 20:00,21.27216267,21.11447036,21.37985498,20.8529319,21.36636913,In
20/03/2026 20:10,21.27216267,21.11447036,21.37985498,21.0529319,21.36636913,In
20/03/2026 20:20,21.27216267,21.11447036,21.47985498,20.8529319,21.36636913,In
20/03/2026 20:30,21.27216267,21.11447036,21.47985498,20.8529319,21.36636913,In
20/03/2026 20:40,21.27216267,21.11447036,21.47985498,21.0529319,21.48934834,In
20/03/2026 20:50,21.27216267,21.11447036,21.47985498,20.8529319,21.36636913,In
20/03/2026 21:00,21.27216267,21.11447036,21.47985498,20.8529319,21.48934834,In
20/03/2026 21:10,21.27216267,21.11447036,21.37985498,20.8529319,21.36636913,In
20/03/2026 21:20,21.27216267,21.11447036,21.47985498,20.8529319,21.36636913,In
20/03/2026 21:30,21.27216267,21.11447036,21.47985498,20.8529319,21.36636913,In
20/03/2026 21:40,21.27216267,21.11447036,21.37985498,20.8529319,21.36636913,In
20/03/2026 21:50,21.27216267,21.11447036,21.47985498,20.8529319,21.48934834,In
20/03/2026 22:00,21.27216267,21.11447036,21.47985498,20.8529319,21.48934834,In
20/03/2026 22:10,21.27216267,21.11447036,21.37985498,20.8529319,21.36636913,In
20/03/2026 22:20,21.27216267,21.11447036,21.47985498,21.0529319,21.48934834,In
20/03/2026 22:30,21.17216267,21.11447036,21.37985498,20.8529319,21.48934834,In
20/03/2026 22:40,21.17216267,21.11447036,21.47985498,20.8529319,21.36636913,In
20/03/2026 22:50,21.27216267,21.11447036,21.37985498,20.8529319,21.48934834,In
20/03/2026 23:00,21.27216267,21.11447036,21.37985498,20.8529319,21.36636913,In
20/03/2026 23:10,21.27216267,21.11447036,21.47985498,20.8529319,21.36636913,In
20/03/2026 23:20,21.17216267,21.11447036,21.47985498,20.8529319,21.36636913,In
20/03/2026 23:30,21.27216267,21.11447036,21.47985498,20.8529319,21.48934834,In
20/03/2026 23:40,21.27216267,21.11447036,21.37985498,20.8529319,21.48934834,In
20/03/2026 23:50,21.27216267,21.11447036,21.37985498,20.8529319,21.36636913,In
21/03/2026 00:00,21.27216267,21.11447036,21.47985498,20.8529319,21.36636913,In
21/03/2026 00:10,21.27216267,21.11447036,21.47985498,21.0529319,21.36636913,In
21/03/2026 00:20,21.27216267,21.11447036,21.47985498,20.8529319,21.48934834,In
21/03/2026 00:30,21.27216267,21.11447036,21.47985498,20.8529319,21.48934834,In
21/03/2026 00:40,21.27216267,20.91447036,21.47985498,20.8529319,21.48934834,In
21/03/2026 00:50,21.17216267,21.11447036,21.47985498,21.0529319,21.48934834,In
21/03/2026 01:00,21.27216267,21.11447036,21.47985498,20.8529319,21.36636913,In
21/03/2026 01:10,21.27216267,21.11447036,21.47985498,20.8529319,21.48934834,In
21/03/2026 01:20,21.27216267,21.11447036,21.47985498,21.0529319,21.48934834,In
21/03/2026 01:30,21.27216267,21.11447036,21.47985498,21.0529319,21.48934834,In
21/03/2026 01:40,21.27216267,21.11447036,21.47985498,20.8529319,21.48934834,In
21/03/2026 01:50,21.27216267,21.11447036,21.47985498,20.8529319,21.48934834,In
21/03/2026 02:00,21.27216267,21.11447036,21.47985498,21.0529319,21.48934834,In
21/03/2026 02:10,21.27216267,21.21447036,21.47985498,21.0529319,21.61232755,In
21/03/2026 02:20,21.27216267,21.11447036,21.47985498,20.8529319,21.61232755,In
21/03/2026 02:30,21.37216267,21.11447036,21.47985498,21.0529319,21.48934834,In
21/03/2026 02:40,21.37216267,21.11447036,21.47985498,20.8529319,21.48934834,In
21/03/2026 02:50,21.37216267,21.21447036,21.47985498,21.0529319,21.61232755,In
21/03/2026 03:00,21.37216267,21.11447036,21.47985498,20.8529319,21.48934834,In
21/03/2026 03:10,21.27216267,21.11447036,21.47985498,20.8529319,21.48934834,In
21/03/2026 03:20,21.27216267,21.11447036,21.47985498,20.8529319,21.48934834,In
21/03/2026 03:30,21.27216267,21.11447036,21.47985498,20.8529319,21.36636913,In
21/03/2026 03:40,21.27216267,21.11447036,21.47985498,20.8529319,21.36636913,In
21/03/2026 03:50,21.27216267,21.11447036,21.37985498,20.8529319,21.48934834,In
21/03/2026 04:00,21.27216267,21.11447036,21.47985498,20.8529319,21.36636913,In
21/03/2026 04:10,21.27216267,21.11447036,21.47985498,20.8529319,21.48934834,In
21/03/2026 04:20,21.27216267,21.11447036,21.47985498,20.8529319,21.48934834,In
21/03/2026 04:30,21.27216267,21.11447036,21.47985498,20.8529319,21.48934834,In
21/03/2026 04:40,21.27216267,21.11447036,21.47985498,20.8529319,21.36636913,In
21/03/2026 04:50,21.27216267,21.11447036,21.47985498,20.8529319,21.36636913,In
21/03/2026 05:00,21.27216267,21.11447036,21.47985498,20.8529319,21.48934834,In
21/03/2026 05:10,21.27216267,21.11447036,21.47985498,20.8529319,21.48934834,In
21/03/2026 05:20,21.27216267,21.11447036,21.47985498,20.8529319,21.48934834,In
21/03/2026 05:30,21.37216267,21.11447036,21.47985498,20.8529319,21.36636913,In
21/03/2026 05:40,21.27216267,21.11447036,21.47985498,20.8529319,21.48934834,In
21/03/2026 05:50,21.27216267,21.11447036,21.47985498,20.8529319,21.48934834,In
21/03/2026 06:00,21.27216267,21.11447036,21.47985498,21.0529319,21.48934834,In
21/03/2026 06:10,21.27216267,21.11447036,21.47985498,21.0529319,21.48934834,In
21/03/2026 06:20,21.27216267,21.11447036,21.47985498,21.0529319,21.48934834,In
21/03/2026 06:30,21.27216267,21.11447036,21.47985498,20.8529319,21.48934834,In
21/03/2026 06:40,21.27216267,21.11447036,21.47985498,20.8529319,21.48934834,In
21/03/2026 06:50,21.27216267,21.11447036,21.47985498,20.8529319,21.48934834,In
21/03/2026 07:00,21.27216267,21.11447036,21.47985498,20.8529319,21.48934834,In
21/03/2026 07:10,21.27216267,21.11447036,21.47985498,20.8529319,21.36636913,In
21/03/2026 07:20,21.27216267,21.11447036,21.47985498,20.8529319,21.48934834,In
21/03/2026 07:30,21.27216267,21.11447036,21.47985498,21.0529319,21.36636913,In
21/03/2026 07:40,21.27216267,21.11447036,21.47985498,20.8529319,21.48934834,In
21/03/2026 07:50,21.27216267,21.11447036,21.47985498,20.8529319,21.36636913,In
21/03/2026 08:00,21.27216267,21.11447036,21.47985498,20.8529319,21.36636913,In
21/03/2026 08:10,21.37216267,21.11447036,21.47985498,21.0529319,21.36636913,In
21/03/2026 08:20,21.27216267,21.11447036,21.47985498,20.8529319,21.48934834,In
21/03/2026 08:30,21.17216267,21.11447036,21.47985498,21.0529319,21.48934834,In
21/03/2026 08:40,21.27216267,21.21447036,21.47985498,20.8529319,21.48934834,In
21/03/2026 08:50,21.27216267,21.11447036,21.47985498,20.8529319,21.48934834,In
21/03/2026 09:00,21.27216267,21.11447036,21.47985498,21.0529319,21.48934834,In
21/03/2026 09:10,21.17216267,21.11447036,21.47985498,20.8529319,21.36636913,In
21/03/2026 09:20,21.27216267,21.11447036,21.47985498,20.8529319,21.48934834,In
21/03/2026 09:30,21.27216267,21.11447036,21.47985498,20.8529319,21.48934834,In
21/03/2026 09:40,21.27216267,21.11447036,21.47985498,20.8529319,21.48934834,In
21/03/2026 09:50,21.27216267,21.11447036,21.47985498,20.8529319,21.48934834,In
21/03/2026 10:00,21.27216267,21.11447036,21.37985498,20.8529319,21.48934834,In
21/03/2026 10:10,21.27216267,21.11447036,21.47985498,20.8529319,21.48934834,In
21/03/2026 10:20,21.27216267,21.11447036,21.47985498,20.8529319,21.36636913,In
21/03/2026 10:30,21.27216267,21.11447036,21.47985498,20.8529319,21.48934834,In
21/03/2026 10:40,21.27216267,21.11447036,21.47985498,20.8529319,21.36636913,In
21/03/2026 10:50,21.27216267,21.11447036,21.47985498,21.0529319,21.48934834,In
21/03/2026 11:00,21.27216267,21.11447036,21.47985498,20.8529319,21.48934834,In
21/03/2026 11:10,21.27216267,21.11447036,21.47985498,20.8529319,21.48934834,In
21/03/2026 11:20,21.27216267,21.11447036,21.47985498,20.8529319,21.36636913,In
21/03/2026 11:30,21.27216267,21.11447036,21.47985498,20.8529319,21.48934834,In
21/03/2026 11:40,21.27216267,21.11447036,21.47985498,20.8529319,21.36636913,In
21/03/2026 11:50,21.27216267,20.91447036,21.47985498,20.8529319,21.48934834,In
21/03/2026 12:00,21.27216267,21.11447036,21.47985498,20.8529319,21.48934834,In
21/03/2026 12:10,21.27216267,21.11447036,21.47985498,21.0529319,21.48934834,In
21/03/2026 12:20,21.27216267,21.11447036,21.47985498,20.8529319,21.48934834,In
21/03/2026 12:30,21.27216267,21.11447036,21.37985498,20.8529319,21.36636913,In
21/03/2026 12:40,21.27216267,21.11447036,21.47985498,20.8529319,21.36636913,In
21/03/2026 12:50,21.27216267,21.11447036,21.47985498,20.8529319,21.48934834,In
21/03/2026 13:00,21.27216267,21.11447036,21.47985498,20.8529319,21.48934834,In
21/03/2026 13:10,21.27216267,21.11447036,21.47985498,20.8529319,21.48934834,In
21/03/2026 13:20,21.27216267,21.11447036,21.47985498,20.8529319,21.48934834,In
21/03/2026 13:30,21.27216267,21.11447036,21.47985498,20.8529319,21.36636913,In
21/03/2026 13:40,21.27216267,21.11447036,21.47985498,20.8529319,21.36636913,In
21/03/2026 13:50,21.27216267,21.11447036,21.47985498,20.8529319,21.36636913,In
21/03/2026 14:00,21.27216267,21.11447036,21.47985498,20.8529319,21.48934834,In
21/03/2026 14:10,21.27216267,21.11447036,21.47985498,20.8529319,21.48934834,In
21/03/2026 14:20,21.27216267,21.11447036,21.47985498,21.0529319,21.48934834,In
21/03/2026 14:30,21.27216267,21.11447036,21.47985498,20.8529319,21.36636913,In
21/03/2026 14:40,21.27216267,21.11447036,21.47985498,20.8529319,21.48934834,In
21/03/2026 14:50,21.27216267,20.91447036,21.47985498,20.8529319,21.48934834,In
21/03/2026 15:00,21.27216267,21.11447036,21.47985498,20.8529319,21.36636913,In
21/03/2026 15:10,21.27216267,21.11447036,21.47985498,20.8529319,21.36636913,In
21/03/2026 15:20,21.27216267,21.11447036,21.47985498,20.8529319,21.48934834,In
21/03/2026 15:30,21.17216267,21.11447036,21.37985498,20.8529319,21.48934834,In
21/03/2026 15:40,21.17216267,21.11447036,21.47985498,21.0529319,21.48934834,In
21/03/2026 15:50,21.27216267,20.91447036,21.47985498,21.0529319,21.48934834,In
21/03/2026 16:00,21.17216267,21.11447036,21.47985498,20.8529319,21.48934834,In
21/03/2026 16:10,21.27216267,21.11447036,21.47985498,21.0529319,21.48934834,In
21/03/2026 16:20,21.27216267,21.11447036,21.47985498,20.8529319,21.48934834,In
21/03/2026 16:30,21.27216267,21.11447036,21.47985498,20.8529319,21.48934834,In
21/03/2026 16:40,21.27216267,21.11447036,21.47985498,20.8529319,21.48934834,In
21/03/2026 16:50,21.27216267,21.11447036,21.47985498,20.8529319,21.48934834,In
21/03/2026 17:00,21.27216267,21.11447036,21.47985498,20.8529319,21.48934834,In
21/03/2026 17:10,21.27216267,21.11447036,21.47985498,20.8529319,21.48934834,In
21/03/2026 17:20,21.27216267,21.11447036,21.37985498,20.8529319,21.48934834,In
21/03/2026 17:30,21.27216267,21.11447036,21.47985498,20.8529319,21.36636913,In
21/03/2026 17:40,21.37216267,21.11447036,21.47985498,20.8529319,21.48934834,In
21/03/2026 17:50,21.27216267,21.11447036,21.67985498,20.8529319,21.36636913,In
21/03/2026 18:00,21.37216267,21.11447036,21.47985498,20.8529319,21.36636913,In
21/03/2026 18:10,21.27216267,21.11447036,21.47985498,20.8529319,21.48934834,In
21/03/2026 18:20,21.37216267,21.11447036,21.47985498,20.8529319,21.48934834,In
21/03/2026 18:30,21.37216267,21.11447036,21.47985498,20.8529319,21.48934834,In
21/03/2026 18:40,21.27216267,21.11447036,21.47985498,20.8529319,21.48934834,In
21/03/2026 18:50,21.37216267,21.11447036,21.47985498,21.0529319,21.36636913,In
21/03/2026 19:00,21.37216267,21.21447036,21.47985498,20.8529319,21.48934834,In
21/03/2026 19:10,21.27216267,21.21447036,21.47985498,20.8529319,21.48934834,In
21/03/2026 19:20,21.27216267,21.11447036,21.47985498,20.8529319,21.48934834,In
21/03/2026 19:30,21.37216267,21.11447036,21.47985498,20.8529319,21.36636913,In
21/03/2026 19:40,21.27216267,21.11447036,21.47985498,20.8529319,21.36636913,In
21/03/2026 19:50,21.27216267,21.11447036,21.47985498,20.8529319,21.48934834,In
21/03/2026 20:00,21.27216267,21.11447036,21.47985498,20.8529319,21.48934834,In
21/03/2026 20:10,21.27216267,21.11447036,21.47985498,20.8529319,21.48934834,In
21/03/2026 20:20,21.37216267,21.11447036,21.47985498,20.8529319,21.48934834,In
21/03/2026 20:30,21.37216267,21.11447036,21.47985498,20.8529319,21.48934834,In
21/03/2026 20:40,21.37216267,21.11447036,21.47985498,20.8529319,21.48934834,In
21/03/2026 20:50,21.27216267,21.11447036,21.47985498,20.8529319,21.48934834,In
21/03/2026 21:00,21.27216267,21.11447036,21.37985498,20.8529319,21.36636913,In
21/03/2026 21:10,21.27216267,21.11447036,21.47985498,20.8529319,21.48934834,In
21/03/2026 21:20,21.27216267,21.11447036,21.37985498,21.0529319,21.48934834,In
21/03/2026 21:30,21.27216267,21.11447036,21.47985498,21.0529319,21.48934834,In
21/03/2026 21:40,21.27216267,21.11447036,21.47985498,20.8529319,21.36636913,In
21/03/2026 21:50,21.27216267,21.11447036,21.47985498,20.8529319,21.36636913,In
21/03/2026 22:00,21.27216267,20.91447036,21.47985498,20.8529319,21.48934834,In
21/03/2026 22:10,21.27216267,21.11447036,21.47985498,20.8529319,21.36636913,In
21/03/2026 22:20,21.27216267,21.11447036,21.47985498,20.8529319,21.48934834,In
21/03/2026 22:30,21.27216267,21.11447036,21.47985498,20.7529319,21.48934834,In
21/03/2026 22:40,21.27216267,21.21447036,21.47985498,20.8529319,21.48934834,In
21/03/2026 22:50,21.27216267,21.11447036,21.47985498,20.8529319,21.48934834,In
21/03/2026 23:00,21.27216267,20.91447036,21.47985498,20.8529319,21.36636913,In
21/03/2026 23:10,21.27216267,21.11447036,21.47985498,20.8529319,21.48934834,In
21/03/2026 23:20,21.27216267,21.11447036,21.47985498,20.8529319,21.48934834,In
21/03/2026 23:30,21.37216267,21.11447036,21.37985498,20.8529319,21.36636913,In
21/03/2026 23:40,21.27216267,21.11447036,21.37985498,20.8529319,21.48934834,In
21/03/2026 23:50,21.27216267,20.91447036,21.47985498,20.8529319,21.48934834,In
22/03/2026 00:00,21.27216267,21.11447036,21.47985498,20.8529319,21.48934834,In
22/03/2026 00:10,21.17216267,21.11447036,21.37985498,20.8529319,21.48934834,In
22/03/2026 00:20,21.27216267,21.11447036,21.37985498,20.8529319,21.48934834,In
22/03/2026 00:30,21.27216267,21.11447036,21.37985498,20.8529319,21.48934834,In
22/03/2026 00:40,21.27216267,21.11447036,21.47985498,20.8529319,21.48934834,In
22/03/2026 00:50,21.27216267,21.11447036,21.47985498,20.8529319,21.48934834,In
22/03/2026 01:00,21.27216267,21.11447036,21.37985498,20.8529319,21.36636913,In
22/03/2026 01:10,21.27216267,21.11447036,21.37985498,20.8529319,21.36636913,In
22/03/2026 01:20,21.27216267,21.11447036,21.37985498,21.0529319,21.48934834,In
22/03/2026 01:30,21.17216267,21.11447036,21.47985498,20.8529319,21.48934834,In
22/03/2026 01:40,21.27216267,21.11447036,21.37985498,20.8529319,21.48934834,In
22/03/2026 01:50,21.27216267,21.11447036,21.47985498,20.8529319,21.48934834,In
22/03/2026 02:00,21.27216267,21.11447036,21.37985498,20.7529319,21.36636913,In
22/03/2026 02:10,21.27216267,21.11447036,21.37985498,20.8529319,21.48934834,In
22/03/2026 02:20,21.27216267,21.11447036,21.47985498,20.8529319,21.48934834,In
22/03/2026 02:30,21.17216267,20.91447036,21.47985498,20.8529319,21.36636913,In
22/03/2026 02:40,21.27216267,21.11447036,21.37985498,20.8529319,21.48934834,In
22/03/2026 02:50,21.27216267,21.11447036,21.47985498,20.8529319,21.36636913,In
22/03/2026 03:00,21.27216267,21.11447036,21.37985498,20.8529319,21.36636913,In
22/03/2026 03:10,21.27216267,20.91447036,21.37985498,20.8529319,21.48934834,In
22/03/2026 03:20,21.27216267,20.91447036,21.37985498,20.8529319,21.36636913,In
22/03/2026 03:30,21.27216267,21.11447036,21.47985498,20.8529319,21.36636913,In
22/03/2026 03:40,21.27216267,21.11447036,21.37985498,20.8529319,21.48934834,In
22/03/2026 03:50,21.17216267,20.91447036,21.37985498,20.8529319,21.48934834,In
22/03/2026 04:00,21.17216267,21.11447036,21.37985498,20.8529319,21.36636913,In
22/03/2026 04:10,21.17216267,20.91447036,21.37985498,20.8529319,21.36636913,In
22/03/2026 04:20,21.17216267,20.91447036,21.37985498,20.8529319,21.36636913,In
22/03/2026 04:30,21.17216267,20.91447036,21.47985498,20.8529319,21.36636913,In
22/03/2026 04:40,21.17216267,20.91447036,21.37985498,20.7529319,21.36636913,In
22/03/2026 04:50,21.17216267,20.91447036,21.37985498,20.8529319,21.36636913,In
22/03/2026 05:00,21.17216267,21.11447036,21.37985498,20.8529319,21.48934834,In
22/03/2026 05:10,21.17216267,21.11447036,21.37985498,20.8529319,21.48934834,In
22/03/2026 05:20,21.17216267,21.11447036,21.37985498,20.8529319,21.36636913,In
22/03/2026 05:30,21.17216267,20.91447036,21.37985498,20.8529319,21.36636913,In
22/03/2026 05:40,21.27216267,21.11447036,21.37985498,20.8529319,21.36636913,In
22/03/2026 05:50,21.17216267,21.11447036,21.37985498,20.8529319,21.36636913,In
22/03/2026 06:00,21.27216267,20.91447036,21.37985498,20.8529319,21.36636913,In
22/03/2026 06:10,21.17216267,20.91447036,21.37985498,20.8529319,21.36636913,In
22/03/2026 06:20,21.17216267,21.11447036,21.37985498,20.7529319,21.36636913,In
22/03/2026 06:30,21.17216267,20.91447036,21.37985498,20.8529319,21.36636913,In
22/03/2026 06:40,21.17216267,20.91447036,21.37985498,20.8529319,21.36636913,In
22/03/2026 06:50,21.17216267,20.91447036,21.37985498,20.8529319,21.48934834,In
22/03/2026 07:00,21.17216267,20.91447036,21.37985498,20.8529319,21.36636913,In
22/03/2026 07:10,21.17216267,20.91447036,21.37985498,20.7529319,21.36636913,In
22/03/2026 07:20,21.17216267,20.91447036,21.37985498,20.8529319,21.36636913,In
22/03/2026 07:30,21.17216267,20.91447036,21.37985498,20.8529319,21.36636913,In
22/03/2026 07:40,21.17216267,20.91447036,21.37985498,20.8529319,21.48934834,In
22/03/2026 07:50,21.17216267,20.91447036,21.47985498,20.8529319,21.36636913,In
22/03/2026 08:00,21.17216267,20.91447036,21.37985498,20.8529319,21.36636913,In
22/03/2026 08:10,21.17216267,20.91447036,21.37985498,20.8529319,21.36636913,In
22/03/2026 08:20,21.17216267,20.91447036,21.37985498,20.8529319,21.36636913,In
22/03/2026 08:30,21.17216267,20.91447036,21.37985498,20.8529319,21.36636913,In
22/03/2026 08:40,21.17216267,20.91447036,21.37985498,20.8529319,21.36636913,In
22/03/2026 08:50,21.17216267,20.91447036,21.37985498,20.8529319,21.36636913,In
22/03/2026 09:00,21.17216267,20.91447036,21.37985498,20.8529319,21.48934834,In
22/03/2026 09:10,21.17216267,20.91447036,21.37985498,20.7529319,21.36636913,In
22/03/2026 09:20,21.27216267,20.91447036,21.37985498,20.8529319,21.36636913,In
22/03/2026 09:30,21.17216267,20.91447036,21.37985498,20.8529319,21.36636913,In
22/03/2026 09:40,21.17216267,20.91447036,21.47985498,20.8529319,21.36636913,In
22/03/2026 09:50,21.07216267,20.91447036,21.37985498,20.8529319,21.36636913,In
22/03/2026 10:00,21.17216267,20.91447036,21.37985498,20.7529319,21.48934834,In
22/03/2026 10:10,21.17216267,20.91447036,21.37985498,20.7529319,21.36636913,In
22/03/2026 10:20,21.07216267,20.91447036,21.37985498,20.8529319,21.36636913,In
22/03/2026 10:30,21.07216267,20.91447036,21.47985498,20.8529319,21.36636913,In
22/03/2026 10:40,21.17216267,20.91447036,21.37985498,20.8529319,21.36636913,In
22/03/2026 10:50,21.17216267,20.91447036,21.37985498,20.8529319,21.36636913,In
22/03/2026 11:00,21.17216267,20.91447036,21.37985498,20.8529319,21.36636913,In
22/03/2026 11:10,21.17216267,20.81447036,21.37985498,20.8529319,21.36636913,In
22/03/2026 11:20,21.17216267,20.91447036,21.37985498,20.8529319,21.36636913,In
22/03/2026 11:30,21.17216267,20.91447036,21.37985498,20.7529319,21.48934834,In
22/03/2026 11:40,21.17216267,20.81447036,21.47985498,21.0529319,21.36636913,In
22/03/2026 11:50,21.17216267,20.91447036,21.37985498,20.8529319,21.36636913,In
22/03/2026 12:00,21.17216267,20.91447036,21.37985498,20.8529319,21.36636913,In
22/03/2026 12:10,21.17216267,20.91447036,21.37985498,20.8529319,21.36636913,In
22/03/2026 12:20,21.17216267,20.91447036,21.37985498,20.7529319,21.36636913,In
22/03/2026 12:30,21.17216267,20.91447036,21.47985498,20.8529319,21.36636913,In
22/03/2026 12:40,21.17216267,20.91447036,21.37985498,20.8529319,21.36636913,In
22/03/2026 12:50,21.17216267,20.81447036,21.37985498,20.7529319,21.36636913,In
22/03/2026 13:00,21.07216267,20.81447036,21.37985498,20.8529319,21.36636913,In
22/03/2026 13:10,21.07216267,20.91447036,21.37985498,20.8529319,21.36636913,In
22/03/2026 13:20,21.17216267,20.91447036,21.37985498,20.8529319,21.36636913,In
22/03/2026 13:30,21.17216267,20.91447036,21.37985498,20.8529319,21.36636913,In
22/03/2026 13:40,21.17216267,20.91447036,21.37985498,20.8529319,21.48934834,In
22/03/2026 13:50,21.17216267,20.91447036,21.37985498,20.8529319,21.36636913,In
22/03/2026 14:00,21.17216267,20.91447036,21.37985498,20.8529319,21.36636913,In
22/03/2026 14:10,21.17216267,20.91447036,21.37985498,20.8529319,21.36636913,In
22/03/2026 14:20,21.17216267,20.91447036,21.37985498,20.8529319,21.36636913,In
22/03/2026 14:30,21.17216267,21.11447036,21.37985498,20.8529319,21.36636913,In
22/03/2026 14:40,21.17216267,20.91447036,21.37985498,20.8529319,21.36636913,In
22/03/2026 14:50,21.27216267,21.11447036,21.37985498,20.8529319,21.48934834,In
22/03/2026 15:00,21.17216267,20.91447036,21.37985498,20.8529319,21.48934834,In
22/03/2026 15:10,21.17216267,20.91447036,21.37985498,20.8529319,21.48934834,In
22/03/2026 15:20,21.17216267,20.91447036,21.37985498,20.8529319,21.36636913,In
22/03/2026 15:30,21.17216267,20.91447036,21.37985498,20.8529319,21.36636913,In
22/03/2026 15:40,21.17216267,21.11447036,21.37985498,20.8529319,21.36636913,In
22/03/2026 15:50,21.17216267,20.91447036,21.37985498,20.8529319,21.36636913,In
22/03/2026 16:00,21.27216267,20.91447036,21.37985498,20.8529319,21.36636913,In
22/03/2026 16:10,21.17216267,20.91447036,21.37985498,20.8529319,21.36636913,In
22/03/2026 16:20,21.17216267,20.91447036,21.37985498,20.8529319,21.36636913,In
22/03/2026 16:30,21.17216267,20.91447036,21.37985498,20.8529319,21.36636913,In
22/03/2026 16:40,21.27216267,21.11447036,21.37985498,20.8529319,21.36636913,In
22/03/2026 16:50,21.17216267,20.91447036,21.37985498,20.8529319,21.36636913,In
22/03/2026 17:00,21.27216267,21.11447036,21.37985498,20.8529319,21.36636913,In
22/03/2026 17:10,21.27216267,21.11447036,21.37985498,20.8529319,21.36636913,In
22/03/2026 17:20,21.27216267,20.91447036,21.37985498,20.8529319,21.36636913,In
22/03/2026 17:30,21.27216267,21.11447036,21.37985498,20.8529319,21.36636913,In
22/03/2026 17:40,21.17216267,20.91447036,21.47985498,20.8529319,21.36636913,In
22/03/2026 17:50,21.17216267,21.11447036,21.37985498,20.8529319,21.36636913,In
22/03/2026 18:00,21.17216267,20.91447036,21.47985498,20.8529319,21.36636913,In
22/03/2026 18:10,21.27216267,21.11447036,21.47985498,20.8529319,21.48934834,In
22/03/2026 18:20,21.27216267,21.11447036,21.47985498,20.8529319,21.36636913,In
22/03/2026 18:30,21.27216267,21.11447036,21.37985498,20.8529319,21.36636913,In
22/03/2026 18:40,21.27216267,21.11447036,21.37985498,20.8529319,21.36636913,In
22/03/2026 18:50,21.27216267,21.11447036,21.37985498,20.8529319,21.36636913,In
22/03/2026 19:00,21.27216267,21.11447036,21.37985498,20.7529319,21.36636913,In
22/03/2026 19:10,21.27216267,20.91447036,21.47985498,20.8529319,21.48934834,In
22/03/2026 19:20,21.27216267,21.11447036,21.47985498,21.0529319,21.36636913,In
22/03/2026 19:30,21.27216267,21.11447036,21.47985498,20.8529319,21.36636913,In
22/03/2026 19:40,21.27216267,21.11447036,21.37985498,20.8529319,21.36636913,In
22/03/2026 19:50,21.27216267,21.11447036,21.37985498,20.8529319,21.36636913,In
22/03/2026 20:00,21.27216267,21.21447036,21.47985498,20.8529319,21.36636913,In
22/03/2026 20:10,21.27216267,20.91447036,21.37985498,20.8529319,21.36636913,In
22/03/2026 20:20,21.27216267,21.11447036,21.37985498,20.8529319,21.36636913,In
22/03/2026 20:30,21.27216267,21.11447036,21.47985498,20.8529319,21.36636913,In
22/03/2026 20:40,21.27216267,20.91447036,21.47985498,20.8529319,21.36636913,In
22/03/2026 20:50,21.27216267,21.11447036,21.47985498,20.8529319,21.36636913,In
22/03/2026 21:00,21.27216267,21.11447036,21.47985498,20.8529319,21.36636913,In
22/03/2026 21:10,21.27216267,21.11447036,21.47985498,20.8529319,21.36636913,In
22/03/2026 21:20,21.27216267,21.11447036,21.47985498,20.8529319,21.48934834,In
22/03/2026 21:30,21.27216267,21.11447036,21.37985498,20.8529319,21.48934834,In
22/03/2026 21:40,21.27216267,21.11447036,21.47985498,20.8529319,21.36636913,In
22/03/2026 21:50,21.27216267,21.11447036,21.37985498,20.8529319,21.48934834,In
22/03/2026 22:00,21.27216267,21.11447036,21.47985498,21.0529319,21.48934834,In
22/03/2026 22:10,21.27216267,21.11447036,21.47985498,20.8529319,21.48934834,In
22/03/2026 22:20,21.27216267,21.11447036,21.47985498,20.8529319,21.36636913,In
22/03/2026 22:30,21.27216267,21.11447036,21.47985498,20.8529319,21.48934834,In
22/03/2026 22:40,21.27216267,21.11447036,21.47985498,20.8529319,21.36636913,In
22/03/2026 22:50,21.27216267,21.11447036,21.37985498,20.8529319,21.48934834,In
22/03/2026 23:00,21.27216267,20.91447036,21.47985498,20.8529319,21.48934834,In
22/03/2026 23:10,21.27216267,21.11447036,21.47985498,20.8529319,21.48934834,In
22/03/2026 23:20,21.27216267,21.11447036,21.47985498,20.8529319,21.48934834,In
22/03/2026 23:30,21.27216267,21.11447036,21.37985498,20.8529319,21.36636913,In
22/03/2026 23:40,21.27216267,20.91447036,21.47985498,20.8529319,21.48934834,In
22/03/2026 23:50,21.27216267,21.11447036,21.47985498,20.8529319,21.36636913,In
23/03/2026 00:00,21.27216267,21.11447036,21.37985498,20.8529319,21.36636913,In
23/03/2026 00:10,21.27216267,21.11447036,21.47985498,20.8529319,21.48934834,In
23/03/2026 00:20,21.27216267,21.11447036,21.47985498,20.8529319,21.48934834,In
23/03/2026 00:30,21.27216267,21.11447036,21.47985498,20.8529319,21.48934834,In
23/03/2026 00:40,21.27216267,21.11447036,21.47985498,20.8529319,21.36636913,In
23/03/2026 00:50,21.27216267,21.11447036,21.47985498,20.8529319,21.36636913,In
23/03/2026 01:00,21.37216267,21.11447036,21.47985498,20.8529319,21.36636913,In
23/03/2026 01:10,21.27216267,21.11447036,21.47985498,20.8529319,21.48934834,In
23/03/2026 01:20,21.27216267,21.11447036,21.37985498,20.8529319,21.36636913,In
23/03/2026 01:30,21.27216267,21.11447036,21.47985498,20.8529319,21.36636913,In
23/03/2026 01:40,21.27216267,21.11447036,21.47985498,20.8529319,21.48934834,In
23/03/2026 01:50,21.27216267,21.11447036,21.47985498,20.8529319,21.36636913,In
23/03/2026 02:00,21.27216267,21.11447036,21.47985498,20.8529319,21.48934834,In
23/03/2026 02:10,21.27216267,21.11447036,21.47985498,20.8529319,21.36636913,In
23/03/2026 02:20,21.27216267,21.11447036,21.47985498,20.8529319,21.36636913,In
23/03/2026 02:30,21.27216267,21.11447036,21.47985498,20.8529319,21.48934834,In
23/03/2026 02:40,21.27216267,20.91447036,21.47985498,20.8529319,21.36636913,In
23/03/2026 02:50,21.27216267,21.11447036,21.47985498,20.8529319,21.48934834,In
23/03/2026 03:00,21.27216267,21.11447036,21.37985498,20.8529319,21.48934834,In
23/03/2026 03:10,21.27216267,21.11447036,21.47985498,20.8529319,21.48934834,In
23/03/2026 03:20,21.27216267,21.11447036,21.47985498,21.0529319,21.36636913,In
23/03/2026 03:30,21.27216267,21.11447036,21.37985498,20.8529319,21.36636913,In
23/03/2026 03:40,21.27216267,21.11447036,21.47985498,20.8529319,21.48934834,In
23/03/2026 03:50,21.27216267,21.11447036,21.47985498,20.8529319,21.36636913,In
23/03/2026 04:00,21.27216267,21.11447036,21.47985498,21.0529319,21.36636913,In
23/03/2026 04:10,21.27216267,21.11447036,21.47985498,20.8529319,21.48934834,In
23/03/2026 04:20,21.27216267,21.11447036,21.47985498,20.8529319,21.48934834,In
23/03/2026 04:30,21.27216267,21.11447036,21.47985498,20.8529319,21.36636913,In
23/03/2026 04:40,21.27216267,21.11447036,21.47985498,20.8529319,21.36636913,In
23/03/2026 04:50,21.27216267,21.11447036,21.47985498,20.8529319,21.48934834,In
23/03/2026 05:00,21.27216267,21.11447036,21.47985498,21.0529319,21.48934834,In
23/03/2026 05:10,21.27216267,21.11447036,21.47985498,21.0529319,21.48934834,In
23/03/2026 05:20,21.27216267,21.21447036,21.47985498,21.0529319,21.48934834,In
23/03/2026 05:30,21.37216267,21.11447036,21.47985498,21.0529319,21.36636913,In
23/03/2026 05:40,21.27216267,21.11447036,21.47985498,20.8529319,21.36636913,In
23/03/2026 05:50,21.27216267,21.11447036,21.47985498,21.0529319,21.36636913,In
23/03/2026 06:00,21.27216267,21.11447036,21.47985498,20.8529319,21.48934834,In
23/03/2026 06:10,21.27216267,21.11447036,21.47985498,20.8529319,21.48934834,In
23/03/2026 06:20,21.27216267,21.11447036,21.47985498,21.0529319,21.48934834,In
23/03/2026 06:30,21.27216267,21.21447036,21.47985498,20.8529319,21.48934834,In
23/03/2026 06:40,21.27216267,21.11447036,21.47985498,20.8529319,21.48934834,In
23/03/2026 06:50,21.27216267,21.11447036,21.47985498,20.8529319,21.48934834,In
23/03/2026 07:00,21.27216267,21.11447036,21.47985498,21.0529319,21.48934834,In
23/03/2026 07:10,21.27216267,21.11447036,21.67985498,20.8529319,21.36636913,In
23/03/2026 07:20,21.27216267,21.11447036,21.47985498,20.8529319,21.48934834,In
23/03/2026 07:30,21.37216267,21.11447036,21.47985498,21.0529319,21.48934834,In
23/03/2026 07:40,21.37216267,21.11447036,21.47985498,21.0529319,21.36636913,In
23/03/2026 07:50,21.27216267,21.11447036,21.47985498,21.0529319,21.48934834,In
23/03/2026 08:00,21.27216267,21.11447036,21.47985498,21.0529319,21.48934834,In
23/03/2026 08:10,21.37216267,21.11447036,21.47985498,21.0529319,21.36636913,In
23/03/2026 08:20,21.27216267,21.11447036,21.47985498,21.0529319,21.48934834,In
23/03/2026 08:30,21.27216267,21.11447036,21.47985498,21.0529319,21.61232755,In
23/03/2026 08:40,21.27216267,21.11447036,21.47985498,20.8529319,21.48934834,In
23/03/2026 08:50,21.27216267,21.21447036,21.47985498,20.8529319,21.48934834,In
23/03/2026 09:00,21.27216267,21.11447036,21.47985498,21.0529319,21.48934834,In
23/03/2026 09:10,21.37216267,21.21447036,21.67985498,21.0529319,21.48934834,In
23/03/2026 09:20,21.37216267,21.11447036,21.67985498,21.0529319,21.48934834,In
23/03/2026 09:30,21.37216267,21.11447036,21.67985498,20.8529319,21.48934834,In
23/03/2026 09:40,21.37216267,21.21447036,21.47985498,21.0529319,21.61232755,In
23/03/2026 09:50,21.37216267,21.11447036,21.47985498,20.8529319,21.48934834,In
23/03/2026 10:00,21.27216267,21.11447036,21.47985498,20.8529319,21.48934834,In
23/03/2026 10:10,21.27216267,21.21447036,21.47985498,20.8529319,21.48934834,In
23/03/2026 10:20,21.27216267,21.11447036,21.47985498,20.8529319,21.48934834,In
23/03/2026 10:30,21.37216267,21.21447036,21.47985498,20.8529319,21.48934834,In
23/03/2026 10:40,21.27216267,21.21447036,21.47985498,20.8529319,21.48934834,In
23/03/2026 10:50,21.27216267,21.11447036,21.47985498,20.8529319,21.61232755,In
23/03/2026 11:00,21.37216267,21.11447036,21.67985498,20.8529319,21.48934834,In
23/03/2026 11:10,21.27216267,21.21447036,21.47985498,20.8529319,21.48934834,In
23/03/2026 11:20,21.27216267,21.21447036,21.47985498,20.8529319,21.48934834,In
23/03/2026 11:30,21.37216267,21.21447036,21.47985498,20.8529319,21.36636913,In
23/03/2026 11:40,21.17216267,21.11447036,21.47985498,20.8529319,21.48934834,In
23/03/2026 11:50,21.27216267,21.11447036,21.47985498,20.8529319,21.48934834,In
23/03/2026 12:00,21.27216267,21.11447036,21.47985498,20.8529319,21.36636913,In
23/03/2026 12:10,21.27216267,21.11447036,21.47985498,20.8529319,21.48934834,In
23/03/2026 12:20,21.27216267,21.11447036,21.47985498,20.8529319,21.48934834,In
23/03/2026 12:30,21.27216267,20.91447036,21.47985498,20.8529319,21.48934834,In
23/03/2026 12:40,21.27216267,21.11447036,21.47985498,20.8529319,21.36636913,In
23/03/2026 12:50,21.17216267,21.11447036,21.47985498,20.8529319,21.48934834,In
23/03/2026 13:00,21.27216267,21.11447036,21.47985498,20.8529319,21.36636913,In
23/03/2026 13:10,21.27216267,21.11447036,21.47985498,20.8529319,21.48934834,In
23/03/2026 13:20,21.27216267,21.11447036,21.47985498,20.8529319,21.36636913,In
23/03/2026 13:30,21.37216267,21.11447036,21.37985498,20.8529319,21.36636913,In
23/03/2026 13:40,21.27216267,21.11447036,21.47985498,20.8529319,21.36636913,In
23/03/2026 13:50,21.37216267,21.11447036,21.47985498,20.8529319,21.48934834,In
23/03/2026 14:00,21.27216267,21.11447036,21.47985498,21.0529319,21.48934834,In
23/03/2026 14:10,21.27216267,21.11447036,21.47985498,20.8529319,21.48934834,In
23/03/2026 14:20,21.27216267,21.11447036,21.47985498,21.0529319,21.48934834,In
23/03/2026 14:30,21.27216267,21.11447036,21.47985498,20.8529319,21.48934834,In
23/03/2026 14:40,21.27216267,21.11447036,21.47985498,20.8529319,21.36636913,In
23/03/2026 14:50,21.27216267,21.11447036,21.47985498,20.8529319,21.36636913,In
23/03/2026 15:00,21.27216267,21.11447036,21.47985498,20.8529319,21.48934834,In
23/03/2026 15:10,21.27216267,21.11447036,21.37985498,20.8529319,21.48934834,In
23/03/2026 15:20,21.27216267,21.11447036,21.47985498,20.8529319,21.48934834,In
23/03/2026 15:30,21.27216267,21.11447036,21.47985498,20.8529319,21.48934834,In
23/03/2026 15:40,21.27216267,21.11447036,21.47985498,20.8529319,21.36636913,In
23/03/2026 15:50,21.27216267,21.11447036,21.47985498,20.8529319,21.48934834,In
23/03/2026 16:00,21.27216267,21.11447036,21.47985498,21.0529319,21.36636913,In
23/03/2026 16:10,21.27216267,21.11447036,21.47985498,20.8529319,21.48934834,In
23/03/2026 16:20,21.27216267,21.11447036,21.37985498,20.8529319,21.36636913,In
23/03/2026 16:30,21.27216267,21.11447036,21.37985498,20.8529319,21.36636913,In
23/03/2026 16:40,21.27216267,21.21447036,21.47985498,20.8529319,21.48934834,In
23/03/2026 16:50,21.37216267,21.11447036,21.37985498,20.8529319,21.48934834,In
23/03/2026 17:00,21.17216267,21.11447036,21.47985498,20.8529319,21.36636913,In
23/03/2026 17:10,21.27216267,21.11447036,21.47985498,20.8529319,21.36636913,In
23/03/2026 17:20,21.27216267,21.11447036,21.37985498,20.8529319,21.48934834,In
23/03/2026 17:30,21.27216267,21.11447036,21.37985498,20.8529319,21.36636913,In
23/03/2026 17:40,21.27216267,21.11447036,21.37985498,20.8529319,21.48934834,In
23/03/2026 17:50,21.27216267,21.11447036,21.47985498,20.8529319,21.48934834,In
23/03/2026 18:00,21.27216267,21.11447036,21.47985498,20.8529319,21.48934834,In
23/03/2026 18:10,21.27216267,21.11447036,21.47985498,20.8529319,21.48934834,In
23/03/2026 18:20,21.37216267,21.11447036,21.47985498,20.8529319,21.36636913,In
23/03/2026 18:30,21.37216267,21.11447036,21.47985498,20.8529319,21.48934834,In
23/03/2026 18:40,21.27216267,21.11447036,21.47985498,20.8529319,21.36636913,In
23/03/2026 18:50,21.27216267,21.11447036,21.47985498,20.8529319,21.48934834,In
23/03/2026 19:00,21.37216267,21.11447036,21.47985498,20.8529319,21.36636913,In
23/03/2026 19:10,21.27216267,21.11447036,21.47985498,20.8529319,21.48934834,In
23/03/2026 19:20,21.27216267,21.11447036,21.47985498,20.8529319,21.36636913,In
23/03/2026 19:30,21.27216267,21.21447036,21.47985498,20.8529319,21.48934834,In
23/03/2026 19:40,21.27216267,21.11447036,21.47985498,20.8529319,21.48934834,In
23/03/2026 19:50,21.27216267,21.11447036,21.47985498,20.8529319,21.48934834,In
23/03/2026 20:00,21.37216267,21.11447036,21.47985498,20.8529319,21.36636913,In
23/03/2026 20:10,21.37216267,21.11447036,21.47985498,20.8529319,21.48934834,In
23/03/2026 20:20,21.27216267,21.11447036,21.47985498,20.8529319,21.48934834,In
23/03/2026 20:30,21.27216267,21.11447036,21.47985498,20.8529319,21.36636913,In
23/03/2026 20:40,21.27216267,21.11447036,21.47985498,20.8529319,21.48934834,In
23/03/2026 20:50,21.27216267,21.11447036,21.47985498,20.8529319,21.48934834,In
23/03/2026 21:00,21.37216267,21.11447036,21.47985498,21.0529319,21.48934834,In
23/03/2026 21:10,21.27216267,21.11447036,21.47985498,20.8529319,21.36636913,In
23/03/2026 21:20,21.27216267,21.11447036,21.47985498,20.8529319,21.48934834,In
23/03/2026 21:30,21.27216267,21.11447036,21.47985498,20.8529319,21.48934834,In
23/03/2026 21:40,21.27216267,21.11447036,21.47985498,20.8529319,21.36636913,In
23/03/2026 21:50,21.27216267,21.11447036,21.47985498,20.8529319,21.48934834,In
23/03/2026 22:00,21.27216267,21.11447036,21.47985498,20.8529319,21.48934834,In
23/03/2026 22:10,21.27216267,21.11447036,21.47985498,20.8529319,21.36636913,In
23/03/2026 22:20,21.27216267,21.11447036,21.47985498,20.8529319,21.48934834,In
23/03/2026 22:30,21.37216267,21.11447036,21.47985498,20.8529319,21.48934834,In
23/03/2026 22:40,21.27216267,21.11447036,21.47985498,20.8529319,21.48934834,In
23/03/2026 22:50,21.27216267,21.11447036,21.47985498,20.8529319,21.36636913,In
23/03/2026 23:00,21.27216267,21.11447036,21.47985498,20.8529319,21.48934834,In
23/03/2026 23:10,21.27216267,21.11447036,21.47985498,20.8529319,21.48934834,In
23/03/2026 23:20,21.27216267,21.11447036,21.47985498,20.8529319,21.48934834,In
23/03/2026 23:30,21.27216267,21.11447036,21.47985498,20.8529319,21.36636913,In
23/03/2026 23:40,21.27216267,21.11447036,21.47985498,20.8529319,21.36636913,In
23/03/2026 23:50,21.27216267,21.11447036,21.47985498,20.8529319,21.36636913,In
24/03/2026 00:00,21.27216267,21.11447036,21.47985498,20.8529319,21.48934834,In
24/03/2026 00:10,21.27216267,21.11447036,21.47985498,20.8529319,21.48934834,In
24/03/2026 00:20,21.27216267,21.11447036,21.37985498,20.8529319,21.36636913,In
24/03/2026 00:30,21.27216267,21.21447036,21.37985498,20.8529319,21.48934834,In
24/03/2026 00:40,21.27216267,21.11447036,21.47985498,20.8529319,21.36636913,In
24/03/2026 00:50,21.37216267,21.11447036,21.47985498,20.8529319,21.48934834,In
24/03/2026 01:00,21.27216267,21.21447036,21.47985498,20.8529319,21.36636913,In
24/03/2026 01:10,21.27216267,21.11447036,21.47985498,20.8529319,21.48934834,In
24/03/2026 01:20,21.37216267,21.21447036,21.47985498,20.8529319,21.36636913,In
24/03/2026 01:30,21.27216267,21.11447036,21.47985498,20.8529319,21.36636913,In
24/03/2026 01:40,21.27216267,21.11447036,21.47985498,20.8529319,21.36636913,In
24/03/2026 01:50,21.27216267,21.11447036,21.37985498,21.0529319,21.36636913,In
24/03/2026 02:00,21.27216267,21.11447036,21.37985498,20.8529319,21.36636913,In
24/03/2026 02:10,21.27216267,21.11447036,21.47985498,20.8529319,21.36636913,In
24/03/2026 02:20,21.27216267,21.11447036,21.37985498,20.8529319,21.48934834,In
24/03/2026 02:30,21.17216267,21.11447036,21.47985498,20.7529319,21.36636913,In
24/03/2026 02:40,21.27216267,21.11447036,21.47985498,20.8529319,21.36636913,In
24/03/2026 02:50,21.27216267,21.11447036,21.37985498,20.8529319,21.36636913,In
24/03/2026 03:00,21.27216267,20.91447036,21.47985498,20.8529319,21.36636913,In
24/03/2026 03:10,21.17216267,21.11447036,21.37985498,20.8529319,21.36636913,In
24/03/2026 03:20,21.27216267,21.11447036,21.37985498,20.8529319,21.36636913,In
24/03/2026 03:30,21.27216267,21.11447036,21.47985498,20.8529319,21.48934834,In
24/03/2026 03:40,21.27216267,21.11447036,21.37985498,20.7529319,21.36636913,In
24/03/2026 03:50,21.27216267,20.91447036,21.37985498,20.8529319,21.36636913,In
24/03/2026 04:00,21.27216267,21.11447036,21.47985498,20.8529319,21.36636913,In
24/03/2026 04:10,21.27216267,21.11447036,21.37985498,21.0529319,21.36636913,In
24/03/2026 04:20,21.27216267,21.11447036,21.37985498,20.8529319,21.36636913,In
24/03/2026 04:30,21.17216267,21.11447036,21.47985498,20.7529319,21.36636913,In
24/03/2026 04:40,21.27216267,21.11447036,21.47985498,20.8529319,21.36636913,In
24/03/2026 04:50,21.27216267,21.11447036,21.37985498,20.7529319,21.48934834,In
24/03/2026 05:00,21.27216267,20.91447036,21.37985498,20.8529319,21.36636913,In
24/03/2026 05:10,21.27216267,21.11447036,21.37985498,20.7529319,21.48934834,In
24/03/2026 05:20,21.27216267,21.11447036,21.37985498,20.8529319,21.36636913,In
24/03/2026 05:30,21.27216267,21.11447036,21.37985498,20.8529319,21.36636913,In
24/03/2026 05:40,21.27216267,21.11447036,21.37985498,20.8529319,21.36636913,In
24/03/2026 05:50,21.27216267,20.91447036,21.37985498,20.8529319,21.36636913,In
24/03/2026 06:00,21.17216267,20.91447036,21.37985498,20.8529319,21.36636913,In
24/03/2026 06:10,21.27216267,21.11447036,21.37985498,20.8529319,21.36636913,In
24/03/2026 06:20,21.27216267,21.11447036,21.47985498,20.8529319,21.48934834,In
24/03/2026 06:30,21.27216267,21.11447036,21.37985498,20.8529319,21.36636913,In
24/03/2026 06:40,21.27216267,21.11447036,21.47985498,20.8529319,21.36636913,In
24/03/2026 06:50,21.27216267,21.11447036,21.47985498,20.8529319,21.36636913,In
24/03/2026 07:00,21.27216267,20.91447036,21.37985498,20.8529319,21.36636913,In
24/03/2026 07:10,21.27216267,21.11447036,21.47985498,20.8529319,21.48934834,In
24/03/2026 07:20,21.27216267,21.11447036,21.37985498,20.8529319,21.36636913,In
24/03/2026 07:30,21.27216267,21.11447036,21.47985498,20.8529319,21.36636913,In
24/03/2026 07:40,21.27216267,21.11447036,21.37985498,20.8529319,21.36636913,In
24/03/2026 07:50,21.27216267,21.11447036,21.37985498,20.8529319,21.36636913,In
24/03/2026 08:00,21.17216267,21.11447036,21.47985498,21.0529319,21.36636913,In
24/03/2026 08:10,21.27216267,21.11447036,21.47985498,20.8529319,21.36636913,In
24/03/2026 08:20,21.17216267,21.11447036,21.47985498,20.8529319,21.36636913,In
24/03/2026 08:30,21.27216267,21.11447036,21.47985498,20.8529319,21.48934834,In
24/03/2026 08:40,21.27216267,21.11447036,21.47985498,20.8529319,21.36636913,In
24/03/2026 08:50,21.27216267,21.11447036,21.37985498,20.8529319,21.48934834,In
24/03/2026 09:00,21.27216267,21.11447036,21.47985498,20.8529319,21.36636913,In
24/03/2026 09:10,21.27216267,21.11447036,21.37985498,20.8529319,21.36636913,In
24/03/2026 09:20,21.27216267,21.11447036,21.47985498,20.8529319,21.36636913,In
24/03/2026 09:30,21.27216267,21.11447036,21.47985498,20.8529319,21.36636913,In
24/03/2026 09:40,21.27216267,21.11447036,21.37985498,20.8529319,21.48934834,In
24/03/2026 09:50,21.27216267,21.11447036,21.47985498,20.7529319,21.48934834,In
24/03/2026 10:00,21.17216267,20.91447036,21.47985498,20.8529319,21.36636913,In
24/03/2026 10:10,21.27216267,21.11447036,21.37985498,20.8529319,21.48934834,In
24/03/2026 10:20,21.27216267,21.11447036,21.37985498,20.8529319,21.36636913,In
24/03/2026 10:30,21.17216267,20.91447036,21.47985498,20.8529319,21.36636913,In
24/03/2026 10:40,21.27216267,21.11447036,21.47985498,20.8529319,21.48934834,In
24/03/2026 10:50,21.27216267,21.11447036,21.37985498,20.8529319,21.36636913,In
24/03/2026 11:00,21.27216267,21.11447036,21.37985498,20.8529319,21.36636913,In
24/03/2026 11:10,21.27216267,21.11447036,21.47985498,20.8529319,21.36636913,In
24/03/2026 11:20,21.27216267,21.11447036,21.47985498,20.8529319,21.48934834,In
24/03/2026 11:30,21.27216267,21.11447036,21.47985498,20.7529319,21.36636913,In
24/03/2026 11:40,21.17216267,21.11447036,21.37985498,20.7529319,21.36636913,In
24/03/2026 11:50,21.17216267,21.11447036,21.37985498,20.8529319,21.36636913,In
24/03/2026 12:00,21.27216267,20.91447036,21.47985498,20.8529319,21.48934834,In
24/03/2026 12:10,21.27216267,21.11447036,21.47985498,20.8529319,21.48934834,In
24/03/2026 12:20,21.17216267,21.11447036,21.47985498,20.8529319,21.48934834,In
24/03/2026 12:30,21.27216267,21.11447036,21.47985498,20.8529319,21.48934834,In
24/03/2026 12:40,21.27216267,21.11447036,21.47985498,20.8529319,21.36636913,In
24/03/2026 12:50,21.27216267,21.11447036,21.37985498,20.8529319,21.36636913,In
24/03/2026 13:00,21.27216267,21.11447036,21.37985498,20.8529319,21.36636913,In
24/03/2026 13:10,21.27216267,21.11447036,21.47985498,20.8529319,21.36636913,In
24/03/2026 13:20,21.27216267,20.91447036,21.37985498,20.8529319,21.48934834,In
24/03/2026 13:30,21.27216267,20.91447036,21.37985498,20.8529319,21.36636913,In
24/03/2026 13:40,21.17216267,21.11447036,21.47985498,20.8529319,21.36636913,In
24/03/2026 13:50,21.17216267,21.11447036,21.37985498,20.8529319,21.48934834,In
24/03/2026 14:00,21.27216267,20.91447036,21.37985498,20.8529319,21.36636913,In
24/03/2026 14:10,21.17216267,20.91447036,21.47985498,20.8529319,21.36636913,In
24/03/2026 14:20,21.27216267,21.11447036,21.47985498,20.8529319,21.36636913,In
24/03/2026 14:30,21.17216267,21.11447036,21.37985498,20.8529319,21.48934834,In
24/03/2026 14:40,21.27216267,21.11447036,21.47985498,20.7529319,21.36636913,In
24/03/2026 14:50,21.17216267,20.91447036,21.37985498,20.8529319,21.36636913,In
24/03/2026 15:00,21.27216267,21.11447036,21.37985498,20.8529319,21.36636913,In
24/03/2026 15:10,21.17216267,21.11447036,21.37985498,20.7529319,21.36636913,In
24/03/2026 15:20,21.17216267,21.11447036,21.37985498,20.8529319,21.36636913,In
24/03/2026 15:30,21.17216267,20.91447036,21.37985498,20.8529319,21.36636913,In
24/03/2026 15:40,21.27216267,21.11447036,21.37985498,20.8529319,21.48934834,In
24/03/2026 15:50,21.17216267,20.91447036,21.37985498,20.8529319,21.36636913,In
24/03/2026 16:00,21.27216267,20.91447036,21.37985498,20.7529319,21.36636913,In
24/03/2026 16:10,21.17216267,21.11447036,21.37985498,20.8529319,21.36636913,In
24/03/2026 16:20,21.17216267,21.11447036,21.47985498,20.8529319,21.36636913,In
24/03/2026 16:30,21.27216267,21.11447036,21.37985498,20.8529319,21.36636913,In
24/03/2026 16:40,21.17216267,21.11447036,21.47985498,20.8529319,21.36636913,In
24/03/2026 16:50,21.27216267,21.11447036,21.47985498,20.8529319,21.36636913,In
24/03/2026 17:00,21.27216267,20.91447036,21.37985498,20.8529319,21.36636913,In
24/03/2026 17:10,21.27216267,20.91447036,21.37985498,20.8529319,21.36636913,In
24/03/2026 17:20,21.27216267,20.91447036,21.47985498,20.7529319,21.36636913,In
24/03/2026 17:30,21.27216267,21.11447036,21.37985498,20.8529319,21.36636913,In
24/03/2026 17:40,21.27216267,21.11447036,21.47985498,20.8529319,21.48934834,In
24/03/2026 17:50,21.17216267,21.11447036,21.47985498,20.8529319,21.36636913,In
24/03/2026 18:00,21.27216267,21.11447036,21.47985498,20.8529319,21.36636913,In
24/03/2026 18:10,21.17216267,20.91447036,21.47985498,20.8529319,21.48934834,In
24/03/2026 18:20,21.27216267,20.91447036,21.47985498,20.8529319,21.48934834,In
24/03/2026 18:30,21.27216267,21.11447036,21.37985498,20.8529319,21.36636913,In
24/03/2026 18:40,21.27216267,20.91447036,21.47985498,20.8529319,21.36636913,In
24/03/2026 18:50,21.27216267,20.91447036,21.37985498,20.8529319,21.36636913,In
24/03/2026 19:00,21.27216267,21.11447036,21.47985498,20.7529319,21.36636913,In
24/03/2026 19:10,21.27216267,21.11447036,21.37985498,20.8529319,21.36636913,In
24/03/2026 19:20,21.27216267,21.11447036,21.47985498,20.8529319,21.36636913,In
24/03/2026 19:30,21.17216267,21.11447036,21.47985498,20.7529319,21.36636913,In
24/03/2026 19:40,21.17216267,21.11447036,21.47985498,20.8529319,21.36636913,In
24/03/2026 19:50,21.17216267,21.11447036,21.47985498,20.8529319,21.36636913,In
24/03/2026 20:00,21.27216267,20.91447036,21.37985498,20.8529319,21.36636913,In
24/03/2026 20:10,21.27216267,21.11447036,21.37985498,20.8529319,21.36636913,In
24/03/2026 20:20,21.27216267,20.91447036,21.47985498,20.7529319,21.36636913,In
24/03/2026 20:30,21.27216267,21.11447036,21.47985498,20.8529319,21.36636913,In
24/03/2026 20:40,21.27216267,21.11447036,21.37985498,20.8529319,21.36636913,In
24/03/2026 20:50,21.27216267,21.11447036,21.37985498,20.8529319,21.36636913,In
24/03/2026 21:00,21.27216267,21.11447036,21.37985498,20.8529319,21.36636913,In
24/03/2026 21:10,21.27216267,21.11447036,21.47985498,20.8529319,21.36636913,In
24/03/2026 21:20,21.27216267,21.11447036,21.37985498,20.8529319,21.36636913,In
24/03/2026 21:30,21.27216267,20.91447036,21.47985498,20.8529319,21.36636913,In
24/03/2026 21:40,21.27216267,21.11447036,21.47985498,20.8529319,21.36636913,In
24/03/2026 21:50,21.17216267,20.91447036,21.37985498,20.8529319,21.36636913,In
24/03/2026 22:00,21.27216267,20.91447036,21.37985498,20.8529319,21.36636913,In
24/03/2026 22:10,21.17216267,21.11447036,21.37985498,20.8529319,21.36636913,In
24/03/2026 22:20,21.27216267,21.11447036,21.47985498,20.8529319,21.36636913,In
24/03/2026 22:30,21.17216267,21.11447036,21.37985498,20.7529319,21.36636913,In
24/03/2026 22:40,21.27216267,21.11447036,21.47985498,20.8529319,21.36636913,In
24/03/2026 22:50,21.27216267,21.11447036,21.37985498,20.8529319,21.36636913,In
24/03/2026 23:00,21.27216267,21.11447036,21.47985498,20.8529319,21.36636913,In
24/03/2026 23:10,21.27216267,20.91447036,21.37985498,20.8529319,21.36636913,In
24/03/2026 23:20,21.17216267,21.11447036,21.37985498,20.8529319,21.36636913,In
24/03/2026 23:30,21.27216267,21.11447036,21.37985498,20.7529319,21.36636913,In
24/03/2026 23:40,21.17216267,21.11447036,21.37985498,20.7529319,21.36636913,In
24/03/2026 23:50,21.17216267,20.91447036,21.37985498,20.8529319,21.36636913,In
25/03/2026 00:00,21.27216267,20.91447036,21.37985498,20.8529319,21.36636913,In
25/03/2026 00:10,21.27216267,21.11447036,21.37985498,20.8529319,21.36636913,In
25/03/2026 00:20,21.17216267,20.91447036,21.47985498,20.8529319,21.36636913,In
25/03/2026 00:30,21.27216267,21.11447036,21.47985498,20.8529319,21.36636913,In
25/03/2026 00:40,21.27216267,21.11447036,21.47985498,20.8529319,21.48934834,In
25/03/2026 00:50,21.17216267,21.11447036,21.37985498,20.8529319,21.36636913,In
25/03/2026 01:00,21.27216267,21.11447036,21.37985498,20.8529319,21.48934834,In
25/03/2026 01:10,21.27216267,20.91447036,21.47985498,20.7529319,21.36636913,In
25/03/2026 01:20,21.27216267,21.11447036,21.37985498,20.8529319,21.36636913,In
25/03/2026 01:30,21.17216267,21.11447036,21.37985498,20.8529319,21.36636913,In
25/03/2026 01:40,21.27216267,21.11447036,21.37985498,20.8529319,21.36636913,In
25/03/2026 01:50,21.27216267,20.91447036,21.37985498,20.8529319,21.36636913,In
25/03/2026 02:00,21.27216267,20.91447036,21.37985498,20.8529319,21.48934834,In
25/03/2026 02:10,21.27216267,20.91447036,21.37985498,20.8529319,21.48934834,In
25/03/2026 02:20,21.27216267,20.91447036,21.37985498,20.8529319,21.36636913,In
25/03/2026 02:30,21.27216267,21.11447036,21.37985498,20.8529319,21.36636913,In
25/03/2026 02:40,21.27216267,21.11447036,21.37985498,20.8529319,21.36636913,In
25/03/2026 02:50,21.27216267,21.11447036,21.37985498,20.8529319,21.36636913,In
25/03/2026 03:00,21.27216267,20.91447036,21.37985498,20.8529319,21.36636913,In
25/03/2026 03:10,21.17216267,21.11447036,21.37985498,20.7529319,21.48934834,In
25/03/2026 03:20,21.17216267,21.11447036,21.37985498,20.8529319,21.36636913,In
25/03/2026 03:30,21.27216267,21.11447036,21.47985498,20.7529319,21.36636913,In
25/03/2026 03:40,21.27216267,21.11447036,21.37985498,20.8529319,21.36636913,In
25/03/2026 03:50,21.17216267,21.11447036,21.37985498,20.8529319,21.36636913,In
25/03/2026 04:00,21.17216267,20.91447036,21.37985498,20.8529319,21.36636913,In
25/03/2026 04:10,21.17216267,20.91447036,21.47985498,20.8529319,21.36636913,In
25/03/2026 04:20,21.17216267,20.91447036,21.37985498,20.8529319,21.36636913,In
25/03/2026 04:30,21.17216267,20.91447036,21.47985498,20.8529319,21.36636913,In
25/03/2026 04:40,21.27216267,20.91447036,21.47985498,20.8529319,21.36636913,In
25/03/2026 04:50,21.27216267,21.11447036,21.47985498,20.8529319,21.36636913,In
25/03/2026 05:00,21.27216267,21.11447036,21.47985498,20.8529319,21.48934834,In
25/03/2026 05:10,21.27216267,21.11447036,21.37985498,20.8529319,21.36636913,In
25/03/2026 05:20,21.17216267,21.11447036,21.37985498,20.8529319,21.36636913,In
25/03/2026 05:30,21.17216267,21.11447036,21.37985498,20.8529319,21.36636913,In
25/03/2026 05:40,21.27216267,21.11447036,21.37985498,20.8529319,21.36636913,In
25/03/2026 05:50,21.27216267,20.91447036,21.37985498,20.8529319,21.36636913,In
25/03/2026 06:00,21.27216267,20.91447036,21.37985498,20.8529319,21.36636913,In
25/03/2026 06:10,21.27216267,21.11447036,21.37985498,20.8529319,21.36636913,In
25/03/2026 06:20,21.27216267,20.91447036,21.37985498,20.8529319,21.36636913,In
25/03/2026 06:30,21.17216267,20.91447036,21.37985498,20.8529319,21.36636913,In
25/03/2026 06:40,21.17216267,20.91447036,21.47985498,20.8529319,21.36636913,In
25/03/2026 06:50,21.17216267,21.11447036,21.37985498,20.8529319,21.36636913,In
25/03/2026 07:00,21.17216267,21.11447036,21.37985498,20.8529319,21.48934834,In
25/03/2026 07:10,21.27216267,21.11447036,21.37985498,20.8529319,21.36636913,In
25/03/2026 07:20,21.27216267,21.11447036,21.37985498,20.8529319,21.36636913,In
25/03/2026 07:30,21.17216267,21.11447036,21.37985498,20.8529319,21.36636913,In
25/03/2026 07:40,21.27216267,20.91447036,21.37985498,20.8529319,21.36636913,In
25/03/2026 07:50,21.17216267,20.91447036,21.37985498,20.8529319,21.36636913,In
25/03/2026 08:00,21.17216267,20.91447036,21.37985498,20.8529319,21.36636913,In
25/03/2026 08:10,21.27216267,20.91447036,21.37985498,20.8529319,21.36636913,In
25/03/2026 08:20,21.17216267,21.11447036,21.37985498,20.8529319,21.36636913,In
25/03/2026 08:30,21.17216267,20.91447036,21.37985498,20.7529319,21.48934834,In
25/03/2026 08:40,21.27216267,20.91447036,21.37985498,20.8529319,21.36636913,In
25/03/2026 08:50,21.27216267,20.91447036,21.47985498,20.8529319,21.36636913,In
25/03/2026 09:00,21.27216267,21.11447036,21.37985498,20.8529319,21.36636913,In
25/03/2026 09:10,21.27216267,21.11447036,21.37985498,20.7529319,21.48934834,In
25/03/2026 09:20,21.17216267,21.11447036,21.37985498,20.8529319,21.36636913,In
25/03/2026 09:30,21.27216267,21.11447036,21.37985498,20.7529319,21.48934834,In
25/03/2026 09:40,21.27216267,20.91447036,21.37985498,20.8529319,21.36636913,In
25/03/2026 09:50,21.27216267,21.11447036,21.47985498,20.7529319,21.36636913,In
25/03/2026 10:00,21.27216267,20.91447036,21.37985498,20.8529319,21.36636913,In
25/03/2026 10:10,21.17216267,20.91447036,21.37985498,20.8529319,21.36636913,In
25/03/2026 10:20,21.17216267,20.91447036,21.37985498,20.8529319,21.36636913,In
25/03/2026 10:30,21.17216267,20.91447036,21.37985498,20.8529319,21.36636913,In
25/03/2026 10:40,21.17216267,21.11447036,21.37985498,20.8529319,21.36636913,In
25/03/2026 10:50,21.27216267,21.11447036,21.37985498,20.7529319,21.36636913,In
25/03/2026 11:00,21.27216267,21.11447036,21.47985498,20.8529319,21.36636913,In
25/03/2026 11:10,21.27216267,21.11447036,21.37985498,20.7529319,21.36636913,In
25/03/2026 11:20,21.17216267,21.11447036,21.37985498,20.8529319,21.36636913,In
25/03/2026 11:30,21.27216267,20.91447036,21.47985498,20.8529319,21.48934834,In
25/03/2026 11:40,21.17216267,21.11447036,21.47985498,20.7529319,21.36636913,In
25/03/2026 11:50,21.17216267,20.91447036,21.47985498,20.8529319,21.36636913,In
25/03/2026 12:00,21.17216267,20.91447036,21.37985498,20.8529319,21.48934834,In
25/03/2026 12:10,21.17216267,21.11447036,21.37985498,20.8529319,21.36636913,In
25/03/2026 12:20,21.27216267,21.11447036,21.37985498,20.8529319,21.36636913,In
25/03/2026 12:30,21.27216267,20.91447036,21.37985498,20.8529319,21.36636913,In
25/03/2026 12:40,21.17216267,20.91447036,21.47985498,20.8529319,21.36636913,In
25/03/2026 12:50,21.17216267,20.91447036,21.37985498,20.8529319,21.36636913,In
25/03/2026 13:00,21.17216267,21.11447036,21.37985498,20.8529319,21.36636913,In
25/03/2026 13:10,21.17216267,20.91447036,21.37985498,20.8529319,21.36636913,In
25/03/2026 13:20,21.17216267,20.91447036,21.37985498,20.8529319,21.36636913,In
25/03/2026 13:30,21.17216267,20.91447036,21.37985498,20.7529319,21.36636913,In
25/03/2026 13:40,21.17216267,20.91447036,21.37985498,20.8529319,21.36636913,In
25/03/2026 13:50,21.17216267,21.11447036,21.37985498,20.8529319,21.24338992,In
25/03/2026 14:00,21.17216267,20.91447036,21.37985498,20.7529319,21.36636913,In
25/03/2026 14:10,21.17216267,20.91447036,21.37985498,20.7529319,21.36636913,In
25/03/2026 14:20,21.17216267,20.91447036,21.37985498,20.8529319,21.36636913,In
25/03/2026 14:30,21.17216267,20.91447036,21.37985498,20.8529319,21.36636913,In
25/03/2026 14:40,21.17216267,21.11447036,21.37985498,20.8529319,21.36636913,In
25/03/2026 14:50,21.17216267,20.91447036,21.37985498,20.7529319,21.36636913,In
25/03/2026 15:00,21.17216267,21.11447036,21.37985498,20.8529319,21.36636913,In
25/03/2026 15:10,21.17216267,20.91447036,21.37985498,20.8529319,21.36636913,In
25/03/2026 15:20,21.17216267,20.91447036,21.37985498,20.8529319,21.36636913,In
25/03/2026 15:30,21.17216267,20.91447036,21.37985498,20.8529319,21.36636913,In
25/03/2026 15:40,21.17216267,20.91447036,21.37985498,20.8529319,21.36636913,In
25/03/2026 15:50,21.17216267,20.91447036,21.37985498,20.8529319,21.36636913,In
25/03/2026 16:00,21.17216267,20.91447036,21.37985498,20.8529319,21.36636913,In
25/03/2026 16:10,21.17216267,21.11447036,21.37985498,20.8529319,21.48934834,In
25/03/2026 16:20,21.27216267,20.91447036,21.47985498,20.8529319,21.36636913,In
25/03/2026 16:30,21.17216267,20.91447036,21.37985498,20.8529319,21.36636913,In
25/03/2026 16:40,21.17216267,20.91447036,21.37985498,20.7529319,21.36636913,In
25/03/2026 16:50,21.17216267,20.91447036,21.37985498,20.8529319,21.36636913,In
25/03/2026 17:00,21.17216267,20.91447036,21.37985498,20.7529319,21.36636913,In
25/03/2026 17:10,21.17216267,21.11447036,21.37985498,20.8529319,21.36636913,In
25/03/2026 17:20,21.17216267,20.91447036,21.37985498,20.8529319,21.36636913,In
25/03/2026 17:30,21.17216267,20.91447036,21.47985498,20.8529319,21.36636913,In
25/03/2026 17:40,21.17216267,20.91447036,21.37985498,20.7529319,21.36636913,In
25/03/2026 17:50,21.17216267,20.91447036,21.37985498,20.8529319,21.48934834,In
25/03/2026 18:00,21.17216267,20.91447036,21.37985498,20.7529319,21.36636913,In
25/03/2026 18:10,21.17216267,20.91447036,21.37985498,20.8529319,21.36636913,In
25/03/2026 18:20,21.17216267,20.91447036,21.37985498,20.8529319,21.36636913,In
25/03/2026 18:30,21.27216267,20.91447036,21.47985498,20.8529319,21.36636913,In
25/03/2026 18:40,21.27216267,20.91447036,21.37985498,20.8529319,21.36636913,In
25/03/2026 18:50,21.27216267,20.91447036,21.47985498,20.7529319,21.36636913,In
25/03/2026 19:00,21.17216267,20.91447036,21.37985498,20.7529319,21.48934834,In
25/03/2026 19:10,21.17216267,20.91447036,21.37985498,20.8529319,21.36636913,In
25/03/2026 19:20,21.17216267,21.11447036,21.37985498,20.7529319,21.36636913,In
25/03/2026 19:30,21.27216267,20.91447036,21.37985498,20.8529319,21.36636913,In
25/03/2026 19:40,21.17216267,21.11447036,21.37985498,20.7529319,21.48934834,In
25/03/2026 19:50,21.17216267,21.11447036,21.37985498,20.8529319,21.36636913,In
25/03/2026 20:00,21.17216267,20.91447036,21.37985498,20.7529319,21.36636913,In
25/03/2026 20:10,21.17216267,20.91447036,21.37985498,20.7529319,21.36636913,In
25/03/2026 20:20,21.17216267,20.91447036,21.47985498,20.8529319,21.36636913,In
25/03/2026 20:30,21.27216267,21.11447036,21.37985498,20.8529319,21.36636913,In
25/03/2026 20:40,21.17216267,21.11447036,21.37985498,20.8529319,21.36636913,In
25/03/2026 20:50,21.27216267,21.11447036,21.37985498,20.7529319,21.36636913,In
25/03/2026 21:00,21.27216267,21.11447036,21.37985498,20.8529319,21.36636913,In
25/03/2026 21:10,21.27216267,20.91447036,21.37985498,20.7529319,21.36636913,In
25/03/2026 21:20,21.17216267,20.91447036,21.47985498,20.7529319,21.48934834,In
25/03/2026 21:30,21.17216267,20.91447036,21.47985498,20.8529319,21.36636913,In
25/03/2026 21:40,21.17216267,20.91447036,21.37985498,20.8529319,21.36636913,In
25/03/2026 21:50,21.17216267,20.91447036,21.47985498,20.8529319,21.36636913,In
25/03/2026 22:00,21.27216267,21.11447036,21.37985498,20.8529319,21.36636913,In
25/03/2026 22:10,21.27216267,20.91447036,21.37985498,20.7529319,21.36636913,In
25/03/2026 22:20,21.17216267,21.11447036,21.37985498,20.8529319,21.36636913,In
25/03/2026 22:30,21.17216267,20.91447036,21.37985498,20.7529319,21.36636913,In
25/03/2026 22:40,21.17216267,20.91447036,21.37985498,20.7529319,21.36636913,In
25/03/2026 22:50,21.17216267,20.91447036,21.37985498,20.8529319,21.36636913,In
25/03/2026 23:00,21.17216267,20.91447036,21.37985498,20.8529319,21.36636913,In
25/03/2026 23:10,21.17216267,20.91447036,21.37985498,20.7529319,21.36636913,In
25/03/2026 23:20,21.27216267,21.11447036,21.37985498,20.7529319,21.36636913,In
25/03/2026 23:30,21.17216267,21.11447036,21.47985498,20.7529319,21.36636913,In
25/03/2026 23:40,21.17216267,21.11447036,21.37985498,20.7529319,21.36636913,In
25/03/2026 23:50,21.17216267,20.91447036,21.37985498,20.7529319,21.36636913,In
26/03/2026 00:00,21.27216267,20.91447036,21.47985498,20.8529319,21.36636913,In
26/03/2026 00:10,21.17216267,20.91447036,21.47985498,20.8529319,21.48934834,In
26/03/2026 00:20,21.17216267,21.11447036,21.37985498,20.7529319,21.36636913,In
26/03/2026 00:30,21.27216267,20.91447036,21.47985498,20.8529319,21.36636913,In
26/03/2026 00:40,21.17216267,20.91447036,21.37985498,20.7529319,21.36636913,In
26/03/2026 00:50,21.17216267,21.11447036,21.47985498,20.8529319,21.36636913,In
26/03/2026 01:00,21.17216267,20.91447036,21.37985498,20.7529319,21.36636913,In
26/03/2026 01:10,21.27216267,21.11447036,21.37985498,20.7529319,21.36636913,In
26/03/2026 01:20,21.17216267,21.11447036,21.37985498,20.8529319,21.36636913,In
26/03/2026 01:30,21.17216267,20.91447036,21.37985498,20.7529319,21.36636913,In
26/03/2026 01:40,21.17216267,21.11447036,21.37985498,20.8529319,21.36636913,In
26/03/2026 01:50,21.17216267,20.91447036,21.37985498,20.8529319,21.36636913,In
26/03/2026 02:00,21.27216267,20.91447036,21.37985498,20.7529319,21.36636913,In
26/03/2026 02:10,21.17216267,20.91447036,21.47985498,20.8529319,21.36636913,In
26/03/2026 02:20,21.17216267,20.91447036,21.37985498,20.8529319,21.36636913,In
26/03/2026 02:30,21.17216267,20.91447036,21.37985498,20.7529319,21.36636913,In
26/03/2026 02:40,21.17216267,20.91447036,21.37985498,20.8529319,21.36636913,In
26/03/2026 02:50,21.27216267,20.91447036,21.37985498,20.8529319,21.36636913,In
26/03/2026 03:00,21.17216267,21.11447036,21.47985498,20.7529319,21.48934834,In
26/03/2026 03:10,21.17216267,20.91447036,21.37985498,20.8529319,21.36636913,In
26/03/2026 03:20,21.27216267,21.11447036,21.37985498,20.7529319,21.36636913,In
26/03/2026 03:30,21.27216267,20.91447036,21.47985498,20.7529319,21.36636913,In
26/03/2026 03:40,21.17216267,20.91447036,21.37985498,20.8529319,21.36636913,In
26/03/2026 03:50,21.17216267,20.91447036,21.37985498,20.7529319,21.36636913,In
26/03/2026 04:00,21.27216267,21.11447036,21.37985498,20.7529319,21.36636913,In
26/03/2026 04:10,21.17216267,21.11447036,21.37985498,20.8529319,21.36636913,In
26/03/2026 04:20,21.17216267,21.11447036,21.37985498,20.8529319,21.36636913,In
26/03/2026 04:30,21.27216267,20.91447036,21.37985498,20.8529319,21.36636913,In
26/03/2026 04:40,21.17216267,21.11447036,21.37985498,20.8529319,21.36636913,In
26/03/2026 04:50,21.27216267,20.91447036,21.37985498,20.8529319,21.36636913,In
26/03/2026 05:00,21.27216267,20.91447036,21.47985498,20.7529319,21.36636913,In
26/03/2026 05:10,21.17216267,20.91447036,21.37985498,20.7529319,21.36636913,In
26/03/2026 05:20,21.17216267,20.91447036,21.37985498,20.8529319,21.36636913,In
26/03/2026 05:30,21.17216267,21.11447036,21.37985498,20.7529319,21.36636913,In
26/03/2026 05:40,21.27216267,21.11447036,21.37985498,20.8529319,21.36636913,In
26/03/2026 05:50,21.17216267,20.91447036,21.37985498,20.7529319,21.36636913,In
26/03/2026 06:00,21.27216267,21.11447036,21.47985498,20.8529319,21.36636913,In
26/03/2026 06:10,21.17216267,20.91447036,21.37985498,20.7529319,21.36636913,In
26/03/2026 06:20,21.17216267,20.91447036,21.37985498,20.7529319,21.36636913,In
26/03/2026 06:30,21.27216267,20.91447036,21.37985498,20.7529319,21.36636913,In
26/03/2026 06:40,21.17216267,21.11447036,21.37985498,20.8529319,21.48934834,In
26/03/2026 06:50,21.27216267,21.11447036,21.47985498,20.7529319,21.36636913,In
26/03/2026 07:00,21.17216267,20.91447036,21.47985498,20.8529319,21.36636913,In
26/03/2026 07:10,21.17216267,20.91447036,21.47985498,20.7529319,21.36636913,In
26/03/2026 07:20,21.17216267,20.91447036,21.37985498,20.7529319,21.36636913,In
26/03/2026 07:30,21.17216267,20.91447036,21.37985498,20.7529319,21.36636913,In
26/03/2026 07:40,21.17216267,20.91447036,21.37985498,20.8529319,21.36636913,In
26/03/2026 07:50,21.17216267,20.91447036,21.37985498,20.7529319,21.36636913,In
26/03/2026 08:00,21.17216267,20.91447036,21.37985498,20.8529319,21.36636913,In
26/03/2026 08:10,21.17216267,20.91447036,21.37985498,20.7529319,21.36636913,In
26/03/2026 08:20,21.17216267,20.91447036,21.37985498,20.7529319,21.36636913,In
26/03/2026 08:30,21.17216267,20.91447036,21.37985498,20.7529319,21.36636913,In
26/03/2026 08:40,21.17216267,21.11447036,21.37985498,20.8529319,21.36636913,In
26/03/2026 08:50,21.17216267,20.91447036,21.37985498,20.8529319,21.36636913,In
26/03/2026 09:00,21.17216267,20.91447036,21.37985498,20.7529319,21.36636913,In
26/03/2026 09:10,21.17216267,20.91447036,21.37985498,20.7529319,21.36636913,In
26/03/2026 09:20,21.17216267,20.91447036,21.37985498,20.7529319,21.36636913,In
26/03/2026 09:30,21.17216267,20.81447036,21.37985498,20.7529319,21.36636913,In
26/03/2026 09:40,21.17216267,20.91447036,21.37985498,20.7529319,21.36636913,In
26/03/2026 09:50,21.17216267,20.91447036,21.37985498,20.6529319,21.36636913,In
26/03/2026 10:00,21.17216267,20.91447036,21.37985498,20.8529319,21.36636913,In
26/03/2026 10:10,21.17216267,20.91447036,21.37985498,20.8529319,21.36636913,In
26/03/2026 10:20,21.17216267,20.91447036,21.37985498,20.7529319,21.36636913,In
26/03/2026 10:30,21.17216267,20.91447036,21.37985498,20.7529319,21.36636913,In
26/03/2026 10:40,21.17216267,20.91447036,21.37985498,20.7529319,21.36636913,In
26/03/2026 10:50,21.17216267,20.91447036,21.37985498,20.7529319,21.36636913,In
26/03/2026 11:00,21.17216267,20.91447036,21.37985498,20.7529319,21.36636913,In
26/03/2026 11:10,21.17216267,20.91447036,21.37985498,20.7529319,21.24338992,In
26/03/2026 11:20,21.17216267,20.91447036,21.37985498,20.8529319,21.36636913,In
26/03/2026 11:30,21.17216267,20.91447036,21.37985498,20.8529319,21.36636913,In
26/03/2026 11:40,21.17216267,20.91447036,21.37985498,20.7529319,21.36636913,In
26/03/2026 11:50,21.17216267,20.91447036,21.37985498,20.7529319,21.36636913,In
26/03/2026 12:00,21.17216267,20.91447036,21.37985498,20.8529319,21.36636913,In
26/03/2026 12:10,21.27216267,20.91447036,21.37985498,20.8529319,21.36636913,In
26/03/2026 12:20,21.17216267,20.91447036,21.37985498,20.7529319,21.36636913,In
26/03/2026 12:30,21.17216267,20.91447036,21.37985498,20.7529319,21.36636913,In
26/03/2026 12:40,21.17216267,20.91447036,21.37985498,20.7529319,21.36636913,In
26/03/2026 12:50,21.17216267,20.91447036,21.37985498,20.7529319,21.36636913,In
26/03/2026 13:00,21.17216267,20.91447036,21.37985498,20.7529319,21.36636913,In
26/03/2026 13:10,21.17216267,20.91447036,21.37985498,20.7529319,21.36636913,In
26/03/2026 13:20,21.17216267,20.91447036,21.37985498,20.7529319,21.36636913,In
26/03/2026 13:30,21.17216267,20.91447036,21.37985498,20.7529319,21.36636913,In
26/03/2026 13:40,21.17216267,20.81447036,21.37985498,20.8529319,21.36636913,In
26/03/2026 13:50,21.17216267,20.91447036,21.37985498,20.7529319,21.36636913,In
26/03/2026 14:00,21.17216267,20.91447036,21.37985498,20.7529319,21.36636913,In
26/03/2026 14:10,21.17216267,20.91447036,21.37985498,20.7529319,21.36636913,In
26/03/2026 14:20,21.17216267,20.91447036,21.37985498,20.7529319,21.36636913,In
26/03/2026 14:30,21.17216267,20.81447036,21.27985498,20.6529319,21.36636913,In
26/03/2026 14:40,21.17216267,20.81447036,21.27985498,20.7529319,21.36636913,In
26/03/2026 14:50,21.17216267,20.91447036,21.37985498,20.7529319,21.36636913,In
26/03/2026 15:00,21.17216267,20.81447036,21.27985498,20.7529319,21.36636913,In
26/03/2026 15:10,21.07216267,20.81447036,21.27985498,20.7529319,21.36636913,In
26/03/2026 15:20,21.07216267,20.81447036,21.37985498,20.7529319,21.24338992,In
26/03/2026 15:30,21.07216267,20.81447036,21.27985498,20.7529319,21.24338992,In
26/03/2026 15:40,21.07216267,20.81447036,21.37985498,20.6529319,21.24338992,In
26/03/2026 15:50,21.07216267,20.81447036,21.27985498,20.7529319,21.24338992,In
26/03/2026 16:00,21.07216267,20.81447036,21.37985498,20.7529319,21.36636913,In
26/03/2026 16:10,21.07216267,20.81447036,21.27985498,20.7529319,21.36636913,In
26/03/2026 16:20,21.07216267,20.81447036,21.27985498,20.7529319,21.36636913,In
26/03/2026 16:30,21.07216267,20.81447036,21.27985498,20.7529319,21.36636913,In
26/03/2026 16:40,21.07216267,20.81447036,21.27985498,20.7529319,21.24338992,In
26/03/2026 16:50,21.17216267,20.81447036,21.27985498,20.7529319,21.36636913,In
26/03/2026 17:00,21.07216267,20.81447036,21.27985498,20.7529319,21.36636913,In
26/03/2026 17:10,21.17216267,20.91447036,21.37985498,20.7529319,21.36636913,In
26/03/2026 17:20,21.17216267,20.91447036,21.37985498,20.7529319,21.24338992,In
26/03/2026 17:30,21.17216267,20.81447036,21.37985498,20.7529319,21.36636913,In
26/03/2026 17:40,21.17216267,20.91447036,21.37985498,20.7529319,21.36636913,In
26/03/2026 17:50,21.17216267,20.91447036,21.37985498,20.7529319,21.36636913,In
26/03/2026 18:00,21.17216267,20.81447036,21.37985498,20.7529319,21.36636913,In
26/03/2026 18:10,21.17216267,20.91447036,21.37985498,20.7529319,21.36636913,In
26/03/2026 18:20,21.17216267,20.91447036,21.37985498,20.7529319,21.36636913,In
26/03/2026 18:30,21.17216267,20.91447036,21.37985498,20.7529319,21.36636913,In
26/03/2026 18:40,21.17216267,20.91447036,21.27985498,20.7529319,21.36636913,In
26/03/2026 18:50,21.17216267,20.91447036,21.37985498,20.7529319,21.36636913,In
26/03/2026 19:00,21.17216267,20.91447036,21.37985498,20.8529319,21.36636913,In
26/03/2026 19:10,21.17216267,20.91447036,21.37985498,20.7529319,21.36636913,In
26/03/2026 19:20,21.17216267,20.81447036,21.37985498,20.7529319,21.36636913,In
26/03/2026 19:30,21.17216267,20.91447036,21.37985498,20.7529319,21.36636913,In
26/03/2026 19:40,21.17216267,20.91447036,21.37985498,20.7529319,21.36636913,In
26/03/2026 19:50,21.17216267,20.91447036,21.27985498,20.8529319,21.36636913,In
26/03/2026 20:00,21.17216267,20.91447036,21.37985498,20.7529319,21.36636913,In
26/03/2026 20:10,21.17216267,20.91447036,21.37985498,20.8529319,21.24338992,In
26/03/2026 20:20,21.17216267,20.81447036,21.37985498,20.7529319,21.36636913,In
26/03/2026 20:30,21.17216267,20.91447036,21.37985498,20.8529319,21.36636913,In
26/03/2026 20:40,21.17216267,20.91447036,21.37985498,20.7529319,21.36636913,In
26/03/2026 20:50,21.07216267,20.91447036,21.37985498,20.7529319,21.36636913,In
26/03/2026 21:00,21.17216267,20.81447036,21.37985498,20.7529319,21.24338992,In
26/03/2026 21:10,21.17216267,20.91447036,21.37985498,20.7529319,21.36636913,In
26/03/2026 21:20,21.17216267,20.91447036,21.37985498,20.7529319,21.24338992,In
26/03/2026 21:30,21.17216267,20.91447036,21.37985498,20.7529319,21.36636913,In
26/03/2026 21:40,21.17216267,20.91447036,21.37985498,20.7529319,21.36636913,In
26/03/2026 21:50,21.17216267,20.91447036,21.37985498,20.7529319,21.36636913,In
26/03/2026 22:00,21.17216267,20.91447036,21.37985498,20.7529319,21.36636913,In
26/03/2026 22:10,21.17216267,20.91447036,21.27985498,20.7529319,21.36636913,In
26/03/2026 22:20,21.17216267,20.91447036,21.27985498,20.7529319,21.36636913,In
26/03/2026 22:30,21.07216267,20.91447036,21.37985498,20.6529319,21.36636913,In
26/03/2026 22:40,21.17216267,20.81447036,21.27985498,20.7529319,21.36636913,In
26/03/2026 22:50,21.17216267,20.81447036,21.27985498,20.7529319,21.24338992,In
26/03/2026 23:00,21.17216267,20.81447036,21.27985498,20.7529319,21.36636913,In
26/03/2026 23:10,21.17216267,20.91447036,21.27985498,20.7529319,21.24338992,In
26/03/2026 23:20,21.17216267,20.91447036,21.27985498,20.7529319,21.36636913,In
26/03/2026 23:30,21.17216267,20.91447036,21.27985498,20.6529319,21.36636913,In
26/03/2026 23:40,21.17216267,20.81447036,21.27985498,20.7529319,21.36636913,In
26/03/2026 23:50,21.17216267,20.91447036,21.37985498,20.7529319,21.24338992,In
27/03/2026 00:00,21.17216267,20.81447036,21.27985498,20.7529319,21.24338992,In
27/03/2026 00:10,21.07216267,20.81447036,21.37985498,20.6529319,21.24338992,In
27/03/2026 00:20,21.07216267,20.81447036,21.27985498,20.7529319,21.24338992,In
27/03/2026 00:30,21.17216267,20.81447036,21.27985498,20.7529319,21.24338992,In
27/03/2026 00:40,21.07216267,20.81447036,21.27985498,20.6529319,21.24338992,In
27/03/2026 00:50,21.17216267,20.81447036,21.27985498,20.7529319,21.24338992,In
27/03/2026 01:00,21.17216267,20.81447036,21.27985498,20.7529319,21.24338992,In
27/03/2026 01:10,21.17216267,20.81447036,21.37985498,20.7529319,21.24338992,In
27/03/2026 01:20,21.07216267,20.91447036,21.27985498,20.7529319,21.24338992,In
27/03/2026 01:30,21.17216267,20.81447036,21.27985498,20.6529319,21.24338992,In
27/03/2026 01:40,21.07216267,20.81447036,21.27985498,20.7529319,21.24338992,In
27/03/2026 01:50,21.07216267,20.91447036,21.37985498,20.7529319,21.36636913,In
27/03/2026 02:00,21.17216267,20.91447036,21.27985498,20.7529319,21.24338992,In
27/03/2026 02:10,21.07216267,20.91447036,21.37985498,20.8529319,21.24338992,In
27/03/2026 02:20,21.17216267,20.91447036,21.27985498,20.6529319,21.24338992,In
27/03/2026 02:30,21.07216267,20.81447036,21.27985498,20.7529319,21.36636913,In
27/03/2026 02:40,21.17216267,20.91447036,21.27985498,20.7529319,21.36636913,In
27/03/2026 02:50,21.07216267,20.91447036,21.27985498,20.7529319,21.24338992,In
27/03/2026 03:00,21.17216267,20.91447036,21.37985498,20.7529319,21.24338992,In
27/03/2026 03:10,21.17216267,20.91447036,21.27985498,20.7529319,21.24338992,In
27/03/2026 03:20,21.07216267,20.81447036,21.27985498,20.7529319,21.36636913,In
27/03/2026 03:30,21.17216267,20.81447036,21.37985498,20.7529319,21.36636913,In
27/03/2026 03:40,21.07216267,20.81447036,21.37985498,20.6529319,21.36636913,In
27/03/2026 03:50,21.17216267,20.91447036,21.37985498,20.6529319,21.36636913,In
27/03/2026 04:00,21.17216267,20.91447036,21.27985498,20.6529319,21.24338992,In
27/03/2026 04:10,21.17216267,20.81447036,21.27985498,20.7529319,21.36636913,In
27/03/2026 04:20,21.17216267,20.91447036,21.37985498,20.8529319,21.36636913,In
27/03/2026 04:30,21.07216267,20.81447036,21.27985498,20.7529319,21.24338992,In
27/03/2026 04:40,21.07216267,20.81447036,21.27985498,20.7529319,21.24338992,In
27/03/2026 04:50,21.17216267,20.91447036,21.27985498,20.7529319,21.24338992,In
27/03/2026 05:00,21.17216267,20.81447036,21.27985498,20.6529319,21.24338992,In
27/03/2026 05:10,21.07216267,20.81447036,21.27985498,20.6529319,21.36636913,In
27/03/2026 05:20,21.17216267,20.81447036,21.37985498,20.7529319,21.24338992,In
27/03/2026 05:30,21.17216267,20.91447036,21.27985498,20.7529319,21.24338992,In
27/03/2026 05:40,21.17216267,20.81447036,21.37985498,20.6529319,21.36636913,In
27/03/2026 05:50,21.17216267,20.81447036,21.27985498,20.6529319,21.36636913,In
27/03/2026 06:00,21.07216267,20.81447036,21.27985498,20.6529319,21.24338992,In
27/03/2026 06:10,21.17216267,20.81447036,21.27985498,20.7529319,21.36636913,In
27/03/2026 06:20,21.07216267,20.81447036,21.37985498,20.7529319,21.24338992,In
27/03/2026 06:30,21.07216267,20.91447036,21.27985498,20.7529319,21.36636913,In
27/03/2026 06:40,21.17216267,20.91447036,21.27985498,20.7529319,21.24338992,In
27/03/2026 06:50,21.17216267,20.81447036,21.27985498,20.7529319,21.24338992,In
27/03/2026 07:00,21.07216267,20.81447036,21.27985498,20.7529319,21.24338992,In
27/03/2026 07:10,21.07216267,20.91447036,21.27985498,20.6529319,21.36636913,In
27/03/2026 07:20,21.07216267,20.81447036,21.27985498,20.7529319,21.36636913,In
27/03/2026 07:30,21.07216267,20.81447036,21.27985498,20.6529319,21.36636913,In
27/03/2026 07:40,21.07216267,20.81447036,21.37985498,20.7529319,21.24338992,In
27/03/2026 07:50,21.07216267,20.91447036,21.37985498,20.7529319,21.24338992,In
27/03/2026 08:00,21.07216267,20.81447036,21.27985498,20.7529319,21.36636913,In
27/03/2026 08:10,21.17216267,20.81447036,21.27985498,20.7529319,21.36636913,In
27/03/2026 08:20,21.07216267,20.81447036,21.27985498,20.7529319,21.24338992,In
27/03/2026 08:30,21.17216267,20.81447036,21.27985498,20.6529319,21.24338992,In
27/03/2026 08:40,21.07216267,20.81447036,21.27985498,20.7529319,21.24338992,In
27/03/2026 08:50,21.07216267,20.81447036,21.37985498,20.7529319,21.24338992,In
27/03/2026 09:00,21.07216267,20.81447036,21.27985498,20.7529319,21.24338992,In
27/03/2026 09:10,21.07216267,20.81447036,21.27985498,20.7529319,21.36636913,In
27/03/2026 09:20,21.07216267,20.81447036,21.27985498,20.6529319,21.24338992,In
27/03/2026 09:30,21.07216267,20.81447036,21.27985498,20.6529319,21.36636913,In
27/03/2026 09:40,21.07216267,20.81447036,21.27985498,20.7529319,21.24338992,In
27/03/2026 09:50,21.07216267,20.81447036,21.27985498,20.7529319,21.36636913,In
27/03/2026 10:00,21.07216267,20.81447036,21.27985498,20.7529319,21.24338992,In
27/03/2026 10:10,21.07216267,20.81447036,21.27985498,20.7529319,21.24338992,In
27/03/2026 10:20,21.07216267,20.81447036,21.37985498,20.7529319,21.36636913,In
27/03/2026 10:30,21.07216267,20.81447036,21.07985498,20.7529319,21.24338992,In
27/03/2026 10:40,21.07216267,20.81447036,21.27985498,20.7529319,21.24338992,In
27/03/2026 10:50,21.07216267,20.81447036,21.27985498,20.6529319,21.24338992,In
27/03/2026 11:00,21.07216267,20.81447036,21.27985498,20.6529319,21.24338992,In
27/03/2026 11:10,21.07216267,20.91447036,21.27985498,20.7529319,21.36636913,In
27/03/2026 11:20,21.07216267,20.81447036,21.37985498,20.7529319,21.24338992,In
27/03/2026 11:30,21.07216267,20.91447036,21.37985498,20.6529319,21.24338992,In
27/03/2026 11:40,21.07216267,20.81447036,21.27985498,20.7529319,21.24338992,In
27/03/2026 11:50,21.17216267,20.81447036,21.27985498,20.7529319,21.24338992,In
27/03/2026 12:00,21.07216267,20.81447036,21.27985498,20.7529319,21.24338992,In
27/03/2026 12:10,21.07216267,20.91447036,21.27985498,20.8529319,21.36636913,In
27/03/2026 12:20,21.07216267,20.81447036,21.27985498,20.7529319,21.36636913,In
27/03/2026 12:30,21.07216267,20.81447036,21.07985498,20.7529319,21.36636913,In
27/03/2026 12:40,21.17216267,20.81447036,21.27985498,20.7529319,21.24338992,In
27/03/2026 12:50,21.07216267,20.81447036,21.27985498,20.7529319,21.24338992,In
27/03/2026 13:00,21.17216267,20.81447036,21.27985498,20.7529319,21.24338992,In
27/03/2026 13:10,21.17216267,20.91447036,21.27985498,20.7529319,21.36636913,In
27/03/2026 13:20,21.07216267,20.81447036,21.37985498,20.7529319,21.24338992,In
27/03/2026 13:30,21.17216267,20.91447036,21.27985498,20.6529319,21.24338992,In
27/03/2026 13:40,21.07216267,20.81447036,21.27985498,20.7529319,21.36636913,In
27/03/2026 13:50,21.07216267,20.81447036,21.27985498,20.7529319,21.24338992,In
27/03/2026 14:00,21.17216267,20.91447036,21.37985498,20.7529319,21.36636913,In
27/03/2026 14:10,21.07216267,20.81447036,21.37985498,20.8529319,21.36636913,In
27/03/2026 14:20,21.17216267,20.81447036,21.27985498,20.7529319,21.24338992,In
27/03/2026 14:30,21.07216267,20.81447036,21.27985498,20.6529319,21.24338992,In
27/03/2026 14:40,21.17216267,20.91447036,21.37985498,20.7529319,21.24338992,In
27/03/2026 14:50,21.07216267,20.91447036,21.37985498,20.7529319,21.36636913,In
27/03/2026 15:00,21.07216267,20.91447036,21.27985498,20.7529319,21.36636913,In
27/03/2026 15:10,21.17216267,20.81447036,21.27985498,20.7529319,21.36636913,In
27/03/2026 15:20,21.17216267,20.81447036,21.37985498,20.7529319,21.36636913,In
27/03/2026 15:30,21.07216267,20.91447036,21.37985498,20.7529319,21.24338992,In
27/03/2026 15:40,21.07216267,20.91447036,21.37985498,20.7529319,21.36636913,In
27/03/2026 15:50,21.17216267,20.91447036,21.37985498,20.7529319,21.24338992,In
27/03/2026 16:00,21.17216267,20.91447036,21.37985498,20.6529319,21.36636913,In
27/03/2026 16:10,21.17216267,20.91447036,21.37985498,20.7529319,21.24338992,In
27/03/2026 16:20,21.17216267,20.91447036,21.37985498,20.7529319,21.36636913,In
27/03/2026 16:30,21.17216267,20.91447036,21.37985498,20.7529319,21.36636913,In
27/03/2026 16:40,21.17216267,20.91447036,21.27985498,20.7529319,21.36636913,In
27/03/2026 16:50,21.17216267,20.91447036,21.37985498,20.7529319,21.36636913,In
27/03/2026 17:00,21.17216267,20.91447036,21.37985498,20.7529319,21.36636913,In
27/03/2026 17:10,21.17216267,20.91447036,21.37985498,20.7529319,21.36636913,In
27/03/2026 17:20,21.17216267,20.91447036,21.37985498,20.7529319,21.36636913,In
27/03/2026 17:30,21.17216267,20.91447036,21.37985498,20.7529319,21.36636913,In
27/03/2026 17:40,21.17216267,20.91447036,21.37985498,20.7529319,21.36636913,In
27/03/2026 17:50,21.17216267,20.91447036,21.37985498,20.7529319,21.36636913,In
27/03/2026 18:00,21.17216267,20.91447036,21.37985498,20.7529319,21.36636913,In
27/03/2026 18:10,21.17216267,20.91447036,21.37985498,20.7529319,21.36636913,In
27/03/2026 18:20,21.17216267,20.91447036,21.37985498,20.7529319,21.36636913,In
27/03/2026 18:30,21.17216267,20.91447036,21.37985498,20.7529319,21.36636913,In
27/03/2026 18:40,21.17216267,20.91447036,21.37985498,20.7529319,21.36636913,In
27/03/2026 18:50,21.17216267,20.91447036,21.37985498,20.7529319,21.36636913,In
27/03/2026 19:00,21.17216267,20.91447036,21.37985498,20.7529319,21.36636913,In
27/03/2026 19:10,21.17216267,20.91447036,21.37985498,20.8529319,21.36636913,In
27/03/2026 19:20,21.17216267,20.91447036,21.37985498,20.7529319,21.36636913,In
27/03/2026 19:30,21.17216267,20.91447036,21.37985498,20.7529319,21.36636913,In
27/03/2026 19:40,21.17216267,20.91447036,21.37985498,20.7529319,21.36636913,In
27/03/2026 19:50,21.17216267,20.91447036,21.37985498,20.7529319,21.36636913,In
27/03/2026 20:00,21.17216267,21.11447036,21.37985498,20.7529319,21.36636913,In
27/03/2026 20:10,21.17216267,20.91447036,21.37985498,20.7529319,21.36636913,In
27/03/2026 20:20,21.17216267,20.91447036,21.37985498,20.7529319,21.36636913,In
27/03/2026 20:30,21.17216267,20.91447036,21.37985498,20.7529319,21.36636913,In
27/03/2026 20:40,21.17216267,20.91447036,21.37985498,20.7529319,21.36636913,In
27/03/2026 20:50,21.17216267,20.91447036,21.37985498,20.8529319,21.24338992,In
27/03/2026 21:00,21.17216267,20.91447036,21.37985498,20.7529319,21.36636913,In
27/03/2026 21:10,21.17216267,20.91447036,21.37985498,20.8529319,21.36636913,In
27/03/2026 21:20,21.17216267,20.91447036,21.37985498,20.8529319,21.36636913,In
27/03/2026 21:30,21.17216267,20.91447036,21.37985498,20.7529319,21.24338992,In
27/03/2026 21:40,21.17216267,20.91447036,21.37985498,20.7529319,21.36636913,In
27/03/2026 21:50,21.17216267,20.91447036,21.37985498,20.7529319,21.24338992,In
27/03/2026 22:00,21.17216267,20.91447036,21.37985498,20.7529319,21.36636913,In
27/03/2026 22:10,21.17216267,20.91447036,21.37985498,20.7529319,21.36636913,In
27/03/2026 22:20,21.17216267,20.91447036,21.37985498,20.7529319,21.36636913,In
27/03/2026 22:30,21.17216267,21.11447036,21.37985498,20.7529319,21.36636913,In
27/03/2026 22:40,21.17216267,20.91447036,21.37985498,20.8529319,21.36636913,In
27/03/2026 22:50,21.17216267,20.91447036,21.37985498,20.8529319,21.36636913,In
27/03/2026 23:00,21.17216267,20.91447036,21.37985498,20.7529319,21.36636913,In
27/03/2026 23:10,21.17216267,20.91447036,21.37985498,20.7529319,21.36636913,In
27/03/2026 23:20,21.17216267,20.91447036,21.37985498,20.8529319,21.36636913,In
27/03/2026 23:30,21.17216267,20.91447036,21.37985498,20.8529319,21.36636913,In
27/03/2026 23:40,21.17216267,20.91447036,21.37985498,20.8529319,21.36636913,In
27/03/2026 23:50,21.17216267,20.91447036,21.37985498,20.7529319,21.36636913,In
28/03/2026 00:00,21.17216267,20.91447036,21.37985498,20.7529319,21.36636913,In
28/03/2026 00:10,21.17216267,20.91447036,21.37985498,20.8529319,21.36636913,In
28/03/2026 00:20,21.17216267,20.91447036,21.37985498,20.7529319,21.36636913,In
28/03/2026 00:30,21.17216267,21.11447036,21.37985498,20.7529319,21.36636913,In
28/03/2026 00:40,21.17216267,21.11447036,21.37985498,20.8529319,21.36636913,In
28/03/2026 00:50,21.17216267,20.91447036,21.37985498,20.7529319,21.24338992,In
28/03/2026 01:00,21.17216267,20.91447036,21.47985498,20.8529319,21.24338992,In
28/03/2026 01:10,21.17216267,20.91447036,21.37985498,20.7529319,21.36636913,In
28/03/2026 01:20,21.17216267,20.91447036,21.37985498,20.7529319,21.36636913,In
28/03/2026 01:30,21.17216267,20.91447036,21.37985498,20.8529319,21.36636913,In
28/03/2026 01:40,21.17216267,20.91447036,21.37985498,20.7529319,21.24338992,In
28/03/2026 01:50,21.17216267,20.91447036,21.37985498,20.7529319,21.36636913,In
28/03/2026 02:00,21.17216267,20.91447036,21.37985498,20.7529319,21.36636913,In
28/03/2026 02:10,21.17216267,21.11447036,21.37985498,20.7529319,21.24338992,In
28/03/2026 02:20,21.17216267,20.91447036,21.37985498,20.7529319,21.36636913,In
28/03/2026 02:30,21.17216267,20.91447036,21.37985498,20.8529319,21.36636913,In
28/03/2026 02:40,21.17216267,20.91447036,21.37985498,20.8529319,21.36636913,In
28/03/2026 02:50,21.17216267,20.91447036,21.37985498,20.7529319,21.36636913,In
28/03/2026 03:00,21.27216267,20.91447036,21.37985498,20.7529319,21.36636913,In
28/03/2026 03:10,21.27216267,21.11447036,21.37985498,20.8529319,21.36636913,In
28/03/2026 03:20,21.27216267,21.11447036,21.37985498,20.8529319,21.36636913,In
28/03/2026 03:30,21.17216267,20.91447036,21.37985498,20.7529319,21.36636913,In
28/03/2026 03:40,21.17216267,20.91447036,21.47985498,20.7529319,21.36636913,In
28/03/2026 03:50,21.17216267,20.91447036,21.37985498,20.8529319,21.36636913,In
28/03/2026 04:00,21.27216267,20.91447036,21.37985498,20.8529319,21.36636913,In
28/03/2026 04:10,21.27216267,20.91447036,21.37985498,20.7529319,21.36636913,In
28/03/2026 04:20,21.17216267,21.11447036,21.37985498,20.7529319,21.36636913,In
28/03/2026 04:30,21.27216267,20.91447036,21.37985498,20.7529319,21.36636913,In
28/03/2026 04:40,21.27216267,20.91447036,21.37985498,20.8529319,21.36636913,In
28/03/2026 04:50,21.17216267,21.11447036,21.37985498,20.7529319,21.36636913,In
28/03/2026 05:00,21.27216267,20.91447036,21.37985498,20.7529319,21.24338992,In
28/03/2026 05:10,21.27216267,20.91447036,21.37985498,20.8529319,21.36636913,In
28/03/2026 05:20,21.27216267,20.91447036,21.37985498,20.7529319,21.36636913,In
28/03/2026 05:30,21.27216267,21.11447036,21.37985498,20.8529319,21.36636913,In
28/03/2026 05:40,21.27216267,20.91447036,21.47985498,20.8529319,21.36636913,In
28/03/2026 05:50,21.27216267,21.11447036,21.37985498,20.8529319,21.48934834,In
28/03/2026 06:00,21.27216267,21.11447036,21.37985498,20.8529319,21.36636913,In
28/03/2026 06:10,21.27216267,21.11447036,21.37985498,20.8529319,21.36636913,In
28/03/2026 06:20,21.27216267,21.11447036,21.37985498,20.8529319,21.36636913,In
28/03/2026 06:30,21.17216267,20.91447036,21.37985498,20.7529319,21.36636913,In
28/03/2026 06:40,21.17216267,20.91447036,21.37985498,20.7529319,21.48934834,In
28/03/2026 06:50,21.17216267,20.91447036,21.37985498,20.8529319,21.36636913,In
28/03/2026 07:00,21.17216267,21.11447036,21.47985498,20.7529319,21.36636913,In
28/03/2026 07:10,21.17216267,21.11447036,21.37985498,20.7529319,21.36636913,In
28/03/2026 07:20,21.17216267,21.11447036,21.47985498,20.7529319,21.36636913,In
28/03/2026 07:30,21.17216267,20.91447036,21.37985498,20.8529319,21.36636913,In
28/03/2026 07:40,21.17216267,21.11447036,21.37985498,20.8529319,21.36636913,In
28/03/2026 07:50,21.17216267,20.91447036,21.37985498,20.7529319,21.36636913,In
28/03/2026 08:00,21.17216267,21.11447036,21.47985498,20.8529319,21.36636913,In
28/03/2026 08:10,21.17216267,21.11447036,21.47985498,20.7529319,21.36636913,In
28/03/2026 08:20,21.17216267,20.91447036,21.37985498,20.7529319,21.36636913,In
28/03/2026 08:30,21.17216267,20.91447036,21.37985498,20.7529319,21.36636913,In
28/03/2026 08:40,21.27216267,21.11447036,21.37985498,20.8529319,21.36636913,In
28/03/2026 08:50,21.17216267,20.91447036,21.37985498,20.8529319,21.48934834,In
28/03/2026 09:00,21.17216267,20.91447036,21.37985498,20.8529319,21.36636913,In
28/03/2026 09:10,21.27216267,21.11447036,21.37985498,20.8529319,21.36636913,In
28/03/2026 09:20,21.27216267,20.91447036,21.37985498,20.8529319,21.36636913,In
28/03/2026 09:30,21.27216267,21.11447036,21.37985498,20.8529319,21.36636913,In
28/03/2026 09:40,21.27216267,20.91447036,21.37985498,20.8529319,21.36636913,In
28/03/2026 09:50,21.17216267,20.91447036,21.47985498,20.8529319,21.36636913,In
28/03/2026 10:00,21.27216267,20.91447036,21.37985498,20.8529319,21.36636913,In
28/03/2026 10:10,21.27216267,20.91447036,21.37985498,20.8529319,21.36636913,In
28/03/2026 10:20,21.17216267,20.91447036,21.37985498,20.8529319,21.48934834,In
28/03/2026 10:30,21.17216267,21.11447036,21.37985498,20.7529319,21.36636913,In
28/03/2026 10:40,21.17216267,21.11447036,21.37985498,20.8529319,21.36636913,In
28/03/2026 10:50,21.27216267,20.91447036,21.37985498,20.7529319,21.36636913,In
28/03/2026 11:00,21.17216267,20.91447036,21.37985498,20.8529319,21.36636913,In
28/03/2026 11:10,21.27216267,21.11447036,21.37985498,20.8529319,21.36636913,In
28/03/2026 11:20,21.27216267,21.11447036,21.47985498,20.8529319,21.36636913,In
28/03/2026 11:30,21.27216267,20.91447036,21.37985498,20.7529319,21.36636913,In
28/03/2026 11:40,21.27216267,20.91447036,21.37985498,20.8529319,21.36636913,In
28/03/2026 11:50,21.27216267,20.91447036,21.37985498,20.8529319,21.36636913,In
28/03/2026 12:00,21.17216267,21.11447036,21.37985498,20.8529319,21.36636913,In
28/03/2026 12:10,21.17216267,20.91447036,21.37985498,20.7529319,21.36636913,In
28/03/2026 12:20,21.17216267,20.91447036,21.37985498,20.8529319,21.36636913,In
28/03/2026 12:30,21.17216267,20.91447036,21.37985498,20.7529319,21.36636913,In
28/03/2026 12:40,21.17216267,21.11447036,21.37985498,20.8529319,21.36636913,In
28/03/2026 12:50,21.27216267,20.91447036,21.37985498,20.8529319,21.36636913,In
28/03/2026 13:00,21.27216267,20.91447036,21.37985498,20.7529319,21.36636913,In
28/03/2026 13:10,21.17216267,20.91447036,21.37985498,20.8529319,21.36636913,In
28/03/2026 13:20,21.17216267,21.11447036,21.37985498,20.7529319,21.36636913,In
28/03/2026 13:30,21.27216267,20.91447036,21.37985498,20.8529319,21.36636913,In
28/03/2026 13:40,21.27216267,20.91447036,21.37985498,20.7529319,21.36636913,In
28/03/2026 13:50,21.27216267,21.11447036,21.37985498,20.8529319,21.48934834,In
28/03/2026 14:00,21.17216267,20.91447036,21.37985498,20.8529319,21.36636913,In
28/03/2026 14:10,21.27216267,21.11447036,21.37985498,20.8529319,21.36636913,In
28/03/2026 14:20,21.17216267,21.11447036,21.37985498,20.8529319,21.48934834,In
28/03/2026 14:30,21.17216267,21.11447036,21.37985498,20.8529319,21.48934834,In
28/03/2026 14:40,21.17216267,21.11447036,21.37985498,20.7529319,21.48934834,In
28/03/2026 14:50,21.17216267,21.11447036,21.37985498,20.8529319,21.36636913,In
28/03/2026 15:00,21.17216267,20.91447036,21.37985498,20.8529319,21.36636913,In
28/03/2026 15:10,21.17216267,21.11447036,21.37985498,20.7529319,21.36636913,In
28/03/2026 15:20,21.17216267,20.91447036,21.37985498,20.8529319,21.36636913,In
28/03/2026 15:30,21.27216267,21.11447036,21.37985498,20.8529319,21.36636913,In
28/03/2026 15:40,21.17216267,21.11447036,21.37985498,20.8529319,21.36636913,In
28/03/2026 15:50,21.17216267,20.91447036,21.37985498,20.7529319,21.36636913,In
28/03/2026 16:00,21.27216267,20.91447036,21.47985498,20.8529319,21.48934834,In
28/03/2026 16:10,21.27216267,20.91447036,21.37985498,20.8529319,21.36636913,In
28/03/2026 16:20,21.17216267,20.91447036,21.37985498,20.8529319,21.36636913,In
28/03/2026 16:30,21.17216267,20.91447036,21.37985498,20.8529319,21.36636913,In
28/03/2026 16:40,21.27216267,21.11447036,21.37985498,20.8529319,21.36636913,In
28/03/2026 16:50,21.17216267,21.11447036,21.47985498,20.8529319,21.36636913,In
28/03/2026 17:00,21.17216267,20.91447036,21.37985498,20.8529319,21.36636913,In
28/03/2026 17:10,21.17216267,21.11447036,21.37985498,20.8529319,21.36636913,In
28/03/2026 17:20,21.17216267,20.91447036,21.37985498,20.8529319,21.36636913,In
28/03/2026 17:30,21.27216267,20.91447036,21.37985498,20.8529319,21.36636913,In
28/03/2026 17:40,21.17216267,20.91447036,21.37985498,20.7529319,21.36636913,In
28/03/2026 17:50,21.27216267,21.11447036,21.37985498,20.8529319,21.36636913,In
28/03/2026 18:00,21.27216267,20.91447036,21.47985498,20.7529319,21.36636913,In
28/03/2026 18:10,21.27216267,21.11447036,21.37985498,20.8529319,21.36636913,In
28/03/2026 18:20,21.17216267,20.91447036,21.37985498,20.8529319,21.36636913,In
28/03/2026 18:30,21.27216267,21.11447036,21.37985498,20.8529319,21.36636913,In
28/03/2026 18:40,21.27216267,20.91447036,21.47985498,20.8529319,21.36636913,In
28/03/2026 18:50,21.17216267,20.91447036,21.37985498,20.8529319,21.36636913,In
28/03/2026 19:00,21.27216267,21.11447036,21.37985498,20.8529319,21.36636913,In
28/03/2026 19:10,21.27216267,20.91447036,21.37985498,20.8529319,21.36636913,In
28/03/2026 19:20,21.17216267,21.11447036,21.37985498,20.8529319,21.36636913,In
28/03/2026 19:30,21.27216267,20.91447036,21.37985498,20.8529319,21.36636913,In
28/03/2026 19:40,21.17216267,20.91447036,21.37985498,20.8529319,21.36636913,In
28/03/2026 19:50,21.17216267,20.91447036,21.37985498,20.7529319,21.36636913,In
28/03/2026 20:00,21.17216267,20.91447036,21.37985498,20.7529319,21.36636913,In
28/03/2026 20:10,21.17216267,20.91447036,21.37985498,20.8529319,21.36636913,In
28/03/2026 20:20,21.17216267,20.91447036,21.37985498,20.8529319,21.36636913,In
28/03/2026 20:30,21.17216267,20.91447036,21.37985498,20.7529319,21.36636913,In
28/03/2026 20:40,21.17216267,20.91447036,21.37985498,20.7529319,21.36636913,In
28/03/2026 20:50,21.17216267,20.91447036,21.37985498,20.8529319,21.36636913,In
28/03/2026 21:00,21.17216267,20.91447036,21.37985498,20.7529319,21.36636913,In
28/03/2026 21:10,21.17216267,20.91447036,21.37985498,20.8529319,21.36636913,In
28/03/2026 21:20,21.17216267,21.11447036,21.37985498,20.7529319,21.36636913,In
28/03/2026 21:30,21.17216267,20.91447036,21.37985498,20.7529319,21.36636913,In
28/03/2026 21:40,21.17216267,20.91447036,21.37985498,20.8529319,21.36636913,In
28/03/2026 21:50,21.17216267,20.91447036,21.37985498,20.8529319,21.36636913,In
28/03/2026 22:00,21.17216267,20.91447036,21.37985498,20.7529319,21.36636913,In
28/03/2026 22:10,21.17216267,20.91447036,21.37985498,20.8529319,21.36636913,In
28/03/2026 22:20,21.27216267,20.91447036,21.37985498,20.8529319,21.48934834,In
28/03/2026 22:30,21.17216267,20.91447036,21.37985498,20.8529319,21.36636913,In
28/03/2026 22:40,21.17216267,20.91447036,21.37985498,20.8529319,21.36636913,In
28/03/2026 22:50,21.17216267,20.91447036,21.47985498,20.8529319,21.36636913,In
28/03/2026 23:00,21.17216267,20.91447036,21.37985498,20.8529319,21.36636913,In
28/03/2026 23:10,21.17216267,20.91447036,21.37985498,20.8529319,21.36636913,In
28/03/2026 23:20,21.17216267,20.91447036,21.37985498,20.7529319,21.36636913,In
28/03/2026 23:30,21.17216267,21.11447036,21.37985498,20.7529319,21.36636913,In
28/03/2026 23:40,21.27216267,20.91447036,21.37985498,20.8529319,21.36636913,In
28/03/2026 23:50,21.17216267,20.91447036,21.47985498,20.7529319,21.36636913,In
29/03/2026 00:00,21.17216267,20.91447036,21.37985498,20.8529319,21.36636913,In
29/03/2026 00:10,21.27216267,20.91447036,21.37985498,20.8529319,21.36636913,In
29/03/2026 00:20,21.17216267,20.91447036,21.37985498,20.8529319,21.36636913,In
29/03/2026 00:30,21.27216267,20.91447036,21.47985498,20.8529319,21.36636913,In
29/03/2026 00:40,21.17216267,21.11447036,21.37985498,20.8529319,21.36636913,In
29/03/2026 00:50,21.17216267,20.91447036,21.37985498,20.8529319,21.36636913,In
29/03/2026 01:00,21.17216267,21.11447036,21.37985498,20.8529319,21.36636913,In
29/03/2026 01:10,21.17216267,20.91447036,21.37985498,20.8529319,21.36636913,In
29/03/2026 01:20,21.17216267,21.11447036,21.37985498,20.7529319,21.36636913,In
29/03/2026 01:30,21.17216267,20.91447036,21.37985498,20.8529319,21.36636913,In
29/03/2026 01:40,21.17216267,20.91447036,21.47985498,20.8529319,21.36636913,In
29/03/2026 01:50,21.27216267,21.11447036,21.27985498,20.8529319,21.36636913,In
29/03/2026 02:00,21.17216267,21.11447036,21.47985498,20.8529319,21.36636913,In
29/03/2026 02:10,21.27216267,21.11447036,21.47985498,20.8529319,21.36636913,In
29/03/2026 02:20,21.27216267,21.11447036,21.37985498,20.8529319,21.48934834,In
29/03/2026 02:30,21.17216267,21.11447036,21.37985498,20.8529319,21.36636913,In
29/03/2026 02:40,21.17216267,21.11447036,21.37985498,20.8529319,21.36636913,In
29/03/2026 02:50,21.17216267,20.91447036,21.47985498,20.8529319,21.36636913,In
29/03/2026 03:00,21.27216267,21.11447036,21.37985498,20.8529319,21.36636913,In
29/03/2026 03:10,21.27216267,21.11447036,21.47985498,20.8529319,21.36636913,In
29/03/2026 03:20,21.27216267,21.11447036,21.37985498,20.8529319,21.48934834,In
29/03/2026 03:30,21.17216267,20.91447036,21.37985498,20.8529319,21.36636913,In
29/03/2026 03:40,21.27216267,21.11447036,21.47985498,21.0529319,21.36636913,In
29/03/2026 03:50,21.27216267,20.91447036,21.47985498,20.8529319,21.36636913,In
29/03/2026 04:00,21.27216267,21.11447036,21.47985498,21.0529319,21.36636913,In
29/03/2026 04:10,21.17216267,20.91447036,21.47985498,20.8529319,21.48934834,In
29/03/2026 04:20,21.17216267,21.11447036,21.47985498,20.8529319,21.36636913,In
29/03/2026 04:30,21.27216267,21.11447036,21.47985498,20.8529319,21.36636913,In
29/03/2026 04:40,21.27216267,21.11447036,21.37985498,20.8529319,21.36636913,In
29/03/2026 04:50,21.27216267,21.11447036,21.37985498,20.8529319,21.48934834,In
29/03/2026 05:00,21.27216267,21.11447036,21.47985498,20.8529319,21.36636913,In
29/03/2026 05:10,21.27216267,21.11447036,21.47985498,20.8529319,21.36636913,In
29/03/2026 05:20,21.27216267,21.11447036,21.47985498,20.8529319,21.36636913,In
29/03/2026 05:30,21.27216267,21.11447036,21.37985498,20.8529319,21.36636913,In
29/03/2026 05:40,21.27216267,21.11447036,21.37985498,20.8529319,21.48934834,In
29/03/2026 05:50,21.27216267,21.11447036,21.47985498,20.8529319,21.36636913,In
29/03/2026 06:00,21.27216267,21.11447036,21.47985498,20.8529319,21.48934834,In
29/03/2026 06:10,21.27216267,21.11447036,21.47985498,20.8529319,21.36636913,In
29/03/2026 06:20,21.27216267,21.11447036,21.47985498,20.8529319,21.36636913,In
29/03/2026 06:30,21.27216267,21.11447036,21.47985498,20.8529319,21.48934834,In
29/03/2026 06:40,21.27216267,21.11447036,21.37985498,20.8529319,21.36636913,In
29/03/2026 06:50,21.27216267,21.11447036,21.37985498,20.8529319,21.48934834,In
29/03/2026 07:00,21.27216267,21.11447036,21.47985498,20.8529319,21.48934834,In
29/03/2026 07:10,21.27216267,21.11447036,21.47985498,20.8529319,21.48934834,In
29/03/2026 07:20,21.27216267,21.11447036,21.37985498,20.8529319,21.36636913,In
29/03/2026 07:30,21.17216267,21.11447036,21.47985498,20.8529319,21.36636913,In
29/03/2026 07:40,21.27216267,21.11447036,21.47985498,20.8529319,21.48934834,In
29/03/2026 07:50,21.17216267,21.11447036,21.47985498,20.8529319,21.36636913,In
29/03/2026 08:00,21.17216267,20.91447036,21.37985498,20.8529319,21.48934834,In
29/03/2026 08:10,21.27216267,21.11447036,21.47985498,20.8529319,21.48934834,In
29/03/2026 08:20,21.27216267,21.11447036,21.47985498,20.8529319,21.36636913,In
29/03/2026 08:30,21.27216267,21.11447036,21.47985498,20.8529319,21.36636913,In
29/03/2026 08:40,21.27216267,21.11447036,21.47985498,20.8529319,21.36636913,In
29/03/2026 08:50,21.27216267,21.11447036,21.47985498,20.8529319,21.36636913,In
29/03/2026 09:00,21.37216267,21.11447036,21.47985498,20.8529319,21.36636913,In
29/03/2026 09:10,21.27216267,21.11447036,21.47985498,20.8529319,21.36636913,In
29/03/2026 09:20,21.17216267,21.11447036,21.47985498,20.8529319,21.48934834,In
29/03/2026 09:30,21.27216267,21.11447036,21.37985498,21.0529319,21.36636913,In
29/03/2026 09:40,21.17216267,21.11447036,21.37985498,20.8529319,21.36636913,In
29/03/2026 09:50,21.27216267,21.11447036,21.47985498,20.8529319,21.48934834,In
29/03/2026 10:00,21.27216267,21.11447036,21.47985498,20.8529319,21.36636913,In
29/03/2026 10:10,21.27216267,21.11447036,21.47985498,20.8529319,21.36636913,In
29/03/2026 10:20,21.27216267,21.11447036,21.37985498,20.8529319,21.36636913,In
29/03/2026 10:30,21.27216267,21.11447036,21.47985498,20.8529319,21.36636913,In
29/03/2026 10:40,21.27216267,21.11447036,21.37985498,20.8529319,21.48934834,In
29/03/2026 10:50,21.27216267,21.11447036,21.47985498,20.8529319,21.48934834,In
29/03/2026 11:00,21.27216267,21.11447036,21.37985498,20.8529319,21.48934834,In
29/03/2026 11:10,21.27216267,21.11447036,21.47985498,20.8529319,21.48934834,In
29/03/2026 11:20,21.27216267,21.11447036,21.37985498,20.8529319,21.48934834,In
29/03/2026 11:30,21.37216267,21.11447036,21.47985498,20.8529319,21.48934834,In
29/03/2026 11:40,21.27216267,21.11447036,21.47985498,20.8529319,21.36636913,In
29/03/2026 11:50,21.27216267,21.11447036,21.47985498,20.8529319,21.36636913,In
29/03/2026 12:00,21.27216267,21.11447036,21.47985498,20.8529319,21.48934834,In
29/03/2026 12:10,21.27216267,21.11447036,21.47985498,20.8529319,21.48934834,In
29/03/2026 12:20,21.27216267,21.11447036,21.47985498,21.0529319,21.48934834,In
29/03/2026 12:30,21.27216267,21.11447036,21.47985498,20.8529319,21.48934834,In
29/03/2026 12:40,21.27216267,21.11447036,21.47985498,21.0529319,21.48934834,In
29/03/2026 12:50,21.37216267,21.11447036,21.47985498,20.8529319,21.48934834,In
29/03/2026 13:00,21.27216267,21.21447036,21.47985498,20.8529319,21.36636913,In
29/03/2026 13:10,21.37216267,21.11447036,21.47985498,20.8529319,21.48934834,In
29/03/2026 13:20,21.37216267,21.11447036,21.47985498,20.8529319,21.48934834,In
29/03/2026 13:30,21.37216267,21.11447036,21.47985498,21.0529319,21.48934834,In
29/03/2026 13:40,21.27216267,21.11447036,21.47985498,21.0529319,21.48934834,In
29/03/2026 13:50,21.27216267,21.11447036,21.47985498,20.8529319,21.48934834,In
29/03/2026 14:00,21.27216267,21.11447036,21.37985498,20.8529319,21.48934834,In
29/03/2026 14:10,21.27216267,21.11447036,21.47985498,20.8529319,21.48934834,In
29/03/2026 14:20,21.27216267,21.21447036,21.47985498,20.8529319,21.48934834,In
29/03/2026 14:30,21.27216267,21.11447036,21.47985498,20.8529319,21.48934834,In
29/03/2026 14:40,21.37216267,21.11447036,21.47985498,21.0529319,21.48934834,In
29/03/2026 14:50,21.27216267,21.11447036,21.47985498,21.0529319,21.48934834,In
29/03/2026 15:00,21.37216267,21.11447036,21.67985498,21.0529319,21.48934834,In
29/03/2026 15:10,21.27216267,21.11447036,21.67985498,21.0529319,21.48934834,In
29/03/2026 15:20,21.27216267,21.11447036,21.47985498,21.0529319,21.48934834,In
29/03/2026 15:30,21.17216267,21.11447036,21.37985498,21.0529319,21.48934834,In
29/03/2026 15:40,21.27216267,21.11447036,21.37985498,20.8529319,21.48934834,In
29/03/2026 15:50,21.27216267,21.11447036,21.37985498,20.8529319,21.36636913,In
29/03/2026 16:00,21.27216267,21.11447036,21.47985498,20.8529319,21.48934834,In
29/03/2026 16:10,21.27216267,21.11447036,21.37985498,20.8529319,21.48934834,In
29/03/2026 16:20,21.27216267,21.11447036,21.47985498,21.0529319,21.61232755,In
29/03/2026 16:30,21.17216267,21.11447036,21.37985498,21.0529319,21.48934834,In
29/03/2026 16:40,21.27216267,21.11447036,21.47985498,20.8529319,21.48934834,In
29/03/2026 16:50,21.27216267,21.11447036,21.37985498,20.8529319,21.48934834,In
29/03/2026 17:00,21.27216267,21.11447036,21.37985498,20.8529319,21.36636913,In
29/03/2026 17:10,21.27216267,21.11447036,21.47985498,20.8529319,21.36636913,In
29/03/2026 17:20,21.27216267,21.11447036,21.47985498,20.8529319,21.36636913,In
29/03/2026 17:30,21.17216267,21.11447036,21.37985498,20.8529319,21.36636913,In
29/03/2026 17:40,21.27216267,21.11447036,21.37985498,20.8529319,21.36636913,In
29/03/2026 17:50,21.17216267,21.11447036,21.37985498,20.8529319,21.36636913,In
29/03/2026 18:00,21.27216267,21.11447036,21.37985498,20.8529319,21.36636913,In
29/03/2026 18:10,21.17216267,20.91447036,21.37985498,20.8529319,21.36636913,In
29/03/2026 18:20,21.17216267,21.11447036,21.37985498,20.8529319,21.36636913,In
29/03/2026 18:30,21.27216267,21.11447036,21.37985498,20.8529319,21.36636913,In
29/03/2026 18:40,21.27216267,21.11447036,21.37985498,20.8529319,21.36636913,In
29/03/2026 18:50,21.27216267,21.11447036,21.47985498,20.8529319,21.36636913,In
29/03/2026 19:00,21.17216267,21.11447036,21.37985498,20.8529319,21.36636913,In
29/03/2026 19:10,21.17216267,21.11447036,21.37985498,20.8529319,21.36636913,In
29/03/2026 19:20,21.27216267,21.11447036,21.37985498,20.8529319,21.48934834,In
29/03/2026 19:30,21.27216267,20.91447036,21.37985498,20.8529319,21.36636913,In
29/03/2026 19:40,21.27216267,21.11447036,21.47985498,20.8529319,21.36636913,In
29/03/2026 19:50,21.17216267,21.11447036,21.37985498,20.8529319,21.36636913,In
29/03/2026 20:00,21.27216267,21.11447036,21.37985498,20.8529319,21.36636913,In
29/03/2026 20:10,21.27216267,21.11447036,21.47985498,20.8529319,21.36636913,In
29/03/2026 20:20,21.27216267,21.11447036,21.37985498,20.8529319,21.36636913,In
29/03/2026 20:30,21.27216267,21.11447036,21.37985498,20.8529319,21.48934834,In
29/03/2026 20:40,21.27216267,21.11447036,21.47985498,20.8529319,21.48934834,In
29/03/2026 20:50,21.17216267,20.91447036,21.37985498,20.8529319,21.36636913,In
29/03/2026 21:00,21.27216267,21.11447036,21.37985498,20.8529319,21.48934834,In
29/03/2026 21:10,21.27216267,21.11447036,21.37985498,20.8529319,21.36636913,In
29/03/2026 21:20,21.27216267,21.11447036,21.37985498,20.8529319,21.48934834,In
29/03/2026 21:30,21.27216267,21.11447036,21.37985498,20.8529319,21.36636913,In
29/03/2026 21:40,21.27216267,21.11447036,21.47985498,20.8529319,21.36636913,In
29/03/2026 21:50,21.17216267,20.91447036,21.37985498,20.8529319,21.48934834,In
29/03/2026 22:00,21.17216267,20.91447036,21.37985498,20.8529319,21.36636913,In
29/03/2026 22:10,21.27216267,21.11447036,21.37985498,20.8529319,21.48934834,In
29/03/2026 22:20,21.27216267,21.11447036,21.47985498,20.8529319,21.48934834,In
29/03/2026 22:30,21.27216267,21.11447036,21.37985498,20.8529319,21.48934834,In
29/03/2026 22:40,21.27216267,21.11447036,21.37985498,21.0529319,21.48934834,In
29/03/2026 22:50,21.27216267,21.11447036,21.47985498,20.8529319,21.48934834,In
29/03/2026 23:00,21.27216267,20.91447036,21.47985498,21.0529319,21.48934834,In
29/03/2026 23:10,21.27216267,21.11447036,21.47985498,21.0529319,21.48934834,In
29/03/2026 23:20,21.27216267,21.11447036,21.47985498,21.0529319,21.61232755,In
29/03/2026 23:30,21.17216267,21.11447036,21.47985498,21.0529319,21.48934834,In
29/03/2026 23:40,21.27216267,21.21447036,21.47985498,21.0529319,21.48934834,In
29/03/2026 23:50,21.27216267,21.11447036,21.47985498,20.8529319,21.48934834,In
30/03/2026 00:00,21.27216267,21.11447036,21.47985498,20.8529319,21.48934834,In
30/03/2026 00:10,21.27216267,21.11447036,21.47985498,21.0529319,21.48934834,In
30/03/2026 00:20,21.27216267,21.11447036,21.47985498,21.0529319,21.61232755,In
30/03/2026 00:30,21.27216267,21.11447036,21.47985498,21.0529319,21.61232755,In
30/03/2026 00:40,21.27216267,21.11447036,21.47985498,21.0529319,21.48934834,In
30/03/2026 00:50,21.27216267,21.11447036,21.37985498,21.0529319,21.48934834,In
30/03/2026 01:00,21.27216267,21.11447036,21.37985498,21.0529319,21.61232755,In
30/03/2026 01:10,21.27216267,20.91447036,21.47985498,21.0529319,21.48934834,In
30/03/2026 01:20,21.27216267,21.11447036,21.47985498,21.0529319,21.61232755,In
30/03/2026 01:30,21.17216267,21.11447036,21.47985498,21.0529319,21.61232755,In
30/03/2026 01:40,21.27216267,21.11447036,21.47985498,21.0529319,21.48934834,In
30/03/2026 01:50,21.27216267,21.11447036,21.47985498,20.8529319,21.36636913,In
30/03/2026 02:00,21.27216267,21.11447036,21.37985498,21.0529319,21.61232755,In
30/03/2026 02:10,21.27216267,21.11447036,21.47985498,20.8529319,21.48934834,In
30/03/2026 02:20,21.17216267,21.11447036,21.37985498,21.0529319,21.48934834,In
30/03/2026 02:30,21.17216267,21.11447036,21.47985498,21.0529319,21.61232755,In
30/03/2026 02:40,21.27216267,21.11447036,21.47985498,21.0529319,21.61232755,In
30/03/2026 02:50,21.27216267,21.11447036,21.67985498,21.0529319,21.61232755,In
30/03/2026 03:00,21.27216267,21.11447036,21.47985498,21.1529319,21.61232755,In
30/03/2026 03:10,21.27216267,21.11447036,21.47985498,20.8529319,21.61232755,In
30/03/2026 03:20,21.27216267,21.11447036,21.47985498,21.0529319,21.61232755,In
30/03/2026 03:30,21.27216267,21.11447036,21.47985498,21.0529319,21.61232755,In
30/03/2026 03:40,21.27216267,21.21447036,21.47985498,21.0529319,21.61232755,In
30/03/2026 03:50,21.27216267,21.11447036,21.37985498,21.0529319,21.61232755,In
30/03/2026 04:00,21.17216267,21.11447036,21.47985498,21.0529319,21.48934834,In
30/03/2026 04:10,21.17216267,20.91447036,21.47985498,20.8529319,21.48934834,In
30/03/2026 04:20,21.27216267,20.91447036,21.37985498,21.0529319,21.61232755,In
30/03/2026 04:30,21.27216267,21.11447036,21.47985498,21.0529319,21.48934834,In
30/03/2026 04:40,21.27216267,20.91447036,21.47985498,21.0529319,21.61232755,In
30/03/2026 04:50,21.17216267,21.11447036,21.47985498,20.8529319,21.48934834,In
30/03/2026 05:00,21.27216267,21.11447036,21.37985498,20.8529319,21.48934834,In
30/03/2026 05:10,21.27216267,21.11447036,21.47985498,20.8529319,21.36636913,In
30/03/2026 05:20,21.17216267,21.11447036,21.47985498,20.8529319,21.48934834,In
30/03/2026 05:30,21.17216267,21.11447036,21.37985498,20.8529319,21.36636913,In
30/03/2026 05:40,21.17216267,21.11447036,21.37985498,20.7529319,21.36636913,In
30/03/2026 05:50,21.27216267,21.11447036,21.47985498,20.8529319,21.36636913,In
30/03/2026 06:00,21.27216267,21.11447036,21.37985498,20.8529319,21.48934834,In
30/03/2026 06:10,21.27216267,21.11447036,21.37985498,20.8529319,21.36636913,In
30/03/2026 06:20,21.27216267,21.11447036,21.37985498,20.8529319,21.36636913,In
30/03/2026 06:30,21.27216267,20.91447036,21.37985498,20.8529319,21.36636913,In
30/03/2026 06:40,21.27216267,21.11447036,21.37985498,20.7529319,21.48934834,In
30/03/2026 06:50,21.27216267,21.11447036,21.47985498,20.8529319,21.48934834,In
30/03/2026 07:00,21.17216267,20.91447036,21.47985498,20.8529319,21.36636913,In
30/03/2026 07:10,21.17216267,20.91447036,21.47985498,20.7529319,21.36636913,In
30/03/2026 07:20,21.17216267,21.11447036,21.37985498,20.8529319,21.36636913,In
30/03/2026 07:30,21.17216267,20.91447036,21.37985498,20.8529319,21.36636913,In
30/03/2026 07:40,21.27216267,21.11447036,21.37985498,20.8529319,21.36636913,In
30/03/2026 07:50,21.27216267,21.11447036,21.37985498,20.8529319,21.36636913,In
30/03/2026 08:00,21.17216267,20.91447036,21.37985498,20.8529319,21.36636913,In
30/03/2026 08:10,21.17216267,21.11447036,21.37985498,20.8529319,21.36636913,In
30/03/2026 08:20,21.17216267,21.11447036,21.37985498,20.8529319,21.36636913,In
30/03/2026 08:30,21.17216267,21.11447036,21.37985498,20.7529319,21.36636913,In
30/03/2026 08:40,21.17216267,21.11447036,21.37985498,20.8529319,21.36636913,In
30/03/2026 08:50,21.17216267,20.91447036,21.37985498,20.8529319,21.36636913,In
30/03/2026 09:00,21.27216267,21.11447036,21.37985498,20.8529319,21.36636913,In
30/03/2026 09:10,21.17216267,21.11447036,21.47985498,20.8529319,21.36636913,In
30/03/2026 09:20,21.17216267,20.91447036,21.37985498,20.8529319,21.36636913,In
30/03/2026 09:30,21.17216267,21.11447036,21.47985498,20.8529319,21.36636913,In
30/03/2026 09:40,21.17216267,21.11447036,21.37985498,20.7529319,21.36636913,In
30/03/2026 09:50,21.27216267,21.11447036,21.37985498,20.8529319,21.36636913,In
30/03/2026 10:00,21.27216267,21.11447036,21.37985498,20.8529319,21.48934834,In
30/03/2026 10:10,21.27216267,21.11447036,21.37985498,20.7529319,21.36636913,In
30/03/2026 10:20,21.27216267,21.11447036,21.47985498,20.8529319,21.36636913,In
30/03/2026 10:30,21.27216267,21.11447036,21.37985498,20.8529319,21.36636913,In
30/03/2026 10:40,21.17216267,21.11447036,21.37985498,20.7529319,21.36636913,In
30/03/2026 10:50,21.17216267,20.91447036,21.37985498,20.8529319,21.36636913,In
30/03/2026 11:00,21.27216267,21.11447036,21.47985498,20.8529319,21.36636913,In
30/03/2026 11:10,21.17216267,21.11447036,21.37985498,20.8529319,21.36636913,In
30/03/2026 11:20,21.17216267,21.11447036,21.37985498,20.7529319,21.48934834,In
30/03/2026 11:30,21.17216267,21.11447036,21.37985498,20.8529319,21.36636913,In
30/03/2026 11:40,21.27216267,20.91447036,21.47985498,20.8529319,21.48934834,In
30/03/2026 11:50,21.17216267,21.11447036,21.37985498,20.7529319,21.48934834,In
30/03/2026 12:00,21.17216267,20.91447036,21.37985498,20.8529319,21.36636913,In
30/03/2026 12:10,21.27216267,20.91447036,21.37985498,20.8529319,21.36636913,In
30/03/2026 12:20,21.27216267,21.11447036,21.47985498,20.7529319,21.36636913,In
30/03/2026 12:30,21.17216267,21.11447036,21.37985498,20.8529319,21.36636913,In
30/03/2026 12:40,21.27216267,20.91447036,21.37985498,20.8529319,21.36636913,In
30/03/2026 12:50,21.27216267,21.11447036,21.37985498,20.8529319,21.36636913,In
30/03/2026 13:00,21.17216267,21.11447036,21.37985498,20.8529319,21.48934834,In
30/03/2026 13:10,21.17216267,20.91447036,21.37985498,20.8529319,21.36636913,In
30/03/2026 13:20,21.17216267,21.11447036,21.37985498,20.8529319,21.36636913,In
30/03/2026 13:30,21.27216267,21.11447036,21.47985498,20.7529319,21.36636913,In
30/03/2026 13:40,21.17216267,21.11447036,21.47985498,20.8529319,21.36636913,In
30/03/2026 13:50,21.27216267,21.11447036,21.47985498,20.8529319,21.36636913,In
30/03/2026 14:00,21.17216267,21.11447036,21.47985498,20.7529319,21.36636913,In
30/03/2026 14:10,21.27216267,21.11447036,21.37985498,20.8529319,21.36636913,In
30/03/2026 14:20,21.27216267,20.91447036,21.47985498,20.8529319,21.48934834,In
30/03/2026 14:30,21.17216267,21.11447036,21.37985498,20.8529319,21.36636913,In
30/03/2026 14:40,21.27216267,21.11447036,21.37985498,20.8529319,21.36636913,In
30/03/2026 14:50,21.27216267,20.91447036,21.37985498,20.8529319,21.36636913,In
30/03/2026 15:00,21.27216267,21.11447036,21.37985498,20.8529319,21.36636913,In
30/03/2026 15:10,21.27216267,21.11447036,21.47985498,20.8529319,21.36636913,In
30/03/2026 15:20,21.27216267,21.11447036,21.37985498,20.7529319,21.36636913,In
30/03/2026 15:30,21.27216267,21.11447036,21.37985498,21.0529319,21.36636913,In
30/03/2026 15:40,21.27216267,21.11447036,21.37985498,20.8529319,21.36636913,In
30/03/2026 15:50,21.27216267,20.91447036,21.37985498,20.8529319,21.48934834,In
30/03/2026 16:00,21.17216267,21.11447036,21.47985498,20.7529319,21.36636913,In
30/03/2026 16:10,21.27216267,21.11447036,21.37985498,20.8529319,21.36636913,In
30/03/2026 16:20,21.27216267,21.11447036,21.37985498,20.7529319,21.36636913,In
30/03/2026 16:30,21.27216267,20.91447036,21.47985498,20.8529319,21.36636913,In
30/03/2026 16:40,21.27216267,21.11447036,21.37985498,20.8529319,21.36636913,In
30/03/2026 16:50,21.17216267,20.91447036,21.37985498,20.8529319,21.36636913,In
30/03/2026 17:00,21.27216267,21.11447036,21.37985498,20.7529319,21.48934834,In
30/03/2026 17:10,21.27216267,21.11447036,21.37985498,20.7529319,21.36636913,In
30/03/2026 17:20,21.27216267,21.11447036,21.47985498,20.8529319,21.36636913,In
30/03/2026 17:30,21.27216267,21.11447036,21.47985498,20.8529319,21.36636913,In
30/03/2026 17:40,21.17216267,21.11447036,21.47985498,20.8529319,21.36636913,In
30/03/2026 17:50,21.17216267,20.91447036,21.47985498,20.8529319,21.36636913,In
30/03/2026 18:00,21.17216267,21.11447036,21.37985498,20.8529319,21.36636913,In
30/03/2026 18:10,21.27216267,21.11447036,21.47985498,20.8529319,21.36636913,In
30/03/2026 18:20,21.27216267,21.11447036,21.37985498,20.8529319,21.48934834,In
30/03/2026 18:30,21.17216267,20.91447036,21.37985498,20.8529319,21.36636913,In
30/03/2026 18:40,21.17216267,21.11447036,21.37985498,20.8529319,21.36636913,In
30/03/2026 18:50,21.27216267,20.91447036,21.37985498,20.8529319,21.36636913,In
30/03/2026 19:00,21.27216267,21.11447036,21.37985498,20.8529319,21.36636913,In
30/03/2026 19:10,21.17216267,21.11447036,21.37985498,20.8529319,21.36636913,In
30/03/2026 19:20,21.27216267,21.11447036,21.37985498,20.8529319,21.36636913,In
30/03/2026 19:30,21.17216267,20.91447036,21.37985498,20.7529319,21.48934834,In
30/03/2026 19:40,21.27216267,20.91447036,21.37985498,20.8529319,21.36636913,In
30/03/2026 19:50,21.17216267,20.91447036,21.47985498,20.7529319,21.36636913,In
30/03/2026 20:00,21.27216267,21.11447036,21.37985498,20.8529319,21.48934834,In
30/03/2026 20:10,21.27216267,20.91447036,21.37985498,20.8529319,21.36636913,In
30/03/2026 20:20,21.27216267,20.91447036,21.37985498,20.8529319,21.36636913,In
30/03/2026 20:30,21.27216267,20.91447036,21.37985498,20.8529319,21.48934834,In
30/03/2026 20:40,21.17216267,20.91447036,21.37985498,20.8529319,21.36636913,In
30/03/2026 20:50,21.17216267,20.91447036,21.47985498,20.8529319,21.48934834,In
30/03/2026 21:00,21.17216267,21.11447036,21.47985498,20.8529319,21.48934834,In
30/03/2026 21:10,21.17216267,20.91447036,21.37985498,20.8529319,21.36636913,In
30/03/2026 21:20,21.27216267,20.91447036,21.37985498,20.8529319,21.36636913,In
30/03/2026 21:30,21.27216267,21.11447036,21.37985498,20.8529319,21.36636913,In
30/03/2026 21:40,21.27216267,21.11447036,21.37985498,20.8529319,21.36636913,In
30/03/2026 21:50,21.27216267,20.91447036,21.37985498,20.8529319,21.48934834,In
30/03/2026 22:00,21.27216267,20.91447036,21.37985498,20.8529319,21.36636913,In
30/03/2026 22:10,21.27216267,21.11447036,21.37985498,20.8529319,21.36636913,In
30/03/2026 22:20,21.17216267,20.91447036,21.37985498,20.8529319,21.36636913,In
30/03/2026 22:30,21.17216267,21.11447036,21.47985498,20.8529319,21.36636913,In
30/03/2026 22:40,21.17216267,21.11447036,21.37985498,20.8529319,21.36636913,In
30/03/2026 22:50,21.17216267,21.11447036,21.37985498,20.8529319,21.36636913,In
30/03/2026 23:00,21.27216267,21.11447036,21.37985498,20.8529319,21.36636913,In
30/03/2026 23:10,21.27216267,21.11447036,21.47985498,20.8529319,21.36636913,In
30/03/2026 23:20,21.27216267,21.11447036,21.37985498,20.8529319,21.36636913,In
30/03/2026 23:30,21.27216267,20.91447036,21.37985498,20.8529319,21.36636913,In
30/03/2026 23:40,21.27216267,21.11447036,21.37985498,20.8529319,21.48934834,In
30/03/2026 23:50,21.27216267,20.91447036,21.37985498,20.8529319,21.48934834,In
31/03/2026 00:00,21.17216267,21.11447036,21.37985498,20.8529319,21.36636913,In
31/03/2026 00:10,21.17216267,20.91447036,21.37985498,20.7529319,21.36636913,In
31/03/2026 00:20,21.27216267,20.91447036,21.47985498,20.8529319,21.36636913,In
31/03/2026 00:30,21.27216267,20.91447036,21.37985498,20.8529319,21.36636913,In
31/03/2026 00:40,21.27216267,21.11447036,21.37985498,20.8529319,21.36636913,In
31/03/2026 00:50,21.17216267,20.91447036,21.47985498,20.8529319,21.36636913,In
31/03/2026 01:00,21.17216267,20.91447036,21.37985498,20.8529319,21.36636913,In
31/03/2026 01:10,21.27216267,21.11447036,21.37985498,20.8529319,21.36636913,In
31/03/2026 01:20,21.17216267,20.91447036,21.37985498,20.7529319,21.36636913,In
31/03/2026 01:30,21.17216267,21.11447036,21.37985498,20.8529319,21.36636913,In
31/03/2026 01:40,21.17216267,20.91447036,21.47985498,20.8529319,21.36636913,In
31/03/2026 01:50,21.17216267,21.11447036,21.37985498,20.8529319,21.36636913,In
31/03/2026 02:00,21.17216267,21.11447036,21.37985498,20.7529319,21.36636913,In
31/03/2026 02:10,21.27216267,20.91447036,21.37985498,20.8529319,21.36636913,In
31/03/2026 02:20,21.17216267,20.91447036,21.37985498,20.8529319,21.36636913,In
31/03/2026 02:30,21.27216267,20.91447036,21.47985498,20.8529319,21.36636913,In
31/03/2026 02:40,21.17216267,20.91447036,21.47985498,20.8529319,21.36636913,In
31/03/2026 02:50,21.17216267,21.11447036,21.37985498,20.8529319,21.36636913,In
31/03/2026 03:00,21.17216267,20.91447036,21.47985498,20.8529319,21.36636913,In
31/03/2026 03:10,21.27216267,21.11447036,21.37985498,20.7529319,21.36636913,In
31/03/2026 03:20,21.17216267,20.91447036,21.37985498,20.8529319,21.36636913,In
31/03/2026 03:30,21.17216267,20.91447036,21.37985498,20.8529319,21.36636913,In
31/03/2026 03:40,21.17216267,20.91447036,21.37985498,20.8529319,21.36636913,In
31/03/2026 03:50,21.17216267,21.11447036,21.37985498,20.8529319,21.36636913,In
31/03/2026 04:00,21.17216267,20.91447036,21.37985498,20.7529319,21.36636913,In
31/03/2026 04:10,21.17216267,21.11447036,21.37985498,20.7529319,21.36636913,In
31/03/2026 04:20,21.27216267,20.91447036,21.37985498,20.8529319,21.36636913,In
31/03/2026 04:30,21.27216267,20.91447036,21.37985498,20.7529319,21.36636913,In
31/03/2026 04:40,21.17216267,20.91447036,21.37985498,20.7529319,21.36636913,In
31/03/2026 04:50,21.17216267,21.11447036,21.37985498,20.7529319,21.36636913,In
31/03/2026 05:00,21.17216267,21.11447036,21.37985498,20.8529319,21.36636913,In
31/03/2026 05:10,21.17216267,20.91447036,21.37985498,20.8529319,21.36636913,In
31/03/2026 05:20,21.17216267,20.91447036,21.37985498,20.7529319,21.36636913,In
31/03/2026 05:30,21.27216267,20.91447036,21.37985498,20.8529319,21.36636913,In
31/03/2026 05:40,21.17216267,20.91447036,21.37985498,20.8529319,21.48934834,In
31/03/2026 05:50,21.17216267,20.91447036,21.37985498,20.7529319,21.36636913,In
31/03/2026 06:00,21.17216267,21.11447036,21.37985498,20.7529319,21.36636913,In
31/03/2026 06:10,21.17216267,20.91447036,21.47985498,20.8529319,21.36636913,In
31/03/2026 06:20,21.17216267,20.91447036,21.37985498,20.8529319,21.36636913,In
31/03/2026 06:30,21.17216267,20.91447036,21.37985498,20.8529319,21.48934834,In
31/03/2026 06:40,21.17216267,20.91447036,21.37985498,20.7529319,21.36636913,In
31/03/2026 06:50,21.17216267,20.91447036,21.47985498,20.8529319,21.36636913,In
31/03/2026 07:00,21.17216267,20.91447036,21.37985498,20.8529319,21.36636913,In
31/03/2026 07:10,21.17216267,21.11447036,21.37985498,20.8529319,21.36636913,In
31/03/2026 07:20,21.17216267,20.91447036,21.37985498,20.7529319,21.36636913,In
31/03/2026 07:30,21.17216267,20.91447036,21.37985498,20.8529319,21.36636913,In
31/03/2026 07:40,21.17216267,20.91447036,21.37985498,20.7529319,21.36636913,In
31/03/2026 07:50,21.17216267,20.91447036,21.37985498,20.7529319,21.36636913,In
31/03/2026 08:00,21.17216267,20.91447036,21.47985498,20.8529319,21.36636913,In
31/03/2026 08:10,21.17216267,21.11447036,21.47985498,20.8529319,21.36636913,In
31/03/2026 08:20,21.17216267,20.91447036,21.37985498,20.8529319,21.36636913,In
31/03/2026 08:30,21.27216267,21.11447036,21.47985498,20.8529319,21.36636913,In
31/03/2026 08:40,21.27216267,20.91447036,21.37985498,20.8529319,21.36636913,In
31/03/2026 08:50,21.17216267,20.91447036,21.37985498,20.8529319,21.36636913,In
31/03/2026 09:00,21.17216267,21.11447036,21.37985498,20.8529319,21.36636913,In
31/03/2026 09:10,21.27216267,21.11447036,21.37985498,20.7529319,21.36636913,In
31/03/2026 09:20,21.17216267,20.91447036,21.37985498,20.8529319,21.36636913,In
31/03/2026 09:30,21.17216267,20.91447036,21.37985498,20.7529319,21.36636913,In
31/03/2026 09:40,21.17216267,20.91447036,21.37985498,20.8529319,21.36636913,In
31/03/2026 09:50,21.27216267,20.91447036,21.47985498,20.8529319,21.36636913,In
31/03/2026 10:00,21.17216267,21.11447036,21.37985498,20.7529319,21.36636913,In
31/03/2026 10:10,21.17216267,21.11447036,21.47985498,20.8529319,21.36636913,In
31/03/2026 10:20,21.17216267,20.91447036,21.37985498,20.7529319,21.36636913,In
31/03/2026 10:30,21.27216267,20.91447036,21.37985498,20.7529319,21.36636913,In
31/03/2026 10:40,21.27216267,20.91447036,21.37985498,20.8529319,21.36636913,In
31/03/2026 10:50,21.17216267,20.91447036,21.37985498,20.8529319,21.36636913,In
31/03/2026 11:00,21.17216267,21.11447036,21.37985498,20.8529319,21.48934834,In
31/03/2026 11:10,21.17216267,20.91447036,21.37985498,20.8529319,21.36636913,In
31/03/2026 11:20,21.27216267,21.11447036,21.37985498,20.7529319,21.36636913,In
31/03/2026 11:30,21.17216267,20.91447036,21.37985498,20.8529319,21.36636913,In
31/03/2026 11:40,21.27216267,20.91447036,21.47985498,20.8529319,21.36636913,In
31/03/2026 11:50,21.17216267,20.91447036,21.37985498,20.8529319,21.36636913,In
31/03/2026 12:00,21.27216267,20.91447036,21.37985498,20.8529319,21.36636913,In
31/03/2026 12:10,21.27216267,20.91447036,21.37985498,20.8529319,21.36636913,In
31/03/2026 12:20,21.27216267,21.11447036,21.37985498,20.7529319,21.36636913,In
31/03/2026 12:30,21.17216267,20.91447036,21.37985498,20.8529319,21.36636913,In
31/03/2026 12:40,21.17216267,20.91447036,21.37985498,20.8529319,21.36636913,In
31/03/2026 12:50,21.17216267,20.91447036,21.37985498,20.8529319,21.36636913,In
31/03/2026 13:00,21.27216267,20.91447036,21.37985498,20.8529319,21.36636913,In
31/03/2026 13:10,21.27216267,20.91447036,21.37985498,20.8529319,21.48934834,In
31/03/2026 13:20,21.27216267,21.11447036,21.37985498,20.8529319,21.36636913,In
31/03/2026 13:30,21.17216267,20.91447036,21.37985498,20.7529319,21.36636913,In
31/03/2026 13:40,21.27216267,20.91447036,21.37985498,20.8529319,21.48934834,In
31/03/2026 13:50,21.17216267,21.11447036,21.37985498,20.8529319,21.36636913,In
31/03/2026 14:00,21.17216267,21.11447036,21.37985498,20.8529319,21.36636913,In
31/03/2026 14:10,21.17216267,20.91447036,21.37985498,20.7529319,21.36636913,In
31/03/2026 14:20,21.27216267,20.91447036,21.37985498,20.8529319,21.36636913,In
31/03/2026 14:30,21.17216267,20.91447036,21.37985498,20.8529319,21.36636913,In
31/03/2026 14:40,21.17216267,20.91447036,21.37985498,20.8529319,21.36636913,In
31/03/2026 14:50,21.27216267,21.11447036,21.37985498,20.8529319,21.36636913,In
31/03/2026 15:00,21.17216267,20.91447036,21.37985498,20.7529319,21.36636913,In
31/03/2026 15:10,21.27216267,20.91447036,21.37985498,20.8529319,21.36636913,In
31/03/2026 15:20,21.17216267,20.91447036,21.37985498,20.7529319,21.36636913,In
31/03/2026 15:30,21.27216267,21.11447036,21.37985498,20.8529319,21.36636913,In
31/03/2026 15:40,21.17216267,21.11447036,21.47985498,20.7529319,21.36636913,In
31/03/2026 15:50,21.17216267,20.91447036,21.37985498,20.8529319,21.36636913,In
31/03/2026 16:00,21.27216267,21.11447036,21.37985498,20.8529319,21.36636913,In
31/03/2026 16:10,21.17216267,20.91447036,21.37985498,20.8529319,21.36636913,In
31/03/2026 16:20,21.27216267,21.11447036,21.37985498,20.8529319,21.36636913,In
31/03/2026 16:30,21.27216267,21.11447036,21.47985498,20.8529319,21.36636913,In
31/03/2026 16:40,21.27216267,20.91447036,21.37985498,20.7529319,21.36636913,In
31/03/2026 16:50,21.17216267,20.91447036,21.47985498,20.8529319,21.36636913,In
31/03/2026 17:00,21.27216267,21.11447036,21.37985498,20.7529319,21.36636913,In
31/03/2026 17:10,21.17216267,20.91447036,21.47985498,20.7529319,21.36636913,In
31/03/2026 17:20,21.27216267,20.91447036,21.37985498,20.7529319,21.36636913,In
31/03/2026 17:30,21.17216267,20.91447036,21.37985498,20.8529319,21.36636913,In
31/03/2026 17:40,21.27216267,20.91447036,21.37985498,20.8529319,21.48934834,In
31/03/2026 17:50,21.17216267,20.91447036,21.37985498,20.8529319,21.36636913,In
31/03/2026 18:00,21.17216267,20.91447036,21.47985498,20.8529319,21.36636913,In
31/03/2026 18:10,21.17216267,21.11447036,21.37985498,20.8529319,21.36636913,In
31/03/2026 18:20,21.27216267,20.91447036,21.37985498,20.8529319,21.48934834,In
31/03/2026 18:30,21.17216267,20.91447036,21.37985498,20.7529319,21.36636913,In
31/03/2026 18:40,21.27216267,20.91447036,21.37985498,20.7529319,21.36636913,In
31/03/2026 18:50,21.27216267,21.11447036,21.37985498,20.8529319,21.36636913,In
31/03/2026 19:00,21.17216267,20.91447036,21.37985498,20.8529319,21.36636913,In
31/03/2026 19:10,21.17216267,21.11447036,21.47985498,20.8529319,21.36636913,In
31/03/2026 19:20,21.17216267,20.91447036,21.37985498,20.8529319,21.36636913,In
31/03/2026 19:30,21.27216267,20.91447036,21.37985498,20.8529319,21.36636913,In
31/03/2026 19:40,21.17216267,21.11447036,21.37985498,20.8529319,21.36636913,In
31/03/2026 19:50,21.27216267,21.11447036,21.37985498,20.7529319,21.36636913,In
31/03/2026 20:00,21.27216267,20.91447036,21.37985498,20.7529319,21.36636913,In
31/03/2026 20:10,21.27216267,21.11447036,21.37985498,20.8529319,21.36636913,In
31/03/2026 20:20,21.17216267,21.11447036,21.37985498,20.8529319,21.36636913,In
31/03/2026 20:30,21.17216267,21.11447036,21.37985498,20.8529319,21.36636913,In
31/03/2026 20:40,21.17216267,20.91447036,21.47985498,20.8529319,21.36636913,In
31/03/2026 20:50,21.27216267,20.91447036,21.37985498,20.7529319,21.36636913,In
31/03/2026 21:00,21.27216267,20.91447036,21.37985498,20.8529319,21.36636913,In
31/03/2026 21:10,21.17216267,21.11447036,21.37985498,20.8529319,21.48934834,In
31/03/2026 21:20,21.17216267,21.11447036,21.37985498,20.8529319,21.36636913,In
31/03/2026 21:30,21.17216267,20.91447036,21.37985498,20.8529319,21.36636913,In
31/03/2026 21:40,21.27216267,20.91447036,21.47985498,20.8529319,21.36636913,In
31/03/2026 21:50,21.17216267,20.91447036,21.37985498,20.8529319,21.36636913,In
31/03/2026 22:00,21.17216267,21.11447036,21.47985498,20.8529319,21.36636913,In
31/03/2026 22:10,21.17216267,20.91447036,21.37985498,20.8529319,21.36636913,In
31/03/2026 22:20,21.27216267,20.91447036,21.37985498,20.8529319,21.36636913,In
31/03/2026 22:30,21.17216267,21.11447036,21.37985498,20.8529319,21.36636913,In
31/03/2026 22:40,21.27216267,21.11447036,21.47985498,20.7529319,21.36636913,In
31/03/2026 22:50,21.17216267,20.91447036,21.37985498,20.8529319,21.36636913,In
31/03/2026 23:00,21.17216267,20.91447036,21.37985498,20.8529319,21.36636913,In
31/03/2026 23:10,21.17216267,20.91447036,21.37985498,20.8529319,21.36636913,In
31/03/2026 23:20,21.17216267,21.11447036,21.37985498,20.8529319,21.36636913,In
31/03/2026 23:30,21.27216267,20.91447036,21.37985498,20.8529319,21.36636913,In
31/03/2026 23:40,21.17216267,20.91447036,21.37985498,20.8529319,21.36636913,In
31/03/2026 23:50,21.17216267,20.91447036,21.37985498,20.7529319,21.36636913,In
01/04/2026 00:00,21.17216267,21.11447036,21.37985498,20.8529319,21.36636913,In
01/04/2026 00:10,21.17216267,20.91447036,21.37985498,20.8529319,21.36636913,In
01/04/2026 00:20,21.17216267,20.91447036,21.37985498,20.8529319,21.36636913,In
01/04/2026 00:30,21.17216267,20.91447036,21.37985498,20.8529319,21.36636913,In
01/04/2026 00:40,21.27216267,21.11447036,21.37985498,20.7529319,21.36636913,In
01/04/2026 00:50,21.17216267,20.91447036,21.37985498,20.8529319,21.36636913,In
01/04/2026 01:00,21.17216267,21.11447036,21.37985498,20.8529319,21.36636913,In
01/04/2026 01:10,21.27216267,20.91447036,21.37985498,20.7529319,21.36636913,In
01/04/2026 01:20,21.17216267,20.91447036,21.37985498,20.8529319,21.36636913,In
01/04/2026 01:30,21.17216267,21.11447036,21.37985498,20.8529319,21.36636913,In
01/04/2026 01:40,21.17216267,21.11447036,21.37985498,20.8529319,21.36636913,In
01/04/2026 01:50,21.17216267,20.91447036,21.37985498,20.7529319,21.36636913,In
01/04/2026 02:00,21.27216267,20.91447036,21.37985498,20.8529319,21.36636913,In
01/04/2026 02:10,21.17216267,20.91447036,21.37985498,20.8529319,21.36636913,In
01/04/2026 02:20,21.17216267,20.91447036,21.37985498,20.8529319,21.36636913,In
01/04/2026 02:30,21.17216267,20.91447036,21.37985498,20.8529319,21.36636913,In
01/04/2026 02:40,21.27216267,20.91447036,21.37985498,20.7529319,21.36636913,In
01/04/2026 02:50,21.17216267,20.91447036,21.37985498,20.8529319,21.36636913,In
01/04/2026 03:00,21.17216267,20.91447036,21.37985498,20.7529319,21.36636913,In
01/04/2026 03:10,21.17216267,20.91447036,21.37985498,20.7529319,21.36636913,In
01/04/2026 03:20,21.17216267,20.91447036,21.37985498,20.8529319,21.36636913,In
01/04/2026 03:30,21.17216267,20.91447036,21.37985498,20.7529319,21.36636913,In
01/04/2026 03:40,21.17216267,20.91447036,21.37985498,20.7529319,21.36636913,In
01/04/2026 03:50,21.17216267,20.91447036,21.47985498,20.8529319,21.36636913,In
01/04/2026 04:00,21.17216267,21.11447036,21.37985498,20.7529319,21.36636913,In
01/04/2026 04:10,21.17216267,20.91447036,21.47985498,20.7529319,21.36636913,In
01/04/2026 04:20,21.27216267,20.91447036,21.37985498,20.8529319,21.36636913,In
01/04/2026 04:30,21.17216267,20.91447036,21.47985498,20.8529319,21.36636913,In
01/04/2026 04:40,21.27216267,20.91447036,21.37985498,20.8529319,21.36636913,In
01/04/2026 04:50,21.17216267,21.11447036,21.37985498,20.8529319,21.36636913,In
01/04/2026 05:00,21.17216267,20.91447036,21.37985498,20.8529319,21.36636913,In
01/04/2026 05:10,21.27216267,20.91447036,21.37985498,20.8529319,21.36636913,In
01/04/2026 05:20,21.17216267,21.11447036,21.37985498,20.8529319,21.36636913,In
01/04/2026 05:30,21.17216267,20.91447036,21.37985498,20.7529319,21.36636913,In
01/04/2026 05:40,21.27216267,20.91447036,21.37985498,20.8529319,21.36636913,In
01/04/2026 05:50,21.27216267,20.91447036,21.37985498,20.7529319,21.36636913,In
01/04/2026 06:00,21.17216267,21.11447036,21.37985498,20.8529319,21.36636913,In
01/04/2026 06:10,21.27216267,20.91447036,21.37985498,20.8529319,21.36636913,In
01/04/2026 06:20,21.17216267,20.91447036,21.37985498,20.8529319,21.36636913,In
01/04/2026 06:30,21.17216267,20.91447036,21.37985498,20.7529319,21.36636913,In
01/04/2026 06:40,21.17216267,21.11447036,21.37985498,20.7529319,21.36636913,In
01/04/2026 06:50,21.17216267,21.11447036,21.37985498,20.8529319,21.36636913,In
01/04/2026 07:00,21.17216267,20.91447036,21.37985498,20.8529319,21.48934834,In
01/04/2026 07:10,21.17216267,21.11447036,21.37985498,20.8529319,21.36636913,In
01/04/2026 07:20,21.17216267,20.91447036,21.47985498,20.8529319,21.36636913,In
01/04/2026 07:30,21.17216267,20.91447036,21.37985498,20.8529319,21.36636913,In
01/04/2026 07:40,21.17216267,21.11447036,21.37985498,20.8529319,21.36636913,In
01/04/2026 07:50,21.17216267,21.11447036,21.37985498,20.7529319,21.36636913,In
01/04/2026 08:00,21.17216267,20.91447036,21.37985498,20.7529319,21.36636913,In
01/04/2026 08:10,21.27216267,20.91447036,21.37985498,20.8529319,21.24338992,In
01/04/2026 08:20,21.27216267,20.91447036,21.37985498,20.8529319,21.36636913,In
01/04/2026 08:30,21.17216267,20.91447036,21.37985498,20.8529319,21.36636913,In
01/04/2026 08:40,21.17216267,21.11447036,21.37985498,20.7529319,21.36636913,In
01/04/2026 08:50,21.27216267,21.11447036,21.37985498,20.7529319,21.36636913,In
01/04/2026 09:00,21.17216267,21.11447036,21.37985498,20.7529319,21.36636913,In
01/04/2026 09:10,21.17216267,20.91447036,21.37985498,20.7529319,21.36636913,In
01/04/2026 09:20,21.27216267,20.91447036,21.37985498,20.8529319,21.36636913,In
01/04/2026 09:30,21.27216267,21.11447036,21.37985498,20.7529319,21.36636913,In
01/04/2026 09:40,21.27216267,20.91447036,21.37985498,20.8529319,21.36636913,In
01/04/2026 09:50,21.17216267,20.91447036,21.37985498,20.8529319,21.36636913,In
01/04/2026 10:00,21.17216267,20.91447036,21.37985498,20.7529319,21.36636913,In
01/04/2026 10:10,21.17216267,20.91447036,21.37985498,20.8529319,21.36636913,In
01/04/2026 10:20,21.17216267,20.91447036,21.37985498,20.8529319,21.36636913,In
01/04/2026 10:30,21.17216267,20.91447036,21.37985498,20.8529319,21.36636913,In
01/04/2026 10:40,21.17216267,20.91447036,21.37985498,20.8529319,21.36636913,In
01/04/2026 10:50,21.17216267,20.91447036,21.37985498,20.8529319,21.36636913,In
01/04/2026 11:00,21.17216267,21.11447036,21.37985498,20.7529319,21.36636913,In
01/04/2026 11:10,21.17216267,20.91447036,21.37985498,20.8529319,21.36636913,In
01/04/2026 11:20,21.27216267,20.91447036,21.37985498,20.8529319,21.36636913,In
01/04/2026 11:30,21.17216267,21.11447036,21.37985498,20.8529319,21.36636913,In
01/04/2026 11:40,21.17216267,20.91447036,21.37985498,20.8529319,21.36636913,In
01/04/2026 11:50,21.17216267,21.11447036,21.37985498,20.8529319,21.36636913,In
01/04/2026 12:00,21.17216267,20.91447036,21.37985498,20.7529319,21.36636913,In
01/04/2026 12:10,21.17216267,20.91447036,21.37985498,20.7529319,21.36636913,In
01/04/2026 12:20,21.17216267,21.11447036,21.37985498,20.7529319,21.36636913,In
01/04/2026 12:30,21.17216267,20.91447036,21.37985498,20.8529319,21.48934834,In
01/04/2026 12:40,21.17216267,21.11447036,21.37985498,20.8529319,21.36636913,In
01/04/2026 12:50,21.17216267,20.91447036,21.47985498,20.8529319,21.36636913,In
01/04/2026 13:00,21.27216267,21.11447036,21.37985498,20.8529319,21.36636913,In
01/04/2026 13:10,21.17216267,20.91447036,21.37985498,20.7529319,21.36636913,In
01/04/2026 13:20,21.17216267,20.91447036,21.37985498,20.8529319,21.36636913,In
01/04/2026 13:30,21.17216267,21.11447036,21.37985498,20.8529319,21.36636913,In
01/04/2026 13:40,21.27216267,20.91447036,21.37985498,20.8529319,21.36636913,In
01/04/2026 13:50,21.27216267,20.91447036,21.37985498,20.8529319,21.36636913,In
01/04/2026 14:00,21.17216267,20.91447036,21.47985498,20.7529319,21.36636913,In
01/04/2026 14:10,21.27216267,20.91447036,21.37985498,20.8529319,21.36636913,In
01/04/2026 14:20,21.27216267,20.91447036,21.37985498,20.8529319,21.36636913,In
01/04/2026 14:30,21.17216267,21.11447036,21.37985498,20.7529319,21.36636913,In
01/04/2026 14:40,21.17216267,20.91447036,21.37985498,20.7529319,21.36636913,In
01/04/2026 14:50,21.17216267,20.91447036,21.37985498,20.8529319,21.36636913,In
01/04/2026 15:00,21.17216267,20.91447036,21.37985498,20.8529319,21.36636913,In
01/04/2026 15:10,21.17216267,20.91447036,21.37985498,20.8529319,21.36636913,In
01/04/2026 15:20,21.27216267,20.91447036,21.37985498,20.7529319,21.36636913,In
01/04/2026 15:30,21.17216267,20.91447036,21.37985498,20.8529319,21.36636913,In
01/04/2026 15:40,21.17216267,20.91447036,21.37985498,20.8529319,21.36636913,In
01/04/2026 15:50,21.27216267,20.91447036,21.47985498,20.8529319,21.36636913,In
01/04/2026 16:00,21.17216267,20.91447036,21.37985498,20.7529319,21.36636913,In
01/04/2026 16:10,21.17216267,21.11447036,21.37985498,20.8529319,21.36636913,In
01/04/2026 16:20,21.17216267,20.91447036,21.37985498,20.7529319,21.36636913,In
01/04/2026 16:30,21.27216267,20.91447036,21.37985498,20.8529319,21.36636913,In
01/04/2026 16:40,21.27216267,21.11447036,21.37985498,20.8529319,21.36636913,In
01/04/2026 16:50,21.27216267,20.91447036,21.37985498,20.7529319,21.24338992,In
01/04/2026 17:00,21.27216267,20.91447036,21.37985498,20.7529319,21.36636913,In
01/04/2026 17:10,21.17216267,20.91447036,21.37985498,20.8529319,21.36636913,In
01/04/2026 17:20,21.27216267,21.11447036,21.37985498,20.8529319,21.36636913,In
01/04/2026 17:30,21.27216267,20.91447036,21.37985498,20.7529319,21.36636913,In
01/04/2026 17:40,21.27216267,21.11447036,21.37985498,20.8529319,21.36636913,In
01/04/2026 17:50,21.17216267,20.91447036,21.37985498,20.8529319,21.36636913,In
01/04/2026 18:00,21.17216267,20.91447036,21.37985498,20.8529319,21.36636913,In
01/04/2026 18:10,21.17216267,20.91447036,21.37985498,20.8529319,21.36636913,In
01/04/2026 18:20,21.17216267,20.91447036,21.47985498,20.7529319,21.36636913,In
01/04/2026 18:30,21.17216267,20.91447036,21.37985498,20.7529319,21.36636913,In
01/04/2026 18:40,21.27216267,20.91447036,21.37985498,20.7529319,21.36636913,In
01/04/2026 18:50,21.17216267,21.11447036,21.37985498,20.7529319,21.36636913,In
01/04/2026 19:00,21.17216267,20.91447036,21.37985498,20.7529319,21.48934834,In
01/04/2026 19:10,21.17216267,20.91447036,21.37985498,20.8529319,21.36636913,In
01/04/2026 19:20,21.27216267,20.91447036,21.37985498,20.8529319,21.36636913,In
01/04/2026 19:30,21.17216267,20.91447036,21.37985498,20.8529319,21.36636913,In
01/04/2026 19:40,21.17216267,20.91447036,21.37985498,20.8529319,21.36636913,In
01/04/2026 19:50,21.17216267,21.11447036,21.37985498,20.8529319,21.36636913,In
01/04/2026 20:00,21.27216267,20.91447036,21.37985498,20.8529319,21.36636913,In
01/04/2026 20:10,21.27216267,20.91447036,21.37985498,20.7529319,21.36636913,In
01/04/2026 20:20,21.17216267,21.11447036,21.37985498,20.7529319,21.36636913,In
01/04/2026 20:30,21.27216267,20.91447036,21.37985498,20.8529319,21.36636913,In
01/04/2026 20:40,21.17216267,20.91447036,21.47985498,20.7529319,21.36636913,In
01/04/2026 20:50,21.17216267,20.91447036,21.37985498,20.7529319,21.36636913,In
01/04/2026 21:00,21.27216267,20.91447036,21.47985498,20.8529319,21.36636913,In
01/04/2026 21:10,21.27216267,20.91447036,21.37985498,20.7529319,21.36636913,In
01/04/2026 21:20,21.17216267,20.91447036,21.37985498,20.7529319,21.36636913,In
01/04/2026 21:30,21.27216267,21.11447036,21.47985498,20.8529319,21.36636913,In
01/04/2026 21:40,21.17216267,20.91447036,21.37985498,20.7529319,21.36636913,In
01/04/2026 21:50,21.17216267,21.11447036,21.37985498,20.8529319,21.36636913,In
01/04/2026 22:00,21.27216267,21.11447036,21.37985498,20.8529319,21.36636913,In
01/04/2026 22:10,21.17216267,20.91447036,21.37985498,20.7529319,21.36636913,In
01/04/2026 22:20,21.17216267,20.91447036,21.37985498,20.7529319,21.36636913,In
01/04/2026 22:30,21.27216267,20.91447036,21.37985498,20.7529319,21.36636913,In
01/04/2026 22:40,21.27216267,20.91447036,21.37985498,20.7529319,21.36636913,In
01/04/2026 22:50,21.17216267,20.91447036,21.37985498,20.7529319,21.48934834,In
01/04/2026 23:00,21.27216267,20.91447036,21.37985498,20.8529319,21.48934834,In
01/04/2026 23:10,21.17216267,20.91447036,21.37985498,20.8529319,21.36636913,In
01/04/2026 23:20,21.17216267,20.91447036,21.47985498,20.7529319,21.36636913,In
01/04/2026 23:30,21.17216267,21.11447036,21.37985498,20.7529319,21.36636913,In
01/04/2026 23:40,21.17216267,21.11447036,21.37985498,20.7529319,21.36636913,In
01/04/2026 23:50,21.17216267,20.91447036,21.37985498,20.7529319,21.36636913,In
02/04/2026 00:00,21.17216267,21.11447036,21.37985498,20.7529319,21.36636913,In
02/04/2026 00:10,21.17216267,20.91447036,21.37985498,20.8529319,21.36636913,In
02/04/2026 00:20,21.17216267,20.91447036,21.37985498,20.8529319,21.36636913,In
02/04/2026 00:30,21.17216267,21.11447036,21.37985498,20.8529319,21.36636913,In
02/04/2026 00:40,21.27216267,20.91447036,21.37985498,20.8529319,21.36636913,In
02/04/2026 00:50,21.27216267,20.91447036,21.37985498,20.8529319,21.36636913,In
02/04/2026 01:00,21.17216267,20.91447036,21.37985498,20.8529319,21.36636913,In
02/04/2026 01:10,21.27216267,21.11447036,21.37985498,20.7529319,21.36636913,In
02/04/2026 01:20,21.17216267,20.91447036,21.37985498,20.8529319,21.48934834,In
02/04/2026 01:30,21.17216267,20.91447036,21.37985498,20.7529319,21.36636913,In
02/04/2026 01:40,21.27216267,21.11447036,21.37985498,20.8529319,21.36636913,In
02/04/2026 01:50,21.27216267,21.11447036,21.37985498,20.8529319,21.36636913,In
02/04/2026 02:00,21.27216267,20.91447036,21.37985498,20.8529319,21.36636913,In
02/04/2026 02:10,21.17216267,20.91447036,21.37985498,20.8529319,21.36636913,In
02/04/2026 02:20,21.17216267,21.11447036,21.37985498,20.7529319,21.36636913,In
02/04/2026 02:30,21.17216267,20.91447036,21.37985498,20.8529319,21.36636913,In
02/04/2026 02:40,21.17216267,20.91447036,21.37985498,20.8529319,21.36636913,In
02/04/2026 02:50,21.17216267,21.11447036,21.37985498,20.7529319,21.36636913,In
02/04/2026 03:00,21.27216267,20.91447036,21.37985498,20.8529319,21.36636913,In
02/04/2026 03:10,21.17216267,21.11447036,21.37985498,20.7529319,21.36636913,In
02/04/2026 03:20,21.17216267,20.91447036,21.37985498,20.7529319,21.36636913,In
02/04/2026 03:30,21.17216267,20.91447036,21.37985498,20.8529319,21.36636913,In
02/04/2026 03:40,21.27216267,21.11447036,21.37985498,20.7529319,21.36636913,In
02/04/2026 03:50,21.17216267,20.91447036,21.37985498,20.7529319,21.36636913,In
02/04/2026 04:00,21.17216267,21.11447036,21.37985498,20.8529319,21.36636913,In
02/04/2026 04:10,21.27216267,20.91447036,21.37985498,20.8529319,21.36636913,In
02/04/2026 04:20,21.17216267,21.11447036,21.37985498,20.7529319,21.36636913,In
02/04/2026 04:30,21.17216267,21.11447036,21.37985498,20.7529319,21.36636913,In
02/04/2026 04:40,21.17216267,21.11447036,21.47985498,20.7529319,21.36636913,In
02/04/2026 04:50,21.27216267,21.11447036,21.37985498,20.8529319,21.36636913,In
02/04/2026 05:00,21.27216267,20.91447036,21.37985498,20.8529319,21.36636913,In
02/04/2026 05:10,21.27216267,20.91447036,21.37985498,20.8529319,21.36636913,In
02/04/2026 05:20,21.17216267,20.91447036,21.37985498,20.7529319,21.36636913,In
02/04/2026 05:30,21.17216267,20.91447036,21.37985498,20.8529319,21.36636913,In
02/04/2026 05:40,21.17216267,20.91447036,21.37985498,20.7529319,21.36636913,In
02/04/2026 05:50,21.17216267,21.11447036,21.37985498,20.7529319,21.36636913,In
02/04/2026 06:00,21.17216267,21.11447036,21.37985498,20.7529319,21.36636913,In
02/04/2026 06:10,21.17216267,20.91447036,21.37985498,20.8529319,21.36636913,In
02/04/2026 06:20,21.17216267,21.11447036,21.37985498,20.8529319,21.36636913,In
02/04/2026 06:30,21.17216267,21.11447036,21.37985498,20.8529319,21.36636913,In
02/04/2026 06:40,21.17216267,20.91447036,21.37985498,20.8529319,21.36636913,In
02/04/2026 06:50,21.17216267,20.91447036,21.37985498,20.8529319,21.36636913,In
02/04/2026 07:00,21.17216267,20.91447036,21.37985498,20.7529319,21.36636913,In
02/04/2026 07:10,21.17216267,21.11447036,21.37985498,20.8529319,21.36636913,In
02/04/2026 07:20,21.17216267,20.91447036,21.37985498,20.8529319,21.36636913,In
02/04/2026 07:30,21.27216267,21.11447036,21.37985498,20.8529319,21.36636913,In
02/04/2026 07:40,21.17216267,20.91447036,21.37985498,20.8529319,21.36636913,In
02/04/2026 07:50,21.17216267,20.91447036,21.37985498,20.8529319,21.36636913,In
02/04/2026 08:00,21.17216267,20.91447036,21.37985498,20.7529319,21.36636913,In
02/04/2026 08:10,21.17216267,21.11447036,21.37985498,20.7529319,21.36636913,In
02/04/2026 08:20,21.17216267,20.91447036,21.37985498,20.7529319,21.36636913,In
02/04/2026 08:30,21.17216267,21.11447036,21.37985498,20.7529319,21.36636913,In
02/04/2026 08:40,21.17216267,21.11447036,21.47985498,20.8529319,21.36636913,In
02/04/2026 08:50,21.17216267,20.91447036,21.37985498,20.7529319,21.36636913,In
02/04/2026 09:00,21.17216267,21.11447036,21.37985498,20.7529319,21.36636913,In
02/04/2026 09:10,21.17216267,20.91447036,21.37985498,20.8529319,21.36636913,In
02/04/2026 09:20,21.17216267,20.91447036,21.37985498,20.7529319,21.36636913,In
02/04/2026 09:30,21.17216267,20.91447036,21.37985498,20.7529319,21.36636913,In
02/04/2026 09:40,21.17216267,20.91447036,21.37985498,20.7529319,21.36636913,In
02/04/2026 09:50,21.27216267,20.91447036,21.37985498,20.8529319,21.36636913,In
02/04/2026 10:00,21.17216267,20.91447036,21.37985498,20.8529319,21.36636913,In
02/04/2026 10:10,21.27216267,20.91447036,21.37985498,20.8529319,21.36636913,In
02/04/2026 10:20,21.17216267,20.91447036,21.37985498,20.7529319,21.36636913,In
02/04/2026 10:30,21.17216267,20.91447036,21.37985498,20.8529319,21.36636913,In
02/04/2026 10:40,21.17216267,20.91447036,21.47985498,20.7529319,21.36636913,In
02/04/2026 10:50,21.17216267,20.91447036,21.47985498,20.7529319,21.36636913,In
02/04/2026 11:00,21.17216267,20.91447036,21.37985498,20.8529319,21.36636913,In
02/04/2026 11:10,21.17216267,20.91447036,21.47985498,20.7529319,21.36636913,In
02/04/2026 11:20,21.27216267,20.91447036,21.37985498,20.8529319,21.36636913,In
02/04/2026 11:30,21.17216267,21.11447036,21.37985498,20.7529319,21.36636913,In
02/04/2026 11:40,21.17216267,21.11447036,21.37985498,20.7529319,21.36636913,In
02/04/2026 11:50,21.17216267,20.91447036,21.37985498,20.8529319,21.36636913,In
02/04/2026 12:00,21.17216267,20.91447036,21.37985498,20.7529319,21.36636913,In
02/04/2026 12:10,21.27216267,20.91447036,21.37985498,20.7529319,21.36636913,In
02/04/2026 12:20,21.17216267,20.91447036,21.47985498,20.8529319,21.36636913,In
02/04/2026 12:30,21.27216267,20.91447036,21.37985498,20.7529319,21.36636913,In
02/04/2026 12:40,21.27216267,21.11447036,21.37985498,20.8529319,21.36636913,In
02/04/2026 12:50,21.27216267,20.91447036,21.37985498,20.8529319,21.36636913,In
02/04/2026 13:00,21.17216267,20.91447036,21.37985498,20.7529319,21.36636913,In
02/04/2026 13:10,21.27216267,21.11447036,21.47985498,20.8529319,21.36636913,In
02/04/2026 13:20,21.17216267,21.11447036,21.37985498,20.8529319,21.36636913,In
02/04/2026 13:30,21.17216267,20.91447036,21.47985498,20.8529319,21.36636913,In
02/04/2026 13:40,21.17216267,20.91447036,21.37985498,20.7529319,21.36636913,In
02/04/2026 13:50,21.27216267,20.91447036,21.37985498,20.8529319,21.36636913,In
02/04/2026 14:00,21.17216267,20.91447036,21.37985498,20.7529319,21.24338992,In
02/04/2026 14:10,21.17216267,21.11447036,21.37985498,20.7529319,21.36636913,In
02/04/2026 14:20,21.17216267,20.91447036,21.37985498,20.8529319,21.36636913,In
02/04/2026 14:30,21.17216267,20.91447036,21.37985498,20.7529319,21.36636913,In
02/04/2026 14:40,21.17216267,20.91447036,21.37985498,20.8529319,21.36636913,In
02/04/2026 14:50,21.17216267,20.91447036,21.37985498,20.7529319,21.36636913,In
02/04/2026 15:00,21.17216267,20.91447036,21.37985498,20.8529319,21.36636913,In
02/04/2026 15:10,21.17216267,20.91447036,21.37985498,20.8529319,21.36636913,In
02/04/2026 15:20,21.17216267,20.91447036,21.37985498,20.7529319,21.36636913,In
02/04/2026 15:30,21.17216267,20.91447036,21.37985498,20.7529319,21.36636913,In
02/04/2026 15:40,21.17216267,20.91447036,21.37985498,20.7529319,21.36636913,In
02/04/2026 15:50,21.17216267,20.91447036,21.37985498,20.7529319,21.36636913,In
02/04/2026 16:00,21.17216267,20.91447036,21.37985498,20.7529319,21.36636913,In
02/04/2026 16:10,21.17216267,20.91447036,21.37985498,20.7529319,21.36636913,In
02/04/2026 16:20,21.17216267,20.91447036,21.37985498,20.7529319,21.36636913,In
02/04/2026 16:30,21.17216267,20.91447036,21.37985498,20.8529319,21.36636913,In
02/04/2026 16:40,21.17216267,20.91447036,21.37985498,20.8529319,21.36636913,In
02/04/2026 16:50,21.17216267,20.91447036,21.37985498,20.7529319,21.36636913,In
02/04/2026 17:00,21.07216267,20.91447036,21.37985498,20.7529319,21.36636913,In
02/04/2026 17:10,21.17216267,20.91447036,21.37985498,20.7529319,21.24338992,In
02/04/2026 17:20,21.17216267,20.91447036,21.37985498,20.7529319,21.36636913,In
02/04/2026 17:30,21.17216267,20.91447036,21.37985498,20.7529319,21.24338992,In
02/04/2026 17:40,21.17216267,21.11447036,21.37985498,20.7529319,21.36636913,In
02/04/2026 17:50,21.17216267,20.91447036,21.37985498,20.8529319,21.36636913,In
02/04/2026 18:00,21.17216267,20.91447036,21.37985498,20.8529319,21.36636913,In
02/04/2026 18:10,21.17216267,20.91447036,21.37985498,20.8529319,21.36636913,In
02/04/2026 18:20,21.17216267,20.91447036,21.37985498,20.7529319,21.36636913,In
02/04/2026 18:30,21.17216267,20.91447036,21.37985498,20.7529319,21.36636913,In
02/04/2026 18:40,21.17216267,20.91447036,21.37985498,20.7529319,21.36636913,In
02/04/2026 18:50,21.17216267,20.91447036,21.37985498,20.7529319,21.36636913,In
02/04/2026 19:00,21.17216267,20.91447036,21.37985498,20.7529319,21.36636913,In
02/04/2026 19:10,21.17216267,20.91447036,21.37985498,20.7529319,21.36636913,In
02/04/2026 19:20,21.17216267,20.91447036,21.37985498,20.7529319,21.36636913,In
02/04/2026 19:30,21.17216267,20.91447036,21.37985498,20.7529319,21.36636913,In
02/04/2026 19:40,21.17216267,20.91447036,21.37985498,20.7529319,21.24338992,In
02/04/2026 19:50,21.17216267,20.91447036,21.37985498,20.7529319,21.36636913,In
02/04/2026 20:00,21.17216267,20.91447036,21.37985498,20.7529319,21.36636913,In
02/04/2026 20:10,21.17216267,20.91447036,21.37985498,20.7529319,21.36636913,In
02/04/2026 20:20,21.17216267,20.91447036,21.37985498,20.8529319,21.36636913,In
02/04/2026 20:30,21.17216267,20.91447036,21.37985498,20.8529319,21.36636913,In
02/04/2026 20:40,21.17216267,20.91447036,21.37985498,20.8529319,21.36636913,In
02/04/2026 20:50,21.17216267,20.91447036,21.37985498,20.7529319,21.36636913,In
02/04/2026 21:00,21.17216267,20.91447036,21.47985498,20.8529319,21.48934834,In
02/04/2026 21:10,21.27216267,20.91447036,21.37985498,20.7529319,21.36636913,In
02/04/2026 21:20,21.17216267,20.91447036,21.37985498,20.7529319,21.36636913,In
02/04/2026 21:30,21.17216267,20.91447036,21.37985498,20.7529319,21.36636913,In
02/04/2026 21:40,21.17216267,20.91447036,21.37985498,20.7529319,21.36636913,In
02/04/2026 21:50,21.17216267,20.91447036,21.37985498,20.7529319,21.36636913,In
02/04/2026 22:00,21.27216267,20.91447036,21.37985498,20.8529319,21.36636913,In
02/04/2026 22:10,21.17216267,20.91447036,21.37985498,20.8529319,21.36636913,In
02/04/2026 22:20,21.17216267,20.91447036,21.37985498,20.7529319,21.36636913,In
02/04/2026 22:30,21.17216267,21.11447036,21.37985498,20.8529319,21.36636913,In
02/04/2026 22:40,21.17216267,20.91447036,21.37985498,20.8529319,21.36636913,In
02/04/2026 22:50,21.17216267,20.91447036,21.37985498,20.8529319,21.36636913,In
02/04/2026 23:00,21.17216267,21.11447036,21.37985498,20.8529319,21.36636913,In
02/04/2026 23:10,21.17216267,20.91447036,21.37985498,20.7529319,21.36636913,In
02/04/2026 23:20,21.17216267,20.91447036,21.37985498,20.8529319,21.36636913,In
02/04/2026 23:30,21.17216267,20.91447036,21.37985498,20.7529319,21.36636913,In
02/04/2026 23:40,21.17216267,20.91447036,21.37985498,20.7529319,21.36636913,In
02/04/2026 23:50,21.17216267,20.91447036,21.37985498,20.8529319,21.36636913,In
03/04/2026 00:00,21.17216267,20.91447036,21.37985498,20.7529319,21.36636913,In
03/04/2026 00:10,21.17216267,21.11447036,21.47985498,20.7529319,21.36636913,In
03/04/2026 00:20,21.17216267,20.91447036,21.37985498,20.7529319,21.24338992,In
03/04/2026 00:30,21.17216267,20.91447036,21.37985498,20.8529319,21.36636913,In
03/04/2026 00:40,21.17216267,20.91447036,21.37985498,20.7529319,21.36636913,In
03/04/2026 00:50,21.17216267,20.91447036,21.37985498,20.7529319,21.36636913,In
03/04/2026 01:00,21.27216267,20.91447036,21.37985498,20.7529319,21.36636913,In
03/04/2026 01:10,21.17216267,20.91447036,21.37985498,20.7529319,21.36636913,In
03/04/2026 01:20,21.17216267,20.91447036,21.37985498,20.7529319,21.36636913,In
03/04/2026 01:30,21.17216267,21.11447036,21.37985498,20.7529319,21.36636913,In
03/04/2026 01:40,21.17216267,20.91447036,21.37985498,20.8529319,21.36636913,In
03/04/2026 01:50,21.07216267,20.91447036,21.37985498,20.8529319,21.36636913,In
03/04/2026 02:00,21.17216267,20.91447036,21.37985498,20.7529319,21.36636913,In
03/04/2026 02:10,21.17216267,20.91447036,21.37985498,20.7529319,21.36636913,In
03/04/2026 02:20,21.17216267,20.91447036,21.37985498,20.8529319,21.36636913,In
03/04/2026 02:30,21.17216267,20.91447036,21.37985498,20.8529319,21.36636913,In
03/04/2026 02:40,21.17216267,20.91447036,21.37985498,20.7529319,21.36636913,In
03/04/2026 02:50,21.17216267,20.91447036,21.37985498,20.7529319,21.36636913,In
03/04/2026 03:00,21.17216267,20.91447036,21.37985498,20.8529319,21.36636913,In
03/04/2026 03:10,21.17216267,20.91447036,21.37985498,20.7529319,21.36636913,In
03/04/2026 03:20,21.27216267,20.91447036,21.37985498,20.7529319,21.36636913,In
03/04/2026 03:30,21.17216267,20.91447036,21.37985498,20.8529319,21.36636913,In
03/04/2026 03:40,21.17216267,20.91447036,21.37985498,20.7529319,21.36636913,In
03/04/2026 03:50,21.17216267,20.91447036,21.37985498,20.8529319,21.36636913,In
03/04/2026 04:00,21.17216267,20.91447036,21.37985498,20.8529319,21.36636913,In
03/04/2026 04:10,21.17216267,20.91447036,21.37985498,20.7529319,21.36636913,In
03/04/2026 04:20,21.17216267,20.91447036,21.37985498,20.7529319,21.24338992,In
03/04/2026 04:30,21.17216267,20.91447036,21.37985498,20.7529319,21.36636913,In
03/04/2026 04:40,21.17216267,20.91447036,21.37985498,20.7529319,21.36636913,In
03/04/2026 04:50,21.17216267,20.91447036,21.37985498,20.7529319,21.24338992,In
03/04/2026 05:00,21.17216267,20.91447036,21.37985498,20.8529319,21.36636913,In
03/04/2026 05:10,21.17216267,20.91447036,21.37985498,20.7529319,21.36636913,In
03/04/2026 05:20,21.17216267,20.91447036,21.37985498,20.7529319,21.36636913,In
03/04/2026 05:30,21.17216267,20.91447036,21.37985498,20.7529319,21.36636913,In
03/04/2026 05:40,21.17216267,20.91447036,21.37985498,20.7529319,21.36636913,In
03/04/2026 05:50,21.17216267,20.91447036,21.37985498,20.7529319,21.36636913,In
03/04/2026 06:00,21.17216267,20.91447036,21.37985498,20.8529319,21.36636913,In
03/04/2026 06:10,21.17216267,21.11447036,21.37985498,20.8529319,21.36636913,In
03/04/2026 06:20,21.27216267,20.91447036,21.37985498,20.7529319,21.36636913,In
03/04/2026 06:30,21.17216267,20.91447036,21.37985498,20.7529319,21.36636913,In
03/04/2026 06:40,21.17216267,21.11447036,21.37985498,20.8529319,21.36636913,In
03/04/2026 06:50,21.17216267,20.91447036,21.37985498,20.7529319,21.36636913,In
03/04/2026 07:00,21.17216267,20.91447036,21.37985498,20.7529319,21.24338992,In
03/04/2026 07:10,21.17216267,20.91447036,21.37985498,20.7529319,21.36636913,In
03/04/2026 07:20,21.27216267,20.91447036,21.37985498,20.8529319,21.36636913,In
03/04/2026 07:30,21.17216267,20.91447036,21.37985498,20.8529319,21.36636913,In
03/04/2026 07:40,21.17216267,20.91447036,21.37985498,20.7529319,21.36636913,In
03/04/2026 07:50,21.17216267,20.91447036,21.37985498,20.7529319,21.36636913,In
03/04/2026 08:00,21.17216267,20.91447036,21.37985498,20.8529319,21.36636913,In
03/04/2026 08:10,21.17216267,20.91447036,21.37985498,20.7529319,21.36636913,In
03/04/2026 08:20,21.17216267,20.91447036,21.37985498,20.8529319,21.36636913,In
03/04/2026 08:30,21.17216267,20.91447036,21.37985498,20.8529319,21.36636913,In
03/04/2026 08:40,21.17216267,20.91447036,21.37985498,20.7529319,21.36636913,In
03/04/2026 08:50,21.17216267,20.91447036,21.37985498,20.8529319,21.36636913,In
03/04/2026 09:00,21.17216267,20.91447036,21.37985498,20.7529319,21.36636913,In
03/04/2026 09:10,21.17216267,20.91447036,21.37985498,20.7529319,21.36636913,In
03/04/2026 09:20,21.27216267,20.91447036,21.37985498,20.7529319,21.36636913,In
03/04/2026 09:30,21.17216267,20.91447036,21.37985498,20.7529319,21.36636913,In
03/04/2026 09:40,21.17216267,20.91447036,21.37985498,20.8529319,21.36636913,In
03/04/2026 09:50,21.17216267,20.91447036,21.37985498,20.7529319,21.24338992,In
03/04/2026 10:00,21.17216267,21.11447036,21.37985498,20.7529319,21.36636913,In
03/04/2026 10:10,21.17216267,20.91447036,21.37985498,20.8529319,21.36636913,In
03/04/2026 10:20,21.17216267,21.11447036,21.37985498,20.7529319,21.36636913,In
03/04/2026 10:30,21.27216267,21.11447036,21.37985498,20.7529319,21.36636913,In
03/04/2026 10:40,21.27216267,20.91447036,21.37985498,20.7529319,21.36636913,In
03/04/2026 10:50,21.17216267,20.91447036,21.37985498,20.8529319,21.36636913,In
03/04/2026 11:00,21.17216267,20.91447036,21.37985498,20.7529319,21.36636913,In
03/04/2026 11:10,21.17216267,20.91447036,21.37985498,20.8529319,21.36636913,In
03/04/2026 11:20,21.27216267,20.91447036,21.37985498,20.7529319,21.36636913,In
03/04/2026 11:30,21.17216267,21.11447036,21.37985498,20.8529319,21.36636913,In
03/04/2026 11:40,21.17216267,20.91447036,21.37985498,20.8529319,21.36636913,In
03/04/2026 11:50,21.17216267,20.91447036,21.37985498,20.8529319,21.36636913,In
03/04/2026 12:00,21.17216267,20.91447036,21.37985498,20.7529319,21.36636913,In
03/04/2026 12:10,21.17216267,20.91447036,21.37985498,20.8529319,21.36636913,In
03/04/2026 12:20,21.17216267,20.91447036,21.37985498,20.8529319,21.36636913,In
03/04/2026 12:30,21.17216267,20.91447036,21.37985498,20.8529319,21.36636913,In
03/04/2026 12:40,21.17216267,20.91447036,21.37985498,20.7529319,21.36636913,In
03/04/2026 12:50,21.17216267,20.91447036,21.37985498,20.8529319,21.36636913,In
03/04/2026 13:00,21.27216267,20.91447036,21.37985498,20.7529319,21.36636913,In
03/04/2026 13:10,21.17216267,20.91447036,21.37985498,20.8529319,21.24338992,In
03/04/2026 13:20,21.17216267,20.91447036,21.37985498,20.8529319,21.36636913,In
03/04/2026 13:30,21.17216267,21.11447036,21.37985498,20.7529319,21.36636913,In
03/04/2026 13:40,21.17216267,20.91447036,21.37985498,20.7529319,21.36636913,In
03/04/2026 13:50,21.17216267,20.91447036,21.37985498,20.7529319,21.36636913,In
03/04/2026 14:00,21.17216267,20.91447036,21.37985498,20.7529319,21.24338992,In
03/04/2026 14:10,21.17216267,20.91447036,21.37985498,20.7529319,21.36636913,In
03/04/2026 14:20,21.27216267,20.91447036,21.37985498,20.7529319,21.36636913,In
03/04/2026 14:30,21.17216267,20.91447036,21.37985498,20.8529319,21.36636913,In
03/04/2026 14:40,21.17216267,20.91447036,21.37985498,20.7529319,21.36636913,In
03/04/2026 14:50,21.27216267,21.11447036,21.37985498,20.7529319,21.36636913,In
03/04/2026 15:00,21.17216267,20.91447036,21.37985498,20.7529319,21.36636913,In
03/04/2026 15:10,21.17216267,20.91447036,21.37985498,20.7529319,21.36636913,In
03/04/2026 15:20,21.17216267,20.91447036,21.37985498,20.8529319,21.24338992,In
03/04/2026 15:30,21.17216267,20.91447036,21.27985498,20.8529319,21.36636913,In
03/04/2026 15:40,21.27216267,20.91447036,21.37985498,20.7529319,21.36636913,In
03/04/2026 15:50,21.17216267,20.91447036,21.37985498,20.7529319,21.36636913,In
03/04/2026 16:00,21.17216267,20.91447036,21.37985498,20.7529319,21.36636913,In
03/04/2026 16:10,21.17216267,20.91447036,21.37985498,20.8529319,21.36636913,In
03/04/2026 16:20,21.17216267,20.91447036,21.37985498,20.8529319,21.36636913,In
03/04/2026 16:30,21.17216267,20.91447036,21.37985498,20.7529319,21.36636913,In
03/04/2026 16:40,21.17216267,20.91447036,21.37985498,20.8529319,21.36636913,In
03/04/2026 16:50,21.17216267,20.91447036,21.37985498,20.8529319,21.36636913,In
03/04/2026 17:00,21.17216267,20.91447036,21.37985498,20.8529319,21.36636913,In
03/04/2026 17:10,21.17216267,20.91447036,21.37985498,20.8529319,21.36636913,In
03/04/2026 17:20,21.17216267,20.91447036,21.37985498,20.8529319,21.36636913,In
03/04/2026 17:30,21.17216267,21.11447036,21.37985498,20.7529319,21.24338992,In
03/04/2026 17:40,21.17216267,20.91447036,21.37985498,20.8529319,21.24338992,In
03/04/2026 17:50,21.17216267,20.91447036,21.37985498,20.7529319,21.36636913,In
03/04/2026 18:00,21.17216267,20.91447036,21.37985498,20.7529319,21.36636913,In
03/04/2026 18:10,21.17216267,21.11447036,21.37985498,20.8529319,21.36636913,In
03/04/2026 18:20,21.27216267,20.91447036,21.37985498,20.7529319,21.36636913,In
03/04/2026 18:30,21.17216267,20.91447036,21.37985498,20.8529319,21.36636913,In
03/04/2026 18:40,21.17216267,20.91447036,21.37985498,20.8529319,21.36636913,In
03/04/2026 18:50,21.17216267,20.91447036,21.37985498,20.7529319,21.36636913,In
03/04/2026 19:00,21.17216267,20.91447036,21.37985498,20.7529319,21.36636913,In
03/04/2026 19:10,21.17216267,20.91447036,21.37985498,20.8529319,21.36636913,In
03/04/2026 19:20,21.17216267,20.91447036,21.37985498,20.7529319,21.36636913,In
03/04/2026 19:30,21.17216267,20.91447036,21.37985498,20.7529319,21.36636913,In
03/04/2026 19:40,21.17216267,20.91447036,21.37985498,20.7529319,21.36636913,In
03/04/2026 19:50,21.27216267,20.91447036,21.37985498,20.8529319,21.36636913,In
03/04/2026 20:00,21.17216267,20.91447036,21.37985498,20.7529319,21.36636913,In
03/04/2026 20:10,21.17216267,20.91447036,21.37985498,20.7529319,21.36636913,In
03/04/2026 20:20,21.17216267,20.91447036,21.37985498,20.7529319,21.36636913,In
03/04/2026 20:30,21.17216267,20.91447036,21.37985498,20.8529319,21.36636913,In
03/04/2026 20:40,21.17216267,20.91447036,21.37985498,20.7529319,21.36636913,In
03/04/2026 20:50,21.17216267,20.91447036,21.37985498,20.7529319,21.24338992,In
03/04/2026 21:00,21.17216267,20.91447036,21.37985498,20.7529319,21.36636913,In
03/04/2026 21:10,21.17216267,20.91447036,21.37985498,20.7529319,21.36636913,In
03/04/2026 21:20,21.27216267,20.91447036,21.37985498,20.7529319,21.36636913,In
03/04/2026 21:30,21.17216267,20.91447036,21.37985498,20.7529319,21.36636913,In
03/04/2026 21:40,21.17216267,20.91447036,21.37985498,20.7529319,21.36636913,In
03/04/2026 21:50,21.17216267,20.91447036,21.37985498,20.7529319,21.36636913,In
03/04/2026 22:00,21.17216267,20.91447036,21.37985498,20.8529319,21.36636913,In
03/04/2026 22:10,21.17216267,20.91447036,21.37985498,20.8529319,21.36636913,In
03/04/2026 22:20,21.17216267,20.91447036,21.37985498,20.8529319,21.36636913,In
03/04/2026 22:30,21.17216267,20.91447036,21.37985498,20.7529319,21.36636913,In
03/04/2026 22:40,21.17216267,20.91447036,21.37985498,20.7529319,21.36636913,In
03/04/2026 22:50,21.17216267,20.91447036,21.37985498,20.8529319,21.36636913,In
03/04/2026 23:00,21.17216267,20.91447036,21.37985498,20.7529319,21.36636913,In
03/04/2026 23:10,21.17216267,20.91447036,21.37985498,20.8529319,21.24338992,In
03/04/2026 23:20,21.17216267,20.91447036,21.37985498,20.7529319,21.36636913,In
03/04/2026 23:30,21.17216267,20.91447036,21.37985498,20.7529319,21.36636913,In
03/04/2026 23:40,21.17216267,20.91447036,21.37985498,20.8529319,21.36636913,In
03/04/2026 23:50,21.17216267,21.11447036,21.37985498,20.8529319,21.36636913,In
04/04/2026 00:00,21.17216267,21.11447036,21.37985498,20.7529319,21.36636913,In
04/04/2026 00:10,21.17216267,20.91447036,21.37985498,20.7529319,21.36636913,In
04/04/2026 00:20,21.17216267,20.91447036,21.37985498,20.7529319,21.36636913,In
04/04/2026 00:30,21.27216267,20.91447036,21.37985498,20.8529319,21.36636913,In
04/04/2026 00:40,21.17216267,20.91447036,21.37985498,20.7529319,21.24338992,In
04/04/2026 00:50,21.17216267,20.91447036,21.37985498,20.7529319,21.36636913,In
04/04/2026 01:00,21.17216267,20.91447036,21.37985498,20.7529319,21.36636913,In
04/04/2026 01:10,21.17216267,20.91447036,21.37985498,20.7529319,21.36636913,In
04/04/2026 01:20,21.17216267,20.91447036,21.37985498,20.7529319,21.36636913,In
04/04/2026 01:30,21.17216267,20.91447036,21.37985498,20.8529319,21.36636913,In
04/04/2026 01:40,21.27216267,20.91447036,21.37985498,20.7529319,21.36636913,In
04/04/2026 01:50,21.17216267,20.91447036,21.37985498,20.7529319,21.36636913,In
04/04/2026 02:00,21.17216267,20.91447036,21.37985498,20.7529319,21.36636913,In
04/04/2026 02:10,21.17216267,21.11447036,21.37985498,20.7529319,21.36636913,In
04/04/2026 02:20,21.17216267,21.11447036,21.37985498,20.7529319,21.36636913,In
04/04/2026 02:30,21.17216267,20.91447036,21.37985498,20.7529319,21.36636913,In
04/04/2026 02:40,21.17216267,20.91447036,21.37985498,20.7529319,21.36636913,In
04/04/2026 02:50,21.17216267,20.91447036,21.37985498,20.7529319,21.36636913,In
04/04/2026 03:00,21.17216267,20.91447036,21.37985498,20.7529319,21.36636913,In
04/04/2026 03:10,21.17216267,21.11447036,21.37985498,20.7529319,21.36636913,In
04/04/2026 03:20,21.17216267,20.91447036,21.37985498,20.8529319,21.36636913,In
04/04/2026 03:30,21.17216267,20.91447036,21.37985498,20.7529319,21.36636913,In
04/04/2026 03:40,21.17216267,20.91447036,21.37985498,20.7529319,21.36636913,In
04/04/2026 03:50,21.17216267,20.91447036,21.37985498,20.7529319,21.36636913,In
04/04/2026 04:00,21.27216267,20.91447036,21.37985498,20.7529319,21.36636913,In
04/04/2026 04:10,21.17216267,21.11447036,21.37985498,20.7529319,21.36636913,In
04/04/2026 04:20,21.17216267,20.91447036,21.37985498,20.7529319,21.36636913,In
04/04/2026 04:30,21.17216267,20.91447036,21.37985498,20.8529319,21.36636913,In
04/04/2026 04:40,21.17216267,20.91447036,21.37985498,20.7529319,21.36636913,In
04/04/2026 04:50,21.27216267,20.91447036,21.37985498,20.7529319,21.36636913,In
04/04/2026 05:00,21.17216267,20.91447036,21.37985498,20.7529319,21.36636913,In
04/04/2026 05:10,21.17216267,20.91447036,21.37985498,20.8529319,21.36636913,In
04/04/2026 05:20,21.17216267,20.91447036,21.37985498,20.7529319,21.36636913,In
04/04/2026 05:30,21.17216267,20.91447036,21.37985498,20.7529319,21.36636913,In
04/04/2026 05:40,21.17216267,20.91447036,21.37985498,20.7529319,21.36636913,In
04/04/2026 05:50,21.17216267,20.91447036,21.37985498,20.8529319,21.24338992,In
04/04/2026 06:00,21.17216267,20.91447036,21.37985498,20.8529319,21.24338992,In
04/04/2026 06:10,21.17216267,20.91447036,21.37985498,20.8529319,21.36636913,In
04/04/2026 06:20,21.17216267,21.11447036,21.37985498,20.7529319,21.36636913,In
04/04/2026 06:30,21.17216267,20.91447036,21.37985498,20.7529319,21.36636913,In
04/04/2026 06:40,21.17216267,20.91447036,21.37985498,20.7529319,21.36636913,In
04/04/2026 06:50,21.17216267,20.91447036,21.37985498,20.7529319,21.36636913,In
04/04/2026 07:00,21.17216267,21.11447036,21.37985498,20.8529319,21.36636913,In
04/04/2026 07:10,21.17216267,20.91447036,21.37985498,20.6529319,21.36636913,In
04/04/2026 07:20,21.17216267,20.91447036,21.37985498,20.7529319,21.36636913,In
04/04/2026 07:30,21.17216267,20.91447036,21.37985498,20.7529319,21.36636913,In
04/04/2026 07:40,21.17216267,20.91447036,21.37985498,20.7529319,21.36636913,In
04/04/2026 07:50,21.17216267,20.91447036,21.37985498,20.7529319,21.36636913,In
04/04/2026 08:00,21.27216267,20.91447036,21.37985498,20.7529319,21.36636913,In
04/04/2026 08:10,21.17216267,20.91447036,21.37985498,20.7529319,21.36636913,In
04/04/2026 08:20,21.17216267,20.91447036,21.37985498,20.7529319,21.24338992,In
04/04/2026 08:30,21.17216267,20.91447036,21.37985498,20.7529319,21.36636913,In
04/04/2026 08:40,21.17216267,20.91447036,21.37985498,20.7529319,21.36636913,In
04/04/2026 08:50,21.17216267,20.81447036,21.37985498,20.7529319,21.36636913,In
04/04/2026 09:00,21.27216267,20.91447036,21.37985498,20.6529319,21.24338992,In
04/04/2026 09:10,21.27216267,21.11447036,21.37985498,20.8529319,21.36636913,In
04/04/2026 09:20,21.17216267,20.91447036,21.37985498,20.7529319,21.24338992,In
04/04/2026 09:30,21.17216267,20.91447036,21.37985498,20.7529319,21.36636913,In
04/04/2026 09:40,21.17216267,20.91447036,21.37985498,20.7529319,21.36636913,In
04/04/2026 09:50,21.17216267,20.91447036,21.37985498,20.7529319,21.36636913,In
04/04/2026 10:00,21.07216267,20.91447036,21.27985498,20.6529319,21.24338992,In
04/04/2026 10:10,21.07216267,20.81447036,21.37985498,20.7529319,21.36636913,In
04/04/2026 10:20,21.07216267,20.81447036,21.37985498,20.7529319,21.24338992,In
04/04/2026 10:30,21.07216267,20.81447036,21.37985498,20.7529319,21.24338992,In
04/04/2026 10:40,21.07216267,20.81447036,21.27985498,20.7529319,21.24338992,In
04/04/2026 10:50,21.17216267,20.81447036,21.27985498,20.7529319,21.24338992,In
04/04/2026 11:00,21.17216267,20.81447036,21.27985498,20.7529319,21.24338992,In
04/04/2026 11:10,21.17216267,20.81447036,21.27985498,20.7529319,21.24338992,In
04/04/2026 11:20,21.17216267,20.91447036,21.27985498,20.6529319,21.36636913,In
04/04/2026 11:30,21.07216267,20.81447036,21.37985498,20.6529319,21.24338992,In
04/04/2026 11:40,21.17216267,20.81447036,21.37985498,20.6529319,21.24338992,In
04/04/2026 11:50,21.07216267,20.81447036,21.27985498,20.7529319,21.24338992,In
04/04/2026 12:00,21.17216267,20.81447036,21.27985498,20.7529319,21.36636913,In
04/04/2026 12:10,21.07216267,20.81447036,21.27985498,20.7529319,21.36636913,In
04/04/2026 12:20,21.07216267,20.81447036,21.37985498,20.6529319,21.36636913,In
04/04/2026 12:30,21.17216267,20.81447036,21.27985498,20.7529319,21.36636913,In
04/04/2026 12:40,21.17216267,20.81447036,21.37985498,20.7529319,21.36636913,In
04/04/2026 12:50,21.07216267,20.91447036,21.37985498,20.6529319,21.36636913,In
04/04/2026 13:00,21.07216267,20.81447036,21.27985498,20.7529319,21.24338992,In
04/04/2026 13:10,21.17216267,20.81447036,21.37985498,20.7529319,21.24338992,In
04/04/2026 13:20,21.07216267,20.81447036,21.27985498,20.7529319,21.36636913,In
04/04/2026 13:30,21.07216267,20.81447036,21.37985498,20.8529319,21.36636913,In
04/04/2026 13:40,21.07216267,20.81447036,21.37985498,20.7529319,21.36636913,In
04/04/2026 13:50,21.17216267,20.81447036,21.27985498,20.7529319,21.24338992,In
04/04/2026 14:00,21.17216267,20.91447036,21.27985498,20.7529319,21.36636913,In
04/04/2026 14:10,21.17216267,20.81447036,21.27985498,20.7529319,21.36636913,In
04/04/2026 14:20,21.07216267,20.91447036,21.27985498,20.7529319,21.36636913,In
04/04/2026 14:30,21.17216267,20.91447036,21.27985498,20.7529319,21.24338992,In
04/04/2026 14:40,21.17216267,20.91447036,21.27985498,20.8529319,21.36636913,In
04/04/2026 14:50,21.07216267,20.91447036,21.27985498,20.7529319,21.24338992,In
04/04/2026 15:00,21.17216267,20.91447036,21.27985498,20.7529319,21.24338992,In
04/04/2026 15:10,21.17216267,20.91447036,21.37985498,20.7529319,21.36636913,In
04/04/2026 15:20,21.17216267,20.91447036,21.27985498,20.7529319,21.36636913,In
04/04/2026 15:30,21.17216267,20.91447036,21.37985498,20.7529319,21.36636913,In
04/04/2026 15:40,21.17216267,20.81447036,21.37985498,20.7529319,21.36636913,In
04/04/2026 15:50,21.17216267,20.91447036,21.37985498,20.6529319,21.24338992,In
04/04/2026 16:00,21.17216267,20.91447036,21.27985498,20.7529319,21.36636913,In
04/04/2026 16:10,21.07216267,20.91447036,21.37985498,20.7529319,21.24338992,In
04/04/2026 16:20,21.07216267,20.91447036,21.37985498,20.6529319,21.36636913,In
04/04/2026 16:30,21.07216267,20.91447036,21.27985498,20.7529319,21.24338992,In
04/04/2026 16:40,21.17216267,20.81447036,21.27985498,20.7529319,21.24338992,In
04/04/2026 16:50,21.07216267,20.81447036,21.27985498,20.6529319,21.36636913,In
04/04/2026 17:00,21.07216267,20.81447036,21.37985498,20.6529319,21.36636913,In
04/04/2026 17:10,21.07216267,20.81447036,21.37985498,20.6529319,21.36636913,In
04/04/2026 17:20,21.17216267,20.81447036,21.27985498,20.7529319,21.36636913,In
04/04/2026 17:30,21.07216267,20.91447036,21.27985498,20.7529319,21.24338992,In
04/04/2026 17:40,21.17216267,20.91447036,21.37985498,20.7529319,21.36636913,In
04/04/2026 17:50,21.17216267,20.81447036,21.27985498,20.7529319,21.36636913,In
04/04/2026 18:00,21.17216267,20.81447036,21.37985498,20.7529319,21.36636913,In
04/04/2026 18:10,21.17216267,20.91447036,21.27985498,20.7529319,21.24338992,In
04/04/2026 18:20,21.07216267,20.81447036,21.37985498,20.6529319,21.36636913,In
04/04/2026 18:30,21.07216267,20.91447036,21.37985498,20.7529319,21.36636913,In
04/04/2026 18:40,21.17216267,20.91447036,21.37985498,20.7529319,21.24338992,In
04/04/2026 18:50,21.17216267,20.91447036,21.37985498,20.7529319,21.24338992,In
04/04/2026 19:00,21.17216267,20.91447036,21.37985498,20.7529319,21.24338992,In
04/04/2026 19:10,21.17216267,20.91447036,21.37985498,20.7529319,21.36636913,In
04/04/2026 19:20,21.17216267,20.91447036,21.37985498,20.7529319,21.24338992,In
04/04/2026 19:30,21.17216267,20.91447036,21.27985498,20.7529319,21.24338992,In
04/04/2026 19:40,21.27216267,20.91447036,21.37985498,20.6529319,21.24338992,In
04/04/2026 19:50,21.17216267,20.91447036,21.37985498,20.7529319,21.24338992,In
04/04/2026 20:00,21.17216267,20.91447036,21.37985498,20.7529319,21.24338992,In
04/04/2026 20:10,21.17216267,20.91447036,21.37985498,20.7529319,21.36636913,In
04/04/2026 20:20,21.17216267,20.91447036,21.37985498,20.7529319,21.24338992,In
04/04/2026 20:30,21.17216267,20.91447036,21.27985498,20.6529319,21.24338992,In
04/04/2026 20:40,21.17216267,20.91447036,21.37985498,20.6529319,21.24338992,In
04/04/2026 20:50,21.17216267,20.91447036,21.37985498,20.7529319,21.24338992,In
04/04/2026 21:00,21.17216267,20.91447036,21.37985498,20.7529319,21.24338992,In
04/04/2026 21:10,21.27216267,20.91447036,21.37985498,20.7529319,21.24338992,In
04/04/2026 21:20,21.17216267,20.91447036,21.37985498,20.7529319,21.24338992,In
04/04/2026 21:30,21.17216267,20.91447036,21.37985498,20.7529319,21.24338992,In
04/04/2026 21:40,21.17216267,20.91447036,21.37985498,20.7529319,21.24338992,In
04/04/2026 21:50,21.17216267,20.91447036,21.37985498,20.7529319,21.24338992,In
04/04/2026 22:00,21.17216267,20.91447036,21.37985498,20.7529319,21.24338992,In
04/04/2026 22:10,21.17216267,20.91447036,21.37985498,20.7529319,21.24338992,In
04/04/2026 22:20,21.17216267,20.91447036,21.37985498,20.7529319,21.24338992,In
04/04/2026 22:30,21.17216267,20.91447036,21.37985498,20.7529319,21.24338992,In
04/04/2026 22:40,21.17216267,20.91447036,21.37985498,20.7529319,21.24338992,In
04/04/2026 22:50,21.17216267,20.91447036,21.27985498,20.7529319,21.36636913,In
04/04/2026 23:00,21.17216267,20.91447036,21.27985498,20.7529319,21.24338992,In
04/04/2026 23:10,21.17216267,20.91447036,21.27985498,20.7529319,21.24338992,In
04/04/2026 23:20,21.17216267,20.91447036,21.37985498,20.6529319,21.36636913,In
04/04/2026 23:30,21.17216267,20.91447036,21.37985498,20.7529319,21.24338992,In
04/04/2026 23:40,21.17216267,20.91447036,21.37985498,20.7529319,21.36636913,In
04/04/2026 23:50,21.07216267,20.91447036,21.27985498,20.7529319,21.36636913,In
05/04/2026 00:00,21.17216267,20.91447036,21.37985498,20.7529319,21.24338992,In
05/04/2026 00:10,21.17216267,20.91447036,21.37985498,20.7529319,21.36636913,In
05/04/2026 00:20,21.17216267,20.91447036,21.37985498,20.7529319,21.36636913,In
05/04/2026 00:30,21.17216267,20.91447036,21.37985498,20.6529319,21.36636913,In
05/04/2026 00:40,21.17216267,20.91447036,21.27985498,20.7529319,21.36636913,In
05/04/2026 00:50,21.17216267,20.91447036,21.37985498,20.7529319,21.36636913,In
05/04/2026 01:00,21.17216267,20.91447036,21.37985498,20.7529319,21.36636913,In
05/04/2026 01:10,21.17216267,20.91447036,21.37985498,20.6529319,21.36636913,In
05/04/2026 01:20,21.17216267,20.91447036,21.37985498,20.7529319,21.24338992,In
05/04/2026 01:30,21.17216267,20.91447036,21.37985498,20.7529319,21.24338992,In
05/04/2026 01:40,21.17216267,20.91447036,21.27985498,20.7529319,21.24338992,In
05/04/2026 01:50,21.17216267,21.11447036,21.37985498,20.7529319,21.24338992,In
05/04/2026 02:00,21.17216267,20.91447036,21.37985498,20.6529319,21.24338992,In
05/04/2026 02:10,21.17216267,20.91447036,21.37985498,20.7529319,21.24338992,In
05/04/2026 02:20,21.17216267,20.91447036,21.27985498,20.7529319,21.36636913,In
05/04/2026 02:30,21.17216267,20.91447036,21.37985498,20.7529319,21.36636913,In
05/04/2026 02:40,21.17216267,20.91447036,21.37985498,20.7529319,21.36636913,In
05/04/2026 02:50,21.17216267,20.91447036,21.37985498,20.7529319,21.24338992,In
05/04/2026 03:00,21.27216267,20.91447036,21.37985498,20.7529319,21.36636913,In
05/04/2026 03:10,21.17216267,20.81447036,21.37985498,20.6529319,21.24338992,In
05/04/2026 03:20,21.17216267,20.91447036,21.37985498,20.7529319,21.36636913,In
05/04/2026 03:30,21.07216267,20.91447036,21.37985498,20.7529319,21.24338992,In
05/04/2026 03:40,21.17216267,20.91447036,21.37985498,20.8529319,21.24338992,In
05/04/2026 03:50,21.17216267,20.91447036,21.27985498,20.7529319,21.24338992,In
05/04/2026 04:00,21.17216267,20.91447036,21.37985498,20.7529319,21.24338992,In
05/04/2026 04:10,21.17216267,20.81447036,21.37985498,20.7529319,21.24338992,In
05/04/2026 04:20,21.17216267,20.91447036,21.37985498,20.7529319,21.36636913,In
05/04/2026 04:30,21.17216267,20.91447036,21.37985498,20.7529319,21.24338992,In
05/04/2026 04:40,21.17216267,20.91447036,21.37985498,20.7529319,21.24338992,In
05/04/2026 04:50,21.17216267,20.91447036,21.37985498,20.6529319,21.24338992,In
05/04/2026 05:00,21.17216267,20.91447036,21.37985498,20.7529319,21.24338992,In
05/04/2026 05:10,21.17216267,20.91447036,21.37985498,20.7529319,21.24338992,In
05/04/2026 05:20,21.17216267,20.91447036,21.37985498,20.7529319,21.24338992,In
05/04/2026 05:30,21.17216267,20.91447036,21.37985498,20.7529319,21.24338992,In
05/04/2026 05:40,21.17216267,20.91447036,21.27985498,20.7529319,21.24338992,In
05/04/2026 05:50,21.17216267,20.91447036,21.37985498,20.7529319,21.36636913,In
05/04/2026 06:00,21.17216267,20.91447036,21.37985498,20.7529319,21.36636913,In
05/04/2026 06:10,21.17216267,20.81447036,21.37985498,20.7529319,21.24338992,In
05/04/2026 06:20,21.17216267,20.91447036,21.27985498,20.7529319,21.36636913,In
05/04/2026 06:30,21.17216267,20.81447036,21.27985498,20.7529319,21.36636913,In
05/04/2026 06:40,21.17216267,20.81447036,21.37985498,20.7529319,21.36636913,In
05/04/2026 06:50,21.17216267,20.91447036,21.27985498,20.7529319,21.24338992,In
05/04/2026 07:00,21.17216267,20.91447036,21.37985498,20.7529319,21.24338992,In
05/04/2026 07:10,21.17216267,20.91447036,21.37985498,20.7529319,21.36636913,In
05/04/2026 07:20,21.07216267,20.91447036,21.37985498,20.7529319,21.36636913,In
05/04/2026 07:30,21.17216267,20.91447036,21.37985498,20.7529319,21.24338992,In
05/04/2026 07:40,21.17216267,20.91447036,21.27985498,20.7529319,21.24338992,In
05/04/2026 07:50,21.17216267,20.91447036,21.37985498,20.7529319,21.24338992,In
05/04/2026 08:00,21.17216267,20.81447036,21.37985498,20.7529319,21.36636913,In
05/04/2026 08:10,21.17216267,20.91447036,21.27985498,20.7529319,21.24338992,In
05/04/2026 08:20,21.17216267,20.91447036,21.27985498,20.7529319,21.24338992,In
05/04/2026 08:30,21.17216267,20.91447036,21.37985498,20.7529319,21.24338992,In
05/04/2026 08:40,21.17216267,20.91447036,21.37985498,20.7529319,21.36636913,In
05/04/2026 08:50,21.17216267,20.91447036,21.37985498,20.7529319,21.24338992,In
05/04/2026 09:00,21.17216267,20.91447036,21.37985498,20.7529319,21.36636913,In
05/04/2026 09:10,21.17216267,20.91447036,21.27985498,20.7529319,21.36636913,In
05/04/2026 09:20,21.17216267,20.91447036,21.37985498,20.6529319,21.36636913,In
05/04/2026 09:30,21.17216267,20.91447036,21.37985498,20.7529319,21.24338992,In
05/04/2026 09:40,21.17216267,20.91447036,21.27985498,20.7529319,21.24338992,In
05/04/2026 09:50,21.17216267,20.91447036,21.27985498,20.7529319,21.24338992,In
05/04/2026 10:00,21.07216267,20.91447036,21.27985498,20.7529319,21.24338992,In
05/04/2026 10:10,21.17216267,20.91447036,21.27985498,20.7529319,21.36636913,In
05/04/2026 10:20,21.17216267,20.91447036,21.37985498,20.8529319,21.36636913,In
05/04/2026 10:30,21.17216267,20.91447036,21.37985498,20.7529319,21.24338992,In
05/04/2026 10:40,21.07216267,20.81447036,21.37985498,20.7529319,21.24338992,In
05/04/2026 10:50,21.17216267,20.81447036,21.27985498,20.6529319,21.24338992,In
05/04/2026 11:00,21.07216267,20.81447036,21.27985498,20.7529319,21.24338992,In
05/04/2026 11:10,21.07216267,20.81447036,21.37985498,20.7529319,21.24338992,In
05/04/2026 11:20,21.07216267,20.91447036,21.37985498,20.7529319,21.24338992,In
05/04/2026 11:30,21.07216267,20.71447036,21.27985498,20.6529319,21.24338992,In
05/04/2026 11:40,21.07216267,20.81447036,21.27985498,20.6529319,21.24338992,In
05/04/2026 11:50,21.07216267,20.71447036,21.27985498,20.7529319,21.24338992,In
05/04/2026 12:00,20.87216267,20.81447036,21.27985498,20.6529319,21.24338992,In
05/04/2026 12:10,21.07216267,20.81447036,21.27985498,20.6529319,21.12041071,In
05/04/2026 12:20,21.07216267,20.71447036,21.27985498,20.7529319,21.24338992,In
05/04/2026 12:30,21.07216267,20.81447036,21.27985498,20.6529319,21.36636913,In
05/04/2026 12:40,20.87216267,20.81447036,21.27985498,20.7529319,21.24338992,In
05/04/2026 12:50,20.87216267,20.81447036,21.27985498,20.7529319,21.24338992,In
05/04/2026 13:00,21.07216267,20.81447036,21.27985498,20.6529319,21.24338992,In
05/04/2026 13:10,20.87216267,20.81447036,21.27985498,20.6529319,21.24338992,In
05/04/2026 13:20,21.07216267,20.81447036,21.27985498,20.6529319,21.36636913,In
05/04/2026 13:30,21.07216267,20.81447036,21.27985498,20.6529319,21.24338992,In
05/04/2026 13:40,21.07216267,20.81447036,21.27985498,20.6529319,21.24338992,In
05/04/2026 13:50,20.87216267,20.81447036,21.27985498,20.6529319,21.24338992,In
05/04/2026 14:00,20.87216267,20.81447036,21.27985498,20.7529319,21.24338992,In
05/04/2026 14:10,21.07216267,20.81447036,21.07985498,20.6529319,21.24338992,In
05/04/2026 14:20,21.07216267,20.71447036,21.07985498,20.6529319,21.24338992,In
05/04/2026 14:30,21.07216267,20.71447036,21.27985498,20.6529319,21.24338992,In
05/04/2026 14:40,21.07216267,20.81447036,21.27985498,20.6529319,21.24338992,In
05/04/2026 14:50,21.07216267,20.81447036,21.27985498,20.7529319,21.24338992,In
05/04/2026 15:00,21.07216267,20.81447036,21.37985498,20.7529319,21.24338992,In
05/04/2026 15:10,21.07216267,20.81447036,21.27985498,20.7529319,21.24338992,In
05/04/2026 15:20,21.07216267,20.81447036,21.27985498,20.7529319,21.24338992,In
05/04/2026 15:30,21.07216267,20.81447036,21.27985498,20.6529319,21.24338992,In
05/04/2026 15:40,21.07216267,20.81447036,21.27985498,20.6529319,21.24338992,In
05/04/2026 15:50,21.07216267,20.81447036,21.27985498,20.6529319,21.24338992,In
05/04/2026 16:00,21.07216267,20.81447036,21.27985498,20.6529319,21.36636913,In
05/04/2026 16:10,21.07216267,20.81447036,21.27985498,20.6529319,21.24338992,In
05/04/2026 16:20,21.07216267,20.81447036,21.27985498,20.7529319,21.24338992,In
05/04/2026 16:30,21.07216267,20.91447036,21.27985498,20.7529319,21.24338992,In
05/04/2026 16:40,21.07216267,20.81447036,21.27985498,20.7529319,21.24338992,In
05/04/2026 16:50,21.07216267,20.81447036,21.27985498,20.7529319,21.36636913,In
05/04/2026 17:00,21.07216267,20.81447036,21.27985498,20.7529319,21.36636913,In
05/04/2026 17:10,21.17216267,20.81447036,21.37985498,20.7529319,21.36636913,In
05/04/2026 17:20,21.07216267,20.91447036,21.37985498,20.7529319,21.24338992,In
05/04/2026 17:30,21.17216267,20.81447036,21.37985498,20.7529319,21.24338992,In
05/04/2026 17:40,21.17216267,20.81447036,21.27985498,20.6529319,21.24338992,In
05/04/2026 17:50,21.07216267,20.91447036,21.27985498,20.7529319,21.24338992,In
05/04/2026 18:00,21.07216267,20.91447036,21.37985498,20.7529319,21.24338992,In
05/04/2026 18:10,21.17216267,20.81447036,21.37985498,20.7529319,21.24338992,In
05/04/2026 18:20,21.07216267,20.91447036,21.27985498,20.6529319,21.24338992,In
05/04/2026 18:30,21.17216267,20.81447036,21.37985498,20.7529319,21.36636913,In
05/04/2026 18:40,21.17216267,20.81447036,21.37985498,20.7529319,21.24338992,In
05/04/2026 18:50,21.17216267,20.81447036,21.37985498,20.7529319,21.36636913,In
05/04/2026 19:00,21.07216267,20.91447036,21.37985498,20.7529319,21.36636913,In
05/04/2026 19:10,21.07216267,20.81447036,21.37985498,20.7529319,21.24338992,In
05/04/2026 19:20,21.17216267,20.91447036,21.37985498,20.7529319,21.36636913,In
05/04/2026 19:30,21.17216267,20.81447036,21.37985498,20.7529319,21.24338992,In
05/04/2026 19:40,21.17216267,20.91447036,21.37985498,20.7529319,21.36636913,In
05/04/2026 19:50,21.17216267,20.81447036,21.37985498,20.6529319,21.24338992,In
05/04/2026 20:00,21.07216267,20.91447036,21.37985498,20.7529319,21.36636913,In
05/04/2026 20:10,21.17216267,20.91447036,21.27985498,20.7529319,21.24338992,In
05/04/2026 20:20,21.17216267,20.91447036,21.37985498,20.7529319,21.36636913,In
05/04/2026 20:30,21.17216267,20.81447036,21.27985498,20.6529319,21.36636913,In
05/04/2026 20:40,21.17216267,20.91447036,21.27985498,20.7529319,21.24338992,In
05/04/2026 20:50,21.17216267,20.91447036,21.27985498,20.7529319,21.36636913,In
05/04/2026 21:00,21.07216267,20.91447036,21.27985498,20.7529319,21.24338992,In
05/04/2026 21:10,21.07216267,20.91447036,21.37985498,20.7529319,21.24338992,In
05/04/2026 21:20,21.17216267,20.91447036,21.37985498,20.6529319,21.36636913,In
05/04/2026 21:30,21.17216267,20.91447036,21.37985498,20.7529319,21.24338992,In
05/04/2026 21:40,21.17216267,20.91447036,21.37985498,20.7529319,21.36636913,In
05/04/2026 21:50,21.17216267,20.91447036,21.37985498,20.7529319,21.36636913,In
05/04/2026 22:00,21.17216267,20.91447036,21.37985498,20.7529319,21.24338992,In
05/04/2026 22:10,21.17216267,20.91447036,21.37985498,20.6529319,21.24338992,In
05/04/2026 22:20,21.17216267,20.91447036,21.37985498,20.7529319,21.36636913,In
05/04/2026 22:30,21.17216267,20.81447036,21.37985498,20.6529319,21.24338992,In
05/04/2026 22:40,21.17216267,20.91447036,21.27985498,20.7529319,21.36636913,In
05/04/2026 22:50,21.17216267,20.91447036,21.37985498,20.7529319,21.36636913,In
05/04/2026 23:00,21.17216267,20.91447036,21.37985498,20.6529319,21.24338992,In
05/04/2026 23:10,21.17216267,20.81447036,21.37985498,20.7529319,21.24338992,In
05/04/2026 23:20,21.17216267,20.81447036,21.37985498,20.7529319,21.36636913,In
05/04/2026 23:30,21.17216267,20.91447036,21.37985498,20.7529319,21.24338992,In
05/04/2026 23:40,21.17216267,20.91447036,21.37985498,20.7529319,21.36636913,In
05/04/2026 23:50,21.17216267,20.91447036,21.27985498,20.7529319,21.36636913,In
06/04/2026 00:00,21.17216267,20.81447036,21.37985498,20.6529319,21.36636913,In
06/04/2026 00:10,21.07216267,20.91447036,21.37985498,20.6529319,21.24338992,In
06/04/2026 00:20,21.17216267,20.91447036,21.37985498,20.7529319,21.36636913,In
06/04/2026 00:30,21.17216267,20.91447036,21.27985498,20.7529319,21.36636913,In
06/04/2026 00:40,21.07216267,20.91447036,21.37985498,20.7529319,21.24338992,In
06/04/2026 00:50,21.17216267,20.81447036,21.37985498,20.7529319,21.36636913,In
06/04/2026 01:00,21.17216267,20.91447036,21.37985498,20.7529319,21.24338992,In
06/04/2026 01:10,21.17216267,20.81447036,21.37985498,20.7529319,21.36636913,In
06/04/2026 01:20,21.17216267,20.91447036,21.37985498,20.7529319,21.36636913,In
06/04/2026 01:30,21.17216267,20.81447036,21.37985498,20.7529319,21.36636913,In
06/04/2026 01:40,21.07216267,20.91447036,21.37985498,20.7529319,21.24338992,In
06/04/2026 01:50,21.17216267,20.91447036,21.37985498,20.6529319,21.36636913,In
06/04/2026 02:00,21.17216267,20.91447036,21.37985498,20.7529319,21.24338992,In
06/04/2026 02:10,21.17216267,20.91447036,21.37985498,20.7529319,21.24338992,In
06/04/2026 02:20,21.17216267,20.91447036,21.37985498,20.7529319,21.24338992,In
06/04/2026 02:30,21.17216267,20.91447036,21.27985498,20.7529319,21.36636913,In
06/04/2026 02:40,21.17216267,20.91447036,21.27985498,20.6529319,21.24338992,In
06/04/2026 02:50,21.07216267,20.91447036,21.37985498,20.7529319,21.36636913,In
06/04/2026 03:00,21.17216267,20.91447036,21.37985498,20.7529319,21.24338992,In
06/04/2026 03:10,21.17216267,20.91447036,21.37985498,20.7529319,21.24338992,In
06/04/2026 03:20,21.17216267,20.91447036,21.27985498,20.7529319,21.36636913,In
06/04/2026 03:30,21.17216267,20.91447036,21.37985498,20.7529319,21.24338992,In
06/04/2026 03:40,21.17216267,20.91447036,21.37985498,20.7529319,21.24338992,In
06/04/2026 03:50,21.17216267,20.91447036,21.37985498,20.7529319,21.36636913,In
06/04/2026 04:00,21.17216267,20.81447036,21.37985498,20.7529319,21.24338992,In
06/04/2026 04:10,21.17216267,20.91447036,21.37985498,20.6529319,21.24338992,In
06/04/2026 04:20,21.17216267,20.81447036,21.37985498,20.6529319,21.24338992,In
06/04/2026 04:30,21.17216267,20.91447036,21.37985498,20.7529319,21.24338992,In
06/04/2026 04:40,21.17216267,20.91447036,21.37985498,20.7529319,21.36636913,In
06/04/2026 04:50,21.17216267,20.91447036,21.37985498,20.7529319,21.24338992,In
06/04/2026 05:00,21.17216267,20.91447036,21.37985498,20.7529319,21.36636913,In
06/04/2026 05:10,21.17216267,20.91447036,21.37985498,20.7529319,21.24338992,In
06/04/2026 05:20,21.17216267,20.81447036,21.27985498,20.7529319,21.24338992,In
06/04/2026 05:30,21.17216267,20.91447036,21.37985498,20.7529319,21.36636913,In
06/04/2026 05:40,21.17216267,20.91447036,21.37985498,20.6529319,21.24338992,In
06/04/2026 05:50,21.17216267,20.91447036,21.37985498,20.7529319,21.24338992,In
06/04/2026 06:00,21.17216267,20.91447036,21.27985498,20.6529319,21.36636913,In
06/04/2026 06:10,21.17216267,20.81447036,21.27985498,20.7529319,21.24338992,In
06/04/2026 06:20,21.17216267,20.91447036,21.37985498,20.7529319,21.24338992,In
06/04/2026 06:30,21.17216267,20.91447036,21.37985498,20.7529319,21.24338992,In
06/04/2026 06:40,21.17216267,20.91447036,21.37985498,20.7529319,21.36636913,In
06/04/2026 06:50,21.17216267,20.91447036,21.27985498,20.6529319,21.24338992,In
06/04/2026 07:00,21.17216267,20.91447036,21.37985498,20.7529319,21.36636913,In
06/04/2026 07:10,21.17216267,20.91447036,21.37985498,20.7529319,21.24338992,In
06/04/2026 07:20,21.17216267,20.91447036,21.37985498,20.7529319,21.36636913,In
06/04/2026 07:30,21.07216267,20.81447036,21.27985498,20.7529319,21.24338992,In
06/04/2026 07:40,21.17216267,20.91447036,21.37985498,20.7529319,21.24338992,In
06/04/2026 07:50,21.17216267,20.91447036,21.27985498,20.7529319,21.36636913,In
06/04/2026 08:00,21.17216267,20.91447036,21.27985498,20.6529319,21.24338992,In
06/04/2026 08:10,21.17216267,20.91447036,21.27985498,20.7529319,21.24338992,In
06/04/2026 08:20,21.17216267,20.91447036,21.37985498,20.7529319,21.36636913,In
06/04/2026 08:30,21.07216267,20.91447036,21.37985498,20.7529319,21.36636913,In
06/04/2026 08:40,21.17216267,20.91447036,21.37985498,20.6529319,21.24338992,In
06/04/2026 08:50,21.17216267,20.81447036,21.37985498,20.7529319,21.24338992,In
06/04/2026 09:00,21.17216267,20.91447036,21.37985498,20.7529319,21.36636913,In
06/04/2026 09:10,21.07216267,20.91447036,21.27985498,20.7529319,21.24338992,In
06/04/2026 09:20,21.17216267,20.81447036,21.27985498,20.7529319,21.24338992,In
06/04/2026 09:30,21.17216267,20.91447036,21.27985498,20.7529319,21.24338992,In
06/04/2026 09:40,21.17216267,20.91447036,21.27985498,20.6529319,21.24338992,In
06/04/2026 09:50,21.17216267,20.91447036,21.37985498,20.7529319,21.24338992,In
06/04/2026 10:00,21.07216267,20.91447036,21.37985498,20.7529319,21.24338992,In
06/04/2026 10:10,21.17216267,20.81447036,21.27985498,20.7529319,21.24338992,In
06/04/2026 10:20,21.17216267,20.91447036,21.27985498,20.7529319,21.24338992,In
06/04/2026 10:30,21.17216267,20.91447036,21.37985498,20.7529319,21.24338992,In
06/04/2026 10:40,21.17216267,20.91447036,21.27985498,20.7529319,21.24338992,In
06/04/2026 10:50,21.17216267,20.81447036,21.27985498,20.6529319,21.24338992,In
06/04/2026 11:00,21.17216267,20.91447036,21.37985498,20.6529319,21.36636913,In
06/04/2026 11:10,21.17216267,20.91447036,21.37985498,20.6529319,21.36636913,In
06/04/2026 11:20,21.17216267,20.91447036,21.37985498,20.7529319,21.24338992,In
06/04/2026 11:30,21.07216267,20.91447036,21.37985498,20.6529319,21.36636913,In
06/04/2026 11:40,21.07216267,20.91447036,21.27985498,20.7529319,21.24338992,In
06/04/2026 11:50,21.07216267,20.71447036,21.27985498,20.6529319,21.24338992,In
06/04/2026 12:00,20.87216267,20.81447036,21.27985498,20.6529319,21.24338992,In
06/04/2026 12:10,20.87216267,20.81447036,21.37985498,20.7529319,21.24338992,In
06/04/2026 12:20,20.87216267,20.81447036,21.37985498,20.6529319,21.24338992,In
06/04/2026 12:30,21.07216267,20.81447036,21.37985498,20.6529319,21.24338992,In
06/04/2026 12:40,21.07216267,20.81447036,21.27985498,20.6529319,21.24338992,In
06/04/2026 12:50,20.87216267,20.81447036,21.27985498,20.7529319,21.24338992,In
06/04/2026 13:00,21.07216267,20.81447036,21.07985498,20.6529319,21.24338992,In
06/04/2026 13:10,20.87216267,20.81447036,21.27985498,20.7529319,21.24338992,In
06/04/2026 13:20,21.07216267,20.81447036,21.27985498,20.6529319,21.24338992,In
06/04/2026 13:30,21.07216267,20.81447036,21.27985498,20.7529319,21.36636913,In
06/04/2026 13:40,21.07216267,20.81447036,21.27985498,20.6529319,21.24338992,In
06/04/2026 13:50,21.07216267,20.81447036,21.37985498,20.6529319,21.24338992,In
06/04/2026 14:00,21.07216267,20.81447036,21.27985498,20.7529319,21.24338992,In
06/04/2026 14:10,21.07216267,20.81447036,21.27985498,20.6529319,21.24338992,In
06/04/2026 14:20,21.07216267,20.81447036,21.27985498,20.6529319,21.24338992,In
06/04/2026 14:30,21.07216267,20.81447036,21.37985498,20.6529319,21.36636913,In
06/04/2026 14:40,21.07216267,20.81447036,21.37985498,20.7529319,21.24338992,In
06/04/2026 14:50,20.87216267,20.81447036,21.27985498,20.7529319,21.24338992,In
06/04/2026 15:00,21.07216267,20.81447036,21.37985498,20.7529319,21.24338992,In
06/04/2026 15:10,21.07216267,20.81447036,21.37985498,20.7529319,21.24338992,In
06/04/2026 15:20,21.07216267,20.91447036,21.27985498,20.7529319,21.24338992,In
06/04/2026 15:30,21.07216267,20.81447036,21.27985498,20.7529319,21.24338992,In
06/04/2026 15:40,21.07216267,20.81447036,21.27985498,20.7529319,21.36636913,In
06/04/2026 15:50,21.07216267,20.81447036,21.37985498,20.6529319,21.36636913,In
06/04/2026 16:00,21.17216267,20.91447036,21.27985498,20.7529319,21.24338992,In
06/04/2026 16:10,21.07216267,20.81447036,21.27985498,20.6529319,21.24338992,In
06/04/2026 16:20,21.07216267,20.81447036,21.37985498,20.7529319,21.36636913,In
06/04/2026 16:30,21.07216267,20.81447036,21.27985498,20.7529319,21.24338992,In
06/04/2026 16:40,21.17216267,20.81447036,21.27985498,20.7529319,21.36636913,In
06/04/2026 16:50,21.07216267,20.81447036,21.27985498,20.6529319,21.24338992,In
06/04/2026 17:00,21.17216267,20.91447036,21.27985498,20.7529319,21.24338992,In
06/04/2026 17:10,21.17216267,20.81447036,21.37985498,20.7529319,21.24338992,In
06/04/2026 17:20,21.07216267,20.91447036,21.27985498,20.7529319,21.24338992,In
06/04/2026 17:30,21.17216267,20.81447036,21.27985498,20.7529319,21.24338992,In
06/04/2026 17:40,21.17216267,20.91447036,21.37985498,20.6529319,21.36636913,In
06/04/2026 17:50,21.07216267,20.81447036,21.37985498,20.7529319,21.24338992,In
06/04/2026 18:00,21.17216267,20.91447036,21.37985498,20.6529319,21.36636913,In
06/04/2026 18:10,21.17216267,20.81447036,21.37985498,20.7529319,21.24338992,In
06/04/2026 18:20,21.07216267,20.81447036,21.37985498,20.7529319,21.36636913,In
06/04/2026 18:30,21.17216267,20.91447036,21.27985498,20.7529319,21.36636913,In
06/04/2026 18:40,21.17216267,20.81447036,21.27985498,20.6529319,21.36636913,In
06/04/2026 18:50,21.07216267,20.91447036,21.37985498,20.7529319,21.24338992,In
06/04/2026 19:00,21.17216267,20.81447036,21.27985498,20.7529319,21.24338992,In
06/04/2026 19:10,21.17216267,20.91447036,21.37985498,20.7529319,21.24338992,In
06/04/2026 19:20,21.07216267,20.91447036,21.37985498,20.7529319,21.36636913,In
06/04/2026 19:30,21.17216267,20.91447036,21.37985498,20.7529319,21.36636913,In
06/04/2026 19:40,21.17216267,20.81447036,21.37985498,20.6529319,21.24338992,In
06/04/2026 19:50,21.17216267,20.81447036,21.37985498,20.7529319,21.36636913,In
06/04/2026 20:00,21.17216267,20.81447036,21.37985498,20.7529319,21.36636913,In
06/04/2026 20:10,21.07216267,20.91447036,21.37985498,20.7529319,21.36636913,In
06/04/2026 20:20,21.17216267,20.81447036,21.37985498,20.7529319,21.24338992,In
06/04/2026 20:30,21.17216267,20.91447036,21.37985498,20.7529319,21.24338992,In
06/04/2026 20:40,21.17216267,20.91447036,21.37985498,20.7529319,21.24338992,In
06/04/2026 20:50,21.17216267,20.91447036,21.37985498,20.6529319,21.24338992,In
06/04/2026 21:00,21.17216267,20.91447036,21.37985498,20.7529319,21.36636913,In
06/04/2026 21:10,21.17216267,20.81447036,21.37985498,20.7529319,21.24338992,In
06/04/2026 21:20,21.17216267,20.91447036,21.37985498,20.7529319,21.36636913,In
06/04/2026 21:30,21.17216267,20.91447036,21.37985498,20.7529319,21.24338992,In
06/04/2026 21:40,21.17216267,20.91447036,21.27985498,20.7529319,21.24338992,In
06/04/2026 21:50,21.17216267,20.91447036,21.37985498,20.7529319,21.36636913,In
06/04/2026 22:00,21.17216267,20.91447036,21.37985498,20.7529319,21.24338992,In
06/04/2026 22:10,21.17216267,20.81447036,21.37985498,20.7529319,21.36636913,In
06/04/2026 22:20,21.17216267,20.91447036,21.27985498,20.7529319,21.36636913,In
06/04/2026 22:30,21.17216267,20.91447036,21.37985498,20.7529319,21.36636913,In
06/04/2026 22:40,21.17216267,20.91447036,21.37985498,20.7529319,21.36636913,In
06/04/2026 22:50,21.17216267,20.91447036,21.37985498,20.6529319,21.36636913,In
06/04/2026 23:00,21.17216267,20.91447036,21.27985498,20.7529319,21.24338992,In
06/04/2026 23:10,21.07216267,20.91447036,21.37985498,20.7529319,21.24338992,In
06/04/2026 23:20,21.17216267,20.91447036,21.37985498,20.7529319,21.24338992,In
06/04/2026 23:30,21.17216267,20.91447036,21.37985498,20.7529319,21.36636913,In
06/04/2026 23:40,21.17216267,20.91447036,21.37985498,20.7529319,21.24338992,In
06/04/2026 23:50,21.07216267,20.91447036,21.27985498,20.7529319,21.24338992,In
07/04/2026 00:00,21.17216267,20.91447036,21.37985498,20.7529319,21.24338992,In
07/04/2026 00:10,21.17216267,20.81447036,21.37985498,20.7529319,21.24338992,In
07/04/2026 00:20,21.17216267,20.91447036,21.37985498,20.7529319,21.36636913,In
07/04/2026 00:30,21.17216267,20.91447036,21.27985498,20.7529319,21.24338992,In
07/04/2026 00:40,21.17216267,20.91447036,21.27985498,20.7529319,21.24338992,In
07/04/2026 00:50,21.17216267,20.91447036,21.37985498,20.7529319,21.36636913,In
07/04/2026 01:00,21.17216267,20.91447036,21.37985498,20.7529319,21.36636913,In
07/04/2026 01:10,21.17216267,21.11447036,21.37985498,20.7529319,21.24338992,In
07/04/2026 01:20,21.17216267,20.91447036,21.37985498,20.7529319,21.24338992,In
07/04/2026 01:30,21.17216267,20.91447036,21.37985498,20.7529319,21.36636913,In
07/04/2026 01:40,21.17216267,20.91447036,21.27985498,20.6529319,21.36636913,In
07/04/2026 01:50,21.17216267,20.91447036,21.37985498,20.7529319,21.36636913,In
07/04/2026 02:00,21.17216267,20.91447036,21.37985498,20.7529319,21.36636913,In
07/04/2026 02:10,21.17216267,20.91447036,21.37985498,20.7529319,21.36636913,In
07/04/2026 02:20,21.17216267,20.91447036,21.27985498,20.7529319,21.36636913,In
07/04/2026 02:30,21.17216267,20.91447036,21.37985498,20.6529319,21.24338992,In
07/04/2026 02:40,21.17216267,20.91447036,21.37985498,20.7529319,21.36636913,In
07/04/2026 02:50,21.17216267,20.91447036,21.37985498,20.7529319,21.24338992,In
07/04/2026 03:00,21.17216267,20.91447036,21.37985498,20.7529319,21.36636913,In
07/04/2026 03:10,21.17216267,20.81447036,21.27985498,20.6529319,21.36636913,In
07/04/2026 03:20,21.07216267,20.91447036,21.37985498,20.6529319,21.36636913,In
07/04/2026 03:30,21.07216267,20.91447036,21.27985498,20.6529319,21.24338992,In
07/04/2026 03:40,21.17216267,20.91447036,21.37985498,20.7529319,21.24338992,In
07/04/2026 03:50,21.17216267,20.91447036,21.27985498,20.7529319,21.24338992,In
07/04/2026 04:00,21.17216267,20.91447036,21.37985498,20.6529319,21.24338992,In
07/04/2026 04:10,21.27216267,20.91447036,21.37985498,20.6529319,21.36636913,In
07/04/2026 04:20,21.17216267,20.91447036,21.27985498,20.7529319,21.36636913,In
07/04/2026 04:30,21.17216267,20.91447036,21.37985498,20.7529319,21.36636913,In
07/04/2026 04:40,21.17216267,20.91447036,21.37985498,20.7529319,21.36636913,In
07/04/2026 04:50,21.17216267,20.91447036,21.37985498,20.7529319,21.24338992,In
07/04/2026 05:00,21.17216267,20.91447036,21.37985498,20.7529319,21.24338992,In
07/04/2026 05:10,21.17216267,20.91447036,21.37985498,20.7529319,21.24338992,In
07/04/2026 05:20,21.17216267,20.91447036,21.37985498,20.7529319,21.24338992,In
07/04/2026 05:30,21.17216267,20.91447036,21.37985498,20.6529319,21.36636913,In
07/04/2026 05:40,21.17216267,20.81447036,21.37985498,20.7529319,21.24338992,In
07/04/2026 05:50,21.17216267,20.91447036,21.37985498,20.7529319,21.24338992,In
07/04/2026 06:00,21.17216267,20.81447036,21.37985498,20.7529319,21.36636913,In
07/04/2026 06:10,21.17216267,20.91447036,21.37985498,20.6529319,21.24338992,In
07/04/2026 06:20,21.17216267,20.91447036,21.37985498,20.7529319,21.36636913,In
07/04/2026 06:30,21.17216267,20.81447036,21.37985498,20.6529319,21.24338992,In
07/04/2026 06:40,21.17216267,20.81447036,21.37985498,20.7529319,21.24338992,In
07/04/2026 06:50,21.17216267,20.91447036,21.37985498,20.7529319,21.36636913,In
07/04/2026 07:00,21.17216267,20.91447036,21.37985498,20.7529319,21.24338992,In
07/04/2026 07:10,21.07216267,20.91447036,21.27985498,20.6529319,21.36636913,In
07/04/2026 07:20,21.17216267,20.91447036,21.37985498,20.7529319,21.36636913,In
07/04/2026 07:30,21.17216267,20.91447036,21.37985498,20.7529319,21.24338992,In
07/04/2026 07:40,21.17216267,20.91447036,21.37985498,20.7529319,21.36636913,In
07/04/2026 07:50,21.17216267,20.91447036,21.37985498,20.7529319,21.24338992,In
07/04/2026 08:00,21.17216267,20.91447036,21.37985498,20.7529319,21.36636913,In
07/04/2026 08:10,21.17216267,20.91447036,21.27985498,20.7529319,21.36636913,In
07/04/2026 08:20,21.17216267,20.91447036,21.37985498,20.7529319,21.36636913,In
07/04/2026 08:30,21.17216267,20.91447036,21.27985498,20.7529319,21.24338992,In
07/04/2026 08:40,21.17216267,20.91447036,21.27985498,20.7529319,21.24338992,In
07/04/2026 08:50,21.17216267,20.91447036,21.27985498,20.6529319,21.24338992,In
07/04/2026 09:00,21.17216267,20.81447036,21.37985498,20.7529319,21.24338992,In
07/04/2026 09:10,21.17216267,20.81447036,21.37985498,20.7529319,21.36636913,In
07/04/2026 09:20,21.17216267,20.91447036,21.37985498,20.7529319,21.36636913,In
07/04/2026 09:30,21.17216267,20.91447036,21.37985498,20.7529319,21.24338992,In
07/04/2026 09:40,21.17216267,20.81447036,21.27985498,20.7529319,21.24338992,In
07/04/2026 09:50,21.17216267,20.91447036,21.37985498,20.7529319,21.36636913,In
07/04/2026 10:00,21.17216267,20.91447036,21.37985498,20.6529319,21.36636913,In
07/04/2026 10:10,21.17216267,20.91447036,21.37985498,20.7529319,21.24338992,In
07/04/2026 10:20,21.17216267,20.91447036,21.37985498,20.7529319,21.36636913,In
07/04/2026 10:30,21.17216267,20.91447036,21.27985498,20.6529319,21.24338992,In
07/04/2026 10:40,21.17216267,20.91447036,21.37985498,20.7529319,21.24338992,In
07/04/2026 10:50,21.17216267,20.91447036,21.37985498,20.7529319,21.36636913,In
07/04/2026 11:00,21.07216267,20.81447036,21.37985498,20.7529319,21.24338992,In
07/04/2026 11:10,21.07216267,20.91447036,21.37985498,20.7529319,21.24338992,In
07/04/2026 11:20,21.17216267,20.91447036,21.27985498,20.7529319,21.24338992,In
07/04/2026 11:30,21.17216267,20.91447036,21.37985498,20.7529319,21.36636913,In
07/04/2026 11:40,21.17216267,20.91447036,21.27985498,20.7529319,21.36636913,In
07/04/2026 11:50,21.17216267,20.91447036,21.37985498,20.8529319,21.36636913,In
07/04/2026 12:00,21.17216267,20.91447036,21.37985498,20.8529319,21.36636913,In
07/04/2026 12:10,21.17216267,21.11447036,21.47985498,20.7529319,21.36636913,In
07/04/2026 12:20,21.27216267,21.11447036,21.37985498,20.8529319,21.36636913,In
07/04/2026 12:30,21.27216267,21.11447036,21.47985498,20.8529319,21.36636913,In
07/04/2026 12:40,21.27216267,21.11447036,21.47985498,20.8529319,21.36636913,In
07/04/2026 12:50,21.27216267,20.91447036,21.37985498,20.7529319,21.36636913,In
07/04/2026 13:00,21.27216267,21.11447036,21.37985498,20.8529319,21.48934834,In
07/04/2026 13:10,21.17216267,20.91447036,21.47985498,20.8529319,21.36636913,In
07/04/2026 13:20,21.27216267,21.11447036,21.37985498,20.8529319,21.36636913,In
07/04/2026 13:30,21.17216267,20.91447036,21.37985498,20.8529319,21.36636913,In
07/04/2026 13:40,21.27216267,20.91447036,21.37985498,20.8529319,21.36636913,In
07/04/2026 13:50,21.27216267,20.91447036,21.37985498,20.8529319,21.36636913,In
07/04/2026 14:00,21.27216267,20.91447036,21.37985498,20.8529319,21.36636913,In
07/04/2026 14:10,21.27216267,21.11447036,21.37985498,20.8529319,21.36636913,In
07/04/2026 14:20,21.17216267,21.11447036,21.37985498,20.7529319,21.48934834,In
07/04/2026 14:30,21.27216267,21.11447036,21.37985498,20.8529319,21.48934834,In
07/04/2026 14:40,21.27216267,21.11447036,21.37985498,20.8529319,21.36636913,In
07/04/2026 14:50,21.27216267,21.11447036,21.47985498,20.8529319,21.36636913,In
07/04/2026 15:00,21.27216267,21.11447036,21.47985498,20.8529319,21.36636913,In
07/04/2026 15:10,21.27216267,21.11447036,21.37985498,20.8529319,21.48934834,In
07/04/2026 15:20,21.27216267,21.11447036,21.47985498,20.8529319,21.48934834,In
07/04/2026 15:30,21.27216267,21.11447036,21.37985498,20.8529319,21.36636913,In
07/04/2026 15:40,21.27216267,21.11447036,21.37985498,20.7529319,21.36636913,In
07/04/2026 15:50,21.27216267,21.11447036,21.37985498,20.8529319,21.36636913,In
07/04/2026 16:00,21.27216267,21.11447036,21.37985498,20.7529319,21.48934834,In
07/04/2026 16:10,21.27216267,21.11447036,21.47985498,20.8529319,21.36636913,In
07/04/2026 16:20,21.27216267,20.91447036,21.37985498,20.8529319,21.48934834,In
07/04/2026 16:30,21.27216267,21.11447036,21.37985498,20.8529319,21.48934834,In
07/04/2026 16:40,21.17216267,20.91447036,21.47985498,20.8529319,21.36636913,In
07/04/2026 16:50,21.27216267,21.11447036,21.37985498,20.8529319,21.48934834,In
07/04/2026 17:00,21.27216267,21.11447036,21.47985498,20.7529319,21.36636913,In
07/04/2026 17:10,21.27216267,21.11447036,21.37985498,20.8529319,21.48934834,In
07/04/2026 17:20,21.27216267,20.91447036,21.37985498,20.8529319,21.36636913,In
07/04/2026 17:30,21.27216267,21.11447036,21.37985498,20.8529319,21.36636913,In
07/04/2026 17:40,21.27216267,21.11447036,21.37985498,20.8529319,21.36636913,In
07/04/2026 17:50,21.17216267,21.11447036,21.47985498,20.8529319,21.36636913,In
07/04/2026 18:00,21.27216267,21.11447036,21.47985498,20.7529319,21.36636913,In
07/04/2026 18:10,21.17216267,21.11447036,21.37985498,20.8529319,21.36636913,In
07/04/2026 18:20,21.27216267,21.11447036,21.47985498,20.8529319,21.36636913,In
07/04/2026 18:30,21.27216267,21.11447036,21.47985498,20.8529319,21.36636913,In
07/04/2026 18:40,21.17216267,21.11447036,21.37985498,20.8529319,21.36636913,In
07/04/2026 18:50,21.27216267,21.11447036,21.47985498,20.8529319,21.36636913,In
07/04/2026 19:00,21.17216267,21.11447036,21.37985498,20.8529319,21.36636913,In
07/04/2026 19:10,21.27216267,21.11447036,21.47985498,20.8529319,21.48934834,In
07/04/2026 19:20,21.27216267,20.91447036,21.47985498,20.8529319,21.36636913,In
07/04/2026 19:30,21.17216267,21.11447036,21.37985498,20.8529319,21.36636913,In
07/04/2026 19:40,21.27216267,21.11447036,21.37985498,20.7529319,21.48934834,In
07/04/2026 19:50,21.17216267,20.91447036,21.47985498,20.8529319,21.36636913,In
07/04/2026 20:00,21.27216267,21.11447036,21.47985498,20.8529319,21.36636913,In
07/04/2026 20:10,21.17216267,20.91447036,21.37985498,20.8529319,21.36636913,In
07/04/2026 20:20,21.27216267,21.11447036,21.47985498,20.8529319,21.36636913,In
07/04/2026 20:30,21.27216267,21.11447036,21.47985498,20.8529319,21.36636913,In
07/04/2026 20:40,21.17216267,21.11447036,21.37985498,20.8529319,21.36636913,In
07/04/2026 20:50,21.27216267,20.91447036,21.37985498,20.8529319,21.36636913,In
07/04/2026 21:00,21.27216267,21.11447036,21.37985498,20.8529319,21.36636913,In
07/04/2026 21:10,21.17216267,21.11447036,21.37985498,20.8529319,21.36636913,In
07/04/2026 21:20,21.27216267,20.91447036,21.37985498,20.8529319,21.48934834,In
07/04/2026 21:30,21.17216267,20.91447036,21.37985498,20.8529319,21.48934834,In
07/04/2026 21:40,21.27216267,21.11447036,21.37985498,20.8529319,21.36636913,In
07/04/2026 21:50,21.27216267,20.91447036,21.47985498,20.8529319,21.36636913,In
07/04/2026 22:00,21.17216267,21.11447036,21.37985498,20.8529319,21.36636913,In
07/04/2026 22:10,21.27216267,21.11447036,21.47985498,20.8529319,21.36636913,In
07/04/2026 22:20,21.17216267,21.11447036,21.37985498,20.8529319,21.48934834,In
07/04/2026 22:30,21.27216267,21.11447036,21.47985498,20.8529319,21.36636913,In
07/04/2026 22:40,21.27216267,20.91447036,21.47985498,20.8529319,21.36636913,In
07/04/2026 22:50,21.17216267,20.91447036,21.37985498,20.8529319,21.36636913,In
07/04/2026 23:00,21.27216267,21.11447036,21.37985498,20.8529319,21.48934834,In
07/04/2026 23:10,21.27216267,21.11447036,21.37985498,20.8529319,21.36636913,In
07/04/2026 23:20,21.17216267,21.11447036,21.37985498,20.8529319,21.36636913,In
07/04/2026 23:30,21.17216267,21.11447036,21.37985498,20.7529319,21.48934834,In
07/04/2026 23:40,21.27216267,20.91447036,21.37985498,20.8529319,21.36636913,In
07/04/2026 23:50,21.27216267,21.11447036,21.37985498,20.8529319,21.36636913,In
08/04/2026 00:00,21.27216267,21.11447036,21.37985498,20.8529319,21.36636913,In
08/04/2026 00:10,21.27216267,21.11447036,21.37985498,20.8529319,21.36636913,In
08/04/2026 00:20,21.17216267,21.11447036,21.47985498,20.8529319,21.36636913,In
08/04/2026 00:30,21.27216267,21.11447036,21.37985498,20.8529319,21.36636913,In
08/04/2026 00:40,21.17216267,20.91447036,21.37985498,20.8529319,21.36636913,In
08/04/2026 00:50,21.27216267,21.11447036,21.47985498,20.8529319,21.36636913,In
08/04/2026 01:00,21.17216267,21.11447036,21.37985498,20.8529319,21.48934834,In
08/04/2026 01:10,21.27216267,21.11447036,21.37985498,20.8529319,21.36636913,In
08/04/2026 01:20,21.27216267,20.91447036,21.47985498,20.8529319,21.36636913,In
08/04/2026 01:30,21.27216267,21.11447036,21.37985498,20.8529319,21.36636913,In
08/04/2026 01:40,21.17216267,21.11447036,21.37985498,20.7529319,21.48934834,In
08/04/2026 01:50,21.17216267,21.11447036,21.37985498,20.7529319,21.36636913,In
08/04/2026 02:00,21.27216267,20.91447036,21.47985498,20.8529319,21.36636913,In
08/04/2026 02:10,21.27216267,21.11447036,21.47985498,20.8529319,21.36636913,In
08/04/2026 02:20,21.27216267,20.91447036,21.37985498,20.8529319,21.36636913,In
08/04/2026 02:30,21.27216267,21.11447036,21.37985498,20.8529319,21.36636913,In
08/04/2026 02:40,21.17216267,21.11447036,21.47985498,20.8529319,21.36636913,In
08/04/2026 02:50,21.17216267,21.11447036,21.37985498,20.7529319,21.36636913,In
08/04/2026 03:00,21.17216267,21.11447036,21.37985498,20.8529319,21.48934834,In
08/04/2026 03:10,21.17216267,20.91447036,21.37985498,20.8529319,21.48934834,In
08/04/2026 03:20,21.27216267,20.91447036,21.47985498,20.8529319,21.36636913,In
08/04/2026 03:30,21.27216267,21.11447036,21.37985498,20.8529319,21.36636913,In
08/04/2026 03:40,21.27216267,21.11447036,21.37985498,20.8529319,21.48934834,In
08/04/2026 03:50,21.27216267,21.11447036,21.47985498,20.8529319,21.48934834,In
08/04/2026 04:00,21.27216267,21.11447036,21.37985498,20.7529319,21.36636913,In
08/04/2026 04:10,21.27216267,20.91447036,21.47985498,20.7529319,21.48934834,In
08/04/2026 04:20,21.27216267,21.11447036,21.37985498,20.8529319,21.36636913,In
08/04/2026 04:30,21.27216267,21.11447036,21.47985498,20.8529319,21.48934834,In
08/04/2026 04:40,21.17216267,21.11447036,21.47985498,20.8529319,21.36636913,In
08/04/2026 04:50,21.27216267,21.11447036,21.47985498,20.8529319,21.48934834,In
08/04/2026 05:00,21.27216267,21.11447036,21.47985498,20.8529319,21.36636913,In
08/04/2026 05:10,21.17216267,21.11447036,21.47985498,20.8529319,21.36636913,In
08/04/2026 05:20,21.27216267,20.91447036,21.47985498,20.8529319,21.36636913,In
08/04/2026 05:30,21.27216267,21.11447036,21.47985498,20.8529319,21.36636913,In
08/04/2026 05:40,21.27216267,21.11447036,21.47985498,20.8529319,21.36636913,In
08/04/2026 05:50,21.27216267,21.11447036,21.47985498,20.8529319,21.48934834,In
08/04/2026 06:00,21.27216267,21.11447036,21.47985498,20.8529319,21.48934834,In
08/04/2026 06:10,21.27216267,21.11447036,21.47985498,20.8529319,21.36636913,In
08/04/2026 06:20,21.27216267,21.11447036,21.37985498,20.8529319,21.36636913,In
08/04/2026 06:30,21.27216267,21.11447036,21.37985498,20.8529319,21.36636913,In
08/04/2026 06:40,21.17216267,21.11447036,21.47985498,20.8529319,21.36636913,In
08/04/2026 06:50,21.27216267,21.11447036,21.37985498,20.8529319,21.36636913,In
08/04/2026 07:00,21.27216267,21.11447036,21.47985498,20.8529319,21.48934834,In
08/04/2026 07:10,21.27216267,20.91447036,21.37985498,20.8529319,21.36636913,In
08/04/2026 07:20,21.27216267,21.11447036,21.47985498,21.0529319,21.36636913,In
08/04/2026 07:30,21.27216267,21.11447036,21.47985498,20.8529319,21.48934834,In
08/04/2026 07:40,21.27216267,21.11447036,21.37985498,20.8529319,21.36636913,In
08/04/2026 07:50,21.37216267,21.11447036,21.47985498,20.8529319,21.48934834,In
08/04/2026 08:00,21.27216267,21.11447036,21.47985498,20.8529319,21.36636913,In
08/04/2026 08:10,21.27216267,21.11447036,21.37985498,20.8529319,21.36636913,In
08/04/2026 08:20,21.27216267,20.91447036,21.37985498,20.8529319,21.36636913,In
08/04/2026 08:30,21.17216267,21.11447036,21.47985498,20.8529319,21.48934834,In
08/04/2026 08:40,21.17216267,20.91447036,21.37985498,20.8529319,21.36636913,In
08/04/2026 08:50,21.17216267,20.91447036,21.37985498,20.8529319,21.36636913,In
08/04/2026 09:00,21.27216267,21.11447036,21.37985498,20.8529319,21.36636913,In
08/04/2026 09:10,21.27216267,20.91447036,21.47985498,20.8529319,21.36636913,In
08/04/2026 09:20,21.27216267,20.91447036,21.47985498,20.8529319,21.36636913,In
08/04/2026 09:30,21.27216267,20.91447036,21.37985498,20.8529319,21.36636913,In
08/04/2026 09:40,21.27216267,21.11447036,21.37985498,20.7529319,21.36636913,In
08/04/2026 09:50,21.17216267,20.91447036,21.37985498,20.8529319,21.36636913,In
08/04/2026 10:00,21.27216267,21.11447036,21.37985498,20.8529319,21.36636913,In
08/04/2026 10:10,21.17216267,21.11447036,21.37985498,20.8529319,21.36636913,In
08/04/2026 10:20,21.27216267,20.91447036,21.47985498,20.7529319,21.36636913,In
08/04/2026 10:30,21.17216267,20.91447036,21.37985498,20.7529319,21.36636913,In
08/04/2026 10:40,21.17216267,20.91447036,21.37985498,20.7529319,21.36636913,In
08/04/2026 10:50,21.17216267,21.11447036,21.37985498,20.8529319,21.36636913,In
08/04/2026 11:00,21.17216267,20.91447036,21.37985498,20.8529319,21.36636913,In
08/04/2026 11:10,21.17216267,20.91447036,21.37985498,20.7529319,21.36636913,In
08/04/2026 11:20,21.17216267,20.91447036,21.37985498,20.8529319,21.36636913,In
08/04/2026 11:30,21.17216267,20.81447036,21.37985498,20.8529319,21.36636913,In
08/04/2026 11:40,21.17216267,20.81447036,21.37985498,20.8529319,21.36636913,In
08/04/2026 11:50,21.07216267,20.81447036,21.37985498,20.7529319,21.36636913,In
08/04/2026 12:00,21.07216267,20.81447036,21.37985498,20.8529319,21.36636913,In
08/04/2026 12:10,21.07216267,20.81447036,21.37985498,20.7529319,21.36636913,In
08/04/2026 12:20,21.17216267,20.91447036,21.37985498,20.8529319,21.36636913,In
08/04/2026 12:30,21.17216267,20.81447036,21.37985498,20.8529319,21.48934834,In
08/04/2026 12:40,21.17216267,20.91447036,21.37985498,20.7529319,21.36636913,In
08/04/2026 12:50,21.17216267,20.81447036,21.37985498,20.8529319,21.48934834,In
08/04/2026 13:00,21.17216267,20.91447036,21.37985498,20.8529319,21.48934834,In
08/04/2026 13:10,21.07216267,20.81447036,21.47985498,20.8529319,21.36636913,In
08/04/2026 13:20,21.17216267,20.91447036,21.37985498,20.8529319,21.48934834,In
08/04/2026 13:30,21.17216267,20.91447036,21.37985498,20.7529319,21.36636913,In
08/04/2026 13:40,21.17216267,20.91447036,21.47985498,20.8529319,21.36636913,In
08/04/2026 13:50,21.17216267,20.91447036,21.37985498,20.7529319,21.36636913,In
08/04/2026 14:00,21.17216267,20.91447036,21.37985498,20.8529319,21.36636913,In
08/04/2026 14:10,21.17216267,20.91447036,21.37985498,20.8529319,21.36636913,In
08/04/2026 14:20,21.17216267,20.91447036,21.37985498,20.8529319,21.36636913,In
08/04/2026 14:30,21.17216267,20.91447036,21.37985498,20.8529319,21.36636913,In
08/04/2026 14:40,21.17216267,20.81447036,21.37985498,20.7529319,21.36636913,In
08/04/2026 14:50,21.17216267,20.91447036,21.37985498,20.8529319,21.36636913,In
08/04/2026 15:00,21.17216267,20.91447036,21.37985498,20.8529319,21.36636913,In
08/04/2026 15:10,21.17216267,20.91447036,21.37985498,20.8529319,21.48934834,In
08/04/2026 15:20,21.17216267,20.91447036,21.37985498,20.8529319,21.36636913,In
08/04/2026 15:30,21.17216267,20.91447036,21.37985498,20.7529319,21.36636913,In
08/04/2026 15:40,21.17216267,20.91447036,21.37985498,20.8529319,21.36636913,In
08/04/2026 15:50,21.17216267,20.91447036,21.37985498,20.8529319,21.36636913,In
08/04/2026 16:00,21.27216267,21.11447036,21.37985498,20.8529319,21.36636913,In
08/04/2026 16:10,21.17216267,21.11447036,21.37985498,20.7529319,21.36636913,In
08/04/2026 16:20,21.17216267,20.91447036,21.37985498,20.8529319,21.36636913,In
08/04/2026 16:30,21.17216267,21.11447036,21.47985498,20.8529319,21.36636913,In
08/04/2026 16:40,21.17216267,20.91447036,21.37985498,20.8529319,21.36636913,In
08/04/2026 16:50,21.17216267,20.91447036,21.37985498,20.8529319,21.36636913,In
08/04/2026 17:00,21.17216267,20.91447036,21.37985498,20.8529319,21.36636913,In
08/04/2026 17:10,21.17216267,20.91447036,21.37985498,20.8529319,21.36636913,In
08/04/2026 17:20,21.17216267,20.91447036,21.37985498,20.8529319,21.36636913,In
08/04/2026 17:30,21.17216267,20.91447036,21.37985498,20.7529319,21.36636913,In
08/04/2026 17:40,21.27216267,20.91447036,21.37985498,20.7529319,21.36636913,In
08/04/2026 17:50,21.17216267,20.91447036,21.37985498,20.8529319,21.36636913,In
08/04/2026 18:00,21.17216267,20.91447036,21.37985498,20.8529319,21.36636913,In
08/04/2026 18:10,21.17216267,20.91447036,21.37985498,20.8529319,21.36636913,In
08/04/2026 18:20,21.17216267,20.91447036,21.37985498,20.8529319,21.36636913,In
08/04/2026 18:30,21.27216267,20.91447036,21.37985498,20.8529319,21.36636913,In
08/04/2026 18:40,21.17216267,20.91447036,21.37985498,20.7529319,21.36636913,In
08/04/2026 18:50,21.17216267,20.91447036,21.37985498,20.7529319,21.36636913,In
08/04/2026 19:00,21.17216267,20.91447036,21.37985498,20.8529319,21.36636913,In
08/04/2026 19:10,21.27216267,20.91447036,21.37985498,20.7529319,21.36636913,In
08/04/2026 19:20,21.27216267,20.91447036,21.37985498,20.8529319,21.36636913,In
08/04/2026 19:30,21.17216267,20.91447036,21.47985498,20.8529319,21.36636913,In
08/04/2026 19:40,21.17216267,20.91447036,21.47985498,20.7529319,21.36636913,In
08/04/2026 19:50,21.17216267,20.91447036,21.37985498,20.7529319,21.36636913,In
08/04/2026 20:00,21.17216267,20.91447036,21.37985498,20.7529319,21.36636913,In
08/04/2026 20:10,21.27216267,20.91447036,21.37985498,20.7529319,21.36636913,In
08/04/2026 20:20,21.17216267,20.91447036,21.37985498,20.7529319,21.36636913,In
08/04/2026 20:30,21.17216267,21.11447036,21.37985498,20.7529319,21.36636913,In
08/04/2026 20:40,21.17216267,20.91447036,21.37985498,20.7529319,21.36636913,In
08/04/2026 20:50,21.17216267,21.11447036,21.37985498,20.8529319,21.36636913,In
08/04/2026 21:00,21.17216267,20.91447036,21.37985498,20.7529319,21.36636913,In
08/04/2026 21:10,21.17216267,20.91447036,21.37985498,20.7529319,21.36636913,In
08/04/2026 21:20,21.17216267,20.91447036,21.37985498,20.7529319,21.36636913,In
08/04/2026 21:30,21.17216267,20.91447036,21.37985498,20.7529319,21.36636913,In
08/04/2026 21:40,21.17216267,20.91447036,21.37985498,20.7529319,21.36636913,In
08/04/2026 21:50,21.17216267,20.91447036,21.37985498,20.7529319,21.36636913,In
08/04/2026 22:00,21.17216267,20.91447036,21.37985498,20.7529319,21.36636913,In
08/04/2026 22:10,21.17216267,20.91447036,21.37985498,20.7529319,21.36636913,In
08/04/2026 22:20,21.17216267,20.91447036,21.37985498,20.8529319,21.36636913,In
08/04/2026 22:30,21.17216267,20.91447036,21.37985498,20.7529319,21.36636913,In
08/04/2026 22:40,21.17216267,20.91447036,21.37985498,20.7529319,21.36636913,In
08/04/2026 22:50,21.17216267,20.91447036,21.37985498,20.7529319,21.24338992,In
08/04/2026 23:00,21.17216267,20.91447036,21.37985498,20.7529319,21.36636913,In
08/04/2026 23:10,21.17216267,20.91447036,21.37985498,20.7529319,21.36636913,In
08/04/2026 23:20,21.17216267,20.91447036,21.37985498,20.7529319,21.36636913,In
08/04/2026 23:30,21.27216267,20.91447036,21.37985498,20.8529319,21.36636913,In
08/04/2026 23:40,21.17216267,20.91447036,21.37985498,20.8529319,21.36636913,In
08/04/2026 23:50,21.17216267,20.91447036,21.37985498,20.7529319,21.36636913,In
09/04/2026 00:00,21.17216267,20.91447036,21.37985498,20.7529319,21.36636913,In
09/04/2026 00:10,21.17216267,20.91447036,21.37985498,20.7529319,21.36636913,In
09/04/2026 00:20,21.17216267,20.91447036,21.37985498,20.7529319,21.36636913,In
09/04/2026 00:30,21.17216267,20.91447036,21.37985498,20.8529319,21.36636913,In
09/04/2026 00:40,21.17216267,20.91447036,21.37985498,20.8529319,21.36636913,In
09/04/2026 00:50,21.17216267,20.91447036,21.37985498,20.8529319,21.24338992,In
09/04/2026 01:00,21.17216267,20.91447036,21.37985498,20.8529319,21.36636913,In
09/04/2026 01:10,21.17216267,20.91447036,21.37985498,20.8529319,21.36636913,In
09/04/2026 01:20,21.17216267,20.91447036,21.37985498,20.7529319,21.36636913,In
09/04/2026 01:30,21.17216267,21.11447036,21.37985498,20.8529319,21.36636913,In
09/04/2026 01:40,21.17216267,20.91447036,21.37985498,20.8529319,21.36636913,In
09/04/2026 01:50,21.17216267,20.91447036,21.37985498,20.8529319,21.36636913,In
09/04/2026 02:00,21.17216267,20.91447036,21.37985498,20.8529319,21.36636913,In
09/04/2026 02:10,21.17216267,20.91447036,21.37985498,20.7529319,21.36636913,In
09/04/2026 02:20,21.17216267,20.91447036,21.37985498,20.7529319,21.36636913,In
09/04/2026 02:30,21.17216267,20.91447036,21.37985498,20.8529319,21.36636913,In
09/04/2026 02:40,21.17216267,20.91447036,21.37985498,20.8529319,21.48934834,In
09/04/2026 02:50,21.17216267,20.91447036,21.37985498,20.8529319,21.36636913,In
09/04/2026 03:00,21.27216267,20.91447036,21.37985498,20.7529319,21.36636913,In
09/04/2026 03:10,21.17216267,20.91447036,21.37985498,20.8529319,21.48934834,In
09/04/2026 03:20,21.17216267,20.91447036,21.37985498,20.8529319,21.48934834,In
09/04/2026 03:30,21.17216267,20.91447036,21.37985498,20.8529319,21.36636913,In
09/04/2026 03:40,21.17216267,20.91447036,21.37985498,20.8529319,21.48934834,In
09/04/2026 03:50,21.17216267,20.91447036,21.37985498,20.8529319,21.36636913,In
09/04/2026 04:00,21.17216267,20.91447036,21.37985498,20.8529319,21.36636913,In
09/04/2026 04:10,21.17216267,20.91447036,21.37985498,20.8529319,21.36636913,In
09/04/2026 04:20,21.27216267,20.91447036,21.37985498,20.8529319,21.48934834,In
09/04/2026 04:30,21.17216267,20.91447036,21.37985498,20.7529319,21.36636913,In
09/04/2026 04:40,21.17216267,20.91447036,21.37985498,20.8529319,21.36636913,In
09/04/2026 04:50,21.17216267,20.91447036,21.37985498,20.8529319,21.36636913,In
09/04/2026 05:00,21.27216267,21.11447036,21.37985498,20.7529319,21.36636913,In
09/04/2026 05:10,21.17216267,21.11447036,21.37985498,20.8529319,21.36636913,In
09/04/2026 05:20,21.17216267,20.91447036,21.37985498,20.8529319,21.36636913,In
09/04/2026 05:30,21.27216267,20.91447036,21.37985498,20.7529319,21.36636913,In
09/04/2026 05:40,21.17216267,20.91447036,21.37985498,20.8529319,21.36636913,In
09/04/2026 05:50,21.17216267,20.91447036,21.37985498,20.7529319,21.36636913,In
09/04/2026 06:00,21.17216267,20.91447036,21.37985498,20.8529319,21.36636913,In
09/04/2026 06:10,21.27216267,20.91447036,21.37985498,20.7529319,21.36636913,In
09/04/2026 06:20,21.17216267,20.91447036,21.37985498,20.8529319,21.36636913,In
09/04/2026 06:30,21.17216267,21.11447036,21.37985498,20.8529319,21.36636913,In
09/04/2026 06:40,21.17216267,20.91447036,21.37985498,20.7529319,21.36636913,In
09/04/2026 06:50,21.17216267,20.91447036,21.37985498,20.8529319,21.48934834,In
09/04/2026 07:00,21.17216267,21.11447036,21.37985498,20.8529319,21.36636913,In
09/04/2026 07:10,21.27216267,21.11447036,21.47985498,20.7529319,21.36636913,In
09/04/2026 07:20,21.17216267,20.91447036,21.37985498,20.7529319,21.36636913,In
09/04/2026 07:30,21.17216267,20.91447036,21.47985498,20.7529319,21.36636913,In
09/04/2026 07:40,21.17216267,20.91447036,21.47985498,20.7529319,21.36636913,In
09/04/2026 07:50,21.17216267,21.11447036,21.37985498,20.8529319,21.36636913,In
09/04/2026 08:00,21.17216267,20.91447036,21.37985498,20.8529319,21.36636913,In
09/04/2026 08:10,21.17216267,21.11447036,21.47985498,20.8529319,21.36636913,In
09/04/2026 08:20,21.17216267,20.91447036,21.37985498,20.8529319,21.36636913,In
09/04/2026 08:30,21.17216267,20.91447036,21.37985498,20.7529319,21.36636913,In
09/04/2026 08:40,21.17216267,21.11447036,21.37985498,20.7529319,21.36636913,In
09/04/2026 08:50,21.27216267,20.91447036,21.37985498,20.8529319,21.36636913,In
09/04/2026 09:00,21.17216267,20.91447036,21.37985498,20.7529319,21.36636913,In
09/04/2026 09:10,21.17216267,21.11447036,21.47985498,20.7529319,21.36636913,In
09/04/2026 09:20,21.27216267,20.91447036,21.37985498,20.7529319,21.36636913,In
09/04/2026 09:30,21.17216267,20.91447036,21.37985498,20.7529319,21.36636913,In
09/04/2026 09:40,21.27216267,21.11447036,21.37985498,20.8529319,21.36636913,In
09/04/2026 09:50,21.27216267,20.91447036,21.37985498,20.7529319,21.36636913,In
09/04/2026 10:00,21.17216267,20.91447036,21.37985498,20.7529319,21.36636913,In
09/04/2026 10:10,21.17216267,21.11447036,21.37985498,20.8529319,21.36636913,In
09/04/2026 10:20,21.17216267,20.91447036,21.47985498,20.7529319,21.36636913,In
09/04/2026 10:30,21.17216267,20.91447036,21.37985498,20.7529319,21.36636913,In
09/04/2026 10:40,21.17216267,20.91447036,21.37985498,20.7529319,21.36636913,In
09/04/2026 10:50,21.17216267,20.91447036,21.37985498,20.7529319,21.36636913,In
09/04/2026 11:00,21.27216267,20.91447036,21.47985498,20.7529319,21.36636913,In
09/04/2026 11:10,21.27216267,20.91447036,21.37985498,20.8529319,21.36636913,In
09/04/2026 11:20,21.17216267,20.91447036,21.47985498,20.8529319,21.36636913,In
09/04/2026 11:30,21.17216267,20.91447036,21.47985498,20.7529319,21.36636913,In
09/04/2026 11:40,21.17216267,21.11447036,21.37985498,20.7529319,21.36636913,In
09/04/2026 11:50,21.27216267,20.91447036,21.37985498,20.8529319,21.36636913,In
09/04/2026 12:00,21.27216267,21.11447036,21.37985498,20.8529319,21.36636913,In
09/04/2026 12:10,21.17216267,20.91447036,21.37985498,20.8529319,21.36636913,In
09/04/2026 12:20,21.17216267,20.91447036,21.37985498,20.8529319,21.36636913,In
09/04/2026 12:30,21.27216267,20.91447036,21.47985498,20.8529319,21.36636913,In
09/04/2026 12:40,21.27216267,20.91447036,21.37985498,20.7529319,21.36636913,In
09/04/2026 12:50,21.17216267,20.91447036,21.37985498,20.7529319,21.36636913,In
09/04/2026 13:00,21.27216267,21.11447036,21.37985498,20.7529319,21.36636913,In
09/04/2026 13:10,21.17216267,21.11447036,21.37985498,20.7529319,21.36636913,In
09/04/2026 13:20,21.17216267,20.91447036,21.37985498,20.7529319,21.36636913,In
09/04/2026 13:30,21.17216267,21.11447036,21.37985498,20.8529319,21.36636913,In
09/04/2026 13:40,21.17216267,20.91447036,21.37985498,20.8529319,21.36636913,In
09/04/2026 13:50,21.17216267,20.91447036,21.37985498,20.8529319,21.36636913,In
09/04/2026 14:00,21.27216267,20.91447036,21.37985498,20.8529319,21.36636913,In
09/04/2026 14:10,21.17216267,20.91447036,21.37985498,20.7529319,21.36636913,In
09/04/2026 14:20,21.17216267,20.91447036,21.47985498,20.7529319,21.36636913,In
09/04/2026 14:30,21.17216267,20.91447036,21.37985498,20.8529319,21.36636913,In
09/04/2026 14:40,21.27216267,20.91447036,21.37985498,20.7529319,21.36636913,In
09/04/2026 14:50,21.17216267,21.11447036,21.47985498,20.8529319,21.36636913,In
09/04/2026 15:00,21.17216267,20.91447036,21.37985498,20.8529319,21.36636913,In
09/04/2026 15:10,21.17216267,20.91447036,21.37985498,20.8529319,21.36636913,In
09/04/2026 15:20,21.17216267,20.91447036,21.37985498,20.7529319,21.36636913,In
09/04/2026 15:30,21.17216267,21.11447036,21.37985498,20.8529319,21.36636913,In
09/04/2026 15:40,21.17216267,20.91447036,21.37985498,20.8529319,21.36636913,In
09/04/2026 15:50,21.17216267,21.11447036,21.37985498,20.8529319,21.36636913,In
09/04/2026 16:00,21.17216267,20.91447036,21.37985498,20.7529319,21.36636913,In
09/04/2026 16:10,21.17216267,21.11447036,21.47985498,20.8529319,21.36636913,In
09/04/2026 16:20,21.27216267,20.91447036,21.37985498,20.7529319,21.36636913,In
09/04/2026 16:30,21.27216267,20.91447036,21.37985498,20.8529319,21.36636913,In
09/04/2026 16:40,21.17216267,20.91447036,21.37985498,20.7529319,21.36636913,In
09/04/2026 16:50,21.17216267,21.11447036,21.37985498,20.7529319,21.36636913,In
09/04/2026 17:00,21.17216267,20.91447036,21.37985498,20.7529319,21.36636913,In
09/04/2026 17:10,21.27216267,20.91447036,21.37985498,20.8529319,21.36636913,In
09/04/2026 17:20,21.17216267,20.91447036,21.37985498,20.8529319,21.36636913,In
09/04/2026 17:30,21.17216267,20.91447036,21.37985498,20.8529319,21.36636913,In
09/04/2026 17:40,21.27216267,20.91447036,21.37985498,20.8529319,21.36636913,In
09/04/2026 17:50,21.17216267,20.91447036,21.37985498,20.8529319,21.36636913,In
09/04/2026 18:00,21.17216267,20.91447036,21.37985498,20.8529319,21.36636913,In
09/04/2026 18:10,21.17216267,20.91447036,21.37985498,20.7529319,21.36636913,In
09/04/2026 18:20,21.27216267,20.91447036,21.37985498,20.7529319,21.36636913,In
09/04/2026 18:30,21.17216267,20.91447036,21.37985498,20.7529319,21.36636913,In
09/04/2026 18:40,21.17216267,20.91447036,21.37985498,20.7529319,21.36636913,In
09/04/2026 18:50,21.17216267,20.91447036,21.37985498,20.8529319,21.36636913,In
09/04/2026 19:00,21.27216267,20.91447036,21.37985498,20.7529319,21.36636913,In
09/04/2026 19:10,21.17216267,21.11447036,21.37985498,20.7529319,21.36636913,In
09/04/2026 19:20,21.17216267,20.91447036,21.37985498,20.8529319,21.36636913,In
09/04/2026 19:30,21.17216267,20.91447036,21.37985498,20.8529319,21.36636913,In
09/04/2026 19:40,21.17216267,21.11447036,21.37985498,20.7529319,21.36636913,In
09/04/2026 19:50,21.17216267,20.91447036,21.37985498,20.8529319,21.36636913,In
09/04/2026 20:00,21.17216267,20.91447036,21.37985498,20.7529319,21.36636913,In
09/04/2026 20:10,21.17216267,20.91447036,21.37985498,20.8529319,21.36636913,In
09/04/2026 20:20,21.27216267,20.91447036,21.37985498,20.7529319,21.36636913,In
09/04/2026 20:30,21.17216267,20.91447036,21.37985498,20.8529319,21.36636913,In
09/04/2026 20:40,21.17216267,20.91447036,21.37985498,20.7529319,21.36636913,In
09/04/2026 20:50,21.17216267,20.91447036,21.37985498,20.8529319,21.36636913,In
09/04/2026 21:00,21.27216267,20.91447036,21.37985498,20.7529319,21.24338992,In
09/04/2026 21:10,21.17216267,20.91447036,21.37985498,20.8529319,21.36636913,In
09/04/2026 21:20,21.17216267,20.91447036,21.37985498,20.8529319,21.36636913,In
09/04/2026 21:30,21.17216267,20.91447036,21.37985498,20.7529319,21.36636913,In
09/04/2026 21:40,21.17216267,20.91447036,21.37985498,20.7529319,21.36636913,In
09/04/2026 21:50,21.17216267,20.91447036,21.37985498,20.7529319,21.36636913,In
09/04/2026 22:00,21.17216267,20.91447036,21.37985498,20.8529319,21.36636913,In
09/04/2026 22:10,21.17216267,20.91447036,21.37985498,20.7529319,21.36636913,In
09/04/2026 22:20,21.27216267,20.91447036,21.37985498,20.8529319,21.36636913,In
09/04/2026 22:30,21.17216267,20.91447036,21.37985498,20.7529319,21.36636913,In
09/04/2026 22:40,21.17216267,20.91447036,21.37985498,20.7529319,21.36636913,In
09/04/2026 22:50,21.17216267,20.91447036,21.37985498,20.8529319,21.36636913,In
09/04/2026 23:00,21.27216267,21.11447036,21.37985498,20.7529319,21.36636913,In
09/04/2026 23:10,21.17216267,20.91447036,21.37985498,20.7529319,21.36636913,In
09/04/2026 23:20,21.17216267,20.91447036,21.37985498,20.7529319,21.36636913,In
09/04/2026 23:30,21.17216267,20.91447036,21.37985498,20.7529319,21.48934834,In
09/04/2026 23:40,21.17216267,21.11447036,21.47985498,20.7529319,21.36636913,In
09/04/2026 23:50,21.17216267,20.91447036,21.47985498,20.7529319,21.36636913,In
10/04/2026 00:00,21.17216267,20.91447036,21.37985498,20.8529319,21.36636913,In
10/04/2026 00:10,21.17216267,20.91447036,21.37985498,20.7529319,21.36636913,In
10/04/2026 00:20,21.17216267,20.91447036,21.37985498,20.7529319,21.36636913,In
10/04/2026 00:30,21.27216267,20.91447036,21.37985498,20.7529319,21.36636913,In
10/04/2026 00:40,21.17216267,20.91447036,21.37985498,20.7529319,21.24338992,In
10/04/2026 00:50,21.17216267,20.91447036,21.37985498,20.7529319,21.36636913,In
10/04/2026 01:00,21.17216267,20.91447036,21.37985498,20.8529319,21.36636913,In
10/04/2026 01:10,21.17216267,20.91447036,21.37985498,20.7529319,21.36636913,In
10/04/2026 01:20,21.17216267,20.91447036,21.37985498,20.7529319,21.36636913,In
10/04/2026 01:30,21.17216267,20.91447036,21.37985498,20.7529319,21.36636913,In
10/04/2026 01:40,21.17216267,20.91447036,21.37985498,20.7529319,21.36636913,In
10/04/2026 01:50,21.17216267,20.91447036,21.37985498,20.7529319,21.36636913,In
10/04/2026 02:00,21.27216267,20.91447036,21.37985498,20.7529319,21.36636913,In
10/04/2026 02:10,21.17216267,20.91447036,21.37985498,20.8529319,21.36636913,In
10/04/2026 02:20,21.17216267,20.91447036,21.37985498,20.7529319,21.24338992,In
10/04/2026 02:30,21.17216267,20.91447036,21.37985498,20.7529319,21.36636913,In
10/04/2026 02:40,21.17216267,20.91447036,21.37985498,20.7529319,21.36636913,In
10/04/2026 02:50,21.17216267,20.91447036,21.37985498,20.8529319,21.36636913,In
10/04/2026 03:00,21.17216267,21.11447036,21.37985498,20.7529319,21.36636913,In
10/04/2026 03:10,21.17216267,20.91447036,21.37985498,20.7529319,21.36636913,In
10/04/2026 03:20,21.17216267,20.91447036,21.37985498,20.8529319,21.36636913,In
10/04/2026 03:30,21.17216267,20.91447036,21.37985498,20.7529319,21.36636913,In
10/04/2026 03:40,21.17216267,21.11447036,21.37985498,20.7529319,21.36636913,In
10/04/2026 03:50,21.27216267,20.91447036,21.37985498,20.7529319,21.36636913,In
10/04/2026 04:00,21.17216267,20.91447036,21.37985498,20.8529319,21.36636913,In
10/04/2026 04:10,21.17216267,20.91447036,21.37985498,20.7529319,21.36636913,In
10/04/2026 04:20,21.27216267,20.91447036,21.37985498,20.8529319,21.36636913,In
10/04/2026 04:30,21.27216267,20.91447036,21.37985498,20.8529319,21.36636913,In
10/04/2026 04:40,21.17216267,20.91447036,21.37985498,20.8529319,21.36636913,In
10/04/2026 04:50,21.17216267,20.91447036,21.37985498,20.7529319,21.36636913,In
10/04/2026 05:00,21.17216267,20.91447036,21.37985498,20.7529319,21.24338992,In
10/04/2026 05:10,21.17216267,20.91447036,21.37985498,20.7529319,21.36636913,In
10/04/2026 05:20,21.27216267,20.91447036,21.37985498,20.7529319,21.36636913,In
10/04/2026 05:30,21.17216267,20.91447036,21.37985498,20.7529319,21.36636913,In
10/04/2026 05:40,21.17216267,20.91447036,21.37985498,20.8529319,21.24338992,In
10/04/2026 05:50,21.17216267,20.91447036,21.37985498,20.8529319,21.36636913,In
10/04/2026 06:00,21.17216267,20.91447036,21.37985498,20.8529319,21.36636913,In
10/04/2026 06:10,21.17216267,21.11447036,21.37985498,20.8529319,21.24338992,In
10/04/2026 06:20,21.27216267,20.91447036,21.37985498,20.8529319,21.36636913,In
10/04/2026 06:30,21.27216267,20.91447036,21.37985498,20.7529319,21.36636913,In
10/04/2026 06:40,21.27216267,20.91447036,21.37985498,20.8529319,21.36636913,In
10/04/2026 06:50,21.17216267,20.91447036,21.37985498,20.8529319,21.36636913,In
10/04/2026 07:00,21.17216267,20.91447036,21.37985498,20.7529319,21.36636913,In
10/04/2026 07:10,21.17216267,20.91447036,21.37985498,20.7529319,21.36636913,In
10/04/2026 07:20,21.17216267,20.91447036,21.37985498,20.7529319,21.36636913,In
10/04/2026 07:30,21.17216267,20.91447036,21.37985498,20.7529319,21.36636913,In
10/04/2026 07:40,21.27216267,21.11447036,21.37985498,20.7529319,21.48934834,In
10/04/2026 07:50,21.17216267,20.91447036,21.37985498,20.8529319,21.36636913,In
10/04/2026 08:00,21.17216267,20.91447036,21.27985498,20.8529319,21.36636913,In
10/04/2026 08:10,21.17216267,21.11447036,21.37985498,20.7529319,21.36636913,In
10/04/2026 08:20,21.17216267,20.91447036,21.37985498,20.7529319,21.36636913,In
10/04/2026 08:30,21.27216267,21.11447036,21.37985498,20.8529319,21.36636913,In
10/04/2026 08:40,21.27216267,20.91447036,21.37985498,20.8529319,21.36636913,In
10/04/2026 08:50,21.17216267,21.11447036,21.37985498,20.7529319,21.36636913,In
10/04/2026 09:00,21.17216267,20.91447036,21.37985498,20.8529319,21.36636913,In
10/04/2026 09:10,21.17216267,20.91447036,21.37985498,20.7529319,21.36636913,In
10/04/2026 09:20,21.17216267,20.91447036,21.37985498,20.7529319,21.36636913,In
10/04/2026 09:30,21.17216267,20.91447036,21.37985498,20.7529319,21.36636913,In
10/04/2026 09:40,21.17216267,20.91447036,21.37985498,20.7529319,21.24338992,In
10/04/2026 09:50,21.27216267,20.91447036,21.37985498,20.7529319,21.36636913,In
10/04/2026 10:00,21.17216267,20.91447036,21.37985498,20.8529319,21.36636913,In
10/04/2026 10:10,21.17216267,20.91447036,21.37985498,20.7529319,21.36636913,In
10/04/2026 10:20,21.17216267,20.91447036,21.37985498,20.7529319,21.36636913,In
10/04/2026 10:30,21.17216267,20.91447036,21.37985498,20.8529319,21.36636913,In
10/04/2026 10:40,21.17216267,20.91447036,21.37985498,20.8529319,21.36636913,In
10/04/2026 10:50,21.17216267,21.11447036,21.37985498,20.8529319,21.36636913,In
10/04/2026 11:00,21.17216267,20.91447036,21.37985498,20.8529319,21.36636913,In
10/04/2026 11:10,21.17216267,20.91447036,21.37985498,20.8529319,21.36636913,In
10/04/2026 11:20,21.17216267,20.91447036,21.37985498,20.8529319,21.36636913,In
10/04/2026 11:30,21.17216267,20.91447036,21.37985498,20.8529319,21.36636913,In
10/04/2026 11:40,21.17216267,20.91447036,21.37985498,20.7529319,21.36636913,In
10/04/2026 11:50,21.17216267,20.91447036,21.37985498,20.7529319,21.36636913,In
10/04/2026 12:00,21.17216267,20.91447036,21.37985498,20.8529319,21.36636913,In
10/04/2026 12:10,21.17216267,21.11447036,21.37985498,20.7529319,21.36636913,In
10/04/2026 12:20,21.17216267,20.91447036,21.37985498,20.8529319,21.36636913,In
10/04/2026 12:30,21.17216267,20.91447036,21.47985498,20.7529319,21.36636913,In
10/04/2026 12:40,21.17216267,21.11447036,21.37985498,20.8529319,21.36636913,In
10/04/2026 12:50,21.17216267,20.91447036,21.37985498,20.8529319,21.36636913,In
10/04/2026 13:00,21.27216267,20.91447036,21.37985498,20.8529319,21.36636913,In
10/04/2026 13:10,21.27216267,20.91447036,21.37985498,20.7529319,21.36636913,In
10/04/2026 13:20,21.17216267,20.91447036,21.37985498,20.8529319,21.36636913,In
10/04/2026 13:30,21.17216267,20.91447036,21.37985498,20.8529319,21.36636913,In
10/04/2026 13:40,21.27216267,20.91447036,21.37985498,20.7529319,21.36636913,In
10/04/2026 13:50,21.17216267,20.91447036,21.37985498,20.8529319,21.36636913,In
10/04/2026 14:00,21.17216267,20.91447036,21.37985498,20.8529319,21.36636913,In
10/04/2026 14:10,21.17216267,20.91447036,21.37985498,20.7529319,21.36636913,In
10/04/2026 14:20,21.27216267,20.91447036,21.37985498,20.7529319,21.36636913,In
10/04/2026 14:30,21.17216267,20.91447036,21.37985498,20.7529319,21.36636913,In
10/04/2026 14:40,21.27216267,20.91447036,21.37985498,20.8529319,21.36636913,In
10/04/2026 14:50,21.17216267,20.91447036,21.37985498,20.8529319,21.36636913,In
10/04/2026 15:00,21.17216267,20.91447036,21.37985498,20.7529319,21.36636913,In
10/04/2026 15:10,21.17216267,20.91447036,21.37985498,20.8529319,21.36636913,In
10/04/2026 15:20,21.17216267,20.91447036,21.37985498,20.7529319,21.36636913,In
10/04/2026 15:30,21.17216267,20.91447036,21.37985498,20.8529319,21.36636913,In
10/04/2026 15:40,21.17216267,20.91447036,21.47985498,20.8529319,21.36636913,In
10/04/2026 15:50,21.27216267,20.91447036,21.37985498,20.7529319,21.36636913,In
10/04/2026 16:00,21.27216267,21.11447036,21.37985498,20.7529319,21.36636913,In
10/04/2026 16:10,21.17216267,20.91447036,21.37985498,20.8529319,21.36636913,In
10/04/2026 16:20,21.17216267,20.91447036,21.47985498,20.8529319,21.36636913,In
10/04/2026 16:30,21.17216267,20.91447036,21.37985498,20.7529319,21.36636913,In
10/04/2026 16:40,21.17216267,20.91447036,21.37985498,20.7529319,21.36636913,In
10/04/2026 16:50,21.17216267,21.11447036,21.37985498,20.8529319,21.36636913,In
10/04/2026 17:00,21.17216267,20.91447036,21.37985498,20.7529319,21.36636913,In
10/04/2026 17:10,21.27216267,21.11447036,21.37985498,20.7529319,21.36636913,In
10/04/2026 17:20,21.17216267,20.91447036,21.37985498,20.8529319,21.36636913,In
10/04/2026 17:30,21.27216267,20.91447036,21.37985498,20.8529319,21.36636913,In
10/04/2026 17:40,21.17216267,20.91447036,21.37985498,20.8529319,21.36636913,In
10/04/2026 17:50,21.17216267,21.11447036,21.37985498,20.7529319,21.36636913,In
10/04/2026 18:00,21.17216267,21.11447036,21.37985498,20.8529319,21.36636913,In
10/04/2026 18:10,21.27216267,20.91447036,21.37985498,20.7529319,21.36636913,In
10/04/2026 18:20,21.17216267,20.91447036,21.37985498,20.8529319,21.36636913,In
10/04/2026 18:30,21.17216267,21.11447036,21.37985498,20.8529319,21.36636913,In
10/04/2026 18:40,21.17216267,20.91447036,21.37985498,20.8529319,21.36636913,In
10/04/2026 18:50,21.17216267,20.91447036,21.37985498,20.7529319,21.36636913,In
10/04/2026 19:00,21.17216267,21.11447036,21.37985498,20.8529319,21.36636913,In
10/04/2026 19:10,21.17216267,20.91447036,21.37985498,20.7529319,21.36636913,In
10/04/2026 19:20,21.17216267,20.91447036,21.37985498,20.8529319,21.36636913,In
10/04/2026 19:30,21.17216267,20.91447036,21.37985498,20.7529319,21.36636913,In
10/04/2026 19:40,21.17216267,20.91447036,21.37985498,20.8529319,21.36636913,In
10/04/2026 19:50,21.17216267,20.91447036,21.37985498,20.7529319,21.36636913,In
10/04/2026 20:00,21.17216267,20.91447036,21.37985498,20.8529319,21.36636913,In
10/04/2026 20:10,21.17216267,20.91447036,21.37985498,20.8529319,21.36636913,In
10/04/2026 20:20,21.17216267,20.91447036,21.37985498,20.7529319,21.36636913,In
10/04/2026 20:30,21.17216267,20.91447036,21.37985498,20.8529319,21.36636913,In
10/04/2026 20:40,21.17216267,20.91447036,21.37985498,20.7529319,21.24338992,In
10/04/2026 20:50,21.17216267,20.91447036,21.27985498,20.7529319,21.36636913,In
10/04/2026 21:00,21.17216267,20.91447036,21.37985498,20.7529319,21.48934834,In
10/04/2026 21:10,21.17216267,20.91447036,21.37985498,20.8529319,21.36636913,In
10/04/2026 21:20,21.17216267,20.91447036,21.37985498,20.7529319,21.36636913,In
10/04/2026 21:30,21.17216267,20.91447036,21.37985498,20.7529319,21.36636913,In
10/04/2026 21:40,21.17216267,20.91447036,21.37985498,20.7529319,21.36636913,In
10/04/2026 21:50,21.17216267,21.11447036,21.37985498,20.8529319,21.36636913,In
10/04/2026 22:00,21.17216267,20.91447036,21.37985498,20.8529319,21.36636913,In
10/04/2026 22:10,21.17216267,21.11447036,21.37985498,20.8529319,21.24338992,In
10/04/2026 22:20,21.17216267,20.91447036,21.37985498,20.7529319,21.36636913,In
10/04/2026 22:30,21.17216267,20.91447036,21.37985498,20.8529319,21.36636913,In
10/04/2026 22:40,21.17216267,20.91447036,21.37985498,20.7529319,21.36636913,In
10/04/2026 22:50,21.27216267,20.91447036,21.37985498,20.7529319,21.36636913,In
10/04/2026 23:00,21.17216267,20.91447036,21.37985498,20.7529319,21.36636913,In
10/04/2026 23:10,21.17216267,20.91447036,21.37985498,20.8529319,21.36636913,In
10/04/2026 23:20,21.27216267,20.91447036,21.37985498,20.7529319,21.36636913,In
10/04/2026 23:30,21.27216267,20.91447036,21.47985498,20.7529319,21.36636913,In
10/04/2026 23:40,21.17216267,21.11447036,21.37985498,20.7529319,21.36636913,In
10/04/2026 23:50,21.27216267,21.11447036,21.37985498,20.8529319,21.36636913,In
11/04/2026 00:00,21.17216267,20.91447036,21.37985498,20.8529319,21.36636913,In
11/04/2026 00:10,21.17216267,20.91447036,21.37985498,20.8529319,21.36636913,In
11/04/2026 00:20,21.17216267,20.91447036,21.37985498,20.7529319,21.36636913,In
11/04/2026 00:30,21.17216267,21.11447036,21.37985498,20.8529319,21.36636913,In
11/04/2026 00:40,21.17216267,20.91447036,21.37985498,20.7529319,21.36636913,In
11/04/2026 00:50,21.17216267,21.11447036,21.37985498,20.7529319,21.36636913,In
11/04/2026 01:00,21.27216267,21.11447036,21.37985498,20.8529319,21.36636913,In
11/04/2026 01:10,21.27216267,21.11447036,21.37985498,20.7529319,21.36636913,In
11/04/2026 01:20,21.17216267,20.91447036,21.37985498,20.8529319,21.24338992,In
11/04/2026 01:30,21.27216267,21.11447036,21.37985498,20.8529319,21.36636913,In
11/04/2026 01:40,21.27216267,20.91447036,21.37985498,20.8529319,21.36636913,In
11/04/2026 01:50,21.17216267,20.91447036,21.37985498,20.7529319,21.36636913,In
11/04/2026 02:00,21.17216267,20.91447036,21.37985498,20.8529319,21.24338992,In
11/04/2026 02:10,21.17216267,21.11447036,21.37985498,20.7529319,21.24338992,In
11/04/2026 02:20,21.27216267,21.11447036,21.37985498,20.7529319,21.36636913,In
11/04/2026 02:30,21.17216267,20.91447036,21.37985498,20.8529319,21.36636913,In
11/04/2026 02:40,21.17216267,21.11447036,21.47985498,20.8529319,21.36636913,In
11/04/2026 02:50,21.17216267,20.91447036,21.37985498,20.8529319,21.36636913,In
11/04/2026 03:00,21.27216267,21.11447036,21.47985498,20.7529319,21.36636913,In
11/04/2026 03:10,21.27216267,20.91447036,21.37985498,20.7529319,21.36636913,In
11/04/2026 03:20,21.27216267,20.91447036,21.37985498,20.8529319,21.36636913,In
11/04/2026 03:30,21.27216267,20.91447036,21.37985498,20.7529319,21.36636913,In
11/04/2026 03:40,21.27216267,20.91447036,21.37985498,20.8529319,21.36636913,In
11/04/2026 03:50,21.17216267,20.91447036,21.37985498,20.8529319,21.36636913,In
11/04/2026 04:00,21.17216267,20.91447036,21.37985498,20.8529319,21.36636913,In
11/04/2026 04:10,21.17216267,20.91447036,21.37985498,20.7529319,21.36636913,In
11/04/2026 04:20,21.27216267,20.91447036,21.37985498,20.8529319,21.36636913,In
11/04/2026 04:30,21.27216267,21.11447036,21.47985498,20.8529319,21.36636913,In
11/04/2026 04:40,21.27216267,21.11447036,21.47985498,20.8529319,21.36636913,In
11/04/2026 04:50,21.17216267,20.91447036,21.37985498,20.7529319,21.36636913,In
11/04/2026 05:00,21.17216267,21.11447036,21.37985498,20.8529319,21.36636913,In
11/04/2026 05:10,21.17216267,20.91447036,21.37985498,20.7529319,21.36636913,In
11/04/2026 05:20,21.17216267,20.91447036,21.37985498,20.8529319,21.36636913,In
11/04/2026 05:30,21.17216267,21.11447036,21.37985498,20.8529319,21.36636913,In
11/04/2026 05:40,21.27216267,20.91447036,21.37985498,20.8529319,21.36636913,In
11/04/2026 05:50,21.27216267,20.91447036,21.37985498,20.8529319,21.36636913,In
11/04/2026 06:00,21.27216267,21.11447036,21.37985498,20.8529319,21.36636913,In
11/04/2026 06:10,21.27216267,20.91447036,21.37985498,20.8529319,21.36636913,In
11/04/2026 06:20,21.17216267,21.11447036,21.37985498,20.8529319,21.36636913,In
11/04/2026 06:30,21.17216267,20.91447036,21.37985498,20.8529319,21.36636913,In
11/04/2026 06:40,21.17216267,21.11447036,21.37985498,20.8529319,21.36636913,In
11/04/2026 06:50,21.17216267,20.91447036,21.37985498,20.8529319,21.36636913,In
11/04/2026 07:00,21.27216267,20.91447036,21.37985498,20.7529319,21.24338992,In
11/04/2026 07:10,21.17216267,20.91447036,21.37985498,20.8529319,21.36636913,In
11/04/2026 07:20,21.17216267,20.91447036,21.37985498,20.7529319,21.36636913,In
11/04/2026 07:30,21.17216267,20.91447036,21.37985498,20.8529319,21.36636913,In
11/04/2026 07:40,21.27216267,21.11447036,21.37985498,20.7529319,21.36636913,In
11/04/2026 07:50,21.27216267,21.11447036,21.37985498,20.8529319,21.48934834,In
11/04/2026 08:00,21.27216267,20.91447036,21.37985498,20.7529319,21.36636913,In
11/04/2026 08:10,21.27216267,20.91447036,21.37985498,20.8529319,21.36636913,In
11/04/2026 08:20,21.17216267,20.91447036,21.37985498,20.8529319,21.36636913,In
11/04/2026 08:30,21.27216267,20.91447036,21.37985498,20.8529319,21.36636913,In
11/04/2026 08:40,21.27216267,21.11447036,21.37985498,20.8529319,21.36636913,In
11/04/2026 08:50,21.27216267,20.91447036,21.37985498,20.7529319,21.36636913,In
11/04/2026 09:00,21.17216267,20.91447036,21.37985498,20.8529319,21.36636913,In
11/04/2026 09:10,21.17216267,20.91447036,21.37985498,20.7529319,21.36636913,In
11/04/2026 09:20,21.17216267,20.91447036,21.37985498,20.7529319,21.36636913,In
11/04/2026 09:30,21.17216267,20.91447036,21.37985498,20.7529319,21.36636913,In
11/04/2026 09:40,21.17216267,20.91447036,21.37985498,20.8529319,21.36636913,In
11/04/2026 09:50,21.17216267,20.91447036,21.47985498,20.8529319,21.48934834,In
11/04/2026 10:00,21.17216267,20.91447036,21.37985498,20.7529319,21.36636913,In
11/04/2026 10:10,21.17216267,20.91447036,21.37985498,20.7529319,21.36636913,In
11/04/2026 10:20,21.17216267,20.91447036,21.37985498,20.7529319,21.36636913,In
11/04/2026 10:30,21.17216267,20.91447036,21.37985498,20.8529319,21.36636913,In
11/04/2026 10:40,21.17216267,21.11447036,21.37985498,20.7529319,21.36636913,In
11/04/2026 10:50,21.17216267,20.91447036,21.37985498,20.7529319,21.36636913,In
11/04/2026 11:00,21.17216267,20.91447036,21.37985498,20.7529319,21.36636913,In
11/04/2026 11:10,21.17216267,20.91447036,21.37985498,20.8529319,21.36636913,In
11/04/2026 11:20,21.17216267,20.91447036,21.37985498,20.8529319,21.36636913,In
11/04/2026 11:30,21.27216267,20.91447036,21.37985498,20.7529319,21.36636913,In
11/04/2026 11:40,21.17216267,20.91447036,21.37985498,20.7529319,21.36636913,In
11/04/2026 11:50,21.17216267,20.91447036,21.37985498,20.7529319,21.36636913,In
11/04/2026 12:00,21.17216267,20.91447036,21.37985498,20.8529319,21.36636913,In
11/04/2026 12:10,21.17216267,20.91447036,21.37985498,20.7529319,21.36636913,In
11/04/2026 12:20,21.27216267,20.91447036,21.37985498,20.8529319,21.36636913,In
11/04/2026 12:30,21.17216267,20.91447036,21.37985498,20.7529319,21.36636913,In
11/04/2026 12:40,21.17216267,20.91447036,21.37985498,20.7529319,21.36636913,In
11/04/2026 12:50,21.17216267,20.91447036,21.37985498,20.7529319,21.36636913,In
11/04/2026 13:00,21.17216267,20.91447036,21.37985498,20.8529319,21.36636913,In
11/04/2026 13:10,21.17216267,20.91447036,21.37985498,20.8529319,21.36636913,In
11/04/2026 13:20,21.17216267,20.91447036,21.37985498,20.7529319,21.36636913,In
11/04/2026 13:30,21.17216267,20.91447036,21.37985498,20.8529319,21.36636913,In
11/04/2026 13:40,21.27216267,21.11447036,21.37985498,20.7529319,21.36636913,In
11/04/2026 13:50,21.17216267,20.91447036,21.37985498,20.8529319,21.36636913,In
11/04/2026 14:00,21.27216267,20.91447036,21.37985498,20.7529319,21.36636913,In
11/04/2026 14:10,21.17216267,20.91447036,21.37985498,20.7529319,21.36636913,In
11/04/2026 14:20,21.17216267,20.91447036,21.37985498,20.7529319,21.36636913,In
11/04/2026 14:30,21.17216267,20.91447036,21.37985498,20.8529319,21.36636913,In
11/04/2026 14:40,21.27216267,20.91447036,21.37985498,20.8529319,21.36636913,In
11/04/2026 14:50,21.17216267,20.91447036,21.37985498,20.7529319,21.36636913,In
11/04/2026 15:00,21.17216267,20.91447036,21.37985498,20.7529319,21.36636913,In
11/04/2026 15:10,21.17216267,20.91447036,21.37985498,20.8529319,21.36636913,In
11/04/2026 15:20,21.17216267,21.11447036,21.37985498,20.7529319,21.36636913,In
11/04/2026 15:30,21.17216267,21.11447036,21.37985498,20.7529319,21.36636913,In
11/04/2026 15:40,21.17216267,20.91447036,21.37985498,20.8529319,21.36636913,In
11/04/2026 15:50,21.17216267,20.91447036,21.37985498,20.8529319,21.36636913,In
11/04/2026 16:00,21.27216267,20.91447036,21.37985498,20.8529319,21.36636913,In
11/04/2026 16:10,21.17216267,20.91447036,21.37985498,20.8529319,21.36636913,In
11/04/2026 16:20,21.17216267,20.91447036,21.37985498,20.7529319,21.36636913,In
11/04/2026 16:30,21.27216267,21.11447036,21.47985498,20.7529319,21.36636913,In
11/04/2026 16:40,21.17216267,20.91447036,21.47985498,20.8529319,21.36636913,In
11/04/2026 16:50,21.17216267,21.11447036,21.37985498,20.8529319,21.36636913,In
11/04/2026 17:00,21.17216267,21.11447036,21.47985498,20.8529319,21.36636913,In
11/04/2026 17:10,21.17216267,20.91447036,21.37985498,20.8529319,21.36636913,In
11/04/2026 17:20,21.17216267,21.11447036,21.47985498,20.7529319,21.36636913,In
11/04/2026 17:30,21.27216267,21.11447036,21.37985498,20.8529319,21.36636913,In
11/04/2026 17:40,21.17216267,20.91447036,21.37985498,20.8529319,21.36636913,In
11/04/2026 17:50,21.27216267,20.91447036,21.37985498,20.7529319,21.36636913,In
11/04/2026 18:00,21.27216267,20.91447036,21.37985498,20.7529319,21.36636913,In
11/04/2026 18:10,21.27216267,20.91447036,21.37985498,20.7529319,21.36636913,In
11/04/2026 18:20,21.17216267,20.91447036,21.37985498,20.8529319,21.48934834,In
11/04/2026 18:30,21.27216267,20.91447036,21.47985498,20.8529319,21.36636913,In
11/04/2026 18:40,21.17216267,20.91447036,21.37985498,20.8529319,21.36636913,In
11/04/2026 18:50,21.17216267,20.91447036,21.37985498,20.8529319,21.36636913,In
11/04/2026 19:00,21.17216267,20.91447036,21.37985498,20.8529319,21.36636913,In
11/04/2026 19:10,21.17216267,20.91447036,21.37985498,20.7529319,21.36636913,In
11/04/2026 19:20,21.17216267,20.91447036,21.37985498,20.8529319,21.36636913,In
11/04/2026 19:30,21.17216267,20.91447036,21.37985498,20.8529319,21.36636913,In
11/04/2026 19:40,21.17216267,20.91447036,21.37985498,20.7529319,21.36636913,In
11/04/2026 19:50,21.17216267,20.91447036,21.37985498,20.7529319,21.36636913,In
11/04/2026 20:00,21.17216267,21.11447036,21.37985498,20.8529319,21.36636913,In
11/04/2026 20:10,21.17216267,20.91447036,21.37985498,20.7529319,21.36636913,In
11/04/2026 20:20,21.17216267,20.91447036,21.37985498,20.8529319,21.36636913,In
11/04/2026 20:30,21.17216267,20.91447036,21.37985498,20.8529319,21.36636913,In
11/04/2026 20:40,21.17216267,20.91447036,21.37985498,20.7529319,21.36636913,In
11/04/2026 20:50,21.17216267,20.81447036,21.37985498,20.7529319,21.36636913,In
11/04/2026 21:00,21.17216267,21.11447036,21.37985498,20.7529319,21.36636913,In
11/04/2026 21:10,21.17216267,20.91447036,21.37985498,20.7529319,21.36636913,In
11/04/2026 21:20,21.17216267,20.91447036,21.37985498,20.7529319,21.36636913,In
11/04/2026 21:30,21.17216267,20.91447036,21.37985498,20.7529319,21.36636913,In
11/04/2026 21:40,21.17216267,20.91447036,21.37985498,20.7529319,21.36636913,In
11/04/2026 21:50,21.17216267,20.91447036,21.37985498,20.7529319,21.36636913,In
11/04/2026 22:00,21.17216267,20.91447036,21.37985498,20.7529319,21.24338992,In
11/04/2026 22:10,21.17216267,20.91447036,21.37985498,20.7529319,21.36636913,In
11/04/2026 22:20,21.17216267,20.91447036,21.37985498,20.7529319,21.36636913,In
11/04/2026 22:30,21.17216267,20.91447036,21.37985498,20.7529319,21.36636913,In
11/04/2026 22:40,21.17216267,20.91447036,21.37985498,20.7529319,21.36636913,In
11/04/2026 22:50,21.17216267,20.91447036,21.37985498,20.7529319,21.24338992,In
11/04/2026 23:00,21.17216267,20.91447036,21.37985498,20.7529319,21.36636913,In
11/04/2026 23:10,21.17216267,20.91447036,21.37985498,20.7529319,21.36636913,In
11/04/2026 23:20,21.27216267,20.91447036,21.37985498,20.7529319,21.36636913,In
11/04/2026 23:30,21.17216267,20.91447036,21.37985498,20.7529319,21.36636913,In
11/04/2026 23:40,21.17216267,20.91447036,21.37985498,20.8529319,21.36636913,In
11/04/2026 23:50,21.17216267,20.91447036,21.37985498,20.7529319,21.36636913,In
12/04/2026 00:00,21.17216267,21.11447036,21.37985498,20.7529319,21.36636913,In
12/04/2026 00:10,21.17216267,20.91447036,21.37985498,20.8529319,21.36636913,In
12/04/2026 00:20,21.17216267,20.91447036,21.37985498,20.7529319,21.36636913,In
12/04/2026 00:30,21.17216267,21.11447036,21.37985498,20.7529319,21.36636913,In
12/04/2026 00:40,21.17216267,20.91447036,21.37985498,20.8529319,21.36636913,In
12/04/2026 00:50,21.17216267,21.11447036,21.37985498,20.7529319,21.36636913,In
12/04/2026 01:00,21.17216267,20.91447036,21.37985498,20.7529319,21.36636913,In
12/04/2026 01:10,21.17216267,20.91447036,21.37985498,20.7529319,21.36636913,In
12/04/2026 01:20,21.17216267,20.91447036,21.37985498,20.7529319,21.24338992,In
12/04/2026 01:30,21.17216267,20.91447036,21.37985498,20.7529319,21.36636913,In
12/04/2026 01:40,21.17216267,21.11447036,21.37985498,20.7529319,21.36636913,In
12/04/2026 01:50,21.27216267,20.91447036,21.37985498,20.8529319,21.36636913,In
12/04/2026 02:00,21.17216267,20.91447036,21.37985498,20.8529319,21.36636913,In
12/04/2026 02:10,21.17216267,21.11447036,21.37985498,20.7529319,21.36636913,In
12/04/2026 02:20,21.17216267,20.91447036,21.37985498,20.8529319,21.36636913,In
12/04/2026 02:30,21.17216267,20.91447036,21.37985498,20.8529319,21.36636913,In
12/04/2026 02:40,21.17216267,20.91447036,21.37985498,20.8529319,21.36636913,In
12/04/2026 02:50,21.17216267,20.91447036,21.37985498,20.8529319,21.36636913,In
12/04/2026 03:00,21.27216267,20.91447036,21.37985498,20.7529319,21.36636913,In
12/04/2026 03:10,21.17216267,20.91447036,21.37985498,20.7529319,21.36636913,In
12/04/2026 03:20,21.17216267,20.91447036,21.37985498,20.7529319,21.36636913,In
12/04/2026 03:30,21.27216267,20.91447036,21.37985498,20.7529319,21.36636913,In
12/04/2026 03:40,21.27216267,20.91447036,21.37985498,20.7529319,21.36636913,In
12/04/2026 03:50,21.17216267,20.91447036,21.37985498,20.7529319,21.36636913,In
12/04/2026 04:00,21.17216267,20.91447036,21.37985498,20.7529319,21.36636913,In
12/04/2026 04:10,21.27216267,20.91447036,21.37985498,20.7529319,21.36636913,In
12/04/2026 04:20,21.17216267,21.11447036,21.37985498,20.8529319,21.36636913,In
12/04/2026 04:30,21.17216267,20.91447036,21.37985498,20.7529319,21.36636913,In
12/04/2026 04:40,21.17216267,20.91447036,21.37985498,20.8529319,21.36636913,In
12/04/2026 04:50,21.17216267,20.91447036,21.37985498,20.8529319,21.36636913,In
12/04/2026 05:00,21.17216267,20.91447036,21.37985498,20.7529319,21.36636913,In
12/04/2026 05:10,21.17216267,20.91447036,21.37985498,20.7529319,21.36636913,In
12/04/2026 05:20,21.27216267,20.91447036,21.37985498,20.7529319,21.36636913,In
12/04/2026 05:30,21.17216267,21.11447036,21.37985498,20.8529319,21.36636913,In
12/04/2026 05:40,21.17216267,20.91447036,21.37985498,20.8529319,21.36636913,In
12/04/2026 05:50,21.17216267,20.91447036,21.37985498,20.8529319,21.36636913,In
12/04/2026 06:00,21.17216267,20.91447036,21.37985498,20.8529319,21.36636913,In
12/04/2026 06:10,21.17216267,21.11447036,21.37985498,20.8529319,21.36636913,In
12/04/2026 06:20,21.17216267,20.91447036,21.47985498,20.7529319,21.36636913,In
12/04/2026 06:30,21.17216267,20.91447036,21.47985498,20.8529319,21.36636913,In
12/04/2026 06:40,21.17216267,20.91447036,21.37985498,20.8529319,21.36636913,In
12/04/2026 06:50,21.17216267,21.11447036,21.37985498,20.7529319,21.36636913,In
12/04/2026 07:00,21.17216267,21.11447036,21.37985498,20.8529319,21.36636913,In
12/04/2026 07:10,21.17216267,21.11447036,21.37985498,20.8529319,21.36636913,In
12/04/2026 07:20,21.27216267,20.91447036,21.37985498,20.8529319,21.36636913,In
12/04/2026 07:30,21.27216267,20.91447036,21.37985498,20.8529319,21.36636913,In
12/04/2026 07:40,21.17216267,21.11447036,21.47985498,20.8529319,21.48934834,In
12/04/2026 07:50,21.17216267,20.91447036,21.37985498,20.8529319,21.36636913,In
12/04/2026 08:00,21.27216267,20.91447036,21.37985498,20.8529319,21.36636913,In
12/04/2026 08:10,21.27216267,21.11447036,21.47985498,20.7529319,21.36636913,In
12/04/2026 08:20,21.27216267,21.11447036,21.37985498,20.8529319,21.36636913,In
12/04/2026 08:30,21.17216267,20.91447036,21.37985498,20.8529319,21.36636913,In
12/04/2026 08:40,21.27216267,21.11447036,21.37985498,20.8529319,21.36636913,In
12/04/2026 08:50,21.27216267,21.11447036,21.37985498,20.8529319,21.36636913,In
12/04/2026 09:00,21.27216267,21.11447036,21.47985498,20.8529319,21.48934834,In
12/04/2026 09:10,21.17216267,21.11447036,21.47985498,20.8529319,21.48934834,In
12/04/2026 09:20,21.27216267,21.11447036,21.37985498,20.8529319,21.48934834,In
12/04/2026 09:30,21.27216267,21.11447036,21.47985498,20.8529319,21.48934834,In
12/04/2026 09:40,21.27216267,21.11447036,21.47985498,20.8529319,21.48934834,In
12/04/2026 09:50,21.27216267,21.11447036,21.47985498,21.0529319,21.48934834,In
12/04/2026 10:00,21.27216267,21.11447036,21.47985498,20.8529319,21.48934834,In
12/04/2026 10:10,21.27216267,21.11447036,21.47985498,20.8529319,21.48934834,In
12/04/2026 10:20,21.27216267,21.11447036,21.47985498,21.0529319,21.48934834,In
12/04/2026 10:30,21.27216267,21.11447036,21.47985498,20.8529319,21.36636913,In
12/04/2026 10:40,21.27216267,21.11447036,21.47985498,20.8529319,21.48934834,In
12/04/2026 10:50,21.27216267,21.11447036,21.47985498,21.0529319,21.48934834,In
12/04/2026 11:00,21.37216267,21.11447036,21.47985498,20.8529319,21.48934834,In
12/04/2026 11:10,21.37216267,21.11447036,21.47985498,21.0529319,21.61232755,In
12/04/2026 11:20,21.37216267,21.21447036,21.47985498,21.0529319,21.48934834,In
12/04/2026 11:30,21.37216267,21.21447036,21.47985498,20.8529319,21.48934834,In
12/04/2026 11:40,21.37216267,21.21447036,21.47985498,21.0529319,21.48934834,In
12/04/2026 11:50,21.37216267,21.21447036,21.47985498,21.0529319,21.48934834,In
12/04/2026 12:00,21.37216267,21.21447036,21.47985498,21.0529319,21.61232755,In
12/04/2026 12:10,21.37216267,21.11447036,21.47985498,21.0529319,21.48934834,In
12/04/2026 12:20,21.37216267,21.11447036,21.47985498,21.0529319,21.48934834,In
12/04/2026 12:30,21.37216267,21.11447036,21.47985498,21.0529319,21.48934834,In
12/04/2026 12:40,21.27216267,21.21447036,21.47985498,20.8529319,21.48934834,In
12/04/2026 12:50,21.37216267,21.21447036,21.67985498,21.0529319,21.61232755,In
12/04/2026 13:00,21.27216267,21.21447036,21.47985498,21.0529319,21.61232755,In
12/04/2026 13:10,21.37216267,21.21447036,21.67985498,21.0529319,21.61232755,In
12/04/2026 13:20,21.37216267,21.21447036,21.67985498,21.0529319,21.61232755,In
12/04/2026 13:30,21.37216267,21.21447036,21.47985498,20.8529319,21.61232755,In
12/04/2026 13:40,21.37216267,21.21447036,21.67985498,21.0529319,21.48934834,In
12/04/2026 13:50,21.37216267,21.21447036,21.67985498,21.0529319,21.48934834,In
12/04/2026 14:00,21.37216267,21.21447036,21.67985498,21.0529319,21.48934834,In
12/04/2026 14:10,21.37216267,21.21447036,21.67985498,21.0529319,21.61232755,In
12/04/2026 14:20,21.37216267,21.21447036,21.67985498,21.0529319,21.48934834,In
12/04/2026 14:30,21.57216267,21.21447036,21.67985498,21.0529319,21.61232755,In
12/04/2026 14:40,21.27216267,21.21447036,21.67985498,21.0529319,21.61232755,In
12/04/2026 14:50,21.37216267,21.21447036,21.67985498,21.0529319,21.61232755,In
12/04/2026 15:00,21.27216267,21.21447036,21.67985498,21.0529319,21.61232755,In
12/04/2026 15:10,21.37216267,21.21447036,21.67985498,21.0529319,21.48934834,In
12/04/2026 15:20,21.37216267,21.21447036,21.67985498,21.0529319,21.48934834,In
12/04/2026 15:30,21.37216267,21.21447036,21.67985498,21.0529319,21.48934834,In
12/04/2026 15:40,21.37216267,21.21447036,21.67985498,21.0529319,21.48934834,In
12/04/2026 15:50,21.37216267,21.21447036,21.67985498,21.0529319,21.61232755,In
12/04/2026 16:00,21.37216267,21.21447036,21.47985498,21.0529319,21.61232755,In
12/04/2026 16:10,21.57216267,21.21447036,21.47985498,21.0529319,21.61232755,In
12/04/2026 16:20,21.37216267,21.21447036,21.47985498,21.0529319,21.61232755,In
12/04/2026 16:30,21.37216267,21.21447036,21.67985498,21.0529319,21.61232755,In
12/04/2026 16:40,21.37216267,21.21447036,21.67985498,21.0529319,21.61232755,In
12/04/2026 16:50,21.57216267,21.21447036,21.67985498,21.0529319,21.61232755,In
12/04/2026 17:00,21.37216267,21.21447036,21.67985498,21.0529319,21.61232755,In
12/04/2026 17:10,21.37216267,21.21447036,21.67985498,21.0529319,21.61232755,In
12/04/2026 17:20,21.37216267,21.21447036,21.47985498,21.0529319,21.61232755,In
12/04/2026 17:30,21.37216267,21.21447036,21.47985498,21.0529319,21.61232755,In
12/04/2026 17:40,21.37216267,21.21447036,21.47985498,21.0529319,21.61232755,In
12/04/2026 17:50,21.37216267,21.21447036,21.47985498,21.0529319,21.61232755,In
12/04/2026 18:00,21.37216267,21.21447036,21.47985498,21.0529319,21.61232755,In
12/04/2026 18:10,21.37216267,21.21447036,21.47985498,21.0529319,21.61232755,In
12/04/2026 18:20,21.27216267,21.11447036,21.47985498,21.0529319,21.61232755,In
12/04/2026 18:30,21.37216267,21.21447036,21.47985498,21.0529319,21.61232755,In
12/04/2026 18:40,21.37216267,21.21447036,21.47985498,21.0529319,21.61232755,In
12/04/2026 18:50,21.37216267,21.11447036,21.67985498,21.0529319,21.61232755,In
12/04/2026 19:00,21.37216267,21.21447036,21.67985498,21.0529319,21.61232755,In
12/04/2026 19:10,21.37216267,21.11447036,21.47985498,21.0529319,21.61232755,In
12/04/2026 19:20,21.37216267,21.21447036,21.67985498,21.0529319,21.61232755,In
12/04/2026 19:30,21.37216267,21.11447036,21.67985498,21.0529319,21.61232755,In
12/04/2026 19:40,21.37216267,21.11447036,21.67985498,21.0529319,21.61232755,In
12/04/2026 19:50,21.27216267,21.21447036,21.67985498,20.8529319,21.48934834,In
12/04/2026 20:00,21.37216267,21.21447036,21.67985498,21.0529319,21.48934834,In
12/04/2026 20:10,21.37216267,21.21447036,21.67985498,21.0529319,21.48934834,In
12/04/2026 20:20,21.37216267,21.21447036,21.47985498,21.0529319,21.48934834,In
12/04/2026 20:30,21.37216267,21.11447036,21.67985498,21.0529319,21.61232755,In
12/04/2026 20:40,21.37216267,21.21447036,21.67985498,21.0529319,21.48934834,In
12/04/2026 20:50,21.27216267,21.21447036,21.67985498,21.0529319,21.61232755,In
12/04/2026 21:00,21.27216267,21.11447036,21.67985498,21.0529319,21.48934834,In
12/04/2026 21:10,21.37216267,21.21447036,21.67985498,21.0529319,21.61232755,In
12/04/2026 21:20,21.27216267,21.11447036,21.67985498,21.0529319,21.48934834,In
12/04/2026 21:30,21.27216267,21.21447036,21.47985498,21.0529319,21.61232755,In
12/04/2026 21:40,21.27216267,21.11447036,21.47985498,21.0529319,21.61232755,In
12/04/2026 21:50,21.27216267,21.21447036,21.47985498,21.0529319,21.48934834,In
12/04/2026 22:00,21.37216267,21.21447036,21.67985498,21.0529319,21.61232755,In
12/04/2026 22:10,21.37216267,21.11447036,21.67985498,21.0529319,21.61232755,In
12/04/2026 22:20,21.27216267,21.21447036,21.67985498,21.0529319,21.61232755,In
12/04/2026 22:30,21.37216267,21.11447036,21.47985498,20.8529319,21.61232755,In
12/04/2026 22:40,21.37216267,21.21447036,21.67985498,21.0529319,21.48934834,In
12/04/2026 22:50,21.37216267,21.11447036,21.67985498,21.0529319,21.48934834,In
12/04/2026 23:00,21.37216267,21.21447036,21.47985498,21.0529319,21.48934834,In
12/04/2026 23:10,21.37216267,21.21447036,21.47985498,21.0529319,21.48934834,In
12/04/2026 23:20,21.37216267,21.21447036,21.67985498,21.0529319,21.61232755,In
12/04/2026 23:30,21.37216267,21.11447036,21.67985498,21.0529319,21.48934834,In
12/04/2026 23:40,21.37216267,21.21447036,21.47985498,21.0529319,21.48934834,In
12/04/2026 23:50,21.27216267,21.21447036,21.47985498,21.0529319,21.61232755,In
13/04/2026 00:00,21.37216267,21.11447036,21.47985498,21.0529319,21.61232755,In
13/04/2026 00:10,21.37216267,21.21447036,21.47985498,21.0529319,21.61232755,In
13/04/2026 00:20,21.37216267,21.21447036,21.47985498,21.0529319,21.48934834,In
13/04/2026 00:30,21.37216267,21.11447036,21.47985498,21.0529319,21.61232755,In
13/04/2026 00:40,21.27216267,21.11447036,21.67985498,21.0529319,21.61232755,In
13/04/2026 00:50,21.27216267,21.21447036,21.47985498,21.0529319,21.48934834,In
13/04/2026 01:00,21.37216267,21.21447036,21.47985498,21.0529319,21.48934834,In
13/04/2026 01:10,21.37216267,21.21447036,21.47985498,20.8529319,21.48934834,In
13/04/2026 01:20,21.37216267,21.21447036,21.47985498,21.0529319,21.61232755,In
13/04/2026 01:30,21.27216267,21.21447036,21.47985498,20.8529319,21.48934834,In
13/04/2026 01:40,21.27216267,21.21447036,21.47985498,21.0529319,21.48934834,In
13/04/2026 01:50,21.37216267,21.21447036,21.47985498,21.0529319,21.48934834,In
13/04/2026 02:00,21.37216267,21.21447036,21.47985498,20.8529319,21.61232755,In
13/04/2026 02:10,21.37216267,21.11447036,21.47985498,21.0529319,21.61232755,In
13/04/2026 02:20,21.37216267,21.21447036,21.47985498,21.0529319,21.48934834,In
13/04/2026 02:30,21.27216267,21.11447036,21.47985498,21.0529319,21.48934834,In
13/04/2026 02:40,21.27216267,21.21447036,21.47985498,21.0529319,21.61232755,In
13/04/2026 02:50,21.37216267,21.21447036,21.67985498,20.8529319,21.48934834,In
13/04/2026 03:00,21.27216267,21.21447036,21.47985498,20.8529319,21.48934834,In
13/04/2026 03:10,21.27216267,21.21447036,21.47985498,21.0529319,21.48934834,In
13/04/2026 03:20,21.27216267,21.21447036,21.47985498,21.0529319,21.61232755,In
13/04/2026 03:30,21.37216267,21.11447036,21.47985498,21.0529319,21.61232755,In
13/04/2026 03:40,21.37216267,21.11447036,21.47985498,21.0529319,21.48934834,In
13/04/2026 03:50,21.37216267,21.21447036,21.47985498,21.0529319,21.48934834,In
13/04/2026 04:00,21.27216267,21.11447036,21.47985498,21.0529319,21.48934834,In
13/04/2026 04:10,21.37216267,21.21447036,21.47985498,20.8529319,21.48934834,In
13/04/2026 04:20,21.27216267,21.11447036,21.47985498,21.0529319,21.48934834,In
13/04/2026 04:30,21.27216267,21.11447036,21.67985498,21.0529319,21.48934834,In
13/04/2026 04:40,21.37216267,21.11447036,21.67985498,20.8529319,21.48934834,In
13/04/2026 04:50,21.27216267,21.11447036,21.47985498,21.0529319,21.48934834,In
13/04/2026 05:00,21.27216267,21.11447036,21.67985498,21.0529319,21.48934834,In
13/04/2026 05:10,21.37216267,21.21447036,21.47985498,21.0529319,21.48934834,In
13/04/2026 05:20,21.37216267,21.21447036,21.67985498,20.8529319,21.48934834,In
13/04/2026 05:30,21.37216267,21.21447036,21.47985498,21.0529319,21.48934834,In
13/04/2026 05:40,21.37216267,21.21447036,21.47985498,21.0529319,21.48934834,In
13/04/2026 05:50,21.37216267,21.21447036,21.47985498,21.0529319,21.48934834,In
13/04/2026 06:00,21.27216267,21.21447036,21.67985498,21.0529319,21.48934834,In
13/04/2026 06:10,21.37216267,21.11447036,21.67985498,20.8529319,21.48934834,In
13/04/2026 06:20,21.37216267,21.21447036,21.47985498,20.8529319,21.48934834,In
13/04/2026 06:30,21.37216267,21.21447036,21.47985498,21.0529319,21.48934834,In
13/04/2026 06:40,21.37216267,21.21447036,21.67985498,21.0529319,21.61232755,In
13/04/2026 06:50,21.27216267,21.11447036,21.67985498,21.0529319,21.48934834,In
13/04/2026 07:00,21.27216267,21.11447036,21.47985498,21.0529319,21.48934834,In
13/04/2026 07:10,21.37216267,21.21447036,21.47985498,21.0529319,21.48934834,In
13/04/2026 07:20,21.37216267,21.21447036,21.67985498,21.0529319,21.61232755,In
13/04/2026 07:30,21.27216267,21.11447036,21.47985498,21.0529319,21.48934834,In
13/04/2026 07:40,21.27216267,21.21447036,21.47985498,20.8529319,21.61232755,In
13/04/2026 07:50,21.27216267,21.21447036,21.47985498,20.8529319,21.48934834,In
13/04/2026 08:00,21.27216267,21.11447036,21.47985498,21.0529319,21.48934834,In
13/04/2026 08:10,21.37216267,21.11447036,21.47985498,21.0529319,21.48934834,In
13/04/2026 08:20,21.37216267,21.11447036,21.47985498,20.8529319,21.48934834,In
13/04/2026 08:30,21.27216267,21.21447036,21.67985498,21.0529319,21.61232755,In
13/04/2026 08:40,21.37216267,21.21447036,21.47985498,21.0529319,21.48934834,In
13/04/2026 08:50,21.37216267,21.11447036,21.47985498,21.0529319,21.48934834,In
13/04/2026 09:00,21.37216267,21.11447036,21.47985498,21.0529319,21.48934834,In
13/04/2026 09:10,21.27216267,21.11447036,21.47985498,20.8529319,21.48934834,In
13/04/2026 09:20,21.37216267,21.21447036,21.47985498,20.8529319,21.48934834,In
13/04/2026 09:30,21.27216267,21.11447036,21.47985498,21.0529319,21.48934834,In
13/04/2026 09:40,21.27216267,21.11447036,21.47985498,21.0529319,21.48934834,In
13/04/2026 09:50,21.27216267,21.11447036,21.67985498,21.0529319,21.48934834,In
13/04/2026 10:00,21.27216267,21.11447036,21.67985498,21.0529319,21.48934834,In
13/04/2026 10:10,21.37216267,21.11447036,21.47985498,21.0529319,21.48934834,In
13/04/2026 10:20,21.37216267,21.21447036,21.67985498,21.0529319,21.48934834,In
13/04/2026 10:30,21.27216267,21.21447036,21.47985498,21.0529319,21.48934834,In
13/04/2026 10:40,21.37216267,21.11447036,21.47985498,20.8529319,21.48934834,In
13/04/2026 10:50,21.27216267,21.11447036,21.47985498,21.0529319,21.48934834,In
13/04/2026 11:00,21.37216267,21.11447036,21.47985498,21.0529319,21.36636913,In
13/04/2026 11:10,21.27216267,21.11447036,21.47985498,21.0529319,21.48934834,In
13/04/2026 11:20,21.27216267,21.11447036,21.47985498,21.0529319,21.48934834,In
13/04/2026 11:30,21.27216267,21.21447036,21.47985498,20.8529319,21.61232755,In
