ISO 8601 Time,Speed (cm/s),Heading (degrees),Velocity-N (cm/s),Velocity-E (cm/s)
2026-07-02T15:00:00.000,3.81,159.32,-3.57,1.35
2026-07-02T15:10:00.000,2.47,214.56,-2.03,-1.4
2026-07-02T15:20:00.000,3.31,130.82,-2.17,2.51
2026-07-02T15:30:00.000,4.96,151.8,-4.37,2.34
2026-07-02T15:40:00.000,7.78,172.12,-7.71,1.07
2026-07-02T15:50:00.000,5.91,171,-5.84,0.92
2026-07-02T16:00:00.000,6.59,142.27,-5.21,4.03
2026-07-02T16:10:00.000,1.25,147.24,-1.06,0.68
2026-07-02T16:20:00.000,5.18,36.43,4.17,3.08
2026-07-02T16:30:00.000,4.03,359.68,4.03,-0.02
2026-07-02T16:40:00.000,0.58,164.39,-0.56,0.16
2026-07-02T16:50:00.000,6.61,303.11,3.61,-5.53
2026-07-02T17:00:00.000,4.24,262.79,-0.53,-4.21
2026-07-02T17:10:00.000,4.63,138.27,-3.46,3.08
2026-07-02T17:20:00.000,11.12,143.68,-8.96,6.59
2026-07-02T17:30:00.000,14.82,124.13,-8.31,12.26
2026-07-02T17:40:00.000,5.65,146.62,-4.72,3.11
2026-07-02T17:50:00.000,2.62,190.4,-2.57,-0.47
2026-07-02T18:00:00.000,3.5,148.29,-2.98,1.84
2026-07-02T18:10:00.000,4.54,153.81,-4.07,2
2026-07-02T18:20:00.000,6.57,159.8,-6.17,2.27
2026-07-02T18:30:00.000,1.91,61.75,0.9,1.68
2026-07-02T18:40:00.000,4.73,359.62,4.72,-0.03
2026-07-02T18:50:00.000,5.32,307.26,3.22,-4.23
2026-07-02T19:00:00.000,5.08,283.72,1.21,-4.93
2026-07-02T19:10:00.000,8.35,304.3,4.71,-6.9
2026-07-02T19:20:00.000,5.9,308.33,3.66,-4.63
2026-07-02T19:30:00.000,4.8,336.13,4.39,-1.94
2026-07-02T19:40:00.000,3.41,303.45,1.88,-2.84
2026-07-02T19:50:00.000,1.7,30.73,1.46,0.87
2026-07-02T20:00:00.000,3.9,190.57,-3.83,-0.72
2026-07-02T20:10:00.000,2.56,230.17,-1.64,-1.97
2026-07-02T20:20:00.000,3.89,148.97,-3.33,2
2026-07-02T20:30:00.000,5.12,178.18,-5.12,0.16
2026-07-02T20:40:00.000,4.7,284.46,1.17,-4.55
2026-07-02T20:50:00.000,2.06,87.66,0.08,2.05
2026-07-02T21:00:00.000,0.87,347.93,0.86,-0.18
2026-07-02T21:10:00.000,1.55,349.51,1.52,-0.28
2026-07-02T21:20:00.000,0.71,67.01,0.28,0.66
2026-07-02T21:30:00.000,0.81,316.2,0.58,-0.56
2026-07-02T21:40:00.000,1.21,44.25,0.87,0.84
2026-07-02T21:50:00.000,6.33,311.01,4.15,-4.77
2026-07-02T22:00:00.000,3.61,192.8,-3.52,-0.8
2026-07-02T22:10:00.000,5.18,154.84,-4.69,2.2
2026-07-02T22:20:00.000,4.65,177.44,-4.64,0.21
2026-07-02T22:30:00.000,1.26,219.63,-0.97,-0.8
2026-07-02T22:40:00.000,5.47,331.98,4.83,-2.57
2026-07-02T22:50:00.000,3.69,314.66,2.6,-2.63
2026-07-02T23:00:00.000,2.75,106.07,-0.76,2.64
2026-07-02T23:10:00.000,0.44,242.89,-0.2,-0.39
2026-07-02T23:20:00.000,4.61,314.36,3.23,-3.3
2026-07-02T23:30:00.000,7.08,321.46,5.54,-4.41
2026-07-02T23:40:00.000,3.76,282.82,0.84,-3.67
2026-07-02T23:50:00.000,0.36,232.43,-0.22,-0.29
2026-07-03T00:00:00.000,2.97,144.03,-2.4,1.74
2026-07-03T00:10:00.000,0.48,252.78,-0.14,-0.45
2026-07-03T00:20:00.000,2.6,311.53,1.73,-1.95
2026-07-03T00:30:00.000,3.17,316.06,2.29,-2.2
2026-07-03T00:40:00.000,3.14,295.29,1.34,-2.84
2026-07-03T00:50:00.000,2.9,351.14,2.87,-0.45
2026-07-03T01:00:00.000,3.86,302.42,2.07,-3.26
2026-07-03T01:10:00.000,3.28,325.28,2.7,-1.87
2026-07-03T01:20:00.000,0.94,273.49,0.06,-0.94
2026-07-03T01:30:00.000,0.83,260.01,-0.14,-0.82
2026-07-03T01:40:00.000,1.52,189.25,-1.5,-0.24
2026-07-03T01:50:00.000,2.5,219.31,-1.94,-1.58
2026-07-03T02:00:00.000,2.9,343.39,2.78,-0.83
2026-07-03T02:10:00.000,1.82,179.35,-1.82,0.02
2026-07-03T02:20:00.000,4.27,194.79,-4.13,-1.09
2026-07-03T02:30:00.000,3.63,177.47,-3.62,0.16
2026-07-03T02:40:00.000,5.48,161.26,-5.19,1.76
2026-07-03T02:50:00.000,2.2,100.24,-0.39,2.17
2026-07-03T03:00:00.000,0.4,35.3,0.33,0.23
2026-07-03T03:10:00.000,5,332.16,4.43,-2.34
2026-07-03T03:20:00.000,3.87,358.04,3.87,-0.13
2026-07-03T03:30:00.000,0.62,23.67,0.56,0.25
2026-07-03T03:40:00.000,2.16,336.09,1.97,-0.87
2026-07-03T03:50:00.000,4.89,354.97,4.87,-0.43
2026-07-03T04:00:00.000,0.76,11.87,0.74,0.16
2026-07-03T04:10:00.000,3.65,82.84,0.45,3.62
2026-07-03T04:20:00.000,3.83,132.53,-2.59,2.82
2026-07-03T04:30:00.000,6.74,117.41,-3.1,5.99
2026-07-03T04:40:00.000,8.23,143.15,-6.58,4.93
2026-07-03T04:50:00.000,4.98,130.05,-3.2,3.81
2026-07-03T05:00:00.000,21.29,86.55,1.28,21.25
2026-07-03T05:10:00.000,15.24,167.83,-14.89,3.21
2026-07-03T05:20:00.000,1.57,320.04,1.21,-1.01
2026-07-03T05:30:00.000,7.11,47.02,4.85,5.2
2026-07-03T05:40:00.000,5.78,338.02,5.36,-2.16
2026-07-03T05:50:00.000,4.32,291.6,1.59,-4.02
2026-07-03T06:00:00.000,17.35,271.08,0.33,-17.34
2026-07-03T06:10:00.000,6.65,170.24,-6.55,1.13
2026-07-03T06:20:00.000,13.55,144.03,-10.97,7.96
2026-07-03T06:30:00.000,10.79,125.75,-6.3,8.75
2026-07-03T06:40:00.000,5.87,129.12,-3.71,4.56
2026-07-03T06:50:00.000,2.25,161,-2.13,0.73
2026-07-03T07:00:00.000,8.14,10.61,8,1.5
2026-07-03T07:10:00.000,6.06,100.51,-1.11,5.96
2026-07-03T07:20:00.000,4.59,125.43,-2.66,3.74
2026-07-03T07:30:00.000,9.16,143.87,-7.4,5.4
2026-07-03T07:40:00.000,15.8,164.28,-15.21,4.28
2026-07-03T07:50:00.000,6.86,290.59,2.41,-6.42
2026-07-03T08:00:00.000,8,334.9,7.24,-3.39
2026-07-03T08:10:00.000,7.37,340.53,6.95,-2.46
2026-07-03T08:20:00.000,3.37,171.09,-3.33,0.52
2026-07-03T08:30:00.000,3.41,106.43,-0.97,3.27
2026-07-03T08:40:00.000,4.9,138.13,-3.65,3.27
2026-07-03T08:50:00.000,3.19,186.12,-3.17,-0.34
2026-07-03T09:00:00.000,3.12,121.14,-1.61,2.67
2026-07-03T09:10:00.000,5.63,305.24,3.25,-4.6
2026-07-03T09:20:00.000,10.07,330.34,8.75,-4.98
2026-07-03T09:30:00.000,3.31,244.63,-1.42,-2.99
2026-07-03T09:40:00.000,5.05,340.77,4.77,-1.66
2026-07-03T09:50:00.000,6.98,330.98,6.1,-3.39
2026-07-03T10:00:00.000,11.54,345.21,11.16,-2.95
2026-07-03T10:10:00.000,5.38,337.89,4.98,-2.02
2026-07-03T10:20:00.000,1.69,230.4,-1.07,-1.3
2026-07-03T10:30:00.000,5.94,173.86,-5.9,0.64
2026-07-03T10:40:00.000,1.61,211.12,-1.38,-0.83
2026-07-03T10:50:00.000,3.25,123.57,-1.8,2.71
2026-07-03T11:00:00.000,1.33,60.26,0.66,1.15
2026-07-03T11:10:00.000,2.68,16.05,2.58,0.74
2026-07-03T11:20:00.000,3.39,145.61,-2.8,1.92
2026-07-03T11:30:00.000,3.74,74.13,1.02,3.6
2026-07-03T11:40:00.000,6.43,332.39,5.69,-2.98
2026-07-03T11:50:00.000,2.48,246.55,-0.99,-2.28
2026-07-03T12:00:00.000,0.28,266.04,-0.02,-0.28
2026-07-03T12:10:00.000,2.9,335.4,2.63,-1.21
2026-07-03T12:20:00.000,5.72,4.43,5.71,0.44
2026-07-03T12:30:00.000,2.45,278.71,0.37,-2.42
2026-07-03T12:40:00.000,1.43,323.94,1.16,-0.84
2026-07-03T12:50:00.000,3.75,21.24,3.5,1.36
2026-07-03T13:00:00.000,5.78,152.23,-5.11,2.69
2026-07-03T13:10:00.000,2.73,123.02,-1.49,2.29
2026-07-03T13:20:00.000,1.38,21.81,1.28,0.51
2026-07-03T13:30:00.000,5.39,317.91,4,-3.61
2026-07-03T13:40:00.000,5.89,330.86,5.15,-2.87
2026-07-03T13:50:00.000,1.05,238.48,-0.55,-0.89
2026-07-03T14:00:00.000,1.3,357.78,1.3,-0.05
2026-07-03T14:10:00.000,3.71,115.48,-1.6,3.35
2026-07-03T14:20:00.000,0.61,65.57,0.25,0.56
2026-07-03T14:30:00.000,0.5,188.92,-0.49,-0.08
2026-07-03T14:40:00.000,0.54,107.54,-0.16,0.52
2026-07-03T14:50:00.000,2.41,120,-1.21,2.09
2026-07-03T15:00:00.000,1.83,179.43,-1.83,0.02
2026-07-03T15:10:00.000,1.4,132.11,-0.94,1.04
2026-07-03T15:20:00.000,7.41,134.57,-5.2,5.28
2026-07-03T15:30:00.000,7.88,139.02,-5.95,5.16
2026-07-03T15:40:00.000,6.05,159.18,-5.65,2.15
2026-07-03T15:50:00.000,3.2,156.21,-2.93,1.29
2026-07-03T16:00:00.000,3.71,147.42,-3.12,2
2026-07-03T16:10:00.000,0.51,239.49,-0.26,-0.44
2026-07-03T16:20:00.000,0.5,93.68,-0.03,0.5
2026-07-03T16:30:00.000,7.05,144.71,-5.75,4.07
2026-07-03T16:40:00.000,2.59,143,-2.07,1.56
2026-07-03T16:50:00.000,5.09,318.84,3.83,-3.35
2026-07-03T17:00:00.000,3.32,215.88,-2.69,-1.95
2026-07-03T17:10:00.000,7.23,134.17,-5.04,5.19
2026-07-03T17:20:00.000,1.05,96.73,-0.12,1.05
2026-07-03T17:30:00.000,9.09,153.16,-8.11,4.1
2026-07-03T17:40:00.000,3.51,161.67,-3.33,1.1
2026-07-03T17:50:00.000,7.48,12.27,7.3,1.59
2026-07-03T18:00:00.000,0.24,129.93,-0.15,0.18
2026-07-03T18:10:00.000,4.49,171.95,-4.44,0.63
2026-07-03T18:20:00.000,3.51,132.43,-2.37,2.59
2026-07-03T18:30:00.000,1.73,300.41,0.88,-1.49
2026-07-03T18:40:00.000,4.16,333.7,3.73,-1.84
2026-07-03T18:50:00.000,5.35,346.19,5.2,-1.28
2026-07-03T19:00:00.000,1.3,353.08,1.29,-0.16
2026-07-03T19:10:00.000,6.95,163.46,-6.66,1.98
2026-07-03T19:20:00.000,0.32,337.61,0.3,-0.12
2026-07-03T19:30:00.000,8.11,148.67,-6.93,4.22
2026-07-03T19:40:00.000,10.31,165.62,-9.99,2.56
2026-07-03T19:50:00.000,2.14,208.79,-1.87,-1.03
2026-07-03T20:00:00.000,1.63,280.1,0.29,-1.6
2026-07-03T20:10:00.000,1.49,353.77,1.48,-0.16
2026-07-03T20:20:00.000,0.6,266.74,-0.03,-0.6
2026-07-03T20:30:00.000,6.96,2.27,6.95,0.28
2026-07-03T20:40:00.000,1.23,27.63,1.09,0.57
2026-07-03T20:50:00.000,2.87,202.46,-2.65,-1.1
2026-07-03T21:00:00.000,3.82,157.89,-3.54,1.44
2026-07-03T21:10:00.000,2.55,310.58,1.66,-1.94
2026-07-03T21:20:00.000,0.8,317.76,0.59,-0.54
2026-07-03T21:30:00.000,2.44,52.88,1.47,1.95
2026-07-03T21:40:00.000,4.71,113.01,-1.84,4.34
2026-07-03T21:50:00.000,8.47,140.59,-6.54,5.38
2026-07-03T22:00:00.000,7.15,148.36,-6.09,3.75
2026-07-03T22:10:00.000,0.63,154.88,-0.57,0.27
2026-07-03T22:20:00.000,3.28,337.35,3.03,-1.26
2026-07-03T22:30:00.000,3.21,243.67,-1.42,-2.88
2026-07-03T22:40:00.000,1.21,277.97,0.17,-1.19
2026-07-03T22:50:00.000,5.02,328.23,4.27,-2.64
2026-07-03T23:00:00.000,1.2,268.01,-0.04,-1.2
2026-07-03T23:10:00.000,0.88,70.99,0.29,0.83
2026-07-03T23:20:00.000,8.85,139.03,-6.68,5.8
2026-07-03T23:30:00.000,0.68,236.78,-0.37,-0.57
2026-07-03T23:40:00.000,6.1,334.19,5.49,-2.65
2026-07-03T23:50:00.000,4.52,314.35,3.16,-3.23
2026-07-04T00:00:00.000,2.44,303.36,1.34,-2.04
2026-07-04T00:10:00.000,4.07,101.37,-0.8,3.99
2026-07-04T00:20:00.000,2.76,127.84,-1.69,2.18
2026-07-04T00:30:00.000,0.36,329.54,0.31,-0.18
2026-07-04T00:40:00.000,5.5,22.24,5.09,2.08
2026-07-04T00:50:00.000,2.65,16.72,2.54,0.76
2026-07-04T01:00:00.000,1.31,294.76,0.55,-1.19
2026-07-04T01:10:00.000,2.87,312.13,1.93,-2.13
2026-07-04T01:20:00.000,2.67,330.53,2.32,-1.31
2026-07-04T01:30:00.000,3.31,303.25,1.82,-2.77
2026-07-04T01:40:00.000,0.88,261.48,-0.13,-0.88
2026-07-04T01:50:00.000,7.19,153.94,-6.46,3.16
2026-07-04T02:00:00.000,4.62,169.8,-4.55,0.82
2026-07-04T02:10:00.000,3.82,142.19,-3.01,2.34
2026-07-04T02:20:00.000,3.47,133.74,-2.4,2.51
2026-07-04T02:30:00.000,4.93,174.88,-4.91,0.44
2026-07-04T02:40:00.000,2.3,252.66,-0.69,-2.2
2026-07-04T02:50:00.000,3.49,341.35,3.3,-1.11
2026-07-04T03:00:00.000,3.33,327.33,2.81,-1.8
2026-07-04T03:10:00.000,0.92,156.67,-0.85,0.37
2026-07-04T03:20:00.000,11.03,137.27,-8.1,7.49
2026-07-04T03:30:00.000,6.08,156.03,-5.56,2.47
2026-07-04T03:40:00.000,3.93,134.58,-2.76,2.8
2026-07-04T03:50:00.000,10.87,118.93,-5.26,9.52
2026-07-04T04:00:00.000,8.4,107.76,-2.56,8
2026-07-04T04:10:00.000,9.26,336.24,8.48,-3.73
2026-07-04T04:20:00.000,2.78,5.23,2.77,0.25
2026-07-04T04:30:00.000,5.11,165.59,-4.95,1.27
2026-07-04T04:40:00.000,14.04,156.46,-12.87,5.61
2026-07-04T04:50:00.000,7.75,159.77,-7.28,2.68
2026-07-04T05:00:00.000,2.04,126.44,-1.21,1.64
2026-07-04T05:10:00.000,6.95,251.25,-2.23,-6.58
2026-07-04T05:20:00.000,8.39,110.34,-2.92,7.87
2026-07-04T05:30:00.000,6.35,139.19,-4.81,4.15
2026-07-04T05:40:00.000,9.72,112.85,-3.77,8.96
2026-07-04T05:50:00.000,11.43,149.84,-9.88,5.74
2026-07-04T06:00:00.000,11.67,341.12,11.05,-3.78
2026-07-04T06:10:00.000,3.34,99.74,-0.56,3.29
2026-07-04T06:20:00.000,1.06,122.77,-0.58,0.89
2026-07-04T06:30:00.000,3.79,90.5,-0.03,3.79
2026-07-04T06:40:00.000,2.32,123.14,-1.27,1.94
2026-07-04T06:50:00.000,7.65,158.71,-7.13,2.78
2026-07-04T07:00:00.000,22.93,336.4,21.01,-9.18
2026-07-04T07:10:00.000,28.8,354.46,28.67,-2.78
2026-07-04T07:20:00.000,12.1,332.21,10.7,-5.64
2026-07-04T07:30:00.000,6.47,62.58,2.98,5.74
2026-07-04T07:40:00.000,0.95,324.7,0.77,-0.55
2026-07-04T07:50:00.000,17.86,38.97,13.88,11.23
2026-07-04T08:00:00.000,5.14,330.17,4.46,-2.56
2026-07-04T08:10:00.000,4.78,142.09,-3.77,2.94
2026-07-04T08:20:00.000,0.94,269.69,-0.01,-0.94
2026-07-04T08:30:00.000,0.41,314.58,0.29,-0.29
2026-07-04T08:40:00.000,2.89,220.56,-2.2,-1.88
2026-07-04T08:50:00.000,6.32,327.15,5.31,-3.43
2026-07-04T09:00:00.000,5.82,204.12,-5.31,-2.38
2026-07-04T09:10:00.000,10.6,174.53,-10.55,1.01
2026-07-04T09:20:00.000,4.75,213.38,-3.97,-2.61
2026-07-04T09:30:00.000,8.77,323.23,7.02,-5.25
2026-07-04T09:40:00.000,1.52,348.5,1.49,-0.3
2026-07-04T09:50:00.000,6.21,138.3,-4.64,4.13
2026-07-04T10:00:00.000,7.39,167.96,-7.23,1.54
2026-07-04T10:10:00.000,3.19,356.65,3.18,-0.19
2026-07-04T10:20:00.000,5,343.29,4.78,-1.44
2026-07-04T10:30:00.000,2.84,314.95,2.01,-2.01
2026-07-04T10:40:00.000,1.74,195.75,-1.67,-0.47
2026-07-04T10:50:00.000,1.38,190.66,-1.36,-0.26
2026-07-04T11:00:00.000,1.2,77.5,0.26,1.17
2026-07-04T11:10:00.000,1.76,53.42,1.05,1.42
2026-07-04T11:20:00.000,8.92,348.17,8.73,-1.83
2026-07-04T11:30:00.000,4.49,336.04,4.11,-1.82
2026-07-04T11:40:00.000,13.31,352.7,13.2,-1.69
2026-07-04T11:50:00.000,3.32,317.09,2.43,-2.26
2026-07-04T12:00:00.000,6.06,167.06,-5.91,1.36
2026-07-04T12:10:00.000,2.04,117.08,-0.93,1.82
2026-07-04T12:20:00.000,0.36,115.41,-0.15,0.32
2026-07-04T12:30:00.000,4.72,18.45,4.48,1.49
2026-07-04T12:40:00.000,3.44,8.01,3.41,0.48
2026-07-04T12:50:00.000,3.26,11.45,3.19,0.65
2026-07-04T13:00:00.000,0.77,313.52,0.53,-0.56
2026-07-04T13:10:00.000,4.29,123.07,-2.34,3.59
2026-07-04T13:20:00.000,2.97,168.86,-2.92,0.57
2026-07-04T13:30:00.000,6.43,151.97,-5.67,3.02
2026-07-04T13:40:00.000,6.86,164.74,-6.62,1.81
2026-07-04T13:50:00.000,0.31,81.11,0.05,0.31
2026-07-04T14:00:00.000,0.32,19.11,0.3,0.11
2026-07-04T14:10:00.000,5.4,349.43,5.31,-0.99
2026-07-04T14:20:00.000,2.82,29.95,2.44,1.41
2026-07-04T14:30:00.000,8.01,163.14,-7.67,2.32
2026-07-04T14:40:00.000,7.36,142.54,-5.85,4.48
2026-07-04T14:50:00.000,7.06,143.13,-5.65,4.24
2026-07-04T15:00:00.000,0.38,33.19,0.32,0.21
2026-07-04T15:10:00.000,4.94,2.02,4.94,0.17
2026-07-04T15:20:00.000,0.7,83.92,0.07,0.69
2026-07-04T15:30:00.000,6.08,131.9,-4.06,4.52
2026-07-04T15:40:00.000,5.13,134.32,-3.58,3.67
2026-07-04T15:50:00.000,5.49,98.96,-0.86,5.42
2026-07-04T16:00:00.000,1.02,206.29,-0.92,-0.45
2026-07-04T16:10:00.000,1.22,273.08,0.07,-1.22
2026-07-04T16:20:00.000,7.34,181.56,-7.34,-0.2
2026-07-04T16:30:00.000,19.84,154.19,-17.86,8.64
2026-07-04T16:40:00.000,29.81,131.34,-19.69,22.39
2026-07-04T16:50:00.000,1.85,53.35,1.1,1.48
2026-07-04T17:00:00.000,4.98,340.22,4.69,-1.69
2026-07-04T17:10:00.000,5.8,229.82,-3.74,-4.43
2026-07-04T17:20:00.000,20.79,103.59,-4.89,20.21
2026-07-04T17:30:00.000,22.11,146.55,-18.45,12.19
2026-07-04T17:40:00.000,11.21,121.54,-5.86,9.55
2026-07-04T17:50:00.000,9.35,312.95,6.37,-6.84
2026-07-04T18:00:00.000,0.6,324.43,0.49,-0.35
2026-07-04T18:10:00.000,5.79,91.57,-0.16,5.79
2026-07-04T18:20:00.000,7.3,121.24,-3.78,6.24
2026-07-04T18:30:00.000,2.85,211.71,-2.43,-1.5
2026-07-04T18:40:00.000,10.55,341.46,10,-3.36
2026-07-04T18:50:00.000,4.29,0.32,4.29,0.02
2026-07-04T19:00:00.000,2.49,0.34,2.49,0.01
2026-07-04T19:10:00.000,7.6,301.85,4.01,-6.45
2026-07-04T19:20:00.000,23.97,346.55,23.31,-5.57
2026-07-04T19:30:00.000,11.73,358.16,11.73,-0.38
2026-07-04T19:40:00.000,6.99,326.44,5.83,-3.86
2026-07-04T19:50:00.000,0.77,204.57,-0.7,-0.32
2026-07-04T20:00:00.000,6.28,309.98,4.04,-4.81
2026-07-04T20:10:00.000,5.55,119.91,-2.76,4.81
2026-07-04T20:20:00.000,1.54,124.09,-0.86,1.27
2026-07-04T20:30:00.000,1.67,349.75,1.64,-0.3
2026-07-04T20:40:00.000,7.26,337.96,6.73,-2.72
2026-07-04T20:50:00.000,11.73,20.73,10.97,4.15
2026-07-04T21:00:00.000,5.79,324.71,4.73,-3.35
2026-07-04T21:10:00.000,8.05,329.47,6.94,-4.09
2026-07-04T21:20:00.000,4.28,317.71,3.17,-2.88
2026-07-04T21:30:00.000,2.71,189.09,-2.67,-0.43
2026-07-04T21:40:00.000,3.84,96.89,-0.46,3.82
2026-07-04T21:50:00.000,8.88,124.57,-5.04,7.31
2026-07-04T22:00:00.000,3.48,126.78,-2.08,2.79
2026-07-04T22:10:00.000,2.09,146.05,-1.73,1.17
2026-07-04T22:20:00.000,11.79,290.58,4.15,-11.04
2026-07-04T22:30:00.000,7.07,357.74,7.06,-0.28
2026-07-04T22:40:00.000,12.79,327.12,10.74,-6.94
2026-07-04T22:50:00.000,11.7,13.4,11.38,2.71
2026-07-04T23:00:00.000,12.28,16.06,11.8,3.4
2026-07-04T23:10:00.000,13.75,356.98,13.73,-0.72
2026-07-04T23:20:00.000,12.13,333.81,10.89,-5.36
2026-07-04T23:30:00.000,6.03,240.75,-2.95,-5.26
2026-07-04T23:40:00.000,3.14,164.49,-3.03,0.84
2026-07-04T23:50:00.000,1.1,186.83,-1.09,-0.13
2026-07-05T00:00:00.000,9.49,146.41,-7.91,5.25
2026-07-05T00:10:00.000,5.59,121.51,-2.92,4.77
2026-07-05T00:20:00.000,3.85,346.77,3.75,-0.88
2026-07-05T00:30:00.000,5.33,291.64,1.96,-4.95
2026-07-05T00:40:00.000,2.13,329.52,1.84,-1.08
2026-07-05T00:50:00.000,0.84,154.34,-0.76,0.36
2026-07-05T01:00:00.000,0.87,97.8,-0.12,0.86
2026-07-05T01:10:00.000,1.17,186.5,-1.16,-0.13
2026-07-05T01:20:00.000,4.38,128.25,-2.71,3.44
2026-07-05T01:30:00.000,5.88,146.52,-4.9,3.24
2026-07-05T01:40:00.000,8.42,155.93,-7.69,3.43
2026-07-05T01:50:00.000,1.46,65.26,0.61,1.33
2026-07-05T02:00:00.000,1.81,11.12,1.78,0.35
2026-07-05T02:10:00.000,2.17,38.65,1.69,1.35
2026-07-05T02:20:00.000,4.69,142.82,-3.74,2.84
2026-07-05T02:30:00.000,2.83,210.57,-2.44,-1.44
2026-07-05T02:40:00.000,0.47,80.43,0.08,0.46
2026-07-05T02:50:00.000,4.36,113.38,-1.73,4
2026-07-05T03:00:00.000,8.43,125.29,-4.87,6.88
2026-07-05T03:10:00.000,5.35,129.22,-3.38,4.15
2026-07-05T03:20:00.000,3.97,105.92,-1.09,3.82
2026-07-05T03:30:00.000,0.67,33.45,0.56,0.37
2026-07-05T03:40:00.000,3.4,331.84,3,-1.6
2026-07-05T03:50:00.000,5.27,320.51,4.07,-3.35
2026-07-05T04:00:00.000,2.6,356.11,2.59,-0.18
2026-07-05T04:10:00.000,1.05,34.39,0.87,0.6
2026-07-05T04:20:00.000,2.31,130.86,-1.51,1.75
2026-07-05T04:30:00.000,5.72,118.24,-2.71,5.04
2026-07-05T04:40:00.000,7.65,96.88,-0.92,7.59
2026-07-05T04:50:00.000,25.33,143.9,-20.46,14.92
2026-07-05T05:00:00.000,0.87,181.17,-0.87,-0.02
2026-07-05T05:10:00.000,4.78,338.96,4.46,-1.72
2026-07-05T05:20:00.000,12.12,185.62,-12.06,-1.19
2026-07-05T05:30:00.000,21.78,119.67,-10.78,18.93
2026-07-05T05:40:00.000,3.93,73.01,1.15,3.76
2026-07-05T05:50:00.000,27.26,20.54,25.53,9.57
2026-07-05T06:00:00.000,6.53,139.33,-4.95,4.25
2026-07-05T06:10:00.000,13.99,110.27,-4.85,13.13
2026-07-05T06:20:00.000,20.79,129.91,-13.34,15.94
2026-07-05T06:30:00.000,7.17,154.17,-6.45,3.12
2026-07-05T06:40:00.000,14.61,332.8,13,-6.68
2026-07-05T06:50:00.000,1.33,161.22,-1.26,0.43
2026-07-05T07:00:00.000,16.64,115.81,-7.24,14.98
2026-07-05T07:10:00.000,6.86,18.49,6.51,2.18
2026-07-05T07:20:00.000,2.06,341.27,1.95,-0.66
2026-07-05T07:30:00.000,5.28,121.65,-2.77,4.49
2026-07-05T07:40:00.000,14.97,355.55,14.92,-1.16
2026-07-05T07:50:00.000,15.07,356.34,15.04,-0.96
2026-07-05T08:00:00.000,27.79,2.75,27.76,1.33
2026-07-05T08:10:00.000,14.47,333.94,13,-6.36
2026-07-05T08:20:00.000,20.65,15.24,19.93,5.43
2026-07-05T08:30:00.000,13.63,313.51,9.39,-9.89
2026-07-05T08:40:00.000,7.13,316.66,5.18,-4.89
2026-07-05T08:50:00.000,3.88,163.68,-3.72,1.09
2026-07-05T09:00:00.000,4.63,356.11,4.62,-0.31
2026-07-05T09:10:00.000,2.82,11.57,2.77,0.57
2026-07-05T09:20:00.000,0.91,320.13,0.7,-0.59
2026-07-05T09:30:00.000,6.25,310.87,4.09,-4.73
2026-07-05T09:40:00.000,7.95,339.45,7.45,-2.79
2026-07-05T09:50:00.000,2.05,12.4,2.01,0.44
2026-07-05T10:00:00.000,20.42,153.81,-18.33,9.01
2026-07-05T10:10:00.000,25.69,166.46,-24.97,6.01
2026-07-05T10:20:00.000,9.49,302.11,5.04,-8.04
2026-07-05T10:30:00.000,8.06,2.73,8.05,0.38
2026-07-05T10:40:00.000,2.16,92.27,-0.09,2.15
2026-07-05T10:50:00.000,2.53,99.37,-0.41,2.49
2026-07-05T11:00:00.000,3.08,129.01,-1.94,2.39
2026-07-05T11:10:00.000,6.56,328.83,5.61,-3.4
2026-07-05T11:20:00.000,8.95,320.06,6.86,-5.74
2026-07-05T11:30:00.000,3.69,28.61,3.24,1.77
2026-07-05T11:40:00.000,6.29,146.11,-5.23,3.51
2026-07-05T11:50:00.000,18.08,134.84,-12.75,12.82
2026-07-05T12:00:00.000,1.39,37.8,1.1,0.85
2026-07-05T12:10:00.000,12.2,307.86,7.49,-9.63
2026-07-05T12:20:00.000,18.5,311.36,12.23,-13.89
2026-07-05T12:30:00.000,6.08,200.9,-5.68,-2.17
2026-07-05T12:40:00.000,13.11,140.62,-10.13,8.31
2026-07-05T12:50:00.000,21.81,139.95,-16.69,14.03
2026-07-05T13:00:00.000,19.92,151.08,-17.43,9.63
2026-07-05T13:10:00.000,8.48,177.39,-8.47,0.39
2026-07-05T13:20:00.000,1.32,31.89,1.12,0.7
2026-07-05T13:30:00.000,6.37,253.02,-1.86,-6.09
2026-07-05T13:40:00.000,0.52,62.43,0.24,0.46
2026-07-05T13:50:00.000,2.32,128.26,-1.43,1.82
2026-07-05T14:00:00.000,11.11,132.45,-7.5,8.2
2026-07-05T14:10:00.000,2.92,155.05,-2.65,1.23
2026-07-05T14:20:00.000,2.6,290.36,0.9,-2.44
2026-07-05T14:30:00.000,0.63,264.68,-0.06,-0.62
2026-07-05T14:40:00.000,3.58,132.51,-2.42,2.64
2026-07-05T14:50:00.000,0.55,138.38,-0.41,0.37
2026-07-05T15:00:00.000,3.31,1.35,3.31,0.08
2026-07-05T15:10:00.000,4.93,158.04,-4.57,1.84
2026-07-05T15:20:00.000,2.93,113.92,-1.19,2.68
2026-07-05T15:30:00.000,0.98,88.61,0.02,0.98
2026-07-05T15:40:00.000,3.05,67.33,1.17,2.81
2026-07-05T15:50:00.000,0.59,132.7,-0.4,0.44
2026-07-05T16:00:00.000,3.32,165.3,-3.22,0.84
2026-07-05T16:10:00.000,3.14,72.6,0.94,2.99
2026-07-05T16:20:00.000,3.3,263.2,-0.39,-3.27
2026-07-05T16:30:00.000,5.36,323.98,4.33,-3.15
2026-07-05T16:40:00.000,5.33,146.24,-4.44,2.96
2026-07-05T16:50:00.000,1.22,97.34,-0.16,1.21
2026-07-05T17:00:00.000,2.78,316.41,2.01,-1.91
2026-07-05T17:10:00.000,1.14,313.74,0.79,-0.82
2026-07-05T17:20:00.000,3.85,122.96,-2.09,3.23
2026-07-05T17:30:00.000,1.6,135.11,-1.13,1.13
2026-07-05T17:40:00.000,0.35,331.91,0.31,-0.16
2026-07-05T17:50:00.000,5.39,328.84,4.61,-2.79
2026-07-05T18:00:00.000,10,321.39,7.82,-6.24
2026-07-05T18:10:00.000,7.27,22.32,6.72,2.76
2026-07-05T18:20:00.000,21.75,1.97,21.73,0.75
2026-07-05T18:30:00.000,12.47,321.58,9.77,-7.75
2026-07-05T18:40:00.000,2.25,237.09,-1.22,-1.89
2026-07-05T18:50:00.000,6.27,171.06,-6.19,0.97
2026-07-05T19:00:00.000,2.6,332.96,2.31,-1.18
2026-07-05T19:10:00.000,1.72,287.57,0.52,-1.64
2026-07-05T19:20:00.000,5.69,329.9,4.93,-2.86
2026-07-05T19:30:00.000,7.05,324.19,5.72,-4.13
2026-07-05T19:40:00.000,4.98,345.8,4.83,-1.22
2026-07-05T19:50:00.000,3.8,12.17,3.71,0.8
2026-07-05T20:00:00.000,7.26,326.63,6.07,-4
2026-07-05T20:10:00.000,7.55,315.68,5.4,-5.27
2026-07-05T20:20:00.000,10.34,294.52,4.29,-9.41
2026-07-05T20:30:00.000,6.99,301.12,3.61,-5.99
2026-07-05T20:40:00.000,0.86,204.91,-0.78,-0.36
2026-07-05T20:50:00.000,7.66,126.19,-4.52,6.18
2026-07-05T21:00:00.000,18.31,129.97,-11.76,14.04
2026-07-05T21:10:00.000,2.41,78.04,0.5,2.36
2026-07-05T21:20:00.000,14.55,332.19,12.87,-6.79
2026-07-05T21:30:00.000,1.26,291.93,0.47,-1.17
2026-07-05T21:40:00.000,2.58,289.35,0.85,-2.43
2026-07-05T21:50:00.000,4.05,208.96,-3.54,-1.96
2026-07-05T22:00:00.000,3.3,211.51,-2.82,-1.73
2026-07-05T22:10:00.000,0.32,264.5,-0.03,-0.32
2026-07-05T22:20:00.000,1.48,292.45,0.56,-1.37
2026-07-05T22:30:00.000,4.96,170.2,-4.89,0.84
2026-07-05T22:40:00.000,3.81,146.33,-3.17,2.11
2026-07-05T22:50:00.000,0.63,193.01,-0.61,-0.14
2026-07-05T23:00:00.000,5.56,312.96,3.79,-4.07
2026-07-05T23:10:00.000,6.51,132.29,-4.38,4.82
2026-07-05T23:20:00.000,4.06,214.15,-3.36,-2.28
2026-07-05T23:30:00.000,6.6,314.06,4.59,-4.74
2026-07-05T23:40:00.000,7.83,357.97,7.83,-0.28
2026-07-05T23:50:00.000,1.74,33.35,1.45,0.96
2026-07-06T00:00:00.000,1.66,198.16,-1.58,-0.52
2026-07-06T00:10:00.000,5.41,154.12,-4.87,2.36
2026-07-06T00:20:00.000,2.52,167.16,-2.46,0.56
2026-07-06T00:30:00.000,7.82,329.96,6.77,-3.91
2026-07-06T00:40:00.000,3.32,269.6,-0.02,-3.32
2026-07-06T00:50:00.000,0.48,195.67,-0.46,-0.13
2026-07-06T01:00:00.000,3.72,15.23,3.59,0.98
2026-07-06T01:10:00.000,3.12,303.21,1.71,-2.61
2026-07-06T01:20:00.000,2.69,228.49,-1.78,-2.02
2026-07-06T01:30:00.000,2.99,313.87,2.07,-2.15
2026-07-06T01:40:00.000,0.74,229.67,-0.48,-0.57
2026-07-06T01:50:00.000,0.79,266.41,-0.05,-0.79
2026-07-06T02:00:00.000,1.52,70.11,0.52,1.43
2026-07-06T02:10:00.000,0.49,255.44,-0.12,-0.47
2026-07-06T02:20:00.000,0.29,304.11,0.16,-0.24
2026-07-06T02:30:00.000,1.23,138.22,-0.92,0.82
2026-07-06T02:40:00.000,4.2,87.25,0.2,4.2
2026-07-06T02:50:00.000,5.48,116.82,-2.47,4.89
2026-07-06T03:00:00.000,1.84,171.87,-1.82,0.26
2026-07-06T03:10:00.000,5.39,345.37,5.21,-1.36
2026-07-06T03:20:00.000,3.52,93.3,-0.2,3.52
2026-07-06T03:30:00.000,6.22,145.24,-5.11,3.54
2026-07-06T03:40:00.000,6.95,127.14,-4.2,5.54
2026-07-06T03:50:00.000,14.6,102.68,-3.2,14.25
2026-07-06T04:00:00.000,2.55,111.23,-0.92,2.37
2026-07-06T04:10:00.000,16.6,323.12,13.28,-9.96
2026-07-06T04:20:00.000,4.39,263.26,-0.52,-4.36
2026-07-06T04:30:00.000,24.81,152.1,-21.92,11.61
2026-07-06T04:40:00.000,30.54,157.25,-28.16,11.81
2026-07-06T04:50:00.000,16.54,85.53,1.29,16.49
2026-07-06T05:00:00.000,27.21,340.86,25.71,-8.92
2026-07-06T05:10:00.000,12.46,281.47,2.48,-12.21
2026-07-06T05:20:00.000,4.76,100.28,-0.85,4.69
2026-07-06T05:30:00.000,10.81,124.96,-6.2,8.86
2026-07-06T05:40:00.000,8.68,128.41,-5.39,6.8
2026-07-06T05:50:00.000,4.95,303.89,2.76,-4.11
2026-07-06T06:00:00.000,10.37,7.52,10.28,1.36
2026-07-06T06:10:00.000,13.88,107.18,-4.1,13.26
2026-07-06T06:20:00.000,11.59,120.34,-5.85,10
2026-07-06T06:30:00.000,2.27,154.81,-2.06,0.97
2026-07-06T06:40:00.000,10.98,331.51,9.65,-5.24
2026-07-06T06:50:00.000,13.87,314.34,9.69,-9.92
2026-07-06T07:00:00.000,8.67,322.14,6.84,-5.32
2026-07-06T07:10:00.000,10.37,250.07,-3.54,-9.75
2026-07-06T07:20:00.000,17.05,334.65,15.41,-7.3
2026-07-06T07:30:00.000,17.73,26.65,15.84,7.95
2026-07-06T07:40:00.000,14.98,1.83,14.97,0.48
2026-07-06T07:50:00.000,17.18,310.78,11.22,-13.01
2026-07-06T08:00:00.000,2.95,231.28,-1.84,-2.3
2026-07-06T08:10:00.000,8.84,106.59,-2.52,8.47
2026-07-06T08:20:00.000,3.28,187.86,-3.25,-0.45
2026-07-06T08:30:00.000,4.88,103.53,-1.14,4.75
2026-07-06T08:40:00.000,1.39,10.19,1.37,0.25
2026-07-06T08:50:00.000,1.25,278.77,0.19,-1.24
2026-07-06T09:00:00.000,9.89,10.17,9.73,1.75
2026-07-06T09:10:00.000,4.76,323.59,3.83,-2.82
2026-07-06T09:20:00.000,0.69,340.58,0.65,-0.23
2026-07-06T09:30:00.000,8.91,319.23,6.75,-5.82
2026-07-06T09:40:00.000,5.71,299,2.77,-4.99
2026-07-06T09:50:00.000,13.12,121.05,-6.77,11.24
2026-07-06T10:00:00.000,1.4,169.55,-1.38,0.25
2026-07-06T10:10:00.000,4.29,286.42,1.21,-4.11
2026-07-06T10:20:00.000,4.94,272.67,0.23,-4.94
2026-07-06T10:30:00.000,0.32,95.34,-0.03,0.32
2026-07-06T10:40:00.000,6.42,208.08,-5.66,-3.02
2026-07-06T10:50:00.000,0.19,331.57,0.17,-0.09
2026-07-06T11:00:00.000,3.39,173.27,-3.37,0.4
2026-07-06T11:10:00.000,5.21,192.44,-5.08,-1.12
2026-07-06T11:20:00.000,8.55,131.38,-5.66,6.42
2026-07-06T11:30:00.000,5.21,117.1,-2.37,4.64
2026-07-06T11:40:00.000,4.42,173.36,-4.39,0.51
2026-07-06T11:50:00.000,4.4,13.5,4.28,1.03
2026-07-06T12:00:00.000,5.36,258.78,-1.04,-5.26
2026-07-06T12:10:00.000,5.46,134.77,-3.84,3.87
2026-07-06T12:20:00.000,4.17,294.36,1.72,-3.8
2026-07-06T12:30:00.000,0.64,288.36,0.2,-0.6
2026-07-06T12:40:00.000,2.01,314.89,1.42,-1.43
2026-07-06T12:50:00.000,2.83,176.18,-2.82,0.19
2026-07-06T13:00:00.000,3.9,103.13,-0.89,3.8
2026-07-06T13:10:00.000,1.01,312.48,0.68,-0.74
2026-07-06T13:20:00.000,4.45,311.18,2.93,-3.35
2026-07-06T13:30:00.000,0.54,158.33,-0.5,0.2
2026-07-06T13:40:00.000,5.37,189.11,-5.3,-0.85
2026-07-06T13:50:00.000,4.59,334.16,4.13,-2
2026-07-06T14:00:00.000,0.42,248.88,-0.15,-0.39
2026-07-06T14:10:00.000,4.28,270.51,0.04,-4.28
2026-07-06T14:20:00.000,3.66,76.36,0.86,3.55
2026-07-06T14:30:00.000,3.69,82.29,0.49,3.66
2026-07-06T14:40:00.000,4.26,59.29,2.17,3.66
2026-07-06T14:50:00.000,0.71,340.24,0.67,-0.24
2026-07-06T15:00:00.000,0.34,344.87,0.33,-0.09
2026-07-06T15:10:00.000,8,139.84,-6.11,5.16
2026-07-06T15:20:00.000,5.56,121.08,-2.87,4.76
2026-07-06T15:30:00.000,9.85,164.42,-9.49,2.65
2026-07-06T15:40:00.000,2.76,80.26,0.47,2.72
2026-07-06T15:50:00.000,9.69,265.02,-0.84,-9.66
2026-07-06T16:00:00.000,8.12,247.96,-3.05,-7.53
2026-07-06T16:10:00.000,8.67,151.16,-7.6,4.18
2026-07-06T16:20:00.000,9.56,156.83,-8.79,3.76
2026-07-06T16:30:00.000,3.87,92.25,-0.15,3.86
2026-07-06T16:40:00.000,6.77,310.25,4.37,-5.16
2026-07-06T16:50:00.000,11.98,99.54,-1.99,11.81
2026-07-06T17:00:00.000,11.44,152.04,-10.11,5.37
2026-07-06T17:10:00.000,2.57,149.75,-2.22,1.29
2026-07-06T17:20:00.000,5.76,337.53,5.33,-2.2
2026-07-06T17:30:00.000,0.45,280.41,0.08,-0.44
2026-07-06T17:40:00.000,10.18,95.91,-1.05,10.12
2026-07-06T17:50:00.000,3,263,-0.37,-2.98
2026-07-06T18:00:00.000,1.22,300.18,0.61,-1.05
2026-07-06T18:10:00.000,3.78,20.96,3.53,1.35
2026-07-06T18:20:00.000,6.52,359.73,6.52,-0.03
2026-07-06T18:30:00.000,7.32,33.41,6.11,4.03
2026-07-06T18:40:00.000,7.8,312.32,5.25,-5.77
2026-07-06T18:50:00.000,15.07,342.98,14.41,-4.41
2026-07-06T19:00:00.000,4.92,316.26,3.55,-3.4
2026-07-06T19:10:00.000,7.63,223.56,-5.53,-5.26
2026-07-06T19:20:00.000,0.12,348.53,0.11,-0.02
2026-07-06T19:30:00.000,0.74,67.56,0.28,0.69
2026-07-06T19:40:00.000,6.84,332.14,6.05,-3.2
2026-07-06T19:50:00.000,1.47,294.47,0.61,-1.33
2026-07-06T20:00:00.000,0.39,284.41,0.1,-0.37
2026-07-06T20:10:00.000,10.65,325.33,8.76,-6.06
2026-07-06T20:20:00.000,3.19,110.29,-1.11,3
2026-07-06T20:30:00.000,9.17,126.37,-5.44,7.38
2026-07-06T20:40:00.000,20.38,130.38,-13.2,15.52
2026-07-06T20:50:00.000,7.23,207.72,-6.4,-3.36
2026-07-06T21:00:00.000,3.63,321.44,2.84,-2.26
2026-07-06T21:10:00.000,10.94,24.38,9.96,4.52
2026-07-06T21:20:00.000,4.1,326.06,3.4,-2.29
2026-07-06T21:30:00.000,6.61,320.74,5.12,-4.18
2026-07-06T21:40:00.000,3.44,327.68,2.9,-1.84
2026-07-06T21:50:00.000,3.86,166.29,-3.75,0.92
2026-07-06T22:00:00.000,1.82,197.85,-1.73,-0.56
2026-07-06T22:10:00.000,6.62,31.93,5.61,3.5
2026-07-06T22:20:00.000,12.36,336.78,11.36,-4.87
2026-07-06T22:30:00.000,4.4,340.58,4.15,-1.46
2026-07-06T22:40:00.000,1.19,357.17,1.19,-0.06
2026-07-06T22:50:00.000,3.16,294.99,1.33,-2.86
2026-07-06T23:00:00.000,0.32,295.95,0.14,-0.29
2026-07-06T23:10:00.000,0.72,140.85,-0.56,0.45
2026-07-06T23:20:00.000,1.83,253.28,-0.53,-1.76
2026-07-06T23:30:00.000,2.9,292.72,1.12,-2.67
2026-07-06T23:40:00.000,0.92,180.66,-0.92,-0.01
2026-07-06T23:50:00.000,3.7,173.39,-3.68,0.43
2026-07-07T00:00:00.000,2.83,112.66,-1.09,2.61
2026-07-07T00:10:00.000,8.46,346.96,8.24,-1.91
2026-07-07T00:20:00.000,3.64,263.05,-0.44,-3.61
2026-07-07T00:30:00.000,9.75,133.72,-6.74,7.04
2026-07-07T00:40:00.000,8.59,126.65,-5.13,6.89
2026-07-07T00:50:00.000,0.91,101.28,-0.18,0.89
2026-07-07T01:00:00.000,4.17,7.65,4.13,0.55
2026-07-07T01:10:00.000,6.54,195.97,-6.29,-1.8
2026-07-07T01:20:00.000,5.16,129.29,-3.27,3.99
2026-07-07T01:30:00.000,3.76,107.65,-1.14,3.58
2026-07-07T01:40:00.000,1.25,158.99,-1.17,0.45
2026-07-07T01:50:00.000,2.29,177.66,-2.29,0.09
2026-07-07T02:00:00.000,0.83,63.78,0.37,0.75
2026-07-07T02:10:00.000,3.71,230.67,-2.35,-2.87
2026-07-07T02:20:00.000,5.33,70.58,1.77,5.02
2026-07-07T02:30:00.000,7.59,143.14,-6.07,4.55
2026-07-07T02:40:00.000,10.58,123.88,-5.9,8.78
2026-07-07T02:50:00.000,15.35,126.14,-9.05,12.39
2026-07-07T03:00:00.000,5.25,131.54,-3.48,3.93
2026-07-07T03:10:00.000,1.26,344.43,1.22,-0.34
2026-07-07T03:20:00.000,1.41,45.68,0.99,1.01
2026-07-07T03:30:00.000,6.29,330.81,5.49,-3.07
2026-07-07T03:40:00.000,1.49,259.37,-0.27,-1.46
2026-07-07T03:50:00.000,2.78,247.27,-1.07,-2.56
2026-07-07T04:00:00.000,6.8,125.33,-3.93,5.55
2026-07-07T04:10:00.000,5.07,110.4,-1.77,4.75
2026-07-07T04:20:00.000,5.97,313.28,4.09,-4.35
2026-07-07T04:30:00.000,1.09,288.67,0.35,-1.03
2026-07-07T04:40:00.000,7.99,126.68,-4.77,6.4
2026-07-07T04:50:00.000,5.28,104.38,-1.31,5.11
2026-07-07T05:00:00.000,13.77,142.27,-10.89,8.42
2026-07-07T05:10:00.000,5.38,127.45,-3.27,4.27
2026-07-07T05:20:00.000,0.96,285.89,0.26,-0.92
2026-07-07T05:30:00.000,0.34,284.01,0.08,-0.33
2026-07-07T05:40:00.000,8.09,37.27,6.44,4.9
2026-07-07T05:50:00.000,1.57,58.26,0.83,1.34
2026-07-07T06:00:00.000,5.85,332.66,5.2,-2.69
2026-07-07T06:10:00.000,5.33,332.46,4.73,-2.47
2026-07-07T06:20:00.000,12.61,324.79,10.3,-7.27
2026-07-07T06:30:00.000,23.21,359.91,23.21,-0.04
2026-07-07T06:40:00.000,12.29,21.65,11.42,4.54
2026-07-07T06:50:00.000,13.09,5.55,13.03,1.27
2026-07-07T07:00:00.000,15.64,264.51,-1.5,-15.57
2026-07-07T07:10:00.000,3.42,356.19,3.41,-0.23
2026-07-07T07:20:00.000,1.94,103.7,-0.46,1.89
2026-07-07T07:30:00.000,7.93,111.76,-2.94,7.37
2026-07-07T07:40:00.000,6.32,166.41,-6.14,1.48
2026-07-07T07:50:00.000,3.77,183.31,-3.77,-0.22
2026-07-07T08:00:00.000,1.83,257.87,-0.38,-1.79
2026-07-07T08:10:00.000,3.61,354.93,3.6,-0.32
2026-07-07T08:20:00.000,4.11,292.8,1.59,-3.79
2026-07-07T08:30:00.000,4.26,79.19,0.8,4.18
2026-07-07T08:40:00.000,24.77,149.06,-21.25,12.74
2026-07-07T08:50:00.000,14.86,166.79,-14.47,3.4
2026-07-07T09:00:00.000,3.21,332.03,2.83,-1.51
2026-07-07T09:10:00.000,0.54,24.1,0.49,0.22
2026-07-07T09:20:00.000,3.67,61.72,1.74,3.23
2026-07-07T09:30:00.000,6.89,43.58,4.99,4.75
2026-07-07T09:40:00.000,2.45,42.08,1.82,1.64
2026-07-07T09:50:00.000,13.84,135.68,-9.9,9.67
2026-07-07T10:00:00.000,6.85,121.84,-3.62,5.82
2026-07-07T10:10:00.000,0.34,300.42,0.17,-0.29
2026-07-07T10:20:00.000,4.64,289.54,1.55,-4.37
2026-07-07T10:30:00.000,5.65,98.33,-0.82,5.59
2026-07-07T10:40:00.000,10.63,152.1,-9.4,4.97
2026-07-07T10:50:00.000,0.55,250.35,-0.18,-0.51
2026-07-07T11:00:00.000,12.02,355.09,11.98,-1.03
2026-07-07T11:10:00.000,3.88,301.23,2.01,-3.32
2026-07-07T11:20:00.000,2.47,307.98,1.52,-1.95
2026-07-07T11:30:00.000,4.09,175.1,-4.07,0.35
2026-07-07T11:40:00.000,2.79,91.14,-0.06,2.79
2026-07-07T11:50:00.000,3.36,153.01,-2.99,1.52
2026-07-07T12:00:00.000,10.3,338.24,9.57,-3.82
2026-07-07T12:10:00.000,1.15,276.02,0.12,-1.15
2026-07-07T12:20:00.000,3.75,197.85,-3.57,-1.15
2026-07-07T12:30:00.000,0.54,239.15,-0.28,-0.47
2026-07-07T12:40:00.000,3.89,122.32,-2.08,3.29
2026-07-07T12:50:00.000,4.54,176.22,-4.53,0.3
2026-07-07T13:00:00.000,0.25,20.41,0.24,0.09
2026-07-07T13:10:00.000,0.89,10.93,0.88,0.17
2026-07-07T13:20:00.000,7.43,161.81,-7.06,2.32
2026-07-07T13:30:00.000,10.13,133.12,-6.92,7.4
2026-07-07T13:40:00.000,15.79,132.35,-10.64,11.67
2026-07-07T13:50:00.000,10.91,141.2,-8.51,6.84
2026-07-07T14:00:00.000,8.44,126.54,-5.02,6.78
2026-07-07T14:10:00.000,0.15,230.99,-0.09,-0.12
2026-07-07T14:20:00.000,2.22,344.06,2.13,-0.61
2026-07-07T14:30:00.000,3.69,30.41,3.19,1.87
2026-07-07T14:40:00.000,4.14,329.02,3.55,-2.13
2026-07-07T14:50:00.000,4.17,341.01,3.94,-1.36
2026-07-07T15:00:00.000,4.74,196.7,-4.54,-1.36
2026-07-07T15:10:00.000,2,140.38,-1.54,1.28
2026-07-07T15:20:00.000,1.99,124.85,-1.14,1.63
2026-07-07T15:30:00.000,5.27,226.41,-3.63,-3.82
2026-07-07T15:40:00.000,1.53,287.15,0.45,-1.46
2026-07-07T15:50:00.000,8.19,153.17,-7.31,3.7
2026-07-07T16:00:00.000,13.95,145.75,-11.53,7.85
2026-07-07T16:10:00.000,13.69,128.98,-8.61,10.65
2026-07-07T16:20:00.000,20.86,126.81,-12.5,16.7
2026-07-07T16:30:00.000,13.04,132.32,-8.78,9.64
2026-07-07T16:40:00.000,8.67,103.16,-1.98,8.44
2026-07-07T16:50:00.000,6.69,164.55,-6.45,1.78
2026-07-07T17:00:00.000,5.36,316.71,3.9,-3.67
2026-07-07T17:10:00.000,2.45,48.98,1.61,1.85
2026-07-07T17:20:00.000,0.7,34.38,0.58,0.4
2026-07-07T17:30:00.000,1.89,260.83,-0.3,-1.86
2026-07-07T17:40:00.000,7.7,316.8,5.62,-5.27
2026-07-07T17:50:00.000,5.06,345.71,4.9,-1.25
2026-07-07T18:00:00.000,6.8,342.12,6.47,-2.09
2026-07-07T18:10:00.000,9.58,357.92,9.57,-0.35
2026-07-07T18:20:00.000,4.83,286.72,1.39,-4.63
2026-07-07T18:30:00.000,0.89,232.66,-0.54,-0.71
2026-07-07T18:40:00.000,3.35,195.4,-3.23,-0.89
2026-07-07T18:50:00.000,4.38,137.98,-3.25,2.93
2026-07-07T19:00:00.000,4.34,137.72,-3.21,2.92
2026-07-07T19:10:00.000,2.98,84.87,0.27,2.96
2026-07-07T19:20:00.000,10.71,332.84,9.53,-4.89
2026-07-07T19:30:00.000,3.66,341.35,3.46,-1.17
2026-07-07T19:40:00.000,13.44,339.45,12.59,-4.72
2026-07-07T19:50:00.000,10.53,340.59,9.93,-3.5
2026-07-07T20:00:00.000,4.38,248.47,-1.61,-4.08
2026-07-07T20:10:00.000,4.92,185.23,-4.9,-0.45
2026-07-07T20:20:00.000,4.03,86.64,0.24,4.02
2026-07-07T20:30:00.000,8.79,335.18,7.98,-3.69
2026-07-07T20:40:00.000,4.86,253.17,-1.41,-4.65
2026-07-07T20:50:00.000,2.87,185.55,-2.86,-0.28
2026-07-07T21:00:00.000,1.77,224.02,-1.27,-1.23
2026-07-07T21:10:00.000,0.47,239.72,-0.24,-0.41
2026-07-07T21:20:00.000,2.77,155.03,-2.51,1.17
2026-07-07T21:30:00.000,3.61,142.8,-2.87,2.18
2026-07-07T21:40:00.000,4.69,136.04,-3.37,3.25
2026-07-07T21:50:00.000,0.32,19.68,0.3,0.11
2026-07-07T22:00:00.000,0.57,339.15,0.53,-0.2
2026-07-07T22:10:00.000,3.02,344.64,2.91,-0.8
2026-07-07T22:20:00.000,4.26,122.46,-2.29,3.6
2026-07-07T22:30:00.000,5.16,153.7,-4.62,2.28
2026-07-07T22:40:00.000,5.75,120.92,-2.95,4.93
2026-07-07T22:50:00.000,5.72,134.86,-4.03,4.05
2026-07-07T23:00:00.000,1.2,42.37,0.89,0.81
2026-07-07T23:10:00.000,4.98,306.2,2.94,-4.02
2026-07-07T23:20:00.000,1,112.23,-0.38,0.93
2026-07-07T23:30:00.000,0.38,150.16,-0.33,0.19
2026-07-07T23:40:00.000,2.54,147.53,-2.15,1.37
2026-07-07T23:50:00.000,3.71,276.93,0.45,-3.68
2026-07-08T00:00:00.000,6.68,139.37,-5.07,4.35
2026-07-08T00:10:00.000,4.28,145.64,-3.53,2.42
2026-07-08T00:20:00.000,5.95,160.72,-5.62,1.97
2026-07-08T00:30:00.000,3.7,20.2,3.47,1.28
2026-07-08T00:40:00.000,0.31,291.71,0.11,-0.29
2026-07-08T00:50:00.000,0.92,157.12,-0.85,0.36
2026-07-08T01:00:00.000,3.04,152.01,-2.68,1.43
2026-07-08T01:10:00.000,5.75,151.32,-5.05,2.76
2026-07-08T01:20:00.000,8.03,156.81,-7.38,3.16
2026-07-08T01:30:00.000,4.27,142.86,-3.4,2.58
2026-07-08T01:40:00.000,1.25,193.59,-1.22,-0.29
2026-07-08T01:50:00.000,5.08,356.17,5.06,-0.34
2026-07-08T02:00:00.000,1.32,275.61,0.13,-1.32
2026-07-08T02:10:00.000,3.2,267.36,-0.15,-3.2
2026-07-08T02:20:00.000,0.55,245.42,-0.23,-0.5
2026-07-08T02:30:00.000,1.58,198.1,-1.5,-0.49
2026-07-08T02:40:00.000,0.27,225.35,-0.19,-0.19
2026-07-08T02:50:00.000,2.09,55.65,1.18,1.72
2026-07-08T03:00:00.000,4.45,232.21,-2.72,-3.51
2026-07-08T03:10:00.000,0.42,260.54,-0.07,-0.42
2026-07-08T03:20:00.000,3.03,187.34,-3.01,-0.39
2026-07-08T03:30:00.000,0.55,241.06,-0.27,-0.48
2026-07-08T03:40:00.000,0.9,172.01,-0.89,0.13
2026-07-08T03:50:00.000,1.44,26.13,1.29,0.63
2026-07-08T04:00:00.000,1.21,133.17,-0.83,0.88
2026-07-08T04:10:00.000,5.24,155.58,-4.77,2.17
2026-07-08T04:20:00.000,3.73,137.81,-2.76,2.5
2026-07-08T04:30:00.000,6.16,85.95,0.44,6.14
2026-07-08T04:40:00.000,4.84,109.62,-1.63,4.56
2026-07-08T04:50:00.000,5.79,90.51,-0.05,5.79
2026-07-08T05:00:00.000,2.73,198.86,-2.58,-0.88
2026-07-08T05:10:00.000,4.17,145.92,-3.45,2.34
2026-07-08T05:20:00.000,2.98,97.38,-0.38,2.95
2026-07-08T05:30:00.000,0.77,335.5,0.7,-0.32
2026-07-08T05:40:00.000,0.8,310.59,0.52,-0.61
2026-07-08T05:50:00.000,5.96,138.12,-4.44,3.98
2026-07-08T06:00:00.000,13.25,135.11,-9.39,9.35
2026-07-08T06:10:00.000,15.81,149.38,-13.61,8.05
2026-07-08T06:20:00.000,9.96,139.08,-7.53,6.52
2026-07-08T06:30:00.000,6.68,136.24,-4.83,4.62
2026-07-08T06:40:00.000,0.96,315.2,0.68,-0.68
2026-07-08T06:50:00.000,4.02,338.71,3.75,-1.46
2026-07-08T07:00:00.000,8.93,35.95,7.23,5.25
2026-07-08T07:10:00.000,26.03,344.93,25.13,-6.77
2026-07-08T07:20:00.000,11.67,356.64,11.65,-0.68
2026-07-08T07:30:00.000,19.44,15.87,18.7,5.32
2026-07-08T07:40:00.000,10.88,26.59,9.73,4.87
2026-07-08T07:50:00.000,14.24,341.2,13.48,-4.59
2026-07-08T08:00:00.000,5.73,319.02,4.33,-3.76
2026-07-08T08:10:00.000,6.02,320.99,4.68,-3.79
2026-07-08T08:20:00.000,4.94,236.73,-2.71,-4.13
2026-07-08T08:30:00.000,0.41,195.77,-0.4,-0.11
2026-07-08T08:40:00.000,2.06,49.21,1.35,1.56
2026-07-08T08:50:00.000,8.94,303,4.87,-7.5
2026-07-08T09:00:00.000,3.35,189.66,-3.3,-0.56
2026-07-08T09:10:00.000,6.21,135.18,-4.4,4.38
2026-07-08T09:20:00.000,10.53,123.3,-5.78,8.8
2026-07-08T09:30:00.000,2.56,112.44,-0.98,2.37
2026-07-08T09:40:00.000,2.16,108.15,-0.67,2.05
2026-07-08T09:50:00.000,6.23,315.41,4.44,-4.37
2026-07-08T10:00:00.000,2.57,3.42,2.56,0.15
2026-07-08T10:10:00.000,10.43,157.05,-9.61,4.07
2026-07-08T10:20:00.000,12.85,141.45,-10.05,8.01
2026-07-08T10:30:00.000,1.75,313.13,1.2,-1.28
2026-07-08T10:40:00.000,2.81,303.6,1.55,-2.34
2026-07-08T10:50:00.000,1.61,319.09,1.21,-1.05
2026-07-08T11:00:00.000,0.81,219.77,-0.62,-0.52
2026-07-08T11:10:00.000,7.17,153.92,-6.44,3.15
2026-07-08T11:20:00.000,4.46,167.04,-4.35,1
2026-07-08T11:30:00.000,4.59,195.42,-4.43,-1.22
2026-07-08T11:40:00.000,2.23,279.8,0.38,-2.19
2026-07-08T11:50:00.000,0.66,232.02,-0.4,-0.52
2026-07-08T12:00:00.000,2.93,147.93,-2.48,1.56
2026-07-08T12:10:00.000,1.5,247.77,-0.57,-1.39
2026-07-08T12:20:00.000,0.24,70.24,0.08,0.23
2026-07-08T12:30:00.000,1.52,297.59,0.7,-1.35
2026-07-08T12:40:00.000,0.8,327.88,0.68,-0.43
2026-07-08T12:50:00.000,2.17,189.81,-2.13,-0.37
2026-07-08T13:00:00.000,5.98,316.07,4.3,-4.15
2026-07-08T13:10:00.000,1.78,214.53,-1.47,-1.01
2026-07-08T13:20:00.000,4.56,87.48,0.2,4.56
2026-07-08T13:30:00.000,0.65,295.09,0.27,-0.59
2026-07-08T13:40:00.000,5.13,299.62,2.53,-4.46
2026-07-08T13:50:00.000,4.93,319.98,3.77,-3.17
2026-07-08T14:00:00.000,2.22,214.76,-1.82,-1.26
2026-07-08T14:10:00.000,3.08,205.33,-2.78,-1.32
2026-07-08T14:20:00.000,6.71,160.49,-6.33,2.24
2026-07-08T14:30:00.000,3.42,135.65,-2.45,2.39
2026-07-08T14:40:00.000,0.42,4.29,0.42,0.03
2026-07-08T14:50:00.000,0.62,359.78,0.62,0
2026-07-08T15:00:00.000,3.89,353.24,3.86,-0.46
2026-07-08T15:10:00.000,0.45,327.98,0.38,-0.24
2026-07-08T15:20:00.000,1.77,258.51,-0.35,-1.74
2026-07-08T15:30:00.000,4.32,160.2,-4.07,1.47
2026-07-08T15:40:00.000,7.08,143.67,-5.7,4.19
2026-07-08T15:50:00.000,7.59,140.44,-5.85,4.83
2026-07-08T16:00:00.000,3.12,92.95,-0.16,3.11
2026-07-08T16:10:00.000,6.83,106.27,-1.91,6.55
2026-07-08T16:20:00.000,8.6,319.32,6.52,-5.6
2026-07-08T16:30:00.000,2.53,168.62,-2.48,0.5
2026-07-08T16:40:00.000,14.89,153.58,-13.33,6.62
2026-07-08T16:50:00.000,11.72,173.12,-11.63,1.4
2026-07-08T17:00:00.000,5.81,109.41,-1.93,5.48
2026-07-08T17:10:00.000,0.72,109.25,-0.24,0.68
2026-07-08T17:20:00.000,1.14,15.03,1.1,0.3
2026-07-08T17:30:00.000,5.46,132.74,-3.71,4.01
2026-07-08T17:40:00.000,14.82,141.17,-11.55,9.29
2026-07-08T17:50:00.000,12.78,139.93,-9.78,8.22
2026-07-08T18:00:00.000,9.8,155.59,-8.92,4.05
2026-07-08T18:10:00.000,8.28,134.43,-5.8,5.92
2026-07-08T18:20:00.000,7.84,222.46,-5.78,-5.29
2026-07-08T18:30:00.000,4.14,349.26,4.07,-0.77
2026-07-08T18:40:00.000,3.73,26.61,3.33,1.67
2026-07-08T18:50:00.000,1.48,299.83,0.73,-1.28
2026-07-08T19:00:00.000,9.53,343.95,9.16,-2.63
2026-07-08T19:10:00.000,9.96,353.19,9.89,-1.18
2026-07-08T19:20:00.000,1.65,326.04,1.37,-0.92
2026-07-08T19:30:00.000,0.5,268.95,-0.01,-0.5
2026-07-08T19:40:00.000,3.27,304.09,1.83,-2.71
2026-07-08T19:50:00.000,2.97,170.05,-2.92,0.51
2026-07-08T20:00:00.000,0.27,56.91,0.15,0.23
2026-07-08T20:10:00.000,1.33,290.94,0.47,-1.24
2026-07-08T20:20:00.000,8.84,335.71,8.05,-3.63
2026-07-08T20:30:00.000,3.63,350.24,3.57,-0.61
2026-07-08T20:40:00.000,0.49,262.79,-0.06,-0.48
2026-07-08T20:50:00.000,0.49,281.96,0.1,-0.48
2026-07-08T21:00:00.000,4.51,296.44,2.01,-4.04
2026-07-08T21:10:00.000,0.89,285.14,0.23,-0.86
2026-07-08T21:20:00.000,0.52,188.94,-0.51,-0.08
2026-07-08T21:30:00.000,6.39,145.2,-5.25,3.65
2026-07-08T21:40:00.000,5.04,144.82,-4.12,2.9
2026-07-08T21:50:00.000,7.51,133.79,-5.2,5.42
2026-07-08T22:00:00.000,10.93,97.82,-1.49,10.82
2026-07-08T22:10:00.000,2.99,116.77,-1.34,2.67
2026-07-08T22:20:00.000,7.15,321.95,5.63,-4.4
2026-07-08T22:30:00.000,4.07,173.22,-4.04,0.48
2026-07-08T22:40:00.000,2.26,160.91,-2.13,0.74
2026-07-08T22:50:00.000,0.57,104,-0.14,0.56
2026-07-08T23:00:00.000,1.17,335.87,1.07,-0.48
2026-07-08T23:10:00.000,3.89,115.81,-1.69,3.5
2026-07-08T23:20:00.000,1.06,264.56,-0.1,-1.06
2026-07-08T23:30:00.000,5.55,252.4,-1.68,-5.29
2026-07-08T23:40:00.000,4.34,336.63,3.98,-1.72
2026-07-08T23:50:00.000,2.49,310.13,1.61,-1.91
2026-07-09T00:00:00.000,3.25,186.97,-3.23,-0.39
2026-07-09T00:10:00.000,1.74,286.55,0.5,-1.67
2026-07-09T00:20:00.000,1.79,350.8,1.77,-0.29
2026-07-09T00:30:00.000,3.86,144.85,-3.16,2.22
2026-07-09T00:40:00.000,8.22,149.15,-7.06,4.22
2026-07-09T00:50:00.000,12.84,130.13,-8.28,9.82
2026-07-09T01:00:00.000,3.24,129.49,-2.06,2.5
2026-07-09T01:10:00.000,4.64,173.27,-4.6,0.54
2026-07-09T01:20:00.000,6.07,336.25,5.56,-2.45
2026-07-09T01:30:00.000,10.34,257.92,-2.16,-10.11
2026-07-09T01:40:00.000,10.7,152.41,-9.49,4.96
2026-07-09T01:50:00.000,7.08,148.44,-6.03,3.7
2026-07-09T02:00:00.000,3.99,188.3,-3.95,-0.58
2026-07-09T02:10:00.000,1.85,126.05,-1.09,1.5
2026-07-09T02:20:00.000,5.87,163.42,-5.63,1.67
2026-07-09T02:30:00.000,1.4,243.08,-0.64,-1.25
2026-07-09T02:40:00.000,8.45,164.83,-8.15,2.21
2026-07-09T02:50:00.000,4.87,147.28,-4.1,2.63
2026-07-09T03:00:00.000,1.14,208.29,-1,-0.54
2026-07-09T03:10:00.000,0.63,288.12,0.2,-0.6
2026-07-09T03:20:00.000,1.94,244.91,-0.82,-1.75
2026-07-09T03:30:00.000,0.75,149.39,-0.64,0.38
2026-07-09T03:40:00.000,3.03,293.14,1.19,-2.78
2026-07-09T03:50:00.000,0.42,267.4,-0.02,-0.42
2026-07-09T04:00:00.000,2.38,287.95,0.73,-2.27
2026-07-09T04:10:00.000,0.2,336.21,0.18,-0.08
2026-07-09T04:20:00.000,2.89,251.9,-0.9,-2.75
2026-07-09T04:30:00.000,2.63,56.07,1.47,2.19
2026-07-09T04:40:00.000,0.15,217.9,-0.12,-0.09
2026-07-09T04:50:00.000,0.5,268.01,-0.02,-0.5
2026-07-09T05:00:00.000,1.35,323.21,1.08,-0.81
2026-07-09T05:10:00.000,0.36,269.52,0,-0.36
2026-07-09T05:20:00.000,0.78,249.51,-0.27,-0.73
2026-07-09T05:30:00.000,3.87,102.25,-0.82,3.78
2026-07-09T05:40:00.000,5.05,111.31,-1.83,4.7
2026-07-09T05:50:00.000,16.05,335.44,14.6,-6.67
2026-07-09T06:00:00.000,1.29,118.61,-0.62,1.13
2026-07-09T06:10:00.000,19.01,154.19,-17.12,8.28
2026-07-09T06:20:00.000,24.54,161.03,-23.21,7.98
2026-07-09T06:30:00.000,23.75,128.83,-14.89,18.5
2026-07-09T06:40:00.000,0.76,57.67,0.41,0.64
2026-07-09T06:50:00.000,5.5,75.03,1.42,5.31
2026-07-09T07:00:00.000,14,167.59,-13.67,3.01
2026-07-09T07:10:00.000,10.74,160.89,-10.14,3.52
2026-07-09T07:20:00.000,9.21,128.24,-5.7,7.24
2026-07-09T07:30:00.000,10.47,163.62,-10.04,2.95
2026-07-09T07:40:00.000,10.83,121.28,-5.62,9.25
2026-07-09T07:50:00.000,13.75,130.93,-9.01,10.39
2026-07-09T08:00:00.000,22.05,126.9,-13.24,17.63
2026-07-09T08:10:00.000,20.08,169.56,-19.75,3.64
2026-07-09T08:20:00.000,1.99,214.38,-1.65,-1.13
2026-07-09T08:30:00.000,12.08,277.79,1.64,-11.97
2026-07-09T08:40:00.000,11.52,318.7,8.65,-7.6
2026-07-09T08:50:00.000,16.39,346.81,15.96,-3.74
2026-07-09T09:00:00.000,15.03,333.01,13.39,-6.82
2026-07-09T09:10:00.000,6.63,354.25,6.6,-0.66
2026-07-09T09:20:00.000,2.36,157.87,-2.19,0.89
2026-07-09T09:30:00.000,15.97,146.67,-13.34,8.77
2026-07-09T09:40:00.000,9.61,146.87,-8.05,5.26
2026-07-09T09:50:00.000,6.86,326.64,5.73,-3.77
2026-07-09T10:00:00.000,2.15,316.07,1.55,-1.49
2026-07-09T10:10:00.000,15.67,120.29,-7.9,13.53
2026-07-09T10:20:00.000,12.88,147.81,-10.9,6.86
2026-07-09T10:30:00.000,1.25,8.83,1.24,0.19
2026-07-09T10:40:00.000,13.14,354.41,13.08,-1.28
2026-07-09T10:50:00.000,4.99,304.34,2.81,-4.12
2026-07-09T11:00:00.000,2.42,166.55,-2.36,0.56
2026-07-09T11:10:00.000,15.04,136.08,-10.83,10.43
2026-07-09T11:20:00.000,10.83,145.52,-8.93,6.13
2026-07-09T11:30:00.000,1.58,55.37,0.9,1.3
2026-07-09T11:40:00.000,4.14,144.82,-3.39,2.39
2026-07-09T11:50:00.000,6.65,339.05,6.21,-2.38
2026-07-09T12:00:00.000,5.71,328,4.85,-3.03
2026-07-09T12:10:00.000,1.52,286.32,0.43,-1.46
2026-07-09T12:20:00.000,6.3,171.9,-6.24,0.89
2026-07-09T12:30:00.000,3.2,232.35,-1.96,-2.53
2026-07-09T12:40:00.000,0.64,331.44,0.56,-0.31
2026-07-09T12:50:00.000,0.89,346.04,0.87,-0.22
2026-07-09T13:00:00.000,0.45,96.73,-0.05,0.45
2026-07-09T13:10:00.000,5.07,228.48,-3.36,-3.8
2026-07-09T13:20:00.000,0.84,335.05,0.76,-0.35
2026-07-09T13:30:00.000,4.51,286.49,1.28,-4.32
2026-07-09T13:40:00.000,0.45,295.98,0.2,-0.41
2026-07-09T13:50:00.000,7.29,175.66,-7.27,0.55
2026-07-09T14:00:00.000,3.74,126.86,-2.24,2.99
2026-07-09T14:10:00.000,4.05,341.52,3.84,-1.28
2026-07-09T14:20:00.000,1.5,310.75,0.98,-1.14
2026-07-09T14:30:00.000,0.32,281.61,0.06,-0.31
2026-07-09T14:40:00.000,5.05,310.9,3.31,-3.82
2026-07-09T14:50:00.000,5.22,336.53,4.78,-2.08
2026-07-09T15:00:00.000,2.13,198.25,-2.03,-0.67
2026-07-09T15:10:00.000,2.36,225.02,-1.67,-1.67
2026-07-09T15:20:00.000,8.01,122.35,-4.29,6.77
2026-07-09T15:30:00.000,3.27,302.33,1.75,-2.77
2026-07-09T15:40:00.000,3.69,280.17,0.65,-3.63
2026-07-09T15:50:00.000,1.35,156.44,-1.23,0.54
2026-07-09T16:00:00.000,0.66,213.33,-0.55,-0.36
2026-07-09T16:10:00.000,5.16,283.44,1.2,-5.02
2026-07-09T16:20:00.000,4.53,148.38,-3.85,2.37
2026-07-09T16:30:00.000,8.08,133.35,-5.55,5.88
2026-07-09T16:40:00.000,2.04,138.14,-1.52,1.36
2026-07-09T16:50:00.000,3.83,116.22,-1.69,3.43
2026-07-09T17:00:00.000,1.16,54.57,0.67,0.94
2026-07-09T17:10:00.000,6.99,330.45,6.08,-3.45
2026-07-09T17:20:00.000,1.97,143.55,-1.59,1.17
2026-07-09T17:30:00.000,12.88,148.03,-10.92,6.82
2026-07-09T17:40:00.000,23.82,133.21,-16.31,17.36
2026-07-09T17:50:00.000,6.71,85.34,0.54,6.68
2026-07-09T18:00:00.000,4.23,278.79,0.65,-4.18
2026-07-09T18:10:00.000,9.46,320.33,7.28,-6.04
2026-07-09T18:20:00.000,14.1,145.46,-11.62,8
2026-07-09T18:30:00.000,16.3,155.99,-14.89,6.63
2026-07-09T18:40:00.000,0.3,33.28,0.25,0.17
2026-07-09T18:50:00.000,8.36,340.81,7.89,-2.75
2026-07-09T19:00:00.000,6.34,248.54,-2.32,-5.9
2026-07-09T19:10:00.000,4.15,91.67,-0.12,4.15
2026-07-09T19:20:00.000,8.4,148.83,-7.19,4.35
2026-07-09T19:30:00.000,4.35,149.88,-3.76,2.18
2026-07-09T19:40:00.000,4.02,120.11,-2.02,3.47
2026-07-09T19:50:00.000,0.93,274.66,0.08,-0.93
2026-07-09T20:00:00.000,4.3,337.07,3.96,-1.68
2026-07-09T20:10:00.000,2.58,140.78,-2,1.63
2026-07-09T20:20:00.000,2.68,148.57,-2.29,1.4
2026-07-09T20:30:00.000,5.86,328.99,5.02,-3.02
2026-07-09T20:40:00.000,0.51,299.44,0.25,-0.45
2026-07-09T20:50:00.000,0.75,276.7,0.09,-0.74
2026-07-09T21:00:00.000,3.58,184.33,-3.57,-0.27
2026-07-09T21:10:00.000,4.18,183.44,-4.18,-0.25
2026-07-09T21:20:00.000,2.97,84.4,0.29,2.95
2026-07-09T21:30:00.000,0.32,262.72,-0.04,-0.32
2026-07-09T21:40:00.000,2.49,326.25,2.07,-1.38
2026-07-09T21:50:00.000,2.82,285.92,0.77,-2.72
2026-07-09T22:00:00.000,5.73,332.18,5.07,-2.67
2026-07-09T22:10:00.000,13.19,341.13,12.48,-4.27
2026-07-09T22:20:00.000,8.09,20.51,7.58,2.84
2026-07-09T22:30:00.000,5.71,356.01,5.7,-0.4
2026-07-09T22:40:00.000,3.29,30.28,2.84,1.66
2026-07-09T22:50:00.000,2.28,99.52,-0.38,2.25
2026-07-09T23:00:00.000,2.66,114.23,-1.09,2.43
2026-07-09T23:10:00.000,3.94,334.58,3.55,-1.69
2026-07-09T23:20:00.000,9.99,336.02,9.12,-4.06
2026-07-09T23:30:00.000,1.2,321.61,0.94,-0.74
2026-07-09T23:40:00.000,4.45,60.44,2.19,3.87
2026-07-09T23:50:00.000,4.96,142.19,-3.92,3.04
2026-07-10T00:00:00.000,4.44,353.46,4.41,-0.51
2026-07-10T00:10:00.000,4.84,295.29,2.07,-4.38
2026-07-10T00:20:00.000,3.03,273.86,0.2,-3.02
2026-07-10T00:30:00.000,4.69,306.32,2.78,-3.78
2026-07-10T00:40:00.000,4.06,337.04,3.74,-1.58
2026-07-10T00:50:00.000,0.28,258.72,-0.06,-0.28
2026-07-10T01:00:00.000,6.49,285.73,1.76,-6.25
2026-07-10T01:10:00.000,0.78,240.15,-0.39,-0.68
2026-07-10T01:20:00.000,4.41,168.09,-4.31,0.91
2026-07-10T01:30:00.000,4.87,114.42,-2.02,4.44
2026-07-10T01:40:00.000,5.58,150.71,-4.86,2.73
2026-07-10T01:50:00.000,2.01,221,-1.52,-1.32
2026-07-10T02:00:00.000,3.38,186.97,-3.36,-0.41
2026-07-10T02:10:00.000,0.93,60.41,0.46,0.81
2026-07-10T02:20:00.000,1.96,244.73,-0.84,-1.77
2026-07-10T02:30:00.000,0.38,24.82,0.34,0.16
2026-07-10T02:40:00.000,4.05,332.35,3.58,-1.88
2026-07-10T02:50:00.000,1.82,124.45,-1.03,1.5
2026-07-10T03:00:00.000,1.76,195.32,-1.69,-0.46
2026-07-10T03:10:00.000,4.59,171.94,-4.55,0.64
2026-07-10T03:20:00.000,2.29,202.78,-2.11,-0.89
2026-07-10T03:30:00.000,1.43,201.23,-1.33,-0.52
2026-07-10T03:40:00.000,0.91,114.34,-0.37,0.82
2026-07-10T03:50:00.000,0.54,74.25,0.15,0.52
2026-07-10T04:00:00.000,0.94,109.05,-0.31,0.88
2026-07-10T04:10:00.000,0.53,165.26,-0.51,0.14
2026-07-10T04:20:00.000,2.02,119.95,-1.01,1.75
2026-07-10T04:30:00.000,10.31,149.39,-8.88,5.25
2026-07-10T04:40:00.000,13.24,141.83,-10.41,8.18
2026-07-10T04:50:00.000,20.61,150.91,-18.01,10.02
2026-07-10T05:00:00.000,20.36,152.57,-18.07,9.38
2026-07-10T05:10:00.000,3.83,170.05,-3.77,0.66
2026-07-10T05:20:00.000,4.4,265.12,-0.37,-4.38
2026-07-10T05:30:00.000,4.36,154.8,-3.95,1.86
2026-07-10T05:40:00.000,12.11,142.29,-9.58,7.41
2026-07-10T05:50:00.000,8.73,154.05,-7.85,3.82
2026-07-10T06:00:00.000,0.76,98.98,-0.12,0.75
2026-07-10T06:10:00.000,4.51,307.4,2.74,-3.58
2026-07-10T06:20:00.000,4.31,115.78,-1.87,3.88
2026-07-10T06:30:00.000,10.33,128.97,-6.5,8.03
2026-07-10T06:40:00.000,8.1,172.45,-8.03,1.06
2026-07-10T06:50:00.000,5.28,154.68,-4.77,2.26
2026-07-10T07:00:00.000,3.17,149.27,-2.73,1.62
2026-07-10T07:10:00.000,16.07,132.5,-10.86,11.85
2026-07-10T07:20:00.000,5.94,239.57,-3.01,-5.12
2026-07-10T07:30:00.000,0.17,292.55,0.07,-0.16
2026-07-10T07:40:00.000,3.74,208.59,-3.29,-1.79
2026-07-10T07:50:00.000,9.83,268.14,-0.32,-9.83
2026-07-10T08:00:00.000,10.24,312.29,6.89,-7.58
2026-07-10T08:10:00.000,12.43,12.5,12.13,2.69
2026-07-10T08:20:00.000,7.18,0.12,7.18,0.02
2026-07-10T08:30:00.000,2.02,299.33,0.99,-1.76
2026-07-10T08:40:00.000,2.69,185.21,-2.68,-0.24
2026-07-10T08:50:00.000,2.02,111.83,-0.75,1.87
2026-07-10T09:00:00.000,2.18,203.3,-2,-0.86
2026-07-10T09:10:00.000,1.84,298.92,0.89,-1.61
2026-07-10T09:20:00.000,4.14,310.06,2.66,-3.17
2026-07-10T09:30:00.000,3.63,5.68,3.61,0.36
2026-07-10T09:40:00.000,9.25,353.9,9.2,-0.98
2026-07-10T09:50:00.000,5.43,21.47,5.05,1.99
2026-07-10T10:00:00.000,8.25,354.36,8.21,-0.81
2026-07-10T10:10:00.000,11.37,312.03,7.61,-8.45
2026-07-10T10:20:00.000,3.47,352.54,3.44,-0.45
2026-07-10T10:30:00.000,1.39,246.5,-0.55,-1.27
2026-07-10T10:40:00.000,1.19,46.44,0.82,0.86
2026-07-10T10:50:00.000,6.02,165.09,-5.82,1.55
2026-07-10T11:00:00.000,4.82,125.17,-2.78,3.94
2026-07-10T11:10:00.000,0.96,60.28,0.48,0.83
2026-07-10T11:20:00.000,0.25,280.34,0.04,-0.24
2026-07-10T11:30:00.000,2.72,305.18,1.57,-2.22
2026-07-10T11:40:00.000,2.87,240.99,-1.39,-2.51
2026-07-10T11:50:00.000,15.26,143.17,-12.22,9.15
2026-07-10T12:00:00.000,5.79,142.95,-4.62,3.49
2026-07-10T12:10:00.000,6.68,168.12,-6.54,1.38
2026-07-10T12:20:00.000,2.75,189.14,-2.72,-0.44
2026-07-10T12:30:00.000,0.67,339.58,0.63,-0.23
2026-07-10T12:40:00.000,10.68,316.14,7.7,-7.4
2026-07-10T12:50:00.000,0.34,215.62,-0.28,-0.2
2026-07-10T13:00:00.000,11.37,154.52,-10.26,4.89
2026-07-10T13:10:00.000,8.3,179.45,-8.3,0.08
2026-07-10T13:20:00.000,4.38,166.33,-4.25,1.03
2026-07-10T13:30:00.000,5.98,84.69,0.55,5.95
2026-07-10T13:40:00.000,3.78,146.57,-3.16,2.08
2026-07-10T13:50:00.000,1.57,331.89,1.38,-0.74
2026-07-10T14:00:00.000,1.76,32.02,1.49,0.93
2026-07-10T14:10:00.000,0.86,359.28,0.86,-0.01
2026-07-10T14:20:00.000,5.18,269.67,-0.03,-5.18
2026-07-10T14:30:00.000,1.98,134.74,-1.39,1.41
2026-07-10T14:40:00.000,8.2,141.86,-6.45,5.06
2026-07-10T14:50:00.000,5.74,143.2,-4.6,3.44
2026-07-10T15:00:00.000,0.36,134.59,-0.25,0.25
2026-07-10T15:10:00.000,4.21,307.4,2.56,-3.35
2026-07-10T15:20:00.000,4.7,136.76,-3.43,3.22
2026-07-10T15:30:00.000,13.2,142.82,-10.52,7.98
2026-07-10T15:40:00.000,9.11,146.54,-7.6,5.02
2026-07-10T15:50:00.000,3.96,144.62,-3.23,2.29
2026-07-10T16:00:00.000,1.77,272,0.06,-1.77
2026-07-10T16:10:00.000,7.02,316.32,5.08,-4.85
2026-07-10T16:20:00.000,3.97,192.09,-3.88,-0.83
2026-07-10T16:30:00.000,12.5,170.2,-12.31,2.13
2026-07-10T16:40:00.000,6.57,140.11,-5.04,4.21
2026-07-10T16:50:00.000,4.02,103.57,-0.94,3.9
2026-07-10T17:00:00.000,11.81,112.56,-4.53,10.91
2026-07-10T17:10:00.000,4.56,105.27,-1.2,4.39
2026-07-10T17:20:00.000,2.66,340.2,2.5,-0.9
2026-07-10T17:30:00.000,5.26,331.4,4.62,-2.52
2026-07-10T17:40:00.000,3.19,8.52,3.16,0.47
2026-07-10T17:50:00.000,6.37,181.04,-6.37,-0.12
2026-07-10T18:00:00.000,4.79,148.04,-4.06,2.53
2026-07-10T18:10:00.000,1.32,216.93,-1.05,-0.79
2026-07-10T18:20:00.000,2.2,227.48,-1.49,-1.62
2026-07-10T18:30:00.000,3.52,129.17,-2.22,2.73
2026-07-10T18:40:00.000,1.2,81.83,0.17,1.19
2026-07-10T18:50:00.000,7.01,300.58,3.57,-6.04
2026-07-10T19:00:00.000,3.44,11.68,3.37,0.7
2026-07-10T19:10:00.000,4.35,234.77,-2.51,-3.55
2026-07-10T19:20:00.000,1.93,263.67,-0.21,-1.92
2026-07-10T19:30:00.000,1.39,309.91,0.89,-1.07
2026-07-10T19:40:00.000,2.79,149.88,-2.41,1.4
2026-07-10T19:50:00.000,8.54,144.79,-6.98,4.92
2026-07-10T20:00:00.000,12.38,138.17,-9.22,8.26
2026-07-10T20:10:00.000,3.83,117.55,-1.77,3.4
2026-07-10T20:20:00.000,0.88,302.4,0.47,-0.75
2026-07-10T20:30:00.000,2.23,320.4,1.72,-1.42
2026-07-10T20:40:00.000,0.98,7.25,0.98,0.12
2026-07-10T20:50:00.000,0.25,285.09,0.07,-0.24
2026-07-10T21:00:00.000,4.84,340.4,4.56,-1.62
2026-07-10T21:10:00.000,1.13,257.47,-0.24,-1.1
2026-07-10T21:20:00.000,3.01,280.23,0.53,-2.96
2026-07-10T21:30:00.000,1.04,275.38,0.1,-1.03
2026-07-10T21:40:00.000,4.71,65.16,1.98,4.27
2026-07-10T21:50:00.000,12.11,121.77,-6.38,10.3
2026-07-10T22:00:00.000,7.22,140.78,-5.59,4.56
2026-07-10T22:10:00.000,7.07,157.25,-6.52,2.74
2026-07-10T22:20:00.000,4.76,142.04,-3.76,2.93
2026-07-10T22:30:00.000,0.46,93.85,-0.03,0.46
2026-07-10T22:40:00.000,2.35,334.63,2.12,-1.01
2026-07-10T22:50:00.000,0.56,277.26,0.07,-0.55
2026-07-10T23:00:00.000,0.46,209.73,-0.4,-0.23
2026-07-10T23:10:00.000,3.65,86.66,0.21,3.64
2026-07-10T23:20:00.000,5.8,170.54,-5.72,0.95
2026-07-10T23:30:00.000,2.68,161.34,-2.54,0.86
2026-07-10T23:40:00.000,4.16,111.76,-1.54,3.86
2026-07-10T23:50:00.000,2.45,232.28,-1.5,-1.94
2026-07-11T00:00:00.000,0.33,314.08,0.23,-0.24
2026-07-11T00:10:00.000,0.57,77.34,0.13,0.56
2026-07-11T00:20:00.000,1.41,236.14,-0.79,-1.17
2026-07-11T00:30:00.000,3.01,164.88,-2.9,0.78
2026-07-11T00:40:00.000,2.68,204.44,-2.44,-1.11
2026-07-11T00:50:00.000,4.69,340.16,4.41,-1.59
2026-07-11T01:00:00.000,0.55,226.03,-0.38,-0.4
2026-07-11T01:10:00.000,3.13,211.23,-2.68,-1.62
2026-07-11T01:20:00.000,8.2,143.18,-6.56,4.91
2026-07-11T01:30:00.000,3.6,163.25,-3.45,1.04
2026-07-11T01:40:00.000,13,148.34,-11.06,6.82
2026-07-11T01:50:00.000,2,38.97,1.56,1.26
2026-07-11T02:00:00.000,0.57,278.27,0.08,-0.56
2026-07-11T02:10:00.000,0.54,309.06,0.34,-0.42
2026-07-11T02:20:00.000,2.59,302.01,1.37,-2.2
2026-07-11T02:30:00.000,0.7,262.01,-0.1,-0.69
2026-07-11T02:40:00.000,2.64,188.88,-2.61,-0.41
2026-07-11T02:50:00.000,0.57,237.7,-0.31,-0.49
2026-07-11T03:00:00.000,0.09,184.88,-0.09,-0.01
2026-07-11T03:10:00.000,0.18,270.69,0,-0.18
2026-07-11T03:20:00.000,2.32,330.85,2.02,-1.13
2026-07-11T03:30:00.000,3.4,349.7,3.34,-0.61
2026-07-11T03:40:00.000,2.05,231.6,-1.28,-1.61
2026-07-11T03:50:00.000,0.36,196.8,-0.34,-0.1
2026-07-11T04:00:00.000,3.45,174.05,-3.43,0.36
2026-07-11T04:10:00.000,5.65,273.21,0.32,-5.64
2026-07-11T04:20:00.000,0.61,211.96,-0.52,-0.32
2026-07-11T04:30:00.000,2.88,213.21,-2.41,-1.58
2026-07-11T04:40:00.000,0.51,336.6,0.46,-0.2
2026-07-11T04:50:00.000,3.38,196.13,-3.24,-0.94
2026-07-11T05:00:00.000,4.5,179.46,-4.5,0.04
2026-07-11T05:10:00.000,3.99,117.91,-1.87,3.53
2026-07-11T05:20:00.000,1.07,77.93,0.22,1.05
2026-07-11T05:30:00.000,4.12,341.45,3.9,-1.31
2026-07-11T05:40:00.000,2.42,358.85,2.42,-0.05
2026-07-11T05:50:00.000,2.48,223.81,-1.79,-1.72
2026-07-11T06:00:00.000,6.4,122.75,-3.46,5.38
2026-07-11T06:10:00.000,5.27,168.13,-5.15,1.08
2026-07-11T06:20:00.000,5.2,169.4,-5.11,0.96
2026-07-11T06:30:00.000,3.57,168.82,-3.5,0.69
2026-07-11T06:40:00.000,4.54,128.41,-2.82,3.56
2026-07-11T06:50:00.000,3.32,170.88,-3.28,0.53
2026-07-11T07:00:00.000,3.42,121.81,-1.8,2.91
2026-07-11T07:10:00.000,3.78,129.89,-2.43,2.9
2026-07-11T07:20:00.000,7.14,320.22,5.49,-4.57
2026-07-11T07:30:00.000,3.58,334.37,3.22,-1.55
2026-07-11T07:40:00.000,1.91,190.15,-1.88,-0.34
2026-07-11T07:50:00.000,4.22,213.76,-3.51,-2.34
2026-07-11T08:00:00.000,2.08,243.65,-0.92,-1.86
2026-07-11T08:10:00.000,0.48,264.13,-0.05,-0.47
2026-07-11T08:20:00.000,2.84,89.92,0,2.84
2026-07-11T08:30:00.000,2.19,182.57,-2.19,-0.1
2026-07-11T08:40:00.000,1.92,141.15,-1.49,1.2
2026-07-11T08:50:00.000,2.35,353.48,2.34,-0.27
2026-07-11T09:00:00.000,0.93,254.03,-0.26,-0.89
2026-07-11T09:10:00.000,1.97,182.57,-1.96,-0.09
2026-07-11T09:20:00.000,3.4,156.9,-3.13,1.33
2026-07-11T09:30:00.000,3.14,250.93,-1.03,-2.97
2026-07-11T09:40:00.000,0.96,323.07,0.76,-0.57
2026-07-11T09:50:00.000,1.23,333.09,1.1,-0.56
2026-07-11T10:00:00.000,0.44,277.19,0.06,-0.44
2026-07-11T10:10:00.000,1.61,191.4,-1.58,-0.32
2026-07-11T10:20:00.000,0.56,247.28,-0.22,-0.51
2026-07-11T10:30:00.000,0.64,283.44,0.15,-0.62
2026-07-11T10:40:00.000,0.74,314.29,0.52,-0.53
2026-07-11T10:50:00.000,6.68,329.11,5.73,-3.43
2026-07-11T11:00:00.000,3.67,334.03,3.3,-1.61
2026-07-11T11:10:00.000,0.35,260.97,-0.06,-0.35
2026-07-11T11:20:00.000,4.33,156.79,-3.98,1.71
2026-07-11T11:30:00.000,0.49,113.18,-0.19,0.45
2026-07-11T11:40:00.000,0.56,353.66,0.56,-0.06
2026-07-11T11:50:00.000,3.99,305.8,2.33,-3.23
2026-07-11T12:00:00.000,0.66,265.42,-0.05,-0.65
2026-07-11T12:10:00.000,0.55,149.07,-0.47,0.28
2026-07-11T12:20:00.000,4.78,163.73,-4.58,1.34
2026-07-11T12:30:00.000,3.5,192.46,-3.41,-0.75
2026-07-11T12:40:00.000,4.01,180.84,-4.01,-0.06
2026-07-11T12:50:00.000,0.71,8.83,0.7,0.11
2026-07-11T13:00:00.000,0.51,17.08,0.48,0.15
2026-07-11T13:10:00.000,0.6,356.71,0.6,-0.03
2026-07-11T13:20:00.000,0.78,168.84,-0.76,0.15
2026-07-11T13:30:00.000,0.55,4.33,0.55,0.04
2026-07-11T13:40:00.000,5.28,334.19,4.75,-2.3
2026-07-11T13:50:00.000,9.17,330.25,7.96,-4.55
2026-07-11T14:00:00.000,0.79,190.62,-0.78,-0.15
2026-07-11T14:10:00.000,1.03,186.35,-1.03,-0.11
2026-07-11T14:20:00.000,4.85,149.91,-4.19,2.43
2026-07-11T14:30:00.000,2.09,118.38,-0.99,1.84
2026-07-11T14:40:00.000,2.47,19.79,2.33,0.84
2026-07-11T14:50:00.000,2.98,349.04,2.93,-0.57
2026-07-11T15:00:00.000,3.65,15.91,3.51,1
2026-07-11T15:10:00.000,1.86,295.47,0.8,-1.68
2026-07-11T15:20:00.000,0.79,322.76,0.63,-0.48
2026-07-11T15:30:00.000,6.2,326.05,5.14,-3.46
2026-07-11T15:40:00.000,3.34,70.74,1.1,3.15
2026-07-11T15:50:00.000,1.67,307.85,1.02,-1.32
2026-07-11T16:00:00.000,0.69,252.82,-0.2,-0.66
2026-07-11T16:10:00.000,2.47,253.7,-0.69,-2.37
2026-07-11T16:20:00.000,2.9,217.32,-2.31,-1.76
2026-07-11T16:30:00.000,2.22,190.06,-2.19,-0.39
2026-07-11T16:40:00.000,0.24,228.45,-0.16,-0.18
2026-07-11T16:50:00.000,2.82,341.35,2.67,-0.9
2026-07-11T17:00:00.000,3.39,349.84,3.34,-0.6
2026-07-11T17:10:00.000,1.47,40.16,1.13,0.95
2026-07-11T17:20:00.000,1.46,10.53,1.44,0.27
2026-07-11T17:30:00.000,2.69,266.39,-0.17,-2.69
2026-07-11T17:40:00.000,4.32,315.59,3.08,-3.02
2026-07-11T17:50:00.000,0.92,356.29,0.92,-0.06
2026-07-11T18:00:00.000,5.25,347.11,5.11,-1.17
2026-07-11T18:10:00.000,2.42,335.18,2.2,-1.02
2026-07-11T18:20:00.000,1.7,322.17,1.34,-1.04
2026-07-11T18:30:00.000,2.42,100.39,-0.44,2.38
2026-07-11T18:40:00.000,5.25,122.57,-2.83,4.43
2026-07-11T18:50:00.000,4.67,90.1,-0.01,4.67
2026-07-11T19:00:00.000,3.01,317.38,2.22,-2.04
2026-07-11T19:10:00.000,0.63,70.26,0.21,0.6
2026-07-11T19:20:00.000,1.2,167.02,-1.17,0.27
2026-07-11T19:30:00.000,3.53,119.65,-1.74,3.07
2026-07-11T19:40:00.000,2.6,54.25,1.52,2.11
2026-07-11T19:50:00.000,2.16,352.42,2.14,-0.28
2026-07-11T20:00:00.000,0.81,25.11,0.73,0.34
2026-07-11T20:10:00.000,0.28,342.86,0.27,-0.08
2026-07-11T20:20:00.000,0.54,303.56,0.3,-0.45
2026-07-11T20:30:00.000,0.52,88.02,0.02,0.52
2026-07-11T20:40:00.000,2.67,188.1,-2.64,-0.38
2026-07-11T20:50:00.000,1.87,184.43,-1.86,-0.14
2026-07-11T21:00:00.000,0.73,117.44,-0.34,0.65
2026-07-11T21:10:00.000,3.73,144.98,-3.05,2.14
2026-07-11T21:20:00.000,1.36,90.76,-0.02,1.36
2026-07-11T21:30:00.000,0.49,89.08,0.01,0.49
2026-07-11T21:40:00.000,0.4,345.64,0.39,-0.1
2026-07-11T21:50:00.000,1.02,16.13,0.98,0.28
2026-07-11T22:00:00.000,1.86,322.51,1.48,-1.13
2026-07-11T22:10:00.000,1.7,60.43,0.84,1.48
2026-07-11T22:20:00.000,0.39,20.38,0.36,0.13
2026-07-11T22:30:00.000,0.55,98.82,-0.08,0.55
2026-07-11T22:40:00.000,0.7,118.92,-0.34,0.61
2026-07-11T22:50:00.000,4.01,84.73,0.37,4
2026-07-11T23:00:00.000,6.51,80.42,1.08,6.42
2026-07-11T23:10:00.000,4.13,9.28,4.08,0.67
2026-07-11T23:20:00.000,4.48,347.33,4.37,-0.98
2026-07-11T23:30:00.000,5.42,339.27,5.07,-1.92
2026-07-11T23:40:00.000,3.35,303.86,1.86,-2.78
2026-07-11T23:50:00.000,1.13,271.97,0.04,-1.13
2026-07-12T00:00:00.000,1.81,168.61,-1.78,0.36
2026-07-12T00:10:00.000,1.7,304.6,0.97,-1.4
2026-07-12T00:20:00.000,0.83,240.69,-0.41,-0.72
2026-07-12T00:30:00.000,3.56,208.2,-3.14,-1.68
2026-07-12T00:40:00.000,5.72,140.34,-4.4,3.65
2026-07-12T00:50:00.000,5.43,353.44,5.39,-0.62
2026-07-12T01:00:00.000,1.95,273.11,0.11,-1.95
2026-07-12T01:10:00.000,4.92,314.02,3.42,-3.54
2026-07-12T01:20:00.000,5.49,325.09,4.5,-3.14
2026-07-12T01:30:00.000,2.62,282.84,0.58,-2.55
2026-07-12T01:40:00.000,1.38,13.48,1.34,0.32
2026-07-12T01:50:00.000,1.03,99.46,-0.17,1.02
2026-07-12T02:00:00.000,1.19,221,-0.9,-0.78
2026-07-12T02:10:00.000,0.32,230.82,-0.2,-0.24
2026-07-12T02:20:00.000,0.53,265.31,-0.04,-0.53
2026-07-12T02:30:00.000,4.58,261.5,-0.68,-4.53
2026-07-12T02:40:00.000,3.54,348.9,3.47,-0.68
2026-07-12T02:50:00.000,3.95,342.88,3.77,-1.16
2026-07-12T03:00:00.000,7.63,300.68,3.89,-6.56
2026-07-12T03:10:00.000,7.1,316.91,5.18,-4.85
2026-07-12T03:20:00.000,4.76,221.56,-3.56,-3.16
2026-07-12T03:30:00.000,0.17,203.61,-0.16,-0.07
2026-07-12T03:40:00.000,4.38,174.68,-4.36,0.41
2026-07-12T03:50:00.000,3.99,165.31,-3.86,1.01
2026-07-12T04:00:00.000,2.6,168.24,-2.54,0.53
2026-07-12T04:10:00.000,0.77,210.79,-0.66,-0.4
2026-07-12T04:20:00.000,1.55,226.32,-1.07,-1.12
2026-07-12T04:30:00.000,0.49,241.51,-0.23,-0.43
2026-07-12T04:40:00.000,0.44,226.18,-0.31,-0.32
2026-07-12T04:50:00.000,0.69,234.11,-0.4,-0.56
2026-07-12T05:00:00.000,2.68,159.35,-2.51,0.94
2026-07-12T05:10:00.000,3.66,186.75,-3.63,-0.43
2026-07-12T05:20:00.000,4.04,188.04,-4,-0.57
2026-07-12T05:30:00.000,4.44,148.58,-3.79,2.31
2026-07-12T05:40:00.000,3.76,193.61,-3.66,-0.89
2026-07-12T05:50:00.000,0.49,225,-0.35,-0.35
2026-07-12T06:00:00.000,0.97,351.38,0.96,-0.15
2026-07-12T06:10:00.000,0.47,262.06,-0.06,-0.46
2026-07-12T06:20:00.000,0.78,217.53,-0.62,-0.47
2026-07-12T06:30:00.000,2.21,145.32,-1.82,1.26
2026-07-12T06:40:00.000,0.53,244.79,-0.23,-0.48
2026-07-12T06:50:00.000,0.83,164.99,-0.8,0.21
2026-07-12T07:00:00.000,0.39,198.62,-0.36,-0.12
2026-07-12T07:10:00.000,1.52,128.67,-0.95,1.19
2026-07-12T07:20:00.000,0.18,355.58,0.18,-0.01
2026-07-12T07:30:00.000,2.99,31.48,2.55,1.56
2026-07-12T07:40:00.000,1.17,2.92,1.17,0.06
2026-07-12T07:50:00.000,0.79,286.61,0.23,-0.76
2026-07-12T08:00:00.000,3.57,146.64,-2.98,1.96
2026-07-12T08:10:00.000,4.54,92.08,-0.16,4.53
2026-07-12T08:20:00.000,0.61,92.09,-0.02,0.61
2026-07-12T08:30:00.000,0.12,101.24,-0.02,0.11
2026-07-12T08:40:00.000,0.64,104.51,-0.16,0.62
2026-07-12T08:50:00.000,3.68,151.38,-3.23,1.76
2026-07-12T09:00:00.000,1.99,259.14,-0.38,-1.96
2026-07-12T09:10:00.000,6.19,141.98,-4.88,3.81
2026-07-12T09:20:00.000,5.53,157.88,-5.12,2.08
2026-07-12T09:30:00.000,7.86,97.8,-1.07,7.78
2026-07-12T09:40:00.000,1.25,114.65,-0.52,1.14
2026-07-12T09:50:00.000,2.11,45.3,1.48,1.5
2026-07-12T10:00:00.000,2.18,265.02,-0.19,-2.17
2026-07-12T10:10:00.000,1.73,63.01,0.78,1.54
2026-07-12T10:20:00.000,5.49,327.31,4.62,-2.96
2026-07-12T10:30:00.000,6,313.42,4.12,-4.36
2026-07-12T10:40:00.000,5.76,330.45,5.01,-2.84
2026-07-12T10:50:00.000,13.16,345.48,12.74,-3.3
2026-07-12T11:00:00.000,11.2,291.61,4.13,-10.42
2026-07-12T11:10:00.000,1.92,285.76,0.52,-1.85
2026-07-12T11:20:00.000,4.87,197.81,-4.64,-1.49
2026-07-12T11:30:00.000,2.93,182.71,-2.93,-0.14
2026-07-12T11:40:00.000,0.38,254.76,-0.1,-0.36
2026-07-12T11:50:00.000,1.73,125.18,-1,1.42
2026-07-12T12:00:00.000,0.58,207.75,-0.51,-0.27
2026-07-12T12:10:00.000,4.9,278.63,0.73,-4.84
2026-07-12T12:20:00.000,3.3,302.57,1.78,-2.78
2026-07-12T12:30:00.000,3.62,335.53,3.29,-1.5
2026-07-12T12:40:00.000,5.06,352.53,5.02,-0.66
2026-07-12T12:50:00.000,7.26,340.55,6.85,-2.42
2026-07-12T13:00:00.000,4.15,314.79,2.92,-2.94
2026-07-12T13:10:00.000,0.34,273.99,0.02,-0.34
2026-07-12T13:20:00.000,2.18,278.26,0.31,-2.15
2026-07-12T13:30:00.000,3.32,322.2,2.62,-2.04
2026-07-12T13:40:00.000,3.98,330.7,3.47,-1.95
2026-07-12T13:50:00.000,0.56,242.16,-0.26,-0.49
2026-07-12T14:00:00.000,2.4,132.56,-1.62,1.77
2026-07-12T14:10:00.000,1.93,188.11,-1.91,-0.27
2026-07-12T14:20:00.000,0.15,214.73,-0.12,-0.08
2026-07-12T14:30:00.000,3.67,310.02,2.36,-2.81
2026-07-12T14:40:00.000,3.82,246.74,-1.51,-3.51
2026-07-12T14:50:00.000,1.77,167.82,-1.73,0.37
2026-07-12T15:00:00.000,3.76,228.77,-2.48,-2.83
2026-07-12T15:10:00.000,1.83,135.91,-1.32,1.28
2026-07-12T15:20:00.000,7.56,168.3,-7.4,1.53
2026-07-12T15:30:00.000,5.15,171.24,-5.09,0.78
2026-07-12T15:40:00.000,4.07,226.51,-2.8,-2.95
2026-07-12T15:50:00.000,0.81,240.36,-0.4,-0.71
2026-07-12T16:00:00.000,3.1,222.6,-2.28,-2.1
2026-07-12T16:10:00.000,0.89,198.24,-0.84,-0.28
2026-07-12T16:20:00.000,1.58,209.4,-1.37,-0.77
2026-07-12T16:30:00.000,0.63,218.45,-0.49,-0.39
2026-07-12T16:40:00.000,0.57,256.05,-0.14,-0.55
2026-07-12T16:50:00.000,1.54,352.54,1.53,-0.2
2026-07-12T17:00:00.000,2.8,289.93,0.96,-2.64
2026-07-12T17:10:00.000,4.96,320.26,3.82,-3.17
2026-07-12T17:20:00.000,0.47,239.64,-0.24,-0.4
2026-07-12T17:30:00.000,1.7,297.45,0.79,-1.51
2026-07-12T17:40:00.000,2.38,332.95,2.12,-1.08
2026-07-12T17:50:00.000,3.39,156.36,-3.11,1.36
2026-07-12T18:00:00.000,0.54,226.75,-0.37,-0.39
2026-07-12T18:10:00.000,0.77,231.67,-0.47,-0.6
2026-07-12T18:20:00.000,1.26,202.04,-1.16,-0.47
2026-07-12T18:30:00.000,5.2,185.77,-5.17,-0.52
2026-07-12T18:40:00.000,2.21,129.3,-1.4,1.71
2026-07-12T18:50:00.000,0.78,192.28,-0.76,-0.17
2026-07-12T19:00:00.000,0.78,199.69,-0.73,-0.26
2026-07-12T19:10:00.000,1.88,194.73,-1.82,-0.48
2026-07-12T19:20:00.000,0.8,202.91,-0.73,-0.31
2026-07-12T19:30:00.000,0.74,224.29,-0.53,-0.52
2026-07-12T19:40:00.000,0.94,196.19,-0.9,-0.26
2026-07-12T19:50:00.000,0.94,195.24,-0.91,-0.25
2026-07-12T20:00:00.000,3.78,194.39,-3.66,-0.94
2026-07-12T20:10:00.000,1.23,198.71,-1.17,-0.39
2026-07-12T20:20:00.000,0.75,208.47,-0.66,-0.36
2026-07-12T20:30:00.000,0.54,210.69,-0.46,-0.27
2026-07-12T20:40:00.000,1.1,196.65,-1.06,-0.32
2026-07-12T20:50:00.000,3.69,201.77,-3.43,-1.37
2026-07-12T21:00:00.000,3.58,214.58,-2.95,-2.03
2026-07-12T21:10:00.000,0.15,231.65,-0.09,-0.12
2026-07-12T21:20:00.000,0.12,49.47,0.08,0.09
2026-07-12T21:30:00.000,2.29,279.16,0.36,-2.26
2026-07-12T21:40:00.000,0.6,262.72,-0.08,-0.6
2026-07-12T21:50:00.000,0.52,229.27,-0.34,-0.4
2026-07-12T22:00:00.000,0.5,230.87,-0.31,-0.38
2026-07-12T22:10:00.000,1.17,206.6,-1.05,-0.53
2026-07-12T22:20:00.000,3.56,113.94,-1.44,3.25
2026-07-12T22:30:00.000,4.19,197.46,-4,-1.26
2026-07-12T22:40:00.000,1.61,178.75,-1.61,0.04
2026-07-12T22:50:00.000,3.2,217.94,-2.53,-1.97
2026-07-12T23:00:00.000,5,172.98,-4.97,0.61
2026-07-12T23:10:00.000,0.44,119.86,-0.22,0.38
2026-07-12T23:20:00.000,0.55,86.02,0.04,0.54
2026-07-12T23:30:00.000,1.9,266.1,-0.13,-1.9
2026-07-12T23:40:00.000,0.53,119.62,-0.26,0.46
2026-07-12T23:50:00.000,6.99,117.23,-3.2,6.21
2026-07-13T00:00:00.000,3.87,51.79,2.4,3.04
2026-07-13T00:10:00.000,5.7,324.76,4.65,-3.29
2026-07-13T00:20:00.000,3.1,351.35,3.06,-0.47
2026-07-13T00:30:00.000,0.72,156.99,-0.66,0.28
2026-07-13T00:40:00.000,4.83,133.28,-3.31,3.52
2026-07-13T00:50:00.000,0.75,139.56,-0.57,0.49
2026-07-13T01:00:00.000,0.68,82.84,0.08,0.67
2026-07-13T01:10:00.000,1.04,147.83,-0.88,0.55
2026-07-13T01:20:00.000,0.61,123.5,-0.34,0.51
2026-07-13T01:30:00.000,3.12,339.75,2.92,-1.08
2026-07-13T01:40:00.000,4.5,327.9,3.81,-2.39
2026-07-13T01:50:00.000,4.23,316.28,3.06,-2.92
2026-07-13T02:00:00.000,2.24,11.99,2.19,0.47
2026-07-13T02:10:00.000,1.67,29.24,1.45,0.81
2026-07-13T02:20:00.000,5.79,343.75,5.55,-1.62
2026-07-13T02:30:00.000,11.85,334.51,10.7,-5.1
2026-07-13T02:40:00.000,9.14,327.35,7.7,-4.93
2026-07-13T02:50:00.000,2.79,0.08,2.79,0
2026-07-13T03:00:00.000,1.17,33.9,0.97,0.65
2026-07-13T03:10:00.000,2.3,278.33,0.33,-2.27
2026-07-13T03:20:00.000,0.83,260.98,-0.13,-0.82
2026-07-13T03:30:00.000,0.73,280.85,0.14,-0.71
2026-07-13T03:40:00.000,0.73,345.55,0.71,-0.18
2026-07-13T03:50:00.000,2.56,198.81,-2.42,-0.83
2026-07-13T04:00:00.000,4.61,160.52,-4.34,1.54
2026-07-13T04:10:00.000,7.54,146.3,-6.27,4.18
2026-07-13T04:20:00.000,3.67,146.49,-3.06,2.02
2026-07-13T04:30:00.000,0.82,18.55,0.78,0.26
2026-07-13T04:40:00.000,4.35,1.34,4.35,0.1
2026-07-13T04:50:00.000,2.48,276.06,0.26,-2.46
2026-07-13T05:00:00.000,0.4,10.22,0.39,0.07
2026-07-13T05:10:00.000,1.51,199.64,-1.42,-0.51
2026-07-13T05:20:00.000,2.55,207.82,-2.26,-1.19
2026-07-13T05:30:00.000,0.39,280.02,0.07,-0.39
2026-07-13T05:40:00.000,2.44,308.19,1.51,-1.92
2026-07-13T05:50:00.000,1.04,136.88,-0.76,0.71
2026-07-13T06:00:00.000,5.45,179.21,-5.45,0.08
2026-07-13T06:10:00.000,4.45,178.16,-4.45,0.14
2026-07-13T06:20:00.000,1.76,165.01,-1.7,0.45
2026-07-13T06:30:00.000,0.48,228.08,-0.32,-0.35
2026-07-13T06:40:00.000,0.46,216.36,-0.37,-0.27
2026-07-13T06:50:00.000,3.78,103.17,-0.86,3.68
2026-07-13T07:00:00.000,0.32,51.38,0.2,0.25
2026-07-13T07:10:00.000,0.39,4.88,0.38,0.03
2026-07-13T07:20:00.000,0.4,51.97,0.25,0.32
2026-07-13T07:30:00.000,0.73,296.61,0.33,-0.65
2026-07-13T07:40:00.000,0.72,33.36,0.6,0.4
2026-07-13T07:50:00.000,0.37,23.52,0.34,0.15
2026-07-13T08:00:00.000,0.45,14.5,0.44,0.11
2026-07-13T08:10:00.000,0.55,9.92,0.54,0.1
2026-07-13T08:20:00.000,0.31,67.62,0.12,0.28
2026-07-13T08:30:00.000,3.45,9.37,3.41,0.56
2026-07-13T08:40:00.000,0.62,330.83,0.54,-0.3
2026-07-13T08:50:00.000,0.35,343.78,0.34,-0.1
2026-07-13T09:00:00.000,0.48,96.43,-0.05,0.48
2026-07-13T09:10:00.000,2.89,196.33,-2.77,-0.81
2026-07-13T09:20:00.000,1.65,74.12,0.45,1.58
2026-07-13T09:30:00.000,2.66,137.28,-1.96,1.81
2026-07-13T09:40:00.000,2.55,71.58,0.8,2.41
2026-07-13T09:50:00.000,0.77,80.86,0.12,0.76
2026-07-13T10:00:00.000,0.73,89.03,0.01,0.73
2026-07-13T10:10:00.000,2.84,317.35,2.09,-1.93
2026-07-13T10:20:00.000,5.21,330.25,4.52,-2.58
2026-07-13T10:30:00.000,3.35,232.41,-2.04,-2.66
2026-07-13T10:40:00.000,6.26,156.1,-5.72,2.54
2026-07-13T10:50:00.000,13.98,146.65,-11.68,7.69
2026-07-13T11:00:00.000,12.66,141.16,-9.86,7.94
2026-07-13T11:10:00.000,5.45,124.42,-3.08,4.5
2026-07-13T11:20:00.000,11.92,270.06,0.01,-11.92
2026-07-13T11:30:00.000,4.39,153.73,-3.94,1.94
2026-07-13T11:40:00.000,14.84,108.65,-4.75,14.06
2026-07-13T11:50:00.000,19.84,135.66,-14.19,13.86
2026-07-13T12:00:00.000,4.86,72.59,1.45,4.63
2026-07-13T12:10:00.000,1.87,45.22,1.32,1.33
2026-07-13T12:20:00.000,6.41,175.29,-6.39,0.53
2026-07-13T12:30:00.000,20.06,153.47,-17.95,8.96
2026-07-13T12:40:00.000,2.85,287.9,0.88,-2.71
2026-07-13T12:50:00.000,5.41,291.15,1.95,-5.04
2026-07-13T13:00:00.000,3.97,355.53,3.96,-0.31
2026-07-13T13:10:00.000,10.96,322.14,8.65,-6.73
2026-07-13T13:20:00.000,5.64,309.61,3.6,-4.35
2026-07-13T13:30:00.000,1.93,15.63,1.86,0.52
2026-07-13T13:40:00.000,3.54,60.91,1.72,3.09
2026-07-13T13:50:00.000,2.15,38.09,1.69,1.33
2026-07-13T14:00:00.000,3.46,343.67,3.32,-0.97
2026-07-13T14:10:00.000,3.1,290.87,1.1,-2.9
2026-07-13T14:20:00.000,0.27,264.22,-0.03,-0.27
2026-07-13T14:30:00.000,4.1,192.08,-4.01,-0.86
2026-07-13T14:40:00.000,0.44,5.75,0.44,0.04
2026-07-13T14:50:00.000,0.52,272.33,0.02,-0.52
2026-07-13T15:00:00.000,4.84,344.95,4.67,-1.26
2026-07-13T15:10:00.000,4.49,330.03,3.89,-2.24
2026-07-13T15:20:00.000,3.01,318.6,2.26,-1.99
2026-07-13T15:30:00.000,0.54,260.09,-0.09,-0.53
2026-07-13T15:40:00.000,0.64,150.51,-0.56,0.32
2026-07-13T15:50:00.000,7.1,144.37,-5.77,4.14
2026-07-13T16:00:00.000,2.63,130.7,-1.71,1.99
2026-07-13T16:10:00.000,3.93,52.54,2.39,3.12
2026-07-13T16:20:00.000,9.68,337.48,8.94,-3.71
2026-07-13T16:30:00.000,1.63,286.05,0.45,-1.57
2026-07-13T16:40:00.000,4.54,184.28,-4.53,-0.34
2026-07-13T16:50:00.000,0.48,239.45,-0.24,-0.41
2026-07-13T17:00:00.000,5.34,189.75,-5.26,-0.9
2026-07-13T17:10:00.000,3.72,145.84,-3.08,2.09
2026-07-13T17:20:00.000,2.68,284.37,0.67,-2.6
2026-07-13T17:30:00.000,4.01,342.89,3.83,-1.18
2026-07-13T17:40:00.000,1.61,208.25,-1.42,-0.76
2026-07-13T17:50:00.000,2.65,213.97,-2.2,-1.48
2026-07-13T18:00:00.000,5.03,192.59,-4.91,-1.1
2026-07-13T18:10:00.000,1.23,120.85,-0.63,1.06
2026-07-13T18:20:00.000,3,148.7,-2.57,1.56
2026-07-13T18:30:00.000,0.94,286.64,0.27,-0.9
2026-07-13T18:40:00.000,3.51,341.33,3.33,-1.12
2026-07-13T18:50:00.000,0.7,223.16,-0.51,-0.48
2026-07-13T19:00:00.000,2.96,93.25,-0.17,2.96
2026-07-13T19:10:00.000,7.09,133.83,-4.91,5.11
2026-07-13T19:20:00.000,5.11,145.57,-4.22,2.89
2026-07-13T19:30:00.000,1.61,92.83,-0.08,1.61
2026-07-13T19:40:00.000,4.76,324.85,3.89,-2.74
2026-07-13T19:50:00.000,0.97,142.82,-0.77,0.58
2026-07-13T20:00:00.000,2.69,120.1,-1.35,2.33
2026-07-13T20:10:00.000,3.01,158.21,-2.79,1.12
2026-07-13T20:20:00.000,4.08,153.37,-3.64,1.83
2026-07-13T20:30:00.000,2.57,179.98,-2.57,0
2026-07-13T20:40:00.000,0.31,6.63,0.3,0.04
2026-07-13T20:50:00.000,4.22,134.61,-2.96,3
2026-07-13T21:00:00.000,3.43,164.29,-3.3,0.93
2026-07-13T21:10:00.000,0.33,342.45,0.31,-0.1
2026-07-13T21:20:00.000,4.67,352.96,4.64,-0.57
2026-07-13T21:30:00.000,1.98,252.13,-0.61,-1.88
2026-07-13T21:40:00.000,2.86,112.1,-1.07,2.65
2026-07-13T21:50:00.000,4.55,154.24,-4.1,1.98
2026-07-13T22:00:00.000,6.05,151.38,-5.31,2.9
2026-07-13T22:10:00.000,8.9,154.62,-8.04,3.81
2026-07-13T22:20:00.000,5.83,154.34,-5.25,2.52
2026-07-13T22:30:00.000,1.81,54.14,1.06,1.46
2026-07-13T22:40:00.000,1.05,37.45,0.83,0.64
2026-07-13T22:50:00.000,3.77,136.04,-2.71,2.62
2026-07-13T23:00:00.000,7.21,165.41,-6.98,1.82
2026-07-13T23:10:00.000,5.64,154.17,-5.08,2.46
2026-07-13T23:20:00.000,2.65,96.13,-0.28,2.63
2026-07-13T23:30:00.000,1.46,7.39,1.45,0.19
2026-07-13T23:40:00.000,0.45,34.55,0.37,0.25
2026-07-13T23:50:00.000,0.33,104.88,-0.09,0.32
2026-07-14T00:00:00.000,2.95,65.59,1.22,2.69
2026-07-14T00:10:00.000,5.31,140.12,-4.07,3.4
2026-07-14T00:20:00.000,6.67,148.06,-5.66,3.53
2026-07-14T00:30:00.000,2.21,120.9,-1.14,1.9
2026-07-14T00:40:00.000,2.86,224.01,-2.06,-1.99
2026-07-14T00:50:00.000,0.45,57.54,0.24,0.38
2026-07-14T01:00:00.000,1.19,139.33,-0.9,0.78
2026-07-14T01:10:00.000,7.02,70.36,2.36,6.61
2026-07-14T01:20:00.000,1.02,26.78,0.91,0.46
2026-07-14T01:30:00.000,2.2,4.95,2.19,0.19
2026-07-14T01:40:00.000,1.35,57.71,0.72,1.14
2026-07-14T01:50:00.000,0.24,268.01,-0.01,-0.24
2026-07-14T02:00:00.000,4.16,171.63,-4.11,0.6
2026-07-14T02:10:00.000,3.99,162.66,-3.81,1.19
2026-07-14T02:20:00.000,0.94,276.78,0.11,-0.93
2026-07-14T02:30:00.000,4.4,353.33,4.37,-0.51
2026-07-14T02:40:00.000,2.58,339.67,2.42,-0.9
2026-07-14T02:50:00.000,11.69,339.52,10.95,-4.09
2026-07-14T03:00:00.000,7.25,337.73,6.71,-2.75
2026-07-14T03:10:00.000,4.66,309.34,2.95,-3.6
2026-07-14T03:20:00.000,2.69,161.53,-2.56,0.85
2026-07-14T03:30:00.000,0.42,45.55,0.3,0.3
2026-07-14T03:40:00.000,0.9,313.04,0.61,-0.66
2026-07-14T03:50:00.000,4.69,290.52,1.64,-4.39
2026-07-14T04:00:00.000,0.84,278.35,0.12,-0.83
2026-07-14T04:10:00.000,0.56,235.45,-0.32,-0.46
2026-07-14T04:20:00.000,1.12,245.01,-0.47,-1.01
2026-07-14T04:30:00.000,7.86,328.29,6.69,-4.13
2026-07-14T04:40:00.000,5.65,295.74,2.46,-5.09
2026-07-14T04:50:00.000,0.6,345.72,0.58,-0.15
2026-07-14T05:00:00.000,1.68,155.88,-1.53,0.69
2026-07-14T05:10:00.000,0.25,42.2,0.19,0.17
2026-07-14T05:20:00.000,1.36,280.89,0.26,-1.34
2026-07-14T05:30:00.000,2.3,318.33,1.72,-1.53
2026-07-14T05:40:00.000,3.14,14.26,3.04,0.77
2026-07-14T05:50:00.000,2.02,314.64,1.42,-1.44
2026-07-14T06:00:00.000,2.56,296.67,1.15,-2.29
2026-07-14T06:10:00.000,0.63,264.23,-0.06,-0.63
2026-07-14T06:20:00.000,0.49,260.65,-0.08,-0.48
2026-07-14T06:30:00.000,4.5,339.74,4.22,-1.56
2026-07-14T06:40:00.000,3.49,320.87,2.71,-2.2
2026-07-14T06:50:00.000,0.65,298.92,0.32,-0.57
2026-07-14T07:00:00.000,0.48,280.43,0.09,-0.48
2026-07-14T07:10:00.000,2.17,280.83,0.41,-2.14
2026-07-14T07:20:00.000,3.22,302.76,1.74,-2.71
2026-07-14T07:30:00.000,0.43,259.37,-0.08,-0.42
2026-07-14T07:40:00.000,1.22,305.64,0.71,-0.99
2026-07-14T07:50:00.000,0.84,276.83,0.1,-0.84
2026-07-14T08:00:00.000,1.56,294.32,0.64,-1.42
2026-07-14T08:10:00.000,0.23,289.65,0.08,-0.21
2026-07-14T08:20:00.000,0.13,54.37,0.07,0.1
2026-07-14T08:30:00.000,0.49,277.75,0.07,-0.48
2026-07-14T08:40:00.000,0.37,296.46,0.16,-0.33
2026-07-14T08:50:00.000,0.73,79.74,0.13,0.72
2026-07-14T09:00:00.000,0.3,257.59,-0.07,-0.3
2026-07-14T09:10:00.000,0.56,209.13,-0.49,-0.27
2026-07-14T09:20:00.000,0.69,285.08,0.18,-0.67
2026-07-14T09:30:00.000,0.74,39.83,0.56,0.47
2026-07-14T09:40:00.000,1.41,57.01,0.77,1.18
2026-07-14T09:50:00.000,0.58,40.17,0.44,0.37
2026-07-14T10:00:00.000,1.73,162.1,-1.64,0.53
2026-07-14T10:10:00.000,3.92,39.39,3.03,2.49
2026-07-14T10:20:00.000,0.55,328.87,0.47,-0.28
2026-07-14T10:30:00.000,4.4,256.67,-1.01,-4.28
2026-07-14T10:40:00.000,0.54,129.1,-0.34,0.42
2026-07-14T10:50:00.000,13.98,145.83,-11.57,7.85
2026-07-14T11:00:00.000,10.51,158.69,-9.79,3.82
2026-07-14T11:10:00.000,3.86,163.9,-3.71,1.07
2026-07-14T11:20:00.000,21.21,287.6,6.42,-20.22
2026-07-14T11:30:00.000,5.12,117.82,-2.39,4.53
2026-07-14T11:40:00.000,23.35,131.45,-15.45,17.5
2026-07-14T11:50:00.000,14.31,135.16,-10.15,10.09
2026-07-14T12:00:00.000,4.57,99.77,-0.78,4.5
2026-07-14T12:10:00.000,1.06,226.08,-0.74,-0.77
2026-07-14T12:20:00.000,3.05,149.88,-2.64,1.53
2026-07-14T12:30:00.000,12.88,94.56,-1.02,12.84
2026-07-14T12:40:00.000,13.76,179.45,-13.76,0.13
2026-07-14T12:50:00.000,2.9,244.37,-1.26,-2.62
2026-07-14T13:00:00.000,13.19,324.53,10.74,-7.65
2026-07-14T13:10:00.000,11.78,326.93,9.87,-6.43
2026-07-14T13:20:00.000,4.25,324.25,3.45,-2.48
2026-07-14T13:30:00.000,6.92,318.86,5.21,-4.55
2026-07-14T13:40:00.000,7.17,284.89,1.84,-6.93
2026-07-14T13:50:00.000,6.01,306.63,3.59,-4.82
2026-07-14T14:00:00.000,3.68,118.64,-1.77,3.23
2026-07-14T14:10:00.000,2.02,76.87,0.46,1.96
2026-07-14T14:20:00.000,2.96,76.66,0.68,2.88
2026-07-14T14:30:00.000,10.3,332.81,9.17,-4.71
2026-07-14T14:40:00.000,9.35,320.03,7.17,-6.01
2026-07-14T14:50:00.000,1.2,114.62,-0.5,1.09
2026-07-14T15:00:00.000,0.85,251.56,-0.27,-0.81
2026-07-14T15:10:00.000,0.8,159.06,-0.75,0.29
2026-07-14T15:20:00.000,2.42,150.87,-2.12,1.18
2026-07-14T15:30:00.000,2.04,58.76,1.06,1.74
2026-07-14T15:40:00.000,7.79,354.54,7.76,-0.74
2026-07-14T15:50:00.000,9.44,343.57,9.05,-2.67
2026-07-14T16:00:00.000,0.53,312.52,0.36,-0.39
2026-07-14T16:10:00.000,8.08,342.04,7.69,-2.49
2026-07-14T16:20:00.000,7.92,340.68,7.48,-2.62
2026-07-14T16:30:00.000,1.07,135.4,-0.76,0.75
2026-07-14T16:40:00.000,0.5,149.16,-0.43,0.26
2026-07-14T16:50:00.000,0.32,119.42,-0.16,0.28
2026-07-14T17:00:00.000,0.59,73.34,0.17,0.57
2026-07-14T17:10:00.000,0.65,76.89,0.15,0.63
2026-07-14T17:20:00.000,4.06,257.96,-0.85,-3.97
2026-07-14T17:30:00.000,2.42,135.35,-1.72,1.7
2026-07-14T17:40:00.000,1.51,197.77,-1.43,-0.46
2026-07-14T17:50:00.000,5.38,141.64,-4.22,3.34
2026-07-14T18:00:00.000,3.96,108.53,-1.26,3.75
2026-07-14T18:10:00.000,3.12,223.24,-2.28,-2.14
2026-07-14T18:20:00.000,0.44,68.48,0.16,0.41
2026-07-14T18:30:00.000,5.53,59.29,2.82,4.75
2026-07-14T18:40:00.000,1.28,35.94,1.03,0.75
2026-07-14T18:50:00.000,3.21,339.53,3.01,-1.12
2026-07-14T19:00:00.000,7.47,350.56,7.37,-1.23
2026-07-14T19:10:00.000,2.52,348.03,2.46,-0.52
2026-07-14T19:20:00.000,5.03,155.74,-4.58,2.07
2026-07-14T19:30:00.000,3.89,146.81,-3.25,2.13
2026-07-14T19:40:00.000,0.14,58.89,0.07,0.12
2026-07-14T19:50:00.000,2.12,255.11,-0.54,-2.05
2026-07-14T20:00:00.000,4.75,303.96,2.65,-3.94
2026-07-14T20:10:00.000,2.64,10.5,2.59,0.48
2026-07-14T20:20:00.000,4.88,346.87,4.75,-1.11
2026-07-14T20:30:00.000,4.25,81.88,0.6,4.21
2026-07-14T20:40:00.000,1.21,183.54,-1.21,-0.07
2026-07-14T20:50:00.000,4.9,122.04,-2.6,4.15
2026-07-14T21:00:00.000,8.03,149.71,-6.94,4.05
2026-07-14T21:10:00.000,2.47,78.73,0.48,2.43
2026-07-14T21:20:00.000,3.6,68.36,1.33,3.34
2026-07-14T21:30:00.000,0.69,295.81,0.3,-0.62
2026-07-14T21:40:00.000,0.76,14.34,0.74,0.19
2026-07-14T21:50:00.000,0.4,16.15,0.39,0.11
2026-07-14T22:00:00.000,0.99,142.32,-0.78,0.6
2026-07-14T22:10:00.000,0.58,57.26,0.31,0.49
2026-07-14T22:20:00.000,9.96,144.78,-8.14,5.75
2026-07-14T22:30:00.000,1.01,85.19,0.08,1
2026-07-14T22:40:00.000,12.35,157.14,-11.38,4.8
2026-07-14T22:50:00.000,15.61,147.5,-13.17,8.39
2026-07-14T23:00:00.000,11.78,153.86,-10.58,5.19
2026-07-14T23:10:00.000,0.08,124.76,-0.05,0.07
2026-07-14T23:20:00.000,5.38,276.86,0.64,-5.34
2026-07-14T23:30:00.000,9.49,149,-8.14,4.89
2026-07-14T23:40:00.000,24.29,141.03,-18.88,15.28
2026-07-14T23:50:00.000,16.93,136.67,-12.32,11.62
2026-07-15T00:00:00.000,16.26,149.42,-14,8.27
2026-07-15T00:10:00.000,3.74,132.78,-2.54,2.74
2026-07-15T00:20:00.000,2.25,85.72,0.17,2.24
2026-07-15T00:30:00.000,23.19,167.23,-22.61,5.12
2026-07-15T00:40:00.000,10.59,157.85,-9.8,3.99
2026-07-15T00:50:00.000,4.42,187.46,-4.38,-0.57
2026-07-15T01:00:00.000,0.68,279.5,0.11,-0.67
2026-07-15T01:10:00.000,5.74,351.29,5.67,-0.87
2026-07-15T01:20:00.000,1.41,15.17,1.36,0.37
2026-07-15T01:30:00.000,7.18,50.01,4.61,5.5
2026-07-15T01:40:00.000,9.97,201.93,-9.24,-3.72
2026-07-15T01:50:00.000,11.32,216.92,-9.05,-6.8
2026-07-15T02:00:00.000,11.35,161.55,-10.77,3.59
2026-07-15T02:10:00.000,13.61,294.48,5.64,-12.39
2026-07-15T02:20:00.000,3.25,329.08,2.79,-1.67
2026-07-15T02:30:00.000,0.58,354.49,0.58,-0.06
2026-07-15T02:40:00.000,0.44,267.33,-0.02,-0.44
2026-07-15T02:50:00.000,0.43,282.83,0.09,-0.42
2026-07-15T03:00:00.000,10.52,332.49,9.33,-4.86
2026-07-15T03:10:00.000,3.26,300.36,1.65,-2.81
2026-07-15T03:20:00.000,4.28,163.81,-4.11,1.19
2026-07-15T03:30:00.000,1.93,78.34,0.39,1.89
2026-07-15T03:40:00.000,1.93,305.5,1.12,-1.57
2026-07-15T03:50:00.000,11.49,346.37,11.16,-2.71
2026-07-15T04:00:00.000,2.6,299.16,1.27,-2.27
2026-07-15T04:10:00.000,4.29,162.84,-4.1,1.27
2026-07-15T04:20:00.000,1.58,78.68,0.31,1.55
2026-07-15T04:30:00.000,10.25,317.21,7.52,-6.96
2026-07-15T04:40:00.000,3.4,284.12,0.83,-3.3
2026-07-15T04:50:00.000,13.38,154.06,-12.03,5.85
2026-07-15T05:00:00.000,5.53,171.84,-5.47,0.78
2026-07-15T05:10:00.000,2.32,12.96,2.26,0.52
2026-07-15T05:20:00.000,2.83,296.31,1.26,-2.54
2026-07-15T05:30:00.000,15.04,295.41,6.46,-13.59
2026-07-15T05:40:00.000,1.73,269.56,-0.01,-1.73
2026-07-15T05:50:00.000,6.94,128.3,-4.3,5.45
2026-07-15T06:00:00.000,7.49,144.71,-6.11,4.33
2026-07-15T06:10:00.000,5.62,154.96,-5.09,2.38
2026-07-15T06:20:00.000,1.26,302.03,0.67,-1.07
2026-07-15T06:30:00.000,5.47,278.89,0.85,-5.41
2026-07-15T06:40:00.000,0.61,149.68,-0.53,0.31
2026-07-15T06:50:00.000,2.35,229.66,-1.52,-1.79
2026-07-15T07:00:00.000,2.63,334.77,2.38,-1.12
2026-07-15T07:10:00.000,1.88,261.86,-0.27,-1.86
2026-07-15T07:20:00.000,9.02,328.45,7.68,-4.72
2026-07-15T07:30:00.000,0.62,248.69,-0.23,-0.58
2026-07-15T07:40:00.000,3.31,131.13,-2.18,2.49
2026-07-15T07:50:00.000,1.47,140.63,-1.14,0.93
2026-07-15T08:00:00.000,4.42,196.98,-4.22,-1.29
2026-07-15T08:10:00.000,3.91,203.02,-3.6,-1.53
2026-07-15T08:20:00.000,1.28,270.89,0.02,-1.28
2026-07-15T08:30:00.000,3.12,312.49,2.1,-2.3
2026-07-15T08:40:00.000,1.48,297.64,0.69,-1.31
2026-07-15T08:50:00.000,4.8,183.57,-4.8,-0.3
2026-07-15T09:00:00.000,3.96,214,-3.28,-2.21
2026-07-15T09:10:00.000,2.21,165.29,-2.13,0.56
2026-07-15T09:20:00.000,1.07,181.63,-1.07,-0.03
2026-07-15T09:30:00.000,2.59,150.99,-2.27,1.26
2026-07-15T09:40:00.000,0.59,222.51,-0.43,-0.4
2026-07-15T09:50:00.000,0.45,221.81,-0.34,-0.3
2026-07-15T10:00:00.000,2.68,333.04,2.39,-1.21
2026-07-15T10:10:00.000,4.28,102.87,-0.95,4.18
2026-07-15T10:20:00.000,10.33,167.86,-10.1,2.17
2026-07-15T10:30:00.000,9.32,144.13,-7.55,5.46
2026-07-15T10:40:00.000,2.76,150.44,-2.4,1.36
2026-07-15T10:50:00.000,7.58,153.31,-6.77,3.4
2026-07-15T11:00:00.000,26.11,141.46,-20.43,16.27
2026-07-15T11:10:00.000,5.51,84.18,0.56,5.48
2026-07-15T11:20:00.000,2.02,292.41,0.77,-1.87
2026-07-15T11:30:00.000,6.73,178.23,-6.73,0.21
2026-07-15T11:40:00.000,10.23,131.41,-6.77,7.67
2026-07-15T11:50:00.000,26.37,128.45,-16.4,20.65
2026-07-15T12:00:00.000,3.48,134.72,-2.45,2.47
2026-07-15T12:10:00.000,11.43,321.67,8.97,-7.09
2026-07-15T12:20:00.000,9.98,223.83,-7.2,-6.91
2026-07-15T12:30:00.000,5.74,148.02,-4.87,3.04
2026-07-15T12:40:00.000,8.9,148.95,-7.63,4.59
2026-07-15T12:50:00.000,16.95,154.38,-15.28,7.33
2026-07-15T13:00:00.000,4.64,128.94,-2.92,3.61
2026-07-15T13:10:00.000,12.13,129.48,-7.71,9.36
2026-07-15T13:20:00.000,21.18,138.03,-15.75,14.17
2026-07-15T13:30:00.000,8.45,155.54,-7.69,3.5
2026-07-15T13:40:00.000,9.23,104.03,-2.24,8.95
2026-07-15T13:50:00.000,7.15,218.69,-5.58,-4.47
2026-07-15T14:00:00.000,9.27,306.35,5.5,-7.47
2026-07-15T14:10:00.000,9.21,326.37,7.67,-5.1
2026-07-15T14:20:00.000,10.11,313.64,6.98,-7.32
2026-07-15T14:30:00.000,7.9,334.87,7.16,-3.36
2026-07-15T14:40:00.000,0.36,317.06,0.26,-0.24
2026-07-15T14:50:00.000,15.11,145.38,-12.43,8.58
2026-07-15T15:00:00.000,21.46,143.59,-17.27,12.74
2026-07-15T15:10:00.000,22.99,169.32,-22.59,4.26
2026-07-15T15:20:00.000,9.92,342.39,9.46,-3
2026-07-15T15:30:00.000,8.48,39.37,6.56,5.38
2026-07-15T15:40:00.000,1.64,302.84,0.89,-1.37
2026-07-15T15:50:00.000,9.1,327.91,7.71,-4.83
2026-07-15T16:00:00.000,9.57,332.98,8.52,-4.35
2026-07-15T16:10:00.000,1.95,144.61,-1.59,1.13
2026-07-15T16:20:00.000,13.04,149.11,-11.19,6.7
2026-07-15T16:30:00.000,15.34,96,-1.6,15.25
2026-07-15T16:40:00.000,3.57,6.59,3.54,0.41
2026-07-15T16:50:00.000,9.58,311.73,6.38,-7.15
2026-07-15T17:00:00.000,0.19,86.53,0.01,0.19
2026-07-15T17:10:00.000,6.32,348.8,6.2,-1.23
2026-07-15T17:20:00.000,7.83,324.31,6.36,-4.57
2026-07-15T17:30:00.000,1.09,219.32,-0.84,-0.69
2026-07-15T17:40:00.000,3.71,351.61,3.67,-0.54
2026-07-15T17:50:00.000,5.59,324.29,4.54,-3.26
2026-07-15T18:00:00.000,4.62,312.04,3.09,-3.43
2026-07-15T18:10:00.000,3.59,107.1,-1.06,3.43
2026-07-15T18:20:00.000,4.56,133.17,-3.12,3.32
2026-07-15T18:30:00.000,0.44,343.44,0.42,-0.13
2026-07-15T18:40:00.000,6.64,336.29,6.08,-2.67
2026-07-15T18:50:00.000,2.88,179.62,-2.88,0.02
2026-07-15T19:00:00.000,9.45,171.22,-9.34,1.44
2026-07-15T19:10:00.000,4.39,91.13,-0.09,4.39
2026-07-15T19:20:00.000,3.1,101.8,-0.63,3.04
2026-07-15T19:30:00.000,4.65,128.28,-2.88,3.65
2026-07-15T19:40:00.000,3.27,187.99,-3.23,-0.45
2026-07-15T19:50:00.000,1.55,328.34,1.32,-0.81
2026-07-15T20:00:00.000,2.06,131.82,-1.38,1.54
2026-07-15T20:10:00.000,0.71,100.85,-0.13,0.7
2026-07-15T20:20:00.000,3.48,19.64,3.28,1.17
2026-07-15T20:30:00.000,0.3,87.89,0.01,0.3
2026-07-15T20:40:00.000,6.33,314.47,4.43,-4.52
2026-07-15T20:50:00.000,0.53,344.35,0.51,-0.14
2026-07-15T21:00:00.000,6.05,186.68,-6.01,-0.7
2026-07-15T21:10:00.000,8.85,102.49,-1.91,8.64
2026-07-15T21:20:00.000,2.07,153.02,-1.85,0.94
2026-07-15T21:30:00.000,3.99,190.61,-3.93,-0.74
2026-07-15T21:40:00.000,3.69,127.73,-2.26,2.92
2026-07-15T21:50:00.000,6.38,124.19,-3.58,5.27
2026-07-15T22:00:00.000,0.09,293.01,0.03,-0.08
2026-07-15T22:10:00.000,5.51,359.17,5.51,-0.08
2026-07-15T22:20:00.000,6.38,356.46,6.36,-0.39
2026-07-15T22:30:00.000,5.51,247.9,-2.07,-5.1
2026-07-15T22:40:00.000,5.71,166.13,-5.55,1.37
2026-07-15T22:50:00.000,4.8,176.75,-4.79,0.27
2026-07-15T23:00:00.000,4.4,245.97,-1.79,-4.02
2026-07-15T23:10:00.000,2.86,260.42,-0.48,-2.82
2026-07-15T23:20:00.000,0.99,35.45,0.81,0.57
2026-07-15T23:30:00.000,3.9,169.83,-3.84,0.69
2026-07-15T23:40:00.000,5.89,101.14,-1.14,5.78
2026-07-15T23:50:00.000,4,123.99,-2.24,3.32
2026-07-16T00:00:00.000,8.97,152.4,-7.95,4.16
2026-07-16T00:10:00.000,4.75,143.27,-3.81,2.84
2026-07-16T00:20:00.000,4.02,171.47,-3.98,0.6
2026-07-16T00:30:00.000,6.09,178.72,-6.08,0.14
2026-07-16T00:40:00.000,11.88,132.4,-8.01,8.77
2026-07-16T00:50:00.000,9.61,122,-5.09,8.15
2026-07-16T01:00:00.000,0.57,140.76,-0.44,0.36
2026-07-16T01:10:00.000,8.04,252.41,-2.43,-7.66
2026-07-16T01:20:00.000,3.57,105.98,-0.98,3.43
2026-07-16T01:30:00.000,16.14,137.27,-11.86,10.95
2026-07-16T01:40:00.000,11.72,146.58,-9.78,6.46
2026-07-16T01:50:00.000,1.14,30.58,0.98,0.58
2026-07-16T02:00:00.000,13.31,335.79,12.14,-5.46
2026-07-16T02:10:00.000,2.83,301.63,1.49,-2.41
2026-07-16T02:20:00.000,12.27,145.11,-10.06,7.02
2026-07-16T02:30:00.000,6.07,83.24,0.71,6.03
2026-07-16T02:40:00.000,4.96,136.69,-3.61,3.4
2026-07-16T02:50:00.000,8.36,175.73,-8.34,0.62
2026-07-16T03:00:00.000,3.05,357.5,3.05,-0.13
2026-07-16T03:10:00.000,1.11,3.12,1.11,0.06
2026-07-16T03:20:00.000,4.15,102.31,-0.88,4.06
2026-07-16T03:30:00.000,5.67,154.39,-5.11,2.45
2026-07-16T03:40:00.000,11.04,325.52,9.1,-6.25
2026-07-16T03:50:00.000,23.95,326.52,19.98,-13.21
2026-07-16T04:00:00.000,1.89,298.83,0.91,-1.65
2026-07-16T04:10:00.000,5.65,152.52,-5.01,2.61
2026-07-16T04:20:00.000,17.23,137.74,-12.76,11.59
2026-07-16T04:30:00.000,3.96,187.09,-3.93,-0.49
2026-07-16T04:40:00.000,0.73,274.19,0.05,-0.73
2026-07-16T04:50:00.000,2.18,32.15,1.85,1.16
2026-07-16T05:00:00.000,1.92,320.37,1.48,-1.22
2026-07-16T05:10:00.000,1.81,256.89,-0.41,-1.76
2026-07-16T05:20:00.000,3.17,133.61,-2.19,2.3
2026-07-16T05:30:00.000,10.9,315.19,7.73,-7.68
2026-07-16T05:40:00.000,9.17,315.14,6.5,-6.47
2026-07-16T05:50:00.000,5.14,114.63,-2.14,4.67
2026-07-16T06:00:00.000,2.86,18.88,2.71,0.93
2026-07-16T06:10:00.000,8.92,325.37,7.34,-5.07
2026-07-16T06:20:00.000,10.96,316.59,7.96,-7.53
2026-07-16T06:30:00.000,1.34,46.44,0.92,0.97
2026-07-16T06:40:00.000,4.94,208.79,-4.33,-2.38
2026-07-16T06:50:00.000,0.56,220.85,-0.42,-0.37
2026-07-16T07:00:00.000,4.25,0.64,4.25,0.05
2026-07-16T07:10:00.000,0.68,265.76,-0.05,-0.67
2026-07-16T07:20:00.000,1.11,193.65,-1.08,-0.26
2026-07-16T07:30:00.000,4.42,184.14,-4.41,-0.32
2026-07-16T07:40:00.000,8.98,126.2,-5.3,7.25
2026-07-16T07:50:00.000,3.96,169.52,-3.89,0.72
2026-07-16T08:00:00.000,2.17,101.75,-0.44,2.12
2026-07-16T08:10:00.000,0.58,29.34,0.51,0.29
2026-07-16T08:20:00.000,2.7,285.44,0.72,-2.6
2026-07-16T08:30:00.000,0.51,312.54,0.34,-0.37
2026-07-16T08:40:00.000,4.22,163.85,-4.05,1.17
2026-07-16T08:50:00.000,4.43,134.03,-3.08,3.19
2026-07-16T09:00:00.000,0.48,113.67,-0.19,0.44
2026-07-16T09:10:00.000,0.54,95.75,-0.05,0.53
2026-07-16T09:20:00.000,6.34,138.82,-4.77,4.17
2026-07-16T09:30:00.000,0.97,97.68,-0.13,0.96
2026-07-16T09:40:00.000,1.15,296.92,0.52,-1.03
2026-07-16T09:50:00.000,1.01,170.93,-1,0.16
2026-07-16T10:00:00.000,7.33,89.64,0.05,7.33
2026-07-16T10:10:00.000,4.26,95.69,-0.42,4.24
2026-07-16T10:20:00.000,0.27,273.12,0.01,-0.27
2026-07-16T10:30:00.000,7.2,158.01,-6.67,2.69
2026-07-16T10:40:00.000,7.44,141.58,-5.83,4.62
2026-07-16T10:50:00.000,2.86,151.19,-2.5,1.38
2026-07-16T11:00:00.000,2.7,43.77,1.95,1.87
2026-07-16T11:10:00.000,2.11,328.19,1.79,-1.11
2026-07-16T11:20:00.000,0.45,106.06,-0.13,0.44
2026-07-16T11:30:00.000,3.26,199.18,-3.08,-1.07
2026-07-16T11:40:00.000,3.39,117.24,-1.55,3.01
2026-07-16T11:50:00.000,0.48,100.8,-0.09,0.47
2026-07-16T12:00:00.000,5.49,131.58,-3.64,4.1
2026-07-16T12:10:00.000,5.36,111.63,-1.98,4.98
2026-07-16T12:20:00.000,5.94,332.51,5.27,-2.74
2026-07-16T12:30:00.000,6.65,251.33,-2.13,-6.3
2026-07-16T12:40:00.000,6.73,190.95,-6.6,-1.28
2026-07-16T12:50:00.000,12.83,141.73,-10.07,7.94
2026-07-16T13:00:00.000,11.84,129.57,-7.54,9.12
2026-07-16T13:10:00.000,16.41,152.27,-14.53,7.64
2026-07-16T13:20:00.000,3.25,224.95,-2.3,-2.3
2026-07-16T13:30:00.000,2.45,104.34,-0.61,2.37
2026-07-16T13:40:00.000,7.22,162.98,-6.9,2.11
2026-07-16T13:50:00.000,1.69,86.12,0.11,1.68
2026-07-16T14:00:00.000,3.99,15.21,3.85,1.05
2026-07-16T14:10:00.000,5.12,316.69,3.72,-3.51
2026-07-16T14:20:00.000,4.36,22.45,4.03,1.67
2026-07-16T14:30:00.000,8,321.51,6.26,-4.98
2026-07-16T14:40:00.000,10.95,325.96,9.07,-6.13
2026-07-16T14:50:00.000,2.1,178.13,-2.1,0.07
2026-07-16T15:00:00.000,5.05,190.47,-4.96,-0.92
2026-07-16T15:10:00.000,3.8,9.14,3.75,0.6
2026-07-16T15:20:00.000,2.23,94.84,-0.19,2.23
2026-07-16T15:30:00.000,7.2,350.79,7.11,-1.15
2026-07-16T15:40:00.000,9.34,333.81,8.38,-4.12
2026-07-16T15:50:00.000,3.83,248.31,-1.42,-3.56
2026-07-16T16:00:00.000,7.64,72.87,2.25,7.3
2026-07-16T16:10:00.000,2.87,46.62,1.97,2.08
2026-07-16T16:20:00.000,1.54,325.66,1.27,-0.87
2026-07-16T16:30:00.000,4.79,332.97,4.27,-2.18
2026-07-16T16:40:00.000,2.48,45.79,1.73,1.78
2026-07-16T16:50:00.000,3.64,231.17,-2.28,-2.83
2026-07-16T17:00:00.000,4.01,142.69,-3.19,2.43
2026-07-16T17:10:00.000,3.24,330.78,2.83,-1.58
2026-07-16T17:20:00.000,4.55,291.35,1.66,-4.24
2026-07-16T17:30:00.000,3.09,322.34,2.45,-1.89
2026-07-16T17:40:00.000,3.16,113.38,-1.25,2.9
2026-07-16T17:50:00.000,0.44,322.71,0.35,-0.27
2026-07-16T18:00:00.000,1.85,331.62,1.62,-0.88
2026-07-16T18:10:00.000,1.02,296.76,0.46,-0.91
2026-07-16T18:20:00.000,6.21,292.11,2.34,-5.75
2026-07-16T18:30:00.000,3.57,299.06,1.73,-3.12
2026-07-16T18:40:00.000,2.54,279.94,0.44,-2.5
2026-07-16T18:50:00.000,5.26,295.52,2.27,-4.75
2026-07-16T19:00:00.000,0.59,263.37,-0.07,-0.58
2026-07-16T19:10:00.000,1.34,226.8,-0.91,-0.97
2026-07-16T19:20:00.000,2.77,153.01,-2.47,1.26
2026-07-16T19:30:00.000,8.18,304.65,4.65,-6.73
2026-07-16T19:40:00.000,2.03,239.91,-1.02,-1.76
2026-07-16T19:50:00.000,6.34,169.26,-6.23,1.18
2026-07-16T20:00:00.000,4.71,141.1,-3.66,2.96
2026-07-16T20:10:00.000,0.2,221.86,-0.15,-0.14
2026-07-16T20:20:00.000,3.98,311.05,2.62,-3
2026-07-16T20:30:00.000,1.03,245.46,-0.43,-0.93
2026-07-16T20:40:00.000,0.62,254.61,-0.16,-0.59
2026-07-16T20:50:00.000,0.61,249.81,-0.21,-0.57
2026-07-16T21:00:00.000,2.06,236.99,-1.12,-1.73
2026-07-16T21:10:00.000,0.74,243.34,-0.33,-0.66
2026-07-16T21:20:00.000,0.57,239.43,-0.29,-0.49
2026-07-16T21:30:00.000,0.79,232.72,-0.48,-0.63
2026-07-16T21:40:00.000,4.81,141.09,-3.74,3.02
2026-07-16T21:50:00.000,0.42,231.86,-0.26,-0.33
2026-07-16T22:00:00.000,0.43,264.91,-0.04,-0.42
2026-07-16T22:10:00.000,3.23,313.93,2.24,-2.32
2026-07-16T22:20:00.000,0.68,286.93,0.2,-0.65
2026-07-16T22:30:00.000,1.02,228.04,-0.68,-0.76
2026-07-16T22:40:00.000,4.24,338.23,3.94,-1.57
2026-07-16T22:50:00.000,8.27,80.79,1.32,8.17
2026-07-16T23:00:00.000,1.76,118.12,-0.83,1.55
2026-07-16T23:10:00.000,5.03,80.43,0.84,4.96
2026-07-16T23:20:00.000,3.79,306.04,2.23,-3.06
2026-07-16T23:30:00.000,6.03,337.64,5.58,-2.29
2026-07-16T23:40:00.000,4.11,356.96,4.1,-0.22
2026-07-16T23:50:00.000,2.22,195.17,-2.14,-0.58
2026-07-17T00:00:00.000,8.81,130.35,-5.7,6.71
2026-07-17T00:10:00.000,1.9,134.8,-1.34,1.35
2026-07-17T00:20:00.000,4.91,149.76,-4.24,2.47
2026-07-17T00:30:00.000,4.51,80.31,0.76,4.44
2026-07-17T00:40:00.000,3.55,63.57,1.58,3.18
2026-07-17T00:50:00.000,16.89,180.01,-16.89,0
2026-07-17T01:00:00.000,8.79,25.44,7.94,3.77
2026-07-17T01:10:00.000,14.95,320.62,11.56,-9.49
2026-07-17T01:20:00.000,5.73,237.66,-3.06,-4.84
2026-07-17T01:30:00.000,30.07,136.15,-21.69,20.83
2026-07-17T01:40:00.000,24.75,140.61,-19.13,15.7
2026-07-17T01:50:00.000,69.52,337.72,64.33,-26.36
2026-07-17T02:00:00.000,8.27,320.48,6.38,-5.26
2026-07-17T02:10:00.000,10.19,165.65,-9.88,2.53
2026-07-17T02:20:00.000,25.91,138.56,-19.42,17.15
2026-07-17T02:30:00.000,11.57,140.51,-8.93,7.36
2026-07-17T02:40:00.000,11.32,255.01,-2.93,-10.93
2026-07-17T02:50:00.000,4.79,83.54,0.54,4.76
2026-07-17T03:00:00.000,6.09,144.13,-4.94,3.57
2026-07-17T03:10:00.000,12.03,155.81,-10.97,4.93
2026-07-17T03:20:00.000,6.34,113.65,-2.54,5.8
2026-07-17T03:30:00.000,15.89,151.52,-13.97,7.58
2026-07-17T03:40:00.000,14.55,178.45,-14.54,0.39
2026-07-17T03:50:00.000,10.6,319.27,8.03,-6.92
2026-07-17T04:00:00.000,24.85,353.82,24.7,-2.68
2026-07-17T04:10:00.000,24.52,44.21,17.58,17.1
2026-07-17T04:20:00.000,29.64,347.76,28.96,-6.28
2026-07-17T04:30:00.000,17.04,312.74,11.56,-12.51
2026-07-17T04:40:00.000,2.73,329.89,2.36,-1.37
2026-07-17T04:50:00.000,8.25,116.29,-3.65,7.39
2026-07-17T05:00:00.000,1.42,325.37,1.17,-0.81
2026-07-17T05:10:00.000,3.81,21.12,3.55,1.37
2026-07-17T05:20:00.000,0.92,241.99,-0.43,-0.81
2026-07-17T05:30:00.000,14.45,101.03,-2.77,14.18
2026-07-17T05:40:00.000,4.67,113.31,-1.85,4.29
2026-07-17T05:50:00.000,6.74,300.45,3.41,-5.81
2026-07-17T06:00:00.000,5.38,322.1,4.25,-3.3
2026-07-17T06:10:00.000,3.78,279.24,0.61,-3.73
2026-07-17T06:20:00.000,7.38,50.89,4.66,5.73
2026-07-17T06:30:00.000,10.09,162,-9.6,3.12
2026-07-17T06:40:00.000,4.05,147.76,-3.42,2.16
2026-07-17T06:50:00.000,11.59,334.53,10.47,-4.99
2026-07-17T07:00:00.000,5.45,291.08,1.96,-5.08
2026-07-17T07:10:00.000,7.79,145.58,-6.43,4.4
2026-07-17T07:20:00.000,4.09,153.41,-3.66,1.83
2026-07-17T07:30:00.000,1.25,206.12,-1.12,-0.55
2026-07-17T07:40:00.000,12.02,315.52,8.58,-8.42
2026-07-17T07:50:00.000,16.44,315.01,11.62,-11.62
2026-07-17T08:00:00.000,4.59,321.99,3.62,-2.83
2026-07-17T08:10:00.000,3.72,167.86,-3.63,0.78
2026-07-17T08:20:00.000,6.89,114.2,-2.83,6.29
2026-07-17T08:30:00.000,3.56,2.44,3.55,0.15
2026-07-17T08:40:00.000,9.38,319.54,7.14,-6.09
2026-07-17T08:50:00.000,2,284.31,0.49,-1.94
2026-07-17T09:00:00.000,3.29,131.74,-2.19,2.45
2026-07-17T09:10:00.000,5.77,129.66,-3.68,4.44
2026-07-17T09:20:00.000,2.06,330.33,1.79,-1.02
2026-07-17T09:30:00.000,4.08,324.53,3.32,-2.37
2026-07-17T09:40:00.000,7.36,329.8,6.36,-3.7
2026-07-17T09:50:00.000,3.83,355.21,3.81,-0.32
2026-07-17T10:00:00.000,12.09,134.61,-8.49,8.61
2026-07-17T10:10:00.000,10.03,116.62,-4.5,8.97
2026-07-17T10:20:00.000,10.07,317.94,7.47,-6.74
2026-07-17T10:30:00.000,8.55,332.34,7.57,-3.97
2026-07-17T10:40:00.000,5.73,95.53,-0.55,5.7
2026-07-17T10:50:00.000,5.33,118.34,-2.53,4.69
2026-07-17T11:00:00.000,7.33,98.4,-1.07,7.25
2026-07-17T11:10:00.000,8.16,152.85,-7.26,3.72
2026-07-17T11:20:00.000,2.92,114.18,-1.19,2.66
2026-07-17T11:30:00.000,5.46,226.37,-3.77,-3.95
2026-07-17T11:40:00.000,3.24,48.96,2.13,2.44
2026-07-17T11:50:00.000,1.4,218.66,-1.1,-0.88
2026-07-17T12:00:00.000,5.83,173.97,-5.8,0.61
2026-07-17T12:10:00.000,11.64,143.33,-9.34,6.95
2026-07-17T12:20:00.000,15.27,149.69,-13.18,7.7
2026-07-17T12:30:00.000,7.22,57.03,3.93,6.06
2026-07-17T12:40:00.000,22.99,336.91,21.15,-9.02
2026-07-17T12:50:00.000,10.96,197.44,-10.45,-3.28
2026-07-17T13:00:00.000,13.24,133.52,-9.12,9.6
2026-07-17T13:10:00.000,23.36,121.93,-12.35,19.83
2026-07-17T13:20:00.000,14.58,297.23,6.67,-12.96
2026-07-17T13:30:00.000,0.46,222.19,-0.34,-0.31
2026-07-17T13:40:00.000,14.01,131.33,-9.25,10.52
2026-07-17T13:50:00.000,21.02,168.36,-20.59,4.24
2026-07-17T14:00:00.000,13.53,163.53,-12.97,3.84
2026-07-17T14:10:00.000,2.49,303.63,1.38,-2.07
2026-07-17T14:20:00.000,8.22,274.04,0.58,-8.2
2026-07-17T14:30:00.000,13.04,322.53,10.35,-7.93
2026-07-17T14:40:00.000,7.71,356.61,7.7,-0.46
2026-07-17T14:50:00.000,6.03,320.03,4.62,-3.87
2026-07-17T15:00:00.000,4.01,230.39,-2.55,-3.09
2026-07-17T15:10:00.000,8.64,230.4,-5.51,-6.66
2026-07-17T15:20:00.000,1.44,247.33,-0.56,-1.33
2026-07-17T15:30:00.000,3.1,191.04,-3.05,-0.59
2026-07-17T15:40:00.000,21.15,142.94,-16.87,12.75
2026-07-17T15:50:00.000,19.88,129.47,-12.64,15.35
2026-07-17T16:00:00.000,8.02,182.81,-8.01,-0.39
2026-07-17T16:10:00.000,12.39,271.4,0.3,-12.38
2026-07-17T16:20:00.000,0.41,267.89,-0.02,-0.41
2026-07-17T16:30:00.000,8.54,46.31,5.9,6.17
2026-07-17T16:40:00.000,7.49,64.2,3.26,6.74
2026-07-17T16:50:00.000,15.09,99.95,-2.61,14.86
2026-07-17T17:00:00.000,0.92,232.06,-0.56,-0.72
2026-07-17T17:10:00.000,10.91,336,9.97,-4.44
2026-07-17T17:20:00.000,10.07,42.66,7.41,6.82
2026-07-17T17:30:00.000,3.7,256.68,-0.85,-3.6
2026-07-17T17:40:00.000,6.91,115.32,-2.95,6.24
2026-07-17T17:50:00.000,6.55,176.65,-6.54,0.38
2026-07-17T18:00:00.000,4.57,287.22,1.35,-4.37
2026-07-17T18:10:00.000,1.76,321.66,1.38,-1.09
2026-07-17T18:20:00.000,12.66,339.28,11.84,-4.48
2026-07-17T18:30:00.000,2.74,62.83,1.25,2.43
2026-07-17T18:40:00.000,3.28,338.3,3.05,-1.21
2026-07-17T18:50:00.000,4.67,317.54,3.44,-3.15
2026-07-17T19:00:00.000,1.06,244.02,-0.46,-0.95
2026-07-17T19:10:00.000,3.75,161.46,-3.55,1.19
2026-07-17T19:20:00.000,4.29,123.9,-2.39,3.56
2026-07-17T19:30:00.000,4.97,200.42,-4.65,-1.73
2026-07-17T19:40:00.000,7.85,338.33,7.3,-2.9
2026-07-17T19:50:00.000,1.04,280.2,0.18,-1.03
2026-07-17T20:00:00.000,0.91,175.03,-0.91,0.08
2026-07-17T20:10:00.000,11.87,156.44,-10.88,4.74
2026-07-17T20:20:00.000,8.41,140.33,-6.47,5.37
2026-07-17T20:30:00.000,3.19,121.26,-1.66,2.73
2026-07-17T20:40:00.000,2.68,202.16,-2.48,-1.01
2026-07-17T20:50:00.000,0.39,356.1,0.39,-0.03
2026-07-17T21:00:00.000,0.73,270.96,0.01,-0.73
2026-07-17T21:10:00.000,3.82,159.57,-3.58,1.34
2026-07-17T21:20:00.000,0.32,343.53,0.31,-0.09
2026-07-17T21:30:00.000,4.42,143.13,-3.53,2.65
2026-07-17T21:40:00.000,7.26,327.64,6.14,-3.89
2026-07-17T21:50:00.000,3.52,81.98,0.49,3.49
2026-07-17T22:00:00.000,4.28,206.19,-3.84,-1.89
2026-07-17T22:10:00.000,3.91,143.05,-3.12,2.35
2026-07-17T22:20:00.000,1.29,164.18,-1.25,0.35
2026-07-17T22:30:00.000,0.47,57.51,0.25,0.39
2026-07-17T22:40:00.000,2.4,340.42,2.26,-0.8
2026-07-17T22:50:00.000,4.6,285.88,1.26,-4.42
2026-07-17T23:00:00.000,8.68,184.54,-8.65,-0.69
2026-07-17T23:10:00.000,18.2,150.29,-15.81,9.02
2026-07-17T23:20:00.000,20.23,146.72,-16.91,11.1
2026-07-17T23:30:00.000,10.12,114.23,-4.15,9.22
2026-07-17T23:40:00.000,2.18,263.24,-0.26,-2.16
2026-07-17T23:50:00.000,13,314.7,9.14,-9.24
2026-07-18T00:00:00.000,12.9,149.28,-11.09,6.59
2026-07-18T00:10:00.000,30.49,148.37,-25.96,15.99
2026-07-18T00:20:00.000,21.77,131.74,-14.49,16.24
2026-07-18T00:30:00.000,15.88,341.51,15.06,-5.03
2026-07-18T00:40:00.000,5.83,110.87,-2.08,5.45
2026-07-18T00:50:00.000,6.89,193.65,-6.7,-1.63
2026-07-18T01:00:00.000,22.1,126.36,-13.1,17.79
2026-07-18T01:10:00.000,3.92,171.19,-3.88,0.6
2026-07-18T01:20:00.000,4.52,133.39,-3.11,3.28
2026-07-18T01:30:00.000,2.01,37.9,1.59,1.24
2026-07-18T01:40:00.000,0.69,284.95,0.18,-0.67
2026-07-18T01:50:00.000,5.7,22.44,5.26,2.17
2026-07-18T02:00:00.000,7.28,327.11,6.12,-3.96
2026-07-18T02:10:00.000,8.05,326.95,6.75,-4.39
2026-07-18T02:20:00.000,9.79,317.6,7.23,-6.6
2026-07-18T02:30:00.000,11.81,326.85,9.89,-6.46
2026-07-18T02:40:00.000,6.17,224.3,-4.42,-4.31
2026-07-18T02:50:00.000,16.34,152.29,-14.47,7.6
2026-07-18T03:00:00.000,14.96,151.61,-13.16,7.11
2026-07-18T03:10:00.000,23.16,133.52,-15.95,16.8
2026-07-18T03:20:00.000,1.77,175.12,-1.77,0.15
2026-07-18T03:30:00.000,15.72,337.2,14.49,-6.09
2026-07-18T03:40:00.000,12.05,342.38,11.48,-3.65
2026-07-18T03:50:00.000,10.72,353.11,10.65,-1.29
2026-07-18T04:00:00.000,9.81,125.85,-5.75,7.95
2026-07-18T04:10:00.000,20.99,143.5,-16.87,12.49
2026-07-18T04:20:00.000,7.51,62.08,3.52,6.64
2026-07-18T04:30:00.000,4.55,44.24,3.26,3.17
2026-07-18T04:40:00.000,3.62,311.71,2.41,-2.7
2026-07-18T04:50:00.000,6.07,338.78,5.65,-2.19
2026-07-18T05:00:00.000,1.5,82,0.21,1.49
2026-07-18T05:10:00.000,4.59,191.02,-4.5,-0.88
2026-07-18T05:20:00.000,5.17,324.6,4.21,-2.99
2026-07-18T05:30:00.000,4.49,6.8,4.45,0.53
2026-07-18T05:40:00.000,0.62,243.28,-0.28,-0.56
2026-07-18T05:50:00.000,9.21,118.25,-4.36,8.11
2026-07-18T06:00:00.000,6.12,124.28,-3.45,5.06
2026-07-18T06:10:00.000,3,263.11,-0.36,-2.98
2026-07-18T06:20:00.000,7.03,316.75,5.12,-4.81
2026-07-18T06:30:00.000,2.6,2.31,2.6,0.1
2026-07-18T06:40:00.000,3.09,199.74,-2.9,-1.04
2026-07-18T06:50:00.000,12.8,316.19,9.24,-8.86
2026-07-18T07:00:00.000,7.12,256.39,-1.68,-6.92
2026-07-18T07:10:00.000,5.12,183.03,-5.11,-0.27
2026-07-18T07:20:00.000,0.91,106.28,-0.26,0.88
2026-07-18T07:30:00.000,11.11,110.03,-3.8,10.44
2026-07-18T07:40:00.000,9.51,143.33,-7.63,5.68
2026-07-18T07:50:00.000,5,123.44,-2.76,4.18
2026-07-18T08:00:00.000,4.78,288.69,1.53,-4.53
2026-07-18T08:10:00.000,5.03,300.62,2.56,-4.33
2026-07-18T08:20:00.000,2.98,243.38,-1.34,-2.67
2026-07-18T08:30:00.000,8.44,150.75,-7.36,4.12
2026-07-18T08:40:00.000,13.05,156.64,-11.98,5.18
2026-07-18T08:50:00.000,13.08,146.64,-10.93,7.19
2026-07-18T09:00:00.000,8.67,326.4,7.22,-4.8
2026-07-18T09:10:00.000,4.64,270.01,0,-4.64
2026-07-18T09:20:00.000,7.81,124.29,-4.4,6.45
2026-07-18T09:30:00.000,0.22,204.4,-0.2,-0.09
2026-07-18T09:40:00.000,5.75,209.77,-4.99,-2.85
2026-07-18T09:50:00.000,3.84,219.27,-2.98,-2.43
2026-07-18T10:00:00.000,1.15,201.4,-1.07,-0.42
2026-07-18T10:10:00.000,9.5,147.84,-8.04,5.05
2026-07-18T10:20:00.000,4.6,194.52,-4.46,-1.15
2026-07-18T10:30:00.000,3.78,115.58,-1.63,3.41
2026-07-18T10:40:00.000,2.12,206.65,-1.89,-0.95
2026-07-18T10:50:00.000,10.55,107.48,-3.17,10.06
2026-07-18T11:00:00.000,21.48,148.98,-18.41,11.07
2026-07-18T11:10:00.000,14.49,131.96,-9.68,10.77
2026-07-18T11:20:00.000,7.87,151.32,-6.9,3.78
2026-07-18T11:30:00.000,0.64,128.01,-0.4,0.51
2026-07-18T11:40:00.000,8.26,136.15,-5.96,5.72
2026-07-18T11:50:00.000,5.56,135.49,-3.96,3.89
2026-07-18T12:00:00.000,4.46,158.84,-4.16,1.61
2026-07-18T12:10:00.000,4.62,151.81,-4.07,2.18
2026-07-18T12:20:00.000,6.18,141.58,-4.84,3.84
2026-07-18T12:30:00.000,3.8,124.68,-2.16,3.12
2026-07-18T12:40:00.000,2.32,53.02,1.4,1.85
2026-07-18T12:50:00.000,5,147.8,-4.23,2.67
2026-07-18T13:00:00.000,7.96,160.05,-7.48,2.72
2026-07-18T13:10:00.000,5.51,144.87,-4.51,3.17
2026-07-18T13:20:00.000,0.85,242.37,-0.39,-0.75
2026-07-18T13:30:00.000,3.41,178.26,-3.4,0.1
2026-07-18T13:40:00.000,7.76,130.4,-5.03,5.91
2026-07-18T13:50:00.000,3.41,108.4,-1.08,3.23
2026-07-18T14:00:00.000,9.13,192.29,-8.92,-1.94
2026-07-18T14:10:00.000,7.66,274.11,0.55,-7.64
2026-07-18T14:20:00.000,12.62,334.51,11.39,-5.43
2026-07-18T14:30:00.000,4.33,332.18,3.83,-2.02
2026-07-18T14:40:00.000,6.43,330.6,5.6,-3.16
2026-07-18T14:50:00.000,3.6,83.33,0.42,3.58
2026-07-18T15:00:00.000,2.61,228.72,-1.72,-1.96
2026-07-18T15:10:00.000,3.49,137.24,-2.56,2.37
2026-07-18T15:20:00.000,11.68,322.38,9.25,-7.13
2026-07-18T15:30:00.000,5.3,304.35,2.99,-4.38
2026-07-18T15:40:00.000,0.14,98.67,-0.02,0.14
2026-07-18T15:50:00.000,4.76,180.5,-4.76,-0.04
2026-07-18T16:00:00.000,6.09,152.78,-5.41,2.78
2026-07-18T16:10:00.000,2.64,92.73,-0.13,2.64
2026-07-18T16:20:00.000,2,353.78,1.99,-0.22
2026-07-18T16:30:00.000,6.16,347.71,6.01,-1.31
2026-07-18T16:40:00.000,0.46,292.62,0.18,-0.42
2026-07-18T16:50:00.000,11.44,144.98,-9.37,6.57
2026-07-18T17:00:00.000,7.58,141.05,-5.9,4.77
2026-07-18T17:10:00.000,5.93,85.12,0.5,5.91
2026-07-18T17:20:00.000,9.37,4.41,9.34,0.72
2026-07-18T17:30:00.000,4.96,332.54,4.4,-2.29
2026-07-18T17:40:00.000,3.87,131.81,-2.58,2.89
2026-07-18T17:50:00.000,6.45,136.01,-4.64,4.48
2026-07-18T18:00:00.000,2.62,133.87,-1.81,1.89
2026-07-18T18:10:00.000,7.94,328.65,6.78,-4.13
2026-07-18T18:20:00.000,3.97,288.37,1.25,-3.76
2026-07-18T18:30:00.000,4.9,83.34,0.57,4.87
2026-07-18T18:40:00.000,0.7,276.99,0.09,-0.69
2026-07-18T18:50:00.000,0.05,83.2,0.01,0.05
2026-07-18T19:00:00.000,4.58,331.81,4.04,-2.17
2026-07-18T19:10:00.000,1.02,264.27,-0.1,-1.02
2026-07-18T19:20:00.000,10.13,150.95,-8.86,4.92
2026-07-18T19:30:00.000,8.14,141.17,-6.34,5.11
2026-07-18T19:40:00.000,2.65,149.82,-2.29,1.33
2026-07-18T19:50:00.000,7.27,259.27,-1.35,-7.14
2026-07-18T20:00:00.000,3.78,133.27,-2.59,2.75
2026-07-18T20:10:00.000,4.38,163.18,-4.19,1.27
2026-07-18T20:20:00.000,8.06,110.57,-2.83,7.55
2026-07-18T20:30:00.000,0.9,292.01,0.34,-0.84
2026-07-18T20:40:00.000,0.95,277.47,0.12,-0.94
2026-07-18T20:50:00.000,0.52,288.18,0.16,-0.5
2026-07-18T21:00:00.000,5.1,310.73,3.33,-3.86
2026-07-18T21:10:00.000,2.83,244.77,-1.21,-2.56
2026-07-18T21:20:00.000,3.41,255.27,-0.87,-3.29
2026-07-18T21:30:00.000,0.82,257.46,-0.18,-0.8
2026-07-18T21:40:00.000,3.1,186.46,-3.08,-0.35
2026-07-18T21:50:00.000,0.17,135.53,-0.12,0.12
2026-07-18T22:00:00.000,0.28,286.52,0.08,-0.27
2026-07-18T22:10:00.000,2.19,191.15,-2.15,-0.42
2026-07-18T22:20:00.000,0.48,295.08,0.21,-0.44
2026-07-18T22:30:00.000,2.92,49.33,1.9,2.21
2026-07-18T22:40:00.000,6.74,109.57,-2.26,6.35
2026-07-18T22:50:00.000,10.89,328.46,9.28,-5.7
2026-07-18T23:00:00.000,0.81,214.31,-0.67,-0.46
2026-07-18T23:10:00.000,1.94,235.75,-1.09,-1.6
2026-07-18T23:20:00.000,4.48,155.83,-4.09,1.84
2026-07-18T23:30:00.000,5.18,110.16,-1.78,4.86
2026-07-18T23:40:00.000,4.27,278.85,0.66,-4.22
2026-07-18T23:50:00.000,1.82,34.03,1.5,1.02
2026-07-19T00:00:00.000,3.63,138.57,-2.72,2.4
2026-07-19T00:10:00.000,21.63,148.18,-18.38,11.4
2026-07-19T00:20:00.000,1.44,94.87,-0.12,1.43
2026-07-19T00:30:00.000,6.97,303.14,3.81,-5.84
2026-07-19T00:40:00.000,2.62,358.11,2.62,-0.09
2026-07-19T00:50:00.000,3.08,200.03,-2.9,-1.06
2026-07-19T01:00:00.000,10.33,148.46,-8.8,5.4
2026-07-19T01:10:00.000,9.13,136.97,-6.68,6.23
2026-07-19T01:20:00.000,11.16,144.61,-9.1,6.46
2026-07-19T01:30:00.000,3.1,191.57,-3.04,-0.62
2026-07-19T01:40:00.000,0.69,274.82,0.06,-0.69
2026-07-19T01:50:00.000,4.19,133.64,-2.89,3.03
2026-07-19T02:00:00.000,5.3,181.27,-5.3,-0.12
2026-07-19T02:10:00.000,8.31,158.04,-7.71,3.11
2026-07-19T02:20:00.000,10.33,124.1,-5.79,8.55
2026-07-19T02:30:00.000,7.85,134.18,-5.47,5.63
2026-07-19T02:40:00.000,3.31,84.12,0.34,3.3
2026-07-19T02:50:00.000,11.84,146.76,-9.9,6.49
2026-07-19T03:00:00.000,0.97,271.46,0.02,-0.97
2026-07-19T03:10:00.000,9.79,335.16,8.89,-4.11
2026-07-19T03:20:00.000,10.92,333.95,9.81,-4.8
2026-07-19T03:30:00.000,7.65,336.05,6.99,-3.1
2026-07-19T03:40:00.000,4.69,225.6,-3.28,-3.35
2026-07-19T03:50:00.000,5.33,115.01,-2.25,4.83
2026-07-19T04:00:00.000,4.37,163.23,-4.18,1.26
2026-07-19T04:10:00.000,0.78,284.75,0.2,-0.75
2026-07-19T04:20:00.000,2.64,339.07,2.47,-0.94
2026-07-19T04:30:00.000,3.73,44.2,2.68,2.6
2026-07-19T04:40:00.000,2.71,294.4,1.12,-2.47
2026-07-19T04:50:00.000,8.84,281.21,1.72,-8.67
2026-07-19T05:00:00.000,4,332.45,3.54,-1.85
2026-07-19T05:10:00.000,0.73,41.49,0.54,0.48
2026-07-19T05:20:00.000,4.44,126.34,-2.63,3.57
2026-07-19T05:30:00.000,1.97,237.72,-1.05,-1.67
2026-07-19T05:40:00.000,2.8,78.17,0.57,2.74
2026-07-19T05:50:00.000,3.47,175.99,-3.46,0.24
2026-07-19T06:00:00.000,6.66,108.87,-2.15,6.31
2026-07-19T06:10:00.000,2.55,99.23,-0.41,2.52
2026-07-19T06:20:00.000,1.15,335.51,1.05,-0.48
2026-07-19T06:30:00.000,9.49,310.62,6.18,-7.2
2026-07-19T06:40:00.000,0.27,218.33,-0.21,-0.16
2026-07-19T06:50:00.000,7.45,172.23,-7.38,1.01
2026-07-19T07:00:00.000,7.91,158.36,-7.35,2.92
2026-07-19T07:10:00.000,1.28,327.68,1.09,-0.69
2026-07-19T07:20:00.000,4.59,229.44,-2.98,-3.49
2026-07-19T07:30:00.000,3.66,106.46,-1.04,3.51
2026-07-19T07:40:00.000,3.75,163.91,-3.6,1.04
2026-07-19T07:50:00.000,3.27,190.45,-3.22,-0.59
2026-07-19T08:00:00.000,0.51,277.39,0.07,-0.51
2026-07-19T08:10:00.000,4.17,193.81,-4.05,-1
2026-07-19T08:20:00.000,0.16,268.84,0,-0.16
2026-07-19T08:30:00.000,5.52,324.14,4.47,-3.23
2026-07-19T08:40:00.000,2.51,220.4,-1.91,-1.63
2026-07-19T08:50:00.000,3.81,8.5,3.76,0.56
2026-07-19T09:00:00.000,0.61,291.22,0.22,-0.57
2026-07-19T09:10:00.000,0.52,315.07,0.37,-0.37
2026-07-19T09:20:00.000,4.48,311.78,2.99,-3.34
2026-07-19T09:30:00.000,2.53,301.81,1.33,-2.15
2026-07-19T09:40:00.000,0.28,256.68,-0.06,-0.27
2026-07-19T09:50:00.000,0.63,258.32,-0.13,-0.62
2026-07-19T10:00:00.000,0.58,279.91,0.1,-0.57
2026-07-19T10:10:00.000,2.4,301.03,1.24,-2.06
2026-07-19T10:20:00.000,2.69,36.67,2.16,1.61
2026-07-19T10:30:00.000,0.52,298.71,0.25,-0.45
2026-07-19T10:40:00.000,0.16,216.07,-0.13,-0.09
2026-07-19T10:50:00.000,2.48,254.95,-0.65,-2.4
2026-07-19T11:00:00.000,1.15,291.31,0.42,-1.07
2026-07-19T11:10:00.000,0.46,275.95,0.05,-0.46
2026-07-19T11:20:00.000,0.28,269.07,0,-0.28
2026-07-19T11:30:00.000,0.41,241.92,-0.19,-0.36
2026-07-19T11:40:00.000,0.78,278.27,0.11,-0.77
2026-07-19T11:50:00.000,4.71,117.89,-2.2,4.16
2026-07-19T12:00:00.000,8.52,98.29,-1.23,8.43
2026-07-19T12:10:00.000,4.41,106.54,-1.25,4.22
2026-07-19T12:20:00.000,3.46,321.37,2.7,-2.16
2026-07-19T12:30:00.000,0.25,213.32,-0.21,-0.14
2026-07-19T12:40:00.000,5.92,166.74,-5.76,1.36
2026-07-19T12:50:00.000,5.46,143.52,-4.39,3.25
2026-07-19T13:00:00.000,5.78,129.93,-3.71,4.43
2026-07-19T13:10:00.000,1.09,47.79,0.73,0.81
2026-07-19T13:20:00.000,5.17,145.69,-4.27,2.92
2026-07-19T13:30:00.000,7.42,148.15,-6.3,3.91
2026-07-19T13:40:00.000,6.35,132.06,-4.25,4.71
2026-07-19T13:50:00.000,4.87,120.89,-2.5,4.18
2026-07-19T14:00:00.000,8.27,150.97,-7.23,4.01
2026-07-19T14:10:00.000,9.47,135.98,-6.81,6.58
2026-07-19T14:20:00.000,8.6,113.41,-3.42,7.89
2026-07-19T14:30:00.000,1.79,198.22,-1.7,-0.56
2026-07-19T14:40:00.000,2.85,143.42,-2.29,1.7
2026-07-19T14:50:00.000,2.52,195.68,-2.42,-0.68
2026-07-19T15:00:00.000,4.11,293.31,1.63,-3.78
2026-07-19T15:10:00.000,2.59,15.2,2.5,0.68
2026-07-19T15:20:00.000,1.84,113.93,-0.75,1.68
2026-07-19T15:30:00.000,6.77,7.61,6.71,0.9
2026-07-19T15:40:00.000,4.3,347.15,4.19,-0.96
2026-07-19T15:50:00.000,5.65,284.15,1.38,-5.48
2026-07-19T16:00:00.000,5.46,358.91,5.46,-0.1
2026-07-19T16:10:00.000,5.17,329.24,4.45,-2.65
2026-07-19T16:20:00.000,3.32,205.29,-3,-1.42
2026-07-19T16:30:00.000,5.62,184.11,-5.61,-0.4
2026-07-19T16:40:00.000,2.57,176.98,-2.57,0.14
2026-07-19T16:50:00.000,1.11,154.65,-1,0.47
2026-07-19T17:00:00.000,0.41,309.67,0.26,-0.31
2026-07-19T17:10:00.000,3.11,222.95,-2.28,-2.12
2026-07-19T17:20:00.000,0.95,335.21,0.86,-0.4
2026-07-19T17:30:00.000,6.74,133.9,-4.68,4.86
2026-07-19T17:40:00.000,6.13,170.78,-6.06,0.98
2026-07-19T17:50:00.000,1.38,13.49,1.35,0.32
2026-07-19T18:00:00.000,1.99,13.06,1.94,0.45
2026-07-19T18:10:00.000,1.7,31.18,1.45,0.88
2026-07-19T18:20:00.000,1.91,293.04,0.75,-1.76
2026-07-19T18:30:00.000,1.39,336.24,1.27,-0.56
2026-07-19T18:40:00.000,0.27,105.79,-0.07,0.26
2026-07-19T18:50:00.000,0.9,270.87,0.01,-0.9
2026-07-19T19:00:00.000,0.36,282.17,0.08,-0.35
2026-07-19T19:10:00.000,4.87,307.09,2.94,-3.88
2026-07-19T19:20:00.000,2.5,254.27,-0.68,-2.4
2026-07-19T19:30:00.000,8.8,138.49,-6.59,5.83
2026-07-19T19:40:00.000,6.96,143.53,-5.6,4.14
2026-07-19T19:50:00.000,6.18,172.31,-6.13,0.83
2026-07-19T20:00:00.000,7.24,148.73,-6.19,3.76
2026-07-19T20:10:00.000,0.37,268.03,-0.01,-0.36
2026-07-19T20:20:00.000,4.94,315.06,3.49,-3.49
2026-07-19T20:30:00.000,2.16,334.66,1.95,-0.92
2026-07-19T20:40:00.000,4.37,205.22,-3.96,-1.86
2026-07-19T20:50:00.000,5.05,179.91,-5.05,0.01
2026-07-19T21:00:00.000,0.64,270.22,0,-0.64
2026-07-19T21:10:00.000,0.67,310.34,0.43,-0.51
2026-07-19T21:20:00.000,4.01,176.09,-4,0.27
2026-07-19T21:30:00.000,1.76,211.32,-1.5,-0.92
2026-07-19T21:40:00.000,4.12,359.77,4.12,-0.02
2026-07-19T21:50:00.000,0.99,246.13,-0.4,-0.9
2026-07-19T22:00:00.000,3.74,111.41,-1.37,3.48
2026-07-19T22:10:00.000,1.5,179.17,-1.5,0.02
2026-07-19T22:20:00.000,4.22,4.18,4.21,0.31
2026-07-19T22:30:00.000,1.49,306.5,0.89,-1.2
2026-07-19T22:40:00.000,4.67,326.97,3.92,-2.55
2026-07-19T22:50:00.000,8.24,326.35,6.86,-4.57
2026-07-19T23:00:00.000,5.03,337.92,4.66,-1.89
2026-07-19T23:10:00.000,1.29,8.06,1.28,0.18
2026-07-19T23:20:00.000,0.62,236.29,-0.34,-0.51
2026-07-19T23:30:00.000,2.72,243.95,-1.2,-2.45
2026-07-19T23:40:00.000,4.46,127.74,-2.73,3.53
2026-07-19T23:50:00.000,4.3,51.03,2.7,3.34
2026-07-20T00:00:00.000,4.97,0.7,4.97,0.06
2026-07-20T00:10:00.000,5.06,152.63,-4.5,2.33
2026-07-20T00:20:00.000,11.85,159.83,-11.12,4.09
2026-07-20T00:30:00.000,7.57,146.19,-6.29,4.21
2026-07-20T00:40:00.000,6.45,136.36,-4.67,4.45
2026-07-20T00:50:00.000,2.97,104.25,-0.73,2.88
2026-07-20T01:00:00.000,3.92,170.62,-3.87,0.64
2026-07-20T01:10:00.000,1.6,132.51,-1.08,1.18
2026-07-20T01:20:00.000,0.61,96.65,-0.07,0.6
2026-07-20T01:30:00.000,2.08,307.65,1.27,-1.64
2026-07-20T01:40:00.000,0.83,297.16,0.38,-0.74
2026-07-20T01:50:00.000,6.35,255.78,-1.56,-6.16
2026-07-20T02:00:00.000,10.67,127.24,-6.46,8.49
2026-07-20T02:10:00.000,19.82,141.94,-15.6,12.22
2026-07-20T02:20:00.000,17.63,126.7,-10.54,14.14
2026-07-20T02:30:00.000,0.97,114.99,-0.41,0.88
2026-07-20T02:40:00.000,0.8,178.34,-0.8,0.02
2026-07-20T02:50:00.000,16.96,140.55,-13.1,10.78
2026-07-20T03:00:00.000,13.37,123.1,-7.3,11.2
2026-07-20T03:10:00.000,4.35,238.31,-2.29,-3.7
2026-07-20T03:20:00.000,13.54,309.42,8.6,-10.46
2026-07-20T03:30:00.000,6.65,337.78,6.16,-2.52
2026-07-20T03:40:00.000,4.04,329.44,3.48,-2.05
2026-07-20T03:50:00.000,5.89,17.74,5.61,1.79
2026-07-20T04:00:00.000,10.25,300.76,5.24,-8.81
2026-07-20T04:10:00.000,1.13,198.8,-1.07,-0.36
2026-07-20T04:20:00.000,11.92,146.18,-9.9,6.63
2026-07-20T04:30:00.000,8.55,162.44,-8.15,2.58
2026-07-20T04:40:00.000,8.29,249.76,-2.87,-7.78
2026-07-20T04:50:00.000,0.66,249.36,-0.23,-0.61
2026-07-20T05:00:00.000,6.44,161.35,-6.1,2.06
2026-07-20T05:10:00.000,2.18,210.67,-1.88,-1.11
2026-07-20T05:20:00.000,0.79,291.85,0.3,-0.74
2026-07-20T05:30:00.000,0.45,299.52,0.22,-0.39
2026-07-20T05:40:00.000,5.12,323.7,4.13,-3.03
2026-07-20T05:50:00.000,0.42,112.04,-0.16,0.39
2026-07-20T06:00:00.000,1.56,344.21,1.5,-0.42
2026-07-20T06:10:00.000,6.08,315.74,4.35,-4.24
2026-07-20T06:20:00.000,3.39,114,-1.38,3.1
2026-07-20T06:30:00.000,1.76,122.02,-0.93,1.49
2026-07-20T06:40:00.000,3.8,299.43,1.87,-3.31
2026-07-20T06:50:00.000,8.72,333.21,7.78,-3.93
2026-07-20T07:00:00.000,2.87,325.48,2.36,-1.63
2026-07-20T07:10:00.000,2.85,237.5,-1.53,-2.4
2026-07-20T07:20:00.000,0.94,243.49,-0.42,-0.85
2026-07-20T07:30:00.000,0.48,323,0.38,-0.29
2026-07-20T07:40:00.000,2.15,336.21,1.97,-0.87
2026-07-20T07:50:00.000,3.29,258.47,-0.66,-3.23
2026-07-20T08:00:00.000,0.53,213.84,-0.44,-0.29
2026-07-20T08:10:00.000,3.04,182,-3.03,-0.11
2026-07-20T08:20:00.000,1.99,208.05,-1.76,-0.94
2026-07-20T08:30:00.000,0.84,42.29,0.62,0.56
2026-07-20T08:40:00.000,4.15,336.61,3.81,-1.65
2026-07-20T08:50:00.000,3.1,241.01,-1.5,-2.71
2026-07-20T09:00:00.000,3.78,138.62,-2.83,2.5
2026-07-20T09:10:00.000,2.98,113.2,-1.17,2.74
2026-07-20T09:20:00.000,4.05,338.93,3.78,-1.46
2026-07-20T09:30:00.000,3.19,288.43,1.01,-3.02
2026-07-20T09:40:00.000,1.11,217.51,-0.88,-0.68
2026-07-20T09:50:00.000,0.6,257,-0.13,-0.58
2026-07-20T10:00:00.000,7.12,324.53,5.8,-4.13
2026-07-20T10:10:00.000,1.18,325.44,0.97,-0.67
2026-07-20T10:20:00.000,2.79,323.38,2.24,-1.66
2026-07-20T10:30:00.000,1.27,4.95,1.27,0.11
2026-07-20T10:40:00.000,4.48,334.08,4.03,-1.96
2026-07-20T10:50:00.000,0.85,70.53,0.28,0.8
2026-07-20T11:00:00.000,0.7,225.93,-0.49,-0.5
2026-07-20T11:10:00.000,2.95,217.51,-2.34,-1.8
2026-07-20T11:20:00.000,5.17,161.4,-4.9,1.65
2026-07-20T11:30:00.000,9.09,160.64,-8.58,3.01
2026-07-20T11:40:00.000,6.62,163.24,-6.34,1.91
2026-07-20T11:50:00.000,1.86,156.88,-1.71,0.73
2026-07-20T12:00:00.000,3.21,177.15,-3.21,0.16
2026-07-20T12:10:00.000,0.93,133.26,-0.64,0.68
2026-07-20T12:20:00.000,7.19,137.5,-5.3,4.86
2026-07-20T12:30:00.000,2.83,115,-1.2,2.57
2026-07-20T12:40:00.000,1.44,86.82,0.08,1.44
2026-07-20T12:50:00.000,0.97,85.93,0.07,0.97
2026-07-20T13:00:00.000,2.05,120.46,-1.04,1.77
2026-07-20T13:10:00.000,2.99,20.62,2.8,1.05
2026-07-20T13:20:00.000,7.69,327.93,6.52,-4.08
2026-07-20T13:30:00.000,3.27,316.39,2.37,-2.26
2026-07-20T13:40:00.000,3.32,146.22,-2.76,1.84
2026-07-20T13:50:00.000,4.52,108.4,-1.43,4.28
2026-07-20T14:00:00.000,3.49,140.11,-2.68,2.24
2026-07-20T14:10:00.000,4.58,148.87,-3.92,2.37
2026-07-20T14:20:00.000,4.07,137.95,-3.02,2.73
2026-07-20T14:30:00.000,6.97,152.18,-6.17,3.25
2026-07-20T14:40:00.000,4.5,314.34,3.15,-3.22
2026-07-20T14:50:00.000,8.07,330.09,6.99,-4.02
2026-07-20T15:00:00.000,1.25,90.82,-0.02,1.25
2026-07-20T15:10:00.000,23.03,148.69,-19.68,11.97
2026-07-20T15:20:00.000,21.83,149.22,-18.75,11.17
2026-07-20T15:30:00.000,33.61,355.4,33.5,-2.7
2026-07-20T15:40:00.000,8.77,256.78,-2.01,-8.54
2026-07-20T15:50:00.000,9.59,152.68,-8.52,4.4
2026-07-20T16:00:00.000,10.08,100.6,-1.86,9.91
2026-07-20T16:10:00.000,6.66,63.05,3.02,5.93
2026-07-20T16:20:00.000,14.07,102.89,-3.14,13.71
2026-07-20T16:30:00.000,4.85,121.2,-2.51,4.14
2026-07-20T16:40:00.000,3.42,115.43,-1.47,3.09
2026-07-20T16:50:00.000,2.45,12.98,2.39,0.55
2026-07-20T17:00:00.000,8.29,15.76,7.98,2.25
2026-07-20T17:10:00.000,2.94,262.01,-0.41,-2.91
2026-07-20T17:20:00.000,8.76,99.4,-1.43,8.64
2026-07-20T17:30:00.000,1.76,275.51,0.17,-1.75
2026-07-20T17:40:00.000,16.69,350.17,16.44,-2.85
2026-07-20T17:50:00.000,13.54,317.69,10.01,-9.11
2026-07-20T18:00:00.000,13.67,132.03,-9.15,10.16
2026-07-20T18:10:00.000,23.02,155.83,-21.01,9.43
2026-07-20T18:20:00.000,14.51,150.8,-12.66,7.08
2026-07-20T18:30:00.000,6.78,330.96,5.93,-3.29
2026-07-20T18:40:00.000,0.99,275.4,0.09,-0.99
2026-07-20T18:50:00.000,3.38,318.52,2.53,-2.24
2026-07-20T19:00:00.000,5.06,162.09,-4.81,1.56
2026-07-20T19:10:00.000,0.63,236.91,-0.34,-0.53
2026-07-20T19:20:00.000,4.19,146.98,-3.51,2.28
2026-07-20T19:30:00.000,8,148.29,-6.81,4.21
2026-07-20T19:40:00.000,10.15,153.71,-9.1,4.5
2026-07-20T19:50:00.000,0.7,69.41,0.24,0.65
2026-07-20T20:00:00.000,4.97,6.12,4.94,0.53
2026-07-20T20:10:00.000,4.35,318.68,3.27,-2.87
2026-07-20T20:20:00.000,7.57,329.87,6.55,-3.8
2026-07-20T20:30:00.000,2.37,253.37,-0.68,-2.27
2026-07-20T20:40:00.000,0.94,239.6,-0.48,-0.81
2026-07-20T20:50:00.000,3.54,177.66,-3.54,0.14
2026-07-20T21:00:00.000,2.98,204.77,-2.71,-1.25
2026-07-20T21:10:00.000,3.59,165.2,-3.47,0.92
2026-07-20T21:20:00.000,1.91,147.78,-1.62,1.02
2026-07-20T21:30:00.000,3.28,107.37,-0.98,3.13
2026-07-20T21:40:00.000,1.6,63.8,0.71,1.44
2026-07-20T21:50:00.000,4.74,16.25,4.55,1.33
2026-07-20T22:00:00.000,3.86,203.36,-3.55,-1.53
2026-07-20T22:10:00.000,1.05,122.49,-0.56,0.88
2026-07-20T22:20:00.000,2.94,197.1,-2.81,-0.87
2026-07-20T22:30:00.000,3.86,292.38,1.47,-3.57
2026-07-20T22:40:00.000,0.3,303.09,0.17,-0.25
2026-07-20T22:50:00.000,3.93,314.86,2.77,-2.79
2026-07-20T23:00:00.000,3.61,8.44,3.57,0.53
2026-07-20T23:10:00.000,9.46,334.97,8.57,-4
2026-07-20T23:20:00.000,2.23,338.12,2.07,-0.83
2026-07-20T23:30:00.000,11.65,347.81,11.38,-2.46
2026-07-20T23:40:00.000,3.51,340.99,3.32,-1.14
2026-07-20T23:50:00.000,5.44,317.3,4,-3.69
2026-07-21T00:00:00.000,0.86,291.21,0.31,-0.8
2026-07-21T00:10:00.000,4.26,323.6,3.43,-2.53
2026-07-21T00:20:00.000,2.92,261.77,-0.42,-2.89
2026-07-21T00:30:00.000,0.8,243.7,-0.35,-0.71
2026-07-21T00:40:00.000,8.25,116.32,-3.66,7.4
2026-07-21T00:50:00.000,2.15,103.46,-0.5,2.09
2026-07-21T01:00:00.000,0.91,181.13,-0.91,-0.02
2026-07-21T01:10:00.000,3.07,2.84,3.06,0.15
2026-07-21T01:20:00.000,5.32,333.12,4.74,-2.4
2026-07-21T01:30:00.000,5.85,105.66,-1.58,5.63
2026-07-21T01:40:00.000,19.73,146.44,-16.44,10.91
2026-07-21T01:50:00.000,0.83,181.29,-0.83,-0.02
2026-07-21T02:00:00.000,10.56,319.69,8.05,-6.83
2026-07-21T02:10:00.000,4.86,165.17,-4.7,1.24
2026-07-21T02:20:00.000,32.37,147.42,-27.28,17.43
2026-07-21T02:30:00.000,3.42,134.3,-2.39,2.45
2026-07-21T02:40:00.000,6.95,271.58,0.19,-6.95
2026-07-21T02:50:00.000,5.52,110.39,-1.92,5.18
2026-07-21T03:00:00.000,15.71,130.57,-10.22,11.93
2026-07-21T03:10:00.000,21.04,140.01,-16.12,13.52
2026-07-21T03:20:00.000,1.8,139.07,-1.36,1.18
2026-07-21T03:30:00.000,3,294.29,1.23,-2.74
2026-07-21T03:40:00.000,12.63,117.07,-5.75,11.25
2026-07-21T03:50:00.000,4.52,122,-2.39,3.83
2026-07-21T04:00:00.000,3.86,352.15,3.82,-0.53
2026-07-21T04:10:00.000,3.64,316,2.62,-2.53
2026-07-21T04:20:00.000,5.86,310.98,3.84,-4.43
2026-07-21T04:30:00.000,3.28,290.25,1.14,-3.08
2026-07-21T04:40:00.000,2.41,351.85,2.38,-0.34
2026-07-21T04:50:00.000,13.32,333.43,11.91,-5.96
2026-07-21T05:00:00.000,17.45,330.72,15.22,-8.54
2026-07-21T05:10:00.000,6.3,157.62,-5.83,2.4
2026-07-21T05:20:00.000,25.65,133.52,-17.66,18.6
2026-07-21T05:30:00.000,6.12,162.83,-5.85,1.81
2026-07-21T05:40:00.000,8.85,331.36,7.77,-4.24
2026-07-21T05:50:00.000,4.35,326.28,3.62,-2.41
2026-07-21T06:00:00.000,2.67,5.28,2.66,0.25
2026-07-21T06:10:00.000,1.58,196.42,-1.51,-0.45
2026-07-21T06:20:00.000,5.78,344.67,5.58,-1.53
2026-07-21T06:30:00.000,10.87,344.22,10.46,-2.96
2026-07-21T06:40:00.000,1.01,280.35,0.18,-0.99
2026-07-21T06:50:00.000,1.41,233.28,-0.84,-1.13
2026-07-21T07:00:00.000,6.07,113.66,-2.44,5.56
2026-07-21T07:10:00.000,0.98,101.42,-0.19,0.96
2026-07-21T07:20:00.000,0.93,354,0.92,-0.1
2026-07-21T07:30:00.000,4.99,352.28,4.94,-0.67
2026-07-21T07:40:00.000,4.72,306.68,2.82,-3.79
2026-07-21T07:50:00.000,0.55,307.44,0.33,-0.43
2026-07-21T08:00:00.000,2.82,121.49,-1.47,2.4
2026-07-21T08:10:00.000,0.45,269.32,-0.01,-0.45
2026-07-21T08:20:00.000,5.27,303.7,2.92,-4.38
2026-07-21T08:30:00.000,4.8,339.83,4.51,-1.66
2026-07-21T08:40:00.000,1.98,165.97,-1.92,0.48
2026-07-21T08:50:00.000,0.64,208.36,-0.57,-0.31
2026-07-21T09:00:00.000,0.54,296.84,0.24,-0.48
2026-07-21T09:10:00.000,1.23,223.08,-0.9,-0.84
2026-07-21T09:20:00.000,5.22,339.03,4.88,-1.87
2026-07-21T09:30:00.000,0.36,260.51,-0.06,-0.35
2026-07-21T09:40:00.000,0.41,120.46,-0.21,0.35
2026-07-21T09:50:00.000,3.49,160.81,-3.3,1.15
2026-07-21T10:00:00.000,4.19,162.08,-3.98,1.29
2026-07-21T10:10:00.000,2.04,156.17,-1.86,0.82
2026-07-21T10:20:00.000,9.62,331.23,8.44,-4.63
2026-07-21T10:30:00.000,4.73,352.27,4.68,-0.64
2026-07-21T10:40:00.000,0.1,337.36,0.1,-0.04
2026-07-21T10:50:00.000,7.58,24.16,6.91,3.1
2026-07-21T11:00:00.000,0.31,251.26,-0.1,-0.29
2026-07-21T11:10:00.000,2.46,272.08,0.09,-2.46
2026-07-21T11:20:00.000,4.14,342.06,3.94,-1.27
2026-07-21T11:30:00.000,4.37,330.12,3.79,-2.18
2026-07-21T11:40:00.000,3.29,291.66,1.21,-3.06
2026-07-21T11:50:00.000,4.04,137.82,-2.99,2.71
2026-07-21T12:00:00.000,3.05,149.53,-2.63,1.55
2026-07-21T12:10:00.000,0.83,247.3,-0.32,-0.77
2026-07-21T12:20:00.000,7.13,335.24,6.47,-2.99
2026-07-21T12:30:00.000,4.95,315.99,3.56,-3.44
2026-07-21T12:40:00.000,4.06,332.81,3.61,-1.85
2026-07-21T12:50:00.000,0.47,266.75,-0.03,-0.47
2026-07-21T13:00:00.000,3.12,152.21,-2.76,1.46
2026-07-21T13:10:00.000,1.94,307.95,1.19,-1.53
2026-07-21T13:20:00.000,3.57,205.17,-3.23,-1.52
2026-07-21T13:30:00.000,1.48,84.67,0.14,1.48
2026-07-21T13:40:00.000,3.25,50.97,2.05,2.52
2026-07-21T13:50:00.000,2.38,23.48,2.18,0.95
2026-07-21T14:00:00.000,1.84,277.74,0.25,-1.82
2026-07-21T14:10:00.000,0.68,317.63,0.51,-0.46
2026-07-21T14:20:00.000,1.17,200.29,-1.1,-0.41
2026-07-21T14:30:00.000,0.17,274.05,0.01,-0.17
2026-07-21T14:40:00.000,3.72,90.65,-0.04,3.72
2026-07-21T14:50:00.000,1,32.12,0.85,0.53
2026-07-21T15:00:00.000,0.86,46.28,0.59,0.62
2026-07-21T15:10:00.000,0.7,37.49,0.56,0.43
2026-07-21T15:20:00.000,0.61,175.56,-0.6,0.05
2026-07-21T15:30:00.000,11.35,153.48,-10.15,5.07
2026-07-21T15:40:00.000,11.78,145.06,-9.66,6.75
2026-07-21T15:50:00.000,5.94,313.39,4.08,-4.32
2026-07-21T16:00:00.000,5.19,120.24,-2.61,4.48
2026-07-21T16:10:00.000,4.55,141.97,-3.58,2.8
2026-07-21T16:20:00.000,8.84,128.54,-5.51,6.91
2026-07-21T16:30:00.000,2.5,58.94,1.29,2.14
2026-07-21T16:40:00.000,12.52,344.49,12.07,-3.35
2026-07-21T16:50:00.000,2.72,204.42,-2.47,-1.12
2026-07-21T17:00:00.000,17.85,136.36,-12.91,12.32
2026-07-21T17:10:00.000,3.87,122.5,-2.08,3.27
2026-07-21T17:20:00.000,2.41,164.87,-2.33,0.63
2026-07-21T17:30:00.000,20.97,277.24,2.64,-20.81
2026-07-21T17:40:00.000,8.78,316.25,6.34,-6.07
2026-07-21T17:50:00.000,11.15,314.9,7.87,-7.9
2026-07-21T18:00:00.000,19,324.81,15.53,-10.95
2026-07-21T18:10:00.000,0.96,348.24,0.94,-0.2
2026-07-21T18:20:00.000,4.39,140.6,-3.39,2.79
2026-07-21T18:30:00.000,4.94,175.84,-4.93,0.36
2026-07-21T18:40:00.000,0.9,138.84,-0.67,0.59
2026-07-21T18:50:00.000,12.17,327.25,10.24,-6.58
2026-07-21T19:00:00.000,2.93,234.08,-1.72,-2.37
2026-07-21T19:10:00.000,3.36,254.93,-0.87,-3.25
2026-07-21T19:20:00.000,5.55,157.9,-5.14,2.09
2026-07-21T19:30:00.000,5.8,165.27,-5.61,1.47
2026-07-21T19:40:00.000,3.8,237.73,-2.03,-3.22
2026-07-21T19:50:00.000,0.58,344.12,0.56,-0.16
2026-07-21T20:00:00.000,6.39,132.66,-4.33,4.7
2026-07-21T20:10:00.000,2.59,32.1,2.19,1.38
2026-07-21T20:20:00.000,5.67,329.44,4.88,-2.88
2026-07-21T20:30:00.000,8.05,324.05,6.52,-4.73
2026-07-21T20:40:00.000,4.37,356.43,4.36,-0.27
2026-07-21T20:50:00.000,5.68,304.98,3.25,-4.65
2026-07-21T21:00:00.000,3.62,276.14,0.39,-3.6
2026-07-21T21:10:00.000,1.28,268.79,-0.03,-1.28
2026-07-21T21:20:00.000,9.06,161.81,-8.61,2.83
2026-07-21T21:30:00.000,3.71,188.73,-3.67,-0.56
2026-07-21T21:40:00.000,2.77,146.49,-2.31,1.53
2026-07-21T21:50:00.000,3.49,332.18,3.09,-1.63
2026-07-21T22:00:00.000,0.84,212.07,-0.71,-0.45
2026-07-21T22:10:00.000,4.59,173.08,-4.56,0.55
2026-07-21T22:20:00.000,5.61,147.88,-4.75,2.98
2026-07-21T22:30:00.000,4.47,152.41,-3.96,2.07
2026-07-21T22:40:00.000,8.17,331.3,7.17,-3.93
2026-07-21T22:50:00.000,5.87,337.48,5.42,-2.25
2026-07-21T23:00:00.000,5.08,348.78,4.98,-0.99
2026-07-21T23:10:00.000,6.14,183.38,-6.13,-0.36
2026-07-21T23:20:00.000,0.85,106.79,-0.25,0.81
2026-07-21T23:30:00.000,0.19,348.49,0.18,-0.04
2026-07-21T23:40:00.000,10.51,318.39,7.86,-6.98
2026-07-21T23:50:00.000,2.66,17.08,2.55,0.78
2026-07-22T00:00:00.000,1.18,225.28,-0.83,-0.84
2026-07-22T00:10:00.000,3.64,193.33,-3.54,-0.84
2026-07-22T00:20:00.000,5.29,277.73,0.71,-5.24
2026-07-22T00:30:00.000,0.38,311.07,0.25,-0.29
2026-07-22T00:40:00.000,1.46,181.39,-1.46,-0.04
2026-07-22T00:50:00.000,6.52,142.55,-5.18,3.97
2026-07-22T01:00:00.000,2.5,129.04,-1.57,1.94
2026-07-22T01:10:00.000,3.75,321.87,2.95,-2.31
2026-07-22T01:20:00.000,0.4,244.64,-0.17,-0.36
2026-07-22T01:30:00.000,1.05,212.67,-0.88,-0.57
2026-07-22T01:40:00.000,2.95,323.04,2.36,-1.77
2026-07-22T01:50:00.000,4.05,323.15,3.24,-2.43
2026-07-22T02:00:00.000,3.55,272.81,0.17,-3.55
2026-07-22T02:10:00.000,0.46,240.53,-0.23,-0.4
2026-07-22T02:20:00.000,1.99,101.51,-0.4,1.95
2026-07-22T02:30:00.000,0.47,98.54,-0.07,0.47
2026-07-22T02:40:00.000,2.65,136.1,-1.91,1.84
2026-07-22T02:50:00.000,6.08,173.44,-6.04,0.69
2026-07-22T03:00:00.000,6.25,109.6,-2.1,5.88
2026-07-22T03:10:00.000,6.23,135,-4.4,4.4
2026-07-22T03:20:00.000,0.66,103.06,-0.15,0.65
2026-07-22T03:30:00.000,1.48,89.4,0.02,1.48
2026-07-22T03:40:00.000,2.16,332.39,1.91,-1
2026-07-22T03:50:00.000,0.98,33.81,0.81,0.55
2026-07-22T04:00:00.000,0.44,102.79,-0.1,0.43
2026-07-22T04:10:00.000,1.51,22.17,1.4,0.57
2026-07-22T04:20:00.000,7.32,310.53,4.76,-5.57
2026-07-22T04:30:00.000,5.21,292.49,1.99,-4.81
2026-07-22T04:40:00.000,0.89,167.14,-0.87,0.2
2026-07-22T04:50:00.000,6.16,133.92,-4.27,4.43
2026-07-22T05:00:00.000,1.12,160.85,-1.06,0.37
2026-07-22T05:10:00.000,1.01,352.21,1,-0.14
2026-07-22T05:20:00.000,3.46,142.77,-2.76,2.1
2026-07-22T05:30:00.000,10.38,115.87,-4.53,9.34
2026-07-22T05:40:00.000,4.64,113.77,-1.87,4.25
2026-07-22T05:50:00.000,3.03,267.48,-0.13,-3.03
2026-07-22T06:00:00.000,2.65,221.12,-1.99,-1.74
2026-07-22T06:10:00.000,0.71,162.32,-0.68,0.22
2026-07-22T06:20:00.000,7.19,229.92,-4.63,-5.5
2026-07-22T06:30:00.000,4.39,322.64,3.49,-2.66
2026-07-22T06:40:00.000,10.96,332.32,9.7,-5.09
2026-07-22T06:50:00.000,6.1,331.27,5.35,-2.93
2026-07-22T07:00:00.000,3.98,129.99,-2.56,3.05
2026-07-22T07:10:00.000,4.28,174.72,-4.26,0.39
2026-07-22T07:20:00.000,12.24,32.87,10.28,6.64
2026-07-22T07:30:00.000,3.7,268.28,-0.11,-3.7
2026-07-22T07:40:00.000,3.89,132.97,-2.65,2.85
2026-07-22T07:50:00.000,6.34,90.6,-0.07,6.34
2026-07-22T08:00:00.000,13.34,340.22,12.55,-4.51
2026-07-22T08:10:00.000,5.58,325.44,4.6,-3.17
2026-07-22T08:20:00.000,0.63,241.44,-0.3,-0.56
2026-07-22T08:30:00.000,8.04,142.83,-6.41,4.86
2026-07-22T08:40:00.000,4.76,132.12,-3.19,3.53
2026-07-22T08:50:00.000,1.59,202.06,-1.48,-0.6
2026-07-22T09:00:00.000,0.44,357.4,0.44,-0.02
2026-07-22T09:10:00.000,0.2,27.74,0.17,0.09
2026-07-22T09:20:00.000,7.01,56.15,3.9,5.82
2026-07-22T09:30:00.000,5.37,7.41,5.32,0.69
2026-07-22T09:40:00.000,5.05,2.83,5.04,0.25
2026-07-22T09:50:00.000,3.11,47.66,2.09,2.3
2026-07-22T10:00:00.000,3.64,330.32,3.16,-1.8
2026-07-22T10:10:00.000,3.77,302.28,2.01,-3.19
2026-07-22T10:20:00.000,4.69,354.13,4.66,-0.48
2026-07-22T10:30:00.000,0.32,287.6,0.1,-0.31
2026-07-22T10:40:00.000,1.67,313.21,1.15,-1.22
2026-07-22T10:50:00.000,0.92,241.35,-0.44,-0.81
2026-07-22T11:00:00.000,0.53,236.62,-0.29,-0.44
2026-07-22T11:10:00.000,4.03,350.04,3.97,-0.7
2026-07-22T11:20:00.000,0.41,243.45,-0.19,-0.37
2026-07-22T11:30:00.000,3.52,122.14,-1.87,2.98
2026-07-22T11:40:00.000,0.5,242.33,-0.23,-0.45
2026-07-22T11:50:00.000,6.96,344.33,6.7,-1.88
2026-07-22T12:00:00.000,1.93,48.17,1.29,1.44
2026-07-22T12:10:00.000,7.1,158.49,-6.61,2.6
2026-07-22T12:20:00.000,1.65,91.57,-0.05,1.65
2026-07-22T12:30:00.000,0.28,19.81,0.27,0.1
2026-07-22T12:40:00.000,7.8,338.43,7.25,-2.87
2026-07-22T12:50:00.000,0.09,96.29,-0.01,0.09
2026-07-22T13:00:00.000,0.28,109.87,-0.09,0.26
2026-07-22T13:10:00.000,4.71,195.1,-4.54,-1.23
2026-07-22T13:20:00.000,3.25,132.77,-2.21,2.39
2026-07-22T13:30:00.000,1.26,55.63,0.71,1.04
2026-07-22T13:40:00.000,2.26,305.22,1.3,-1.85
2026-07-22T13:50:00.000,2.83,320.48,2.18,-1.8
2026-07-22T14:00:00.000,1.26,255.47,-0.32,-1.22
2026-07-22T14:10:00.000,1.03,234.26,-0.6,-0.84
2026-07-22T14:20:00.000,0.62,208.97,-0.55,-0.3
2026-07-22T14:30:00.000,0.7,192.85,-0.68,-0.16
2026-07-22T14:40:00.000,0.48,251.65,-0.15,-0.45
2026-07-22T14:50:00.000,4.39,296.3,1.95,-3.94
2026-07-22T15:00:00.000,0.47,266.56,-0.03,-0.47
2026-07-22T15:10:00.000,3.6,161.95,-3.42,1.12
2026-07-22T15:20:00.000,3.46,142.63,-2.75,2.1
2026-07-22T15:30:00.000,3.38,10.62,3.32,0.62
2026-07-22T15:40:00.000,4.81,327.35,4.05,-2.6
2026-07-22T15:50:00.000,1.07,352.86,1.06,-0.13
2026-07-22T16:00:00.000,3.7,149.84,-3.2,1.86
2026-07-22T16:10:00.000,3.25,165.93,-3.15,0.79
2026-07-22T16:20:00.000,2.11,236.41,-1.17,-1.76
2026-07-22T16:30:00.000,4.23,159.51,-3.96,1.48
2026-07-22T16:40:00.000,3.53,153.82,-3.17,1.56
2026-07-22T16:50:00.000,4.08,122.7,-2.21,3.44
2026-07-22T17:00:00.000,9.52,141.77,-7.48,5.89
2026-07-22T17:10:00.000,5.13,153.81,-4.61,2.26
2026-07-22T17:20:00.000,0.7,148.14,-0.6,0.37
2026-07-22T17:30:00.000,4.04,11.93,3.95,0.84
2026-07-22T17:40:00.000,0.99,120.02,-0.5,0.86
2026-07-22T17:50:00.000,6.85,136.14,-4.94,4.75
2026-07-22T18:00:00.000,4.97,147.35,-4.19,2.68
2026-07-22T18:10:00.000,3.53,184.02,-3.52,-0.25
2026-07-22T18:20:00.000,1.32,137.56,-0.97,0.89
2026-07-22T18:30:00.000,4.5,198.53,-4.27,-1.43
2026-07-22T18:40:00.000,0.91,65.38,0.38,0.83
2026-07-22T18:50:00.000,1.56,116.68,-0.7,1.4
2026-07-22T19:00:00.000,1.42,125.88,-0.83,1.15
2026-07-22T19:10:00.000,6.44,347.76,6.3,-1.37
2026-07-22T19:20:00.000,11.7,314.12,8.15,-8.4
2026-07-22T19:30:00.000,14.53,338.63,13.53,-5.29
2026-07-22T19:40:00.000,6.76,293.89,2.74,-6.18
2026-07-22T19:50:00.000,0.15,303.32,0.08,-0.13
2026-07-22T20:00:00.000,4.13,130.7,-2.69,3.13
2026-07-22T20:10:00.000,1.27,5.37,1.27,0.12
2026-07-22T20:20:00.000,0.46,275.93,0.05,-0.46
2026-07-22T20:30:00.000,1.58,51.22,0.99,1.23
2026-07-22T20:40:00.000,5.88,153.13,-5.24,2.66
2026-07-22T20:50:00.000,8.35,313.89,5.79,-6.02
2026-07-22T21:00:00.000,0.94,216.55,-0.75,-0.56
2026-07-22T21:10:00.000,0.59,301.69,0.31,-0.51
2026-07-22T21:20:00.000,3.91,116.87,-1.77,3.49
2026-07-22T21:30:00.000,2.79,183.06,-2.79,-0.15
2026-07-22T21:40:00.000,4.65,320.41,3.59,-2.97
2026-07-22T21:50:00.000,0.38,43.34,0.27,0.26
2026-07-22T22:00:00.000,1.13,197.43,-1.08,-0.34
2026-07-22T22:10:00.000,0.11,212.17,-0.09,-0.06
2026-07-22T22:20:00.000,1.47,277.49,0.19,-1.45
2026-07-22T22:30:00.000,2.57,283.5,0.6,-2.5
2026-07-22T22:40:00.000,2.71,347.62,2.65,-0.58
2026-07-22T22:50:00.000,4.84,332.75,4.31,-2.22
2026-07-22T23:00:00.000,4.51,348.81,4.43,-0.88
2026-07-22T23:10:00.000,4.97,312.2,3.34,-3.68
2026-07-22T23:20:00.000,3.58,3.94,3.57,0.25
2026-07-22T23:30:00.000,5,305.97,2.94,-4.05
2026-07-22T23:40:00.000,6.37,349.03,6.26,-1.21
2026-07-22T23:50:00.000,3.84,358.21,3.84,-0.12
2026-07-23T00:00:00.000,5.24,299.67,2.59,-4.55
2026-07-23T00:10:00.000,3.74,219.24,-2.9,-2.37
2026-07-23T00:20:00.000,1.96,240.98,-0.95,-1.71
2026-07-23T00:30:00.000,2.97,140.35,-2.29,1.89
2026-07-23T00:40:00.000,7.61,140.24,-5.85,4.87
2026-07-23T00:50:00.000,0.8,11.18,0.79,0.16
2026-07-23T01:00:00.000,5.65,353.94,5.62,-0.6
2026-07-23T01:10:00.000,5.05,318.46,3.78,-3.35
2026-07-23T01:20:00.000,2.1,195.78,-2.02,-0.57
2026-07-23T01:30:00.000,4.74,110.73,-1.68,4.43
2026-07-23T01:40:00.000,0.72,355.7,0.72,-0.05
2026-07-23T01:50:00.000,7.09,340.87,6.7,-2.32
2026-07-23T02:00:00.000,2.37,328,2.01,-1.26
2026-07-23T02:10:00.000,3.73,178.43,-3.73,0.1
2026-07-23T02:20:00.000,9.09,147.7,-7.68,4.86
2026-07-23T02:30:00.000,0.64,124.64,-0.37,0.53
2026-07-23T02:40:00.000,0.67,23.16,0.62,0.26
2026-07-23T02:50:00.000,0.83,324.51,0.68,-0.48
2026-07-23T03:00:00.000,3.29,140.46,-2.54,2.1
2026-07-23T03:10:00.000,2.86,114.67,-1.19,2.6
2026-07-23T03:20:00.000,3.98,32.55,3.35,2.14
2026-07-23T03:30:00.000,5.52,336.65,5.07,-2.19
2026-07-23T03:40:00.000,1.36,207.6,-1.21,-0.63
2026-07-23T03:50:00.000,11,155.26,-9.99,4.6
2026-07-23T04:00:00.000,2.55,28.94,2.23,1.23
2026-07-23T04:10:00.000,3.39,131.85,-2.26,2.52
2026-07-23T04:20:00.000,7.17,134.08,-4.99,5.15
2026-07-23T04:30:00.000,7.52,129.04,-4.74,5.84
2026-07-23T04:40:00.000,8.84,338.22,8.21,-3.28
2026-07-23T04:50:00.000,5.09,335.1,4.61,-2.14
2026-07-23T05:00:00.000,4.73,168.38,-4.63,0.95
2026-07-23T05:10:00.000,18.32,151.73,-16.13,8.67
2026-07-23T05:20:00.000,9.31,85.85,0.67,9.28
2026-07-23T05:30:00.000,9.93,321.37,7.75,-6.2
2026-07-23T05:40:00.000,2.65,268.73,-0.06,-2.65
2026-07-23T05:50:00.000,5.29,156.11,-4.84,2.14
2026-07-23T06:00:00.000,2.59,151.98,-2.28,1.21
2026-07-23T06:10:00.000,2.77,127.47,-1.68,2.2
2026-07-23T06:20:00.000,5.13,314.08,3.57,-3.68
2026-07-23T06:30:00.000,0.99,311.25,0.65,-0.74
2026-07-23T06:40:00.000,7.83,102.46,-1.69,7.65
2026-07-23T06:50:00.000,1.99,2.76,1.99,0.1
2026-07-23T07:00:00.000,6.04,337.68,5.59,-2.3
2026-07-23T07:10:00.000,3.43,10.57,3.37,0.63
2026-07-23T07:20:00.000,1.35,89.86,0,1.35
2026-07-23T07:30:00.000,7,0.84,7,0.1
2026-07-23T07:40:00.000,13.48,337.8,12.48,-5.09
2026-07-23T07:50:00.000,11.95,347.13,11.65,-2.66
2026-07-23T08:00:00.000,2.13,266.92,-0.11,-2.13
2026-07-23T08:10:00.000,5.42,354.42,5.39,-0.53
2026-07-23T08:20:00.000,11,337.21,10.14,-4.26
2026-07-23T08:30:00.000,5.02,280.45,0.91,-4.94
2026-07-23T08:40:00.000,0.77,250.37,-0.26,-0.72
2026-07-23T08:50:00.000,2.82,199.7,-2.66,-0.95
2026-07-23T09:00:00.000,3.19,331.68,2.81,-1.51
2026-07-23T09:10:00.000,2.65,289.06,0.87,-2.51
2026-07-23T09:20:00.000,7.36,330.32,6.39,-3.64
2026-07-23T09:30:00.000,3.31,224.91,-2.35,-2.34
2026-07-23T09:40:00.000,5.51,154.95,-4.99,2.33
2026-07-23T09:50:00.000,4.36,139.42,-3.31,2.83
2026-07-23T10:00:00.000,6.19,135.71,-4.43,4.32
2026-07-23T10:10:00.000,1.94,183.39,-1.94,-0.11
2026-07-23T10:20:00.000,9.71,335.6,8.84,-4.01
2026-07-23T10:30:00.000,4.29,187.14,-4.25,-0.53
2026-07-23T10:40:00.000,0.44,189.22,-0.43,-0.07
2026-07-23T10:50:00.000,0.49,290.09,0.17,-0.46
2026-07-23T11:00:00.000,7.24,323.51,5.82,-4.31
2026-07-23T11:10:00.000,2.42,304.18,1.36,-2
2026-07-23T11:20:00.000,3.86,187.53,-3.83,-0.51
2026-07-23T11:30:00.000,4.66,144.33,-3.78,2.72
2026-07-23T11:40:00.000,4.13,4.66,4.12,0.34
2026-07-23T11:50:00.000,0.79,353.71,0.78,-0.09
2026-07-23T12:00:00.000,0.82,349.75,0.81,-0.15
2026-07-23T12:10:00.000,2.07,53.11,1.24,1.66
2026-07-23T12:20:00.000,4.36,331.82,3.85,-2.06
2026-07-23T12:30:00.000,1.99,289.97,0.68,-1.87
2026-07-23T12:40:00.000,3.6,0.67,3.6,0.04
2026-07-23T12:50:00.000,2.51,41.46,1.88,1.66
2026-07-23T13:00:00.000,1.43,322.38,1.13,-0.87
2026-07-23T13:10:00.000,0.57,36.72,0.46,0.34
2026-07-23T13:20:00.000,1.08,22.88,1,0.42
2026-07-23T13:30:00.000,0.31,291.86,0.12,-0.29
2026-07-23T13:40:00.000,1.99,9.77,1.97,0.34
2026-07-23T13:50:00.000,0.24,6.34,0.24,0.03
2026-07-23T14:00:00.000,0.2,19.55,0.19,0.07
2026-07-23T14:10:00.000,1.82,67.33,0.7,1.68
2026-07-23T14:20:00.000,3.81,312.85,2.59,-2.79
2026-07-23T14:30:00.000,0.89,218.84,-0.69,-0.56
2026-07-23T14:40:00.000,1.85,23.8,1.69,0.75
2026-07-23T14:50:00.000,1.45,176.91,-1.45,0.08
2026-07-23T15:00:00.000,4.07,168.92,-4,0.78
2026-07-23T15:10:00.000,8.62,157.49,-7.96,3.3
2026-07-23T15:20:00.000,6.57,142.53,-5.21,4
2026-07-23T15:30:00.000,6.41,187.05,-6.36,-0.79
2026-07-23T15:40:00.000,3.25,160.17,-3.06,1.1
2026-07-23T15:50:00.000,2.51,158.45,-2.34,0.92
2026-07-23T16:00:00.000,4.25,142.46,-3.37,2.59
2026-07-23T16:10:00.000,3.23,181.59,-3.23,-0.09
2026-07-23T16:20:00.000,0.39,25.91,0.35,0.17
2026-07-23T16:30:00.000,1.96,194.75,-1.9,-0.5
2026-07-23T16:40:00.000,3.51,45.94,2.44,2.52
2026-07-23T16:50:00.000,0.08,347.59,0.07,-0.02
2026-07-23T17:00:00.000,0.43,349.65,0.43,-0.08
2026-07-23T17:10:00.000,0.66,331.2,0.58,-0.32
2026-07-23T17:20:00.000,2.51,260.5,-0.41,-2.48
2026-07-23T17:30:00.000,5.59,130.32,-3.62,4.26
2026-07-23T17:40:00.000,3.89,142.82,-3.1,2.35
2026-07-23T17:50:00.000,3.04,189.06,-3.01,-0.48
2026-07-23T18:00:00.000,3.35,343.1,3.2,-0.97
2026-07-23T18:10:00.000,0.37,313.99,0.26,-0.27
2026-07-23T18:20:00.000,0.26,186.03,-0.26,-0.03
2026-07-23T18:30:00.000,3.57,287.02,1.05,-3.42
2026-07-23T18:40:00.000,0.49,96.98,-0.06,0.49
2026-07-23T18:50:00.000,3.53,130.47,-2.29,2.68
2026-07-23T19:00:00.000,7.35,134.97,-5.19,5.2
2026-07-23T19:10:00.000,5.26,125.59,-3.06,4.27
2026-07-23T19:20:00.000,0.83,49.08,0.54,0.62
2026-07-23T19:30:00.000,2.61,283.27,0.6,-2.54
2026-07-23T19:40:00.000,4.29,337.75,3.97,-1.62
2026-07-23T19:50:00.000,9.26,147.47,-7.81,4.98
2026-07-23T20:00:00.000,7.15,157.32,-6.6,2.76
2026-07-23T20:10:00.000,2.55,178.23,-2.55,0.08
2026-07-23T20:20:00.000,2.15,88.6,0.05,2.15
2026-07-23T20:30:00.000,6.44,279.25,1.03,-6.36
2026-07-23T20:40:00.000,1.62,16.61,1.55,0.46
2026-07-23T20:50:00.000,4.03,260.43,-0.67,-3.97
2026-07-23T21:00:00.000,0.39,313.76,0.27,-0.28
2026-07-23T21:10:00.000,0.94,316.67,0.69,-0.65
2026-07-23T21:20:00.000,4.48,302.21,2.39,-3.79
2026-07-23T21:30:00.000,6.83,285.75,1.85,-6.58
2026-07-23T21:40:00.000,10.39,350.16,10.24,-1.78
2026-07-23T21:50:00.000,4.53,301.33,2.36,-3.87
2026-07-23T22:00:00.000,0.73,67.01,0.29,0.68
2026-07-23T22:10:00.000,0.53,104.58,-0.13,0.51
2026-07-23T22:20:00.000,0.86,328.43,0.73,-0.45
2026-07-23T22:30:00.000,5.67,321.9,4.46,-3.5
2026-07-23T22:40:00.000,5.7,324.69,4.65,-3.29
2026-07-23T22:50:00.000,2.15,247.45,-0.82,-1.98
2026-07-23T23:00:00.000,5.5,139.43,-4.18,3.58
2026-07-23T23:10:00.000,4.33,121.31,-2.25,3.7
2026-07-23T23:20:00.000,0.37,356.04,0.37,-0.03
2026-07-23T23:30:00.000,6.42,332.68,5.7,-2.94
2026-07-23T23:40:00.000,1.09,185.78,-1.09,-0.11
2026-07-23T23:50:00.000,0.88,80.06,0.15,0.86
2026-07-24T00:00:00.000,3.74,159.76,-3.51,1.29
2026-07-24T00:10:00.000,5.95,306.62,3.55,-4.77
2026-07-24T00:20:00.000,0.55,141.76,-0.43,0.34
2026-07-24T00:30:00.000,10.37,148.56,-8.85,5.41
2026-07-24T00:40:00.000,3.91,176.94,-3.91,0.21
2026-07-24T00:50:00.000,0.94,96.41,-0.1,0.93
2026-07-24T01:00:00.000,3.6,206.01,-3.24,-1.58
2026-07-24T01:10:00.000,1.84,109.01,-0.6,1.74
2026-07-24T01:20:00.000,1.45,228.8,-0.95,-1.09
2026-07-24T01:30:00.000,1.09,140.69,-0.84,0.69
2026-07-24T01:40:00.000,2.23,90.62,-0.02,2.23
2026-07-24T01:50:00.000,2.24,154.51,-2.02,0.96
2026-07-24T02:00:00.000,4.71,112.69,-1.82,4.35
2026-07-24T02:10:00.000,1.81,175.1,-1.8,0.15
2026-07-24T02:20:00.000,6.04,320.66,4.67,-3.83
2026-07-24T02:30:00.000,0.67,108.33,-0.21,0.63
2026-07-24T02:40:00.000,4.63,153.99,-4.16,2.03
2026-07-24T02:50:00.000,2.49,168.85,-2.45,0.48
2026-07-24T03:00:00.000,5.06,287.02,1.48,-4.84
2026-07-24T03:10:00.000,3.3,139.98,-2.52,2.12
2026-07-24T03:20:00.000,1.47,174.31,-1.47,0.15
2026-07-24T03:30:00.000,0.19,283.72,0.04,-0.18
2026-07-24T03:40:00.000,0.92,157.17,-0.84,0.36
2026-07-24T03:50:00.000,4.31,154.3,-3.89,1.87
2026-07-24T04:00:00.000,3.11,123.85,-1.73,2.58
2026-07-24T04:10:00.000,5.44,146.64,-4.54,2.99
2026-07-24T04:20:00.000,0.68,1.48,0.68,0.02
2026-07-24T04:30:00.000,3.48,128.26,-2.16,2.73
2026-07-24T04:40:00.000,6.76,157.31,-6.24,2.61
2026-07-24T04:50:00.000,5.39,127.38,-3.27,4.28
2026-07-24T05:00:00.000,4.28,190.98,-4.2,-0.82
2026-07-24T05:10:00.000,0.49,67.96,0.19,0.46
2026-07-24T05:20:00.000,0.36,95.49,-0.03,0.36
2026-07-24T05:30:00.000,0.51,83.91,0.05,0.51
2026-07-24T05:40:00.000,5.12,101.34,-1.01,5.02
2026-07-24T05:50:00.000,6.97,168.73,-6.84,1.36
2026-07-24T06:00:00.000,7.25,157.23,-6.69,2.81
2026-07-24T06:10:00.000,3.39,130.82,-2.22,2.57
2026-07-24T06:20:00.000,1.48,155.23,-1.34,0.62
2026-07-24T06:30:00.000,0.98,120.32,-0.49,0.84
2026-07-24T06:40:00.000,5.41,149.46,-4.66,2.75
2026-07-24T06:50:00.000,6.15,161.56,-5.83,1.94
2026-07-24T07:00:00.000,3.6,180.69,-3.6,-0.04
2026-07-24T07:10:00.000,5.82,140.52,-4.49,3.7
2026-07-24T07:20:00.000,1.68,165.52,-1.63,0.42
2026-07-24T07:30:00.000,3.63,256.71,-0.83,-3.53
2026-07-24T07:40:00.000,0.79,249.95,-0.27,-0.74
2026-07-24T07:50:00.000,0.24,15.49,0.23,0.06
2026-07-24T08:00:00.000,5.69,306.15,3.36,-4.6
2026-07-24T08:10:00.000,7.15,284.27,1.76,-6.93
2026-07-24T08:20:00.000,1.16,257.97,-0.24,-1.14
2026-07-24T08:30:00.000,0.82,263.86,-0.09,-0.82
2026-07-24T08:40:00.000,0.85,62.45,0.39,0.76
2026-07-24T08:50:00.000,0.95,152.26,-0.84,0.44
2026-07-24T09:00:00.000,0.34,232.07,-0.21,-0.27
2026-07-24T09:10:00.000,5.9,346.76,5.74,-1.35
2026-07-24T09:20:00.000,4.41,313.41,3.03,-3.2
2026-07-24T09:30:00.000,3.71,346.89,3.61,-0.84
2026-07-24T09:40:00.000,7.33,332.19,6.48,-3.42
2026-07-24T09:50:00.000,6.59,341.75,6.25,-2.06
2026-07-24T10:00:00.000,6.77,344.91,6.54,-1.76
2026-07-24T10:10:00.000,2.12,2.2,2.12,0.08
2026-07-24T10:20:00.000,0.72,194.83,-0.69,-0.18
2026-07-24T10:30:00.000,8.89,340.92,8.4,-2.91
2026-07-24T10:40:00.000,1.63,37.14,1.3,0.99
2026-07-24T10:50:00.000,10.53,337.05,9.69,-4.1
2026-07-24T11:00:00.000,2.13,211.56,-1.81,-1.11
2026-07-24T11:10:00.000,3.6,332.03,3.18,-1.69
2026-07-24T11:20:00.000,1.88,10.73,1.85,0.35
2026-07-24T11:30:00.000,1.22,118.69,-0.59,1.07
2026-07-24T11:40:00.000,1.05,283.35,0.24,-1.02
2026-07-24T11:50:00.000,1.26,312.49,0.85,-0.93
2026-07-24T12:00:00.000,2.18,332.09,1.92,-1.02
2026-07-24T12:10:00.000,0.53,285.52,0.14,-0.51
2026-07-24T12:20:00.000,0.64,277.17,0.08,-0.64
2026-07-24T12:30:00.000,2.38,326.16,1.98,-1.33
2026-07-24T12:40:00.000,0.4,264.5,-0.04,-0.4
2026-07-24T12:50:00.000,1.91,169.74,-1.88,0.34
2026-07-24T13:00:00.000,1.13,359.79,1.13,0
2026-07-24T13:10:00.000,2.56,330.69,2.23,-1.25
2026-07-24T13:20:00.000,0.55,306.51,0.32,-0.44
2026-07-24T13:30:00.000,0.41,58.39,0.22,0.35
2026-07-24T13:40:00.000,6.3,327.58,5.32,-3.38
2026-07-24T13:50:00.000,0.31,318.61,0.23,-0.21
2026-07-24T14:00:00.000,0.7,246.6,-0.28,-0.64
2026-07-24T14:10:00.000,0.31,243.53,-0.14,-0.27
2026-07-24T14:20:00.000,1.09,131.34,-0.72,0.82
2026-07-24T14:30:00.000,1.32,186.59,-1.31,-0.15
2026-07-24T14:40:00.000,1.81,252.45,-0.55,-1.73
2026-07-24T14:50:00.000,0.34,171.33,-0.34,0.05
2026-07-24T15:00:00.000,0.91,251.97,-0.28,-0.87
2026-07-24T15:10:00.000,4.28,184.18,-4.27,-0.31
2026-07-24T15:20:00.000,0.28,51.24,0.17,0.22
2026-07-24T15:30:00.000,0.54,317.78,0.4,-0.36
2026-07-24T15:40:00.000,2.75,280.72,0.51,-2.7
2026-07-24T15:50:00.000,4.38,87.27,0.21,4.38
2026-07-24T16:00:00.000,3.05,31.15,2.61,1.58
2026-07-24T16:10:00.000,0.58,85.17,0.05,0.58
2026-07-24T16:20:00.000,1.62,170.69,-1.6,0.26
2026-07-24T16:30:00.000,0.97,304.85,0.56,-0.8
2026-07-24T16:40:00.000,0.38,299.35,0.19,-0.34
2026-07-24T16:50:00.000,1.99,71.79,0.62,1.89
2026-07-24T17:00:00.000,0.61,212.35,-0.52,-0.33
2026-07-24T17:10:00.000,0.4,267.84,-0.01,-0.4
2026-07-24T17:20:00.000,0.5,291.02,0.18,-0.47
2026-07-24T17:30:00.000,3.12,164.93,-3.02,0.81
2026-07-24T17:40:00.000,3.06,191.24,-3.01,-0.6
2026-07-24T17:50:00.000,5,149.67,-4.31,2.52
2026-07-24T18:00:00.000,3.43,141.52,-2.69,2.14
2026-07-24T18:10:00.000,0.73,9.17,0.72,0.12
2026-07-24T18:20:00.000,5.84,353.99,5.81,-0.61
2026-07-24T18:30:00.000,1.8,277.31,0.23,-1.78
2026-07-24T18:40:00.000,2.46,232.56,-1.5,-1.95
2026-07-24T18:50:00.000,4.83,187.76,-4.78,-0.65
2026-07-24T19:00:00.000,5.73,166.99,-5.58,1.29
2026-07-24T19:10:00.000,5.08,183.5,-5.07,-0.31
2026-07-24T19:20:00.000,1.36,118.5,-0.65,1.2
2026-07-24T19:30:00.000,0.77,157.97,-0.71,0.29
2026-07-24T19:40:00.000,1.85,192.33,-1.81,-0.4
2026-07-24T19:50:00.000,1.16,159.4,-1.08,0.41
2026-07-24T20:00:00.000,5.19,270.74,0.07,-5.19
2026-07-24T20:10:00.000,6.61,291.18,2.39,-6.17
2026-07-24T20:20:00.000,2.65,357.19,2.64,-0.13
2026-07-24T20:30:00.000,2,283.99,0.48,-1.94
2026-07-24T20:40:00.000,1.49,267.93,-0.05,-1.49
2026-07-24T20:50:00.000,0.75,299.64,0.37,-0.65
2026-07-24T21:00:00.000,0.54,285.48,0.14,-0.52
2026-07-24T21:10:00.000,1.05,299.06,0.51,-0.91
2026-07-24T21:20:00.000,0.45,310.54,0.29,-0.34
2026-07-24T21:30:00.000,4.91,324.41,4,-2.86
2026-07-24T21:40:00.000,3.42,340.29,3.22,-1.15
2026-07-24T21:50:00.000,3.69,275.79,0.37,-3.67
2026-07-24T22:00:00.000,4.18,327.74,3.54,-2.23
2026-07-24T22:10:00.000,0.57,283.92,0.14,-0.56
2026-07-24T22:20:00.000,0.42,303.94,0.24,-0.35
2026-07-24T22:30:00.000,0.23,49.46,0.15,0.18
2026-07-24T22:40:00.000,1.44,295.24,0.62,-1.31
2026-07-24T22:50:00.000,0.77,313.73,0.53,-0.55
2026-07-24T23:00:00.000,6.01,337.78,5.56,-2.27
2026-07-24T23:10:00.000,8.08,320.49,6.24,-5.14
2026-07-24T23:20:00.000,3.92,197.42,-3.74,-1.17
2026-07-24T23:30:00.000,4.96,150.66,-4.32,2.43
2026-07-24T23:40:00.000,16.1,4.41,16.05,1.24
2026-07-24T23:50:00.000,7.94,339.76,7.45,-2.75
2026-07-25T00:00:00.000,4.33,336.94,3.99,-1.7
2026-07-25T00:10:00.000,0.39,232.75,-0.23,-0.31
2026-07-25T00:20:00.000,0.64,304.02,0.36,-0.53
2026-07-25T00:30:00.000,0.67,247.88,-0.25,-0.62
2026-07-25T00:40:00.000,1.43,110.53,-0.5,1.34
2026-07-25T00:50:00.000,0.52,237.98,-0.27,-0.44
2026-07-25T01:00:00.000,0.46,231.43,-0.29,-0.36
2026-07-25T01:10:00.000,1.84,213.09,-1.54,-1
2026-07-25T01:20:00.000,1.85,153.94,-1.67,0.81
2026-07-25T01:30:00.000,3.82,198.75,-3.62,-1.23
2026-07-25T01:40:00.000,4.04,207.3,-3.59,-1.85
2026-07-25T01:50:00.000,2.35,217.12,-1.87,-1.42
2026-07-25T02:00:00.000,0.49,231.98,-0.3,-0.39
2026-07-25T02:10:00.000,0.45,245.96,-0.18,-0.41
2026-07-25T02:20:00.000,0.74,272.97,0.04,-0.74
2026-07-25T02:30:00.000,3.07,229.16,-2,-2.32
2026-07-25T02:40:00.000,0.87,210.43,-0.75,-0.44
2026-07-25T02:50:00.000,0.72,215.36,-0.59,-0.42
2026-07-25T03:00:00.000,3.97,107.35,-1.18,3.79
2026-07-25T03:10:00.000,5.21,271.98,0.18,-5.21
2026-07-25T03:20:00.000,3.5,79.4,0.64,3.44
2026-07-25T03:30:00.000,0.63,30.75,0.54,0.32
2026-07-25T03:40:00.000,1.33,49.12,0.87,1
2026-07-25T03:50:00.000,0.62,103.96,-0.15,0.6
2026-07-25T04:00:00.000,4.7,309.83,3.01,-3.61
2026-07-25T04:10:00.000,3.56,16.46,3.41,1.01
2026-07-25T04:20:00.000,3.27,199.47,-3.08,-1.09
2026-07-25T04:30:00.000,3.97,144.06,-3.22,2.33
2026-07-25T04:40:00.000,4.32,200.45,-4.05,-1.51
2026-07-25T04:50:00.000,4.76,164.74,-4.59,1.25
2026-07-25T05:00:00.000,5.27,130.46,-3.42,4.01
2026-07-25T05:10:00.000,0.83,250,-0.28,-0.78
2026-07-25T05:20:00.000,4.22,71.72,1.32,4
2026-07-25T05:30:00.000,0.54,277.51,0.07,-0.54
2026-07-25T05:40:00.000,1.81,135.91,-1.3,1.26
2026-07-25T05:50:00.000,5.33,133.46,-3.67,3.87
2026-07-25T06:00:00.000,1.82,132.02,-1.22,1.35
2026-07-25T06:10:00.000,3.1,137.71,-2.29,2.09
2026-07-25T06:20:00.000,3.08,139.73,-2.35,1.99
2026-07-25T06:30:00.000,2.26,186.44,-2.24,-0.25
2026-07-25T06:40:00.000,3.38,177.3,-3.37,0.16
2026-07-25T06:50:00.000,3.22,191.01,-3.16,-0.62
2026-07-25T07:00:00.000,2.66,93.26,-0.15,2.65
2026-07-25T07:10:00.000,0.75,152.59,-0.66,0.34
2026-07-25T07:20:00.000,0.64,279.59,0.11,-0.64
2026-07-25T07:30:00.000,2.79,75.1,0.72,2.7
2026-07-25T07:40:00.000,0.47,255.85,-0.11,-0.45
2026-07-25T07:50:00.000,4.75,327.25,4,-2.57
2026-07-25T08:00:00.000,1.36,340.34,1.28,-0.46
2026-07-25T08:10:00.000,4.86,328.94,4.16,-2.51
2026-07-25T08:20:00.000,4.18,342.85,4,-1.23
2026-07-25T08:30:00.000,3.5,271.72,0.11,-3.5
2026-07-25T08:40:00.000,0.67,183.92,-0.67,-0.05
2026-07-25T08:50:00.000,4.33,238.67,-2.25,-3.7
2026-07-25T09:00:00.000,5.84,138.32,-4.36,3.88
2026-07-25T09:10:00.000,1.06,242.87,-0.49,-0.95
2026-07-25T09:20:00.000,6.58,123.71,-3.65,5.47
2026-07-25T09:30:00.000,1.85,163.08,-1.77,0.54
2026-07-25T09:40:00.000,0.53,247.15,-0.2,-0.48
2026-07-25T09:50:00.000,0.89,175.9,-0.89,0.06
2026-07-25T10:00:00.000,0.18,342.46,0.17,-0.05
2026-07-25T10:10:00.000,0.53,250.14,-0.18,-0.5
2026-07-25T10:20:00.000,0.38,244.2,-0.17,-0.35
2026-07-25T10:30:00.000,2.43,95.39,-0.23,2.42
2026-07-25T10:40:00.000,3.39,230.69,-2.15,-2.62
2026-07-25T10:50:00.000,1.15,83.35,0.13,1.14
2026-07-25T11:00:00.000,1.82,149.2,-1.56,0.93
2026-07-25T11:10:00.000,5.1,290.19,1.76,-4.79
2026-07-25T11:20:00.000,2.42,1.24,2.42,0.05
2026-07-25T11:30:00.000,1.03,228.85,-0.68,-0.78
2026-07-25T11:40:00.000,0.39,216.3,-0.31,-0.23
2026-07-25T11:50:00.000,0.54,252.56,-0.16,-0.52
2026-07-25T12:00:00.000,2.74,201.78,-2.54,-1.02
2026-07-25T12:10:00.000,2.46,271.3,0.06,-2.46
2026-07-25T12:20:00.000,0.42,318.06,0.31,-0.28
2026-07-25T12:30:00.000,0.84,340.09,0.79,-0.28
2026-07-25T12:40:00.000,3.01,158.64,-2.81,1.1
2026-07-25T12:50:00.000,0.67,268.68,-0.02,-0.67
2026-07-25T13:00:00.000,2.82,110.04,-0.97,2.65
2026-07-25T13:10:00.000,3.07,251.79,-0.96,-2.92
2026-07-25T13:20:00.000,0.61,257.38,-0.13,-0.59
2026-07-25T13:30:00.000,1.28,147.21,-1.08,0.69
2026-07-25T13:40:00.000,2.99,186.19,-2.97,-0.32
2026-07-25T13:50:00.000,2.18,78.27,0.44,2.13
2026-07-25T14:00:00.000,1.04,79.23,0.19,1.02
2026-07-25T14:10:00.000,3.57,307.66,2.18,-2.83
2026-07-25T14:20:00.000,0.44,293.82,0.18,-0.4
2026-07-25T14:30:00.000,0.49,275.69,0.05,-0.49
2026-07-25T14:40:00.000,0.58,267.14,-0.03,-0.58
2026-07-25T14:50:00.000,0.65,257.94,-0.14,-0.64
2026-07-25T15:00:00.000,0.4,225.13,-0.28,-0.28
2026-07-25T15:10:00.000,2.95,131.41,-1.95,2.21
2026-07-25T15:20:00.000,1.41,285.68,0.38,-1.36
2026-07-25T15:30:00.000,2.76,344.09,2.65,-0.76
2026-07-25T15:40:00.000,0.48,302.63,0.26,-0.41
2026-07-25T15:50:00.000,0.54,321.02,0.42,-0.34
2026-07-25T16:00:00.000,0.57,307.06,0.34,-0.45
2026-07-25T16:10:00.000,3.65,313.69,2.52,-2.64
2026-07-25T16:20:00.000,3.6,24.62,3.27,1.5
2026-07-25T16:30:00.000,0.28,269.95,0,-0.28
2026-07-25T16:40:00.000,1.32,200.37,-1.24,-0.46
2026-07-25T16:50:00.000,1.58,148.91,-1.36,0.82
2026-07-25T17:00:00.000,0.77,71.27,0.25,0.73
2026-07-25T17:10:00.000,0.03,133.61,-0.02,0.02
2026-07-25T17:20:00.000,1.44,136.59,-1.04,0.99
2026-07-25T17:30:00.000,1.15,309.51,0.73,-0.89
2026-07-25T17:40:00.000,0.43,297.69,0.2,-0.38
2026-07-25T17:50:00.000,0.75,276.63,0.09,-0.74
2026-07-25T18:00:00.000,0.39,275.74,0.04,-0.39
2026-07-25T18:10:00.000,0.43,268.29,-0.01,-0.43
2026-07-25T18:20:00.000,0.43,282.69,0.1,-0.42
2026-07-25T18:30:00.000,0.31,249.96,-0.1,-0.29
2026-07-25T18:40:00.000,0.54,279.27,0.09,-0.54
2026-07-25T18:50:00.000,5.22,314.92,3.69,-3.7
2026-07-25T19:00:00.000,0.53,288.06,0.16,-0.51
2026-07-25T19:10:00.000,0.75,212.13,-0.63,-0.4
2026-07-25T19:20:00.000,1.91,193.61,-1.85,-0.45
2026-07-25T19:30:00.000,1.63,189.69,-1.61,-0.27
2026-07-25T19:40:00.000,0.8,231.2,-0.5,-0.62
2026-07-25T19:50:00.000,0.48,214.56,-0.39,-0.27
2026-07-25T20:00:00.000,0.67,184.5,-0.67,-0.05
2026-07-25T20:10:00.000,0.7,200.86,-0.65,-0.25
2026-07-25T20:20:00.000,0.63,217.93,-0.5,-0.39
2026-07-25T20:30:00.000,1.83,43.15,1.33,1.25
2026-07-25T20:40:00.000,2.98,241.01,-1.44,-2.61
2026-07-25T20:50:00.000,0.21,242.4,-0.1,-0.19
2026-07-25T21:00:00.000,1.82,199.22,-1.72,-0.6
2026-07-25T21:10:00.000,1.59,207.15,-1.42,-0.73
2026-07-25T21:20:00.000,3.83,160.61,-3.61,1.27
2026-07-25T21:30:00.000,4.52,99.57,-0.75,4.45
2026-07-25T21:40:00.000,3.71,108.27,-1.16,3.52
2026-07-25T21:50:00.000,2.07,221.65,-1.55,-1.38
2026-07-25T22:00:00.000,0.68,254.99,-0.18,-0.66
2026-07-25T22:10:00.000,0.41,286.58,0.12,-0.39
2026-07-25T22:20:00.000,1.15,288.2,0.36,-1.09
2026-07-25T22:30:00.000,1.17,330.8,1.02,-0.57
2026-07-25T22:40:00.000,2.68,267.17,-0.13,-2.68
2026-07-25T22:50:00.000,2.29,296.09,1.01,-2.06
2026-07-25T23:00:00.000,0.62,310.04,0.4,-0.48
2026-07-25T23:10:00.000,2.43,276.91,0.29,-2.41
2026-07-25T23:20:00.000,4.84,311.37,3.2,-3.63
2026-07-25T23:30:00.000,6.49,359.81,6.49,-0.02
2026-07-25T23:40:00.000,9.35,329.99,8.1,-4.68
2026-07-25T23:50:00.000,3.51,349.51,3.45,-0.64
2026-07-26T00:00:00.000,0.36,227.61,-0.24,-0.26
2026-07-26T00:10:00.000,2.58,158.09,-2.39,0.96
2026-07-26T00:20:00.000,0.41,269.05,-0.01,-0.41
2026-07-26T00:30:00.000,2.28,98.91,-0.35,2.25
2026-07-26T00:40:00.000,2.19,207,-1.95,-1
2026-07-26T00:50:00.000,0.56,193.2,-0.55,-0.13
2026-07-26T01:00:00.000,7.8,338.56,7.26,-2.85
2026-07-26T01:10:00.000,5.82,355.27,5.8,-0.48
2026-07-26T01:20:00.000,0.53,281.25,0.1,-0.52
2026-07-26T01:30:00.000,2.51,7.35,2.49,0.32
2026-07-26T01:40:00.000,2.69,308.58,1.68,-2.1
2026-07-26T01:50:00.000,0.81,291.37,0.3,-0.76
2026-07-26T02:00:00.000,0.38,262.36,-0.05,-0.38
2026-07-26T02:10:00.000,0.65,232.45,-0.4,-0.52
2026-07-26T02:20:00.000,1,191.85,-0.98,-0.21
2026-07-26T02:30:00.000,3.42,126.44,-2.03,2.75
2026-07-26T02:40:00.000,1.06,131.06,-0.7,0.8
2026-07-26T02:50:00.000,0.72,89.74,0,0.72
2026-07-26T03:00:00.000,0.96,296.97,0.43,-0.85
2026-07-26T03:10:00.000,0.86,306.52,0.51,-0.69
2026-07-26T03:20:00.000,6.6,324.2,5.35,-3.86
2026-07-26T03:30:00.000,5.74,337.25,5.3,-2.22
2026-07-26T03:40:00.000,0.97,283.79,0.23,-0.94
2026-07-26T03:50:00.000,0.48,171.49,-0.47,0.07
2026-07-26T04:00:00.000,0.94,274.76,0.08,-0.94
2026-07-26T04:10:00.000,0.94,255.02,-0.24,-0.91
2026-07-26T04:20:00.000,0.54,266.53,-0.03,-0.54
2026-07-26T04:30:00.000,0.42,254.42,-0.11,-0.4
2026-07-26T04:40:00.000,0.28,248.93,-0.1,-0.26
2026-07-26T04:50:00.000,2.43,192.4,-2.37,-0.52
2026-07-26T05:00:00.000,1.56,263.41,-0.18,-1.55
2026-07-26T05:10:00.000,1.15,351.22,1.13,-0.17
2026-07-26T05:20:00.000,0.5,274.31,0.04,-0.49
2026-07-26T05:30:00.000,1.92,253.8,-0.53,-1.84
2026-07-26T05:40:00.000,1.64,138.2,-1.22,1.09
2026-07-26T05:50:00.000,5.38,162.22,-5.12,1.64
2026-07-26T06:00:00.000,2.61,168.15,-2.56,0.54
2026-07-26T06:10:00.000,0.32,238.18,-0.17,-0.27
2026-07-26T06:20:00.000,0.86,157.78,-0.8,0.33
2026-07-26T06:30:00.000,0.3,204.21,-0.28,-0.12
2026-07-26T06:40:00.000,1.3,121.14,-0.67,1.11
2026-07-26T06:50:00.000,0.21,228.13,-0.14,-0.16
2026-07-26T07:00:00.000,0.44,277.48,0.06,-0.43
2026-07-26T07:10:00.000,0.34,253.82,-0.1,-0.33
2026-07-26T07:20:00.000,0.83,102.88,-0.18,0.81
2026-07-26T07:30:00.000,3.79,161.51,-3.59,1.2
2026-07-26T07:40:00.000,5.02,108.95,-1.63,4.74
2026-07-26T07:50:00.000,0.04,163.08,-0.04,0.01
2026-07-26T08:00:00.000,0.69,255.46,-0.17,-0.67
2026-07-26T08:10:00.000,0.45,326.63,0.38,-0.25
2026-07-26T08:20:00.000,0.08,280.09,0.01,-0.08
2026-07-26T08:30:00.000,1.7,319.52,1.29,-1.1
2026-07-26T08:40:00.000,0.72,312.07,0.48,-0.53
2026-07-26T08:50:00.000,0.99,304.05,0.56,-0.82
2026-07-26T09:00:00.000,5.09,169.81,-5.01,0.9
2026-07-26T09:10:00.000,7.13,153.24,-6.36,3.21
2026-07-26T09:20:00.000,4.48,196.73,-4.29,-1.29
2026-07-26T09:30:00.000,2.86,186.2,-2.85,-0.31
2026-07-26T09:40:00.000,0.23,341.98,0.22,-0.07
2026-07-26T09:50:00.000,2.71,173.8,-2.7,0.29
2026-07-26T10:00:00.000,1.9,176.76,-1.9,0.11
2026-07-26T10:10:00.000,0.65,126.3,-0.39,0.53
2026-07-26T10:20:00.000,0.65,31.66,0.55,0.34
2026-07-26T10:30:00.000,1.18,117.97,-0.55,1.04
2026-07-26T10:40:00.000,0.9,99.6,-0.15,0.88
2026-07-26T10:50:00.000,0.72,174.94,-0.72,0.06
2026-07-26T11:00:00.000,0.47,330.63,0.41,-0.23
2026-07-26T11:10:00.000,0.63,313.77,0.43,-0.45
2026-07-26T11:20:00.000,2.49,292.4,0.95,-2.3
2026-07-26T11:30:00.000,0.87,220.69,-0.66,-0.56
2026-07-26T11:40:00.000,1.69,183.53,-1.69,-0.1
2026-07-26T11:50:00.000,5.21,225.95,-3.62,-3.75
2026-07-26T12:00:00.000,2.45,249.89,-0.84,-2.3
2026-07-26T12:10:00.000,0.86,175.7,-0.85,0.06
2026-07-26T12:20:00.000,2.19,214.61,-1.8,-1.24
2026-07-26T12:30:00.000,0.81,357.4,0.81,-0.04
2026-07-26T12:40:00.000,1.03,330.87,0.9,-0.5
2026-07-26T12:50:00.000,0.8,341.19,0.76,-0.26
2026-07-26T13:00:00.000,0.29,1.27,0.29,0.01
2026-07-26T13:10:00.000,0.56,8.21,0.55,0.08
2026-07-26T13:20:00.000,0.4,15.83,0.39,0.11
2026-07-26T13:30:00.000,0.6,356.1,0.6,-0.04
2026-07-26T13:40:00.000,0.74,222.86,-0.54,-0.5
2026-07-26T13:50:00.000,1.91,322.06,1.51,-1.17
2026-07-26T14:00:00.000,2.18,298.13,1.03,-1.93
2026-07-26T14:10:00.000,0.74,340.08,0.7,-0.25
2026-07-26T14:20:00.000,0.58,322.47,0.46,-0.36
2026-07-26T14:30:00.000,0.19,353.96,0.18,-0.02
2026-07-26T14:40:00.000,1.13,98.42,-0.17,1.12
2026-07-26T14:50:00.000,1.48,148.48,-1.26,0.77
2026-07-26T15:00:00.000,2.76,133.34,-1.9,2.01
2026-07-26T15:10:00.000,3.36,258.36,-0.68,-3.29
2026-07-26T15:20:00.000,0.45,347.31,0.44,-0.1
2026-07-26T15:30:00.000,1.81,298.61,0.86,-1.58
2026-07-26T15:40:00.000,0.87,19.66,0.82,0.29
2026-07-26T15:50:00.000,5.65,53.52,3.36,4.54
2026-07-26T16:00:00.000,1.08,20.96,1.01,0.39
2026-07-26T16:10:00.000,0.9,22.57,0.83,0.35
2026-07-26T16:20:00.000,0.66,329.61,0.57,-0.33
2026-07-26T16:30:00.000,5.01,305.15,2.89,-4.1
2026-07-26T16:40:00.000,0.48,24.94,0.44,0.2
2026-07-26T16:50:00.000,0.3,299.76,0.15,-0.26
2026-07-26T17:00:00.000,0.38,345.05,0.36,-0.1
2026-07-26T17:10:00.000,0.47,343.37,0.45,-0.13
2026-07-26T17:20:00.000,0.33,352.23,0.33,-0.04
2026-07-26T17:30:00.000,0.48,342.15,0.46,-0.15
2026-07-26T17:40:00.000,0.44,352.1,0.43,-0.06
2026-07-26T17:50:00.000,0.52,347.53,0.51,-0.11
2026-07-26T18:00:00.000,0.71,339.12,0.66,-0.25
2026-07-26T18:10:00.000,0.51,11.9,0.5,0.11
2026-07-26T18:20:00.000,0.73,333.02,0.65,-0.33
2026-07-26T18:30:00.000,0.93,5.05,0.93,0.08
2026-07-26T18:40:00.000,0.68,348.73,0.67,-0.13
2026-07-26T18:50:00.000,0.68,354.52,0.67,-0.06
2026-07-26T19:00:00.000,3.45,147.85,-2.92,1.84
2026-07-26T19:10:00.000,4.85,125.67,-2.83,3.94
2026-07-26T19:20:00.000,1.1,115.66,-0.48,0.99
2026-07-26T19:30:00.000,0.66,115.42,-0.28,0.6
2026-07-26T19:40:00.000,1.71,38.82,1.33,1.07
2026-07-26T19:50:00.000,0.66,43.08,0.48,0.45
2026-07-26T20:00:00.000,1.99,134.2,-1.39,1.43
2026-07-26T20:10:00.000,0.77,92.2,-0.03,0.77
2026-07-26T20:20:00.000,4.34,131.66,-2.88,3.24
2026-07-26T20:30:00.000,4.26,160.96,-4.03,1.39
2026-07-26T20:40:00.000,0.48,175.6,-0.48,0.04
2026-07-26T20:50:00.000,0.22,9.27,0.21,0.03
2026-07-26T21:00:00.000,1.51,325.36,1.24,-0.86
2026-07-26T21:10:00.000,0.35,62.82,0.16,0.31
2026-07-26T21:20:00.000,1.7,282.73,0.37,-1.66
2026-07-26T21:30:00.000,8.21,152.15,-7.26,3.83
2026-07-26T21:40:00.000,4.13,97.99,-0.57,4.09
2026-07-26T21:50:00.000,0.33,295.87,0.14,-0.3
2026-07-26T22:00:00.000,4.86,22,4.51,1.82
2026-07-26T22:10:00.000,4.17,234.82,-2.4,-3.41
2026-07-26T22:20:00.000,3.79,71.95,1.17,3.6
2026-07-26T22:30:00.000,2.8,314.23,1.95,-2.01
2026-07-26T22:40:00.000,9.86,353.33,9.79,-1.15
2026-07-26T22:50:00.000,13.14,341.38,12.45,-4.2
2026-07-26T23:00:00.000,11.03,334.87,9.99,-4.68
2026-07-26T23:10:00.000,17.02,345.86,16.5,-4.16
2026-07-26T23:20:00.000,2.88,262.21,-0.39,-2.85
2026-07-26T23:30:00.000,7.62,314.25,5.31,-5.46
2026-07-26T23:40:00.000,0.36,26.36,0.32,0.16
2026-07-26T23:50:00.000,8.11,155.9,-7.4,3.31
2026-07-27T00:00:00.000,4.7,131,-3.08,3.54
2026-07-27T00:10:00.000,0.39,345.98,0.38,-0.09
2026-07-27T00:20:00.000,3.65,305.25,2.11,-2.98
2026-07-27T00:30:00.000,0.95,279.95,0.16,-0.94
2026-07-27T00:40:00.000,3.28,179.24,-3.28,0.04
2026-07-27T00:50:00.000,5.54,143.39,-4.44,3.3
2026-07-27T01:00:00.000,2.8,127.1,-1.69,2.23
2026-07-27T01:10:00.000,2.95,75.44,0.74,2.85
2026-07-27T01:20:00.000,4.57,343.22,4.38,-1.32
2026-07-27T01:30:00.000,0.9,343.41,0.86,-0.26
2026-07-27T01:40:00.000,1.77,106.7,-0.51,1.69
2026-07-27T01:50:00.000,4.83,159.55,-4.53,1.69
2026-07-27T02:00:00.000,0.99,142.48,-0.78,0.6
2026-07-27T02:10:00.000,0.62,284.93,0.16,-0.6
2026-07-27T02:20:00.000,2.67,352.51,2.65,-0.35
2026-07-27T02:30:00.000,0.64,285.6,0.17,-0.62
2026-07-27T02:40:00.000,1.91,236.51,-1.05,-1.59
2026-07-27T02:50:00.000,0.47,257.48,-0.1,-0.46
2026-07-27T03:00:00.000,0.81,278.71,0.12,-0.8
2026-07-27T03:10:00.000,0.46,279.39,0.08,-0.46
2026-07-27T03:20:00.000,1.21,46.3,0.83,0.87
2026-07-27T03:30:00.000,0.48,282.87,0.11,-0.46
2026-07-27T03:40:00.000,0.66,265.95,-0.05,-0.65
2026-07-27T03:50:00.000,0.38,274.82,0.03,-0.38
2026-07-27T04:00:00.000,0.42,286.03,0.12,-0.41
2026-07-27T04:10:00.000,3.1,207.63,-2.75,-1.44
2026-07-27T04:20:00.000,0.68,74.7,0.18,0.66
2026-07-27T04:30:00.000,1.76,175.76,-1.75,0.13
2026-07-27T04:40:00.000,3.76,222.14,-2.79,-2.52
2026-07-27T04:50:00.000,3.81,179.73,-3.81,0.02
2026-07-27T05:00:00.000,5.64,144.8,-4.61,3.25
2026-07-27T05:10:00.000,5.76,154.37,-5.19,2.49
2026-07-27T05:20:00.000,4.49,188.6,-4.44,-0.67
2026-07-27T05:30:00.000,3.86,131.1,-2.54,2.91
2026-07-27T05:40:00.000,3.96,123.07,-2.16,3.32
2026-07-27T05:50:00.000,0.09,292.34,0.04,-0.09
2026-07-27T06:00:00.000,0.3,34.29,0.25,0.17
2026-07-27T06:10:00.000,2.24,171.79,-2.22,0.32
2026-07-27T06:20:00.000,3.67,194.55,-3.55,-0.92
2026-07-27T06:30:00.000,2.89,173.1,-2.87,0.35
2026-07-27T06:40:00.000,1.18,145.5,-0.97,0.67
2026-07-27T06:50:00.000,1.62,325.19,1.33,-0.92
2026-07-27T07:00:00.000,3.75,11.56,3.67,0.75
2026-07-27T07:10:00.000,0.54,19.35,0.51,0.18
2026-07-27T07:20:00.000,0.17,162.32,-0.16,0.05
2026-07-27T07:30:00.000,2.45,197.99,-2.33,-0.76
2026-07-27T07:40:00.000,0.4,16.23,0.38,0.11
2026-07-27T07:50:00.000,2.3,14.29,2.22,0.57
2026-07-27T08:00:00.000,0.26,266.91,-0.01,-0.26
2026-07-27T08:10:00.000,0.45,329.32,0.39,-0.23
2026-07-27T08:20:00.000,1.73,352.3,1.71,-0.23
2026-07-27T08:30:00.000,0.51,280.27,0.09,-0.5
2026-07-27T08:40:00.000,1.3,288.76,0.42,-1.23
2026-07-27T08:50:00.000,1.12,331.17,0.98,-0.54
2026-07-27T09:00:00.000,6.94,355.81,6.92,-0.51
2026-07-27T09:10:00.000,4.47,346.25,4.34,-1.06
2026-07-27T09:20:00.000,0.8,274.24,0.06,-0.8
2026-07-27T09:30:00.000,1.07,280.22,0.19,-1.05
2026-07-27T09:40:00.000,3.03,152.48,-2.68,1.4
2026-07-27T09:50:00.000,4.35,300.38,2.2,-3.75
2026-07-27T10:00:00.000,0.38,351.07,0.37,-0.06
2026-07-27T10:10:00.000,0.28,212.5,-0.23,-0.15
2026-07-27T10:20:00.000,2.99,76.01,0.72,2.9
2026-07-27T10:30:00.000,1.8,160.9,-1.7,0.59
2026-07-27T10:40:00.000,1.29,249.75,-0.45,-1.21
2026-07-27T10:50:00.000,5.77,329.01,4.95,-2.97
2026-07-27T11:00:00.000,5.8,336.87,5.34,-2.28
2026-07-27T11:10:00.000,1.57,264.34,-0.15,-1.56
2026-07-27T11:20:00.000,3.76,183.74,-3.75,-0.25
2026-07-27T11:30:00.000,1.19,232.1,-0.73,-0.94
2026-07-27T11:40:00.000,0.36,241.75,-0.17,-0.32
2026-07-27T11:50:00.000,0.35,267.28,-0.02,-0.35
2026-07-27T12:00:00.000,0.55,246.96,-0.22,-0.51
2026-07-27T12:10:00.000,2.39,122.82,-1.29,2
2026-07-27T12:20:00.000,2.12,201.47,-1.97,-0.78
2026-07-27T12:30:00.000,0.21,263.72,-0.02,-0.21
2026-07-27T12:40:00.000,1.03,267.87,-0.04,-1.03
2026-07-27T12:50:00.000,1.16,264.09,-0.12,-1.15
2026-07-27T13:00:00.000,3.04,348.9,2.98,-0.58
2026-07-27T13:10:00.000,0.52,265.34,-0.04,-0.52
2026-07-27T13:20:00.000,3.33,181.45,-3.33,-0.08
2026-07-27T13:30:00.000,4.52,200.11,-4.24,-1.55
2026-07-27T13:40:00.000,2.22,215.32,-1.81,-1.28
2026-07-27T13:50:00.000,0.45,5.2,0.45,0.04
2026-07-27T14:00:00.000,2.79,311.1,1.83,-2.1
2026-07-27T14:10:00.000,0.97,334.39,0.88,-0.42
2026-07-27T14:20:00.000,0.48,348.88,0.47,-0.09
2026-07-27T14:30:00.000,0.56,356.68,0.56,-0.03
2026-07-27T14:40:00.000,0.66,121.04,-0.34,0.57
2026-07-27T14:50:00.000,1.81,222.76,-1.33,-1.23
2026-07-27T15:00:00.000,0.51,0.85,0.51,0.01
2026-07-27T15:10:00.000,0.52,1.69,0.52,0.02
2026-07-27T15:20:00.000,0.6,345.68,0.58,-0.15
2026-07-27T15:30:00.000,0.33,336.53,0.3,-0.13
2026-07-27T15:40:00.000,0.7,167.95,-0.68,0.15
2026-07-27T15:50:00.000,0.4,1.26,0.4,0.01
2026-07-27T16:00:00.000,0.82,292.55,0.31,-0.75
2026-07-27T16:10:00.000,0.56,359.01,0.56,-0.01
2026-07-27T16:20:00.000,0.29,54.12,0.17,0.23
2026-07-27T16:30:00.000,0.16,160.96,-0.16,0.05
2026-07-27T16:40:00.000,0.4,14.92,0.38,0.1
2026-07-27T16:50:00.000,0.16,16.79,0.16,0.05
2026-07-27T17:00:00.000,0.39,7.81,0.38,0.05
2026-07-27T17:10:00.000,0.1,340.87,0.09,-0.03
2026-07-27T17:20:00.000,0.38,90.27,0,0.38
2026-07-27T17:30:00.000,0.3,353.96,0.3,-0.03
2026-07-27T17:40:00.000,0.43,351.46,0.43,-0.06
2026-07-27T17:50:00.000,0.62,354.27,0.62,-0.06
2026-07-27T18:00:00.000,0.25,319.4,0.19,-0.16
2026-07-27T18:10:00.000,1.86,190.83,-1.83,-0.35
2026-07-27T18:20:00.000,0.78,46.91,0.54,0.57
2026-07-27T18:30:00.000,1.26,113.65,-0.51,1.16
2026-07-27T18:40:00.000,0.34,30.86,0.29,0.17
2026-07-27T18:50:00.000,1.63,290.58,0.57,-1.52
2026-07-27T19:00:00.000,3.85,60.77,1.88,3.36
2026-07-27T19:10:00.000,1.26,345.62,1.22,-0.31
2026-07-27T19:20:00.000,0.32,286.52,0.09,-0.31
2026-07-27T19:30:00.000,0.19,31.97,0.17,0.1
2026-07-27T19:40:00.000,0.6,347.92,0.59,-0.13
2026-07-27T19:50:00.000,2.87,324.24,2.33,-1.68
2026-07-27T20:00:00.000,5.22,0.33,5.22,0.03
2026-07-27T20:10:00.000,3.76,339.36,3.52,-1.33
2026-07-27T20:20:00.000,2.85,325.55,2.35,-1.61
2026-07-27T20:30:00.000,0.76,349.05,0.74,-0.14
2026-07-27T20:40:00.000,0.96,338.61,0.9,-0.35
2026-07-27T20:50:00.000,4.98,313.65,3.43,-3.6
2026-07-27T21:00:00.000,4.6,11.26,4.51,0.9
2026-07-27T21:10:00.000,0.86,55.4,0.49,0.7
2026-07-27T21:20:00.000,4.37,141.28,-3.41,2.73
2026-07-27T21:30:00.000,2.84,100.69,-0.53,2.79
2026-07-27T21:40:00.000,0.71,125.8,-0.42,0.58
2026-07-27T21:50:00.000,4.23,275.19,0.38,-4.21
2026-07-27T22:00:00.000,3.66,2.4,3.65,0.15
2026-07-27T22:10:00.000,3.14,319.7,2.4,-2.03
2026-07-27T22:20:00.000,2.36,343.51,2.26,-0.67
2026-07-27T22:30:00.000,4.69,252.36,-1.42,-4.47
2026-07-27T22:40:00.000,0.24,28.55,0.21,0.11
2026-07-27T22:50:00.000,5.63,350.03,5.54,-0.97
2026-07-27T23:00:00.000,3.56,311.96,2.38,-2.65
2026-07-27T23:10:00.000,0.53,208.45,-0.46,-0.25
2026-07-27T23:20:00.000,0.76,77.22,0.17,0.75
2026-07-27T23:30:00.000,1.75,264.99,-0.15,-1.75
2026-07-27T23:40:00.000,2.01,223.86,-1.45,-1.39
2026-07-27T23:50:00.000,0.86,302.4,0.46,-0.73
2026-07-28T00:00:00.000,1.89,273.49,0.11,-1.88
2026-07-28T00:10:00.000,0.57,237.71,-0.31,-0.48
2026-07-28T00:20:00.000,3.48,143.48,-2.79,2.07
2026-07-28T00:30:00.000,0.27,8.48,0.26,0.04
2026-07-28T00:40:00.000,1.3,277.32,0.17,-1.29
2026-07-28T00:50:00.000,0.6,271.87,0.02,-0.6
2026-07-28T01:00:00.000,0.28,134.36,-0.19,0.2
2026-07-28T01:10:00.000,2.02,275.8,0.2,-2.01
2026-07-28T01:20:00.000,3.2,351.4,3.16,-0.48
2026-07-28T01:30:00.000,3.78,298.55,1.81,-3.32
2026-07-28T01:40:00.000,1.16,307.18,0.7,-0.92
2026-07-28T01:50:00.000,1.31,239.36,-0.67,-1.13
2026-07-28T02:00:00.000,0.46,275.57,0.04,-0.46
2026-07-28T02:10:00.000,0.88,317.39,0.64,-0.59
2026-07-28T02:20:00.000,0.62,296.36,0.28,-0.56
2026-07-28T02:30:00.000,2.6,156.69,-2.39,1.03
2026-07-28T02:40:00.000,3.86,213.93,-3.2,-2.15
2026-07-28T02:50:00.000,0.95,315.82,0.68,-0.66
2026-07-28T03:00:00.000,4.66,358.33,4.66,-0.14
2026-07-28T03:10:00.000,0.8,286.39,0.23,-0.77
2026-07-28T03:20:00.000,0.84,221.94,-0.62,-0.56
2026-07-28T03:30:00.000,0.5,256.45,-0.12,-0.49
2026-07-28T03:40:00.000,1.55,215.82,-1.26,-0.91
2026-07-28T03:50:00.000,2.08,166.83,-2.03,0.47
2026-07-28T04:00:00.000,3.48,204.27,-3.17,-1.43
2026-07-28T04:10:00.000,0.64,258.02,-0.13,-0.63
2026-07-28T04:20:00.000,0.42,142.42,-0.33,0.26
2026-07-28T04:30:00.000,3.17,188.97,-3.13,-0.49
2026-07-28T04:40:00.000,3.93,188.98,-3.88,-0.61
2026-07-28T04:50:00.000,0.63,261.81,-0.09,-0.62
2026-07-28T05:00:00.000,0.88,150.5,-0.76,0.43
2026-07-28T05:10:00.000,4.16,296.88,1.88,-3.71
2026-07-28T05:20:00.000,0.56,268.7,-0.01,-0.56
2026-07-28T05:30:00.000,2.19,233.41,-1.3,-1.76
2026-07-28T05:40:00.000,0.79,189.83,-0.78,-0.13
2026-07-28T05:50:00.000,4.83,176.82,-4.83,0.27
2026-07-28T06:00:00.000,0.89,160,-0.84,0.31
2026-07-28T06:10:00.000,0.32,269.82,0,-0.32
2026-07-28T06:20:00.000,0.52,256.61,-0.12,-0.51
2026-07-28T06:30:00.000,3.47,304.75,1.98,-2.85
2026-07-28T06:40:00.000,1.15,281.78,0.24,-1.13
2026-07-28T06:50:00.000,1.08,202.48,-1,-0.41
2026-07-28T07:00:00.000,0.41,246.5,-0.16,-0.38
2026-07-28T07:10:00.000,0.25,244.98,-0.11,-0.23
2026-07-28T07:20:00.000,1.53,171.64,-1.51,0.22
2026-07-28T07:30:00.000,0.41,273.56,0.03,-0.41
2026-07-28T07:40:00.000,4.39,40.18,3.35,2.83
2026-07-28T07:50:00.000,0.59,246.88,-0.23,-0.54
2026-07-28T08:00:00.000,6.23,152.11,-5.51,2.92
2026-07-28T08:10:00.000,3.61,175.41,-3.6,0.29
2026-07-28T08:20:00.000,0.61,71.19,0.2,0.58
2026-07-28T08:30:00.000,1.59,295.78,0.69,-1.43
2026-07-28T08:40:00.000,1.64,30.21,1.42,0.83
2026-07-28T08:50:00.000,0.24,29.84,0.21,0.12
2026-07-28T09:00:00.000,0.69,81.6,0.1,0.69
2026-07-28T09:10:00.000,0.33,123.97,-0.19,0.28
2026-07-28T09:20:00.000,3.81,151.11,-3.34,1.84
2026-07-28T09:30:00.000,6.86,145.7,-5.66,3.86
2026-07-28T09:40:00.000,8.03,151.07,-7.03,3.89
2026-07-28T09:50:00.000,4.83,167.65,-4.72,1.03
2026-07-28T10:00:00.000,1.33,220.76,-1.01,-0.87
2026-07-28T10:10:00.000,4.73,140.68,-3.66,3
2026-07-28T10:20:00.000,5.81,156.95,-5.35,2.28
2026-07-28T10:30:00.000,0.67,55.07,0.39,0.55
2026-07-28T10:40:00.000,2.51,150.11,-2.18,1.25
2026-07-28T10:50:00.000,2.05,108.31,-0.64,1.95
2026-07-28T11:00:00.000,0.53,338.25,0.49,-0.2
2026-07-28T11:10:00.000,0.26,352.93,0.26,-0.03
2026-07-28T11:20:00.000,2.1,307.44,1.28,-1.67
2026-07-28T11:30:00.000,2.37,148.64,-2.02,1.23
2026-07-28T11:40:00.000,2.76,186.02,-2.74,-0.29
2026-07-28T11:50:00.000,0.6,322.77,0.47,-0.36
2026-07-28T12:00:00.000,6.59,325.69,5.44,-3.71
2026-07-28T12:10:00.000,8.07,338.96,7.54,-2.9
2026-07-28T12:20:00.000,2.51,5.27,2.5,0.23
2026-07-28T12:30:00.000,2.4,220.82,-1.81,-1.57
2026-07-28T12:40:00.000,6.14,315.49,4.38,-4.3
2026-07-28T12:50:00.000,4.4,337.14,4.05,-1.71
2026-07-28T13:00:00.000,4.31,323.47,3.47,-2.57
2026-07-28T13:10:00.000,0.97,5.65,0.97,0.1
2026-07-28T13:20:00.000,0.47,263.35,-0.05,-0.46
2026-07-28T13:30:00.000,5.08,343.72,4.87,-1.42
2026-07-28T13:40:00.000,2.98,217.64,-2.36,-1.82
2026-07-28T13:50:00.000,0.86,89.27,0.01,0.86
2026-07-28T14:00:00.000,0.37,324.11,0.3,-0.22
2026-07-28T14:10:00.000,1.29,336.47,1.18,-0.52
2026-07-28T14:20:00.000,0.08,211.42,-0.07,-0.04
2026-07-28T14:30:00.000,2.35,196.32,-2.25,-0.66
2026-07-28T14:40:00.000,0.89,290.83,0.31,-0.83
2026-07-28T14:50:00.000,5.17,340.78,4.88,-1.7
2026-07-28T15:00:00.000,1.53,295.19,0.65,-1.39
2026-07-28T15:10:00.000,0.56,287.06,0.16,-0.54
2026-07-28T15:20:00.000,0.11,309.67,0.07,-0.08
2026-07-28T15:30:00.000,4.65,261.64,-0.68,-4.6
2026-07-28T15:40:00.000,7.52,337.16,6.93,-2.92
2026-07-28T15:50:00.000,4.13,339.67,3.87,-1.43
2026-07-28T16:00:00.000,4.96,320.77,3.84,-3.14
2026-07-28T16:10:00.000,0.45,242.9,-0.2,-0.4
2026-07-28T16:20:00.000,2.88,180.33,-2.88,-0.02
2026-07-28T16:30:00.000,0.36,48.64,0.24,0.27
2026-07-28T16:40:00.000,1.03,313.78,0.71,-0.74
2026-07-28T16:50:00.000,2.38,213.58,-1.99,-1.32
2026-07-28T17:00:00.000,0.4,265.1,-0.03,-0.39
2026-07-28T17:10:00.000,3.76,161.77,-3.57,1.18
2026-07-28T17:20:00.000,0.12,267.87,0,-0.12
2026-07-28T17:30:00.000,3.44,226.91,-2.35,-2.51
2026-07-28T17:40:00.000,1.45,139.53,-1.1,0.94
2026-07-28T17:50:00.000,4.8,219.3,-3.72,-3.04
2026-07-28T18:00:00.000,3.92,179.63,-3.92,0.03
2026-07-28T18:10:00.000,4.28,197.49,-4.09,-1.29
2026-07-28T18:20:00.000,2.24,130.17,-1.44,1.71
2026-07-28T18:30:00.000,1.61,159.85,-1.51,0.55
2026-07-28T18:40:00.000,2.23,206.45,-2,-0.99
2026-07-28T18:50:00.000,1.23,117.48,-0.57,1.09
2026-07-28T19:00:00.000,1.09,133.92,-0.76,0.79
2026-07-28T19:10:00.000,0.58,211.47,-0.5,-0.3
2026-07-28T19:20:00.000,1,83.44,0.11,0.99
2026-07-28T19:30:00.000,2.87,180.58,-2.87,-0.03
2026-07-28T19:40:00.000,0.32,254.29,-0.09,-0.31
2026-07-28T19:50:00.000,0.4,274.17,0.03,-0.4
2026-07-28T20:00:00.000,0.73,6.86,0.72,0.09
2026-07-28T20:10:00.000,0.25,323.26,0.2,-0.15
2026-07-28T20:20:00.000,0.74,191.6,-0.72,-0.15
2026-07-28T20:30:00.000,2.56,162.69,-2.45,0.76
2026-07-28T20:40:00.000,2.44,130.27,-1.57,1.86
2026-07-28T20:50:00.000,1.73,8.26,1.71,0.25
2026-07-28T21:00:00.000,1.44,274.38,0.11,-1.43
2026-07-28T21:10:00.000,1.58,107.46,-0.48,1.51
2026-07-28T21:20:00.000,8.1,147.27,-6.81,4.38
2026-07-28T21:30:00.000,8.3,149.83,-7.18,4.17
2026-07-28T21:40:00.000,8.59,135.5,-6.12,6.02
2026-07-28T21:50:00.000,8.13,116.1,-3.58,7.3
2026-07-28T22:00:00.000,3.19,322.01,2.51,-1.96
2026-07-28T22:10:00.000,0.47,130.74,-0.31,0.36
2026-07-28T22:20:00.000,10.05,131.85,-6.7,7.48
2026-07-28T22:30:00.000,2.68,96.33,-0.3,2.66
2026-07-28T22:40:00.000,0.52,25.04,0.47,0.22
2026-07-28T22:50:00.000,6.08,290.12,2.09,-5.71
2026-07-28T23:00:00.000,4.87,329.9,4.21,-2.44
2026-07-28T23:10:00.000,3.96,4.86,3.94,0.34
2026-07-28T23:20:00.000,0.35,335.68,0.32,-0.15
2026-07-28T23:30:00.000,1.13,82.13,0.15,1.12
2026-07-28T23:40:00.000,4.59,9.41,4.52,0.75
2026-07-28T23:50:00.000,10.59,342.78,10.12,-3.14
2026-07-29T00:00:00.000,0.08,297.47,0.04,-0.07
2026-07-29T00:10:00.000,2.93,336.19,2.68,-1.18
2026-07-29T00:20:00.000,3.58,200.73,-3.35,-1.27
2026-07-29T00:30:00.000,3.48,30.56,3,1.77
2026-07-29T00:40:00.000,0.75,299.96,0.38,-0.65
2026-07-29T00:50:00.000,2,307.55,1.22,-1.59
2026-07-29T01:00:00.000,0.71,261.82,-0.1,-0.7
2026-07-29T01:10:00.000,0.49,324.86,0.4,-0.28
2026-07-29T01:20:00.000,3.44,325.11,2.82,-1.97
2026-07-29T01:30:00.000,0.59,93.86,-0.04,0.59
2026-07-29T01:40:00.000,3.99,229.18,-2.61,-3.02
2026-07-29T01:50:00.000,3.19,93.1,-0.17,3.18
2026-07-29T02:00:00.000,0.6,321.4,0.47,-0.38
2026-07-29T02:10:00.000,4.27,338.7,3.98,-1.55
2026-07-29T02:20:00.000,1.95,321.57,1.53,-1.21
2026-07-29T02:30:00.000,0.87,293.08,0.34,-0.8
2026-07-29T02:40:00.000,2.07,200.58,-1.93,-0.73
2026-07-29T02:50:00.000,0.5,274.18,0.04,-0.5
2026-07-29T03:00:00.000,1.07,301.38,0.56,-0.91
2026-07-29T03:10:00.000,0.54,267.33,-0.03,-0.54
2026-07-29T03:20:00.000,3.04,230.29,-1.94,-2.34
2026-07-29T03:30:00.000,1.59,215.87,-1.29,-0.93
2026-07-29T03:40:00.000,1.42,249.04,-0.51,-1.32
2026-07-29T03:50:00.000,0.53,275.36,0.05,-0.53
2026-07-29T04:00:00.000,1.82,142.93,-1.45,1.09
2026-07-29T04:10:00.000,2.22,214.09,-1.84,-1.24
2026-07-29T04:20:00.000,2.55,175.02,-2.54,0.22
2026-07-29T04:30:00.000,1.16,161.75,-1.11,0.36
2026-07-29T04:40:00.000,1.62,47.18,1.1,1.19
2026-07-29T04:50:00.000,1.21,228.22,-0.81,-0.9
2026-07-29T05:00:00.000,3.18,133.1,-2.17,2.32
2026-07-29T05:10:00.000,8.08,141.45,-6.32,5.04
2026-07-29T05:20:00.000,5.09,160.39,-4.79,1.71
2026-07-29T05:30:00.000,2.32,125.12,-1.33,1.9
2026-07-29T05:40:00.000,1.02,301.22,0.53,-0.87
2026-07-29T05:50:00.000,4.47,307.7,2.73,-3.54
2026-07-29T06:00:00.000,0.34,319.08,0.26,-0.22
2026-07-29T06:10:00.000,3.74,35.23,3.06,2.16
2026-07-29T06:20:00.000,7.43,46.99,5.07,5.44
2026-07-29T06:30:00.000,7.05,339.44,6.6,-2.47
2026-07-29T06:40:00.000,3.78,293.18,1.49,-3.48
2026-07-29T06:50:00.000,0.68,269.26,-0.01,-0.68
2026-07-29T07:00:00.000,3.61,327.73,3.05,-1.93
2026-07-29T07:10:00.000,0.52,304.62,0.29,-0.43
2026-07-29T07:20:00.000,1.83,0.16,1.83,0.01
2026-07-29T07:30:00.000,1.2,342.65,1.14,-0.36
2026-07-29T07:40:00.000,3.41,164.87,-3.29,0.89
2026-07-29T07:50:00.000,3.49,103.33,-0.8,3.39
2026-07-29T08:00:00.000,1.26,235.81,-0.71,-1.04
2026-07-29T08:10:00.000,3.59,157.89,-3.32,1.35
2026-07-29T08:20:00.000,12.02,129.67,-7.67,9.25
2026-07-29T08:30:00.000,3.72,174.35,-3.7,0.37
2026-07-29T08:40:00.000,3.35,192.8,-3.26,-0.74
2026-07-29T08:50:00.000,3.6,183.76,-3.59,-0.24
2026-07-29T09:00:00.000,4.72,159.21,-4.42,1.68
2026-07-29T09:10:00.000,2.89,154.94,-2.62,1.22
2026-07-29T09:20:00.000,0.32,338.82,0.3,-0.11
2026-07-29T09:30:00.000,0.4,24.56,0.36,0.17
2026-07-29T09:40:00.000,3.39,116.77,-1.53,3.02
2026-07-29T09:50:00.000,0.92,259.08,-0.17,-0.9
2026-07-29T10:00:00.000,2.72,332.42,2.41,-1.26
2026-07-29T10:10:00.000,4.34,18.48,4.12,1.38
2026-07-29T10:20:00.000,7.59,316.95,5.54,-5.18
2026-07-29T10:30:00.000,8.52,340.37,8.03,-2.86
2026-07-29T10:40:00.000,11.64,321.13,9.06,-7.31
2026-07-29T10:50:00.000,3.5,151,-3.06,1.7
2026-07-29T11:00:00.000,6.71,132.08,-4.5,4.98
2026-07-29T11:10:00.000,0.28,72.25,0.08,0.26
2026-07-29T11:20:00.000,0.23,291.24,0.08,-0.21
2026-07-29T11:30:00.000,1.43,14.22,1.38,0.35
2026-07-29T11:40:00.000,6.63,51.07,4.17,5.16
2026-07-29T11:50:00.000,6.33,330.63,5.52,-3.11
2026-07-29T12:00:00.000,4.73,312.76,3.21,-3.47
2026-07-29T12:10:00.000,5,326.13,4.15,-2.79
2026-07-29T12:20:00.000,1.65,220.22,-1.26,-1.07
2026-07-29T12:30:00.000,0.86,246.37,-0.34,-0.79
2026-07-29T12:40:00.000,0.96,230.77,-0.61,-0.75
2026-07-29T12:50:00.000,2.33,224.11,-1.67,-1.62
2026-07-29T13:00:00.000,1.77,173.04,-1.76,0.21
2026-07-29T13:10:00.000,0.25,356.7,0.25,-0.01
2026-07-29T13:20:00.000,4.95,24.94,4.49,2.09
2026-07-29T13:30:00.000,3.59,351.9,3.56,-0.51
2026-07-29T13:40:00.000,1.18,237.6,-0.63,-1
2026-07-29T13:50:00.000,1.04,290.85,0.37,-0.98
2026-07-29T14:00:00.000,2.04,230.41,-1.3,-1.57
2026-07-29T14:10:00.000,1.14,47.87,0.76,0.84
2026-07-29T14:20:00.000,0.48,286.55,0.14,-0.46
2026-07-29T14:30:00.000,2.61,175.85,-2.61,0.19
2026-07-29T14:40:00.000,5.37,164.9,-5.19,1.4
2026-07-29T14:50:00.000,0.76,79.26,0.14,0.75
2026-07-29T15:00:00.000,0.14,330.79,0.12,-0.07
2026-07-29T15:10:00.000,2.79,135.22,-1.98,1.96
2026-07-29T15:20:00.000,1.63,123.67,-0.9,1.36
2026-07-29T15:30:00.000,2.34,355.1,2.33,-0.2
2026-07-29T15:40:00.000,4.21,349.88,4.15,-0.74
2026-07-29T15:50:00.000,4.21,357.13,4.21,-0.21
2026-07-29T16:00:00.000,3.45,287.81,1.06,-3.29
2026-07-29T16:10:00.000,0.23,348.44,0.22,-0.05
2026-07-29T16:20:00.000,4.17,165.57,-4.03,1.04
2026-07-29T16:30:00.000,2.84,187.18,-2.82,-0.35
2026-07-29T16:40:00.000,3.71,167.54,-3.62,0.8
2026-07-29T16:50:00.000,0.36,7.08,0.36,0.04
2026-07-29T17:00:00.000,0.51,0.86,0.51,0.01
2026-07-29T17:10:00.000,0.85,64.44,0.37,0.76
2026-07-29T17:20:00.000,0.88,81.52,0.13,0.87
2026-07-29T17:30:00.000,0.69,211,-0.59,-0.36
2026-07-29T17:40:00.000,4.9,173.42,-4.86,0.56
2026-07-29T17:50:00.000,4.07,181.87,-4.07,-0.13
2026-07-29T18:00:00.000,0.17,290.47,0.06,-0.16
2026-07-29T18:10:00.000,1.74,162.75,-1.66,0.52
2026-07-29T18:20:00.000,3.39,145.98,-2.81,1.9
2026-07-29T18:30:00.000,1.96,203.1,-1.81,-0.77
2026-07-29T18:40:00.000,4.09,128.63,-2.56,3.2
2026-07-29T18:50:00.000,2.98,38.97,2.31,1.87
2026-07-29T19:00:00.000,1.19,84.22,0.12,1.18
2026-07-29T19:10:00.000,1.46,244.61,-0.62,-1.32
2026-07-29T19:20:00.000,0.26,353.9,0.26,-0.03
2026-07-29T19:30:00.000,0.83,113.52,-0.33,0.76
2026-07-29T19:40:00.000,3.19,242.58,-1.47,-2.83
2026-07-29T19:50:00.000,1.83,155.03,-1.66,0.77
2026-07-29T20:00:00.000,2.48,157.05,-2.28,0.97
2026-07-29T20:10:00.000,0.78,123.12,-0.42,0.65
2026-07-29T20:20:00.000,0.29,35.78,0.24,0.17
2026-07-29T20:30:00.000,0.39,12.67,0.38,0.09
2026-07-29T20:40:00.000,4.14,159.99,-3.89,1.42
2026-07-29T20:50:00.000,4.1,119.12,-2,3.58
2026-07-29T21:00:00.000,0.05,164.37,-0.05,0.01
2026-07-29T21:10:00.000,1.22,16.62,1.17,0.35
2026-07-29T21:20:00.000,3.79,328.49,3.23,-1.98
2026-07-29T21:30:00.000,2.95,322.72,2.35,-1.79
2026-07-29T21:40:00.000,0.58,18.22,0.55,0.18
2026-07-29T21:50:00.000,5.47,340.96,5.17,-1.78
2026-07-29T22:00:00.000,4.76,333.19,4.24,-2.14
2026-07-29T22:10:00.000,4.7,21.26,4.38,1.7
2026-07-29T22:20:00.000,2.11,25.53,1.9,0.91
2026-07-29T22:30:00.000,1.52,107.96,-0.47,1.44
2026-07-29T22:40:00.000,2.02,165.97,-1.96,0.49
2026-07-29T22:50:00.000,0.31,37.81,0.25,0.19
2026-07-29T23:00:00.000,0.4,5.26,0.4,0.04
2026-07-29T23:10:00.000,3.73,168.78,-3.65,0.73
2026-07-29T23:20:00.000,3.6,129.92,-2.31,2.76
2026-07-29T23:30:00.000,5.02,157.25,-4.63,1.94
2026-07-29T23:40:00.000,0.54,51.04,0.34,0.42
2026-07-29T23:50:00.000,0.82,16.73,0.79,0.24
2026-07-30T00:00:00.000,6.56,106.47,-1.86,6.29
2026-07-30T00:10:00.000,7.36,171.41,-7.28,1.1
2026-07-30T00:20:00.000,3.51,106.48,-1,3.37
2026-07-30T00:30:00.000,2.25,287.64,0.68,-2.14
2026-07-30T00:40:00.000,2.7,335.58,2.46,-1.12
2026-07-30T00:50:00.000,4.78,346.68,4.65,-1.1
2026-07-30T01:00:00.000,4.77,310.99,3.13,-3.6
2026-07-30T01:10:00.000,0.22,22.81,0.2,0.08
2026-07-30T01:20:00.000,0.5,254.1,-0.14,-0.48
2026-07-30T01:30:00.000,4.86,303.17,2.66,-4.07
2026-07-30T01:40:00.000,0.73,215.73,-0.59,-0.42
2026-07-30T01:50:00.000,2.77,202.59,-2.56,-1.07
2026-07-30T02:00:00.000,4.68,181.43,-4.68,-0.12
2026-07-30T02:10:00.000,1.34,202.61,-1.24,-0.51
2026-07-30T02:20:00.000,0.88,189.94,-0.86,-0.15
2026-07-30T02:30:00.000,3.17,149.88,-2.74,1.59
2026-07-30T02:40:00.000,4.86,161.08,-4.6,1.58
2026-07-30T02:50:00.000,4.05,187.1,-4.01,-0.5
2026-07-30T03:00:00.000,0.17,233.55,-0.1,-0.13
2026-07-30T03:10:00.000,1.4,327.26,1.18,-0.76
2026-07-30T03:20:00.000,5.05,310.02,3.25,-3.87
2026-07-30T03:30:00.000,2.2,17.31,2.1,0.65
2026-07-30T03:40:00.000,0.47,281.69,0.09,-0.46
2026-07-30T03:50:00.000,0.26,265.16,-0.02,-0.26
2026-07-30T04:00:00.000,0.99,296.9,0.45,-0.89
2026-07-30T04:10:00.000,0.76,212.72,-0.64,-0.41
2026-07-30T04:20:00.000,1.34,348.61,1.31,-0.26
2026-07-30T04:30:00.000,3.3,303.94,1.84,-2.73
2026-07-30T04:40:00.000,0.8,283.03,0.18,-0.78
2026-07-30T04:50:00.000,2.08,181.9,-2.08,-0.07
2026-07-30T05:00:00.000,1.18,173.27,-1.17,0.14
2026-07-30T05:10:00.000,0.94,163.19,-0.9,0.27
2026-07-30T05:20:00.000,1.98,359.44,1.98,-0.02
2026-07-30T05:30:00.000,3.46,248.93,-1.24,-3.23
2026-07-30T05:40:00.000,0.59,304,0.33,-0.49
2026-07-30T05:50:00.000,0.24,232.24,-0.15,-0.19
2026-07-30T06:00:00.000,0.29,114.26,-0.12,0.26
2026-07-30T06:10:00.000,0.6,287.41,0.18,-0.57
2026-07-30T06:20:00.000,0.38,299.74,0.19,-0.33
2026-07-30T06:30:00.000,0.52,127.5,-0.32,0.41
2026-07-30T06:40:00.000,0.85,267.46,-0.04,-0.85
2026-07-30T06:50:00.000,1.69,208.35,-1.49,-0.8
2026-07-30T07:00:00.000,4.56,133.11,-3.12,3.33
2026-07-30T07:10:00.000,2.18,171.12,-2.15,0.34
2026-07-30T07:20:00.000,3.83,128.34,-2.38,3
2026-07-30T07:30:00.000,3.76,190.05,-3.7,-0.66
2026-07-30T07:40:00.000,3.5,135.83,-2.51,2.44
2026-07-30T07:50:00.000,5.12,166.52,-4.98,1.19
2026-07-30T08:00:00.000,7.02,143.19,-5.62,4.21
2026-07-30T08:10:00.000,5.49,136.18,-3.96,3.8
2026-07-30T08:20:00.000,2.78,283.51,0.65,-2.7
2026-07-30T08:30:00.000,4.8,339.17,4.49,-1.71
2026-07-30T08:40:00.000,5.53,144.94,-4.53,3.18
2026-07-30T08:50:00.000,6.55,141.53,-5.13,4.08
2026-07-30T09:00:00.000,11.18,162.27,-10.65,3.4
2026-07-30T09:10:00.000,9.08,104.62,-2.29,8.78
2026-07-30T09:20:00.000,5.87,152.03,-5.19,2.75
2026-07-30T09:30:00.000,10.45,105.46,-2.79,10.07
2026-07-30T09:40:00.000,0.87,227.69,-0.58,-0.64
2026-07-30T09:50:00.000,1.93,316.69,1.4,-1.32
2026-07-30T10:00:00.000,8.6,342.4,8.2,-2.6
2026-07-30T10:10:00.000,9.76,323.68,7.86,-5.78
2026-07-30T10:20:00.000,8.2,341.01,7.75,-2.67
2026-07-30T10:30:00.000,8.29,288.87,2.68,-7.84
2026-07-30T10:40:00.000,0.28,206.08,-0.25,-0.12
2026-07-30T10:50:00.000,2.36,19.41,2.23,0.79
2026-07-30T11:00:00.000,2.25,262.85,-0.28,-2.24
2026-07-30T11:10:00.000,4.21,340.79,3.97,-1.38
2026-07-30T11:20:00.000,3.04,291.04,1.09,-2.84
2026-07-30T11:30:00.000,0.55,81.44,0.08,0.54
2026-07-30T11:40:00.000,3.41,91.09,-0.06,3.41
2026-07-30T11:50:00.000,5.79,15.8,5.57,1.58
2026-07-30T12:00:00.000,10.1,322.82,8.05,-6.11
2026-07-30T12:10:00.000,7.7,313.34,5.29,-5.6
2026-07-30T12:20:00.000,3.9,282.82,0.86,-3.8
2026-07-30T12:30:00.000,7.73,150.31,-6.71,3.83
2026-07-30T12:40:00.000,12.49,145.27,-10.26,7.12
2026-07-30T12:50:00.000,12.32,151.34,-10.81,5.91
2026-07-30T13:00:00.000,8.99,4.5,8.96,0.7
2026-07-30T13:10:00.000,3.96,30.57,3.41,2.01
2026-07-30T13:20:00.000,6.17,279.66,1.04,-6.08
2026-07-30T13:30:00.000,0.45,273.91,0.03,-0.45
2026-07-30T13:40:00.000,3.39,193.36,-3.3,-0.78
2026-07-30T13:50:00.000,4.14,176.57,-4.13,0.25
2026-07-30T14:00:00.000,1.45,324.57,1.18,-0.84
2026-07-30T14:10:00.000,0.49,301.29,0.26,-0.42
2026-07-30T14:20:00.000,1.56,208.85,-1.36,-0.75
2026-07-30T14:30:00.000,0.78,271.71,0.02,-0.78
2026-07-30T14:40:00.000,4.54,92.9,-0.23,4.53
2026-07-30T14:50:00.000,4.38,147,-3.67,2.38
2026-07-30T15:00:00.000,2.96,51.43,1.85,2.31
2026-07-30T15:10:00.000,1.96,335.59,1.79,-0.81
2026-07-30T15:20:00.000,0.61,177.78,-0.61,0.02
2026-07-30T15:30:00.000,0.36,245.03,-0.15,-0.33
2026-07-30T15:40:00.000,2.37,252.44,-0.71,-2.26
2026-07-30T15:50:00.000,0.6,267.4,-0.03,-0.59
2026-07-30T16:00:00.000,0.52,142.8,-0.42,0.32
2026-07-30T16:10:00.000,1.41,252.51,-0.42,-1.34
2026-07-30T16:20:00.000,0.72,111.52,-0.27,0.67
2026-07-30T16:30:00.000,0.89,274.64,0.07,-0.89
2026-07-30T16:40:00.000,6,352.55,5.95,-0.78
2026-07-30T16:50:00.000,0.42,247.73,-0.16,-0.39
2026-07-30T17:00:00.000,1.54,125.44,-0.89,1.25
2026-07-30T17:10:00.000,0.34,297.28,0.16,-0.31
2026-07-30T17:20:00.000,0.62,279.51,0.1,-0.61
2026-07-30T17:30:00.000,1.94,313.99,1.35,-1.39
2026-07-30T17:40:00.000,0.27,273.85,0.02,-0.27
2026-07-30T17:50:00.000,1.28,265.52,-0.1,-1.27
2026-07-30T18:00:00.000,0.96,61.71,0.46,0.85
2026-07-30T18:10:00.000,3.56,337.8,3.29,-1.34
2026-07-30T18:20:00.000,0.98,93,-0.05,0.98
2026-07-30T18:30:00.000,3.18,107.01,-0.93,3.04
2026-07-30T18:40:00.000,0.21,9.77,0.21,0.04
2026-07-30T18:50:00.000,0.56,0.09,0.56,0
2026-07-30T19:00:00.000,0.55,352.84,0.55,-0.07
2026-07-30T19:10:00.000,0.22,348.72,0.21,-0.04
2026-07-30T19:20:00.000,0.31,170.88,-0.3,0.05
2026-07-30T19:30:00.000,0.29,1.92,0.28,0.01
2026-07-30T19:40:00.000,1.27,346.98,1.24,-0.29
2026-07-30T19:50:00.000,0.16,170.1,-0.15,0.03
2026-07-30T20:00:00.000,5.61,145.85,-4.64,3.15
2026-07-30T20:10:00.000,5.31,152.79,-4.72,2.43
2026-07-30T20:20:00.000,1.07,310.79,0.7,-0.81
2026-07-30T20:30:00.000,1.04,321.35,0.81,-0.65
2026-07-30T20:40:00.000,1.78,228.84,-1.17,-1.34
2026-07-30T20:50:00.000,5.77,132.31,-3.89,4.27
2026-07-30T21:00:00.000,1.94,160.63,-1.83,0.64
2026-07-30T21:10:00.000,1.09,78.11,0.23,1.07
2026-07-30T21:20:00.000,4.2,261.29,-0.64,-4.15
2026-07-30T21:30:00.000,0.1,24.05,0.09,0.04
2026-07-30T21:40:00.000,0.35,103.62,-0.08,0.34
2026-07-30T21:50:00.000,1.79,160.97,-1.69,0.58
2026-07-30T22:00:00.000,3.6,150.37,-3.13,1.78
2026-07-30T22:10:00.000,3.8,267.78,-0.15,-3.8
2026-07-30T22:20:00.000,4.11,300.65,2.1,-3.54
2026-07-30T22:30:00.000,0.81,359.37,0.81,-0.01
2026-07-30T22:40:00.000,3.29,11.91,3.22,0.68
2026-07-30T22:50:00.000,5.23,14.21,5.07,1.28
2026-07-30T23:00:00.000,3.99,28.19,3.52,1.89
2026-07-30T23:10:00.000,5.38,9.89,5.3,0.92
2026-07-30T23:20:00.000,1.85,36.91,1.48,1.11
2026-07-30T23:30:00.000,6.08,335.7,5.54,-2.5
2026-07-30T23:40:00.000,4.32,268.94,-0.08,-4.32
2026-07-30T23:50:00.000,4.19,337.71,3.87,-1.59
2026-07-31T00:00:00.000,0.57,96.22,-0.06,0.57
2026-07-31T00:10:00.000,5.19,318.96,3.91,-3.41
2026-07-31T00:20:00.000,0.86,284.94,0.22,-0.83
2026-07-31T00:30:00.000,6.31,332,5.57,-2.96
2026-07-31T00:40:00.000,3.43,330.16,2.98,-1.71
2026-07-31T00:50:00.000,2.99,253.93,-0.83,-2.87
2026-07-31T01:00:00.000,0.08,114.15,-0.03,0.07
2026-07-31T01:10:00.000,0.27,197.3,-0.25,-0.08
2026-07-31T01:20:00.000,2.99,160.17,-2.81,1.01
2026-07-31T01:30:00.000,0.73,234.37,-0.43,-0.59
2026-07-31T01:40:00.000,0.4,306.96,0.24,-0.32
2026-07-31T01:50:00.000,1.09,311.84,0.73,-0.81
2026-07-31T02:00:00.000,0.36,199.08,-0.34,-0.12
2026-07-31T02:10:00.000,3.88,211.74,-3.3,-2.04
2026-07-31T02:20:00.000,5.64,162.3,-5.37,1.72
2026-07-31T02:30:00.000,3.6,218.24,-2.83,-2.23
2026-07-31T02:40:00.000,2.03,167.11,-1.98,0.45
2026-07-31T02:50:00.000,0.17,105.77,-0.05,0.16
2026-07-31T03:00:00.000,3.52,141.2,-2.74,2.2
2026-07-31T03:10:00.000,2.37,130.27,-1.53,1.81
2026-07-31T03:20:00.000,0.59,344.48,0.56,-0.16
2026-07-31T03:30:00.000,0.95,312.52,0.64,-0.7
2026-07-31T03:40:00.000,5.22,333.18,4.66,-2.36
2026-07-31T03:50:00.000,0.61,294.39,0.25,-0.56
2026-07-31T04:00:00.000,0.34,239.22,-0.17,-0.29
2026-07-31T04:10:00.000,1.6,12.65,1.56,0.35
2026-07-31T04:20:00.000,1.74,309.18,1.1,-1.35
2026-07-31T04:30:00.000,2.15,4.44,2.15,0.17
2026-07-31T04:40:00.000,4.61,293.62,1.85,-4.22
2026-07-31T04:50:00.000,0.58,283.23,0.13,-0.57
2026-07-31T05:00:00.000,3.31,297.83,1.54,-2.92
2026-07-31T05:10:00.000,3.31,287.91,1.02,-3.15
2026-07-31T05:20:00.000,1.98,25.69,1.78,0.86
2026-07-31T05:30:00.000,3.85,2.34,3.85,0.16
2026-07-31T05:40:00.000,5.39,323.82,4.35,-3.18
2026-07-31T05:50:00.000,4.79,319.32,3.63,-3.12
2026-07-31T06:00:00.000,2.14,323.53,1.72,-1.27
2026-07-31T06:10:00.000,0.97,222.25,-0.72,-0.65
2026-07-31T06:20:00.000,1.54,190.38,-1.52,-0.28
2026-07-31T06:30:00.000,4.78,236.87,-2.61,-4
2026-07-31T06:40:00.000,6.54,157.63,-6.05,2.49
2026-07-31T06:50:00.000,9.61,155.59,-8.75,3.97
2026-07-31T07:00:00.000,4.37,147.76,-3.69,2.33
2026-07-31T07:10:00.000,0.99,148.37,-0.85,0.52
2026-07-31T07:20:00.000,0.8,11.58,0.78,0.16
2026-07-31T07:30:00.000,0.44,24.94,0.4,0.18
2026-07-31T07:40:00.000,1.68,34.54,1.39,0.96
2026-07-31T07:50:00.000,0.63,80.41,0.11,0.62
2026-07-31T08:00:00.000,1.74,112.15,-0.66,1.61
2026-07-31T08:10:00.000,3.93,134.05,-2.73,2.83
2026-07-31T08:20:00.000,6.14,134.04,-4.27,4.41
2026-07-31T08:30:00.000,4.25,122.15,-2.26,3.6
2026-07-31T08:40:00.000,3.08,139.54,-2.34,2
2026-07-31T08:50:00.000,2.57,65.74,1.06,2.35
2026-07-31T09:00:00.000,3.13,286.17,0.87,-3.01
2026-07-31T09:10:00.000,0.76,79.42,0.14,0.75
2026-07-31T09:20:00.000,0.54,97.61,-0.07,0.54
2026-07-31T09:30:00.000,2.08,9.82,2.04,0.35
2026-07-31T09:40:00.000,4.82,313.23,3.3,-3.51
2026-07-31T09:50:00.000,3.75,279.31,0.61,-3.7
2026-07-31T10:00:00.000,1.02,151.73,-0.9,0.48
2026-07-31T10:10:00.000,7.44,177.76,-7.43,0.29
2026-07-31T10:20:00.000,9.16,138.47,-6.85,6.07
2026-07-31T10:30:00.000,5.59,130.39,-3.63,4.26
2026-07-31T10:40:00.000,7.76,124.84,-4.43,6.37
2026-07-31T10:50:00.000,6.21,166.44,-6.04,1.46
2026-07-31T11:00:00.000,3.33,246.59,-1.32,-3.06
2026-07-31T11:10:00.000,1.01,277.82,0.14,-1
2026-07-31T11:20:00.000,5.02,342.18,4.78,-1.54
2026-07-31T11:30:00.000,6.87,347.76,6.71,-1.46
2026-07-31T11:40:00.000,9.13,0.94,9.13,0.15
2026-07-31T11:50:00.000,11.5,22.1,10.66,4.33
2026-07-31T12:00:00.000,6.31,345.29,6.1,-1.6
2026-07-31T12:10:00.000,2.7,215.35,-2.2,-1.56
2026-07-31T12:20:00.000,4.7,181.75,-4.7,-0.14
2026-07-31T12:30:00.000,5.82,340.85,5.49,-1.91
2026-07-31T12:40:00.000,2.57,16.74,2.46,0.74
2026-07-31T12:50:00.000,8.56,339.97,8.04,-2.93
2026-07-31T13:00:00.000,3.36,327.12,2.82,-1.83
2026-07-31T13:10:00.000,5.72,329.77,4.94,-2.88
2026-07-31T13:20:00.000,5.37,350.54,5.3,-0.88
2026-07-31T13:30:00.000,0.63,357.6,0.63,-0.03
2026-07-31T13:40:00.000,0.7,304.57,0.4,-0.58
2026-07-31T13:50:00.000,2.43,342.99,2.32,-0.71
2026-07-31T14:00:00.000,0.34,224.21,-0.24,-0.24
2026-07-31T14:10:00.000,1.37,94.17,-0.1,1.36
2026-07-31T14:20:00.000,0.53,230.02,-0.34,-0.41
2026-07-31T14:30:00.000,0.37,217.46,-0.3,-0.23
2026-07-31T14:40:00.000,3.47,245.49,-1.44,-3.16
2026-07-31T14:50:00.000,0.56,244.45,-0.24,-0.51
2026-07-31T15:00:00.000,0.53,224.57,-0.38,-0.37
2026-07-31T15:10:00.000,0.54,230.13,-0.34,-0.41
2026-07-31T15:20:00.000,0.74,234.44,-0.43,-0.6
2026-07-31T15:30:00.000,2.32,215.91,-1.88,-1.36
2026-07-31T15:40:00.000,4.77,147.28,-4.01,2.58
2026-07-31T15:50:00.000,6.77,117.05,-3.08,6.03
2026-07-31T16:00:00.000,3.03,154.86,-2.75,1.29
2026-07-31T16:10:00.000,2.65,274.7,0.22,-2.64
2026-07-31T16:20:00.000,2.16,300.11,1.09,-1.87
2026-07-31T16:30:00.000,1.33,340.31,1.25,-0.45
2026-07-31T16:40:00.000,4.32,41.22,3.25,2.85
2026-07-31T16:50:00.000,2.21,327.5,1.87,-1.19
2026-07-31T17:00:00.000,4.31,354.45,4.29,-0.42
2026-07-31T17:10:00.000,2.54,342.44,2.42,-0.77
2026-07-31T17:20:00.000,4.69,10.18,4.62,0.83
2026-07-31T17:30:00.000,1.57,313.8,1.08,-1.13
2026-07-31T17:40:00.000,2.49,283.4,0.58,-2.42
2026-07-31T17:50:00.000,2.8,163.84,-2.69,0.78
2026-07-31T18:00:00.000,6.7,168.23,-6.56,1.37
2026-07-31T18:10:00.000,8.04,159.64,-7.54,2.8
2026-07-31T18:20:00.000,2.52,131.56,-1.67,1.89
2026-07-31T18:30:00.000,1.65,134.62,-1.16,1.17
2026-07-31T18:40:00.000,2.22,165.61,-2.15,0.55
2026-07-31T18:50:00.000,0.71,216.71,-0.57,-0.42
2026-07-31T19:00:00.000,2.8,327.29,2.35,-1.51
2026-07-31T19:10:00.000,0.22,69.17,0.08,0.2
2026-07-31T19:20:00.000,3.49,162.55,-3.33,1.05
2026-07-31T19:30:00.000,3.31,151.31,-2.9,1.59
2026-07-31T19:40:00.000,0.26,106.79,-0.08,0.25
2026-07-31T19:50:00.000,3.26,146.74,-2.73,1.79
2026-07-31T20:00:00.000,1.18,3.16,1.18,0.07
2026-07-31T20:10:00.000,0.33,355.01,0.33,-0.03
2026-07-31T20:20:00.000,0.32,307.57,0.19,-0.25
2026-07-31T20:30:00.000,0.49,50.73,0.31,0.38
2026-07-31T20:40:00.000,2.98,223.55,-2.16,-2.05
2026-07-31T20:50:00.000,4.85,135.1,-3.44,3.43
2026-07-31T21:00:00.000,0.28,124.64,-0.16,0.23
2026-07-31T21:10:00.000,3.24,37.85,2.55,1.99
2026-07-31T21:20:00.000,0.74,12.79,0.72,0.16
2026-07-31T21:30:00.000,0.49,33.31,0.41,0.27
2026-07-31T21:40:00.000,1.12,106.54,-0.32,1.08
2026-07-31T21:50:00.000,0.64,77.84,0.14,0.63
2026-07-31T22:00:00.000,2.42,46.69,1.66,1.76
2026-07-31T22:10:00.000,2.65,24.01,2.42,1.08
2026-07-31T22:20:00.000,3.64,38.39,2.85,2.26
2026-07-31T22:30:00.000,2.66,266.53,-0.16,-2.65
2026-07-31T22:40:00.000,3.65,177.7,-3.64,0.15
2026-07-31T22:50:00.000,3.42,194.16,-3.32,-0.84
2026-07-31T23:00:00.000,0.9,193.18,-0.88,-0.21
2026-07-31T23:10:00.000,0.34,110.91,-0.12,0.31
2026-07-31T23:20:00.000,4.01,179.53,-4.01,0.03
2026-07-31T23:30:00.000,11.5,129.17,-7.26,8.92
2026-07-31T23:40:00.000,4.03,167.18,-3.93,0.89
2026-07-31T23:50:00.000,4.03,162.29,-3.84,1.23
2026-08-01T00:00:00.000,1.12,247.86,-0.42,-1.04
2026-08-01T00:10:00.000,0.59,265.6,-0.05,-0.59
2026-08-01T00:20:00.000,1.85,210.58,-1.59,-0.94
2026-08-01T00:30:00.000,0.51,132.85,-0.35,0.37
2026-08-01T00:40:00.000,0.63,260.82,-0.1,-0.62
2026-08-01T00:50:00.000,4.92,309.53,3.13,-3.8
2026-08-01T01:00:00.000,4.52,333.56,4.05,-2.01
2026-08-01T01:10:00.000,4.56,344.2,4.39,-1.24
2026-08-01T01:20:00.000,0.31,303.97,0.17,-0.26
2026-08-01T01:30:00.000,5.49,190.47,-5.39,-1
2026-08-01T01:40:00.000,6.19,21.03,5.77,2.22
2026-08-01T01:50:00.000,2.21,314.54,1.55,-1.57
2026-08-01T02:00:00.000,1.09,270.32,0.01,-1.09
2026-08-01T02:10:00.000,2.31,314.28,1.62,-1.66
2026-08-01T02:20:00.000,0.95,101.01,-0.18,0.93
2026-08-01T02:30:00.000,4.56,96.87,-0.55,4.53
2026-08-01T02:40:00.000,0.42,326.02,0.35,-0.23
2026-08-01T02:50:00.000,6.8,347.26,6.63,-1.5
2026-08-01T03:00:00.000,8.1,334.41,7.3,-3.5
2026-08-01T03:10:00.000,4.63,29.38,4.04,2.27
2026-08-01T03:20:00.000,2.14,322.8,1.71,-1.3
2026-08-01T03:30:00.000,0.48,272.47,0.02,-0.48
2026-08-01T03:40:00.000,0.67,255.75,-0.16,-0.65
2026-08-01T03:50:00.000,0.47,268.29,-0.01,-0.47
2026-08-01T04:00:00.000,3.17,92.17,-0.12,3.17
2026-08-01T04:10:00.000,8.97,326.13,7.45,-5
2026-08-01T04:20:00.000,0.76,289.25,0.25,-0.72
2026-08-01T04:30:00.000,3.12,206.76,-2.78,-1.4
2026-08-01T04:40:00.000,0.74,200.69,-0.7,-0.26
2026-08-01T04:50:00.000,3.71,248.74,-1.35,-3.46
2026-08-01T05:00:00.000,2.89,280.38,0.52,-2.84
2026-08-01T05:10:00.000,4.72,120.37,-2.39,4.07
2026-08-01T05:20:00.000,0.44,194.3,-0.42,-0.11
2026-08-01T05:30:00.000,4.14,63.98,1.82,3.72
2026-08-01T05:40:00.000,8.15,66.98,3.19,7.5
2026-08-01T05:50:00.000,3.18,352.01,3.15,-0.44
2026-08-01T06:00:00.000,7.57,356.1,7.55,-0.52
2026-08-01T06:10:00.000,4.79,308.98,3.01,-3.72
2026-08-01T06:20:00.000,0.81,282.04,0.17,-0.8
2026-08-01T06:30:00.000,2.69,242.97,-1.22,-2.4
2026-08-01T06:40:00.000,2.81,254.7,-0.74,-2.71
2026-08-01T06:50:00.000,2.33,177.51,-2.33,0.1
2026-08-01T07:00:00.000,0.47,257.32,-0.1,-0.46
2026-08-01T07:10:00.000,0.53,164.44,-0.51,0.14
2026-08-01T07:20:00.000,3.75,141.44,-2.94,2.34
2026-08-01T07:30:00.000,2.5,197.59,-2.38,-0.76
2026-08-01T07:40:00.000,0.55,283.64,0.13,-0.53
2026-08-01T07:50:00.000,1.65,73.11,0.48,1.58
2026-08-01T08:00:00.000,6.17,141.02,-4.8,3.88
2026-08-01T08:10:00.000,2.58,113.5,-1.03,2.36
2026-08-01T08:20:00.000,6.81,333.81,6.11,-3.01
2026-08-01T08:30:00.000,0.6,101.72,-0.12,0.59
2026-08-01T08:40:00.000,0.91,68.57,0.33,0.85
2026-08-01T08:50:00.000,1.62,148.94,-1.39,0.84
2026-08-01T09:00:00.000,6.92,157.27,-6.38,2.67
2026-08-01T09:10:00.000,2.65,106.21,-0.74,2.55
2026-08-01T09:20:00.000,2.02,127.33,-1.22,1.6
2026-08-01T09:30:00.000,6.07,167.32,-5.92,1.33
2026-08-01T09:40:00.000,13.49,148.24,-11.47,7.1
2026-08-01T09:50:00.000,3.73,74.74,0.98,3.6
2026-08-01T10:00:00.000,0.48,90.31,0,0.48
2026-08-01T10:10:00.000,0.54,189.61,-0.54,-0.09
2026-08-01T10:20:00.000,3.44,108.02,-1.06,3.27
2026-08-01T10:30:00.000,5.37,165.02,-5.18,1.39
2026-08-01T10:40:00.000,3.89,113.77,-1.57,3.56
2026-08-01T10:50:00.000,0.22,75.78,0.06,0.22
2026-08-01T11:00:00.000,3.05,319.98,2.34,-1.96
2026-08-01T11:10:00.000,5.51,331.29,4.83,-2.65
2026-08-01T11:20:00.000,4.6,295.94,2.01,-4.14
2026-08-01T11:30:00.000,3.62,302.47,1.94,-3.05
2026-08-01T11:40:00.000,1.86,352.34,1.84,-0.25
2026-08-01T11:50:00.000,4.09,32.71,3.44,2.21
2026-08-01T12:00:00.000,1.93,27.02,1.72,0.88
2026-08-01T12:10:00.000,6.65,354.05,6.61,-0.69
2026-08-01T12:20:00.000,4.65,341.88,4.42,-1.45
2026-08-01T12:30:00.000,5.52,262.95,-0.68,-5.48
2026-08-01T12:40:00.000,0.55,316.23,0.4,-0.38
2026-08-01T12:50:00.000,0.86,347.91,0.84,-0.18
2026-08-01T13:00:00.000,10.92,7.96,10.81,1.51
2026-08-01T13:10:00.000,5.85,19.47,5.51,1.95
2026-08-01T13:20:00.000,5.73,45.02,4.05,4.05
2026-08-01T13:30:00.000,3.56,112.28,-1.35,3.29
2026-08-01T13:40:00.000,4.33,89.61,0.03,4.33
2026-08-01T13:50:00.000,1.09,14.55,1.06,0.27
2026-08-01T14:00:00.000,7.17,327.45,6.04,-3.86
2026-08-01T14:10:00.000,3.35,337.07,3.09,-1.31
2026-08-01T14:20:00.000,0.92,282.1,0.19,-0.9
2026-08-01T14:30:00.000,1.3,340.9,1.23,-0.42
2026-08-01T14:40:00.000,0.51,180.74,-0.51,-0.01
2026-08-01T14:50:00.000,0.79,259.31,-0.15,-0.78
2026-08-01T15:00:00.000,2.43,37.16,1.94,1.47
2026-08-01T15:10:00.000,5.93,302.92,3.22,-4.98
2026-08-01T15:20:00.000,0.65,233.32,-0.39,-0.52
2026-08-01T15:30:00.000,2.71,187.49,-2.69,-0.35
2026-08-01T15:40:00.000,2.25,161.69,-2.14,0.71
2026-08-01T15:50:00.000,3.99,173.54,-3.97,0.45
2026-08-01T16:00:00.000,2.73,230.12,-1.75,-2.1
2026-08-01T16:10:00.000,3.65,140.51,-2.82,2.32
2026-08-01T16:20:00.000,5.81,137.16,-4.26,3.95
2026-08-01T16:30:00.000,4.25,124.75,-2.42,3.49
2026-08-01T16:40:00.000,3.07,243.44,-1.37,-2.74
2026-08-01T16:50:00.000,0.81,63.91,0.36,0.73
2026-08-01T17:00:00.000,1.21,80.77,0.19,1.2
2026-08-01T17:10:00.000,2.83,341.95,2.69,-0.88
2026-08-01T17:20:00.000,1.9,307.13,1.15,-1.51
2026-08-01T17:30:00.000,0.48,113.93,-0.2,0.44
2026-08-01T17:40:00.000,0.48,119.18,-0.23,0.42
2026-08-01T17:50:00.000,4.22,144.75,-3.45,2.44
2026-08-01T18:00:00.000,0.35,62.76,0.16,0.31
2026-08-01T18:10:00.000,0.9,217.69,-0.71,-0.55
2026-08-01T18:20:00.000,4.06,136.31,-2.94,2.81
2026-08-01T18:30:00.000,4.6,130.48,-2.99,3.5
2026-08-01T18:40:00.000,2.37,26.02,2.13,1.04
2026-08-01T18:50:00.000,6.79,22.54,6.27,2.6
2026-08-01T19:00:00.000,1.16,310.56,0.75,-0.88
2026-08-01T19:10:00.000,2.43,5.32,2.42,0.23
2026-08-01T19:20:00.000,0.75,302.8,0.4,-0.63
2026-08-01T19:30:00.000,0.51,282.47,0.11,-0.5
2026-08-01T19:40:00.000,0.44,292.23,0.17,-0.41
2026-08-01T19:50:00.000,5.81,303.22,3.18,-4.86
2026-08-01T20:00:00.000,2.03,14.48,1.97,0.51
2026-08-01T20:10:00.000,5.74,143.97,-4.64,3.37
2026-08-01T20:20:00.000,8.94,137.78,-6.62,6.01
2026-08-01T20:30:00.000,13.19,152.09,-11.66,6.18
2026-08-01T20:40:00.000,10.68,145.79,-8.83,6
2026-08-01T20:50:00.000,6.7,141.24,-5.22,4.19
2026-08-01T21:00:00.000,4.9,121.27,-2.54,4.18
2026-08-01T21:10:00.000,0.33,317.45,0.24,-0.22
2026-08-01T21:20:00.000,3.23,350.06,3.19,-0.56
2026-08-01T21:30:00.000,0.46,106.08,-0.13,0.44
2026-08-01T21:40:00.000,2.33,127.57,-1.42,1.85
2026-08-01T21:50:00.000,4.55,112.23,-1.72,4.22
2026-08-01T22:00:00.000,5.63,338.82,5.25,-2.03
2026-08-01T22:10:00.000,4.78,300.74,2.44,-4.11
2026-08-01T22:20:00.000,1.66,85.52,0.13,1.66
2026-08-01T22:30:00.000,3.87,126.31,-2.29,3.12
2026-08-01T22:40:00.000,2.13,206.69,-1.9,-0.96
2026-08-01T22:50:00.000,4.58,43.06,3.34,3.12
2026-08-01T23:00:00.000,0.51,39.64,0.39,0.33
2026-08-01T23:10:00.000,1.25,34.81,1.03,0.71
2026-08-01T23:20:00.000,1.97,290.39,0.69,-1.84
2026-08-01T23:30:00.000,4.05,49.11,2.65,3.06
2026-08-01T23:40:00.000,6.74,350.62,6.65,-1.1
2026-08-01T23:50:00.000,1.37,328.55,1.17,-0.71
2026-08-02T00:00:00.000,3.4,302.75,1.84,-2.86
2026-08-02T00:10:00.000,6.34,118.37,-3.01,5.58
2026-08-02T00:20:00.000,3.5,123.38,-1.93,2.92
2026-08-02T00:30:00.000,1.15,252.07,-0.35,-1.09
2026-08-02T00:40:00.000,0.53,274.88,0.04,-0.52
2026-08-02T00:50:00.000,4.64,323.54,3.73,-2.76
2026-08-02T01:00:00.000,4.04,347.78,3.94,-0.85
2026-08-02T01:10:00.000,11.01,346.29,10.69,-2.61
2026-08-02T01:20:00.000,6.74,338.96,6.29,-2.42
2026-08-02T01:30:00.000,3.8,148.57,-3.24,1.98
2026-08-02T01:40:00.000,1.78,137.6,-1.32,1.2
2026-08-02T01:50:00.000,0.51,278.62,0.08,-0.51
2026-08-02T02:00:00.000,1.56,56.81,0.86,1.31
2026-08-02T02:10:00.000,2.92,318.39,2.18,-1.94
2026-08-02T02:20:00.000,0.23,207.93,-0.2,-0.11
2026-08-02T02:30:00.000,5.02,180.95,-5.02,-0.08
2026-08-02T02:40:00.000,4.21,168.52,-4.12,0.84
2026-08-02T02:50:00.000,2.46,205.22,-2.22,-1.05
2026-08-02T03:00:00.000,0.7,236.59,-0.38,-0.58
2026-08-02T03:10:00.000,2.73,177,-2.73,0.14
2026-08-02T03:20:00.000,7.07,331.84,6.23,-3.34
2026-08-02T03:30:00.000,2.63,43.04,1.92,1.79
2026-08-02T03:40:00.000,1.95,222.45,-1.44,-1.31
2026-08-02T03:50:00.000,1.55,327.68,1.31,-0.83
2026-08-02T04:00:00.000,4.17,307.43,2.54,-3.31
2026-08-02T04:10:00.000,1.8,265.41,-0.14,-1.79
2026-08-02T04:20:00.000,3.38,221.33,-2.54,-2.23
2026-08-02T04:30:00.000,7.49,156.1,-6.85,3.03
2026-08-02T04:40:00.000,5.09,182.37,-5.08,-0.21
2026-08-02T04:50:00.000,0.46,346.7,0.45,-0.11
2026-08-02T05:00:00.000,0.47,339.26,0.44,-0.17
2026-08-02T05:10:00.000,1.58,7.91,1.56,0.22
2026-08-02T05:20:00.000,0.66,62.02,0.31,0.58
2026-08-02T05:30:00.000,0.64,346.54,0.62,-0.15
2026-08-02T05:40:00.000,1.66,289.68,0.56,-1.56
2026-08-02T05:50:00.000,0.14,354.71,0.13,-0.01
2026-08-02T06:00:00.000,1.85,342.78,1.76,-0.55
2026-08-02T06:10:00.000,3.94,356.37,3.93,-0.25
2026-08-02T06:20:00.000,15.22,344.7,14.68,-4.01
2026-08-02T06:30:00.000,4.05,343.86,3.89,-1.13
2026-08-02T06:40:00.000,0.43,77.74,0.09,0.42
2026-08-02T06:50:00.000,6.16,172.69,-6.11,0.78
2026-08-02T07:00:00.000,2.1,171.9,-2.07,0.3
2026-08-02T07:10:00.000,0.25,335.43,0.22,-0.1
2026-08-02T07:20:00.000,3.43,79.18,0.64,3.37
2026-08-02T07:30:00.000,4.36,146.78,-3.65,2.39
2026-08-02T07:40:00.000,3.72,18.27,3.54,1.17
2026-08-02T07:50:00.000,1.49,150.3,-1.3,0.74
2026-08-02T08:00:00.000,2.54,78.21,0.52,2.49
2026-08-02T08:10:00.000,7.89,342.24,7.51,-2.41
2026-08-02T08:20:00.000,3.39,299.37,1.66,-2.95
2026-08-02T08:30:00.000,0.62,163.65,-0.6,0.17
2026-08-02T08:40:00.000,12.7,154.3,-11.44,5.51
2026-08-02T08:50:00.000,4.37,101.1,-0.84,4.28
2026-08-02T09:00:00.000,4.83,84.43,0.47,4.81
2026-08-02T09:10:00.000,8.34,319.58,6.35,-5.41
2026-08-02T09:20:00.000,4.26,170.39,-4.2,0.71
2026-08-02T09:30:00.000,1.78,96.53,-0.2,1.77
2026-08-02T09:40:00.000,3.67,337.52,3.39,-1.4
2026-08-02T09:50:00.000,8.29,290.33,2.88,-7.77
2026-08-02T10:00:00.000,1.29,79.69,0.23,1.27
2026-08-02T10:10:00.000,16.79,139.59,-12.79,10.89
2026-08-02T10:20:00.000,27.8,165.57,-26.92,6.93
2026-08-02T10:30:00.000,1.66,245.27,-0.69,-1.51
2026-08-02T10:40:00.000,1.01,251.67,-0.32,-0.96
2026-08-02T10:50:00.000,5.17,141.87,-4.07,3.19
2026-08-02T11:00:00.000,6.18,94.59,-0.49,6.16
2026-08-02T11:10:00.000,5.86,230.52,-3.73,-4.52
2026-08-02T11:20:00.000,3.04,225.87,-2.11,-2.18
2026-08-02T11:30:00.000,4.39,45.02,3.1,3.11
2026-08-02T11:40:00.000,1.52,276.56,0.17,-1.51
2026-08-02T11:50:00.000,3.09,84.57,0.29,3.07
2026-08-02T12:00:00.000,6.48,147.99,-5.49,3.43
2026-08-02T12:10:00.000,3.92,202.16,-3.63,-1.48
2026-08-02T12:20:00.000,4.41,128.68,-2.76,3.44
2026-08-02T12:30:00.000,9.29,340.68,8.77,-3.07
2026-08-02T12:40:00.000,5.52,8.17,5.46,0.78
2026-08-02T12:50:00.000,7.32,320.97,5.68,-4.61
2026-08-02T13:00:00.000,0.6,275.76,0.06,-0.6
2026-08-02T13:10:00.000,4.67,217.81,-3.69,-2.86
2026-08-02T13:20:00.000,6.85,186.36,-6.81,-0.76
2026-08-02T13:30:00.000,6.62,133.69,-4.57,4.78
2026-08-02T13:40:00.000,1.34,181.3,-1.34,-0.03
2026-08-02T13:50:00.000,3.2,268.66,-0.07,-3.2
2026-08-02T14:00:00.000,2.01,134.29,-1.4,1.44
2026-08-02T14:10:00.000,1.76,289.91,0.6,-1.66
2026-08-02T14:20:00.000,0.67,163.91,-0.65,0.19
2026-08-02T14:30:00.000,7.22,150.75,-6.3,3.53
2026-08-02T14:40:00.000,0.71,212.34,-0.6,-0.38
2026-08-02T14:50:00.000,0.59,311.66,0.39,-0.44
2026-08-02T15:00:00.000,1.4,25.85,1.26,0.61
2026-08-02T15:10:00.000,0.92,290.39,0.32,-0.86
2026-08-02T15:20:00.000,5.66,307.95,3.48,-4.47
2026-08-02T15:30:00.000,0.49,289.49,0.16,-0.47
2026-08-02T15:40:00.000,1.87,151.82,-1.65,0.88
2026-08-02T15:50:00.000,1.34,217.53,-1.07,-0.82
2026-08-02T16:00:00.000,0.52,283.64,0.12,-0.5
2026-08-02T16:10:00.000,1.02,3.34,1.01,0.06
2026-08-02T16:20:00.000,2.99,273.96,0.21,-2.98
2026-08-02T16:30:00.000,0.8,219.53,-0.62,-0.51
2026-08-02T16:40:00.000,0.6,277.77,0.08,-0.6
2026-08-02T16:50:00.000,0.95,260.07,-0.16,-0.94
2026-08-02T17:00:00.000,5.66,334.84,5.12,-2.41
2026-08-02T17:10:00.000,3.9,90.84,-0.06,3.89
2026-08-02T17:20:00.000,8.76,163.84,-8.41,2.44
2026-08-02T17:30:00.000,10.02,125.9,-5.87,8.12
2026-08-02T17:40:00.000,7.62,181.98,-7.62,-0.26
2026-08-02T17:50:00.000,5.45,221.57,-4.08,-3.62
2026-08-02T18:00:00.000,0.29,342.49,0.28,-0.09
2026-08-02T18:10:00.000,0.93,323.22,0.74,-0.55
2026-08-02T18:20:00.000,0.15,312.75,0.1,-0.11
2026-08-02T18:30:00.000,0.5,289.69,0.17,-0.47
2026-08-02T18:40:00.000,4.54,115.8,-1.98,4.09
2026-08-02T18:50:00.000,4.86,140.9,-3.77,3.06
2026-08-02T19:00:00.000,8.56,142.85,-6.82,5.17
2026-08-02T19:10:00.000,3.82,141,-2.97,2.4
2026-08-02T19:20:00.000,1.93,133.6,-1.33,1.4
2026-08-02T19:30:00.000,2.57,37.14,2.05,1.55
2026-08-02T19:40:00.000,2.38,239.73,-1.2,-2.05
2026-08-02T19:50:00.000,9.59,141.14,-7.47,6.02
2026-08-02T20:00:00.000,7.45,130.9,-4.88,5.63
2026-08-02T20:10:00.000,6.67,190.43,-6.56,-1.21
2026-08-02T20:20:00.000,2.73,203.58,-2.5,-1.09
2026-08-02T20:30:00.000,5.13,165.5,-4.97,1.28
2026-08-02T20:40:00.000,6.65,140.94,-5.16,4.19
2026-08-02T20:50:00.000,1.54,236.94,-0.84,-1.29
2026-08-02T21:00:00.000,4.05,69.74,1.4,3.8
2026-08-02T21:10:00.000,3.99,42.3,2.95,2.68
2026-08-02T21:20:00.000,0.26,158.28,-0.24,0.1
2026-08-02T21:30:00.000,2.28,324.52,1.86,-1.32
2026-08-02T21:40:00.000,4.55,40.28,3.47,2.94
2026-08-02T21:50:00.000,1.54,279.56,0.26,-1.52
2026-08-02T22:00:00.000,0.06,357.07,0.06,0
2026-08-02T22:10:00.000,0.65,229.61,-0.42,-0.49
2026-08-02T22:20:00.000,4.77,23.9,4.37,1.93
2026-08-02T22:30:00.000,4.97,359.35,4.97,-0.06
2026-08-02T22:40:00.000,4.28,344.53,4.13,-1.14
2026-08-02T22:50:00.000,8.72,322.94,6.96,-5.25
2026-08-02T23:00:00.000,5.7,286.64,1.63,-5.46
2026-08-02T23:10:00.000,0.21,203.55,-0.19,-0.08
2026-08-02T23:20:00.000,7.83,159.67,-7.34,2.72
2026-08-02T23:30:00.000,6.67,144.17,-5.41,3.9
2026-08-02T23:40:00.000,4.43,97.36,-0.57,4.39
2026-08-02T23:50:00.000,3.46,325.12,2.83,-1.98
2026-08-03T00:00:00.000,3.7,7,3.67,0.45
2026-08-03T00:10:00.000,3.48,189.85,-3.43,-0.59
2026-08-03T00:20:00.000,7.36,148.97,-6.31,3.79
2026-08-03T00:30:00.000,3.39,212.21,-2.87,-1.81
2026-08-03T00:40:00.000,8.11,330.92,7.09,-3.94
2026-08-03T00:50:00.000,0.67,215.43,-0.55,-0.39
2026-08-03T01:00:00.000,9.13,138.43,-6.83,6.06
2026-08-03T01:10:00.000,7.13,163.14,-6.82,2.07
2026-08-03T01:20:00.000,0.54,328.91,0.46,-0.28
2026-08-03T01:30:00.000,3.33,325.02,2.73,-1.91
2026-08-03T01:40:00.000,2.7,186.58,-2.69,-0.31
2026-08-03T01:50:00.000,3.12,60.73,1.53,2.72
2026-08-03T02:00:00.000,2.96,252.1,-0.91,-2.81
2026-08-03T02:10:00.000,5.19,48.04,3.47,3.86
2026-08-03T02:20:00.000,1.22,208.92,-1.06,-0.59
2026-08-03T02:30:00.000,0.31,315.67,0.22,-0.21
2026-08-03T02:40:00.000,2.85,118.89,-1.38,2.49
2026-08-03T02:50:00.000,3.51,341.23,3.33,-1.13
2026-08-03T03:00:00.000,0.5,295.85,0.22,-0.45
2026-08-03T03:10:00.000,0.84,273.28,0.05,-0.84
2026-08-03T03:20:00.000,2.71,316.01,1.95,-1.88
2026-08-03T03:30:00.000,1.03,194.26,-1,-0.25
2026-08-03T03:40:00.000,3.5,195.85,-3.36,-0.95
2026-08-03T03:50:00.000,9.52,161.12,-9.01,3.08
2026-08-03T04:00:00.000,3.68,188.08,-3.64,-0.52
2026-08-03T04:10:00.000,3.6,225.32,-2.53,-2.56
2026-08-03T04:20:00.000,0.32,284.73,0.08,-0.31
2026-08-03T04:30:00.000,2.39,255.89,-0.58,-2.32
2026-08-03T04:40:00.000,1.96,317.79,1.45,-1.32
2026-08-03T04:50:00.000,0.57,285.04,0.15,-0.55
2026-08-03T05:00:00.000,0.54,304.07,0.3,-0.45
2026-08-03T05:10:00.000,3.12,261.97,-0.44,-3.09
2026-08-03T05:20:00.000,1.33,297.69,0.62,-1.18
2026-08-03T05:30:00.000,4.81,336.47,4.41,-1.92
2026-08-03T05:40:00.000,1.5,301.05,0.77,-1.28
2026-08-03T05:50:00.000,1.08,220.18,-0.83,-0.7
2026-08-03T06:00:00.000,0.58,280.83,0.11,-0.57
2026-08-03T06:10:00.000,6.35,328.87,5.44,-3.28
2026-08-03T06:20:00.000,0.55,269.04,-0.01,-0.55
2026-08-03T06:30:00.000,2.43,75.79,0.6,2.36
2026-08-03T06:40:00.000,1.3,297.27,0.59,-1.15
2026-08-03T06:50:00.000,6.35,298.25,3,-5.59
2026-08-03T07:00:00.000,2.13,155.88,-1.95,0.87
2026-08-03T07:10:00.000,0.37,243.26,-0.17,-0.33
2026-08-03T07:20:00.000,7.59,343.01,7.26,-2.22
2026-08-03T07:30:00.000,3.51,308.17,2.17,-2.76
2026-08-03T07:40:00.000,6.61,335.11,5.99,-2.78
2026-08-03T07:50:00.000,15.77,352.78,15.64,-1.98
2026-08-03T08:00:00.000,5.16,352.03,5.11,-0.72
2026-08-03T08:10:00.000,4.31,68.16,1.6,4
2026-08-03T08:20:00.000,2.29,85.37,0.18,2.28
2026-08-03T08:30:00.000,4.39,93.68,-0.28,4.38
2026-08-03T08:40:00.000,4.69,107.62,-1.42,4.47
2026-08-03T08:50:00.000,4.62,112.5,-1.77,4.27
2026-08-03T09:00:00.000,3.85,307.36,2.33,-3.06
2026-08-03T09:10:00.000,5.81,306.35,3.45,-4.68
2026-08-03T09:20:00.000,14.79,156.46,-13.56,5.91
2026-08-03T09:30:00.000,20.26,149.51,-17.46,10.28
2026-08-03T09:40:00.000,11.83,15.75,11.38,3.21
2026-08-03T09:50:00.000,9.17,330.04,7.95,-4.58
2026-08-03T10:00:00.000,22.88,148.65,-19.54,11.9
2026-08-03T10:10:00.000,18.33,126.86,-10.99,14.67
2026-08-03T10:20:00.000,8.92,93.62,-0.56,8.9
2026-08-03T10:30:00.000,6.85,184.92,-6.82,-0.59
2026-08-03T10:40:00.000,7.76,143.82,-6.26,4.58
2026-08-03T10:50:00.000,2.79,160.4,-2.63,0.94
2026-08-03T11:00:00.000,0.67,246.7,-0.27,-0.62
2026-08-03T11:10:00.000,4.28,355.35,4.27,-0.35
2026-08-03T11:20:00.000,1.71,320.06,1.31,-1.1
2026-08-03T11:30:00.000,0.24,202.1,-0.22,-0.09
2026-08-03T11:40:00.000,4.33,316.9,3.16,-2.96
2026-08-03T11:50:00.000,2.93,25.7,2.64,1.27
2026-08-03T12:00:00.000,10.23,311.67,6.8,-7.64
2026-08-03T12:10:00.000,0.96,323.36,0.77,-0.57
2026-08-03T12:20:00.000,0.62,90.09,0,0.62
2026-08-03T12:30:00.000,2.73,349.37,2.69,-0.5
2026-08-03T12:40:00.000,0.75,284.22,0.18,-0.73
2026-08-03T12:50:00.000,0.35,207.74,-0.31,-0.16
2026-08-03T13:00:00.000,5.97,74.12,1.63,5.74
2026-08-03T13:10:00.000,7.07,140.38,-5.44,4.51
2026-08-03T13:20:00.000,2.35,287.79,0.72,-2.23
2026-08-03T13:30:00.000,0.61,288.27,0.19,-0.58
2026-08-03T13:40:00.000,3.22,336.77,2.96,-1.27
2026-08-03T13:50:00.000,0.53,297.1,0.24,-0.47
2026-08-03T14:00:00.000,8.69,159.03,-8.11,3.11
2026-08-03T14:10:00.000,0.09,175.02,-0.09,0.01
2026-08-03T14:20:00.000,0.68,310.25,0.44,-0.52
2026-08-03T14:30:00.000,3.14,214.24,-2.59,-1.77
2026-08-03T14:40:00.000,1.99,285.85,0.54,-1.91
2026-08-03T14:50:00.000,5.27,166.78,-5.13,1.2
2026-08-03T15:00:00.000,6,148.8,-5.13,3.11
2026-08-03T15:10:00.000,6.23,135.12,-4.41,4.4
2026-08-03T15:20:00.000,14.9,327.54,12.58,-8
2026-08-03T15:30:00.000,2.2,286.81,0.64,-2.1
2026-08-03T15:40:00.000,1.81,84.71,0.17,1.81
2026-08-03T15:50:00.000,5.65,154.7,-5.11,2.42
2026-08-03T16:00:00.000,0.56,237.51,-0.3,-0.47
2026-08-03T16:10:00.000,0.79,271.24,0.02,-0.79
2026-08-03T16:20:00.000,1.29,210.35,-1.12,-0.65
2026-08-03T16:30:00.000,1.5,313.07,1.03,-1.1
2026-08-03T16:40:00.000,0.56,305.85,0.33,-0.46
2026-08-03T16:50:00.000,0.58,259.11,-0.11,-0.57
2026-08-03T17:00:00.000,4.2,224.5,-3,-2.95
2026-08-03T17:10:00.000,2.15,253.1,-0.62,-2.06
2026-08-03T17:20:00.000,4.1,158.22,-3.8,1.52
2026-08-03T17:30:00.000,3.99,155.72,-3.63,1.64
2026-08-03T17:40:00.000,0.7,250.86,-0.23,-0.66
2026-08-03T17:50:00.000,2.87,192.13,-2.8,-0.6
2026-08-03T18:00:00.000,2.26,177.38,-2.26,0.1
2026-08-03T18:10:00.000,0.36,245.73,-0.15,-0.33
2026-08-03T18:20:00.000,3.64,279.19,0.58,-3.6
2026-08-03T18:30:00.000,4.15,337.52,3.83,-1.59
2026-08-03T18:40:00.000,4.39,218.87,-3.42,-2.76
2026-08-03T18:50:00.000,2.05,143.15,-1.64,1.23
2026-08-03T19:00:00.000,2.12,177.29,-2.12,0.1
2026-08-03T19:10:00.000,0.26,279.15,0.04,-0.26
2026-08-03T19:20:00.000,1.71,225.31,-1.2,-1.21
2026-08-03T19:30:00.000,3.72,250.34,-1.25,-3.51
2026-08-03T19:40:00.000,10.93,321.46,8.55,-6.81
2026-08-03T19:50:00.000,2.63,227.19,-1.79,-1.93
2026-08-03T20:00:00.000,1.66,231.24,-1.04,-1.3
2026-08-03T20:10:00.000,0.83,97.43,-0.11,0.83
2026-08-03T20:20:00.000,1.73,130.74,-1.13,1.31
2026-08-03T20:30:00.000,0.71,224.1,-0.51,-0.5
2026-08-03T20:40:00.000,0.87,280.81,0.16,-0.86
2026-08-03T20:50:00.000,3.57,199.8,-3.36,-1.21
2026-08-03T21:00:00.000,1.56,247.54,-0.6,-1.44
2026-08-03T21:10:00.000,0.08,263.51,-0.01,-0.07
2026-08-03T21:20:00.000,2.31,175.28,-2.3,0.19
2026-08-03T21:30:00.000,2.83,122.82,-1.53,2.38
2026-08-03T21:40:00.000,1.6,73.86,0.45,1.54
2026-08-03T21:50:00.000,0.57,57.24,0.31,0.48
2026-08-03T22:00:00.000,2.2,76.99,0.5,2.14
2026-08-03T22:10:00.000,5.96,355.98,5.95,-0.42
2026-08-03T22:20:00.000,9.57,142.76,-7.62,5.79
2026-08-03T22:30:00.000,2.77,112.56,-1.06,2.56
2026-08-03T22:40:00.000,13.92,330.96,12.17,-6.76
2026-08-03T22:50:00.000,9.98,303.3,5.48,-8.34
2026-08-03T23:00:00.000,20.45,146.46,-17.05,11.3
2026-08-03T23:10:00.000,17.88,153.51,-16.01,7.98
2026-08-03T23:20:00.000,4.14,305.94,2.43,-3.35
2026-08-03T23:30:00.000,5.56,27.28,4.94,2.55
2026-08-03T23:40:00.000,18.38,154.96,-16.66,7.78
2026-08-03T23:50:00.000,11.91,124.14,-6.68,9.86
2026-08-04T00:00:00.000,3.52,218.45,-2.75,-2.19
2026-08-04T00:10:00.000,4.21,315.64,3.01,-2.95
2026-08-04T00:20:00.000,1.59,318.77,1.2,-1.05
2026-08-04T00:30:00.000,6.8,329.25,5.84,-3.47
2026-08-04T00:40:00.000,0.97,6.48,0.96,0.11
2026-08-04T00:50:00.000,15.73,151.97,-13.89,7.39
2026-08-04T01:00:00.000,15.81,151.63,-13.91,7.51
2026-08-04T01:10:00.000,1.51,293.95,0.61,-1.38
2026-08-04T01:20:00.000,11.38,355.74,11.35,-0.85
2026-08-04T01:30:00.000,3.01,324.71,2.46,-1.74
2026-08-04T01:40:00.000,1.64,23.76,1.5,0.66
2026-08-04T01:50:00.000,4.14,325.99,3.43,-2.32
2026-08-04T02:00:00.000,9.17,124.31,-5.17,7.57
2026-08-04T02:10:00.000,0.5,309.98,0.32,-0.38
2026-08-04T02:20:00.000,1.91,326.03,1.59,-1.07
2026-08-04T02:30:00.000,0.73,268.48,-0.02,-0.73
2026-08-04T02:40:00.000,0.72,266.28,-0.05,-0.72
2026-08-04T02:50:00.000,0.53,282.07,0.11,-0.52
2026-08-04T03:00:00.000,7.33,336.34,6.71,-2.94
2026-08-04T03:10:00.000,6.63,335.22,6.02,-2.78
2026-08-04T03:20:00.000,6.82,11.51,6.69,1.36
2026-08-04T03:30:00.000,2.75,30.13,2.38,1.38
2026-08-04T03:40:00.000,5.63,294.08,2.3,-5.14
2026-08-04T03:50:00.000,0.76,235.69,-0.43,-0.62
2026-08-04T04:00:00.000,1.46,308.49,0.91,-1.14
2026-08-04T04:10:00.000,2.28,142.25,-1.8,1.4
2026-08-04T04:20:00.000,5.16,339.89,4.85,-1.77
2026-08-04T04:30:00.000,3.37,355.07,3.35,-0.29
2026-08-04T04:40:00.000,1.11,115.38,-0.47,1
2026-08-04T04:50:00.000,1.19,209.45,-1.04,-0.59
2026-08-04T05:00:00.000,13.33,324.24,10.82,-7.79
2026-08-04T05:10:00.000,3.7,215.01,-3.03,-2.13
2026-08-04T05:20:00.000,0.45,354.58,0.45,-0.04
2026-08-04T05:30:00.000,5.01,336.7,4.6,-1.98
2026-08-04T05:40:00.000,5.7,338.17,5.29,-2.12
2026-08-04T05:50:00.000,0.96,245.29,-0.4,-0.87
2026-08-04T06:00:00.000,0.47,236.58,-0.26,-0.4
2026-08-04T06:10:00.000,2.66,23.61,2.44,1.07
2026-08-04T06:20:00.000,3.81,338.85,3.56,-1.38
2026-08-04T06:30:00.000,4.94,317.52,3.64,-3.33
2026-08-04T06:40:00.000,5.52,301.97,2.92,-4.69
2026-08-04T06:50:00.000,5.27,340.63,4.98,-1.75
2026-08-04T07:00:00.000,0.86,263.63,-0.1,-0.86
2026-08-04T07:10:00.000,1.36,298.52,0.65,-1.19
2026-08-04T07:20:00.000,2.44,352.04,2.41,-0.34
2026-08-04T07:30:00.000,0.57,89.94,0,0.57
2026-08-04T07:40:00.000,3.84,179.9,-3.84,0.01
2026-08-04T07:50:00.000,4.81,171.29,-4.75,0.73
2026-08-04T08:00:00.000,4.63,179.87,-4.63,0.01
2026-08-04T08:10:00.000,1.88,215.56,-1.53,-1.09
2026-08-04T08:20:00.000,1.54,158.74,-1.43,0.56
2026-08-04T08:30:00.000,2.41,137.33,-1.77,1.63
2026-08-04T08:40:00.000,3.99,118.6,-1.91,3.5
2026-08-04T08:50:00.000,2.53,243.28,-1.14,-2.26
2026-08-04T09:00:00.000,3.83,313.25,2.63,-2.79
2026-08-04T09:10:00.000,1.06,255.94,-0.26,-1.03
2026-08-04T09:20:00.000,6.97,128.32,-4.32,5.47
2026-08-04T09:30:00.000,1.14,86.41,0.07,1.13
2026-08-04T09:40:00.000,7.19,142.98,-5.74,4.33
2026-08-04T09:50:00.000,10.83,151.14,-9.49,5.23
2026-08-04T10:00:00.000,6.74,151.41,-5.92,3.22
2026-08-04T10:10:00.000,2.39,138.93,-1.81,1.57
2026-08-04T10:20:00.000,3.26,353.5,3.24,-0.37
2026-08-04T10:30:00.000,2.55,289.57,0.86,-2.41
2026-08-04T10:40:00.000,0.81,100.84,-0.15,0.79
2026-08-04T10:50:00.000,4.37,112.57,-1.68,4.03
2026-08-04T11:00:00.000,8.88,142.02,-7,5.46
2026-08-04T11:10:00.000,3.95,184.61,-3.94,-0.32
2026-08-04T11:20:00.000,0.23,90.9,0,0.23
2026-08-04T11:30:00.000,0.96,78.03,0.2,0.94
2026-08-04T11:40:00.000,3.42,357.61,3.42,-0.14
2026-08-04T11:50:00.000,2.38,13.78,2.31,0.57
2026-08-04T12:00:00.000,9.66,146.1,-8.02,5.39
2026-08-04T12:10:00.000,8.66,131.73,-5.77,6.47
2026-08-04T12:20:00.000,0.21,65.39,0.09,0.19
2026-08-04T12:30:00.000,14.64,287.47,4.4,-13.97
2026-08-04T12:40:00.000,5.91,179.44,-5.91,0.06
2026-08-04T12:50:00.000,17.54,156.12,-16.03,7.1
2026-08-04T13:00:00.000,8.45,137.84,-6.26,5.67
2026-08-04T13:10:00.000,1.67,136.94,-1.22,1.14
2026-08-04T13:20:00.000,1.01,121.26,-0.52,0.86
2026-08-04T13:30:00.000,2.85,108.86,-0.92,2.7
2026-08-04T13:40:00.000,5.19,50.11,3.33,3.98
2026-08-04T13:50:00.000,4.77,58.46,2.49,4.06
2026-08-04T14:00:00.000,4.15,17.75,3.95,1.26
2026-08-04T14:10:00.000,6.28,342.59,6,-1.88
2026-08-04T14:20:00.000,3.21,347.98,3.14,-0.67
2026-08-04T14:30:00.000,9.98,339.49,9.35,-3.5
2026-08-04T14:40:00.000,0.25,102.4,-0.05,0.24
2026-08-04T14:50:00.000,2.37,147.1,-1.99,1.29
2026-08-04T15:00:00.000,2.08,63.95,0.91,1.86
2026-08-04T15:10:00.000,8.22,350.39,8.1,-1.37
2026-08-04T15:20:00.000,1.71,312.08,1.15,-1.27
2026-08-04T15:30:00.000,4.46,341.5,4.23,-1.41
2026-08-04T15:40:00.000,0.97,298.06,0.46,-0.86
2026-08-04T15:50:00.000,5.68,338.65,5.29,-2.07
2026-08-04T16:00:00.000,4.46,323.88,3.6,-2.63
2026-08-04T16:10:00.000,1.05,251.87,-0.33,-1
2026-08-04T16:20:00.000,0.41,248.35,-0.15,-0.38
2026-08-04T16:30:00.000,12.9,26.15,11.58,5.69
2026-08-04T16:40:00.000,9.27,29.47,8.07,4.56
2026-08-04T16:50:00.000,4.7,325.9,3.89,-2.63
2026-08-04T17:00:00.000,5.36,336.11,4.9,-2.17
2026-08-04T17:10:00.000,13.66,327.46,11.52,-7.35
2026-08-04T17:20:00.000,4.14,299.84,2.06,-3.6
2026-08-04T17:30:00.000,6.54,335.41,5.95,-2.72
2026-08-04T17:40:00.000,5.02,336.49,4.61,-2
2026-08-04T17:50:00.000,0.82,331.08,0.72,-0.4
2026-08-04T18:00:00.000,0.49,232.11,-0.3,-0.38
2026-08-04T18:10:00.000,0.64,339.36,0.6,-0.22
2026-08-04T18:20:00.000,8.32,337.16,7.66,-3.23
2026-08-04T18:30:00.000,1.8,158.41,-1.68,0.66
2026-08-04T18:40:00.000,1.84,204.64,-1.67,-0.77
2026-08-04T18:50:00.000,0.64,257.11,-0.14,-0.62
2026-08-04T19:00:00.000,5.17,182.9,-5.16,-0.26
2026-08-04T19:10:00.000,11.56,144.2,-9.37,6.76
2026-08-04T19:20:00.000,6.25,158.86,-5.83,2.25
2026-08-04T19:30:00.000,2.51,189.11,-2.48,-0.4
2026-08-04T19:40:00.000,3.54,116.25,-1.57,3.18
2026-08-04T19:50:00.000,3.48,213.22,-2.91,-1.91
2026-08-04T20:00:00.000,1.18,184.79,-1.17,-0.1
2026-08-04T20:10:00.000,1.53,190.95,-1.5,-0.29
2026-08-04T20:20:00.000,2.94,187.02,-2.92,-0.36
2026-08-04T20:30:00.000,0.85,262.79,-0.11,-0.84
2026-08-04T20:40:00.000,0.49,156.09,-0.45,0.2
2026-08-04T20:50:00.000,1.62,185.27,-1.61,-0.15
2026-08-04T21:00:00.000,0.14,139.46,-0.11,0.09
2026-08-04T21:10:00.000,4.26,314.86,3,-3.02
2026-08-04T21:20:00.000,0.81,28.97,0.71,0.39
2026-08-04T21:30:00.000,4.78,208.98,-4.18,-2.32
2026-08-04T21:40:00.000,0.3,72.64,0.09,0.29
2026-08-04T21:50:00.000,1.34,34.16,1.11,0.75
2026-08-04T22:00:00.000,0.45,104.01,-0.11,0.44
2026-08-04T22:10:00.000,3.66,127.25,-2.22,2.91
2026-08-04T22:20:00.000,1.66,160.06,-1.56,0.57
2026-08-04T22:30:00.000,3.84,175.28,-3.83,0.32
2026-08-04T22:40:00.000,5.47,130.09,-3.52,4.19
2026-08-04T22:50:00.000,7.71,144.93,-6.31,4.43
2026-08-04T23:00:00.000,3.04,138.27,-2.27,2.03
2026-08-04T23:10:00.000,5.66,92.54,-0.25,5.65
2026-08-04T23:20:00.000,5.94,115,-2.51,5.39
2026-08-04T23:30:00.000,7.9,318.05,5.87,-5.28
2026-08-04T23:40:00.000,6.98,167.34,-6.81,1.53
2026-08-04T23:50:00.000,25.05,151.39,-22,12
2026-08-05T00:00:00.000,22.27,143.75,-17.96,13.17
2026-08-05T00:10:00.000,14.63,337.65,13.53,-5.56
2026-08-05T00:20:00.000,7.21,177.61,-7.21,0.3
2026-08-05T00:30:00.000,32.01,145.54,-26.4,18.11
2026-08-05T00:40:00.000,16.01,104.75,-4.08,15.49
2026-08-05T00:50:00.000,13.88,295.12,5.89,-12.57
2026-08-05T01:00:00.000,8.56,149.35,-7.36,4.36
2026-08-05T01:10:00.000,15.3,137.99,-11.37,10.24
2026-08-05T01:20:00.000,8.24,139.48,-6.26,5.35
2026-08-05T01:30:00.000,5.33,119.72,-2.64,4.63
2026-08-05T01:40:00.000,9,318.24,6.71,-6
2026-08-05T01:50:00.000,10.86,307.17,6.56,-8.65
2026-08-05T02:00:00.000,7.29,341.54,6.92,-2.31
2026-08-05T02:10:00.000,22.48,344.49,21.66,-6.01
2026-08-05T02:20:00.000,8.21,320.5,6.34,-5.22
2026-08-05T02:30:00.000,3.86,143.08,-3.09,2.32
2026-08-05T02:40:00.000,3.69,90.63,-0.04,3.69
2026-08-05T02:50:00.000,7.86,301.88,4.15,-6.67
2026-08-05T03:00:00.000,15.31,335.54,13.94,-6.34
2026-08-05T03:10:00.000,10.14,314.39,7.09,-7.25
2026-08-05T03:20:00.000,15.21,358.58,15.21,-0.38
2026-08-05T03:30:00.000,9.12,2.93,9.11,0.47
2026-08-05T03:40:00.000,3.17,39.76,2.43,2.02
2026-08-05T03:50:00.000,18.54,340.58,17.49,-6.17
2026-08-05T04:00:00.000,2.07,313.04,1.41,-1.52
2026-08-05T04:10:00.000,17.88,144.35,-14.53,10.42
2026-08-05T04:20:00.000,8.94,143.06,-7.15,5.37
2026-08-05T04:30:00.000,18.03,333.75,16.17,-7.97
2026-08-05T04:40:00.000,3.57,25.85,3.22,1.56
2026-08-05T04:50:00.000,0.5,221.05,-0.38,-0.33
2026-08-05T05:00:00.000,5.4,74.08,1.48,5.19
2026-08-05T05:10:00.000,9.62,311.22,6.34,-7.24
2026-08-05T05:20:00.000,9.97,313.32,6.84,-7.25
2026-08-05T05:30:00.000,8.6,139.61,-6.55,5.57
2026-08-05T05:40:00.000,1.32,18.13,1.25,0.41
2026-08-05T05:50:00.000,1.88,198.94,-1.78,-0.61
2026-08-05T06:00:00.000,2.21,307.61,1.35,-1.75
2026-08-05T06:10:00.000,5.26,159.02,-4.91,1.88
2026-08-05T06:20:00.000,0.11,10.53,0.11,0.02
2026-08-05T06:30:00.000,2.48,43.65,1.79,1.71
2026-08-05T06:40:00.000,5.44,208.39,-4.79,-2.59
2026-08-05T06:50:00.000,3.46,159.87,-3.25,1.19
2026-08-05T07:00:00.000,3.17,168.58,-3.11,0.63
2026-08-05T07:10:00.000,7.54,130.11,-4.86,5.77
2026-08-05T07:20:00.000,6.84,167.06,-6.67,1.53
2026-08-05T07:30:00.000,0.6,158.65,-0.56,0.22
2026-08-05T07:40:00.000,5.96,155.68,-5.43,2.45
2026-08-05T07:50:00.000,11.08,339.24,10.36,-3.93
2026-08-05T08:00:00.000,4.55,265.56,-0.35,-4.54
2026-08-05T08:10:00.000,5.91,134.65,-4.15,4.2
2026-08-05T08:20:00.000,6.18,123.02,-3.37,5.18
2026-08-05T08:30:00.000,1.62,317.25,1.19,-1.1
2026-08-05T08:40:00.000,5.54,326.34,4.61,-3.07
2026-08-05T08:50:00.000,3.71,280.39,0.67,-3.65
2026-08-05T09:00:00.000,3.82,145.92,-3.16,2.14
2026-08-05T09:10:00.000,3.81,249.42,-1.34,-3.56
2026-08-05T09:20:00.000,7.26,176.31,-7.25,0.47
2026-08-05T09:30:00.000,0.64,159.5,-0.6,0.22
2026-08-05T09:40:00.000,0.73,59.52,0.37,0.63
2026-08-05T09:50:00.000,0.6,62.3,0.28,0.53
2026-08-05T10:00:00.000,0.63,131.34,-0.42,0.48
2026-08-05T10:10:00.000,0.69,79.44,0.13,0.68
2026-08-05T10:20:00.000,3.14,166.7,-3.05,0.72
2026-08-05T10:30:00.000,5.98,176.03,-5.96,0.41
2026-08-05T10:40:00.000,4.17,91.47,-0.11,4.17
2026-08-05T10:50:00.000,3.02,114.4,-1.25,2.75
2026-08-05T11:00:00.000,0.39,122.66,-0.21,0.33
2026-08-05T11:10:00.000,2.34,152,-2.07,1.1
2026-08-05T11:20:00.000,3.9,121.35,-2.03,3.33
2026-08-05T11:30:00.000,11.63,146.4,-9.69,6.44
2026-08-05T11:40:00.000,11.13,143.99,-9,6.54
2026-08-05T11:50:00.000,3.81,269.81,-0.01,-3.81
2026-08-05T12:00:00.000,5.73,136.32,-4.15,3.96
2026-08-05T12:10:00.000,11.1,133.29,-7.61,8.08
2026-08-05T12:20:00.000,2.22,137.81,-1.65,1.49
2026-08-05T12:30:00.000,8.46,335.15,7.68,-3.56
2026-08-05T12:40:00.000,6.64,280.31,1.19,-6.53
2026-08-05T12:50:00.000,10.31,189.24,-10.17,-1.65
2026-08-05T13:00:00.000,12.64,110.1,-4.35,11.87
2026-08-05T13:10:00.000,13.47,131.19,-8.87,10.14
2026-08-05T13:20:00.000,6.45,118.51,-3.08,5.67
2026-08-05T13:30:00.000,3.98,95.85,-0.41,3.96
2026-08-05T13:40:00.000,6.97,78.93,1.34,6.84
2026-08-05T13:50:00.000,6.5,184.47,-6.48,-0.51
2026-08-05T14:00:00.000,2.31,283.6,0.54,-2.24
2026-08-05T14:10:00.000,0.61,236.71,-0.33,-0.51
2026-08-05T14:20:00.000,15.53,321.19,12.1,-9.73
2026-08-05T14:30:00.000,8.89,1,8.89,0.16
2026-08-05T14:40:00.000,5.93,331.13,5.19,-2.86
2026-08-05T14:50:00.000,7.23,318.21,5.39,-4.82
2026-08-05T15:00:00.000,1.45,345.45,1.41,-0.36
2026-08-05T15:10:00.000,4.96,187.64,-4.91,-0.66
2026-08-05T15:20:00.000,1.99,189.51,-1.97,-0.33
2026-08-05T15:30:00.000,10.75,341.97,10.22,-3.33
2026-08-05T15:40:00.000,1.8,322.17,1.42,-1.1
2026-08-05T15:50:00.000,6.58,296.16,2.9,-5.91
2026-08-05T16:00:00.000,4.06,131.49,-2.69,3.04
2026-08-05T16:10:00.000,5.38,334.98,4.88,-2.28
2026-08-05T16:20:00.000,10.55,334.11,9.5,-4.61
2026-08-05T16:30:00.000,6.35,334.19,5.71,-2.76
2026-08-05T16:40:00.000,20.03,141.49,-15.68,12.47
2026-08-05T16:50:00.000,13.72,149.39,-11.81,6.99
2026-08-05T17:00:00.000,5.07,277.71,0.68,-5.02
2026-08-05T17:10:00.000,6.53,303.34,3.59,-5.45
2026-08-05T17:20:00.000,4.47,161.81,-4.25,1.4
2026-08-05T17:30:00.000,12.32,42.64,9.06,8.35
2026-08-05T17:40:00.000,10.96,286.05,3.03,-10.53
2026-08-05T17:50:00.000,0.21,256.56,-0.05,-0.2
2026-08-05T18:00:00.000,5.76,23.79,5.27,2.32
2026-08-05T18:10:00.000,24.06,358.21,24.05,-0.75
2026-08-05T18:20:00.000,10.22,9.46,10.08,1.68
2026-08-05T18:30:00.000,2.45,306.78,1.46,-1.96
2026-08-05T18:40:00.000,4.14,168.04,-4.05,0.86
2026-08-05T18:50:00.000,5.29,157.52,-4.89,2.02
2026-08-05T19:00:00.000,3.16,38.17,2.48,1.95
2026-08-05T19:10:00.000,1.03,310.33,0.67,-0.79
2026-08-05T19:20:00.000,4.12,345.58,3.99,-1.03
2026-08-05T19:30:00.000,3.28,29.51,2.86,1.62
2026-08-05T19:40:00.000,0.65,58.6,0.34,0.55
2026-08-05T19:50:00.000,0.42,40.83,0.32,0.28
2026-08-05T20:00:00.000,4.2,235.96,-2.35,-3.48
2026-08-05T20:10:00.000,0.53,11.85,0.52,0.11
2026-08-05T20:20:00.000,6.13,340,5.76,-2.1
2026-08-05T20:30:00.000,1.76,292.17,0.66,-1.63
2026-08-05T20:40:00.000,0.91,258.09,-0.19,-0.89
2026-08-05T20:50:00.000,4.43,150.08,-3.84,2.21
2026-08-05T21:00:00.000,4.88,168.68,-4.78,0.96
2026-08-05T21:10:00.000,4.65,117.64,-2.16,4.12
2026-08-05T21:20:00.000,0.36,40.5,0.27,0.23
2026-08-05T21:30:00.000,1.29,153.73,-1.15,0.57
2026-08-05T21:40:00.000,16.21,147.86,-13.73,8.62
2026-08-05T21:50:00.000,25,149.1,-21.45,12.84
2026-08-05T22:00:00.000,24.99,98.39,-3.65,24.72
2026-08-05T22:10:00.000,8.55,319.77,6.53,-5.52
2026-08-05T22:20:00.000,5.31,136.71,-3.87,3.64
2026-08-05T22:30:00.000,6.02,137.77,-4.46,4.04
2026-08-05T22:40:00.000,27.69,327.57,23.37,-14.85
2026-08-05T22:50:00.000,4.06,265.5,-0.32,-4.04
2026-08-05T23:00:00.000,19.91,143.16,-15.94,11.94
2026-08-05T23:10:00.000,30.84,115.63,-13.34,27.81
2026-08-05T23:20:00.000,7.41,144.66,-6.04,4.29
2026-08-05T23:30:00.000,2.26,126.68,-1.35,1.81
2026-08-05T23:40:00.000,33.55,144.99,-27.48,19.25
2026-08-05T23:50:00.000,35.38,137.62,-26.14,23.85
2026-08-06T00:00:00.000,20.9,151.78,-18.41,9.88
2026-08-06T00:10:00.000,13.69,192.49,-13.37,-2.96
2026-08-06T00:20:00.000,18.91,27.14,16.83,8.63
2026-08-06T00:30:00.000,1.94,20.77,1.81,0.69
2026-08-06T00:40:00.000,25.34,325.24,20.82,-14.45
2026-08-06T00:50:00.000,19.95,221.22,-15,-13.14
2026-08-06T01:00:00.000,9.21,350.01,9.07,-1.6
2026-08-06T01:10:00.000,31.11,151.63,-27.38,14.78
2026-08-06T01:20:00.000,43.5,132.38,-29.32,32.14
2026-08-06T01:30:00.000,5,84.63,0.47,4.98
2026-08-06T01:40:00.000,22.39,324.24,18.17,-13.09
2026-08-06T01:50:00.000,20.57,353.96,20.46,-2.16
2026-08-06T02:00:00.000,4.47,48.12,2.99,3.33
2026-08-06T02:10:00.000,18.27,161.97,-17.37,5.65
2026-08-06T02:20:00.000,1.22,250.66,-0.4,-1.15
2026-08-06T02:30:00.000,9.54,309.08,6.01,-7.4
2026-08-06T02:40:00.000,5.45,154.96,-4.94,2.31
2026-08-06T02:50:00.000,12.06,131.62,-8.01,9.01
2026-08-06T03:00:00.000,15.46,317.46,11.39,-10.45
2026-08-06T03:10:00.000,24.04,333.62,21.54,-10.68
2026-08-06T03:20:00.000,28.91,135.12,-20.48,20.4
2026-08-06T03:30:00.000,39.5,127.36,-23.97,31.39
2026-08-06T03:40:00.000,7.78,54.19,4.55,6.31
2026-08-06T03:50:00.000,10.53,254.92,-2.74,-10.17
2026-08-06T04:00:00.000,13.6,136.16,-9.81,9.42
2026-08-06T04:10:00.000,14.28,137.65,-10.55,9.62
2026-08-06T04:20:00.000,5.9,3.91,5.89,0.4
2026-08-06T04:30:00.000,7.14,263.92,-0.76,-7.1
2026-08-06T04:40:00.000,10.12,128.72,-6.33,7.9
2026-08-06T04:50:00.000,12.03,0.33,12.03,0.07
2026-08-06T05:00:00.000,14.33,317.57,10.57,-9.67
2026-08-06T05:10:00.000,2.5,36.27,2.02,1.48
2026-08-06T05:20:00.000,14.08,158.12,-13.06,5.25
2026-08-06T05:30:00.000,14.17,149.34,-12.19,7.22
2026-08-06T05:40:00.000,4.16,132.84,-2.83,3.05
2026-08-06T05:50:00.000,12.18,167.22,-11.87,2.69
2026-08-06T06:00:00.000,20.94,118.92,-10.13,18.33
2026-08-06T06:10:00.000,3.45,244.4,-1.49,-3.11
2026-08-06T06:20:00.000,8.08,302.1,4.3,-6.85
2026-08-06T06:30:00.000,6.75,239.85,-3.39,-5.84
2026-08-06T06:40:00.000,10.07,138.31,-7.52,6.7
2026-08-06T06:50:00.000,5.55,161.41,-5.26,1.77
2026-08-06T07:00:00.000,0.97,48.37,0.65,0.73
2026-08-06T07:10:00.000,9.57,158.99,-8.93,3.43
2026-08-06T07:20:00.000,9.71,310.17,6.26,-7.42
2026-08-06T07:30:00.000,6.31,257.53,-1.36,-6.16
2026-08-06T07:40:00.000,5,68.36,1.84,4.65
2026-08-06T07:50:00.000,4.22,176.52,-4.21,0.26
2026-08-06T08:00:00.000,9.06,339.1,8.47,-3.23
2026-08-06T08:10:00.000,6.04,338.92,5.64,-2.17
2026-08-06T08:20:00.000,5.87,350.73,5.79,-0.95
2026-08-06T08:30:00.000,0.3,241.85,-0.14,-0.26
2026-08-06T08:40:00.000,4.69,153.72,-4.2,2.07
2026-08-06T08:50:00.000,7.77,143.42,-6.24,4.63
2026-08-06T09:00:00.000,3.25,85.52,0.25,3.24
2026-08-06T09:10:00.000,8.97,326.61,7.49,-4.93
2026-08-06T09:20:00.000,5.75,198.17,-5.46,-1.79
2026-08-06T09:30:00.000,9.83,153.14,-8.77,4.44
2026-08-06T09:40:00.000,7.29,156.2,-6.67,2.94
2026-08-06T09:50:00.000,5.58,151.12,-4.89,2.7
2026-08-06T10:00:00.000,3.97,98.05,-0.56,3.93
2026-08-06T10:10:00.000,8.54,111.88,-3.18,7.93
2026-08-06T10:20:00.000,10.21,346.58,9.93,-2.37
2026-08-06T10:30:00.000,5.12,216.51,-4.12,-3.05
2026-08-06T10:40:00.000,3.32,178.73,-3.32,0.07
2026-08-06T10:50:00.000,11.05,160.62,-10.43,3.67
2026-08-06T11:00:00.000,4.8,155.24,-4.36,2.01
2026-08-06T11:10:00.000,4.77,54.09,2.8,3.87
2026-08-06T11:20:00.000,2.32,324.96,1.9,-1.33
2026-08-06T11:30:00.000,13.53,96.09,-1.44,13.45
2026-08-06T11:40:00.000,2.1,9.18,2.08,0.34
2026-08-06T11:50:00.000,7.71,348.29,7.54,-1.56
2026-08-06T12:00:00.000,6.68,350.45,6.59,-1.11
2026-08-06T12:10:00.000,4.52,35.86,3.66,2.65
2026-08-06T12:20:00.000,20.31,315.67,14.53,-14.19
2026-08-06T12:30:00.000,15.45,306.29,9.15,-12.45
2026-08-06T12:40:00.000,5.12,183.12,-5.11,-0.28
2026-08-06T12:50:00.000,6.53,106.02,-1.8,6.28
2026-08-06T13:00:00.000,5.55,297.19,2.54,-4.94
2026-08-06T13:10:00.000,12.39,348.88,12.15,-2.39
2026-08-06T13:20:00.000,5.5,311.77,3.66,-4.1
2026-08-06T13:30:00.000,1.67,222.37,-1.23,-1.12
2026-08-06T13:40:00.000,0.49,231.39,-0.31,-0.39
2026-08-06T13:50:00.000,1.53,214.64,-1.26,-0.87
2026-08-06T14:00:00.000,6.67,277.23,0.84,-6.61
2026-08-06T14:10:00.000,2.47,335.95,2.25,-1.01
2026-08-06T14:20:00.000,7.42,342.97,7.1,-2.17
2026-08-06T14:30:00.000,13.66,135.94,-9.82,9.5
2026-08-06T14:40:00.000,2.37,355.53,2.36,-0.18
2026-08-06T14:50:00.000,5.67,298.1,2.67,-5
2026-08-06T15:00:00.000,3.22,228.07,-2.15,-2.39
2026-08-06T15:10:00.000,3.98,31.73,3.38,2.09
2026-08-06T15:20:00.000,4.43,167.91,-4.33,0.93
2026-08-06T15:30:00.000,1.1,256.11,-0.27,-1.07
2026-08-06T15:40:00.000,9.83,345.82,9.53,-2.41
2026-08-06T15:50:00.000,4.74,300.9,2.43,-4.07
2026-08-06T16:00:00.000,8.95,173.37,-8.89,1.03
2026-08-06T16:10:00.000,1.47,104.91,-0.38,1.42
2026-08-06T16:20:00.000,2.35,3.15,2.35,0.13
2026-08-06T16:30:00.000,1.67,199.47,-1.57,-0.56
2026-08-06T16:40:00.000,10.68,145.17,-8.77,6.1
2026-08-06T16:50:00.000,3.05,154.09,-2.75,1.33
2026-08-06T17:00:00.000,7.92,314.56,5.56,-5.65
2026-08-06T17:10:00.000,1.15,205.3,-1.04,-0.49
2026-08-06T17:20:00.000,7.64,116.56,-3.42,6.83
2026-08-06T17:30:00.000,0.36,148.26,-0.3,0.19
2026-08-06T17:40:00.000,0.4,115.62,-0.17,0.36
2026-08-06T17:50:00.000,4.85,317.88,3.6,-3.25
2026-08-06T18:00:00.000,2.45,293.39,0.97,-2.25
2026-08-06T18:10:00.000,2.48,216.37,-2,-1.47
2026-08-06T18:20:00.000,0.43,300.45,0.22,-0.37
2026-08-06T18:30:00.000,0.26,309.73,0.17,-0.2
2026-08-06T18:40:00.000,13.25,102.18,-2.8,12.95
2026-08-06T18:50:00.000,2.01,93.91,-0.14,2
2026-08-06T19:00:00.000,0.47,355.45,0.46,-0.04
2026-08-06T19:10:00.000,8.54,311.07,5.61,-6.44
2026-08-06T19:20:00.000,2.58,351.58,2.55,-0.38
2026-08-06T19:30:00.000,4.82,101.19,-0.94,4.73
2026-08-06T19:40:00.000,1.32,182.88,-1.32,-0.07
2026-08-06T19:50:00.000,3.77,26,3.39,1.65
2026-08-06T20:00:00.000,3.62,344.68,3.49,-0.96
2026-08-06T20:10:00.000,1.36,130.8,-0.89,1.03
2026-08-06T20:20:00.000,1.58,99.59,-0.26,1.56
2026-08-06T20:30:00.000,3.85,137.7,-2.84,2.59
2026-08-06T20:40:00.000,0.61,234.17,-0.36,-0.5
2026-08-06T20:50:00.000,6.75,320.03,5.17,-4.34
2026-08-06T21:00:00.000,5.31,344.41,5.11,-1.43
2026-08-06T21:10:00.000,3.73,213.02,-3.13,-2.03
2026-08-06T21:20:00.000,5.57,125.06,-3.2,4.56
2026-08-06T21:30:00.000,1.53,244.67,-0.65,-1.38
2026-08-06T21:40:00.000,5.97,326.4,4.98,-3.31
2026-08-06T21:50:00.000,6.06,357.51,6.06,-0.26
2026-08-06T22:00:00.000,1.13,202.55,-1.05,-0.43
2026-08-06T22:10:00.000,3.67,154.47,-3.31,1.58
2026-08-06T22:20:00.000,3.49,212.07,-2.96,-1.85
2026-08-06T22:30:00.000,1.19,124.03,-0.66,0.98
2026-08-06T22:40:00.000,5.99,79.88,1.05,5.89
2026-08-06T22:50:00.000,12.71,116.32,-5.64,11.39
2026-08-06T23:00:00.000,4.86,145.34,-4,2.76
2026-08-06T23:10:00.000,4.48,58.33,2.35,3.82
2026-08-06T23:20:00.000,1.54,32.63,1.3,0.83
2026-08-06T23:30:00.000,15.45,146.32,-12.86,8.57
2026-08-06T23:40:00.000,16.61,146.92,-13.92,9.06
2026-08-06T23:50:00.000,30.09,341.02,28.45,-9.79
2026-08-07T00:00:00.000,9.67,225.59,-6.77,-6.91
2026-08-07T00:10:00.000,15.85,138.07,-11.8,10.59
2026-08-07T00:20:00.000,1.59,290.67,0.56,-1.49
2026-08-07T00:30:00.000,7.63,346.08,7.41,-1.84
2026-08-07T00:40:00.000,11.75,116.22,-5.19,10.54
2026-08-07T00:50:00.000,21.95,111.54,-8.06,20.41
2026-08-07T01:00:00.000,25.21,148.82,-21.57,13.05
2026-08-07T01:10:00.000,18.04,155.8,-16.45,7.4
2026-08-07T01:20:00.000,9.36,313.93,6.49,-6.74
2026-08-07T01:30:00.000,13.9,31.7,11.82,7.3
2026-08-07T01:40:00.000,17.4,184.93,-17.34,-1.5
2026-08-07T01:50:00.000,7.06,331.71,6.21,-3.34
2026-08-07T02:00:00.000,22.52,1.86,22.51,0.73
2026-08-07T02:10:00.000,17.89,22.92,16.48,6.97
2026-08-07T02:20:00.000,8.4,254.59,-2.23,-8.1
2026-08-07T02:30:00.000,14.05,123.39,-7.74,11.73
2026-08-07T02:40:00.000,5.28,56.27,2.93,4.39
2026-08-07T02:50:00.000,15.47,242.53,-7.14,-13.73
2026-08-07T03:00:00.000,5.63,113.63,-2.26,5.16
2026-08-07T03:10:00.000,22.42,117.1,-10.21,19.95
2026-08-07T03:20:00.000,32.15,113.56,-12.85,29.47
2026-08-07T03:30:00.000,10.57,268.88,-0.21,-10.57
2026-08-07T03:40:00.000,3.58,5,3.57,0.31
2026-08-07T03:50:00.000,0.89,228.61,-0.59,-0.66
2026-08-07T04:00:00.000,0.84,8.86,0.83,0.13
2026-08-07T04:10:00.000,11.85,320.8,9.18,-7.49
2026-08-07T04:20:00.000,1.9,23.59,1.74,0.76
2026-08-07T04:30:00.000,2.19,138.46,-1.64,1.45
2026-08-07T04:40:00.000,1.65,55.99,0.92,1.37
2026-08-07T04:50:00.000,9.26,263.56,-1.04,-9.21
2026-08-07T05:00:00.000,10.08,147.53,-8.5,5.41
2026-08-07T05:10:00.000,6.38,116.99,-2.89,5.68
2026-08-07T05:20:00.000,2.65,261.56,-0.39,-2.62
2026-08-07T05:30:00.000,0.65,217.22,-0.52,-0.39
2026-08-07T05:40:00.000,3.72,187.63,-3.68,-0.49
2026-08-07T05:50:00.000,0.42,185.39,-0.42,-0.04
2026-08-07T06:00:00.000,5.82,147.85,-4.93,3.1
2026-08-07T06:10:00.000,2.71,203.3,-2.49,-1.07
2026-08-07T06:20:00.000,2.41,58.48,1.26,2.05
2026-08-07T06:30:00.000,7.1,275.23,0.65,-7.07
2026-08-07T06:40:00.000,6.11,185.71,-6.08,-0.61
2026-08-07T06:50:00.000,10.51,123.82,-5.85,8.73
2026-08-07T07:00:00.000,1.4,101.61,-0.28,1.37
2026-08-07T07:10:00.000,11.3,336.71,10.38,-4.47
2026-08-07T07:20:00.000,2.1,149.74,-1.81,1.06
2026-08-07T07:30:00.000,5.37,155.24,-4.88,2.25
2026-08-07T07:40:00.000,6.65,303.03,3.63,-5.58
2026-08-07T07:50:00.000,6.95,326.64,5.81,-3.82
2026-08-07T08:00:00.000,3.4,69.94,1.17,3.2
2026-08-07T08:10:00.000,0.92,76.97,0.21,0.9
2026-08-07T08:20:00.000,4.38,281.45,0.87,-4.29
2026-08-07T08:30:00.000,2.57,133.1,-1.76,1.88
2026-08-07T08:40:00.000,5.83,325.84,4.83,-3.28
2026-08-07T08:50:00.000,2.34,33.16,1.96,1.28
2026-08-07T09:00:00.000,1.9,244.64,-0.82,-1.72
2026-08-07T09:10:00.000,1.62,202.55,-1.49,-0.62
2026-08-07T09:20:00.000,0.84,138.96,-0.63,0.55
2026-08-07T09:30:00.000,0.63,136.15,-0.45,0.44
2026-08-07T09:40:00.000,4.7,183.79,-4.69,-0.31
2026-08-07T09:50:00.000,1.1,251.6,-0.35,-1.04
2026-08-07T10:00:00.000,0.81,129.65,-0.52,0.62
2026-08-07T10:10:00.000,4.9,163.36,-4.69,1.4
2026-08-07T10:20:00.000,2.38,108.35,-0.75,2.25
2026-08-07T10:30:00.000,0.49,78.11,0.1,0.48
2026-08-07T10:40:00.000,7.07,162.78,-6.75,2.09
2026-08-07T10:50:00.000,4.69,108.5,-1.49,4.44
2026-08-07T11:00:00.000,0.08,188.83,-0.08,-0.01
2026-08-07T11:10:00.000,0.71,322.85,0.57,-0.43
2026-08-07T11:20:00.000,0.94,74.47,0.25,0.9
2026-08-07T11:30:00.000,1.61,144.9,-1.32,0.93
2026-08-07T11:40:00.000,2.45,303.77,1.36,-2.03
2026-08-07T11:50:00.000,6.38,162.58,-6.09,1.91
2026-08-07T12:00:00.000,6.85,148.12,-5.82,3.62
2026-08-07T12:10:00.000,0.41,127.24,-0.25,0.33
2026-08-07T12:20:00.000,6.63,295.65,2.87,-5.98
2026-08-07T12:30:00.000,0.29,128.24,-0.18,0.23
2026-08-07T12:40:00.000,11.87,119.24,-5.8,10.36
2026-08-07T12:50:00.000,5.61,140.77,-4.35,3.55
2026-08-07T13:00:00.000,4.47,105.3,-1.18,4.31
2026-08-07T13:10:00.000,0.31,70.82,0.1,0.3
2026-08-07T13:20:00.000,4.66,147.72,-3.94,2.49
2026-08-07T13:30:00.000,14.88,131.45,-9.85,11.15
2026-08-07T13:40:00.000,3.94,207.59,-3.49,-1.82
2026-08-07T13:50:00.000,1.98,147.65,-1.67,1.06
2026-08-07T14:00:00.000,6.18,173.32,-6.14,0.72
2026-08-07T14:10:00.000,6.93,154.25,-6.24,3.01
2026-08-07T14:20:00.000,1.83,228.35,-1.21,-1.36
2026-08-07T14:30:00.000,0.5,261.95,-0.07,-0.5
2026-08-07T14:40:00.000,0.6,286.91,0.18,-0.58
2026-08-07T14:50:00.000,4.42,146.88,-3.7,2.41
2026-08-07T15:00:00.000,7.25,136.67,-5.27,4.98
2026-08-07T15:10:00.000,0.91,298.68,0.44,-0.8
2026-08-07T15:20:00.000,8.79,341.76,8.34,-2.75
2026-08-07T15:30:00.000,14.08,340.11,13.24,-4.79
2026-08-07T15:40:00.000,8.94,346.71,8.7,-2.06
2026-08-07T15:50:00.000,9.11,331.06,7.98,-4.41
2026-08-07T16:00:00.000,3.54,339.63,3.32,-1.23
2026-08-07T16:10:00.000,3.11,196.69,-2.98,-0.89
2026-08-07T16:20:00.000,3.97,188.4,-3.93,-0.58
2026-08-07T16:30:00.000,7.69,121.89,-4.06,6.53
2026-08-07T16:40:00.000,1.68,202.29,-1.56,-0.64
2026-08-07T16:50:00.000,5.23,337.49,4.83,-2
2026-08-07T17:00:00.000,8.13,295.93,3.56,-7.31
2026-08-07T17:10:00.000,4.33,354.46,4.31,-0.42
2026-08-07T17:20:00.000,4.27,95.67,-0.42,4.25
2026-08-07T17:30:00.000,2.83,302.41,1.52,-2.39
2026-08-07T17:40:00.000,7.02,325.97,5.81,-3.93
2026-08-07T17:50:00.000,3.76,280.66,0.69,-3.69
2026-08-07T18:00:00.000,4.48,186.01,-4.45,-0.47
2026-08-07T18:10:00.000,7.96,175.44,-7.93,0.63
2026-08-07T18:20:00.000,3.71,209.04,-3.25,-1.8
2026-08-07T18:30:00.000,5.05,134.56,-3.54,3.6
2026-08-07T18:40:00.000,3.56,286.64,1.02,-3.41
2026-08-07T18:50:00.000,1.59,285.77,0.43,-1.53
2026-08-07T19:00:00.000,2.62,133.77,-1.81,1.89
2026-08-07T19:10:00.000,1.29,244.19,-0.56,-1.16
2026-08-07T19:20:00.000,3.49,94.59,-0.28,3.48
2026-08-07T19:30:00.000,0.69,286.32,0.19,-0.66
2026-08-07T19:40:00.000,4.71,122.66,-2.54,3.96
2026-08-07T19:50:00.000,2.6,142.36,-2.06,1.59
2026-08-07T20:00:00.000,0.46,310.71,0.3,-0.35
2026-08-07T20:10:00.000,4.82,323.48,3.88,-2.87
2026-08-07T20:20:00.000,4.44,339.79,4.17,-1.54
2026-08-07T20:30:00.000,1.69,358.8,1.69,-0.04
2026-08-07T20:40:00.000,0.9,49.37,0.58,0.68
2026-08-07T20:50:00.000,0.27,105.68,-0.07,0.26
2026-08-07T21:00:00.000,1.91,185.3,-1.91,-0.18
2026-08-07T21:10:00.000,2.48,76.86,0.56,2.41
2026-08-07T21:20:00.000,2.19,312.2,1.47,-1.62
2026-08-07T21:30:00.000,0.99,261.75,-0.14,-0.98
2026-08-07T21:40:00.000,0.72,291.01,0.26,-0.67
2026-08-07T21:50:00.000,2.64,334.32,2.38,-1.14
2026-08-07T22:00:00.000,1.5,60.32,0.74,1.31
2026-08-07T22:10:00.000,4.69,129.84,-3,3.6
2026-08-07T22:20:00.000,3.58,156.45,-3.28,1.43
2026-08-07T22:30:00.000,5.92,341.75,5.62,-1.85
2026-08-07T22:40:00.000,5.55,342.51,5.29,-1.67
2026-08-07T22:50:00.000,0.84,207.63,-0.75,-0.39
2026-08-07T23:00:00.000,3.82,155.83,-3.48,1.56
2026-08-07T23:10:00.000,5.83,112.49,-2.23,5.39
2026-08-07T23:20:00.000,0.55,304.45,0.31,-0.45
2026-08-07T23:30:00.000,0.5,187.11,-0.5,-0.06
2026-08-07T23:40:00.000,0.7,141.46,-0.54,0.43
2026-08-07T23:50:00.000,0.63,133.83,-0.44,0.46
2026-08-08T00:00:00.000,0.43,98.55,-0.06,0.42
2026-08-08T00:10:00.000,4.17,347.91,4.08,-0.87
2026-08-08T00:20:00.000,0.35,9.5,0.34,0.06
2026-08-08T00:30:00.000,2.61,84.66,0.24,2.6
2026-08-08T00:40:00.000,4.9,155.91,-4.47,2
2026-08-08T00:50:00.000,8.96,101.84,-1.84,8.77
2026-08-08T01:00:00.000,10.94,142.95,-8.73,6.59
2026-08-08T01:10:00.000,0.32,92.19,-0.01,0.32
2026-08-08T01:20:00.000,7.2,144.55,-5.87,4.18
2026-08-08T01:30:00.000,4,36.49,3.22,2.38
2026-08-08T01:40:00.000,5.79,156.02,-5.29,2.36
2026-08-08T01:50:00.000,20.1,149.62,-17.34,10.16
2026-08-08T02:00:00.000,4.09,132.36,-2.75,3.02
2026-08-08T02:10:00.000,15.93,319.44,12.1,-10.36
2026-08-08T02:20:00.000,24.64,316.53,17.88,-16.95
2026-08-08T02:30:00.000,13.43,135.09,-9.51,9.48
2026-08-08T02:40:00.000,27.83,140.37,-21.43,17.75
2026-08-08T02:50:00.000,5.29,89.75,0.02,5.29
2026-08-08T03:00:00.000,9.73,272.83,0.48,-9.71
2026-08-08T03:10:00.000,8.21,152.77,-7.3,3.76
2026-08-08T03:20:00.000,16.42,141.94,-12.93,10.12
2026-08-08T03:30:00.000,5.73,151.29,-5.02,2.75
2026-08-08T03:40:00.000,13.03,331.46,11.45,-6.23
2026-08-08T03:50:00.000,7.97,299.81,3.96,-6.91
2026-08-08T04:00:00.000,9.13,25.63,8.24,3.95
2026-08-08T04:10:00.000,2.92,338.13,2.71,-1.09
2026-08-08T04:20:00.000,4.47,139.92,-3.42,2.88
2026-08-08T04:30:00.000,13.21,337.79,12.23,-4.99
2026-08-08T04:40:00.000,12.82,326.17,10.65,-7.14
2026-08-08T04:50:00.000,19.04,318.13,14.18,-12.71
2026-08-08T05:00:00.000,0.63,210.85,-0.54,-0.32
2026-08-08T05:10:00.000,6.13,114.12,-2.51,5.6
2026-08-08T05:20:00.000,1.11,71.59,0.35,1.05
2026-08-08T05:30:00.000,6.66,335.62,6.07,-2.75
2026-08-08T05:40:00.000,7.42,305.28,4.29,-6.06
2026-08-08T05:50:00.000,4.24,119.14,-2.06,3.7
2026-08-08T06:00:00.000,1.22,78.4,0.25,1.2
2026-08-08T06:10:00.000,6.85,29.1,5.99,3.33
2026-08-08T06:20:00.000,6.63,348.7,6.5,-1.3
2026-08-08T06:30:00.000,4.82,345.03,4.66,-1.25
2026-08-08T06:40:00.000,3.02,324.42,2.46,-1.76
2026-08-08T06:50:00.000,5.2,323.93,4.21,-3.06
2026-08-08T07:00:00.000,0.19,229.38,-0.12,-0.14
2026-08-08T07:10:00.000,2.28,98.44,-0.33,2.26
2026-08-08T07:20:00.000,8.42,334.21,7.59,-3.67
2026-08-08T07:30:00.000,0.97,315.7,0.69,-0.68
2026-08-08T07:40:00.000,10.94,154.67,-9.89,4.68
2026-08-08T07:50:00.000,5.41,54.64,3.13,4.41
2026-08-08T08:00:00.000,0.72,38.85,0.56,0.45
2026-08-08T08:10:00.000,0.3,24.25,0.27,0.12
2026-08-08T08:20:00.000,6.72,276.53,0.76,-6.67
2026-08-08T08:30:00.000,5.2,344.22,5,-1.41
2026-08-08T08:40:00.000,1.29,263.43,-0.15,-1.28
2026-08-08T08:50:00.000,3.03,321.22,2.36,-1.9
2026-08-08T09:00:00.000,1.64,209.61,-1.42,-0.81
2026-08-08T09:10:00.000,6.33,52.89,3.82,5.05
2026-08-08T09:20:00.000,2.3,302.54,1.23,-1.94
2026-08-08T09:30:00.000,2.37,324.8,1.94,-1.37
2026-08-08T09:40:00.000,0.83,268.9,-0.02,-0.83
2026-08-08T09:50:00.000,0.4,206.45,-0.36,-0.18
2026-08-08T10:00:00.000,0.83,28.57,0.73,0.4
2026-08-08T10:10:00.000,0.66,277.8,0.09,-0.66
2026-08-08T10:20:00.000,0.51,223.66,-0.37,-0.35
2026-08-08T10:30:00.000,1.61,42,1.2,1.08
2026-08-08T10:40:00.000,3.47,48.64,2.3,2.61
2026-08-08T10:50:00.000,12.93,316.24,9.34,-8.94
2026-08-08T11:00:00.000,7.03,323.01,5.62,-4.23
2026-08-08T11:10:00.000,2.57,136.16,-1.85,1.78
2026-08-08T11:20:00.000,5.33,146.77,-4.46,2.92
2026-08-08T11:30:00.000,4.17,169.57,-4.1,0.76
2026-08-08T11:40:00.000,1.37,155.54,-1.24,0.57
2026-08-08T11:50:00.000,3.45,148.34,-2.93,1.81
2026-08-08T12:00:00.000,8.94,327.78,7.56,-4.77
2026-08-08T12:10:00.000,4.13,290.43,1.44,-3.87
2026-08-08T12:20:00.000,8.53,105.34,-2.26,8.23
2026-08-08T12:30:00.000,4.42,109.92,-1.5,4.15
2026-08-08T12:40:00.000,0.68,40.11,0.52,0.44
2026-08-08T12:50:00.000,4.68,16.57,4.48,1.33
2026-08-08T13:00:00.000,2.24,113.02,-0.88,2.06
2026-08-08T13:10:00.000,7.17,173.24,-7.12,0.84
2026-08-08T13:20:00.000,6.58,139.11,-4.98,4.31
2026-08-08T13:30:00.000,0.71,133.36,-0.49,0.51
2026-08-08T13:40:00.000,6.12,157.69,-5.67,2.32
2026-08-08T13:50:00.000,8.21,117.86,-3.84,7.26
2026-08-08T14:00:00.000,7.94,183.44,-7.92,-0.48
2026-08-08T14:10:00.000,5.55,310.71,3.62,-4.21
2026-08-08T14:20:00.000,2.78,190.88,-2.73,-0.53
2026-08-08T14:30:00.000,5.81,174.46,-5.78,0.56
2026-08-08T14:40:00.000,3.56,150.39,-3.1,1.76
2026-08-08T14:50:00.000,6.51,136.74,-4.74,4.46
2026-08-08T15:00:00.000,0.53,173.09,-0.53,0.06
2026-08-08T15:10:00.000,6.73,336.11,6.15,-2.72
2026-08-08T15:20:00.000,0.54,252.16,-0.17,-0.52
2026-08-08T15:30:00.000,0.97,128.3,-0.6,0.76
2026-08-08T15:40:00.000,1.81,293.89,0.73,-1.66
2026-08-08T15:50:00.000,8.26,330.17,7.16,-4.11
2026-08-08T16:00:00.000,9,314.46,6.31,-6.42
2026-08-08T16:10:00.000,7.65,341.18,7.24,-2.47
2026-08-08T16:20:00.000,2.74,188.31,-2.71,-0.4
2026-08-08T16:30:00.000,0.71,135.31,-0.5,0.5
2026-08-08T16:40:00.000,6.62,326.48,5.52,-3.66
2026-08-08T16:50:00.000,2.09,277.67,0.28,-2.07
2026-08-08T17:00:00.000,4.44,202.26,-4.11,-1.68
2026-08-08T17:10:00.000,9.76,108.77,-3.14,9.24
2026-08-08T17:20:00.000,3.65,187.95,-3.62,-0.51
2026-08-08T17:30:00.000,0.76,70.44,0.25,0.71
2026-08-08T17:40:00.000,4.84,317.61,3.57,-3.26
2026-08-08T17:50:00.000,0.81,292.37,0.31,-0.74
2026-08-08T18:00:00.000,2.54,307.8,1.56,-2.01
2026-08-08T18:10:00.000,4.85,166.96,-4.73,1.09
2026-08-08T18:20:00.000,5.94,144,-4.81,3.49
2026-08-08T18:30:00.000,4.16,264.22,-0.42,-4.14
2026-08-08T18:40:00.000,6.42,326.93,5.38,-3.5
2026-08-08T18:50:00.000,5.21,309.81,3.34,-4
2026-08-08T19:00:00.000,3.62,183.8,-3.61,-0.24
2026-08-08T19:10:00.000,1.28,111.74,-0.47,1.19
2026-08-08T19:20:00.000,0.35,271.27,0.01,-0.35
2026-08-08T19:30:00.000,0.25,162.76,-0.23,0.07
2026-08-08T19:40:00.000,3.74,333.05,3.33,-1.69
2026-08-08T19:50:00.000,2.65,351.7,2.62,-0.38
2026-08-08T20:00:00.000,2.05,183.87,-2.04,-0.14
2026-08-08T20:10:00.000,5.25,164.42,-5.06,1.41
2026-08-08T20:20:00.000,0.58,215.31,-0.48,-0.34
2026-08-08T20:30:00.000,4.65,93.16,-0.26,4.65
2026-08-08T20:40:00.000,0.69,140.77,-0.54,0.44
2026-08-08T20:50:00.000,1.23,6.24,1.22,0.13
2026-08-08T21:00:00.000,0.58,69.76,0.2,0.54
2026-08-08T21:10:00.000,0.92,301.08,0.47,-0.78
2026-08-08T21:20:00.000,0.47,155.85,-0.43,0.19
2026-08-08T21:30:00.000,0.76,114.54,-0.32,0.69
2026-08-08T21:40:00.000,5.1,154.3,-4.59,2.21
2026-08-08T21:50:00.000,2.23,8.68,2.2,0.34
2026-08-08T22:00:00.000,6.66,328.84,5.7,-3.45
2026-08-08T22:10:00.000,3.92,175.13,-3.9,0.33
2026-08-08T22:20:00.000,0.29,187.48,-0.28,-0.04
2026-08-08T22:30:00.000,1.4,163.66,-1.34,0.39
2026-08-08T22:40:00.000,3,98.11,-0.42,2.97
2026-08-08T22:50:00.000,9.84,135.48,-7.02,6.9
2026-08-08T23:00:00.000,14.66,134.81,-10.33,10.4
2026-08-08T23:10:00.000,6.98,88.61,0.17,6.98
2026-08-08T23:20:00.000,2.69,337.78,2.49,-1.02
2026-08-08T23:30:00.000,5.87,324.89,4.8,-3.38
2026-08-08T23:40:00.000,17.16,159.03,-16.02,6.14
2026-08-08T23:50:00.000,38.5,147.85,-32.6,20.48
2026-08-09T00:00:00.000,13.13,140.69,-10.16,8.32
2026-08-09T00:10:00.000,2.19,336.92,2.01,-0.86
2026-08-09T00:20:00.000,7.58,209.07,-6.63,-3.68
2026-08-09T00:30:00.000,5.37,140,-4.11,3.45
2026-08-09T00:40:00.000,6.5,55.52,3.68,5.36
2026-08-09T00:50:00.000,2.6,46.58,1.79,1.89
2026-08-09T01:00:00.000,4.01,56.84,2.19,3.35
2026-08-09T01:10:00.000,1.53,263.41,-0.18,-1.52
2026-08-09T01:20:00.000,12.56,323.99,10.16,-7.38
2026-08-09T01:30:00.000,14.23,358.26,14.22,-0.43
2026-08-09T01:40:00.000,7.07,340.63,6.67,-2.35
2026-08-09T01:50:00.000,22.25,335.74,20.29,-9.14
2026-08-09T02:00:00.000,24.18,348.08,23.66,-5
2026-08-09T02:10:00.000,7.96,40,6.1,5.11
2026-08-09T02:20:00.000,6.33,173.47,-6.29,0.72
2026-08-09T02:30:00.000,16.8,154.64,-15.18,7.2
2026-08-09T02:40:00.000,7.61,79.25,1.42,7.48
2026-08-09T02:50:00.000,7.26,322.44,5.75,-4.42
2026-08-09T03:00:00.000,16.54,338.33,15.38,-6.11
2026-08-09T03:10:00.000,2.79,47.3,1.89,2.05
2026-08-09T03:20:00.000,6.18,342.55,5.89,-1.85
2026-08-09T03:30:00.000,10.71,127.62,-6.54,8.48
2026-08-09T03:40:00.000,4.6,127.91,-2.82,3.63
2026-08-09T03:50:00.000,9.23,358.33,9.23,-0.27
2026-08-09T04:00:00.000,4.26,325.37,3.5,-2.42
2026-08-09T04:10:00.000,4.74,168.43,-4.64,0.95
2026-08-09T04:20:00.000,4.01,266.07,-0.28,-4
2026-08-09T04:30:00.000,0.69,278.62,0.1,-0.69
2026-08-09T04:40:00.000,1.73,289.7,0.58,-1.63
2026-08-09T04:50:00.000,2.64,281.21,0.51,-2.58
2026-08-09T05:00:00.000,4.53,310.13,2.92,-3.46
2026-08-09T05:10:00.000,2.15,195.24,-2.07,-0.57
2026-08-09T05:20:00.000,7.02,119.58,-3.47,6.1
2026-08-09T05:30:00.000,4.02,132.16,-2.7,2.98
2026-08-09T05:40:00.000,5.3,357.72,5.3,-0.21
2026-08-09T05:50:00.000,2.23,173.91,-2.22,0.24
2026-08-09T06:00:00.000,2.08,319.33,1.58,-1.36
2026-08-09T06:10:00.000,1.28,160.37,-1.2,0.43
2026-08-09T06:20:00.000,5.77,160.7,-5.44,1.91
2026-08-09T06:30:00.000,1.4,148.49,-1.2,0.73
2026-08-09T06:40:00.000,3.06,70.23,1.03,2.88
2026-08-09T06:50:00.000,0.68,148.63,-0.58,0.35
2026-08-09T07:00:00.000,1.95,164.05,-1.88,0.54
2026-08-09T07:10:00.000,12.25,314.17,8.53,-8.79
2026-08-09T07:20:00.000,4.64,343.28,4.45,-1.34
2026-08-09T07:30:00.000,8.21,294.11,3.35,-7.49
2026-08-09T07:40:00.000,5.61,42.02,4.17,3.76
2026-08-09T07:50:00.000,5.26,227.29,-3.57,-3.87
2026-08-09T08:00:00.000,2.05,108.91,-0.67,1.94
2026-08-09T08:10:00.000,3.62,165.08,-3.5,0.93
2026-08-09T08:20:00.000,5.36,336.68,4.92,-2.12
2026-08-09T08:30:00.000,0.94,349.28,0.92,-0.18
2026-08-09T08:40:00.000,1.49,289.93,0.51,-1.4
2026-08-09T08:50:00.000,8.67,158.11,-8.05,3.23
2026-08-09T09:00:00.000,0.26,146.24,-0.22,0.14
2026-08-09T09:10:00.000,0.48,93.82,-0.03,0.48
2026-08-09T09:20:00.000,2.77,303.02,1.51,-2.32
2026-08-09T09:30:00.000,4.35,42.29,3.22,2.93
2026-08-09T09:40:00.000,1.37,49.32,0.89,1.04
2026-08-09T09:50:00.000,3.22,154.94,-2.92,1.36
2026-08-09T10:00:00.000,1.48,298.25,0.7,-1.31
2026-08-09T10:10:00.000,9.17,346.61,8.92,-2.12
2026-08-09T10:20:00.000,0.64,41.38,0.48,0.42
2026-08-09T10:30:00.000,5.43,114.5,-2.25,4.94
2026-08-09T10:40:00.000,5.02,139.38,-3.81,3.27
2026-08-09T10:50:00.000,7.7,92.03,-0.27,7.7
2026-08-09T11:00:00.000,0.77,123.25,-0.42,0.64
2026-08-09T11:10:00.000,5.82,304.88,3.33,-4.77
2026-08-09T11:20:00.000,7.3,352.48,7.24,-0.95
2026-08-09T11:30:00.000,6.19,345.95,6,-1.5
2026-08-09T11:40:00.000,3.28,359.87,3.28,-0.01
2026-08-09T11:50:00.000,4.74,4.84,4.72,0.4
2026-08-09T12:00:00.000,1.9,115.29,-0.81,1.71
2026-08-09T12:10:00.000,1.81,290.43,0.63,-1.7
2026-08-09T12:20:00.000,0.87,113.63,-0.35,0.8
2026-08-09T12:30:00.000,1.88,217.09,-1.5,-1.13
2026-08-09T12:40:00.000,3.41,333.77,3.06,-1.51
2026-08-09T12:50:00.000,0.51,273.53,0.03,-0.51
2026-08-09T13:00:00.000,4.04,343.14,3.87,-1.17
2026-08-09T13:10:00.000,0.84,350.82,0.83,-0.13
2026-08-09T13:20:00.000,8.79,333.82,7.89,-3.88
2026-08-09T13:30:00.000,6.02,276.64,0.7,-5.98
2026-08-09T13:40:00.000,6.15,159.69,-5.77,2.14
2026-08-09T13:50:00.000,2,94.67,-0.16,2
2026-08-09T14:00:00.000,0.4,144.26,-0.32,0.23
2026-08-09T14:10:00.000,4.6,332.04,4.06,-2.16
2026-08-09T14:20:00.000,1,20.4,0.94,0.35
2026-08-09T14:30:00.000,1.28,272.72,0.06,-1.27
2026-08-09T14:40:00.000,0.4,283.1,0.09,-0.39
2026-08-09T14:50:00.000,1.6,172.81,-1.59,0.2
2026-08-09T15:00:00.000,2.04,334.59,1.84,-0.87
2026-08-09T15:10:00.000,1.29,162.36,-1.23,0.39
2026-08-09T15:20:00.000,2.17,221.99,-1.62,-1.45
2026-08-09T15:30:00.000,2.73,173.29,-2.71,0.32
2026-08-09T15:40:00.000,3.55,130.04,-2.29,2.72
2026-08-09T15:50:00.000,2.86,219.64,-2.2,-1.83
2026-08-09T16:00:00.000,1.94,310.58,1.26,-1.47
2026-08-09T16:10:00.000,6.24,334.26,5.62,-2.71
2026-08-09T16:20:00.000,4.01,231.21,-2.52,-3.13
2026-08-09T16:30:00.000,0.64,263.64,-0.07,-0.63
2026-08-09T16:40:00.000,0.39,291.93,0.14,-0.36
2026-08-09T16:50:00.000,5.52,275.77,0.55,-5.5
2026-08-09T17:00:00.000,1.71,224.88,-1.21,-1.21
2026-08-09T17:10:00.000,1.45,215.79,-1.17,-0.85
2026-08-09T17:20:00.000,6.18,129.78,-3.95,4.75
2026-08-09T17:30:00.000,0.24,353.55,0.24,-0.03
2026-08-09T17:40:00.000,2.16,359.32,2.16,-0.03
2026-08-09T17:50:00.000,2.8,131.62,-1.86,2.09
2026-08-09T18:00:00.000,0.72,124.07,-0.4,0.59
2026-08-09T18:10:00.000,0.28,285.25,0.07,-0.27
2026-08-09T18:20:00.000,5.34,117.37,-2.46,4.75
2026-08-09T18:30:00.000,0.81,242.65,-0.37,-0.72
2026-08-09T18:40:00.000,6.28,277,0.77,-6.23
2026-08-09T18:50:00.000,6.04,332.21,5.34,-2.82
2026-08-09T19:00:00.000,2.63,328.05,2.23,-1.39
2026-08-09T19:10:00.000,4.85,204.82,-4.4,-2.03
2026-08-09T19:20:00.000,1.22,261.11,-0.19,-1.21
2026-08-09T19:30:00.000,3.42,202.85,-3.15,-1.33
2026-08-09T19:40:00.000,0.65,219.56,-0.5,-0.41
2026-08-09T19:50:00.000,2.08,216.96,-1.66,-1.25
2026-08-09T20:00:00.000,0.95,223.57,-0.69,-0.66
2026-08-09T20:10:00.000,3.38,147.64,-2.85,1.81
2026-08-09T20:20:00.000,0.49,19.2,0.46,0.16
2026-08-09T20:30:00.000,5,83.71,0.55,4.97
2026-08-09T20:40:00.000,4.61,356.39,4.6,-0.29
2026-08-09T20:50:00.000,3.93,339.03,3.67,-1.41
2026-08-09T21:00:00.000,1.79,6.26,1.78,0.19
2026-08-09T21:10:00.000,5.3,339.39,4.96,-1.86
2026-08-09T21:20:00.000,3.41,355.89,3.41,-0.24
2026-08-09T21:30:00.000,4.05,350.59,3.99,-0.66
2026-08-09T21:40:00.000,5.86,329.52,5.05,-2.97
2026-08-09T21:50:00.000,5.61,316.96,4.1,-3.83
2026-08-09T22:00:00.000,2.21,11.16,2.16,0.43
2026-08-09T22:10:00.000,5.6,311.22,3.69,-4.21
2026-08-09T22:20:00.000,0.86,311.33,0.57,-0.65
2026-08-09T22:30:00.000,2.13,309.31,1.35,-1.65
2026-08-09T22:40:00.000,0.79,1.36,0.79,0.02
2026-08-09T22:50:00.000,4.52,114.25,-1.86,4.12
2026-08-09T23:00:00.000,0.76,136.12,-0.55,0.53
2026-08-09T23:10:00.000,4.46,151.54,-3.92,2.13
2026-08-09T23:20:00.000,0.83,67.55,0.32,0.77
2026-08-09T23:30:00.000,2,18.39,1.89,0.63
2026-08-09T23:40:00.000,6.25,341.9,5.95,-1.94
2026-08-09T23:50:00.000,7.12,317.36,5.24,-4.82
2026-08-10T00:00:00.000,0.46,153.83,-0.42,0.2
2026-08-10T00:10:00.000,6.16,208.8,-5.4,-2.97
2026-08-10T00:20:00.000,3.39,125,-1.94,2.78
2026-08-10T00:30:00.000,5.62,176.76,-5.61,0.32
2026-08-10T00:40:00.000,2.73,132,-1.82,2.03
2026-08-10T00:50:00.000,2.43,149.14,-2.09,1.25
2026-08-10T01:00:00.000,1.11,241.75,-0.52,-0.98
2026-08-10T01:10:00.000,1.67,9.81,1.65,0.29
2026-08-10T01:20:00.000,1.45,336.49,1.33,-0.58
2026-08-10T01:30:00.000,3.96,75.98,0.96,3.84
2026-08-10T01:40:00.000,8.82,116.36,-3.91,7.9
2026-08-10T01:50:00.000,1.13,30.15,0.98,0.57
2026-08-10T02:00:00.000,1.12,344.13,1.08,-0.31
2026-08-10T02:10:00.000,6.18,347.29,6.03,-1.36
2026-08-10T02:20:00.000,0.73,230.66,-0.46,-0.57
2026-08-10T02:30:00.000,0.8,251.21,-0.26,-0.76
2026-08-10T02:40:00.000,3.39,307.81,2.08,-2.68
2026-08-10T02:50:00.000,4.12,33.32,3.44,2.26
2026-08-10T03:00:00.000,6.7,349.99,6.59,-1.16
2026-08-10T03:10:00.000,7.93,324.92,6.49,-4.56
2026-08-10T03:20:00.000,6.42,304.17,3.6,-5.31
2026-08-10T03:30:00.000,5.33,330.78,4.65,-2.6
2026-08-10T03:40:00.000,9.69,335.39,8.81,-4.04
2026-08-10T03:50:00.000,8.57,337.16,7.9,-3.33
2026-08-10T04:00:00.000,7.54,24.75,6.84,3.16
2026-08-10T04:10:00.000,8.09,14.28,7.84,1.99
2026-08-10T04:20:00.000,0.79,186.77,-0.78,-0.09
2026-08-10T04:30:00.000,2.09,292.04,0.79,-1.94
2026-08-10T04:40:00.000,4.2,336.82,3.87,-1.66
2026-08-10T04:50:00.000,5.99,327.8,5.07,-3.19
2026-08-10T05:00:00.000,4.25,299.57,2.1,-3.7
2026-08-10T05:10:00.000,1.31,343.02,1.25,-0.38
2026-08-10T05:20:00.000,2.1,280.92,0.4,-2.06
2026-08-10T05:30:00.000,5.65,359.77,5.65,-0.02
2026-08-10T05:40:00.000,0.16,250.2,-0.05,-0.15
2026-08-10T05:50:00.000,0.66,315.49,0.47,-0.46
2026-08-10T06:00:00.000,6.56,350.88,6.48,-1.04
2026-08-10T06:10:00.000,4.35,270.71,0.05,-4.35
2026-08-10T06:20:00.000,5.09,175.16,-5.07,0.43
2026-08-10T06:30:00.000,6,174.02,-5.97,0.63
2026-08-10T06:40:00.000,3.86,203.07,-3.55,-1.51
2026-08-10T06:50:00.000,1.9,212.2,-1.6,-1.01
2026-08-10T07:00:00.000,0.54,152.4,-0.48,0.25
2026-08-10T07:10:00.000,5.18,158.18,-4.81,1.93
2026-08-10T07:20:00.000,2.78,130.48,-1.81,2.12
2026-08-10T07:30:00.000,6.78,322.71,5.4,-4.11
2026-08-10T07:40:00.000,4.35,259.97,-0.76,-4.28
2026-08-10T07:50:00.000,0.32,204.45,-0.29,-0.13
2026-08-10T08:00:00.000,0.66,113.2,-0.26,0.61
2026-08-10T08:10:00.000,0.39,211.44,-0.34,-0.21
2026-08-10T08:20:00.000,6.64,349.14,6.52,-1.25
2026-08-10T08:30:00.000,3.29,351.1,3.25,-0.51
2026-08-10T08:40:00.000,2.49,178.31,-2.49,0.07
2026-08-10T08:50:00.000,1.48,32.02,1.26,0.79
2026-08-10T09:00:00.000,2.31,317.48,1.7,-1.56
2026-08-10T09:10:00.000,5.01,308.1,3.09,-3.95
2026-08-10T09:20:00.000,0.39,248.68,-0.14,-0.36
2026-08-10T09:30:00.000,0.27,120.73,-0.14,0.23
2026-08-10T09:40:00.000,1.3,184.66,-1.29,-0.11
2026-08-10T09:50:00.000,0.86,326.12,0.71,-0.48
2026-08-10T10:00:00.000,0.46,47.77,0.31,0.34
2026-08-10T10:10:00.000,0.45,233.3,-0.27,-0.36
2026-08-10T10:20:00.000,4.92,174.49,-4.89,0.47
2026-08-10T10:30:00.000,1.26,94.63,-0.1,1.25
2026-08-10T10:40:00.000,0.52,288.33,0.16,-0.49
2026-08-10T10:50:00.000,2.14,240.87,-1.04,-1.87
2026-08-10T11:00:00.000,0.97,178.17,-0.97,0.03
2026-08-10T11:10:00.000,0.42,216.12,-0.34,-0.25
2026-08-10T11:20:00.000,3,142.2,-2.37,1.84
2026-08-10T11:30:00.000,0.41,146.1,-0.34,0.23
2026-08-10T11:40:00.000,0.49,248.39,-0.18,-0.45
2026-08-10T11:50:00.000,0.66,243.88,-0.29,-0.59
2026-08-10T12:00:00.000,0.62,233.69,-0.37,-0.5
2026-08-10T12:10:00.000,0.55,131.08,-0.36,0.42
2026-08-10T12:20:00.000,0.71,212.31,-0.6,-0.38
2026-08-10T12:30:00.000,0.62,226.64,-0.43,-0.45
2026-08-10T12:40:00.000,3.4,146.83,-2.85,1.86
2026-08-10T12:50:00.000,3.72,179.77,-3.72,0.01
2026-08-10T13:00:00.000,1.41,183.76,-1.41,-0.09
2026-08-10T13:10:00.000,0.57,206.5,-0.51,-0.25
2026-08-10T13:20:00.000,4.74,320.12,3.64,-3.04
2026-08-10T13:30:00.000,0.43,83.67,0.05,0.42
2026-08-10T13:40:00.000,0.26,271.23,0.01,-0.26
2026-08-10T13:50:00.000,0.46,202.07,-0.43,-0.17
2026-08-10T14:00:00.000,0.58,136.37,-0.42,0.4
2026-08-10T14:10:00.000,2.08,165.26,-2.01,0.53
2026-08-10T14:20:00.000,1.64,299.58,0.81,-1.43
2026-08-10T14:30:00.000,2.65,358.69,2.65,-0.06
2026-08-10T14:40:00.000,2.77,258.18,-0.57,-2.71
2026-08-10T14:50:00.000,0.69,222.65,-0.51,-0.47
2026-08-10T15:00:00.000,0.48,235.72,-0.27,-0.4
2026-08-10T15:10:00.000,1.27,281.61,0.26,-1.24
2026-08-10T15:20:00.000,1.71,34.04,1.42,0.96
2026-08-10T15:30:00.000,0.52,235.01,-0.3,-0.43
2026-08-10T15:40:00.000,3.48,126.91,-2.09,2.78
2026-08-10T15:50:00.000,0.72,327.83,0.61,-0.38
2026-08-10T16:00:00.000,2,316.39,1.45,-1.38
2026-08-10T16:10:00.000,3.25,53.33,1.94,2.61
2026-08-10T16:20:00.000,4.62,318.76,3.47,-3.05
2026-08-10T16:30:00.000,4.14,315.94,2.98,-2.88
2026-08-10T16:40:00.000,2.3,22.39,2.13,0.88
2026-08-10T16:50:00.000,3.62,334.45,3.26,-1.56
2026-08-10T17:00:00.000,1.13,301.51,0.59,-0.96
2026-08-10T17:10:00.000,1.49,217.35,-1.18,-0.9
2026-08-10T17:20:00.000,0.91,165.64,-0.88,0.22
2026-08-10T17:30:00.000,2.2,140.55,-1.7,1.4
2026-08-10T17:40:00.000,2.73,154.35,-2.46,1.18
2026-08-10T17:50:00.000,3.83,248.41,-1.41,-3.56
2026-08-10T18:00:00.000,3.58,28.04,3.16,1.68
2026-08-10T18:10:00.000,0.6,207.17,-0.53,-0.27
2026-08-10T18:20:00.000,7.09,158.1,-6.58,2.65
2026-08-10T18:30:00.000,6.09,165.19,-5.89,1.56
2026-08-10T18:40:00.000,1,141.84,-0.79,0.62
2026-08-10T18:50:00.000,0.36,340.17,0.34,-0.12
2026-08-10T19:00:00.000,0.16,285.62,0.04,-0.16
2026-08-10T19:10:00.000,0.3,103.56,-0.07,0.29
2026-08-10T19:20:00.000,1.24,300,0.62,-1.07
2026-08-10T19:30:00.000,0.41,323.63,0.33,-0.24
2026-08-10T19:40:00.000,4.58,328.79,3.92,-2.37
2026-08-10T19:50:00.000,2.19,309.81,1.4,-1.68
2026-08-10T20:00:00.000,0.66,300.48,0.33,-0.57
2026-08-10T20:10:00.000,3.79,261.26,-0.58,-3.75
2026-08-10T20:20:00.000,0.5,255.65,-0.12,-0.48
2026-08-10T20:30:00.000,2.02,270.94,0.03,-2.02
2026-08-10T20:40:00.000,0.58,293.28,0.23,-0.53
2026-08-10T20:50:00.000,0.61,271.53,0.02,-0.61
2026-08-10T21:00:00.000,0.82,245.24,-0.34,-0.74
2026-08-10T21:10:00.000,0.4,236.29,-0.22,-0.33
2026-08-10T21:20:00.000,0.43,277.64,0.06,-0.43
2026-08-10T21:30:00.000,5.44,347.23,5.3,-1.2
2026-08-10T21:40:00.000,1.46,254.19,-0.4,-1.41
2026-08-10T21:50:00.000,0.35,190.46,-0.34,-0.06
2026-08-10T22:00:00.000,0.43,257.92,-0.09,-0.42
2026-08-10T22:10:00.000,1.98,261.68,-0.29,-1.96
2026-08-10T22:20:00.000,3.02,315.86,2.17,-2.1
2026-08-10T22:30:00.000,1.71,320.88,1.33,-1.08
2026-08-10T22:40:00.000,4.23,285.54,1.13,-4.08
2026-08-10T22:50:00.000,2.69,261.07,-0.42,-2.66
2026-08-10T23:00:00.000,0.17,262.57,-0.02,-0.17
2026-08-10T23:10:00.000,1.09,152.95,-0.97,0.5
2026-08-10T23:20:00.000,0.42,242.76,-0.19,-0.37
2026-08-10T23:30:00.000,0.55,250.63,-0.18,-0.52
2026-08-10T23:40:00.000,1.24,325.46,1.02,-0.7
2026-08-10T23:50:00.000,0.59,292.03,0.22,-0.55
2026-08-11T00:00:00.000,0.57,178.96,-0.57,0.01
2026-08-11T00:10:00.000,0.44,240.61,-0.22,-0.38
2026-08-11T00:20:00.000,5.09,315.17,3.61,-3.59
2026-08-11T00:30:00.000,2.24,266.78,-0.13,-2.23
2026-08-11T00:40:00.000,1.93,283.38,0.45,-1.88
2026-08-11T00:50:00.000,0.79,247.23,-0.3,-0.73
2026-08-11T01:00:00.000,1.2,234.96,-0.69,-0.98
2026-08-11T01:10:00.000,3.31,203.66,-3.03,-1.33
2026-08-11T01:20:00.000,5.82,168.06,-5.69,1.2
2026-08-11T01:30:00.000,4.49,193.68,-4.36,-1.06
2026-08-11T01:40:00.000,1.22,168.74,-1.2,0.24
2026-08-11T01:50:00.000,4,166.95,-3.9,0.9
2026-08-11T02:00:00.000,2.65,104.93,-0.68,2.56
2026-08-11T02:10:00.000,3.4,177.46,-3.4,0.15
2026-08-11T02:20:00.000,4.6,118.72,-2.21,4.04
2026-08-11T02:30:00.000,8.08,127.57,-4.93,6.4
2026-08-11T02:40:00.000,10.3,190.98,-10.12,-1.96
2026-08-11T02:50:00.000,20.44,301.61,10.71,-17.41
2026-08-11T03:00:00.000,16.64,186.34,-16.54,-1.84
2026-08-11T03:10:00.000,25.11,117.8,-11.71,22.21
2026-08-11T03:20:00.000,11.19,152.3,-9.91,5.2
2026-08-11T03:30:00.000,16.45,328.68,14.06,-8.55
2026-08-11T03:40:00.000,32.26,92.88,-1.62,32.22
2026-08-11T03:50:00.000,7.78,167.59,-7.6,1.67
2026-08-11T04:00:00.000,16.03,145.44,-13.2,9.1
2026-08-11T04:10:00.000,2.62,167.55,-2.55,0.56
2026-08-11T04:20:00.000,11.94,102.29,-2.54,11.67
2026-08-11T04:30:00.000,20.66,161.28,-19.57,6.63
2026-08-11T04:40:00.000,20.13,192.41,-19.65,-4.33
2026-08-11T04:50:00.000,33.64,175.8,-33.55,2.46
2026-08-11T05:00:00.000,5.21,254.94,-1.35,-5.03
2026-08-11T05:10:00.000,22.25,276.33,2.45,-22.11
2026-08-11T05:20:00.000,13.57,332.06,11.99,-6.36
2026-08-11T05:30:00.000,24.4,3.8,24.34,1.62
2026-08-11T05:40:00.000,13.75,2.48,13.74,0.59
2026-08-11T05:50:00.000,10.27,344.84,9.91,-2.69
2026-08-11T06:00:00.000,0.75,127.28,-0.45,0.6
2026-08-11T06:10:00.000,8.53,331.77,7.52,-4.04
2026-08-11T06:20:00.000,10.86,281.2,2.11,-10.66
2026-08-11T06:30:00.000,6.56,7.56,6.5,0.86
2026-08-11T06:40:00.000,0.37,82.03,0.05,0.36
2026-08-11T06:50:00.000,16.48,163.76,-15.82,4.61
2026-08-11T07:00:00.000,20.78,307.4,12.62,-16.51
2026-08-11T07:10:00.000,3.28,152.45,-2.9,1.51
2026-08-11T07:20:00.000,20.39,138.97,-15.38,13.38
2026-08-11T07:30:00.000,12.84,142.52,-10.19,7.81
2026-08-11T07:40:00.000,6.6,303.11,3.6,-5.53
2026-08-11T07:50:00.000,10.66,54.94,6.12,8.72
2026-08-11T08:00:00.000,3.49,177.34,-3.49,0.16
2026-08-11T08:10:00.000,1.72,182.38,-1.72,-0.07
2026-08-11T08:20:00.000,13.03,350.79,12.86,-2.09
2026-08-11T08:30:00.000,6,310.39,3.89,-4.57
2026-08-11T08:40:00.000,8.09,127.31,-4.91,6.44
2026-08-11T08:50:00.000,11.35,143.95,-9.18,6.68
2026-08-11T09:00:00.000,2.81,299.25,1.37,-2.45
2026-08-11T09:10:00.000,5.84,296.91,2.65,-5.21
2026-08-11T09:20:00.000,0.15,98.45,-0.02,0.15
2026-08-11T09:30:00.000,5.99,167.85,-5.85,1.26
2026-08-11T09:40:00.000,5.62,6.67,5.58,0.65
2026-08-11T09:50:00.000,5.39,175.07,-5.37,0.46
2026-08-11T10:00:00.000,3.28,109.69,-1.1,3.08
2026-08-11T10:10:00.000,0.38,261.42,-0.06,-0.38
2026-08-11T10:20:00.000,10.12,331.98,8.93,-4.75
2026-08-11T10:30:00.000,2.2,237.98,-1.17,-1.87
2026-08-11T10:40:00.000,6.17,242.86,-2.82,-5.49
2026-08-11T10:50:00.000,5.31,192.44,-5.19,-1.15
2026-08-11T11:00:00.000,0.43,212.58,-0.37,-0.23
2026-08-11T11:10:00.000,8.64,324.88,7.07,-4.97
2026-08-11T11:20:00.000,0.55,164.54,-0.53,0.15
2026-08-11T11:30:00.000,3.79,230,-2.44,-2.9
2026-08-11T11:40:00.000,5.83,323.7,4.7,-3.45
2026-08-11T11:50:00.000,0.7,196.81,-0.67,-0.2
2026-08-11T12:00:00.000,2.48,188.03,-2.46,-0.35
2026-08-11T12:10:00.000,8.11,345.71,7.86,-2
2026-08-11T12:20:00.000,3.87,15.48,3.73,1.03
2026-08-11T12:30:00.000,5.77,142.76,-4.6,3.49
2026-08-11T12:40:00.000,1.08,337.23,1,-0.42
2026-08-11T12:50:00.000,5.65,355.29,5.63,-0.46
2026-08-11T13:00:00.000,5.72,164.93,-5.52,1.49
2026-08-11T13:10:00.000,2.17,314.48,1.52,-1.55
2026-08-11T13:20:00.000,0.45,12.02,0.44,0.09
2026-08-11T13:30:00.000,6.77,174.91,-6.74,0.6
2026-08-11T13:40:00.000,7.8,146.21,-6.48,4.34
2026-08-11T13:50:00.000,4.72,74.86,1.23,4.55
2026-08-11T14:00:00.000,9.96,104.59,-2.51,9.64
2026-08-11T14:10:00.000,2.8,263.28,-0.33,-2.78
2026-08-11T14:20:00.000,1.09,278.86,0.17,-1.07
2026-08-11T14:30:00.000,1.15,289.38,0.38,-1.08
2026-08-11T14:40:00.000,0.4,270.21,0,-0.4
2026-08-11T14:50:00.000,1.88,127.63,-1.15,1.49
2026-08-11T15:00:00.000,9.87,141.31,-7.7,6.17
2026-08-11T15:10:00.000,18.54,148.94,-15.88,9.57
2026-08-11T15:20:00.000,12.42,134.17,-8.65,8.9
2026-08-11T15:30:00.000,10.95,124.94,-6.27,8.98
2026-08-11T15:40:00.000,9.37,145.38,-7.71,5.32
2026-08-11T15:50:00.000,0.2,22.2,0.18,0.07
2026-08-11T16:00:00.000,3.78,336.64,3.47,-1.5
2026-08-11T16:10:00.000,1.11,343.95,1.06,-0.31
2026-08-11T16:20:00.000,3.9,198.98,-3.69,-1.27
2026-08-11T16:30:00.000,5.18,112.06,-1.95,4.8
2026-08-11T16:40:00.000,9.22,143.42,-7.41,5.5
2026-08-11T16:50:00.000,9.75,131.1,-6.41,7.34
2026-08-11T17:00:00.000,3.22,151.61,-2.83,1.53
2026-08-11T17:10:00.000,1.32,329.6,1.14,-0.67
2026-08-11T17:20:00.000,9.68,13.42,9.42,2.25
2026-08-11T17:30:00.000,7.48,16.4,7.17,2.11
2026-08-11T17:40:00.000,7.49,270.75,0.1,-7.49
2026-08-11T17:50:00.000,4.36,343.74,4.19,-1.22
2026-08-11T18:00:00.000,12.85,343.71,12.34,-3.61
2026-08-11T18:10:00.000,16.36,14.77,15.82,4.17
2026-08-11T18:20:00.000,12.86,328.18,10.92,-6.78
2026-08-11T18:30:00.000,2.23,169.59,-2.2,0.4
2026-08-11T18:40:00.000,4.33,183.19,-4.32,-0.24
2026-08-11T18:50:00.000,10.94,37.94,8.63,6.73
2026-08-11T19:00:00.000,5.29,148.39,-4.5,2.77
2026-08-11T19:10:00.000,0.48,277.44,0.06,-0.48
2026-08-11T19:20:00.000,9.81,339.19,9.17,-3.49
2026-08-11T19:30:00.000,6.86,308.3,4.25,-5.39
2026-08-11T19:40:00.000,3.62,92.57,-0.16,3.62
2026-08-11T19:50:00.000,8.18,140.07,-6.27,5.25
2026-08-11T20:00:00.000,11.85,121.58,-6.21,10.1
2026-08-11T20:10:00.000,2.14,225.91,-1.49,-1.54
2026-08-11T20:20:00.000,7.66,323.99,6.2,-4.5
2026-08-11T20:30:00.000,4.06,70.37,1.36,3.82
2026-08-11T20:40:00.000,8.45,340.6,7.97,-2.81
2026-08-11T20:50:00.000,6.46,287.78,1.97,-6.15
2026-08-11T21:00:00.000,3.17,37.36,2.52,1.92
2026-08-11T21:10:00.000,0.82,329.96,0.71,-0.41
2026-08-11T21:20:00.000,3.16,31.12,2.7,1.63
2026-08-11T21:30:00.000,6.68,340.74,6.31,-2.21
2026-08-11T21:40:00.000,2.59,252.4,-0.78,-2.47
2026-08-11T21:50:00.000,0.16,262.45,-0.02,-0.15
2026-08-11T22:00:00.000,1.16,191.27,-1.13,-0.23
2026-08-11T22:10:00.000,0.31,243.77,-0.14,-0.28
2026-08-11T22:20:00.000,0.54,61.27,0.26,0.47
2026-08-11T22:30:00.000,6.2,299.04,3.01,-5.42
2026-08-11T22:40:00.000,4.86,279.9,0.84,-4.79
2026-08-11T22:50:00.000,2.72,183.56,-2.71,-0.17
2026-08-11T23:00:00.000,0.45,260.12,-0.08,-0.45
2026-08-11T23:10:00.000,3.8,282.94,0.85,-3.71
2026-08-11T23:20:00.000,2.11,277.09,0.26,-2.09
2026-08-11T23:30:00.000,2.76,227.54,-1.86,-2.04
2026-08-11T23:40:00.000,2.61,262.52,-0.34,-2.59
2026-08-11T23:50:00.000,3.77,286.27,1.06,-3.62
2026-08-12T00:00:00.000,2.17,172.02,-2.15,0.3
2026-08-12T00:10:00.000,0.46,225.23,-0.33,-0.33
2026-08-12T00:20:00.000,0.37,318.77,0.28,-0.25
2026-08-12T00:30:00.000,7.24,320.03,5.55,-4.65
2026-08-12T00:40:00.000,0.43,255.13,-0.11,-0.42
2026-08-12T00:50:00.000,5.84,179.28,-5.84,0.07
2026-08-12T01:00:00.000,4.09,129.47,-2.6,3.15
2026-08-12T01:10:00.000,9.38,356.84,9.37,-0.52
2026-08-12T01:20:00.000,2.05,220.13,-1.57,-1.32
2026-08-12T01:30:00.000,0.83,271.16,0.02,-0.83
2026-08-12T01:40:00.000,4.62,178.53,-4.62,0.12
2026-08-12T01:50:00.000,3.95,133.3,-2.71,2.87
2026-08-12T02:00:00.000,1.38,257.3,-0.3,-1.34
2026-08-12T02:10:00.000,4.88,180.6,-4.88,-0.05
2026-08-12T02:20:00.000,9.68,160.05,-9.1,3.3
2026-08-12T02:30:00.000,1.95,86.24,0.13,1.95
2026-08-12T02:40:00.000,4.01,25.2,3.63,1.71
2026-08-12T02:50:00.000,0.63,325.26,0.52,-0.36
2026-08-12T03:00:00.000,2.76,8.56,2.73,0.41
2026-08-12T03:10:00.000,2.33,224.41,-1.67,-1.63
2026-08-12T03:20:00.000,7.76,162.11,-7.39,2.38
2026-08-12T03:30:00.000,9.78,142.54,-7.76,5.95
2026-08-12T03:40:00.000,1.7,180.64,-1.7,-0.02
2026-08-12T03:50:00.000,1.13,65.96,0.46,1.03
2026-08-12T04:00:00.000,3.12,193.97,-3.03,-0.75
2026-08-12T04:10:00.000,2.8,163.75,-2.68,0.78
2026-08-12T04:20:00.000,4.67,156.19,-4.27,1.89
2026-08-12T04:30:00.000,0.23,227.25,-0.16,-0.17
2026-08-12T04:40:00.000,0.47,170.18,-0.47,0.08
2026-08-12T04:50:00.000,0.1,277.52,0.01,-0.1
2026-08-12T05:00:00.000,0.52,255.75,-0.13,-0.5
2026-08-12T05:10:00.000,3.06,308.11,1.89,-2.41
2026-08-12T05:20:00.000,2.05,294.3,0.84,-1.87
2026-08-12T05:30:00.000,0.88,255.73,-0.22,-0.86
2026-08-12T05:40:00.000,0.91,186.75,-0.91,-0.11
2026-08-12T05:50:00.000,5.02,138.75,-3.77,3.31
2026-08-12T06:00:00.000,2.57,201.13,-2.4,-0.93
2026-08-12T06:10:00.000,2.11,323.86,1.7,-1.24
2026-08-12T06:20:00.000,11.72,311.13,7.71,-8.83
2026-08-12T06:30:00.000,1.13,169.21,-1.11,0.21
2026-08-12T06:40:00.000,1.63,57.41,0.88,1.38
2026-08-12T06:50:00.000,13.27,345.36,12.84,-3.35
2026-08-12T07:00:00.000,8.91,18.76,8.44,2.87
2026-08-12T07:10:00.000,7.89,110.14,-2.72,7.41
2026-08-12T07:20:00.000,2.45,252.3,-0.75,-2.34
2026-08-12T07:30:00.000,3.53,334.15,3.18,-1.54
2026-08-12T07:40:00.000,6.1,357.91,6.1,-0.22
2026-08-12T07:50:00.000,6.04,314.28,4.21,-4.32
2026-08-12T08:00:00.000,5.91,251.19,-1.91,-5.59
2026-08-12T08:10:00.000,0.84,123.31,-0.46,0.7
2026-08-12T08:20:00.000,6.17,188.59,-6.1,-0.92
2026-08-12T08:30:00.000,10.25,159.29,-9.59,3.62
2026-08-12T08:40:00.000,11.44,132.66,-7.75,8.41
2026-08-12T08:50:00.000,4.14,54.83,2.39,3.39
2026-08-12T09:00:00.000,4.67,295.76,2.03,-4.21
2026-08-12T09:10:00.000,5.88,306.71,3.51,-4.71
2026-08-12T09:20:00.000,2.03,3.3,2.02,0.12
2026-08-12T09:30:00.000,5.66,242.07,-2.65,-5
2026-08-12T09:40:00.000,0.31,254.88,-0.08,-0.3
2026-08-12T09:50:00.000,1.41,107.01,-0.41,1.34
2026-08-12T10:00:00.000,0.44,15.7,0.43,0.12
2026-08-12T10:10:00.000,2.92,260.55,-0.48,-2.88
2026-08-12T10:20:00.000,0.35,195.77,-0.34,-0.1
2026-08-12T10:30:00.000,3.76,314.97,2.66,-2.66
2026-08-12T10:40:00.000,6.94,339.93,6.52,-2.38
2026-08-12T10:50:00.000,2.1,155.5,-1.91,0.87
2026-08-12T11:00:00.000,6.41,314.36,4.48,-4.58
2026-08-12T11:10:00.000,1.03,287.14,0.3,-0.99
2026-08-12T11:20:00.000,7.58,342.75,7.24,-2.25
2026-08-12T11:30:00.000,1.25,339.08,1.16,-0.44
2026-08-12T11:40:00.000,8.3,330.2,7.21,-4.13
2026-08-12T11:50:00.000,0.75,274.43,0.06,-0.75
2026-08-12T12:00:00.000,4.27,169.57,-4.2,0.77
2026-08-12T12:10:00.000,3.67,50.43,2.34,2.83
2026-08-12T12:20:00.000,3.84,254.68,-1.01,-3.7
2026-08-12T12:30:00.000,5.7,198.65,-5.4,-1.82
2026-08-12T12:40:00.000,0.53,92.2,-0.02,0.53
2026-08-12T12:50:00.000,2.93,7.05,2.9,0.36
2026-08-12T13:00:00.000,4.03,192.25,-3.94,-0.85
2026-08-12T13:10:00.000,7.07,182.45,-7.07,-0.3
2026-08-12T13:20:00.000,4.51,144.29,-3.66,2.63
2026-08-12T13:30:00.000,0.62,332.63,0.55,-0.29
