time,temp - depth 100,temp - depth 99,temp - depth 97,temp - depth 95,Station,Bottom_depth
2026-07-02T15:00:00,23.035,23.0972,23.4,23.5,In,100
2026-07-02T15:10:00,23.099,23.1317,23.4,23.6,In,100
2026-07-02T15:20:00,23.142,23.1868,23.6,23.6,In,100
2026-07-02T15:30:00,23.356,23.391,23.7,23.7,In,100
2026-07-02T15:40:00,23.432,23.4876,23.9,23.8,In,100
2026-07-02T15:50:00,23.442,23.4972,23.9,23.9,In,100
2026-07-02T16:00:00,23.474,23.5152,24.1,24,In,100
2026-07-02T16:10:00,23.796,23.8177,24.2,24.3,In,100
2026-07-02T16:20:00,23.625,23.6616,24.3,24.3,In,100
2026-07-02T16:30:00,23.764,23.8081,24.3,24.3,In,100
2026-07-02T16:40:00,23.657,23.7238,24.2,24.3,In,100
2026-07-02T16:50:00,23.571,23.6409,23.8,23.9,In,100
2026-07-02T17:00:00,23.249,23.3399,23.6,23.6,In,100
2026-07-02T17:10:00,23.078,23.1427,23.5,23.5,In,100
2026-07-02T17:20:00,23.228,23.2585,23.6,23.6,In,100
2026-07-02T17:30:00,23.496,23.4986,24,23.9,In,100
2026-07-02T17:40:00,23.775,23.7942,24.2,24.2,In,100
2026-07-02T17:50:00,23.689,23.7887,24.3,24.2,In,100
2026-07-02T18:00:00,23.796,23.8426,24.4,24.3,In,100
2026-07-02T18:10:00,24.032,24.064,24.4,24.4,In,100
2026-07-02T18:20:00,24.139,24.1664,24.5,24.5,In,100
2026-07-02T18:30:00,24.15,24.2191,24.5,24.6,In,100
2026-07-02T18:40:00,24.032,24.2191,24.6,24.6,In,100
2026-07-02T18:50:00,24.129,24.2343,24.6,24.6,In,100
2026-07-02T19:00:00,24.161,24.2371,24.6,24.5,In,100
2026-07-02T19:10:00,24,24.0806,24.4,24.4,In,100
2026-07-02T19:20:00,23.818,23.9187,24.2,24.3,In,100
2026-07-02T19:30:00,23.646,23.8012,24.3,24.4,In,100
2026-07-02T19:40:00,23.764,23.8827,24.3,24.3,In,100
2026-07-02T19:50:00,23.582,23.674,24.1,24.1,In,100
2026-07-02T20:00:00,23.485,23.5787,24,24.1,In,100
2026-07-02T20:10:00,23.41,23.4448,23.7,23.8,In,100
2026-07-02T20:20:00,23.432,23.4752,23.9,23.8,In,100
2026-07-02T20:30:00,23.41,23.4586,23.9,23.8,In,100
2026-07-02T20:40:00,23.239,23.3358,23.7,23.8,In,100
2026-07-02T20:50:00,23.249,23.293,23.7,23.8,In,100
2026-07-02T21:00:00,23.367,23.4103,23.8,23.7,In,100
2026-07-02T21:10:00,23.432,23.4655,23.7,23.7,In,100
2026-07-02T21:20:00,23.228,23.3151,23.7,23.7,In,100
2026-07-02T21:30:00,23.335,23.3951,23.8,23.7,In,100
2026-07-02T21:40:00,23.442,23.4586,23.8,23.8,In,100
2026-07-02T21:50:00,23.464,23.5608,23.9,23.9,In,100
2026-07-02T22:00:00,23.346,23.4241,23.8,23.9,In,100
2026-07-02T22:10:00,23.271,23.3054,23.6,23.6,In,100
2026-07-02T22:20:00,23.292,23.3247,23.6,23.8,In,100
2026-07-02T22:30:00,23.303,23.3344,23.7,23.7,In,100
2026-07-02T22:40:00,23.271,23.333,23.6,23.6,In,100
2026-07-02T22:50:00,23.153,23.2227,23.6,23.6,In,100
2026-07-02T23:00:00,23.078,23.1193,23.4,23.4,In,100
2026-07-02T23:10:00,23.121,23.1634,23.5,23.5,In,100
2026-07-02T23:20:00,23.024,23.1248,23.5,23.5,In,100
2026-07-02T23:30:00,22.96,23.0063,23.4,23.4,In,100
2026-07-02T23:40:00,22.831,22.9154,23.2,23.2,In,100
2026-07-02T23:50:00,22.777,22.841,23.2,23.2,In,100
2026-07-03T00:00:00,22.831,22.8686,23.2,23.2,In,100
2026-07-03T00:10:00,22.831,22.8961,23.2,23.1,In,100
2026-07-03T00:20:00,22.842,22.8865,23.2,23.3,In,100
2026-07-03T00:30:00,22.831,22.892,23.3,23.4,In,100
2026-07-03T00:40:00,22.81,22.8589,23.2,23.2,In,100
2026-07-03T00:50:00,22.788,22.8438,23.1,23.2,In,100
2026-07-03T01:00:00,22.777,22.8341,23.1,23.1,In,100
2026-07-03T01:10:00,22.756,22.7928,23.1,23.1,In,100
2026-07-03T01:20:00,22.734,22.7832,23.1,23.1,In,100
2026-07-03T01:30:00,22.734,22.7777,23.1,23.1,In,100
2026-07-03T01:40:00,22.724,22.7667,23.1,23.1,In,100
2026-07-03T01:50:00,22.692,22.7694,23.1,23.1,In,100
2026-07-03T02:00:00,22.649,22.7103,23.1,23.1,In,100
2026-07-03T02:10:00,22.574,22.6497,23.2,23,In,100
2026-07-03T02:20:00,22.574,22.6662,23.1,23.1,In,100
2026-07-03T02:30:00,22.595,22.6538,23.1,23.1,In,100
2026-07-03T02:40:00,22.724,22.7571,23.1,23.1,In,100
2026-07-03T02:50:00,22.842,22.8837,23.3,23.4,In,100
2026-07-03T03:00:00,22.906,22.9526,23.3,23.4,In,100
2026-07-03T03:10:00,22.885,22.9388,23.5,23.5,In,100
2026-07-03T03:20:00,22.874,22.9223,23.3,23.5,In,100
2026-07-03T03:30:00,22.895,22.9719,23.3,23.4,In,100
2026-07-03T03:40:00,22.734,22.8135,23.3,23.4,In,100
2026-07-03T03:50:00,22.745,22.8121,23.3,23.3,In,100
2026-07-03T04:00:00,22.885,22.9416,23.3,23.3,In,100
2026-07-03T04:10:00,22.927,22.9622,23.4,23.7,In,100
2026-07-03T04:20:00,23.067,23.2268,23.7,23.7,In,100
2026-07-03T04:30:00,23.507,23.5677,24.1,24.1,In,100
2026-07-03T04:40:00,23.764,23.8025,24.2,24.2,In,100
2026-07-03T04:50:00,23.946,23.9879,24.6,24.5,In,100
2026-07-03T05:00:00,24.225,24.2565,24.7,24.6,In,100
2026-07-03T05:10:00,24.332,24.3812,24.7,24.6,In,100
2026-07-03T05:20:00,23.646,23.8634,24.2,24.4,In,100
2026-07-03T05:30:00,23.764,23.8772,24.4,24.5,In,100
2026-07-03T05:40:00,24.161,24.1983,24.6,24.6,In,100
2026-07-03T05:50:00,23.979,24.0598,24.4,24.4,In,100
2026-07-03T06:00:00,23.625,23.7777,24,23.9,In,100
2026-07-03T06:10:00,23.013,23.1138,23.4,23.5,In,100
2026-07-03T06:20:00,23.121,23.1744,23.7,23.8,In,100
2026-07-03T06:30:00,23.571,23.5787,24,24.1,In,100
2026-07-03T06:40:00,23.946,23.9505,24.4,24.4,In,100
2026-07-03T06:50:00,24.172,24.19,24.6,24.5,In,100
2026-07-03T07:00:00,23.592,23.7445,24,24.2,In,100
2026-07-03T07:10:00,23.71,23.7597,24.1,24.2,In,100
2026-07-03T07:20:00,23.979,24.0155,24.6,24.6,In,100
2026-07-03T07:30:00,24.375,24.4076,24.8,24.7,In,100
2026-07-03T07:40:00,24.461,24.5047,24.8,24.8,In,100
2026-07-03T07:50:00,24.043,24.2288,24.3,24.4,In,100
2026-07-03T08:00:00,23.7,23.7638,23.9,24,In,100
2026-07-03T08:10:00,23.528,23.6284,24.2,24.1,In,100
2026-07-03T08:20:00,23.496,23.5469,23.9,24,In,100
2026-07-03T08:30:00,23.571,23.6049,24,24.1,In,100
2026-07-03T08:40:00,23.582,23.6519,24,24,In,100
2026-07-03T08:50:00,23.721,23.7583,24.1,24.1,In,100
2026-07-03T09:00:00,23.785,23.8288,24.2,24.1,In,100
2026-07-03T09:10:00,23.775,23.8399,24.2,24.2,In,100
2026-07-03T09:20:00,23.614,23.6975,24.1,24.1,In,100
2026-07-03T09:30:00,23.56,23.6146,23.9,23.8,In,100
2026-07-03T09:40:00,23.496,23.5442,23.8,23.8,In,100
2026-07-03T09:50:00,23.442,23.4862,23.8,23.7,In,100
2026-07-03T10:00:00,23.432,23.4738,23.7,23.7,In,100
2026-07-03T10:10:00,23.442,23.4572,23.7,23.7,In,100
2026-07-03T10:20:00,23.356,23.4186,23.8,23.7,In,100
2026-07-03T10:30:00,23.335,23.3992,23.7,23.6,In,100
2026-07-03T10:40:00,23.389,23.4227,23.8,23.7,In,100
2026-07-03T10:50:00,23.421,23.4572,23.8,23.7,In,100
2026-07-03T11:00:00,23.474,23.5193,24,24,In,100
2026-07-03T11:10:00,23.432,23.4917,23.8,24,In,100
2026-07-03T11:20:00,23.453,23.4931,24,24.1,In,100
2026-07-03T11:30:00,23.464,23.4986,24.1,24.1,In,100
2026-07-03T11:40:00,23.668,23.7846,24.1,24.2,In,100
2026-07-03T11:50:00,23.464,23.5387,24,24,In,100
2026-07-03T12:00:00,23.689,23.7182,24.3,24.2,In,100
2026-07-03T12:10:00,23.85,23.9132,24.2,24.2,In,100
2026-07-03T12:20:00,23.432,23.529,23.9,23.9,In,100
2026-07-03T12:30:00,23.26,23.3027,23.6,23.7,In,100
2026-07-03T12:40:00,23.217,23.2516,23.6,23.5,In,100
2026-07-03T12:50:00,22.992,23.0421,23.4,23.4,In,100
2026-07-03T13:00:00,23.121,23.1455,23.6,23.6,In,100
2026-07-03T13:10:00,23.346,23.3992,23.8,23.8,In,100
2026-07-03T13:20:00,23.496,23.5331,23.9,23.9,In,100
2026-07-03T13:30:00,23.517,23.5898,24,24,In,100
2026-07-03T13:40:00,23.185,23.2599,23.7,23.7,In,100
2026-07-03T13:50:00,23.174,23.231,23.5,23.6,In,100
2026-07-03T14:00:00,23.078,23.151,23.4,23.4,In,100
2026-07-03T14:10:00,23.078,23.1524,23.6,23.7,In,100
2026-07-03T14:20:00,23.367,23.3813,23.8,23.7,In,100
2026-07-03T14:30:00,23.206,23.2654,23.8,23.7,In,100
2026-07-03T14:40:00,23.26,23.3082,23.8,23.9,In,100
2026-07-03T14:50:00,23.335,23.4061,23.9,24.1,In,100
2026-07-03T15:00:00,23.485,23.5331,24.1,24.1,In,100
2026-07-03T15:10:00,23.474,23.5456,24.1,24.3,In,100
2026-07-03T15:20:00,23.614,23.6851,24.2,24.3,In,100
2026-07-03T15:30:00,23.85,23.8938,24.4,24.4,In,100
2026-07-03T15:40:00,24,24.0446,24.5,24.4,In,100
2026-07-03T15:50:00,24.043,24.0875,24.4,24.4,In,100
2026-07-03T16:00:00,24.075,24.1304,24.4,24.4,In,100
2026-07-03T16:10:00,24.129,24.2038,24.5,24.5,In,100
2026-07-03T16:20:00,23.968,24.0252,24.4,24.4,In,100
2026-07-03T16:30:00,24.097,24.1471,24.5,24.6,In,100
2026-07-03T16:40:00,24.15,24.2108,24.5,24.5,In,100
2026-07-03T16:50:00,23.925,24.0723,24.3,24.3,In,100
2026-07-03T17:00:00,23.625,23.7638,24.4,24.3,In,100
2026-07-03T17:10:00,23.668,23.7376,24.5,24.4,In,100
2026-07-03T17:20:00,24.032,24.1041,24.6,24.6,In,100
2026-07-03T17:30:00,24.204,24.2551,24.6,24.6,In,100
2026-07-03T17:40:00,24.29,24.3258,24.6,24.6,In,100
2026-07-03T17:50:00,24.247,24.3175,24.6,24.6,In,100
2026-07-03T18:00:00,24.279,24.3396,24.7,24.8,In,100
2026-07-03T18:10:00,24.29,24.3923,24.8,24.8,In,100
2026-07-03T18:20:00,24.279,24.3438,24.7,24.7,In,100
2026-07-03T18:30:00,24.332,24.3951,24.6,24.6,In,100
2026-07-03T18:40:00,24.29,24.3369,24.7,24.7,In,100
2026-07-03T18:50:00,23.753,23.8648,24.1,24.3,In,100
2026-07-03T19:00:00,23.764,23.826,24.3,24.3,In,100
2026-07-03T19:10:00,23.721,23.7763,24.1,24.1,In,100
2026-07-03T19:20:00,23.775,23.844,24.1,24.2,In,100
2026-07-03T19:30:00,23.861,23.898,24.4,24.4,In,100
2026-07-03T19:40:00,23.957,24.0114,24.4,24.4,In,100
2026-07-03T19:50:00,23.968,24.0308,24.4,24.3,In,100
2026-07-03T20:00:00,23.979,24.0405,24.3,24.4,In,100
2026-07-03T20:10:00,23.732,23.8938,24.3,24.3,In,100
2026-07-03T20:20:00,23.453,23.5511,24.1,24.1,In,100
2026-07-03T20:30:00,23.56,23.6091,24,24,In,100
2026-07-03T20:40:00,23.507,23.6892,24,23.9,In,100
2026-07-03T20:50:00,23.346,23.489,23.9,23.9,In,100
2026-07-03T21:00:00,23.324,23.4089,23.8,23.9,In,100
2026-07-03T21:10:00,23.421,23.5152,23.8,23.9,In,100
2026-07-03T21:20:00,23.11,23.2241,23.8,23.8,In,100
2026-07-03T21:30:00,23.185,23.2434,23.8,23.8,In,100
2026-07-03T21:40:00,23.378,23.431,23.8,23.7,In,100
2026-07-03T21:50:00,23.389,23.442,23.8,23.8,In,100
2026-07-03T22:00:00,23.442,23.4876,23.8,23.8,In,100
2026-07-03T22:10:00,23.496,23.5525,23.9,23.8,In,100
2026-07-03T22:20:00,23.442,23.4986,23.8,23.7,In,100
2026-07-03T22:30:00,23.078,23.3068,23.8,23.8,In,100
2026-07-03T22:40:00,23.153,23.231,23.6,23.8,In,100
2026-07-03T22:50:00,23.153,23.2172,23.6,23.6,In,100
2026-07-03T23:00:00,23.035,23.1027,23.3,23.3,In,100
2026-07-03T23:10:00,22.81,22.8782,23.2,23.2,In,100
2026-07-03T23:20:00,22.927,22.9539,23.3,23.3,In,100
2026-07-03T23:30:00,23.078,23.1014,23.5,23.5,In,100
2026-07-03T23:40:00,23.035,23.1014,23.4,23.4,In,100
2026-07-03T23:50:00,22.895,22.9884,23.3,23.3,In,100
2026-07-04T00:00:00,22.831,22.8754,23.2,23.3,In,100
2026-07-04T00:10:00,22.906,22.9484,23.4,23.4,In,100
2026-07-04T00:20:00,23.11,23.1593,23.5,23.4,In,100
2026-07-04T00:30:00,23.174,23.2006,23.5,23.5,In,100
2026-07-04T00:40:00,23.228,23.2654,23.6,23.6,In,100
2026-07-04T00:50:00,22.895,22.9939,23.6,23.6,In,100
2026-07-04T01:00:00,22.949,23.0518,23.5,23.6,In,100
2026-07-04T01:10:00,23.067,23.111,23.5,23.5,In,100
2026-07-04T01:20:00,22.938,22.998,23.4,23.4,In,100
2026-07-04T01:30:00,22.885,22.9347,23.2,23.3,In,100
2026-07-04T01:40:00,22.713,22.8176,23.2,23.3,In,100
2026-07-04T01:50:00,22.681,22.7268,23.2,23.2,In,100
2026-07-04T02:00:00,22.659,22.7405,23.2,23.3,In,100
2026-07-04T02:10:00,22.756,22.8204,23.3,23.3,In,100
2026-07-04T02:20:00,22.981,23.0449,23.4,23.4,In,100
2026-07-04T02:30:00,23.142,23.1675,23.5,23.5,In,100
2026-07-04T02:40:00,22.97,23.0642,23.5,23.6,In,100
2026-07-04T02:50:00,23.003,23.0655,23.5,23.6,In,100
2026-07-04T03:00:00,22.842,22.9305,23.5,23.5,In,100
2026-07-04T03:10:00,22.713,22.7653,23.3,23.3,In,100
2026-07-04T03:20:00,22.885,22.914,23.4,23.6,In,100
2026-07-04T03:30:00,23.142,23.1896,23.6,23.6,In,100
2026-07-04T03:40:00,23.228,23.2889,23.7,23.7,In,100
2026-07-04T03:50:00,23.496,23.5028,23.9,23.8,In,100
2026-07-04T04:00:00,23.646,23.6961,24.1,24.1,In,100
2026-07-04T04:10:00,23.732,23.8495,24.3,24.2,In,100
2026-07-04T04:20:00,23.635,23.7016,24,24.1,In,100
2026-07-04T04:30:00,23.668,23.721,24.1,24.1,In,100
2026-07-04T04:40:00,23.71,23.7694,24.1,24.1,In,100
2026-07-04T04:50:00,23.85,23.8897,24.3,24.3,In,100
2026-07-04T05:00:00,24.043,24.0723,24.5,24.4,In,100
2026-07-04T05:10:00,24.021,24.1194,24.3,24.4,In,100
2026-07-04T05:20:00,23.453,23.489,24.1,24.1,In,100
2026-07-04T05:30:00,23.7,23.7403,24.1,24.1,In,100
2026-07-04T05:40:00,23.85,23.8717,24.2,24.3,In,100
2026-07-04T05:50:00,24.086,24.136,24.6,24.6,In,100
2026-07-04T06:00:00,23.796,23.9768,24,24,In,100
2026-07-04T06:10:00,23.871,23.8772,24.5,24.5,In,100
2026-07-04T06:20:00,23.893,24.0418,24.4,24.4,In,100
2026-07-04T06:30:00,24.107,24.1637,24.6,24.6,In,100
2026-07-04T06:40:00,24.354,24.3951,24.8,24.8,In,100
2026-07-04T06:50:00,24.504,24.538,24.8,24.8,In,100
2026-07-04T07:00:00,24.45,24.5255,24.8,24.7,In,100
2026-07-04T07:10:00,23.85,23.9367,24.3,24.3,In,100
2026-07-04T07:20:00,23.807,23.8648,24.2,24.5,In,100
2026-07-04T07:30:00,23.743,23.7901,24.2,24.1,In,100
2026-07-04T07:40:00,23.785,23.826,24.2,24.1,In,100
2026-07-04T07:50:00,23.903,23.9367,24.2,24.2,In,100
2026-07-04T08:00:00,24.011,24.0654,24.4,24.3,In,100
2026-07-04T08:10:00,23.592,23.7348,24.1,24.1,In,100
2026-07-04T08:20:00,23.56,23.627,24,23.9,In,100
2026-07-04T08:30:00,23.614,23.6574,24,24.1,In,100
2026-07-04T08:40:00,23.603,23.6713,24,24,In,100
2026-07-04T08:50:00,23.324,23.4393,23.9,23.9,In,100
2026-07-04T09:00:00,23.303,23.4296,23.9,23.8,In,100
2026-07-04T09:10:00,23.228,23.3151,23.6,23.6,In,100
2026-07-04T09:20:00,23.303,23.3303,23.7,23.6,In,100
2026-07-04T09:30:00,23.239,23.3068,23.6,23.5,In,100
2026-07-04T09:40:00,23.067,23.1358,23.5,23.5,In,100
2026-07-04T09:50:00,23.099,23.1469,23.6,23.5,In,100
2026-07-04T10:00:00,23.174,23.2254,23.6,23.6,In,100
2026-07-04T10:10:00,23.217,23.2489,23.6,23.6,In,100
2026-07-04T10:20:00,23.217,23.2627,23.6,23.6,In,100
2026-07-04T10:30:00,23.228,23.2944,23.6,23.6,In,100
2026-07-04T10:40:00,22.97,23.0283,23.5,23.5,In,100
2026-07-04T10:50:00,22.96,23.0146,23.5,23.4,In,100
2026-07-04T11:00:00,23.067,23.1138,23.4,23.4,In,100
2026-07-04T11:10:00,23.088,23.1427,23.5,23.4,In,100
2026-07-04T11:20:00,23.11,23.1606,23.4,23.4,In,100
2026-07-04T11:30:00,23.056,23.1096,23.4,23.4,In,100
2026-07-04T11:40:00,23.078,23.1179,23.4,23.3,In,100
2026-07-04T11:50:00,23.067,23.1096,23.4,23.4,In,100
2026-07-04T12:00:00,23.078,23.1165,23.4,23.4,In,100
2026-07-04T12:10:00,23.078,23.1317,23.4,23.4,In,100
2026-07-04T12:20:00,23.099,23.1551,23.4,23.4,In,100
2026-07-04T12:30:00,23.131,23.1634,23.4,23.4,In,100
2026-07-04T12:40:00,23.121,23.1758,23.5,23.4,In,100
2026-07-04T12:50:00,23.153,23.1992,23.5,23.5,In,100
2026-07-04T13:00:00,23.142,23.1855,23.5,23.4,In,100
2026-07-04T13:10:00,23.121,23.1565,23.5,23.5,In,100
2026-07-04T13:20:00,23.131,23.1634,23.5,23.4,In,100
2026-07-04T13:30:00,23.163,23.1882,23.5,23.4,In,100
2026-07-04T13:40:00,23.174,23.2117,23.4,23.5,In,100
2026-07-04T13:50:00,23.196,23.2296,23.5,23.5,In,100
2026-07-04T14:00:00,23.185,23.2351,23.6,23.5,In,100
2026-07-04T14:10:00,22.992,23.0559,23.5,23.5,In,100
2026-07-04T14:20:00,23.078,23.1248,23.5,23.5,In,100
2026-07-04T14:30:00,23.078,23.1372,23.4,23.5,In,100
2026-07-04T14:40:00,23.088,23.1055,23.5,23.5,In,100
2026-07-04T14:50:00,23.174,23.2172,23.6,23.5,In,100
2026-07-04T15:00:00,23.217,23.2765,23.6,23.6,In,100
2026-07-04T15:10:00,23.206,23.2613,23.6,23.5,In,100
2026-07-04T15:20:00,23.131,23.2172,23.7,23.6,In,100
2026-07-04T15:30:00,23.206,23.2323,23.7,23.9,In,100
2026-07-04T15:40:00,23.496,23.511,24.1,24.1,In,100
2026-07-04T15:50:00,23.796,23.833,24.1,24.1,In,100
2026-07-04T16:00:00,23.839,23.9007,24.1,24.1,In,100
2026-07-04T16:10:00,23.689,23.7984,24,24,In,100
2026-07-04T16:20:00,23.56,23.6229,23.9,23.9,In,100
2026-07-04T16:30:00,23.453,23.5028,23.7,23.8,In,100
2026-07-04T16:40:00,23.56,23.5718,24,24,In,100
2026-07-04T16:50:00,23.796,23.8122,24.2,24.3,In,100
2026-07-04T17:00:00,23.979,24.0017,24.3,24.2,In,100
2026-07-04T17:10:00,23.571,23.6367,24.1,24,In,100
2026-07-04T17:20:00,23.292,23.3316,23.9,24,In,100
2026-07-04T17:30:00,23.56,23.6049,24,24.1,In,100
2026-07-04T17:40:00,23.796,23.8219,24.3,24.3,In,100
2026-07-04T17:50:00,23.721,23.9339,24.4,24.4,In,100
2026-07-04T18:00:00,23.41,23.4296,23.8,24.1,In,100
2026-07-04T18:10:00,23.689,23.703,24.2,24.3,In,100
2026-07-04T18:20:00,24.086,24.1055,24.7,24.7,In,100
2026-07-04T18:30:00,24.172,24.2399,24.8,24.8,In,100
2026-07-04T18:40:00,24.118,24.1928,24.5,24.4,In,100
2026-07-04T18:50:00,24.15,24.1914,24.6,24.5,In,100
2026-07-04T19:00:00,24.161,24.2149,24.5,24.5,In,100
2026-07-04T19:10:00,24.107,24.1651,24.4,24.4,In,100
2026-07-04T19:20:00,23.528,23.6257,23.9,23.9,In,100
2026-07-04T19:30:00,23.539,23.5746,23.9,23.8,In,100
2026-07-04T19:40:00,23.528,23.5967,24,24.1,In,100
2026-07-04T19:50:00,23.528,23.5828,23.8,23.9,In,100
2026-07-04T20:00:00,23.485,23.5097,23.8,23.8,In,100
2026-07-04T20:10:00,23.389,23.4531,23.9,23.9,In,100
2026-07-04T20:20:00,23.657,23.6961,24.1,24.1,In,100
2026-07-04T20:30:00,23.689,23.7611,24.2,24.2,In,100
2026-07-04T20:40:00,23.668,23.8523,24.1,24.1,In,100
2026-07-04T20:50:00,23.335,23.3979,23.9,24,In,100
2026-07-04T21:00:00,23.528,23.5732,23.9,23.7,In,100
2026-07-04T21:10:00,23.045,23.1441,23.4,23.6,In,100
2026-07-04T21:20:00,23.121,23.1855,23.5,23.6,In,100
2026-07-04T21:30:00,22.992,23.1703,23.6,23.6,In,100
2026-07-04T21:40:00,23.281,23.2999,23.6,23.6,In,100
2026-07-04T21:50:00,23.432,23.4544,23.9,23.8,In,100
2026-07-04T22:00:00,23.678,23.6989,24.1,24.1,In,100
2026-07-04T22:10:00,23.796,23.8565,24.3,24.3,In,100
2026-07-04T22:20:00,23.528,23.7307,23.9,24,In,100
2026-07-04T22:30:00,23.41,23.4655,23.8,23.8,In,100
2026-07-04T22:40:00,23.281,23.3578,23.6,23.6,In,100
2026-07-04T22:50:00,23.185,23.2323,23.5,23.5,In,100
2026-07-04T23:00:00,23.206,23.2668,23.6,23.6,In,100
2026-07-04T23:10:00,23.303,23.3206,23.7,23.6,In,100
2026-07-04T23:20:00,23.271,23.3537,23.6,23.6,In,100
2026-07-04T23:30:00,22.981,23.1055,23.4,23.4,In,100
2026-07-04T23:40:00,22.863,22.914,23.2,23.1,In,100
2026-07-04T23:50:00,22.767,22.8204,23.2,23,In,100
2026-07-05T00:00:00,22.852,22.8878,23.3,23.4,In,100
2026-07-05T00:10:00,23.045,23.0821,23.5,23.5,In,100
2026-07-05T00:20:00,23.185,23.2765,23.7,23.6,In,100
2026-07-05T00:30:00,23.153,23.2241,23.5,23.5,In,100
2026-07-05T00:40:00,23.035,23.0972,23.3,23.3,In,100
2026-07-05T00:50:00,22.788,22.9126,23.3,23.3,In,100
2026-07-05T01:00:00,22.895,22.9402,23.4,23.3,In,100
2026-07-05T01:10:00,22.767,22.8452,23.2,23.2,In,100
2026-07-05T01:20:00,22.831,22.8741,23.2,23.3,In,100
2026-07-05T01:30:00,22.949,22.9801,23.4,23.4,In,100
2026-07-05T01:40:00,23.078,23.1069,23.5,23.4,In,100
2026-07-05T01:50:00,23.121,23.173,23.5,23.5,In,100
2026-07-05T02:00:00,23.088,23.1882,23.5,23.5,In,100
2026-07-05T02:10:00,23.003,23.1,23.6,23.6,In,100
2026-07-05T02:20:00,23.003,23.038,23.5,23.5,In,100
2026-07-05T02:30:00,22.992,23.0738,23.4,23.4,In,100
2026-07-05T02:40:00,22.992,23.0421,23.4,23.4,In,100
2026-07-05T02:50:00,22.97,23.0242,23.3,23.3,In,100
2026-07-05T03:00:00,23.013,23.0738,23.5,23.4,In,100
2026-07-05T03:10:00,23.174,23.202,23.5,23.4,In,100
2026-07-05T03:20:00,23.185,23.2351,23.6,23.5,In,100
2026-07-05T03:30:00,23.228,23.2641,23.6,23.6,In,100
2026-07-05T03:40:00,23.228,23.2778,23.6,23.6,In,100
2026-07-05T03:50:00,23.196,23.2544,23.6,23.5,In,100
2026-07-05T04:00:00,22.927,23.0173,23.6,23.4,In,100
2026-07-05T04:10:00,23.185,23.2199,23.6,23.5,In,100
2026-07-05T04:20:00,23.228,23.2709,23.6,23.5,In,100
2026-07-05T04:30:00,23.249,23.2985,23.6,23.6,In,100
2026-07-05T04:40:00,23.474,23.4986,23.9,23.9,In,100
2026-07-05T04:50:00,23.753,23.7721,24.2,24.1,In,100
2026-07-05T05:00:00,23.914,23.9464,24.4,24.3,In,100
2026-07-05T05:10:00,23.85,23.9325,24.2,24.1,In,100
2026-07-05T05:20:00,23.678,23.8565,24.1,24.2,In,100
2026-07-05T05:30:00,23.635,23.6795,24.1,24.1,In,100
2026-07-05T05:40:00,23.818,23.8413,24.2,24.3,In,100
2026-07-05T05:50:00,23.818,23.9754,24.2,24.2,In,100
2026-07-05T06:00:00,23.689,23.7417,24.1,24,In,100
2026-07-05T06:10:00,23.421,23.4613,23.8,23.8,In,100
2026-07-05T06:20:00,23.614,23.6381,24,24,In,100
2026-07-05T06:30:00,23.861,23.8523,24.3,24.4,In,100
2026-07-05T06:40:00,23.399,23.5414,23.7,23.8,In,100
2026-07-05T06:50:00,23.239,23.3316,23.6,23.6,In,100
2026-07-05T07:00:00,23.41,23.4696,23.9,23.9,In,100
2026-07-05T07:10:00,23.807,23.833,24.4,24.4,In,100
2026-07-05T07:20:00,24.107,24.1484,24.4,24.5,In,100
2026-07-05T07:30:00,24.172,24.2135,24.6,24.6,In,100
2026-07-05T07:40:00,24.118,24.1581,24.4,24.4,In,100
2026-07-05T07:50:00,24.075,24.1249,24.4,24.3,In,100
2026-07-05T08:00:00,23.989,24.0418,24.4,24.3,In,100
2026-07-05T08:10:00,23.893,23.9643,24.2,24.1,In,100
2026-07-05T08:20:00,23.871,23.9215,24.2,24.2,In,100
2026-07-05T08:30:00,24.021,24.0405,24.4,24.4,In,100
2026-07-05T08:40:00,23.807,23.8578,24.3,24.4,In,100
2026-07-05T08:50:00,23.657,23.703,24,23.9,In,100
2026-07-05T09:00:00,23.41,23.5235,24,24,In,100
2026-07-05T09:10:00,23.528,23.5884,24.1,24.1,In,100
2026-07-05T09:20:00,23.721,23.8122,24.2,24.2,In,100
2026-07-05T09:30:00,23.753,23.815,24.2,24.1,In,100
2026-07-05T09:40:00,23.668,23.732,24,24,In,100
2026-07-05T09:50:00,23.217,23.2972,23.7,23.7,In,100
2026-07-05T10:00:00,23.185,23.2765,24.1,24,In,100
2026-07-05T10:10:00,23.399,23.4199,23.9,23.9,In,100
2026-07-05T10:20:00,23.399,23.5152,23.8,23.8,In,100
2026-07-05T10:30:00,23.196,23.2516,23.8,23.6,In,100
2026-07-05T10:40:00,23.26,23.3758,23.7,23.8,In,100
2026-07-05T10:50:00,23.324,23.3813,23.9,24,In,100
2026-07-05T11:00:00,23.603,23.6381,24.2,24.3,In,100
2026-07-05T11:10:00,23.657,23.7238,24.1,24.1,In,100
2026-07-05T11:20:00,23.228,23.3758,23.5,23.6,In,100
2026-07-05T11:30:00,22.97,23.0366,23.3,23.4,In,100
2026-07-05T11:40:00,23.003,23.06,23.4,23.4,In,100
2026-07-05T11:50:00,23.228,23.2461,23.7,23.6,In,100
2026-07-05T12:00:00,23.399,23.431,23.9,24,In,100
2026-07-05T12:10:00,23.356,23.4379,23.7,23.7,In,100
2026-07-05T12:20:00,23.153,23.2268,23.6,23.5,In,100
2026-07-05T12:30:00,23.024,23.1248,23.4,23.4,In,100
2026-07-05T12:40:00,22.992,23.027,23.4,23.4,In,100
2026-07-05T12:50:00,23.131,23.1524,23.7,23.8,In,100
2026-07-05T13:00:00,23.346,23.3675,23.8,23.8,In,100
2026-07-05T13:10:00,23.474,23.5041,23.9,23.9,In,100
2026-07-05T13:20:00,23.571,23.6008,23.9,23.9,In,100
2026-07-05T13:30:00,23.356,23.5083,23.9,23.9,In,100
2026-07-05T13:40:00,23.174,23.213,23.5,23.5,In,100
2026-07-05T13:50:00,23.281,23.333,23.8,23.8,In,100
2026-07-05T14:00:00,23.399,23.4434,23.9,23.9,In,100
2026-07-05T14:10:00,23.582,23.6257,23.9,23.8,In,100
2026-07-05T14:20:00,23.582,23.645,23.9,23.9,In,100
2026-07-05T14:30:00,23.571,23.6243,24,23.9,In,100
2026-07-05T14:40:00,23.528,23.5649,24,24,In,100
2026-07-05T14:50:00,23.657,23.6782,24.1,24.4,In,100
2026-07-05T15:00:00,23.678,23.7542,24.2,24.2,In,100
2026-07-05T15:10:00,23.678,23.7777,24.2,24.3,In,100
2026-07-05T15:20:00,24,24.0446,24.4,24.4,In,100
2026-07-05T15:30:00,24.097,24.1498,24.5,24.5,In,100
2026-07-05T15:40:00,23.882,24.0031,24.5,24.4,In,100
2026-07-05T15:50:00,24.129,24.1969,24.5,24.5,In,100
2026-07-05T16:00:00,23.7,23.8495,24.3,24.4,In,100
2026-07-05T16:10:00,23.968,23.9768,24.5,24.5,In,100
2026-07-05T16:20:00,24.086,24.1554,24.4,24.3,In,100
2026-07-05T16:30:00,23.882,23.9671,24.2,24.2,In,100
2026-07-05T16:40:00,23.775,23.8523,24.3,24.3,In,100
2026-07-05T16:50:00,23.925,23.9865,24.4,24.5,In,100
2026-07-05T17:00:00,23.807,23.8897,24.5,24.4,In,100
2026-07-05T17:10:00,24.032,24.0778,24.4,24.5,In,100
2026-07-05T17:20:00,23.861,23.9643,24.4,24.4,In,100
2026-07-05T17:30:00,24.075,24.1041,24.6,24.5,In,100
2026-07-05T17:40:00,24.075,24.1429,24.7,24.6,In,100
2026-07-05T17:50:00,24.129,24.1734,24.6,24.5,In,100
2026-07-05T18:00:00,24.118,24.1775,24.5,24.4,In,100
2026-07-05T18:10:00,24.064,24.1124,24.4,24.3,In,100
2026-07-05T18:20:00,24.054,24.0958,24.3,24.4,In,100
2026-07-05T18:30:00,24.107,24.1457,24.5,24.5,In,100
2026-07-05T18:40:00,23.979,24.0585,24.4,24.4,In,100
2026-07-05T18:50:00,24.021,24.0751,24.3,24.3,In,100
2026-07-05T19:00:00,24.043,24.0848,24.4,24.4,In,100
2026-07-05T19:10:00,24.086,24.1374,24.4,24.4,In,100
2026-07-05T19:20:00,23.957,24.0238,24.3,24.3,In,100
2026-07-05T19:30:00,23.925,23.9893,24.3,24.3,In,100
2026-07-05T19:40:00,23.818,23.88,24.1,24.1,In,100
2026-07-05T19:50:00,23.828,23.8855,24.1,24.1,In,100
2026-07-05T20:00:00,23.85,23.8966,24.1,24.2,In,100
2026-07-05T20:10:00,23.507,23.5953,24.1,24.1,In,100
2026-07-05T20:20:00,23.453,23.5166,23.8,23.7,In,100
2026-07-05T20:30:00,23.26,23.3441,23.6,23.6,In,100
2026-07-05T20:40:00,23.174,23.242,23.5,23.5,In,100
2026-07-05T20:50:00,23.174,23.2434,23.5,23.5,In,100
2026-07-05T21:00:00,23.228,23.2792,23.7,23.8,In,100
2026-07-05T21:10:00,23.399,23.4793,24.1,24.1,In,100
2026-07-05T21:20:00,23.528,23.6091,24.1,24.1,In,100
2026-07-05T21:30:00,23.335,23.4406,23.6,23.6,In,100
2026-07-05T21:40:00,23.153,23.213,23.5,23.5,In,100
2026-07-05T21:50:00,23.153,23.1813,23.5,23.5,In,100
2026-07-05T22:00:00,23.174,23.2034,23.5,23.5,In,100
2026-07-05T22:10:00,23.153,23.2117,23.5,23.5,In,100
2026-07-05T22:20:00,23.078,23.1055,23.5,23.4,In,100
2026-07-05T22:30:00,23.013,23.0793,23.5,23.6,In,100
2026-07-05T22:40:00,23.185,23.2089,23.6,23.7,In,100
2026-07-05T22:50:00,23.228,23.2765,23.5,23.5,In,100
2026-07-05T23:00:00,23.088,23.1565,23.4,23.4,In,100
2026-07-05T23:10:00,22.949,23.0242,23.5,23.5,In,100
2026-07-05T23:20:00,23.131,23.1827,23.5,23.5,In,100
2026-07-05T23:30:00,22.97,23.0586,23.4,23.4,In,100
2026-07-05T23:40:00,22.681,22.7433,23.3,23.2,In,100
2026-07-05T23:50:00,22.885,22.925,23.3,23.2,In,100
2026-07-06T00:00:00,22.938,22.9843,23.3,23.2,In,100
2026-07-06T00:10:00,22.949,22.9898,23.5,23.5,In,100
2026-07-06T00:20:00,23.153,23.1937,23.6,23.5,In,100
2026-07-06T00:30:00,23.185,23.253,23.6,23.5,In,100
2026-07-06T00:40:00,23.099,23.1675,23.6,23.5,In,100
2026-07-06T00:50:00,23.003,23.0655,23.3,23.4,In,100
2026-07-06T01:00:00,23.013,23.0614,23.5,23.5,In,100
2026-07-06T01:10:00,23.035,23.0793,23.5,23.5,In,100
2026-07-06T01:20:00,23.013,23.0807,23.4,23.5,In,100
2026-07-06T01:30:00,22.97,23.027,23.3,23.3,In,100
2026-07-06T01:40:00,22.981,23.0242,23.4,23.4,In,100
2026-07-06T01:50:00,22.852,22.9429,23.3,23.3,In,100
2026-07-06T02:00:00,22.927,22.9719,23.3,23.3,In,100
2026-07-06T02:10:00,23.024,23.06,23.4,23.4,In,100
2026-07-06T02:20:00,23.024,23.0669,23.4,23.4,In,100
2026-07-06T02:30:00,23.024,23.0628,23.4,23.4,In,100
2026-07-06T02:40:00,23.142,23.1882,23.5,23.5,In,100
2026-07-06T02:50:00,23.196,23.2351,23.5,23.5,In,100
2026-07-06T03:00:00,23.206,23.2572,23.5,23.5,In,100
2026-07-06T03:10:00,23.174,23.2434,23.6,23.5,In,100
2026-07-06T03:20:00,23.196,23.2599,23.6,23.5,In,100
2026-07-06T03:30:00,23.26,23.3303,23.6,23.6,In,100
2026-07-06T03:40:00,23.314,23.3606,23.7,23.7,In,100
2026-07-06T03:50:00,23.507,23.5387,24,24,In,100
2026-07-06T04:00:00,23.668,23.7279,24.1,24,In,100
2026-07-06T04:10:00,23.592,23.6713,23.9,23.9,In,100
2026-07-06T04:20:00,23.41,23.4986,23.7,23.8,In,100
2026-07-06T04:30:00,23.335,23.3882,23.7,23.7,In,100
2026-07-06T04:40:00,23.507,23.5331,23.9,23.8,In,100
2026-07-06T04:50:00,23.818,23.8136,24.2,24.3,In,100
2026-07-06T05:00:00,23.657,23.7486,24,23.9,In,100
2026-07-06T05:10:00,23.528,23.5911,23.7,23.7,In,100
2026-07-06T05:20:00,23.303,23.3675,23.7,23.7,In,100
2026-07-06T05:30:00,23.432,23.4503,23.8,23.8,In,100
2026-07-06T05:40:00,23.625,23.6409,24.1,24,In,100
2026-07-06T05:50:00,23.625,23.6947,24.3,24.4,In,100
2026-07-06T06:00:00,23.646,23.6906,24,24.1,In,100
2026-07-06T06:10:00,24.075,24.0585,24.6,24.6,In,100
2026-07-06T06:20:00,24.236,24.3036,24.7,24.7,In,100
2026-07-06T06:30:00,24.375,24.4436,24.8,24.8,In,100
2026-07-06T06:40:00,24.558,24.5865,24.9,24.8,In,100
2026-07-06T06:50:00,24.279,24.3369,24.7,24.7,In,100
2026-07-06T07:00:00,24.375,24.4062,24.7,24.7,In,100
2026-07-06T07:10:00,24.214,24.2981,24.5,24.5,In,100
2026-07-06T07:20:00,24.075,24.1401,24.4,24.5,In,100
2026-07-06T07:30:00,24.064,24.1166,24.4,24.4,In,100
2026-07-06T07:40:00,24.075,24.136,24.4,24.3,In,100
2026-07-06T07:50:00,24,24.0681,24.1,24.2,In,100
2026-07-06T08:00:00,23.56,23.6395,23.9,24,In,100
2026-07-06T08:10:00,23.517,23.5414,24,24,In,100
2026-07-06T08:20:00,23.71,23.7707,24.2,24.2,In,100
2026-07-06T08:30:00,23.743,23.7887,24.2,24.2,In,100
2026-07-06T08:40:00,23.903,23.9381,24.3,24.2,In,100
2026-07-06T08:50:00,24.032,24.0654,24.4,24.4,In,100
2026-07-06T09:00:00,23.41,23.4876,23.9,24,In,100
2026-07-06T09:10:00,23.453,23.5055,23.9,24.1,In,100
2026-07-06T09:20:00,23.453,23.5373,24.2,24.2,In,100
2026-07-06T09:30:00,23.41,23.4738,23.7,23.6,In,100
2026-07-06T09:40:00,23.346,23.391,23.6,23.6,In,100
2026-07-06T09:50:00,23.335,23.3841,23.9,24,In,100
2026-07-06T10:00:00,23.775,23.7749,24.2,24.2,In,100
2026-07-06T10:10:00,23.592,23.7141,24.2,24.1,In,100
2026-07-06T10:20:00,23.71,23.7735,24.1,24.1,In,100
2026-07-06T10:30:00,23.528,23.634,24.2,24.1,In,100
2026-07-06T10:40:00,23.421,23.6036,24.2,24.2,In,100
2026-07-06T10:50:00,23.378,23.4613,23.9,24,In,100
2026-07-06T11:00:00,23.389,23.4462,23.9,23.9,In,100
2026-07-06T11:10:00,23.453,23.511,23.8,23.9,In,100
2026-07-06T11:20:00,23.464,23.5069,23.9,23.9,In,100
2026-07-06T11:30:00,23.603,23.6367,24,23.9,In,100
2026-07-06T11:40:00,23.689,23.7251,24,24,In,100
2026-07-06T11:50:00,23.528,23.6036,24,24,In,100
2026-07-06T12:00:00,23.464,23.5898,24,24,In,100
2026-07-06T12:10:00,23.41,23.4641,23.9,24,In,100
2026-07-06T12:20:00,23.432,23.529,24,24.2,In,100
2026-07-06T12:30:00,23.389,23.4641,23.9,23.9,In,100
2026-07-06T12:40:00,23.453,23.5069,23.9,23.9,In,100
2026-07-06T12:50:00,23.432,23.4986,23.8,23.8,In,100
2026-07-06T13:00:00,23.453,23.4972,23.8,23.9,In,100
2026-07-06T13:10:00,23.528,23.5677,23.9,23.9,In,100
2026-07-06T13:20:00,23.464,23.5179,23.8,23.8,In,100
2026-07-06T13:30:00,23.356,23.4324,23.9,23.9,In,100
2026-07-06T13:40:00,23.432,23.4848,23.8,24,In,100
2026-07-06T13:50:00,23.41,23.471,23.9,24,In,100
2026-07-06T14:00:00,23.378,23.4379,23.9,24.1,In,100
2026-07-06T14:10:00,23.281,23.3979,23.7,23.7,In,100
2026-07-06T14:20:00,23.142,23.2144,23.6,23.7,In,100
2026-07-06T14:30:00,23.399,23.4434,23.8,23.8,In,100
2026-07-06T14:40:00,23.592,23.6257,23.9,23.9,In,100
2026-07-06T14:50:00,23.603,23.6561,23.9,23.9,In,100
2026-07-06T15:00:00,23.55,23.6215,23.9,24,In,100
2026-07-06T15:10:00,23.625,23.6699,24,24,In,100
2026-07-06T15:20:00,23.721,23.7583,24.3,24.4,In,100
2026-07-06T15:30:00,23.936,23.981,24.4,24.4,In,100
2026-07-06T15:40:00,24.032,24.0986,24.4,24.4,In,100
2026-07-06T15:50:00,23.839,23.9643,24.2,24.4,In,100
2026-07-06T16:00:00,23.614,23.6934,23.9,24,In,100
2026-07-06T16:10:00,23.614,23.6491,24,24.2,In,100
2026-07-06T16:20:00,23.657,23.6989,24.1,24.1,In,100
2026-07-06T16:30:00,23.828,23.8371,24.2,24.1,In,100
2026-07-06T16:40:00,23.421,23.6422,24,24.1,In,100
2026-07-06T16:50:00,23.657,23.6713,24.2,24.2,In,100
2026-07-06T17:00:00,23.989,24.0169,24.4,24.5,In,100
2026-07-06T17:10:00,24.129,24.1595,24.6,24.6,In,100
2026-07-06T17:20:00,24.225,24.2593,24.6,24.6,In,100
2026-07-06T17:30:00,24.214,24.2634,24.5,24.5,In,100
2026-07-06T17:40:00,24.322,24.3521,24.8,24.7,In,100
2026-07-06T17:50:00,24.354,24.4298,24.7,24.6,In,100
2026-07-06T18:00:00,24.279,24.3327,24.6,24.5,In,100
2026-07-06T18:10:00,24.247,24.2828,24.5,24.5,In,100
2026-07-06T18:20:00,24.279,24.3175,24.6,24.5,In,100
2026-07-06T18:30:00,24.3,24.3396,24.6,24.6,In,100
2026-07-06T18:40:00,24.365,24.4076,24.6,24.6,In,100
2026-07-06T18:50:00,24.075,24.1554,24.5,24.5,In,100
2026-07-06T19:00:00,24.107,24.1637,24.5,24.4,In,100
2026-07-06T19:10:00,23.818,23.9007,24.1,24.1,In,100
2026-07-06T19:20:00,23.7,23.7625,24,24,In,100
2026-07-06T19:30:00,23.71,23.7555,24.1,24.1,In,100
2026-07-06T19:40:00,23.871,23.898,24.3,24.2,In,100
2026-07-06T19:50:00,23.603,23.7265,24.3,24.3,In,100
2026-07-06T20:00:00,23.732,23.7597,24.2,24.3,In,100
2026-07-06T20:10:00,23.657,23.7376,23.9,24,In,100
2026-07-06T20:20:00,23.592,23.6809,24.1,24,In,100
2026-07-06T20:30:00,23.989,24.0197,24.5,24.5,In,100
2026-07-06T20:40:00,24.268,24.2842,24.6,24.6,In,100
2026-07-06T20:50:00,24.268,24.3493,24.6,24.5,In,100
2026-07-06T21:00:00,23.796,23.8841,24.2,24.2,In,100
2026-07-06T21:10:00,23.936,23.9768,24.4,24.4,In,100
2026-07-06T21:20:00,24.086,24.118,24.4,24.4,In,100
2026-07-06T21:30:00,24.097,24.1235,24.4,24.4,In,100
2026-07-06T21:40:00,23.528,23.6616,24,24,In,100
2026-07-06T21:50:00,23.399,23.4959,24.1,24.2,In,100
2026-07-06T22:00:00,23.335,23.3992,23.9,24,In,100
2026-07-06T22:10:00,23.657,23.6422,24,23.9,In,100
2026-07-06T22:20:00,23.592,23.6491,24,23.9,In,100
2026-07-06T22:30:00,23.646,23.663,23.9,23.8,In,100
2026-07-06T22:40:00,23.625,23.6478,23.9,23.9,In,100
2026-07-06T22:50:00,23.539,23.6049,23.7,23.8,In,100
2026-07-06T23:00:00,23.442,23.4931,23.8,23.8,In,100
2026-07-06T23:10:00,23.496,23.5193,23.8,23.8,In,100
2026-07-06T23:20:00,23.528,23.5456,23.9,23.8,In,100
2026-07-06T23:30:00,23.324,23.3882,23.9,23.8,In,100
2026-07-06T23:40:00,23.367,23.4448,23.8,23.8,In,100
2026-07-06T23:50:00,23.41,23.4655,23.9,23.8,In,100
2026-07-07T00:00:00,23.442,23.4945,23.8,23.8,In,100
2026-07-07T00:10:00,23.206,23.2903,23.8,23.7,In,100
2026-07-07T00:20:00,23.303,23.3992,23.8,23.7,In,100
2026-07-07T00:30:00,23.163,23.2172,23.7,23.8,In,100
2026-07-07T00:40:00,23.41,23.4434,23.9,23.8,In,100
2026-07-07T00:50:00,23.517,23.5746,23.9,23.9,In,100
2026-07-07T01:00:00,23.453,23.5387,23.9,23.9,In,100
2026-07-07T01:10:00,23.131,23.2544,23.5,23.7,In,100
2026-07-07T01:20:00,23.078,23.162,23.5,23.6,In,100
2026-07-07T01:30:00,23.217,23.2572,23.7,23.8,In,100
2026-07-07T01:40:00,23.153,23.2268,23.8,23.8,In,100
2026-07-07T01:50:00,23.303,23.3441,23.7,23.7,In,100
2026-07-07T02:00:00,23.303,23.3551,23.7,23.6,In,100
2026-07-07T02:10:00,23.367,23.4393,23.8,23.7,In,100
2026-07-07T02:20:00,23.142,23.2034,23.7,23.7,In,100
2026-07-07T02:30:00,23.474,23.5028,23.9,23.8,In,100
2026-07-07T02:40:00,23.582,23.6326,23.9,23.9,In,100
2026-07-07T02:50:00,23.668,23.7086,24,24,In,100
2026-07-07T03:00:00,23.882,23.8952,24.4,24.5,In,100
2026-07-07T03:10:00,24.043,24.0944,24.6,24.5,In,100
2026-07-07T03:20:00,24.107,24.1484,24.4,24.5,In,100
2026-07-07T03:30:00,24.107,24.172,24.4,24.3,In,100
2026-07-07T03:40:00,23.925,23.9727,24.2,24.3,In,100
2026-07-07T03:50:00,23.796,23.8675,24.1,24.1,In,100
2026-07-07T04:00:00,23.764,23.8177,24.1,24.1,In,100
2026-07-07T04:10:00,23.936,23.9685,24.3,24.3,In,100
2026-07-07T04:20:00,23.861,23.9671,24.3,24.3,In,100
2026-07-07T04:30:00,23.775,23.8122,24.1,24,In,100
2026-07-07T04:40:00,23.775,23.8136,24.1,24.1,In,100
2026-07-07T04:50:00,23.839,23.8938,24.4,24.3,In,100
2026-07-07T05:00:00,24.097,24.1498,24.5,24.4,In,100
2026-07-07T05:10:00,24.279,24.2939,24.6,24.5,In,100
2026-07-07T05:20:00,24.322,24.3618,24.7,24.6,In,100
2026-07-07T05:30:00,24.279,24.3424,24.6,24.6,In,100
2026-07-07T05:40:00,24.322,24.3687,24.7,24.7,In,100
2026-07-07T05:50:00,24.429,24.5102,24.9,24.9,In,100
2026-07-07T06:00:00,24.472,24.5713,24.9,24.9,In,100
2026-07-07T06:10:00,24.354,24.4117,24.7,24.8,In,100
2026-07-07T06:20:00,24.311,24.3785,24.7,24.6,In,100
2026-07-07T06:30:00,24.139,24.2163,24.5,24.5,In,100
2026-07-07T06:40:00,24.097,24.136,24.4,24.3,In,100
2026-07-07T06:50:00,24.075,24.1041,24.4,24.3,In,100
2026-07-07T07:00:00,23.785,23.8938,24.1,24.1,In,100
2026-07-07T07:10:00,23.56,23.6215,23.9,23.9,In,100
2026-07-07T07:20:00,23.657,23.6975,24.1,24.1,In,100
2026-07-07T07:30:00,23.775,23.8205,24.3,24.2,In,100
2026-07-07T07:40:00,23.871,23.9298,24.4,24.3,In,100
2026-07-07T07:50:00,23.989,24.0501,24.5,24.4,In,100
2026-07-07T08:00:00,24.054,24.1027,24.4,24.5,In,100
2026-07-07T08:10:00,23.71,23.7735,24.2,24.2,In,100
2026-07-07T08:20:00,23.582,23.645,24,24.1,In,100
2026-07-07T08:30:00,23.625,23.6864,24.1,24.1,In,100
2026-07-07T08:40:00,23.56,23.6118,24.1,24.1,In,100
2026-07-07T08:50:00,23.689,23.692,24.1,24.2,In,100
2026-07-07T09:00:00,23.668,23.7362,24.1,24.1,In,100
2026-07-07T09:10:00,23.753,23.7984,24.1,24.1,In,100
2026-07-07T09:20:00,23.453,23.5414,23.9,23.9,In,100
2026-07-07T09:30:00,23.689,23.7072,24.1,24.1,In,100
2026-07-07T09:40:00,23.689,23.7929,24.1,24.1,In,100
2026-07-07T09:50:00,23.7,23.7486,24.1,24,In,100
2026-07-07T10:00:00,23.796,23.8219,24.1,24.1,In,100
2026-07-07T10:10:00,23.85,23.8966,24.2,24.2,In,100
2026-07-07T10:20:00,23.828,23.88,24.1,24.1,In,100
2026-07-07T10:30:00,23.818,23.8814,24.1,24.1,In,100
2026-07-07T10:40:00,23.85,23.9159,24.3,24.3,In,100
2026-07-07T10:50:00,23.957,23.981,24.4,24.4,In,100
2026-07-07T11:00:00,23.957,23.9989,24.4,24.4,In,100
2026-07-07T11:10:00,24,24.0405,24.4,24.3,In,100
2026-07-07T11:20:00,23.657,23.7984,24,24.2,In,100
2026-07-07T11:30:00,23.496,23.5925,24.2,24.2,In,100
2026-07-07T11:40:00,23.367,23.4324,24,24.1,In,100
2026-07-07T11:50:00,23.646,23.6934,24.2,24.2,In,100
2026-07-07T12:00:00,23.41,23.5,23.9,24.2,In,100
2026-07-07T12:10:00,23.249,23.3372,23.9,24,In,100
2026-07-07T12:20:00,23.474,23.4931,23.9,24,In,100
2026-07-07T12:30:00,23.464,23.5138,23.8,24.1,In,100
2026-07-07T12:40:00,23.41,23.4972,23.9,24.1,In,100
2026-07-07T12:50:00,23.657,23.7003,24.1,24.1,In,100
2026-07-07T13:00:00,23.507,23.5898,24,24,In,100
2026-07-07T13:10:00,23.517,23.5538,23.8,23.9,In,100
2026-07-07T13:20:00,23.432,23.5124,23.9,23.9,In,100
2026-07-07T13:30:00,23.453,23.5028,23.8,24,In,100
2026-07-07T13:40:00,23.743,23.7334,24.2,24.3,In,100
2026-07-07T13:50:00,24.043,24.0488,24.4,24.3,In,100
2026-07-07T14:00:00,24.129,24.1761,24.5,24.5,In,100
2026-07-07T14:10:00,24.257,24.2939,24.6,24.7,In,100
2026-07-07T14:20:00,24.182,24.2343,24.6,24.6,In,100
2026-07-07T14:30:00,24.311,24.3618,24.7,24.7,In,100
2026-07-07T14:40:00,24.322,24.3937,24.7,24.7,In,100
2026-07-07T14:50:00,23.957,24.1152,24.6,24.7,In,100
2026-07-07T15:00:00,23.989,24.1443,24.6,24.6,In,100
2026-07-07T15:10:00,24.043,24.0737,24.4,24.5,In,100
2026-07-07T15:20:00,24.097,24.1457,24.4,24.4,In,100
2026-07-07T15:30:00,23.946,24.0335,24.3,24.3,In,100
2026-07-07T15:40:00,23.721,23.7638,24,24,In,100
2026-07-07T15:50:00,23.7,23.7238,24.1,24.2,In,100
2026-07-07T16:00:00,23.807,23.8288,24.3,24.4,In,100
2026-07-07T16:10:00,24.107,24.0889,24.7,24.6,In,100
2026-07-07T16:20:00,24.429,24.4395,24.9,24.8,In,100
2026-07-07T16:30:00,24.558,24.6087,24.9,24.9,In,100
2026-07-07T16:40:00,24.654,24.6934,25,25,In,100
2026-07-07T16:50:00,24.729,24.7837,25.1,25.1,In,100
2026-07-07T17:00:00,24.365,24.5782,25,25.1,In,100
2026-07-07T17:10:00,24.418,24.4589,24.8,24.8,In,100
2026-07-07T17:20:00,24.59,24.6046,25,25,In,100
2026-07-07T17:30:00,24.536,24.5851,24.8,24.8,In,100
2026-07-07T17:40:00,24.386,24.4464,24.7,24.8,In,100
2026-07-07T17:50:00,24.086,24.1734,24.5,24.6,In,100
2026-07-07T18:00:00,24.054,24.1138,24.4,24.4,In,100
2026-07-07T18:10:00,23.989,24.046,24.3,24.3,In,100
2026-07-07T18:20:00,23.979,24.0155,24.3,24.2,In,100
2026-07-07T18:30:00,23.85,23.9118,24.1,24.2,In,100
2026-07-07T18:40:00,23.775,23.8592,24.1,24.1,In,100
2026-07-07T18:50:00,23.753,23.815,24.3,24.3,In,100
2026-07-07T19:00:00,23.818,23.9228,24.3,24.2,In,100
2026-07-07T19:10:00,23.861,23.8993,24.2,24.2,In,100
2026-07-07T19:20:00,23.903,23.9671,24.3,24.2,In,100
2026-07-07T19:30:00,23.861,23.8869,24.2,24.2,In,100
2026-07-07T19:40:00,23.753,23.8095,24.1,24,In,100
2026-07-07T19:50:00,23.753,23.7984,24.1,24.1,In,100
2026-07-07T20:00:00,23.753,23.8039,24.1,24,In,100
2026-07-07T20:10:00,23.743,23.7942,24.1,24,In,100
2026-07-07T20:20:00,23.764,23.8164,24.1,24.2,In,100
2026-07-07T20:30:00,23.764,23.8495,24.2,24.3,In,100
2026-07-07T20:40:00,23.732,23.8012,24.1,24.1,In,100
2026-07-07T20:50:00,23.635,23.7016,24,24,In,100
2026-07-07T21:00:00,23.678,23.7155,24,23.9,In,100
2026-07-07T21:10:00,23.678,23.7072,24,24,In,100
2026-07-07T21:20:00,23.646,23.6906,24,23.9,In,100
2026-07-07T21:30:00,23.635,23.692,24,23.9,In,100
2026-07-07T21:40:00,23.657,23.721,23.9,24,In,100
2026-07-07T21:50:00,23.678,23.7417,24.1,24,In,100
2026-07-07T22:00:00,23.7,23.7486,24,24,In,100
2026-07-07T22:10:00,23.721,23.7473,24,23.9,In,100
2026-07-07T22:20:00,23.71,23.7597,24.1,24,In,100
2026-07-07T22:30:00,23.7,23.7555,24.1,24,In,100
2026-07-07T22:40:00,23.732,23.7542,24,24,In,100
2026-07-07T22:50:00,23.71,23.7611,24.1,24,In,100
2026-07-07T23:00:00,23.743,23.7749,24.1,24,In,100
2026-07-07T23:10:00,23.571,23.7127,24,23.9,In,100
2026-07-07T23:20:00,23.603,23.6381,24.1,24,In,100
2026-07-07T23:30:00,23.56,23.7168,24,24,In,100
2026-07-07T23:40:00,23.657,23.6947,24.1,24,In,100
2026-07-07T23:50:00,23.496,23.5939,24,24,In,100
2026-07-08T00:00:00,23.592,23.6284,24,23.9,In,100
2026-07-08T00:10:00,23.7,23.7403,24.1,24.1,In,100
2026-07-08T00:20:00,23.753,23.779,24.1,24,In,100
2026-07-08T00:30:00,23.41,23.4986,24.1,24,In,100
2026-07-08T00:40:00,23.239,23.2972,24,24.1,In,100
2026-07-08T00:50:00,23.281,23.3344,23.8,24,In,100
2026-07-08T01:00:00,23.249,23.3275,23.7,23.9,In,100
2026-07-08T01:10:00,23.539,23.5511,24,24,In,100
2026-07-08T01:20:00,23.678,23.7155,24,23.9,In,100
2026-07-08T01:30:00,23.732,23.7777,24,24,In,100
2026-07-08T01:40:00,23.775,23.8122,24.1,24,In,100
2026-07-08T01:50:00,23.442,23.5566,24.1,24.1,In,100
2026-07-08T02:00:00,23.41,23.4848,24,24,In,100
2026-07-08T02:10:00,23.335,23.4034,23.7,23.9,In,100
2026-07-08T02:20:00,23.324,23.3744,23.8,23.9,In,100
2026-07-08T02:30:00,23.303,23.3716,23.9,24,In,100
2026-07-08T02:40:00,23.335,23.3923,23.8,23.9,In,100
2026-07-08T02:50:00,23.356,23.4199,23.9,23.8,In,100
2026-07-08T03:00:00,23.485,23.5387,23.8,23.7,In,100
2026-07-08T03:10:00,23.453,23.489,23.8,23.8,In,100
2026-07-08T03:20:00,23.432,23.4752,23.8,23.8,In,100
2026-07-08T03:30:00,23.399,23.4558,23.9,23.9,In,100
2026-07-08T03:40:00,23.517,23.5249,24.1,24.1,In,100
2026-07-08T03:50:00,23.775,23.8247,24.2,24.2,In,100
2026-07-08T04:00:00,23.871,23.9505,24.3,24.4,In,100
2026-07-08T04:10:00,24.032,24.0806,24.4,24.3,In,100
2026-07-08T04:20:00,24.097,24.1374,24.4,24.5,In,100
2026-07-08T04:30:00,24.118,24.1637,24.5,24.4,In,100
2026-07-08T04:40:00,24.204,24.2315,24.6,24.6,In,100
2026-07-08T04:50:00,24.214,24.2773,24.6,24.5,In,100
2026-07-08T05:00:00,24.311,24.3493,24.7,24.7,In,100
2026-07-08T05:10:00,24.129,24.2385,24.6,24.7,In,100
2026-07-08T05:20:00,24.161,24.2066,24.5,24.5,In,100
2026-07-08T05:30:00,24.247,24.2856,24.6,24.5,In,100
2026-07-08T05:40:00,24.054,24.1166,24.5,24.5,In,100
2026-07-08T05:50:00,24.064,24.1318,24.6,24.6,In,100
2026-07-08T06:00:00,24.236,24.2717,24.6,24.6,In,100
2026-07-08T06:10:00,24.268,24.3161,24.6,24.6,In,100
2026-07-08T06:20:00,24.354,24.3979,24.7,24.6,In,100
2026-07-08T06:30:00,24.44,24.4728,24.8,24.8,In,100
2026-07-08T06:40:00,24.483,24.5199,24.9,24.8,In,100
2026-07-08T06:50:00,24.472,24.5255,24.8,24.8,In,100
2026-07-08T07:00:00,24.493,24.5754,24.9,24.9,In,100
2026-07-08T07:10:00,24.568,24.6157,24.8,24.9,In,100
2026-07-08T07:20:00,24.429,24.5005,24.7,24.6,In,100
2026-07-08T07:30:00,24.343,24.3937,24.6,24.6,In,100
2026-07-08T07:40:00,24.3,24.3396,24.6,24.6,In,100
2026-07-08T07:50:00,24.268,24.3091,24.6,24.6,In,100
2026-07-08T08:00:00,24.214,24.2662,24.5,24.5,In,100
2026-07-08T08:10:00,24.107,24.1567,24.4,24.4,In,100
2026-07-08T08:20:00,23.936,24.0418,24.3,24.2,In,100
2026-07-08T08:30:00,23.871,23.9063,24.3,24.3,In,100
2026-07-08T08:40:00,23.968,24.0128,24.4,24.4,In,100
2026-07-08T08:50:00,23.989,24.0612,24.2,24.2,In,100
2026-07-08T09:00:00,23.785,23.8634,24.2,24.3,In,100
2026-07-08T09:10:00,23.796,23.8495,24.2,24.2,In,100
2026-07-08T09:20:00,23.914,23.9519,24.3,24.3,In,100
2026-07-08T09:30:00,24.032,24.0723,24.4,24.4,In,100
2026-07-08T09:40:00,24.107,24.1498,24.5,24.4,In,100
2026-07-08T09:50:00,23.989,24.0972,24.4,24.4,In,100
2026-07-08T10:00:00,23.828,23.9021,24.3,24.3,In,100
2026-07-08T10:10:00,23.85,23.909,24.3,24.4,In,100
2026-07-08T10:20:00,23.903,23.9381,24.4,24.5,In,100
2026-07-08T10:30:00,24.064,24.1471,24.6,24.6,In,100
2026-07-08T10:40:00,24.075,24.1429,24.4,24.4,In,100
2026-07-08T10:50:00,23.914,24.0003,24.2,24.2,In,100
2026-07-08T11:00:00,23.871,23.9228,24.2,24.2,In,100
2026-07-08T11:10:00,23.871,23.9242,24.2,24.2,In,100
2026-07-08T11:20:00,23.882,23.9242,24.2,24.1,In,100
2026-07-08T11:30:00,23.914,23.9422,24.2,24.2,In,100
2026-07-08T11:40:00,23.903,23.956,24.3,24.2,In,100
2026-07-08T11:50:00,23.903,23.945,24.2,24.1,In,100
2026-07-08T12:00:00,23.903,23.9408,24.2,24.2,In,100
2026-07-08T12:10:00,23.882,23.9436,24.2,24.1,In,100
2026-07-08T12:20:00,23.839,23.9256,24.2,24.1,In,100
2026-07-08T12:30:00,23.732,23.7998,24.2,24.1,In,100
2026-07-08T12:40:00,23.764,23.8122,24.2,24.1,In,100
2026-07-08T12:50:00,23.85,23.9159,24.2,24.2,In,100
2026-07-08T13:00:00,23.625,23.674,24,24.1,In,100
2026-07-08T13:10:00,23.592,23.634,24,24.1,In,100
2026-07-08T13:20:00,23.582,23.6201,23.9,24.1,In,100
2026-07-08T13:30:00,23.603,23.6726,24.2,24.2,In,100
2026-07-08T13:40:00,23.56,23.6243,24.2,24.1,In,100
2026-07-08T13:50:00,23.453,23.5387,23.9,23.9,In,100
2026-07-08T14:00:00,23.356,23.4544,23.9,23.8,In,100
2026-07-08T14:10:00,23.496,23.5262,23.9,23.8,In,100
2026-07-08T14:20:00,23.507,23.5663,23.9,23.8,In,100
2026-07-08T14:30:00,23.571,23.5911,23.9,23.8,In,100
2026-07-08T14:40:00,23.582,23.6036,23.9,23.8,In,100
2026-07-08T14:50:00,23.571,23.6105,23.9,23.8,In,100
2026-07-08T15:00:00,23.56,23.6036,23.9,23.9,In,100
2026-07-08T15:10:00,23.56,23.5911,23.9,23.9,In,100
2026-07-08T15:20:00,23.517,23.587,23.8,23.8,In,100
2026-07-08T15:30:00,23.528,23.5801,23.8,23.8,In,100
2026-07-08T15:40:00,23.592,23.6395,24.1,24,In,100
2026-07-08T15:50:00,23.635,23.6934,24.1,24.1,In,100
2026-07-08T16:00:00,23.893,23.9118,24.3,24.4,In,100
2026-07-08T16:10:00,24.107,24.1512,24.6,24.6,In,100
2026-07-08T16:20:00,24.043,24.1318,24.6,24.6,In,100
2026-07-08T16:30:00,23.936,24.0003,24.6,24.6,In,100
2026-07-08T16:40:00,23.903,23.963,24.5,24.4,In,100
2026-07-08T16:50:00,24,24.0446,24.4,24.4,In,100
2026-07-08T17:00:00,24.118,24.1526,24.5,24.5,In,100
2026-07-08T17:10:00,24.161,24.1886,24.5,24.4,In,100
2026-07-08T17:20:00,23.979,24.0668,24.3,24.4,In,100
2026-07-08T17:30:00,24.054,24.0778,24.6,24.5,In,100
2026-07-08T17:40:00,24.247,24.3064,24.6,24.6,In,100
2026-07-08T17:50:00,24.44,24.4741,24.9,24.8,In,100
2026-07-08T18:00:00,24.568,24.6254,24.9,24.9,In,100
2026-07-08T18:10:00,24.729,24.7643,25,25,In,100
2026-07-08T18:20:00,24.761,24.8087,25.1,25,In,100
2026-07-08T18:30:00,24.547,24.6379,24.8,24.7,In,100
2026-07-08T18:40:00,24.472,24.513,24.8,24.7,In,100
2026-07-08T18:50:00,24.515,24.5615,24.8,24.7,In,100
2026-07-08T19:00:00,24.268,24.3202,24.6,24.6,In,100
2026-07-08T19:10:00,24.3,24.3452,24.7,24.7,In,100
2026-07-08T19:20:00,24.161,24.2828,24.7,24.6,In,100
2026-07-08T19:30:00,24.172,24.226,24.6,24.6,In,100
2026-07-08T19:40:00,24.107,24.1623,24.4,24.4,In,100
2026-07-08T19:50:00,24.097,24.1138,24.4,24.4,In,100
2026-07-08T20:00:00,24.064,24.1138,24.4,24.4,In,100
2026-07-08T20:10:00,24.075,24.1471,24.4,24.4,In,100
2026-07-08T20:20:00,24.129,24.172,24.5,24.5,In,100
2026-07-08T20:30:00,24.097,24.172,24.6,24.5,In,100
2026-07-08T20:40:00,24.021,24.0806,24.3,24.5,In,100
2026-07-08T20:50:00,24.075,24.1027,24.4,24.4,In,100
2026-07-08T21:00:00,23.957,24.0598,24.4,24.3,In,100
2026-07-08T21:10:00,23.861,23.9242,24.3,24.3,In,100
2026-07-08T21:20:00,23.861,23.9118,24.2,24.2,In,100
2026-07-08T21:30:00,23.871,23.9242,24.3,24.3,In,100
2026-07-08T21:40:00,24.021,24.0446,24.4,24.4,In,100
2026-07-08T21:50:00,24.075,24.1291,24.4,24.4,In,100
2026-07-08T22:00:00,24.193,24.208,24.6,24.5,In,100
2026-07-08T22:10:00,24.29,24.3008,24.6,24.6,In,100
2026-07-08T22:20:00,23.914,24.0128,24.6,24.6,In,100
2026-07-08T22:30:00,23.946,24.0751,24.6,24.6,In,100
2026-07-08T22:40:00,24.086,24.1429,24.6,24.6,In,100
2026-07-08T22:50:00,24.129,24.1955,24.7,24.7,In,100
2026-07-08T23:00:00,24.15,24.1928,24.4,24.5,In,100
2026-07-08T23:10:00,24.161,24.226,24.6,24.6,In,100
2026-07-08T23:20:00,24.29,24.3729,24.7,24.6,In,100
2026-07-08T23:30:00,24.268,24.3369,24.6,24.5,In,100
2026-07-08T23:40:00,24.097,24.1526,24.4,24.4,In,100
2026-07-08T23:50:00,23.893,23.9616,24.4,24.4,In,100
2026-07-09T00:00:00,23.818,23.9201,24.4,24.4,In,100
2026-07-09T00:10:00,23.807,23.8537,24.1,24.1,In,100
2026-07-09T00:20:00,23.796,23.8468,24.1,24.1,In,100
2026-07-09T00:30:00,23.785,23.8495,24.1,24.1,In,100
2026-07-09T00:40:00,23.818,23.8606,24.1,24.1,In,100
2026-07-09T00:50:00,23.957,23.9643,24.5,24.5,In,100
2026-07-09T01:00:00,24.214,24.2426,24.6,24.6,In,100
2026-07-09T01:10:00,24.343,24.3812,24.7,24.6,In,100
2026-07-09T01:20:00,24.247,24.3258,24.7,24.6,In,100
2026-07-09T01:30:00,23.625,23.7998,24.2,24.6,In,100
2026-07-09T01:40:00,23.539,23.5967,23.9,23.9,In,100
2026-07-09T01:50:00,23.635,23.6671,24,23.9,In,100
2026-07-09T02:00:00,23.657,23.6892,24,24,In,100
2026-07-09T02:10:00,23.689,23.7431,24,24,In,100
2026-07-09T02:20:00,23.71,23.7611,24,23.9,In,100
2026-07-09T02:30:00,23.592,23.6809,24.1,24,In,100
2026-07-09T02:40:00,23.592,23.6768,24,24,In,100
2026-07-09T02:50:00,23.732,23.786,24.1,24.1,In,100
2026-07-09T03:00:00,23.753,23.8122,24.1,24.1,In,100
2026-07-09T03:10:00,23.432,23.5677,24.1,24,In,100
2026-07-09T03:20:00,23.303,23.5746,24.1,24.1,In,100
2026-07-09T03:30:00,23.367,23.4351,24.1,24,In,100
2026-07-09T03:40:00,23.668,23.7417,24.1,24,In,100
2026-07-09T03:50:00,23.496,23.5469,24,24,In,100
2026-07-09T04:00:00,23.432,23.5028,24,24,In,100
2026-07-09T04:10:00,23.356,23.4172,23.9,24,In,100
2026-07-09T04:20:00,23.528,23.5815,24,24.1,In,100
2026-07-09T04:30:00,23.507,23.5594,23.9,23.9,In,100
2026-07-09T04:40:00,23.592,23.6491,24,24,In,100
2026-07-09T04:50:00,23.539,23.634,24.1,24,In,100
2026-07-09T05:00:00,23.668,23.721,24.1,24,In,100
2026-07-09T05:10:00,23.775,23.8205,24.1,24,In,100
2026-07-09T05:20:00,23.796,23.8343,24.1,24.1,In,100
2026-07-09T05:30:00,23.807,23.8385,24.1,24,In,100
2026-07-09T05:40:00,23.85,23.8772,24.2,24.4,In,100
2026-07-09T05:50:00,23.818,23.8786,24.2,24.1,In,100
2026-07-09T06:00:00,23.828,23.8814,24.2,24.1,In,100
2026-07-09T06:10:00,23.828,23.8772,24.1,24.2,In,100
2026-07-09T06:20:00,23.861,23.8966,24.5,24.6,In,100
2026-07-09T06:30:00,24.214,24.2399,24.7,24.6,In,100
2026-07-09T06:40:00,24.397,24.4214,24.7,24.7,In,100
2026-07-09T06:50:00,23.517,23.6395,24.1,24.4,In,100
2026-07-09T07:00:00,23.582,23.6823,24.2,24.3,In,100
2026-07-09T07:10:00,23.796,23.8343,24.4,24.3,In,100
2026-07-09T07:20:00,24.064,24.0626,24.4,24.4,In,100
2026-07-09T07:30:00,24.236,24.2731,24.7,24.6,In,100
2026-07-09T07:40:00,24.397,24.4311,24.8,24.8,In,100
2026-07-09T07:50:00,24.611,24.6323,24.9,24.9,In,100
2026-07-09T08:00:00,24.676,24.717,25,25,In,100
2026-07-09T08:10:00,24.783,24.8171,25.1,25.1,In,100
2026-07-09T08:20:00,24.815,24.8616,25.1,25.1,In,100
2026-07-09T08:30:00,24.697,24.8226,25.1,25,In,100
2026-07-09T08:40:00,24.397,24.4783,24.7,24.6,In,100
2026-07-09T08:50:00,24.225,24.2967,24.5,24.5,In,100
2026-07-09T09:00:00,23.925,24.0072,24.3,24.2,In,100
2026-07-09T09:10:00,23.914,24.0142,24.4,24.4,In,100
2026-07-09T09:20:00,23.807,23.9823,24.4,24.4,In,100
2026-07-09T09:30:00,23.946,24.0017,24.4,24.4,In,100
2026-07-09T09:40:00,24.064,24.1194,24.6,24.6,In,100
2026-07-09T09:50:00,24.129,24.1983,24.5,24.4,In,100
2026-07-09T10:00:00,23.71,23.8717,24.3,24.4,In,100
2026-07-09T10:10:00,23.528,23.587,24.1,24.4,In,100
2026-07-09T10:20:00,23.871,23.9353,24.5,24.6,In,100
2026-07-09T10:30:00,24.118,24.1803,24.6,24.6,In,100
2026-07-09T10:40:00,24.021,24.0958,24.4,24.4,In,100
2026-07-09T10:50:00,23.871,23.9298,24.4,24.3,In,100
2026-07-09T11:00:00,23.7,23.8067,24.1,24.1,In,100
2026-07-09T11:10:00,23.743,23.7735,24.2,24.1,In,100
2026-07-09T11:20:00,23.871,23.9173,24.5,24.5,In,100
2026-07-09T11:30:00,24.15,24.2163,24.8,24.7,In,100
2026-07-09T11:40:00,24.311,24.359,24.7,24.8,In,100
2026-07-09T11:50:00,24.182,24.2579,24.6,24.6,In,100
2026-07-09T12:00:00,24.15,24.1886,24.5,24.6,In,100
2026-07-09T12:10:00,23.957,24.0349,24.4,24.4,In,100
2026-07-09T12:20:00,23.946,24.0031,24.4,24.4,In,100
2026-07-09T12:30:00,24,24.0405,24.3,24.3,In,100
2026-07-09T12:40:00,23.828,23.9173,24.2,24.2,In,100
2026-07-09T12:50:00,23.839,23.8648,24.2,24.1,In,100
2026-07-09T13:00:00,23.389,23.5566,24.1,24.1,In,100
2026-07-09T13:10:00,23.657,23.7334,24.2,24.1,In,100
2026-07-09T13:20:00,23.442,23.5608,24,24,In,100
2026-07-09T13:30:00,23.507,23.5525,23.8,23.8,In,100
2026-07-09T13:40:00,23.464,23.5221,23.9,23.8,In,100
2026-07-09T13:50:00,23.378,23.4448,23.8,23.9,In,100
2026-07-09T14:00:00,23.474,23.5207,23.9,23.9,In,100
2026-07-09T14:10:00,23.646,23.6961,24,24.1,In,100
2026-07-09T14:20:00,23.7,23.7445,24.2,24.2,In,100
2026-07-09T14:30:00,23.721,23.7666,24.4,24.4,In,100
2026-07-09T14:40:00,23.85,23.898,24.4,24.5,In,100
2026-07-09T14:50:00,23.71,23.7694,24.1,24.4,In,100
2026-07-09T15:00:00,23.7,23.7403,24.1,24.1,In,100
2026-07-09T15:10:00,23.732,23.7707,24.1,24.2,In,100
2026-07-09T15:20:00,23.796,23.8302,24.3,24.4,In,100
2026-07-09T15:30:00,23.678,23.8067,24.2,24.3,In,100
2026-07-09T15:40:00,23.625,23.6795,24,24,In,100
2026-07-09T15:50:00,23.41,23.4834,23.9,23.9,In,100
2026-07-09T16:00:00,23.432,23.4738,23.8,23.8,In,100
2026-07-09T16:10:00,23.281,23.3592,23.6,23.6,In,100
2026-07-09T16:20:00,23.249,23.2889,23.6,23.6,In,100
2026-07-09T16:30:00,23.324,23.3716,23.7,23.7,In,100
2026-07-09T16:40:00,23.432,23.4738,23.8,23.7,In,100
2026-07-09T16:50:00,23.571,23.5884,24,23.8,In,100
2026-07-09T17:00:00,23.668,23.6892,24,24,In,100
2026-07-09T17:10:00,23.646,23.692,24,24,In,100
2026-07-09T17:20:00,23.603,23.6478,23.9,23.9,In,100
2026-07-09T17:30:00,23.582,23.6215,23.9,23.9,In,100
2026-07-09T17:40:00,23.625,23.6671,24,24.1,In,100
2026-07-09T17:50:00,24.225,24.2066,24.9,24.8,In,100
2026-07-09T18:00:00,24.375,24.4339,24.7,24.7,In,100
2026-07-09T18:10:00,23.625,23.7942,24,24.1,In,100
2026-07-09T18:20:00,23.356,23.4103,24,23.9,In,100
2026-07-09T18:30:00,23.721,23.7293,24.4,24.4,In,100
2026-07-09T18:40:00,24.204,24.3078,24.8,24.7,In,100
2026-07-09T18:50:00,23.914,24.0377,24.4,24.5,In,100
2026-07-09T19:00:00,23.807,23.9284,24.3,24.4,In,100
2026-07-09T19:10:00,23.764,23.8067,24.2,24.1,In,100
2026-07-09T19:20:00,23.882,23.9256,24.4,24.4,In,100
2026-07-09T19:30:00,24.225,24.2717,24.7,24.7,In,100
2026-07-09T19:40:00,24.397,24.4575,24.9,24.8,In,100
2026-07-09T19:50:00,24.461,24.5185,24.8,24.8,In,100
2026-07-09T20:00:00,24.097,24.2108,24.4,24.4,In,100
2026-07-09T20:10:00,23.946,23.9893,24.3,24.4,In,100
2026-07-09T20:20:00,23.968,24.0059,24.4,24.4,In,100
2026-07-09T20:30:00,23.861,23.9367,24.3,24.3,In,100
2026-07-09T20:40:00,23.818,23.8675,24.1,24.2,In,100
2026-07-09T20:50:00,23.743,23.8039,24.1,24.1,In,100
2026-07-09T21:00:00,23.753,23.7929,24.1,24.1,In,100
2026-07-09T21:10:00,23.785,23.844,24.2,24.2,In,100
2026-07-09T21:20:00,23.893,23.9215,24.2,24.3,In,100
2026-07-09T21:30:00,23.957,24.0114,24.5,24.6,In,100
2026-07-09T21:40:00,23.957,24.0238,24.4,24.6,In,100
2026-07-09T21:50:00,23.914,23.9685,24.2,24.3,In,100
2026-07-09T22:00:00,23.764,23.8288,24.2,24.2,In,100
2026-07-09T22:10:00,23.753,23.7901,24.1,24,In,100
2026-07-09T22:20:00,23.764,23.8191,24,24,In,100
2026-07-09T22:30:00,23.775,23.8136,24.1,24,In,100
2026-07-09T22:40:00,23.753,23.797,24.1,24,In,100
2026-07-09T22:50:00,23.807,23.8371,24.2,24.2,In,100
2026-07-09T23:00:00,23.828,23.8689,24.3,24.3,In,100
2026-07-09T23:10:00,24,24.0515,24.4,24.4,In,100
2026-07-09T23:20:00,23.903,23.9962,24.3,24.3,In,100
2026-07-09T23:30:00,23.764,23.8343,24.1,24.2,In,100
2026-07-09T23:40:00,23.732,23.7873,24.1,24,In,100
2026-07-09T23:50:00,23.785,23.844,24.1,24.1,In,100
2026-07-10T00:00:00,23.818,23.8675,24.1,24.1,In,100
2026-07-10T00:10:00,23.732,23.7569,24,23.9,In,100
2026-07-10T00:20:00,23.668,23.721,24,23.9,In,100
2026-07-10T00:30:00,23.678,23.7113,24,23.9,In,100
2026-07-10T00:40:00,23.453,23.5345,23.8,23.9,In,100
2026-07-10T00:50:00,23.528,23.5456,23.9,23.9,In,100
2026-07-10T01:00:00,23.356,23.4351,23.6,23.7,In,100
2026-07-10T01:10:00,23.196,23.242,23.6,23.6,In,100
2026-07-10T01:20:00,23.174,23.2268,23.7,23.7,In,100
2026-07-10T01:30:00,23.292,23.2944,23.8,23.8,In,100
2026-07-10T01:40:00,23.592,23.6243,24,23.9,In,100
2026-07-10T01:50:00,23.635,23.6809,23.9,23.9,In,100
2026-07-10T02:00:00,23.657,23.7141,23.9,24,In,100
2026-07-10T02:10:00,23.678,23.7403,24,24,In,100
2026-07-10T02:20:00,23.678,23.7127,24,24.1,In,100
2026-07-10T02:30:00,23.635,23.7044,24,24.2,In,100
2026-07-10T02:40:00,23.668,23.7307,24,24,In,100
2026-07-10T02:50:00,23.474,23.5759,24.1,24,In,100
2026-07-10T03:00:00,23.614,23.6505,24,24,In,100
2026-07-10T03:10:00,23.614,23.6754,24,23.9,In,100
2026-07-10T03:20:00,23.657,23.6947,24,24,In,100
2026-07-10T03:30:00,23.41,23.5207,23.9,24,In,100
2026-07-10T03:40:00,23.517,23.5511,24,24.1,In,100
2026-07-10T03:50:00,23.496,23.5594,24.1,24.1,In,100
2026-07-10T04:00:00,23.453,23.5594,24.1,24.1,In,100
2026-07-10T04:10:00,23.474,23.5442,24.1,24.3,In,100
2026-07-10T04:20:00,23.571,23.6049,24.1,24.3,In,100
2026-07-10T04:30:00,23.668,23.7265,24.2,24.3,In,100
2026-07-10T04:40:00,23.85,23.8786,24.4,24.4,In,100
2026-07-10T04:50:00,24.043,24.1097,24.5,24.5,In,100
2026-07-10T05:00:00,24.29,24.348,24.9,24.9,In,100
2026-07-10T05:10:00,24.483,24.5199,25,24.8,In,100
2026-07-10T05:20:00,24.429,24.5546,24.8,24.8,In,100
2026-07-10T05:30:00,24.161,24.2357,24.5,24.6,In,100
2026-07-10T05:40:00,24,24.0571,24.4,24.5,In,100
2026-07-10T05:50:00,24.161,24.1955,24.7,24.7,In,100
2026-07-10T06:00:00,24.408,24.42,24.9,24.8,In,100
2026-07-10T06:10:00,24.397,24.4672,24.7,24.7,In,100
2026-07-10T06:20:00,23.914,24.0418,24.6,24.6,In,100
2026-07-10T06:30:00,24.279,24.3036,24.7,24.6,In,100
2026-07-10T06:40:00,24.418,24.4617,24.9,24.9,In,100
2026-07-10T06:50:00,24.504,24.5296,24.8,24.8,In,100
2026-07-10T07:00:00,24.515,24.5643,24.8,24.8,In,100
2026-07-10T07:10:00,24.633,24.649,25,25,In,100
2026-07-10T07:20:00,24.869,24.8755,25.1,25,In,100
2026-07-10T07:30:00,24.933,24.9728,25.2,25.2,In,100
2026-07-10T07:40:00,24.965,25.0159,25.3,25.3,In,100
2026-07-10T07:50:00,24.933,24.9812,25.2,25.2,In,100
2026-07-10T08:00:00,24.558,24.6185,24.8,24.7,In,100
2026-07-10T08:10:00,24.493,24.531,24.8,24.7,In,100
2026-07-10T08:20:00,24.45,24.5033,24.7,24.7,In,100
2026-07-10T08:30:00,24.172,24.2676,24.7,24.6,In,100
2026-07-10T08:40:00,24.075,24.1484,24.7,24.7,In,100
2026-07-10T08:50:00,24.29,24.3521,25,24.9,In,100
2026-07-10T09:00:00,24.493,24.6171,25,25,In,100
2026-07-10T09:10:00,24.45,24.5019,24.7,24.6,In,100
2026-07-10T09:20:00,24.375,24.4242,24.7,24.7,In,100
2026-07-10T09:30:00,24.214,24.2884,24.7,24.6,In,100
2026-07-10T09:40:00,24.354,24.3909,24.7,24.6,In,100
2026-07-10T09:50:00,24.375,24.4145,24.7,24.6,In,100
2026-07-10T10:00:00,24.44,24.4589,24.7,24.7,In,100
2026-07-10T10:10:00,24.3,24.3563,24.6,24.5,In,100
2026-07-10T10:20:00,24.161,24.208,24.5,24.5,In,100
2026-07-10T10:30:00,24.032,24.0944,24.4,24.4,In,100
2026-07-10T10:40:00,24.097,24.1457,24.5,24.5,In,100
2026-07-10T10:50:00,24.193,24.2496,24.7,24.7,In,100
2026-07-10T11:00:00,24.268,24.3133,24.7,24.6,In,100
2026-07-10T11:10:00,24.354,24.402,24.7,24.7,In,100
2026-07-10T11:20:00,24.44,24.4741,24.8,24.7,In,100
2026-07-10T11:30:00,24.182,24.2967,24.6,24.6,In,100
2026-07-10T11:40:00,23.796,23.9491,24.3,24.4,In,100
2026-07-10T11:50:00,23.796,23.8316,24.4,24.4,In,100
2026-07-10T12:00:00,23.936,23.9865,24.4,24.3,In,100
2026-07-10T12:10:00,24.021,24.0737,24.4,24.4,In,100
2026-07-10T12:20:00,24.086,24.1304,24.5,24.4,In,100
2026-07-10T12:30:00,24.129,24.1831,24.5,24.5,In,100
2026-07-10T12:40:00,23.957,24.0737,24.4,24.4,In,100
2026-07-10T12:50:00,23.914,23.956,24.3,24.3,In,100
2026-07-10T13:00:00,23.635,23.6782,24.1,24.1,In,100
2026-07-10T13:10:00,23.7,23.7307,24.1,24,In,100
2026-07-10T13:20:00,23.657,23.732,24.1,24.1,In,100
2026-07-10T13:30:00,23.861,23.8924,24.3,24.3,In,100
2026-07-10T13:40:00,24.075,24.1221,24.5,24.5,In,100
2026-07-10T13:50:00,24.032,24.1581,24.6,24.5,In,100
2026-07-10T14:00:00,24.011,24.0986,24.7,24.6,In,100
2026-07-10T14:10:00,24.257,24.3147,24.7,24.8,In,100
2026-07-10T14:20:00,24.129,24.1955,24.5,24.6,In,100
2026-07-10T14:30:00,23.818,23.8966,24.3,24.4,In,100
2026-07-10T14:40:00,23.775,23.8302,24.3,24.4,In,100
2026-07-10T14:50:00,23.989,24.0363,24.5,24.5,In,100
2026-07-10T15:00:00,24.172,24.2371,24.5,24.5,In,100
2026-07-10T15:10:00,24,24.0931,24.4,24.4,In,100
2026-07-10T15:20:00,23.893,23.9754,24.5,24.5,In,100
2026-07-10T15:30:00,24.139,24.1803,24.7,24.7,In,100
2026-07-10T15:40:00,24.365,24.3992,24.9,24.9,In,100
2026-07-10T15:50:00,24.59,24.6212,25,25,In,100
2026-07-10T16:00:00,24.568,24.6434,24.9,24.9,In,100
2026-07-10T16:10:00,24.214,24.4117,24.9,24.8,In,100
2026-07-10T16:20:00,23.689,23.8053,24.5,24.7,In,100
2026-07-10T16:30:00,23.732,23.7652,24.1,24.3,In,100
2026-07-10T16:40:00,23.775,23.8233,24.2,24.3,In,100
2026-07-10T16:50:00,23.957,23.9782,24.5,24.5,In,100
2026-07-10T17:00:00,24.3,24.3285,24.7,24.7,In,100
2026-07-10T17:10:00,24.504,24.5324,24.9,24.8,In,100
2026-07-10T17:20:00,24.268,24.6198,24.9,24.9,In,100
2026-07-10T17:30:00,24.225,24.3715,25,24.9,In,100
2026-07-10T17:40:00,24.354,24.4769,24.9,24.9,In,100
2026-07-10T17:50:00,24.322,24.4284,24.9,24.9,In,100
2026-07-10T18:00:00,24.397,24.4339,24.8,24.9,In,100
2026-07-10T18:10:00,24.386,24.4686,24.9,24.9,In,100
2026-07-10T18:20:00,24.29,24.3798,24.9,24.9,In,100
2026-07-10T18:30:00,24.504,24.5518,24.9,25,In,100
2026-07-10T18:40:00,24.719,24.7532,25.1,25.1,In,100
2026-07-10T18:50:00,24.397,24.5158,24.9,25,In,100
2026-07-10T19:00:00,24.526,24.5838,24.9,24.9,In,100
2026-07-10T19:10:00,24.408,24.5185,24.9,24.9,In,100
2026-07-10T19:20:00,24.247,24.3258,24.7,24.8,In,100
2026-07-10T19:30:00,24.139,24.2122,24.5,24.4,In,100
2026-07-10T19:40:00,23.946,24.0252,24.5,24.5,In,100
2026-07-10T19:50:00,24.172,24.2385,24.7,24.7,In,100
2026-07-10T20:00:00,24.3,24.3355,24.7,24.8,In,100
2026-07-10T20:10:00,24.483,24.5463,25,24.9,In,100
2026-07-10T20:20:00,24.611,24.6837,25,25,In,100
2026-07-10T20:30:00,24.375,24.6074,24.9,24.9,In,100
2026-07-10T20:40:00,24.279,24.3161,25,25,In,100
2026-07-10T20:50:00,24.418,24.4936,24.9,25,In,100
2026-07-10T21:00:00,24.354,24.4242,24.8,24.8,In,100
2026-07-10T21:10:00,24.408,24.463,24.9,24.8,In,100
2026-07-10T21:20:00,24.365,24.4298,24.6,24.6,In,100
2026-07-10T21:30:00,24.354,24.3979,24.8,24.7,In,100
2026-07-10T21:40:00,23.925,24.0059,24.6,24.6,In,100
2026-07-10T21:50:00,24.343,24.3618,24.8,24.7,In,100
2026-07-10T22:00:00,24.418,24.4825,24.9,24.8,In,100
2026-07-10T22:10:00,24.526,24.5574,24.8,24.8,In,100
2026-07-10T22:20:00,24.568,24.6143,24.9,24.9,In,100
2026-07-10T22:30:00,24.601,24.6462,24.9,24.8,In,100
2026-07-10T22:40:00,24.59,24.6532,24.9,24.8,In,100
2026-07-10T22:50:00,24.172,24.3119,24.9,24.8,In,100
2026-07-10T23:00:00,23.989,24.1069,24.7,24.8,In,100
2026-07-10T23:10:00,24.29,24.3438,24.7,24.8,In,100
2026-07-10T23:20:00,24.386,24.4519,24.7,24.7,In,100
2026-07-10T23:30:00,24.257,24.3396,24.7,24.7,In,100
2026-07-10T23:40:00,24.44,24.445,24.8,24.8,In,100
2026-07-10T23:50:00,24.461,24.5171,24.8,24.8,In,100
2026-07-11T00:00:00,24.354,24.4242,24.8,24.8,In,100
2026-07-11T00:10:00,24.408,24.4603,24.8,24.8,In,100
2026-07-11T00:20:00,24.322,24.4131,24.8,24.8,In,100
2026-07-11T00:30:00,24.268,24.3535,24.9,24.8,In,100
2026-07-11T00:40:00,24.45,24.4922,24.8,24.8,In,100
2026-07-11T00:50:00,24.139,24.2981,24.8,24.7,In,100
2026-07-11T01:00:00,23.807,23.9035,24.4,24.6,In,100
2026-07-11T01:10:00,23.828,23.8786,24.2,24.2,In,100
2026-07-11T01:20:00,23.882,23.9381,24.3,24.4,In,100
2026-07-11T01:30:00,23.936,23.981,24.4,24.4,In,100
2026-07-11T01:40:00,24.043,24.1027,24.6,24.5,In,100
2026-07-11T01:50:00,24.204,24.2994,24.7,24.8,In,100
2026-07-11T02:00:00,24.29,24.366,24.8,24.8,In,100
2026-07-11T02:10:00,24.429,24.4644,24.9,24.9,In,100
2026-07-11T02:20:00,24.214,24.3563,25,25,In,100
2026-07-11T02:30:00,24.172,24.2703,25,25,In,100
2026-07-11T02:40:00,24.107,24.1914,25,25,In,100
2026-07-11T02:50:00,24.214,24.3521,25,25,In,100
2026-07-11T03:00:00,24.268,24.3424,25,25,In,100
2026-07-11T03:10:00,24.579,24.6157,25.1,25,In,100
2026-07-11T03:20:00,24.708,24.7504,25.1,25,In,100
2026-07-11T03:30:00,24.611,24.7462,25.1,25,In,100
2026-07-11T03:40:00,24.579,24.7226,25,25.1,In,100
2026-07-11T03:50:00,24.59,24.6532,25,25.1,In,100
2026-07-11T04:00:00,24.633,24.6934,25,25,In,100
2026-07-11T04:10:00,24.44,24.5893,24.9,24.9,In,100
2026-07-11T04:20:00,24.129,24.2967,24.8,24.9,In,100
2026-07-11T04:30:00,24.365,24.4422,25,25,In,100
2026-07-11T04:40:00,24.311,24.3923,24.8,24.9,In,100
2026-07-11T04:50:00,24.461,24.5102,24.9,25,In,100
2026-07-11T05:00:00,24.279,24.3992,24.9,24.9,In,100
2026-07-11T05:10:00,24.686,24.7309,25,25.1,In,100
2026-07-11T05:20:00,24.761,24.806,25.1,25.1,In,100
2026-07-11T05:30:00,24.59,24.7115,25,25,In,100
2026-07-11T05:40:00,24.751,24.8032,25.1,25,In,100
2026-07-11T05:50:00,24.429,24.5518,25,25,In,100
2026-07-11T06:00:00,24.397,24.4506,24.8,24.9,In,100
2026-07-11T06:10:00,24.429,24.4963,24.9,24.9,In,100
2026-07-11T06:20:00,24.45,24.5185,24.8,24.8,In,100
2026-07-11T06:30:00,24.493,24.556,24.9,24.9,In,100
2026-07-11T06:40:00,24.644,24.692,25,25,In,100
2026-07-11T06:50:00,24.74,24.7712,25.1,25.1,In,100
2026-07-11T07:00:00,24.804,24.831,25.1,25.1,In,100
2026-07-11T07:10:00,24.858,24.8908,25.1,25.1,In,100
2026-07-11T07:20:00,24.837,24.9102,25.2,25.1,In,100
2026-07-11T07:30:00,24.536,24.6032,25,25,In,100
2026-07-11T07:40:00,24.526,24.5727,25,24.9,In,100
2026-07-11T07:50:00,24.526,24.5879,25,25,In,100
2026-07-11T08:00:00,24.579,24.6198,24.9,25,In,100
2026-07-11T08:10:00,24.579,24.6157,24.9,24.8,In,100
2026-07-11T08:20:00,24.568,24.6087,24.9,24.9,In,100
2026-07-11T08:30:00,24.59,24.6282,24.9,24.9,In,100
2026-07-11T08:40:00,24.526,24.5879,24.9,24.9,In,100
2026-07-11T08:50:00,24.526,24.5713,24.8,24.8,In,100
2026-07-11T09:00:00,24.429,24.5047,24.8,24.8,In,100
2026-07-11T09:10:00,24.343,24.4242,24.8,24.8,In,100
2026-07-11T09:20:00,24.493,24.531,24.8,24.8,In,100
2026-07-11T09:30:00,24.493,24.5407,24.8,24.8,In,100
2026-07-11T09:40:00,24.408,24.4852,24.8,24.8,In,100
2026-07-11T09:50:00,24.408,24.4769,24.7,24.8,In,100
2026-07-11T10:00:00,24.397,24.47,24.8,24.7,In,100
2026-07-11T10:10:00,24.44,24.4755,24.7,24.7,In,100
2026-07-11T10:20:00,24.408,24.4547,24.8,24.7,In,100
2026-07-11T10:30:00,24.408,24.4547,24.7,24.6,In,100
2026-07-11T10:40:00,24.418,24.4658,24.7,24.7,In,100
2026-07-11T10:50:00,24.172,24.2634,24.7,24.6,In,100
2026-07-11T11:00:00,24.343,24.3826,24.7,24.7,In,100
2026-07-11T11:10:00,24.214,24.4284,24.7,24.6,In,100
2026-07-11T11:20:00,24.3,24.409,24.7,24.7,In,100
2026-07-11T11:30:00,24.397,24.4395,24.7,24.6,In,100
2026-07-11T11:40:00,24.429,24.4714,24.7,24.7,In,100
2026-07-11T11:50:00,24.236,24.4006,24.7,24.6,In,100
2026-07-11T12:00:00,23.635,23.7528,24.6,24.7,In,100
2026-07-11T12:10:00,23.85,23.8883,24.7,24.6,In,100
2026-07-11T12:20:00,24.118,24.1637,24.6,24.5,In,100
2026-07-11T12:30:00,24.064,24.1955,24.5,24.5,In,100
2026-07-11T12:40:00,23.957,24.0225,24.5,24.5,In,100
2026-07-11T12:50:00,23.764,23.9727,24.6,24.5,In,100
2026-07-11T13:00:00,24.236,24.2787,24.6,24.6,In,100
2026-07-11T13:10:00,23.785,23.9436,24.7,24.7,In,100
2026-07-11T13:20:00,23.85,23.9353,24.5,24.6,In,100
2026-07-11T13:30:00,23.635,23.7486,24.5,24.6,In,100
2026-07-11T13:40:00,23.442,23.5097,24,24.5,In,100
2026-07-11T13:50:00,23.432,23.4931,23.8,23.7,In,100
2026-07-11T14:00:00,23.367,23.4434,23.8,23.8,In,100
2026-07-11T14:10:00,23.442,23.4765,23.8,23.8,In,100
2026-07-11T14:20:00,23.474,23.5249,23.9,23.8,In,100
2026-07-11T14:30:00,23.507,23.5677,23.8,23.8,In,100
2026-07-11T14:40:00,23.55,23.587,23.9,23.8,In,100
2026-07-11T14:50:00,23.56,23.6036,23.9,23.8,In,100
2026-07-11T15:00:00,23.496,23.558,23.8,23.8,In,100
2026-07-11T15:10:00,23.517,23.5732,23.9,23.9,In,100
2026-07-11T15:20:00,23.539,23.5773,23.9,23.9,In,100
2026-07-11T15:30:00,23.41,23.4627,23.7,23.7,In,100
2026-07-11T15:40:00,23.389,23.431,23.7,23.7,In,100
2026-07-11T15:50:00,23.399,23.442,23.7,23.7,In,100
2026-07-11T16:00:00,23.303,23.391,23.7,23.7,In,100
2026-07-11T16:10:00,23.217,23.3372,23.6,23.7,In,100
2026-07-11T16:20:00,23.228,23.3027,23.7,23.7,In,100
2026-07-11T16:30:00,23.174,23.3082,23.6,23.6,In,100
2026-07-11T16:40:00,23.174,23.2199,23.7,23.6,In,100
2026-07-11T16:50:00,23.346,23.3854,23.7,23.7,In,100
2026-07-11T17:00:00,23.399,23.4365,23.7,23.7,In,100
2026-07-11T17:10:00,23.432,23.4627,23.7,23.7,In,100
2026-07-11T17:20:00,23.367,23.4227,23.7,23.7,In,100
2026-07-11T17:30:00,23.356,23.413,23.7,23.7,In,100
2026-07-11T17:40:00,23.249,23.3234,23.6,23.6,In,100
2026-07-11T17:50:00,23.217,23.2558,23.6,23.5,In,100
2026-07-11T18:00:00,23.206,23.2599,23.6,23.5,In,100
2026-07-11T18:10:00,23.249,23.282,23.6,23.5,In,100
2026-07-11T18:20:00,23.228,23.2834,23.5,23.5,In,100
2026-07-11T18:30:00,23.249,23.2916,23.5,23.5,In,100
2026-07-11T18:40:00,23.292,23.3178,23.6,23.6,In,100
2026-07-11T18:50:00,23.399,23.4103,23.7,23.7,In,100
2026-07-11T19:00:00,23.346,23.4213,23.7,23.7,In,100
2026-07-11T19:10:00,23.249,23.333,23.7,23.7,In,100
2026-07-11T19:20:00,23.281,23.3468,23.8,23.7,In,100
2026-07-11T19:30:00,23.335,23.3772,23.7,23.7,In,100
2026-07-11T19:40:00,23.432,23.4682,23.8,23.7,In,100
2026-07-11T19:50:00,23.496,23.5318,23.7,23.8,In,100
2026-07-11T20:00:00,23.507,23.5525,23.8,23.7,In,100
2026-07-11T20:10:00,23.399,23.4848,23.8,23.8,In,100
2026-07-11T20:20:00,23.432,23.4972,23.9,23.8,In,100
2026-07-11T20:30:00,23.367,23.4379,23.8,23.8,In,100
2026-07-11T20:40:00,23.378,23.4324,23.8,23.8,In,100
2026-07-11T20:50:00,23.442,23.4724,23.8,23.8,In,100
2026-07-11T21:00:00,23.432,23.489,23.8,23.8,In,100
2026-07-11T21:10:00,23.528,23.5704,23.9,23.9,In,100
2026-07-11T21:20:00,23.528,23.5994,24,24,In,100
2026-07-11T21:30:00,23.71,23.7459,24.1,24,In,100
2026-07-11T21:40:00,23.635,23.7003,24.1,24,In,100
2026-07-11T21:50:00,23.721,23.7473,24,24,In,100
2026-07-11T22:00:00,23.625,23.663,24,24,In,100
2026-07-11T22:10:00,23.571,23.634,24,23.9,In,100
2026-07-11T22:20:00,23.625,23.6616,23.9,23.9,In,100
2026-07-11T22:30:00,23.625,23.6671,24,24,In,100
2026-07-11T22:40:00,23.635,23.674,24,24.1,In,100
2026-07-11T22:50:00,23.818,23.8426,24.2,24.2,In,100
2026-07-11T23:00:00,23.903,23.9367,24.3,24.2,In,100
2026-07-11T23:10:00,23.936,23.992,24.3,24.2,In,100
2026-07-11T23:20:00,23.775,23.8537,24.2,24.2,In,100
2026-07-11T23:30:00,23.753,23.8177,24.1,24.1,In,100
2026-07-11T23:40:00,23.689,23.8012,24.1,24.1,In,100
2026-07-11T23:50:00,23.689,23.721,24.1,24.1,In,100
2026-07-12T00:00:00,23.625,23.6878,24,24.1,In,100
2026-07-12T00:10:00,23.507,23.6188,23.9,23.9,In,100
2026-07-12T00:20:00,23.485,23.5801,24,23.9,In,100
2026-07-12T00:30:00,23.378,23.5028,23.9,23.9,In,100
2026-07-12T00:40:00,23.689,23.7196,24.1,24,In,100
2026-07-12T00:50:00,23.678,23.768,24.2,24.1,In,100
2026-07-12T01:00:00,23.689,23.7652,24.1,24.2,In,100
2026-07-12T01:10:00,23.571,23.6367,24,24,In,100
2026-07-12T01:20:00,23.56,23.5939,23.9,24,In,100
2026-07-12T01:30:00,23.496,23.5359,23.8,23.9,In,100
2026-07-12T01:40:00,23.453,23.511,23.9,23.8,In,100
2026-07-12T01:50:00,23.496,23.5483,23.9,24,In,100
2026-07-12T02:00:00,23.485,23.5552,23.9,23.8,In,100
2026-07-12T02:10:00,23.464,23.5594,24,23.9,In,100
2026-07-12T02:20:00,23.55,23.6077,24,23.9,In,100
2026-07-12T02:30:00,23.378,23.4931,24,23.9,In,100
2026-07-12T02:40:00,23.367,23.4199,23.9,23.9,In,100
2026-07-12T02:50:00,23.485,23.5635,24,24,In,100
2026-07-12T03:00:00,23.517,23.616,23.9,23.9,In,100
2026-07-12T03:10:00,23.421,23.4821,23.7,23.8,In,100
2026-07-12T03:20:00,23.378,23.4296,23.8,23.7,In,100
2026-07-12T03:30:00,23.271,23.3054,23.6,23.6,In,100
2026-07-12T03:40:00,23.185,23.2792,23.7,23.7,In,100
2026-07-12T03:50:00,23.217,23.2999,23.6,23.7,In,100
2026-07-12T04:00:00,23.292,23.3565,23.6,23.6,In,100
2026-07-12T04:10:00,23.249,23.3082,23.7,23.7,In,100
2026-07-12T04:20:00,23.206,23.2654,23.7,23.7,In,100
2026-07-12T04:30:00,23.142,23.1882,23.6,23.6,In,100
2026-07-12T04:40:00,23.163,23.213,23.6,23.5,In,100
2026-07-12T04:50:00,23.131,23.213,23.5,23.5,In,100
2026-07-12T05:00:00,23.11,23.191,23.5,23.5,In,100
2026-07-12T05:10:00,23.142,23.1827,23.5,23.5,In,100
2026-07-12T05:20:00,23.099,23.1606,23.5,23.5,In,100
2026-07-12T05:30:00,23.185,23.2199,23.6,23.6,In,100
2026-07-12T05:40:00,23.196,23.2544,23.6,23.6,In,100
2026-07-12T05:50:00,23.206,23.282,23.7,23.6,In,100
2026-07-12T06:00:00,23.239,23.2999,23.7,23.6,In,100
2026-07-12T06:10:00,23.153,23.2241,23.7,23.6,In,100
2026-07-12T06:20:00,23.153,23.2103,23.6,23.6,In,100
2026-07-12T06:30:00,23.185,23.2282,23.6,23.6,In,100
2026-07-12T06:40:00,23.324,23.3565,23.7,23.6,In,100
2026-07-12T06:50:00,23.314,23.3703,23.7,23.6,In,100
2026-07-12T07:00:00,23.367,23.4241,23.6,23.7,In,100
2026-07-12T07:10:00,23.41,23.4406,23.7,23.7,In,100
2026-07-12T07:20:00,23.399,23.46,23.7,23.7,In,100
2026-07-12T07:30:00,23.41,23.4572,23.7,23.7,In,100
2026-07-12T07:40:00,23.41,23.4586,23.7,23.7,In,100
2026-07-12T07:50:00,23.41,23.4462,23.7,23.7,In,100
2026-07-12T08:00:00,23.41,23.4503,23.7,23.7,In,100
2026-07-12T08:10:00,23.442,23.489,23.9,23.9,In,100
2026-07-12T08:20:00,23.603,23.6657,24.1,24,In,100
2026-07-12T08:30:00,23.646,23.7099,24,24.1,In,100
2026-07-12T08:40:00,23.635,23.6961,23.9,24,In,100
2026-07-12T08:50:00,23.657,23.6878,24,24,In,100
2026-07-12T09:00:00,23.646,23.6878,24,24,In,100
2026-07-12T09:10:00,23.657,23.7058,24,24,In,100
2026-07-12T09:20:00,23.753,23.7915,24.1,24.1,In,100
2026-07-12T09:30:00,23.914,23.9394,24.3,24.3,In,100
2026-07-12T09:40:00,24.118,24.2108,24.6,24.5,In,100
2026-07-12T09:50:00,24.064,24.1207,24.6,24.7,In,100
2026-07-12T10:00:00,24.214,24.305,24.9,24.8,In,100
2026-07-12T10:10:00,24.3,24.341,24.7,24.9,In,100
2026-07-12T10:20:00,24.236,24.3701,24.7,24.9,In,100
2026-07-12T10:30:00,23.989,24.0598,24.5,24.6,In,100
2026-07-12T10:40:00,23.807,23.8897,24.2,24.2,In,100
2026-07-12T10:50:00,23.753,23.7777,24.3,24.3,In,100
2026-07-12T11:00:00,23.732,23.7707,24,24.1,In,100
2026-07-12T11:10:00,23.657,23.7168,24,23.9,In,100
2026-07-12T11:20:00,23.678,23.6975,24,23.9,In,100
2026-07-12T11:30:00,23.668,23.7196,24.1,24,In,100
2026-07-12T11:40:00,23.678,23.7168,24,24.1,In,100
2026-07-12T11:50:00,23.689,23.7293,24,24.1,In,100
2026-07-12T12:00:00,23.721,23.7486,24,24,In,100
2026-07-12T12:10:00,23.668,23.7362,24,24,In,100
2026-07-12T12:20:00,23.582,23.6478,24,23.9,In,100
2026-07-12T12:30:00,23.55,23.6091,23.9,23.9,In,100
2026-07-12T12:40:00,23.528,23.5483,23.9,23.8,In,100
2026-07-12T12:50:00,23.485,23.5387,23.8,23.8,In,100
2026-07-12T13:00:00,23.474,23.5359,23.8,23.8,In,100
2026-07-12T13:10:00,23.507,23.5331,23.8,23.8,In,100
2026-07-12T13:20:00,23.507,23.5345,23.8,23.8,In,100
2026-07-12T13:30:00,23.496,23.5331,23.8,23.9,In,100
2026-07-12T13:40:00,23.464,23.5179,23.8,23.8,In,100
2026-07-12T13:50:00,23.442,23.5014,23.8,23.7,In,100
2026-07-12T14:00:00,23.464,23.4986,23.8,23.8,In,100
2026-07-12T14:10:00,23.474,23.5138,23.8,23.7,In,100
2026-07-12T14:20:00,23.474,23.5207,23.9,23.8,In,100
2026-07-12T14:30:00,23.453,23.5276,23.7,23.8,In,100
2026-07-12T14:40:00,23.121,23.2709,23.7,23.8,In,100
2026-07-12T14:50:00,23.056,23.1248,23.8,23.7,In,100
2026-07-12T15:00:00,23.056,23.1551,23.7,23.7,In,100
2026-07-12T15:10:00,23.056,23.1027,23.6,23.6,In,100
2026-07-12T15:20:00,23.228,23.2696,23.7,23.7,In,100
2026-07-12T15:30:00,23.346,23.3965,23.7,23.7,In,100
2026-07-12T15:40:00,23.314,23.3578,23.6,23.6,In,100
2026-07-12T15:50:00,23.185,23.2351,23.6,23.7,In,100
2026-07-12T16:00:00,23.11,23.1675,23.4,23.5,In,100
2026-07-12T16:10:00,23.185,23.2006,23.5,23.5,In,100
2026-07-12T16:20:00,23.078,23.1427,23.6,23.5,In,100
2026-07-12T16:30:00,23.11,23.1648,23.5,23.6,In,100
2026-07-12T16:40:00,23.121,23.1937,23.4,23.6,In,100
2026-07-12T16:50:00,23.121,23.1662,23.4,23.4,In,100
2026-07-12T17:00:00,23.11,23.1537,23.4,23.4,In,100
2026-07-12T17:10:00,23.078,23.1248,23.4,23.3,In,100
2026-07-12T17:20:00,22.981,23.0628,23.4,23.4,In,100
2026-07-12T17:30:00,23.035,23.0903,23.4,23.4,In,100
2026-07-12T17:40:00,23.067,23.1096,23.4,23.3,In,100
2026-07-12T17:50:00,23.056,23.0959,23.4,23.3,In,100
2026-07-12T18:00:00,23.013,23.0807,23.3,23.3,In,100
2026-07-12T18:10:00,22.96,23.0352,23.3,23.3,In,100
2026-07-12T18:20:00,23.024,23.0531,23.3,23.3,In,100
2026-07-12T18:30:00,23.035,23.0642,23.3,23.3,In,100
2026-07-12T18:40:00,23.024,23.0793,23.4,23.3,In,100
2026-07-12T18:50:00,23.035,23.0931,23.3,23.4,In,100
2026-07-12T19:00:00,23.045,23.0972,23.4,23.3,In,100
2026-07-12T19:10:00,23.067,23.1014,23.4,23.4,In,100
2026-07-12T19:20:00,23.056,23.0959,23.3,23.3,In,100
2026-07-12T19:30:00,23.035,23.0835,23.4,23.3,In,100
2026-07-12T19:40:00,23.035,23.0793,23.4,23.3,In,100
2026-07-12T19:50:00,23.035,23.0835,23.3,23.3,In,100
2026-07-12T20:00:00,23.013,23.0848,23.3,23.3,In,100
2026-07-12T20:10:00,23.045,23.0903,23.4,23.3,In,100
2026-07-12T20:20:00,23.056,23.0945,23.4,23.3,In,100
2026-07-12T20:30:00,23.056,23.0931,23.4,23.3,In,100
2026-07-12T20:40:00,23.045,23.0848,23.4,23.3,In,100
2026-07-12T20:50:00,23.056,23.0876,23.4,23.4,In,100
2026-07-12T21:00:00,22.874,22.9939,23.3,23.4,In,100
2026-07-12T21:10:00,23.056,23.0876,23.4,23.4,In,100
2026-07-12T21:20:00,23.056,23.1138,23.5,23.4,In,100
2026-07-12T21:30:00,22.981,23.0559,23.4,23.4,In,100
2026-07-12T21:40:00,23.045,23.0876,23.4,23.4,In,100
2026-07-12T21:50:00,23.056,23.1138,23.5,23.5,In,100
2026-07-12T22:00:00,23.088,23.1193,23.4,23.4,In,100
2026-07-12T22:10:00,23.099,23.1248,23.4,23.4,In,100
2026-07-12T22:20:00,23.121,23.1441,23.5,23.4,In,100
2026-07-12T22:30:00,23.142,23.1951,23.5,23.5,In,100
2026-07-12T22:40:00,23.185,23.2434,23.5,23.5,In,100
2026-07-12T22:50:00,23.239,23.2792,23.6,23.5,In,100
2026-07-12T23:00:00,23.217,23.2613,23.6,23.7,In,100
2026-07-12T23:10:00,23.239,23.2751,23.5,23.7,In,100
2026-07-12T23:20:00,23.239,23.2778,23.6,23.7,In,100
2026-07-12T23:30:00,23.206,23.2751,23.5,23.5,In,100
2026-07-12T23:40:00,23.228,23.2668,23.5,23.5,In,100
2026-07-12T23:50:00,23.217,23.2668,23.5,23.5,In,100
2026-07-13T00:00:00,23.239,23.3082,23.9,23.9,In,100
2026-07-13T00:10:00,23.228,23.2861,23.9,23.9,In,100
2026-07-13T00:20:00,23.228,23.2723,23.5,23.6,In,100
2026-07-13T00:30:00,23.249,23.2875,23.5,23.5,In,100
2026-07-13T00:40:00,23.271,23.293,23.6,23.5,In,100
2026-07-13T00:50:00,23.271,23.304,23.6,23.8,In,100
2026-07-13T01:00:00,23.271,23.3178,23.9,24,In,100
2026-07-13T01:10:00,23.281,23.3261,24,24.1,In,100
2026-07-13T01:20:00,23.335,23.4089,24.1,24,In,100
2026-07-13T01:30:00,23.689,23.7514,24.1,24.1,In,100
2026-07-13T01:40:00,23.689,23.7459,24,24.1,In,100
2026-07-13T01:50:00,23.592,23.6685,24,24.2,In,100
2026-07-13T02:00:00,23.517,23.5828,24.3,24.4,In,100
2026-07-13T02:10:00,23.56,23.627,24.1,24.3,In,100
2026-07-13T02:20:00,23.625,23.7555,24.2,24.2,In,100
2026-07-13T02:30:00,23.453,23.5014,24.1,24.1,In,100
2026-07-13T02:40:00,23.442,23.4903,23.9,23.9,In,100
2026-07-13T02:50:00,23.464,23.5262,23.7,23.7,In,100
2026-07-13T03:00:00,23.517,23.5552,23.8,23.8,In,100
2026-07-13T03:10:00,23.453,23.5179,23.7,23.8,In,100
2026-07-13T03:20:00,23.442,23.4945,23.8,23.8,In,100
2026-07-13T03:30:00,23.432,23.4876,23.7,23.7,In,100
2026-07-13T03:40:00,23.389,23.4586,23.7,23.8,In,100
2026-07-13T03:50:00,23.432,23.4641,23.8,23.8,In,100
2026-07-13T04:00:00,23.432,23.4765,23.7,23.8,In,100
2026-07-13T04:10:00,23.464,23.5055,23.8,23.7,In,100
2026-07-13T04:20:00,23.507,23.5497,23.8,23.8,In,100
2026-07-13T04:30:00,23.517,23.5746,23.9,23.8,In,100
2026-07-13T04:40:00,23.453,23.5276,23.8,23.8,In,100
2026-07-13T04:50:00,23.421,23.4752,23.8,23.8,In,100
2026-07-13T05:00:00,23.389,23.4655,23.8,23.7,In,100
2026-07-13T05:10:00,23.453,23.4917,23.8,23.7,In,100
2026-07-13T05:20:00,23.453,23.4986,23.8,23.7,In,100
2026-07-13T05:30:00,23.378,23.4544,23.8,23.7,In,100
2026-07-13T05:40:00,23.196,23.2792,23.7,23.7,In,100
2026-07-13T05:50:00,22.906,22.9994,23.6,23.6,In,100
2026-07-13T06:00:00,22.874,22.9278,23.4,23.6,In,100
2026-07-13T06:10:00,22.97,23.009,23.6,23.6,In,100
2026-07-13T06:20:00,22.97,23.0435,23.6,23.6,In,100
2026-07-13T06:30:00,22.992,23.0724,23.5,23.6,In,100
2026-07-13T06:40:00,22.938,22.9787,23.4,23.6,In,100
2026-07-13T06:50:00,22.917,22.9746,23.4,23.7,In,100
2026-07-13T07:00:00,22.938,23.0146,23.6,23.6,In,100
2026-07-13T07:10:00,23.035,23.0807,23.7,23.7,In,100
2026-07-13T07:20:00,22.97,23.0394,23.7,23.7,In,100
2026-07-13T07:30:00,22.981,23.0504,23.6,23.7,In,100
2026-07-13T07:40:00,22.992,23.0338,23.5,23.6,In,100
2026-07-13T07:50:00,23.099,23.151,23.6,23.6,In,100
2026-07-13T08:00:00,22.96,23.0614,23.5,23.6,In,100
2026-07-13T08:10:00,23.024,23.1027,23.6,23.6,In,100
2026-07-13T08:20:00,23.003,23.1537,23.6,23.6,In,100
2026-07-13T08:30:00,23.024,23.1234,23.7,23.7,In,100
2026-07-13T08:40:00,23.174,23.2999,23.7,23.7,In,100
2026-07-13T08:50:00,22.97,23.0449,23.6,23.7,In,100
2026-07-13T09:00:00,23.067,23.1207,23.5,23.6,In,100
2026-07-13T09:10:00,22.96,23.009,23.6,23.6,In,100
2026-07-13T09:20:00,22.992,23.049,23.7,23.7,In,100
2026-07-13T09:30:00,23.303,23.3951,23.8,23.8,In,100
2026-07-13T09:40:00,23.442,23.5152,24,23.9,In,100
2026-07-13T09:50:00,23.603,23.6505,24,24,In,100
2026-07-13T10:00:00,23.678,23.732,24.1,24.1,In,100
2026-07-13T10:10:00,23.721,23.7804,24.1,24.1,In,100
2026-07-13T10:20:00,23.657,23.7141,24,24,In,100
2026-07-13T10:30:00,23.528,23.5787,23.9,23.9,In,100
2026-07-13T10:40:00,23.474,23.4986,23.8,23.9,In,100
2026-07-13T10:50:00,23.517,23.5525,23.9,24,In,100
2026-07-13T11:00:00,23.668,23.703,24.1,24,In,100
2026-07-13T11:10:00,23.796,23.8413,24.1,24.1,In,100
2026-07-13T11:20:00,23.753,23.8661,24.1,24.1,In,100
2026-07-13T11:30:00,23.281,23.4324,23.8,23.7,In,100
2026-07-13T11:40:00,23.421,23.4558,24,24,In,100
2026-07-13T11:50:00,23.828,23.8164,24.3,24.5,In,100
2026-07-13T12:00:00,24.257,24.2468,24.8,24.7,In,100
2026-07-13T12:10:00,24.493,24.5393,24.9,24.8,In,100
2026-07-13T12:20:00,24.354,24.4228,24.9,24.9,In,100
2026-07-13T12:30:00,24.665,24.6809,25.1,25,In,100
2026-07-13T12:40:00,24.547,24.6615,25.1,25.1,In,100
2026-07-13T12:50:00,24.579,24.6268,25.1,25.1,In,100
2026-07-13T13:00:00,24.386,24.4533,24.9,24.9,In,100
2026-07-13T13:10:00,24.011,24.136,24.5,24.6,In,100
2026-07-13T13:20:00,23.528,23.6243,23.8,24.2,In,100
2026-07-13T13:30:00,23.464,23.5331,23.9,23.8,In,100
2026-07-13T13:40:00,23.517,23.5815,23.9,23.9,In,100
2026-07-13T13:50:00,23.732,23.779,24.1,24.4,In,100
2026-07-13T14:00:00,23.668,23.7846,24.2,24.3,In,100
2026-07-13T14:10:00,23.625,23.8509,24.2,24.2,In,100
2026-07-13T14:20:00,23.228,23.3399,23.8,23.9,In,100
2026-07-13T14:30:00,23.432,23.4821,23.8,23.9,In,100
2026-07-13T14:40:00,23.485,23.5276,23.8,23.7,In,100
2026-07-13T14:50:00,23.496,23.5442,23.9,23.8,In,100
2026-07-13T15:00:00,23.571,23.5911,23.9,23.8,In,100
2026-07-13T15:10:00,23.496,23.5801,23.9,23.8,In,100
2026-07-13T15:20:00,23.453,23.5166,23.8,23.8,In,100
2026-07-13T15:30:00,23.432,23.4807,23.8,23.8,In,100
2026-07-13T15:40:00,23.442,23.4917,23.9,23.7,In,100
2026-07-13T15:50:00,23.528,23.5704,23.9,23.9,In,100
2026-07-13T16:00:00,23.635,23.645,24.1,24.1,In,100
2026-07-13T16:10:00,23.839,23.88,24.3,24.2,In,100
2026-07-13T16:20:00,23.796,23.9173,24.3,24.3,In,100
2026-07-13T16:30:00,23.421,23.5055,23.9,23.9,In,100
2026-07-13T16:40:00,23.142,23.2972,23.8,23.8,In,100
2026-07-13T16:50:00,23.26,23.4227,23.8,23.7,In,100
2026-07-13T17:00:00,23.389,23.4627,23.7,23.7,In,100
2026-07-13T17:10:00,23.367,23.4765,23.8,23.8,In,100
2026-07-13T17:20:00,23.228,23.351,23.7,23.7,In,100
2026-07-13T17:30:00,23.228,23.2682,23.6,23.7,In,100
2026-07-13T17:40:00,23.078,23.1786,23.6,23.5,In,100
2026-07-13T17:50:00,23.099,23.1565,23.5,23.5,In,100
2026-07-13T18:00:00,23.142,23.1813,23.5,23.5,In,100
2026-07-13T18:10:00,23.228,23.2365,23.6,23.5,In,100
2026-07-13T18:20:00,23.249,23.322,23.7,23.7,In,100
2026-07-13T18:30:00,23.26,23.3082,23.7,23.6,In,100
2026-07-13T18:40:00,23.271,23.3165,23.7,23.8,In,100
2026-07-13T18:50:00,22.906,22.998,23.6,23.6,In,100
2026-07-13T19:00:00,23.099,23.1096,23.6,23.7,In,100
2026-07-13T19:10:00,23.281,23.3206,23.8,23.8,In,100
2026-07-13T19:20:00,23.517,23.5359,23.9,23.8,In,100
2026-07-13T19:30:00,23.56,23.6091,23.9,23.8,In,100
2026-07-13T19:40:00,23.303,23.3799,23.8,23.9,In,100
2026-07-13T19:50:00,23.131,23.231,23.6,23.8,In,100
2026-07-13T20:00:00,23.174,23.2199,23.6,23.6,In,100
2026-07-13T20:10:00,23.121,23.1717,23.4,23.6,In,100
2026-07-13T20:20:00,23.121,23.173,23.5,23.5,In,100
2026-07-13T20:30:00,23.196,23.2378,23.6,23.7,In,100
2026-07-13T20:40:00,22.938,23.0545,23.6,23.6,In,100
2026-07-13T20:50:00,23.099,23.122,23.6,23.8,In,100
2026-07-13T21:00:00,23.378,23.4282,23.9,23.9,In,100
2026-07-13T21:10:00,23.496,23.5856,24,24,In,100
2026-07-13T21:20:00,23.432,23.4945,23.9,24,In,100
2026-07-13T21:30:00,23.271,23.3896,23.9,23.9,In,100
2026-07-13T21:40:00,23.228,23.2792,23.7,23.8,In,100
2026-07-13T21:50:00,23.196,23.2475,23.6,23.7,In,100
2026-07-13T22:00:00,23.26,23.3054,23.7,23.8,In,100
2026-07-13T22:10:00,23.292,23.3289,23.8,23.8,In,100
2026-07-13T22:20:00,23.432,23.4765,23.9,23.8,In,100
2026-07-13T22:30:00,23.55,23.6367,23.9,23.9,In,100
2026-07-13T22:40:00,23.314,23.4158,24,24,In,100
2026-07-13T22:50:00,23.507,23.5828,24,23.9,In,100
2026-07-13T23:00:00,23.668,23.7058,24,24,In,100
2026-07-13T23:10:00,23.689,23.7514,24.1,24,In,100
2026-07-13T23:20:00,23.807,23.8164,24.1,24.1,In,100
2026-07-13T23:30:00,23.753,23.7887,24.1,24.1,In,100
2026-07-13T23:40:00,23.721,23.7666,24,24.2,In,100
2026-07-13T23:50:00,23.689,23.7307,24.1,24.2,In,100
2026-07-14T00:00:00,23.7,23.7514,24.2,24.3,In,100
2026-07-14T00:10:00,23.925,23.9547,24.3,24.4,In,100
2026-07-14T00:20:00,24.15,24.1748,24.6,24.7,In,100
2026-07-14T00:30:00,24.257,24.3577,24.7,24.7,In,100
2026-07-14T00:40:00,24.15,24.2551,24.7,24.7,In,100
2026-07-14T00:50:00,23.689,23.8164,24.5,24.7,In,100
2026-07-14T01:00:00,23.625,23.7003,24.4,24.5,In,100
2026-07-14T01:10:00,24.129,24.118,24.5,24.6,In,100
2026-07-14T01:20:00,24.193,24.1983,24.5,24.6,In,100
2026-07-14T01:30:00,24.172,24.2412,24.5,24.5,In,100
2026-07-14T01:40:00,24.225,24.2537,24.5,24.6,In,100
2026-07-14T01:50:00,24.279,24.3036,24.6,24.6,In,100
2026-07-14T02:00:00,24.343,24.3743,24.7,24.7,In,100
2026-07-14T02:10:00,24.429,24.4977,24.7,24.9,In,100
2026-07-14T02:20:00,24.418,24.5352,24.9,25,In,100
2026-07-14T02:30:00,24.193,24.2662,24.7,24.8,In,100
2026-07-14T02:40:00,24.311,24.3618,24.7,24.8,In,100
2026-07-14T02:50:00,24.29,24.3355,24.7,24.6,In,100
2026-07-14T03:00:00,24,24.0723,24.5,24.5,In,100
2026-07-14T03:10:00,23.968,24.0155,24.5,24.5,In,100
2026-07-14T03:20:00,23.839,23.9256,24.3,24.4,In,100
2026-07-14T03:30:00,23.936,23.9906,24.4,24.3,In,100
2026-07-14T03:40:00,24,24.0861,24.4,24.5,In,100
2026-07-14T03:50:00,24.032,24.0875,24.4,24.5,In,100
2026-07-14T04:00:00,23.946,24.01,24.4,24.6,In,100
2026-07-14T04:10:00,23.957,23.9976,24.3,24.5,In,100
2026-07-14T04:20:00,23.936,24.0017,24.3,24.3,In,100
2026-07-14T04:30:00,23.818,23.8966,24.3,24.3,In,100
2026-07-14T04:40:00,23.7,23.7542,24.2,24.2,In,100
2026-07-14T04:50:00,23.603,23.6616,24.1,24,In,100
2026-07-14T05:00:00,23.657,23.6878,24.1,24.1,In,100
2026-07-14T05:10:00,23.721,23.7984,24.2,24.2,In,100
2026-07-14T05:20:00,23.635,23.7625,24.2,24.3,In,100
2026-07-14T05:30:00,23.539,23.6201,24,24.1,In,100
2026-07-14T05:40:00,23.539,23.587,24,24,In,100
2026-07-14T05:50:00,23.56,23.6174,23.9,24,In,100
2026-07-14T06:00:00,23.528,23.5746,23.9,24,In,100
2026-07-14T06:10:00,23.517,23.5635,23.9,24,In,100
2026-07-14T06:20:00,23.507,23.5649,23.9,24.1,In,100
2026-07-14T06:30:00,23.496,23.5538,23.9,24,In,100
2026-07-14T06:40:00,23.432,23.511,23.7,23.8,In,100
2026-07-14T06:50:00,23.453,23.5069,23.8,23.8,In,100
2026-07-14T07:00:00,23.453,23.4959,23.7,23.7,In,100
2026-07-14T07:10:00,23.453,23.5,23.7,23.7,In,100
2026-07-14T07:20:00,23.442,23.5041,23.7,23.7,In,100
2026-07-14T07:30:00,23.464,23.5083,23.8,23.7,In,100
2026-07-14T07:40:00,23.474,23.5,23.7,23.7,In,100
2026-07-14T07:50:00,23.432,23.4752,23.8,23.7,In,100
2026-07-14T08:00:00,23.432,23.4779,23.7,23.6,In,100
2026-07-14T08:10:00,23.432,23.4752,23.7,23.7,In,100
2026-07-14T08:20:00,23.432,23.4821,23.7,23.7,In,100
2026-07-14T08:30:00,23.453,23.4917,23.7,23.7,In,100
2026-07-14T08:40:00,23.453,23.4821,23.7,23.7,In,100
2026-07-14T08:50:00,23.474,23.4972,23.7,23.7,In,100
2026-07-14T09:00:00,23.474,23.5041,23.8,23.8,In,100
2026-07-14T09:10:00,23.464,23.5069,23.7,23.8,In,100
2026-07-14T09:20:00,23.432,23.511,23.8,23.9,In,100
2026-07-14T09:30:00,23.496,23.511,23.8,23.9,In,100
2026-07-14T09:40:00,23.496,23.5249,23.8,23.9,In,100
2026-07-14T09:50:00,23.56,23.5994,23.9,24.1,In,100
2026-07-14T10:00:00,23.71,23.7473,24.1,24.1,In,100
2026-07-14T10:10:00,23.796,23.8357,24.2,24.4,In,100
2026-07-14T10:20:00,23.968,24.0225,24.4,24.4,In,100
2026-07-14T10:30:00,23.828,23.8758,24.1,24.1,In,100
2026-07-14T10:40:00,23.753,23.8233,24.1,24,In,100
2026-07-14T10:50:00,23.689,23.7514,24.1,24,In,100
2026-07-14T11:00:00,23.882,23.9201,24.4,24.4,In,100
2026-07-14T11:10:00,24.097,24.1235,24.5,24.4,In,100
2026-07-14T11:20:00,23.785,23.9796,24,24,In,100
2026-07-14T11:30:00,23.399,23.4738,23.7,23.8,In,100
2026-07-14T11:40:00,23.442,23.4655,24,24,In,100
2026-07-14T11:50:00,23.861,23.8399,24.5,24.5,In,100
2026-07-14T12:00:00,24.279,24.2897,24.7,24.7,In,100
2026-07-14T12:10:00,24.461,24.506,24.8,24.8,In,100
2026-07-14T12:20:00,24.515,24.5449,24.8,24.8,In,100
2026-07-14T12:30:00,24.611,24.6407,25,24.9,In,100
2026-07-14T12:40:00,24.665,24.7101,25.1,25,In,100
2026-07-14T12:50:00,24.815,24.8504,25.1,25.1,In,100
2026-07-14T13:00:00,24.59,24.6712,24.9,24.9,In,100
2026-07-14T13:10:00,24.386,24.4478,24.7,24.7,In,100
2026-07-14T13:20:00,24.214,24.2953,24.7,24.6,In,100
2026-07-14T13:30:00,24.247,24.3244,24.7,24.6,In,100
2026-07-14T13:40:00,23.968,24.0571,24.3,24.4,In,100
2026-07-14T13:50:00,23.71,23.8025,24,24.1,In,100
2026-07-14T14:00:00,23.571,23.6533,24,24,In,100
2026-07-14T14:10:00,23.775,23.8081,24.2,24.1,In,100
2026-07-14T14:20:00,23.839,23.8565,24.1,24.3,In,100
2026-07-14T14:30:00,23.807,23.8924,24.2,24.2,In,100
2026-07-14T14:40:00,23.432,23.5304,23.8,23.8,In,100
2026-07-14T14:50:00,23.453,23.4959,23.8,23.9,In,100
2026-07-14T15:00:00,23.517,23.5525,23.8,23.9,In,100
2026-07-14T15:10:00,23.453,23.5276,24,23.9,In,100
2026-07-14T15:20:00,23.528,23.5787,24,24,In,100
2026-07-14T15:30:00,23.625,23.6657,24,24,In,100
2026-07-14T15:40:00,23.71,23.7597,24.2,24.1,In,100
2026-07-14T15:50:00,23.592,23.6837,24.1,24.1,In,100
2026-07-14T16:00:00,23.678,23.721,24.1,24.1,In,100
2026-07-14T16:10:00,23.668,23.7348,24.1,24.1,In,100
2026-07-14T16:20:00,23.56,23.6367,24,24.2,In,100
2026-07-14T16:30:00,23.474,23.5276,24,24,In,100
2026-07-14T16:40:00,23.485,23.5166,23.8,23.9,In,100
2026-07-14T16:50:00,23.56,23.6091,23.9,23.9,In,100
2026-07-14T17:00:00,23.41,23.4738,23.8,23.8,In,100
2026-07-14T17:10:00,23.442,23.4724,23.8,23.9,In,100
2026-07-14T17:20:00,23.389,23.4682,23.8,23.8,In,100
2026-07-14T17:30:00,23.206,23.2834,23.5,23.6,In,100
2026-07-14T17:40:00,23.185,23.2475,23.5,23.6,In,100
2026-07-14T17:50:00,23.217,23.2765,23.6,23.6,In,100
2026-07-14T18:00:00,23.314,23.3882,23.8,23.8,In,100
2026-07-14T18:10:00,23.335,23.4006,23.7,23.8,In,100
2026-07-14T18:20:00,23.303,23.3537,23.6,23.6,In,100
2026-07-14T18:30:00,23.314,23.3592,23.6,23.6,In,100
2026-07-14T18:40:00,23.378,23.4296,23.7,23.7,In,100
2026-07-14T18:50:00,23.389,23.4255,23.7,23.7,In,100
2026-07-14T19:00:00,23.228,23.2985,23.6,23.7,In,100
2026-07-14T19:10:00,23.056,23.1138,23.3,23.3,In,100
2026-07-14T19:20:00,22.938,22.9829,23.3,23.4,In,100
2026-07-14T19:30:00,23.174,23.1758,23.6,23.6,In,100
2026-07-14T19:40:00,23.131,23.2737,23.6,23.6,In,100
2026-07-14T19:50:00,23.228,23.2999,23.6,23.6,In,100
2026-07-14T20:00:00,23.142,23.2447,23.5,23.5,In,100
2026-07-14T20:10:00,23.078,23.1358,23.5,23.5,In,100
2026-07-14T20:20:00,23.003,23.0669,23.5,23.4,In,100
2026-07-14T20:30:00,22.938,22.9581,23.5,23.4,In,100
2026-07-14T20:40:00,22.97,23.0435,23.3,23.4,In,100
2026-07-14T20:50:00,22.938,22.987,23.3,23.3,In,100
2026-07-14T21:00:00,23.078,23.1014,23.4,23.5,In,100
2026-07-14T21:10:00,23.142,23.1813,23.6,23.5,In,100
2026-07-14T21:20:00,23.281,23.3206,23.7,23.6,In,100
2026-07-14T21:30:00,23.335,23.3882,23.7,23.6,In,100
2026-07-14T21:40:00,23.271,23.3303,23.6,23.6,In,100
2026-07-14T21:50:00,23.099,23.1813,23.6,23.6,In,100
2026-07-14T22:00:00,23.11,23.1772,23.6,23.6,In,100
2026-07-14T22:10:00,23.099,23.1689,23.5,23.6,In,100
2026-07-14T22:20:00,23.131,23.173,23.7,23.7,In,100
2026-07-14T22:30:00,23.271,23.3358,23.8,23.8,In,100
2026-07-14T22:40:00,23.571,23.5939,23.9,23.9,In,100
2026-07-14T22:50:00,23.796,23.815,24.2,24.2,In,100
2026-07-14T23:00:00,24.075,24.0626,24.5,24.6,In,100
2026-07-14T23:10:00,24.236,24.269,24.8,24.7,In,100
2026-07-14T23:20:00,23.957,24.0931,24.5,24.5,In,100
2026-07-14T23:30:00,23.635,23.7058,24,24.1,In,100
2026-07-14T23:40:00,23.71,23.732,24.1,24.2,In,100
2026-07-14T23:50:00,23.893,23.9228,24.3,24.4,In,100
2026-07-15T00:00:00,24.193,24.2038,24.8,24.7,In,100
2026-07-15T00:10:00,24.472,24.5282,24.9,24.8,In,100
2026-07-15T00:20:00,23.507,23.7127,24.2,24.3,In,100
2026-07-15T00:30:00,23.335,23.402,24.3,24.3,In,100
2026-07-15T00:40:00,23.678,23.6657,24.6,24.7,In,100
2026-07-15T00:50:00,24.15,24.1526,24.6,24.7,In,100
2026-07-15T01:00:00,24.354,24.3909,24.7,24.6,In,100
2026-07-15T01:10:00,23.903,23.9962,24.6,24.6,In,100
2026-07-15T01:20:00,24.172,24.2163,24.5,24.5,In,100
2026-07-15T01:30:00,24.182,24.2911,24.8,24.9,In,100
2026-07-15T01:40:00,24.59,24.6157,25,24.9,In,100
2026-07-15T01:50:00,24.772,24.8046,25.1,25.1,In,100
2026-07-15T02:00:00,24.869,24.9019,25.1,25.1,In,100
2026-07-15T02:10:00,24.719,24.9353,25.2,25.2,In,100
2026-07-15T02:20:00,24.075,24.1761,24.6,24.6,In,100
2026-07-15T02:30:00,23.85,23.9311,24.5,24.6,In,100
2026-07-15T02:40:00,24.129,24.1415,24.5,24.5,In,100
2026-07-15T02:50:00,24.182,24.2246,24.8,24.8,In,100
2026-07-15T03:00:00,24.043,24.1609,24.4,24.4,In,100
2026-07-15T03:10:00,23.657,23.815,24.1,24.3,In,100
2026-07-15T03:20:00,23.496,23.5649,23.8,24,In,100
2026-07-15T03:30:00,23.582,23.6174,24,24,In,100
2026-07-15T03:40:00,23.657,23.7072,24,24,In,100
2026-07-15T03:50:00,23.721,23.7555,24,24,In,100
2026-07-15T04:00:00,23.56,23.6312,24.1,24,In,100
2026-07-15T04:10:00,23.592,23.6533,24,23.9,In,100
2026-07-15T04:20:00,23.678,23.7307,24.2,24.2,In,100
2026-07-15T04:30:00,23.603,23.6795,24.2,24.2,In,100
2026-07-15T04:40:00,23.496,23.5373,23.8,23.7,In,100
2026-07-15T04:50:00,23.432,23.4724,23.7,23.8,In,100
2026-07-15T05:00:00,23.507,23.54,23.9,24,In,100
2026-07-15T05:10:00,23.732,23.739,24.1,24.1,In,100
2026-07-15T05:20:00,23.721,23.7777,24,24,In,100
2026-07-15T05:30:00,23.453,23.5124,23.8,23.7,In,100
2026-07-15T05:40:00,23.356,23.4448,23.7,23.7,In,100
2026-07-15T05:50:00,23.335,23.3992,23.6,23.6,In,100
2026-07-15T06:00:00,23.367,23.4089,23.7,23.7,In,100
2026-07-15T06:10:00,23.432,23.471,23.7,23.7,In,100
2026-07-15T06:20:00,23.442,23.4931,23.8,23.7,In,100
2026-07-15T06:30:00,23.217,23.3716,23.7,23.7,In,100
2026-07-15T06:40:00,23.067,23.1234,23.5,23.6,In,100
2026-07-15T06:50:00,23.11,23.162,23.7,23.7,In,100
2026-07-15T07:00:00,23.228,23.2378,23.6,23.6,In,100
2026-07-15T07:10:00,23.217,23.2958,23.6,23.6,In,100
2026-07-15T07:20:00,23.185,23.2613,23.5,23.5,In,100
2026-07-15T07:30:00,22.938,23.038,23.4,23.5,In,100
2026-07-15T07:40:00,23.035,23.0738,23.5,23.5,In,100
2026-07-15T07:50:00,23.239,23.2944,23.6,23.6,In,100
2026-07-15T08:00:00,23.271,23.333,23.6,23.5,In,100
2026-07-15T08:10:00,23.281,23.3565,23.6,23.6,In,100
2026-07-15T08:20:00,23.206,23.3413,23.6,23.6,In,100
2026-07-15T08:30:00,23.239,23.2889,23.6,23.6,In,100
2026-07-15T08:40:00,22.852,22.9484,23.5,23.5,In,100
2026-07-15T08:50:00,22.842,22.8865,23.1,23.3,In,100
2026-07-15T09:00:00,22.81,22.8851,23.3,23.3,In,100
2026-07-15T09:10:00,22.852,22.9209,23.3,23.4,In,100
2026-07-15T09:20:00,22.842,23.0146,23.4,23.5,In,100
2026-07-15T09:30:00,23.11,23.1248,23.6,23.5,In,100
2026-07-15T09:40:00,23.26,23.3068,23.7,23.6,In,100
2026-07-15T09:50:00,23.281,23.3096,23.7,23.6,In,100
2026-07-15T10:00:00,23.206,23.2709,23.5,23.4,In,100
2026-07-15T10:10:00,23.153,23.2103,23.6,23.5,In,100
2026-07-15T10:20:00,23.142,23.1882,23.6,23.6,In,100
2026-07-15T10:30:00,23.185,23.2296,23.6,23.6,In,100
2026-07-15T10:40:00,23.249,23.2944,23.6,23.5,In,100
2026-07-15T10:50:00,23.228,23.2903,23.6,23.6,In,100
2026-07-15T11:00:00,23.281,23.3151,24.1,24.3,In,100
2026-07-15T11:10:00,23.635,23.703,24.2,24.2,In,100
2026-07-15T11:20:00,23.689,23.7846,24,24,In,100
2026-07-15T11:30:00,23.271,23.3896,23.5,23.5,In,100
2026-07-15T11:40:00,23.11,23.1524,23.5,23.6,In,100
2026-07-15T11:50:00,23.421,23.3923,23.9,24,In,100
2026-07-15T12:00:00,24.032,24.0418,24.6,24.6,In,100
2026-07-15T12:10:00,24.097,24.172,24.5,24.5,In,100
2026-07-15T12:20:00,23.507,23.7155,24.1,24.1,In,100
2026-07-15T12:30:00,23.239,23.2916,23.5,23.5,In,100
2026-07-15T12:40:00,23.271,23.3109,23.8,23.8,In,100
2026-07-15T12:50:00,23.614,23.6312,24.1,24,In,100
2026-07-15T13:00:00,23.871,23.8731,24.3,24.3,In,100
2026-07-15T13:10:00,24.225,24.2385,24.7,24.7,In,100
2026-07-15T13:20:00,24.504,24.513,24.9,24.9,In,100
2026-07-15T13:30:00,24.601,24.6421,25,24.9,In,100
2026-07-15T13:40:00,24.686,24.7351,25,25,In,100
2026-07-15T13:50:00,24.729,24.774,25,25,In,100
2026-07-15T14:00:00,24.365,24.5685,24.7,24.7,In,100
2026-07-15T14:10:00,24.172,24.2634,24.6,24.5,In,100
2026-07-15T14:20:00,23.839,23.9353,24,24,In,100
2026-07-15T14:30:00,23.303,23.391,23.6,23.6,In,100
2026-07-15T14:40:00,23.26,23.3054,23.7,23.7,In,100
2026-07-15T14:50:00,23.453,23.4627,23.9,23.9,In,100
2026-07-15T15:00:00,23.743,23.7569,24.2,24.4,In,100
2026-07-15T15:10:00,24.193,24.1997,24.8,24.7,In,100
2026-07-15T15:20:00,23.303,23.4558,23.6,23.7,In,100
2026-07-15T15:30:00,23.303,23.3261,23.6,23.6,In,100
2026-07-15T15:40:00,23.356,23.4172,23.8,23.8,In,100
2026-07-15T15:50:00,23.292,23.3537,23.6,23.5,In,100
2026-07-15T16:00:00,23.11,23.1937,23.5,23.5,In,100
2026-07-15T16:10:00,23.067,23.1331,23.5,23.4,In,100
2026-07-15T16:20:00,23.099,23.1482,23.5,23.5,In,100
2026-07-15T16:30:00,23.281,23.3109,23.9,23.8,In,100
2026-07-15T16:40:00,23.56,23.6008,23.9,23.8,In,100
2026-07-15T16:50:00,23.474,23.54,23.8,23.7,In,100
2026-07-15T17:00:00,23.453,23.4931,23.7,23.7,In,100
2026-07-15T17:10:00,23.367,23.4241,23.8,23.7,In,100
2026-07-15T17:20:00,23.399,23.4669,23.9,24,In,100
2026-07-15T17:30:00,23.303,23.3854,23.6,23.6,In,100
2026-07-15T17:40:00,23.163,23.2434,23.5,23.4,In,100
2026-07-15T17:50:00,23.078,23.1579,23.4,23.4,In,100
2026-07-15T18:00:00,23.045,23.0821,23.4,23.4,In,100
2026-07-15T18:10:00,22.97,23.0394,23.4,23.4,In,100
2026-07-15T18:20:00,23.088,23.1372,23.5,23.6,In,100
2026-07-15T18:30:00,23.11,23.1606,23.6,23.7,In,100
2026-07-15T18:40:00,23.078,23.1551,23.4,23.4,In,100
2026-07-15T18:50:00,23.088,23.1482,23.5,23.6,In,100
2026-07-15T19:00:00,22.96,23.0159,23.5,23.5,In,100
2026-07-15T19:10:00,23.228,23.2516,23.7,23.7,In,100
2026-07-15T19:20:00,23.474,23.5055,23.8,23.8,In,100
2026-07-15T19:30:00,23.507,23.5566,23.8,23.8,In,100
2026-07-15T19:40:00,23.528,23.5773,23.8,23.9,In,100
2026-07-15T19:50:00,23.26,23.3965,23.9,23.7,In,100
2026-07-15T20:00:00,23.217,23.2792,23.8,23.9,In,100
2026-07-15T20:10:00,23.271,23.3054,23.8,23.8,In,100
2026-07-15T20:20:00,23.249,23.3151,23.7,23.8,In,100
2026-07-15T20:30:00,23.292,23.3592,23.7,23.7,In,100
2026-07-15T20:40:00,23.185,23.2572,23.5,23.4,In,100
2026-07-15T20:50:00,22.938,22.9994,23.4,23.3,In,100
2026-07-15T21:00:00,22.863,22.9319,23.4,23.4,In,100
2026-07-15T21:10:00,23.067,23.0821,23.5,23.5,In,100
2026-07-15T21:20:00,23.292,23.3261,23.7,23.6,In,100
2026-07-15T21:30:00,23.26,23.3109,23.6,23.6,In,100
2026-07-15T21:40:00,23.314,23.3578,23.7,23.7,In,100
2026-07-15T21:50:00,23.389,23.4241,23.7,23.7,In,100
2026-07-15T22:00:00,23.432,23.5069,23.8,23.8,In,100
2026-07-15T22:10:00,23.367,23.4489,23.7,23.7,In,100
2026-07-15T22:20:00,23.292,23.362,23.7,23.7,In,100
2026-07-15T22:30:00,23.303,23.3716,23.7,23.7,In,100
2026-07-15T22:40:00,23.217,23.2627,23.6,23.6,In,100
2026-07-15T22:50:00,23.249,23.2682,23.6,23.4,In,100
2026-07-15T23:00:00,23.163,23.2144,23.4,23.4,In,100
2026-07-15T23:10:00,23.131,23.1758,23.4,23.4,In,100
2026-07-15T23:20:00,23.056,23.1,23.5,23.4,In,100
2026-07-15T23:30:00,23.131,23.1648,23.6,23.6,In,100
2026-07-15T23:40:00,23.142,23.2144,23.7,24,In,100
2026-07-15T23:50:00,23.389,23.4379,23.8,23.8,In,100
2026-07-16T00:00:00,23.56,23.5939,23.9,23.9,In,100
2026-07-16T00:10:00,23.668,23.7016,24,23.9,In,100
2026-07-16T00:20:00,23.668,23.7293,24,24,In,100
2026-07-16T00:30:00,23.539,23.6284,24,24,In,100
2026-07-16T00:40:00,23.592,23.634,24.1,24.1,In,100
2026-07-16T00:50:00,23.861,23.8689,24.3,24.3,In,100
2026-07-16T01:00:00,24.257,24.2426,24.7,24.6,In,100
2026-07-16T01:10:00,23.861,23.9643,24.1,24,In,100
2026-07-16T01:20:00,23.356,23.4296,23.6,23.7,In,100
2026-07-16T01:30:00,23.432,23.4862,23.9,23.8,In,100
2026-07-16T01:40:00,23.689,23.6934,24.1,24,In,100
2026-07-16T01:50:00,23.839,23.8606,24.4,24.4,In,100
2026-07-16T02:00:00,23.85,23.9173,24.2,24.2,In,100
2026-07-16T02:10:00,23.775,23.833,24.3,24.3,In,100
2026-07-16T02:20:00,23.775,23.8302,24.2,24.2,In,100
2026-07-16T02:30:00,23.979,24.0792,24.6,24.6,In,100
2026-07-16T02:40:00,24.515,24.5435,25,24.9,In,100
2026-07-16T02:50:00,24.751,24.8171,25.1,25.1,In,100
2026-07-16T03:00:00,23.893,24.0294,24.4,24.5,In,100
2026-07-16T03:10:00,23.764,23.8219,24.1,24.4,In,100
2026-07-16T03:20:00,23.893,23.9187,24.3,24.2,In,100
2026-07-16T03:30:00,24.032,24.0944,24.5,24.6,In,100
2026-07-16T03:40:00,24.182,24.2385,24.6,24.7,In,100
2026-07-16T03:50:00,24.075,24.1443,24.4,24.4,In,100
2026-07-16T04:00:00,23.582,23.7251,23.9,24.1,In,100
2026-07-16T04:10:00,23.356,23.4462,23.8,23.8,In,100
2026-07-16T04:20:00,23.539,23.5718,24,24.2,In,100
2026-07-16T04:30:00,23.732,23.7721,24.1,24.1,In,100
2026-07-16T04:40:00,23.818,23.8814,24.1,24.1,In,100
2026-07-16T04:50:00,23.625,23.6947,24.1,24.1,In,100
2026-07-16T05:00:00,23.785,23.8371,24.1,24.1,In,100
2026-07-16T05:10:00,23.7,23.815,24.1,24.1,In,100
2026-07-16T05:20:00,23.753,23.7998,24.2,24.2,In,100
2026-07-16T05:30:00,23.775,23.8537,24.1,24.1,In,100
2026-07-16T05:40:00,23.517,23.6077,23.9,23.9,In,100
2026-07-16T05:50:00,23.507,23.5566,23.8,23.8,In,100
2026-07-16T06:00:00,23.721,23.7251,24.1,24.1,In,100
2026-07-16T06:10:00,23.732,23.8108,24,24,In,100
2026-07-16T06:20:00,23.635,23.7141,24,24,In,100
2026-07-16T06:30:00,23.174,23.2765,23.8,23.8,In,100
2026-07-16T06:40:00,23.239,23.304,23.7,23.8,In,100
2026-07-16T06:50:00,23.217,23.2654,23.7,23.8,In,100
2026-07-16T07:00:00,23.281,23.3178,23.6,23.6,In,100
2026-07-16T07:10:00,23.206,23.2875,23.6,23.6,In,100
2026-07-16T07:20:00,23.131,23.2089,23.6,23.5,In,100
2026-07-16T07:30:00,23.121,23.1799,23.6,23.6,In,100
2026-07-16T07:40:00,23.239,23.2847,23.6,23.6,In,100
2026-07-16T07:50:00,23.324,23.351,23.6,23.7,In,100
2026-07-16T08:00:00,23.335,23.4006,23.8,23.8,In,100
2026-07-16T08:10:00,23.464,23.4931,23.8,23.8,In,100
2026-07-16T08:20:00,23.292,23.3689,23.6,23.7,In,100
2026-07-16T08:30:00,23.056,23.1248,23.4,23.4,In,100
2026-07-16T08:40:00,23.045,23.0945,23.4,23.4,In,100
2026-07-16T08:50:00,23.024,23.0697,23.3,23.4,In,100
2026-07-16T09:00:00,23.003,23.0683,23.4,23.4,In,100
2026-07-16T09:10:00,22.981,23.0242,23.3,23.4,In,100
2026-07-16T09:20:00,22.938,23.0118,23.3,23.3,In,100
2026-07-16T09:30:00,22.992,23.0242,23.3,23.4,In,100
2026-07-16T09:40:00,22.992,23.0545,23.5,23.5,In,100
2026-07-16T09:50:00,23.024,23.0724,23.3,23.4,In,100
2026-07-16T10:00:00,23.035,23.0793,23.4,23.5,In,100
2026-07-16T10:10:00,23.131,23.1717,23.7,23.8,In,100
2026-07-16T10:20:00,23.474,23.5235,23.9,23.8,In,100
2026-07-16T10:30:00,23.464,23.5262,23.9,23.8,In,100
2026-07-16T10:40:00,23.528,23.5621,23.9,23.9,In,100
2026-07-16T10:50:00,23.582,23.6312,24,23.9,In,100
2026-07-16T11:00:00,23.614,23.7044,24,24,In,100
2026-07-16T11:10:00,23.721,23.7583,24.1,24.1,In,100
2026-07-16T11:20:00,23.678,23.7597,24.1,24.1,In,100
2026-07-16T11:30:00,23.668,23.7251,24,24,In,100
2026-07-16T11:40:00,23.689,23.739,24,23.9,In,100
2026-07-16T11:50:00,23.528,23.6561,24,23.9,In,100
2026-07-16T12:00:00,23.635,23.7044,24.1,24,In,100
2026-07-16T12:10:00,23.732,23.7804,24.1,24.1,In,100
2026-07-16T12:20:00,23.732,23.797,24.1,24,In,100
2026-07-16T12:30:00,23.625,23.6864,23.9,23.9,In,100
2026-07-16T12:40:00,23.496,23.5525,23.8,23.8,In,100
2026-07-16T12:50:00,23.528,23.5621,23.8,23.8,In,100
2026-07-16T13:00:00,23.625,23.6505,24.1,24.2,In,100
2026-07-16T13:10:00,24.139,24.1277,24.6,24.6,In,100
2026-07-16T13:20:00,24.29,24.341,24.6,24.6,In,100
2026-07-16T13:30:00,24.011,24.0875,24.4,24.4,In,100
2026-07-16T13:40:00,24.086,24.1678,24.6,24.6,In,100
2026-07-16T13:50:00,24.311,24.3798,24.8,24.8,In,100
2026-07-16T14:00:00,24.59,24.6462,24.9,24.9,In,100
2026-07-16T14:10:00,24.665,24.7143,25,24.9,In,100
2026-07-16T14:20:00,24.408,24.4603,24.7,24.7,In,100
2026-07-16T14:30:00,23.914,24.0003,24.3,24.4,In,100
2026-07-16T14:40:00,23.732,23.7887,24.1,24,In,100
2026-07-16T14:50:00,23.56,23.6713,24.1,24.1,In,100
2026-07-16T15:00:00,23.507,23.5732,23.9,23.9,In,100
2026-07-16T15:10:00,23.625,23.6588,24,23.9,In,100
2026-07-16T15:20:00,23.721,23.7666,24,24,In,100
2026-07-16T15:30:00,23.689,23.75,24.1,24,In,100
2026-07-16T15:40:00,23.668,23.7334,24.1,24.1,In,100
2026-07-16T15:50:00,23.496,23.5801,23.9,23.9,In,100
2026-07-16T16:00:00,23.528,23.5538,23.9,23.9,In,100
2026-07-16T16:10:00,23.753,23.7735,24.2,24.1,In,100
2026-07-16T16:20:00,23.56,23.6063,23.9,23.9,In,100
2026-07-16T16:30:00,23.528,23.5635,23.8,23.8,In,100
2026-07-16T16:40:00,23.528,23.5718,23.9,23.9,In,100
2026-07-16T16:50:00,23.528,23.5842,23.9,23.9,In,100
2026-07-16T17:00:00,23.539,23.5787,23.8,23.9,In,100
2026-07-16T17:10:00,23.539,23.5801,24,24,In,100
2026-07-16T17:20:00,23.668,23.7832,24.2,24.1,In,100
2026-07-16T17:30:00,23.442,23.4972,23.8,23.8,In,100
2026-07-16T17:40:00,23.453,23.4876,23.8,23.8,In,100
2026-07-16T17:50:00,23.603,23.6188,23.9,23.9,In,100
2026-07-16T18:00:00,23.56,23.6118,23.9,23.8,In,100
2026-07-16T18:10:00,23.539,23.6063,23.9,23.8,In,100
2026-07-16T18:20:00,23.507,23.587,23.9,23.8,In,100
2026-07-16T18:30:00,23.421,23.4572,23.7,23.7,In,100
2026-07-16T18:40:00,23.399,23.4462,23.7,23.8,In,100
2026-07-16T18:50:00,23.378,23.4241,23.6,23.6,In,100
2026-07-16T19:00:00,23.303,23.3578,23.6,23.6,In,100
2026-07-16T19:10:00,23.292,23.3385,23.6,23.6,In,100
2026-07-16T19:20:00,23.292,23.3385,23.6,23.6,In,100
2026-07-16T19:30:00,23.185,23.2351,23.4,23.5,In,100
2026-07-16T19:40:00,23.078,23.1193,23.5,23.5,In,100
2026-07-16T19:50:00,23.003,23.0421,23.4,23.4,In,100
2026-07-16T20:00:00,23.045,23.1138,23.5,23.4,In,100
2026-07-16T20:10:00,23.163,23.1979,23.6,23.6,In,100
2026-07-16T20:20:00,22.97,23.0945,23.5,23.6,In,100
2026-07-16T20:30:00,22.938,23.009,23.5,23.5,In,100
2026-07-16T20:40:00,23.003,23.049,23.4,23.4,In,100
2026-07-16T20:50:00,23.003,23.0476,23.4,23.4,In,100
2026-07-16T21:00:00,22.949,23.0325,23.3,23.4,In,100
2026-07-16T21:10:00,22.949,22.987,23.4,23.4,In,100
2026-07-16T21:20:00,22.949,22.9911,23.3,23.3,In,100
2026-07-16T21:30:00,22.906,22.9443,23.3,23.4,In,100
2026-07-16T21:40:00,22.906,22.9691,23.5,23.6,In,100
2026-07-16T21:50:00,22.917,23.0766,23.6,23.7,In,100
2026-07-16T22:00:00,22.992,23.0972,23.6,23.7,In,100
2026-07-16T22:10:00,23.067,23.1827,23.4,23.5,In,100
2026-07-16T22:20:00,23.099,23.1524,23.5,23.4,In,100
2026-07-16T22:30:00,23.11,23.1551,23.4,23.6,In,100
2026-07-16T22:40:00,23.099,23.1441,23.4,23.4,In,100
2026-07-16T22:50:00,23.099,23.14,23.6,23.5,In,100
2026-07-16T23:00:00,23.228,23.2806,23.5,23.5,In,100
2026-07-16T23:10:00,23.378,23.3923,23.7,23.7,In,100
2026-07-16T23:20:00,23.163,23.2903,23.7,23.8,In,100
2026-07-16T23:30:00,23.185,23.2213,23.6,23.6,In,100
2026-07-16T23:40:00,23.056,23.1248,23.5,23.5,In,100
2026-07-16T23:50:00,23.088,23.1317,23.6,23.7,In,100
2026-07-17T00:00:00,23.056,23.1234,23.7,23.7,In,100
2026-07-17T00:10:00,23.378,23.391,23.8,23.8,In,100
2026-07-17T00:20:00,23.56,23.5925,23.9,23.8,In,100
2026-07-17T00:30:00,23.635,23.6726,24,24,In,100
2026-07-17T00:40:00,23.732,23.7887,24.3,24.3,In,100
2026-07-17T00:50:00,24.011,24.0128,24.4,24.5,In,100
2026-07-17T01:00:00,24.257,24.3175,24.8,24.7,In,100
2026-07-17T01:10:00,24.043,24.1304,24.3,24.2,In,100
2026-07-17T01:20:00,23.614,23.732,23.9,24.1,In,100
2026-07-17T01:30:00,23.603,23.6298,24,24.3,In,100
2026-07-17T01:40:00,24.29,24.2856,24.8,24.9,In,100
2026-07-17T01:50:00,24.129,24.3577,24.4,24.4,In,100
2026-07-17T02:00:00,23.571,23.6768,23.8,23.8,In,100
2026-07-17T02:10:00,23.421,23.4903,23.6,23.6,In,100
2026-07-17T02:20:00,23.399,23.4172,23.9,23.8,In,100
2026-07-17T02:30:00,23.721,23.7334,24.6,24.6,In,100
2026-07-17T02:40:00,24.204,24.1692,24.6,24.7,In,100
2026-07-17T02:50:00,23.871,23.9588,24.2,24.2,In,100
2026-07-17T03:00:00,24.118,24.1775,24.6,24.6,In,100
2026-07-17T03:10:00,24.161,24.2246,24.8,24.9,In,100
2026-07-17T03:20:00,24.686,24.7032,25.1,25.1,In,100
2026-07-17T03:30:00,24.858,24.8713,25.1,25.1,In,100
2026-07-17T03:40:00,24.901,24.9339,25.2,25.2,In,100
2026-07-17T03:50:00,24.472,24.7129,24.8,24.9,In,100
2026-07-17T04:00:00,24.097,24.1928,24.4,24.5,In,100
2026-07-17T04:10:00,24.204,24.2329,24.5,24.5,In,100
2026-07-17T04:20:00,24,24.0834,24.4,24.4,In,100
2026-07-17T04:30:00,23.871,23.956,24.3,24.3,In,100
2026-07-17T04:40:00,23.56,23.6478,23.8,23.8,In,100
2026-07-17T04:50:00,23.571,23.6049,23.9,23.9,In,100
2026-07-17T05:00:00,23.732,23.8012,24.2,24.1,In,100
2026-07-17T05:10:00,23.828,23.8786,24.2,24.2,In,100
2026-07-17T05:20:00,23.914,23.974,24.2,24.1,In,100
2026-07-17T05:30:00,23.903,23.9713,24.3,24.3,In,100
2026-07-17T05:40:00,24.054,24.1041,24.4,24.3,In,100
2026-07-17T05:50:00,23.968,24.0557,24.3,24.3,In,100
2026-07-17T06:00:00,24,24.0474,24.3,24.3,In,100
2026-07-17T06:10:00,23.689,23.8012,24,24,In,100
2026-07-17T06:20:00,23.871,23.9256,24.4,24.4,In,100
2026-07-17T06:30:00,24,24.0931,24.4,24.4,In,100
2026-07-17T06:40:00,24,24.0543,24.3,24.3,In,100
2026-07-17T06:50:00,23.785,23.8883,24.2,24.2,In,100
2026-07-17T07:00:00,23.657,23.7182,24,24,In,100
2026-07-17T07:10:00,23.646,23.674,24,24.2,In,100
2026-07-17T07:20:00,23.775,23.8164,24.2,24.3,In,100
2026-07-17T07:30:00,23.914,24.0003,24.3,24.2,In,100
2026-07-17T07:40:00,23.732,23.8495,23.9,24,In,100
2026-07-17T07:50:00,23.474,23.5276,23.7,23.7,In,100
2026-07-17T08:00:00,23.163,23.2765,23.5,23.6,In,100
2026-07-17T08:10:00,23.121,23.1813,23.6,23.6,In,100
2026-07-17T08:20:00,23.356,23.3868,23.7,23.7,In,100
2026-07-17T08:30:00,23.442,23.4876,23.9,24,In,100
2026-07-17T08:40:00,23.389,23.4462,23.8,23.7,In,100
2026-07-17T08:50:00,23.185,23.2392,23.4,23.4,In,100
2026-07-17T09:00:00,22.96,23.0283,23.3,23.4,In,100
2026-07-17T09:10:00,23.099,23.1069,23.5,23.6,In,100
2026-07-17T09:20:00,23.196,23.2723,23.7,23.7,In,100
2026-07-17T09:30:00,23.303,23.3427,23.7,23.7,In,100
2026-07-17T09:40:00,23.314,23.373,23.6,23.6,In,100
2026-07-17T09:50:00,23.281,23.3454,23.6,23.6,In,100
2026-07-17T10:00:00,23.356,23.3965,23.7,23.7,In,100
2026-07-17T10:10:00,23.603,23.598,24.1,24.2,In,100
2026-07-17T10:20:00,23.721,23.8177,24.3,24.3,In,100
2026-07-17T10:30:00,23.056,23.1482,23.4,23.4,In,100
2026-07-17T10:40:00,23.088,23.14,23.4,23.4,In,100
2026-07-17T10:50:00,23.196,23.2172,23.7,23.9,In,100
2026-07-17T11:00:00,23.271,23.2944,23.8,23.8,In,100
2026-07-17T11:10:00,23.646,23.6685,24,23.9,In,100
2026-07-17T11:20:00,23.743,23.7804,24.1,24.1,In,100
2026-07-17T11:30:00,23.753,23.8703,24.2,24.2,In,100
2026-07-17T11:40:00,23.689,23.75,24.1,24.1,In,100
2026-07-17T11:50:00,23.775,23.8717,24.1,24.2,In,100
2026-07-17T12:00:00,23.678,23.7362,24,24,In,100
2026-07-17T12:10:00,23.732,23.7763,24.1,24.1,In,100
2026-07-17T12:20:00,23.925,23.9616,24.3,24.3,In,100
2026-07-17T12:30:00,24.107,24.1291,24.4,24.5,In,100
2026-07-17T12:40:00,23.893,24.0142,24.2,24.2,In,100
2026-07-17T12:50:00,23.432,23.5483,23.7,23.7,In,100
2026-07-17T13:00:00,23.496,23.5331,23.9,23.9,In,100
2026-07-17T13:10:00,24.107,23.9685,24.8,24.7,In,100
2026-07-17T13:20:00,24.29,24.5921,24.9,24.9,In,100
2026-07-17T13:30:00,24.204,24.1928,24.9,24.8,In,100
2026-07-17T13:40:00,24.418,24.5199,25,25,In,100
2026-07-17T13:50:00,24.815,24.8421,25.1,25.1,In,100
2026-07-17T14:00:00,24.944,24.9603,25.2,25.2,In,100
2026-07-17T14:10:00,24.89,24.9631,25.2,25.1,In,100
2026-07-17T14:20:00,24.837,24.8894,25.1,25,In,100
2026-07-17T14:30:00,24.74,24.8838,25.1,25.1,In,100
2026-07-17T14:40:00,24.343,24.4076,24.6,24.6,In,100
2026-07-17T14:50:00,24.257,24.3008,24.6,24.5,In,100
2026-07-17T15:00:00,24.064,24.1471,24.4,24.3,In,100
2026-07-17T15:10:00,23.882,23.9865,24.3,24.3,In,100
2026-07-17T15:20:00,23.678,23.75,24,24,In,100
2026-07-17T15:30:00,23.657,23.6934,24,24,In,100
2026-07-17T15:40:00,23.764,23.7763,24.1,24.1,In,100
2026-07-17T15:50:00,23.861,23.8938,24.2,24.2,In,100
2026-07-17T16:00:00,23.957,23.9768,24.3,24.3,In,100
2026-07-17T16:10:00,23.903,23.9906,24.4,24.3,In,100
2026-07-17T16:20:00,23.646,23.7196,24,24.1,In,100
2026-07-17T16:30:00,23.635,23.6754,24,24,In,100
2026-07-17T16:40:00,23.764,23.7998,24.2,24.1,In,100
2026-07-17T16:50:00,23.861,23.9367,24.4,24.4,In,100
2026-07-17T17:00:00,24.139,24.19,24.5,24.4,In,100
2026-07-17T17:10:00,24.021,24.0958,24.3,24.3,In,100
2026-07-17T17:20:00,24.054,24.0931,24.4,24.3,In,100
2026-07-17T17:30:00,23.946,24.0834,24.4,24.4,In,100
2026-07-17T17:40:00,23.946,23.9657,24.3,24.3,In,100
2026-07-17T17:50:00,23.989,24.0529,24.4,24.4,In,100
2026-07-17T18:00:00,23.979,24.046,24.4,24.3,In,100
2026-07-17T18:10:00,23.936,23.9893,24.3,24.3,In,100
2026-07-17T18:20:00,23.871,23.9477,24.2,24.1,In,100
2026-07-17T18:30:00,23.914,23.9519,24.2,24.1,In,100
2026-07-17T18:40:00,23.914,23.9588,24.3,24.1,In,100
2026-07-17T18:50:00,23.678,23.7901,24.2,24.1,In,100
2026-07-17T19:00:00,23.753,23.8482,24.2,24.1,In,100
2026-07-17T19:10:00,23.764,23.8164,24.1,24.1,In,100
2026-07-17T19:20:00,23.839,23.8744,24.1,24.1,In,100
2026-07-17T19:30:00,23.85,23.9035,24.1,24.1,In,100
2026-07-17T19:40:00,23.55,23.6561,24,24.1,In,100
2026-07-17T19:50:00,23.335,23.5483,24,23.9,In,100
2026-07-17T20:00:00,23.335,23.431,23.7,23.9,In,100
2026-07-17T20:10:00,23.442,23.4752,23.9,24,In,100
2026-07-17T20:20:00,23.614,23.6312,24.2,24.1,In,100
2026-07-17T20:30:00,23.753,23.7721,24.1,24,In,100
2026-07-17T20:40:00,23.753,23.8012,24.1,24.1,In,100
2026-07-17T20:50:00,23.753,23.7777,24,24,In,100
2026-07-17T21:00:00,23.71,23.7542,24,24,In,100
2026-07-17T21:10:00,23.646,23.6906,24,24,In,100
2026-07-17T21:20:00,23.474,23.5815,24,23.9,In,100
2026-07-17T21:30:00,23.625,23.6754,24,24,In,100
2026-07-17T21:40:00,23.507,23.6478,23.9,23.9,In,100
2026-07-17T21:50:00,23.453,23.5428,23.9,23.8,In,100
2026-07-17T22:00:00,23.217,23.3937,23.9,23.8,In,100
2026-07-17T22:10:00,23.324,23.4199,23.9,23.8,In,100
2026-07-17T22:20:00,23.625,23.6588,23.9,23.9,In,100
2026-07-17T22:30:00,23.453,23.6464,24.1,24.1,In,100
2026-07-17T22:40:00,23.753,23.7929,24.3,24.3,In,100
2026-07-17T22:50:00,23.828,23.8758,24.4,24.3,In,100
2026-07-17T23:00:00,23.893,23.9311,24.3,24.3,In,100
2026-07-17T23:10:00,24,24.0349,24.4,24.3,In,100
2026-07-17T23:20:00,24.129,24.1457,24.5,24.5,In,100
2026-07-17T23:30:00,24.214,24.2579,24.6,24.6,In,100
2026-07-17T23:40:00,24.375,24.4062,24.7,24.6,In,100
2026-07-17T23:50:00,24.043,24.1429,24.3,24.5,In,100
2026-07-18T00:00:00,23.678,23.7569,24.1,24.2,In,100
2026-07-18T00:10:00,23.903,23.927,24.4,24.4,In,100
2026-07-18T00:20:00,24.064,24.0875,24.6,24.6,In,100
2026-07-18T00:30:00,24.225,24.3105,24.7,24.7,In,100
2026-07-18T00:40:00,23.796,23.9159,24.3,24.3,In,100
2026-07-18T00:50:00,24.129,24.1886,24.7,24.7,In,100
2026-07-18T01:00:00,24.311,24.3618,24.7,24.8,In,100
2026-07-18T01:10:00,24.547,24.5768,24.9,24.8,In,100
2026-07-18T01:20:00,24.568,24.6046,24.8,24.8,In,100
2026-07-18T01:30:00,24.622,24.6421,24.8,24.8,In,100
2026-07-18T01:40:00,24.601,24.6754,25.1,25,In,100
2026-07-18T01:50:00,24.611,24.7032,25,25,In,100
2026-07-18T02:00:00,24.644,24.6837,25,25,In,100
2026-07-18T02:10:00,24.676,24.7282,25,25,In,100
2026-07-18T02:20:00,24.579,24.649,24.9,24.9,In,100
2026-07-18T02:30:00,24.59,24.6462,24.9,24.9,In,100
2026-07-18T02:40:00,24.257,24.3369,24.6,24.6,In,100
2026-07-18T02:50:00,24.214,24.2606,24.5,24.6,In,100
2026-07-18T03:00:00,24.107,24.1775,24.6,24.6,In,100
2026-07-18T03:10:00,24.214,24.2343,24.6,24.6,In,100
2026-07-18T03:20:00,24.418,24.4422,24.8,24.8,In,100
2026-07-18T03:30:00,24.268,24.3549,24.7,24.6,In,100
2026-07-18T03:40:00,24.236,24.2953,24.6,24.5,In,100
2026-07-18T03:50:00,24.247,24.3078,24.6,24.6,In,100
2026-07-18T04:00:00,24.397,24.4145,24.7,24.7,In,100
2026-07-18T04:10:00,24.343,24.3729,24.7,24.6,In,100
2026-07-18T04:20:00,24.45,24.488,24.8,24.7,In,100
2026-07-18T04:30:00,24.515,24.5768,24.9,24.9,In,100
2026-07-18T04:40:00,24.579,24.6379,24.9,24.9,In,100
2026-07-18T04:50:00,24.45,24.5185,24.8,24.8,In,100
2026-07-18T05:00:00,24.493,24.5393,25,25,In,100
2026-07-18T05:10:00,24.622,24.6754,24.9,24.9,In,100
2026-07-18T05:20:00,24.622,24.7045,25,25,In,100
2026-07-18T05:30:00,24.29,24.4908,24.6,24.6,In,100
2026-07-18T05:40:00,23.903,23.9519,24.2,24.4,In,100
2026-07-18T05:50:00,24.054,24.0695,24.6,24.7,In,100
2026-07-18T06:00:00,24.268,24.3327,24.7,24.6,In,100
2026-07-18T06:10:00,24.354,24.4755,24.8,24.8,In,100
2026-07-18T06:20:00,23.871,24.1928,24.5,24.7,In,100
2026-07-18T06:30:00,24.129,24.1581,24.7,24.7,In,100
2026-07-18T06:40:00,24.182,24.262,24.7,24.8,In,100
2026-07-18T06:50:00,24.236,24.3715,24.6,24.5,In,100
2026-07-18T07:00:00,23.796,23.9422,24.2,24.1,In,100
2026-07-18T07:10:00,23.625,23.7003,24,24,In,100
2026-07-18T07:20:00,23.7,23.7334,24,24,In,100
2026-07-18T07:30:00,23.807,23.8177,24.2,24.1,In,100
2026-07-18T07:40:00,23.979,23.9989,24.4,24.3,In,100
2026-07-18T07:50:00,24.086,24.1484,24.4,24.4,In,100
2026-07-18T08:00:00,24.097,24.1789,24.4,24.5,In,100
2026-07-18T08:10:00,23.903,23.9906,24.3,24.4,In,100
2026-07-18T08:20:00,23.721,23.8371,24.1,24.1,In,100
2026-07-18T08:30:00,23.657,23.7376,24.3,24.3,In,100
2026-07-18T08:40:00,23.968,23.9699,24.4,24.5,In,100
2026-07-18T08:50:00,24.247,24.2426,24.6,24.5,In,100
2026-07-18T09:00:00,23.828,24.0889,24.5,24.6,In,100
2026-07-18T09:10:00,23.389,23.6478,24,24.2,In,100
2026-07-18T09:20:00,23.474,23.4807,24.1,24.2,In,100
2026-07-18T09:30:00,23.807,23.9588,24.4,24.4,In,100
2026-07-18T09:40:00,23.968,24.0557,24.3,24.3,In,100
2026-07-18T09:50:00,23.625,23.7293,24.2,24.1,In,100
2026-07-18T10:00:00,23.571,23.6284,23.9,24,In,100
2026-07-18T10:10:00,23.592,23.6464,24.1,24.1,In,100
2026-07-18T10:20:00,23.657,23.7086,24.1,24.1,In,100
2026-07-18T10:30:00,23.528,23.5828,23.9,23.8,In,100
2026-07-18T10:40:00,23.528,23.5718,23.8,23.8,In,100
2026-07-18T10:50:00,23.507,23.5456,23.8,23.8,In,100
2026-07-18T11:00:00,23.56,23.6008,24.2,24.3,In,100
2026-07-18T11:10:00,24.193,24.1748,24.6,24.6,In,100
2026-07-18T11:20:00,24.365,24.3785,24.7,24.7,In,100
2026-07-18T11:30:00,24.408,24.4603,24.8,24.7,In,100
2026-07-18T11:40:00,24.472,24.5116,24.8,24.7,In,100
2026-07-18T11:50:00,24.493,24.5366,24.8,24.8,In,100
2026-07-18T12:00:00,24.472,24.5241,24.8,24.7,In,100
2026-07-18T12:10:00,24.526,24.5463,24.8,24.7,In,100
2026-07-18T12:20:00,24.526,24.5768,24.8,24.7,In,100
2026-07-18T12:30:00,24.59,24.6074,24.9,24.9,In,100
2026-07-18T12:40:00,24.579,24.6171,24.8,24.8,In,100
2026-07-18T12:50:00,24.579,24.6157,24.9,24.8,In,100
2026-07-18T13:00:00,24.579,24.6337,24.9,24.8,In,100
2026-07-18T13:10:00,24.59,24.6573,24.9,24.9,In,100
2026-07-18T13:20:00,24.633,24.6754,24.9,24.9,In,100
2026-07-18T13:30:00,24.59,24.649,24.9,24.9,In,100
2026-07-18T13:40:00,24.676,24.7129,25.1,25.1,In,100
2026-07-18T13:50:00,24.772,24.8129,25.2,25.2,In,100
2026-07-18T14:00:00,25.105,25.1454,25.4,25.4,In,100
2026-07-18T14:10:00,24.794,24.9756,25.1,25.1,In,100
2026-07-18T14:20:00,24.354,24.4561,24.7,24.5,In,100
2026-07-18T14:30:00,24.225,24.3078,24.6,24.6,In,100
2026-07-18T14:40:00,24.118,24.1623,24.4,24.4,In,100
2026-07-18T14:50:00,24.129,24.1817,24.5,24.4,In,100
2026-07-18T15:00:00,24.225,24.2648,24.5,24.6,In,100
2026-07-18T15:10:00,24.214,24.2731,24.6,24.5,In,100
2026-07-18T15:20:00,24.075,24.1761,24.5,24.5,In,100
2026-07-18T15:30:00,24.075,24.1318,24.4,24.4,In,100
2026-07-18T15:40:00,24.064,24.118,24.4,24.3,In,100
2026-07-18T15:50:00,24.097,24.1415,24.4,24.4,In,100
2026-07-18T16:00:00,24.097,24.1429,24.4,24.4,In,100
2026-07-18T16:10:00,24.15,24.1928,24.5,24.5,In,100
2026-07-18T16:20:00,24.172,24.2454,24.5,24.5,In,100
2026-07-18T16:30:00,23.957,24.1027,24.5,24.5,In,100
2026-07-18T16:40:00,23.979,24.0405,24.4,24.4,In,100
2026-07-18T16:50:00,24,24.082,24.5,24.4,In,100
2026-07-18T17:00:00,24.118,24.1374,24.4,24.4,In,100
2026-07-18T17:10:00,24.225,24.2953,24.6,24.5,In,100
2026-07-18T17:20:00,24.247,24.305,24.6,24.7,In,100
2026-07-18T17:30:00,23.914,24.0571,24.3,24.3,In,100
2026-07-18T17:40:00,23.957,23.9879,24.4,24.4,In,100
2026-07-18T17:50:00,24.097,24.1207,24.5,24.5,In,100
2026-07-18T18:00:00,24.193,24.2163,24.5,24.5,In,100
2026-07-18T18:10:00,24.129,24.1928,24.5,24.5,In,100
2026-07-18T18:20:00,23.957,24.0612,24.3,24.4,In,100
2026-07-18T18:30:00,23.871,23.891,24.4,24.4,In,100
2026-07-18T18:40:00,23.936,24.0405,24.4,24.3,In,100
2026-07-18T18:50:00,24.107,24.1374,24.5,24.5,In,100
2026-07-18T19:00:00,24.043,24.1,24.5,24.5,In,100
2026-07-18T19:10:00,23.85,23.9325,24.2,24.3,In,100
2026-07-18T19:20:00,23.839,23.9063,24.4,24.4,In,100
2026-07-18T19:30:00,24.129,24.1512,24.5,24.4,In,100
2026-07-18T19:40:00,24.268,24.2911,24.6,24.5,In,100
2026-07-18T19:50:00,24.225,24.2994,24.6,24.5,In,100
2026-07-18T20:00:00,24.043,24.1083,24.4,24.4,In,100
2026-07-18T20:10:00,24.107,24.1844,24.5,24.5,In,100
2026-07-18T20:20:00,24.172,24.2135,24.5,24.5,In,100
2026-07-18T20:30:00,24.225,24.2925,24.6,24.6,In,100
2026-07-18T20:40:00,24.247,24.3105,24.7,24.7,In,100
2026-07-18T20:50:00,24.15,24.2205,24.7,24.6,In,100
2026-07-18T21:00:00,23.989,24.0972,24.6,24.6,In,100
2026-07-18T21:10:00,23.828,23.9381,24.2,24.4,In,100
2026-07-18T21:20:00,23.796,23.8288,24.1,24.2,In,100
2026-07-18T21:30:00,23.7,23.7763,24,24.1,In,100
2026-07-18T21:40:00,23.625,23.7003,24,24.1,In,100
2026-07-18T21:50:00,23.539,23.6505,24,24.1,In,100
2026-07-18T22:00:00,23.625,23.6947,24,24,In,100
2026-07-18T22:10:00,23.635,23.692,24,24,In,100
2026-07-18T22:20:00,23.474,23.5746,23.9,23.9,In,100
2026-07-18T22:30:00,23.614,23.6588,24.2,24.2,In,100
2026-07-18T22:40:00,23.957,24.01,24.4,24.4,In,100
2026-07-18T22:50:00,24.118,24.1858,24.6,24.5,In,100
2026-07-18T23:00:00,24.107,24.1484,24.5,24.6,In,100
2026-07-18T23:10:00,23.893,23.9851,24.3,24.4,In,100
2026-07-18T23:20:00,23.925,23.9588,24.4,24.3,In,100
2026-07-18T23:30:00,24.107,24.1152,24.5,24.5,In,100
2026-07-18T23:40:00,23.807,24.0045,24.4,24.4,In,100
2026-07-18T23:50:00,24.032,24.0931,24.5,24.5,In,100
2026-07-19T00:00:00,23.989,24.0585,24.4,24.4,In,100
2026-07-19T00:10:00,24.118,24.1387,24.6,24.7,In,100
2026-07-19T00:20:00,24.45,24.4755,24.9,24.9,In,100
2026-07-19T00:30:00,24.418,24.488,24.8,24.8,In,100
2026-07-19T00:40:00,24.29,24.3535,24.6,24.6,In,100
2026-07-19T00:50:00,24.193,24.2551,24.5,24.5,In,100
2026-07-19T01:00:00,24.236,24.2814,24.6,24.6,In,100
2026-07-19T01:10:00,24.354,24.3965,24.7,24.7,In,100
2026-07-19T01:20:00,24.515,24.5407,24.9,24.9,In,100
2026-07-19T01:30:00,24.536,24.5962,24.8,24.8,In,100
2026-07-19T01:40:00,24.429,24.4769,24.8,24.7,In,100
2026-07-19T01:50:00,24.472,24.5158,24.9,24.9,In,100
2026-07-19T02:00:00,24.579,24.6046,24.9,24.9,In,100
2026-07-19T02:10:00,24.622,24.6434,24.9,24.9,In,100
2026-07-19T02:20:00,24.686,24.7198,25,24.9,In,100
2026-07-19T02:30:00,24.794,24.8171,25.1,25.1,In,100
2026-07-19T02:40:00,24.901,24.9547,25.2,25.2,In,100
2026-07-19T02:50:00,24.933,24.9853,25.2,25.2,In,100
2026-07-19T03:00:00,24.976,24.9923,25.2,25.2,In,100
2026-07-19T03:10:00,24.686,24.7962,25.1,25,In,100
2026-07-19T03:20:00,24.644,24.7004,24.9,25,In,100
2026-07-19T03:30:00,24.558,24.6282,24.9,24.9,In,100
2026-07-19T03:40:00,24.472,24.5518,24.8,24.8,In,100
2026-07-19T03:50:00,24.536,24.5727,24.9,24.9,In,100
2026-07-19T04:00:00,24.515,24.5949,24.9,24.9,In,100
2026-07-19T04:10:00,24.504,24.6129,24.9,24.9,In,100
2026-07-19T04:20:00,24.472,24.5171,24.8,24.8,In,100
2026-07-19T04:30:00,24.472,24.5435,24.8,24.8,In,100
2026-07-19T04:40:00,24.59,24.6337,24.9,24.9,In,100
2026-07-19T04:50:00,24.515,24.5921,24.8,24.8,In,100
2026-07-19T05:00:00,24.418,24.4728,24.8,24.7,In,100
2026-07-19T05:10:00,24.472,24.5213,24.8,24.8,In,100
2026-07-19T05:20:00,24.504,24.556,24.9,24.8,In,100
2026-07-19T05:30:00,24.354,24.4672,24.8,24.8,In,100
2026-07-19T05:40:00,24.375,24.4353,24.7,24.8,In,100
2026-07-19T05:50:00,24.365,24.4838,24.8,24.8,In,100
2026-07-19T06:00:00,24.515,24.5504,24.9,24.9,In,100
2026-07-19T06:10:00,24.654,24.7212,25,25.1,In,100
2026-07-19T06:20:00,24.697,24.7657,24.9,25,In,100
2026-07-19T06:30:00,24.375,24.5366,24.8,24.8,In,100
2026-07-19T06:40:00,24.332,24.3882,24.7,24.7,In,100
2026-07-19T06:50:00,24.236,24.2981,24.6,24.7,In,100
2026-07-19T07:00:00,24.29,24.3244,24.7,24.6,In,100
2026-07-19T07:10:00,24.322,24.384,24.7,24.7,In,100
2026-07-19T07:20:00,24.032,24.2038,24.6,24.7,In,100
2026-07-19T07:30:00,23.925,23.9879,24.4,24.5,In,100
2026-07-19T07:40:00,24.054,24.1166,24.5,24.5,In,100
2026-07-19T07:50:00,24.097,24.1401,24.6,24.7,In,100
2026-07-19T08:00:00,24,24.0626,24.5,24.6,In,100
2026-07-19T08:10:00,24.214,24.2482,24.7,24.7,In,100
2026-07-19T08:20:00,24.075,24.2052,24.6,24.6,In,100
2026-07-19T08:30:00,23.914,24.0681,24.4,24.6,In,100
2026-07-19T08:40:00,23.968,24.0418,24.4,24.6,In,100
2026-07-19T08:50:00,23.979,24.0169,24.3,24.3,In,100
2026-07-19T09:00:00,23.979,24.0128,24.4,24.3,In,100
2026-07-19T09:10:00,24.021,24.064,24.3,24.3,In,100
2026-07-19T09:20:00,23.946,24.0045,24.3,24.2,In,100
2026-07-19T09:30:00,23.914,23.9588,24.3,24.3,In,100
2026-07-19T09:40:00,23.914,23.9491,24.2,24.2,In,100
2026-07-19T09:50:00,23.839,23.9339,24.2,24.1,In,100
2026-07-19T10:00:00,23.839,23.898,24.2,24.2,In,100
2026-07-19T10:10:00,23.85,23.8924,24.2,24.2,In,100
2026-07-19T10:20:00,23.925,23.9768,24.2,24.2,In,100
2026-07-19T10:30:00,23.979,24.0142,24.3,24.2,In,100
2026-07-19T10:40:00,23.914,24.0086,24.3,24.1,In,100
2026-07-19T10:50:00,23.957,24.0072,24.3,24.2,In,100
2026-07-19T11:00:00,23.957,23.9948,24.3,24.2,In,100
2026-07-19T11:10:00,23.946,23.9823,24.2,24.1,In,100
2026-07-19T11:20:00,23.871,23.9298,24.2,24.2,In,100
2026-07-19T11:30:00,23.946,23.9865,24.3,24.3,In,100
2026-07-19T11:40:00,23.903,23.9906,24.3,24.2,In,100
2026-07-19T11:50:00,23.936,23.981,24.3,24.4,In,100
2026-07-19T12:00:00,24.182,24.2108,24.8,24.8,In,100
2026-07-19T12:10:00,24.558,24.5574,24.9,24.9,In,100
2026-07-19T12:20:00,24.493,24.581,24.9,24.8,In,100
2026-07-19T12:30:00,24.236,24.3618,24.8,24.9,In,100
2026-07-19T12:40:00,24.118,24.1872,24.7,24.9,In,100
2026-07-19T12:50:00,24.375,24.4145,24.9,24.9,In,100
2026-07-19T13:00:00,24.59,24.5976,25,24.9,In,100
2026-07-19T13:10:00,24.579,24.6393,25,25,In,100
2026-07-19T13:20:00,24.375,24.4519,25,25,In,100
2026-07-19T13:30:00,24.654,24.7073,25.1,25,In,100
2026-07-19T13:40:00,24.719,24.7726,25.1,25,In,100
2026-07-19T13:50:00,24.815,24.8449,25.1,25.1,In,100
2026-07-19T14:00:00,24.826,24.8657,25.1,25.1,In,100
2026-07-19T14:10:00,24.837,24.8685,25.1,25.1,In,100
2026-07-19T14:20:00,24.847,24.8755,25.1,25.1,In,100
2026-07-19T14:30:00,24.869,24.9172,25.2,25.1,In,100
2026-07-19T14:40:00,24.89,24.9283,25.2,25.2,In,100
2026-07-19T14:50:00,24.869,24.9241,25.2,25.1,In,100
2026-07-19T15:00:00,24.697,24.7796,25.1,25,In,100
2026-07-19T15:10:00,24.536,24.6143,25,25.1,In,100
2026-07-19T15:20:00,24.526,24.631,24.9,25.1,In,100
2026-07-19T15:30:00,24.654,24.7532,25.1,25.1,In,100
2026-07-19T15:40:00,24.858,24.8935,25.1,25.1,In,100
2026-07-19T15:50:00,24.847,24.913,25.2,25.1,In,100
2026-07-19T16:00:00,24.504,24.5851,24.8,24.9,In,100
2026-07-19T16:10:00,24.45,24.5088,24.8,24.8,In,100
2026-07-19T16:20:00,24.375,24.4214,24.7,24.7,In,100
2026-07-19T16:30:00,24.386,24.445,24.8,24.8,In,100
2026-07-19T16:40:00,24.429,24.463,24.7,24.8,In,100
2026-07-19T16:50:00,24.461,24.5116,24.9,24.8,In,100
2026-07-19T17:00:00,24.558,24.5838,24.9,24.9,In,100
2026-07-19T17:10:00,24.515,24.5768,24.9,24.9,In,100
2026-07-19T17:20:00,24.461,24.4991,24.8,24.7,In,100
2026-07-19T17:30:00,24.483,24.5227,24.8,24.9,In,100
2026-07-19T17:40:00,24.493,24.538,24.9,24.9,In,100
2026-07-19T17:50:00,24.504,24.556,24.9,24.9,In,100
2026-07-19T18:00:00,24.59,24.6337,24.9,24.9,In,100
2026-07-19T18:10:00,24.59,24.6393,24.9,24.8,In,100
2026-07-19T18:20:00,24.472,24.5463,24.8,24.9,In,100
2026-07-19T18:30:00,24.472,24.5282,24.9,24.8,In,100
2026-07-19T18:40:00,24.44,24.4838,24.9,24.8,In,100
2026-07-19T18:50:00,24.408,24.4866,24.8,24.8,In,100
2026-07-19T19:00:00,24.397,24.4575,24.8,24.8,In,100
2026-07-19T19:10:00,24.268,24.3507,24.7,24.7,In,100
2026-07-19T19:20:00,24.097,24.1914,24.4,24.5,In,100
2026-07-19T19:30:00,24.011,24.0806,24.6,24.6,In,100
2026-07-19T19:40:00,24.182,24.2329,24.6,24.5,In,100
2026-07-19T19:50:00,24.182,24.2371,24.5,24.5,In,100
2026-07-19T20:00:00,24.257,24.2773,24.6,24.6,In,100
2026-07-19T20:10:00,24.279,24.3258,24.6,24.6,In,100
2026-07-19T20:20:00,24.311,24.3854,24.7,24.6,In,100
2026-07-19T20:30:00,24.182,24.2496,24.6,24.7,In,100
2026-07-19T20:40:00,24.182,24.2274,24.5,24.5,In,100
2026-07-19T20:50:00,24.15,24.2135,24.5,24.4,In,100
2026-07-19T21:00:00,24.129,24.2038,24.4,24.4,In,100
2026-07-19T21:10:00,23.85,24.0474,24.4,24.5,In,100
2026-07-19T21:20:00,24.043,24.1069,24.5,24.5,In,100
2026-07-19T21:30:00,24.075,24.1554,24.4,24.4,In,100
2026-07-19T21:40:00,23.721,23.9394,24.4,24.3,In,100
2026-07-19T21:50:00,23.7,23.8786,24.4,24.4,In,100
2026-07-19T22:00:00,23.55,23.6409,24.4,24.4,In,100
2026-07-19T22:10:00,24.032,24.0903,24.4,24.4,In,100
2026-07-19T22:20:00,23.668,23.7652,24.1,24.4,In,100
2026-07-19T22:30:00,23.721,23.7694,24.1,24.3,In,100
2026-07-19T22:40:00,23.592,23.6685,23.9,23.9,In,100
2026-07-19T22:50:00,23.56,23.5939,23.8,23.8,In,100
2026-07-19T23:00:00,23.346,23.4158,23.7,23.7,In,100
2026-07-19T23:10:00,23.346,23.3772,23.8,23.8,In,100
2026-07-19T23:20:00,23.453,23.489,23.9,23.8,In,100
2026-07-19T23:30:00,23.346,23.4282,23.8,23.9,In,100
2026-07-19T23:40:00,23.399,23.4199,23.9,24,In,100
2026-07-19T23:50:00,23.496,23.558,24.3,24.3,In,100
2026-07-20T00:00:00,23.528,23.6257,23.9,24,In,100
2026-07-20T00:10:00,23.474,23.5262,23.9,24.2,In,100
2026-07-20T00:20:00,23.839,23.8523,24.6,24.6,In,100
2026-07-20T00:30:00,24.322,24.3521,24.7,24.7,In,100
2026-07-20T00:40:00,24.472,24.4991,24.8,24.8,In,100
2026-07-20T00:50:00,24.526,24.5643,24.8,24.8,In,100
2026-07-20T01:00:00,24.526,24.5962,24.9,24.8,In,100
2026-07-20T01:10:00,24.45,24.5033,24.8,24.8,In,100
2026-07-20T01:20:00,24.515,24.5699,24.8,24.8,In,100
2026-07-20T01:30:00,24.536,24.5893,24.9,24.8,In,100
2026-07-20T01:40:00,24.461,24.5324,24.7,24.8,In,100
2026-07-20T01:50:00,24.311,24.4076,24.7,24.7,In,100
2026-07-20T02:00:00,23.936,24.0322,24.4,24.5,In,100
2026-07-20T02:10:00,24.268,24.2731,24.7,24.8,In,100
2026-07-20T02:20:00,24.536,24.5449,24.9,24.9,In,100
2026-07-20T02:30:00,24.697,24.7365,25.1,25.1,In,100
2026-07-20T02:40:00,24.322,24.4949,24.9,25,In,100
2026-07-20T02:50:00,24.665,24.6893,25.2,25.1,In,100
2026-07-20T03:00:00,24.997,24.9659,25.4,25.4,In,100
2026-07-20T03:10:00,25.051,25.1704,25.4,25.4,In,100
2026-07-20T03:20:00,24.901,24.9533,25.1,25.1,In,100
2026-07-20T03:30:00,24.708,24.749,25,25,In,100
2026-07-20T03:40:00,24.783,24.831,25,25,In,100
2026-07-20T03:50:00,24.772,24.8004,25,25,In,100
2026-07-20T04:00:00,24.719,24.774,24.9,24.9,In,100
2026-07-20T04:10:00,24.064,24.1844,24.5,24.7,In,100
2026-07-20T04:20:00,23.882,23.9519,24.6,24.6,In,100
2026-07-20T04:30:00,24.408,24.445,24.8,24.8,In,100
2026-07-20T04:40:00,24.44,24.513,24.8,24.9,In,100
2026-07-20T04:50:00,23.914,23.9837,24.3,24.5,In,100
2026-07-20T05:00:00,23.828,23.9021,24.4,24.6,In,100
2026-07-20T05:10:00,24.043,24.1318,25,25,In,100
2026-07-20T05:20:00,24.429,24.5158,25,25,In,100
2026-07-20T05:30:00,24.461,24.5047,24.8,24.8,In,100
2026-07-20T05:40:00,23.818,23.9464,24.2,24.7,In,100
2026-07-20T05:50:00,23.732,23.7984,24.2,24.7,In,100
2026-07-20T06:00:00,23.775,23.862,24.6,24.7,In,100
2026-07-20T06:10:00,23.753,23.8053,24.3,24.7,In,100
2026-07-20T06:20:00,23.743,23.7763,24.1,24.4,In,100
2026-07-20T06:30:00,23.721,23.7901,24.6,24.7,In,100
2026-07-20T06:40:00,24.107,24.1623,24.8,24.8,In,100
2026-07-20T06:50:00,23.979,24.1249,24.4,24.5,In,100
2026-07-20T07:00:00,23.71,23.7846,24.3,24.4,In,100
2026-07-20T07:10:00,23.678,23.7445,24.1,24.3,In,100
2026-07-20T07:20:00,23.743,23.7749,24.3,24.3,In,100
2026-07-20T07:30:00,23.721,23.7846,24.2,24.3,In,100
2026-07-20T07:40:00,23.775,23.8371,24.1,24.1,In,100
2026-07-20T07:50:00,23.71,23.7929,24,24.1,In,100
2026-07-20T08:00:00,23.7,23.7542,24,24,In,100
2026-07-20T08:10:00,23.743,23.7804,24.1,24,In,100
2026-07-20T08:20:00,23.678,23.7265,24.1,24,In,100
2026-07-20T08:30:00,23.668,23.7224,24.1,24.1,In,100
2026-07-20T08:40:00,23.764,23.7929,24,24,In,100
2026-07-20T08:50:00,23.582,23.6602,24,24,In,100
2026-07-20T09:00:00,23.625,23.6768,24,24,In,100
2026-07-20T09:10:00,23.732,23.7611,24,24,In,100
2026-07-20T09:20:00,23.71,23.7901,24,24.1,In,100
2026-07-20T09:30:00,23.55,23.6533,24,24,In,100
2026-07-20T09:40:00,23.592,23.6519,24,24,In,100
2026-07-20T09:50:00,23.71,23.7403,24,24,In,100
2026-07-20T10:00:00,23.41,23.4738,23.9,23.9,In,100
2026-07-20T10:10:00,23.399,23.4379,23.9,23.9,In,100
2026-07-20T10:20:00,23.292,23.3551,23.6,23.7,In,100
2026-07-20T10:30:00,23.271,23.3206,23.6,23.6,In,100
2026-07-20T10:40:00,23.26,23.3027,23.6,23.6,In,100
2026-07-20T10:50:00,23.281,23.3303,23.7,23.8,In,100
2026-07-20T11:00:00,23.26,23.3275,23.7,23.7,In,100
2026-07-20T11:10:00,23.249,23.2958,23.7,23.8,In,100
2026-07-20T11:20:00,23.249,23.282,23.6,23.7,In,100
2026-07-20T11:30:00,23.239,23.2834,23.6,23.7,In,100
2026-07-20T11:40:00,23.271,23.3027,23.7,23.8,In,100
2026-07-20T11:50:00,23.335,23.373,23.7,23.7,In,100
2026-07-20T12:00:00,23.324,23.3661,23.6,23.5,In,100
2026-07-20T12:10:00,23.239,23.2806,23.5,23.5,In,100
2026-07-20T12:20:00,23.239,23.2682,23.6,23.6,In,100
2026-07-20T12:30:00,23.356,23.373,23.7,23.7,In,100
2026-07-20T12:40:00,23.378,23.431,23.7,23.7,In,100
2026-07-20T12:50:00,23.421,23.4641,23.7,23.7,In,100
2026-07-20T13:00:00,23.453,23.4793,23.7,23.8,In,100
2026-07-20T13:10:00,23.485,23.5345,23.9,23.9,In,100
2026-07-20T13:20:00,23.517,23.5898,23.9,23.9,In,100
2026-07-20T13:30:00,23.356,23.4489,23.7,23.8,In,100
2026-07-20T13:40:00,23.41,23.4558,23.8,23.8,In,100
2026-07-20T13:50:00,23.464,23.4945,23.8,23.8,In,100
2026-07-20T14:00:00,23.56,23.598,23.9,23.9,In,100
2026-07-20T14:10:00,23.668,23.7016,24,24.1,In,100
2026-07-20T14:20:00,23.775,23.8136,24.1,24,In,100
2026-07-20T14:30:00,23.818,23.8648,24.2,24.1,In,100
2026-07-20T14:40:00,23.893,23.9367,24.2,24.3,In,100
2026-07-20T14:50:00,23.903,23.9298,24.2,24.1,In,100
2026-07-20T15:00:00,23.882,23.9311,24.2,24.2,In,100
2026-07-20T15:10:00,23.914,23.956,24.2,24.2,In,100
2026-07-20T15:20:00,24.225,24.2537,24.8,24.8,In,100
2026-07-20T15:30:00,24.375,24.4783,24.7,24.6,In,100
2026-07-20T15:40:00,23.839,24.0169,24.2,24.2,In,100
2026-07-20T15:50:00,23.689,23.7431,24,24.1,In,100
2026-07-20T16:00:00,23.818,23.8316,24.1,24.2,In,100
2026-07-20T16:10:00,24.011,24.046,24.5,24.4,In,100
2026-07-20T16:20:00,24.172,24.2052,24.6,24.5,In,100
2026-07-20T16:30:00,24.3,24.3369,24.6,24.6,In,100
2026-07-20T16:40:00,24.408,24.4395,24.8,24.7,In,100
2026-07-20T16:50:00,24.408,24.4658,24.8,24.7,In,100
2026-07-20T17:00:00,24.515,24.5657,24.9,24.9,In,100
2026-07-20T17:10:00,24.397,24.5879,24.9,24.8,In,100
2026-07-20T17:20:00,24.461,24.5435,24.8,24.8,In,100
2026-07-20T17:30:00,24.686,24.7157,25,24.9,In,100
2026-07-20T17:40:00,24.45,24.5282,24.7,24.7,In,100
2026-07-20T17:50:00,24.118,24.2773,24.8,24.7,In,100
2026-07-20T18:00:00,23.764,23.8814,24.5,24.6,In,100
2026-07-20T18:10:00,24.139,24.1457,24.6,24.6,In,100
2026-07-20T18:20:00,24.386,24.4117,24.8,24.9,In,100
2026-07-20T18:30:00,24.504,24.5643,24.9,24.8,In,100
2026-07-20T18:40:00,24.161,24.2884,24.6,24.7,In,100
2026-07-20T18:50:00,24.043,24.1249,24.5,24.5,In,100
2026-07-20T19:00:00,24.086,24.1263,24.4,24.4,In,100
2026-07-20T19:10:00,24.129,24.1734,24.5,24.5,In,100
2026-07-20T19:20:00,24.129,24.1734,24.5,24.5,In,100
2026-07-20T19:30:00,24.107,24.1595,24.5,24.5,In,100
2026-07-20T19:40:00,24.172,24.2038,24.7,24.6,In,100
2026-07-20T19:50:00,24.343,24.3715,24.7,24.7,In,100
2026-07-20T20:00:00,24.375,24.4228,24.7,24.7,In,100
2026-07-20T20:10:00,24.408,24.4533,24.7,24.7,In,100
2026-07-20T20:20:00,24.397,24.4492,24.7,24.7,In,100
2026-07-20T20:30:00,24.311,24.3826,24.6,24.6,In,100
2026-07-20T20:40:00,24.257,24.3078,24.6,24.6,In,100
2026-07-20T20:50:00,24.193,24.2606,24.5,24.6,In,100
2026-07-20T21:00:00,24.011,24.1581,24.6,24.5,In,100
2026-07-20T21:10:00,24.043,24.0764,24.5,24.5,In,100
2026-07-20T21:20:00,24.043,24.0917,24.6,24.6,In,100
2026-07-20T21:30:00,24.236,24.2773,24.7,24.6,In,100
2026-07-20T21:40:00,24.375,24.4187,24.7,24.6,In,100
2026-07-20T21:50:00,23.957,24.0681,24.4,24.5,In,100
2026-07-20T22:00:00,23.839,23.9782,24.3,24.6,In,100
2026-07-20T22:10:00,23.871,23.8952,24.3,24.3,In,100
2026-07-20T22:20:00,23.818,23.8827,24.3,24.3,In,100
2026-07-20T22:30:00,23.678,23.7666,24.1,24.2,In,100
2026-07-20T22:40:00,23.743,23.7887,24.1,24.1,In,100
2026-07-20T22:50:00,23.753,23.8053,24.1,24.1,In,100
2026-07-20T23:00:00,23.785,23.8274,24,24.1,In,100
2026-07-20T23:10:00,23.775,23.8288,24,24,In,100
2026-07-20T23:20:00,23.517,23.627,23.9,24,In,100
2026-07-20T23:30:00,23.335,23.4048,23.7,24,In,100
2026-07-20T23:40:00,23.324,23.3744,23.6,23.6,In,100
2026-07-20T23:50:00,23.346,23.3896,23.7,23.6,In,100
2026-07-21T00:00:00,23.346,23.391,23.6,23.7,In,100
2026-07-21T00:10:00,23.356,23.391,23.6,23.6,In,100
2026-07-21T00:20:00,23.324,23.3606,23.6,23.5,In,100
2026-07-21T00:30:00,23.281,23.3151,23.6,23.6,In,100
2026-07-21T00:40:00,23.303,23.3316,23.6,23.5,In,100
2026-07-21T00:50:00,23.442,23.4724,24,23.9,In,100
2026-07-21T01:00:00,23.614,23.6699,23.9,24,In,100
2026-07-21T01:10:00,23.625,23.6699,24,23.9,In,100
2026-07-21T01:20:00,23.474,23.5497,23.9,23.9,In,100
2026-07-21T01:30:00,23.389,23.4462,23.9,23.9,In,100
2026-07-21T01:40:00,23.55,23.5925,24.2,24.3,In,100
2026-07-21T01:50:00,24.129,24.1581,24.8,24.9,In,100
2026-07-21T02:00:00,23.903,23.9837,24.3,24.4,In,100
2026-07-21T02:10:00,23.56,23.7113,23.9,23.9,In,100
2026-07-21T02:20:00,23.775,23.7763,24.3,24.7,In,100
2026-07-21T02:30:00,24.493,24.4547,25.1,25.1,In,100
2026-07-21T02:40:00,24.075,24.3188,24.5,24.5,In,100
2026-07-21T02:50:00,23.55,23.6174,24,23.9,In,100
2026-07-21T03:00:00,23.635,23.6643,23.9,23.9,In,100
2026-07-21T03:10:00,23.968,23.9132,24.5,24.5,In,100
2026-07-21T03:20:00,24.461,24.4838,24.9,24.9,In,100
2026-07-21T03:30:00,24.461,24.5269,24.8,24.8,In,100
2026-07-21T03:40:00,24.397,24.4145,24.7,24.8,In,100
2026-07-21T03:50:00,24.633,24.6615,25,25,In,100
2026-07-21T04:00:00,24.633,24.6907,24.9,24.8,In,100
2026-07-21T04:10:00,24.568,24.6074,24.9,24.9,In,100
2026-07-21T04:20:00,24.547,24.5851,24.7,24.7,In,100
2026-07-21T04:30:00,24.45,24.5324,24.8,24.7,In,100
2026-07-21T04:40:00,24.311,24.3729,24.7,24.7,In,100
2026-07-21T04:50:00,24.268,24.3549,24.6,24.5,In,100
2026-07-21T05:00:00,23.871,23.9547,24.2,24.2,In,100
2026-07-21T05:10:00,23.807,23.8399,24.1,24.1,In,100
2026-07-21T05:20:00,23.818,23.8578,24.4,24.5,In,100
2026-07-21T05:30:00,24.214,24.2191,24.7,24.6,In,100
2026-07-21T05:40:00,24.29,24.3438,24.6,24.6,In,100
2026-07-21T05:50:00,24.15,24.2205,24.5,24.5,In,100
2026-07-21T06:00:00,23.989,24.0446,24.4,24.4,In,100
2026-07-21T06:10:00,24.075,24.1111,24.4,24.4,In,100
2026-07-21T06:20:00,24.011,24.0598,24.3,24.3,In,100
2026-07-21T06:30:00,23.957,24.0045,24.2,24.2,In,100
2026-07-21T06:40:00,23.957,24.0169,24.3,24.2,In,100
2026-07-21T06:50:00,23.946,24.0142,24.2,24.2,In,100
2026-07-21T07:00:00,23.979,24.0114,24.2,24.2,In,100
2026-07-21T07:10:00,24,24.0377,24.4,24.4,In,100
2026-07-21T07:20:00,23.957,24.0335,24.4,24.5,In,100
2026-07-21T07:30:00,23.936,23.9906,24.3,24.3,In,100
2026-07-21T07:40:00,23.893,23.9602,24.2,24.1,In,100
2026-07-21T07:50:00,23.936,23.9699,24.3,24.1,In,100
2026-07-21T08:00:00,23.946,23.9893,24.3,24.1,In,100
2026-07-21T08:10:00,23.957,24.0142,24.2,24.2,In,100
2026-07-21T08:20:00,23.871,23.9381,24.2,24.2,In,100
2026-07-21T08:30:00,23.785,23.8855,24.2,24.2,In,100
2026-07-21T08:40:00,23.764,23.7998,24.2,24.2,In,100
2026-07-21T08:50:00,23.861,23.8938,24.2,24.2,In,100
2026-07-21T09:00:00,23.839,23.9049,24.3,24.1,In,100
2026-07-21T09:10:00,23.85,23.9201,24.3,24.1,In,100
2026-07-21T09:20:00,23.796,23.8634,24.2,24.1,In,100
2026-07-21T09:30:00,23.839,23.8648,24.2,24.1,In,100
2026-07-21T09:40:00,23.753,23.826,24.2,24.2,In,100
2026-07-21T09:50:00,23.871,23.9228,24.2,24.2,In,100
2026-07-21T10:00:00,23.893,23.9422,24.3,24.2,In,100
2026-07-21T10:10:00,23.903,23.9685,24.4,24.3,In,100
2026-07-21T10:20:00,23.528,23.7721,24.3,24.3,In,100
2026-07-21T10:30:00,23.453,23.5193,24.1,24.2,In,100
2026-07-21T10:40:00,23.474,23.5235,23.8,23.8,In,100
2026-07-21T10:50:00,23.474,23.529,23.8,23.7,In,100
2026-07-21T11:00:00,23.528,23.5815,23.9,23.8,In,100
2026-07-21T11:10:00,23.55,23.6049,23.9,23.9,In,100
2026-07-21T11:20:00,23.399,23.4682,23.7,23.8,In,100
2026-07-21T11:30:00,23.378,23.4434,23.8,23.7,In,100
2026-07-21T11:40:00,23.399,23.4379,23.8,23.7,In,100
2026-07-21T11:50:00,23.41,23.431,23.7,23.7,In,100
2026-07-21T12:00:00,23.453,23.5276,24.3,24.2,In,100
2026-07-21T12:10:00,23.732,23.8233,24.2,24.2,In,100
2026-07-21T12:20:00,23.668,23.7445,24.2,24.2,In,100
2026-07-21T12:30:00,23.635,23.6864,24.1,24.1,In,100
2026-07-21T12:40:00,23.485,23.5497,23.8,23.9,In,100
2026-07-21T12:50:00,23.389,23.4655,23.9,23.9,In,100
2026-07-21T13:00:00,23.432,23.4903,24,24,In,100
2026-07-21T13:10:00,23.442,23.489,23.9,23.9,In,100
2026-07-21T13:20:00,23.474,23.5345,24,24.1,In,100
2026-07-21T13:30:00,23.453,23.4931,23.9,24.1,In,100
2026-07-21T13:40:00,23.732,23.7873,24.2,24.1,In,100
2026-07-21T13:50:00,23.871,23.9547,24.4,24.3,In,100
2026-07-21T14:00:00,24.021,24.0626,24.3,24.4,In,100
2026-07-21T14:10:00,24.011,24.0612,24.4,24.4,In,100
2026-07-21T14:20:00,24.032,24.0792,24.5,24.4,In,100
2026-07-21T14:30:00,24.107,24.1415,24.5,24.4,In,100
2026-07-21T14:40:00,24.161,24.19,24.4,24.4,In,100
2026-07-21T14:50:00,24.193,24.2329,24.4,24.5,In,100
2026-07-21T15:00:00,24.204,24.2454,24.6,24.4,In,100
2026-07-21T15:10:00,24.204,24.2523,24.5,24.4,In,100
2026-07-21T15:20:00,24.193,24.2482,24.5,24.6,In,100
2026-07-21T15:30:00,24.182,24.2315,24.5,24.5,In,100
2026-07-21T15:40:00,24.236,24.2787,24.5,24.6,In,100
2026-07-21T15:50:00,24.3,24.3493,24.7,24.7,In,100
2026-07-21T16:00:00,23.764,23.8717,24.3,24.5,In,100
2026-07-21T16:10:00,24.032,24.1069,24.6,24.6,In,100
2026-07-21T16:20:00,24.343,24.3521,24.7,24.7,In,100
2026-07-21T16:30:00,24.504,24.5296,24.8,24.9,In,100
2026-07-21T16:40:00,24.547,24.6157,24.9,24.9,In,100
2026-07-21T16:50:00,24.386,24.4436,24.7,24.7,In,100
2026-07-21T17:00:00,24.3,24.3563,24.7,24.7,In,100
2026-07-21T17:10:00,24.483,24.513,24.9,24.9,In,100
2026-07-21T17:20:00,24.59,24.6143,25,25,In,100
2026-07-21T17:30:00,24.719,24.6934,25.1,25,In,100
2026-07-21T17:40:00,24.601,24.7212,25,24.9,In,100
2026-07-21T17:50:00,24.526,24.6074,24.9,24.9,In,100
2026-07-21T18:00:00,24.45,24.4949,24.8,24.9,In,100
2026-07-21T18:10:00,24.247,24.2925,24.6,24.7,In,100
2026-07-21T18:20:00,24.354,24.3979,24.7,24.8,In,100
2026-07-21T18:30:00,24.429,24.4949,25,25,In,100
2026-07-21T18:40:00,24.472,24.5158,24.9,24.9,In,100
2026-07-21T18:50:00,24.504,24.5463,24.8,24.8,In,100
2026-07-21T19:00:00,24.386,24.5102,24.8,24.8,In,100
2026-07-21T19:10:00,24.182,24.269,24.7,24.8,In,100
2026-07-21T19:20:00,24.182,24.2232,24.6,24.7,In,100
2026-07-21T19:30:00,24.268,24.3466,24.7,24.7,In,100
2026-07-21T19:40:00,24.322,24.4048,24.7,24.7,In,100
2026-07-21T19:50:00,24.107,24.2357,24.6,24.7,In,100
2026-07-21T20:00:00,24.45,24.4797,24.9,24.8,In,100
2026-07-21T20:10:00,24.622,24.6698,25.1,25,In,100
2026-07-21T20:20:00,24.633,24.7032,25,25,In,100
2026-07-21T20:30:00,24.622,24.6907,24.9,24.9,In,100
2026-07-21T20:40:00,24.601,24.6671,24.9,24.9,In,100
2026-07-21T20:50:00,24.611,24.6712,25,24.8,In,100
2026-07-21T21:00:00,24.493,24.556,24.8,24.8,In,100
2026-07-21T21:10:00,23.957,24.1249,24.7,24.7,In,100
2026-07-21T21:20:00,23.871,23.9408,24.6,24.6,In,100
2026-07-21T21:30:00,23.914,23.9588,24.5,24.6,In,100
2026-07-21T21:40:00,24.139,24.1858,24.7,24.7,In,100
2026-07-21T21:50:00,24.043,24.154,24.6,24.7,In,100
2026-07-21T22:00:00,23.871,23.9519,24.3,24.5,In,100
2026-07-21T22:10:00,23.893,23.9616,24.5,24.6,In,100
2026-07-21T22:20:00,24.043,24.0917,24.4,24.7,In,100
2026-07-21T22:30:00,24.214,24.262,24.6,24.7,In,100
2026-07-21T22:40:00,24.097,24.2232,24.7,24.6,In,100
2026-07-21T22:50:00,23.946,24.1,24.6,24.6,In,100
2026-07-21T23:00:00,23.796,23.9837,24.6,24.6,In,100
2026-07-21T23:10:00,23.957,24.0211,24.5,24.6,In,100
2026-07-21T23:20:00,24.054,24.1069,24.5,24.5,In,100
2026-07-21T23:30:00,24.107,24.1914,24.6,24.6,In,100
2026-07-21T23:40:00,23.925,24.0225,24.3,24.2,In,100
2026-07-21T23:50:00,23.625,23.6961,24,24,In,100
2026-07-22T00:00:00,23.614,23.6422,23.9,23.9,In,100
2026-07-22T00:10:00,23.56,23.6077,23.9,23.8,In,100
2026-07-22T00:20:00,23.41,23.4586,23.6,23.7,In,100
2026-07-22T00:30:00,23.335,23.3882,23.6,23.7,In,100
2026-07-22T00:40:00,23.356,23.3992,23.7,23.6,In,100
2026-07-22T00:50:00,23.356,23.3937,23.7,23.7,In,100
2026-07-22T01:00:00,23.421,23.4544,23.8,23.7,In,100
2026-07-22T01:10:00,23.41,23.4586,23.7,23.7,In,100
2026-07-22T01:20:00,23.356,23.4006,23.8,23.7,In,100
2026-07-22T01:30:00,23.356,23.4034,23.8,23.8,In,100
2026-07-22T01:40:00,23.356,23.3827,23.7,23.7,In,100
2026-07-22T01:50:00,23.335,23.3882,23.7,23.6,In,100
2026-07-22T02:00:00,23.303,23.351,23.7,23.7,In,100
2026-07-22T02:10:00,23.271,23.3289,23.6,23.6,In,100
2026-07-22T02:20:00,23.303,23.3358,23.6,23.6,In,100
2026-07-22T02:30:00,23.346,23.3785,23.7,23.6,In,100
2026-07-22T02:40:00,23.432,23.4724,23.9,23.8,In,100
2026-07-22T02:50:00,23.389,23.4738,23.7,23.7,In,100
2026-07-22T03:00:00,23.432,23.4862,23.9,23.9,In,100
2026-07-22T03:10:00,23.646,23.6989,23.9,24,In,100
2026-07-22T03:20:00,23.743,23.8012,24.1,24.1,In,100
2026-07-22T03:30:00,23.753,23.8426,24.2,24.2,In,100
2026-07-22T03:40:00,23.668,23.8191,24.3,24.2,In,100
2026-07-22T03:50:00,23.968,24.0003,24.4,24.4,In,100
2026-07-22T04:00:00,23.979,24.0405,24.4,24.5,In,100
2026-07-22T04:10:00,24.075,24.0944,24.6,24.6,In,100
2026-07-22T04:20:00,24,24.118,24.5,24.5,In,100
2026-07-22T04:30:00,23.764,23.8247,24.1,24.1,In,100
2026-07-22T04:40:00,23.55,23.6091,23.9,23.9,In,100
2026-07-22T04:50:00,23.668,23.7182,24,24,In,100
2026-07-22T05:00:00,23.807,23.826,24.1,24.1,In,100
2026-07-22T05:10:00,23.753,23.7915,24.1,24.1,In,100
2026-07-22T05:20:00,23.732,23.7707,24,24.1,In,100
2026-07-22T05:30:00,23.796,23.8205,24.5,24.5,In,100
2026-07-22T05:40:00,24.418,24.4034,24.9,24.9,In,100
2026-07-22T05:50:00,24.59,24.6587,24.9,25.1,In,100
2026-07-22T06:00:00,24.15,24.366,24.9,24.9,In,100
2026-07-22T06:10:00,24.408,24.4714,24.9,24.9,In,100
2026-07-22T06:20:00,24.429,24.5768,24.9,24.8,In,100
2026-07-22T06:30:00,24.193,24.3078,24.5,24.4,In,100
2026-07-22T06:40:00,23.796,23.8897,24.1,24.1,In,100
2026-07-22T06:50:00,23.753,23.8067,24.1,24,In,100
2026-07-22T07:00:00,23.775,23.8164,24.1,24.1,In,100
2026-07-22T07:10:00,23.861,23.8924,24.2,24.3,In,100
2026-07-22T07:20:00,23.914,23.992,24.5,24.4,In,100
2026-07-22T07:30:00,24.032,24.1914,24.5,24.5,In,100
2026-07-22T07:40:00,23.689,23.7542,24.1,24.2,In,100
2026-07-22T07:50:00,23.764,23.7929,24.2,24.3,In,100
2026-07-22T08:00:00,23.903,23.9588,24.2,24.2,In,100
2026-07-22T08:10:00,23.839,23.8814,24.1,24.1,In,100
2026-07-22T08:20:00,23.775,23.8316,24.1,24.1,In,100
2026-07-22T08:30:00,23.753,23.779,24.1,24.1,In,100
2026-07-22T08:40:00,23.903,23.9477,24.4,24.3,In,100
2026-07-22T08:50:00,24.097,24.154,24.5,24.5,In,100
2026-07-22T09:00:00,23.764,23.8689,24.3,24.3,In,100
2026-07-22T09:10:00,23.785,23.8205,24.1,24.4,In,100
2026-07-22T09:20:00,23.85,23.8689,24.2,24.3,In,100
2026-07-22T09:30:00,23.903,23.9643,24.2,24.3,In,100
2026-07-22T09:40:00,24.097,24.1014,24.4,24.4,In,100
2026-07-22T09:50:00,23.903,23.9823,24.4,24.3,In,100
2026-07-22T10:00:00,24.054,24.136,24.4,24.4,In,100
2026-07-22T10:10:00,24,24.0695,24.4,24.4,In,100
2026-07-22T10:20:00,23.828,23.9007,24.3,24.4,In,100
2026-07-22T10:30:00,24,24.0515,24.4,24.4,In,100
2026-07-22T10:40:00,23.936,23.9976,24.3,24.3,In,100
2026-07-22T10:50:00,23.85,23.9242,24.2,24.3,In,100
2026-07-22T11:00:00,23.785,23.8509,24.1,24.2,In,100
2026-07-22T11:10:00,23.56,23.6409,24,24.1,In,100
2026-07-22T11:20:00,23.55,23.5842,23.9,24,In,100
2026-07-22T11:30:00,23.592,23.6188,24.1,24.3,In,100
2026-07-22T11:40:00,23.496,23.5608,24.3,24.4,In,100
2026-07-22T11:50:00,23.442,23.4931,23.8,23.9,In,100
2026-07-22T12:00:00,23.453,23.4972,23.8,23.9,In,100
2026-07-22T12:10:00,23.496,23.5373,23.9,23.9,In,100
2026-07-22T12:20:00,23.646,23.6947,24.2,24.4,In,100
2026-07-22T12:30:00,23.882,23.9339,24.3,24.4,In,100
2026-07-22T12:40:00,23.603,23.7998,24.2,24.3,In,100
2026-07-22T12:50:00,23.399,23.4241,23.9,24,In,100
2026-07-22T13:00:00,23.442,23.4765,23.8,23.8,In,100
2026-07-22T13:10:00,23.485,23.5235,23.8,23.8,In,100
2026-07-22T13:20:00,23.496,23.529,23.8,23.7,In,100
2026-07-22T13:30:00,23.56,23.5994,23.9,23.9,In,100
2026-07-22T13:40:00,23.614,23.6602,24,23.9,In,100
2026-07-22T13:50:00,23.528,23.5746,23.9,23.9,In,100
2026-07-22T14:00:00,23.496,23.5759,23.9,23.9,In,100
2026-07-22T14:10:00,23.528,23.5732,23.9,23.9,In,100
2026-07-22T14:20:00,23.56,23.6105,24,23.9,In,100
2026-07-22T14:30:00,23.592,23.6326,23.9,23.9,In,100
2026-07-22T14:40:00,23.582,23.634,23.9,23.9,In,100
2026-07-22T14:50:00,23.421,23.5014,23.9,23.9,In,100
2026-07-22T15:00:00,23.41,23.4876,23.9,23.9,In,100
2026-07-22T15:10:00,23.614,23.6491,23.9,24,In,100
2026-07-22T15:20:00,23.635,23.6657,24,24,In,100
2026-07-22T15:30:00,23.71,23.7528,24.1,24.1,In,100
2026-07-22T15:40:00,23.668,23.7638,24.1,24.1,In,100
2026-07-22T15:50:00,23.485,23.6685,24.1,24.1,In,100
2026-07-22T16:00:00,23.678,23.7279,24.1,24.1,In,100
2026-07-22T16:10:00,23.764,23.797,24.1,24.1,In,100
2026-07-22T16:20:00,23.743,23.8081,24.1,24.1,In,100
2026-07-22T16:30:00,23.732,23.7901,24.2,24.3,In,100
2026-07-22T16:40:00,23.839,23.8827,24.2,24.3,In,100
2026-07-22T16:50:00,23.85,23.8744,24.2,24.3,In,100
2026-07-22T17:00:00,23.946,23.9865,24.4,24.5,In,100
2026-07-22T17:10:00,24.118,24.1429,24.6,24.6,In,100
2026-07-22T17:20:00,24.15,24.2149,24.5,24.5,In,100
2026-07-22T17:30:00,24.118,24.2163,24.6,24.5,In,100
2026-07-22T17:40:00,24.161,24.2329,24.5,24.5,In,100
2026-07-22T17:50:00,24.268,24.3078,24.6,24.5,In,100
2026-07-22T18:00:00,24.322,24.3743,24.7,24.7,In,100
2026-07-22T18:10:00,24.44,24.4714,24.8,24.7,In,100
2026-07-22T18:20:00,24.408,24.4658,24.8,24.8,In,100
2026-07-22T18:30:00,24.408,24.4825,24.8,24.9,In,100
2026-07-22T18:40:00,24.418,24.4228,24.7,24.9,In,100
2026-07-22T18:50:00,24.354,24.4422,24.7,24.9,In,100
2026-07-22T19:00:00,24.461,24.4922,24.9,24.9,In,100
2026-07-22T19:10:00,24.547,24.5921,24.9,24.9,In,100
2026-07-22T19:20:00,24.611,24.6365,24.9,25,In,100
2026-07-22T19:30:00,24.172,24.2814,24.7,24.7,In,100
2026-07-22T19:40:00,24.075,24.1858,24.7,24.6,In,100
2026-07-22T19:50:00,24.129,24.1664,24.7,24.6,In,100
2026-07-22T20:00:00,24.129,24.1498,24.7,24.7,In,100
2026-07-22T20:10:00,24.097,24.1761,24.7,24.6,In,100
2026-07-22T20:20:00,24.204,24.2426,24.7,24.7,In,100
2026-07-22T20:30:00,24.021,24.1138,24.6,24.6,In,100
2026-07-22T20:40:00,24.054,24.0986,24.7,24.7,In,100
2026-07-22T20:50:00,24.097,24.2191,24.6,24.5,In,100
2026-07-22T21:00:00,24.075,24.118,24.5,24.6,In,100
2026-07-22T21:10:00,24.043,24.1041,24.5,24.4,In,100
2026-07-22T21:20:00,24.075,24.1152,24.5,24.5,In,100
2026-07-22T21:30:00,24.257,24.3064,24.6,24.6,In,100
2026-07-22T21:40:00,24.086,24.1983,24.5,24.6,In,100
2026-07-22T21:50:00,24.043,24.1304,24.5,24.6,In,100
2026-07-22T22:00:00,24.064,24.1692,24.5,24.5,In,100
2026-07-22T22:10:00,24.107,24.154,24.5,24.5,In,100
2026-07-22T22:20:00,24.161,24.1914,24.5,24.5,In,100
2026-07-22T22:30:00,24.075,24.1221,24.4,24.4,In,100
2026-07-22T22:40:00,24.118,24.154,24.4,24.3,In,100
2026-07-22T22:50:00,24.107,24.1512,24.4,24.4,In,100
2026-07-22T23:00:00,23.957,24.01,24.4,24.4,In,100
2026-07-22T23:10:00,23.925,23.9768,24.3,24.3,In,100
2026-07-22T23:20:00,23.914,23.9671,24.3,24.2,In,100
2026-07-22T23:30:00,23.839,23.9367,24.2,24.2,In,100
2026-07-22T23:40:00,23.71,23.7901,24.1,24.1,In,100
2026-07-22T23:50:00,23.807,23.8468,24.1,24.1,In,100
2026-07-23T00:00:00,23.668,23.7777,24,24.1,In,100
2026-07-23T00:10:00,23.464,23.5663,24,24,In,100
2026-07-23T00:20:00,23.356,23.4103,23.8,23.8,In,100
2026-07-23T00:30:00,23.303,23.3578,23.8,23.7,In,100
2026-07-23T00:40:00,23.41,23.4365,23.9,23.9,In,100
2026-07-23T00:50:00,23.55,23.5898,23.9,23.9,In,100
2026-07-23T01:00:00,23.335,23.4544,23.7,23.8,In,100
2026-07-23T01:10:00,23.485,23.5193,23.9,23.8,In,100
2026-07-23T01:20:00,23.281,23.3441,23.7,23.7,In,100
2026-07-23T01:30:00,23.314,23.3565,23.7,23.8,In,100
2026-07-23T01:40:00,23.464,23.5428,23.9,23.9,In,100
2026-07-23T01:50:00,23.453,23.5331,23.8,23.8,In,100
2026-07-23T02:00:00,23.314,23.3772,23.6,23.6,In,100
2026-07-23T02:10:00,23.206,23.2861,23.6,23.6,In,100
2026-07-23T02:20:00,23.185,23.2103,23.6,23.7,In,100
2026-07-23T02:30:00,23.26,23.2903,23.7,23.6,In,100
2026-07-23T02:40:00,23.303,23.373,23.7,23.6,In,100
2026-07-23T02:50:00,23.228,23.3151,23.6,23.6,In,100
2026-07-23T03:00:00,23.174,23.2503,23.6,23.6,In,100
2026-07-23T03:10:00,23.228,23.2778,23.6,23.7,In,100
2026-07-23T03:20:00,23.249,23.3151,23.7,23.6,In,100
2026-07-23T03:30:00,23.281,23.351,23.7,23.7,In,100
2026-07-23T03:40:00,23.206,23.2668,23.6,23.7,In,100
2026-07-23T03:50:00,23.228,23.2627,23.7,23.7,In,100
2026-07-23T04:00:00,23.389,23.4034,23.9,24,In,100
2026-07-23T04:10:00,23.657,23.6837,24.1,24.1,In,100
2026-07-23T04:20:00,23.85,23.862,24.1,24.1,In,100
2026-07-23T04:30:00,23.893,23.9256,24.3,24.3,In,100
2026-07-23T04:40:00,23.914,23.9547,24.4,24.4,In,100
2026-07-23T04:50:00,23.861,23.909,24.2,24.1,In,100
2026-07-23T05:00:00,23.592,23.6699,23.9,24,In,100
2026-07-23T05:10:00,23.657,23.7058,24.2,24.1,In,100
2026-07-23T05:20:00,23.871,23.909,24.5,24.4,In,100
2026-07-23T05:30:00,24.107,24.2011,24.5,24.5,In,100
2026-07-23T05:40:00,23.743,23.8661,24,24,In,100
2026-07-23T05:50:00,23.635,23.6989,23.9,24,In,100
2026-07-23T06:00:00,23.807,23.8136,24.2,24.1,In,100
2026-07-23T06:10:00,24.054,24.0474,24.5,24.6,In,100
2026-07-23T06:20:00,23.979,24.1664,24.6,24.8,In,100
2026-07-23T06:30:00,23.914,23.9727,24.4,24.6,In,100
2026-07-23T06:40:00,24.279,24.244,24.9,24.9,In,100
2026-07-23T06:50:00,24.568,24.6407,24.9,24.9,In,100
2026-07-23T07:00:00,24.279,24.3687,24.6,24.7,In,100
2026-07-23T07:10:00,24.343,24.4381,24.9,24.8,In,100
2026-07-23T07:20:00,24.257,24.3327,24.7,24.8,In,100
2026-07-23T07:30:00,24.558,24.5893,24.9,24.9,In,100
2026-07-23T07:40:00,24.44,24.5199,24.8,24.8,In,100
2026-07-23T07:50:00,24.29,24.3563,24.6,24.6,In,100
2026-07-23T08:00:00,24.172,24.2662,24.6,24.6,In,100
2026-07-23T08:10:00,24.193,24.2579,24.6,24.5,In,100
2026-07-23T08:20:00,24.182,24.2412,24.4,24.5,In,100
2026-07-23T08:30:00,24.139,24.2205,24.4,24.4,In,100
2026-07-23T08:40:00,23.893,23.9727,24.4,24.4,In,100
2026-07-23T08:50:00,24.032,24.0612,24.5,24.4,In,100
2026-07-23T09:00:00,23.979,24.0654,24.3,24.3,In,100
2026-07-23T09:10:00,23.957,24.0169,24.3,24.3,In,100
2026-07-23T09:20:00,23.71,23.8039,24.1,24.2,In,100
2026-07-23T09:30:00,23.625,23.6685,23.9,24,In,100
2026-07-23T09:40:00,23.614,23.6657,23.9,23.9,In,100
2026-07-23T09:50:00,23.678,23.7251,24.1,24.1,In,100
2026-07-23T10:00:00,24,24.0335,24.5,24.4,In,100
2026-07-23T10:10:00,24.172,24.2052,24.4,24.5,In,100
2026-07-23T10:20:00,23.828,23.9298,24.4,24.5,In,100
2026-07-23T10:30:00,23.743,23.8219,24.5,24.4,In,100
2026-07-23T10:40:00,23.764,23.826,24.1,24.2,In,100
2026-07-23T10:50:00,23.807,23.8343,24.1,24.1,In,100
2026-07-23T11:00:00,23.657,23.7086,24.1,24.1,In,100
2026-07-23T11:10:00,23.507,23.5649,23.9,23.9,In,100
2026-07-23T11:20:00,23.539,23.5608,23.9,23.8,In,100
2026-07-23T11:30:00,23.55,23.5815,23.9,24,In,100
2026-07-23T11:40:00,23.614,23.663,24,24,In,100
2026-07-23T11:50:00,23.732,23.7749,24.1,24.2,In,100
2026-07-23T12:00:00,23.496,23.5483,24.1,24.3,In,100
2026-07-23T12:10:00,23.421,23.4696,23.8,23.8,In,100
2026-07-23T12:20:00,23.41,23.471,23.7,23.8,In,100
2026-07-23T12:30:00,23.399,23.4475,23.7,23.7,In,100
2026-07-23T12:40:00,23.41,23.4448,23.7,23.6,In,100
2026-07-23T12:50:00,23.41,23.4434,23.7,23.7,In,100
2026-07-23T13:00:00,23.41,23.4406,23.6,23.7,In,100
2026-07-23T13:10:00,23.399,23.4337,23.7,23.6,In,100
2026-07-23T13:20:00,23.41,23.4406,23.7,23.7,In,100
2026-07-23T13:30:00,23.41,23.442,23.7,23.8,In,100
2026-07-23T13:40:00,23.389,23.4393,23.7,23.7,In,100
2026-07-23T13:50:00,23.41,23.4337,23.6,23.6,In,100
2026-07-23T14:00:00,23.389,23.4337,23.7,23.7,In,100
2026-07-23T14:10:00,23.432,23.4641,23.9,23.8,In,100
2026-07-23T14:20:00,23.356,23.4406,23.8,23.8,In,100
2026-07-23T14:30:00,23.26,23.3413,23.6,23.6,In,100
2026-07-23T14:40:00,23.131,23.1965,23.5,23.6,In,100
2026-07-23T14:50:00,23.271,23.2944,23.6,23.6,In,100
2026-07-23T15:00:00,23.228,23.2847,23.6,23.6,In,100
2026-07-23T15:10:00,23.271,23.2944,23.6,23.6,In,100
2026-07-23T15:20:00,23.314,23.362,23.7,23.5,In,100
2026-07-23T15:30:00,23.335,23.3827,23.6,23.6,In,100
2026-07-23T15:40:00,23.271,23.3316,23.6,23.5,In,100
2026-07-23T15:50:00,23.26,23.3137,23.6,23.5,In,100
2026-07-23T16:00:00,23.303,23.3413,23.6,23.6,In,100
2026-07-23T16:10:00,23.303,23.3496,23.6,23.5,In,100
2026-07-23T16:20:00,23.303,23.3496,23.6,23.5,In,100
2026-07-23T16:30:00,23.303,23.3454,23.6,23.6,In,100
2026-07-23T16:40:00,23.324,23.3854,23.7,23.7,In,100
2026-07-23T16:50:00,23.356,23.4544,23.9,24,In,100
2026-07-23T17:00:00,23.292,23.3647,23.7,23.8,In,100
2026-07-23T17:10:00,23.324,23.3441,23.7,23.7,In,100
2026-07-23T17:20:00,23.303,23.3482,23.9,23.9,In,100
2026-07-23T17:30:00,23.399,23.4268,23.9,24,In,100
2026-07-23T17:40:00,23.592,23.6174,24,24.1,In,100
2026-07-23T17:50:00,23.775,23.8164,24.1,24.2,In,100
2026-07-23T18:00:00,23.85,23.8855,24.1,24.1,In,100
2026-07-23T18:10:00,23.689,23.7528,24,24,In,100
2026-07-23T18:20:00,23.571,23.6574,23.9,24,In,100
2026-07-23T18:30:00,23.507,23.5828,23.9,23.9,In,100
2026-07-23T18:40:00,23.464,23.5014,23.9,23.9,In,100
2026-07-23T18:50:00,23.41,23.4641,23.8,23.8,In,100
2026-07-23T19:00:00,23.432,23.4738,23.8,23.9,In,100
2026-07-23T19:10:00,23.507,23.5718,24,24.1,In,100
2026-07-23T19:20:00,23.743,23.7666,24.4,24.4,In,100
2026-07-23T19:30:00,24.021,24.0944,24.5,24.5,In,100
2026-07-23T19:40:00,23.517,23.6574,24.1,24.3,In,100
2026-07-23T19:50:00,23.785,23.8247,24.2,24.3,In,100
2026-07-23T20:00:00,23.871,23.9242,24.4,24.4,In,100
2026-07-23T20:10:00,24.118,24.1457,24.7,24.6,In,100
2026-07-23T20:20:00,24.225,24.2911,24.6,24.6,In,100
2026-07-23T20:30:00,24.225,24.3133,24.6,24.6,In,100
2026-07-23T20:40:00,24.172,24.2343,24.5,24.5,In,100
2026-07-23T20:50:00,24.118,24.2025,24.4,24.4,In,100
2026-07-23T21:00:00,23.903,23.9934,24.4,24.5,In,100
2026-07-23T21:10:00,23.775,23.8814,24.2,24.3,In,100
2026-07-23T21:20:00,23.839,23.9063,24.2,24.2,In,100
2026-07-23T21:30:00,23.603,23.7514,24.1,24.2,In,100
2026-07-23T21:40:00,23.432,23.4779,23.8,23.7,In,100
2026-07-23T21:50:00,23.432,23.4862,23.8,23.8,In,100
2026-07-23T22:00:00,23.485,23.5055,23.8,23.8,In,100
2026-07-23T22:10:00,23.453,23.5193,23.9,23.9,In,100
2026-07-23T22:20:00,23.474,23.5179,23.9,23.9,In,100
2026-07-23T22:30:00,23.453,23.5566,23.9,23.9,In,100
2026-07-23T22:40:00,23.314,23.4034,23.8,23.8,In,100
2026-07-23T22:50:00,23.206,23.2709,23.6,23.7,In,100
2026-07-23T23:00:00,23.249,23.2875,23.6,23.7,In,100
2026-07-23T23:10:00,23.389,23.4517,23.8,23.8,In,100
2026-07-23T23:20:00,23.442,23.5221,23.9,23.8,In,100
2026-07-23T23:30:00,23.453,23.5608,23.9,23.9,In,100
2026-07-23T23:40:00,23.035,23.1193,23.7,23.8,In,100
2026-07-23T23:50:00,23.024,23.1138,23.9,23.9,In,100
2026-07-24T00:00:00,23.592,23.6118,24.1,24.1,In,100
2026-07-24T00:10:00,23.571,23.6657,24,24.1,In,100
2026-07-24T00:20:00,23.41,23.4959,23.9,24,In,100
2026-07-24T00:30:00,23.389,23.4365,23.8,23.8,In,100
2026-07-24T00:40:00,23.474,23.5124,23.8,23.7,In,100
2026-07-24T00:50:00,23.249,23.3634,23.7,23.7,In,100
2026-07-24T01:00:00,23.217,23.3013,23.7,23.8,In,100
2026-07-24T01:10:00,23.271,23.3013,23.8,23.8,In,100
2026-07-24T01:20:00,23.399,23.4627,23.9,23.8,In,100
2026-07-24T01:30:00,23.335,23.4089,23.8,23.9,In,100
2026-07-24T01:40:00,23.206,23.2613,23.7,23.8,In,100
2026-07-24T01:50:00,23.228,23.3399,23.9,24,In,100
2026-07-24T02:00:00,23.507,23.569,24.2,24.2,In,100
2026-07-24T02:10:00,23.85,23.9132,24.3,24.3,In,100
2026-07-24T02:20:00,23.496,23.6436,24.2,24.3,In,100
2026-07-24T02:30:00,23.228,23.3192,23.7,23.9,In,100
2026-07-24T02:40:00,23.432,23.4531,23.8,24.1,In,100
2026-07-24T02:50:00,23.528,23.5815,23.8,23.8,In,100
2026-07-24T03:00:00,23.421,23.5083,23.8,23.7,In,100
2026-07-24T03:10:00,23.324,23.3868,23.8,23.8,In,100
2026-07-24T03:20:00,23.292,23.362,23.8,23.8,In,100
2026-07-24T03:30:00,23.249,23.2889,23.8,23.8,In,100
2026-07-24T03:40:00,23.174,23.2723,23.7,23.7,In,100
2026-07-24T03:50:00,23.174,23.2282,23.6,23.7,In,100
2026-07-24T04:00:00,23.174,23.213,23.5,23.5,In,100
2026-07-24T04:10:00,23.239,23.2792,23.7,23.7,In,100
2026-07-24T04:20:00,23.249,23.3109,23.7,23.7,In,100
2026-07-24T04:30:00,23.314,23.3896,23.8,24,In,100
2026-07-24T04:40:00,23.517,23.5538,23.9,24,In,100
2026-07-24T04:50:00,23.743,23.75,24.1,24.1,In,100
2026-07-24T05:00:00,23.582,23.8025,24.2,24.3,In,100
2026-07-24T05:10:00,23.85,23.9118,24.3,24.4,In,100
2026-07-24T05:20:00,23.871,23.9201,24.3,24.3,In,100
2026-07-24T05:30:00,23.925,23.9616,24.3,24.3,In,100
2026-07-24T05:40:00,23.668,23.7583,24.2,24.2,In,100
2026-07-24T05:50:00,23.775,23.7998,24.1,24.2,In,100
2026-07-24T06:00:00,23.775,23.8302,24.1,24.1,In,100
2026-07-24T06:10:00,23.732,23.8025,24.1,24.2,In,100
2026-07-24T06:20:00,23.818,23.8758,24.4,24.4,In,100
2026-07-24T06:30:00,24.032,24.1055,24.5,24.5,In,100
2026-07-24T06:40:00,24.236,24.28,24.5,24.5,In,100
2026-07-24T06:50:00,24.268,24.3133,24.6,24.6,In,100
2026-07-24T07:00:00,24.322,24.3438,24.6,24.6,In,100
2026-07-24T07:10:00,24.386,24.4214,24.7,24.7,In,100
2026-07-24T07:20:00,24.408,24.4852,24.9,24.9,In,100
2026-07-24T07:30:00,24.375,24.4617,24.9,25,In,100
2026-07-24T07:40:00,24.397,24.4367,24.8,25,In,100
2026-07-24T07:50:00,24.45,24.4963,24.8,24.9,In,100
2026-07-24T08:00:00,24.493,24.538,24.8,24.8,In,100
2026-07-24T08:10:00,24.397,24.4686,24.7,24.7,In,100
2026-07-24T08:20:00,24.354,24.3771,24.6,24.6,In,100
2026-07-24T08:30:00,24.29,24.3438,24.6,24.6,In,100
2026-07-24T08:40:00,24.29,24.3161,24.6,24.6,In,100
2026-07-24T08:50:00,24.3,24.3854,24.7,24.7,In,100
2026-07-24T09:00:00,24.268,24.359,24.7,24.8,In,100
2026-07-24T09:10:00,24.354,24.4284,24.8,24.8,In,100
2026-07-24T09:20:00,24.343,24.3798,24.7,24.7,In,100
2026-07-24T09:30:00,24.268,24.3313,24.6,24.6,In,100
2026-07-24T09:40:00,24.193,24.269,24.5,24.5,In,100
2026-07-24T09:50:00,24.075,24.1471,24.4,24.4,In,100
2026-07-24T10:00:00,24.129,24.172,24.5,24.4,In,100
2026-07-24T10:10:00,24.129,24.1844,24.5,24.4,In,100
2026-07-24T10:20:00,24.193,24.2205,24.4,24.4,In,100
2026-07-24T10:30:00,24.139,24.2066,24.5,24.5,In,100
2026-07-24T10:40:00,23.496,23.7293,24.4,24.4,In,100
2026-07-24T10:50:00,23.979,24.0142,24.4,24.4,In,100
2026-07-24T11:00:00,23.936,23.9851,24.1,24.3,In,100
2026-07-24T11:10:00,23.871,23.927,24.3,24.3,In,100
2026-07-24T11:20:00,23.936,24.0031,24.4,24.4,In,100
2026-07-24T11:30:00,24.054,24.1609,24.4,24.4,In,100
2026-07-24T11:40:00,23.946,24.0017,24.4,24.4,In,100
2026-07-24T11:50:00,24,24.0695,24.4,24.4,In,100
2026-07-24T12:00:00,23.936,24.028,24.4,24.4,In,100
2026-07-24T12:10:00,23.818,23.8565,24.4,24.4,In,100
2026-07-24T12:20:00,23.828,23.9367,24.3,24.4,In,100
2026-07-24T12:30:00,23.839,23.9104,24.3,24.4,In,100
2026-07-24T12:40:00,23.668,23.7459,24.3,24.4,In,100
2026-07-24T12:50:00,23.678,23.7307,24.4,24.4,In,100
2026-07-24T13:00:00,23.968,24.0059,24.4,24.4,In,100
2026-07-24T13:10:00,23.775,23.8717,24.2,24.3,In,100
2026-07-24T13:20:00,23.861,23.8952,24.1,24.1,In,100
2026-07-24T13:30:00,23.893,23.9422,24.3,24.3,In,100
2026-07-24T13:40:00,23.871,23.9228,24.3,24.4,In,100
2026-07-24T13:50:00,23.828,23.8689,24.2,24.4,In,100
2026-07-24T14:00:00,23.721,23.7984,24.2,24.3,In,100
2026-07-24T14:10:00,23.71,23.7707,24.1,24.2,In,100
2026-07-24T14:20:00,23.732,23.7887,24,24.1,In,100
2026-07-24T14:30:00,23.7,23.7804,24.1,24.1,In,100
2026-07-24T14:40:00,23.753,23.8357,24.2,24.2,In,100
2026-07-24T14:50:00,23.71,23.7832,24.1,24.2,In,100
2026-07-24T15:00:00,23.689,23.7984,24.1,24.1,In,100
2026-07-24T15:10:00,23.753,23.8081,24.2,24.5,In,100
2026-07-24T15:20:00,23.785,23.8495,24.2,24.4,In,100
2026-07-24T15:30:00,23.85,23.8717,24.2,24.3,In,100
2026-07-24T15:40:00,23.764,23.8827,24.1,24.3,In,100
2026-07-24T15:50:00,23.753,23.8012,24.2,24.2,In,100
2026-07-24T16:00:00,23.7,23.7625,24.1,24.2,In,100
2026-07-24T16:10:00,23.485,23.5842,24,24.2,In,100
2026-07-24T16:20:00,23.421,23.4959,24,24.2,In,100
2026-07-24T16:30:00,23.689,23.7417,24.2,24.3,In,100
2026-07-24T16:40:00,23.743,23.7984,24.2,24.2,In,100
2026-07-24T16:50:00,23.796,23.8413,24.2,24.3,In,100
2026-07-24T17:00:00,23.582,23.7265,24.2,24.4,In,100
2026-07-24T17:10:00,23.861,23.8274,24.4,24.4,In,100
2026-07-24T17:20:00,23.861,23.9187,24.4,24.5,In,100
2026-07-24T17:30:00,23.85,23.9367,24.4,24.4,In,100
2026-07-24T17:40:00,23.968,24.0183,24.5,24.5,In,100
2026-07-24T17:50:00,24.129,24.2177,24.6,24.6,In,100
2026-07-24T18:00:00,24.29,24.3299,24.6,24.7,In,100
2026-07-24T18:10:00,24.322,24.384,24.7,24.7,In,100
2026-07-24T18:20:00,24.193,24.287,24.6,24.6,In,100
2026-07-24T18:30:00,24.214,24.3119,24.6,24.6,In,100
2026-07-24T18:40:00,24.193,24.2205,24.6,24.5,In,100
2026-07-24T18:50:00,24.225,24.3008,24.6,24.6,In,100
2026-07-24T19:00:00,24.247,24.3091,24.6,24.7,In,100
2026-07-24T19:10:00,24.311,24.3493,24.6,24.7,In,100
2026-07-24T19:20:00,24.322,24.3743,24.7,24.7,In,100
2026-07-24T19:30:00,24.214,24.3369,24.6,24.8,In,100
2026-07-24T19:40:00,24.279,24.3355,24.7,24.8,In,100
2026-07-24T19:50:00,24.204,24.3424,24.6,24.8,In,100
2026-07-24T20:00:00,24.322,24.3715,24.7,24.7,In,100
2026-07-24T20:10:00,24.365,24.4145,24.6,24.7,In,100
2026-07-24T20:20:00,24.354,24.4048,24.7,24.7,In,100
2026-07-24T20:30:00,24.3,24.3452,24.7,24.7,In,100
2026-07-24T20:40:00,24.268,24.3285,24.7,24.6,In,100
2026-07-24T20:50:00,24.236,24.3091,24.6,24.6,In,100
2026-07-24T21:00:00,24.268,24.323,24.6,24.5,In,100
2026-07-24T21:10:00,24.182,24.2288,24.4,24.5,In,100
2026-07-24T21:20:00,24.129,24.1831,24.4,24.5,In,100
2026-07-24T21:30:00,24.15,24.1831,24.5,24.4,In,100
2026-07-24T21:40:00,24.118,24.1623,24.4,24.4,In,100
2026-07-24T21:50:00,23.893,24.0668,24.3,24.3,In,100
2026-07-24T22:00:00,23.614,23.6851,24.3,24.3,In,100
2026-07-24T22:10:00,23.592,23.6298,24.1,24.3,In,100
2026-07-24T22:20:00,23.625,23.6519,24.1,24.2,In,100
2026-07-24T22:30:00,23.657,23.7279,24.1,24.1,In,100
2026-07-24T22:40:00,23.71,23.7569,24,24,In,100
2026-07-24T22:50:00,23.721,23.7569,24,24.1,In,100
2026-07-24T23:00:00,23.614,23.6602,24,24,In,100
2026-07-24T23:10:00,23.517,23.569,23.9,23.9,In,100
2026-07-24T23:20:00,23.432,23.4834,23.8,23.8,In,100
2026-07-24T23:30:00,23.442,23.4876,23.8,23.8,In,100
2026-07-24T23:40:00,23.539,23.5801,23.8,23.8,In,100
2026-07-24T23:50:00,23.571,23.6118,23.8,23.8,In,100
2026-07-25T00:00:00,23.539,23.5898,23.8,23.8,In,100
2026-07-25T00:10:00,23.314,23.4034,23.8,23.8,In,100
2026-07-25T00:20:00,23.335,23.471,23.8,23.8,In,100
2026-07-25T00:30:00,23.346,23.4531,23.8,23.8,In,100
2026-07-25T00:40:00,23.206,23.2792,23.8,23.8,In,100
2026-07-25T00:50:00,23.271,23.3937,23.9,23.8,In,100
2026-07-25T01:00:00,23.303,23.413,23.9,23.8,In,100
2026-07-25T01:10:00,23.507,23.5525,23.8,23.9,In,100
2026-07-25T01:20:00,23.496,23.5511,23.8,23.8,In,100
2026-07-25T01:30:00,23.517,23.5677,23.9,23.9,In,100
2026-07-25T01:40:00,23.496,23.5511,23.8,23.8,In,100
2026-07-25T01:50:00,23.464,23.5221,23.9,23.9,In,100
2026-07-25T02:00:00,23.453,23.5235,23.9,23.9,In,100
2026-07-25T02:10:00,23.56,23.6077,23.9,23.8,In,100
2026-07-25T02:20:00,23.356,23.5746,23.9,23.9,In,100
2026-07-25T02:30:00,23.485,23.5677,23.9,23.9,In,100
2026-07-25T02:40:00,23.496,23.5594,23.9,23.9,In,100
2026-07-25T02:50:00,23.496,23.5373,23.9,23.9,In,100
2026-07-25T03:00:00,23.582,23.616,23.9,23.9,In,100
2026-07-25T03:10:00,23.507,23.6008,23.9,23.9,In,100
2026-07-25T03:20:00,23.485,23.5235,23.9,24,In,100
2026-07-25T03:30:00,23.592,23.6298,23.9,23.9,In,100
2026-07-25T03:40:00,23.507,23.6215,24,24,In,100
2026-07-25T03:50:00,23.678,23.7127,24,24.1,In,100
2026-07-25T04:00:00,23.55,23.6409,24,24.1,In,100
2026-07-25T04:10:00,23.528,23.6132,24,24,In,100
2026-07-25T04:20:00,23.539,23.6353,24,24,In,100
2026-07-25T04:30:00,23.571,23.6201,24,23.9,In,100
2026-07-25T04:40:00,23.625,23.6616,23.9,23.9,In,100
2026-07-25T04:50:00,23.657,23.6975,24,24.1,In,100
2026-07-25T05:00:00,23.689,23.7362,24.1,24.1,In,100
2026-07-25T05:10:00,23.732,23.8219,24.1,24.2,In,100
2026-07-25T05:20:00,23.861,23.8689,24.3,24.3,In,100
2026-07-25T05:30:00,23.989,24.0322,24.3,24.4,In,100
2026-07-25T05:40:00,23.871,23.9256,24.3,24.3,In,100
2026-07-25T05:50:00,24.032,24.0792,24.4,24.4,In,100
2026-07-25T06:00:00,24.043,24.0972,24.4,24.4,In,100
2026-07-25T06:10:00,24.064,24.1069,24.4,24.4,In,100
2026-07-25T06:20:00,24.075,24.1346,24.4,24.5,In,100
2026-07-25T06:30:00,24.075,24.1374,24.4,24.5,In,100
2026-07-25T06:40:00,23.946,23.9976,24.4,24.4,In,100
2026-07-25T06:50:00,23.989,24.0875,24.4,24.4,In,100
2026-07-25T07:00:00,24.043,24.0848,24.4,24.5,In,100
2026-07-25T07:10:00,24.075,24.1304,24.5,24.5,In,100
2026-07-25T07:20:00,24.118,24.172,24.5,24.6,In,100
2026-07-25T07:30:00,24.129,24.1789,24.6,24.7,In,100
2026-07-25T07:40:00,24.365,24.3937,24.8,24.7,In,100
2026-07-25T07:50:00,24.375,24.5518,24.9,24.9,In,100
2026-07-25T08:00:00,24.332,24.4339,24.8,24.8,In,100
2026-07-25T08:10:00,24.45,24.4797,24.8,24.7,In,100
2026-07-25T08:20:00,24.322,24.3549,24.6,24.7,In,100
2026-07-25T08:30:00,24.054,24.1263,24.6,24.7,In,100
2026-07-25T08:40:00,24.086,24.1166,24.6,24.7,In,100
2026-07-25T08:50:00,24.054,24.1166,24.4,24.5,In,100
2026-07-25T09:00:00,24.129,24.1526,24.5,24.6,In,100
2026-07-25T09:10:00,23.936,24.0211,24.3,24.4,In,100
2026-07-25T09:20:00,23.968,24.0128,24.4,24.4,In,100
2026-07-25T09:30:00,24.043,24.0861,24.4,24.5,In,100
2026-07-25T09:40:00,24.054,24.0903,24.5,24.4,In,100
2026-07-25T09:50:00,23.957,24.0557,24.4,24.4,In,100
2026-07-25T10:00:00,23.936,24.0045,24.4,24.4,In,100
2026-07-25T10:10:00,24.064,24.0861,24.4,24.3,In,100
2026-07-25T10:20:00,23.807,23.8703,24.2,24.3,In,100
2026-07-25T10:30:00,23.828,23.8578,24.2,24.4,In,100
2026-07-25T10:40:00,23.85,23.9049,24.2,24.2,In,100
2026-07-25T10:50:00,23.861,23.9118,24.2,24.3,In,100
2026-07-25T11:00:00,23.936,23.974,24.3,24.3,In,100
2026-07-25T11:10:00,23.807,23.8703,24.1,24.1,In,100
2026-07-25T11:20:00,23.743,23.797,24,24,In,100
2026-07-25T11:30:00,23.689,23.797,24.1,24,In,100
2026-07-25T11:40:00,23.453,23.5207,24,24,In,100
2026-07-25T11:50:00,23.678,23.6989,24.1,24,In,100
2026-07-25T12:00:00,23.721,23.7569,24,24,In,100
2026-07-25T12:10:00,23.571,23.6409,24,23.9,In,100
2026-07-25T12:20:00,23.603,23.627,24,23.9,In,100
2026-07-25T12:30:00,23.539,23.5552,23.9,23.9,In,100
2026-07-25T12:40:00,23.592,23.6298,24,24,In,100
2026-07-25T12:50:00,23.528,23.6063,23.9,24,In,100
2026-07-25T13:00:00,23.678,23.7251,24.1,24.1,In,100
2026-07-25T13:10:00,23.7,23.8247,24.1,24.2,In,100
2026-07-25T13:20:00,23.528,23.5842,24,24.1,In,100
2026-07-25T13:30:00,23.485,23.5483,23.9,24,In,100
2026-07-25T13:40:00,23.55,23.5994,23.9,24,In,100
2026-07-25T13:50:00,23.603,23.645,24,24.1,In,100
2026-07-25T14:00:00,23.785,23.8025,24.1,24.1,In,100
2026-07-25T14:10:00,23.571,23.6616,24,24.1,In,100
2026-07-25T14:20:00,23.635,23.6505,24.1,24.1,In,100
2026-07-25T14:30:00,23.689,23.7348,24.1,24.1,In,100
2026-07-25T14:40:00,23.528,23.6063,24.1,24.2,In,100
2026-07-25T14:50:00,23.507,23.5635,24.1,24.1,In,100
2026-07-25T15:00:00,23.55,23.5842,24.2,24.1,In,100
2026-07-25T15:10:00,23.582,23.6478,24.2,24.2,In,100
2026-07-25T15:20:00,23.785,23.8426,24.2,24.1,In,100
2026-07-25T15:30:00,23.807,23.8551,24.2,24.1,In,100
2026-07-25T15:40:00,23.871,23.9159,24.2,24.1,In,100
2026-07-25T15:50:00,23.753,23.9201,24.1,24.1,In,100
2026-07-25T16:00:00,23.903,23.9367,24.2,24.1,In,100
2026-07-25T16:10:00,23.753,23.862,24.1,24.2,In,100
2026-07-25T16:20:00,23.861,23.9394,24.3,24.1,In,100
2026-07-25T16:30:00,23.914,23.9643,24.2,24.2,In,100
2026-07-25T16:40:00,23.925,23.9754,24.2,24.1,In,100
2026-07-25T16:50:00,23.882,23.9657,24.2,24.1,In,100
2026-07-25T17:00:00,23.861,23.9339,24.3,24.2,In,100
2026-07-25T17:10:00,23.946,23.9976,24.2,24.2,In,100
2026-07-25T17:20:00,23.979,24.0225,24.3,24.2,In,100
2026-07-25T17:30:00,23.914,24.0114,24.3,24.2,In,100
2026-07-25T17:40:00,23.85,23.9381,24.3,24.2,In,100
2026-07-25T17:50:00,23.925,24.0128,24.3,24.3,In,100
2026-07-25T18:00:00,23.968,24.0072,24.3,24.3,In,100
2026-07-25T18:10:00,23.989,24.0294,24.3,24.3,In,100
2026-07-25T18:20:00,24,24.0308,24.3,24.2,In,100
2026-07-25T18:30:00,24,24.0391,24.3,24.4,In,100
2026-07-25T18:40:00,24.011,24.0612,24.4,24.4,In,100
2026-07-25T18:50:00,23.936,24.0031,24.3,24.3,In,100
2026-07-25T19:00:00,23.871,23.927,24.3,24.3,In,100
2026-07-25T19:10:00,23.861,23.9104,24.3,24.3,In,100
2026-07-25T19:20:00,23.871,23.9367,24.3,24.4,In,100
2026-07-25T19:30:00,23.968,24.0294,24.3,24.5,In,100
2026-07-25T19:40:00,23.989,24.0571,24.3,24.5,In,100
2026-07-25T19:50:00,23.946,24.0169,24.3,24.5,In,100
2026-07-25T20:00:00,24.032,24.0668,24.4,24.5,In,100
2026-07-25T20:10:00,24.032,24.0944,24.4,24.5,In,100
2026-07-25T20:20:00,24.075,24.1069,24.5,24.6,In,100
2026-07-25T20:30:00,24.075,24.1111,24.6,24.5,In,100
2026-07-25T20:40:00,24.118,24.2149,24.6,24.6,In,100
2026-07-25T20:50:00,24.043,24.0834,24.4,24.6,In,100
2026-07-25T21:00:00,24.043,24.0695,24.3,24.4,In,100
2026-07-25T21:10:00,24.021,24.0681,24.3,24.3,In,100
2026-07-25T21:20:00,24.054,24.0792,24.3,24.4,In,100
2026-07-25T21:30:00,24.054,24.0861,24.3,24.4,In,100
2026-07-25T21:40:00,24.075,24.1207,24.5,24.5,In,100
2026-07-25T21:50:00,24.075,24.1554,24.4,24.6,In,100
2026-07-25T22:00:00,24.054,24.1069,24.4,24.4,In,100
2026-07-25T22:10:00,24.054,24.0986,24.4,24.4,In,100
2026-07-25T22:20:00,24.054,24.1041,24.3,24.3,In,100
2026-07-25T22:30:00,24.086,24.1249,24.3,24.4,In,100
2026-07-25T22:40:00,24.054,24.1,24.4,24.4,In,100
2026-07-25T22:50:00,23.946,24.0294,24.4,24.3,In,100
2026-07-25T23:00:00,24.011,24.0903,24.4,24.3,In,100
2026-07-25T23:10:00,23.914,23.9976,24.3,24.4,In,100
2026-07-25T23:20:00,23.839,23.8841,24.2,24.3,In,100
2026-07-25T23:30:00,23.785,23.8177,24.1,24,In,100
2026-07-25T23:40:00,23.743,23.7873,24,24,In,100
2026-07-25T23:50:00,23.732,23.7735,24,24,In,100
2026-07-26T00:00:00,23.743,23.7707,24.1,24,In,100
2026-07-26T00:10:00,23.721,23.7832,24.1,24,In,100
2026-07-26T00:20:00,23.743,23.7763,24.1,24,In,100
2026-07-26T00:30:00,23.775,23.8316,24.1,24.2,In,100
2026-07-26T00:40:00,23.753,23.8164,24.1,24.1,In,100
2026-07-26T00:50:00,23.743,23.786,24.1,24.1,In,100
2026-07-26T01:00:00,23.7,23.7348,24,24,In,100
2026-07-26T01:10:00,23.657,23.6906,23.9,24,In,100
2026-07-26T01:20:00,23.635,23.6892,24,24,In,100
2026-07-26T01:30:00,23.646,23.6782,23.9,23.9,In,100
2026-07-26T01:40:00,23.56,23.6395,23.9,23.9,In,100
2026-07-26T01:50:00,23.582,23.6533,24,23.9,In,100
2026-07-26T02:00:00,23.592,23.6505,23.9,23.9,In,100
2026-07-26T02:10:00,23.635,23.6795,23.9,23.9,In,100
2026-07-26T02:20:00,23.625,23.663,23.9,23.9,In,100
2026-07-26T02:30:00,23.646,23.6726,23.9,24,In,100
2026-07-26T02:40:00,23.7,23.7182,24,24,In,100
2026-07-26T02:50:00,23.753,23.7901,24.1,24,In,100
2026-07-26T03:00:00,23.775,23.8177,24.1,24.1,In,100
2026-07-26T03:10:00,23.775,23.833,24.1,24,In,100
2026-07-26T03:20:00,23.743,23.8122,24,24.1,In,100
2026-07-26T03:30:00,23.646,23.7196,24,24,In,100
2026-07-26T03:40:00,23.689,23.7417,24.1,24.1,In,100
2026-07-26T03:50:00,23.7,23.7514,24.1,24,In,100
2026-07-26T04:00:00,23.7,23.7486,24,24,In,100
2026-07-26T04:10:00,23.646,23.7086,23.9,24,In,100
2026-07-26T04:20:00,23.635,23.6906,24,24,In,100
2026-07-26T04:30:00,23.678,23.7072,24,24,In,100
2026-07-26T04:40:00,23.689,23.7238,24,24,In,100
2026-07-26T04:50:00,23.678,23.7334,24,24,In,100
2026-07-26T05:00:00,23.657,23.7182,24,23.9,In,100
2026-07-26T05:10:00,23.657,23.7086,24,24,In,100
2026-07-26T05:20:00,23.646,23.7099,24,24,In,100
2026-07-26T05:30:00,23.614,23.6892,24,24,In,100
2026-07-26T05:40:00,23.603,23.6298,24,23.9,In,100
2026-07-26T05:50:00,23.646,23.6864,24,24,In,100
2026-07-26T06:00:00,23.7,23.732,24,24.2,In,100
2026-07-26T06:10:00,23.678,23.721,24,24.1,In,100
2026-07-26T06:20:00,23.678,23.7238,24.1,24.1,In,100
2026-07-26T06:30:00,23.689,23.7431,24.1,24.1,In,100
2026-07-26T06:40:00,23.743,23.7749,24.2,24.2,In,100
2026-07-26T06:50:00,23.807,23.8565,24.3,24.2,In,100
2026-07-26T07:00:00,23.903,23.9464,24.3,24.4,In,100
2026-07-26T07:10:00,23.882,23.9325,24.3,24.4,In,100
2026-07-26T07:20:00,23.936,23.9643,24.3,24.3,In,100
2026-07-26T07:30:00,23.914,23.9768,24.3,24.4,In,100
2026-07-26T07:40:00,23.989,24.0225,24.3,24.3,In,100
2026-07-26T07:50:00,24.043,24.0889,24.4,24.4,In,100
2026-07-26T08:00:00,24.011,24.0848,24.4,24.4,In,100
2026-07-26T08:10:00,23.957,24.0557,24.4,24.4,In,100
2026-07-26T08:20:00,23.775,23.8606,24.4,24.4,In,100
2026-07-26T08:30:00,23.785,23.8703,24.4,24.4,In,100
2026-07-26T08:40:00,23.807,23.8689,24.3,24.4,In,100
2026-07-26T08:50:00,23.625,23.7168,24.1,24.3,In,100
2026-07-26T09:00:00,23.785,23.8136,24.2,24.3,In,100
2026-07-26T09:10:00,23.925,23.9491,24.4,24.4,In,100
2026-07-26T09:20:00,24,24.0585,24.4,24.4,In,100
2026-07-26T09:30:00,24.021,24.0875,24.4,24.3,In,100
2026-07-26T09:40:00,24.054,24.0903,24.4,24.4,In,100
2026-07-26T09:50:00,24.064,24.1083,24.5,24.4,In,100
2026-07-26T10:00:00,24.118,24.1761,24.5,24.4,In,100
2026-07-26T10:10:00,24.139,24.1831,24.5,24.4,In,100
2026-07-26T10:20:00,24.193,24.2315,24.4,24.5,In,100
2026-07-26T10:30:00,24.193,24.244,24.4,24.4,In,100
2026-07-26T10:40:00,24.193,24.2496,24.5,24.4,In,100
2026-07-26T10:50:00,24.214,24.2579,24.5,24.4,In,100
2026-07-26T11:00:00,24.182,24.269,24.5,24.4,In,100
2026-07-26T11:10:00,23.957,24.046,24.5,24.4,In,100
2026-07-26T11:20:00,23.85,23.9616,24.2,24.4,In,100
2026-07-26T11:30:00,23.646,23.7086,24.2,24.1,In,100
2026-07-26T11:40:00,23.753,23.786,24.2,24.2,In,100
2026-07-26T11:50:00,23.614,23.7182,24.1,24.2,In,100
2026-07-26T12:00:00,23.657,23.7086,24.2,24.1,In,100
2026-07-26T12:10:00,23.689,23.7072,24.2,24.1,In,100
2026-07-26T12:20:00,23.732,23.8025,24.2,24.2,In,100
2026-07-26T12:30:00,23.689,23.7652,24.3,24.4,In,100
2026-07-26T12:40:00,23.678,23.7901,24.3,24.4,In,100
2026-07-26T12:50:00,23.646,23.7348,24.3,24.4,In,100
2026-07-26T13:00:00,23.7,23.7486,24.2,24.3,In,100
2026-07-26T13:10:00,23.743,23.7818,24.1,24.2,In,100
2026-07-26T13:20:00,23.753,23.7887,24.1,24.1,In,100
2026-07-26T13:30:00,23.571,23.6381,24.1,24.1,In,100
2026-07-26T13:40:00,23.582,23.6409,24.1,24.1,In,100
2026-07-26T13:50:00,23.432,23.5414,23.9,24.1,In,100
2026-07-26T14:00:00,23.453,23.5041,23.9,24,In,100
2026-07-26T14:10:00,23.474,23.5097,23.8,24,In,100
2026-07-26T14:20:00,23.474,23.5069,24,24.1,In,100
2026-07-26T14:30:00,23.453,23.4986,23.9,24,In,100
2026-07-26T14:40:00,23.442,23.4972,23.8,23.9,In,100
2026-07-26T14:50:00,23.453,23.4945,23.7,23.8,In,100
2026-07-26T15:00:00,23.528,23.5428,23.9,23.9,In,100
2026-07-26T15:10:00,23.464,23.5318,23.9,24.1,In,100
2026-07-26T15:20:00,23.474,23.5235,24,24.1,In,100
2026-07-26T15:30:00,23.507,23.5525,24.1,24.1,In,100
2026-07-26T15:40:00,23.485,23.5414,24.1,24.1,In,100
2026-07-26T15:50:00,23.807,23.8454,24.2,24.1,In,100
2026-07-26T16:00:00,23.7,23.8164,24.2,24.2,In,100
2026-07-26T16:10:00,23.914,23.945,24.2,24.2,In,100
2026-07-26T16:20:00,23.732,23.8191,24.1,24.1,In,100
2026-07-26T16:30:00,23.571,23.6381,24.1,24.1,In,100
2026-07-26T16:40:00,23.442,23.4945,24,24,In,100
2026-07-26T16:50:00,23.496,23.5483,24,24,In,100
2026-07-26T17:00:00,23.474,23.5249,23.8,24.1,In,100
2026-07-26T17:10:00,23.517,23.5538,23.9,24.1,In,100
2026-07-26T17:20:00,23.55,23.5677,24,24,In,100
2026-07-26T17:30:00,23.378,23.4627,23.9,24,In,100
2026-07-26T17:40:00,23.421,23.4779,23.9,24,In,100
2026-07-26T17:50:00,23.464,23.5083,23.9,23.9,In,100
2026-07-26T18:00:00,23.453,23.5221,23.9,23.8,In,100
2026-07-26T18:10:00,23.41,23.46,23.8,23.8,In,100
2026-07-26T18:20:00,23.432,23.4793,23.8,23.8,In,100
2026-07-26T18:30:00,23.389,23.4268,23.8,23.9,In,100
2026-07-26T18:40:00,23.399,23.4655,23.8,24,In,100
2026-07-26T18:50:00,23.41,23.4655,23.8,23.9,In,100
2026-07-26T19:00:00,23.453,23.4738,23.7,23.9,In,100
2026-07-26T19:10:00,23.474,23.5138,23.9,24.1,In,100
2026-07-26T19:20:00,23.56,23.6671,24,24,In,100
2026-07-26T19:30:00,23.721,23.7625,24.1,24,In,100
2026-07-26T19:40:00,23.614,23.7818,24.2,24.2,In,100
2026-07-26T19:50:00,23.903,23.9491,24.3,24.4,In,100
2026-07-26T20:00:00,23.968,24.0155,24.3,24.5,In,100
2026-07-26T20:10:00,24.075,24.0986,24.6,24.5,In,100
2026-07-26T20:20:00,24.279,24.3036,24.7,24.6,In,100
2026-07-26T20:30:00,24.375,24.4159,24.7,24.6,In,100
2026-07-26T20:40:00,24.397,24.4547,24.7,24.6,In,100
2026-07-26T20:50:00,24.397,24.4589,24.7,24.6,In,100
2026-07-26T21:00:00,24.386,24.4408,24.7,24.7,In,100
2026-07-26T21:10:00,24.408,24.4464,24.7,24.7,In,100
2026-07-26T21:20:00,24.3,24.384,24.7,24.7,In,100
2026-07-26T21:30:00,24.365,24.409,24.8,24.7,In,100
2026-07-26T21:40:00,24.472,24.5074,24.9,24.9,In,100
2026-07-26T21:50:00,24.601,24.6434,25,25,In,100
2026-07-26T22:00:00,24.504,24.5407,25,25.2,In,100
2026-07-26T22:10:00,24.568,24.6865,25,25.2,In,100
2026-07-26T22:20:00,24.74,24.7643,25,25.2,In,100
2026-07-26T22:30:00,24.847,24.9102,25.1,25.1,In,100
2026-07-26T22:40:00,24.719,24.7671,25.2,25.2,In,100
2026-07-26T22:50:00,24.697,24.7671,25,25.1,In,100
2026-07-26T23:00:00,24.665,24.7129,25,24.9,In,100
2026-07-26T23:10:00,24.665,24.7004,25,25.1,In,100
2026-07-26T23:20:00,24.601,24.6587,24.9,25,In,100
2026-07-26T23:30:00,24.526,24.6032,25,25,In,100
2026-07-26T23:40:00,24.44,24.4672,24.9,24.9,In,100
2026-07-26T23:50:00,24.526,24.5546,24.9,24.9,In,100
2026-07-27T00:00:00,24.611,24.6421,24.9,24.9,In,100
2026-07-27T00:10:00,24.676,24.724,25,24.9,In,100
2026-07-27T00:20:00,24.547,24.6087,24.9,24.9,In,100
2026-07-27T00:30:00,24.547,24.6087,24.9,24.9,In,100
2026-07-27T00:40:00,24.547,24.5824,24.9,24.9,In,100
2026-07-27T00:50:00,24.558,24.5879,24.8,24.8,In,100
2026-07-27T01:00:00,24.611,24.6434,24.9,24.7,In,100
2026-07-27T01:10:00,24.622,24.6476,24.9,24.8,In,100
2026-07-27T01:20:00,24.568,24.6421,25,24.9,In,100
2026-07-27T01:30:00,24.558,24.6032,24.9,25,In,100
2026-07-27T01:40:00,24.568,24.6282,24.9,25,In,100
2026-07-27T01:50:00,24.611,24.6559,25,25,In,100
2026-07-27T02:00:00,24.665,24.7282,25,25,In,100
2026-07-27T02:10:00,24.686,24.749,25,25,In,100
2026-07-27T02:20:00,24.568,24.6087,25,25,In,100
2026-07-27T02:30:00,24.515,24.5629,24.9,24.9,In,100
2026-07-27T02:40:00,24.526,24.5574,24.7,24.8,In,100
2026-07-27T02:50:00,24.408,24.4825,24.8,24.7,In,100
2026-07-27T03:00:00,24.311,24.384,24.8,24.8,In,100
2026-07-27T03:10:00,24.225,24.3147,24.8,24.8,In,100
2026-07-27T03:20:00,24.182,24.2329,24.7,24.8,In,100
2026-07-27T03:30:00,24.182,24.2205,24.6,24.8,In,100
2026-07-27T03:40:00,24.172,24.2163,24.7,24.8,In,100
2026-07-27T03:50:00,24.172,24.1969,24.5,24.7,In,100
2026-07-27T04:00:00,24.172,24.2163,24.5,24.5,In,100
2026-07-27T04:10:00,24.193,24.2315,24.7,24.8,In,100
2026-07-27T04:20:00,24.214,24.269,24.8,24.9,In,100
2026-07-27T04:30:00,24.461,24.5005,24.8,24.8,In,100
2026-07-27T04:40:00,24.311,24.3937,24.7,24.8,In,100
2026-07-27T04:50:00,24.279,24.3674,24.8,24.8,In,100
2026-07-27T05:00:00,24.354,24.402,24.7,24.7,In,100
2026-07-27T05:10:00,24.472,24.5116,24.8,24.9,In,100
2026-07-27T05:20:00,24.526,24.5602,24.9,24.8,In,100
2026-07-27T05:30:00,24.568,24.5907,24.9,24.9,In,100
2026-07-27T05:40:00,24.59,24.6476,24.9,24.9,In,100
2026-07-27T05:50:00,24.601,24.6601,25,24.9,In,100
2026-07-27T06:00:00,24.311,24.4533,24.9,24.9,In,100
2026-07-27T06:10:00,24.386,24.427,24.9,24.9,In,100
2026-07-27T06:20:00,24.676,24.7004,24.9,24.9,In,100
2026-07-27T06:30:00,24.697,24.749,25,24.9,In,100
2026-07-27T06:40:00,24.729,24.7768,25.1,25.2,In,100
2026-07-27T06:50:00,24.622,24.7698,25,25.1,In,100
2026-07-27T07:00:00,24.45,24.6615,25,25.1,In,100
2026-07-27T07:10:00,24.536,24.6421,25,25,In,100
2026-07-27T07:20:00,24.644,24.6865,25,25.1,In,100
2026-07-27T07:30:00,24.697,24.7157,24.9,25.1,In,100
2026-07-27T07:40:00,24.686,24.7309,25,25,In,100
2026-07-27T07:50:00,24.719,24.7837,25.1,25.1,In,100
2026-07-27T08:00:00,24.794,24.831,25.2,25.2,In,100
2026-07-27T08:10:00,24.794,24.8421,25.2,25.3,In,100
2026-07-27T08:20:00,24.74,24.8074,25,25.3,In,100
2026-07-27T08:30:00,24.686,24.7893,25.1,25.4,In,100
2026-07-27T08:40:00,24.794,24.8296,25.1,25.1,In,100
2026-07-27T08:50:00,24.794,24.8504,25.1,25.2,In,100
2026-07-27T09:00:00,24.815,24.8671,25.2,25.2,In,100
2026-07-27T09:10:00,24.665,24.749,25.2,25.2,In,100
2026-07-27T09:20:00,24.601,24.7434,25.2,25.1,In,100
2026-07-27T09:30:00,24.504,24.5602,24.9,25,In,100
2026-07-27T09:40:00,24.515,24.5393,24.9,25,In,100
2026-07-27T09:50:00,24.568,24.6254,25,25,In,100
2026-07-27T10:00:00,24.547,24.5976,24.9,24.9,In,100
2026-07-27T10:10:00,24.558,24.5949,24.9,24.8,In,100
2026-07-27T10:20:00,24.59,24.6226,24.9,24.9,In,100
2026-07-27T10:30:00,24.676,24.717,25,25.1,In,100
2026-07-27T10:40:00,24.654,24.7309,25,25,In,100
2026-07-27T10:50:00,24.59,24.6601,25,25,In,100
2026-07-27T11:00:00,24.493,24.5727,24.9,25,In,100
2026-07-27T11:10:00,24.332,24.4755,24.8,24.8,In,100
2026-07-27T11:20:00,24.332,24.4076,24.7,24.6,In,100
2026-07-27T11:30:00,24.247,24.3493,24.6,24.6,In,100
2026-07-27T11:40:00,24.172,24.2302,24.7,24.6,In,100
2026-07-27T11:50:00,24.043,24.1415,24.6,24.7,In,100
2026-07-27T12:00:00,24.172,24.1983,24.6,24.6,In,100
2026-07-27T12:10:00,24.182,24.2163,24.7,24.6,In,100
2026-07-27T12:20:00,24.257,24.3133,24.7,24.7,In,100
2026-07-27T12:30:00,24.354,24.3909,24.7,24.6,In,100
2026-07-27T12:40:00,24.408,24.4353,24.7,24.7,In,100
2026-07-27T12:50:00,24.29,24.3493,24.7,24.6,In,100
2026-07-27T13:00:00,24.161,24.2052,24.6,24.6,In,100
2026-07-27T13:10:00,24.118,24.1498,24.5,24.5,In,100
2026-07-27T13:20:00,23.979,24.0695,24.5,24.3,In,100
2026-07-27T13:30:00,23.957,23.9962,24.5,24.4,In,100
2026-07-27T13:40:00,23.979,24.0446,24.4,24.4,In,100
2026-07-27T13:50:00,23.893,23.9574,24.3,24.4,In,100
2026-07-27T14:00:00,23.936,23.9754,24.4,24.4,In,100
2026-07-27T14:10:00,23.925,23.9989,24.3,24.3,In,100
2026-07-27T14:20:00,23.946,24.0017,24.3,24.3,In,100
2026-07-27T14:30:00,23.914,23.974,24.4,24.3,In,100
2026-07-27T14:40:00,23.85,23.9408,24.3,24.3,In,100
2026-07-27T14:50:00,23.839,23.9228,24.3,24.3,In,100
2026-07-27T15:00:00,23.807,23.8578,24.3,24.3,In,100
2026-07-27T15:10:00,23.635,23.8012,24.2,24.3,In,100
2026-07-27T15:20:00,23.721,23.8081,24.3,24.3,In,100
2026-07-27T15:30:00,23.496,23.634,24.2,24.2,In,100
2026-07-27T15:40:00,23.689,23.7044,24.1,24.2,In,100
2026-07-27T15:50:00,23.796,23.8578,24.2,24.2,In,100
2026-07-27T16:00:00,23.603,23.7307,24.2,24.3,In,100
2026-07-27T16:10:00,23.625,23.6505,24.2,24.2,In,100
2026-07-27T16:20:00,23.442,23.5318,24.1,24.3,In,100
2026-07-27T16:30:00,23.71,23.7473,24.2,24.3,In,100
2026-07-27T16:40:00,23.85,23.891,24.3,24.4,In,100
2026-07-27T16:50:00,23.914,23.9754,24.3,24.4,In,100
2026-07-27T17:00:00,23.957,23.9989,24.3,24.3,In,100
2026-07-27T17:10:00,24,24.0571,24.4,24.5,In,100
2026-07-27T17:20:00,23.936,24.0349,24.4,24.4,In,100
2026-07-27T17:30:00,24.043,24.1083,24.4,24.4,In,100
2026-07-27T17:40:00,23.957,24.0128,24.4,24.3,In,100
2026-07-27T17:50:00,24.043,24.0848,24.4,24.5,In,100
2026-07-27T18:00:00,23.979,24.0377,24.3,24.3,In,100
2026-07-27T18:10:00,24.043,24.0723,24.4,24.4,In,100
2026-07-27T18:20:00,24.075,24.1346,24.5,24.5,In,100
2026-07-27T18:30:00,24.193,24.2177,24.7,24.6,In,100
2026-07-27T18:40:00,24.225,24.3008,24.6,24.6,In,100
2026-07-27T18:50:00,24.236,24.3147,24.6,24.6,In,100
2026-07-27T19:00:00,24.268,24.3216,24.7,24.6,In,100
2026-07-27T19:10:00,24.257,24.3202,24.7,24.6,In,100
2026-07-27T19:20:00,24.247,24.3147,24.6,24.6,In,100
2026-07-27T19:30:00,24.279,24.3036,24.6,24.6,In,100
2026-07-27T19:40:00,24.29,24.3369,24.6,24.6,In,100
2026-07-27T19:50:00,24.332,24.3729,24.6,24.6,In,100
2026-07-27T20:00:00,24.365,24.3979,24.7,24.6,In,100
2026-07-27T20:10:00,24.365,24.4117,24.6,24.6,In,100
2026-07-27T20:20:00,24.354,24.4006,24.6,24.6,In,100
2026-07-27T20:30:00,24.3,24.3424,24.6,24.6,In,100
2026-07-27T20:40:00,24.332,24.366,24.6,24.6,In,100
2026-07-27T20:50:00,24.332,24.3687,24.6,24.6,In,100
2026-07-27T21:00:00,24.322,24.3646,24.6,24.6,In,100
2026-07-27T21:10:00,24.332,24.3729,24.7,24.7,In,100
2026-07-27T21:20:00,24.343,24.3895,24.7,24.7,In,100
2026-07-27T21:30:00,24.375,24.4214,24.8,24.8,In,100
2026-07-27T21:40:00,24.558,24.5879,24.9,24.9,In,100
2026-07-27T21:50:00,24.558,24.624,24.9,24.9,In,100
2026-07-27T22:00:00,24.547,24.599,24.9,24.9,In,100
2026-07-27T22:10:00,24.611,24.6421,24.9,24.9,In,100
2026-07-27T22:20:00,24.676,24.7073,25,24.9,In,100
2026-07-27T22:30:00,24.536,24.6407,24.9,24.9,In,100
2026-07-27T22:40:00,24.483,24.5352,24.8,24.9,In,100
2026-07-27T22:50:00,24.526,24.5727,24.8,24.8,In,100
2026-07-27T23:00:00,24.365,24.4311,24.8,24.8,In,100
2026-07-27T23:10:00,24.311,24.3785,24.7,24.8,In,100
2026-07-27T23:20:00,24.408,24.4506,24.7,24.8,In,100
2026-07-27T23:30:00,24.429,24.4908,24.7,24.6,In,100
2026-07-27T23:40:00,24.429,24.4714,24.7,24.7,In,100
2026-07-27T23:50:00,24.247,24.341,24.7,24.7,In,100
2026-07-28T00:00:00,24.257,24.3091,24.7,24.7,In,100
2026-07-28T00:10:00,24.161,24.2177,24.6,24.7,In,100
2026-07-28T00:20:00,24.182,24.2482,24.6,24.7,In,100
2026-07-28T00:30:00,24.375,24.3854,24.7,24.7,In,100
2026-07-28T00:40:00,24.257,24.3674,24.7,24.7,In,100
2026-07-28T00:50:00,24.214,24.28,24.6,24.6,In,100
2026-07-28T01:00:00,24.214,24.2551,24.6,24.6,In,100
2026-07-28T01:10:00,24.247,24.287,24.7,24.6,In,100
2026-07-28T01:20:00,24.236,24.2828,24.6,24.6,In,100
2026-07-28T01:30:00,24.268,24.2814,24.5,24.6,In,100
2026-07-28T01:40:00,24.15,24.2302,24.4,24.5,In,100
2026-07-28T01:50:00,24.097,24.1512,24.4,24.4,In,100
2026-07-28T02:00:00,24.032,24.1083,24.4,24.4,In,100
2026-07-28T02:10:00,24,24.064,24.3,24.3,In,100
2026-07-28T02:20:00,23.979,24.0598,24.3,24.3,In,100
2026-07-28T02:30:00,24,24.0335,24.4,24.3,In,100
2026-07-28T02:40:00,23.925,24.0211,24.3,24.3,In,100
2026-07-28T02:50:00,23.914,23.9754,24.3,24.3,In,100
2026-07-28T03:00:00,23.839,23.9173,24.2,24.3,In,100
2026-07-28T03:10:00,23.807,23.862,24.3,24.2,In,100
2026-07-28T03:20:00,23.71,23.7694,24.1,24.2,In,100
2026-07-28T03:30:00,23.796,23.8468,24.1,24.2,In,100
2026-07-28T03:40:00,23.807,23.8523,24.1,24.1,In,100
2026-07-28T03:50:00,23.678,23.7735,24.1,24.1,In,100
2026-07-28T04:00:00,23.7,23.7583,24.1,24.1,In,100
2026-07-28T04:10:00,23.71,23.7777,24,24.1,In,100
2026-07-28T04:20:00,23.646,23.7334,24,24.1,In,100
2026-07-28T04:30:00,23.721,23.7569,24.1,24.1,In,100
2026-07-28T04:40:00,23.678,23.7832,24.1,24,In,100
2026-07-28T04:50:00,23.528,23.6036,24.1,24,In,100
2026-07-28T05:00:00,23.474,23.5456,24,24,In,100
2026-07-28T05:10:00,23.453,23.5152,23.8,23.8,In,100
2026-07-28T05:20:00,23.356,23.413,23.7,23.7,In,100
2026-07-28T05:30:00,23.281,23.3606,23.6,23.6,In,100
2026-07-28T05:40:00,23.303,23.3523,23.7,23.8,In,100
2026-07-28T05:50:00,23.249,23.3247,23.7,23.9,In,100
2026-07-28T06:00:00,23.356,23.4075,23.9,23.8,In,100
2026-07-28T06:10:00,23.464,23.4821,23.9,23.7,In,100
2026-07-28T06:20:00,23.517,23.5732,23.9,23.7,In,100
2026-07-28T06:30:00,23.314,23.5069,23.8,23.8,In,100
2026-07-28T06:40:00,23.056,23.1482,23.6,23.9,In,100
2026-07-28T06:50:00,22.992,23.0283,23.4,23.9,In,100
2026-07-28T07:00:00,22.981,23.0159,23.5,23.7,In,100
2026-07-28T07:10:00,22.981,23.0421,23.6,23.7,In,100
2026-07-28T07:20:00,23.045,23.0959,23.6,23.8,In,100
2026-07-28T07:30:00,23.088,23.1179,23.6,23.8,In,100
2026-07-28T07:40:00,23.099,23.1427,23.8,23.9,In,100
2026-07-28T07:50:00,23.131,23.2434,23.8,23.9,In,100
2026-07-28T08:00:00,23.303,23.3372,23.9,24,In,100
2026-07-28T08:10:00,23.421,23.5538,24.1,24.1,In,100
2026-07-28T08:20:00,23.367,23.4103,24.2,24.2,In,100
2026-07-28T08:30:00,23.614,23.7016,24.4,24.4,In,100
2026-07-28T08:40:00,23.882,23.9547,24.5,24.6,In,100
2026-07-28T08:50:00,24.054,24.0972,24.5,24.6,In,100
2026-07-28T09:00:00,24.032,24.0972,24.4,24.6,In,100
2026-07-28T09:10:00,24.054,24.0972,24.4,24.6,In,100
2026-07-28T09:20:00,24,24.0543,24.4,24.5,In,100
2026-07-28T09:30:00,24.011,24.0723,24.5,24.6,In,100
2026-07-28T09:40:00,24.043,24.1027,24.5,24.5,In,100
2026-07-28T09:50:00,24.086,24.1415,24.6,24.6,In,100
2026-07-28T10:00:00,24.107,24.1457,24.4,24.6,In,100
2026-07-28T10:10:00,24.075,24.1249,24.4,24.4,In,100
2026-07-28T10:20:00,24.097,24.1263,24.4,24.6,In,100
2026-07-28T10:30:00,24.107,24.2108,24.8,24.7,In,100
2026-07-28T10:40:00,24.311,24.4436,24.9,24.8,In,100
2026-07-28T10:50:00,24.29,24.3951,24.9,24.7,In,100
2026-07-28T11:00:00,24.247,24.323,24.9,24.8,In,100
2026-07-28T11:10:00,24.29,24.3466,24.8,24.9,In,100
2026-07-28T11:20:00,24.354,24.3965,24.7,24.6,In,100
2026-07-28T11:30:00,24.397,24.4145,24.7,24.7,In,100
2026-07-28T11:40:00,24.311,24.3951,24.7,24.7,In,100
2026-07-28T11:50:00,24.311,24.3715,24.7,24.7,In,100
2026-07-28T12:00:00,24.322,24.3577,24.7,24.7,In,100
2026-07-28T12:10:00,24.097,24.1969,24.6,24.7,In,100
2026-07-28T12:20:00,23.871,23.9408,24.6,24.6,In,100
2026-07-28T12:30:00,23.946,24.0695,24.5,24.5,In,100
2026-07-28T12:40:00,24.032,24.0764,24.5,24.6,In,100
2026-07-28T12:50:00,24.139,24.1844,24.6,24.5,In,100
2026-07-28T13:00:00,24.032,24.1138,24.5,24.5,In,100
2026-07-28T13:10:00,24.011,24.0751,24.5,24.4,In,100
2026-07-28T13:20:00,23.989,24.0363,24.5,24.4,In,100
2026-07-28T13:30:00,24.118,24.1526,24.4,24.4,In,100
2026-07-28T13:40:00,24.054,24.1471,24.4,24.4,In,100
2026-07-28T13:50:00,24.043,24.0944,24.4,24.3,In,100
2026-07-28T14:00:00,24.075,24.1124,24.4,24.4,In,100
2026-07-28T14:10:00,24.075,24.1207,24.4,24.4,In,100
2026-07-28T14:20:00,24.086,24.1415,24.4,24.4,In,100
2026-07-28T14:30:00,24.064,24.1581,24.5,24.5,In,100
2026-07-28T14:40:00,24.107,24.19,24.5,24.5,In,100
2026-07-28T14:50:00,24.107,24.1651,24.4,24.5,In,100
2026-07-28T15:00:00,24.011,24.0695,24.4,24.4,In,100
2026-07-28T15:10:00,23.936,24.0169,24.3,24.3,In,100
2026-07-28T15:20:00,23.979,24.0308,24.3,24.3,In,100
2026-07-28T15:30:00,23.957,24.0183,24.3,24.3,In,100
2026-07-28T15:40:00,23.861,23.9145,24.3,24.3,In,100
2026-07-28T15:50:00,23.775,23.8772,24.1,24.1,In,100
2026-07-28T16:00:00,23.528,23.5939,24.1,24.1,In,100
2026-07-28T16:10:00,23.442,23.5028,23.9,24,In,100
2026-07-28T16:20:00,23.485,23.5124,24.1,24.1,In,100
2026-07-28T16:30:00,23.367,23.4393,24.1,24,In,100
2026-07-28T16:40:00,23.335,23.4627,24.1,24.1,In,100
2026-07-28T16:50:00,23.324,23.3482,24.1,24,In,100
2026-07-28T17:00:00,23.432,23.4931,24.1,24,In,100
2026-07-28T17:10:00,23.453,23.5221,24,24,In,100
2026-07-28T17:20:00,23.185,23.2696,24,24,In,100
2026-07-28T17:30:00,23.206,23.3068,24,24.1,In,100
2026-07-28T17:40:00,23.399,23.4489,24,24.1,In,100
2026-07-28T17:50:00,23.346,23.4586,23.8,23.9,In,100
2026-07-28T18:00:00,23.303,23.3468,23.8,23.9,In,100
2026-07-28T18:10:00,23.367,23.4241,23.8,23.9,In,100
2026-07-28T18:20:00,23.217,23.2709,23.8,23.8,In,100
2026-07-28T18:30:00,23.239,23.3082,23.7,23.8,In,100
2026-07-28T18:40:00,23.281,23.3303,23.7,23.7,In,100
2026-07-28T18:50:00,23.249,23.3178,23.7,23.8,In,100
2026-07-28T19:00:00,23.249,23.2972,23.8,23.8,In,100
2026-07-28T19:10:00,23.442,23.46,23.8,23.9,In,100
2026-07-28T19:20:00,23.464,23.5207,23.9,24,In,100
2026-07-28T19:30:00,23.646,23.6864,24.1,24.1,In,100
2026-07-28T19:40:00,23.732,23.7832,24.1,24,In,100
2026-07-28T19:50:00,23.743,23.8081,24.1,24.1,In,100
2026-07-28T20:00:00,23.807,23.8592,24.2,24.1,In,100
2026-07-28T20:10:00,23.85,23.8924,24.2,24.1,In,100
2026-07-28T20:20:00,23.85,23.9145,24.1,24.1,In,100
2026-07-28T20:30:00,23.882,23.9298,24.2,24.1,In,100
2026-07-28T20:40:00,23.903,23.9394,24.3,24.3,In,100
2026-07-28T20:50:00,23.936,24.0211,24.4,24.4,In,100
2026-07-28T21:00:00,24.032,24.1318,24.4,24.5,In,100
2026-07-28T21:10:00,23.946,24.0017,24.3,24.3,In,100
2026-07-28T21:20:00,24.011,24.0557,24.4,24.3,In,100
2026-07-28T21:30:00,24.075,24.1235,24.3,24.4,In,100
2026-07-28T21:40:00,24.107,24.1567,24.4,24.4,In,100
2026-07-28T21:50:00,24.279,24.2814,24.7,24.8,In,100
2026-07-28T22:00:00,24.322,24.3965,24.7,24.7,In,100
2026-07-28T22:10:00,24.279,24.3285,24.6,24.6,In,100
2026-07-28T22:20:00,24.322,24.3369,24.8,24.8,In,100
2026-07-28T22:30:00,24.547,24.5532,24.9,24.9,In,100
2026-07-28T22:40:00,24.611,24.6518,24.9,24.9,In,100
2026-07-28T22:50:00,24.622,24.6698,24.9,24.9,In,100
2026-07-28T23:00:00,24.633,24.6587,25.1,25.1,In,100
2026-07-28T23:10:00,24.59,24.631,25,25,In,100
2026-07-28T23:20:00,24.558,24.6074,24.9,24.9,In,100
2026-07-28T23:30:00,24.751,24.7629,25.1,25.1,In,100
2026-07-28T23:40:00,24.515,24.6074,25,25,In,100
2026-07-28T23:50:00,24.665,24.7407,25.1,25.1,In,100
2026-07-29T00:00:00,24.397,24.4949,24.8,24.7,In,100
2026-07-29T00:10:00,24.483,24.5407,25,25,In,100
2026-07-29T00:20:00,24.483,24.5324,24.8,24.8,In,100
2026-07-29T00:30:00,24.45,24.5019,24.7,24.7,In,100
2026-07-29T00:40:00,24.44,24.4894,24.7,24.7,In,100
2026-07-29T00:50:00,24.354,24.4367,24.7,24.7,In,100
2026-07-29T01:00:00,24.354,24.3951,24.7,24.6,In,100
2026-07-29T01:10:00,24.354,24.409,24.6,24.6,In,100
2026-07-29T01:20:00,24.279,24.3313,24.6,24.6,In,100
2026-07-29T01:30:00,24.236,24.2939,24.6,24.6,In,100
2026-07-29T01:40:00,24.29,24.3175,24.7,24.6,In,100
2026-07-29T01:50:00,24.354,24.3923,24.8,24.8,In,100
2026-07-29T02:00:00,24.268,24.3604,24.7,24.8,In,100
2026-07-29T02:10:00,24.322,24.4062,24.8,24.8,In,100
2026-07-29T02:20:00,24.311,24.3715,24.7,24.6,In,100
2026-07-29T02:30:00,24.29,24.3535,24.6,24.6,In,100
2026-07-29T02:40:00,24.247,24.2981,24.6,24.6,In,100
2026-07-29T02:50:00,24.29,24.3175,24.6,24.6,In,100
2026-07-29T03:00:00,24.257,24.3369,24.6,24.6,In,100
2026-07-29T03:10:00,24.214,24.2551,24.5,24.5,In,100
2026-07-29T03:20:00,24.204,24.2454,24.5,24.5,In,100
2026-07-29T03:30:00,24.193,24.2371,24.5,24.5,In,100
2026-07-29T03:40:00,24.182,24.2205,24.4,24.4,In,100
2026-07-29T03:50:00,24.182,24.2163,24.5,24.4,In,100
2026-07-29T04:00:00,24.15,24.2025,24.4,24.5,In,100
2026-07-29T04:10:00,24.15,24.1969,24.5,24.4,In,100
2026-07-29T04:20:00,24.15,24.2094,24.4,24.4,In,100
2026-07-29T04:30:00,24.15,24.2149,24.5,24.5,In,100
2026-07-29T04:40:00,24.086,24.1692,24.5,24.4,In,100
2026-07-29T04:50:00,24.172,24.2315,24.6,24.6,In,100
2026-07-29T05:00:00,24.161,24.2274,24.6,24.5,In,100
2026-07-29T05:10:00,24.268,24.305,24.6,24.6,In,100
2026-07-29T05:20:00,24.354,24.3909,24.7,24.7,In,100
2026-07-29T05:30:00,24.365,24.4242,24.7,24.7,In,100
2026-07-29T05:40:00,24.365,24.4603,24.7,24.7,In,100
2026-07-29T05:50:00,24.118,24.2426,24.5,24.6,In,100
2026-07-29T06:00:00,24.161,24.2066,24.4,24.5,In,100
2026-07-29T06:10:00,24.193,24.2163,24.5,24.4,In,100
2026-07-29T06:20:00,24.257,24.2897,24.6,24.5,In,100
2026-07-29T06:30:00,24.29,24.3438,24.5,24.6,In,100
2026-07-29T06:40:00,23.807,23.9049,24.4,24.5,In,100
2026-07-29T06:50:00,23.882,23.9256,24.3,24.3,In,100
2026-07-29T07:00:00,23.925,23.9699,24.2,24.2,In,100
2026-07-29T07:10:00,23.936,23.9727,24.3,24.4,In,100
2026-07-29T07:20:00,23.979,24.0238,24.3,24.5,In,100
2026-07-29T07:30:00,23.957,24.0155,24.3,24.4,In,100
2026-07-29T07:40:00,23.968,24.0225,24.4,24.4,In,100
2026-07-29T07:50:00,23.914,23.9796,24.3,24.4,In,100
2026-07-29T08:00:00,23.936,23.9934,24.4,24.4,In,100
2026-07-29T08:10:00,23.914,23.9353,24.4,24.4,In,100
2026-07-29T08:20:00,24.129,24.1457,24.5,24.5,In,100
2026-07-29T08:30:00,24.279,24.305,24.6,24.6,In,100
2026-07-29T08:40:00,24.257,24.3161,24.6,24.5,In,100
2026-07-29T08:50:00,24.236,24.2856,24.6,24.6,In,100
2026-07-29T09:00:00,24.247,24.2911,24.6,24.5,In,100
2026-07-29T09:10:00,24.29,24.3285,24.6,24.5,In,100
2026-07-29T09:20:00,24.311,24.3493,24.7,24.7,In,100
2026-07-29T09:30:00,24.322,24.3521,24.6,24.6,In,100
2026-07-29T09:40:00,24.397,24.4256,24.7,24.8,In,100
2026-07-29T09:50:00,24.418,24.4852,24.8,24.9,In,100
2026-07-29T10:00:00,24.45,24.4908,24.7,24.7,In,100
2026-07-29T10:10:00,24.429,24.4936,24.7,24.7,In,100
2026-07-29T10:20:00,24.472,24.4949,24.7,24.7,In,100
2026-07-29T10:30:00,24.279,24.3299,24.7,24.6,In,100
2026-07-29T10:40:00,24.322,24.359,24.6,24.7,In,100
2026-07-29T10:50:00,24.3,24.3396,24.6,24.7,In,100
2026-07-29T11:00:00,24.332,24.3577,24.7,24.7,In,100
2026-07-29T11:10:00,24.343,24.3771,24.7,24.6,In,100
2026-07-29T11:20:00,24.354,24.4034,24.7,24.7,In,100
2026-07-29T11:30:00,24.408,24.4381,24.7,24.7,In,100
2026-07-29T11:40:00,24.461,24.5116,24.8,24.7,In,100
2026-07-29T11:50:00,24.526,24.5615,24.8,24.8,In,100
2026-07-29T12:00:00,24.44,24.5088,24.7,24.7,In,100
2026-07-29T12:10:00,24.375,24.4284,24.8,24.8,In,100
2026-07-29T12:20:00,24.29,24.341,24.6,24.7,In,100
2026-07-29T12:30:00,24.043,24.1318,24.5,24.5,In,100
2026-07-29T12:40:00,24.054,24.1166,24.5,24.5,In,100
2026-07-29T12:50:00,24.097,24.1152,24.4,24.5,In,100
2026-07-29T13:00:00,23.957,24.0377,24.4,24.6,In,100
2026-07-29T13:10:00,24.032,24.0875,24.6,24.6,In,100
2026-07-29T13:20:00,24.214,24.2759,24.6,24.7,In,100
2026-07-29T13:30:00,24.268,24.3868,24.7,24.7,In,100
2026-07-29T13:40:00,24.172,24.2745,24.6,24.6,In,100
2026-07-29T13:50:00,24.118,24.2066,24.5,24.6,In,100
2026-07-29T14:00:00,24.097,24.1595,24.4,24.5,In,100
2026-07-29T14:10:00,23.871,23.9685,24.3,24.4,In,100
2026-07-29T14:20:00,23.957,24.0114,24.3,24.4,In,100
2026-07-29T14:30:00,23.903,23.9699,24.2,24.3,In,100
2026-07-29T14:40:00,23.893,23.9491,24.3,24.2,In,100
2026-07-29T14:50:00,23.946,24.0072,24.3,24.2,In,100
2026-07-29T15:00:00,23.957,24.0322,24.3,24.3,In,100
2026-07-29T15:10:00,23.946,24.0086,24.4,24.4,In,100
2026-07-29T15:20:00,23.968,24.0612,24.4,24.5,In,100
2026-07-29T15:30:00,24.032,24.0529,24.6,24.6,In,100
2026-07-29T15:40:00,24.075,24.1207,24.6,24.8,In,100
2026-07-29T15:50:00,24,24.0764,24.5,24.7,In,100
2026-07-29T16:00:00,24.032,24.1111,24.5,24.6,In,100
2026-07-29T16:10:00,24,24.0543,24.5,24.5,In,100
2026-07-29T16:20:00,23.946,23.9948,24.3,24.4,In,100
2026-07-29T16:30:00,23.85,23.9298,24.2,24.2,In,100
2026-07-29T16:40:00,23.882,23.9381,24.3,24.3,In,100
2026-07-29T16:50:00,23.882,23.9505,24.4,24.4,In,100
2026-07-29T17:00:00,23.732,23.88,24.3,24.4,In,100
2026-07-29T17:10:00,23.592,23.6713,24.4,24.5,In,100
2026-07-29T17:20:00,23.871,23.9035,24.4,24.4,In,100
2026-07-29T17:30:00,23.989,24.0391,24.4,24.4,In,100
2026-07-29T17:40:00,23.968,24.0169,24.3,24.4,In,100
2026-07-29T17:50:00,24,24.0308,24.3,24.4,In,100
2026-07-29T18:00:00,23.957,24.0128,24.3,24.3,In,100
2026-07-29T18:10:00,23.925,23.9962,24.3,24.3,In,100
2026-07-29T18:20:00,23.85,23.9159,24.2,24.3,In,100
2026-07-29T18:30:00,23.871,23.9201,24.2,24.2,In,100
2026-07-29T18:40:00,23.85,23.9215,24.3,24.3,In,100
2026-07-29T18:50:00,23.946,23.9657,24.4,24.3,In,100
2026-07-29T19:00:00,24.032,24.0875,24.4,24.5,In,100
2026-07-29T19:10:00,23.914,23.9823,24.3,24.5,In,100
2026-07-29T19:20:00,23.925,23.9533,24.2,24.3,In,100
2026-07-29T19:30:00,23.936,23.9588,24.2,24.4,In,100
2026-07-29T19:40:00,23.914,23.9602,24.3,24.3,In,100
2026-07-29T19:50:00,23.936,23.9547,24.2,24.3,In,100
2026-07-29T20:00:00,23.946,23.9616,24.4,24.3,In,100
2026-07-29T20:10:00,23.946,23.9893,24.2,24.3,In,100
2026-07-29T20:20:00,23.914,23.9823,24.3,24.3,In,100
2026-07-29T20:30:00,23.925,23.9823,24.3,24.3,In,100
2026-07-29T20:40:00,23.968,24.0114,24.3,24.3,In,100
2026-07-29T20:50:00,24.043,24.0751,24.3,24.3,In,100
2026-07-29T21:00:00,23.989,24.0806,24.4,24.3,In,100
2026-07-29T21:10:00,23.968,24.0211,24.4,24.4,In,100
2026-07-29T21:20:00,23.989,24.0654,24.4,24.4,In,100
2026-07-29T21:30:00,24.075,24.1263,24.4,24.4,In,100
2026-07-29T21:40:00,24.075,24.1194,24.4,24.4,In,100
2026-07-29T21:50:00,24.075,24.1291,24.4,24.3,In,100
2026-07-29T22:00:00,24.129,24.1581,24.4,24.4,In,100
2026-07-29T22:10:00,24.139,24.1803,24.5,24.4,In,100
2026-07-29T22:20:00,24.139,24.1955,24.4,24.4,In,100
2026-07-29T22:30:00,24.172,24.2025,24.4,24.4,In,100
2026-07-29T22:40:00,24.172,24.2232,24.5,24.4,In,100
2026-07-29T22:50:00,24.182,24.2357,24.5,24.5,In,100
2026-07-29T23:00:00,24.193,24.2399,24.5,24.5,In,100
2026-07-29T23:10:00,24.225,24.2579,24.5,24.5,In,100
2026-07-29T23:20:00,24.214,24.2717,24.6,24.6,In,100
2026-07-29T23:30:00,24.386,24.427,24.7,24.8,In,100
2026-07-29T23:40:00,24.568,24.6074,24.9,24.9,In,100
2026-07-29T23:50:00,24.644,24.6795,25,24.9,In,100
2026-07-30T00:00:00,24.729,24.7671,25.1,25.1,In,100
2026-07-30T00:10:00,24.676,24.7476,25.1,25.2,In,100
2026-07-30T00:20:00,24.697,24.7837,25.2,25.2,In,100
2026-07-30T00:30:00,24.826,24.8796,25.2,25.2,In,100
2026-07-30T00:40:00,24.772,24.8324,25.1,25.1,In,100
2026-07-30T00:50:00,24.579,24.6434,24.9,25,In,100
2026-07-30T01:00:00,24.526,24.5796,24.8,24.9,In,100
2026-07-30T01:10:00,24.504,24.5463,24.8,24.8,In,100
2026-07-30T01:20:00,24.504,24.5546,24.8,24.8,In,100
2026-07-30T01:30:00,24.45,24.5269,24.8,24.8,In,100
2026-07-30T01:40:00,24.472,24.5227,24.8,24.8,In,100
2026-07-30T01:50:00,24.515,24.5463,24.8,24.9,In,100
2026-07-30T02:00:00,24.547,24.574,24.9,24.8,In,100
2026-07-30T02:10:00,24.536,24.5893,24.8,24.8,In,100
2026-07-30T02:20:00,24.515,24.5602,24.9,24.8,In,100
2026-07-30T02:30:00,24.568,24.5893,24.8,24.8,In,100
2026-07-30T02:40:00,24.568,24.6018,24.9,24.9,In,100
2026-07-30T02:50:00,24.558,24.6101,24.9,24.9,In,100
2026-07-30T03:00:00,24.579,24.6337,24.9,24.9,In,100
2026-07-30T03:10:00,24.59,24.6601,25,25,In,100
2026-07-30T03:20:00,24.493,24.5879,24.9,24.9,In,100
2026-07-30T03:30:00,24.472,24.5366,24.9,24.9,In,100
2026-07-30T03:40:00,24.493,24.5199,24.8,24.8,In,100
2026-07-30T03:50:00,24.408,24.488,24.8,24.8,In,100
2026-07-30T04:00:00,24.45,24.5282,24.8,24.8,In,100
2026-07-30T04:10:00,24.375,24.4339,24.9,24.9,In,100
2026-07-30T04:20:00,24.365,24.4103,24.7,24.8,In,100
2026-07-30T04:30:00,24.3,24.3729,24.7,24.7,In,100
2026-07-30T04:40:00,24.257,24.3285,24.8,24.8,In,100
2026-07-30T04:50:00,24.236,24.2787,24.6,24.6,In,100
2026-07-30T05:00:00,24.268,24.323,24.6,24.6,In,100
2026-07-30T05:10:00,24.279,24.341,24.6,24.6,In,100
2026-07-30T05:20:00,24.161,24.2676,24.6,24.6,In,100
2026-07-30T05:30:00,24.225,24.2731,24.5,24.6,In,100
2026-07-30T05:40:00,24.139,24.2066,24.5,24.5,In,100
2026-07-30T05:50:00,24.204,24.2496,24.5,24.6,In,100
2026-07-30T06:00:00,24.247,24.287,24.6,24.6,In,100
2026-07-30T06:10:00,24.129,24.2343,24.6,24.6,In,100
2026-07-30T06:20:00,24.075,24.154,24.6,24.6,In,100
2026-07-30T06:30:00,24.107,24.1706,24.5,24.5,In,100
2026-07-30T06:40:00,24.032,24.1595,24.5,24.6,In,100
2026-07-30T06:50:00,24.032,24.1014,24.5,24.5,In,100
2026-07-30T07:00:00,24.236,24.2759,24.7,24.7,In,100
2026-07-30T07:10:00,24.29,24.3646,24.7,24.8,In,100
2026-07-30T07:20:00,24.397,24.4547,24.9,25.1,In,100
2026-07-30T07:30:00,24.493,24.5768,25,25,In,100
2026-07-30T07:40:00,24.386,24.4769,25,25,In,100
2026-07-30T07:50:00,24.568,24.6143,25.1,25,In,100
2026-07-30T08:00:00,24.751,24.7893,25.1,25.1,In,100
2026-07-30T08:10:00,24.869,24.8935,25.2,25.3,In,100
2026-07-30T08:20:00,24.879,24.9311,25.2,25.2,In,100
2026-07-30T08:30:00,24.408,24.5019,24.9,25.1,In,100
2026-07-30T08:40:00,24.268,24.3299,24.7,24.7,In,100
2026-07-30T08:50:00,24.354,24.3992,24.9,24.9,In,100
2026-07-30T09:00:00,24.665,24.6698,25,25.1,In,100
2026-07-30T09:10:00,24.837,24.8699,25.2,25.3,In,100
2026-07-30T09:20:00,25.083,25.1008,25.4,25.4,In,100
2026-07-30T09:30:00,25.201,25.1955,25.4,25.4,In,100
2026-07-30T09:40:00,25.212,25.2303,25.5,25.4,In,100
2026-07-30T09:50:00,25.18,25.2401,25.5,25.5,In,100
2026-07-30T10:00:00,25.19,25.2401,25.5,25.5,In,100
2026-07-30T10:10:00,25.169,25.2234,25.4,25.4,In,100
2026-07-30T10:20:00,24.729,24.8393,25,25.1,In,100
2026-07-30T10:30:00,24.676,24.7101,24.9,25.1,In,100
2026-07-30T10:40:00,24.579,24.6893,24.9,25,In,100
2026-07-30T10:50:00,24.686,24.7421,25.1,25.2,In,100
2026-07-30T11:00:00,24.686,24.7698,25.1,25.1,In,100
2026-07-30T11:10:00,24.676,24.7476,25.1,25.1,In,100
2026-07-30T11:20:00,24.59,24.6393,25,25.1,In,100
2026-07-30T11:30:00,24.579,24.6018,24.9,25,In,100
2026-07-30T11:40:00,24.633,24.6601,25,25,In,100
2026-07-30T11:50:00,24.783,24.8226,25.2,25.2,In,100
2026-07-30T12:00:00,24.826,24.8977,25.2,25.1,In,100
2026-07-30T12:10:00,24.568,24.6393,24.9,25,In,100
2026-07-30T12:20:00,24.397,24.4963,24.9,24.9,In,100
2026-07-30T12:30:00,24.386,24.4339,24.8,24.8,In,100
2026-07-30T12:40:00,24.44,24.4838,24.8,24.7,In,100
2026-07-30T12:50:00,24.536,24.5629,24.9,24.9,In,100
2026-07-30T13:00:00,24.547,24.6504,24.8,24.9,In,100
2026-07-30T13:10:00,24.59,24.6268,25,24.9,In,100
2026-07-30T13:20:00,24.343,24.5421,24.9,24.9,In,100
2026-07-30T13:30:00,24.097,24.1664,24.4,24.7,In,100
2026-07-30T13:40:00,24.257,24.287,24.6,24.6,In,100
2026-07-30T13:50:00,24.214,24.2676,24.6,24.6,In,100
2026-07-30T14:00:00,24.182,24.2385,24.5,24.5,In,100
2026-07-30T14:10:00,24.139,24.1761,24.4,24.5,In,100
2026-07-30T14:20:00,24.097,24.1581,24.5,24.5,In,100
2026-07-30T14:30:00,24.043,24.0848,24.4,24.4,In,100
2026-07-30T14:40:00,24.043,24.0986,24.3,24.3,In,100
2026-07-30T14:50:00,24.086,24.1152,24.4,24.4,In,100
2026-07-30T15:00:00,23.925,23.9699,24.3,24.4,In,100
2026-07-30T15:10:00,23.871,23.9837,24.3,24.3,In,100
2026-07-30T15:20:00,23.893,23.9311,24.3,24.3,In,100
2026-07-30T15:30:00,24.043,24.0848,24.3,24.4,In,100
2026-07-30T15:40:00,24,24.082,24.4,24.3,In,100
2026-07-30T15:50:00,23.893,23.9699,24.3,24.3,In,100
2026-07-30T16:00:00,23.828,23.8924,24.3,24.3,In,100
2026-07-30T16:10:00,23.882,23.9643,24.2,24.2,In,100
2026-07-30T16:20:00,23.914,23.9616,24.4,24.3,In,100
2026-07-30T16:30:00,23.85,24.0238,24.5,24.4,In,100
2026-07-30T16:40:00,23.7,23.8122,24.2,24.3,In,100
2026-07-30T16:50:00,23.689,23.7638,24.3,24.3,In,100
2026-07-30T17:00:00,23.625,23.6947,24.4,24.4,In,100
2026-07-30T17:10:00,23.968,23.9906,24.4,24.4,In,100
2026-07-30T17:20:00,23.968,24.0515,24.4,24.4,In,100
2026-07-30T17:30:00,23.85,23.9007,24.3,24.3,In,100
2026-07-30T17:40:00,23.903,23.9547,24.3,24.3,In,100
2026-07-30T17:50:00,23.85,23.9657,24.3,24.3,In,100
2026-07-30T18:00:00,23.828,23.862,24.3,24.4,In,100
2026-07-30T18:10:00,23.807,23.88,24.3,24.3,In,100
2026-07-30T18:20:00,23.721,23.7707,24.2,24.3,In,100
2026-07-30T18:30:00,23.914,23.9325,24.4,24.4,In,100
2026-07-30T18:40:00,24.107,24.1401,24.4,24.4,In,100
2026-07-30T18:50:00,24.129,24.1692,24.4,24.5,In,100
2026-07-30T19:00:00,24.129,24.1734,24.5,24.5,In,100
2026-07-30T19:10:00,24.15,24.1928,24.6,24.6,In,100
2026-07-30T19:20:00,24.161,24.2122,24.6,24.6,In,100
2026-07-30T19:30:00,24.172,24.2149,24.7,24.7,In,100
2026-07-30T19:40:00,24.161,24.2066,24.6,24.6,In,100
2026-07-30T19:50:00,24.15,24.2108,24.6,24.5,In,100
2026-07-30T20:00:00,24.225,24.2551,24.7,24.7,In,100
2026-07-30T20:10:00,24.365,24.4117,24.9,25,In,100
2026-07-30T20:20:00,24.365,24.4395,24.8,24.9,In,100
2026-07-30T20:30:00,24.332,24.3909,24.7,24.8,In,100
2026-07-30T20:40:00,24.279,24.3452,24.7,24.6,In,100
2026-07-30T20:50:00,24.322,24.3687,24.6,24.7,In,100
2026-07-30T21:00:00,24.375,24.4242,24.7,24.8,In,100
2026-07-30T21:10:00,24.397,24.4533,24.8,24.8,In,100
2026-07-30T21:20:00,24.461,24.5269,24.8,24.8,In,100
2026-07-30T21:30:00,24.397,24.4519,24.7,24.8,In,100
2026-07-30T21:40:00,24.408,24.4492,24.8,24.8,In,100
2026-07-30T21:50:00,24.493,24.5282,24.9,24.9,In,100
2026-07-30T22:00:00,24.633,24.6476,24.9,24.9,In,100
2026-07-30T22:10:00,24.59,24.674,25,24.9,In,100
2026-07-30T22:20:00,24.526,24.5713,24.8,24.8,In,100
2026-07-30T22:30:00,24.515,24.5504,24.9,24.7,In,100
2026-07-30T22:40:00,24.558,24.5879,24.9,24.8,In,100
2026-07-30T22:50:00,24.558,24.6101,24.8,24.8,In,100
2026-07-30T23:00:00,24.59,24.624,24.9,24.8,In,100
2026-07-30T23:10:00,24.59,24.624,24.9,24.9,In,100
2026-07-30T23:20:00,24.676,24.7323,25,25,In,100
2026-07-30T23:30:00,24.751,24.7948,25,25,In,100
2026-07-30T23:40:00,24.59,24.7434,25,25,In,100
2026-07-30T23:50:00,24.472,24.5491,24.9,25,In,100
2026-07-31T00:00:00,24.536,24.5685,24.8,24.9,In,100
2026-07-31T00:10:00,24.579,24.6379,24.9,24.9,In,100
2026-07-31T00:20:00,24.536,24.5838,24.9,24.8,In,100
2026-07-31T00:30:00,24.429,24.488,24.7,24.7,In,100
2026-07-31T00:40:00,24.343,24.384,24.7,24.7,In,100
2026-07-31T00:50:00,24.279,24.3507,24.7,24.7,In,100
2026-07-31T01:00:00,24.225,24.2759,24.7,24.7,In,100
2026-07-31T01:10:00,24.225,24.2828,24.7,24.7,In,100
2026-07-31T01:20:00,24.365,24.4159,24.7,24.8,In,100
2026-07-31T01:30:00,24.29,24.384,24.7,24.7,In,100
2026-07-31T01:40:00,24.354,24.3854,24.7,24.7,In,100
2026-07-31T01:50:00,24.375,24.4214,24.7,24.6,In,100
2026-07-31T02:00:00,24.225,24.2994,24.6,24.6,In,100
2026-07-31T02:10:00,24.247,24.305,24.6,24.6,In,100
2026-07-31T02:20:00,24.268,24.3119,24.6,24.6,In,100
2026-07-31T02:30:00,24.29,24.3563,24.7,24.7,In,100
2026-07-31T02:40:00,24.247,24.2925,24.6,24.6,In,100
2026-07-31T02:50:00,24.257,24.2884,24.6,24.6,In,100
2026-07-31T03:00:00,24.247,24.2911,24.6,24.7,In,100
2026-07-31T03:10:00,24.236,24.2884,24.6,24.5,In,100
2026-07-31T03:20:00,24.257,24.287,24.5,24.5,In,100
2026-07-31T03:30:00,24.075,24.1387,24.5,24.5,In,100
2026-07-31T03:40:00,23.989,24.046,24.5,24.5,In,100
2026-07-31T03:50:00,23.936,23.981,24.3,24.4,In,100
2026-07-31T04:00:00,23.936,23.9837,24.2,24.4,In,100
2026-07-31T04:10:00,23.957,23.9962,24.2,24.3,In,100
2026-07-31T04:20:00,23.957,24.0017,24.2,24.4,In,100
2026-07-31T04:30:00,23.968,23.9989,24.2,24.2,In,100
2026-07-31T04:40:00,23.957,23.9962,24.3,24.2,In,100
2026-07-31T04:50:00,23.882,23.9657,24.2,24.2,In,100
2026-07-31T05:00:00,23.871,23.9311,24.3,24.1,In,100
2026-07-31T05:10:00,23.839,23.8897,24.2,24.2,In,100
2026-07-31T05:20:00,23.796,23.8592,24.2,24.1,In,100
2026-07-31T05:30:00,23.839,23.8993,24.1,24.1,In,100
2026-07-31T05:40:00,23.85,23.8883,24.1,24.1,In,100
2026-07-31T05:50:00,23.818,23.8855,24.1,24.1,In,100
2026-07-31T06:00:00,23.753,23.7956,24.1,24.1,In,100
2026-07-31T06:10:00,23.678,23.7362,24,24,In,100
2026-07-31T06:20:00,23.592,23.6491,24,24,In,100
2026-07-31T06:30:00,23.453,23.5097,23.8,23.9,In,100
2026-07-31T06:40:00,23.432,23.4765,23.9,24,In,100
2026-07-31T06:50:00,23.517,23.558,24.1,24.1,In,100
2026-07-31T07:00:00,23.7,23.7514,24.1,24.1,In,100
2026-07-31T07:10:00,23.839,23.8814,24.2,24.2,In,100
2026-07-31T07:20:00,23.828,23.8786,24.1,24.2,In,100
2026-07-31T07:30:00,23.871,23.891,24.1,24.1,In,100
2026-07-31T07:40:00,23.818,23.8758,24.1,24.1,In,100
2026-07-31T07:50:00,23.807,23.8537,24.1,24.1,In,100
2026-07-31T08:00:00,23.85,23.8717,24.1,24.2,In,100
2026-07-31T08:10:00,23.828,23.8731,24.1,24.1,In,100
2026-07-31T08:20:00,23.882,23.9118,24.2,24.2,In,100
2026-07-31T08:30:00,23.979,24.0045,24.3,24.3,In,100
2026-07-31T08:40:00,24.021,24.0709,24.3,24.3,In,100
2026-07-31T08:50:00,24.097,24.1152,24.4,24.4,In,100
2026-07-31T09:00:00,23.936,24.0405,24.4,24.4,In,100
2026-07-31T09:10:00,23.957,24.0252,24.4,24.4,In,100
2026-07-31T09:20:00,24.129,24.1526,24.4,24.4,In,100
2026-07-31T09:30:00,24.139,24.1928,24.5,24.5,In,100
2026-07-31T09:40:00,24.182,24.208,24.4,24.5,In,100
2026-07-31T09:50:00,24.107,24.1595,24.3,24.3,In,100
2026-07-31T10:00:00,24.054,24.0903,24.3,24.3,In,100
2026-07-31T10:10:00,24.011,24.0501,24.3,24.3,In,100
2026-07-31T10:20:00,24.054,24.0861,24.4,24.4,In,100
2026-07-31T10:30:00,24.129,24.1623,24.5,24.5,In,100
2026-07-31T10:40:00,24.343,24.3507,24.7,24.7,In,100
2026-07-31T10:50:00,24.515,24.5477,24.9,24.9,In,100
2026-07-31T11:00:00,24.622,24.6587,25,24.9,In,100
2026-07-31T11:10:00,24.622,24.674,25,25,In,100
2026-07-31T11:20:00,24.59,24.6587,25,25,In,100
2026-07-31T11:30:00,24.45,24.506,24.8,24.9,In,100
2026-07-31T11:40:00,24.493,24.538,24.9,24.8,In,100
2026-07-31T11:50:00,24.536,24.5727,24.9,24.9,In,100
2026-07-31T12:00:00,24.493,24.5754,24.9,24.9,In,100
2026-07-31T12:10:00,24.365,24.463,24.8,25,In,100
2026-07-31T12:20:00,24.44,24.4922,24.9,24.9,In,100
2026-07-31T12:30:00,24.397,24.4603,24.8,24.9,In,100
2026-07-31T12:40:00,24.311,24.3715,24.6,24.6,In,100
2026-07-31T12:50:00,24.343,24.3757,24.6,24.7,In,100
2026-07-31T13:00:00,24.386,24.4187,24.6,24.6,In,100
2026-07-31T13:10:00,24.182,24.2703,24.6,24.5,In,100
2026-07-31T13:20:00,24.107,24.1498,24.4,24.5,In,100
2026-07-31T13:30:00,24.129,24.1554,24.5,24.5,In,100
2026-07-31T13:40:00,23.979,24.0322,24.3,24.4,In,100
2026-07-31T13:50:00,24,24.028,24.4,24.4,In,100
2026-07-31T14:00:00,24.086,24.1387,24.4,24.4,In,100
2026-07-31T14:10:00,24.064,24.1249,24.4,24.4,In,100
2026-07-31T14:20:00,24.118,24.1512,24.6,24.5,In,100
2026-07-31T14:30:00,24.129,24.1567,24.5,24.5,In,100
2026-07-31T14:40:00,24.032,24.0861,24.4,24.4,In,100
2026-07-31T14:50:00,23.957,24.0114,24.3,24.5,In,100
2026-07-31T15:00:00,23.914,23.956,24.2,24.3,In,100
2026-07-31T15:10:00,23.925,23.9574,24.2,24.3,In,100
2026-07-31T15:20:00,23.914,23.9588,24.2,24.3,In,100
2026-07-31T15:30:00,23.893,23.9256,24.2,24.2,In,100
2026-07-31T15:40:00,23.882,23.9256,24.2,24.3,In,100
2026-07-31T15:50:00,24.097,24.1249,24.4,24.4,In,100
2026-07-31T16:00:00,24.204,24.2468,24.5,24.5,In,100
2026-07-31T16:10:00,23.989,24.064,24.5,24.5,In,100
2026-07-31T16:20:00,23.989,24.0391,24.3,24.5,In,100
2026-07-31T16:30:00,24,24.0432,24.4,24.5,In,100
2026-07-31T16:40:00,24.032,24.0654,24.4,24.5,In,100
2026-07-31T16:50:00,24.054,24.1069,24.4,24.6,In,100
2026-07-31T17:00:00,24.064,24.0958,24.5,24.6,In,100
2026-07-31T17:10:00,24.075,24.1387,24.5,24.6,In,100
2026-07-31T17:20:00,24.043,24.0612,24.4,24.5,In,100
2026-07-31T17:30:00,24.021,24.082,24.4,24.5,In,100
2026-07-31T17:40:00,23.957,24.0266,24.3,24.2,In,100
2026-07-31T17:50:00,23.861,23.9215,24.2,24.2,In,100
2026-07-31T18:00:00,23.882,23.9145,24.1,24.2,In,100
2026-07-31T18:10:00,23.914,23.9422,24.2,24.2,In,100
2026-07-31T18:20:00,23.946,23.9699,24.3,24.2,In,100
2026-07-31T18:30:00,23.946,23.9962,24.3,24.2,In,100
2026-07-31T18:40:00,23.796,23.8966,24.3,24.1,In,100
2026-07-31T18:50:00,23.85,23.9076,24.3,24.3,In,100
2026-07-31T19:00:00,23.807,23.8537,24.1,24.2,In,100
2026-07-31T19:10:00,23.732,23.7929,24.1,24.1,In,100
2026-07-31T19:20:00,23.71,23.8039,24.1,24.1,In,100
2026-07-31T19:30:00,23.689,23.7362,24.1,24.1,In,100
2026-07-31T19:40:00,23.678,23.7293,24.1,24.1,In,100
2026-07-31T19:50:00,23.775,23.8039,24.1,24.1,In,100
2026-07-31T20:00:00,23.689,23.7749,24.1,24.1,In,100
2026-07-31T20:10:00,23.721,23.768,24.2,24,In,100
2026-07-31T20:20:00,23.625,23.6768,24.1,24.1,In,100
2026-07-31T20:30:00,23.614,23.6574,24,24,In,100
2026-07-31T20:40:00,23.625,23.6616,23.9,24,In,100
2026-07-31T20:50:00,23.625,23.6616,24.1,24.1,In,100
2026-07-31T21:00:00,23.625,23.6685,24.1,24.1,In,100
2026-07-31T21:10:00,23.625,23.6602,24.1,24.1,In,100
2026-07-31T21:20:00,23.668,23.7251,24.2,24.1,In,100
2026-07-31T21:30:00,23.871,23.9007,24.2,24.2,In,100
2026-07-31T21:40:00,23.903,23.9367,24.3,24.3,In,100
2026-07-31T21:50:00,24.021,24.0515,24.4,24.5,In,100
2026-07-31T22:00:00,24.086,24.1332,24.5,24.6,In,100
2026-07-31T22:10:00,24.193,24.2246,24.6,24.7,In,100
2026-07-31T22:20:00,24.129,24.1941,24.6,24.6,In,100
2026-07-31T22:30:00,24.182,24.2676,24.6,24.7,In,100
2026-07-31T22:40:00,24.129,24.1858,24.5,24.6,In,100
2026-07-31T22:50:00,24.193,24.2565,24.6,24.7,In,100
2026-07-31T23:00:00,24.343,24.4048,24.6,24.6,In,100
2026-07-31T23:10:00,24.236,24.2842,24.5,24.6,In,100
2026-07-31T23:20:00,24.15,24.2025,24.4,24.5,In,100
2026-07-31T23:30:00,24.204,24.2357,24.6,24.6,In,100
2026-07-31T23:40:00,24.386,24.4103,24.7,24.8,In,100
2026-07-31T23:50:00,24.547,24.5782,24.9,24.8,In,100
2026-08-01T00:00:00,24.322,24.4159,24.9,24.9,In,100
2026-08-01T00:10:00,24.29,24.3826,24.9,24.8,In,100
2026-08-01T00:20:00,24.247,24.2981,25,24.9,In,100
2026-08-01T00:30:00,24.322,24.359,24.8,24.8,In,100
2026-08-01T00:40:00,24.408,24.4519,24.9,24.9,In,100
2026-08-01T00:50:00,24.472,24.5338,24.8,24.8,In,100
2026-08-01T01:00:00,24.343,24.3826,24.7,24.7,In,100
2026-08-01T01:10:00,24.29,24.3216,24.5,24.5,In,100
2026-08-01T01:20:00,24.268,24.3078,24.6,24.5,In,100
2026-08-01T01:30:00,24.3,24.3382,24.7,24.8,In,100
2026-08-01T01:40:00,24.214,24.262,24.7,24.8,In,100
2026-08-01T01:50:00,24.3,24.4173,24.9,24.9,In,100
2026-08-01T02:00:00,24.268,24.3521,24.6,24.8,In,100
2026-08-01T02:10:00,24.257,24.3175,24.6,24.6,In,100
2026-08-01T02:20:00,24.214,24.2662,24.6,24.6,In,100
2026-08-01T02:30:00,24.332,24.3701,24.8,24.9,In,100
2026-08-01T02:40:00,24.418,24.5019,24.8,24.9,In,100
2026-08-01T02:50:00,24.429,24.4963,24.7,24.7,In,100
2026-08-01T03:00:00,24.408,24.4547,24.7,24.6,In,100
2026-08-01T03:10:00,24.375,24.4242,24.6,24.6,In,100
2026-08-01T03:20:00,24.3,24.3632,24.6,24.6,In,100
2026-08-01T03:30:00,24.268,24.3036,24.6,24.5,In,100
2026-08-01T03:40:00,24.182,24.2454,24.4,24.4,In,100
2026-08-01T03:50:00,24.193,24.2205,24.5,24.5,In,100
2026-08-01T04:00:00,24.193,24.2412,24.6,24.5,In,100
2026-08-01T04:10:00,24.193,24.3064,24.6,24.5,In,100
2026-08-01T04:20:00,23.871,23.9505,24.3,24.5,In,100
2026-08-01T04:30:00,23.936,23.9699,24.3,24.3,In,100
2026-08-01T04:40:00,23.979,24.0086,24.3,24.3,In,100
2026-08-01T04:50:00,23.914,23.9602,24.2,24.3,In,100
2026-08-01T05:00:00,23.85,23.9063,24.1,24.1,In,100
2026-08-01T05:10:00,23.871,23.8952,24.3,24.1,In,100
2026-08-01T05:20:00,24,24.0225,24.3,24.2,In,100
2026-08-01T05:30:00,24.021,24.0501,24.3,24.3,In,100
2026-08-01T05:40:00,24.064,24.118,24.4,24.3,In,100
2026-08-01T05:50:00,24.107,24.1554,24.4,24.4,In,100
2026-08-01T06:00:00,24.129,24.1789,24.4,24.4,In,100
2026-08-01T06:10:00,23.914,24.0266,24.4,24.4,In,100
2026-08-01T06:20:00,23.989,24.0474,24.4,24.4,In,100
2026-08-01T06:30:00,24,24.0432,24.3,24.2,In,100
2026-08-01T06:40:00,23.85,23.9076,24.3,24.3,In,100
2026-08-01T06:50:00,23.807,23.8523,24.2,24.2,In,100
2026-08-01T07:00:00,23.775,23.8274,24.1,24.1,In,100
2026-08-01T07:10:00,23.743,23.7832,24.1,24.2,In,100
2026-08-01T07:20:00,23.818,23.8274,24.1,24.1,In,100
2026-08-01T07:30:00,23.807,23.8399,24.1,24.1,In,100
2026-08-01T07:40:00,23.764,23.826,24,24,In,100
2026-08-01T07:50:00,23.785,23.8316,24.1,24.1,In,100
2026-08-01T08:00:00,23.861,23.891,24.1,24.2,In,100
2026-08-01T08:10:00,23.914,23.956,24.3,24.2,In,100
2026-08-01T08:20:00,23.85,23.927,24.4,24.3,In,100
2026-08-01T08:30:00,23.989,24.0377,24.3,24.4,In,100
2026-08-01T08:40:00,24.107,24.1498,24.4,24.4,In,100
2026-08-01T08:50:00,24.118,24.2025,24.5,24.5,In,100
2026-08-01T09:00:00,24.129,24.1651,24.5,24.6,In,100
2026-08-01T09:10:00,24.204,24.2218,24.5,24.5,In,100
2026-08-01T09:20:00,24.225,24.2745,24.5,24.5,In,100
2026-08-01T09:30:00,24.193,24.2648,24.5,24.5,In,100
2026-08-01T09:40:00,24.214,24.2606,24.5,24.6,In,100
2026-08-01T09:50:00,24.332,24.3743,24.7,24.8,In,100
2026-08-01T10:00:00,24.354,24.4436,24.9,24.8,In,100
2026-08-01T10:10:00,24.322,24.4353,24.9,24.9,In,100
2026-08-01T10:20:00,24.461,24.463,25.1,25.2,In,100
2026-08-01T10:30:00,24.719,24.7629,25.3,25.3,In,100
2026-08-01T10:40:00,25.105,25.1092,25.5,25.5,In,100
2026-08-01T10:50:00,25.18,25.1969,25.5,25.5,In,100
2026-08-01T11:00:00,25.115,25.1983,25.4,25.4,In,100
2026-08-01T11:10:00,24.751,24.8477,25.3,25.3,In,100
2026-08-01T11:20:00,24.751,24.7976,25,25,In,100
2026-08-01T11:30:00,24.579,24.6587,24.9,24.8,In,100
2026-08-01T11:40:00,24.579,24.6254,24.9,24.8,In,100
2026-08-01T11:50:00,24.568,24.6046,24.9,24.8,In,100
2026-08-01T12:00:00,24.611,24.6559,24.9,24.8,In,100
2026-08-01T12:10:00,24.633,24.6726,24.9,24.8,In,100
2026-08-01T12:20:00,24.644,24.6782,24.9,24.9,In,100
2026-08-01T12:30:00,24.547,24.6434,24.9,24.8,In,100
2026-08-01T12:40:00,24.44,24.5116,24.8,24.8,In,100
2026-08-01T12:50:00,24.472,24.5019,24.8,24.8,In,100
2026-08-01T13:00:00,24.547,24.5754,24.8,24.8,In,100
2026-08-01T13:10:00,24.601,24.6198,24.9,24.9,In,100
2026-08-01T13:20:00,24.622,24.6434,24.8,24.8,In,100
2026-08-01T13:30:00,24.611,24.6712,24.8,24.8,In,100
2026-08-01T13:40:00,24.601,24.6518,24.9,24.8,In,100
2026-08-01T13:50:00,24.644,24.6795,24.9,24.9,In,100
2026-08-01T14:00:00,24.558,24.649,25,24.9,In,100
2026-08-01T14:10:00,24.354,24.4256,25,24.9,In,100
2026-08-01T14:20:00,24.472,24.531,24.9,24.9,In,100
2026-08-01T14:30:00,24.472,24.5227,24.9,24.9,In,100
2026-08-01T14:40:00,24.515,24.556,24.8,24.8,In,100
2026-08-01T14:50:00,24.526,24.5546,24.8,24.7,In,100
2026-08-01T15:00:00,24.504,24.5421,24.8,24.8,In,100
2026-08-01T15:10:00,24.236,24.3133,24.7,24.7,In,100
2026-08-01T15:20:00,24.172,24.2274,24.5,24.6,In,100
2026-08-01T15:30:00,24.15,24.1734,24.4,24.4,In,100
2026-08-01T15:40:00,24.172,24.208,24.5,24.6,In,100
2026-08-01T15:50:00,24.236,24.2884,24.6,24.6,In,100
2026-08-01T16:00:00,24.268,24.3175,24.6,24.6,In,100
2026-08-01T16:10:00,24.247,24.2842,24.5,24.6,In,100
2026-08-01T16:20:00,24.311,24.323,24.7,24.8,In,100
2026-08-01T16:30:00,24.354,24.4145,24.9,24.8,In,100
2026-08-01T16:40:00,24.45,24.5144,24.9,24.9,In,100
2026-08-01T16:50:00,24.418,24.4769,24.8,24.8,In,100
2026-08-01T17:00:00,24.139,24.2329,24.8,24.8,In,100
2026-08-01T17:10:00,24.204,24.269,24.5,24.7,In,100
2026-08-01T17:20:00,24.15,24.1941,24.5,24.5,In,100
2026-08-01T17:30:00,24.097,24.1471,24.4,24.4,In,100
2026-08-01T17:40:00,24.097,24.1387,24.5,24.5,In,100
2026-08-01T17:50:00,24.097,24.1567,24.6,24.7,In,100
2026-08-01T18:00:00,24.064,24.118,24.5,24.7,In,100
2026-08-01T18:10:00,23.893,23.9948,24.4,24.5,In,100
2026-08-01T18:20:00,24,24.0211,24.4,24.5,In,100
2026-08-01T18:30:00,24.268,24.2523,24.7,24.7,In,100
2026-08-01T18:40:00,24.429,24.4658,24.7,24.7,In,100
2026-08-01T18:50:00,24.493,24.531,24.8,24.7,In,100
2026-08-01T19:00:00,24.054,24.1844,24.5,24.7,In,100
2026-08-01T19:10:00,24.182,24.2482,24.6,24.6,In,100
2026-08-01T19:20:00,24.118,24.2066,24.5,24.5,In,100
2026-08-01T19:30:00,24.097,24.1415,24.5,24.4,In,100
2026-08-01T19:40:00,24.107,24.1637,24.5,24.5,In,100
2026-08-01T19:50:00,24.075,24.1498,24.5,24.5,In,100
2026-08-01T20:00:00,23.957,24.0197,24.3,24.4,In,100
2026-08-01T20:10:00,23.957,24.0017,24.4,24.4,In,100
2026-08-01T20:20:00,24.086,24.1374,24.5,24.4,In,100
2026-08-01T20:30:00,24.118,24.1803,24.5,24.6,In,100
2026-08-01T20:40:00,24.322,24.3382,24.7,24.6,In,100
2026-08-01T20:50:00,24.408,24.4381,24.6,24.7,In,100
2026-08-01T21:00:00,24.536,24.5477,24.9,24.9,In,100
2026-08-01T21:10:00,24.665,24.7059,24.9,24.9,In,100
2026-08-01T21:20:00,24.44,24.506,24.7,24.7,In,100
2026-08-01T21:30:00,24.204,24.3299,24.7,24.7,In,100
2026-08-01T21:40:00,24.257,24.3078,24.7,24.7,In,100
2026-08-01T21:50:00,24.568,24.6032,24.9,24.9,In,100
2026-08-01T22:00:00,24.568,24.6587,24.9,24.9,In,100
2026-08-01T22:10:00,24.44,24.5033,24.8,24.8,In,100
2026-08-01T22:20:00,24.408,24.4617,24.8,24.8,In,100
2026-08-01T22:30:00,24.408,24.4866,24.9,24.9,In,100
2026-08-01T22:40:00,24.343,24.4506,24.9,25,In,100
2026-08-01T22:50:00,24.343,24.3882,24.7,24.9,In,100
2026-08-01T23:00:00,24.665,24.6809,25,25,In,100
2026-08-01T23:10:00,24.751,24.7879,25,24.9,In,100
2026-08-01T23:20:00,24.751,24.8087,25,25,In,100
2026-08-01T23:30:00,24.783,24.824,25.1,25.1,In,100
2026-08-01T23:40:00,24.719,24.7851,25,25,In,100
2026-08-01T23:50:00,24.536,24.5893,25,25,In,100
2026-08-02T00:00:00,24.493,24.5463,24.9,24.9,In,100
2026-08-02T00:10:00,24.536,24.5504,24.8,24.9,In,100
2026-08-02T00:20:00,24.665,24.6934,25,25,In,100
2026-08-02T00:30:00,24.686,24.7295,25,25,In,100
2026-08-02T00:40:00,24.751,24.7768,25,24.9,In,100
2026-08-02T00:50:00,24.686,24.7365,24.9,24.9,In,100
2026-08-02T01:00:00,24.601,24.6865,24.9,24.9,In,100
2026-08-02T01:10:00,24.601,24.6698,24.9,24.9,In,100
2026-08-02T01:20:00,24.601,24.6587,24.9,24.8,In,100
2026-08-02T01:30:00,24.558,24.6032,24.8,24.8,In,100
2026-08-02T01:40:00,24.472,24.5366,24.8,24.7,In,100
2026-08-02T01:50:00,24.45,24.5588,24.8,24.8,In,100
2026-08-02T02:00:00,24.45,24.5116,24.9,24.8,In,100
2026-08-02T02:10:00,24.547,24.6032,24.8,24.8,In,100
2026-08-02T02:20:00,24.461,24.5269,24.8,24.8,In,100
2026-08-02T02:30:00,24.526,24.5615,24.9,24.8,In,100
2026-08-02T02:40:00,24.515,24.556,24.8,24.8,In,100
2026-08-02T02:50:00,24.526,24.574,24.8,24.7,In,100
2026-08-02T03:00:00,24.408,24.4603,24.7,24.8,In,100
2026-08-02T03:10:00,24.504,24.5643,24.8,24.8,In,100
2026-08-02T03:20:00,24.332,24.4686,24.8,24.8,In,100
2026-08-02T03:30:00,24.504,24.5352,24.9,24.9,In,100
2026-08-02T03:40:00,24.247,24.4006,24.9,24.9,In,100
2026-08-02T03:50:00,24.322,24.4006,24.9,24.9,In,100
2026-08-02T04:00:00,24.365,24.445,24.6,24.6,In,100
2026-08-02T04:10:00,24.332,24.3868,24.6,24.7,In,100
2026-08-02T04:20:00,24.225,24.2884,24.6,24.6,In,100
2026-08-02T04:30:00,24.268,24.3105,24.6,24.6,In,100
2026-08-02T04:40:00,24.322,24.3674,24.6,24.6,In,100
2026-08-02T04:50:00,24.129,24.2135,24.6,24.6,In,100
2026-08-02T05:00:00,24.257,24.323,24.6,24.6,In,100
2026-08-02T05:10:00,24.043,24.118,24.6,24.6,In,100
2026-08-02T05:20:00,24.204,24.3507,24.6,24.6,In,100
2026-08-02T05:30:00,23.925,24.0169,24.6,24.6,In,100
2026-08-02T05:40:00,23.839,23.9339,24.5,24.5,In,100
2026-08-02T05:50:00,23.485,23.5621,24.2,24.4,In,100
2026-08-02T06:00:00,23.453,23.5207,23.9,24,In,100
2026-08-02T06:10:00,23.539,23.6118,23.9,24,In,100
2026-08-02T06:20:00,23.571,23.5994,23.9,23.9,In,100
2026-08-02T06:30:00,23.507,23.5525,23.8,23.8,In,100
2026-08-02T06:40:00,23.432,23.4793,23.9,23.9,In,100
2026-08-02T06:50:00,23.453,23.5207,23.9,23.9,In,100
2026-08-02T07:00:00,23.539,23.5663,24,23.9,In,100
2026-08-02T07:10:00,23.657,23.7003,24,24,In,100
2026-08-02T07:20:00,23.785,23.7873,24,24,In,100
2026-08-02T07:30:00,23.871,23.8924,24.2,24.2,In,100
2026-08-02T07:40:00,23.818,23.8966,24.2,24.4,In,100
2026-08-02T07:50:00,23.657,23.7956,24.3,24.5,In,100
2026-08-02T08:00:00,23.614,23.7182,24.2,24.7,In,100
2026-08-02T08:10:00,24.225,24.269,24.7,24.7,In,100
2026-08-02T08:20:00,24.322,24.3771,24.8,24.8,In,100
2026-08-02T08:30:00,23.968,24.0501,24.7,24.8,In,100
2026-08-02T08:40:00,24.343,24.3438,24.7,24.9,In,100
2026-08-02T08:50:00,24.568,24.6004,25,25,In,100
2026-08-02T09:00:00,24.783,24.8157,25.1,25.1,In,100
2026-08-02T09:10:00,24.386,24.5768,25,25.1,In,100
2026-08-02T09:20:00,24.29,24.3992,24.8,25,In,100
2026-08-02T09:30:00,24.44,24.4797,25.1,25.1,In,100
2026-08-02T09:40:00,24.676,24.7365,25.2,25.2,In,100
2026-08-02T09:50:00,24.869,24.9061,25.1,25.1,In,100
2026-08-02T10:00:00,24.719,24.7851,25,25,In,100
2026-08-02T10:10:00,24.783,24.8171,25.3,25.3,In,100
2026-08-02T10:20:00,24.901,24.9144,25.4,25.6,In,100
2026-08-02T10:30:00,25.18,25.3237,25.8,25.8,In,100
2026-08-02T10:40:00,25.405,25.4715,25.7,25.7,In,100
2026-08-02T10:50:00,25.233,25.3251,25.6,25.6,In,100
2026-08-02T11:00:00,25.416,25.4939,25.8,25.9,In,100
2026-08-02T11:10:00,25.341,25.445,25.7,25.7,In,100
2026-08-02T11:20:00,25.201,25.2749,25.4,25.4,In,100
2026-08-02T11:30:00,24.987,25.0605,25.3,25.3,In,100
2026-08-02T11:40:00,25.062,25.1356,25.4,25.4,In,100
2026-08-02T11:50:00,25.051,25.1161,25.4,25.4,In,100
2026-08-02T12:00:00,25.169,25.2108,25.5,25.5,In,100
2026-08-02T12:10:00,25.255,25.3641,25.6,25.6,In,100
2026-08-02T12:20:00,25.244,25.3112,25.6,25.5,In,100
2026-08-02T12:30:00,25.169,25.2735,25.4,25.4,In,100
2026-08-02T12:40:00,25.212,25.268,25.5,25.6,In,100
2026-08-02T12:50:00,25.073,25.2136,25.4,25.3,In,100
2026-08-02T13:00:00,24.858,24.9172,25.1,25.1,In,100
2026-08-02T13:10:00,24.751,24.8087,25,25.1,In,100
2026-08-02T13:20:00,24.826,24.863,25.1,25.1,In,100
2026-08-02T13:30:00,24.815,24.863,25.1,25.1,In,100
2026-08-02T13:40:00,24.89,24.9339,25.2,25.2,In,100
2026-08-02T13:50:00,24.869,24.9186,25.2,25.1,In,100
2026-08-02T14:00:00,24.815,24.881,25.2,25.3,In,100
2026-08-02T14:10:00,24.815,24.8769,25.1,25.1,In,100
2026-08-02T14:20:00,24.794,24.8352,25.1,25.1,In,100
2026-08-02T14:30:00,24.815,24.8491,25.2,25.3,In,100
2026-08-02T14:40:00,24.826,24.8838,25.3,25.2,In,100
2026-08-02T14:50:00,24.847,24.9005,25.2,25.3,In,100
2026-08-02T15:00:00,24.869,24.9867,25.4,25.4,In,100
2026-08-02T15:10:00,24.815,24.8769,25.2,25.5,In,100
2026-08-02T15:20:00,24.826,24.8838,25.3,25.3,In,100
2026-08-02T15:30:00,24.815,24.8518,25.1,25,In,100
2026-08-02T15:40:00,24.837,24.8643,25.1,25.1,In,100
2026-08-02T15:50:00,24.826,24.8504,25.2,25.2,In,100
2026-08-02T16:00:00,24.761,24.8352,25.3,25.3,In,100
2026-08-02T16:10:00,24.847,24.9144,25.4,25.4,In,100
2026-08-02T16:20:00,24.837,24.9213,25.3,25.3,In,100
2026-08-02T16:30:00,24.837,24.8727,25.3,25.3,In,100
2026-08-02T16:40:00,24.783,24.8588,25.1,25.1,In,100
2026-08-02T16:50:00,24.804,24.8546,25.1,25.2,In,100
2026-08-02T17:00:00,24.547,24.6351,25,25,In,100
2026-08-02T17:10:00,24.354,24.4617,24.9,24.9,In,100
2026-08-02T17:20:00,24.558,24.5935,24.9,24.8,In,100
2026-08-02T17:30:00,24.676,24.7018,24.9,24.9,In,100
2026-08-02T17:40:00,24.729,24.7629,25,25,In,100
2026-08-02T17:50:00,24.761,24.8171,25.1,25,In,100
2026-08-02T18:00:00,24.665,24.7712,25.1,25,In,100
2026-08-02T18:10:00,24.815,24.8532,25.1,25.1,In,100
2026-08-02T18:20:00,24.815,24.8755,25.1,25.1,In,100
2026-08-02T18:30:00,24.772,24.8254,25,25,In,100
2026-08-02T18:40:00,24.815,24.8407,25.1,25.1,In,100
2026-08-02T18:50:00,24.89,24.92,25.2,25.2,In,100
2026-08-02T19:00:00,24.879,24.9241,25.3,25.1,In,100
2026-08-02T19:10:00,24.965,24.9895,25.3,25.3,In,100
2026-08-02T19:20:00,25.115,25.1342,25.4,25.4,In,100
2026-08-02T19:30:00,25.255,25.2638,25.5,25.5,In,100
2026-08-02T19:40:00,24.976,25.1329,25.5,25.5,In,100
2026-08-02T19:50:00,24.976,25.0452,25.4,25.4,In,100
2026-08-02T20:00:00,25.083,25.137,25.5,25.4,In,100
2026-08-02T20:10:00,25.062,25.1231,25.4,25.3,In,100
2026-08-02T20:20:00,24.997,25.0549,25.3,25.4,In,100
2026-08-02T20:30:00,24.922,25.0229,25.5,25.5,In,100
2026-08-02T20:40:00,25.105,25.215,25.6,25.6,In,100
2026-08-02T20:50:00,25.244,25.3098,25.7,26,In,100
2026-08-02T21:00:00,25.244,25.3181,25.6,25.6,In,100
2026-08-02T21:10:00,25.405,25.4841,25.8,25.9,In,100
2026-08-02T21:20:00,25.437,25.5916,25.9,25.9,In,100
2026-08-02T21:30:00,25.609,25.6544,26,25.9,In,100
2026-08-02T21:40:00,25.341,25.4464,25.7,25.7,In,100
2026-08-02T21:50:00,25.373,25.4548,25.7,25.9,In,100
2026-08-02T22:00:00,25.373,25.4241,25.8,25.9,In,100
2026-08-02T22:10:00,25.287,25.3962,25.7,25.8,In,100
2026-08-02T22:20:00,25.308,25.3948,25.8,25.8,In,100
2026-08-02T22:30:00,25.169,25.3056,25.6,25.7,In,100
2026-08-02T22:40:00,25.351,25.3906,25.7,25.7,In,100
2026-08-02T22:50:00,25.212,25.3042,25.5,25.6,In,100
2026-08-02T23:00:00,25.083,25.1816,25.4,25.4,In,100
2026-08-02T23:10:00,24.965,25.0243,25.2,25.2,In,100
2026-08-02T23:20:00,25.03,25.0716,25.4,25.4,In,100
2026-08-02T23:30:00,25.115,25.1496,25.4,25.4,In,100
2026-08-02T23:40:00,25.137,25.183,25.5,25.4,In,100
2026-08-02T23:50:00,25.169,25.222,25.5,25.5,In,100
2026-08-03T00:00:00,25.008,25.1565,25.6,25.6,In,100
2026-08-03T00:10:00,25.062,25.1482,25.5,25.6,In,100
2026-08-03T00:20:00,25.201,25.2387,25.6,25.5,In,100
2026-08-03T00:30:00,25.201,25.2666,25.5,25.5,In,100
2026-08-03T00:40:00,25.083,25.1677,25.4,25.4,In,100
2026-08-03T00:50:00,24.665,24.7657,25,25.2,In,100
2026-08-03T01:00:00,24.697,24.7309,25.1,25.1,In,100
2026-08-03T01:10:00,24.826,24.8504,25.1,25.2,In,100
2026-08-03T01:20:00,24.976,24.9686,25.3,25.3,In,100
2026-08-03T01:30:00,24.815,24.9102,25.2,25.3,In,100
2026-08-03T01:40:00,24.697,24.8477,25.2,25.3,In,100
2026-08-03T01:50:00,24.794,24.8199,25.2,25.2,In,100
2026-08-03T02:00:00,24.847,24.9965,25.3,25.4,In,100
2026-08-03T02:10:00,24.654,24.6865,25.1,25.2,In,100
2026-08-03T02:20:00,24.686,24.7796,25.2,25.2,In,100
2026-08-03T02:30:00,24.783,24.8213,25.3,25.3,In,100
2026-08-03T02:40:00,24.804,24.8866,25.3,25.3,In,100
2026-08-03T02:50:00,24.772,24.8824,25.3,25.3,In,100
2026-08-03T03:00:00,24.965,25.0298,25.3,25.4,In,100
2026-08-03T03:10:00,24.751,24.9005,25.4,25.4,In,100
2026-08-03T03:20:00,24.708,24.8046,25.3,25.3,In,100
2026-08-03T03:30:00,24.719,24.799,25.3,25.3,In,100
2026-08-03T03:40:00,24.633,24.674,24.9,25,In,100
2026-08-03T03:50:00,24.611,24.6615,25,25,In,100
2026-08-03T04:00:00,24.686,24.7101,25,25.2,In,100
2026-08-03T04:10:00,24.74,24.7879,25.2,25.2,In,100
2026-08-03T04:20:00,24.751,24.8199,25.1,25.1,In,100
2026-08-03T04:30:00,24.761,24.8282,25.2,25.2,In,100
2026-08-03T04:40:00,24.751,24.7935,25.2,25.1,In,100
2026-08-03T04:50:00,24.654,24.7045,25.1,25.1,In,100
2026-08-03T05:00:00,24.665,24.7129,25,25.1,In,100
2026-08-03T05:10:00,24.622,24.7004,25,25.1,In,100
2026-08-03T05:20:00,24.279,24.3577,24.8,24.9,In,100
2026-08-03T05:30:00,24.161,24.1941,24.4,24.4,In,100
2026-08-03T05:40:00,24.064,24.1831,24.5,24.6,In,100
2026-08-03T05:50:00,24.043,24.1595,24.7,24.8,In,100
2026-08-03T06:00:00,23.979,24.0349,24.7,24.7,In,100
2026-08-03T06:10:00,23.732,23.815,24.2,24.4,In,100
2026-08-03T06:20:00,23.71,23.75,24.2,24.2,In,100
2026-08-03T06:30:00,23.882,23.9284,24.4,24.4,In,100
2026-08-03T06:40:00,24.021,24.0571,24.5,24.5,In,100
2026-08-03T06:50:00,23.839,23.9533,24.5,24.6,In,100
2026-08-03T07:00:00,23.753,23.7942,24.2,24.5,In,100
2026-08-03T07:10:00,23.732,23.7956,24.2,24.4,In,100
2026-08-03T07:20:00,23.732,23.7818,24.1,24,In,100
2026-08-03T07:30:00,23.657,23.7251,24.1,24.2,In,100
2026-08-03T07:40:00,23.71,23.797,24.2,24.2,In,100
2026-08-03T07:50:00,23.464,23.5387,24,24,In,100
2026-08-03T08:00:00,23.625,23.6367,23.9,23.9,In,100
2026-08-03T08:10:00,23.603,23.6381,23.9,24.1,In,100
2026-08-03T08:20:00,23.807,23.8399,24.4,24.4,In,100
2026-08-03T08:30:00,24.021,24.1221,24.6,24.8,In,100
2026-08-03T08:40:00,24.483,24.5088,24.9,24.9,In,100
2026-08-03T08:50:00,24.729,24.7532,25.1,25,In,100
2026-08-03T09:00:00,24.804,24.8352,25.1,25.1,In,100
2026-08-03T09:10:00,24.375,24.531,24.8,24.8,In,100
2026-08-03T09:20:00,24.343,24.3771,24.8,24.9,In,100
2026-08-03T09:30:00,24.579,24.5754,24.9,24.9,In,100
2026-08-03T09:40:00,24.804,24.8282,25.3,25.3,In,100
2026-08-03T09:50:00,24.172,24.4922,24.7,24.9,In,100
2026-08-03T10:00:00,24.054,24.1997,24.9,24.8,In,100
2026-08-03T10:10:00,24.504,24.4769,24.9,24.9,In,100
2026-08-03T10:20:00,24.869,24.863,25.3,25.2,In,100
2026-08-03T10:30:00,24.901,25.002,25.4,25.4,In,100
2026-08-03T10:40:00,25.255,25.2373,25.7,25.7,In,100
2026-08-03T10:50:00,25.512,25.5413,25.9,25.9,In,100
2026-08-03T11:00:00,25.673,25.6921,25.9,26,In,100
2026-08-03T11:10:00,25.705,25.7257,26.1,26.1,In,100
2026-08-03T11:20:00,25.619,25.6796,25.9,25.9,In,100
2026-08-03T11:30:00,25.587,25.6516,25.9,25.8,In,100
2026-08-03T11:40:00,25.351,25.5148,25.9,25.8,In,100
2026-08-03T11:50:00,25.437,25.6027,25.9,25.8,In,100
2026-08-03T12:00:00,25.373,25.4688,25.8,25.8,In,100
2026-08-03T12:10:00,25.201,25.2833,25.7,25.6,In,100
2026-08-03T12:20:00,25.201,25.2526,25.5,25.5,In,100
2026-08-03T12:30:00,24.976,25.1482,25.5,25.6,In,100
2026-08-03T12:40:00,25.158,25.1955,25.5,25.5,In,100
2026-08-03T12:50:00,25.115,25.1774,25.5,25.4,In,100
2026-08-03T13:00:00,25.158,25.1816,25.4,25.4,In,100
2026-08-03T13:10:00,25.266,25.2721,25.6,25.6,In,100
2026-08-03T13:20:00,25.201,25.2903,25.6,25.5,In,100
2026-08-03T13:30:00,25.148,25.2373,25.5,25.6,In,100
2026-08-03T13:40:00,25.223,25.2471,25.5,25.6,In,100
2026-08-03T13:50:00,25.062,25.1816,25.5,25.6,In,100
2026-08-03T14:00:00,24.912,24.9714,25.5,25.6,In,100
2026-08-03T14:10:00,25.073,25.1551,25.7,25.8,In,100
2026-08-03T14:20:00,25.158,25.2081,25.7,25.8,In,100
2026-08-03T14:30:00,25.169,25.2192,25.5,25.5,In,100
2026-08-03T14:40:00,24.965,25.0465,25.4,25.4,In,100
2026-08-03T14:50:00,24.933,24.9533,25.3,25.3,In,100
2026-08-03T15:00:00,24.987,25.0173,25.4,25.5,In,100
2026-08-03T15:10:00,25.255,25.2638,25.6,25.6,In,100
2026-08-03T15:20:00,24.987,25.0994,25.3,25.3,In,100
2026-08-03T15:30:00,24.568,24.7337,25.2,25.3,In,100
2026-08-03T15:40:00,24.59,24.6726,25.1,25.1,In,100
2026-08-03T15:50:00,24.751,24.7962,25.1,25.1,In,100
2026-08-03T16:00:00,24.622,24.692,25.1,25,In,100
2026-08-03T16:10:00,23.957,24.3798,25.1,25.1,In,100
2026-08-03T16:20:00,24.461,24.5518,25,25.1,In,100
2026-08-03T16:30:00,24.493,24.5352,25,25.1,In,100
2026-08-03T16:40:00,24.193,24.4478,25,25.1,In,100
2026-08-03T16:50:00,24.504,24.538,25,25,In,100
2026-08-03T17:00:00,24.504,24.5421,24.9,25,In,100
2026-08-03T17:10:00,24.032,24.2025,24.6,24.8,In,100
2026-08-03T17:20:00,23.528,23.6188,24.2,24.6,In,100
2026-08-03T17:30:00,23.517,23.5828,24.7,24.9,In,100
2026-08-03T17:40:00,23.56,23.6036,24.8,24.9,In,100
2026-08-03T17:50:00,23.41,23.4793,24.8,25,In,100
2026-08-03T18:00:00,23.314,23.4172,24.2,25,In,100
2026-08-03T18:10:00,23.464,23.5608,24.4,24.4,In,100
2026-08-03T18:20:00,23.389,23.5718,24.4,24.5,In,100
2026-08-03T18:30:00,23.303,23.3537,23.6,23.7,In,100
2026-08-03T18:40:00,23.185,23.2365,23.6,23.6,In,100
2026-08-03T18:50:00,23.206,23.2599,23.6,23.6,In,100
2026-08-03T19:00:00,23.367,23.391,23.6,23.7,In,100
2026-08-03T19:10:00,23.346,23.3744,23.7,23.7,In,100
2026-08-03T19:20:00,23.453,23.4876,23.8,23.8,In,100
2026-08-03T19:30:00,23.41,23.4752,23.8,23.8,In,100
2026-08-03T19:40:00,23.335,23.4255,23.7,23.6,In,100
2026-08-03T19:50:00,23.314,23.3441,23.6,23.6,In,100
2026-08-03T20:00:00,23.281,23.3247,23.6,23.6,In,100
2026-08-03T20:10:00,23.185,23.2447,23.6,23.7,In,100
2026-08-03T20:20:00,23.356,23.3937,23.7,23.7,In,100
2026-08-03T20:30:00,23.421,23.4862,23.8,23.7,In,100
2026-08-03T20:40:00,23.303,23.3703,23.7,23.7,In,100
2026-08-03T20:50:00,23.41,23.4613,23.7,23.7,In,100
2026-08-03T21:00:00,23.367,23.4324,23.8,23.7,In,100
2026-08-03T21:10:00,23.367,23.4255,23.8,23.7,In,100
2026-08-03T21:20:00,23.335,23.4351,23.8,23.7,In,100
2026-08-03T21:30:00,23.356,23.413,23.8,23.8,In,100
2026-08-03T21:40:00,23.528,23.5594,24.5,24.4,In,100
2026-08-03T21:50:00,24.021,24.0515,24.5,24.5,In,100
2026-08-03T22:00:00,24.268,24.2994,24.6,24.7,In,100
2026-08-03T22:10:00,24.064,24.1678,24.6,24.6,In,100
2026-08-03T22:20:00,24.097,24.2025,24.6,24.9,In,100
2026-08-03T22:30:00,24.708,24.7532,25.1,25.1,In,100
2026-08-03T22:40:00,24.44,24.6129,24.9,24.9,In,100
2026-08-03T22:50:00,23.689,23.8426,24,24,In,100
2026-08-03T23:00:00,23.603,23.6215,24.1,24.3,In,100
2026-08-03T23:10:00,24.665,24.5602,25.2,25.2,In,100
2026-08-03T23:20:00,25.008,25.0883,25.5,25.6,In,100
2026-08-03T23:30:00,24.504,24.5768,25.1,25.2,In,100
2026-08-03T23:40:00,24.45,24.506,25.2,25.4,In,100
2026-08-03T23:50:00,25.319,25.2875,25.7,25.8,In,100
2026-08-04T00:00:00,25.534,25.5609,25.8,25.8,In,100
2026-08-04T00:10:00,25.351,25.5134,25.8,25.7,In,100
2026-08-04T00:20:00,25.03,25.1259,25.4,25.7,In,100
2026-08-04T00:30:00,24.837,24.8977,25.1,25.2,In,100
2026-08-04T00:40:00,24.751,24.7935,25,24.9,In,100
2026-08-04T00:50:00,24.568,24.7282,25,25,In,100
2026-08-04T01:00:00,24.826,24.8463,25.3,25.3,In,100
2026-08-04T01:10:00,24.987,25.0396,25.5,25.5,In,100
2026-08-04T01:20:00,24.461,24.6643,25.3,25.2,In,100
2026-08-04T01:30:00,24.397,24.4408,25.1,25.1,In,100
2026-08-04T01:40:00,24.794,24.7962,25.1,25.1,In,100
2026-08-04T01:50:00,24.697,24.8185,25.2,25.2,In,100
2026-08-04T02:00:00,24.686,24.7295,25.1,25.3,In,100
2026-08-04T02:10:00,24.869,24.9617,25.6,25.6,In,100
2026-08-04T02:20:00,24.837,24.9464,25.4,25.5,In,100
2026-08-04T02:30:00,24.965,25.0006,25.3,25.4,In,100
2026-08-04T02:40:00,24.794,24.9005,25.4,25.4,In,100
2026-08-04T02:50:00,24.761,24.8199,25.3,25.3,In,100
2026-08-04T03:00:00,24.601,24.6768,24.9,25,In,100
2026-08-04T03:10:00,24.386,24.4977,24.8,24.8,In,100
2026-08-04T03:20:00,24.504,24.5449,24.9,24.9,In,100
2026-08-04T03:30:00,24.515,24.5768,24.8,24.8,In,100
2026-08-04T03:40:00,24.526,24.5935,24.8,24.9,In,100
2026-08-04T03:50:00,24.332,24.4187,24.8,24.9,In,100
2026-08-04T04:00:00,24.386,24.4284,24.7,24.8,In,100
2026-08-04T04:10:00,24.44,24.4741,24.8,25,In,100
2026-08-04T04:20:00,24.44,24.5171,24.9,24.9,In,100
2026-08-04T04:30:00,24.536,24.5782,24.9,24.9,In,100
2026-08-04T04:40:00,24.043,24.1429,24.8,24.8,In,100
2026-08-04T04:50:00,24.257,24.3701,24.8,24.8,In,100
2026-08-04T05:00:00,23.592,24.0183,24.6,24.6,In,100
2026-08-04T05:10:00,23.367,23.4351,24.1,24.3,In,100
2026-08-04T05:20:00,23.41,23.4821,24.3,24.5,In,100
2026-08-04T05:30:00,23.678,23.739,24.1,24.2,In,100
2026-08-04T05:40:00,23.625,23.7168,24,24.1,In,100
2026-08-04T05:50:00,23.335,23.4144,23.9,24,In,100
2026-08-04T06:00:00,23.335,23.3661,23.8,23.9,In,100
2026-08-04T06:10:00,23.464,23.4752,24,23.9,In,100
2026-08-04T06:20:00,23.356,23.4503,23.9,23.9,In,100
2026-08-04T06:30:00,23.314,23.3703,23.9,23.8,In,100
2026-08-04T06:40:00,23.314,23.3537,23.6,23.9,In,100
2026-08-04T06:50:00,23.249,23.3137,23.6,23.6,In,100
2026-08-04T07:00:00,23.196,23.2434,23.6,23.7,In,100
2026-08-04T07:10:00,23.013,23.0959,23.6,23.5,In,100
2026-08-04T07:20:00,22.992,23.0821,23.5,23.5,In,100
2026-08-04T07:30:00,23.131,23.1855,23.6,23.7,In,100
2026-08-04T07:40:00,23.303,23.3372,23.8,23.8,In,100
2026-08-04T07:50:00,23.356,23.4117,23.8,23.7,In,100
2026-08-04T08:00:00,23.335,23.3785,23.6,23.8,In,100
2026-08-04T08:10:00,23.314,23.3565,23.6,23.7,In,100
2026-08-04T08:20:00,23.292,23.3399,23.6,23.6,In,100
2026-08-04T08:30:00,23.281,23.3275,23.6,23.7,In,100
2026-08-04T08:40:00,23.292,23.3427,23.6,23.7,In,100
2026-08-04T08:50:00,23.324,23.3716,23.6,23.6,In,100
2026-08-04T09:00:00,23.163,23.2627,23.6,23.5,In,100
2026-08-04T09:10:00,22.96,23.0504,23.4,23.5,In,100
2026-08-04T09:20:00,22.885,22.9333,23.4,23.5,In,100
2026-08-04T09:30:00,23.088,23.1675,23.6,23.7,In,100
2026-08-04T09:40:00,23.281,23.3358,23.6,23.7,In,100
2026-08-04T09:50:00,23.378,23.3841,23.6,23.6,In,100
2026-08-04T10:00:00,23.249,23.3951,23.7,23.6,In,100
2026-08-04T10:10:00,23.453,23.4765,23.8,23.8,In,100
2026-08-04T10:20:00,23.453,23.4917,24,24.1,In,100
2026-08-04T10:30:00,23.378,23.442,23.7,23.8,In,100
2026-08-04T10:40:00,23.432,23.4627,23.7,23.8,In,100
2026-08-04T10:50:00,23.442,23.4945,23.7,23.7,In,100
2026-08-04T11:00:00,23.474,23.529,23.9,23.9,In,100
2026-08-04T11:10:00,23.582,23.6188,24,24.1,In,100
2026-08-04T11:20:00,23.528,23.5787,24.3,24.5,In,100
2026-08-04T11:30:00,23.485,23.5442,24.5,24.5,In,100
2026-08-04T11:40:00,23.56,23.6657,24.5,24.6,In,100
2026-08-04T11:50:00,24.268,24.2787,24.7,24.6,In,100
2026-08-04T12:00:00,24.247,24.3091,24.6,24.7,In,100
2026-08-04T12:10:00,24.397,24.4048,24.7,24.7,In,100
2026-08-04T12:20:00,24.472,24.5213,24.8,24.8,In,100
2026-08-04T12:30:00,24.354,24.5047,24.6,24.6,In,100
2026-08-04T12:40:00,23.582,23.7459,24.2,24.4,In,100
2026-08-04T12:50:00,23.678,23.6906,24.5,24.5,In,100
2026-08-04T13:00:00,24.268,24.2731,24.7,24.6,In,100
2026-08-04T13:10:00,24.397,24.4242,24.8,24.7,In,100
2026-08-04T13:20:00,24.429,24.4741,24.8,24.7,In,100
2026-08-04T13:30:00,24.45,24.4963,24.8,24.8,In,100
2026-08-04T13:40:00,24.504,24.5407,24.9,24.9,In,100
2026-08-04T13:50:00,24.697,24.724,25,24.9,In,100
2026-08-04T14:00:00,24.74,24.799,25.2,25.1,In,100
2026-08-04T14:10:00,24.483,24.5699,25.1,25.3,In,100
2026-08-04T14:20:00,24.504,24.5407,24.8,25,In,100
2026-08-04T14:30:00,24.493,24.5241,24.7,25.1,In,100
2026-08-04T14:40:00,24.45,24.4838,24.7,24.8,In,100
2026-08-04T14:50:00,24.665,24.6587,25,25.1,In,100
2026-08-04T15:00:00,24.751,24.8393,25.2,25.3,In,100
2026-08-04T15:10:00,24.869,24.9241,25.5,25.6,In,100
2026-08-04T15:20:00,24.858,24.9255,25.3,25.4,In,100
2026-08-04T15:30:00,24.611,24.7434,25,25,In,100
2026-08-04T15:40:00,24.461,24.5532,24.8,24.9,In,100
2026-08-04T15:50:00,24.558,24.5921,24.8,24.8,In,100
2026-08-04T16:00:00,24.526,24.5671,24.8,24.8,In,100
2026-08-04T16:10:00,24.504,24.5588,24.8,24.8,In,100
2026-08-04T16:20:00,24.472,24.5296,24.8,24.7,In,100
2026-08-04T16:30:00,24.622,24.6351,25,25,In,100
2026-08-04T16:40:00,24.794,24.8352,25.1,25,In,100
2026-08-04T16:50:00,24.772,24.831,25,25,In,100
2026-08-04T17:00:00,24.558,24.6365,24.9,25,In,100
2026-08-04T17:10:00,24.408,24.5824,24.8,24.8,In,100
2026-08-04T17:20:00,24.472,24.5324,24.7,24.8,In,100
2026-08-04T17:30:00,24.493,24.5213,24.8,24.7,In,100
2026-08-04T17:40:00,24.483,24.5199,24.7,24.7,In,100
2026-08-04T17:50:00,24.3,24.3895,24.8,24.8,In,100
2026-08-04T18:00:00,24.15,24.2412,24.7,24.7,In,100
2026-08-04T18:10:00,24.44,24.4617,24.7,24.7,In,100
2026-08-04T18:20:00,23.989,24.1498,24.7,24.7,In,100
2026-08-04T18:30:00,23.678,23.7583,24.1,24.6,In,100
2026-08-04T18:40:00,23.732,23.7818,24.1,24.2,In,100
2026-08-04T18:50:00,23.41,23.5414,24.1,24.1,In,100
2026-08-04T19:00:00,23.206,23.3206,23.7,24,In,100
2026-08-04T19:10:00,23.324,23.3523,23.7,24,In,100
2026-08-04T19:20:00,23.464,23.4986,24.1,24.2,In,100
2026-08-04T19:30:00,23.378,23.4793,23.9,24.1,In,100
2026-08-04T19:40:00,23.335,23.3634,23.8,23.9,In,100
2026-08-04T19:50:00,23.432,23.4724,23.8,23.8,In,100
2026-08-04T20:00:00,23.303,23.3772,23.6,23.7,In,100
2026-08-04T20:10:00,23.206,23.2792,23.6,23.6,In,100
2026-08-04T20:20:00,23.335,23.3675,23.6,23.5,In,100
2026-08-04T20:30:00,23.196,23.2475,23.6,23.6,In,100
2026-08-04T20:40:00,23.185,23.213,23.6,23.6,In,100
2026-08-04T20:50:00,23.217,23.2475,23.6,23.6,In,100
2026-08-04T21:00:00,23.206,23.253,23.6,23.6,In,100
2026-08-04T21:10:00,23.153,23.2061,23.5,23.4,In,100
2026-08-04T21:20:00,23.142,23.162,23.5,23.5,In,100
2026-08-04T21:30:00,23.131,23.1744,23.5,23.5,In,100
2026-08-04T21:40:00,22.949,22.9677,23.4,23.4,In,100
2026-08-04T21:50:00,22.992,23.0518,23.5,23.5,In,100
2026-08-04T22:00:00,22.81,22.9278,23.4,23.4,In,100
2026-08-04T22:10:00,22.874,22.9071,23.4,23.4,In,100
2026-08-04T22:20:00,23.131,23.1662,23.5,23.5,In,100
2026-08-04T22:30:00,23.228,23.2503,23.5,23.5,In,100
2026-08-04T22:40:00,23.239,23.2806,23.5,23.6,In,100
2026-08-04T22:50:00,23.292,23.3275,23.6,23.6,In,100
2026-08-04T23:00:00,23.421,23.4572,23.7,23.7,In,100
2026-08-04T23:10:00,23.474,23.5166,24.1,24.2,In,100
2026-08-04T23:20:00,23.979,23.9796,24.6,24.6,In,100
2026-08-04T23:30:00,24.097,24.1789,24.5,24.6,In,100
2026-08-04T23:40:00,23.743,23.8426,24.1,24.2,In,100
2026-08-04T23:50:00,23.796,23.8454,24.3,24.4,In,100
2026-08-05T00:00:00,24.418,24.3895,25,25.1,In,100
2026-08-05T00:10:00,24.365,24.581,24.7,24.7,In,100
2026-08-05T00:20:00,23.485,23.6353,23.7,23.8,In,100
2026-08-05T00:30:00,23.507,23.5207,23.8,24.1,In,100
2026-08-05T00:40:00,24.204,24.0377,24.9,24.9,In,100
2026-08-05T00:50:00,23.893,24.4187,25.1,25.2,In,100
2026-08-05T01:00:00,24.172,24.3369,25,25,In,100
2026-08-05T01:10:00,24.869,24.8574,25.4,25.4,In,100
2026-08-05T01:20:00,25.298,25.2526,25.8,25.8,In,100
2026-08-05T01:30:00,25.705,25.6935,26,26.1,In,100
2026-08-05T01:40:00,25.276,25.459,25.5,25.6,In,100
2026-08-05T01:50:00,25.244,25.2917,25.6,25.5,In,100
2026-08-05T02:00:00,25.051,25.1022,25.3,25.4,In,100
2026-08-05T02:10:00,24.965,24.9992,25.3,25.3,In,100
2026-08-05T02:20:00,24.45,24.6393,24.9,25.2,In,100
2026-08-05T02:30:00,24.107,24.2191,24.6,25,In,100
2026-08-05T02:40:00,24.611,24.6157,25.3,25.4,In,100
2026-08-05T02:50:00,24.837,24.9436,25.1,25.2,In,100
2026-08-05T03:00:00,24.633,24.7351,24.9,25,In,100
2026-08-05T03:10:00,24.472,24.5477,24.8,24.9,In,100
2026-08-05T03:20:00,24.44,24.4811,24.8,24.8,In,100
2026-08-05T03:30:00,24.386,24.409,24.7,24.7,In,100
2026-08-05T03:40:00,24.365,24.4034,24.7,24.7,In,100
2026-08-05T03:50:00,23.85,24.1775,24.5,24.6,In,100
2026-08-05T04:00:00,23.614,23.6257,23.9,24.1,In,100
2026-08-05T04:10:00,23.657,23.6588,24.2,24.3,In,100
2026-08-05T04:20:00,24.3,24.2579,24.8,24.8,In,100
2026-08-05T04:30:00,24.386,24.5102,24.8,24.8,In,100
2026-08-05T04:40:00,23.678,23.786,23.9,24.3,In,100
2026-08-05T04:50:00,24.15,24.1512,24.6,24.6,In,100
2026-08-05T05:00:00,24.311,24.3272,24.7,24.6,In,100
2026-08-05T05:10:00,24.225,24.4145,24.6,24.6,In,100
2026-08-05T05:20:00,23.217,23.4241,24.1,24.4,In,100
2026-08-05T05:30:00,23.153,23.1648,23.6,23.7,In,100
2026-08-05T05:40:00,23.41,23.4627,24,24.4,In,100
2026-08-05T05:50:00,23.775,23.8205,24.3,24.3,In,100
2026-08-05T06:00:00,23.914,23.9851,24.3,24.3,In,100
2026-08-05T06:10:00,23.775,23.8012,24.2,24.2,In,100
2026-08-05T06:20:00,23.732,23.8205,24.2,24.3,In,100
2026-08-05T06:30:00,23.796,23.844,24.3,24.3,In,100
2026-08-05T06:40:00,23.657,23.8426,24.2,24.2,In,100
2026-08-05T06:50:00,23.507,23.5704,24,24,In,100
2026-08-05T07:00:00,23.41,23.471,23.8,23.9,In,100
2026-08-05T07:10:00,23.453,23.4793,23.9,24,In,100
2026-08-05T07:20:00,23.55,23.634,24.1,24.4,In,100
2026-08-05T07:30:00,23.528,23.5939,24.1,24.4,In,100
2026-08-05T07:40:00,23.925,23.9076,24.3,24.2,In,100
2026-08-05T07:50:00,23.732,23.8454,24.3,24.3,In,100
2026-08-05T08:00:00,23.635,23.6782,23.9,24,In,100
2026-08-05T08:10:00,23.485,23.5759,23.9,23.8,In,100
2026-08-05T08:20:00,23.582,23.6105,23.9,23.8,In,100
2026-08-05T08:30:00,23.603,23.6478,24,24,In,100
2026-08-05T08:40:00,23.367,23.5469,23.8,23.9,In,100
2026-08-05T08:50:00,23.153,23.231,23.6,23.7,In,100
2026-08-05T09:00:00,23.131,23.1772,23.5,23.6,In,100
2026-08-05T09:10:00,23.088,23.151,23.5,23.5,In,100
2026-08-05T09:20:00,23.099,23.1262,23.4,23.5,In,100
2026-08-05T09:30:00,23.024,23.1014,23.5,23.5,In,100
2026-08-05T09:40:00,23.163,23.2006,23.6,23.5,In,100
2026-08-05T09:50:00,23.185,23.231,23.6,23.6,In,100
2026-08-05T10:00:00,23.196,23.2282,23.6,23.6,In,100
2026-08-05T10:10:00,23.142,23.2365,23.6,23.5,In,100
2026-08-05T10:20:00,23.206,23.2627,23.6,23.6,In,100
2026-08-05T10:30:00,23.206,23.2585,23.6,23.6,In,100
2026-08-05T10:40:00,23.271,23.293,23.6,23.6,In,100
2026-08-05T10:50:00,23.314,23.3358,23.6,23.6,In,100
2026-08-05T11:00:00,23.271,23.304,23.6,23.6,In,100
2026-08-05T11:10:00,23.217,23.2847,23.7,23.7,In,100
2026-08-05T11:20:00,23.346,23.3923,23.8,23.9,In,100
2026-08-05T11:30:00,23.507,23.5414,24,24.3,In,100
2026-08-05T11:40:00,23.668,23.7072,24.3,24.3,In,100
2026-08-05T11:50:00,23.979,24.1304,24.5,24.6,In,100
2026-08-05T12:00:00,23.592,23.703,24,24.1,In,100
2026-08-05T12:10:00,23.893,23.927,24.9,25,In,100
2026-08-05T12:20:00,24.751,24.7351,25.1,25.1,In,100
2026-08-05T12:30:00,24.815,24.9047,25.2,25.2,In,100
2026-08-05T12:40:00,24.193,24.4131,25.1,25.2,In,100
2026-08-05T12:50:00,23.775,23.8565,24.1,24.4,In,100
2026-08-05T13:00:00,24.032,23.9754,24.8,24.9,In,100
2026-08-05T13:10:00,24.719,24.6934,25,25.1,In,100
2026-08-05T13:20:00,24.847,24.8852,25.2,25.1,In,100
2026-08-05T13:30:00,24.933,24.9659,25.3,25.2,In,100
2026-08-05T13:40:00,24.879,24.9227,25.4,25.4,In,100
2026-08-05T13:50:00,25.169,25.261,25.8,26.1,In,100
2026-08-05T14:00:00,25.491,25.4855,25.9,25.8,In,100
2026-08-05T14:10:00,25.233,25.3404,25.6,25.7,In,100
2026-08-05T14:20:00,24.997,25.1774,25.3,25.3,In,100
2026-08-05T14:30:00,24.483,24.6518,25.1,25,In,100
2026-08-05T14:40:00,24.097,24.2205,24.9,25.1,In,100
2026-08-05T14:50:00,24.204,24.3008,24.7,24.9,In,100
2026-08-05T15:00:00,23.979,24.1014,24.6,24.9,In,100
2026-08-05T15:10:00,23.968,24.0723,24.7,24.8,In,100
2026-08-05T15:20:00,24.3,24.3507,24.9,24.9,In,100
2026-08-05T15:30:00,24.59,24.6046,24.9,24.9,In,100
2026-08-05T15:40:00,24.332,24.4131,24.6,24.8,In,100
2026-08-05T15:50:00,23.957,24.1069,24.3,24.4,In,100
2026-08-05T16:00:00,23.893,23.9367,24.3,24.4,In,100
2026-08-05T16:10:00,24.097,24.1387,24.4,24.5,In,100
2026-08-05T16:20:00,24.118,24.1498,24.4,24.5,In,100
2026-08-05T16:30:00,23.753,23.8081,24.3,24.3,In,100
2026-08-05T16:40:00,23.785,23.7929,24.5,24.5,In,100
2026-08-05T16:50:00,24.193,24.2191,24.6,24.6,In,100
2026-08-05T17:00:00,24.332,24.409,24.7,24.7,In,100
2026-08-05T17:10:00,23.818,24.0418,24.7,24.7,In,100
2026-08-05T17:20:00,23.957,23.9837,24.6,24.7,In,100
2026-08-05T17:30:00,24.472,24.4672,24.7,24.6,In,100
2026-08-05T17:40:00,24.29,24.4408,24.7,24.7,In,100
2026-08-05T17:50:00,23.893,23.956,24.2,24.5,In,100
2026-08-05T18:00:00,23.743,23.786,24,24.1,In,100
2026-08-05T18:10:00,23.646,23.6975,24,24,In,100
2026-08-05T18:20:00,23.657,23.6989,23.9,23.9,In,100
2026-08-05T18:30:00,23.625,23.6906,24,24.1,In,100
2026-08-05T18:40:00,23.689,23.7473,24.1,24,In,100
2026-08-05T18:50:00,23.7,23.7721,24,24,In,100
2026-08-05T19:00:00,23.743,23.779,24,24,In,100
2026-08-05T19:10:00,23.496,23.5704,23.8,23.9,In,100
2026-08-05T19:20:00,23.335,23.3744,23.7,23.7,In,100
2026-08-05T19:30:00,23.539,23.5469,23.9,23.9,In,100
2026-08-05T19:40:00,23.464,23.5525,24,24,In,100
2026-08-05T19:50:00,23.678,23.6989,24,24,In,100
2026-08-05T20:00:00,23.668,23.7431,24,24.1,In,100
2026-08-05T20:10:00,23.7,23.732,24.1,24,In,100
2026-08-05T20:20:00,23.646,23.6878,24,24,In,100
2026-08-05T20:30:00,23.496,23.6353,23.9,23.9,In,100
2026-08-05T20:40:00,23.528,23.5483,23.9,23.9,In,100
2026-08-05T20:50:00,23.528,23.6022,23.9,23.9,In,100
2026-08-05T21:00:00,23.657,23.7016,23.9,24,In,100
2026-08-05T21:10:00,23.743,23.7846,24.1,24,In,100
2026-08-05T21:20:00,23.818,23.844,24.1,24,In,100
2026-08-05T21:30:00,23.818,23.8468,24.1,24.1,In,100
2026-08-05T21:40:00,23.871,23.8924,24.2,24.2,In,100
2026-08-05T21:50:00,24.397,24.3272,25,25,In,100
2026-08-05T22:00:00,25.255,25.1941,25.6,25.7,In,100
2026-08-05T22:10:00,25.201,25.3195,25.5,25.6,In,100
2026-08-05T22:20:00,24.472,24.7268,25.2,25.3,In,100
2026-08-05T22:30:00,24.74,24.7948,25.2,25.3,In,100
2026-08-05T22:40:00,24.912,25.0034,25.1,25.1,In,100
2026-08-05T22:50:00,24.118,24.2579,24.3,24.3,In,100
2026-08-05T23:00:00,23.903,23.9422,24.3,24.3,In,100
2026-08-05T23:10:00,24.29,24.2149,24.7,24.8,In,100
2026-08-05T23:20:00,24.676,24.6712,25.1,25,In,100
2026-08-05T23:30:00,23.957,24.1858,24.3,24.4,In,100
2026-08-05T23:40:00,24.654,24.5324,25.3,25.3,In,100
2026-08-05T23:50:00,25.491,25.406,25.9,25.8,In,100
2026-08-06T00:00:00,25.77,25.7564,26,26.1,In,100
2026-08-06T00:10:00,25.813,25.8585,26.2,26.2,In,100
2026-08-06T00:20:00,25.298,25.4492,25.7,25.8,In,100
2026-08-06T00:30:00,25.737,25.7886,26,26.1,In,100
2026-08-06T00:40:00,25.212,25.4074,25.6,25.6,In,100
2026-08-06T00:50:00,24.976,24.9839,25.3,25.2,In,100
2026-08-06T01:00:00,24.45,24.5657,24.8,24.9,In,100
2026-08-06T01:10:00,24,24.2191,24.5,24.6,In,100
2026-08-06T01:20:00,24.472,24.3785,24.9,24.9,In,100
2026-08-06T01:30:00,24.901,24.9339,25.3,25.3,In,100
2026-08-06T01:40:00,24.997,25.0493,25.2,25.2,In,100
2026-08-06T01:50:00,24.483,24.5976,24.7,24.7,In,100
2026-08-06T02:00:00,24.311,24.3646,24.6,24.6,In,100
2026-08-06T02:10:00,24.257,24.3175,24.6,24.7,In,100
2026-08-06T02:20:00,24.493,24.5366,24.9,25.2,In,100
2026-08-06T02:30:00,23.775,23.8703,24.3,24.2,In,100
2026-08-06T02:40:00,23.689,23.7514,24,24,In,100
2026-08-06T02:50:00,24.139,24.0972,25.1,25.1,In,100
2026-08-06T03:00:00,24.933,25.0173,25.5,25.6,In,100
2026-08-06T03:10:00,23.818,24.0598,24.5,24.5,In,100
2026-08-06T03:20:00,23.635,23.8578,24.2,24.2,In,100
2026-08-06T03:30:00,23.979,23.974,24.6,24.7,In,100
2026-08-06T03:40:00,24.794,24.7226,25.2,25.1,In,100
2026-08-06T03:50:00,23.732,23.9671,24.2,24.3,In,100
2026-08-06T04:00:00,23.71,23.7721,24.2,24.2,In,100
2026-08-06T04:10:00,24.064,24.0322,24.6,24.8,In,100
2026-08-06T04:20:00,24.493,24.5255,25,25,In,100
2026-08-06T04:30:00,24.139,24.3785,24.7,24.7,In,100
2026-08-06T04:40:00,24.579,24.5699,24.9,24.8,In,100
2026-08-06T04:50:00,24.204,24.3632,24.6,24.7,In,100
2026-08-06T05:00:00,23.979,24.0889,24.1,24.1,In,100
2026-08-06T05:10:00,23.743,23.7638,24,24.1,In,100
2026-08-06T05:20:00,23.71,23.7486,24,24,In,100
2026-08-06T05:30:00,23.968,23.9464,24.4,24.4,In,100
2026-08-06T05:40:00,24.193,24.208,24.5,24.5,In,100
2026-08-06T05:50:00,24.332,24.3355,24.7,24.6,In,100
2026-08-06T06:00:00,24.59,24.5657,25.1,25.1,In,100
2026-08-06T06:10:00,24.708,24.781,25,25,In,100
2026-08-06T06:20:00,24.043,24.2094,24.6,24.8,In,100
2026-08-06T06:30:00,23.71,23.8413,24.1,24,In,100
2026-08-06T06:40:00,23.56,23.6105,24,24,In,100
2026-08-06T06:50:00,23.775,23.786,24.1,24.1,In,100
2026-08-06T07:00:00,23.936,23.9865,24.3,24.3,In,100
2026-08-06T07:10:00,23.936,24.0695,24.7,24.9,In,100
2026-08-06T07:20:00,24.139,24.3327,25,25,In,100
2026-08-06T07:30:00,24.161,24.2329,24.8,25,In,100
2026-08-06T07:40:00,24.193,24.2343,24.5,24.6,In,100
2026-08-06T07:50:00,24.247,24.3216,24.7,24.7,In,100
2026-08-06T08:00:00,24.214,24.262,24.6,24.7,In,100
2026-08-06T08:10:00,24.247,24.2856,24.7,24.9,In,100
2026-08-06T08:20:00,24.236,24.2676,24.5,24.5,In,100
2026-08-06T08:30:00,24.268,24.2981,24.7,24.8,In,100
2026-08-06T08:40:00,24.236,24.2967,24.6,24.7,In,100
2026-08-06T08:50:00,24.536,24.5282,25,25,In,100
2026-08-06T09:00:00,24.815,24.8532,25.1,25.1,In,100
2026-08-06T09:10:00,24.44,24.5754,24.9,25.1,In,100
2026-08-06T09:20:00,24.172,24.3008,24.7,24.8,In,100
2026-08-06T09:30:00,24.15,24.1941,24.5,24.5,In,100
2026-08-06T09:40:00,24.386,24.4159,24.7,24.6,In,100
2026-08-06T09:50:00,24.472,24.5255,24.8,24.8,In,100
2026-08-06T10:00:00,24.343,24.5643,25,25,In,100
2026-08-06T10:10:00,24.772,24.8046,25.5,25.4,In,100
2026-08-06T10:20:00,24.676,25.0159,25.6,25.6,In,100
2026-08-06T10:30:00,24.354,24.5019,24.9,25.1,In,100
2026-08-06T10:40:00,24.236,24.287,24.7,24.7,In,100
2026-08-06T10:50:00,24.375,24.4242,24.7,24.7,In,100
2026-08-06T11:00:00,24.418,24.4408,24.7,24.7,In,100
2026-08-06T11:10:00,24.461,24.4977,24.9,24.9,In,100
2026-08-06T11:20:00,24.504,24.6587,25.1,25.1,In,100
2026-08-06T11:30:00,24.74,24.7157,25.5,25.5,In,100
2026-08-06T11:40:00,24.826,25.0396,25.5,25.5,In,100
2026-08-06T11:50:00,24.965,25.1384,25.5,25.5,In,100
2026-08-06T12:00:00,24.815,24.9088,25.4,25.4,In,100
2026-08-06T12:10:00,25.115,25.1468,25.4,25.3,In,100
2026-08-06T12:20:00,24.922,25.0535,25.3,25.3,In,100
2026-08-06T12:30:00,24.343,24.5393,24.6,24.8,In,100
2026-08-06T12:40:00,24.139,24.226,24.9,24.9,In,100
2026-08-06T12:50:00,24.568,24.5435,25.1,25.3,In,100
2026-08-06T13:00:00,24.847,24.9506,25.4,25.3,In,100
2026-08-06T13:10:00,24.686,24.8352,25.1,25.2,In,100
2026-08-06T13:20:00,24.129,24.2509,24.6,24.8,In,100
2026-08-06T13:30:00,24.075,24.1249,24.5,24.9,In,100
2026-08-06T13:40:00,24.097,24.1346,24.9,25.1,In,100
2026-08-06T13:50:00,24.343,24.3923,24.9,25.1,In,100
2026-08-06T14:00:00,24.44,24.5296,24.7,24.8,In,100
2026-08-06T14:10:00,24.15,24.208,24.5,24.5,In,100
2026-08-06T14:20:00,23.946,24.0252,24.4,24.6,In,100
2026-08-06T14:30:00,23.871,23.927,24.4,24.6,In,100
2026-08-06T14:40:00,24.064,24.0889,24.6,24.6,In,100
2026-08-06T14:50:00,24.118,24.1831,24.6,24.7,In,100
2026-08-06T15:00:00,23.882,23.9284,24.3,24.4,In,100
2026-08-06T15:10:00,23.775,23.8302,24.2,24.3,In,100
2026-08-06T15:20:00,23.828,23.8744,24.2,24.1,In,100
2026-08-06T15:30:00,23.775,23.8426,24.1,24.2,In,100
2026-08-06T15:40:00,23.828,23.8758,24.2,24.2,In,100
2026-08-06T15:50:00,23.796,23.8468,24.1,24.1,In,100
2026-08-06T16:00:00,23.732,23.7998,24,24,In,100
2026-08-06T16:10:00,23.796,23.826,24.1,24,In,100
2026-08-06T16:20:00,23.603,23.6381,23.9,24,In,100
2026-08-06T16:30:00,23.625,23.6795,24,23.9,In,100
2026-08-06T16:40:00,23.678,23.7127,23.9,23.9,In,100
2026-08-06T16:50:00,23.732,23.7583,24,23.9,In,100
2026-08-06T17:00:00,23.635,23.7113,23.9,23.9,In,100
2026-08-06T17:10:00,23.432,23.5097,23.7,23.8,In,100
2026-08-06T17:20:00,23.41,23.4531,23.9,23.9,In,100
2026-08-06T17:30:00,23.539,23.6118,23.9,23.8,In,100
2026-08-06T17:40:00,23.539,23.6008,23.9,23.9,In,100
2026-08-06T17:50:00,23.635,23.6768,23.9,23.9,In,100
2026-08-06T18:00:00,23.432,23.4821,23.7,23.6,In,100
2026-08-06T18:10:00,23.356,23.4351,23.6,23.6,In,100
2026-08-06T18:20:00,23.217,23.3109,23.7,23.7,In,100
2026-08-06T18:30:00,23.292,23.3468,23.6,23.6,In,100
2026-08-06T18:40:00,23.399,23.4268,23.8,23.9,In,100
2026-08-06T18:50:00,23.635,23.7003,23.9,24,In,100
2026-08-06T19:00:00,23.678,23.7348,24,23.9,In,100
2026-08-06T19:10:00,23.528,23.5953,23.9,23.9,In,100
2026-08-06T19:20:00,23.281,23.3551,23.6,23.7,In,100
2026-08-06T19:30:00,23.474,23.489,23.8,23.8,In,100
2026-08-06T19:40:00,23.539,23.5925,23.9,23.9,In,100
2026-08-06T19:50:00,23.453,23.5124,23.8,23.8,In,100
2026-08-06T20:00:00,23.432,23.4627,23.8,23.9,In,100
2026-08-06T20:10:00,23.389,23.4544,23.8,23.8,In,100
2026-08-06T20:20:00,23.496,23.5387,23.8,23.8,In,100
2026-08-06T20:30:00,23.485,23.5428,23.9,24,In,100
2026-08-06T20:40:00,23.721,23.7735,24.3,24.3,In,100
2026-08-06T20:50:00,23.936,24.0654,24.4,24.4,In,100
2026-08-06T21:00:00,23.496,23.6215,24,24,In,100
2026-08-06T21:10:00,23.421,23.4945,23.7,23.8,In,100
2026-08-06T21:20:00,23.378,23.402,23.9,23.9,In,100
2026-08-06T21:30:00,23.625,23.6505,24,24.1,In,100
2026-08-06T21:40:00,23.496,23.587,23.8,23.9,In,100
2026-08-06T21:50:00,23.346,23.3951,23.7,23.8,In,100
2026-08-06T22:00:00,23.271,23.3592,23.7,23.7,In,100
2026-08-06T22:10:00,23.249,23.2861,23.6,23.5,In,100
2026-08-06T22:20:00,23.314,23.3399,23.7,23.8,In,100
2026-08-06T22:30:00,23.399,23.4268,23.9,23.9,In,100
2026-08-06T22:40:00,23.55,23.5621,23.9,23.9,In,100
2026-08-06T22:50:00,23.807,23.8274,24.1,24.1,In,100
2026-08-06T23:00:00,23.882,23.9284,24.4,24.4,In,100
2026-08-06T23:10:00,24.193,24.2288,24.6,24.6,In,100
2026-08-06T23:20:00,24.214,24.262,24.5,24.5,In,100
2026-08-06T23:30:00,24.032,24.0751,24.4,24.5,In,100
2026-08-06T23:40:00,24.193,24.1955,24.6,24.6,In,100
2026-08-06T23:50:00,24.504,24.5824,24.9,24.9,In,100
2026-08-07T00:00:00,23.914,24.0848,24.3,24.2,In,100
2026-08-07T00:10:00,23.678,23.7086,24.2,24.1,In,100
2026-08-07T00:20:00,23.989,24.0059,24.4,24.5,In,100
2026-08-07T00:30:00,23.979,24.0294,24.3,24.3,In,100
2026-08-07T00:40:00,23.474,23.5345,24,24.1,In,100
2026-08-07T00:50:00,24.107,24.0252,24.7,24.9,In,100
2026-08-07T01:00:00,24.965,24.8838,25.5,25.7,In,100
2026-08-07T01:10:00,25.512,25.4883,25.9,25.9,In,100
2026-08-07T01:20:00,25.587,25.7019,25.9,25.9,In,100
2026-08-07T01:30:00,25.405,25.3976,25.8,25.8,In,100
2026-08-07T01:40:00,25.426,25.5832,25.9,25.9,In,100
2026-08-07T01:50:00,25.341,25.4213,25.7,25.7,In,100
2026-08-07T02:00:00,25.115,25.2178,25.4,25.4,In,100
2026-08-07T02:10:00,24.944,25.0507,25.2,25.2,In,100
2026-08-07T02:20:00,24.461,24.6462,24.8,24.8,In,100
2026-08-07T02:30:00,24.526,24.5047,25,25,In,100
2026-08-07T02:40:00,24.772,24.8143,25.1,25.1,In,100
2026-08-07T02:50:00,24.268,24.4977,24.5,24.6,In,100
2026-08-07T03:00:00,23.753,23.8385,24.1,24.1,In,100
2026-08-07T03:10:00,24.043,24.0377,24.6,24.6,In,100
2026-08-07T03:20:00,24.783,24.7421,25.2,25.2,In,100
2026-08-07T03:30:00,24.815,24.8657,25.3,25.3,In,100
2026-08-07T03:40:00,24.118,24.2163,24.4,24.4,In,100
2026-08-07T03:50:00,24.075,24.1138,24.4,24.4,In,100
2026-08-07T04:00:00,24.097,24.136,24.4,24.4,In,100
2026-08-07T04:10:00,24.118,24.1775,24.4,24.4,In,100
2026-08-07T04:20:00,24.043,24.0986,24.3,24.3,In,100
2026-08-07T04:30:00,24.032,24.0778,24.3,24.3,In,100
2026-08-07T04:40:00,24.665,24.5754,25.3,25.3,In,100
2026-08-07T04:50:00,24.3,24.4894,24.9,25.1,In,100
2026-08-07T05:00:00,23.678,23.7915,24.4,24.8,In,100
2026-08-07T05:10:00,23.893,23.9491,24.5,24.7,In,100
2026-08-07T05:20:00,24.139,24.1983,24.7,24.9,In,100
2026-08-07T05:30:00,24.054,24.1235,24.4,24.4,In,100
2026-08-07T05:40:00,23.893,23.981,24.3,24.4,In,100
2026-08-07T05:50:00,23.893,23.9422,24.2,24.3,In,100
2026-08-07T06:00:00,24.032,24.0543,24.4,24.5,In,100
2026-08-07T06:10:00,24.129,24.1387,24.6,24.5,In,100
2026-08-07T06:20:00,24.161,24.2066,24.6,24.6,In,100
2026-08-07T06:30:00,24.118,24.226,24.4,24.5,In,100
2026-08-07T06:40:00,23.979,24.0363,24.3,24.3,In,100
2026-08-07T06:50:00,24.15,24.172,24.6,24.6,In,100
2026-08-07T07:00:00,24.354,24.3632,24.6,24.7,In,100
2026-08-07T07:10:00,23.979,24.0972,24.2,24.2,In,100
2026-08-07T07:20:00,23.785,23.9173,24.2,24.3,In,100
2026-08-07T07:30:00,23.979,23.9851,24.3,24.3,In,100
2026-08-07T07:40:00,24.043,24.0917,24.5,24.5,In,100
2026-08-07T07:50:00,23.818,23.9616,24.3,24.3,In,100
2026-08-07T08:00:00,23.442,23.5345,24.1,24.1,In,100
2026-08-07T08:10:00,23.743,23.8551,24.2,24.2,In,100
2026-08-07T08:20:00,23.496,23.6381,24,24.1,In,100
2026-08-07T08:30:00,23.432,23.4931,24,24,In,100
2026-08-07T08:40:00,23.668,23.7224,24,24,In,100
2026-08-07T08:50:00,23.517,23.5898,23.9,23.9,In,100
2026-08-07T09:00:00,23.421,23.4779,23.7,23.7,In,100
2026-08-07T09:10:00,23.281,23.3358,23.7,23.7,In,100
2026-08-07T09:20:00,23.356,23.3882,23.7,23.7,In,100
2026-08-07T09:30:00,23.324,23.3716,23.6,23.6,In,100
2026-08-07T09:40:00,23.292,23.3413,23.6,23.7,In,100
2026-08-07T09:50:00,23.324,23.3551,23.7,23.7,In,100
2026-08-07T10:00:00,23.324,23.3634,23.7,23.7,In,100
2026-08-07T10:10:00,23.356,23.3716,23.6,23.7,In,100
2026-08-07T10:20:00,23.356,23.3937,23.7,23.7,In,100
2026-08-07T10:30:00,23.367,23.4075,23.7,23.8,In,100
2026-08-07T10:40:00,23.335,23.3785,23.7,23.7,In,100
2026-08-07T10:50:00,23.399,23.4324,23.7,23.6,In,100
2026-08-07T11:00:00,23.496,23.5318,23.8,23.9,In,100
2026-08-07T11:10:00,23.528,23.5456,23.8,23.8,In,100
2026-08-07T11:20:00,23.517,23.5387,23.9,23.9,In,100
2026-08-07T11:30:00,23.55,23.6036,24,24,In,100
2026-08-07T11:40:00,23.571,23.6657,23.9,23.9,In,100
2026-08-07T11:50:00,23.539,23.5663,24,24,In,100
2026-08-07T12:00:00,23.689,23.7058,24.1,24,In,100
2026-08-07T12:10:00,23.764,23.8136,24.1,24.1,In,100
2026-08-07T12:20:00,23.528,23.6229,24,23.9,In,100
2026-08-07T12:30:00,23.442,23.5069,23.8,23.8,In,100
2026-08-07T12:40:00,23.474,23.5097,23.9,23.8,In,100
2026-08-07T12:50:00,23.56,23.6091,24,23.9,In,100
2026-08-07T13:00:00,23.678,23.7141,24,24,In,100
2026-08-07T13:10:00,23.721,23.7777,24.1,24,In,100
2026-08-07T13:20:00,23.753,23.786,24,24,In,100
2026-08-07T13:30:00,23.796,23.8288,24.4,24.5,In,100
2026-08-07T13:40:00,24.097,24.1498,24.6,24.6,In,100
2026-08-07T13:50:00,24.172,24.2191,24.4,24.6,In,100
2026-08-07T14:00:00,24.182,24.2205,24.6,24.6,In,100
2026-08-07T14:10:00,24.204,24.244,24.5,24.5,In,100
2026-08-07T14:20:00,24.3,24.3244,24.7,24.7,In,100
2026-08-07T14:30:00,24.3,24.3244,24.6,24.7,In,100
2026-08-07T14:40:00,24.279,24.3216,24.6,24.5,In,100
2026-08-07T14:50:00,24.311,24.3369,24.6,24.6,In,100
2026-08-07T15:00:00,24.29,24.341,24.6,24.7,In,100
2026-08-07T15:10:00,24.343,24.3882,24.6,24.6,In,100
2026-08-07T15:20:00,24.29,24.3521,24.6,24.6,In,100
2026-08-07T15:30:00,24.29,24.323,24.6,24.6,In,100
2026-08-07T15:40:00,24.29,24.3202,24.6,24.5,In,100
2026-08-07T15:50:00,24.279,24.3175,24.5,24.5,In,100
2026-08-07T16:00:00,24.107,24.2108,24.4,24.4,In,100
2026-08-07T16:10:00,23.818,23.8924,24.1,24.2,In,100
2026-08-07T16:20:00,23.743,23.8122,24.1,24.1,In,100
2026-08-07T16:30:00,23.818,23.8399,24.1,24.3,In,100
2026-08-07T16:40:00,23.979,23.9948,24.4,24.4,In,100
2026-08-07T16:50:00,24.129,24.1692,24.5,24.4,In,100
2026-08-07T17:00:00,24.075,24.1554,24.3,24.4,In,100
2026-08-07T17:10:00,23.914,23.9823,24.3,24.3,In,100
2026-08-07T17:20:00,23.657,23.7238,24.3,24.3,In,100
2026-08-07T17:30:00,23.914,24.0045,24.3,24.3,In,100
2026-08-07T17:40:00,23.775,23.8288,24.2,24.3,In,100
2026-08-07T17:50:00,23.678,23.7417,24.1,24.1,In,100
2026-08-07T18:00:00,23.625,23.6975,24.1,24.1,In,100
2026-08-07T18:10:00,23.657,23.6782,23.9,24,In,100
2026-08-07T18:20:00,23.657,23.6961,24,24.1,In,100
2026-08-07T18:30:00,23.743,23.7514,24.1,24.1,In,100
2026-08-07T18:40:00,23.775,23.8578,24.1,24.1,In,100
2026-08-07T18:50:00,23.592,23.6505,23.9,24.1,In,100
2026-08-07T19:00:00,23.657,23.6837,24.1,24.1,In,100
2026-08-07T19:10:00,23.689,23.8385,24.2,24.2,In,100
2026-08-07T19:20:00,23.507,23.5359,24.1,24.2,In,100
2026-08-07T19:30:00,23.753,23.8039,24.1,24.2,In,100
2026-08-07T19:40:00,23.861,23.8924,24.2,24.3,In,100
2026-08-07T19:50:00,23.957,24.0142,24.2,24.3,In,100
2026-08-07T20:00:00,23.968,24.0238,24.4,24.3,In,100
2026-08-07T20:10:00,23.957,24.0571,24.3,24.3,In,100
2026-08-07T20:20:00,23.528,23.7777,24.2,24.2,In,100
2026-08-07T20:30:00,23.785,23.8952,24.2,24.2,In,100
2026-08-07T20:40:00,23.399,23.4696,23.9,24.1,In,100
2026-08-07T20:50:00,23.442,23.4972,23.9,24,In,100
2026-08-07T21:00:00,23.528,23.5953,23.9,23.9,In,100
2026-08-07T21:10:00,23.657,23.6671,24,24,In,100
2026-08-07T21:20:00,23.625,23.6892,24,24,In,100
2026-08-07T21:30:00,23.646,23.6892,24,24.1,In,100
2026-08-07T21:40:00,23.603,23.6519,23.9,24.1,In,100
2026-08-07T21:50:00,23.292,23.4337,23.9,23.9,In,100
2026-08-07T22:00:00,23.206,23.2627,23.7,23.8,In,100
2026-08-07T22:10:00,23.464,23.4696,23.9,23.9,In,100
2026-08-07T22:20:00,23.625,23.6602,23.9,23.9,In,100
2026-08-07T22:30:00,23.646,23.7016,24,24.1,In,100
2026-08-07T22:40:00,23.303,23.4503,23.8,23.8,In,100
2026-08-07T22:50:00,23.26,23.3496,23.6,23.6,In,100
2026-08-07T23:00:00,23.271,23.2985,23.6,23.6,In,100
2026-08-07T23:10:00,23.335,23.3937,23.7,23.7,In,100
2026-08-07T23:20:00,23.389,23.471,23.8,23.7,In,100
2026-08-07T23:30:00,23.303,23.3565,23.6,23.7,In,100
2026-08-07T23:40:00,23.239,23.3013,23.6,23.7,In,100
2026-08-07T23:50:00,23.324,23.3785,23.7,23.7,In,100
2026-08-08T00:00:00,23.292,23.3454,23.7,23.7,In,100
2026-08-08T00:10:00,23.163,23.2792,23.6,23.6,In,100
2026-08-08T00:20:00,23.131,23.1965,23.6,23.6,In,100
2026-08-08T00:30:00,23.185,23.1923,23.7,23.7,In,100
2026-08-08T00:40:00,23.464,23.4903,23.8,23.8,In,100
2026-08-08T00:50:00,23.592,23.6132,24,23.9,In,100
2026-08-08T01:00:00,23.861,23.8744,24.2,24.2,In,100
2026-08-08T01:10:00,23.903,23.945,24.3,24.4,In,100
2026-08-08T01:20:00,23.946,24.0114,24.3,24.4,In,100
2026-08-08T01:30:00,23.936,23.9948,24.2,24.4,In,100
2026-08-08T01:40:00,23.603,23.7417,24,24.1,In,100
2026-08-08T01:50:00,23.753,23.7707,24.2,24.3,In,100
2026-08-08T02:00:00,24.043,24.0958,24.7,24.7,In,100
2026-08-08T02:10:00,24.483,24.5657,24.9,24.9,In,100
2026-08-08T02:20:00,23.871,24.0557,24.3,24.5,In,100
2026-08-08T02:30:00,23.421,23.4641,23.7,23.9,In,100
2026-08-08T02:40:00,23.807,23.7403,24.5,24.5,In,100
2026-08-08T02:50:00,24.257,24.2523,24.8,24.9,In,100
2026-08-08T03:00:00,24.3,24.4034,24.6,24.7,In,100
2026-08-08T03:10:00,23.635,23.7832,24.4,24.4,In,100
2026-08-08T03:20:00,24.161,24.1221,25,25,In,100
2026-08-08T03:30:00,25.094,25.0688,25.9,26,In,100
2026-08-08T03:40:00,24.933,25.1022,25.3,25.4,In,100
2026-08-08T03:50:00,24.847,24.8963,25.2,25.2,In,100
2026-08-08T04:00:00,24.74,24.8129,25,25.1,In,100
2026-08-08T04:10:00,24.719,24.7671,25,24.9,In,100
2026-08-08T04:20:00,24.568,24.6407,25,25,In,100
2026-08-08T04:30:00,24.59,24.6782,25.1,25.1,In,100
2026-08-08T04:40:00,24.729,24.8157,25.2,25.1,In,100
2026-08-08T04:50:00,24.365,24.513,24.6,24.6,In,100
2026-08-08T05:00:00,24.075,24.1471,24.4,24.5,In,100
2026-08-08T05:10:00,23.871,23.9284,24.3,24.4,In,100
2026-08-08T05:20:00,24.172,24.2135,24.7,24.7,In,100
2026-08-08T05:30:00,24.354,24.4298,24.8,24.7,In,100
2026-08-08T05:40:00,23.861,23.9491,24.4,24.6,In,100
2026-08-08T05:50:00,23.7,23.7555,24,24,In,100
2026-08-08T06:00:00,23.743,23.8426,24.1,24.1,In,100
2026-08-08T06:10:00,23.968,23.963,24.3,24.4,In,100
2026-08-08T06:20:00,24.107,24.1858,24.5,24.5,In,100
2026-08-08T06:30:00,24.118,24.1831,24.4,24.4,In,100
2026-08-08T06:40:00,23.946,23.9962,24.3,24.2,In,100
2026-08-08T06:50:00,23.635,23.7486,24,24,In,100
2026-08-08T07:00:00,23.678,23.7224,24,24,In,100
2026-08-08T07:10:00,23.775,23.786,24.1,24.1,In,100
2026-08-08T07:20:00,23.775,23.815,24.1,24.2,In,100
2026-08-08T07:30:00,23.592,23.6243,24,24,In,100
2026-08-08T07:40:00,23.528,23.5525,23.9,23.9,In,100
2026-08-08T07:50:00,23.71,23.7459,24.3,24.4,In,100
2026-08-08T08:00:00,24.236,24.2122,24.5,24.5,In,100
2026-08-08T08:10:00,24.354,24.3785,24.6,24.6,In,100
2026-08-08T08:20:00,24.343,24.3923,24.7,24.6,In,100
2026-08-08T08:30:00,23.764,23.8675,24.6,24.6,In,100
2026-08-08T08:40:00,23.7,23.7942,24.4,24.6,In,100
2026-08-08T08:50:00,23.603,23.6685,24.1,24.4,In,100
2026-08-08T09:00:00,23.625,23.7016,24,24.1,In,100
2026-08-08T09:10:00,23.775,23.7929,24.2,24.2,In,100
2026-08-08T09:20:00,23.893,23.9408,24.2,24.2,In,100
2026-08-08T09:30:00,23.85,23.9021,24.1,24.1,In,100
2026-08-08T09:40:00,23.785,23.8482,24.1,24.1,In,100
2026-08-08T09:50:00,23.807,23.8454,24.1,24.1,In,100
2026-08-08T10:00:00,23.85,23.8717,24.1,24.1,In,100
2026-08-08T10:10:00,23.839,23.9007,24.1,24.1,In,100
2026-08-08T10:20:00,23.743,23.815,24.1,24.1,In,100
2026-08-08T10:30:00,23.828,23.891,24.2,24.2,In,100
2026-08-08T10:40:00,24,24.0266,24.4,24.4,In,100
2026-08-08T10:50:00,23.957,24.0764,24.3,24.3,In,100
2026-08-08T11:00:00,23.743,23.797,24,24,In,100
2026-08-08T11:10:00,23.592,23.674,24,23.9,In,100
2026-08-08T11:20:00,23.7,23.7224,24,24.1,In,100
2026-08-08T11:30:00,23.71,23.768,24.1,24.1,In,100
2026-08-08T11:40:00,23.796,23.8343,24.1,24.1,In,100
2026-08-08T11:50:00,23.925,23.9588,24.3,24.3,In,100
2026-08-08T12:00:00,23.871,23.9782,24.2,24.3,In,100
2026-08-08T12:10:00,23.764,23.826,24.2,24.3,In,100
2026-08-08T12:20:00,23.785,23.8205,24.3,24.4,In,100
2026-08-08T12:30:00,24.172,24.1928,24.4,24.5,In,100
2026-08-08T12:40:00,24.247,24.287,24.5,24.6,In,100
2026-08-08T12:50:00,24.257,24.3133,24.6,24.6,In,100
2026-08-08T13:00:00,23.936,24.0875,24.6,24.7,In,100
2026-08-08T13:10:00,24.054,24.1111,24.4,24.5,In,100
2026-08-08T13:20:00,24.193,24.2288,24.6,24.6,In,100
2026-08-08T13:30:00,24.236,24.2981,24.6,24.7,In,100
2026-08-08T13:40:00,24.29,24.3188,24.6,24.5,In,100
2026-08-08T13:50:00,24.279,24.3272,24.7,24.7,In,100
2026-08-08T14:00:00,24.45,24.5047,24.8,24.8,In,100
2026-08-08T14:10:00,24.472,24.5171,24.7,24.7,In,100
2026-08-08T14:20:00,24.182,24.269,24.6,24.6,In,100
2026-08-08T14:30:00,24.268,24.305,24.7,24.6,In,100
2026-08-08T14:40:00,24.343,24.3812,24.7,24.7,In,100
2026-08-08T14:50:00,24.472,24.4963,24.8,24.7,In,100
2026-08-08T15:00:00,24.568,24.5907,24.9,24.9,In,100
2026-08-08T15:10:00,24.568,24.6365,24.9,25,In,100
2026-08-08T15:20:00,24.601,24.6379,25,25.1,In,100
2026-08-08T15:30:00,24.579,24.6365,24.9,25,In,100
2026-08-08T15:40:00,24.59,24.6879,25,25,In,100
2026-08-08T15:50:00,24.461,24.5296,24.8,24.8,In,100
2026-08-08T16:00:00,24.397,24.5241,24.8,24.8,In,100
2026-08-08T16:10:00,24.129,24.2149,24.6,24.7,In,100
2026-08-08T16:20:00,24.139,24.1817,24.6,24.7,In,100
2026-08-08T16:30:00,24.29,24.3618,24.7,24.6,In,100
2026-08-08T16:40:00,24.182,24.305,24.6,24.6,In,100
2026-08-08T16:50:00,24.021,24.0848,24.4,24.5,In,100
2026-08-08T17:00:00,24,24.0598,24.4,24.6,In,100
2026-08-08T17:10:00,24.075,24.0792,24.5,24.6,In,100
2026-08-08T17:20:00,24.29,24.359,24.7,24.9,In,100
2026-08-08T17:30:00,24.343,24.3854,24.7,24.7,In,100
2026-08-08T17:40:00,24.075,24.2205,24.6,24.6,In,100
2026-08-08T17:50:00,23.925,23.9851,24.4,24.5,In,100
2026-08-08T18:00:00,23.946,24.01,24.5,24.5,In,100
2026-08-08T18:10:00,23.968,24.0072,24.4,24.5,In,100
2026-08-08T18:20:00,23.979,24.0308,24.3,24.4,In,100
2026-08-08T18:30:00,24.043,24.1291,24.4,24.4,In,100
2026-08-08T18:40:00,23.861,23.9118,24.2,24.2,In,100
2026-08-08T18:50:00,23.657,23.7583,24.1,24.1,In,100
2026-08-08T19:00:00,23.56,23.6091,24,24,In,100
2026-08-08T19:10:00,23.668,23.6934,24,24.1,In,100
2026-08-08T19:20:00,23.753,23.8122,24.1,24.1,In,100
2026-08-08T19:30:00,23.85,23.9035,24.2,24.1,In,100
2026-08-08T19:40:00,23.936,23.9505,24.2,24.2,In,100
2026-08-08T19:50:00,23.957,23.9879,24.3,24.2,In,100
2026-08-08T20:00:00,23.893,23.9477,24.3,24.2,In,100
2026-08-08T20:10:00,23.979,24.0072,24.3,24.4,In,100
2026-08-08T20:20:00,24,24.0266,24.3,24.3,In,100
2026-08-08T20:30:00,24,24.0405,24.3,24.3,In,100
2026-08-08T20:40:00,23.893,23.9727,24.3,24.3,In,100
2026-08-08T20:50:00,23.871,23.9145,24.3,24.3,In,100
2026-08-08T21:00:00,23.839,23.8786,24.2,24.2,In,100
2026-08-08T21:10:00,23.807,23.8786,24.1,24.2,In,100
2026-08-08T21:20:00,23.753,23.8108,24.1,24.2,In,100
2026-08-08T21:30:00,23.818,23.8454,24.3,24.5,In,100
2026-08-08T21:40:00,23.861,23.8869,24.7,24.9,In,100
2026-08-08T21:50:00,24.086,24.1734,25,25,In,100
2026-08-08T22:00:00,24.225,24.3868,24.9,25,In,100
2026-08-08T22:10:00,24.129,24.1761,24.7,24.8,In,100
2026-08-08T22:20:00,24.365,24.3826,24.6,24.7,In,100
2026-08-08T22:30:00,24.45,24.4783,24.8,24.7,In,100
2026-08-08T22:40:00,24.493,24.5393,24.8,24.8,In,100
2026-08-08T22:50:00,24.601,24.624,24.9,24.9,In,100
2026-08-08T23:00:00,24.665,24.699,25,25,In,100
2026-08-08T23:10:00,24.815,24.8338,25.3,25.3,In,100
2026-08-08T23:20:00,25.126,25.1315,25.4,25.4,In,100
2026-08-08T23:30:00,24.408,24.5796,24.7,24.7,In,100
2026-08-08T23:40:00,24.322,24.3674,24.7,24.9,In,100
2026-08-08T23:50:00,24.676,24.6462,25.4,25.5,In,100
2026-08-09T00:00:00,25.201,25.2053,25.6,25.7,In,100
2026-08-09T00:10:00,24.826,25.1426,25.1,25.2,In,100
2026-08-09T00:20:00,24.472,24.5768,24.9,25.1,In,100
2026-08-09T00:30:00,24.59,24.6476,25,25,In,100
2026-08-09T00:40:00,25.073,25.1008,25.4,25.4,In,100
2026-08-09T00:50:00,25.384,25.3823,25.6,25.6,In,100
2026-08-09T01:00:00,25.502,25.5274,25.7,25.7,In,100
2026-08-09T01:10:00,25.587,25.6516,26,26.1,In,100
2026-08-09T01:20:00,25.308,25.3809,25.6,25.7,In,100
2026-08-09T01:30:00,25.33,25.3739,25.7,25.7,In,100
2026-08-09T01:40:00,25.469,25.5162,25.7,25.8,In,100
2026-08-09T01:50:00,25.105,25.2262,25.4,25.4,In,100
2026-08-09T02:00:00,24.965,25.0145,25.2,25.1,In,100
2026-08-09T02:10:00,24.708,24.7907,25.1,25.1,In,100
2026-08-09T02:20:00,24.558,24.7212,25.2,25.2,In,100
2026-08-09T02:30:00,24.761,24.7726,25.1,25.1,In,100
2026-08-09T02:40:00,24.976,25.0006,25.3,25.3,In,100
2026-08-09T02:50:00,24.955,24.9992,25.2,25.2,In,100
2026-08-09T03:00:00,24.622,24.7865,25.2,25.2,In,100
2026-08-09T03:10:00,24.408,24.4644,24.9,24.9,In,100
2026-08-09T03:20:00,24.644,24.6573,24.9,24.9,In,100
2026-08-09T03:30:00,24.644,24.6601,24.9,24.9,In,100
2026-08-09T03:40:00,24.783,24.8018,25.1,25.1,In,100
2026-08-09T03:50:00,24.933,24.9631,25.3,25.2,In,100
2026-08-09T04:00:00,24.622,24.8727,25.2,25.2,In,100
2026-08-09T04:10:00,24.483,24.5255,25.2,25.2,In,100
2026-08-09T04:20:00,24.568,24.6504,24.9,24.9,In,100
2026-08-09T04:30:00,24.568,24.6018,24.9,24.9,In,100
2026-08-09T04:40:00,24.472,24.5532,24.9,24.9,In,100
2026-08-09T04:50:00,24.365,24.4214,24.7,24.8,In,100
2026-08-09T05:00:00,24.257,24.3022,24.6,24.6,In,100
2026-08-09T05:10:00,24.182,24.2149,24.5,24.5,In,100
2026-08-09T05:20:00,24.193,24.2371,24.7,24.7,In,100
2026-08-09T05:30:00,24.504,24.574,24.9,24.8,In,100
2026-08-09T05:40:00,24.107,24.2108,24.6,24.8,In,100
2026-08-09T05:50:00,24.107,24.1761,24.6,24.7,In,100
2026-08-09T06:00:00,24.054,24.1457,24.4,24.6,In,100
2026-08-09T06:10:00,23.979,24.0709,24.5,24.5,In,100
2026-08-09T06:20:00,24.011,24.0612,24.5,24.7,In,100
2026-08-09T06:30:00,24.15,24.1637,24.6,24.6,In,100
2026-08-09T06:40:00,24.204,24.2302,24.6,24.6,In,100
2026-08-09T06:50:00,24.375,24.3868,24.7,24.7,In,100
2026-08-09T07:00:00,24.515,24.5352,24.9,24.8,In,100
2026-08-09T07:10:00,24.461,24.5227,24.7,24.8,In,100
2026-08-09T07:20:00,24.354,24.3965,24.6,24.6,In,100
2026-08-09T07:30:00,24.097,24.2246,24.5,24.6,In,100
2026-08-09T07:40:00,24.021,24.0626,24.5,24.5,In,100
2026-08-09T07:50:00,23.968,24.0806,24.5,24.4,In,100
2026-08-09T08:00:00,23.893,23.9574,24.3,24.4,In,100
2026-08-09T08:10:00,24.097,24.1235,24.5,24.5,In,100
2026-08-09T08:20:00,24.129,24.1914,24.4,24.5,In,100
2026-08-09T08:30:00,24.064,24.1235,24.6,24.6,In,100
2026-08-09T08:40:00,23.989,24.0529,24.3,24.4,In,100
2026-08-09T08:50:00,24.172,24.1997,24.6,24.7,In,100
2026-08-09T09:00:00,24.354,24.3701,24.7,24.7,In,100
2026-08-09T09:10:00,24.45,24.4755,24.7,24.8,In,100
2026-08-09T09:20:00,24.44,24.4936,24.7,24.7,In,100
2026-08-09T09:30:00,24.461,24.4922,24.7,24.7,In,100
2026-08-09T09:40:00,24.493,24.5227,24.8,24.8,In,100
2026-08-09T09:50:00,24.568,24.5935,25,25.1,In,100
2026-08-09T10:00:00,24.568,24.6004,25.1,25.3,In,100
2026-08-09T10:10:00,24.504,24.5463,24.9,24.8,In,100
2026-08-09T10:20:00,24.44,24.5005,24.8,24.8,In,100
2026-08-09T10:30:00,24.493,24.5435,24.8,24.8,In,100
2026-08-09T10:40:00,24.558,24.6004,24.9,24.8,In,100
2026-08-09T10:50:00,24.654,24.6671,25.1,25.1,In,100
2026-08-09T11:00:00,24.965,25.0187,25.3,25.2,In,100
2026-08-09T11:10:00,24.997,25.0507,25.4,25.3,In,100
2026-08-09T11:20:00,24.965,24.9923,25.2,25.2,In,100
2026-08-09T11:30:00,24.965,25.002,25.2,25.2,In,100
2026-08-09T11:40:00,24.965,25.0368,25.2,25.3,In,100
2026-08-09T11:50:00,24.997,25.0479,25.3,25.3,In,100
2026-08-09T12:00:00,24.804,24.9158,25.3,25.3,In,100
2026-08-09T12:10:00,24.804,24.8546,25.3,25.2,In,100
2026-08-09T12:20:00,24.783,24.8157,25.3,25.3,In,100
2026-08-09T12:30:00,24.815,24.9144,25.4,25.3,In,100
2026-08-09T12:40:00,24.89,24.9186,25.3,25.2,In,100
2026-08-09T12:50:00,24.794,24.8769,25.2,25.2,In,100
2026-08-09T13:00:00,24.879,24.9394,25.3,25.3,In,100
2026-08-09T13:10:00,24.922,24.9742,25.3,25.3,In,100
2026-08-09T13:20:00,24.708,24.8393,25.1,25.1,In,100
2026-08-09T13:30:00,24.611,24.6837,25,24.9,In,100
2026-08-09T13:40:00,24.44,24.4797,24.8,25,In,100
2026-08-09T13:50:00,24.515,24.574,25.2,25.1,In,100
2026-08-09T14:00:00,24.697,24.8588,25.2,25.2,In,100
2026-08-09T14:10:00,24.944,24.9798,25.3,25.2,In,100
2026-08-09T14:20:00,25.019,25.0549,25.3,25.3,In,100
2026-08-09T14:30:00,24.858,25.009,25.4,25.3,In,100
2026-08-09T14:40:00,24.772,24.881,25.1,25.2,In,100
2026-08-09T14:50:00,24.879,24.9213,25.2,25.3,In,100
2026-08-09T15:00:00,24.633,24.7657,25.1,25.2,In,100
2026-08-09T15:10:00,24.761,24.8087,25.2,25.3,In,100
2026-08-09T15:20:00,24.815,24.9074,25.2,25.3,In,100
2026-08-09T15:30:00,24.869,24.9659,25.2,25.2,In,100
2026-08-09T15:40:00,25.008,25.0591,25.4,25.4,In,100
2026-08-09T15:50:00,24.826,25.1161,25.4,25.4,In,100
2026-08-09T16:00:00,25.03,25.1092,25.5,25.4,In,100
2026-08-09T16:10:00,24.965,25.0813,25.4,25.3,In,100
2026-08-09T16:20:00,24.74,24.8365,25.4,25.3,In,100
2026-08-09T16:30:00,24.761,24.8755,25.2,25.2,In,100
2026-08-09T16:40:00,24.837,24.8616,25.1,25.2,In,100
2026-08-09T16:50:00,24.654,24.7393,25.1,25.1,In,100
2026-08-09T17:00:00,24.472,24.5477,24.9,25,In,100
2026-08-09T17:10:00,24.343,24.4353,24.8,24.8,In,100
2026-08-09T17:20:00,24.397,24.4436,24.9,24.8,In,100
2026-08-09T17:30:00,24.59,24.6198,24.9,24.9,In,100
2026-08-09T17:40:00,24.622,24.6504,24.9,24.9,In,100
2026-08-09T17:50:00,24.611,24.6684,25,25.1,In,100
2026-08-09T18:00:00,24.686,24.7698,25,25.1,In,100
2026-08-09T18:10:00,24.751,24.8018,25.1,25.1,In,100
2026-08-09T18:20:00,24.804,24.8324,25.1,25.3,In,100
2026-08-09T18:30:00,24.879,24.9102,25.2,25.3,In,100
2026-08-09T18:40:00,24.719,24.8143,25.1,25.2,In,100
2026-08-09T18:50:00,24.568,24.624,24.9,24.9,In,100
2026-08-09T19:00:00,24.547,24.5768,24.8,24.8,In,100
2026-08-09T19:10:00,24.354,24.445,24.8,24.8,In,100
2026-08-09T19:20:00,24.268,24.3133,24.7,24.7,In,100
2026-08-09T19:30:00,24.15,24.2066,24.6,24.6,In,100
2026-08-09T19:40:00,24.139,24.172,24.4,24.4,In,100
2026-08-09T19:50:00,24.107,24.1595,24.4,24.5,In,100
2026-08-09T20:00:00,24.064,24.1332,24.4,24.4,In,100
2026-08-09T20:10:00,24.086,24.1291,24.4,24.5,In,100
2026-08-09T20:20:00,24.418,24.3992,24.9,24.9,In,100
2026-08-09T20:30:00,24.665,24.6671,25,25,In,100
2026-08-09T20:40:00,24.719,24.749,25,25,In,100
2026-08-09T20:50:00,24.74,24.7837,25.1,25,In,100
2026-08-09T21:00:00,24.729,24.7893,25,25,In,100
2026-08-09T21:10:00,24.429,24.5116,25,24.9,In,100
2026-08-09T21:20:00,24.472,24.4797,24.7,24.7,In,100
2026-08-09T21:30:00,24.461,24.4977,24.7,24.7,In,100
2026-08-09T21:40:00,24.44,24.4686,24.7,24.6,In,100
2026-08-09T21:50:00,24.311,24.3466,24.7,24.8,In,100
2026-08-09T22:00:00,24.322,24.384,24.6,24.7,In,100
2026-08-09T22:10:00,24.375,24.4048,24.7,24.7,In,100
2026-08-09T22:20:00,24.279,24.3258,24.6,24.7,In,100
2026-08-09T22:30:00,24.214,24.2828,24.6,24.6,In,100
2026-08-09T22:40:00,24.214,24.2565,24.7,24.8,In,100
2026-08-09T22:50:00,24.429,24.4492,24.8,24.9,In,100
2026-08-09T23:00:00,24.568,24.6212,25,25,In,100
2026-08-09T23:10:00,24.74,24.7518,25,25,In,100
2026-08-09T23:20:00,24.794,24.8407,25.2,25.1,In,100
2026-08-09T23:30:00,24.944,24.9784,25.3,25.3,In,100
2026-08-09T23:40:00,24.869,24.945,25.3,25.4,In,100
2026-08-09T23:50:00,24.772,24.8671,25.2,25.4,In,100
2026-08-10T00:00:00,24.772,24.8268,25.1,25.1,In,100
2026-08-10T00:10:00,24.804,24.8393,25.1,25.1,In,100
2026-08-10T00:20:00,24.815,24.8477,25.1,25,In,100
2026-08-10T00:30:00,24.847,24.8782,25.1,25.1,In,100
2026-08-10T00:40:00,24.815,24.8796,25.1,25.1,In,100
2026-08-10T00:50:00,24.869,24.9047,25.1,25.1,In,100
2026-08-10T01:00:00,24.869,24.9297,25.3,25.2,In,100
2026-08-10T01:10:00,24.869,24.9297,25.4,25.4,In,100
2026-08-10T01:20:00,24.751,24.8226,25.1,25.1,In,100
2026-08-10T01:30:00,24.847,24.8616,25.1,25.1,In,100
2026-08-10T01:40:00,24.879,24.9366,25.2,25.2,In,100
2026-08-10T01:50:00,25.094,25.1273,25.5,25.5,In,100
2026-08-10T02:00:00,25.201,25.2443,25.5,25.4,In,100
2026-08-10T02:10:00,25.126,25.1899,25.5,25.5,In,100
2026-08-10T02:20:00,25.062,25.1231,25.4,25.4,In,100
2026-08-10T02:30:00,25.094,25.1301,25.4,25.5,In,100
2026-08-10T02:40:00,25.051,25.1203,25.4,25.4,In,100
2026-08-10T02:50:00,25.126,25.144,25.5,25.5,In,100
2026-08-10T03:00:00,25.223,25.261,25.5,25.6,In,100
2026-08-10T03:10:00,25.094,25.1718,25.6,25.6,In,100
2026-08-10T03:20:00,24.976,25.0424,25.2,25.3,In,100
2026-08-10T03:30:00,24.933,24.9895,25.2,25.2,In,100
2026-08-10T03:40:00,24.858,24.9464,25.2,25.1,In,100
2026-08-10T03:50:00,24.933,24.9617,25.2,25.1,In,100
2026-08-10T04:00:00,24.955,24.9881,25.2,25.1,In,100
2026-08-10T04:10:00,24.933,24.9519,25.3,25.2,In,100
2026-08-10T04:20:00,24.783,24.8852,25.2,25.2,In,100
2026-08-10T04:30:00,24.59,24.7573,25.1,25.1,In,100
2026-08-10T04:40:00,24.772,24.8352,25.1,25.1,In,100
2026-08-10T04:50:00,24.804,24.8435,25.1,25,In,100
2026-08-10T05:00:00,24.676,24.7601,25,25,In,100
2026-08-10T05:10:00,24.633,24.6782,25,25.1,In,100
2026-08-10T05:20:00,24.59,24.6268,24.8,24.9,In,100
2026-08-10T05:30:00,24.483,24.5241,24.8,24.9,In,100
2026-08-10T05:40:00,24.483,24.5435,24.9,24.9,In,100
2026-08-10T05:50:00,24.461,24.506,25,24.9,In,100
2026-08-10T06:00:00,24.375,24.4408,24.8,24.9,In,100
2026-08-10T06:10:00,24.3,24.3951,24.6,24.7,In,100
2026-08-10T06:20:00,24.193,24.2454,24.6,24.7,In,100
2026-08-10T06:30:00,24.236,24.2787,24.6,24.6,In,100
2026-08-10T06:40:00,24.3,24.3396,24.6,24.6,In,100
2026-08-10T06:50:00,24.257,24.3022,24.7,24.7,In,100
2026-08-10T07:00:00,24.139,24.1969,24.6,24.6,In,100
2026-08-10T07:10:00,24.3,24.323,24.7,24.7,In,100
2026-08-10T07:20:00,24.408,24.445,24.7,24.8,In,100
2026-08-10T07:30:00,24.332,24.4408,24.7,24.8,In,100
2026-08-10T07:40:00,24.354,24.4256,24.7,24.8,In,100
2026-08-10T07:50:00,24.311,24.3729,24.6,24.7,In,100
2026-08-10T08:00:00,24.375,24.4298,24.7,24.7,In,100
2026-08-10T08:10:00,24.483,24.5171,24.8,24.9,In,100
2026-08-10T08:20:00,24.45,24.5033,24.8,24.7,In,100
2026-08-10T08:30:00,24.279,24.341,24.7,24.8,In,100
2026-08-10T08:40:00,24.257,24.3008,24.6,24.7,In,100
2026-08-10T08:50:00,24.225,24.2648,24.5,24.5,In,100
2026-08-10T09:00:00,24.236,24.2787,24.5,24.5,In,100
2026-08-10T09:10:00,24.225,24.2648,24.5,24.5,In,100
2026-08-10T09:20:00,24.225,24.2565,24.5,24.5,In,100
2026-08-10T09:30:00,24.214,24.2593,24.5,24.5,In,100
2026-08-10T09:40:00,24.225,24.2842,24.5,24.6,In,100
2026-08-10T09:50:00,24.214,24.2759,24.6,24.5,In,100
2026-08-10T10:00:00,24.247,24.2897,24.5,24.6,In,100
2026-08-10T10:10:00,24.268,24.3091,24.7,24.7,In,100
2026-08-10T10:20:00,24.236,24.2953,24.7,24.8,In,100
2026-08-10T10:30:00,24.44,24.4672,24.8,24.8,In,100
2026-08-10T10:40:00,24.375,24.5255,24.8,24.8,In,100
2026-08-10T10:50:00,24.161,24.3396,24.7,24.7,In,100
2026-08-10T11:00:00,24.236,24.2482,24.7,24.7,In,100
2026-08-10T11:10:00,24.3,24.3854,24.7,24.7,In,100
2026-08-10T11:20:00,24.45,24.4991,24.8,24.8,In,100
2026-08-10T11:30:00,24.536,24.5727,24.9,24.8,In,100
2026-08-10T11:40:00,24.601,24.6282,24.9,24.9,In,100
2026-08-10T11:50:00,24.279,24.3341,24.9,24.9,In,100
2026-08-10T12:00:00,24.268,24.3175,24.9,24.9,In,100
2026-08-10T12:10:00,24.386,24.42,24.8,24.9,In,100
2026-08-10T12:20:00,24.493,24.538,24.9,25,In,100
2026-08-10T12:30:00,24.504,24.5574,24.9,24.9,In,100
2026-08-10T12:40:00,24.536,24.5838,24.9,24.9,In,100
2026-08-10T12:50:00,24.665,24.7184,25,25,In,100
2026-08-10T13:00:00,24.708,24.7712,25.1,25.1,In,100
2026-08-10T13:10:00,24.783,24.8199,25.2,25.1,In,100
2026-08-10T13:20:00,24.665,24.749,25.1,25.2,In,100
2026-08-10T13:30:00,24.804,24.8699,25.2,25.2,In,100
2026-08-10T13:40:00,24.719,24.831,25.2,25.2,In,100
2026-08-10T13:50:00,24.74,24.806,25.3,25.3,In,100
2026-08-10T14:00:00,24.804,24.8421,25.4,25.4,In,100
2026-08-10T14:10:00,24.933,24.9686,25.4,25.4,In,100
2026-08-10T14:20:00,24.901,24.9422,25.2,25.3,In,100
2026-08-10T14:30:00,24.944,24.9881,25.2,25.2,In,100
2026-08-10T14:40:00,24.858,24.9784,25.2,25.2,In,100
2026-08-10T14:50:00,24.719,24.7921,25.1,25.2,In,100
2026-08-10T15:00:00,24.783,24.8115,25,25,In,100
2026-08-10T15:10:00,24.74,24.8018,25,25,In,100
2026-08-10T15:20:00,24.708,24.7657,25,25,In,100
2026-08-10T15:30:00,24.719,24.7698,25.1,25.2,In,100
2026-08-10T15:40:00,24.719,24.7684,25.2,25.4,In,100
2026-08-10T15:50:00,25.04,25.0855,25.4,25.4,In,100
2026-08-10T16:00:00,25.158,25.2178,25.5,25.4,In,100
2026-08-10T16:10:00,25.201,25.2401,25.5,25.4,In,100
2026-08-10T16:20:00,25.158,25.2498,25.5,25.5,In,100
2026-08-10T16:30:00,25.083,25.1426,25.4,25.5,In,100
2026-08-10T16:40:00,25.03,25.0702,25.3,25.4,In,100
2026-08-10T16:50:00,24.965,25.0326,25.3,25.4,In,100
2026-08-10T17:00:00,24.847,24.9645,25.2,25.2,In,100
2026-08-10T17:10:00,24.858,24.9506,25.3,25.3,In,100
2026-08-10T17:20:00,24.686,24.8199,25.2,25.2,In,100
2026-08-10T17:30:00,24.912,24.9575,25.3,25.3,In,100
2026-08-10T17:40:00,25.051,25.0702,25.4,25.4,In,100
2026-08-10T17:50:00,25.105,25.1468,25.4,25.4,In,100
2026-08-10T18:00:00,24.804,24.8866,25.3,25.3,In,100
2026-08-10T18:10:00,24.751,24.8657,25.2,25.2,In,100
2026-08-10T18:20:00,24.794,24.8741,25.3,25.2,In,100
2026-08-10T18:30:00,24.869,24.9074,25.2,25.3,In,100
2026-08-10T18:40:00,24.901,24.9297,25.2,25.3,In,100
2026-08-10T18:50:00,24.912,24.9519,25.3,25.3,In,100
2026-08-10T19:00:00,24.879,24.9631,25.3,25.3,In,100
2026-08-10T19:10:00,24.826,24.8741,25.3,25.3,In,100
2026-08-10T19:20:00,24.912,24.9478,25.2,25.3,In,100
2026-08-10T19:30:00,24.879,24.9325,25.1,25.1,In,100
2026-08-10T19:40:00,24.772,24.8657,25.1,25.1,In,100
2026-08-10T19:50:00,24.761,24.8324,25.1,25.2,In,100
2026-08-10T20:00:00,24.676,24.7379,25.1,25.1,In,100
2026-08-10T20:10:00,24.59,24.692,25,25.1,In,100
2026-08-10T20:20:00,24.536,24.5976,25,25.1,In,100
2026-08-10T20:30:00,24.558,24.599,24.9,24.9,In,100
2026-08-10T20:40:00,24.504,24.5449,24.8,24.9,In,100
2026-08-10T20:50:00,24.418,24.5185,24.8,24.8,In,100
2026-08-10T21:00:00,24.332,24.409,24.7,24.8,In,100
2026-08-10T21:10:00,24.365,24.3965,24.7,24.7,In,100
2026-08-10T21:20:00,24.354,24.3965,24.8,24.9,In,100
2026-08-10T21:30:00,24.236,24.3078,24.7,24.9,In,100
2026-08-10T21:40:00,24.204,24.2496,24.7,24.8,In,100
2026-08-10T21:50:00,24.204,24.2315,24.6,24.6,In,100
2026-08-10T22:00:00,24.225,24.2593,24.5,24.6,In,100
2026-08-10T22:10:00,24.214,24.2648,24.5,24.5,In,100
2026-08-10T22:20:00,24.172,24.2205,24.4,24.4,In,100
2026-08-10T22:30:00,24.172,24.2232,24.5,24.5,In,100
2026-08-10T22:40:00,23.957,24.1498,24.4,24.4,In,100
2026-08-10T22:50:00,24.064,24.154,24.4,24.4,In,100
2026-08-10T23:00:00,24,24.0571,24.4,24.4,In,100
2026-08-10T23:10:00,24.086,24.1332,24.5,24.5,In,100
2026-08-10T23:20:00,23.979,24.0792,24.4,24.4,In,100
2026-08-10T23:30:00,24.139,24.1664,24.4,24.4,In,100
2026-08-10T23:40:00,23.946,24.0003,24.4,24.4,In,100
2026-08-10T23:50:00,23.946,24.0211,24.4,24.4,In,100
2026-08-11T00:00:00,23.818,23.8717,24.4,24.5,In,100
2026-08-11T00:10:00,23.85,23.9118,24.5,24.5,In,100
2026-08-11T00:20:00,24.064,24.1304,24.4,24.5,In,100
2026-08-11T00:30:00,24,24.0515,24.4,24.4,In,100
2026-08-11T00:40:00,23.775,23.8883,24.2,24.4,In,100
2026-08-11T00:50:00,23.668,23.7473,24.1,24.2,In,100
2026-08-11T01:00:00,23.646,23.6975,24,24.1,In,100
2026-08-11T01:10:00,23.603,23.6809,24.1,24,In,100
2026-08-11T01:20:00,23.592,23.6422,24,24.1,In,100
2026-08-11T01:30:00,23.764,23.7942,24.1,24,In,100
2026-08-11T01:40:00,23.796,23.8302,24.2,24.1,In,100
2026-08-11T01:50:00,23.871,23.9035,24.2,24.3,In,100
2026-08-11T02:00:00,23.925,23.9491,24.4,24.4,In,100
2026-08-11T02:10:00,24.064,24.1097,24.6,24.6,In,100
2026-08-11T02:20:00,24.375,24.4006,25,25,In,100
2026-08-11T02:30:00,25.04,24.9672,25.5,25.6,In,100
2026-08-11T02:40:00,25.266,25.3042,25.6,25.7,In,100
2026-08-11T02:50:00,25.201,25.2889,25.4,25.4,In,100
2026-08-11T03:00:00,24.365,24.6004,24.7,24.9,In,100
2026-08-11T03:10:00,24.944,24.7615,25.6,25.7,In,100
2026-08-11T03:20:00,25.362,25.4032,25.7,25.7,In,100
2026-08-11T03:30:00,25.115,25.1732,25.6,25.5,In,100
2026-08-11T03:40:00,24,24.1014,24.3,24.4,In,100
2026-08-11T03:50:00,24.568,24.5851,25.4,25.5,In,100
2026-08-11T04:00:00,25.266,25.2331,25.8,25.9,In,100
2026-08-11T04:10:00,25.684,25.6921,26,26,In,100
2026-08-11T04:20:00,25.78,25.8277,26.1,26.1,In,100
2026-08-11T04:30:00,25.909,25.9523,26.3,26.3,In,100
2026-08-11T04:40:00,26.081,26.1077,26.3,26.3,In,100
2026-08-11T04:50:00,26.124,26.168,26.4,26.3,In,100
2026-08-11T05:00:00,26.177,26.2282,26.4,26.4,In,100
2026-08-11T05:10:00,25.877,25.9537,26.1,26.1,In,100
2026-08-11T05:20:00,25.534,25.6712,25.8,25.7,In,100
2026-08-11T05:30:00,25.469,25.4506,25.8,25.7,In,100
2026-08-11T05:40:00,25.587,25.6307,25.9,25.9,In,100
2026-08-11T05:50:00,25.63,25.6754,25.9,25.9,In,100
2026-08-11T06:00:00,25.587,25.6796,25.9,25.9,In,100
2026-08-11T06:10:00,25.469,25.6335,25.7,25.8,In,100
2026-08-11T06:20:00,25.266,25.3725,25.6,25.6,In,100
2026-08-11T06:30:00,24.751,24.8129,25.2,25.3,In,100
2026-08-11T06:40:00,24.933,24.9853,25.4,25.4,In,100
2026-08-11T06:50:00,24.933,24.9881,25.4,25.4,In,100
2026-08-11T07:00:00,24.837,25.0159,25.2,25.3,In,100
2026-08-11T07:10:00,24.257,24.3493,24.9,24.9,In,100
2026-08-11T07:20:00,24.515,24.463,25.2,25.3,In,100
2026-08-11T07:30:00,25.212,25.1718,25.7,25.7,In,100
2026-08-11T07:40:00,25.362,25.5036,25.9,25.9,In,100
2026-08-11T07:50:00,24.751,24.7879,25.3,25.4,In,100
2026-08-11T08:00:00,24.601,24.7059,25.1,25.4,In,100
2026-08-11T08:10:00,25.083,25.1106,25.6,25.6,In,100
2026-08-11T08:20:00,24.654,24.7684,25,25.1,In,100
2026-08-11T08:30:00,24.665,24.7309,25,25.1,In,100
2026-08-11T08:40:00,24.633,24.6809,25.3,25.3,In,100
2026-08-11T08:50:00,25.019,25.066,25.5,25.4,In,100
2026-08-11T09:00:00,25.158,25.2067,25.5,25.4,In,100
2026-08-11T09:10:00,24.686,24.8963,25.3,25.3,In,100
2026-08-11T09:20:00,24.772,24.8004,25.4,25.5,In,100
2026-08-11T09:30:00,25.019,25.0507,25.3,25.3,In,100
2026-08-11T09:40:00,24.815,24.9005,25.2,25.2,In,100
2026-08-11T09:50:00,24.311,24.4658,25.2,25.3,In,100
2026-08-11T10:00:00,24.622,24.6282,25.3,25.4,In,100
2026-08-11T10:10:00,25.073,25.1148,25.4,25.4,In,100
2026-08-11T10:20:00,24.719,24.8852,25.4,25.4,In,100
2026-08-11T10:30:00,24.375,24.5227,24.7,24.7,In,100
2026-08-11T10:40:00,24.322,24.3687,24.6,24.5,In,100
2026-08-11T10:50:00,24.279,24.3313,24.6,24.6,In,100
2026-08-11T11:00:00,24.322,24.3549,24.7,24.6,In,100
2026-08-11T11:10:00,24.086,24.2288,24.6,24.6,In,100
2026-08-11T11:20:00,24.097,24.1471,24.5,24.5,In,100
2026-08-11T11:30:00,24.129,24.1983,24.5,24.5,In,100
2026-08-11T11:40:00,23.946,24.0294,24.5,24.4,In,100
2026-08-11T11:50:00,23.625,23.6823,24.2,24.4,In,100
2026-08-11T12:00:00,23.528,23.6174,24,24.2,In,100
2026-08-11T12:10:00,23.571,23.6353,23.9,24.1,In,100
2026-08-11T12:20:00,23.603,23.6367,23.9,23.9,In,100
2026-08-11T12:30:00,23.625,23.6491,23.9,24,In,100
2026-08-11T12:40:00,23.721,23.8081,24.5,24.5,In,100
2026-08-11T12:50:00,23.71,23.8067,24.4,24.5,In,100
2026-08-11T13:00:00,23.775,23.8509,24.4,24.5,In,100
2026-08-11T13:10:00,23.689,23.7652,24.2,24.4,In,100
2026-08-11T13:20:00,23.689,23.7376,24.1,24.2,In,100
2026-08-11T13:30:00,23.732,23.7721,24.1,24,In,100
2026-08-11T13:40:00,23.871,23.8675,24.3,24.4,In,100
2026-08-11T13:50:00,24.172,24.2066,24.6,24.6,In,100
2026-08-11T14:00:00,24.493,24.4783,24.9,24.9,In,100
2026-08-11T14:10:00,24.633,24.774,25.1,25.2,In,100
2026-08-11T14:20:00,24.365,24.4256,25.1,25.4,In,100
2026-08-11T14:30:00,24.086,24.2177,24.6,25.3,In,100
2026-08-11T14:40:00,24.129,24.1637,24.5,24.8,In,100
2026-08-11T14:50:00,24.139,24.1844,24.7,25.1,In,100
2026-08-11T15:00:00,24.633,24.5588,25,25.3,In,100
2026-08-11T15:10:00,25.137,25.098,25.6,25.6,In,100
2026-08-11T15:20:00,25.384,25.3906,25.7,25.8,In,100
2026-08-11T15:30:00,25.587,25.6,25.9,25.9,In,100
2026-08-11T15:40:00,25.695,25.7271,26,26,In,100
2026-08-11T15:50:00,25.748,25.7984,26.1,25.9,In,100
2026-08-11T16:00:00,25.577,25.6488,25.9,25.9,In,100
2026-08-11T16:10:00,25.63,25.6572,25.9,26,In,100
2026-08-11T16:20:00,25.308,25.392,25.7,25.9,In,100
2026-08-11T16:30:00,25.351,25.3586,25.6,25.8,In,100
2026-08-11T16:40:00,25.502,25.5315,25.8,25.9,In,100
2026-08-11T16:50:00,25.695,25.7355,26.1,26.1,In,100
2026-08-11T17:00:00,25.855,25.8921,26.1,26,In,100
2026-08-11T17:10:00,25.877,25.9215,26.2,26.2,In,100
2026-08-11T17:20:00,25.619,25.7145,26.1,26.2,In,100
2026-08-11T17:30:00,25.662,25.7271,26.2,26.2,In,100
2026-08-11T17:40:00,25.898,25.9607,26.2,26.2,In,100
2026-08-11T17:50:00,25.888,25.9271,26.3,26.2,In,100
2026-08-11T18:00:00,25.78,25.8655,26,26.1,In,100
2026-08-11T18:10:00,25.813,25.8431,26.2,26.2,In,100
2026-08-11T18:20:00,25.941,25.9747,26.3,26.3,In,100
2026-08-11T18:30:00,25.695,25.7676,26.1,26.1,In,100
2026-08-11T18:40:00,25.748,25.79,26,26,In,100
2026-08-11T18:50:00,25.813,25.8361,26.2,26.3,In,100
2026-08-11T19:00:00,25.662,25.769,26.1,26.1,In,100
2026-08-11T19:10:00,25.802,25.8361,26.1,26,In,100
2026-08-11T19:20:00,25.716,25.7676,26,26,In,100
2026-08-11T19:30:00,25.587,25.6684,26,25.9,In,100
2026-08-11T19:40:00,25.502,25.5692,26,25.9,In,100
2026-08-11T19:50:00,25.662,25.6852,25.9,25.9,In,100
2026-08-11T20:00:00,25.78,25.797,26.1,26,In,100
2026-08-11T20:10:00,25.898,25.9467,26.2,26.2,In,100
2026-08-11T20:20:00,25.619,25.7215,26,26,In,100
2026-08-11T20:30:00,25.695,25.7201,26,26,In,100
2026-08-11T20:40:00,25.77,25.8138,26.1,26.1,In,100
2026-08-11T20:50:00,25.609,25.7117,25.9,25.9,In,100
2026-08-11T21:00:00,25.544,25.6014,25.8,25.9,In,100
2026-08-11T21:10:00,25.577,25.6027,25.9,25.8,In,100
2026-08-11T21:20:00,25.587,25.6125,25.8,25.8,In,100
2026-08-11T21:30:00,25.491,25.5469,25.8,26,In,100
2026-08-11T21:40:00,25.426,25.4813,25.7,25.7,In,100
2026-08-11T21:50:00,25.341,25.399,25.6,25.6,In,100
2026-08-11T22:00:00,25.384,25.4297,25.7,25.7,In,100
2026-08-11T22:10:00,25.416,25.4436,25.7,25.6,In,100
2026-08-11T22:20:00,25.416,25.4562,25.7,25.8,In,100
2026-08-11T22:30:00,25.362,25.4116,25.6,25.6,In,100
2026-08-11T22:40:00,25.051,25.1704,25.5,25.6,In,100
2026-08-11T22:50:00,25.148,25.1774,25.5,25.6,In,100
2026-08-11T23:00:00,24.965,25.183,25.5,25.6,In,100
2026-08-11T23:10:00,25.137,25.254,25.6,25.6,In,100
2026-08-11T23:20:00,24.579,24.7615,25.1,25.2,In,100
2026-08-11T23:30:00,24.579,24.6587,25.1,25.2,In,100
2026-08-11T23:40:00,24.44,24.5088,24.9,25,In,100
2026-08-11T23:50:00,24.332,24.3979,24.8,24.9,In,100
2026-08-12T00:00:00,24.386,24.4242,24.8,24.9,In,100
2026-08-12T00:10:00,24.472,24.5241,24.9,24.9,In,100
2026-08-12T00:20:00,24.354,24.4492,24.9,24.9,In,100
2026-08-12T00:30:00,24.332,24.3992,24.7,24.7,In,100
2026-08-12T00:40:00,24.279,24.3175,24.7,24.6,In,100
2026-08-12T00:50:00,24.29,24.3355,24.7,24.7,In,100
2026-08-12T01:00:00,24.408,24.4422,24.8,24.8,In,100
2026-08-12T01:10:00,24.418,24.488,24.9,24.9,In,100
2026-08-12T01:20:00,24.075,24.3715,24.8,24.9,In,100
2026-08-12T01:30:00,24.375,24.3965,24.7,24.8,In,100
2026-08-12T01:40:00,24.236,24.3521,24.8,24.8,In,100
2026-08-12T01:50:00,24.322,24.3299,24.7,24.9,In,100
2026-08-12T02:00:00,24.408,24.4852,24.7,24.9,In,100
2026-08-12T02:10:00,24.322,24.3937,24.8,24.8,In,100
2026-08-12T02:20:00,24.547,24.5754,24.9,25,In,100
2026-08-12T02:30:00,24.654,24.6671,25.2,25.3,In,100
2026-08-12T02:40:00,24.633,24.6823,25.6,25.6,In,100
2026-08-12T02:50:00,24.922,24.9812,25.7,25.7,In,100
2026-08-12T03:00:00,24.858,24.9339,25.7,25.7,In,100
2026-08-12T03:10:00,25.051,25.151,25.5,25.7,In,100
2026-08-12T03:20:00,24.901,24.9992,25.4,25.7,In,100
2026-08-12T03:30:00,25.255,25.261,25.8,25.9,In,100
2026-08-12T03:40:00,25.351,25.3809,25.7,25.9,In,100
2026-08-12T03:50:00,25.448,25.4757,25.9,26,In,100
2026-08-12T04:00:00,25.469,25.5315,26,26,In,100
2026-08-12T04:10:00,25.502,25.5595,26,26.1,In,100
2026-08-12T04:20:00,25.641,25.6754,26.2,26.3,In,100
2026-08-12T04:30:00,25.973,26.0069,26.4,26.4,In,100
2026-08-12T04:40:00,26.07,26.1063,26.5,26.4,In,100
2026-08-12T04:50:00,26.102,26.161,26.4,26.4,In,100
2026-08-12T05:00:00,26.07,26.1806,26.4,26.4,In,100
2026-08-12T05:10:00,26.006,26.0741,26.4,26.4,In,100
2026-08-12T05:20:00,25.952,26.0195,26.3,26.3,In,100
2026-08-12T05:30:00,25.77,25.8585,26.1,26.1,In,100
2026-08-12T05:40:00,25.662,25.7187,26,26,In,100
2026-08-12T05:50:00,25.63,25.6698,25.9,26,In,100
2026-08-12T06:00:00,25.684,25.811,26.2,26.3,In,100
2026-08-12T06:10:00,25.695,25.7285,26.1,26.2,In,100
2026-08-12T06:20:00,25.201,25.5637,26.1,26.1,In,100
2026-08-12T06:30:00,24.965,25.0438,25.3,25.4,In,100
2026-08-12T06:40:00,25.03,25.1342,25.9,26.2,In,100
2026-08-12T06:50:00,25.802,25.9117,26.3,26.3,In,100
2026-08-12T07:00:00,25.888,25.9803,26.4,26.4,In,100
2026-08-12T07:10:00,25.92,26.0125,26.4,26.3,In,100
2026-08-12T07:20:00,26.102,26.1343,26.4,26.4,In,100
2026-08-12T07:30:00,25.823,25.8963,26.1,26.1,In,100
2026-08-12T07:40:00,25.791,25.8501,26,26,In,100
2026-08-12T07:50:00,25.673,25.7998,26,26.1,In,100
2026-08-12T08:00:00,25.308,25.4618,25.8,25.9,In,100
2026-08-12T08:10:00,24.955,25.0452,25.4,25.7,In,100
2026-08-12T08:20:00,25.148,25.2011,25.7,25.7,In,100
2026-08-12T08:30:00,24.869,24.8838,25.7,25.8,In,100
2026-08-12T08:40:00,25.523,25.4939,26.1,26.1,In,100
2026-08-12T08:50:00,25.92,25.9383,26.2,26.1,In,100
2026-08-12T09:00:00,25.834,25.9887,26.2,26.2,In,100
2026-08-12T09:10:00,25.77,25.8543,26.2,26.2,In,100
2026-08-12T09:20:00,25.416,25.6586,26.1,26.1,In,100
2026-08-12T09:30:00,25.577,25.8851,26.2,26.2,In,100
2026-08-12T09:40:00,25.416,25.4953,26.2,26.1,In,100
2026-08-12T09:50:00,25.04,25.1621,26.1,26.1,In,100
2026-08-12T10:00:00,24.987,25.1482,26,26.1,In,100
2026-08-12T10:10:00,25.33,25.3906,25.9,26.1,In,100
2026-08-12T10:20:00,25.619,25.6642,26.2,26.2,In,100
2026-08-12T10:30:00,25.362,25.5888,26.1,26.1,In,100
2026-08-12T10:40:00,25.373,25.5413,26.1,26.1,In,100
2026-08-12T10:50:00,25.212,25.3293,25.8,26,In,100
2026-08-12T11:00:00,25.255,25.3195,25.6,25.6,In,100
2026-08-12T11:10:00,25.105,25.2011,25.6,25.7,In,100
2026-08-12T11:20:00,25.073,25.1175,25.5,25.6,In,100
2026-08-12T11:30:00,25.073,25.1175,25.7,25.7,In,100
2026-08-12T11:40:00,24.965,25.0911,25.5,25.8,In,100
2026-08-12T11:50:00,24.526,24.6115,25.2,25.4,In,100
2026-08-12T12:00:00,24.365,24.4936,25,25.1,In,100
2026-08-12T12:10:00,24.493,24.581,25.1,25.2,In,100
2026-08-12T12:20:00,24.547,24.6643,25,25.1,In,100
2026-08-12T12:30:00,24.526,24.5588,25,25.1,In,100
2026-08-12T12:40:00,24.611,24.6434,25.1,25.2,In,100
2026-08-12T12:50:00,24.322,24.4672,24.9,25.2,In,100
2026-08-12T13:00:00,24.054,24.2177,24.9,25.1,In,100
2026-08-12T13:10:00,24.118,24.1457,24.7,24.8,In,100
2026-08-12T13:20:00,24.279,24.3244,24.8,24.9,In,100
2026-08-12T13:30:00,24.268,24.3757,25.2,25.2,In,100
