ISO 8601 Time,Speed (cm/s),Heading (degrees),Velocity-N (cm/s),Velocity-E (cm/s)
2026-06-18T15:00:00,16.7,341.16,15.8,-5.39
2026-06-18T15:10:00.000,12.18,10.49,11.98,2.22
2026-06-18T15:20:00.000,2.25,91.72,-0.07,2.25
2026-06-18T15:30:00.000,0.59,215.17,-0.48,-0.34
2026-06-18T15:40:00.000,1.99,255.57,-0.5,-1.93
2026-06-18T15:50:00.000,1.33,322.39,1.05,-0.81
2026-06-18T16:00:00.000,3.6,63.69,1.6,3.23
2026-06-18T16:10:00.000,7.09,74,1.95,6.81
2026-06-18T16:20:00.000,13,81.67,1.88,12.86
2026-06-18T16:30:00.000,11.07,87.44,0.5,11.06
2026-06-18T16:40:00.000,6.31,51.25,3.95,4.92
2026-06-18T16:50:00.000,15.49,345.38,14.99,-3.91
2026-06-18T17:00:00.000,18.72,316.71,13.62,-12.83
2026-06-18T17:10:00.000,13.57,313.66,9.37,-9.82
2026-06-18T17:20:00.000,19.85,348.96,19.48,-3.8
2026-06-18T17:30:00.000,14.54,356.56,14.51,-0.87
2026-06-18T17:40:00.000,5.54,79.73,0.99,5.45
2026-06-18T17:50:00.000,0.56,115.32,-0.24,0.5
2026-06-18T18:00:00.000,0.91,237.84,-0.48,-0.77
2026-06-18T18:10:00.000,2.19,221.46,-1.64,-1.45
2026-06-18T18:20:00.000,1.36,246.08,-0.55,-1.24
2026-06-18T18:30:00.000,0.78,164.89,-0.76,0.2
2026-06-18T18:40:00.000,3.08,158.43,-2.87,1.13
2026-06-18T18:50:00.000,8.96,182.23,-8.95,-0.35
2026-06-18T19:00:00.000,16.8,176.46,-16.76,1.04
2026-06-18T19:10:00.000,21.56,162.78,-20.59,6.38
2026-06-18T19:20:00.000,24.87,169.3,-24.44,4.62
2026-06-18T19:30:00.000,24.8,180.4,-24.8,-0.17
2026-06-18T19:40:00.000,20.84,183.51,-20.8,-1.28
2026-06-18T19:50:00.000,17.46,176.77,-17.43,0.98
2026-06-18T20:00:00.000,13.84,150.57,-12.05,6.8
2026-06-18T20:10:00.000,20.62,144.57,-16.81,11.95
2026-06-18T20:20:00.000,10.83,177.11,-10.82,0.55
2026-06-18T20:30:00.000,5.66,280.09,0.99,-5.57
2026-06-18T20:40:00.000,6.57,353.91,6.53,-0.7
2026-06-18T20:50:00.000,12.73,53.01,7.66,10.17
2026-06-18T21:00:00.000,24.68,119.06,-11.99,21.58
2026-06-18T21:10:00.000,8.39,91.48,-0.22,8.39
2026-06-18T21:20:00.000,11.9,83.22,1.41,11.82
2026-06-18T21:30:00.000,7.64,61.03,3.7,6.68
2026-06-18T21:40:00.000,8.42,106.58,-2.4,8.07
2026-06-18T21:50:00.000,6.25,114.61,-2.6,5.68
2026-06-18T22:00:00.000,3.42,45.05,2.42,2.42
2026-06-18T22:10:00.000,2.27,206.96,-2.02,-1.03
2026-06-18T22:20:00.000,10.59,196.08,-10.18,-2.93
2026-06-18T22:30:00.000,11.41,305.24,6.58,-9.32
2026-06-18T22:40:00.000,16.61,298.41,7.9,-14.61
2026-06-18T22:50:00.000,14.88,270.33,0.09,-14.88
2026-06-18T23:00:00.000,13.49,275.93,1.39,-13.42
2026-06-18T23:10:00.000,7.13,223.73,-5.16,-4.93
2026-06-18T23:20:00.000,5.75,323.23,4.61,-3.44
2026-06-18T23:30:00.000,5.04,1.04,5.03,0.09
2026-06-18T23:40:00.000,3.95,105.02,-1.02,3.81
2026-06-18T23:50:00.000,8.12,162.81,-7.76,2.4
2026-06-19T00:00:00.000,3.3,244.62,-1.41,-2.98
2026-06-19T00:10:00.000,3.75,176.36,-3.75,0.24
2026-06-19T00:20:00.000,4.56,289.12,1.49,-4.31
2026-06-19T00:30:00.000,14.83,357.97,14.82,-0.53
2026-06-19T00:40:00.000,13.91,33.7,11.58,7.72
2026-06-19T00:50:00.000,18.59,35.22,15.19,10.72
2026-06-19T01:00:00.000,12.39,38.46,9.7,7.71
2026-06-19T01:10:00.000,6.14,47.97,4.11,4.56
2026-06-19T01:20:00.000,1.13,83.59,0.13,1.13
2026-06-19T01:30:00.000,7.16,12.06,7,1.5
2026-06-19T01:40:00.000,11.54,355.08,11.5,-0.99
2026-06-19T01:50:00.000,6.24,3.8,6.23,0.41
2026-06-19T02:00:00.000,2.75,138.87,-2.07,1.81
2026-06-19T02:10:00.000,10.63,146.99,-8.91,5.79
2026-06-19T02:20:00.000,8.74,163.69,-8.39,2.45
2026-06-19T02:30:00.000,7.22,187.77,-7.15,-0.98
2026-06-19T02:40:00.000,1.53,252.18,-0.47,-1.46
2026-06-19T02:50:00.000,2.75,321.91,2.16,-1.69
2026-06-19T03:00:00.000,12.26,338.74,11.43,-4.45
2026-06-19T03:10:00.000,5.64,314.96,3.99,-3.99
2026-06-19T03:20:00.000,0.45,260.76,-0.07,-0.44
2026-06-19T03:30:00.000,2.66,65.34,1.11,2.41
2026-06-19T03:40:00.000,2.22,72.9,0.65,2.12
2026-06-19T03:50:00.000,0.54,68.24,0.2,0.5
2026-06-19T04:00:00.000,0.53,2.66,0.53,0.02
2026-06-19T04:10:00.000,0.78,205.77,-0.7,-0.34
2026-06-19T04:20:00.000,11.96,220.15,-9.14,-7.71
2026-06-19T04:30:00.000,5.38,225.99,-3.74,-3.87
2026-06-19T04:40:00.000,1.73,175.11,-1.73,0.15
2026-06-19T04:50:00.000,4.72,173.31,-4.69,0.55
2026-06-19T05:00:00.000,6.91,162.4,-6.59,2.09
2026-06-19T05:10:00.000,9.38,156,-8.57,3.81
2026-06-19T05:20:00.000,5.51,174.94,-5.49,0.49
2026-06-19T05:30:00.000,6.42,203.85,-5.87,-2.6
2026-06-19T05:40:00.000,6.59,242.85,-3.01,-5.86
2026-06-19T05:50:00.000,4.33,245.59,-1.79,-3.95
2026-06-19T06:00:00.000,3.31,215.97,-2.68,-1.95
2026-06-19T06:10:00.000,4.3,169.61,-4.23,0.77
2026-06-19T06:20:00.000,2.15,189.45,-2.12,-0.35
2026-06-19T06:30:00.000,1.66,123.71,-0.92,1.38
2026-06-19T06:40:00.000,1.44,123.33,-0.79,1.21
2026-06-19T06:50:00.000,6.25,134.53,-4.39,4.46
2026-06-19T07:00:00.000,16.99,163.01,-16.25,4.97
2026-06-19T07:10:00.000,9.69,177.89,-9.68,0.36
2026-06-19T07:20:00.000,4.18,249.38,-1.47,-3.91
2026-06-19T07:30:00.000,3.13,218.6,-2.44,-1.95
2026-06-19T07:40:00.000,13.07,157.27,-12.05,5.05
2026-06-19T07:50:00.000,13.02,169.46,-12.8,2.38
2026-06-19T08:00:00.000,1.39,249.5,-0.49,-1.31
2026-06-19T08:10:00.000,3.09,316.16,2.23,-2.14
2026-06-19T08:20:00.000,0.9,303.31,0.49,-0.75
2026-06-19T08:30:00.000,2.34,159.12,-2.19,0.84
2026-06-19T08:40:00.000,5.85,237.52,-3.14,-4.93
2026-06-19T08:50:00.000,1.13,234.23,-0.66,-0.92
2026-06-19T09:00:00.000,8.09,122.67,-4.37,6.81
2026-06-19T09:10:00.000,11.21,92.02,-0.39,11.2
2026-06-19T09:20:00.000,12.12,67.07,4.72,11.16
2026-06-19T09:30:00.000,14.83,54.66,8.58,12.1
2026-06-19T09:40:00.000,14.22,79.86,2.5,14
2026-06-19T09:50:00.000,7.07,34.49,5.83,4
2026-06-19T10:00:00.000,22.1,10.27,21.74,3.94
2026-06-19T10:10:00.000,13.35,28.65,11.71,6.4
2026-06-19T10:20:00.000,21.98,51.81,13.59,17.28
2026-06-19T10:30:00.000,17.52,91.51,-0.46,17.52
2026-06-19T10:40:00.000,14.17,106.53,-4.03,13.59
2026-06-19T10:50:00.000,5.92,68.19,2.2,5.49
2026-06-19T11:00:00.000,15.81,17.85,15.05,4.84
2026-06-19T11:10:00.000,20.66,37.21,16.45,12.49
2026-06-19T11:20:00.000,10.73,53.11,6.44,8.58
2026-06-19T11:30:00.000,10.81,295.18,4.6,-9.78
2026-06-19T11:40:00.000,13.84,286.78,4,-13.25
2026-06-19T11:50:00.000,10.38,284.23,2.55,-10.06
2026-06-19T12:00:00.000,12.74,317.45,9.39,-8.61
2026-06-19T12:10:00.000,4.89,294.63,2.04,-4.45
2026-06-19T12:20:00.000,0.39,308.16,0.24,-0.31
2026-06-19T12:30:00.000,3.73,116.93,-1.69,3.33
2026-06-19T12:40:00.000,10.88,59.93,5.45,9.42
2026-06-19T12:50:00.000,13.88,45.96,9.65,9.97
2026-06-19T13:00:00.000,12.63,317.23,9.27,-8.57
2026-06-19T13:10:00.000,2.66,340.09,2.5,-0.91
2026-06-19T13:20:00.000,0.69,53.37,0.41,0.55
2026-06-19T13:30:00.000,3.69,178.99,-3.69,0.06
2026-06-19T13:40:00.000,10.55,168.83,-10.35,2.04
2026-06-19T13:50:00.000,5.1,141.01,-3.96,3.21
2026-06-19T14:00:00.000,3.09,153.72,-2.77,1.37
2026-06-19T14:10:00.000,6.12,135.57,-4.37,4.28
2026-06-19T14:20:00.000,4.89,98.95,-0.76,4.83
2026-06-19T14:30:00.000,18.1,310.7,11.8,-13.72
2026-06-19T14:40:00.000,10.66,305.87,6.25,-8.64
2026-06-19T14:50:00.000,8.21,308.02,5.05,-6.47
2026-06-19T15:00:00.000,6.42,354.88,6.4,-0.57
2026-06-19T15:10:00.000,3.29,60.6,1.61,2.87
2026-06-19T15:20:00.000,2.67,80.57,0.44,2.63
2026-06-19T15:30:00.000,0.78,211.6,-0.66,-0.41
2026-06-19T15:40:00.000,3.16,256.75,-0.72,-3.07
2026-06-19T15:50:00.000,6.34,246.61,-2.52,-5.81
2026-06-19T16:00:00.000,10.12,245.59,-4.18,-9.22
2026-06-19T16:10:00.000,9.03,241.42,-4.32,-7.93
2026-06-19T16:20:00.000,11.69,230.3,-7.46,-8.99
2026-06-19T16:30:00.000,8.05,245.4,-3.35,-7.32
2026-06-19T16:40:00.000,7.57,236.36,-4.19,-6.3
2026-06-19T16:50:00.000,4,229.41,-2.6,-3.04
2026-06-19T17:00:00.000,4.32,233.32,-2.58,-3.46
2026-06-19T17:10:00.000,2.52,238.71,-1.31,-2.15
2026-06-19T17:20:00.000,4.99,215.16,-4.08,-2.87
2026-06-19T17:30:00.000,7.95,194.11,-7.71,-1.94
2026-06-19T17:40:00.000,7.66,190.61,-7.53,-1.41
2026-06-19T17:50:00.000,4.09,187.6,-4.05,-0.54
2026-06-19T18:00:00.000,7.51,166.69,-7.31,1.73
2026-06-19T18:10:00.000,10.63,152.45,-9.42,4.92
2026-06-19T18:20:00.000,12.73,146.17,-10.57,7.09
2026-06-19T18:30:00.000,12.14,162.82,-11.6,3.59
2026-06-19T18:40:00.000,8.8,182.39,-8.79,-0.37
2026-06-19T18:50:00.000,14.56,219.61,-11.22,-9.28
2026-06-19T19:00:00.000,20.2,192.18,-19.74,-4.26
2026-06-19T19:10:00.000,24.6,191.7,-24.08,-4.99
2026-06-19T19:20:00.000,19.03,202.76,-17.55,-7.36
2026-06-19T19:30:00.000,17.39,208.55,-15.28,-8.31
2026-06-19T19:40:00.000,4.66,223.54,-3.38,-3.21
2026-06-19T19:50:00.000,6.42,170.75,-6.34,1.03
2026-06-19T20:00:00.000,15.99,171.18,-15.8,2.45
2026-06-19T20:10:00.000,8.02,199.73,-7.55,-2.71
2026-06-19T20:20:00.000,1.09,251.9,-0.34,-1.03
2026-06-19T20:30:00.000,8.85,79.91,1.55,8.71
2026-06-19T20:40:00.000,27.31,126.73,-16.33,21.89
2026-06-19T20:50:00.000,16.47,124.87,-9.41,13.51
2026-06-19T21:00:00.000,15.94,96.87,-1.91,15.83
2026-06-19T21:10:00.000,13.36,81.85,1.89,13.22
2026-06-19T21:20:00.000,13.22,88.81,0.28,13.22
2026-06-19T21:30:00.000,7.03,76.87,1.6,6.85
2026-06-19T21:40:00.000,4.83,87.05,0.25,4.83
2026-06-19T21:50:00.000,2.09,163.64,-2,0.59
2026-06-19T22:00:00.000,17.57,253.31,-5.05,-16.83
2026-06-19T22:10:00.000,21.55,68.24,7.99,20.02
2026-06-19T22:20:00.000,12.27,335.45,11.16,-5.1
2026-06-19T22:30:00.000,13.15,48.43,8.72,9.84
2026-06-19T22:40:00.000,10.44,52.28,6.39,8.26
2026-06-19T22:50:00.000,11.5,309.19,7.26,-8.91
2026-06-19T23:00:00.000,8.58,300.02,4.29,-7.43
2026-06-19T23:10:00.000,25.25,265.87,-1.82,-25.19
2026-06-19T23:20:00.000,10.69,232.49,-6.51,-8.48
2026-06-19T23:30:00.000,5.41,217.12,-4.31,-3.27
2026-06-19T23:40:00.000,6.41,156.82,-5.9,2.52
2026-06-19T23:50:00.000,0.62,182.52,-0.62,-0.03
2026-06-20T00:00:00.000,10.39,292.46,3.97,-9.6
2026-06-20T00:10:00.000,4.5,283.15,1.02,-4.38
2026-06-20T00:20:00.000,4.47,231.33,-2.79,-3.49
2026-06-20T00:30:00.000,1.67,197.49,-1.59,-0.5
2026-06-20T00:40:00.000,2.59,191.77,-2.54,-0.53
2026-06-20T00:50:00.000,2.01,268.35,-0.06,-2.01
2026-06-20T01:00:00.000,2.29,91.15,-0.05,2.29
2026-06-20T01:10:00.000,1.48,80.43,0.25,1.46
2026-06-20T01:20:00.000,0.66,224.04,-0.47,-0.46
2026-06-20T01:30:00.000,4.43,242.98,-2.01,-3.95
2026-06-20T01:40:00.000,4.65,297.24,2.13,-4.14
2026-06-20T01:50:00.000,0.84,224.67,-0.59,-0.59
2026-06-20T02:00:00.000,2.05,167.14,-2,0.46
2026-06-20T02:10:00.000,1.2,217.35,-0.95,-0.73
2026-06-20T02:20:00.000,1.06,229.41,-0.69,-0.8
2026-06-20T02:30:00.000,1.55,297.34,0.71,-1.38
2026-06-20T02:40:00.000,1.27,267.5,-0.06,-1.27
2026-06-20T02:50:00.000,2.52,241.37,-1.21,-2.21
2026-06-20T03:00:00.000,3.33,235.61,-1.88,-2.75
2026-06-20T03:10:00.000,3.38,211.83,-2.87,-1.78
2026-06-20T03:20:00.000,4.86,205.78,-4.37,-2.11
2026-06-20T03:30:00.000,8.38,210.63,-7.21,-4.27
2026-06-20T03:40:00.000,7.57,206.75,-6.76,-3.41
2026-06-20T03:50:00.000,4.17,229.03,-2.74,-3.15
2026-06-20T04:00:00.000,7.98,255.58,-1.99,-7.73
2026-06-20T04:10:00.000,6.8,242.98,-3.09,-6.06
2026-06-20T04:20:00.000,7.41,236.54,-4.09,-6.18
2026-06-20T04:30:00.000,8.95,207.63,-7.93,-4.15
2026-06-20T04:40:00.000,8.84,197.14,-8.44,-2.6
2026-06-20T04:50:00.000,13.69,197.91,-13.03,-4.21
2026-06-20T05:00:00.000,10.78,225.05,-7.62,-7.63
2026-06-20T05:10:00.000,8.31,227.01,-5.66,-6.08
2026-06-20T05:20:00.000,1.23,244.87,-0.52,-1.11
2026-06-20T05:30:00.000,1.12,31.35,0.96,0.58
2026-06-20T05:40:00.000,1.88,348.84,1.84,-0.36
2026-06-20T05:50:00.000,1.41,343.89,1.36,-0.39
2026-06-20T06:00:00.000,0.68,245.54,-0.28,-0.62
2026-06-20T06:10:00.000,0.82,258.37,-0.17,-0.81
2026-06-20T06:20:00.000,0.88,282,0.18,-0.86
2026-06-20T06:30:00.000,6.83,253.02,-2,-6.53
2026-06-20T06:40:00.000,3.66,221.97,-2.72,-2.45
2026-06-20T06:50:00.000,10.23,180.11,-10.23,-0.02
2026-06-20T07:00:00.000,20.25,166.84,-19.72,4.61
2026-06-20T07:10:00.000,25.05,167.5,-24.45,5.42
2026-06-20T07:20:00.000,23,168.32,-22.52,4.65
2026-06-20T07:30:00.000,19.46,177.44,-19.44,0.87
2026-06-20T07:40:00.000,16.65,192.69,-16.24,-3.66
2026-06-20T07:50:00.000,10.97,198.3,-10.42,-3.44
2026-06-20T08:00:00.000,7.27,181.17,-7.27,-0.15
2026-06-20T08:10:00.000,2.53,265.01,-0.22,-2.52
2026-06-20T08:20:00.000,4.17,73.64,1.17,4
2026-06-20T08:30:00.000,11.19,102.18,-2.36,10.94
2026-06-20T08:40:00.000,6.09,104.92,-1.57,5.88
2026-06-20T08:50:00.000,2.82,14.67,2.73,0.71
2026-06-20T09:00:00.000,4.14,347.97,4.04,-0.86
2026-06-20T09:10:00.000,9.66,69.42,3.4,9.04
2026-06-20T09:20:00.000,14.25,95.44,-1.35,14.19
2026-06-20T09:30:00.000,14.39,86.55,0.87,14.36
2026-06-20T09:40:00.000,24.26,73.76,6.78,23.29
2026-06-20T09:50:00.000,32.72,65.94,13.34,29.88
2026-06-20T10:00:00.000,30.87,63.77,13.65,27.69
2026-06-20T10:10:00.000,31.64,76.36,7.46,30.75
2026-06-20T10:20:00.000,2.16,62.53,0.99,1.91
2026-06-20T10:30:00.000,11.35,230.77,-7.18,-8.79
2026-06-20T10:40:00.000,22.11,321.75,17.36,-13.69
2026-06-20T10:50:00.000,16.27,332.51,14.43,-7.51
2026-06-20T11:00:00.000,6.16,334.07,5.54,-2.69
2026-06-20T11:10:00.000,2.71,347.78,2.65,-0.57
2026-06-20T11:20:00.000,3.86,20.61,3.61,1.36
2026-06-20T11:30:00.000,16.2,63.57,7.21,14.5
2026-06-20T11:40:00.000,7.23,98.89,-1.12,7.14
2026-06-20T11:50:00.000,6.21,38.44,4.86,3.86
2026-06-20T12:00:00.000,8.67,16.49,8.32,2.46
2026-06-20T12:10:00.000,12.02,29.77,10.43,5.97
2026-06-20T12:20:00.000,5.9,52.92,3.56,4.71
2026-06-20T12:30:00.000,5.96,83.67,0.66,5.92
2026-06-20T12:40:00.000,5.21,139.7,-3.98,3.37
2026-06-20T12:50:00.000,4,314.09,2.79,-2.87
2026-06-20T13:00:00.000,17.67,323.77,14.25,-10.44
2026-06-20T13:10:00.000,13.66,356.52,13.63,-0.83
2026-06-20T13:20:00.000,3.93,250.3,-1.32,-3.7
2026-06-20T13:30:00.000,5.02,204.55,-4.56,-2.08
2026-06-20T13:40:00.000,6.55,251.42,-2.09,-6.21
2026-06-20T13:50:00.000,7.28,265.52,-0.57,-7.26
2026-06-20T14:00:00.000,4.11,216.92,-3.28,-2.47
2026-06-20T14:10:00.000,4.11,224.99,-2.9,-2.9
2026-06-20T14:20:00.000,5.56,268.95,-0.1,-5.56
2026-06-20T14:30:00.000,3.33,291.08,1.2,-3.11
2026-06-20T14:40:00.000,1.04,274.93,0.09,-1.04
2026-06-20T14:50:00.000,0.75,256.18,-0.18,-0.73
2026-06-20T15:00:00.000,1.23,242.89,-0.56,-1.09
2026-06-20T15:10:00.000,1.93,221.33,-1.45,-1.28
2026-06-20T15:20:00.000,2.55,278.12,0.36,-2.53
2026-06-20T15:30:00.000,4.47,233.71,-2.65,-3.6
2026-06-20T15:40:00.000,7.12,210.85,-6.11,-3.65
2026-06-20T15:50:00.000,6.94,231.61,-4.31,-5.44
2026-06-20T16:00:00.000,6.07,238.07,-3.21,-5.15
2026-06-20T16:10:00.000,8.55,224.66,-6.08,-6.01
2026-06-20T16:20:00.000,12.53,208.97,-10.96,-6.07
2026-06-20T16:30:00.000,11.92,202.54,-11.01,-4.57
2026-06-20T16:40:00.000,11.87,196.37,-11.39,-3.35
2026-06-20T16:50:00.000,5.53,200.91,-5.16,-1.97
2026-06-20T17:00:00.000,5.48,169.6,-5.39,0.99
2026-06-20T17:10:00.000,7.39,134.28,-5.16,5.29
2026-06-20T17:20:00.000,4.79,130.14,-3.09,3.66
2026-06-20T17:30:00.000,4.42,147.86,-3.74,2.35
2026-06-20T17:40:00.000,0.46,199.78,-0.43,-0.16
2026-06-20T17:50:00.000,0.72,262.54,-0.09,-0.72
2026-06-20T18:00:00.000,1.58,245.29,-0.66,-1.43
2026-06-20T18:10:00.000,7.21,257.57,-1.55,-7.04
2026-06-20T18:20:00.000,7.65,239.44,-3.89,-6.59
2026-06-20T18:30:00.000,3.04,228.21,-2.02,-2.26
2026-06-20T18:40:00.000,4.52,198.48,-4.29,-1.43
2026-06-20T18:50:00.000,4.81,177.41,-4.81,0.22
2026-06-20T19:00:00.000,4.73,169.62,-4.65,0.85
2026-06-20T19:10:00.000,3.81,179.14,-3.81,0.06
2026-06-20T19:20:00.000,3.92,194.77,-3.79,-1
2026-06-20T19:30:00.000,4.92,231.58,-3.06,-3.85
2026-06-20T19:40:00.000,4.32,217.2,-3.44,-2.61
2026-06-20T19:50:00.000,5.85,220.35,-4.46,-3.79
2026-06-20T20:00:00.000,7.36,228.04,-4.92,-5.47
2026-06-20T20:10:00.000,4.84,230.15,-3.1,-3.72
2026-06-20T20:20:00.000,3.65,223.49,-2.65,-2.51
2026-06-20T20:30:00.000,7.55,189.26,-7.45,-1.21
2026-06-20T20:40:00.000,11.43,170.88,-11.29,1.81
2026-06-20T20:50:00.000,14.66,172.84,-14.55,1.83
2026-06-20T21:00:00.000,17.27,185.79,-17.18,-1.74
2026-06-20T21:10:00.000,19.28,181.53,-19.27,-0.51
2026-06-20T21:20:00.000,14.71,177.09,-14.69,0.75
2026-06-20T21:30:00.000,15.64,186.82,-15.53,-1.86
2026-06-20T21:40:00.000,15.93,175.85,-15.89,1.15
2026-06-20T21:50:00.000,15.2,163.12,-14.55,4.41
2026-06-20T22:00:00.000,16.52,180.06,-16.52,-0.02
2026-06-20T22:10:00.000,5.35,198.33,-5.08,-1.68
2026-06-20T22:20:00.000,3.33,246.17,-1.34,-3.04
2026-06-20T22:30:00.000,0.74,36,0.6,0.44
2026-06-20T22:40:00.000,2.76,85.9,0.2,2.76
2026-06-20T22:50:00.000,4.07,42.36,3.01,2.74
2026-06-20T23:00:00.000,5.6,33.1,4.69,3.06
2026-06-20T23:10:00.000,12.67,71.62,4,12.02
2026-06-20T23:20:00.000,19.68,84.82,1.78,19.6
2026-06-20T23:30:00.000,26.12,98.57,-3.89,25.83
2026-06-20T23:40:00.000,17.89,139.31,-13.56,11.66
2026-06-20T23:50:00.000,16.38,162.69,-15.64,4.87
2026-06-21T00:00:00.000,18.78,187.28,-18.63,-2.38
2026-06-21T00:10:00.000,9.36,308.43,5.82,-7.33
2026-06-21T00:20:00.000,11.69,320.2,8.98,-7.49
2026-06-21T00:30:00.000,13.08,0.98,13.08,0.22
2026-06-21T00:40:00.000,6.23,336.88,5.73,-2.44
2026-06-21T00:50:00.000,9.05,323.84,7.31,-5.34
2026-06-21T01:00:00.000,5.41,344.12,5.2,-1.48
2026-06-21T01:10:00.000,12.7,6.13,12.62,1.36
2026-06-21T01:20:00.000,7.81,36.33,6.29,4.62
2026-06-21T01:30:00.000,7.26,16.55,6.96,2.07
2026-06-21T01:40:00.000,9.93,334.61,8.97,-4.26
2026-06-21T01:50:00.000,13.67,331.15,11.97,-6.6
2026-06-21T02:00:00.000,14.27,353.38,14.17,-1.65
2026-06-21T02:10:00.000,17.94,5.51,17.86,1.72
2026-06-21T02:20:00.000,12.21,38.05,9.62,7.53
2026-06-21T02:30:00.000,11.16,47.92,7.48,8.28
2026-06-21T02:40:00.000,7.56,46.44,5.21,5.48
2026-06-21T02:50:00.000,5.29,75.94,1.28,5.13
2026-06-21T03:00:00.000,5.62,109.66,-1.89,5.29
2026-06-21T03:10:00.000,3,124.95,-1.72,2.46
2026-06-21T03:20:00.000,0.66,207.7,-0.58,-0.31
2026-06-21T03:30:00.000,2.99,357.12,2.98,-0.15
2026-06-21T03:40:00.000,3.87,7.89,3.84,0.53
2026-06-21T03:50:00.000,4.96,32.27,4.19,2.65
2026-06-21T04:00:00.000,7.98,20.53,7.47,2.8
2026-06-21T04:10:00.000,4.86,25.06,4.41,2.06
2026-06-21T04:20:00.000,3.91,5.93,3.89,0.4
2026-06-21T04:30:00.000,2.87,0.02,2.87,0
2026-06-21T04:40:00.000,3.82,320.8,2.96,-2.41
2026-06-21T04:50:00.000,3.92,331.94,3.46,-1.85
2026-06-21T05:00:00.000,7.44,324.54,6.06,-4.32
2026-06-21T05:10:00.000,3.71,325.19,3.05,-2.12
2026-06-21T05:20:00.000,4.1,354.88,4.08,-0.37
2026-06-21T05:30:00.000,5.59,309.57,3.56,-4.31
2026-06-21T05:40:00.000,5.31,264.37,-0.52,-5.29
2026-06-21T05:50:00.000,7.43,241.29,-3.57,-6.52
2026-06-21T06:00:00.000,8.36,234.72,-4.83,-6.83
2026-06-21T06:10:00.000,8.78,222.3,-6.49,-5.91
2026-06-21T06:20:00.000,9.25,230.84,-5.84,-7.17
2026-06-21T06:30:00.000,7.87,229.34,-5.13,-5.97
2026-06-21T06:40:00.000,5.61,216.76,-4.49,-3.36
2026-06-21T06:50:00.000,5.52,193.04,-5.38,-1.25
2026-06-21T07:00:00.000,7.21,186.78,-7.16,-0.85
2026-06-21T07:10:00.000,8.3,185.75,-8.26,-0.83
2026-06-21T07:20:00.000,8.11,175.96,-8.09,0.57
2026-06-21T07:30:00.000,7.58,167.28,-7.4,1.67
2026-06-21T07:40:00.000,8.18,168.49,-8.02,1.63
2026-06-21T07:50:00.000,4.54,178.26,-4.54,0.14
2026-06-21T08:00:00.000,4.57,210.68,-3.93,-2.33
2026-06-21T08:10:00.000,3.95,218.8,-3.08,-2.48
2026-06-21T08:20:00.000,1.62,181.35,-1.62,-0.04
2026-06-21T08:30:00.000,0.14,88.93,0,0.14
2026-06-21T08:40:00.000,4.88,100.29,-0.87,4.8
2026-06-21T08:50:00.000,5.15,85.48,0.41,5.14
2026-06-21T09:00:00.000,5.16,87.27,0.25,5.16
2026-06-21T09:10:00.000,3.03,78.55,0.6,2.97
2026-06-21T09:20:00.000,0.98,72.65,0.29,0.93
2026-06-21T09:30:00.000,3.46,124.87,-1.98,2.84
2026-06-21T09:40:00.000,10,167.64,-9.77,2.14
2026-06-21T09:50:00.000,20.44,171.12,-20.2,3.15
2026-06-21T10:00:00.000,19.39,192.75,-18.91,-4.28
2026-06-21T10:10:00.000,17.23,208.04,-15.21,-8.1
2026-06-21T10:20:00.000,11.97,190.71,-11.76,-2.22
2026-06-21T10:30:00.000,30.93,155.47,-28.14,12.84
2026-06-21T10:40:00.000,36.17,169.94,-35.61,6.32
2026-06-21T10:50:00.000,22.22,208.99,-19.44,-10.77
2026-06-21T11:00:00.000,11.32,246.6,-4.5,-10.39
2026-06-21T11:10:00.000,1.8,130.11,-1.16,1.38
2026-06-21T11:20:00.000,29.91,141.68,-23.47,18.54
2026-06-21T11:30:00.000,19.73,182.28,-19.72,-0.78
2026-06-21T11:40:00.000,6.09,193.04,-5.94,-1.37
2026-06-21T11:50:00.000,3.17,69.32,1.12,2.96
2026-06-21T12:00:00.000,22.44,96.9,-2.7,22.27
2026-06-21T12:10:00.000,34.2,116.4,-15.21,30.64
2026-06-21T12:20:00.000,19.3,166.93,-18.8,4.36
2026-06-21T12:30:00.000,23.31,212.24,-19.72,-12.44
2026-06-21T12:40:00.000,15.81,253.43,-4.51,-15.15
2026-06-21T12:50:00.000,19.84,326.33,16.51,-11
2026-06-21T13:00:00.000,33.5,31.3,28.63,17.4
2026-06-21T13:10:00.000,33.52,67.74,12.7,31.02
2026-06-21T13:20:00.000,1,189.92,-0.98,-0.17
2026-06-21T13:30:00.000,11.23,272.99,0.59,-11.22
2026-06-21T13:40:00.000,31.07,258.78,-6.05,-30.48
2026-06-21T13:50:00.000,22.62,241.25,-10.88,-19.83
2026-06-21T14:00:00.000,14.22,154.94,-12.88,6.02
2026-06-21T14:10:00.000,13.04,163.21,-12.48,3.77
2026-06-21T14:20:00.000,4.5,193.63,-4.38,-1.06
2026-06-21T14:30:00.000,9.5,270.92,0.15,-9.5
2026-06-21T14:40:00.000,7.5,318.88,5.65,-4.93
2026-06-21T14:50:00.000,3.49,5.79,3.48,0.35
2026-06-21T15:00:00.000,8.37,357.23,8.36,-0.4
2026-06-21T15:10:00.000,17.7,14.22,17.15,4.35
2026-06-21T15:20:00.000,19.68,42.28,14.56,13.24
2026-06-21T15:30:00.000,14.09,55.79,7.92,11.65
2026-06-21T15:40:00.000,4.36,98.86,-0.67,4.31
2026-06-21T15:50:00.000,1.17,161.78,-1.11,0.36
2026-06-21T16:00:00.000,11.54,235.06,-6.61,-9.46
2026-06-21T16:10:00.000,7.73,234.54,-4.48,-6.29
2026-06-21T16:20:00.000,6.03,235.23,-3.44,-4.96
2026-06-21T16:30:00.000,4.19,210.48,-3.61,-2.12
2026-06-21T16:40:00.000,0.39,77.13,0.09,0.38
2026-06-21T16:50:00.000,7.67,98.82,-1.18,7.58
2026-06-21T17:00:00.000,9.02,89.14,0.14,9.02
2026-06-21T17:10:00.000,11.61,76.84,2.64,11.3
2026-06-21T17:20:00.000,6.33,40.71,4.8,4.13
2026-06-21T17:30:00.000,4.07,309.79,2.61,-3.13
2026-06-21T17:40:00.000,17.28,243.72,-7.65,-15.49
2026-06-21T17:50:00.000,12.29,243.45,-5.49,-10.99
2026-06-21T18:00:00.000,10.02,237.38,-5.4,-8.44
2026-06-21T18:10:00.000,5.9,231.06,-3.71,-4.59
2026-06-21T18:20:00.000,6.3,228.78,-4.15,-4.74
2026-06-21T18:30:00.000,4.92,216.78,-3.94,-2.95
2026-06-21T18:40:00.000,4.95,184.16,-4.94,-0.36
2026-06-21T18:50:00.000,3.04,205.68,-2.74,-1.32
2026-06-21T19:00:00.000,5.07,248.39,-1.87,-4.72
2026-06-21T19:10:00.000,5.99,264.51,-0.57,-5.96
2026-06-21T19:20:00.000,4.79,271.67,0.14,-4.79
2026-06-21T19:30:00.000,4.24,270.81,0.06,-4.24
2026-06-21T19:40:00.000,1.98,273.95,0.14,-1.98
2026-06-21T19:50:00.000,1.13,195.66,-1.09,-0.31
2026-06-21T20:00:00.000,10.6,252.73,-3.15,-10.12
2026-06-21T20:10:00.000,7.06,281.69,1.43,-6.92
2026-06-21T20:20:00.000,4.6,255.59,-1.14,-4.45
2026-06-21T20:30:00.000,3.78,221.98,-2.81,-2.53
2026-06-21T20:40:00.000,3.52,162.47,-3.35,1.06
2026-06-21T20:50:00.000,15.55,152.59,-13.8,7.16
2026-06-21T21:00:00.000,13.43,168.85,-13.18,2.6
2026-06-21T21:10:00.000,26.56,190.45,-26.12,-4.82
2026-06-21T21:20:00.000,24.58,194.83,-23.76,-6.29
2026-06-21T21:30:00.000,16.06,203.36,-14.74,-6.37
2026-06-21T21:40:00.000,13.47,196.07,-12.94,-3.73
2026-06-21T21:50:00.000,17.35,154.18,-15.62,7.56
2026-06-21T22:00:00.000,23.31,155.9,-21.28,9.52
2026-06-21T22:10:00.000,17.62,167.64,-17.21,3.77
2026-06-21T22:20:00.000,9.16,186.1,-9.1,-0.97
2026-06-21T22:30:00.000,3.88,210.35,-3.35,-1.96
2026-06-21T22:40:00.000,2.13,140.39,-1.64,1.36
2026-06-21T22:50:00.000,30.12,132,-20.16,22.39
2026-06-21T23:00:00.000,39.2,139.67,-29.88,25.37
2026-06-21T23:10:00.000,24.73,165.37,-23.93,6.25
2026-06-21T23:20:00.000,22.64,189.26,-22.35,-3.64
2026-06-21T23:30:00.000,14.2,215.6,-11.54,-8.26
2026-06-21T23:40:00.000,3.82,240.1,-1.9,-3.31
2026-06-21T23:50:00.000,21.67,129.19,-13.69,16.8
2026-06-22T00:00:00.000,20.62,127.88,-12.66,16.27
2026-06-22T00:10:00.000,20.83,187.8,-20.64,-2.83
2026-06-22T00:20:00.000,14.49,223.9,-10.44,-10.05
2026-06-22T00:30:00.000,16.36,312.28,11.01,-12.11
2026-06-22T00:40:00.000,30.2,53.92,17.78,24.41
2026-06-22T00:50:00.000,16.28,68.53,5.96,15.15
2026-06-22T01:00:00.000,16.14,81.65,2.34,15.97
2026-06-22T01:10:00.000,5.52,279.61,0.92,-5.45
2026-06-22T01:20:00.000,36.13,262.79,-4.53,-35.84
2026-06-22T01:30:00.000,26.16,224.46,-18.67,-18.32
2026-06-22T01:40:00.000,20.95,190.59,-20.59,-3.85
2026-06-22T01:50:00.000,19.94,179.99,-19.94,0
2026-06-22T02:00:00.000,13.3,208.63,-11.68,-6.37
2026-06-22T02:10:00.000,12.21,221.53,-9.14,-8.1
2026-06-22T02:20:00.000,9.62,207.61,-8.52,-4.46
2026-06-22T02:30:00.000,3.08,169.51,-3.02,0.56
2026-06-22T02:40:00.000,1.95,215.34,-1.59,-1.13
2026-06-22T02:50:00.000,5.3,282.46,1.14,-5.18
2026-06-22T03:00:00.000,4.95,282.31,1.05,-4.83
2026-06-22T03:10:00.000,4.6,288.99,1.5,-4.35
2026-06-22T03:20:00.000,0.7,250.45,-0.23,-0.66
2026-06-22T03:30:00.000,3.02,240.08,-1.51,-2.62
2026-06-22T03:40:00.000,5.19,282.56,1.13,-5.06
2026-06-22T03:50:00.000,3.76,216.99,-3,-2.26
2026-06-22T04:00:00.000,4.69,146.98,-3.93,2.56
2026-06-22T04:10:00.000,4.62,140.57,-3.57,2.94
2026-06-22T04:20:00.000,0.8,245.95,-0.33,-0.73
2026-06-22T04:30:00.000,2.01,237.26,-1.09,-1.69
2026-06-22T04:40:00.000,2.01,208.03,-1.77,-0.94
2026-06-22T04:50:00.000,1.43,166.45,-1.39,0.34
2026-06-22T05:00:00.000,2.31,114.78,-0.97,2.1
2026-06-22T05:10:00.000,4.83,97.86,-0.66,4.78
2026-06-22T05:20:00.000,4.37,77.42,0.95,4.27
2026-06-22T05:30:00.000,6.05,91.08,-0.11,6.04
2026-06-22T05:40:00.000,2.61,101.46,-0.52,2.56
2026-06-22T05:50:00.000,0.64,10.11,0.63,0.11
2026-06-22T06:00:00.000,0.63,277.23,0.08,-0.62
2026-06-22T06:10:00.000,9.81,246.72,-3.88,-9.01
2026-06-22T06:20:00.000,10.67,250.49,-3.56,-10.06
2026-06-22T06:30:00.000,7.64,229.56,-4.95,-5.81
2026-06-22T06:40:00.000,6.55,204.82,-5.95,-2.75
2026-06-22T06:50:00.000,7.87,197.33,-7.52,-2.35
2026-06-22T07:00:00.000,11.88,208.58,-10.43,-5.68
2026-06-22T07:10:00.000,14.58,214.97,-11.95,-8.36
2026-06-22T07:20:00.000,17.03,204.82,-15.46,-7.15
2026-06-22T07:30:00.000,15.81,210.67,-13.6,-8.07
2026-06-22T07:40:00.000,11.7,226.04,-8.12,-8.42
2026-06-22T07:50:00.000,2.99,193.65,-2.9,-0.71
2026-06-22T08:00:00.000,7.41,146.5,-6.18,4.09
2026-06-22T08:10:00.000,6.89,152.12,-6.09,3.22
2026-06-22T08:20:00.000,4.5,171.15,-4.44,0.69
2026-06-22T08:30:00.000,4.22,164.68,-4.07,1.11
2026-06-22T08:40:00.000,3.32,137.88,-2.46,2.23
2026-06-22T08:50:00.000,1.72,194.12,-1.67,-0.42
2026-06-22T09:00:00.000,2.43,229.04,-1.6,-1.84
2026-06-22T09:10:00.000,6.2,215.56,-5.04,-3.6
2026-06-22T09:20:00.000,12.95,182.28,-12.94,-0.51
2026-06-22T09:30:00.000,19.18,165.77,-18.6,4.72
2026-06-22T09:40:00.000,25.31,165.64,-24.52,6.28
2026-06-22T09:50:00.000,20.15,191.49,-19.75,-4.01
2026-06-22T10:00:00.000,12.11,213.45,-10.1,-6.67
2026-06-22T10:10:00.000,14.89,189.39,-14.69,-2.43
2026-06-22T10:20:00.000,34.77,165.68,-33.69,8.6
2026-06-22T10:30:00.000,44.46,173.92,-44.21,4.71
2026-06-22T10:40:00.000,27.76,194.85,-26.83,-7.12
2026-06-22T10:50:00.000,15.88,245.81,-6.51,-14.49
2026-06-22T11:00:00.000,8.28,55.4,4.7,6.81
2026-06-22T11:10:00.000,35.04,133.73,-24.22,25.32
2026-06-22T11:20:00.000,18.42,154.36,-16.6,7.97
2026-06-22T11:30:00.000,4.51,203.56,-4.14,-1.8
2026-06-22T11:40:00.000,1.19,321.92,0.93,-0.73
2026-06-22T11:50:00.000,9.11,9.8,8.98,1.55
2026-06-22T12:00:00.000,16.37,112.22,-6.19,15.15
2026-06-22T12:10:00.000,24.61,116.1,-10.83,22.1
2026-06-22T12:20:00.000,40.1,143.44,-32.21,23.88
2026-06-22T12:30:00.000,27.99,143.56,-22.52,16.62
2026-06-22T12:40:00.000,14.89,130.96,-9.76,11.25
2026-06-22T12:50:00.000,16.87,308.63,10.53,-13.18
2026-06-22T13:00:00.000,11.78,311.33,7.78,-8.84
2026-06-22T13:10:00.000,0.91,186.29,-0.91,-0.1
2026-06-22T13:20:00.000,12.44,199.01,-11.76,-4.05
2026-06-22T13:30:00.000,6.81,312.17,4.58,-5.05
2026-06-22T13:40:00.000,31.76,229.23,-20.74,-24.05
2026-06-22T13:50:00.000,29.59,212.93,-24.83,-16.08
2026-06-22T14:00:00.000,17.99,205.46,-16.24,-7.73
2026-06-22T14:10:00.000,9.03,213.52,-7.53,-4.99
2026-06-22T14:20:00.000,14.66,226.4,-10.11,-10.61
2026-06-22T14:30:00.000,16.1,241.57,-7.66,-14.16
2026-06-22T14:40:00.000,3.64,177.4,-3.64,0.16
2026-06-22T14:50:00.000,8.37,110.76,-2.97,7.83
2026-06-22T15:00:00.000,14.23,113.99,-5.79,13.01
2026-06-22T15:10:00.000,12.36,108.56,-3.93,11.72
2026-06-22T15:20:00.000,3.44,320.73,2.66,-2.18
2026-06-22T15:30:00.000,3.52,339.14,3.29,-1.25
2026-06-22T15:40:00.000,5.86,32.9,4.92,3.18
2026-06-22T15:50:00.000,4.84,78.14,1,4.74
2026-06-22T16:00:00.000,3.36,270.79,0.05,-3.36
2026-06-22T16:10:00.000,3.69,19.21,3.48,1.21
2026-06-22T16:20:00.000,7.27,59.3,3.71,6.25
2026-06-22T16:30:00.000,9.66,58.15,5.1,8.21
2026-06-22T16:40:00.000,8.32,45.17,5.87,5.9
2026-06-22T16:50:00.000,8.72,73.5,2.48,8.36
2026-06-22T17:00:00.000,6.5,72.6,1.94,6.2
2026-06-22T17:10:00.000,2.21,8.95,2.19,0.34
2026-06-22T17:20:00.000,1.33,302.98,0.72,-1.11
2026-06-22T17:30:00.000,8.3,296.43,3.69,-7.43
2026-06-22T17:40:00.000,15.96,236.13,-8.9,-13.25
2026-06-22T17:50:00.000,8.67,201.24,-8.08,-3.14
2026-06-22T18:00:00.000,7.69,203.85,-7.04,-3.11
2026-06-22T18:10:00.000,13.13,212.53,-11.07,-7.06
2026-06-22T18:20:00.000,10.58,231.12,-6.64,-8.23
2026-06-22T18:30:00.000,14.56,215.74,-11.81,-8.5
2026-06-22T18:40:00.000,19.53,224.54,-13.92,-13.7
2026-06-22T18:50:00.000,16.57,225.92,-11.53,-11.91
2026-06-22T19:00:00.000,13.55,210.47,-11.67,-6.87
2026-06-22T19:10:00.000,14.86,199.86,-13.98,-5.05
2026-06-22T19:20:00.000,15.28,211.98,-12.96,-8.09
2026-06-22T19:30:00.000,13.72,215.72,-11.14,-8.01
2026-06-22T19:40:00.000,12.08,222.26,-8.94,-8.13
2026-06-22T19:50:00.000,6.09,235.78,-3.42,-5.04
2026-06-22T20:00:00.000,6.39,234.51,-3.71,-5.2
2026-06-22T20:10:00.000,6.28,220.19,-4.8,-4.05
2026-06-22T20:20:00.000,5.3,210.64,-4.56,-2.7
2026-06-22T20:30:00.000,7.64,197.01,-7.3,-2.23
2026-06-22T20:40:00.000,14.26,181.39,-14.25,-0.35
2026-06-22T20:50:00.000,16.14,177.53,-16.12,0.7
2026-06-22T21:00:00.000,16.7,186.32,-16.6,-1.84
2026-06-22T21:10:00.000,15.43,189.91,-15.2,-2.66
2026-06-22T21:20:00.000,11.16,181.58,-11.15,-0.31
2026-06-22T21:30:00.000,20.68,172.44,-20.5,2.72
2026-06-22T21:40:00.000,23.32,177.32,-23.29,1.09
2026-06-22T21:50:00.000,26.05,189.34,-25.7,-4.22
2026-06-22T22:00:00.000,22.46,193.83,-21.8,-5.37
2026-06-22T22:10:00.000,15.61,197.46,-14.89,-4.69
2026-06-22T22:20:00.000,11.8,143.5,-9.49,7.02
2026-06-22T22:30:00.000,17.47,150.45,-15.2,8.62
2026-06-22T22:40:00.000,9.48,162.83,-9.05,2.8
2026-06-22T22:50:00.000,13.08,203,-12.04,-5.11
2026-06-22T23:00:00.000,7.13,315.22,5.06,-5.02
2026-06-22T23:10:00.000,5.4,357.05,5.4,-0.28
2026-06-22T23:20:00.000,34.18,103.04,-7.71,33.3
2026-06-22T23:30:00.000,16.15,132.1,-10.83,11.98
2026-06-22T23:40:00.000,18.72,187.4,-18.56,-2.41
2026-06-22T23:50:00.000,9.37,193.52,-9.11,-2.19
2026-06-23T00:00:00.000,15.58,29.15,13.61,7.59
2026-06-23T00:10:00.000,42.34,50.26,27.07,32.56
2026-06-23T00:20:00.000,53,87.33,2.47,52.94
2026-06-23T00:30:00.000,22.63,140.33,-17.42,14.45
2026-06-23T00:40:00.000,26.95,164.59,-25.98,7.16
2026-06-23T00:50:00.000,9.27,189.43,-9.15,-1.52
2026-06-23T01:00:00.000,33.45,293.38,13.27,-30.7
2026-06-23T01:10:00.000,23.63,31.78,20.09,12.44
2026-06-23T01:20:00.000,18.37,129.22,-11.61,14.23
2026-06-23T01:30:00.000,27.76,238.77,-14.39,-23.74
2026-06-23T01:40:00.000,18.95,224.82,-13.44,-13.36
2026-06-23T01:50:00.000,16.11,219.13,-12.49,-10.16
2026-06-23T02:00:00.000,15.11,195.11,-14.59,-3.94
2026-06-23T02:10:00.000,18.95,187.3,-18.8,-2.41
2026-06-23T02:20:00.000,14.95,207.27,-13.29,-6.85
2026-06-23T02:30:00.000,6.78,232.03,-4.17,-5.34
2026-06-23T02:40:00.000,3.54,270.25,0.02,-3.54
2026-06-23T02:50:00.000,1.57,43.16,1.15,1.08
2026-06-23T03:00:00.000,3.64,333.32,3.25,-1.63
2026-06-23T03:10:00.000,5.63,310.85,3.68,-4.26
2026-06-23T03:20:00.000,2.84,331.81,2.5,-1.34
2026-06-23T03:30:00.000,10.64,325.8,8.8,-5.98
2026-06-23T03:40:00.000,6.9,355.56,6.88,-0.53
2026-06-23T03:50:00.000,8.62,108.89,-2.79,8.16
2026-06-23T04:00:00.000,18.74,141.36,-14.64,11.7
2026-06-23T04:10:00.000,11.53,155.4,-10.48,4.8
2026-06-23T04:20:00.000,7.33,151.89,-6.47,3.46
2026-06-23T04:30:00.000,4.11,171.74,-4.06,0.59
2026-06-23T04:40:00.000,2.54,103.72,-0.6,2.46
2026-06-23T04:50:00.000,2.71,96.83,-0.32,2.69
2026-06-23T05:00:00.000,0.84,245.12,-0.35,-0.76
2026-06-23T05:10:00.000,2.67,213.58,-2.22,-1.48
2026-06-23T05:20:00.000,6.32,230.25,-4.04,-4.86
2026-06-23T05:30:00.000,8.24,223.89,-5.94,-5.72
2026-06-23T05:40:00.000,5.87,221.43,-4.4,-3.88
2026-06-23T05:50:00.000,5.47,158.87,-5.11,1.97
2026-06-23T06:00:00.000,8.6,144.9,-7.04,4.95
2026-06-23T06:10:00.000,2.99,149.1,-2.56,1.53
2026-06-23T06:20:00.000,7.6,212.16,-6.43,-4.05
2026-06-23T06:30:00.000,4.58,249.21,-1.63,-4.28
2026-06-23T06:40:00.000,9.53,235.11,-5.45,-7.82
2026-06-23T06:50:00.000,14.79,249.67,-5.14,-13.87
2026-06-23T07:00:00.000,9.62,245.29,-4.02,-8.74
2026-06-23T07:10:00.000,7.84,245.58,-3.24,-7.14
2026-06-23T07:20:00.000,3.38,246.65,-1.34,-3.1
2026-06-23T07:30:00.000,4.57,245.25,-1.91,-4.15
2026-06-23T07:40:00.000,4.33,250.46,-1.45,-4.08
2026-06-23T07:50:00.000,2.64,284.13,0.64,-2.56
2026-06-23T08:00:00.000,2.72,327.28,2.29,-1.47
2026-06-23T08:10:00.000,3.1,35.51,2.52,1.8
2026-06-23T08:20:00.000,3.87,65.05,1.63,3.51
2026-06-23T08:30:00.000,1.6,40.88,1.21,1.05
2026-06-23T08:40:00.000,2.49,68.38,0.92,2.32
2026-06-23T08:50:00.000,7.19,119.27,-3.52,6.27
2026-06-23T09:00:00.000,4.63,123.66,-2.56,3.85
2026-06-23T09:10:00.000,4.01,159.89,-3.77,1.38
2026-06-23T09:20:00.000,3.58,159.39,-3.35,1.26
2026-06-23T09:30:00.000,3.56,180.03,-3.56,0
2026-06-23T09:40:00.000,11.28,149.28,-9.69,5.76
2026-06-23T09:50:00.000,24.57,163.48,-23.56,6.99
2026-06-23T10:00:00.000,32.23,160.05,-30.3,11
2026-06-23T10:10:00.000,29.11,171.99,-28.82,4.06
2026-06-23T10:20:00.000,14.42,203.23,-13.25,-5.69
2026-06-23T10:30:00.000,2.59,213.33,-2.16,-1.42
2026-06-23T10:40:00.000,26.2,140.21,-20.13,16.76
2026-06-23T10:50:00.000,29.91,168.5,-29.3,5.96
2026-06-23T11:00:00.000,18.79,208.45,-16.52,-8.95
2026-06-23T11:10:00.000,20.53,271.71,0.61,-20.52
2026-06-23T11:20:00.000,9.38,340.8,8.85,-3.08
2026-06-23T11:30:00.000,35.14,108.7,-11.27,33.29
2026-06-23T11:40:00.000,11.98,120.11,-6.01,10.37
2026-06-23T11:50:00.000,4.58,38.07,3.6,2.82
2026-06-23T12:00:00.000,19.04,54.94,10.94,15.58
2026-06-23T12:10:00.000,29.24,32.41,24.69,15.67
2026-06-23T12:20:00.000,30.67,74.72,8.08,29.59
2026-06-23T12:30:00.000,12.61,91.28,-0.28,12.6
2026-06-23T12:40:00.000,39.58,179.83,-39.58,0.12
2026-06-23T12:50:00.000,37.69,173.99,-37.49,3.95
2026-06-23T13:00:00.000,20.06,200.45,-18.8,-7.01
2026-06-23T13:10:00.000,17.36,228.21,-11.57,-12.94
2026-06-23T13:20:00.000,26.63,341.02,25.18,-8.66
2026-06-23T13:30:00.000,6.37,14.1,6.18,1.55
2026-06-23T13:40:00.000,2.05,311.21,1.35,-1.54
2026-06-23T13:50:00.000,8.21,298.61,3.93,-7.21
2026-06-23T14:00:00.000,18.6,250.31,-6.27,-17.52
2026-06-23T14:10:00.000,14.1,192.9,-13.74,-3.15
2026-06-23T14:20:00.000,3.8,285.21,1,-3.66
2026-06-23T14:30:00.000,7.37,242.18,-3.44,-6.52
2026-06-23T14:40:00.000,8.81,256.85,-2,-8.58
2026-06-23T14:50:00.000,2.93,204.58,-2.66,-1.22
2026-06-23T15:00:00.000,4.03,106.15,-1.12,3.87
2026-06-23T15:10:00.000,3.66,112.62,-1.41,3.37
2026-06-23T15:20:00.000,3.88,292.17,1.46,-3.59
2026-06-23T15:30:00.000,12.29,333.26,10.98,-5.53
2026-06-23T15:40:00.000,7.6,31.44,6.48,3.96
2026-06-23T15:50:00.000,7.85,94.93,-0.68,7.82
2026-06-23T16:00:00.000,9.09,124.69,-5.17,7.47
2026-06-23T16:10:00.000,3.49,162.81,-3.33,1.03
2026-06-23T16:20:00.000,2.53,202.92,-2.33,-0.99
2026-06-23T16:30:00.000,1.75,208.96,-1.53,-0.85
2026-06-23T16:40:00.000,4.49,333.23,4.01,-2.02
2026-06-23T16:50:00.000,4.53,3.84,4.52,0.3
2026-06-23T17:00:00.000,4.69,52.3,2.87,3.71
2026-06-23T17:10:00.000,3.88,10.42,3.82,0.7
2026-06-23T17:20:00.000,3.53,321.52,2.76,-2.2
2026-06-23T17:30:00.000,6.48,338.34,6.02,-2.39
2026-06-23T17:40:00.000,3.84,355.3,3.83,-0.32
2026-06-23T17:50:00.000,4.44,356.11,4.43,-0.3
2026-06-23T18:00:00.000,2.73,5.14,2.72,0.24
2026-06-23T18:10:00.000,2.66,52.69,1.61,2.11
2026-06-23T18:20:00.000,1.09,207.2,-0.97,-0.5
2026-06-23T18:30:00.000,6.2,231.9,-3.83,-4.88
2026-06-23T18:40:00.000,8.96,264.52,-0.86,-8.92
2026-06-23T18:50:00.000,18.16,260.45,-3.01,-17.91
2026-06-23T19:00:00.000,12.81,270.56,0.13,-12.81
2026-06-23T19:10:00.000,7.94,264.22,-0.8,-7.9
2026-06-23T19:20:00.000,3.67,259.64,-0.66,-3.61
2026-06-23T19:30:00.000,0.69,256.54,-0.16,-0.68
2026-06-23T19:40:00.000,1.62,145.43,-1.33,0.92
2026-06-23T19:50:00.000,11.28,151.42,-9.91,5.4
2026-06-23T20:00:00.000,13.11,163.77,-12.59,3.66
2026-06-23T20:10:00.000,8.72,228.93,-5.73,-6.58
2026-06-23T20:20:00.000,7.82,233.57,-4.65,-6.29
2026-06-23T20:30:00.000,7.27,264.86,-0.65,-7.24
2026-06-23T20:40:00.000,3.97,211.53,-3.38,-2.08
2026-06-23T20:50:00.000,11.58,172.86,-11.49,1.44
2026-06-23T21:00:00.000,7.43,170.42,-7.33,1.24
2026-06-23T21:10:00.000,6.03,214.25,-4.98,-3.39
2026-06-23T21:20:00.000,11.94,192.36,-11.66,-2.56
2026-06-23T21:30:00.000,5.88,190.5,-5.79,-1.07
2026-06-23T21:40:00.000,6.83,199.57,-6.44,-2.29
2026-06-23T21:50:00.000,12.95,184.56,-12.91,-1.03
2026-06-23T22:00:00.000,18.12,176.37,-18.08,1.15
2026-06-23T22:10:00.000,20.6,177.18,-20.57,1.01
2026-06-23T22:20:00.000,17.15,181.23,-17.15,-0.37
2026-06-23T22:30:00.000,16.04,200.17,-15.06,-5.53
2026-06-23T22:40:00.000,5.3,213.56,-4.41,-2.93
2026-06-23T22:50:00.000,4.07,149.41,-3.51,2.07
2026-06-23T23:00:00.000,13.94,143.93,-11.27,8.21
2026-06-23T23:10:00.000,3.59,170.53,-3.55,0.59
2026-06-23T23:20:00.000,12.39,251.5,-3.93,-11.75
2026-06-23T23:30:00.000,10.44,270.54,0.1,-10.44
2026-06-23T23:40:00.000,1.06,322.83,0.85,-0.64
2026-06-23T23:50:00.000,29.93,117.34,-13.75,26.58
2026-06-24T00:00:00.000,11.12,105.88,-3.04,10.69
2026-06-24T00:10:00.000,4.75,330.78,4.14,-2.32
2026-06-24T00:20:00.000,15.24,48.24,10.15,11.37
2026-06-24T00:30:00.000,28.91,68.75,10.48,26.94
2026-06-24T00:40:00.000,20.92,90.41,-0.15,20.92
2026-06-24T00:50:00.000,11.87,127.8,-7.28,9.38
2026-06-24T01:00:00.000,25.32,157.77,-23.44,9.58
2026-06-24T01:10:00.000,22.97,163.1,-21.97,6.68
2026-06-24T01:20:00.000,10.12,164.98,-9.78,2.62
2026-06-24T01:30:00.000,5.58,313.69,3.85,-4.04
2026-06-24T01:40:00.000,35.06,281.76,7.15,-34.33
2026-06-24T01:50:00.000,21.23,291.83,7.89,-19.71
2026-06-24T02:00:00.000,22.25,232.6,-13.51,-17.68
2026-06-24T02:10:00.000,17.93,192.23,-17.53,-3.8
2026-06-24T02:20:00.000,7.8,210.12,-6.74,-3.91
2026-06-24T02:30:00.000,4.35,252.94,-1.28,-4.16
2026-06-24T02:40:00.000,7.82,157.51,-7.22,2.99
2026-06-24T02:50:00.000,5.85,149.75,-5.05,2.95
2026-06-24T03:00:00.000,1.02,352.02,1.01,-0.14
2026-06-24T03:10:00.000,10.81,347.21,10.54,-2.39
2026-06-24T03:20:00.000,3.99,328.2,3.39,-2.1
2026-06-24T03:30:00.000,8.2,292.43,3.13,-7.58
2026-06-24T03:40:00.000,9.14,294.9,3.85,-8.29
2026-06-24T03:50:00.000,5.13,322.98,4.1,-3.09
2026-06-24T04:00:00.000,9.2,344.46,8.86,-2.46
2026-06-24T04:10:00.000,9.08,325.3,7.46,-5.17
2026-06-24T04:20:00.000,3.27,343.02,3.13,-0.95
2026-06-24T04:30:00.000,3.33,307.95,2.05,-2.62
2026-06-24T04:40:00.000,1.55,327.26,1.31,-0.84
2026-06-24T04:50:00.000,4.41,331.8,3.89,-2.08
2026-06-24T05:00:00.000,5.82,300.28,2.93,-5.03
2026-06-24T05:10:00.000,3.51,2.76,3.51,0.17
2026-06-24T05:20:00.000,3.95,36.7,3.16,2.36
2026-06-24T05:30:00.000,0.44,284.15,0.11,-0.43
2026-06-24T05:40:00.000,2.55,310.75,1.67,-1.93
2026-06-24T05:50:00.000,0.67,269.95,0,-0.67
2026-06-24T06:00:00.000,0.73,264.98,-0.06,-0.73
2026-06-24T06:10:00.000,8.12,239.18,-4.16,-6.97
2026-06-24T06:20:00.000,4.01,197.04,-3.83,-1.17
2026-06-24T06:30:00.000,6.3,182.29,-6.29,-0.25
2026-06-24T06:40:00.000,5.77,215.5,-4.69,-3.35
2026-06-24T06:50:00.000,3.28,231.94,-2.02,-2.58
2026-06-24T07:00:00.000,3.19,269.69,-0.02,-3.19
2026-06-24T07:10:00.000,2.33,264.11,-0.24,-2.31
2026-06-24T07:20:00.000,2.33,232.09,-1.43,-1.84
2026-06-24T07:30:00.000,4.76,223.53,-3.45,-3.28
2026-06-24T07:40:00.000,4.79,215.79,-3.88,-2.8
2026-06-24T07:50:00.000,9.33,206.34,-8.36,-4.14
2026-06-24T08:00:00.000,7.58,193.86,-7.35,-1.81
2026-06-24T08:10:00.000,10.05,175.64,-10.03,0.76
2026-06-24T08:20:00.000,2.96,149.26,-2.55,1.51
2026-06-24T08:30:00.000,3.37,130.25,-2.17,2.57
2026-06-24T08:40:00.000,5.14,103.35,-1.19,5
2026-06-24T08:50:00.000,4.49,122.05,-2.38,3.8
2026-06-24T09:00:00.000,4.32,217.67,-3.42,-2.64
2026-06-24T09:10:00.000,14.24,224.16,-10.22,-9.92
2026-06-24T09:20:00.000,11.3,202.96,-10.4,-4.41
2026-06-24T09:30:00.000,19.14,184.29,-19.09,-1.43
2026-06-24T09:40:00.000,19.79,158.26,-18.39,7.33
2026-06-24T09:50:00.000,24.64,157.22,-22.72,9.54
2026-06-24T10:00:00.000,22.26,150.33,-19.34,11.02
2026-06-24T10:10:00.000,11.02,149.17,-9.46,5.65
2026-06-24T10:20:00.000,1.79,261.65,-0.26,-1.77
2026-06-24T10:30:00.000,3.88,6.49,3.85,0.44
2026-06-24T10:40:00.000,12.54,104.28,-3.09,12.15
2026-06-24T10:50:00.000,8.95,127.61,-5.46,7.09
2026-06-24T11:00:00.000,0.95,217.68,-0.75,-0.58
2026-06-24T11:10:00.000,4.79,180.42,-4.79,-0.04
2026-06-24T11:20:00.000,7.01,145.92,-5.8,3.93
2026-06-24T11:30:00.000,10.15,98.55,-1.51,10.04
2026-06-24T11:40:00.000,7.08,91.11,-0.14,7.08
2026-06-24T11:50:00.000,6.09,99.29,-0.98,6.01
2026-06-24T12:00:00.000,4.67,27.96,4.13,2.19
2026-06-24T12:10:00.000,2.45,335.19,2.22,-1.03
2026-06-24T12:20:00.000,4.55,22.63,4.2,1.75
2026-06-24T12:30:00.000,5.87,69.09,2.09,5.48
2026-06-24T12:40:00.000,3.76,92.39,-0.16,3.76
2026-06-24T12:50:00.000,14.65,80.56,2.4,14.45
2026-06-24T13:00:00.000,14.09,89.64,0.09,14.09
2026-06-24T13:10:00.000,10,121.74,-5.26,8.51
2026-06-24T13:20:00.000,12.8,166.65,-12.45,2.95
2026-06-24T13:30:00.000,4.5,257.73,-0.96,-4.4
2026-06-24T13:40:00.000,11.31,314.91,7.99,-8.01
2026-06-24T13:50:00.000,19.26,311.94,12.87,-14.32
2026-06-24T14:00:00.000,14.58,252.47,-4.39,-13.9
2026-06-24T14:10:00.000,19.31,204.32,-17.59,-7.95
2026-06-24T14:20:00.000,12.44,201.16,-11.6,-4.49
2026-06-24T14:30:00.000,4.38,238.78,-2.27,-3.74
2026-06-24T14:40:00.000,2.18,152.18,-1.93,1.02
2026-06-24T14:50:00.000,3.07,45.04,2.17,2.17
2026-06-24T15:00:00.000,3.37,46.52,2.32,2.45
2026-06-24T15:10:00.000,4.79,48.14,3.19,3.57
2026-06-24T15:20:00.000,12.34,358.75,12.34,-0.27
2026-06-24T15:30:00.000,5.65,353.46,5.61,-0.64
2026-06-24T15:40:00.000,3.52,44.54,2.51,2.47
2026-06-24T15:50:00.000,3.7,47.45,2.5,2.73
2026-06-24T16:00:00.000,2.13,1.17,2.13,0.04
2026-06-24T16:10:00.000,2.03,0.03,2.03,0
2026-06-24T16:20:00.000,4.18,74.12,1.14,4.02
2026-06-24T16:30:00.000,5.36,83.58,0.6,5.32
2026-06-24T16:40:00.000,5.16,171.29,-5.1,0.78
2026-06-24T16:50:00.000,4.61,245.25,-1.93,-4.19
2026-06-24T17:00:00.000,13.37,48.48,8.87,10.01
2026-06-24T17:10:00.000,5.14,89.88,0.01,5.14
2026-06-24T17:20:00.000,3.65,103.99,-0.88,3.54
2026-06-24T17:30:00.000,1.31,132.57,-0.89,0.96
2026-06-24T17:40:00.000,3.71,174.51,-3.69,0.36
2026-06-24T17:50:00.000,4.27,228.57,-2.83,-3.2
2026-06-24T18:00:00.000,12.36,241.43,-5.91,-10.86
2026-06-24T18:10:00.000,4.95,325.99,4.1,-2.77
2026-06-24T18:20:00.000,9.4,246.03,-3.82,-8.59
2026-06-24T18:30:00.000,6.11,245.77,-2.51,-5.57
2026-06-24T18:40:00.000,7.39,221.86,-5.5,-4.93
2026-06-24T18:50:00.000,7.17,220.82,-5.42,-4.68
2026-06-24T19:00:00.000,6.15,190.52,-6.05,-1.12
2026-06-24T19:10:00.000,4.65,163.7,-4.47,1.31
2026-06-24T19:20:00.000,10.05,174.45,-10,0.97
2026-06-24T19:30:00.000,5.31,210.98,-4.55,-2.73
2026-06-24T19:40:00.000,7.68,233.36,-4.58,-6.16
2026-06-24T19:50:00.000,2.41,251.59,-0.76,-2.29
2026-06-24T20:00:00.000,1.26,269.74,-0.01,-1.26
2026-06-24T20:10:00.000,0.7,263.3,-0.08,-0.69
2026-06-24T20:20:00.000,2.96,192.03,-2.9,-0.62
2026-06-24T20:30:00.000,5.25,208.45,-4.62,-2.5
2026-06-24T20:40:00.000,8.77,212.32,-7.41,-4.69
2026-06-24T20:50:00.000,8.15,222.98,-5.97,-5.56
2026-06-24T21:00:00.000,7.84,226.95,-5.35,-5.73
2026-06-24T21:10:00.000,6.72,220.05,-5.14,-4.32
2026-06-24T21:20:00.000,6.06,205.44,-5.47,-2.6
2026-06-24T21:30:00.000,10.62,211.89,-9.02,-5.61
2026-06-24T21:40:00.000,7.79,206.53,-6.97,-3.48
2026-06-24T21:50:00.000,7.7,218.76,-6,-4.82
2026-06-24T22:00:00.000,5.76,192.55,-5.62,-1.25
2026-06-24T22:10:00.000,6.72,177.88,-6.72,0.25
2026-06-24T22:20:00.000,10.71,153.76,-9.61,4.74
2026-06-24T22:30:00.000,10.55,152.79,-9.38,4.82
2026-06-24T22:40:00.000,13.69,156.11,-12.52,5.54
2026-06-24T22:50:00.000,8.49,178.75,-8.49,0.19
2026-06-24T23:00:00.000,6.42,172.62,-6.37,0.83
2026-06-24T23:10:00.000,11.27,191.99,-11.02,-2.34
2026-06-24T23:20:00.000,13.9,193.66,-13.51,-3.28
2026-06-24T23:30:00.000,12.12,221.07,-9.14,-7.97
2026-06-24T23:40:00.000,5.56,225.34,-3.91,-3.95
2026-06-24T23:50:00.000,5.25,187.76,-5.21,-0.71
2026-06-25T00:00:00.000,3.74,174.11,-3.72,0.38
2026-06-25T00:10:00.000,4.44,157.14,-4.1,1.73
2026-06-25T00:20:00.000,9.3,172.55,-9.22,1.21
2026-06-25T00:30:00.000,11.08,176.14,-11.05,0.75
2026-06-25T00:40:00.000,8.42,177.74,-8.41,0.33
2026-06-25T00:50:00.000,5.7,170.9,-5.63,0.9
2026-06-25T01:00:00.000,2.71,166.54,-2.63,0.63
2026-06-25T01:10:00.000,1.77,197.3,-1.69,-0.53
2026-06-25T01:20:00.000,0.69,257.63,-0.15,-0.67
2026-06-25T01:30:00.000,0.69,264.27,-0.07,-0.68
2026-06-25T01:40:00.000,2.66,87.42,0.12,2.66
2026-06-25T01:50:00.000,1.54,61.44,0.74,1.35
2026-06-25T02:00:00.000,0.44,275.7,0.04,-0.43
2026-06-25T02:10:00.000,0.66,228.62,-0.44,-0.5
2026-06-25T02:20:00.000,4.58,156.59,-4.21,1.82
2026-06-25T02:30:00.000,7.5,127.37,-4.55,5.96
2026-06-25T02:40:00.000,2.97,140.21,-2.28,1.9
2026-06-25T02:50:00.000,0.53,285.89,0.14,-0.51
2026-06-25T03:00:00.000,1.19,265.42,-0.1,-1.19
2026-06-25T03:10:00.000,6.31,299.45,3.1,-5.49
2026-06-25T03:20:00.000,12.35,305.19,7.12,-10.1
2026-06-25T03:30:00.000,13.1,328.01,11.11,-6.94
2026-06-25T03:40:00.000,9.22,337.16,8.49,-3.58
2026-06-25T03:50:00.000,2.42,347.4,2.36,-0.53
2026-06-25T04:00:00.000,4.58,15.83,4.41,1.25
2026-06-25T04:10:00.000,2.77,12.75,2.71,0.61
2026-06-25T04:20:00.000,2.71,345.02,2.61,-0.7
2026-06-25T04:30:00.000,3.35,301.93,1.77,-2.84
2026-06-25T04:40:00.000,5.23,320.68,4.05,-3.31
2026-06-25T04:50:00.000,0.79,295.12,0.33,-0.71
2026-06-25T05:00:00.000,1.47,232.88,-0.89,-1.17
2026-06-25T05:10:00.000,2.83,176.84,-2.83,0.16
2026-06-25T05:20:00.000,5.32,180.99,-5.32,-0.09
2026-06-25T05:30:00.000,5.17,215.07,-4.24,-2.97
2026-06-25T05:40:00.000,5.31,222.68,-3.9,-3.6
2026-06-25T05:50:00.000,9.03,246.83,-3.55,-8.3
2026-06-25T06:00:00.000,5.96,290.04,2.04,-5.6
2026-06-25T06:10:00.000,1.03,316.24,0.74,-0.71
2026-06-25T06:20:00.000,0.74,322.27,0.59,-0.45
2026-06-25T06:30:00.000,0.8,138.77,-0.6,0.53
2026-06-25T06:40:00.000,0.54,261.73,-0.08,-0.54
2026-06-25T06:50:00.000,1.38,300,0.69,-1.2
2026-06-25T07:00:00.000,1.21,272.26,0.05,-1.21
2026-06-25T07:10:00.000,3.14,235.4,-1.78,-2.58
2026-06-25T07:20:00.000,5.43,194.5,-5.26,-1.36
2026-06-25T07:30:00.000,6.49,183.16,-6.48,-0.36
2026-06-25T07:40:00.000,5.75,187.16,-5.7,-0.72
2026-06-25T07:50:00.000,6.08,180.8,-6.08,-0.09
2026-06-25T08:00:00.000,5.05,177.86,-5.05,0.19
2026-06-25T08:10:00.000,7.26,191.82,-7.11,-1.49
2026-06-25T08:20:00.000,5.5,205.25,-4.98,-2.35
2026-06-25T08:30:00.000,4.81,209.37,-4.19,-2.36
2026-06-25T08:40:00.000,3.85,212.32,-3.25,-2.06
2026-06-25T08:50:00.000,4.17,218.65,-3.26,-2.61
2026-06-25T09:00:00.000,5.2,228.34,-3.46,-3.88
2026-06-25T09:10:00.000,6.16,218.53,-4.82,-3.84
2026-06-25T09:20:00.000,5.44,191.34,-5.33,-1.07
2026-06-25T09:30:00.000,4.39,187.91,-4.35,-0.6
2026-06-25T09:40:00.000,4.11,195.47,-3.96,-1.1
2026-06-25T09:50:00.000,4.15,194.22,-4.02,-1.02
2026-06-25T10:00:00.000,4.38,193.83,-4.25,-1.05
2026-06-25T10:10:00.000,4.19,197.74,-3.99,-1.28
2026-06-25T10:20:00.000,8.16,195.16,-7.87,-2.13
2026-06-25T10:30:00.000,12.75,190.01,-12.55,-2.22
2026-06-25T10:40:00.000,11.55,177.41,-11.54,0.52
2026-06-25T10:50:00.000,10.18,170.16,-10.03,1.74
2026-06-25T11:00:00.000,6.98,181.85,-6.98,-0.23
2026-06-25T11:10:00.000,9.13,210.36,-7.88,-4.62
2026-06-25T11:20:00.000,8.3,208.45,-7.29,-3.95
2026-06-25T11:30:00.000,12.4,184.96,-12.36,-1.07
2026-06-25T11:40:00.000,13.99,178.2,-13.98,0.44
2026-06-25T11:50:00.000,11.74,176.18,-11.71,0.78
2026-06-25T12:00:00.000,11.05,164.07,-10.63,3.03
2026-06-25T12:10:00.000,12.12,161.37,-11.48,3.87
2026-06-25T12:20:00.000,12.63,152.2,-11.17,5.89
2026-06-25T12:30:00.000,9.24,155.08,-8.38,3.89
2026-06-25T12:40:00.000,1.67,125.94,-0.98,1.35
2026-06-25T12:50:00.000,0.8,277.07,0.1,-0.8
2026-06-25T13:00:00.000,2.32,347.81,2.27,-0.49
2026-06-25T13:10:00.000,7.99,10.5,7.85,1.46
2026-06-25T13:20:00.000,13.3,26.32,11.92,5.9
2026-06-25T13:30:00.000,24.06,44.29,17.22,16.8
2026-06-25T13:40:00.000,26.26,41.38,19.7,17.36
2026-06-25T13:50:00.000,32.71,27.13,29.11,14.92
2026-06-25T14:00:00.000,25.57,49.3,16.67,19.38
2026-06-25T14:10:00.000,18.99,19.68,17.88,6.39
2026-06-25T14:20:00.000,17.99,2.56,17.97,0.8
2026-06-25T14:30:00.000,12.37,13.01,12.06,2.79
2026-06-25T14:40:00.000,5.95,35.07,4.87,3.42
2026-06-25T14:50:00.000,2.43,356.43,2.43,-0.15
2026-06-25T15:00:00.000,2.51,320.17,1.93,-1.61
2026-06-25T15:10:00.000,6.52,245.42,-2.71,-5.93
2026-06-25T15:20:00.000,8.6,216.85,-6.88,-5.16
2026-06-25T15:30:00.000,7.62,209.54,-6.63,-3.76
2026-06-25T15:40:00.000,8.34,196.85,-7.98,-2.42
2026-06-25T15:50:00.000,5.82,192.23,-5.69,-1.23
2026-06-25T16:00:00.000,4.6,162.11,-4.38,1.41
2026-06-25T16:10:00.000,6.66,131.48,-4.41,4.99
2026-06-25T16:20:00.000,6.16,111.18,-2.23,5.75
2026-06-25T16:30:00.000,3.47,147.55,-2.93,1.86
2026-06-25T16:40:00.000,9.12,359.74,9.12,-0.04
2026-06-25T16:50:00.000,4.5,323.79,3.63,-2.66
2026-06-25T17:00:00.000,10.93,262.25,-1.47,-10.83
2026-06-25T17:10:00.000,5.02,259.85,-0.88,-4.94
2026-06-25T17:20:00.000,3.91,235.76,-2.2,-3.23
2026-06-25T17:30:00.000,5.24,199.32,-4.95,-1.73
2026-06-25T17:40:00.000,4.56,189.05,-4.5,-0.72
2026-06-25T17:50:00.000,5.24,206.24,-4.7,-2.32
2026-06-25T18:00:00.000,4.55,242.4,-2.11,-4.03
2026-06-25T18:10:00.000,3.47,235.25,-1.98,-2.85
2026-06-25T18:20:00.000,3.27,216.66,-2.63,-1.95
2026-06-25T18:30:00.000,1.84,191.41,-1.8,-0.36
2026-06-25T18:40:00.000,4.04,209.19,-3.53,-1.97
2026-06-25T18:50:00.000,6.82,266.92,-0.37,-6.81
2026-06-25T19:00:00.000,6.73,266.34,-0.43,-6.72
2026-06-25T19:10:00.000,8.08,256.79,-1.85,-7.86
2026-06-25T19:20:00.000,6.1,250.92,-1.99,-5.77
2026-06-25T19:30:00.000,6.03,235.8,-3.39,-4.99
2026-06-25T19:40:00.000,6.9,236.11,-3.85,-5.73
2026-06-25T19:50:00.000,8.31,221.85,-6.19,-5.55
2026-06-25T20:00:00.000,9.02,214.81,-7.41,-5.15
2026-06-25T20:10:00.000,4.51,209.25,-3.93,-2.2
2026-06-25T20:20:00.000,4.75,200.81,-4.44,-1.69
2026-06-25T20:30:00.000,6.53,182.51,-6.53,-0.29
2026-06-25T20:40:00.000,5.71,186.56,-5.67,-0.65
2026-06-25T20:50:00.000,8.27,191.78,-8.09,-1.69
2026-06-25T21:00:00.000,9.81,184.19,-9.79,-0.72
2026-06-25T21:10:00.000,8.42,171.95,-8.33,1.18
2026-06-25T21:20:00.000,9.32,174.24,-9.28,0.94
2026-06-25T21:30:00.000,6.34,180.63,-6.34,-0.07
2026-06-25T21:40:00.000,6.28,186.13,-6.25,-0.67
2026-06-25T21:50:00.000,7.1,203.03,-6.53,-2.78
2026-06-25T22:00:00.000,3.15,171.3,-3.11,0.48
2026-06-25T22:10:00.000,6.68,219.93,-5.13,-4.29
2026-06-25T22:20:00.000,10.66,216.19,-8.6,-6.3
2026-06-25T22:30:00.000,11.99,226.43,-8.26,-8.69
2026-06-25T22:40:00.000,10.16,228.17,-6.78,-7.57
2026-06-25T22:50:00.000,6.61,227.55,-4.46,-4.88
2026-06-25T23:00:00.000,4.94,215.55,-4.02,-2.87
2026-06-25T23:10:00.000,8.01,201.38,-7.46,-2.92
2026-06-25T23:20:00.000,10.41,187.72,-10.31,-1.4
2026-06-25T23:30:00.000,6.34,186.58,-6.29,-0.73
2026-06-25T23:40:00.000,8.63,175.25,-8.6,0.71
2026-06-25T23:50:00.000,14.97,170.27,-14.75,2.53
2026-06-26T00:00:00.000,14.94,171.56,-14.78,2.19
2026-06-26T00:10:00.000,15.47,184.96,-15.42,-1.34
2026-06-26T00:20:00.000,5.16,188.55,-5.1,-0.77
2026-06-26T00:30:00.000,0.24,105.24,-0.06,0.23
2026-06-26T00:40:00.000,0.67,332.77,0.6,-0.31
2026-06-26T00:50:00.000,4.01,22.54,3.7,1.54
2026-06-26T01:00:00.000,1.86,23.2,1.71,0.73
2026-06-26T01:10:00.000,1.84,355.28,1.84,-0.15
2026-06-26T01:20:00.000,4.99,351.19,4.94,-0.76
2026-06-26T01:30:00.000,10.57,29.52,9.2,5.21
2026-06-26T01:40:00.000,13.84,65.33,5.78,12.58
2026-06-26T01:50:00.000,16.26,81.67,2.36,16.09
2026-06-26T02:00:00.000,11.57,87.62,0.48,11.56
2026-06-26T02:10:00.000,9.13,74.47,2.44,8.79
2026-06-26T02:20:00.000,7.1,80.98,1.11,7.02
2026-06-26T02:30:00.000,11.67,339.6,10.94,-4.07
2026-06-26T02:40:00.000,16.62,303.71,9.22,-13.82
2026-06-26T02:50:00.000,20.31,279.51,3.36,-20.03
2026-06-26T03:00:00.000,15.81,264.64,-1.48,-15.74
2026-06-26T03:10:00.000,12.39,268.78,-0.26,-12.39
2026-06-26T03:20:00.000,4.69,260.83,-0.75,-4.63
2026-06-26T03:30:00.000,2.19,181.55,-2.19,-0.06
2026-06-26T03:40:00.000,5.66,143.33,-4.54,3.38
2026-06-26T03:50:00.000,5.58,139.43,-4.24,3.63
2026-06-26T04:00:00.000,6.16,122.49,-3.31,5.2
2026-06-26T04:10:00.000,5.86,114.44,-2.42,5.34
2026-06-26T04:20:00.000,5.91,112.04,-2.22,5.48
2026-06-26T04:30:00.000,4.44,37.08,3.54,2.67
2026-06-26T04:40:00.000,4.68,15.13,4.52,1.22
2026-06-26T04:50:00.000,1.28,355.98,1.27,-0.09
2026-06-26T05:00:00.000,3.22,28.13,2.84,1.52
2026-06-26T05:10:00.000,4.07,20,3.82,1.39
2026-06-26T05:20:00.000,4.6,35.76,3.73,2.69
2026-06-26T05:30:00.000,7.64,58.31,4.01,6.5
2026-06-26T05:40:00.000,8.64,67.39,3.32,7.98
2026-06-26T05:50:00.000,9.21,50.11,5.91,7.07
2026-06-26T06:00:00.000,11.56,45.21,8.14,8.2
2026-06-26T06:10:00.000,8.18,46.52,5.63,5.93
2026-06-26T06:20:00.000,8.59,46.89,5.87,6.27
2026-06-26T06:30:00.000,10,70.6,3.32,9.44
2026-06-26T06:40:00.000,8.57,83.92,0.91,8.52
2026-06-26T06:50:00.000,6.47,129.91,-4.15,4.97
2026-06-26T07:00:00.000,2.72,216.24,-2.19,-1.61
2026-06-26T07:10:00.000,7.98,261.58,-1.17,-7.89
2026-06-26T07:20:00.000,11.26,268.51,-0.29,-11.25
2026-06-26T07:30:00.000,10.08,305.74,5.89,-8.19
2026-06-26T07:40:00.000,8.92,295.48,3.84,-8.06
2026-06-26T07:50:00.000,7.78,271.5,0.2,-7.78
2026-06-26T08:00:00.000,3.55,249.46,-1.24,-3.32
2026-06-26T08:10:00.000,5.12,233.7,-3.03,-4.12
2026-06-26T08:20:00.000,3.15,254.14,-0.86,-3.03
2026-06-26T08:30:00.000,4.37,232.09,-2.69,-3.45
2026-06-26T08:40:00.000,3.43,238.87,-1.77,-2.94
2026-06-26T08:50:00.000,1.48,230,-0.95,-1.13
2026-06-26T09:00:00.000,2.32,228.28,-1.54,-1.73
2026-06-26T09:10:00.000,2.13,237.22,-1.16,-1.79
2026-06-26T09:20:00.000,4.82,194.2,-4.67,-1.18
2026-06-26T09:30:00.000,3.18,151.49,-2.79,1.52
2026-06-26T09:40:00.000,3.08,180.12,-3.08,-0.01
2026-06-26T09:50:00.000,3.91,184.12,-3.9,-0.28
2026-06-26T10:00:00.000,4.39,210.31,-3.79,-2.22
2026-06-26T10:10:00.000,4.51,217.27,-3.59,-2.73
2026-06-26T10:20:00.000,4.15,195.19,-4,-1.09
2026-06-26T10:30:00.000,5.06,189.8,-4.99,-0.86
2026-06-26T10:40:00.000,5.39,187.97,-5.34,-0.75
2026-06-26T10:50:00.000,4.56,176.48,-4.55,0.28
2026-06-26T11:00:00.000,2.82,166,-2.74,0.68
2026-06-26T11:10:00.000,0.64,134.14,-0.45,0.46
2026-06-26T11:20:00.000,1.3,87.43,0.06,1.3
2026-06-26T11:30:00.000,1.09,96.35,-0.12,1.08
2026-06-26T11:40:00.000,3.35,194.45,-3.24,-0.84
2026-06-26T11:50:00.000,3.61,221.8,-2.69,-2.41
2026-06-26T12:00:00.000,4,195.2,-3.86,-1.05
2026-06-26T12:10:00.000,5.58,174.17,-5.56,0.57
2026-06-26T12:20:00.000,9.11,160.86,-8.6,2.99
2026-06-26T12:30:00.000,10.11,149.04,-8.67,5.2
2026-06-26T12:40:00.000,8.97,157.02,-8.26,3.5
2026-06-26T12:50:00.000,6.87,174.69,-6.84,0.64
2026-06-26T13:00:00.000,5.64,152.75,-5.02,2.58
2026-06-26T13:10:00.000,1.67,179.35,-1.67,0.02
2026-06-26T13:20:00.000,0.78,279.87,0.13,-0.76
2026-06-26T13:30:00.000,0.8,275.8,0.08,-0.8
2026-06-26T13:40:00.000,1.1,280.9,0.21,-1.08
2026-06-26T13:50:00.000,5.71,296.3,2.53,-5.12
2026-06-26T14:00:00.000,1.23,313.51,0.84,-0.89
2026-06-26T14:10:00.000,5.5,99.51,-0.91,5.43
2026-06-26T14:20:00.000,5.91,99.7,-1,5.83
2026-06-26T14:30:00.000,4.58,78.32,0.93,4.48
2026-06-26T14:40:00.000,2.51,52.17,1.54,1.98
2026-06-26T14:50:00.000,2.23,52.3,1.37,1.77
2026-06-26T15:00:00.000,0.63,271.91,0.02,-0.63
2026-06-26T15:10:00.000,1.41,326.48,1.18,-0.78
2026-06-26T15:20:00.000,0.83,268.04,-0.03,-0.83
2026-06-26T15:30:00.000,6.86,273.27,0.39,-6.85
2026-06-26T15:40:00.000,5.83,289.11,1.91,-5.51
2026-06-26T15:50:00.000,9.5,243.08,-4.3,-8.47
2026-06-26T16:00:00.000,4.97,245.49,-2.06,-4.52
2026-06-26T16:10:00.000,3.56,55.33,2.03,2.93
2026-06-26T16:20:00.000,2.34,58.4,1.23,2
2026-06-26T16:30:00.000,3.04,340.65,2.87,-1.01
2026-06-26T16:40:00.000,1.69,341.7,1.6,-0.53
2026-06-26T16:50:00.000,4.9,310.31,3.17,-3.74
2026-06-26T17:00:00.000,5.59,294.13,2.28,-5.1
2026-06-26T17:10:00.000,3.5,312.39,2.36,-2.58
2026-06-26T17:20:00.000,1.33,275.35,0.12,-1.32
2026-06-26T17:30:00.000,0.98,172.18,-0.97,0.13
2026-06-26T17:40:00.000,4.78,135.56,-3.42,3.35
2026-06-26T17:50:00.000,0.98,112.13,-0.37,0.91
2026-06-26T18:00:00.000,0.42,49.29,0.28,0.32
2026-06-26T18:10:00.000,0.8,284.15,0.2,-0.78
2026-06-26T18:20:00.000,0.66,259.34,-0.12,-0.65
2026-06-26T18:30:00.000,3.02,194.79,-2.92,-0.77
2026-06-26T18:40:00.000,3.58,209.48,-3.11,-1.76
2026-06-26T18:50:00.000,4.58,235.85,-2.57,-3.79
2026-06-26T19:00:00.000,7.32,246.76,-2.89,-6.73
2026-06-26T19:10:00.000,7.16,228.09,-4.78,-5.33
2026-06-26T19:20:00.000,7.38,216.59,-5.93,-4.4
2026-06-26T19:30:00.000,8.98,199.38,-8.47,-2.98
2026-06-26T19:40:00.000,15.87,183.44,-15.84,-0.95
2026-06-26T19:50:00.000,14.08,183.42,-14.06,-0.84
2026-06-26T20:00:00.000,11.85,191.31,-11.62,-2.32
2026-06-26T20:10:00.000,11.78,200.97,-11,-4.22
2026-06-26T20:20:00.000,9.68,199.34,-9.13,-3.21
2026-06-26T20:30:00.000,10.06,199.98,-9.45,-3.44
2026-06-26T20:40:00.000,6.31,207.35,-5.6,-2.9
2026-06-26T20:50:00.000,7.78,216.98,-6.21,-4.68
2026-06-26T21:00:00.000,8.1,218.2,-6.37,-5.01
2026-06-26T21:10:00.000,5.12,208.86,-4.49,-2.47
2026-06-26T21:20:00.000,8.36,197.83,-7.96,-2.56
2026-06-26T21:30:00.000,13.09,188.8,-12.93,-2
2026-06-26T21:40:00.000,10.2,191.46,-9.99,-2.03
2026-06-26T21:50:00.000,9.15,191.87,-8.95,-1.88
2026-06-26T22:00:00.000,7.3,178.84,-7.29,0.15
2026-06-26T22:10:00.000,2.91,185.89,-2.9,-0.3
2026-06-26T22:20:00.000,3.41,200.41,-3.2,-1.19
2026-06-26T22:30:00.000,1.42,216.18,-1.15,-0.84
2026-06-26T22:40:00.000,0.86,257.14,-0.19,-0.84
2026-06-26T22:50:00.000,1.05,262.79,-0.13,-1.04
2026-06-26T23:00:00.000,4.91,240.96,-2.39,-4.3
2026-06-26T23:10:00.000,4.12,219.38,-3.18,-2.61
2026-06-26T23:20:00.000,1.24,222.61,-0.91,-0.84
2026-06-26T23:30:00.000,4.08,166.43,-3.97,0.96
2026-06-26T23:40:00.000,3.63,160.24,-3.42,1.23
2026-06-26T23:50:00.000,3.97,202.79,-3.66,-1.54
2026-06-27T00:00:00.000,4.28,215.44,-3.49,-2.48
2026-06-27T00:10:00.000,4.05,197.79,-3.86,-1.24
2026-06-27T00:20:00.000,2.88,190.72,-2.83,-0.54
2026-06-27T00:30:00.000,2.18,219.52,-1.68,-1.38
2026-06-27T00:40:00.000,3.72,234.62,-2.15,-3.03
2026-06-27T00:50:00.000,6.09,229.25,-3.98,-4.62
2026-06-27T01:00:00.000,7.3,234.05,-4.29,-5.91
2026-06-27T01:10:00.000,5.36,229.17,-3.51,-4.06
2026-06-27T01:20:00.000,6.92,215.62,-5.63,-4.03
2026-06-27T01:30:00.000,5.93,206.9,-5.29,-2.68
2026-06-27T01:40:00.000,7.39,196.16,-7.1,-2.06
2026-06-27T01:50:00.000,9.17,195.32,-8.84,-2.42
2026-06-27T02:00:00.000,5.3,194.37,-5.14,-1.32
2026-06-27T02:10:00.000,8.95,188.88,-8.84,-1.38
2026-06-27T02:20:00.000,10.3,173.9,-10.24,1.09
2026-06-27T02:30:00.000,9,172.86,-8.93,1.12
2026-06-27T02:40:00.000,6.72,158.71,-6.26,2.44
2026-06-27T02:50:00.000,5.85,124.82,-3.34,4.8
2026-06-27T03:00:00.000,6.52,114.88,-2.74,5.92
2026-06-27T03:10:00.000,4.79,119.21,-2.34,4.18
2026-06-27T03:20:00.000,0.52,58.6,0.27,0.45
2026-06-27T03:30:00.000,3.21,48.27,2.14,2.4
2026-06-27T03:40:00.000,6.79,22.07,6.3,2.55
2026-06-27T03:50:00.000,8.74,24.62,7.95,3.64
2026-06-27T04:00:00.000,10.05,16.4,9.64,2.84
2026-06-27T04:10:00.000,7.09,345.05,6.85,-1.83
2026-06-27T04:20:00.000,8.12,334.59,7.33,-3.48
2026-06-27T04:30:00.000,9.55,309.8,6.11,-7.34
2026-06-27T04:40:00.000,7.83,316.23,5.65,-5.42
2026-06-27T04:50:00.000,2.15,294.3,0.89,-1.96
2026-06-27T05:00:00.000,2.9,285.77,0.79,-2.79
2026-06-27T05:10:00.000,4.02,296.61,1.8,-3.59
2026-06-27T05:20:00.000,4.43,308.51,2.76,-3.47
2026-06-27T05:30:00.000,5.02,310.52,3.26,-3.82
2026-06-27T05:40:00.000,5.15,1.67,5.14,0.15
2026-06-27T05:50:00.000,4.45,352.38,4.41,-0.59
2026-06-27T06:00:00.000,5.59,336.48,5.12,-2.23
2026-06-27T06:10:00.000,2.99,11.88,2.93,0.62
2026-06-27T06:20:00.000,2.05,29.35,1.79,1.01
2026-06-27T06:30:00.000,1.66,37.13,1.32,1
2026-06-27T06:40:00.000,0.51,336.89,0.47,-0.2
2026-06-27T06:50:00.000,0.65,288.37,0.21,-0.62
2026-06-27T07:00:00.000,0.85,176.5,-0.85,0.05
2026-06-27T07:10:00.000,1.13,233.09,-0.68,-0.9
2026-06-27T07:20:00.000,1.08,261.19,-0.16,-1.06
2026-06-27T07:30:00.000,0.64,299.57,0.31,-0.55
2026-06-27T07:40:00.000,1.98,44.92,1.4,1.4
2026-06-27T07:50:00.000,3.35,29.45,2.92,1.65
2026-06-27T08:00:00.000,5.53,44.38,3.95,3.87
2026-06-27T08:10:00.000,4.88,92.54,-0.22,4.87
2026-06-27T08:20:00.000,7.42,86.55,0.45,7.4
2026-06-27T08:30:00.000,4.36,78.65,0.86,4.27
2026-06-27T08:40:00.000,4.07,18.46,3.86,1.29
2026-06-27T08:50:00.000,2.47,348.54,2.42,-0.49
2026-06-27T09:00:00.000,5.47,336.03,5,-2.22
2026-06-27T09:10:00.000,5.88,332.6,5.22,-2.71
2026-06-27T09:20:00.000,10.21,276,1.07,-10.15
2026-06-27T09:30:00.000,4.06,233.45,-2.42,-3.26
2026-06-27T09:40:00.000,2.45,225.19,-1.73,-1.74
2026-06-27T09:50:00.000,4.46,203.52,-4.09,-1.78
2026-06-27T10:00:00.000,4.5,187.09,-4.47,-0.56
2026-06-27T10:10:00.000,5.24,191.87,-5.12,-1.08
2026-06-27T10:20:00.000,4.9,215.7,-3.98,-2.86
2026-06-27T10:30:00.000,5.06,222.07,-3.75,-3.39
2026-06-27T10:40:00.000,4.1,220.82,-3.11,-2.68
2026-06-27T10:50:00.000,4.43,213.44,-3.7,-2.44
2026-06-27T11:00:00.000,3.96,201.78,-3.68,-1.47
2026-06-27T11:10:00.000,3.49,187,-3.46,-0.42
2026-06-27T11:20:00.000,3.71,175.71,-3.7,0.28
2026-06-27T11:30:00.000,1.74,176.31,-1.73,0.11
2026-06-27T11:40:00.000,0.92,152.55,-0.81,0.42
2026-06-27T11:50:00.000,2.3,136.62,-1.67,1.58
2026-06-27T12:00:00.000,2.01,127.17,-1.21,1.6
2026-06-27T12:10:00.000,2.59,149.4,-2.23,1.32
2026-06-27T12:20:00.000,2.75,153.37,-2.46,1.23
2026-06-27T12:30:00.000,1.07,166.99,-1.05,0.24
2026-06-27T12:40:00.000,1.18,229.78,-0.76,-0.9
2026-06-27T12:50:00.000,1.64,218.52,-1.28,-1.02
2026-06-27T13:00:00.000,1.77,202.75,-1.63,-0.68
2026-06-27T13:10:00.000,3.26,182.47,-3.25,-0.14
2026-06-27T13:20:00.000,2.47,183.53,-2.47,-0.15
2026-06-27T13:30:00.000,2.07,185.28,-2.06,-0.19
2026-06-27T13:40:00.000,3.36,188.85,-3.32,-0.52
2026-06-27T13:50:00.000,5.8,189.93,-5.72,-1
2026-06-27T14:00:00.000,11.17,193.35,-10.87,-2.58
2026-06-27T14:10:00.000,9.45,206.66,-8.45,-4.24
2026-06-27T14:20:00.000,4.2,216.23,-3.39,-2.49
2026-06-27T14:30:00.000,2.09,188.46,-2.07,-0.31
2026-06-27T14:40:00.000,6,124.52,-3.4,4.94
2026-06-27T14:50:00.000,4.7,147.99,-3.98,2.49
2026-06-27T15:00:00.000,4.38,161.57,-4.16,1.39
2026-06-27T15:10:00.000,5.27,149.81,-4.55,2.65
2026-06-27T15:20:00.000,4.31,130.28,-2.79,3.29
2026-06-27T15:30:00.000,6.94,91.34,-0.16,6.94
2026-06-27T15:40:00.000,5.45,69.46,1.91,5.1
2026-06-27T15:50:00.000,5.36,33.38,4.48,2.95
2026-06-27T16:00:00.000,5.58,42.83,4.1,3.8
2026-06-27T16:10:00.000,5.56,73.43,1.58,5.33
2026-06-27T16:20:00.000,0.65,78.82,0.13,0.63
2026-06-27T16:30:00.000,0.77,227.01,-0.52,-0.56
2026-06-27T16:40:00.000,3.42,240.51,-1.68,-2.98
2026-06-27T16:50:00.000,5.6,261.53,-0.82,-5.54
2026-06-27T17:00:00.000,7.46,298.98,3.61,-6.52
2026-06-27T17:10:00.000,2.13,313.24,1.46,-1.55
2026-06-27T17:20:00.000,1.91,314.06,1.33,-1.37
2026-06-27T17:30:00.000,0.63,245.73,-0.26,-0.58
2026-06-27T17:40:00.000,4.42,141.88,-3.48,2.73
2026-06-27T17:50:00.000,2.12,126.83,-1.27,1.7
2026-06-27T18:00:00.000,0.46,265.32,-0.04,-0.46
2026-06-27T18:10:00.000,1.03,279.14,0.16,-1.01
2026-06-27T18:20:00.000,0.74,259.08,-0.14,-0.73
2026-06-27T18:30:00.000,0.49,285.5,0.13,-0.47
2026-06-27T18:40:00.000,1.2,217.15,-0.96,-0.73
2026-06-27T18:50:00.000,0.72,237.28,-0.39,-0.61
2026-06-27T19:00:00.000,6.46,290.12,2.22,-6.07
2026-06-27T19:10:00.000,5.37,315.78,3.85,-3.74
2026-06-27T19:20:00.000,1.26,343.15,1.21,-0.37
2026-06-27T19:30:00.000,1.78,33.66,1.48,0.99
2026-06-27T19:40:00.000,1.49,11.25,1.46,0.29
2026-06-27T19:50:00.000,1.03,349.01,1.02,-0.2
2026-06-27T20:00:00.000,3.59,29.26,3.13,1.75
2026-06-27T20:10:00.000,3.42,97.63,-0.45,3.39
2026-06-27T20:20:00.000,2.73,124.48,-1.55,2.25
2026-06-27T20:30:00.000,4.14,152.28,-3.66,1.92
2026-06-27T20:40:00.000,3.16,191.43,-3.1,-0.63
2026-06-27T20:50:00.000,6.5,257.63,-1.39,-6.34
2026-06-27T21:00:00.000,5.98,257.89,-1.25,-5.84
2026-06-27T21:10:00.000,5.47,257.89,-1.15,-5.34
2026-06-27T21:20:00.000,8.12,251.95,-2.52,-7.72
2026-06-27T21:30:00.000,5.2,214.49,-4.29,-2.94
2026-06-27T21:40:00.000,6.54,198.75,-6.19,-2.1
2026-06-27T21:50:00.000,7.48,198.49,-7.09,-2.37
2026-06-27T22:00:00.000,7.51,198.09,-7.14,-2.33
2026-06-27T22:10:00.000,7.21,199.99,-6.78,-2.47
2026-06-27T22:20:00.000,7.29,194.34,-7.06,-1.81
2026-06-27T22:30:00.000,8.45,195.29,-8.15,-2.23
2026-06-27T22:40:00.000,9.34,198.34,-8.87,-2.94
2026-06-27T22:50:00.000,8.73,197.56,-8.32,-2.63
2026-06-27T23:00:00.000,7.62,205.21,-6.9,-3.25
2026-06-27T23:10:00.000,5.69,224.96,-4.03,-4.02
2026-06-27T23:20:00.000,7.17,214.33,-5.92,-4.05
2026-06-27T23:30:00.000,5.54,222.05,-4.11,-3.71
2026-06-27T23:40:00.000,6.44,225.54,-4.51,-4.59
2026-06-27T23:50:00.000,6.56,225.02,-4.63,-4.64
2026-06-28T00:00:00.000,8.34,221,-6.29,-5.47
2026-06-28T00:10:00.000,5.87,219.25,-4.54,-3.71
2026-06-28T00:20:00.000,4.78,217.61,-3.79,-2.92
2026-06-28T00:30:00.000,5.02,204.73,-4.56,-2.1
2026-06-28T00:40:00.000,3.85,227,-2.63,-2.82
2026-06-28T00:50:00.000,3.92,208.87,-3.43,-1.89
2026-06-28T01:00:00.000,5.66,200.29,-5.31,-1.96
2026-06-28T01:10:00.000,8.65,210.34,-7.46,-4.37
2026-06-28T01:20:00.000,14.57,193.49,-14.17,-3.4
2026-06-28T01:30:00.000,16.77,183.71,-16.74,-1.09
2026-06-28T01:40:00.000,15.8,185.3,-15.73,-1.46
2026-06-28T01:50:00.000,10.32,182.32,-10.31,-0.42
2026-06-28T02:00:00.000,8.48,174.5,-8.44,0.81
2026-06-28T02:10:00.000,6.02,129.71,-3.84,4.63
2026-06-28T02:20:00.000,5.23,168.01,-5.12,1.09
2026-06-28T02:30:00.000,3.45,227.03,-2.35,-2.52
2026-06-28T02:40:00.000,0.92,228.01,-0.61,-0.68
2026-06-28T02:50:00.000,2.71,111.53,-0.99,2.52
2026-06-28T03:00:00.000,12.91,98.13,-1.83,12.78
2026-06-28T03:10:00.000,7.71,105.03,-2,7.45
2026-06-28T03:20:00.000,1.85,140.42,-1.43,1.18
2026-06-28T03:30:00.000,2.94,88.67,0.07,2.94
2026-06-28T03:40:00.000,6.23,96.39,-0.69,6.19
2026-06-28T03:50:00.000,10.81,112.13,-4.07,10.02
2026-06-28T04:00:00.000,7.65,117.29,-3.51,6.8
2026-06-28T04:10:00.000,6.08,55.86,3.41,5.03
2026-06-28T04:20:00.000,14.27,36.23,11.51,8.44
2026-06-28T04:30:00.000,19.86,34.54,16.36,11.26
2026-06-28T04:40:00.000,14.81,43.08,10.82,10.11
2026-06-28T04:50:00.000,13.55,348.04,13.25,-2.81
2026-06-28T05:00:00.000,14.83,283.23,3.39,-14.43
2026-06-28T05:10:00.000,7.85,329.29,6.75,-4.01
2026-06-28T05:20:00.000,3.82,358.34,3.81,-0.11
2026-06-28T05:30:00.000,5.65,249.52,-1.98,-5.29
2026-06-28T05:40:00.000,1.5,330.62,1.31,-0.73
2026-06-28T05:50:00.000,3.38,326.47,2.81,-1.86
2026-06-28T06:00:00.000,4.22,335.68,3.84,-1.74
2026-06-28T06:10:00.000,7.07,356.7,7.06,-0.41
2026-06-28T06:20:00.000,4.34,328.2,3.69,-2.28
2026-06-28T06:30:00.000,3.19,6.32,3.17,0.35
2026-06-28T06:40:00.000,1.07,56.46,0.59,0.89
2026-06-28T06:50:00.000,3.33,23.01,3.07,1.3
2026-06-28T07:00:00.000,0.49,319.36,0.38,-0.32
2026-06-28T07:10:00.000,2.06,30.98,1.77,1.06
2026-06-28T07:20:00.000,2.32,67.81,0.88,2.15
2026-06-28T07:30:00.000,2.51,57.68,1.34,2.12
2026-06-28T07:40:00.000,1.63,94.05,-0.11,1.63
2026-06-28T07:50:00.000,3.42,92.03,-0.12,3.42
2026-06-28T08:00:00.000,5.24,84.76,0.48,5.22
2026-06-28T08:10:00.000,4.38,118.88,-2.12,3.84
2026-06-28T08:20:00.000,3.46,123.61,-1.91,2.88
2026-06-28T08:30:00.000,1.65,148.39,-1.41,0.87
2026-06-28T08:40:00.000,2.04,66.65,0.81,1.87
2026-06-28T08:50:00.000,5.05,41.24,3.8,3.33
2026-06-28T09:00:00.000,11.68,38.62,9.13,7.29
2026-06-28T09:10:00.000,9.1,31.11,7.79,4.7
2026-06-28T09:20:00.000,1.53,333.57,1.37,-0.68
2026-06-28T09:30:00.000,6.45,250.32,-2.17,-6.07
2026-06-28T09:40:00.000,6.51,278.77,0.99,-6.44
2026-06-28T09:50:00.000,6.01,298.3,2.85,-5.29
2026-06-28T10:00:00.000,2.39,331.56,2.1,-1.14
2026-06-28T10:10:00.000,0.88,334.12,0.79,-0.38
2026-06-28T10:20:00.000,0.34,259.91,-0.06,-0.33
2026-06-28T10:30:00.000,0.63,101.52,-0.13,0.62
2026-06-28T10:40:00.000,1.26,96.5,-0.14,1.25
2026-06-28T10:50:00.000,0.25,252.13,-0.08,-0.23
2026-06-28T11:00:00.000,0.59,249.8,-0.21,-0.56
2026-06-28T11:10:00.000,1.19,256.3,-0.28,-1.16
2026-06-28T11:20:00.000,3.58,247.61,-1.36,-3.31
2026-06-28T11:30:00.000,5.83,227.56,-3.94,-4.3
2026-06-28T11:40:00.000,5.46,204.52,-4.97,-2.27
2026-06-28T11:50:00.000,5.33,190.62,-5.24,-0.98
2026-06-28T12:00:00.000,5.19,159.08,-4.85,1.85
2026-06-28T12:10:00.000,8.45,151.79,-7.45,4
2026-06-28T12:20:00.000,7.17,133.34,-4.92,5.21
2026-06-28T12:30:00.000,8.77,150.22,-7.62,4.36
2026-06-28T12:40:00.000,4.86,168.84,-4.77,0.94
2026-06-28T12:50:00.000,1.71,206.02,-1.54,-0.75
2026-06-28T13:00:00.000,2.41,188.48,-2.38,-0.36
2026-06-28T13:10:00.000,1.06,188.67,-1.05,-0.16
2026-06-28T13:20:00.000,4.21,228.27,-2.8,-3.14
2026-06-28T13:30:00.000,3.8,185.52,-3.79,-0.37
2026-06-28T13:40:00.000,7.75,161.44,-7.35,2.47
2026-06-28T13:50:00.000,9.93,152.49,-8.81,4.59
2026-06-28T14:00:00.000,6.84,129.92,-4.39,5.25
2026-06-28T14:10:00.000,6.82,114.87,-2.87,6.19
2026-06-28T14:20:00.000,6.64,117.7,-3.09,5.88
2026-06-28T14:30:00.000,6.09,105.23,-1.6,5.88
2026-06-28T14:40:00.000,2.61,17.82,2.49,0.8
2026-06-28T14:50:00.000,5.05,348.47,4.94,-1.01
2026-06-28T15:00:00.000,5.71,336.94,5.25,-2.24
2026-06-28T15:10:00.000,2.36,312.33,1.59,-1.74
2026-06-28T15:20:00.000,0.73,22.02,0.68,0.28
2026-06-28T15:30:00.000,2.52,1.8,2.52,0.08
2026-06-28T15:40:00.000,6.5,26.5,5.82,2.9
2026-06-28T15:50:00.000,15.51,43.74,11.2,10.72
2026-06-28T16:00:00.000,5,24.86,4.54,2.1
2026-06-28T16:10:00.000,0.46,35.53,0.38,0.27
2026-06-28T16:20:00.000,3.52,213.21,-2.95,-1.93
2026-06-28T16:30:00.000,6.09,237.6,-3.26,-5.14
2026-06-28T16:40:00.000,13.75,229.55,-8.92,-10.47
2026-06-28T16:50:00.000,8.44,246.37,-3.38,-7.74
2026-06-28T17:00:00.000,6.4,213.69,-5.32,-3.55
2026-06-28T17:10:00.000,0.93,198.76,-0.88,-0.3
2026-06-28T17:20:00.000,1.96,11.06,1.92,0.38
2026-06-28T17:30:00.000,2.96,45.48,2.07,2.11
2026-06-28T17:40:00.000,2.65,26.84,2.36,1.19
2026-06-28T17:50:00.000,4.76,26.26,4.27,2.11
2026-06-28T18:00:00.000,10.54,68.72,3.83,9.82
2026-06-28T18:10:00.000,8.55,55.96,4.79,7.09
2026-06-28T18:20:00.000,6.52,65.39,2.72,5.93
2026-06-28T18:30:00.000,4,60.4,1.97,3.48
2026-06-28T18:40:00.000,6.4,52.75,3.87,5.1
2026-06-28T18:50:00.000,8.71,50.4,5.55,6.71
2026-06-28T19:00:00.000,8.81,48.23,5.87,6.57
2026-06-28T19:10:00.000,5.62,32.76,4.72,3.04
2026-06-28T19:20:00.000,12.69,9.95,12.5,2.19
2026-06-28T19:30:00.000,12.95,333.87,11.63,-5.71
2026-06-28T19:40:00.000,7.35,328.4,6.26,-3.85
2026-06-28T19:50:00.000,9.99,227.39,-6.76,-7.35
2026-06-28T20:00:00.000,5.11,236.97,-2.78,-4.28
2026-06-28T20:10:00.000,0.76,322.8,0.6,-0.46
2026-06-28T20:20:00.000,0.55,258.32,-0.11,-0.54
2026-06-28T20:30:00.000,0.53,262.1,-0.07,-0.53
2026-06-28T20:40:00.000,2.21,328.48,1.89,-1.16
2026-06-28T20:50:00.000,4.72,1.81,4.72,0.15
2026-06-28T21:00:00.000,4.49,301.16,2.32,-3.84
2026-06-28T21:10:00.000,4.13,316.8,3.01,-2.83
2026-06-28T21:20:00.000,3.35,307.85,2.06,-2.65
2026-06-28T21:30:00.000,3.22,242.68,-1.48,-2.86
2026-06-28T21:40:00.000,6.96,233.69,-4.12,-5.61
2026-06-28T21:50:00.000,6.89,218.1,-5.42,-4.25
2026-06-28T22:00:00.000,7.27,227.91,-4.87,-5.39
2026-06-28T22:10:00.000,6.96,239.28,-3.56,-5.98
2026-06-28T22:20:00.000,6.81,235.25,-3.88,-5.59
2026-06-28T22:30:00.000,6.36,233.15,-3.82,-5.09
2026-06-28T22:40:00.000,3.7,226.91,-2.53,-2.7
2026-06-28T22:50:00.000,5.51,225.82,-3.84,-3.95
2026-06-28T23:00:00.000,5.88,221.63,-4.4,-3.91
2026-06-28T23:10:00.000,3.32,214.78,-2.73,-1.89
2026-06-28T23:20:00.000,7.25,222.82,-5.32,-4.93
2026-06-28T23:30:00.000,8.02,229.19,-5.24,-6.07
2026-06-28T23:40:00.000,8.71,238.13,-4.6,-7.4
2026-06-28T23:50:00.000,6.09,235.65,-3.43,-5.02
2026-06-29T00:00:00.000,5.07,246.17,-2.05,-4.64
2026-06-29T00:10:00.000,2.94,247.14,-1.14,-2.71
2026-06-29T00:20:00.000,2.1,245.72,-0.86,-1.91
2026-06-29T00:30:00.000,2.32,251.09,-0.75,-2.19
2026-06-29T00:40:00.000,3.22,233.93,-1.9,-2.6
2026-06-29T00:50:00.000,1.89,223.59,-1.37,-1.3
2026-06-29T01:00:00.000,1.63,236.2,-0.91,-1.36
2026-06-29T01:10:00.000,1.07,192.39,-1.04,-0.23
2026-06-29T01:20:00.000,4.54,148.8,-3.88,2.35
2026-06-29T01:30:00.000,6.47,164.95,-6.25,1.68
2026-06-29T01:40:00.000,8.79,161.68,-8.34,2.76
2026-06-29T01:50:00.000,12.3,173.37,-12.22,1.42
2026-06-29T02:00:00.000,12.53,182.39,-12.52,-0.52
2026-06-29T02:10:00.000,9.14,183.42,-9.13,-0.55
2026-06-29T02:20:00.000,6.44,173.19,-6.39,0.76
2026-06-29T02:30:00.000,3.96,182.11,-3.95,-0.15
2026-06-29T02:40:00.000,2.34,134.79,-1.65,1.66
2026-06-29T02:50:00.000,1.09,200.88,-1.02,-0.39
2026-06-29T03:00:00.000,3.34,65.61,1.38,3.04
2026-06-29T03:10:00.000,6.39,82.79,0.8,6.34
2026-06-29T03:20:00.000,7.72,86.57,0.46,7.7
2026-06-29T03:30:00.000,5.21,97.92,-0.72,5.16
2026-06-29T03:40:00.000,3.91,56.72,2.14,3.26
2026-06-29T03:50:00.000,4.85,35.11,3.97,2.79
2026-06-29T04:00:00.000,4.91,45.66,3.43,3.51
2026-06-29T04:10:00.000,2.99,66.14,1.21,2.74
2026-06-29T04:20:00.000,2.19,354.26,2.17,-0.22
2026-06-29T04:30:00.000,9.92,352.25,9.83,-1.34
2026-06-29T04:40:00.000,13.71,30.45,11.82,6.95
2026-06-29T04:50:00.000,11.68,55.21,6.67,9.59
2026-06-29T05:00:00.000,3.25,58.44,1.7,2.77
2026-06-29T05:10:00.000,0.52,227.23,-0.35,-0.38
2026-06-29T05:20:00.000,7.16,337.69,6.62,-2.72
2026-06-29T05:30:00.000,12.78,353.69,12.7,-1.4
2026-06-29T05:40:00.000,12.8,7.32,12.7,1.63
2026-06-29T05:50:00.000,16.65,42.3,12.31,11.2
2026-06-29T06:00:00.000,13.93,42.83,10.22,9.47
2026-06-29T06:10:00.000,15.45,26.59,13.81,6.91
2026-06-29T06:20:00.000,15.79,28.25,13.91,7.47
2026-06-29T06:30:00.000,14.33,32.98,12.02,7.8
2026-06-29T06:40:00.000,6.75,43.84,4.87,4.68
2026-06-29T06:50:00.000,7.42,52.96,4.47,5.92
2026-06-29T07:00:00.000,1.61,9.44,1.59,0.26
2026-06-29T07:10:00.000,4.37,9.21,4.32,0.7
2026-06-29T07:20:00.000,6.44,347.54,6.29,-1.39
2026-06-29T07:30:00.000,6.69,355.64,6.67,-0.51
2026-06-29T07:40:00.000,9.21,356.95,9.2,-0.49
2026-06-29T07:50:00.000,3.82,339.64,3.58,-1.33
2026-06-29T08:00:00.000,1.94,242.84,-0.89,-1.73
2026-06-29T08:10:00.000,1.09,247.81,-0.41,-1.01
2026-06-29T08:20:00.000,0.87,238.33,-0.46,-0.74
2026-06-29T08:30:00.000,0.71,220.24,-0.55,-0.46
2026-06-29T08:40:00.000,0.18,79.38,0.03,0.18
2026-06-29T08:50:00.000,1.47,84.48,0.14,1.46
2026-06-29T09:00:00.000,1.16,89.19,0.02,1.16
2026-06-29T09:10:00.000,0.65,224.3,-0.47,-0.46
2026-06-29T09:20:00.000,2.97,144.28,-2.41,1.74
2026-06-29T09:30:00.000,0.56,258.62,-0.11,-0.55
2026-06-29T09:40:00.000,0.92,282.89,0.21,-0.9
2026-06-29T09:50:00.000,1.13,287.16,0.33,-1.08
2026-06-29T10:00:00.000,2.12,215.04,-1.74,-1.22
2026-06-29T10:10:00.000,3.54,205.12,-3.2,-1.5
2026-06-29T10:20:00.000,5.23,207.57,-4.64,-2.42
2026-06-29T10:30:00.000,5.44,213.35,-4.54,-2.99
2026-06-29T10:40:00.000,6.19,199.41,-5.84,-2.06
2026-06-29T10:50:00.000,5.7,201.36,-5.31,-2.08
2026-06-29T11:00:00.000,5.05,201.9,-4.69,-1.88
2026-06-29T11:10:00.000,5.46,202.22,-5.06,-2.07
2026-06-29T11:20:00.000,5.47,210.7,-4.7,-2.79
2026-06-29T11:30:00.000,5.39,209.26,-4.7,-2.64
2026-06-29T11:40:00.000,5.17,203.47,-4.74,-2.06
2026-06-29T11:50:00.000,6.62,193.99,-6.42,-1.6
2026-06-29T12:00:00.000,6.2,194.42,-6,-1.54
2026-06-29T12:10:00.000,5.22,198.37,-4.96,-1.65
2026-06-29T12:20:00.000,3.62,220.89,-2.73,-2.37
2026-06-29T12:30:00.000,3.38,225.71,-2.36,-2.42
2026-06-29T12:40:00.000,3.77,213.59,-3.14,-2.09
2026-06-29T12:50:00.000,4.95,157.84,-4.58,1.87
2026-06-29T13:00:00.000,5.04,142.42,-3.99,3.07
2026-06-29T13:10:00.000,3.93,151.77,-3.46,1.86
2026-06-29T13:20:00.000,2.63,194.73,-2.54,-0.67
2026-06-29T13:30:00.000,2.95,207.49,-2.61,-1.36
2026-06-29T13:40:00.000,5.32,205.13,-4.82,-2.26
2026-06-29T13:50:00.000,6,186.48,-5.97,-0.68
2026-06-29T14:00:00.000,7.14,168.85,-7,1.38
2026-06-29T14:10:00.000,1.61,167.64,-1.57,0.34
2026-06-29T14:20:00.000,0.34,223.04,-0.25,-0.23
2026-06-29T14:30:00.000,1.63,334.68,1.48,-0.7
2026-06-29T14:40:00.000,3.31,17.58,3.16,1
2026-06-29T14:50:00.000,3.36,27.4,2.99,1.55
2026-06-29T15:00:00.000,3.59,33.89,2.98,2
2026-06-29T15:10:00.000,3.29,55.25,1.87,2.7
2026-06-29T15:20:00.000,2.29,62.04,1.07,2.02
2026-06-29T15:30:00.000,2.66,56.41,1.47,2.22
2026-06-29T15:40:00.000,5.24,24.36,4.78,2.16
2026-06-29T15:50:00.000,5.33,23.45,4.89,2.12
2026-06-29T16:00:00.000,7.48,341.86,7.11,-2.33
2026-06-29T16:10:00.000,7.66,325.67,6.33,-4.32
2026-06-29T16:20:00.000,6.76,307.41,4.1,-5.37
2026-06-29T16:30:00.000,8.01,301.44,4.18,-6.83
2026-06-29T16:40:00.000,6.15,289.2,2.02,-5.81
2026-06-29T16:50:00.000,5.14,245.77,-2.11,-4.68
2026-06-29T17:00:00.000,5.04,214.93,-4.13,-2.88
2026-06-29T17:10:00.000,3.25,189.58,-3.2,-0.54
2026-06-29T17:20:00.000,1.65,185.61,-1.64,-0.16
2026-06-29T17:30:00.000,1.17,192.18,-1.14,-0.25
2026-06-29T17:40:00.000,0.64,213.52,-0.54,-0.36
2026-06-29T17:50:00.000,0.54,258.29,-0.11,-0.53
2026-06-29T18:00:00.000,3.48,286.85,1.01,-3.33
2026-06-29T18:10:00.000,5.91,346.16,5.74,-1.41
2026-06-29T18:20:00.000,3.02,237.83,-1.61,-2.56
2026-06-29T18:30:00.000,8.82,208.58,-7.74,-4.22
2026-06-29T18:40:00.000,4.84,216.35,-3.9,-2.87
2026-06-29T18:50:00.000,7.13,189.67,-7.03,-1.2
2026-06-29T19:00:00.000,8.31,202.71,-7.66,-3.21
2026-06-29T19:10:00.000,7.59,243.28,-3.41,-6.78
2026-06-29T19:20:00.000,6.05,240.56,-2.98,-5.27
2026-06-29T19:30:00.000,4.56,240.34,-2.25,-3.96
2026-06-29T19:40:00.000,4.84,250.76,-1.59,-4.57
2026-06-29T19:50:00.000,4.69,263.52,-0.53,-4.66
2026-06-29T20:00:00.000,5.64,242.8,-2.58,-5.02
2026-06-29T20:10:00.000,6.71,244.58,-2.88,-6.06
2026-06-29T20:20:00.000,10.22,228.2,-6.81,-7.62
2026-06-29T20:30:00.000,8.81,225.8,-6.14,-6.31
2026-06-29T20:40:00.000,12.3,218.43,-9.63,-7.64
2026-06-29T20:50:00.000,11.05,220.64,-8.39,-7.2
2026-06-29T21:00:00.000,12.46,218.63,-9.73,-7.78
2026-06-29T21:10:00.000,9.89,219.1,-7.67,-6.24
2026-06-29T21:20:00.000,8.99,209.67,-7.81,-4.45
2026-06-29T21:30:00.000,11.85,202.84,-10.92,-4.6
2026-06-29T21:40:00.000,13.5,197.78,-12.86,-4.12
2026-06-29T21:50:00.000,12.88,195.64,-12.41,-3.47
2026-06-29T22:00:00.000,10.13,204.13,-9.25,-4.14
2026-06-29T22:10:00.000,7.24,201.76,-6.72,-2.68
2026-06-29T22:20:00.000,6.36,194.25,-6.17,-1.57
2026-06-29T22:30:00.000,5.95,203.82,-5.45,-2.4
2026-06-29T22:40:00.000,7.72,207.66,-6.84,-3.58
2026-06-29T22:50:00.000,8.3,198.18,-7.88,-2.59
2026-06-29T23:00:00.000,9.96,197.65,-9.49,-3.02
2026-06-29T23:10:00.000,8.47,194.5,-8.2,-2.12
2026-06-29T23:20:00.000,5.66,205.57,-5.1,-2.44
2026-06-29T23:30:00.000,5.75,217.35,-4.57,-3.49
2026-06-29T23:40:00.000,5.92,209.96,-5.13,-2.96
2026-06-29T23:50:00.000,6.05,191.91,-5.92,-1.25
2026-06-30T00:00:00.000,4.11,192.59,-4.01,-0.9
2026-06-30T00:10:00.000,4.22,201.7,-3.92,-1.56
2026-06-30T00:20:00.000,3.72,206.41,-3.33,-1.65
2026-06-30T00:30:00.000,3.15,190.84,-3.1,-0.59
2026-06-30T00:40:00.000,3.4,177.67,-3.39,0.14
2026-06-30T00:50:00.000,4.07,179.1,-4.07,0.06
2026-06-30T01:00:00.000,3.93,180.83,-3.93,-0.06
2026-06-30T01:10:00.000,2.86,173.31,-2.84,0.33
2026-06-30T01:20:00.000,3.02,173.97,-3,0.32
2026-06-30T01:30:00.000,2.3,169.08,-2.26,0.44
2026-06-30T01:40:00.000,3.37,194.31,-3.27,-0.83
2026-06-30T01:50:00.000,4.61,216.09,-3.72,-2.71
2026-06-30T02:00:00.000,4.16,190.13,-4.09,-0.73
2026-06-30T02:10:00.000,1.88,192.35,-1.83,-0.4
2026-06-30T02:20:00.000,2.42,183.31,-2.42,-0.14
2026-06-30T02:30:00.000,1.24,212.23,-1.05,-0.66
2026-06-30T02:40:00.000,0.73,253.36,-0.21,-0.7
2026-06-30T02:50:00.000,1.32,260.39,-0.22,-1.3
2026-06-30T03:00:00.000,0.67,277.22,0.08,-0.66
2026-06-30T03:10:00.000,0.51,278.01,0.07,-0.5
2026-06-30T03:20:00.000,0.42,264.89,-0.04,-0.42
2026-06-30T03:30:00.000,0.61,271.31,0.01,-0.61
2026-06-30T03:40:00.000,0.71,266.48,-0.04,-0.7
2026-06-30T03:50:00.000,0.3,149.92,-0.26,0.15
2026-06-30T04:00:00.000,3.84,109.48,-1.28,3.62
2026-06-30T04:10:00.000,3.54,126.49,-2.11,2.85
2026-06-30T04:20:00.000,3.23,128.66,-2.02,2.53
2026-06-30T04:30:00.000,0.45,279.22,0.07,-0.44
2026-06-30T04:40:00.000,3.11,20.55,2.91,1.09
2026-06-30T04:50:00.000,4.03,69.21,1.43,3.77
2026-06-30T05:00:00.000,4.57,83.54,0.51,4.54
2026-06-30T05:10:00.000,4.77,78.92,0.92,4.69
2026-06-30T05:20:00.000,4.46,88.17,0.14,4.46
2026-06-30T05:30:00.000,1.89,66.7,0.75,1.74
2026-06-30T05:40:00.000,4.78,330.32,4.15,-2.37
2026-06-30T05:50:00.000,8.45,346.45,8.22,-1.98
2026-06-30T06:00:00.000,10.28,356.32,10.25,-0.66
2026-06-30T06:10:00.000,13.79,4.25,13.76,1.02
2026-06-30T06:20:00.000,11.56,22.72,10.66,4.46
2026-06-30T06:30:00.000,13.45,26.83,12,6.07
2026-06-30T06:40:00.000,9.39,46.26,6.49,6.79
2026-06-30T06:50:00.000,7.12,46.31,4.91,5.14
2026-06-30T07:00:00.000,6.84,49.26,4.47,5.18
2026-06-30T07:10:00.000,3.34,36.35,2.69,1.98
2026-06-30T07:20:00.000,6.27,339.72,5.88,-2.17
2026-06-30T07:30:00.000,6.58,292.94,2.56,-6.06
2026-06-30T07:40:00.000,1,248.34,-0.37,-0.93
2026-06-30T07:50:00.000,1.56,230.07,-1,-1.19
2026-06-30T08:00:00.000,0.77,250.35,-0.26,-0.73
2026-06-30T08:10:00.000,1.04,244.96,-0.44,-0.95
2026-06-30T08:20:00.000,0.81,250.31,-0.27,-0.77
2026-06-30T08:30:00.000,0.82,252.32,-0.25,-0.78
2026-06-30T08:40:00.000,0.65,238.03,-0.34,-0.55
2026-06-30T08:50:00.000,1.55,129.48,-0.99,1.2
2026-06-30T09:00:00.000,2.16,71.21,0.7,2.04
2026-06-30T09:10:00.000,2.52,119.51,-1.24,2.2
2026-06-30T09:20:00.000,3.43,93.93,-0.23,3.42
2026-06-30T09:30:00.000,2.49,104.05,-0.61,2.42
2026-06-30T09:40:00.000,0.56,211.66,-0.48,-0.29
2026-06-30T09:50:00.000,0.89,222.71,-0.66,-0.61
2026-06-30T10:00:00.000,1.24,228.65,-0.82,-0.93
2026-06-30T10:10:00.000,1.36,264.69,-0.13,-1.35
2026-06-30T10:20:00.000,1.03,263.51,-0.12,-1.03
2026-06-30T10:30:00.000,1.74,253.99,-0.48,-1.68
2026-06-30T10:40:00.000,2.69,231.9,-1.66,-2.11
2026-06-30T10:50:00.000,2.81,231.29,-1.76,-2.2
2026-06-30T11:00:00.000,2.47,226.24,-1.71,-1.79
2026-06-30T11:10:00.000,3.33,213.36,-2.78,-1.83
2026-06-30T11:20:00.000,4.09,202.09,-3.79,-1.54
2026-06-30T11:30:00.000,4.37,200.49,-4.09,-1.53
2026-06-30T11:40:00.000,3.76,207.91,-3.32,-1.76
2026-06-30T11:50:00.000,1.73,224.16,-1.24,-1.2
2026-06-30T12:00:00.000,1.76,222.14,-1.3,-1.18
2026-06-30T12:10:00.000,1.66,200.13,-1.56,-0.57
2026-06-30T12:20:00.000,3,173.51,-2.98,0.34
2026-06-30T12:30:00.000,2.94,177.79,-2.94,0.11
2026-06-30T12:40:00.000,1.34,209.53,-1.17,-0.66
2026-06-30T12:50:00.000,0.8,242.29,-0.37,-0.71
2026-06-30T13:00:00.000,1.01,245.35,-0.42,-0.92
2026-06-30T13:10:00.000,3.41,228.65,-2.25,-2.56
2026-06-30T13:20:00.000,5.27,218.94,-4.1,-3.31
2026-06-30T13:30:00.000,6.44,208.43,-5.66,-3.07
2026-06-30T13:40:00.000,10.02,199.45,-9.45,-3.34
2026-06-30T13:50:00.000,11.26,200.05,-10.58,-3.86
2026-06-30T14:00:00.000,14.94,193.34,-14.53,-3.45
2026-06-30T14:10:00.000,16.71,188.8,-16.51,-2.56
2026-06-30T14:20:00.000,17.1,191.49,-16.76,-3.41
2026-06-30T14:30:00.000,15.38,186.46,-15.28,-1.73
2026-06-30T14:40:00.000,11.32,185.87,-11.26,-1.16
2026-06-30T14:50:00.000,10.88,167.77,-10.63,2.3
2026-06-30T15:00:00.000,9.9,156.47,-9.08,3.95
2026-06-30T15:10:00.000,8.31,164.02,-7.99,2.29
2026-06-30T15:20:00.000,4.22,176.22,-4.21,0.28
2026-06-30T15:30:00.000,1.85,188.75,-1.83,-0.28
2026-06-30T15:40:00.000,2.29,143.17,-1.83,1.37
2026-06-30T15:50:00.000,1.64,152.27,-1.45,0.76
2026-06-30T16:00:00.000,2.17,159.85,-2.04,0.75
2026-06-30T16:10:00.000,3.47,134.03,-2.41,2.5
2026-06-30T16:20:00.000,3.4,99.36,-0.55,3.35
2026-06-30T16:30:00.000,16.52,68.34,6.1,15.36
2026-06-30T16:40:00.000,14.32,52.16,8.79,11.31
2026-06-30T16:50:00.000,12.36,42.39,9.13,8.33
2026-06-30T17:00:00.000,6.03,37.22,4.8,3.64
2026-06-30T17:10:00.000,1.79,40.19,1.37,1.16
2026-06-30T17:20:00.000,1.63,299.91,0.82,-1.42
2026-06-30T17:30:00.000,8.45,344.07,8.13,-2.32
2026-06-30T17:40:00.000,5.73,346.52,5.57,-1.34
2026-06-30T17:50:00.000,3.84,348.82,3.77,-0.74
2026-06-30T18:00:00.000,4.66,337.42,4.3,-1.79
2026-06-30T18:10:00.000,4.32,342.13,4.11,-1.32
2026-06-30T18:20:00.000,4.6,339.84,4.32,-1.58
2026-06-30T18:30:00.000,5.18,330.93,4.53,-2.52
2026-06-30T18:40:00.000,4.79,340.06,4.5,-1.63
2026-06-30T18:50:00.000,6.25,303.66,3.46,-5.2
2026-06-30T19:00:00.000,5.64,312.78,3.83,-4.14
2026-06-30T19:10:00.000,1.87,273.01,0.1,-1.87
2026-06-30T19:20:00.000,1.29,259.64,-0.23,-1.27
2026-06-30T19:30:00.000,2.36,222.8,-1.73,-1.6
2026-06-30T19:40:00.000,1.19,208.91,-1.04,-0.57
2026-06-30T19:50:00.000,0.73,211.13,-0.63,-0.38
2026-06-30T20:00:00.000,0.63,220.11,-0.48,-0.41
2026-06-30T20:10:00.000,0.97,351.03,0.96,-0.15
2026-06-30T20:20:00.000,2.34,5.8,2.33,0.24
2026-06-30T20:30:00.000,3.83,6.02,3.81,0.4
2026-06-30T20:40:00.000,3.8,1.3,3.8,0.09
2026-06-30T20:50:00.000,5.1,274.45,0.4,-5.09
2026-06-30T21:00:00.000,6.95,254.18,-1.89,-6.68
2026-06-30T21:10:00.000,7,231.92,-4.32,-5.51
2026-06-30T21:20:00.000,8.48,228.63,-5.61,-6.37
2026-06-30T21:30:00.000,6.69,232.12,-4.11,-5.28
2026-06-30T21:40:00.000,10.03,223.84,-7.24,-6.95
2026-06-30T21:50:00.000,7.76,213.04,-6.51,-4.23
2026-06-30T22:00:00.000,7.39,217.01,-5.9,-4.45
2026-06-30T22:10:00.000,6.62,224.74,-4.71,-4.66
2026-06-30T22:20:00.000,3.78,225.45,-2.66,-2.7
2026-06-30T22:30:00.000,4.29,232.91,-2.59,-3.42
2026-06-30T22:40:00.000,4.69,244.62,-2.01,-4.24
2026-06-30T22:50:00.000,4.83,237.49,-2.6,-4.07
2026-06-30T23:00:00.000,4.73,237.92,-2.51,-4.01
2026-06-30T23:10:00.000,3.86,221.08,-2.91,-2.53
2026-06-30T23:20:00.000,6.51,235.58,-3.68,-5.37
2026-06-30T23:30:00.000,5.2,216.59,-4.18,-3.1
2026-06-30T23:40:00.000,6.34,197.47,-6.04,-1.9
2026-06-30T23:50:00.000,7.21,188.62,-7.13,-1.08
2026-07-01T00:00:00.000,3.32,167.39,-3.24,0.73
2026-07-01T00:10:00.000,1.72,222.1,-1.27,-1.15
2026-07-01T00:20:00.000,1.57,148.66,-1.34,0.82
2026-07-01T00:30:00.000,0.89,190.22,-0.88,-0.16
2026-07-01T00:40:00.000,0.78,148.28,-0.66,0.41
2026-07-01T00:50:00.000,2.18,141.84,-1.71,1.34
2026-07-01T01:00:00.000,0.54,156.18,-0.49,0.22
2026-07-01T01:10:00.000,0.46,248.26,-0.17,-0.43
2026-07-01T01:20:00.000,0.5,249.19,-0.18,-0.47
2026-07-01T01:30:00.000,0.89,200.05,-0.83,-0.3
2026-07-01T01:40:00.000,2.41,197.02,-2.31,-0.71
2026-07-01T01:50:00.000,2.63,254.13,-0.72,-2.53
2026-07-01T02:00:00.000,5.41,256.26,-1.29,-5.26
2026-07-01T02:10:00.000,5.48,259.99,-0.95,-5.4
2026-07-01T02:20:00.000,5.59,261.54,-0.82,-5.53
2026-07-01T02:30:00.000,4.85,266.95,-0.26,-4.84
2026-07-01T02:40:00.000,4.14,277.38,0.53,-4.11
2026-07-01T02:50:00.000,1.19,274.95,0.1,-1.18
2026-07-01T03:00:00.000,3.59,288.96,1.17,-3.39
2026-07-01T03:10:00.000,4.93,331.75,4.34,-2.33
2026-07-01T03:20:00.000,4.52,328.84,3.86,-2.34
2026-07-01T03:30:00.000,1.17,318.29,0.88,-0.78
2026-07-01T03:40:00.000,0.78,291.61,0.29,-0.72
2026-07-01T03:50:00.000,0.59,262.58,-0.08,-0.58
2026-07-01T04:00:00.000,0.62,262.87,-0.08,-0.61
2026-07-01T04:10:00.000,0.83,258.26,-0.17,-0.82
2026-07-01T04:20:00.000,0.97,243.77,-0.43,-0.87
2026-07-01T04:30:00.000,1.61,209.88,-1.4,-0.8
2026-07-01T04:40:00.000,2.19,193.54,-2.13,-0.51
2026-07-01T04:50:00.000,2.3,218.64,-1.79,-1.43
2026-07-01T05:00:00.000,3.2,192.09,-3.13,-0.67
2026-07-01T05:10:00.000,4.71,189.81,-4.64,-0.8
2026-07-01T05:20:00.000,4.89,211.56,-4.17,-2.56
2026-07-01T05:30:00.000,5.87,211.62,-5,-3.08
2026-07-01T05:40:00.000,8.66,205.27,-7.83,-3.7
2026-07-01T05:50:00.000,8.72,200.52,-8.17,-3.06
2026-07-01T06:00:00.000,8.22,199.85,-7.73,-2.79
2026-07-01T06:10:00.000,3.69,199.15,-3.48,-1.21
2026-07-01T06:20:00.000,1.57,155.22,-1.43,0.66
2026-07-01T06:30:00.000,1.46,132.72,-0.99,1.07
2026-07-01T06:40:00.000,0.42,129.58,-0.27,0.32
2026-07-01T06:50:00.000,1.46,52.14,0.89,1.15
2026-07-01T07:00:00.000,4.87,50.26,3.11,3.74
2026-07-01T07:10:00.000,4.13,41.29,3.1,2.73
2026-07-01T07:20:00.000,6.99,37.93,5.51,4.29
2026-07-01T07:30:00.000,8.22,38.62,6.42,5.13
2026-07-01T07:40:00.000,6.5,41.86,4.84,4.34
2026-07-01T07:50:00.000,5.37,34.65,4.41,3.05
2026-07-01T08:00:00.000,7.18,35.52,5.85,4.17
2026-07-01T08:10:00.000,5.94,34.28,4.91,3.34
2026-07-01T08:20:00.000,4.23,23.39,3.88,1.68
2026-07-01T08:30:00.000,4.55,19.53,4.29,1.52
2026-07-01T08:40:00.000,2.64,21.52,2.46,0.97
2026-07-01T08:50:00.000,5.44,18.17,5.16,1.7
2026-07-01T09:00:00.000,5.88,25.9,5.29,2.57
2026-07-01T09:10:00.000,7.28,33.93,6.04,4.06
2026-07-01T09:20:00.000,10,36.66,8.02,5.97
2026-07-01T09:30:00.000,7.41,39.2,5.74,4.68
2026-07-01T09:40:00.000,4.71,34.49,3.88,2.67
2026-07-01T09:50:00.000,3.15,26.8,2.81,1.42
2026-07-01T10:00:00.000,5.26,260.17,-0.9,-5.18
2026-07-01T10:10:00.000,6.26,257.85,-1.32,-6.12
2026-07-01T10:20:00.000,6.87,251.01,-2.24,-6.5
2026-07-01T10:30:00.000,5.38,252.68,-1.6,-5.14
2026-07-01T10:40:00.000,5.57,204.61,-5.06,-2.32
2026-07-01T10:50:00.000,4.81,213.79,-4,-2.67
2026-07-01T11:00:00.000,5.62,201.63,-5.23,-2.07
2026-07-01T11:10:00.000,3.33,198.36,-3.16,-1.05
2026-07-01T11:20:00.000,7.21,190.49,-7.09,-1.31
2026-07-01T11:30:00.000,7.58,189.1,-7.48,-1.2
2026-07-01T11:40:00.000,5.18,178.02,-5.18,0.18
2026-07-01T11:50:00.000,3.9,184.91,-3.88,-0.33
2026-07-01T12:00:00.000,1.91,220.02,-1.46,-1.23
2026-07-01T12:10:00.000,2.93,242.15,-1.37,-2.59
2026-07-01T12:20:00.000,1.87,229.55,-1.21,-1.42
2026-07-01T12:30:00.000,0.9,246.24,-0.36,-0.83
2026-07-01T12:40:00.000,0.78,186.25,-0.77,-0.08
2026-07-01T12:50:00.000,0.7,128.4,-0.43,0.55
2026-07-01T13:00:00.000,2.48,70.74,0.82,2.34
2026-07-01T13:10:00.000,4.84,67.95,1.82,4.48
2026-07-01T13:20:00.000,3.92,80.36,0.66,3.86
2026-07-01T13:30:00.000,2.19,97.02,-0.27,2.17
2026-07-01T13:40:00.000,0.41,179.54,-0.41,0
2026-07-01T13:50:00.000,0.78,216.97,-0.62,-0.47
2026-07-01T14:00:00.000,3.28,226.46,-2.26,-2.38
2026-07-01T14:10:00.000,9.76,222.37,-7.21,-6.58
2026-07-01T14:20:00.000,12.69,225.23,-8.94,-9.01
2026-07-01T14:30:00.000,12.33,223.11,-9,-8.43
2026-07-01T14:40:00.000,8.95,217.11,-7.14,-5.4
2026-07-01T14:50:00.000,13.04,205.76,-11.74,-5.67
2026-07-01T15:00:00.000,13.47,212.32,-11.38,-7.2
2026-07-01T15:10:00.000,10.26,210.01,-8.89,-5.13
2026-07-01T15:20:00.000,12.01,195.89,-11.56,-3.29
2026-07-01T15:30:00.000,11.07,176.79,-11.05,0.62
2026-07-01T15:40:00.000,13.91,163.82,-13.36,3.88
2026-07-01T15:50:00.000,11.68,190.82,-11.47,-2.19
2026-07-01T16:00:00.000,11.62,199.79,-10.94,-3.93
2026-07-01T16:10:00.000,6.6,199.95,-6.2,-2.25
2026-07-01T16:20:00.000,2.32,170.44,-2.29,0.39
2026-07-01T16:30:00.000,4.56,160.43,-4.3,1.53
2026-07-01T16:40:00.000,3.67,138.59,-2.75,2.43
2026-07-01T16:50:00.000,2.96,154.33,-2.67,1.28
2026-07-01T17:00:00.000,1.7,145.64,-1.4,0.96
2026-07-01T17:10:00.000,4.07,94.73,-0.34,4.05
2026-07-01T17:20:00.000,8.03,119.71,-3.98,6.98
2026-07-01T17:30:00.000,4.15,140.85,-3.22,2.62
2026-07-01T17:40:00.000,0.46,231.45,-0.29,-0.36
2026-07-01T17:50:00.000,4.02,303.9,2.24,-3.34
2026-07-01T18:00:00.000,3.64,320.87,2.82,-2.3
2026-07-01T18:10:00.000,2.18,0.56,2.18,0.02
2026-07-01T18:20:00.000,4.51,3.15,4.5,0.25
2026-07-01T18:30:00.000,4.16,18.33,3.95,1.31
2026-07-01T18:40:00.000,7.5,1.81,7.49,0.24
2026-07-01T18:50:00.000,11.09,23.93,10.13,4.5
2026-07-01T19:00:00.000,10.31,19.96,9.69,3.52
2026-07-01T19:10:00.000,5.38,354.27,5.35,-0.54
2026-07-01T19:20:00.000,5.44,327.27,4.58,-2.94
2026-07-01T19:30:00.000,5.75,319.89,4.4,-3.71
2026-07-01T19:40:00.000,6.04,315.94,4.34,-4.2
2026-07-01T19:50:00.000,10.09,319.62,7.69,-6.54
2026-07-01T20:00:00.000,10.63,312.62,7.2,-7.82
2026-07-01T20:10:00.000,10.69,285.22,2.81,-10.32
2026-07-01T20:20:00.000,5.34,252.89,-1.57,-5.11
2026-07-01T20:30:00.000,4.96,235.84,-2.78,-4.1
2026-07-01T20:40:00.000,6.88,177.75,-6.87,0.27
2026-07-01T20:50:00.000,6.22,162.52,-5.93,1.87
2026-07-01T21:00:00.000,7.73,156.53,-7.09,3.08
2026-07-01T21:10:00.000,5.93,140.01,-4.55,3.81
2026-07-01T21:20:00.000,5.25,149.3,-4.51,2.68
2026-07-01T21:30:00.000,2.06,149.54,-1.78,1.05
2026-07-01T21:40:00.000,0.75,243.4,-0.34,-0.67
2026-07-01T21:50:00.000,1.7,245.29,-0.71,-1.54
2026-07-01T22:00:00.000,2.43,237.57,-1.3,-2.05
2026-07-01T22:10:00.000,3.19,239.33,-1.63,-2.75
2026-07-01T22:20:00.000,2.22,248.3,-0.82,-2.07
2026-07-01T22:30:00.000,2.21,214.12,-1.83,-1.24
2026-07-01T22:40:00.000,2.95,223.26,-2.15,-2.02
2026-07-01T22:50:00.000,4.33,233.33,-2.59,-3.47
2026-07-01T23:00:00.000,3.93,235.88,-2.2,-3.25
2026-07-01T23:10:00.000,2.8,238.69,-1.46,-2.4
2026-07-01T23:20:00.000,2.02,255.27,-0.51,-1.96
2026-07-01T23:30:00.000,2.52,268.31,-0.07,-2.52
2026-07-01T23:40:00.000,2.51,232.53,-1.52,-1.99
2026-07-01T23:50:00.000,3.91,226.57,-2.69,-2.84
2026-07-02T00:00:00.000,2.5,216.53,-2.01,-1.49
2026-07-02T00:10:00.000,3.03,214,-2.51,-1.69
2026-07-02T00:20:00.000,4.64,192.71,-4.52,-1.02
2026-07-02T00:30:00.000,4.53,193.51,-4.4,-1.06
2026-07-02T00:40:00.000,4.99,199.22,-4.71,-1.64
2026-07-02T00:50:00.000,4.18,205.51,-3.77,-1.8
2026-07-02T01:00:00.000,3.31,214.37,-2.73,-1.87
2026-07-02T01:10:00.000,2.9,221.85,-2.16,-1.94
2026-07-02T01:20:00.000,1.04,231.06,-0.65,-0.81
2026-07-02T01:30:00.000,0.65,253.91,-0.18,-0.62
2026-07-02T01:40:00.000,0.54,234.23,-0.31,-0.44
2026-07-02T01:50:00.000,1.04,141.62,-0.82,0.65
2026-07-02T02:00:00.000,1.14,154.63,-1.03,0.49
2026-07-02T02:10:00.000,0.77,251.6,-0.24,-0.74
2026-07-02T02:20:00.000,2.85,281.35,0.56,-2.8
2026-07-02T02:30:00.000,2.62,231.28,-1.64,-2.05
2026-07-02T02:40:00.000,1.53,229.69,-0.99,-1.17
2026-07-02T02:50:00.000,3.99,225.06,-2.82,-2.82
2026-07-02T03:00:00.000,3.5,227.72,-2.35,-2.59
2026-07-02T03:10:00.000,3.75,231.25,-2.34,-2.92
2026-07-02T03:20:00.000,2.94,233.94,-1.73,-2.38
2026-07-02T03:30:00.000,1.78,241.53,-0.85,-1.57
2026-07-02T03:40:00.000,1.03,250.5,-0.34,-0.97
2026-07-02T03:50:00.000,1.76,262.45,-0.23,-1.74
2026-07-02T04:00:00.000,1.3,269.21,-0.02,-1.3
2026-07-02T04:10:00.000,0.67,270.4,0,-0.67
2026-07-02T04:20:00.000,0.46,260.7,-0.08,-0.46
2026-07-02T04:30:00.000,1.46,115.44,-0.63,1.32
2026-07-02T04:40:00.000,1.71,159.32,-1.6,0.6
2026-07-02T04:50:00.000,2.7,177.57,-2.7,0.11
2026-07-02T05:00:00.000,5.23,162.63,-4.99,1.56
2026-07-02T05:10:00.000,5.2,178.23,-5.19,0.16
2026-07-02T05:20:00.000,3.82,195.05,-3.69,-0.99
2026-07-02T05:30:00.000,2.5,171.8,-2.48,0.36
2026-07-02T05:40:00.000,5.52,161.15,-5.23,1.79
2026-07-02T05:50:00.000,8.75,175.03,-8.72,0.76
2026-07-02T06:00:00.000,8.56,197.11,-8.19,-2.52
2026-07-02T06:10:00.000,6.35,188.23,-6.28,-0.91
2026-07-02T06:20:00.000,4.02,165.2,-3.88,1.03
2026-07-02T06:30:00.000,1.76,141.66,-1.38,1.09
2026-07-02T06:40:00.000,0.99,270.73,0.01,-0.99
2026-07-02T06:50:00.000,2.04,297.08,0.93,-1.82
2026-07-02T07:00:00.000,2.92,20.45,2.74,1.02
2026-07-02T07:10:00.000,14.74,74.12,4.03,14.18
2026-07-02T07:20:00.000,13.52,64.68,5.78,12.23
2026-07-02T07:30:00.000,10.17,58.92,5.25,8.71
2026-07-02T07:40:00.000,13.68,53.01,8.23,10.92
2026-07-02T07:50:00.000,18,62.81,8.23,16.02
2026-07-02T08:00:00.000,12.22,71.29,3.92,11.58
2026-07-02T08:10:00.000,5.99,12.98,5.83,1.35
2026-07-02T08:20:00.000,10.19,21.12,9.51,3.67
2026-07-02T08:30:00.000,9.73,27,8.67,4.42
2026-07-02T08:40:00.000,10.17,25.28,9.2,4.34
2026-07-02T08:50:00.000,8.45,55.47,4.79,6.96
2026-07-02T09:00:00.000,8.9,62.56,4.1,7.9
2026-07-02T09:10:00.000,4.27,42.65,3.14,2.89
2026-07-02T09:20:00.000,12.18,354.42,12.12,-1.18
2026-07-02T09:30:00.000,8.3,5.27,8.26,0.76
2026-07-02T09:40:00.000,4.63,11.1,4.54,0.89
2026-07-02T09:50:00.000,4.46,17.27,4.26,1.32
2026-07-02T10:00:00.000,3.53,348.53,3.46,-0.7
2026-07-02T10:10:00.000,0.81,254.89,-0.21,-0.78
2026-07-02T10:20:00.000,5.25,206.97,-4.68,-2.38
2026-07-02T10:30:00.000,6.12,158.04,-5.67,2.29
2026-07-02T10:40:00.000,3.18,141.08,-2.47,2
2026-07-02T10:50:00.000,0.46,175.28,-0.45,0.04
2026-07-02T11:00:00.000,0.59,239.63,-0.3,-0.51
2026-07-02T11:10:00.000,0.89,103.84,-0.21,0.87
2026-07-02T11:20:00.000,3.56,70.21,1.2,3.35
2026-07-02T11:30:00.000,2.62,7.85,2.6,0.36
2026-07-02T11:40:00.000,2.89,321.13,2.25,-1.81
2026-07-02T11:50:00.000,5.26,310.17,3.4,-4.02
2026-07-02T12:00:00.000,2.37,317.4,1.74,-1.6
2026-07-02T12:10:00.000,0.87,297.32,0.4,-0.78
2026-07-02T12:20:00.000,1.36,16.45,1.31,0.39
2026-07-02T12:30:00.000,1.38,354.41,1.37,-0.13
2026-07-02T12:40:00.000,2.97,347.12,2.9,-0.66
2026-07-02T12:50:00.000,1.49,1.79,1.49,0.05
2026-07-02T13:00:00.000,1.15,310.97,0.75,-0.87
2026-07-02T13:10:00.000,0.99,259.31,-0.18,-0.97
2026-07-02T13:20:00.000,3.02,236.17,-1.68,-2.51
2026-07-02T13:30:00.000,6.68,228.85,-4.39,-5.03
2026-07-02T13:40:00.000,6.55,219.95,-5.02,-4.2
2026-07-02T13:50:00.000,5.88,219.37,-4.54,-3.73
2026-07-02T14:00:00.000,5.21,216,-4.21,-3.06
2026-07-02T14:10:00.000,5.22,198.85,-4.94,-1.69
2026-07-02T14:20:00.000,6.45,192.87,-6.29,-1.44
2026-07-02T14:30:00.000,9.26,180.66,-9.26,-0.11
2026-07-02T14:40:00.000,9.77,187.51,-9.69,-1.28
2026-07-02T14:50:00.000,7.57,200.84,-7.07,-2.69
2026-07-02T15:00:00.000,8.75,224.34,-6.26,-6.11
2026-07-02T15:10:00.000,6.08,225.52,-4.26,-4.34
2026-07-02T15:20:00.000,7.75,203.45,-7.11,-3.08
2026-07-02T15:30:00.000,8.12,196.46,-7.79,-2.3
2026-07-02T15:40:00.000,5.92,174.79,-5.9,0.54
2026-07-02T15:50:00.000,11.64,150.61,-10.14,5.71
2026-07-02T16:00:00.000,12.83,155.43,-11.66,5.33
2026-07-02T16:10:00.000,14.48,170.06,-14.26,2.5
2026-07-02T16:20:00.000,12.87,182.65,-12.86,-0.59
2026-07-02T16:30:00.000,12.62,186.8,-12.53,-1.5
2026-07-02T16:40:00.000,12.21,184.95,-12.16,-1.05
2026-07-02T16:50:00.000,7.68,205.02,-6.96,-3.25
2026-07-02T17:00:00.000,3.05,204.83,-2.77,-1.28
2026-07-02T17:10:00.000,0.71,192.88,-0.7,-0.16
2026-07-02T17:20:00.000,6.07,105.24,-1.59,5.85
2026-07-02T17:30:00.000,6.25,121.7,-3.29,5.32
2026-07-02T17:40:00.000,6.43,127.43,-3.91,5.1
2026-07-02T17:50:00.000,5.8,102.53,-1.26,5.66
2026-07-02T18:00:00.000,6.13,85.17,0.52,6.11
2026-07-02T18:10:00.000,6.75,56,3.77,5.6
2026-07-02T18:20:00.000,6.53,23.04,6.01,2.56
2026-07-02T18:30:00.000,18.43,23.53,16.9,7.36
2026-07-02T18:40:00.000,19.99,42.99,14.62,13.63
2026-07-02T18:50:00.000,23.71,60.98,11.5,20.73
2026-07-02T19:00:00.000,13.04,61.42,6.24,11.45
2026-07-02T19:10:00.000,14.94,45.64,10.45,10.68
2026-07-02T19:20:00.000,12.03,19.1,11.37,3.94
2026-07-02T19:30:00.000,24.41,28.98,21.36,11.83
2026-07-02T19:40:00.000,14.24,12.28,13.92,3.03
2026-07-02T19:50:00.000,4.91,16.87,4.7,1.43
2026-07-02T20:00:00.000,4.12,25.15,3.73,1.75
2026-07-02T20:10:00.000,5.2,335.55,4.74,-2.15
2026-07-02T20:20:00.000,5.11,324.75,4.18,-2.95
2026-07-02T20:30:00.000,8.04,338.22,7.47,-2.98
2026-07-02T20:40:00.000,5.43,336.68,4.99,-2.15
2026-07-02T20:50:00.000,5.76,293.56,2.3,-5.28
2026-07-02T21:00:00.000,2.74,257.54,-0.59,-2.67
2026-07-02T21:10:00.000,1.37,235.36,-0.78,-1.12
2026-07-02T21:20:00.000,1.11,246.58,-0.44,-1.02
2026-07-02T21:30:00.000,0.44,308.9,0.27,-0.34
2026-07-02T21:40:00.000,0.88,215.07,-0.72,-0.5
2026-07-02T21:50:00.000,3.37,173.46,-3.34,0.38
2026-07-02T22:00:00.000,1.98,182.71,-1.98,-0.09
2026-07-02T22:10:00.000,2.31,192.09,-2.26,-0.48
2026-07-02T22:20:00.000,1.18,219.59,-0.91,-0.75
2026-07-02T22:30:00.000,1.78,225.17,-1.26,-1.26
2026-07-02T22:40:00.000,2.88,252.9,-0.85,-2.76
2026-07-02T22:50:00.000,3.75,245.23,-1.57,-3.4
2026-07-02T23:00:00.000,6.06,275.31,0.56,-6.03
2026-07-02T23:10:00.000,5.68,257.82,-1.2,-5.55
2026-07-02T23:20:00.000,4.8,228.57,-3.18,-3.6
2026-07-02T23:30:00.000,6.2,221.98,-4.61,-4.15
2026-07-02T23:40:00.000,6.85,221.57,-5.13,-4.55
2026-07-02T23:50:00.000,4.95,203.88,-4.52,-2
2026-07-03T00:00:00.000,5.36,191.2,-5.26,-1.04
2026-07-03T00:10:00.000,5.79,205.11,-5.25,-2.46
2026-07-03T00:20:00.000,6.06,201.32,-5.65,-2.2
2026-07-03T00:30:00.000,3.91,214.54,-3.22,-2.22
2026-07-03T00:40:00.000,7.02,232.21,-4.3,-5.55
2026-07-03T00:50:00.000,11.12,226.48,-7.66,-8.06
2026-07-03T01:00:00.000,12.6,228.83,-8.3,-9.49
2026-07-03T01:10:00.000,9.23,234.53,-5.36,-7.52
2026-07-03T01:20:00.000,10.49,220.86,-7.93,-6.86
2026-07-03T01:30:00.000,7.12,207.13,-6.34,-3.25
2026-07-03T01:40:00.000,7.49,190.76,-7.35,-1.4
2026-07-03T01:50:00.000,9.43,187.85,-9.34,-1.29
2026-07-03T02:00:00.000,6.38,185.02,-6.35,-0.56
2026-07-03T02:10:00.000,5.5,179.04,-5.5,0.09
2026-07-03T02:20:00.000,4.65,185.54,-4.63,-0.45
2026-07-03T02:30:00.000,5.44,188.92,-5.37,-0.84
2026-07-03T02:40:00.000,4.67,169.27,-4.59,0.87
2026-07-03T02:50:00.000,4,154.86,-3.62,1.7
2026-07-03T03:00:00.000,5.26,156.73,-4.83,2.08
2026-07-03T03:10:00.000,4.64,199.88,-4.36,-1.58
2026-07-03T03:20:00.000,3.66,216.07,-2.96,-2.15
2026-07-03T03:30:00.000,5.49,239.25,-2.81,-4.72
2026-07-03T03:40:00.000,6.67,264.77,-0.61,-6.65
2026-07-03T03:50:00.000,7.08,261.41,-1.06,-7
2026-07-03T04:00:00.000,6.22,257.61,-1.33,-6.07
2026-07-03T04:10:00.000,6.18,268,-0.22,-6.18
2026-07-03T04:20:00.000,3.35,277.81,0.46,-3.32
2026-07-03T04:30:00.000,1.74,259.31,-0.32,-1.71
2026-07-03T04:40:00.000,1.46,217.05,-1.16,-0.88
2026-07-03T04:50:00.000,4.57,183.26,-4.56,-0.26
2026-07-03T05:00:00.000,7.51,190.83,-7.38,-1.41
2026-07-03T05:10:00.000,9.78,201.33,-9.11,-3.56
2026-07-03T05:20:00.000,7.12,207.67,-6.31,-3.31
2026-07-03T05:30:00.000,3.92,186.88,-3.89,-0.47
2026-07-03T05:40:00.000,7.09,160.76,-6.69,2.34
2026-07-03T05:50:00.000,13.62,166.69,-13.25,3.13
2026-07-03T06:00:00.000,4.79,157.59,-4.43,1.83
2026-07-03T06:10:00.000,1.74,88.46,0.05,1.73
2026-07-03T06:20:00.000,13.38,110.28,-4.64,12.55
2026-07-03T06:30:00.000,18.41,112.42,-7.02,17.02
2026-07-03T06:40:00.000,7.76,54.69,4.49,6.33
2026-07-03T06:50:00.000,11.94,13.49,11.61,2.78
2026-07-03T07:00:00.000,14.64,353.73,14.55,-1.6
2026-07-03T07:10:00.000,16.95,358.03,16.94,-0.58
2026-07-03T07:20:00.000,14.52,3.85,14.49,0.97
2026-07-03T07:30:00.000,4.6,40.37,3.51,2.98
2026-07-03T07:40:00.000,1,306.02,0.59,-0.81
2026-07-03T07:50:00.000,2.13,264.29,-0.21,-2.12
2026-07-03T08:00:00.000,2.88,339.73,2.7,-1
2026-07-03T08:10:00.000,5.17,20.85,4.83,1.84
2026-07-03T08:20:00.000,5.46,34.79,4.49,3.12
2026-07-03T08:30:00.000,6.4,45.4,4.5,4.56
2026-07-03T08:40:00.000,14.56,31.21,12.45,7.54
2026-07-03T08:50:00.000,14.99,65.56,6.2,13.65
2026-07-03T09:00:00.000,12.99,58.76,6.74,11.11
2026-07-03T09:10:00.000,12.48,54.93,7.17,10.22
2026-07-03T09:20:00.000,10.45,50.8,6.6,8.1
2026-07-03T09:30:00.000,13.61,54.02,8,11.02
2026-07-03T09:40:00.000,11.52,59.23,5.89,9.9
2026-07-03T09:50:00.000,9.15,78.46,1.83,8.97
2026-07-03T10:00:00.000,3.29,87.59,0.14,3.29
2026-07-03T10:10:00.000,0.79,240.36,-0.39,-0.68
2026-07-03T10:20:00.000,2.22,279.11,0.35,-2.19
2026-07-03T10:30:00.000,5.5,302.65,2.97,-4.63
2026-07-03T10:40:00.000,8.58,309.78,5.49,-6.59
2026-07-03T10:50:00.000,12.27,228.06,-8.2,-9.12
2026-07-03T11:00:00.000,9.65,220.67,-7.32,-6.29
2026-07-03T11:10:00.000,7.69,229.56,-4.99,-5.85
2026-07-03T11:20:00.000,8.05,239.11,-4.13,-6.9
2026-07-03T11:30:00.000,4.44,236.77,-2.43,-3.71
2026-07-03T11:40:00.000,2.58,212.54,-2.17,-1.39
2026-07-03T11:50:00.000,3.1,180.68,-3.1,-0.04
2026-07-03T12:00:00.000,2.19,210.71,-1.88,-1.12
2026-07-03T12:10:00.000,1.93,243.73,-0.85,-1.73
2026-07-03T12:20:00.000,3.54,243.43,-1.58,-3.17
2026-07-03T12:30:00.000,2.29,230.55,-1.46,-1.77
2026-07-03T12:40:00.000,3.88,192.92,-3.78,-0.87
2026-07-03T12:50:00.000,1.83,215.6,-1.49,-1.07
2026-07-03T13:00:00.000,1.68,213.67,-1.39,-0.93
2026-07-03T13:10:00.000,4.05,217.31,-3.22,-2.45
2026-07-03T13:20:00.000,8.37,224.01,-6.02,-5.82
2026-07-03T13:30:00.000,11.04,222.99,-8.08,-7.53
2026-07-03T13:40:00.000,11.08,220.73,-8.39,-7.23
2026-07-03T13:50:00.000,8.63,223.73,-6.24,-5.97
2026-07-03T14:00:00.000,8.29,204.98,-7.51,-3.5
2026-07-03T14:10:00.000,9.31,198.44,-8.83,-2.95
2026-07-03T14:20:00.000,10.38,191.17,-10.19,-2.01
2026-07-03T14:30:00.000,6.65,187.19,-6.6,-0.83
2026-07-03T14:40:00.000,11.4,178.9,-11.4,0.22
2026-07-03T14:50:00.000,6.93,189.85,-6.83,-1.19
2026-07-03T15:00:00.000,4.63,226.6,-3.18,-3.36
2026-07-03T15:10:00.000,4.53,214.47,-3.74,-2.56
2026-07-03T15:20:00.000,4.86,196.85,-4.65,-1.41
2026-07-03T15:30:00.000,6.12,178.93,-6.12,0.11
2026-07-03T15:40:00.000,6.83,165.99,-6.63,1.65
2026-07-03T15:50:00.000,5.06,180.14,-5.06,-0.01
2026-07-03T16:00:00.000,2.34,208.26,-2.06,-1.11
2026-07-03T16:10:00.000,0.8,260.77,-0.13,-0.79
2026-07-03T16:20:00.000,2.81,92.75,-0.13,2.8
2026-07-03T16:30:00.000,1.51,129.56,-0.96,1.16
2026-07-03T16:40:00.000,0.73,333.45,0.65,-0.33
2026-07-03T16:50:00.000,5.96,276.37,0.66,-5.92
2026-07-03T17:00:00.000,0.91,3.04,0.91,0.05
2026-07-03T17:10:00.000,5.37,56.14,2.99,4.46
2026-07-03T17:20:00.000,5.85,63.25,2.63,5.22
2026-07-03T17:30:00.000,1.84,98.57,-0.27,1.82
2026-07-03T17:40:00.000,5.1,353.85,5.07,-0.55
2026-07-03T17:50:00.000,17.88,356.59,17.84,-1.06
2026-07-03T18:00:00.000,12.61,345.23,12.19,-3.21
2026-07-03T18:10:00.000,13.12,336.42,12.03,-5.25
2026-07-03T18:20:00.000,11.4,322.85,9.08,-6.88
2026-07-03T18:30:00.000,3.31,306.67,1.98,-2.65
2026-07-03T18:40:00.000,15.2,3.85,15.16,1.02
2026-07-03T18:50:00.000,14.44,12.7,14.08,3.17
2026-07-03T19:00:00.000,14.13,44.78,10.03,9.95
2026-07-03T19:10:00.000,10.35,30.71,8.9,5.29
2026-07-03T19:20:00.000,11.48,1.19,11.48,0.24
2026-07-03T19:30:00.000,8.36,316.58,6.08,-5.75
2026-07-03T19:40:00.000,4.72,319.4,3.59,-3.07
2026-07-03T19:50:00.000,1.28,308.94,0.81,-1
2026-07-03T20:00:00.000,2.27,11.24,2.23,0.44
2026-07-03T20:10:00.000,4.54,38.64,3.54,2.83
2026-07-03T20:20:00.000,4.56,36.82,3.65,2.74
2026-07-03T20:30:00.000,7.88,62.37,3.65,6.98
2026-07-03T20:40:00.000,6.13,55.74,3.45,5.06
2026-07-03T20:50:00.000,5.24,44.92,3.71,3.7
2026-07-03T21:00:00.000,4.28,55.86,2.4,3.54
2026-07-03T21:10:00.000,4.22,35.97,3.42,2.48
2026-07-03T21:20:00.000,5.03,17.17,4.81,1.49
2026-07-03T21:30:00.000,4.31,62.87,1.96,3.83
2026-07-03T21:40:00.000,0.6,240.69,-0.29,-0.52
2026-07-03T21:50:00.000,0.95,250.59,-0.32,-0.9
2026-07-03T22:00:00.000,2.82,271.65,0.08,-2.82
2026-07-03T22:10:00.000,2,265.85,-0.14,-2
2026-07-03T22:20:00.000,1.98,229.5,-1.28,-1.5
2026-07-03T22:30:00.000,0.72,223.03,-0.53,-0.49
2026-07-03T22:40:00.000,0.77,188.75,-0.76,-0.12
2026-07-03T22:50:00.000,4.53,175.36,-4.52,0.37
2026-07-03T23:00:00.000,2.19,218.83,-1.7,-1.37
2026-07-03T23:10:00.000,3.9,246.37,-1.56,-3.57
2026-07-03T23:20:00.000,4.79,252.37,-1.45,-4.57
2026-07-03T23:30:00.000,7.91,259.23,-1.48,-7.77
2026-07-03T23:40:00.000,7.52,269.22,-0.1,-7.52
2026-07-03T23:50:00.000,4.48,251.14,-1.45,-4.24
2026-07-04T00:00:00.000,2.23,197.94,-2.12,-0.69
2026-07-04T00:10:00.000,3.48,167.91,-3.41,0.73
2026-07-04T00:20:00.000,3.41,158.55,-3.17,1.25
2026-07-04T00:30:00.000,0.84,222.14,-0.63,-0.57
2026-07-04T00:40:00.000,4.9,257.9,-1.03,-4.79
2026-07-04T00:50:00.000,3.53,256.72,-0.81,-3.44
2026-07-04T01:00:00.000,1.91,238.26,-1.01,-1.63
2026-07-04T01:10:00.000,3.26,192.71,-3.18,-0.72
2026-07-04T01:20:00.000,7.63,138.36,-5.71,5.07
2026-07-04T01:30:00.000,4.72,151.46,-4.15,2.26
2026-07-04T01:40:00.000,1.16,190.24,-1.15,-0.21
2026-07-04T01:50:00.000,1.08,279.41,0.18,-1.06
2026-07-04T02:00:00.000,2.23,304.56,1.26,-1.83
2026-07-04T02:10:00.000,2.27,331.23,1.99,-1.09
2026-07-04T02:20:00.000,0.93,290.58,0.33,-0.87
2026-07-04T02:30:00.000,0.9,279.7,0.15,-0.89
2026-07-04T02:40:00.000,2.89,278.28,0.42,-2.86
2026-07-04T02:50:00.000,5.84,287.72,1.78,-5.57
2026-07-04T03:00:00.000,3.66,308.22,2.26,-2.87
2026-07-04T03:10:00.000,4.11,14.68,3.97,1.04
2026-07-04T03:20:00.000,0.6,304.68,0.34,-0.5
2026-07-04T03:30:00.000,0.49,274.09,0.03,-0.49
2026-07-04T03:40:00.000,0.36,241.35,-0.17,-0.31
2026-07-04T03:50:00.000,4.94,127.87,-3.03,3.9
2026-07-04T04:00:00.000,5.63,160.37,-5.3,1.89
2026-07-04T04:10:00.000,6.46,175.81,-6.45,0.47
2026-07-04T04:20:00.000,6.11,182.97,-6.11,-0.32
2026-07-04T04:30:00.000,9.72,164.94,-9.39,2.53
2026-07-04T04:40:00.000,13.65,155.16,-12.38,5.73
2026-07-04T04:50:00.000,16.97,169.57,-16.69,3.07
2026-07-04T05:00:00.000,16.31,185.53,-16.23,-1.57
2026-07-04T05:10:00.000,6.37,219.11,-4.94,-4.02
2026-07-04T05:20:00.000,1.17,265.35,-0.09,-1.16
2026-07-04T05:30:00.000,10.47,119.72,-5.19,9.09
2026-07-04T05:40:00.000,13.72,133.01,-9.36,10.03
2026-07-04T05:50:00.000,12.85,76.28,3.05,12.48
2026-07-04T06:00:00.000,21.45,34.9,17.6,12.27
2026-07-04T06:10:00.000,27.92,49.5,18.13,21.23
2026-07-04T06:20:00.000,21.38,55.9,11.99,17.7
2026-07-04T06:30:00.000,6.63,82.08,0.91,6.57
2026-07-04T06:40:00.000,11.16,8.89,11.02,1.72
2026-07-04T06:50:00.000,9.84,353.02,9.77,-1.2
2026-07-04T07:00:00.000,12.6,17.05,12.04,3.69
2026-07-04T07:10:00.000,14.33,38.49,11.22,8.92
2026-07-04T07:20:00.000,15.87,69.21,5.63,14.84
2026-07-04T07:30:00.000,4.04,83.83,0.43,4.02
2026-07-04T07:40:00.000,2.43,34.52,2,1.38
2026-07-04T07:50:00.000,4.09,329.83,3.54,-2.06
2026-07-04T08:00:00.000,3.27,37.02,2.61,1.97
2026-07-04T08:10:00.000,0.94,87.67,0.04,0.94
2026-07-04T08:20:00.000,0.51,120.65,-0.26,0.44
2026-07-04T08:30:00.000,0.46,202.83,-0.42,-0.18
2026-07-04T08:40:00.000,0.41,210.1,-0.36,-0.21
2026-07-04T08:50:00.000,3.15,111.38,-1.15,2.93
2026-07-04T09:00:00.000,6.78,156.74,-6.23,2.68
2026-07-04T09:10:00.000,8.84,171.02,-8.73,1.38
2026-07-04T09:20:00.000,5.03,172.78,-4.99,0.63
2026-07-04T09:30:00.000,6.39,161.58,-6.07,2.02
2026-07-04T09:40:00.000,6.5,271.49,0.17,-6.5
2026-07-04T09:50:00.000,9.57,327.47,8.07,-5.15
2026-07-04T10:00:00.000,2.93,351.1,2.9,-0.45
2026-07-04T10:10:00.000,2.8,178.35,-2.8,0.08
2026-07-04T10:20:00.000,4.45,179.18,-4.45,0.06
2026-07-04T10:30:00.000,6.09,184.04,-6.07,-0.43
2026-07-04T10:40:00.000,6.47,204.88,-5.87,-2.72
2026-07-04T10:50:00.000,6.09,223.41,-4.43,-4.19
2026-07-04T11:00:00.000,7.63,222.82,-5.6,-5.18
2026-07-04T11:10:00.000,8.62,234.88,-4.96,-7.05
2026-07-04T11:20:00.000,5.1,236.54,-2.81,-4.26
2026-07-04T11:30:00.000,7.94,255.5,-1.99,-7.69
2026-07-04T11:40:00.000,4.65,261.32,-0.7,-4.59
2026-07-04T11:50:00.000,3,228.86,-1.98,-2.26
2026-07-04T12:00:00.000,2.89,199.47,-2.72,-0.96
2026-07-04T12:10:00.000,5.47,224.59,-3.9,-3.84
2026-07-04T12:20:00.000,8.83,241.83,-4.17,-7.78
2026-07-04T12:30:00.000,8.42,227.13,-5.73,-6.17
2026-07-04T12:40:00.000,8.38,212.18,-7.09,-4.46
2026-07-04T12:50:00.000,5.18,211.47,-4.42,-2.7
2026-07-04T13:00:00.000,5.49,231.3,-3.43,-4.28
2026-07-04T13:10:00.000,6.33,253.97,-1.75,-6.09
2026-07-04T13:20:00.000,9.57,272.38,0.4,-9.56
2026-07-04T13:30:00.000,4.96,263.25,-0.58,-4.92
2026-07-04T13:40:00.000,5.82,225.83,-4.05,-4.17
2026-07-04T13:50:00.000,4.4,197.9,-4.19,-1.35
2026-07-04T14:00:00.000,4.3,173.16,-4.27,0.51
2026-07-04T14:10:00.000,4.16,184.9,-4.14,-0.36
2026-07-04T14:20:00.000,1.01,231.84,-0.63,-0.8
2026-07-04T14:30:00.000,0.75,249.24,-0.27,-0.7
2026-07-04T14:40:00.000,2.02,13.2,1.96,0.46
2026-07-04T14:50:00.000,2.88,60.88,1.4,2.52
2026-07-04T15:00:00.000,2.64,93.52,-0.16,2.64
2026-07-04T15:10:00.000,4.37,102.44,-0.94,4.27
2026-07-04T15:20:00.000,4.04,105.77,-1.1,3.89
2026-07-04T15:30:00.000,5.71,124.83,-3.26,4.68
2026-07-04T15:40:00.000,5.9,177.07,-5.89,0.3
2026-07-04T15:50:00.000,12.82,181.76,-12.81,-0.39
2026-07-04T16:00:00.000,16.77,181.37,-16.76,-0.4
2026-07-04T16:10:00.000,14.93,189.84,-14.71,-2.55
2026-07-04T16:20:00.000,11.05,197.31,-10.55,-3.29
2026-07-04T16:30:00.000,8.64,169.63,-8.5,1.56
2026-07-04T16:40:00.000,17.75,166.19,-17.24,4.24
2026-07-04T16:50:00.000,20.33,180.45,-20.33,-0.16
2026-07-04T17:00:00.000,17.08,198.46,-16.2,-5.41
2026-07-04T17:10:00.000,3.69,251.33,-1.18,-3.49
2026-07-04T17:20:00.000,5.25,121.35,-2.73,4.49
2026-07-04T17:30:00.000,8.17,146.64,-6.82,4.49
2026-07-04T17:40:00.000,5.94,170.93,-5.87,0.94
2026-07-04T17:50:00.000,2.33,161.38,-2.21,0.75
2026-07-04T18:00:00.000,8.83,119.27,-4.32,7.7
2026-07-04T18:10:00.000,11.88,54.29,6.94,9.65
2026-07-04T18:20:00.000,8.39,23.8,7.67,3.38
2026-07-04T18:30:00.000,4.4,8.19,4.35,0.63
2026-07-04T18:40:00.000,5.01,50.8,3.17,3.88
2026-07-04T18:50:00.000,8.45,25.12,7.65,3.59
2026-07-04T19:00:00.000,4.98,19.12,4.7,1.63
2026-07-04T19:10:00.000,1.43,127.37,-0.87,1.14
2026-07-04T19:20:00.000,4.49,163.43,-4.31,1.28
2026-07-04T19:30:00.000,7.33,189.71,-7.23,-1.24
2026-07-04T19:40:00.000,5.25,233.38,-3.13,-4.21
2026-07-04T19:50:00.000,6.86,257.65,-1.47,-6.7
2026-07-04T20:00:00.000,6,296.87,2.71,-5.36
2026-07-04T20:10:00.000,9.59,336.63,8.8,-3.8
2026-07-04T20:20:00.000,5.63,6.01,5.59,0.59
2026-07-04T20:30:00.000,8,67.72,3.03,7.4
2026-07-04T20:40:00.000,5.57,85.5,0.44,5.56
2026-07-04T20:50:00.000,1,165.2,-0.97,0.26
2026-07-04T21:00:00.000,7.02,254.58,-1.87,-6.77
2026-07-04T21:10:00.000,6.76,234.6,-3.92,-5.51
2026-07-04T21:20:00.000,2.86,202.42,-2.64,-1.09
2026-07-04T21:30:00.000,3.14,182.09,-3.13,-0.11
2026-07-04T21:40:00.000,0.76,207.97,-0.67,-0.36
2026-07-04T21:50:00.000,0.56,311.71,0.37,-0.41
2026-07-04T22:00:00.000,0.79,262.18,-0.11,-0.79
2026-07-04T22:10:00.000,3.42,132.86,-2.33,2.51
2026-07-04T22:20:00.000,1.93,198.83,-1.83,-0.62
2026-07-04T22:30:00.000,4.66,256.25,-1.11,-4.53
2026-07-04T22:40:00.000,4.88,244.24,-2.12,-4.39
2026-07-04T22:50:00.000,3.04,189.45,-3,-0.5
2026-07-04T23:00:00.000,5.67,172.01,-5.61,0.79
2026-07-04T23:10:00.000,12.67,202.88,-11.67,-4.93
2026-07-04T23:20:00.000,10.85,211.23,-9.28,-5.63
2026-07-04T23:30:00.000,13.76,218.54,-10.76,-8.58
2026-07-04T23:40:00.000,6.7,221.7,-5,-4.45
2026-07-04T23:50:00.000,5.78,210.71,-4.97,-2.95
2026-07-05T00:00:00.000,6.71,212.67,-5.65,-3.62
2026-07-05T00:10:00.000,7.9,217.23,-6.29,-4.78
2026-07-05T00:20:00.000,14.15,216.86,-11.32,-8.49
2026-07-05T00:30:00.000,7.16,233.31,-4.28,-5.74
2026-07-05T00:40:00.000,5.26,225.55,-3.69,-3.76
2026-07-05T00:50:00.000,3.7,209.94,-3.21,-1.85
2026-07-05T01:00:00.000,1.64,239.93,-0.82,-1.42
2026-07-05T01:10:00.000,6.23,292.42,2.38,-5.76
2026-07-05T01:20:00.000,5.96,283.07,1.35,-5.8
2026-07-05T01:30:00.000,3.4,284.49,0.85,-3.29
2026-07-05T01:40:00.000,2.62,205.68,-2.36,-1.14
2026-07-05T01:50:00.000,6.69,166.93,-6.52,1.51
2026-07-05T02:00:00.000,2.53,171.52,-2.5,0.37
2026-07-05T02:10:00.000,2.83,142.28,-2.24,1.73
2026-07-05T02:20:00.000,6.16,130.4,-3.99,4.69
2026-07-05T02:30:00.000,4.58,156.88,-4.21,1.8
2026-07-05T02:40:00.000,2.16,192.32,-2.11,-0.46
2026-07-05T02:50:00.000,3.2,199.81,-3.01,-1.09
2026-07-05T03:00:00.000,2.73,227.99,-1.82,-2.02
2026-07-05T03:10:00.000,4.31,274.25,0.32,-4.3
2026-07-05T03:20:00.000,6.68,296.84,3.02,-5.96
2026-07-05T03:30:00.000,5.76,324.68,4.7,-3.33
2026-07-05T03:40:00.000,6.36,338.06,5.9,-2.38
2026-07-05T03:50:00.000,6.45,16.36,6.18,1.82
2026-07-05T04:00:00.000,6.43,39.27,4.98,4.07
2026-07-05T04:10:00.000,5.58,61.52,2.66,4.9
2026-07-05T04:20:00.000,5.51,97.53,-0.72,5.46
2026-07-05T04:30:00.000,4.92,121.35,-2.56,4.2
2026-07-05T04:40:00.000,3.22,186.65,-3.2,-0.37
2026-07-05T04:50:00.000,16.69,181.07,-16.68,-0.31
2026-07-05T05:00:00.000,16.39,185.93,-16.3,-1.69
2026-07-05T05:10:00.000,14.52,180.38,-14.52,-0.1
2026-07-05T05:20:00.000,15.38,164.34,-14.81,4.15
2026-07-05T05:30:00.000,22.87,166.98,-22.28,5.15
2026-07-05T05:40:00.000,20.19,180.42,-20.19,-0.15
2026-07-05T05:50:00.000,15.31,206.81,-13.66,-6.9
2026-07-05T06:00:00.000,1.67,288.49,0.53,-1.58
2026-07-05T06:10:00.000,13.67,78.38,2.75,13.39
2026-07-05T06:20:00.000,16.97,127.79,-10.4,13.41
2026-07-05T06:30:00.000,2.94,192.68,-2.87,-0.64
2026-07-05T06:40:00.000,4.38,324.31,3.55,-2.55
2026-07-05T06:50:00.000,12.13,15.3,11.7,3.2
2026-07-05T07:00:00.000,24.79,36.46,19.93,14.73
2026-07-05T07:10:00.000,22.23,30.72,19.11,11.36
2026-07-05T07:20:00.000,16.61,346,16.12,-4.02
2026-07-05T07:30:00.000,17.46,291.79,6.48,-16.22
2026-07-05T07:40:00.000,18.44,293.06,7.22,-16.97
2026-07-05T07:50:00.000,18.86,301.59,9.88,-16.07
2026-07-05T08:00:00.000,19.7,286.68,5.65,-18.87
2026-07-05T08:10:00.000,18.87,335.64,17.19,-7.78
2026-07-05T08:20:00.000,16.32,312.29,10.98,-12.08
2026-07-05T08:30:00.000,15.86,317.05,11.61,-10.8
2026-07-05T08:40:00.000,16.54,334.58,14.94,-7.1
2026-07-05T08:50:00.000,17.52,353.01,17.39,-2.13
2026-07-05T09:00:00.000,4.74,256.77,-1.08,-4.61
2026-07-05T09:10:00.000,3.2,202.84,-2.95,-1.24
2026-07-05T09:20:00.000,3.73,165.9,-3.62,0.91
2026-07-05T09:30:00.000,2.02,146.79,-1.69,1.11
2026-07-05T09:40:00.000,0.65,215.26,-0.53,-0.37
2026-07-05T09:50:00.000,6.52,269.84,-0.02,-6.52
2026-07-05T10:00:00.000,7.16,290.17,2.47,-6.72
2026-07-05T10:10:00.000,11.77,315.18,8.35,-8.29
2026-07-05T10:20:00.000,4.69,339.54,4.4,-1.64
2026-07-05T10:30:00.000,3.91,126.51,-2.33,3.15
2026-07-05T10:40:00.000,5.92,123.38,-3.25,4.94
2026-07-05T10:50:00.000,2.38,157.6,-2.2,0.91
2026-07-05T11:00:00.000,0.68,208.62,-0.59,-0.32
2026-07-05T11:10:00.000,1.9,230.58,-1.21,-1.47
2026-07-05T11:20:00.000,0.74,220.24,-0.57,-0.48
2026-07-05T11:30:00.000,0.59,219.68,-0.45,-0.37
2026-07-05T11:40:00.000,1.83,97.11,-0.23,1.81
2026-07-05T11:50:00.000,2.45,165.86,-2.38,0.6
2026-07-05T12:00:00.000,4.69,221.44,-3.52,-3.11
2026-07-05T12:10:00.000,12.16,247.43,-4.67,-11.23
2026-07-05T12:20:00.000,13.84,230.38,-8.82,-10.66
2026-07-05T12:30:00.000,11.04,227.19,-7.5,-8.1
2026-07-05T12:40:00.000,8.96,224.85,-6.35,-6.32
2026-07-05T12:50:00.000,10.29,221.14,-7.75,-6.77
2026-07-05T13:00:00.000,6.39,212.28,-5.4,-3.41
2026-07-05T13:10:00.000,4.5,219.07,-3.49,-2.84
2026-07-05T13:20:00.000,8.15,256.18,-1.95,-7.92
2026-07-05T13:30:00.000,10.08,267.23,-0.49,-10.06
2026-07-05T13:40:00.000,9.58,247.8,-3.62,-8.87
2026-07-05T13:50:00.000,6.92,230.49,-4.4,-5.34
2026-07-05T14:00:00.000,6.6,206.34,-5.92,-2.93
2026-07-05T14:10:00.000,12.4,188.67,-12.26,-1.87
2026-07-05T14:20:00.000,21.52,166.7,-20.94,4.95
2026-07-05T14:30:00.000,21.36,161,-20.19,6.95
2026-07-05T14:40:00.000,13.03,170.07,-12.84,2.25
2026-07-05T14:50:00.000,9.81,193.05,-9.55,-2.21
2026-07-05T15:00:00.000,9.99,185.43,-9.95,-0.95
2026-07-05T15:10:00.000,10.44,170.16,-10.29,1.78
2026-07-05T15:20:00.000,13.57,141.78,-10.66,8.4
2026-07-05T15:30:00.000,6.94,158.82,-6.47,2.51
2026-07-05T15:40:00.000,4.49,126.91,-2.7,3.59
2026-07-05T15:50:00.000,1.34,243.69,-0.59,-1.2
2026-07-05T16:00:00.000,5.26,285.36,1.39,-5.07
2026-07-05T16:10:00.000,3.62,346.16,3.52,-0.87
2026-07-05T16:20:00.000,4.95,36.32,3.99,2.93
2026-07-05T16:30:00.000,4.29,51.93,2.65,3.38
2026-07-05T16:40:00.000,4.97,94.41,-0.38,4.95
2026-07-05T16:50:00.000,2.5,96.2,-0.27,2.48
2026-07-05T17:00:00.000,3.2,321.82,2.52,-1.98
2026-07-05T17:10:00.000,7.64,330.47,6.65,-3.77
2026-07-05T17:20:00.000,12.04,1.41,12.04,0.3
2026-07-05T17:30:00.000,10.75,347.16,10.48,-2.39
2026-07-05T17:40:00.000,3.69,325.33,3.04,-2.1
2026-07-05T17:50:00.000,8.56,305.99,5.03,-6.93
2026-07-05T18:00:00.000,11.98,325.47,9.87,-6.79
2026-07-05T18:10:00.000,14.14,324.86,11.56,-8.14
2026-07-05T18:20:00.000,15.48,310.5,10.06,-11.77
2026-07-05T18:30:00.000,16.23,303.44,8.94,-13.54
2026-07-05T18:40:00.000,16.46,319.08,12.44,-10.78
2026-07-05T18:50:00.000,18.68,333.95,16.78,-8.2
2026-07-05T19:00:00.000,17.14,330.28,14.88,-8.5
2026-07-05T19:10:00.000,13.73,307.73,8.4,-10.86
2026-07-05T19:20:00.000,14.02,314.61,9.84,-9.98
2026-07-05T19:30:00.000,13.85,321.53,10.84,-8.62
2026-07-05T19:40:00.000,14.17,327.37,11.93,-7.64
2026-07-05T19:50:00.000,13.08,327.93,11.08,-6.94
2026-07-05T20:00:00.000,4.23,11.96,4.14,0.88
2026-07-05T20:10:00.000,5.76,0.56,5.76,0.06
2026-07-05T20:20:00.000,5.31,47.97,3.56,3.94
2026-07-05T20:30:00.000,9.65,68.24,3.58,8.96
2026-07-05T20:40:00.000,16.44,84.6,1.55,16.37
2026-07-05T20:50:00.000,15.32,81.68,2.22,15.16
2026-07-05T21:00:00.000,7.39,70.77,2.44,6.98
2026-07-05T21:10:00.000,5.49,65.09,2.31,4.98
2026-07-05T21:20:00.000,2.9,6.68,2.88,0.34
2026-07-05T21:30:00.000,3.97,347.35,3.87,-0.87
2026-07-05T21:40:00.000,0.69,31.96,0.59,0.37
2026-07-05T21:50:00.000,2.33,292.53,0.89,-2.15
2026-07-05T22:00:00.000,3.7,294.4,1.53,-3.37
2026-07-05T22:10:00.000,6.39,310.98,4.19,-4.82
2026-07-05T22:20:00.000,4.12,271.3,0.09,-4.12
2026-07-05T22:30:00.000,9.55,287.11,2.81,-9.13
2026-07-05T22:40:00.000,11.51,285.21,3.02,-11.11
2026-07-05T22:50:00.000,7.26,271.64,0.21,-7.25
2026-07-05T23:00:00.000,4.23,270.35,0.03,-4.23
2026-07-05T23:10:00.000,3.03,226.88,-2.07,-2.21
2026-07-05T23:20:00.000,1.12,227.74,-0.76,-0.83
2026-07-05T23:30:00.000,0.89,249.6,-0.31,-0.83
2026-07-05T23:40:00.000,0.63,247.04,-0.25,-0.58
2026-07-05T23:50:00.000,0.58,200.68,-0.55,-0.21
2026-07-06T00:00:00.000,4.19,156.28,-3.83,1.68
2026-07-06T00:10:00.000,4.35,168.31,-4.26,0.88
2026-07-06T00:20:00.000,3.22,163.25,-3.08,0.93
2026-07-06T00:30:00.000,2.79,151.87,-2.46,1.31
2026-07-06T00:40:00.000,1.48,185.41,-1.47,-0.14
2026-07-06T00:50:00.000,1.56,207.02,-1.39,-0.71
2026-07-06T01:00:00.000,1.36,230.5,-0.87,-1.05
2026-07-06T01:10:00.000,1.53,218.98,-1.19,-0.96
2026-07-06T01:20:00.000,1.92,251.67,-0.6,-1.82
2026-07-06T01:30:00.000,1.51,261.24,-0.23,-1.5
2026-07-06T01:40:00.000,1.42,277.72,0.19,-1.41
2026-07-06T01:50:00.000,3.77,313.18,2.58,-2.75
2026-07-06T02:00:00.000,4.18,330.88,3.65,-2.03
2026-07-06T02:10:00.000,4.53,350.41,4.47,-0.75
2026-07-06T02:20:00.000,5.56,2.6,5.56,0.25
2026-07-06T02:30:00.000,8.36,35.33,6.82,4.83
2026-07-06T02:40:00.000,4.96,30.56,4.27,2.52
2026-07-06T02:50:00.000,3.77,14.87,3.64,0.97
2026-07-06T03:00:00.000,2.04,29.47,1.78,1
2026-07-06T03:10:00.000,0.68,273.56,0.04,-0.68
2026-07-06T03:20:00.000,0.72,276.47,0.08,-0.71
2026-07-06T03:30:00.000,3.33,167.43,-3.25,0.73
2026-07-06T03:40:00.000,8.28,163.01,-7.92,2.42
2026-07-06T03:50:00.000,16.38,152,-14.46,7.69
2026-07-06T04:00:00.000,18.05,164.41,-17.39,4.85
2026-07-06T04:10:00.000,20.2,180.31,-20.2,-0.11
2026-07-06T04:20:00.000,11.88,189.25,-11.73,-1.91
2026-07-06T04:30:00.000,11.11,169.85,-10.94,1.96
2026-07-06T04:40:00.000,17.62,155.65,-16.05,7.26
2026-07-06T04:50:00.000,20.07,155.32,-18.24,8.38
2026-07-06T05:00:00.000,8.37,158.6,-7.79,3.05
2026-07-06T05:10:00.000,2.04,217.63,-1.61,-1.24
2026-07-06T05:20:00.000,2.81,42.5,2.07,1.9
2026-07-06T05:30:00.000,8.03,115.34,-3.44,7.26
2026-07-06T05:40:00.000,7.12,170.75,-7.03,1.14
2026-07-06T05:50:00.000,4.29,262.88,-0.53,-4.25
2026-07-06T06:00:00.000,8.08,264.09,-0.83,-8.04
2026-07-06T06:10:00.000,18.94,246.15,-7.66,-17.32
2026-07-06T06:20:00.000,27.52,238.31,-14.46,-23.42
2026-07-06T06:30:00.000,32.54,233.45,-19.38,-26.14
2026-07-06T06:40:00.000,35.21,235.05,-20.17,-28.86
2026-07-06T06:50:00.000,35.83,239.18,-18.36,-30.77
2026-07-06T07:00:00.000,32.74,248.43,-12.04,-30.45
2026-07-06T07:10:00.000,31.17,254.11,-8.53,-29.98
2026-07-06T07:20:00.000,25.69,260.47,-4.25,-25.33
2026-07-06T07:30:00.000,11.91,246.72,-4.71,-10.94
2026-07-06T07:40:00.000,20.07,284.97,5.18,-19.39
2026-07-06T07:50:00.000,10.93,309.43,6.94,-8.44
2026-07-06T08:00:00.000,4.25,346.63,4.13,-0.98
2026-07-06T08:10:00.000,2.57,83.22,0.3,2.56
2026-07-06T08:20:00.000,11.87,57.65,6.35,10.03
2026-07-06T08:30:00.000,6.63,22.23,6.14,2.51
2026-07-06T08:40:00.000,3.52,284.69,0.89,-3.41
2026-07-06T08:50:00.000,1.1,4.04,1.1,0.08
2026-07-06T09:00:00.000,0.82,236.85,-0.45,-0.69
2026-07-06T09:10:00.000,3.64,223.75,-2.63,-2.52
2026-07-06T09:20:00.000,1.6,248.37,-0.59,-1.48
2026-07-06T09:30:00.000,0.55,236.21,-0.3,-0.46
2026-07-06T09:40:00.000,0.34,144.76,-0.28,0.2
2026-07-06T09:50:00.000,4.24,47.92,2.84,3.15
2026-07-06T10:00:00.000,4.71,87.71,0.19,4.7
2026-07-06T10:10:00.000,5.54,118.75,-2.66,4.86
2026-07-06T10:20:00.000,0.61,182.86,-0.61,-0.03
2026-07-06T10:30:00.000,1.71,111.37,-0.62,1.59
2026-07-06T10:40:00.000,1.27,187.99,-1.26,-0.18
2026-07-06T10:50:00.000,1.94,231.75,-1.2,-1.52
2026-07-06T11:00:00.000,3.24,216.46,-2.6,-1.92
2026-07-06T11:10:00.000,1.91,249.85,-0.66,-1.79
2026-07-06T11:20:00.000,1.51,282.63,0.33,-1.47
2026-07-06T11:30:00.000,1.48,286.01,0.41,-1.42
2026-07-06T11:40:00.000,3.21,264.51,-0.31,-3.2
2026-07-06T11:50:00.000,7.07,295.29,3.02,-6.39
2026-07-06T12:00:00.000,5.76,283.07,1.3,-5.61
2026-07-06T12:10:00.000,2.52,259.84,-0.44,-2.48
2026-07-06T12:20:00.000,3.35,190.04,-3.3,-0.58
2026-07-06T12:30:00.000,5.37,195.65,-5.17,-1.45
2026-07-06T12:40:00.000,10.35,195.7,-9.96,-2.8
2026-07-06T12:50:00.000,9.49,206.61,-8.48,-4.25
2026-07-06T13:00:00.000,8.61,201.54,-8.01,-3.16
2026-07-06T13:10:00.000,7.36,216.67,-5.9,-4.39
2026-07-06T13:20:00.000,9.34,224.46,-6.67,-6.54
2026-07-06T13:30:00.000,5.73,213.4,-4.79,-3.16
2026-07-06T13:40:00.000,5.72,192.99,-5.57,-1.29
2026-07-06T13:50:00.000,4.47,211.43,-3.82,-2.33
2026-07-06T14:00:00.000,6.01,241.81,-2.84,-5.3
2026-07-06T14:10:00.000,6.31,247.96,-2.37,-5.85
2026-07-06T14:20:00.000,4.63,244.19,-2.02,-4.17
2026-07-06T14:30:00.000,3.28,251.41,-1.05,-3.11
2026-07-06T14:40:00.000,2.28,228.16,-1.52,-1.7
2026-07-06T14:50:00.000,2.61,174.72,-2.6,0.24
2026-07-06T15:00:00.000,4.17,170.84,-4.12,0.66
2026-07-06T15:10:00.000,9.06,159.84,-8.5,3.12
2026-07-06T15:20:00.000,12.48,171.56,-12.34,1.83
2026-07-06T15:30:00.000,14.5,180.14,-14.5,-0.03
2026-07-06T15:40:00.000,16.61,180.59,-16.61,-0.17
2026-07-06T15:50:00.000,17.6,174.38,-17.52,1.72
2026-07-06T16:00:00.000,15.53,176.94,-15.51,0.83
2026-07-06T16:10:00.000,14.76,185.25,-14.7,-1.35
2026-07-06T16:20:00.000,12.99,189.55,-12.81,-2.16
2026-07-06T16:30:00.000,5.61,184.31,-5.6,-0.42
2026-07-06T16:40:00.000,1.94,152.43,-1.72,0.9
2026-07-06T16:50:00.000,5.33,110.2,-1.84,5.01
2026-07-06T17:00:00.000,5.51,92.76,-0.26,5.5
2026-07-06T17:10:00.000,8.2,49.12,5.37,6.2
2026-07-06T17:20:00.000,11.1,18.93,10.5,3.6
2026-07-06T17:30:00.000,14.78,67.84,5.57,13.68
2026-07-06T17:40:00.000,29.29,79.89,5.14,28.83
2026-07-06T17:50:00.000,31.17,70.38,10.46,29.36
2026-07-06T18:00:00.000,5.6,94.27,-0.42,5.58
2026-07-06T18:10:00.000,8.07,223.17,-5.88,-5.52
2026-07-06T18:20:00.000,11.88,297.09,5.41,-10.57
2026-07-06T18:30:00.000,14.32,325.96,11.87,-8.02
2026-07-06T18:40:00.000,14.99,328.15,12.73,-7.91
2026-07-06T18:50:00.000,4.45,3.75,4.44,0.29
2026-07-06T19:00:00.000,5.88,10.18,5.79,1.04
2026-07-06T19:10:00.000,16.35,32.09,13.85,8.69
2026-07-06T19:20:00.000,14.77,31.5,12.59,7.72
2026-07-06T19:30:00.000,12.13,44.98,8.58,8.58
2026-07-06T19:40:00.000,8.21,36.78,6.58,4.92
2026-07-06T19:50:00.000,3.36,36.02,2.72,1.98
2026-07-06T20:00:00.000,0.7,349.72,0.69,-0.13
2026-07-06T20:10:00.000,2.76,332.22,2.44,-1.29
2026-07-06T20:20:00.000,6.99,31.29,5.97,3.63
2026-07-06T20:30:00.000,6.12,59.96,3.06,5.29
2026-07-06T20:40:00.000,6.71,67.22,2.6,6.19
2026-07-06T20:50:00.000,6.09,15.58,5.87,1.64
2026-07-06T21:00:00.000,3.3,51.65,2.05,2.59
2026-07-06T21:10:00.000,3.42,40.38,2.61,2.22
2026-07-06T21:20:00.000,3.37,51.8,2.08,2.65
2026-07-06T21:30:00.000,8.3,92.57,-0.37,8.29
2026-07-06T21:40:00.000,13.58,77.62,2.91,13.27
2026-07-06T21:50:00.000,16.35,54.6,9.47,13.33
2026-07-06T22:00:00.000,18,38.39,14.11,11.18
2026-07-06T22:10:00.000,12.97,12.86,12.64,2.89
2026-07-06T22:20:00.000,11.15,330.46,9.7,-5.5
2026-07-06T22:30:00.000,7.35,332.32,6.51,-3.41
2026-07-06T22:40:00.000,1.94,323.54,1.56,-1.15
2026-07-06T22:50:00.000,0.89,230.69,-0.56,-0.69
2026-07-06T23:00:00.000,1.59,218.44,-1.25,-0.99
2026-07-06T23:10:00.000,0.83,242.35,-0.38,-0.73
2026-07-06T23:20:00.000,4,250.44,-1.34,-3.77
2026-07-06T23:30:00.000,3.17,233.96,-1.87,-2.56
2026-07-06T23:40:00.000,3.96,244.42,-1.71,-3.57
2026-07-06T23:50:00.000,6.55,231.81,-4.05,-5.15
2026-07-07T00:00:00.000,4.39,235.2,-2.51,-3.61
2026-07-07T00:10:00.000,5.61,232.86,-3.39,-4.48
2026-07-07T00:20:00.000,5.48,226.3,-3.78,-3.96
2026-07-07T00:30:00.000,5.03,217.34,-4,-3.05
2026-07-07T00:40:00.000,6.31,192.79,-6.16,-1.4
2026-07-07T00:50:00.000,3.12,210.59,-2.68,-1.59
2026-07-07T01:00:00.000,3.71,216.88,-2.97,-2.23
2026-07-07T01:10:00.000,4.62,218.39,-3.62,-2.87
2026-07-07T01:20:00.000,4.51,207.7,-3.99,-2.1
2026-07-07T01:30:00.000,4.58,190.09,-4.51,-0.8
2026-07-07T01:40:00.000,5.29,174.86,-5.27,0.47
2026-07-07T01:50:00.000,5.24,179.42,-5.24,0.05
2026-07-07T02:00:00.000,4.17,185.76,-4.15,-0.42
2026-07-07T02:10:00.000,2.62,225.37,-1.84,-1.87
2026-07-07T02:20:00.000,1.17,233.02,-0.7,-0.93
2026-07-07T02:30:00.000,1.6,105.38,-0.42,1.54
2026-07-07T02:40:00.000,3.06,100.81,-0.57,3
2026-07-07T02:50:00.000,3.04,142.38,-2.41,1.85
2026-07-07T03:00:00.000,5.8,162.91,-5.54,1.7
2026-07-07T03:10:00.000,17.31,159.61,-16.22,6.03
2026-07-07T03:20:00.000,19.19,174.51,-19.11,1.84
2026-07-07T03:30:00.000,15.29,184.44,-15.25,-1.18
2026-07-07T03:40:00.000,10.3,201.28,-9.59,-3.74
2026-07-07T03:50:00.000,6.77,193.67,-6.58,-1.6
2026-07-07T04:00:00.000,3.39,164.44,-3.27,0.91
2026-07-07T04:10:00.000,4.01,232.53,-2.44,-3.18
2026-07-07T04:20:00.000,0.52,39.07,0.4,0.32
2026-07-07T04:30:00.000,9.17,92.33,-0.37,9.16
2026-07-07T04:40:00.000,13.69,117.74,-6.37,12.11
2026-07-07T04:50:00.000,14.7,110.59,-5.17,13.76
2026-07-07T05:00:00.000,10,78.98,1.91,9.82
2026-07-07T05:10:00.000,19.56,20.67,18.3,6.9
2026-07-07T05:20:00.000,16.84,45.42,11.82,12
2026-07-07T05:30:00.000,15.1,45.46,10.59,10.76
2026-07-07T05:40:00.000,4.09,113.86,-1.66,3.74
2026-07-07T05:50:00.000,11.59,198.1,-11.02,-3.6
2026-07-07T06:00:00.000,9.71,269.98,0,-9.71
2026-07-07T06:10:00.000,11.35,317.07,8.31,-7.73
2026-07-07T06:20:00.000,6.13,38.03,4.83,3.77
2026-07-07T06:30:00.000,5.48,45.47,3.84,3.9
2026-07-07T06:40:00.000,6.33,26.15,5.68,2.79
2026-07-07T06:50:00.000,7.55,20.65,7.07,2.66
2026-07-07T07:00:00.000,6.74,13.01,6.57,1.52
2026-07-07T07:10:00.000,1.62,42.31,1.2,1.09
2026-07-07T07:20:00.000,3.76,122.32,-2.01,3.18
2026-07-07T07:30:00.000,5.8,158.83,-5.41,2.1
2026-07-07T07:40:00.000,3.84,201.51,-3.57,-1.41
2026-07-07T07:50:00.000,17.59,333.06,15.68,-7.97
2026-07-07T08:00:00.000,11.44,357.77,11.44,-0.45
2026-07-07T08:10:00.000,12.06,65.07,5.08,10.93
2026-07-07T08:20:00.000,7.68,46.97,5.24,5.62
2026-07-07T08:30:00.000,4.72,28.24,4.16,2.24
2026-07-07T08:40:00.000,3.41,320.47,2.63,-2.17
2026-07-07T08:50:00.000,4.45,17.78,4.24,1.36
2026-07-07T09:00:00.000,4.43,34.2,3.66,2.49
2026-07-07T09:10:00.000,5.22,71.15,1.69,4.94
2026-07-07T09:20:00.000,2.55,79.68,0.46,2.51
2026-07-07T09:30:00.000,8.4,10.08,8.27,1.47
2026-07-07T09:40:00.000,5.48,357.27,5.48,-0.26
2026-07-07T09:50:00.000,7.77,30.5,6.69,3.94
2026-07-07T10:00:00.000,5.56,28.2,4.9,2.63
2026-07-07T10:10:00.000,5.41,34.34,4.47,3.05
2026-07-07T10:20:00.000,5.89,19.67,5.55,1.98
2026-07-07T10:30:00.000,6.59,8.51,6.52,0.98
2026-07-07T10:40:00.000,9.61,351.11,9.49,-1.48
2026-07-07T10:50:00.000,6.26,329.98,5.42,-3.13
2026-07-07T11:00:00.000,7.22,315.59,5.16,-5.06
2026-07-07T11:10:00.000,4.64,327.32,3.9,-2.5
2026-07-07T11:20:00.000,0.77,132.3,-0.52,0.57
2026-07-07T11:30:00.000,4.7,142,-3.7,2.89
2026-07-07T11:40:00.000,5.08,145.93,-4.21,2.84
2026-07-07T11:50:00.000,5.8,166.8,-5.64,1.32
2026-07-07T12:00:00.000,5.11,189.62,-5.04,-0.85
2026-07-07T12:10:00.000,3.56,213.9,-2.95,-1.98
2026-07-07T12:20:00.000,5.41,232.24,-3.31,-4.27
2026-07-07T12:30:00.000,4.83,181.62,-4.83,-0.14
2026-07-07T12:40:00.000,10.29,165.96,-9.98,2.5
2026-07-07T12:50:00.000,6.6,171.81,-6.53,0.94
2026-07-07T13:00:00.000,7.51,160.53,-7.08,2.5
2026-07-07T13:10:00.000,3.17,175.33,-3.16,0.26
2026-07-07T13:20:00.000,2.63,159.56,-2.46,0.92
2026-07-07T13:30:00.000,0.39,292.88,0.15,-0.36
2026-07-07T13:40:00.000,3.07,50.31,1.96,2.36
2026-07-07T13:50:00.000,3.22,86.1,0.22,3.22
2026-07-07T14:00:00.000,2.72,96.53,-0.31,2.71
2026-07-07T14:10:00.000,0.59,349.02,0.58,-0.11
2026-07-07T14:20:00.000,1.08,274.22,0.08,-1.08
2026-07-07T14:30:00.000,1.66,212.4,-1.4,-0.89
2026-07-07T14:40:00.000,5.6,175.56,-5.59,0.43
2026-07-07T14:50:00.000,7.1,180.67,-7.1,-0.08
2026-07-07T15:00:00.000,8.45,178.87,-8.45,0.17
2026-07-07T15:10:00.000,5.9,164.19,-5.67,1.61
2026-07-07T15:20:00.000,14.36,155.85,-13.1,5.88
2026-07-07T15:30:00.000,14.55,140.27,-11.19,9.3
2026-07-07T15:40:00.000,5.27,132.38,-3.55,3.89
2026-07-07T15:50:00.000,4.58,91.7,-0.14,4.58
2026-07-07T16:00:00.000,3.43,69.59,1.2,3.22
2026-07-07T16:10:00.000,3.62,42.68,2.66,2.46
2026-07-07T16:20:00.000,5.38,17.39,5.13,1.61
2026-07-07T16:30:00.000,12.44,62.05,5.83,10.98
2026-07-07T16:40:00.000,15.06,55.96,8.43,12.48
2026-07-07T16:50:00.000,18.6,56.28,10.33,15.47
2026-07-07T17:00:00.000,33.53,64.57,14.4,30.29
2026-07-07T17:10:00.000,14.25,80.67,2.31,14.06
2026-07-07T17:20:00.000,20.85,344.95,20.14,-5.41
2026-07-07T17:30:00.000,19.28,344.62,18.59,-5.11
2026-07-07T17:40:00.000,11.46,354.24,11.4,-1.15
2026-07-07T17:50:00.000,4.61,15.16,4.45,1.2
2026-07-07T18:00:00.000,4.11,31.76,3.5,2.16
2026-07-07T18:10:00.000,2.97,11.71,2.9,0.6
2026-07-07T18:20:00.000,5.61,31.93,4.76,2.97
2026-07-07T18:30:00.000,8.89,17.58,8.48,2.69
2026-07-07T18:40:00.000,1.67,17.95,1.59,0.51
2026-07-07T18:50:00.000,4.41,310.86,2.88,-3.33
2026-07-07T19:00:00.000,5.38,348.09,5.27,-1.11
2026-07-07T19:10:00.000,3.8,349.26,3.73,-0.71
2026-07-07T19:20:00.000,0.54,197.66,-0.52,-0.17
2026-07-07T19:30:00.000,2.74,185.82,-2.72,-0.28
2026-07-07T19:40:00.000,2.63,157.22,-2.42,1.02
2026-07-07T19:50:00.000,2.79,185.27,-2.77,-0.26
2026-07-07T20:00:00.000,1.99,276.25,0.22,-1.98
2026-07-07T20:10:00.000,2.81,2.09,2.8,0.1
2026-07-07T20:20:00.000,0.46,200.16,-0.44,-0.16
2026-07-07T20:30:00.000,2.91,158.7,-2.71,1.06
2026-07-07T20:40:00.000,4.95,174.79,-4.93,0.45
2026-07-07T20:50:00.000,6.18,181.23,-6.18,-0.13
2026-07-07T21:00:00.000,5.62,163.72,-5.4,1.58
2026-07-07T21:10:00.000,8.3,164.95,-8.02,2.16
2026-07-07T21:20:00.000,5.55,151.24,-4.86,2.67
2026-07-07T21:30:00.000,3.01,142.62,-2.39,1.82
2026-07-07T21:40:00.000,1.56,43.43,1.14,1.08
2026-07-07T21:50:00.000,1.78,49.27,1.16,1.35
2026-07-07T22:00:00.000,3.75,353.56,3.72,-0.42
2026-07-07T22:10:00.000,5.46,19.23,5.16,1.8
2026-07-07T22:20:00.000,4.85,26.91,4.33,2.2
2026-07-07T22:30:00.000,4.95,17.01,4.73,1.45
2026-07-07T22:40:00.000,4.96,41.18,3.73,3.26
2026-07-07T22:50:00.000,0.92,36.58,0.74,0.55
2026-07-07T23:00:00.000,3.61,119.11,-1.76,3.15
2026-07-07T23:10:00.000,1.38,195.59,-1.33,-0.37
2026-07-07T23:20:00.000,5.77,207.99,-5.1,-2.71
2026-07-07T23:30:00.000,6.35,215.84,-5.15,-3.72
2026-07-07T23:40:00.000,7.2,221.56,-5.39,-4.78
2026-07-07T23:50:00.000,6.26,260.88,-0.99,-6.18
2026-07-08T00:00:00.000,2.61,249.68,-0.91,-2.45
2026-07-08T00:10:00.000,0.83,220.18,-0.63,-0.53
2026-07-08T00:20:00.000,0.26,60.88,0.13,0.23
2026-07-08T00:30:00.000,0.94,324.85,0.77,-0.54
2026-07-08T00:40:00.000,0.47,292.26,0.18,-0.43
2026-07-08T00:50:00.000,0.71,104.19,-0.17,0.69
2026-07-08T01:00:00.000,0.48,187.35,-0.47,-0.06
2026-07-08T01:10:00.000,0.39,206.31,-0.35,-0.17
2026-07-08T01:20:00.000,0.5,248.63,-0.18,-0.46
2026-07-08T01:30:00.000,0.69,258.85,-0.13,-0.67
2026-07-08T01:40:00.000,0.7,240.66,-0.34,-0.61
2026-07-08T01:50:00.000,1.75,207.08,-1.55,-0.79
2026-07-08T02:00:00.000,2.83,188.23,-2.8,-0.41
2026-07-08T02:10:00.000,4.51,207,-4.01,-2.05
2026-07-08T02:20:00.000,4.67,227.75,-3.14,-3.46
2026-07-08T02:30:00.000,4.77,251.52,-1.51,-4.52
2026-07-08T02:40:00.000,4.35,273.93,0.3,-4.34
2026-07-08T02:50:00.000,3.78,274.59,0.3,-3.77
2026-07-08T03:00:00.000,3.38,285.98,0.93,-3.25
2026-07-08T03:10:00.000,0.79,268.05,-0.03,-0.79
2026-07-08T03:20:00.000,0.66,221.46,-0.5,-0.44
2026-07-08T03:30:00.000,2.33,149.34,-2.01,1.19
2026-07-08T03:40:00.000,3.61,118.25,-1.71,3.18
2026-07-08T03:50:00.000,2.07,108.38,-0.65,1.96
2026-07-08T04:00:00.000,0.62,178.55,-0.62,0.02
2026-07-08T04:10:00.000,3.24,218.64,-2.53,-2.03
2026-07-08T04:20:00.000,5.77,193.11,-5.61,-1.31
2026-07-08T04:30:00.000,11.34,184.8,-11.3,-0.95
2026-07-08T04:40:00.000,13.1,190.3,-12.89,-2.34
2026-07-08T04:50:00.000,12.84,191.05,-12.6,-2.46
2026-07-08T05:00:00.000,15.5,181.74,-15.49,-0.47
2026-07-08T05:10:00.000,14.83,179.59,-14.83,0.11
2026-07-08T05:20:00.000,10.91,189.62,-10.76,-1.82
2026-07-08T05:30:00.000,8.26,200.73,-7.72,-2.92
2026-07-08T05:40:00.000,4.29,200.11,-4.03,-1.47
2026-07-08T05:50:00.000,2.36,182.76,-2.36,-0.11
2026-07-08T06:00:00.000,5.67,148.39,-4.83,2.97
2026-07-08T06:10:00.000,2.57,137.51,-1.89,1.73
2026-07-08T06:20:00.000,5.35,142.23,-4.23,3.28
2026-07-08T06:30:00.000,6.02,88.39,0.17,6.02
2026-07-08T06:40:00.000,4.08,66.4,1.63,3.74
2026-07-08T06:50:00.000,8.15,113.65,-3.27,7.47
2026-07-08T07:00:00.000,15.73,9.25,15.52,2.53
2026-07-08T07:10:00.000,23.73,29.6,20.63,11.72
2026-07-08T07:20:00.000,14.2,23.01,13.07,5.55
2026-07-08T07:30:00.000,12.82,25.71,11.55,5.56
2026-07-08T07:40:00.000,4,39.18,3.1,2.53
2026-07-08T07:50:00.000,9.08,41.3,6.82,5.99
2026-07-08T08:00:00.000,7.29,52.5,4.43,5.78
2026-07-08T08:10:00.000,7.1,70.41,2.38,6.69
2026-07-08T08:20:00.000,4.8,56.31,2.66,3.99
2026-07-08T08:30:00.000,6.56,29.77,5.69,3.26
2026-07-08T08:40:00.000,3.86,51.14,2.42,3.01
2026-07-08T08:50:00.000,2.72,98.02,-0.38,2.7
2026-07-08T09:00:00.000,4.26,52.15,2.61,3.37
2026-07-08T09:10:00.000,3.89,283.73,0.92,-3.78
2026-07-08T09:20:00.000,5.08,236.89,-2.77,-4.25
2026-07-08T09:30:00.000,2.13,248.84,-0.77,-1.99
2026-07-08T09:40:00.000,8.76,184.23,-8.74,-0.65
2026-07-08T09:50:00.000,6.23,186.67,-6.19,-0.72
2026-07-08T10:00:00.000,4.78,209.48,-4.16,-2.35
2026-07-08T10:10:00.000,4.77,245.38,-1.99,-4.34
2026-07-08T10:20:00.000,7.81,236.64,-4.29,-6.52
2026-07-08T10:30:00.000,9.81,214.2,-8.12,-5.52
2026-07-08T10:40:00.000,11.35,194.18,-11,-2.78
2026-07-08T10:50:00.000,7.86,184.06,-7.84,-0.56
2026-07-08T11:00:00.000,5.85,177.28,-5.85,0.28
2026-07-08T11:10:00.000,3.93,156.54,-3.61,1.57
2026-07-08T11:20:00.000,0.95,183.49,-0.95,-0.06
2026-07-08T11:30:00.000,0.61,232.62,-0.37,-0.48
2026-07-08T11:40:00.000,2.17,313.42,1.49,-1.57
2026-07-08T11:50:00.000,12.57,247.49,-4.81,-11.61
2026-07-08T12:00:00.000,7.75,255.39,-1.96,-7.5
2026-07-08T12:10:00.000,2.9,245.06,-1.22,-2.63
2026-07-08T12:20:00.000,1.25,222.02,-0.93,-0.84
2026-07-08T12:30:00.000,2.71,233.63,-1.6,-2.18
2026-07-08T12:40:00.000,6.12,228.41,-4.07,-4.58
2026-07-08T12:50:00.000,6.33,233.28,-3.78,-5.07
2026-07-08T13:00:00.000,7.82,234.63,-4.53,-6.38
2026-07-08T13:10:00.000,7.39,229.88,-4.76,-5.65
2026-07-08T13:20:00.000,5.54,237.18,-3,-4.66
2026-07-08T13:30:00.000,3.43,234.72,-1.98,-2.8
2026-07-08T13:40:00.000,3.38,213.63,-2.81,-1.87
2026-07-08T13:50:00.000,3.42,196.62,-3.28,-0.98
2026-07-08T14:00:00.000,2.27,190.55,-2.23,-0.41
2026-07-08T14:10:00.000,1.02,192.79,-0.99,-0.23
2026-07-08T14:20:00.000,1.75,172.63,-1.73,0.22
2026-07-08T14:30:00.000,2.23,200.22,-2.09,-0.77
2026-07-08T14:40:00.000,4.34,220.76,-3.29,-2.83
2026-07-08T14:50:00.000,4.51,229.59,-2.92,-3.44
2026-07-08T15:00:00.000,4.84,239.63,-2.45,-4.17
2026-07-08T15:10:00.000,3.26,236.78,-1.79,-2.73
2026-07-08T15:20:00.000,5.63,226.27,-3.89,-4.07
2026-07-08T15:30:00.000,7.33,216.69,-5.88,-4.38
2026-07-08T15:40:00.000,11,199.18,-10.39,-3.61
2026-07-08T15:50:00.000,13.79,186.46,-13.7,-1.55
2026-07-08T16:00:00.000,12.88,184.4,-12.85,-0.99
2026-07-08T16:10:00.000,14.73,190.58,-14.48,-2.7
2026-07-08T16:20:00.000,14.32,202.39,-13.24,-5.45
2026-07-08T16:30:00.000,9.27,209.01,-8.11,-4.5
2026-07-08T16:40:00.000,7.97,190.28,-7.85,-1.42
2026-07-08T16:50:00.000,8.65,190.31,-8.51,-1.55
2026-07-08T17:00:00.000,5.31,189.78,-5.23,-0.9
2026-07-08T17:10:00.000,1.73,205.39,-1.56,-0.74
2026-07-08T17:20:00.000,0.53,43.55,0.38,0.37
2026-07-08T17:30:00.000,3.24,88.95,0.06,3.24
2026-07-08T17:40:00.000,1.89,62.86,0.86,1.69
2026-07-08T17:50:00.000,3.36,44.53,2.39,2.35
2026-07-08T18:00:00.000,6.55,21.73,6.09,2.43
2026-07-08T18:10:00.000,12.68,41.5,9.5,8.4
2026-07-08T18:20:00.000,13.24,48.36,8.8,9.89
2026-07-08T18:30:00.000,7.78,42.96,5.69,5.3
2026-07-08T18:40:00.000,9.8,34.49,8.07,5.55
2026-07-08T18:50:00.000,6.14,3.77,6.12,0.4
2026-07-08T19:00:00.000,4.37,309.89,2.8,-3.35
2026-07-08T19:10:00.000,0.87,214.48,-0.72,-0.49
2026-07-08T19:20:00.000,0.83,186.83,-0.82,-0.1
2026-07-08T19:30:00.000,0.56,170.81,-0.55,0.09
2026-07-08T19:40:00.000,2.86,50.95,1.8,2.22
2026-07-08T19:50:00.000,4.46,45.58,3.12,3.18
2026-07-08T20:00:00.000,11.82,42.43,8.72,7.98
2026-07-08T20:10:00.000,12.86,35.48,10.47,7.47
2026-07-08T20:20:00.000,5.27,10.95,5.18,1
2026-07-08T20:30:00.000,1.78,10.48,1.75,0.32
2026-07-08T20:40:00.000,2.4,325.73,1.98,-1.35
2026-07-08T20:50:00.000,3.46,316.27,2.5,-2.39
2026-07-08T21:00:00.000,2.55,294.34,1.05,-2.32
2026-07-08T21:10:00.000,4.58,285.7,1.24,-4.41
2026-07-08T21:20:00.000,3.8,285.41,1.01,-3.66
2026-07-08T21:30:00.000,3.27,240.61,-1.61,-2.85
2026-07-08T21:40:00.000,3.07,228.09,-2.05,-2.28
2026-07-08T21:50:00.000,3.08,231.27,-1.92,-2.4
2026-07-08T22:00:00.000,3.23,211.04,-2.77,-1.66
2026-07-08T22:10:00.000,2.38,213.38,-1.99,-1.31
2026-07-08T22:20:00.000,2.5,201.12,-2.33,-0.9
2026-07-08T22:30:00.000,3.98,153.85,-3.57,1.75
2026-07-08T22:40:00.000,5.78,137.41,-4.26,3.91
2026-07-08T22:50:00.000,6.67,119.27,-3.26,5.82
2026-07-08T23:00:00.000,6.44,119.21,-3.14,5.62
2026-07-08T23:10:00.000,0.71,137.03,-0.52,0.49
2026-07-08T23:20:00.000,0.54,239.19,-0.28,-0.46
2026-07-08T23:30:00.000,1.72,13.98,1.67,0.42
2026-07-08T23:40:00.000,2.6,265.39,-0.21,-2.59
2026-07-08T23:50:00.000,4.82,272.65,0.22,-4.82
2026-07-09T00:00:00.000,5.95,261.32,-0.9,-5.88
2026-07-09T00:10:00.000,5.57,260.79,-0.89,-5.5
2026-07-09T00:20:00.000,4.75,257.67,-1.01,-4.64
2026-07-09T00:30:00.000,6.83,247.71,-2.59,-6.32
2026-07-09T00:40:00.000,6.01,222.16,-4.45,-4.03
2026-07-09T00:50:00.000,5.48,221.64,-4.1,-3.64
2026-07-09T01:00:00.000,5.49,214.93,-4.5,-3.15
2026-07-09T01:10:00.000,5.29,219.97,-4.05,-3.4
2026-07-09T01:20:00.000,5.82,237.39,-3.14,-4.9
2026-07-09T01:30:00.000,4.66,283.85,1.12,-4.52
2026-07-09T01:40:00.000,1.3,251.69,-0.41,-1.24
2026-07-09T01:50:00.000,2.54,158.89,-2.37,0.92
2026-07-09T02:00:00.000,3.27,172.09,-3.24,0.45
2026-07-09T02:10:00.000,1.46,214.84,-1.2,-0.83
2026-07-09T02:20:00.000,1.47,225.82,-1.02,-1.05
2026-07-09T02:30:00.000,0.95,225.37,-0.67,-0.68
2026-07-09T02:40:00.000,0.81,129.79,-0.52,0.62
2026-07-09T02:50:00.000,0.57,164.77,-0.55,0.15
2026-07-09T03:00:00.000,0.44,215.83,-0.35,-0.26
2026-07-09T03:10:00.000,0.57,209.99,-0.49,-0.28
2026-07-09T03:20:00.000,2.31,155.96,-2.11,0.94
2026-07-09T03:30:00.000,4.22,168.15,-4.13,0.87
2026-07-09T03:40:00.000,4.98,177.17,-4.98,0.25
2026-07-09T03:50:00.000,5.44,254.59,-1.45,-5.25
2026-07-09T04:00:00.000,6.76,251.04,-2.2,-6.4
2026-07-09T04:10:00.000,6.16,250.42,-2.06,-5.8
2026-07-09T04:20:00.000,6.31,236.72,-3.46,-5.28
2026-07-09T04:30:00.000,6.27,238.56,-3.27,-5.35
2026-07-09T04:40:00.000,4.01,255.13,-1.03,-3.88
2026-07-09T04:50:00.000,3.87,251.38,-1.24,-3.67
2026-07-09T05:00:00.000,2.81,227.03,-1.92,-2.06
2026-07-09T05:10:00.000,5.78,204.82,-5.25,-2.43
2026-07-09T05:20:00.000,8.9,206.14,-7.99,-3.92
2026-07-09T05:30:00.000,15.81,185.54,-15.74,-1.53
2026-07-09T05:40:00.000,18.97,183.77,-18.93,-1.25
2026-07-09T05:50:00.000,16.03,196.43,-15.38,-4.53
2026-07-09T06:00:00.000,12.94,200.3,-12.14,-4.49
2026-07-09T06:10:00.000,11.52,186.05,-11.45,-1.21
2026-07-09T06:20:00.000,16.99,169.74,-16.71,3.03
2026-07-09T06:30:00.000,15.89,169.79,-15.63,2.82
2026-07-09T06:40:00.000,12.59,188.25,-12.46,-1.81
2026-07-09T06:50:00.000,8.32,186.36,-8.27,-0.92
2026-07-09T07:00:00.000,8.43,148.37,-7.18,4.42
2026-07-09T07:10:00.000,7.3,133.03,-4.98,5.34
2026-07-09T07:20:00.000,2.01,115.19,-0.85,1.81
2026-07-09T07:30:00.000,5.82,78.85,1.13,5.71
2026-07-09T07:40:00.000,14.1,92.74,-0.67,14.09
2026-07-09T07:50:00.000,13.09,100.29,-2.34,12.88
2026-07-09T08:00:00.000,7.27,111.61,-2.68,6.76
2026-07-09T08:10:00.000,4.33,141.55,-3.39,2.69
2026-07-09T08:20:00.000,3.04,304.92,1.74,-2.49
2026-07-09T08:30:00.000,6.45,321.18,5.03,-4.05
2026-07-09T08:40:00.000,4.9,325.49,4.04,-2.78
2026-07-09T08:50:00.000,13.54,344.03,13.02,-3.73
2026-07-09T09:00:00.000,7.72,353.89,7.68,-0.82
2026-07-09T09:10:00.000,5.49,335.59,5,-2.27
2026-07-09T09:20:00.000,3.13,303.05,1.71,-2.62
2026-07-09T09:30:00.000,5.52,289.19,1.81,-5.21
2026-07-09T09:40:00.000,11.41,275.06,1.01,-11.37
2026-07-09T09:50:00.000,7.4,306.03,4.35,-5.98
2026-07-09T10:00:00.000,10.16,314.95,7.17,-7.19
2026-07-09T10:10:00.000,4.63,318.16,3.45,-3.09
2026-07-09T10:20:00.000,2.05,241.99,-0.97,-1.81
2026-07-09T10:30:00.000,5.31,203.83,-4.86,-2.15
2026-07-09T10:40:00.000,3.95,204.27,-3.6,-1.62
2026-07-09T10:50:00.000,2.39,200.5,-2.24,-0.84
2026-07-09T11:00:00.000,2.72,142.06,-2.14,1.67
2026-07-09T11:10:00.000,2.25,142.62,-1.79,1.37
2026-07-09T11:20:00.000,0.97,108.33,-0.31,0.92
2026-07-09T11:30:00.000,0.75,187.45,-0.74,-0.1
2026-07-09T11:40:00.000,0.81,194.79,-0.79,-0.21
2026-07-09T11:50:00.000,0.95,201.43,-0.89,-0.35
2026-07-09T12:00:00.000,1.89,123.61,-1.05,1.58
2026-07-09T12:10:00.000,1.48,8.1,1.46,0.21
2026-07-09T12:20:00.000,4.66,299.84,2.32,-4.04
2026-07-09T12:30:00.000,2.92,290.21,1.01,-2.74
2026-07-09T12:40:00.000,4.54,305.34,2.63,-3.7
2026-07-09T12:50:00.000,2.47,320.44,1.9,-1.57
2026-07-09T13:00:00.000,1.76,358.03,1.76,-0.06
2026-07-09T13:10:00.000,3.55,39.9,2.73,2.28
2026-07-09T13:20:00.000,1.92,72.97,0.56,1.83
2026-07-09T13:30:00.000,0.56,227.23,-0.38,-0.41
2026-07-09T13:40:00.000,0.76,235.35,-0.43,-0.63
2026-07-09T13:50:00.000,0.75,233.55,-0.44,-0.6
2026-07-09T14:00:00.000,0.35,232.34,-0.21,-0.28
2026-07-09T14:10:00.000,0.73,241.73,-0.35,-0.64
2026-07-09T14:20:00.000,0.86,233.19,-0.51,-0.69
2026-07-09T14:30:00.000,0.98,221.84,-0.73,-0.65
2026-07-09T14:40:00.000,0.92,220.79,-0.69,-0.6
2026-07-09T14:50:00.000,1.25,224.41,-0.89,-0.87
2026-07-09T15:00:00.000,1.36,208.67,-1.2,-0.65
2026-07-09T15:10:00.000,1.23,219.01,-0.96,-0.78
2026-07-09T15:20:00.000,2.46,226.63,-1.69,-1.79
2026-07-09T15:30:00.000,3.35,227.43,-2.27,-2.47
2026-07-09T15:40:00.000,2.08,220.28,-1.58,-1.34
2026-07-09T15:50:00.000,3.81,202.03,-3.54,-1.43
2026-07-09T16:00:00.000,6.5,213.14,-5.45,-3.56
2026-07-09T16:10:00.000,7.28,216.44,-5.86,-4.32
2026-07-09T16:20:00.000,6.3,215.47,-5.13,-3.66
2026-07-09T16:30:00.000,2.6,243.61,-1.16,-2.33
2026-07-09T16:40:00.000,4.9,246.79,-1.93,-4.5
2026-07-09T16:50:00.000,9.06,228.21,-6.03,-6.75
2026-07-09T17:00:00.000,10.48,220.27,-7.99,-6.77
2026-07-09T17:10:00.000,11.47,216.41,-9.23,-6.81
2026-07-09T17:20:00.000,9.76,220.8,-7.38,-6.37
2026-07-09T17:30:00.000,10.73,220.9,-8.11,-7.02
2026-07-09T17:40:00.000,14.77,204.75,-13.41,-6.18
2026-07-09T17:50:00.000,12.59,197.06,-12.04,-3.69
2026-07-09T18:00:00.000,6.94,215.75,-5.63,-4.05
2026-07-09T18:10:00.000,2.01,237.5,-1.08,-1.7
2026-07-09T18:20:00.000,0.63,293.8,0.25,-0.58
2026-07-09T18:30:00.000,1.16,36.9,0.93,0.7
2026-07-09T18:40:00.000,0.67,271.59,0.02,-0.67
2026-07-09T18:50:00.000,0.29,186.52,-0.29,-0.03
2026-07-09T19:00:00.000,4.98,148.4,-4.24,2.61
2026-07-09T19:10:00.000,10.03,139.89,-7.67,6.46
2026-07-09T19:20:00.000,11.95,123.1,-6.53,10.01
2026-07-09T19:30:00.000,6.59,127.11,-3.97,5.25
2026-07-09T19:40:00.000,4.89,59.13,2.51,4.19
2026-07-09T19:50:00.000,2.83,354.92,2.82,-0.25
2026-07-09T20:00:00.000,1.2,230.34,-0.77,-0.93
2026-07-09T20:10:00.000,4.83,294.56,2.01,-4.4
2026-07-09T20:20:00.000,7.22,318.38,5.4,-4.8
2026-07-09T20:30:00.000,3.73,309.89,2.39,-2.86
2026-07-09T20:40:00.000,2.29,263.43,-0.26,-2.27
2026-07-09T20:50:00.000,3.78,266.34,-0.24,-3.77
2026-07-09T21:00:00.000,13.51,319.51,10.28,-8.77
2026-07-09T21:10:00.000,14.38,13.72,13.97,3.41
2026-07-09T21:20:00.000,10.63,2.48,10.62,0.46
2026-07-09T21:30:00.000,8.04,21.51,7.48,2.95
2026-07-09T21:40:00.000,7.69,24.73,6.99,3.22
2026-07-09T21:50:00.000,9.24,30.28,7.98,4.66
2026-07-09T22:00:00.000,10.62,26.55,9.5,4.75
2026-07-09T22:10:00.000,11.38,40.52,8.65,7.39
2026-07-09T22:20:00.000,12.11,48.58,8.01,9.08
2026-07-09T22:30:00.000,10.77,346.49,10.47,-2.52
2026-07-09T22:40:00.000,6.25,325.69,5.16,-3.52
2026-07-09T22:50:00.000,8.01,345.55,7.75,-2
2026-07-09T23:00:00.000,1.74,305.64,1.01,-1.41
2026-07-09T23:10:00.000,2.41,18.34,2.29,0.76
2026-07-09T23:20:00.000,4.76,3.59,4.75,0.3
2026-07-09T23:30:00.000,5.23,344.25,5.03,-1.42
2026-07-09T23:40:00.000,6.93,352.65,6.87,-0.89
2026-07-09T23:50:00.000,10.36,49.55,6.72,7.88
2026-07-10T00:00:00.000,6.38,41.98,4.74,4.27
2026-07-10T00:10:00.000,4.89,54.49,2.84,3.98
2026-07-10T00:20:00.000,3.93,58.02,2.08,3.33
2026-07-10T00:30:00.000,2.73,56.65,1.5,2.28
2026-07-10T00:40:00.000,2.14,97.23,-0.27,2.13
2026-07-10T00:50:00.000,1.18,129.58,-0.75,0.91
2026-07-10T01:00:00.000,0.64,222.43,-0.47,-0.43
2026-07-10T01:10:00.000,0.59,246.66,-0.24,-0.54
2026-07-10T01:20:00.000,0.86,19.41,0.81,0.29
2026-07-10T01:30:00.000,0.54,251.98,-0.17,-0.51
2026-07-10T01:40:00.000,0.58,217.41,-0.46,-0.35
2026-07-10T01:50:00.000,5,210.32,-4.32,-2.53
2026-07-10T02:00:00.000,4.06,219.4,-3.14,-2.58
2026-07-10T02:10:00.000,5.86,225.5,-4.11,-4.18
2026-07-10T02:20:00.000,5.42,229.71,-3.5,-4.13
2026-07-10T02:30:00.000,5.62,236.64,-3.09,-4.7
2026-07-10T02:40:00.000,5.86,247.1,-2.28,-5.4
2026-07-10T02:50:00.000,4.36,234.7,-2.52,-3.56
2026-07-10T03:00:00.000,2.59,210.5,-2.23,-1.31
2026-07-10T03:10:00.000,1.71,198.78,-1.62,-0.55
2026-07-10T03:20:00.000,2.55,150.4,-2.22,1.26
2026-07-10T03:30:00.000,3.59,129.8,-2.3,2.76
2026-07-10T03:40:00.000,2,110.66,-0.7,1.87
2026-07-10T03:50:00.000,0.45,239.26,-0.23,-0.38
2026-07-10T04:00:00.000,1.74,247.34,-0.67,-1.6
2026-07-10T04:10:00.000,3.7,249.43,-1.3,-3.47
2026-07-10T04:20:00.000,4.81,260.75,-0.77,-4.75
2026-07-10T04:30:00.000,4.38,213.43,-3.65,-2.41
2026-07-10T04:40:00.000,9.56,186.18,-9.5,-1.03
2026-07-10T04:50:00.000,16.83,180.99,-16.83,-0.29
2026-07-10T05:00:00.000,18.18,189.28,-17.94,-2.93
2026-07-10T05:10:00.000,19.68,195.46,-18.97,-5.25
2026-07-10T05:20:00.000,19.88,202.7,-18.34,-7.67
2026-07-10T05:30:00.000,18.7,194.78,-18.08,-4.77
2026-07-10T05:40:00.000,17.82,169.06,-17.5,3.38
2026-07-10T05:50:00.000,17.16,172.66,-17.02,2.19
2026-07-10T06:00:00.000,13.18,186.96,-13.08,-1.6
2026-07-10T06:10:00.000,6.19,194.83,-5.98,-1.58
2026-07-10T06:20:00.000,6.86,174.83,-6.83,0.62
2026-07-10T06:30:00.000,6.42,142.62,-5.1,3.9
2026-07-10T06:40:00.000,1.73,29.67,1.5,0.86
2026-07-10T06:50:00.000,8.83,9.61,8.7,1.47
2026-07-10T07:00:00.000,13.4,298.56,6.4,-11.76
2026-07-10T07:10:00.000,19.26,274.37,1.47,-19.2
2026-07-10T07:20:00.000,22.48,264.6,-2.12,-22.38
2026-07-10T07:30:00.000,23.86,263.38,-2.75,-23.7
2026-07-10T07:40:00.000,24.42,264.87,-2.18,-24.32
2026-07-10T07:50:00.000,24.19,275.98,2.52,-24.06
2026-07-10T08:00:00.000,22.78,280.12,4,-22.42
2026-07-10T08:10:00.000,21.58,287.7,6.56,-20.56
2026-07-10T08:20:00.000,20.29,285.77,5.52,-19.53
2026-07-10T08:30:00.000,19.56,289.43,6.51,-18.45
2026-07-10T08:40:00.000,18.02,300.22,9.07,-15.57
2026-07-10T08:50:00.000,17.12,310.52,11.12,-13.01
2026-07-10T09:00:00.000,16.02,326.6,13.37,-8.82
2026-07-10T09:10:00.000,15.62,347.63,15.25,-3.35
2026-07-10T09:20:00.000,10.3,356.63,10.29,-0.61
2026-07-10T09:30:00.000,5.47,344.29,5.26,-1.48
2026-07-10T09:40:00.000,3.46,30.55,2.98,1.76
2026-07-10T09:50:00.000,3.32,168.43,-3.25,0.67
2026-07-10T10:00:00.000,3.28,183.53,-3.27,-0.2
2026-07-10T10:10:00.000,2.59,207.6,-2.3,-1.2
2026-07-10T10:20:00.000,1.46,172.39,-1.45,0.19
2026-07-10T10:30:00.000,8.72,126.71,-5.21,6.99
2026-07-10T10:40:00.000,15.23,116.12,-6.71,13.67
2026-07-10T10:50:00.000,19.15,109.58,-6.42,18.04
2026-07-10T11:00:00.000,19.6,87.14,0.98,19.57
2026-07-10T11:10:00.000,13.3,37.33,10.57,8.06
2026-07-10T11:20:00.000,19.49,20.31,18.27,6.76
2026-07-10T11:30:00.000,17.37,29.94,15.05,8.67
2026-07-10T11:40:00.000,14.26,9.83,14.05,2.43
2026-07-10T11:50:00.000,4.61,20.43,4.32,1.61
2026-07-10T12:00:00.000,4.15,169.86,-4.08,0.73
2026-07-10T12:10:00.000,5.99,237.99,-3.17,-5.08
2026-07-10T12:20:00.000,4.47,260.84,-0.71,-4.41
2026-07-10T12:30:00.000,6.15,282.84,1.37,-6
2026-07-10T12:40:00.000,4.7,359.38,4.7,-0.05
2026-07-10T12:50:00.000,4.98,37.87,3.94,3.06
2026-07-10T13:00:00.000,4.73,87.08,0.24,4.72
2026-07-10T13:10:00.000,2.34,125.77,-1.37,1.9
2026-07-10T13:20:00.000,2.06,180.16,-2.06,-0.01
2026-07-10T13:30:00.000,5.25,203.62,-4.81,-2.11
2026-07-10T13:40:00.000,4.52,198.53,-4.28,-1.44
2026-07-10T13:50:00.000,5.85,231.96,-3.6,-4.61
2026-07-10T14:00:00.000,6.54,190.79,-6.43,-1.23
2026-07-10T14:10:00.000,5.07,202.17,-4.7,-1.91
2026-07-10T14:20:00.000,4.63,203.59,-4.24,-1.85
2026-07-10T14:30:00.000,2.24,181.62,-2.24,-0.06
2026-07-10T14:40:00.000,1.17,104.79,-0.3,1.14
2026-07-10T14:50:00.000,2.65,106.31,-0.74,2.54
2026-07-10T15:00:00.000,1.53,161.21,-1.44,0.49
2026-07-10T15:10:00.000,2.26,147.77,-1.91,1.21
2026-07-10T15:20:00.000,2.97,120.16,-1.49,2.57
2026-07-10T15:30:00.000,2.87,112.97,-1.12,2.64
2026-07-10T15:40:00.000,1.37,160.31,-1.29,0.46
2026-07-10T15:50:00.000,3.82,203.37,-3.51,-1.52
2026-07-10T16:00:00.000,5.74,217.81,-4.54,-3.52
2026-07-10T16:10:00.000,6.5,210.01,-5.62,-3.25
2026-07-10T16:20:00.000,6.28,175.25,-6.26,0.52
2026-07-10T16:30:00.000,5.56,166.83,-5.41,1.27
2026-07-10T16:40:00.000,6,177.68,-6,0.24
2026-07-10T16:50:00.000,14.61,187.88,-14.47,-2
2026-07-10T17:00:00.000,10.64,197.85,-10.13,-3.26
2026-07-10T17:10:00.000,14.25,210.71,-12.25,-7.28
2026-07-10T17:20:00.000,9.7,210.09,-8.4,-4.86
2026-07-10T17:30:00.000,8.67,201.3,-8.08,-3.15
2026-07-10T17:40:00.000,5.11,187.84,-5.06,-0.7
2026-07-10T17:50:00.000,3.78,192.67,-3.69,-0.83
2026-07-10T18:00:00.000,4.25,216.24,-3.42,-2.51
2026-07-10T18:10:00.000,5,204.26,-4.56,-2.05
2026-07-10T18:20:00.000,5.08,197.87,-4.83,-1.56
2026-07-10T18:30:00.000,4.45,190.92,-4.37,-0.84
2026-07-10T18:40:00.000,4.74,160.55,-4.47,1.58
2026-07-10T18:50:00.000,6.04,123.09,-3.3,5.06
2026-07-10T19:00:00.000,4.62,83.48,0.52,4.59
2026-07-10T19:10:00.000,6.69,290.28,2.32,-6.27
2026-07-10T19:20:00.000,2.84,243.31,-1.28,-2.54
2026-07-10T19:30:00.000,5.22,176.8,-5.21,0.29
2026-07-10T19:40:00.000,4.14,154.68,-3.74,1.77
2026-07-10T19:50:00.000,1.6,177.51,-1.6,0.07
2026-07-10T20:00:00.000,1.04,234.36,-0.6,-0.84
2026-07-10T20:10:00.000,1.4,271.94,0.05,-1.4
2026-07-10T20:20:00.000,2.85,301.27,1.48,-2.44
2026-07-10T20:30:00.000,5.99,327.96,5.08,-3.18
2026-07-10T20:40:00.000,5.06,323.93,4.09,-2.98
2026-07-10T20:50:00.000,5.36,293.11,2.1,-4.93
2026-07-10T21:00:00.000,7.86,306.72,4.7,-6.3
2026-07-10T21:10:00.000,7.55,300.98,3.89,-6.47
2026-07-10T21:20:00.000,7.29,283.33,1.68,-7.09
2026-07-10T21:30:00.000,2.93,262.04,-0.41,-2.9
2026-07-10T21:40:00.000,1.88,301.32,0.97,-1.6
2026-07-10T21:50:00.000,0.26,333.11,0.23,-0.12
2026-07-10T22:00:00.000,1.24,50.21,0.79,0.95
2026-07-10T22:10:00.000,0.59,251.87,-0.18,-0.56
2026-07-10T22:20:00.000,1.48,239.71,-0.75,-1.28
2026-07-10T22:30:00.000,2.76,306.4,1.64,-2.22
2026-07-10T22:40:00.000,2.95,285.74,0.8,-2.84
2026-07-10T22:50:00.000,2.18,266.03,-0.15,-2.17
2026-07-10T23:00:00.000,1.02,245.77,-0.42,-0.93
2026-07-10T23:10:00.000,0.99,247.99,-0.37,-0.92
2026-07-10T23:20:00.000,1.08,245.16,-0.45,-0.98
2026-07-10T23:30:00.000,0.94,251.31,-0.3,-0.89
2026-07-10T23:40:00.000,1.07,212.1,-0.91,-0.57
2026-07-10T23:50:00.000,1.9,194.71,-1.84,-0.48
2026-07-11T00:00:00.000,2.15,192.55,-2.1,-0.47
2026-07-11T00:10:00.000,1.91,210.62,-1.64,-0.97
2026-07-11T00:20:00.000,1.29,241.93,-0.6,-1.13
2026-07-11T00:30:00.000,3.84,249.45,-1.35,-3.59
2026-07-11T00:40:00.000,4.09,223.92,-2.95,-2.84
2026-07-11T00:50:00.000,6.2,194.36,-6.01,-1.54
2026-07-11T01:00:00.000,8.5,184.62,-8.47,-0.68
2026-07-11T01:10:00.000,5.61,174.21,-5.59,0.57
2026-07-11T01:20:00.000,4.76,197.69,-4.54,-1.45
2026-07-11T01:30:00.000,3.11,231.68,-1.93,-2.44
2026-07-11T01:40:00.000,5.2,252.44,-1.57,-4.96
2026-07-11T01:50:00.000,3.99,262.57,-0.52,-3.96
2026-07-11T02:00:00.000,1.91,254.45,-0.51,-1.84
2026-07-11T02:10:00.000,1.04,255.46,-0.26,-1.01
2026-07-11T02:20:00.000,3.89,150.13,-3.38,1.94
2026-07-11T02:30:00.000,4.28,145.25,-3.52,2.44
2026-07-11T02:40:00.000,3.93,141.13,-3.06,2.47
2026-07-11T02:50:00.000,3.16,100.39,-0.57,3.11
2026-07-11T03:00:00.000,0.58,133.67,-0.4,0.42
2026-07-11T03:10:00.000,0.4,259.3,-0.07,-0.39
2026-07-11T03:20:00.000,0.76,298.64,0.36,-0.67
2026-07-11T03:30:00.000,1.38,251.53,-0.44,-1.31
2026-07-11T03:40:00.000,3.15,230.17,-2.02,-2.42
2026-07-11T03:50:00.000,1.99,213.76,-1.66,-1.11
2026-07-11T04:00:00.000,0.73,245.27,-0.3,-0.66
2026-07-11T04:10:00.000,1.16,290.08,0.4,-1.09
2026-07-11T04:20:00.000,1.36,269.62,-0.01,-1.36
2026-07-11T04:30:00.000,1.43,243.43,-0.64,-1.28
2026-07-11T04:40:00.000,3.42,252.95,-1,-3.27
2026-07-11T04:50:00.000,1.44,285.62,0.39,-1.39
2026-07-11T05:00:00.000,0.93,282.09,0.19,-0.91
2026-07-11T05:10:00.000,0.38,46.13,0.26,0.27
2026-07-11T05:20:00.000,6.43,123.47,-3.55,5.36
2026-07-11T05:30:00.000,8.29,116.86,-3.75,7.4
2026-07-11T05:40:00.000,3.18,151.24,-2.78,1.53
2026-07-11T05:50:00.000,3.11,180.09,-3.11,0
2026-07-11T06:00:00.000,0.98,247.81,-0.37,-0.9
2026-07-11T06:10:00.000,2.4,248.76,-0.87,-2.24
2026-07-11T06:20:00.000,4.49,229.09,-2.94,-3.4
2026-07-11T06:30:00.000,3.58,252.57,-1.07,-3.41
2026-07-11T06:40:00.000,3.72,229.61,-2.41,-2.84
2026-07-11T06:50:00.000,2.31,227.61,-1.56,-1.71
2026-07-11T07:00:00.000,3.43,219.18,-2.66,-2.16
2026-07-11T07:10:00.000,3.37,217.04,-2.69,-2.03
2026-07-11T07:20:00.000,2.4,172.1,-2.38,0.33
2026-07-11T07:30:00.000,2.11,103.95,-0.51,2.05
2026-07-11T07:40:00.000,3.18,5.6,3.16,0.31
2026-07-11T07:50:00.000,4.97,19.21,4.69,1.64
2026-07-11T08:00:00.000,4.76,45.03,3.37,3.37
2026-07-11T08:10:00.000,9.13,60.13,4.54,7.91
2026-07-11T08:20:00.000,8.9,79.68,1.6,8.76
2026-07-11T08:30:00.000,6.05,80.71,0.98,5.97
2026-07-11T08:40:00.000,3.17,61.26,1.53,2.78
2026-07-11T08:50:00.000,2.27,16.55,2.17,0.65
2026-07-11T09:00:00.000,4.75,314.12,3.31,-3.41
2026-07-11T09:10:00.000,5.03,340.34,4.73,-1.69
2026-07-11T09:20:00.000,3.33,348.98,3.27,-0.64
2026-07-11T09:30:00.000,0.32,298.58,0.15,-0.28
2026-07-11T09:40:00.000,0.63,235.31,-0.36,-0.52
2026-07-11T09:50:00.000,1.06,181.79,-1.06,-0.03
2026-07-11T10:00:00.000,1.43,170.63,-1.41,0.23
2026-07-11T10:10:00.000,0.62,243.85,-0.27,-0.55
2026-07-11T10:20:00.000,6.9,2.56,6.89,0.31
2026-07-11T10:30:00.000,2.75,341.55,2.61,-0.87
2026-07-11T10:40:00.000,0.57,285.61,0.15,-0.55
2026-07-11T10:50:00.000,1.73,31.41,1.48,0.9
2026-07-11T11:00:00.000,0.58,283.43,0.14,-0.57
2026-07-11T11:10:00.000,1.41,252.7,-0.42,-1.34
2026-07-11T11:20:00.000,2.63,278.87,0.41,-2.6
2026-07-11T11:30:00.000,4.64,291.75,1.72,-4.31
2026-07-11T11:40:00.000,6.3,259.3,-1.17,-6.19
2026-07-11T11:50:00.000,4.29,219.33,-3.32,-2.72
2026-07-11T12:00:00.000,5.52,208.6,-4.84,-2.64
2026-07-11T12:10:00.000,7.05,243.39,-3.16,-6.3
2026-07-11T12:20:00.000,7.06,247.11,-2.75,-6.51
2026-07-11T12:30:00.000,7.36,233.28,-4.4,-5.9
2026-07-11T12:40:00.000,7.3,228.37,-4.85,-5.45
2026-07-11T12:50:00.000,6.18,224.45,-4.41,-4.33
2026-07-11T13:00:00.000,4.86,209.13,-4.25,-2.37
2026-07-11T13:10:00.000,5.12,215.38,-4.18,-2.97
2026-07-11T13:20:00.000,5.35,221.84,-3.99,-3.57
2026-07-11T13:30:00.000,4.54,212.76,-3.82,-2.46
2026-07-11T13:40:00.000,3.79,216.07,-3.07,-2.23
2026-07-11T13:50:00.000,2.93,222.33,-2.17,-1.97
2026-07-11T14:00:00.000,3.27,204.05,-2.98,-1.33
2026-07-11T14:10:00.000,3.99,220.15,-3.05,-2.57
2026-07-11T14:20:00.000,3.15,220.15,-2.41,-2.03
2026-07-11T14:30:00.000,3.87,185.65,-3.85,-0.38
2026-07-11T14:40:00.000,5.65,176.67,-5.64,0.33
2026-07-11T14:50:00.000,8.72,185.96,-8.67,-0.91
2026-07-11T15:00:00.000,8.72,179.57,-8.72,0.07
2026-07-11T15:10:00.000,8.98,183.32,-8.97,-0.52
2026-07-11T15:20:00.000,6.85,223.6,-4.96,-4.72
2026-07-11T15:30:00.000,9.38,230.58,-5.95,-7.24
2026-07-11T15:40:00.000,7.87,246.97,-3.08,-7.24
2026-07-11T15:50:00.000,7.03,250.58,-2.34,-6.63
2026-07-11T16:00:00.000,4.82,234.9,-2.77,-3.94
2026-07-11T16:10:00.000,2.88,222.83,-2.11,-1.96
2026-07-11T16:20:00.000,3.11,207.04,-2.77,-1.41
2026-07-11T16:30:00.000,2.73,210.11,-2.36,-1.37
2026-07-11T16:40:00.000,1.31,227.91,-0.88,-0.98
2026-07-11T16:50:00.000,1.98,169.89,-1.95,0.35
2026-07-11T17:00:00.000,2.32,178.99,-2.32,0.04
2026-07-11T17:10:00.000,1.19,178.67,-1.19,0.03
2026-07-11T17:20:00.000,1.72,171.2,-1.7,0.26
2026-07-11T17:30:00.000,3.1,203.02,-2.85,-1.21
2026-07-11T17:40:00.000,2.98,188.56,-2.95,-0.44
2026-07-11T17:50:00.000,1.09,174.7,-1.08,0.1
2026-07-11T18:00:00.000,2.28,213.95,-1.89,-1.27
2026-07-11T18:10:00.000,6.63,282.57,1.44,-6.47
2026-07-11T18:20:00.000,7.46,283.57,1.75,-7.26
2026-07-11T18:30:00.000,6.68,281.63,1.35,-6.54
2026-07-11T18:40:00.000,5.1,296.34,2.26,-4.57
2026-07-11T18:50:00.000,2.44,290.14,0.84,-2.29
2026-07-11T19:00:00.000,0.78,288.89,0.25,-0.74
2026-07-11T19:10:00.000,0.61,309.12,0.39,-0.48
2026-07-11T19:20:00.000,0.6,291.76,0.22,-0.56
2026-07-11T19:30:00.000,0.69,290.46,0.24,-0.65
2026-07-11T19:40:00.000,0.92,300.49,0.47,-0.79
2026-07-11T19:50:00.000,0.91,299.45,0.45,-0.79
2026-07-11T20:00:00.000,0.79,300.33,0.4,-0.68
2026-07-11T20:10:00.000,0.16,314.25,0.11,-0.12
2026-07-11T20:20:00.000,4.12,126.73,-2.47,3.3
2026-07-11T20:30:00.000,2.7,138.47,-2.02,1.79
2026-07-11T20:40:00.000,0.48,189.64,-0.48,-0.08
2026-07-11T20:50:00.000,0.34,254.43,-0.09,-0.33
2026-07-11T21:00:00.000,0.28,220.62,-0.21,-0.18
2026-07-11T21:10:00.000,0.7,168.77,-0.68,0.14
2026-07-11T21:20:00.000,0.48,268.02,-0.02,-0.48
2026-07-11T21:30:00.000,0.54,277.31,0.07,-0.54
2026-07-11T21:40:00.000,0.51,229.71,-0.33,-0.39
2026-07-11T21:50:00.000,2.9,158.96,-2.71,1.04
2026-07-11T22:00:00.000,0.78,123.03,-0.43,0.66
2026-07-11T22:10:00.000,0.21,244.67,-0.09,-0.19
2026-07-11T22:20:00.000,0.61,29.94,0.53,0.3
2026-07-11T22:30:00.000,4.5,73,1.32,4.3
2026-07-11T22:40:00.000,7.57,75.34,1.92,7.32
2026-07-11T22:50:00.000,5.43,64.02,2.38,4.88
2026-07-11T23:00:00.000,4.46,67.2,1.73,4.11
2026-07-11T23:10:00.000,4.79,51.84,2.96,3.77
2026-07-11T23:20:00.000,4.22,42.88,3.09,2.87
2026-07-11T23:30:00.000,4.54,355.6,4.52,-0.35
2026-07-11T23:40:00.000,9.05,339.81,8.49,-3.12
2026-07-11T23:50:00.000,7.04,344.83,6.8,-1.84
2026-07-12T00:00:00.000,6.11,334.25,5.5,-2.65
2026-07-12T00:10:00.000,4.12,358.05,4.12,-0.14
2026-07-12T00:20:00.000,1.89,357.77,1.89,-0.07
2026-07-12T00:30:00.000,1.21,5.39,1.21,0.11
2026-07-12T00:40:00.000,4.54,320.31,3.5,-2.9
2026-07-12T00:50:00.000,4.64,341.68,4.4,-1.46
2026-07-12T01:00:00.000,3,338.91,2.8,-1.08
2026-07-12T01:10:00.000,2.57,350.09,2.53,-0.44
2026-07-12T01:20:00.000,1.62,24.53,1.48,0.67
2026-07-12T01:30:00.000,2.35,25.14,2.13,1
2026-07-12T01:40:00.000,2.54,37.67,2.01,1.55
2026-07-12T01:50:00.000,1.92,50.24,1.23,1.48
2026-07-12T02:00:00.000,1.97,66.12,0.8,1.8
2026-07-12T02:10:00.000,0.81,50.43,0.52,0.62
2026-07-12T02:20:00.000,0.58,338.7,0.54,-0.21
2026-07-12T02:30:00.000,3.49,318.63,2.62,-2.3
2026-07-12T02:40:00.000,2.71,325.65,2.24,-1.53
2026-07-12T02:50:00.000,0.51,308.2,0.32,-0.4
2026-07-12T03:00:00.000,0.21,254.91,-0.05,-0.2
2026-07-12T03:10:00.000,0.7,262.22,-0.1,-0.7
2026-07-12T03:20:00.000,2.92,317.58,2.16,-1.97
2026-07-12T03:30:00.000,2.17,307.15,1.31,-1.73
2026-07-12T03:40:00.000,1.2,300.44,0.61,-1.04
2026-07-12T03:50:00.000,0.57,25.39,0.52,0.25
2026-07-12T04:00:00.000,1.27,84.7,0.12,1.26
2026-07-12T04:10:00.000,3.81,355.96,3.8,-0.27
2026-07-12T04:20:00.000,4.5,11.65,4.4,0.91
2026-07-12T04:30:00.000,6.56,29.08,5.73,3.19
2026-07-12T04:40:00.000,3.7,51.81,2.29,2.91
2026-07-12T04:50:00.000,0.78,24.72,0.71,0.33
2026-07-12T05:00:00.000,1.98,5.13,1.97,0.18
2026-07-12T05:10:00.000,2.13,104.53,-0.54,2.06
2026-07-12T05:20:00.000,3.22,291.78,1.2,-2.99
2026-07-12T05:30:00.000,6.01,277.08,0.74,-5.96
2026-07-12T05:40:00.000,6.97,283.77,1.66,-6.77
2026-07-12T05:50:00.000,5.21,285.39,1.38,-5.03
2026-07-12T06:00:00.000,4.69,265.81,-0.34,-4.68
2026-07-12T06:10:00.000,3.98,283.5,0.93,-3.87
2026-07-12T06:20:00.000,3.45,297.53,1.6,-3.06
2026-07-12T06:30:00.000,1.06,288.02,0.33,-1.01
2026-07-12T06:40:00.000,0.7,38.92,0.54,0.44
2026-07-12T06:50:00.000,3.1,108.03,-0.96,2.94
2026-07-12T07:00:00.000,4.36,138.51,-3.26,2.89
2026-07-12T07:10:00.000,5.05,144.68,-4.12,2.92
2026-07-12T07:20:00.000,3.47,173.16,-3.45,0.41
2026-07-12T07:30:00.000,1.82,210.78,-1.56,-0.93
2026-07-12T07:40:00.000,3.51,222.12,-2.6,-2.35
2026-07-12T07:50:00.000,2.55,210.62,-2.19,-1.3
2026-07-12T08:00:00.000,2.7,204.59,-2.46,-1.12
2026-07-12T08:10:00.000,4.9,173.7,-4.87,0.54
2026-07-12T08:20:00.000,9.07,172.26,-8.98,1.22
2026-07-12T08:30:00.000,9.09,188.21,-8.99,-1.3
2026-07-12T08:40:00.000,7.85,190.32,-7.72,-1.41
2026-07-12T08:50:00.000,7.09,179.24,-7.09,0.09
2026-07-12T09:00:00.000,2.2,173.25,-2.19,0.26
2026-07-12T09:10:00.000,2,116.52,-0.89,1.79
2026-07-12T09:20:00.000,0.8,177.59,-0.8,0.03
2026-07-12T09:30:00.000,0.83,258.78,-0.16,-0.82
2026-07-12T09:40:00.000,0.57,274.57,0.05,-0.57
2026-07-12T09:50:00.000,0.27,301.88,0.14,-0.23
2026-07-12T10:00:00.000,0.71,262.9,-0.09,-0.7
2026-07-12T10:10:00.000,0.9,262,-0.12,-0.89
2026-07-12T10:20:00.000,1.22,232.23,-0.75,-0.96
2026-07-12T10:30:00.000,1.5,213.77,-1.24,-0.83
2026-07-12T10:40:00.000,2.25,280.94,0.43,-2.21
2026-07-12T10:50:00.000,10.45,303.42,5.75,-8.72
2026-07-12T11:00:00.000,8.62,293.64,3.46,-7.89
2026-07-12T11:10:00.000,5.87,289.33,1.94,-5.54
2026-07-12T11:20:00.000,1.24,280.01,0.22,-1.22
2026-07-12T11:30:00.000,0.38,260.24,-0.06,-0.38
2026-07-12T11:40:00.000,2.5,86.55,0.15,2.49
2026-07-12T11:50:00.000,3.53,79.81,0.62,3.47
2026-07-12T12:00:00.000,0.48,302.09,0.25,-0.4
2026-07-12T12:10:00.000,3.81,307.46,2.31,-3.02
2026-07-12T12:20:00.000,4.4,315.68,3.15,-3.07
2026-07-12T12:30:00.000,1.02,333.37,0.91,-0.46
2026-07-12T12:40:00.000,2.37,344.94,2.29,-0.62
2026-07-12T12:50:00.000,3.26,357.64,3.25,-0.13
2026-07-12T13:00:00.000,2.31,357.98,2.31,-0.08
2026-07-12T13:10:00.000,4.67,43.87,3.37,3.24
2026-07-12T13:20:00.000,2.22,30.17,1.92,1.12
2026-07-12T13:30:00.000,1.78,35.46,1.45,1.03
2026-07-12T13:40:00.000,0.71,303.75,0.4,-0.59
2026-07-12T13:50:00.000,4.69,286.82,1.36,-4.49
2026-07-12T14:00:00.000,6.94,319.81,5.3,-4.48
2026-07-12T14:10:00.000,5.15,301.98,2.73,-4.37
2026-07-12T14:20:00.000,7.06,274.5,0.55,-7.04
2026-07-12T14:30:00.000,8.91,238.42,-4.67,-7.59
2026-07-12T14:40:00.000,4.33,255.5,-1.08,-4.19
2026-07-12T14:50:00.000,3.12,232.51,-1.9,-2.48
2026-07-12T15:00:00.000,1.35,229.72,-0.87,-1.03
2026-07-12T15:10:00.000,2.3,177.85,-2.3,0.09
2026-07-12T15:20:00.000,2.64,147.59,-2.23,1.42
2026-07-12T15:30:00.000,0.71,198.6,-0.67,-0.23
2026-07-12T15:40:00.000,2.33,206.85,-2.08,-1.05
2026-07-12T15:50:00.000,1.7,229.07,-1.12,-1.29
2026-07-12T16:00:00.000,2.51,239.93,-1.26,-2.17
2026-07-12T16:10:00.000,0.82,258.59,-0.16,-0.8
2026-07-12T16:20:00.000,0.67,266.59,-0.04,-0.67
2026-07-12T16:30:00.000,0.73,266.96,-0.04,-0.73
2026-07-12T16:40:00.000,0.76,262.55,-0.1,-0.75
2026-07-12T16:50:00.000,1.02,258.24,-0.21,-1
2026-07-12T17:00:00.000,2.58,257.5,-0.56,-2.52
2026-07-12T17:10:00.000,3.16,260.99,-0.5,-3.12
2026-07-12T17:20:00.000,2.7,257.25,-0.6,-2.63
2026-07-12T17:30:00.000,4.04,243.32,-1.81,-3.61
2026-07-12T17:40:00.000,1,249.35,-0.35,-0.94
2026-07-12T17:50:00.000,1.24,220.16,-0.95,-0.8
2026-07-12T18:00:00.000,0.47,217.85,-0.37,-0.29
2026-07-12T18:10:00.000,0.71,216.09,-0.57,-0.42
2026-07-12T18:20:00.000,0.53,214.89,-0.43,-0.3
2026-07-12T18:30:00.000,0.71,236.06,-0.4,-0.59
2026-07-12T18:40:00.000,0.81,239.92,-0.41,-0.7
2026-07-12T18:50:00.000,0.88,270.44,0.01,-0.88
2026-07-12T19:00:00.000,1.95,304.79,1.11,-1.6
2026-07-12T19:10:00.000,0.88,288.64,0.28,-0.84
2026-07-12T19:20:00.000,1,284.51,0.25,-0.96
2026-07-12T19:30:00.000,0.83,272.85,0.04,-0.83
2026-07-12T19:40:00.000,0.76,252.87,-0.22,-0.72
2026-07-12T19:50:00.000,0.71,268.79,-0.02,-0.71
2026-07-12T20:00:00.000,0.66,274.84,0.06,-0.66
2026-07-12T20:10:00.000,0.65,273.18,0.04,-0.65
2026-07-12T20:20:00.000,0.66,260.24,-0.11,-0.65
2026-07-12T20:30:00.000,1.07,270.81,0.02,-1.07
2026-07-12T20:40:00.000,1.74,280.96,0.33,-1.71
2026-07-12T20:50:00.000,0.93,275.35,0.09,-0.92
2026-07-12T21:00:00.000,2.26,243.78,-1,-2.03
2026-07-12T21:10:00.000,2.08,217.64,-1.65,-1.27
2026-07-12T21:20:00.000,1.41,192.82,-1.38,-0.31
2026-07-12T21:30:00.000,2.39,169.39,-2.35,0.44
2026-07-12T21:40:00.000,0.91,173.51,-0.9,0.1
2026-07-12T21:50:00.000,1.84,144.7,-1.5,1.06
2026-07-12T22:00:00.000,2.19,149.39,-1.88,1.11
2026-07-12T22:10:00.000,4.18,161.98,-3.98,1.29
2026-07-12T22:20:00.000,4.49,176.1,-4.48,0.31
2026-07-12T22:30:00.000,4.17,194.16,-4.04,-1.02
2026-07-12T22:40:00.000,3.66,211.59,-3.12,-1.92
2026-07-12T22:50:00.000,3.89,192.81,-3.79,-0.86
2026-07-12T23:00:00.000,5.16,180.44,-5.16,-0.04
2026-07-12T23:10:00.000,5.46,196.67,-5.24,-1.57
2026-07-12T23:20:00.000,6.98,192.79,-6.81,-1.55
2026-07-12T23:30:00.000,4.43,204.71,-4.02,-1.85
2026-07-12T23:40:00.000,1.87,208.94,-1.64,-0.91
2026-07-12T23:50:00.000,1.17,247.06,-0.46,-1.08
2026-07-13T00:00:00.000,1.82,227.86,-1.22,-1.35
2026-07-13T00:10:00.000,2.68,205.1,-2.43,-1.14
2026-07-13T00:20:00.000,2.5,211.48,-2.13,-1.3
2026-07-13T00:30:00.000,1.05,242.46,-0.49,-0.93
2026-07-13T00:40:00.000,1.04,102.38,-0.22,1.02
2026-07-13T00:50:00.000,2.47,102.18,-0.52,2.41
2026-07-13T01:00:00.000,3.16,87.55,0.13,3.15
2026-07-13T01:10:00.000,1.25,354.96,1.25,-0.11
2026-07-13T01:20:00.000,1,7.05,0.99,0.12
2026-07-13T01:30:00.000,2.52,22.9,2.32,0.98
2026-07-13T01:40:00.000,3.76,36.61,3.02,2.24
2026-07-13T01:50:00.000,4.33,26.67,3.87,1.94
2026-07-13T02:00:00.000,4.76,29.14,4.16,2.32
2026-07-13T02:10:00.000,5,35.22,4.08,2.88
2026-07-13T02:20:00.000,2.22,301.93,1.17,-1.88
2026-07-13T02:30:00.000,4.71,338.7,4.39,-1.71
2026-07-13T02:40:00.000,5.32,309.96,3.41,-4.08
2026-07-13T02:50:00.000,7.93,310.39,5.14,-6.04
2026-07-13T03:00:00.000,5.67,309.03,3.57,-4.41
2026-07-13T03:10:00.000,1.28,266.46,-0.08,-1.28
2026-07-13T03:20:00.000,0.71,268.74,-0.02,-0.71
2026-07-13T03:30:00.000,4.24,267.35,-0.2,-4.23
2026-07-13T03:40:00.000,4.07,252.23,-1.24,-3.87
2026-07-13T03:50:00.000,4.79,264.04,-0.5,-4.77
2026-07-13T04:00:00.000,4.35,261.81,-0.62,-4.31
2026-07-13T04:10:00.000,4.6,252.94,-1.35,-4.39
2026-07-13T04:20:00.000,4.02,238.57,-2.1,-3.43
2026-07-13T04:30:00.000,5.14,205.73,-4.63,-2.23
2026-07-13T04:40:00.000,4.89,191.61,-4.79,-0.98
2026-07-13T04:50:00.000,3.8,203.15,-3.5,-1.5
2026-07-13T05:00:00.000,1.59,232.84,-0.96,-1.27
2026-07-13T05:10:00.000,2.4,248.29,-0.89,-2.23
2026-07-13T05:20:00.000,1.12,263.54,-0.13,-1.11
2026-07-13T05:30:00.000,0.85,260.62,-0.14,-0.84
2026-07-13T05:40:00.000,2.19,124.85,-1.25,1.79
2026-07-13T05:50:00.000,1.91,158.2,-1.77,0.71
2026-07-13T06:00:00.000,3.37,142.24,-2.67,2.07
2026-07-13T06:10:00.000,0.68,153.18,-0.61,0.31
2026-07-13T06:20:00.000,0.53,265.01,-0.05,-0.53
2026-07-13T06:30:00.000,0.6,256.1,-0.14,-0.58
2026-07-13T06:40:00.000,1.07,252.17,-0.33,-1.02
2026-07-13T06:50:00.000,1.52,262.37,-0.2,-1.5
2026-07-13T07:00:00.000,1.72,268.53,-0.04,-1.72
2026-07-13T07:10:00.000,3.97,288.02,1.23,-3.77
2026-07-13T07:20:00.000,3.81,284.3,0.94,-3.69
2026-07-13T07:30:00.000,1.15,281.38,0.23,-1.12
2026-07-13T07:40:00.000,0.64,273.38,0.04,-0.64
2026-07-13T07:50:00.000,0.79,199.83,-0.74,-0.27
2026-07-13T08:00:00.000,2.43,160.23,-2.29,0.82
2026-07-13T08:10:00.000,3.35,153.92,-3.01,1.47
2026-07-13T08:20:00.000,4.55,148.22,-3.87,2.39
2026-07-13T08:30:00.000,5.3,137.43,-3.9,3.59
2026-07-13T08:40:00.000,2.97,154.35,-2.68,1.29
2026-07-13T08:50:00.000,0.92,170.09,-0.91,0.16
2026-07-13T09:00:00.000,1.11,148.85,-0.95,0.57
2026-07-13T09:10:00.000,2.07,150.21,-1.8,1.03
2026-07-13T09:20:00.000,0.93,151.4,-0.82,0.45
2026-07-13T09:30:00.000,2.95,164.56,-2.84,0.78
2026-07-13T09:40:00.000,3.41,180.05,-3.41,0
2026-07-13T09:50:00.000,3.93,194.95,-3.8,-1.02
2026-07-13T10:00:00.000,6.21,188.58,-6.14,-0.93
2026-07-13T10:10:00.000,8.66,186.78,-8.6,-1.02
2026-07-13T10:20:00.000,10.21,184.34,-10.19,-0.77
2026-07-13T10:30:00.000,7.83,184.72,-7.8,-0.64
2026-07-13T10:40:00.000,6.19,162.84,-5.92,1.83
2026-07-13T10:50:00.000,14.19,151.84,-12.51,6.7
2026-07-13T11:00:00.000,13.89,160.08,-13.06,4.73
2026-07-13T11:10:00.000,7.54,175.71,-7.52,0.56
2026-07-13T11:20:00.000,3.64,188.89,-3.59,-0.56
2026-07-13T11:30:00.000,0.88,273.06,0.05,-0.88
2026-07-13T11:40:00.000,0.83,350.41,0.81,-0.14
2026-07-13T11:50:00.000,3.54,111.13,-1.28,3.31
2026-07-13T12:00:00.000,4.3,141.12,-3.34,2.7
2026-07-13T12:10:00.000,1.91,180.78,-1.91,-0.03
2026-07-13T12:20:00.000,0.95,239.81,-0.48,-0.82
2026-07-13T12:30:00.000,1.23,258.13,-0.25,-1.2
2026-07-13T12:40:00.000,0.93,262.04,-0.13,-0.92
2026-07-13T12:50:00.000,1.56,351.93,1.54,-0.22
2026-07-13T13:00:00.000,6.06,37.57,4.81,3.7
2026-07-13T13:10:00.000,6.99,39.35,5.4,4.43
2026-07-13T13:20:00.000,5.21,38.88,4.05,3.27
2026-07-13T13:30:00.000,3.07,18.19,2.92,0.96
2026-07-13T13:40:00.000,1.93,281.61,0.39,-1.89
2026-07-13T13:50:00.000,4.41,262.6,-0.57,-4.37
2026-07-13T14:00:00.000,11.53,286.31,3.24,-11.07
2026-07-13T14:10:00.000,11.94,267.71,-0.48,-11.94
2026-07-13T14:20:00.000,6.09,257.75,-1.29,-5.95
2026-07-13T14:30:00.000,1.35,265.05,-0.12,-1.34
2026-07-13T14:40:00.000,6.71,153.03,-5.98,3.04
2026-07-13T14:50:00.000,5.47,137.94,-4.06,3.66
2026-07-13T15:00:00.000,5.4,161.78,-5.13,1.69
2026-07-13T15:10:00.000,5.77,137.5,-4.26,3.9
2026-07-13T15:20:00.000,2.99,143.36,-2.4,1.78
2026-07-13T15:30:00.000,3.29,161,-3.11,1.07
2026-07-13T15:40:00.000,3.08,180,-3.08,0
2026-07-13T15:50:00.000,3.81,211.89,-3.24,-2.01
2026-07-13T16:00:00.000,5.26,198.39,-4.99,-1.66
2026-07-13T16:10:00.000,4.65,211.99,-3.95,-2.47
2026-07-13T16:20:00.000,4.24,228.19,-2.83,-3.16
2026-07-13T16:30:00.000,4.87,237.69,-2.61,-4.12
2026-07-13T16:40:00.000,5.14,235.33,-2.92,-4.22
2026-07-13T16:50:00.000,5.54,242.14,-2.59,-4.9
2026-07-13T17:00:00.000,6.15,252.41,-1.86,-5.86
2026-07-13T17:10:00.000,7.51,251.1,-2.43,-7.1
2026-07-13T17:20:00.000,9.33,248.59,-3.41,-8.69
2026-07-13T17:30:00.000,7.34,254.92,-1.91,-7.09
2026-07-13T17:40:00.000,3.52,228.52,-2.33,-2.64
2026-07-13T17:50:00.000,1.23,215.91,-0.99,-0.72
2026-07-13T18:00:00.000,1.55,212.93,-1.3,-0.84
2026-07-13T18:10:00.000,2.1,246.3,-0.84,-1.92
2026-07-13T18:20:00.000,4.58,284.37,1.14,-4.43
2026-07-13T18:30:00.000,5.74,270.42,0.04,-5.74
2026-07-13T18:40:00.000,2.94,272.97,0.15,-2.94
2026-07-13T18:50:00.000,2.03,263.59,-0.23,-2.02
2026-07-13T19:00:00.000,0.5,253.09,-0.15,-0.48
2026-07-13T19:10:00.000,1.59,129.51,-1.01,1.23
2026-07-13T19:20:00.000,3.61,133.06,-2.47,2.64
2026-07-13T19:30:00.000,2.58,143.82,-2.08,1.52
2026-07-13T19:40:00.000,0.64,216.31,-0.52,-0.38
2026-07-13T19:50:00.000,1.78,179.7,-1.78,0.01
2026-07-13T20:00:00.000,0.5,207.79,-0.44,-0.23
2026-07-13T20:10:00.000,0.91,145.69,-0.75,0.51
2026-07-13T20:20:00.000,0.53,206.93,-0.47,-0.24
2026-07-13T20:30:00.000,0.41,208.41,-0.36,-0.2
2026-07-13T20:40:00.000,0.28,206.49,-0.25,-0.12
2026-07-13T20:50:00.000,0.63,269.67,0,-0.63
2026-07-13T21:00:00.000,4.65,297.97,2.18,-4.11
2026-07-13T21:10:00.000,6.57,314.8,4.63,-4.66
2026-07-13T21:20:00.000,4.03,315.77,2.89,-2.81
2026-07-13T21:30:00.000,3.5,314.65,2.46,-2.49
2026-07-13T21:40:00.000,1.29,302.74,0.7,-1.09
2026-07-13T21:50:00.000,0.69,280.39,0.12,-0.68
2026-07-13T22:00:00.000,1.14,259.95,-0.2,-1.12
2026-07-13T22:10:00.000,0.69,240.96,-0.34,-0.61
2026-07-13T22:20:00.000,1.86,196.22,-1.78,-0.52
2026-07-13T22:30:00.000,1.76,186.86,-1.75,-0.21
2026-07-13T22:40:00.000,3.83,182.89,-3.83,-0.19
2026-07-13T22:50:00.000,3.57,199.68,-3.36,-1.2
2026-07-13T23:00:00.000,3.8,234.95,-2.18,-3.11
2026-07-13T23:10:00.000,3.23,253.45,-0.92,-3.1
2026-07-13T23:20:00.000,3.08,237.62,-1.65,-2.6
2026-07-13T23:30:00.000,2.94,197.65,-2.8,-0.89
2026-07-13T23:40:00.000,2.28,187.33,-2.26,-0.29
2026-07-13T23:50:00.000,5,151.21,-4.38,2.41
2026-07-14T00:00:00.000,5.03,149.88,-4.35,2.53
2026-07-14T00:10:00.000,4.53,168.92,-4.45,0.87
2026-07-14T00:20:00.000,3.03,169.61,-2.98,0.55
2026-07-14T00:30:00.000,3.96,184.1,-3.95,-0.28
2026-07-14T00:40:00.000,5.48,184.77,-5.46,-0.46
2026-07-14T00:50:00.000,4.09,195.2,-3.95,-1.07
2026-07-14T01:00:00.000,2.94,210.89,-2.52,-1.51
2026-07-14T01:10:00.000,2.95,174.36,-2.93,0.29
2026-07-14T01:20:00.000,6.38,143.48,-5.13,3.8
2026-07-14T01:30:00.000,9.09,133.89,-6.3,6.55
2026-07-14T01:40:00.000,11.11,144.64,-9.06,6.43
2026-07-14T01:50:00.000,8.25,144.27,-6.7,4.82
2026-07-14T02:00:00.000,3.15,105.62,-0.85,3.03
2026-07-14T02:10:00.000,4.71,95.42,-0.44,4.69
2026-07-14T02:20:00.000,2.29,104.76,-0.58,2.21
2026-07-14T02:30:00.000,1.54,48.65,1.02,1.16
2026-07-14T02:40:00.000,0.55,124.53,-0.31,0.45
2026-07-14T02:50:00.000,0.57,252.94,-0.17,-0.54
2026-07-14T03:00:00.000,0.81,274.44,0.06,-0.8
2026-07-14T03:10:00.000,1.98,261.69,-0.29,-1.96
2026-07-14T03:20:00.000,4.32,262.47,-0.57,-4.28
2026-07-14T03:30:00.000,6.15,269.04,-0.1,-6.15
2026-07-14T03:40:00.000,5.83,290.94,2.08,-5.44
2026-07-14T03:50:00.000,5.92,296.2,2.61,-5.31
2026-07-14T04:00:00.000,5.61,293.45,2.23,-5.14
2026-07-14T04:10:00.000,6.8,298.2,3.21,-5.99
2026-07-14T04:20:00.000,6.65,273.44,0.4,-6.64
2026-07-14T04:30:00.000,4.98,253.6,-1.41,-4.77
2026-07-14T04:40:00.000,4.96,241.51,-2.36,-4.36
2026-07-14T04:50:00.000,3.42,176.83,-3.42,0.19
2026-07-14T05:00:00.000,3.35,156.39,-3.07,1.34
2026-07-14T05:10:00.000,3.21,177.71,-3.21,0.13
2026-07-14T05:20:00.000,3.67,194.16,-3.56,-0.9
2026-07-14T05:30:00.000,4.11,181.99,-4.11,-0.14
2026-07-14T05:40:00.000,3.59,162.34,-3.42,1.09
2026-07-14T05:50:00.000,4.82,182.12,-4.82,-0.18
2026-07-14T06:00:00.000,4.92,204.77,-4.47,-2.06
2026-07-14T06:10:00.000,3.25,214.11,-2.69,-1.82
2026-07-14T06:20:00.000,4.01,224.92,-2.84,-2.83
2026-07-14T06:30:00.000,2.95,255.34,-0.75,-2.86
2026-07-14T06:40:00.000,1.57,269.79,-0.01,-1.57
2026-07-14T06:50:00.000,3.64,264.48,-0.35,-3.62
2026-07-14T07:00:00.000,1.13,252.08,-0.35,-1.08
2026-07-14T07:10:00.000,2.53,237.4,-1.36,-2.13
2026-07-14T07:20:00.000,1.83,206.12,-1.64,-0.8
2026-07-14T07:30:00.000,0.8,235.61,-0.45,-0.66
2026-07-14T07:40:00.000,0.9,271.34,0.02,-0.9
2026-07-14T07:50:00.000,2.61,295.93,1.14,-2.35
2026-07-14T08:00:00.000,5.59,286.53,1.59,-5.36
2026-07-14T08:10:00.000,2.68,262.59,-0.35,-2.65
2026-07-14T08:20:00.000,0.8,252.74,-0.24,-0.76
2026-07-14T08:30:00.000,0.6,260.88,-0.09,-0.59
2026-07-14T08:40:00.000,0.49,260.37,-0.08,-0.48
2026-07-14T08:50:00.000,0.46,345.66,0.45,-0.11
2026-07-14T09:00:00.000,2.45,46.39,1.69,1.78
2026-07-14T09:10:00.000,4.72,53.17,2.83,3.78
2026-07-14T09:20:00.000,5.87,72.64,1.75,5.61
2026-07-14T09:30:00.000,5.91,86.79,0.33,5.9
2026-07-14T09:40:00.000,2.88,106.74,-0.83,2.76
2026-07-14T09:50:00.000,1.84,194.78,-1.78,-0.47
2026-07-14T10:00:00.000,4.64,208.64,-4.07,-2.22
2026-07-14T10:10:00.000,6.28,213.61,-5.23,-3.48
2026-07-14T10:20:00.000,7.15,210.32,-6.17,-3.61
2026-07-14T10:30:00.000,9.3,213.78,-7.73,-5.17
2026-07-14T10:40:00.000,9.79,202.74,-9.02,-3.78
2026-07-14T10:50:00.000,12.27,171.96,-12.15,1.72
2026-07-14T11:00:00.000,13.95,175.99,-13.92,0.98
2026-07-14T11:10:00.000,11.09,185.7,-11.04,-1.1
2026-07-14T11:20:00.000,6.04,209.98,-5.23,-3.02
2026-07-14T11:30:00.000,2.35,213.36,-1.97,-1.29
2026-07-14T11:40:00.000,1.31,123.04,-0.71,1.1
2026-07-14T11:50:00.000,2.97,110.22,-1.03,2.79
2026-07-14T12:00:00.000,1.27,50.62,0.81,0.98
2026-07-14T12:10:00.000,4.19,48.13,2.8,3.12
2026-07-14T12:20:00.000,9.13,70.48,3.05,8.61
2026-07-14T12:30:00.000,5.9,90.92,-0.09,5.9
2026-07-14T12:40:00.000,2.57,116.53,-1.15,2.3
2026-07-14T12:50:00.000,6.21,312.38,4.18,-4.59
2026-07-14T13:00:00.000,18.64,41.81,13.9,12.43
2026-07-14T13:10:00.000,8.78,48.95,5.77,6.62
2026-07-14T13:20:00.000,4.38,39.68,3.37,2.8
2026-07-14T13:30:00.000,1.72,331.73,1.52,-0.82
2026-07-14T13:40:00.000,11.51,341.02,10.88,-3.74
2026-07-14T13:50:00.000,4.23,300.41,2.14,-3.65
2026-07-14T14:00:00.000,4.28,259.96,-0.75,-4.22
2026-07-14T14:10:00.000,11.75,243.02,-5.33,-10.47
2026-07-14T14:20:00.000,11.29,261.76,-1.62,-11.17
2026-07-14T14:30:00.000,8.25,259.75,-1.47,-8.12
2026-07-14T14:40:00.000,6.96,237.11,-3.78,-5.84
2026-07-14T14:50:00.000,5.03,161.28,-4.76,1.61
2026-07-14T15:00:00.000,2.03,151.98,-1.79,0.95
2026-07-14T15:10:00.000,1.78,127.54,-1.09,1.41
2026-07-14T15:20:00.000,1.21,239.69,-0.61,-1.04
2026-07-14T15:30:00.000,3.02,260.99,-0.47,-2.99
2026-07-14T15:40:00.000,1.48,296.06,0.65,-1.33
2026-07-14T15:50:00.000,2.87,180.53,-2.87,-0.03
2026-07-14T16:00:00.000,1.18,235.76,-0.66,-0.98
2026-07-14T16:10:00.000,5.51,306.17,3.25,-4.45
2026-07-14T16:20:00.000,0.75,241.39,-0.36,-0.65
2026-07-14T16:30:00.000,0.72,235.08,-0.41,-0.59
2026-07-14T16:40:00.000,0.61,237.62,-0.33,-0.51
2026-07-14T16:50:00.000,3.15,154.23,-2.83,1.37
2026-07-14T17:00:00.000,3.09,162.87,-2.95,0.91
2026-07-14T17:10:00.000,0.96,237.78,-0.51,-0.81
2026-07-14T17:20:00.000,3.89,242.07,-1.82,-3.43
2026-07-14T17:30:00.000,7.8,242.6,-3.59,-6.93
2026-07-14T17:40:00.000,7.54,269.44,-0.07,-7.54
2026-07-14T17:50:00.000,4.93,275.97,0.51,-4.91
2026-07-14T18:00:00.000,3.74,290.88,1.33,-3.49
2026-07-14T18:10:00.000,2.05,233.55,-1.22,-1.65
2026-07-14T18:20:00.000,4.27,192.63,-4.16,-0.93
2026-07-14T18:30:00.000,3.23,200.4,-3.03,-1.13
2026-07-14T18:40:00.000,1.85,211.74,-1.57,-0.97
2026-07-14T18:50:00.000,2.13,214.2,-1.76,-1.2
2026-07-14T19:00:00.000,1.6,240.2,-0.79,-1.39
2026-07-14T19:10:00.000,3.32,277.39,0.43,-3.3
2026-07-14T19:20:00.000,0.75,260.19,-0.13,-0.74
2026-07-14T19:30:00.000,0.9,247.61,-0.34,-0.83
2026-07-14T19:40:00.000,0.81,262.12,-0.11,-0.8
2026-07-14T19:50:00.000,0.86,253,-0.25,-0.83
2026-07-14T20:00:00.000,0.97,258.89,-0.19,-0.95
2026-07-14T20:10:00.000,0.82,262.55,-0.11,-0.81
2026-07-14T20:20:00.000,1.31,283.55,0.31,-1.27
2026-07-14T20:30:00.000,2.1,4.64,2.1,0.17
2026-07-14T20:40:00.000,2.56,13.7,2.49,0.61
2026-07-14T20:50:00.000,2.24,30.31,1.94,1.13
2026-07-14T21:00:00.000,3.48,21.36,3.24,1.27
2026-07-14T21:10:00.000,3.22,11.52,3.16,0.64
2026-07-14T21:20:00.000,4.05,328.68,3.46,-2.11
2026-07-14T21:30:00.000,2.64,336.66,2.43,-1.05
2026-07-14T21:40:00.000,2.52,310.77,1.65,-1.91
2026-07-14T21:50:00.000,2.83,276.89,0.34,-2.81
2026-07-14T22:00:00.000,4.16,242.41,-1.93,-3.69
2026-07-14T22:10:00.000,2.77,230.37,-1.76,-2.13
2026-07-14T22:20:00.000,3.44,225.52,-2.41,-2.45
2026-07-14T22:30:00.000,3.71,219.54,-2.86,-2.36
2026-07-14T22:40:00.000,5.6,191.22,-5.49,-1.09
2026-07-14T22:50:00.000,8.75,176.74,-8.73,0.5
2026-07-14T23:00:00.000,16.4,164.66,-15.82,4.34
2026-07-14T23:10:00.000,19.2,172.83,-19.05,2.4
2026-07-14T23:20:00.000,18.09,178.63,-18.09,0.43
2026-07-14T23:30:00.000,10.75,171.26,-10.62,1.63
2026-07-14T23:40:00.000,9.32,143.96,-7.54,5.48
2026-07-14T23:50:00.000,13.11,175.22,-13.06,1.09
2026-07-15T00:00:00.000,12.39,180.24,-12.39,-0.05
2026-07-15T00:10:00.000,7.01,211.02,-6.01,-3.61
2026-07-15T00:20:00.000,3.08,294.03,1.25,-2.81
2026-07-15T00:30:00.000,7.44,34.42,6.14,4.21
2026-07-15T00:40:00.000,19.17,102.95,-4.3,18.68
2026-07-15T00:50:00.000,16.41,95.76,-1.65,16.32
2026-07-15T01:00:00.000,4.96,65.5,2.06,4.52
2026-07-15T01:10:00.000,8.32,329.45,7.16,-4.23
2026-07-15T01:20:00.000,7.42,31.09,6.36,3.83
2026-07-15T01:30:00.000,17.42,73.41,4.97,16.69
2026-07-15T01:40:00.000,13.54,92.73,-0.64,13.52
2026-07-15T01:50:00.000,0.81,232.64,-0.49,-0.64
2026-07-15T02:00:00.000,5.81,290.39,2.03,-5.45
2026-07-15T02:10:00.000,1.88,277.03,0.23,-1.86
2026-07-15T02:20:00.000,0.96,231.11,-0.6,-0.75
2026-07-15T02:30:00.000,5.47,231.86,-3.38,-4.3
2026-07-15T02:40:00.000,4.58,276.88,0.55,-4.55
2026-07-15T02:50:00.000,3.45,282.69,0.76,-3.36
2026-07-15T03:00:00.000,2.52,286.61,0.72,-2.42
2026-07-15T03:10:00.000,5.25,312.77,3.57,-3.85
2026-07-15T03:20:00.000,9.03,253.88,-2.51,-8.68
2026-07-15T03:30:00.000,7.81,228.25,-5.2,-5.83
2026-07-15T03:40:00.000,6.55,215.65,-5.32,-3.82
2026-07-15T03:50:00.000,0.96,227.26,-0.65,-0.71
2026-07-15T04:00:00.000,3.55,136.33,-2.56,2.45
2026-07-15T04:10:00.000,3.48,128.69,-2.17,2.71
2026-07-15T04:20:00.000,1.42,325.33,1.16,-0.81
2026-07-15T04:30:00.000,0.79,290.28,0.28,-0.75
2026-07-15T04:40:00.000,2.13,233.18,-1.27,-1.7
2026-07-15T04:50:00.000,4.66,185.82,-4.64,-0.47
2026-07-15T05:00:00.000,5.8,182.56,-5.8,-0.26
2026-07-15T05:10:00.000,9.21,165.58,-8.92,2.29
2026-07-15T05:20:00.000,9.91,158.72,-9.24,3.6
2026-07-15T05:30:00.000,5.41,146.05,-4.49,3.02
2026-07-15T05:40:00.000,2.81,76.81,0.64,2.73
2026-07-15T05:50:00.000,3.88,339.96,3.64,-1.33
2026-07-15T06:00:00.000,6.4,292.92,2.49,-5.89
2026-07-15T06:10:00.000,5.55,294.81,2.33,-5.04
2026-07-15T06:20:00.000,6.06,316.56,4.4,-4.17
2026-07-15T06:30:00.000,3.62,266.44,-0.22,-3.61
2026-07-15T06:40:00.000,4.57,259.88,-0.8,-4.5
2026-07-15T06:50:00.000,4.95,266.93,-0.27,-4.94
2026-07-15T07:00:00.000,11.25,282,2.34,-11
2026-07-15T07:10:00.000,10.57,262.46,-1.39,-10.48
2026-07-15T07:20:00.000,4.86,253.51,-1.38,-4.66
2026-07-15T07:30:00.000,1.47,227.66,-0.99,-1.09
2026-07-15T07:40:00.000,4.03,178.88,-4.03,0.08
2026-07-15T07:50:00.000,4.26,163.01,-4.07,1.24
2026-07-15T08:00:00.000,3.21,179.91,-3.21,0.01
2026-07-15T08:10:00.000,2.03,188.82,-2.01,-0.31
2026-07-15T08:20:00.000,0.93,234.74,-0.53,-0.76
2026-07-15T08:30:00.000,0.82,237.08,-0.45,-0.69
2026-07-15T08:40:00.000,1.22,172.56,-1.21,0.16
2026-07-15T08:50:00.000,1.36,143.39,-1.09,0.81
2026-07-15T09:00:00.000,0.93,222.4,-0.69,-0.63
2026-07-15T09:10:00.000,0.86,210.37,-0.74,-0.43
2026-07-15T09:20:00.000,0.81,242.53,-0.37,-0.72
2026-07-15T09:30:00.000,1.12,268.19,-0.04,-1.12
2026-07-15T09:40:00.000,4.63,359.27,4.63,-0.06
2026-07-15T09:50:00.000,4.21,324.97,3.45,-2.42
2026-07-15T10:00:00.000,3.4,339.27,3.18,-1.2
2026-07-15T10:10:00.000,1.63,291.9,0.61,-1.51
2026-07-15T10:20:00.000,5.19,246.46,-2.07,-4.76
2026-07-15T10:30:00.000,8.04,263.19,-0.95,-7.99
2026-07-15T10:40:00.000,6.74,243.48,-3.01,-6.03
2026-07-15T10:50:00.000,8.82,206.21,-7.92,-3.9
2026-07-15T11:00:00.000,15.04,189.05,-14.85,-2.37
2026-07-15T11:10:00.000,18.4,179.17,-18.4,0.27
2026-07-15T11:20:00.000,20,175.13,-19.93,1.7
2026-07-15T11:30:00.000,22.75,173.29,-22.59,2.66
2026-07-15T11:40:00.000,20.8,167.99,-20.35,4.33
2026-07-15T11:50:00.000,20.93,175.36,-20.86,1.69
2026-07-15T12:00:00.000,23.33,191.54,-22.86,-4.67
2026-07-15T12:10:00.000,18.11,190.02,-17.84,-3.15
2026-07-15T12:20:00.000,9.16,179.39,-9.15,0.1
2026-07-15T12:30:00.000,6.71,148.92,-5.75,3.46
2026-07-15T12:40:00.000,8.65,133.07,-5.9,6.32
2026-07-15T12:50:00.000,10.05,124.49,-5.69,8.28
2026-07-15T13:00:00.000,5.72,114.01,-2.33,5.22
2026-07-15T13:10:00.000,1.83,22.71,1.69,0.71
2026-07-15T13:20:00.000,7,11.26,6.86,1.37
2026-07-15T13:30:00.000,9.16,51.11,5.75,7.13
2026-07-15T13:40:00.000,6.34,34.26,5.24,3.57
2026-07-15T13:50:00.000,9.1,26.2,8.17,4.02
2026-07-15T14:00:00.000,9.07,254.1,-2.49,-8.72
2026-07-15T14:10:00.000,6.63,68.22,2.46,6.16
2026-07-15T14:20:00.000,12.25,55.03,7.02,10.04
2026-07-15T14:30:00.000,10.83,64.04,4.74,9.74
2026-07-15T14:40:00.000,4.58,60.63,2.25,3.99
2026-07-15T14:50:00.000,3.91,309.81,2.51,-3.01
2026-07-15T15:00:00.000,8.02,264.23,-0.81,-7.98
2026-07-15T15:10:00.000,4.95,229.64,-3.2,-3.77
2026-07-15T15:20:00.000,13.34,266.27,-0.87,-13.31
2026-07-15T15:30:00.000,17.16,306.31,10.16,-13.83
2026-07-15T15:40:00.000,17.81,313.38,12.23,-12.94
2026-07-15T15:50:00.000,2.91,323.37,2.33,-1.74
2026-07-15T16:00:00.000,1.92,34.77,1.57,1.09
2026-07-15T16:10:00.000,8.89,73.06,2.59,8.5
2026-07-15T16:20:00.000,2.42,354.42,2.4,-0.23
2026-07-15T16:30:00.000,4.27,334.6,3.86,-1.83
2026-07-15T16:40:00.000,1.3,28.18,1.14,0.61
2026-07-15T16:50:00.000,2.66,82.88,0.33,2.64
2026-07-15T17:00:00.000,4.53,119.16,-2.21,3.95
2026-07-15T17:10:00.000,3.87,347.87,3.79,-0.81
2026-07-15T17:20:00.000,1.37,294.33,0.56,-1.25
2026-07-15T17:30:00.000,0.08,354.86,0.08,-0.01
2026-07-15T17:40:00.000,13.64,170.55,-13.46,2.24
2026-07-15T17:50:00.000,13.31,173.55,-13.23,1.49
2026-07-15T18:00:00.000,16.42,177.24,-16.4,0.79
2026-07-15T18:10:00.000,13.71,188.35,-13.57,-1.99
2026-07-15T18:20:00.000,13.04,199.72,-12.28,-4.4
2026-07-15T18:30:00.000,10.53,203.17,-9.68,-4.14
2026-07-15T18:40:00.000,14.76,210.18,-12.75,-7.42
2026-07-15T18:50:00.000,12.53,225.44,-8.79,-8.93
2026-07-15T19:00:00.000,5.52,260.15,-0.94,-5.44
2026-07-15T19:10:00.000,9.45,285.45,2.52,-9.11
2026-07-15T19:20:00.000,4.84,282.03,1.01,-4.74
2026-07-15T19:30:00.000,1.61,292.9,0.63,-1.49
2026-07-15T19:40:00.000,0.79,274.87,0.07,-0.78
2026-07-15T19:50:00.000,0.64,272.79,0.03,-0.63
2026-07-15T20:00:00.000,0.49,264.42,-0.05,-0.49
2026-07-15T20:10:00.000,2.53,174.37,-2.52,0.25
2026-07-15T20:20:00.000,7.32,152.37,-6.48,3.39
2026-07-15T20:30:00.000,10.77,147.6,-9.1,5.77
2026-07-15T20:40:00.000,10.75,174.27,-10.69,1.07
2026-07-15T20:50:00.000,5.12,205.57,-4.62,-2.21
2026-07-15T21:00:00.000,2.63,233.6,-1.56,-2.12
2026-07-15T21:10:00.000,0.75,270.21,0,-0.75
2026-07-15T21:20:00.000,3.19,332.21,2.82,-1.49
2026-07-15T21:30:00.000,7.56,357,7.55,-0.4
2026-07-15T21:40:00.000,4.96,13.5,4.82,1.16
2026-07-15T21:50:00.000,3.77,4.29,3.76,0.28
2026-07-15T22:00:00.000,2.51,5.43,2.5,0.24
2026-07-15T22:10:00.000,5.32,332.44,4.72,-2.46
2026-07-15T22:20:00.000,6.04,319.76,4.61,-3.9
2026-07-15T22:30:00.000,6.51,302.85,3.53,-5.47
2026-07-15T22:40:00.000,4.05,287.78,1.24,-3.86
2026-07-15T22:50:00.000,5.41,236.7,-2.97,-4.52
2026-07-15T23:00:00.000,4.76,221.44,-3.57,-3.15
2026-07-15T23:10:00.000,9.9,178.12,-9.89,0.32
2026-07-15T23:20:00.000,5.58,165.99,-5.41,1.35
2026-07-15T23:30:00.000,3.54,172.02,-3.51,0.49
2026-07-15T23:40:00.000,6.67,179.93,-6.67,0.01
2026-07-15T23:50:00.000,6.72,171,-6.64,1.05
2026-07-16T00:00:00.000,5.47,184.06,-5.45,-0.39
2026-07-16T00:10:00.000,7.55,176.4,-7.53,0.47
2026-07-16T00:20:00.000,8.3,174.48,-8.27,0.8
2026-07-16T00:30:00.000,9.66,148.92,-8.28,4.99
2026-07-16T00:40:00.000,15.15,153.02,-13.5,6.87
2026-07-16T00:50:00.000,15.57,161.72,-14.78,4.88
2026-07-16T01:00:00.000,15.55,205,-14.1,-6.57
2026-07-16T01:10:00.000,9.08,232.82,-5.49,-7.24
2026-07-16T01:20:00.000,1.14,297.96,0.54,-1.01
2026-07-16T01:30:00.000,5.91,71.36,1.89,5.6
2026-07-16T01:40:00.000,6.8,90.76,-0.09,6.8
2026-07-16T01:50:00.000,4.2,73.62,1.19,4.03
2026-07-16T02:00:00.000,8.39,52.56,5.1,6.66
2026-07-16T02:10:00.000,10.32,59.22,5.28,8.86
2026-07-16T02:20:00.000,17.48,58.78,9.06,14.95
2026-07-16T02:30:00.000,22.26,80.14,3.81,21.93
2026-07-16T02:40:00.000,9.24,101.33,-1.81,9.06
2026-07-16T02:50:00.000,2.75,65.8,1.13,2.5
2026-07-16T03:00:00.000,4.93,350.96,4.87,-0.77
2026-07-16T03:10:00.000,13.11,332.22,11.59,-6.11
2026-07-16T03:20:00.000,17.3,321.72,13.58,-10.72
2026-07-16T03:30:00.000,10.13,342.42,9.66,-3.06
2026-07-16T03:40:00.000,4.16,316.92,3.04,-2.84
2026-07-16T03:50:00.000,6.81,242.87,-3.1,-6.06
2026-07-16T04:00:00.000,15.51,235.19,-8.85,-12.73
2026-07-16T04:10:00.000,13.45,240.32,-6.66,-11.69
2026-07-16T04:20:00.000,9.95,232.54,-6.05,-7.9
2026-07-16T04:30:00.000,7.02,215.78,-5.7,-4.11
2026-07-16T04:40:00.000,6.01,205.24,-5.44,-2.56
2026-07-16T04:50:00.000,9.58,197.54,-9.13,-2.89
2026-07-16T05:00:00.000,13.83,196.55,-13.26,-3.94
2026-07-16T05:10:00.000,14.94,206.56,-13.36,-6.68
2026-07-16T05:20:00.000,9.94,194.61,-9.62,-2.51
2026-07-16T05:30:00.000,9.56,183.55,-9.54,-0.59
2026-07-16T05:40:00.000,11.33,155.21,-10.29,4.75
2026-07-16T05:50:00.000,10.83,150.01,-9.38,5.41
2026-07-16T06:00:00.000,9.61,149.46,-8.28,4.89
2026-07-16T06:10:00.000,6.42,154.66,-5.81,2.75
2026-07-16T06:20:00.000,7.09,241.62,-3.37,-6.23
2026-07-16T06:30:00.000,11.94,269.73,-0.06,-11.94
2026-07-16T06:40:00.000,13.02,273.48,0.79,-13
2026-07-16T06:50:00.000,11.14,251.27,-3.58,-10.55
2026-07-16T07:00:00.000,7.73,240.5,-3.81,-6.73
2026-07-16T07:10:00.000,4.59,211.7,-3.91,-2.41
2026-07-16T07:20:00.000,4.09,239.85,-2.06,-3.54
2026-07-16T07:30:00.000,6.43,265.68,-0.48,-6.41
2026-07-16T07:40:00.000,4.87,275.22,0.44,-4.85
2026-07-16T07:50:00.000,3.78,263.49,-0.43,-3.76
2026-07-16T08:00:00.000,3.97,246.57,-1.58,-3.64
2026-07-16T08:10:00.000,0.79,245.97,-0.32,-0.72
2026-07-16T08:20:00.000,0.63,240.34,-0.31,-0.54
2026-07-16T08:30:00.000,0.62,242.51,-0.28,-0.55
2026-07-16T08:40:00.000,0.58,205.62,-0.53,-0.25
2026-07-16T08:50:00.000,5.71,177.11,-5.7,0.29
2026-07-16T09:00:00.000,9.13,174.59,-9.09,0.86
2026-07-16T09:10:00.000,4.64,186.06,-4.61,-0.49
2026-07-16T09:20:00.000,1.81,251.79,-0.57,-1.72
2026-07-16T09:30:00.000,1.06,259.74,-0.19,-1.04
2026-07-16T09:40:00.000,0.98,278.42,0.14,-0.97
2026-07-16T09:50:00.000,0.29,311.73,0.2,-0.22
2026-07-16T10:00:00.000,3.31,96.93,-0.4,3.29
2026-07-16T10:10:00.000,6.23,113.2,-2.45,5.72
2026-07-16T10:20:00.000,0.3,228.99,-0.2,-0.23
2026-07-16T10:30:00.000,1.85,94.12,-0.13,1.85
2026-07-16T10:40:00.000,0.67,296.36,0.3,-0.6
2026-07-16T10:50:00.000,1.03,309.68,0.66,-0.79
2026-07-16T11:00:00.000,0.21,274.88,0.02,-0.21
2026-07-16T11:10:00.000,1.28,206.25,-1.15,-0.56
2026-07-16T11:20:00.000,7.26,197.22,-6.94,-2.15
2026-07-16T11:30:00.000,17.03,203.11,-15.66,-6.68
2026-07-16T11:40:00.000,18.64,201.86,-17.3,-6.94
2026-07-16T11:50:00.000,19.29,195.41,-18.6,-5.12
2026-07-16T12:00:00.000,20.92,187.43,-20.74,-2.71
2026-07-16T12:10:00.000,18.53,180.91,-18.53,-0.3
2026-07-16T12:20:00.000,14.22,171.82,-14.08,2.02
2026-07-16T12:30:00.000,3.36,181.64,-3.36,-0.1
2026-07-16T12:40:00.000,5.18,132.89,-3.53,3.8
2026-07-16T12:50:00.000,5.95,144.85,-4.87,3.43
2026-07-16T13:00:00.000,4.63,247,-1.81,-4.26
2026-07-16T13:10:00.000,0.72,357.79,0.71,-0.03
2026-07-16T13:20:00.000,5.76,5,5.74,0.5
2026-07-16T13:30:00.000,15.88,59.86,7.97,13.73
2026-07-16T13:40:00.000,12.1,60.91,5.89,10.58
2026-07-16T13:50:00.000,13.06,73.86,3.63,12.54
2026-07-16T14:00:00.000,8.59,50.91,5.42,6.67
2026-07-16T14:10:00.000,9.62,20.08,9.04,3.3
2026-07-16T14:20:00.000,11.67,31.31,9.97,6.07
2026-07-16T14:30:00.000,12.1,29.01,10.58,5.87
2026-07-16T14:40:00.000,10.05,31,8.62,5.18
2026-07-16T14:50:00.000,11.06,353.6,10.99,-1.23
2026-07-16T15:00:00.000,8.23,295.01,3.48,-7.46
2026-07-16T15:10:00.000,3.87,268.18,-0.12,-3.87
2026-07-16T15:20:00.000,0.8,207.5,-0.71,-0.37
2026-07-16T15:30:00.000,0.91,203.17,-0.84,-0.36
2026-07-16T15:40:00.000,1.69,271.33,0.04,-1.69
2026-07-16T15:50:00.000,4.65,320.63,3.59,-2.95
2026-07-16T16:00:00.000,11.82,298.08,5.56,-10.43
2026-07-16T16:10:00.000,5.72,286.11,1.59,-5.49
2026-07-16T16:20:00.000,3.29,216.61,-2.64,-1.96
2026-07-16T16:30:00.000,5.88,195.72,-5.66,-1.59
2026-07-16T16:40:00.000,5.53,181.81,-5.52,-0.17
2026-07-16T16:50:00.000,3.85,201.49,-3.58,-1.41
2026-07-16T17:00:00.000,3.35,205.67,-3.02,-1.45
2026-07-16T17:10:00.000,4.02,206.32,-3.6,-1.78
2026-07-16T17:20:00.000,4.61,235.87,-2.59,-3.82
2026-07-16T17:30:00.000,2.67,247.45,-1.03,-2.47
2026-07-16T17:40:00.000,3.24,276.18,0.35,-3.22
2026-07-16T17:50:00.000,1.48,220.32,-1.13,-0.96
2026-07-16T18:00:00.000,4.51,153.7,-4.04,2
2026-07-16T18:10:00.000,0.72,227.19,-0.49,-0.53
2026-07-16T18:20:00.000,3.22,181.04,-3.22,-0.06
2026-07-16T18:30:00.000,2.61,204.42,-2.37,-1.08
2026-07-16T18:40:00.000,8.42,228.65,-5.56,-6.32
2026-07-16T18:50:00.000,6.27,228.19,-4.18,-4.67
2026-07-16T19:00:00.000,5.53,216.71,-4.43,-3.3
2026-07-16T19:10:00.000,5.94,211.96,-5.04,-3.15
2026-07-16T19:20:00.000,5.84,219.64,-4.49,-3.72
2026-07-16T19:30:00.000,4.41,208.83,-3.86,-2.12
2026-07-16T19:40:00.000,3.19,197.19,-3.05,-0.94
2026-07-16T19:50:00.000,3.21,222.86,-2.35,-2.18
2026-07-16T20:00:00.000,3.8,243.48,-1.7,-3.4
2026-07-16T20:10:00.000,5.43,255.16,-1.39,-5.25
2026-07-16T20:20:00.000,5.38,242.48,-2.49,-4.78
2026-07-16T20:30:00.000,7.09,217.83,-5.6,-4.35
2026-07-16T20:40:00.000,7.6,199.58,-7.16,-2.55
2026-07-16T20:50:00.000,6.05,188.54,-5.98,-0.9
2026-07-16T21:00:00.000,5.36,192.18,-5.24,-1.13
2026-07-16T21:10:00.000,3.74,188.5,-3.7,-0.55
2026-07-16T21:20:00.000,5.04,157.44,-4.66,1.93
2026-07-16T21:30:00.000,4.63,162.91,-4.43,1.36
2026-07-16T21:40:00.000,0.63,252.86,-0.18,-0.6
2026-07-16T21:50:00.000,2.14,284.49,0.54,-2.07
2026-07-16T22:00:00.000,5.45,319.08,4.12,-3.57
2026-07-16T22:10:00.000,6.69,327.02,5.61,-3.64
2026-07-16T22:20:00.000,5.78,358.35,5.78,-0.17
2026-07-16T22:30:00.000,7.26,46.39,5.01,5.26
2026-07-16T22:40:00.000,6.39,46.64,4.39,4.65
2026-07-16T22:50:00.000,3.19,52.09,1.96,2.51
2026-07-16T23:00:00.000,2.52,323.26,2.02,-1.51
2026-07-16T23:10:00.000,3.05,327.93,2.59,-1.62
2026-07-16T23:20:00.000,5.49,309.96,3.52,-4.21
2026-07-16T23:30:00.000,7.92,296.11,3.49,-7.11
2026-07-16T23:40:00.000,4.08,297.04,1.86,-3.64
2026-07-16T23:50:00.000,1.08,270.54,0.01,-1.08
2026-07-17T00:00:00.000,1.07,211.97,-0.91,-0.57
2026-07-17T00:10:00.000,3.74,173.62,-3.71,0.41
2026-07-17T00:20:00.000,5.65,173.39,-5.61,0.65
2026-07-17T00:30:00.000,7.24,182.42,-7.23,-0.31
2026-07-17T00:40:00.000,8.48,189.54,-8.36,-1.4
2026-07-17T00:50:00.000,14.95,182.3,-14.94,-0.6
2026-07-17T01:00:00.000,16.62,179.5,-16.62,0.14
2026-07-17T01:10:00.000,19.15,186.31,-19.03,-2.1
2026-07-17T01:20:00.000,13.28,182.42,-13.27,-0.56
2026-07-17T01:30:00.000,16.46,166.85,-16.03,3.74
2026-07-17T01:40:00.000,25.48,175.65,-25.41,1.93
2026-07-17T01:50:00.000,19.2,193.25,-18.69,-4.4
2026-07-17T02:00:00.000,7.45,262.48,-0.97,-7.39
2026-07-17T02:10:00.000,6.43,30,5.57,3.22
2026-07-17T02:20:00.000,16.66,117.03,-7.57,14.84
2026-07-17T02:30:00.000,6.83,181.36,-6.83,-0.16
2026-07-17T02:40:00.000,2.45,47.81,1.65,1.82
2026-07-17T02:50:00.000,13.52,46.52,9.31,9.81
2026-07-17T03:00:00.000,29.94,59.27,15.3,25.74
2026-07-17T03:10:00.000,26.96,75.01,6.97,26.04
2026-07-17T03:20:00.000,12.28,84.09,1.26,12.22
2026-07-17T03:30:00.000,7.57,77.33,1.66,7.39
2026-07-17T03:40:00.000,13.17,329.2,11.32,-6.75
2026-07-17T03:50:00.000,24.41,322.95,19.48,-14.7
2026-07-17T04:00:00.000,10.52,34.21,8.7,5.91
2026-07-17T04:10:00.000,7.98,121.48,-4.17,6.81
2026-07-17T04:20:00.000,7.34,64.04,3.21,6.6
2026-07-17T04:30:00.000,9.99,355.6,9.96,-0.77
2026-07-17T04:40:00.000,13.58,228.46,-9.01,-10.17
2026-07-17T04:50:00.000,11.27,220.17,-8.61,-7.27
2026-07-17T05:00:00.000,13.57,193.57,-13.19,-3.18
2026-07-17T05:10:00.000,9.47,154.5,-8.55,4.08
2026-07-17T05:20:00.000,14.96,132.02,-10.01,11.11
2026-07-17T05:30:00.000,9.21,98.71,-1.39,9.1
2026-07-17T05:40:00.000,7.82,270.54,0.07,-7.82
2026-07-17T05:50:00.000,16.49,241.89,-7.77,-14.55
2026-07-17T06:00:00.000,6.83,234.21,-3.99,-5.54
2026-07-17T06:10:00.000,2.16,202.41,-1.99,-0.82
2026-07-17T06:20:00.000,5.83,168.12,-5.71,1.2
2026-07-17T06:30:00.000,7.83,186.16,-7.79,-0.84
2026-07-17T06:40:00.000,7.28,212.84,-6.12,-3.95
2026-07-17T06:50:00.000,3.21,225.91,-2.24,-2.31
2026-07-17T07:00:00.000,1.92,267.15,-0.1,-1.91
2026-07-17T07:10:00.000,3.71,213.34,-3.1,-2.04
2026-07-17T07:20:00.000,10.93,202.7,-10.08,-4.22
2026-07-17T07:30:00.000,13.43,215.68,-10.91,-7.83
2026-07-17T07:40:00.000,11,226.87,-7.52,-8.03
2026-07-17T07:50:00.000,8.1,255.63,-2.01,-7.85
2026-07-17T08:00:00.000,6.06,253.31,-1.74,-5.8
2026-07-17T08:10:00.000,6.75,231.39,-4.21,-5.28
2026-07-17T08:20:00.000,9.24,211.85,-7.85,-4.87
2026-07-17T08:30:00.000,6.88,234.86,-3.96,-5.63
2026-07-17T08:40:00.000,13.95,230.2,-8.93,-10.72
2026-07-17T08:50:00.000,6.97,232.77,-4.21,-5.55
2026-07-17T09:00:00.000,2.64,203.63,-2.42,-1.06
2026-07-17T09:10:00.000,3.44,155.22,-3.12,1.44
2026-07-17T09:20:00.000,2.9,177.78,-2.9,0.11
2026-07-17T09:30:00.000,1.02,232.01,-0.63,-0.8
2026-07-17T09:40:00.000,2.89,259.68,-0.52,-2.84
2026-07-17T09:50:00.000,2.52,277.3,0.32,-2.5
2026-07-17T10:00:00.000,0.71,188.27,-0.7,-0.1
2026-07-17T10:10:00.000,7.5,128.4,-4.66,5.88
2026-07-17T10:20:00.000,11.32,155.06,-10.26,4.77
2026-07-17T10:30:00.000,2.77,190.19,-2.73,-0.49
2026-07-17T10:40:00.000,0.93,254.27,-0.25,-0.89
2026-07-17T10:50:00.000,2.27,354.09,2.26,-0.23
2026-07-17T11:00:00.000,3.81,270.4,0.03,-3.81
2026-07-17T11:10:00.000,11.79,244.45,-5.09,-10.64
2026-07-17T11:20:00.000,7.96,234.61,-4.61,-6.49
2026-07-17T11:30:00.000,9.91,212.73,-8.33,-5.36
2026-07-17T11:40:00.000,7.28,185.76,-7.24,-0.73
2026-07-17T11:50:00.000,14.67,171.5,-14.5,2.17
2026-07-17T12:00:00.000,17.72,168.98,-17.39,3.39
2026-07-17T12:10:00.000,23.92,168.14,-23.41,4.92
2026-07-17T12:20:00.000,27.67,182.38,-27.65,-1.15
2026-07-17T12:30:00.000,22.41,184.84,-22.33,-1.89
2026-07-17T12:40:00.000,17.52,200.11,-16.45,-6.02
2026-07-17T12:50:00.000,3.58,204.3,-3.26,-1.47
2026-07-17T13:00:00.000,4.02,82.01,0.56,3.99
2026-07-17T13:10:00.000,6.42,149.58,-5.54,3.25
2026-07-17T13:20:00.000,6.14,187.99,-6.08,-0.85
2026-07-17T13:30:00.000,1.88,167.31,-1.83,0.41
2026-07-17T13:40:00.000,8.85,119.41,-4.35,7.71
2026-07-17T13:50:00.000,18.84,109.42,-6.26,17.77
2026-07-17T14:00:00.000,3.96,162.32,-3.77,1.2
2026-07-17T14:10:00.000,1.16,199.07,-1.09,-0.38
2026-07-17T14:20:00.000,10.69,302,5.66,-9.06
2026-07-17T14:30:00.000,19.14,356.36,19.11,-1.22
2026-07-17T14:40:00.000,17.07,0.24,17.07,0.07
2026-07-17T14:50:00.000,11.03,39.92,8.46,7.08
2026-07-17T15:00:00.000,14.35,343.7,13.77,-4.03
2026-07-17T15:10:00.000,7.2,331.28,6.32,-3.46
2026-07-17T15:20:00.000,1.22,276.28,0.13,-1.21
2026-07-17T15:30:00.000,3.24,174.58,-3.23,0.31
2026-07-17T15:40:00.000,9.34,265.92,-0.67,-9.32
2026-07-17T15:50:00.000,9.1,244.88,-3.87,-8.24
2026-07-17T16:00:00.000,14.74,287.85,4.52,-14.03
2026-07-17T16:10:00.000,3.19,347.01,3.11,-0.72
2026-07-17T16:20:00.000,6.35,143.52,-5.1,3.77
2026-07-17T16:30:00.000,10.52,176.65,-10.5,0.61
2026-07-17T16:40:00.000,7.91,217.43,-6.28,-4.81
2026-07-17T16:50:00.000,10.73,217.66,-8.49,-6.55
2026-07-17T17:00:00.000,3.03,322.13,2.39,-1.86
2026-07-17T17:10:00.000,4.16,64.39,1.8,3.75
2026-07-17T17:20:00.000,14.18,107.84,-4.34,13.5
2026-07-17T17:30:00.000,22.89,75.8,5.61,22.19
2026-07-17T17:40:00.000,11.4,61.68,5.41,10.03
2026-07-17T17:50:00.000,10.3,36.57,8.27,6.14
2026-07-17T18:00:00.000,10.83,275.35,1.01,-10.79
2026-07-17T18:10:00.000,5.02,300.11,2.52,-4.34
2026-07-17T18:20:00.000,2.73,316.42,1.98,-1.88
2026-07-17T18:30:00.000,0.35,183.93,-0.35,-0.02
2026-07-17T18:40:00.000,4.67,132.95,-3.18,3.42
2026-07-17T18:50:00.000,3.99,149.64,-3.44,2.02
2026-07-17T19:00:00.000,3.15,168.51,-3.09,0.63
2026-07-17T19:10:00.000,3.29,202.85,-3.03,-1.28
2026-07-17T19:20:00.000,3.55,198.27,-3.37,-1.11
2026-07-17T19:30:00.000,2.74,247.54,-1.05,-2.53
2026-07-17T19:40:00.000,6.98,275.81,0.71,-6.95
2026-07-17T19:50:00.000,8.05,265.41,-0.64,-8.02
2026-07-17T20:00:00.000,6.2,243.31,-2.79,-5.54
2026-07-17T20:10:00.000,4.9,233.62,-2.91,-3.95
2026-07-17T20:20:00.000,5.24,244.2,-2.28,-4.72
2026-07-17T20:30:00.000,4.93,252.61,-1.47,-4.7
2026-07-17T20:40:00.000,7.05,220.64,-5.35,-4.59
2026-07-17T20:50:00.000,6.46,229.86,-4.17,-4.94
2026-07-17T21:00:00.000,4.61,231.66,-2.86,-3.62
2026-07-17T21:10:00.000,3.59,210.86,-3.08,-1.84
2026-07-17T21:20:00.000,4.92,181.26,-4.92,-0.11
2026-07-17T21:30:00.000,5.4,156.84,-4.96,2.12
2026-07-17T21:40:00.000,1.36,145.47,-1.12,0.77
2026-07-17T21:50:00.000,3.42,311.61,2.27,-2.55
2026-07-17T22:00:00.000,2.93,310.19,1.89,-2.24
2026-07-17T22:10:00.000,4.03,261.92,-0.57,-3.99
2026-07-17T22:20:00.000,1.07,246.09,-0.43,-0.97
2026-07-17T22:30:00.000,4.22,271.07,0.08,-4.22
2026-07-17T22:40:00.000,1,247,-0.39,-0.92
2026-07-17T22:50:00.000,0.54,184.79,-0.54,-0.05
2026-07-17T23:00:00.000,4.13,118.41,-1.96,3.63
2026-07-17T23:10:00.000,8.91,143.81,-7.19,5.26
2026-07-17T23:20:00.000,12.69,154.96,-11.49,5.37
2026-07-17T23:30:00.000,12,196.14,-11.53,-3.34
2026-07-17T23:40:00.000,9.85,215.49,-8.02,-5.72
2026-07-17T23:50:00.000,12.71,209.52,-11.06,-6.26
2026-07-18T00:00:00.000,8.68,161.77,-8.24,2.71
2026-07-18T00:10:00.000,9.2,133.72,-6.36,6.65
2026-07-18T00:20:00.000,5.6,171.13,-5.54,0.86
2026-07-18T00:30:00.000,4.07,190.82,-4,-0.76
2026-07-18T00:40:00.000,1.42,179.95,-1.42,0
2026-07-18T00:50:00.000,6.05,160.6,-5.71,2.01
2026-07-18T01:00:00.000,1.97,147.32,-1.66,1.06
2026-07-18T01:10:00.000,12.05,66.77,4.75,11.07
2026-07-18T01:20:00.000,9.46,70.79,3.11,8.94
2026-07-18T01:30:00.000,10.52,74.02,2.9,10.12
2026-07-18T01:40:00.000,3.59,136.39,-2.6,2.47
2026-07-18T01:50:00.000,3.02,211.46,-2.57,-1.57
2026-07-18T02:00:00.000,3.46,252.18,-1.06,-3.29
2026-07-18T02:10:00.000,1.82,226.4,-1.25,-1.31
2026-07-18T02:20:00.000,4.02,315.32,2.86,-2.82
2026-07-18T02:30:00.000,7.15,353.38,7.1,-0.82
2026-07-18T02:40:00.000,5.13,350.75,5.06,-0.83
2026-07-18T02:50:00.000,6.16,1.78,6.15,0.19
2026-07-18T03:00:00.000,5.74,208.01,-5.06,-2.69
2026-07-18T03:10:00.000,10.38,348.3,10.16,-2.1
2026-07-18T03:20:00.000,0.72,264.77,-0.07,-0.71
2026-07-18T03:30:00.000,2.78,233.09,-1.67,-2.22
2026-07-18T03:40:00.000,9.56,208.94,-8.37,-4.63
2026-07-18T03:50:00.000,2.24,248.96,-0.8,-2.09
2026-07-18T04:00:00.000,1.88,339,1.75,-0.67
2026-07-18T04:10:00.000,5,336.54,4.59,-1.99
2026-07-18T04:20:00.000,3.92,353.58,3.89,-0.44
2026-07-18T04:30:00.000,5.32,17.99,5.06,1.64
2026-07-18T04:40:00.000,2.63,72.4,0.79,2.5
2026-07-18T04:50:00.000,3.24,34.95,2.66,1.86
2026-07-18T05:00:00.000,2.57,346.4,2.5,-0.6
2026-07-18T05:10:00.000,0.79,207.73,-0.7,-0.37
2026-07-18T05:20:00.000,0.87,180.11,-0.87,0
2026-07-18T05:30:00.000,6.24,83.49,0.71,6.2
2026-07-18T05:40:00.000,13.4,78.06,2.77,13.11
2026-07-18T05:50:00.000,9.17,59.71,4.63,7.92
2026-07-18T06:00:00.000,11.66,16.71,11.17,3.35
2026-07-18T06:10:00.000,6.15,19.54,5.8,2.06
2026-07-18T06:20:00.000,0.24,131.64,-0.16,0.18
2026-07-18T06:30:00.000,5.31,355.51,5.29,-0.42
2026-07-18T06:40:00.000,3.21,359.45,3.21,-0.03
2026-07-18T06:50:00.000,5.21,292.02,1.95,-4.83
2026-07-18T07:00:00.000,8.02,291.12,2.89,-7.48
2026-07-18T07:10:00.000,4.45,334.56,4.02,-1.91
2026-07-18T07:20:00.000,7.34,269.44,-0.07,-7.34
2026-07-18T07:30:00.000,6.67,241.08,-3.23,-5.84
2026-07-18T07:40:00.000,7.51,214.87,-6.16,-4.29
2026-07-18T07:50:00.000,7.69,194.82,-7.43,-1.97
2026-07-18T08:00:00.000,4.59,199.32,-4.34,-1.52
2026-07-18T08:10:00.000,7.22,208.45,-6.35,-3.44
2026-07-18T08:20:00.000,5.72,203.95,-5.23,-2.32
2026-07-18T08:30:00.000,2.54,195.8,-2.45,-0.69
2026-07-18T08:40:00.000,1.67,161.92,-1.58,0.52
2026-07-18T08:50:00.000,0.91,211.4,-0.78,-0.48
2026-07-18T09:00:00.000,1.05,156.34,-0.96,0.42
2026-07-18T09:10:00.000,4.25,100.87,-0.8,4.17
2026-07-18T09:20:00.000,3.7,79.15,0.7,3.63
2026-07-18T09:30:00.000,1.18,59.05,0.61,1.01
2026-07-18T09:40:00.000,0.4,10.45,0.39,0.07
2026-07-18T09:50:00.000,0.21,274.94,0.02,-0.2
2026-07-18T10:00:00.000,2.61,338.3,2.42,-0.96
2026-07-18T10:10:00.000,1.28,296.55,0.57,-1.14
2026-07-18T10:20:00.000,3.48,337.54,3.22,-1.33
2026-07-18T10:30:00.000,3.63,310.98,2.38,-2.74
2026-07-18T10:40:00.000,3.89,283.96,0.94,-3.78
2026-07-18T10:50:00.000,5.42,261.43,-0.81,-5.36
2026-07-18T11:00:00.000,3.76,235.64,-2.12,-3.1
2026-07-18T11:10:00.000,5.67,180.35,-5.67,-0.04
2026-07-18T11:20:00.000,10.62,186.3,-10.56,-1.17
2026-07-18T11:30:00.000,12.67,197.78,-12.06,-3.87
2026-07-18T11:40:00.000,11.31,177.6,-11.3,0.47
2026-07-18T11:50:00.000,11.56,180.64,-11.56,-0.13
2026-07-18T12:00:00.000,12.14,157.1,-11.18,4.72
2026-07-18T12:10:00.000,10.87,147,-9.12,5.92
2026-07-18T12:20:00.000,10.44,146.59,-8.72,5.75
2026-07-18T12:30:00.000,5.52,125.65,-3.22,4.48
2026-07-18T12:40:00.000,5.23,115.74,-2.27,4.71
2026-07-18T12:50:00.000,5.36,48.62,3.55,4.02
2026-07-18T13:00:00.000,11,64.2,4.79,9.9
2026-07-18T13:10:00.000,12.78,73.07,3.72,12.23
2026-07-18T13:20:00.000,16.04,99.88,-2.75,15.8
2026-07-18T13:30:00.000,9.57,120.29,-4.83,8.26
2026-07-18T13:40:00.000,6.43,137.26,-4.72,4.37
2026-07-18T13:50:00.000,12.01,178.77,-12,0.26
2026-07-18T14:00:00.000,6.97,229.11,-4.56,-5.27
2026-07-18T14:10:00.000,14.41,303.52,7.96,-12.02
2026-07-18T14:20:00.000,22.03,277.57,2.9,-21.84
2026-07-18T14:30:00.000,9.26,286.05,2.56,-8.9
2026-07-18T14:40:00.000,6.82,272.63,0.31,-6.81
2026-07-18T14:50:00.000,3.61,7.46,3.58,0.47
2026-07-18T15:00:00.000,1.67,32.74,1.4,0.9
2026-07-18T15:10:00.000,0.51,200.72,-0.48,-0.18
2026-07-18T15:20:00.000,3.01,324.27,2.44,-1.76
2026-07-18T15:30:00.000,2.6,309.95,1.67,-2
2026-07-18T15:40:00.000,8.15,319.99,6.24,-5.24
2026-07-18T15:50:00.000,8.59,357.97,8.59,-0.3
2026-07-18T16:00:00.000,8.92,7.99,8.83,1.24
2026-07-18T16:10:00.000,3.88,343.17,3.72,-1.12
2026-07-18T16:20:00.000,1.93,314.31,1.35,-1.38
2026-07-18T16:30:00.000,2.83,293.32,1.12,-2.6
2026-07-18T16:40:00.000,3.58,257.75,-0.76,-3.49
2026-07-18T16:50:00.000,1.57,171.95,-1.55,0.22
2026-07-18T17:00:00.000,5.67,119.86,-2.83,4.92
2026-07-18T17:10:00.000,10.87,132.41,-7.33,8.03
2026-07-18T17:20:00.000,5.26,99.45,-0.86,5.19
2026-07-18T17:30:00.000,5.37,59.48,2.73,4.63
2026-07-18T17:40:00.000,0.23,222.98,-0.17,-0.16
2026-07-18T17:50:00.000,4.64,305.63,2.71,-3.77
2026-07-18T18:00:00.000,8.2,284.53,2.06,-7.94
2026-07-18T18:10:00.000,6.12,270.58,0.06,-6.12
2026-07-18T18:20:00.000,1.09,242.7,-0.5,-0.97
2026-07-18T18:30:00.000,1.38,162.45,-1.31,0.41
2026-07-18T18:40:00.000,3.43,146.65,-2.87,1.89
2026-07-18T18:50:00.000,3.48,220.84,-2.63,-2.27
2026-07-18T19:00:00.000,6.44,236.55,-3.55,-5.38
2026-07-18T19:10:00.000,5.12,207.29,-4.55,-2.35
2026-07-18T19:20:00.000,3.43,148.22,-2.92,1.81
2026-07-18T19:30:00.000,0.33,214.78,-0.27,-0.19
2026-07-18T19:40:00.000,2.1,359.67,2.1,-0.01
2026-07-18T19:50:00.000,3.22,14.94,3.11,0.83
2026-07-18T20:00:00.000,1.87,35.79,1.52,1.1
2026-07-18T20:10:00.000,4.37,22.04,4.05,1.64
2026-07-18T20:20:00.000,3.84,7.14,3.81,0.48
2026-07-18T20:30:00.000,4.18,359.55,4.18,-0.03
2026-07-18T20:40:00.000,0.24,96.88,-0.03,0.24
2026-07-18T20:50:00.000,1.49,181.07,-1.49,-0.03
2026-07-18T21:00:00.000,3.93,195.16,-3.8,-1.03
2026-07-18T21:10:00.000,3.11,263.72,-0.34,-3.1
2026-07-18T21:20:00.000,2.04,273.37,0.12,-2.04
2026-07-18T21:30:00.000,3.02,309.39,1.91,-2.33
2026-07-18T21:40:00.000,3.11,319.95,2.38,-2
2026-07-18T21:50:00.000,3.22,309.62,2.05,-2.48
2026-07-18T22:00:00.000,3.4,288.42,1.07,-3.23
2026-07-18T22:10:00.000,4.74,293.07,1.86,-4.36
2026-07-18T22:20:00.000,5.38,301.61,2.82,-4.58
2026-07-18T22:30:00.000,8.32,280.86,1.57,-8.17
2026-07-18T22:40:00.000,6.24,245.25,-2.61,-5.67
2026-07-18T22:50:00.000,5.38,208.07,-4.75,-2.53
2026-07-18T23:00:00.000,7.05,191.8,-6.9,-1.44
2026-07-18T23:10:00.000,6.68,198.95,-6.32,-2.17
2026-07-18T23:20:00.000,7.27,204.44,-6.62,-3.01
2026-07-18T23:30:00.000,9.61,192.28,-9.39,-2.04
2026-07-18T23:40:00.000,14.33,180.45,-14.33,-0.11
2026-07-18T23:50:00.000,13.49,179.08,-13.49,0.22
2026-07-19T00:00:00.000,11.94,177.23,-11.92,0.58
2026-07-19T00:10:00.000,12.26,196.92,-11.73,-3.57
2026-07-19T00:20:00.000,7.2,197.64,-6.86,-2.18
2026-07-19T00:30:00.000,12.73,177.72,-12.72,0.51
2026-07-19T00:40:00.000,10.44,163.67,-10.02,2.94
2026-07-19T00:50:00.000,9.34,175.5,-9.31,0.73
2026-07-19T01:00:00.000,11.3,176.07,-11.27,0.77
2026-07-19T01:10:00.000,15,185.52,-14.93,-1.44
2026-07-19T01:20:00.000,12.14,190.08,-11.95,-2.12
2026-07-19T01:30:00.000,14.16,193.08,-13.79,-3.2
2026-07-19T01:40:00.000,12.74,176.94,-12.72,0.68
2026-07-19T01:50:00.000,10.22,201.82,-9.48,-3.8
2026-07-19T02:00:00.000,7.24,213.28,-6.06,-3.97
2026-07-19T02:10:00.000,1.58,200.3,-1.48,-0.55
2026-07-19T02:20:00.000,6.34,150.69,-5.52,3.1
2026-07-19T02:30:00.000,5.2,147.98,-4.41,2.76
2026-07-19T02:40:00.000,0.65,175.36,-0.64,0.05
2026-07-19T02:50:00.000,1.98,240.54,-0.97,-1.72
2026-07-19T03:00:00.000,0.86,235.3,-0.49,-0.71
2026-07-19T03:10:00.000,2.91,324.67,2.37,-1.68
2026-07-19T03:20:00.000,5.52,340.97,5.22,-1.8
2026-07-19T03:30:00.000,5.89,325.26,4.84,-3.36
2026-07-19T03:40:00.000,6.6,327.99,5.6,-3.5
2026-07-19T03:50:00.000,16.88,298.17,7.97,-14.88
2026-07-19T04:00:00.000,17.52,305.4,10.15,-14.28
2026-07-19T04:10:00.000,18.26,304.28,10.29,-15.09
2026-07-19T04:20:00.000,18.07,306.59,10.77,-14.51
2026-07-19T04:30:00.000,18.33,309.23,11.59,-14.2
2026-07-19T04:40:00.000,17.82,311.06,11.7,-13.43
2026-07-19T04:50:00.000,15.8,313.98,10.97,-11.37
2026-07-19T05:00:00.000,4.57,28.98,4,2.21
2026-07-19T05:10:00.000,3.79,47.3,2.57,2.78
2026-07-19T05:20:00.000,3.73,39.52,2.88,2.37
2026-07-19T05:30:00.000,6.08,42.91,4.45,4.14
2026-07-19T05:40:00.000,5.61,76.02,1.36,5.45
2026-07-19T05:50:00.000,4.45,123.36,-2.45,3.72
2026-07-19T06:00:00.000,3.83,119.96,-1.91,3.32
2026-07-19T06:10:00.000,6.39,141.2,-4.98,4.01
2026-07-19T06:20:00.000,6.92,133.85,-4.79,4.99
2026-07-19T06:30:00.000,5.64,350.31,5.56,-0.95
2026-07-19T06:40:00.000,5.75,320.4,4.43,-3.66
2026-07-19T06:50:00.000,12.78,358.67,12.78,-0.3
2026-07-19T07:00:00.000,7.84,30.4,6.76,3.97
2026-07-19T07:10:00.000,3.37,41.11,2.54,2.22
2026-07-19T07:20:00.000,3.02,66.69,1.2,2.78
2026-07-19T07:30:00.000,0.24,131.26,-0.16,0.18
2026-07-19T07:40:00.000,0.06,144.44,-0.05,0.04
2026-07-19T07:50:00.000,2.2,25.52,1.99,0.95
2026-07-19T08:00:00.000,16.61,42.82,12.18,11.29
2026-07-19T08:10:00.000,16.08,53.87,9.48,12.99
2026-07-19T08:20:00.000,10.9,66.69,4.31,10.01
2026-07-19T08:30:00.000,0.48,236.33,-0.27,-0.4
2026-07-19T08:40:00.000,4.14,236.38,-2.29,-3.44
2026-07-19T08:50:00.000,10.27,239.39,-5.23,-8.84
2026-07-19T09:00:00.000,4.88,278.72,0.74,-4.82
2026-07-19T09:10:00.000,4.32,316.37,3.13,-2.98
2026-07-19T09:20:00.000,1.54,321.66,1.21,-0.96
2026-07-19T09:30:00.000,7.65,284.2,1.88,-7.42
2026-07-19T09:40:00.000,5.46,262.35,-0.73,-5.41
2026-07-19T09:50:00.000,0.71,262.05,-0.1,-0.7
2026-07-19T10:00:00.000,1.22,255.28,-0.31,-1.18
2026-07-19T10:10:00.000,1.43,235.08,-0.82,-1.17
2026-07-19T10:20:00.000,0.94,240.6,-0.46,-0.82
2026-07-19T10:30:00.000,2.72,265.3,-0.22,-2.71
2026-07-19T10:40:00.000,3.65,284.2,0.9,-3.54
2026-07-19T10:50:00.000,5.07,254.29,-1.37,-4.88
2026-07-19T11:00:00.000,4.77,244.51,-2.05,-4.31
2026-07-19T11:10:00.000,5.61,238.19,-2.96,-4.76
2026-07-19T11:20:00.000,4.75,220.85,-3.6,-3.11
2026-07-19T11:30:00.000,9.86,195.5,-9.5,-2.64
2026-07-19T11:40:00.000,11.1,195.44,-10.7,-2.96
2026-07-19T11:50:00.000,11.05,173.01,-10.96,1.34
2026-07-19T12:00:00.000,13.54,178.95,-13.54,0.25
2026-07-19T12:10:00.000,13.57,183.55,-13.55,-0.84
2026-07-19T12:20:00.000,13.63,203.76,-12.48,-5.49
2026-07-19T12:30:00.000,10.94,212.39,-9.24,-5.86
2026-07-19T12:40:00.000,4.33,203.55,-3.97,-1.73
2026-07-19T12:50:00.000,5.83,146.97,-4.88,3.18
2026-07-19T13:00:00.000,9.35,141.51,-7.32,5.82
2026-07-19T13:10:00.000,8.45,154.71,-7.64,3.61
2026-07-19T13:20:00.000,6.05,137.77,-4.48,4.07
2026-07-19T13:30:00.000,4.77,146.81,-3.99,2.61
2026-07-19T13:40:00.000,3.94,128.86,-2.47,3.07
2026-07-19T13:50:00.000,9.49,104.13,-2.32,9.2
2026-07-19T14:00:00.000,9.93,94.51,-0.78,9.9
2026-07-19T14:10:00.000,6.12,133.73,-4.23,4.42
2026-07-19T14:20:00.000,3.41,253.6,-0.96,-3.27
2026-07-19T14:30:00.000,2.89,296.88,1.31,-2.58
2026-07-19T14:40:00.000,2.61,29.91,2.26,1.3
2026-07-19T14:50:00.000,7.02,34.72,5.77,4
2026-07-19T15:00:00.000,13.13,38.38,10.29,8.15
2026-07-19T15:10:00.000,14,36.6,11.24,8.35
2026-07-19T15:20:00.000,19.77,15.42,19.06,5.25
2026-07-19T15:30:00.000,17.06,11.07,16.74,3.27
2026-07-19T15:40:00.000,18.97,18.4,18,5.99
2026-07-19T15:50:00.000,16.39,9.68,16.16,2.76
2026-07-19T16:00:00.000,10.06,4.76,10.03,0.84
2026-07-19T16:10:00.000,11.83,8.16,11.72,1.68
2026-07-19T16:20:00.000,4.85,1.61,4.85,0.14
2026-07-19T16:30:00.000,1.07,327.91,0.9,-0.57
2026-07-19T16:40:00.000,2.25,322.23,1.78,-1.38
2026-07-19T16:50:00.000,1.19,293.91,0.48,-1.09
2026-07-19T17:00:00.000,3.86,340.07,3.63,-1.32
2026-07-19T17:10:00.000,4.11,6.16,4.08,0.44
2026-07-19T17:20:00.000,3.4,5.74,3.38,0.34
2026-07-19T17:30:00.000,5.15,21.09,4.8,1.85
2026-07-19T17:40:00.000,9.98,31.36,8.52,5.19
2026-07-19T17:50:00.000,5.4,36.28,4.35,3.19
2026-07-19T18:00:00.000,4.12,45.05,2.91,2.92
2026-07-19T18:10:00.000,0.81,52.64,0.49,0.64
2026-07-19T18:20:00.000,0.73,216.32,-0.58,-0.43
2026-07-19T18:30:00.000,3.73,226.1,-2.59,-2.69
2026-07-19T18:40:00.000,3.96,223.1,-2.89,-2.7
2026-07-19T18:50:00.000,3.41,212.45,-2.88,-1.83
2026-07-19T19:00:00.000,5,205.35,-4.52,-2.14
2026-07-19T19:10:00.000,5.56,209.88,-4.82,-2.77
2026-07-19T19:20:00.000,6.28,226.18,-4.35,-4.53
2026-07-19T19:30:00.000,6.29,226.53,-4.33,-4.56
2026-07-19T19:40:00.000,5.69,233.44,-3.39,-4.57
2026-07-19T19:50:00.000,2.89,199.79,-2.72,-0.98
2026-07-19T20:00:00.000,4.65,204.73,-4.23,-1.95
2026-07-19T20:10:00.000,6.46,158.03,-5.99,2.42
2026-07-19T20:20:00.000,5.76,165.43,-5.58,1.45
2026-07-19T20:30:00.000,3.15,176.51,-3.14,0.19
2026-07-19T20:40:00.000,1.35,200.86,-1.26,-0.48
2026-07-19T20:50:00.000,0.98,217.25,-0.78,-0.59
2026-07-19T21:00:00.000,0.81,234.95,-0.46,-0.66
2026-07-19T21:10:00.000,0.91,239.74,-0.46,-0.78
2026-07-19T21:20:00.000,2.51,253.91,-0.7,-2.41
2026-07-19T21:30:00.000,4.29,278.9,0.66,-4.24
2026-07-19T21:40:00.000,3.26,281.11,0.63,-3.2
2026-07-19T21:50:00.000,1.01,261.9,-0.14,-1
2026-07-19T22:00:00.000,0.53,219.52,-0.41,-0.34
2026-07-19T22:10:00.000,0.58,195.8,-0.56,-0.16
2026-07-19T22:20:00.000,0.67,242.7,-0.31,-0.6
2026-07-19T22:30:00.000,5.62,234.73,-3.25,-4.59
2026-07-19T22:40:00.000,1.63,228.79,-1.07,-1.22
2026-07-19T22:50:00.000,1.78,266.95,-0.09,-1.77
2026-07-19T23:00:00.000,1.14,250.45,-0.38,-1.07
2026-07-19T23:10:00.000,0.98,230.32,-0.62,-0.75
2026-07-19T23:20:00.000,7.06,246.16,-2.86,-6.46
2026-07-19T23:30:00.000,7.93,237.97,-4.21,-6.72
2026-07-19T23:40:00.000,6.87,240.57,-3.38,-5.99
2026-07-19T23:50:00.000,5.34,247.73,-2.02,-4.94
2026-07-20T00:00:00.000,3.24,238.12,-1.71,-2.75
2026-07-20T00:10:00.000,4.06,170.3,-4,0.68
2026-07-20T00:20:00.000,6.12,148.93,-5.24,3.16
2026-07-20T00:30:00.000,6.08,145.03,-4.98,3.48
2026-07-20T00:40:00.000,5.98,166.92,-5.82,1.35
2026-07-20T00:50:00.000,6.85,189.53,-6.76,-1.13
2026-07-20T01:00:00.000,6.74,194.71,-6.52,-1.71
2026-07-20T01:10:00.000,8.15,167.97,-7.97,1.7
2026-07-20T01:20:00.000,13.41,161.12,-12.69,4.34
2026-07-20T01:30:00.000,16.65,158.17,-15.46,6.19
2026-07-20T01:40:00.000,15.01,163.55,-14.4,4.25
2026-07-20T01:50:00.000,5.12,150.35,-4.45,2.53
2026-07-20T02:00:00.000,5.12,140.49,-3.95,3.26
2026-07-20T02:10:00.000,6.19,132.99,-4.22,4.53
2026-07-20T02:20:00.000,2.02,165.14,-1.95,0.52
2026-07-20T02:30:00.000,2.6,327.04,2.18,-1.42
2026-07-20T02:40:00.000,11.64,72.95,3.41,11.13
2026-07-20T02:50:00.000,13.02,109.2,-4.28,12.3
2026-07-20T03:00:00.000,8.42,106.88,-2.44,8.05
2026-07-20T03:10:00.000,4.47,2.18,4.47,0.17
2026-07-20T03:20:00.000,9.81,9.12,9.68,1.55
2026-07-20T03:30:00.000,14.89,49.74,9.62,11.36
2026-07-20T03:40:00.000,11.79,59.85,5.92,10.2
2026-07-20T03:50:00.000,9.88,359.15,9.88,-0.15
2026-07-20T04:00:00.000,10.64,330.84,9.29,-5.19
2026-07-20T04:10:00.000,14.24,341.95,13.54,-4.41
2026-07-20T04:20:00.000,9.46,52.54,5.75,7.51
2026-07-20T04:30:00.000,8.02,32.59,6.75,4.32
2026-07-20T04:40:00.000,5.72,357.73,5.72,-0.23
2026-07-20T04:50:00.000,2.18,275.6,0.21,-2.17
2026-07-20T05:00:00.000,2.85,355.69,2.84,-0.21
2026-07-20T05:10:00.000,7.59,4.44,7.57,0.59
2026-07-20T05:20:00.000,13.44,17.99,12.79,4.15
2026-07-20T05:30:00.000,14.2,11.15,13.93,2.75
2026-07-20T05:40:00.000,11.67,358.61,11.66,-0.28
2026-07-20T05:50:00.000,9.92,321.64,7.77,-6.15
2026-07-20T06:00:00.000,3.68,331.53,3.24,-1.76
2026-07-20T06:10:00.000,1.47,332.45,1.3,-0.68
2026-07-20T06:20:00.000,0.5,34.61,0.42,0.29
2026-07-20T06:30:00.000,0.66,219.67,-0.51,-0.42
2026-07-20T06:40:00.000,1.1,211.27,-0.94,-0.57
2026-07-20T06:50:00.000,4.19,189.78,-4.13,-0.71
2026-07-20T07:00:00.000,3.36,223,-2.46,-2.29
2026-07-20T07:10:00.000,6.36,175.17,-6.33,0.53
2026-07-20T07:20:00.000,9.25,186.63,-9.19,-1.07
2026-07-20T07:30:00.000,7.9,212.58,-6.66,-4.26
2026-07-20T07:40:00.000,8.04,207.77,-7.12,-3.75
2026-07-20T07:50:00.000,9.76,197.92,-9.29,-3
2026-07-20T08:00:00.000,6.57,200.76,-6.15,-2.33
2026-07-20T08:10:00.000,3.48,211.46,-2.97,-1.82
2026-07-20T08:20:00.000,2.58,222.5,-1.9,-1.74
2026-07-20T08:30:00.000,2.41,239.81,-1.21,-2.09
2026-07-20T08:40:00.000,2.64,195.4,-2.54,-0.7
2026-07-20T08:50:00.000,5.06,175.2,-5.04,0.42
2026-07-20T09:00:00.000,4.86,136.2,-3.51,3.36
2026-07-20T09:10:00.000,3.04,172.94,-3.02,0.37
2026-07-20T09:20:00.000,4.99,203.15,-4.59,-1.96
2026-07-20T09:30:00.000,4.46,207.15,-3.97,-2.04
2026-07-20T09:40:00.000,4.6,187.69,-4.56,-0.62
2026-07-20T09:50:00.000,3.59,207.92,-3.17,-1.68
2026-07-20T10:00:00.000,3.82,234.42,-2.23,-3.11
2026-07-20T10:10:00.000,4.97,228.12,-3.32,-3.7
2026-07-20T10:20:00.000,3.76,200.79,-3.51,-1.33
2026-07-20T10:30:00.000,4.15,182.63,-4.14,-0.19
2026-07-20T10:40:00.000,3.76,182.14,-3.75,-0.14
2026-07-20T10:50:00.000,2.26,191.04,-2.22,-0.43
2026-07-20T11:00:00.000,1.03,217.3,-0.82,-0.63
2026-07-20T11:10:00.000,3.8,201.98,-3.53,-1.42
2026-07-20T11:20:00.000,3.95,204.24,-3.61,-1.62
2026-07-20T11:30:00.000,5.86,200.69,-5.48,-2.07
2026-07-20T11:40:00.000,4.58,208.99,-4.01,-2.22
2026-07-20T11:50:00.000,4.86,222.55,-3.58,-3.29
2026-07-20T12:00:00.000,5.71,228.61,-3.77,-4.28
2026-07-20T12:10:00.000,5.93,247.38,-2.28,-5.47
2026-07-20T12:20:00.000,4.99,245.28,-2.09,-4.53
2026-07-20T12:30:00.000,4.89,266.76,-0.28,-4.88
2026-07-20T12:40:00.000,0.94,277.45,0.12,-0.94
2026-07-20T12:50:00.000,0.48,305.28,0.28,-0.39
2026-07-20T13:00:00.000,1.91,4.4,1.9,0.15
2026-07-20T13:10:00.000,3.05,348.5,2.98,-0.61
2026-07-20T13:20:00.000,4.23,5.41,4.21,0.4
2026-07-20T13:30:00.000,3.63,28.44,3.19,1.73
2026-07-20T13:40:00.000,3.37,22.91,3.11,1.31
2026-07-20T13:50:00.000,2.24,34.64,1.84,1.27
2026-07-20T14:00:00.000,0.44,298.13,0.21,-0.39
2026-07-20T14:10:00.000,0.68,264.49,-0.06,-0.67
2026-07-20T14:20:00.000,2.36,218.88,-1.84,-1.48
2026-07-20T14:30:00.000,6.33,201.44,-5.9,-2.32
2026-07-20T14:40:00.000,11.18,191.7,-10.94,-2.27
2026-07-20T14:50:00.000,8.33,189.67,-8.21,-1.4
2026-07-20T15:00:00.000,9.17,184.61,-9.14,-0.74
2026-07-20T15:10:00.000,12.79,183.86,-12.76,-0.86
2026-07-20T15:20:00.000,17.6,182.12,-17.59,-0.65
2026-07-20T15:30:00.000,17.38,199.82,-16.35,-5.89
2026-07-20T15:40:00.000,7.1,207.55,-6.3,-3.28
2026-07-20T15:50:00.000,6.08,159.79,-5.7,2.1
2026-07-20T16:00:00.000,7.24,152.41,-6.42,3.35
2026-07-20T16:10:00.000,4.48,174.29,-4.46,0.45
2026-07-20T16:20:00.000,4.49,120.18,-2.26,3.88
2026-07-20T16:30:00.000,5.43,109.04,-1.77,5.13
2026-07-20T16:40:00.000,12.28,64.99,5.19,11.12
2026-07-20T16:50:00.000,8.97,80.12,1.54,8.84
2026-07-20T17:00:00.000,12.47,73.36,3.57,11.94
2026-07-20T17:10:00.000,18.51,42.41,13.67,12.48
2026-07-20T17:20:00.000,15.03,36.88,12.02,9.02
2026-07-20T17:30:00.000,12.06,29.56,10.49,5.95
2026-07-20T17:40:00.000,20.82,26.8,18.59,9.39
2026-07-20T17:50:00.000,18.15,32.46,15.31,9.74
2026-07-20T18:00:00.000,15,22.63,13.84,5.77
2026-07-20T18:10:00.000,13.31,19.72,12.53,4.49
2026-07-20T18:20:00.000,12.31,348,12.04,-2.56
2026-07-20T18:30:00.000,8.96,12.04,8.76,1.87
2026-07-20T18:40:00.000,8.24,36.32,6.64,4.88
2026-07-20T18:50:00.000,2.96,54.43,1.72,2.41
2026-07-20T19:00:00.000,0.37,231.58,-0.23,-0.29
2026-07-20T19:10:00.000,0.29,216.97,-0.23,-0.17
2026-07-20T19:20:00.000,2.34,348.59,2.3,-0.46
2026-07-20T19:30:00.000,3.1,334.56,2.8,-1.33
2026-07-20T19:40:00.000,1.78,260.9,-0.28,-1.76
2026-07-20T19:50:00.000,7.59,243.26,-3.41,-6.78
2026-07-20T20:00:00.000,7.78,222.56,-5.73,-5.26
2026-07-20T20:10:00.000,9.27,204.46,-8.44,-3.84
2026-07-20T20:20:00.000,8.98,187.6,-8.9,-1.19
2026-07-20T20:30:00.000,6.35,138.61,-4.77,4.2
2026-07-20T20:40:00.000,5.19,105.47,-1.38,5
2026-07-20T20:50:00.000,5.43,87.76,0.21,5.42
2026-07-20T21:00:00.000,0.85,109.32,-0.28,0.8
2026-07-20T21:10:00.000,1.72,185.36,-1.71,-0.16
2026-07-20T21:20:00.000,4.46,231.8,-2.76,-3.5
2026-07-20T21:30:00.000,3.66,248.1,-1.37,-3.4
2026-07-20T21:40:00.000,2.95,262.89,-0.36,-2.92
2026-07-20T21:50:00.000,2.11,258.27,-0.43,-2.06
2026-07-20T22:00:00.000,1.41,263.06,-0.17,-1.4
2026-07-20T22:10:00.000,4.79,273.37,0.28,-4.78
2026-07-20T22:20:00.000,3.88,269.56,-0.03,-3.88
2026-07-20T22:30:00.000,1.49,260.04,-0.26,-1.47
2026-07-20T22:40:00.000,1.08,229.31,-0.7,-0.82
2026-07-20T22:50:00.000,2,197.35,-1.9,-0.6
2026-07-20T23:00:00.000,3.22,249.01,-1.15,-3.01
2026-07-20T23:10:00.000,1.66,256.44,-0.39,-1.62
2026-07-20T23:20:00.000,1.13,240.45,-0.56,-0.99
2026-07-20T23:30:00.000,2.94,203.24,-2.7,-1.16
2026-07-20T23:40:00.000,0.65,232.45,-0.39,-0.51
2026-07-20T23:50:00.000,1.16,186.63,-1.15,-0.13
2026-07-21T00:00:00.000,4.65,131.4,-3.07,3.49
2026-07-21T00:10:00.000,5.34,126.14,-3.15,4.32
2026-07-21T00:20:00.000,2.95,126.37,-1.75,2.37
2026-07-21T00:30:00.000,0.89,174.6,-0.89,0.08
2026-07-21T00:40:00.000,1.08,193.78,-1.05,-0.26
2026-07-21T00:50:00.000,0.59,215.53,-0.48,-0.34
2026-07-21T01:00:00.000,0.78,251.71,-0.24,-0.74
2026-07-21T01:10:00.000,0.88,294.71,0.37,-0.8
2026-07-21T01:20:00.000,2.29,319.94,1.75,-1.47
2026-07-21T01:30:00.000,1.16,270.18,0,-1.16
2026-07-21T01:40:00.000,5.04,204.82,-4.57,-2.11
2026-07-21T01:50:00.000,16.55,188.47,-16.37,-2.44
2026-07-21T02:00:00.000,13.46,191.39,-13.2,-2.66
2026-07-21T02:10:00.000,11.19,186.71,-11.11,-1.31
2026-07-21T02:20:00.000,12.78,163.18,-12.24,3.7
2026-07-21T02:30:00.000,19.46,179.6,-19.46,0.13
2026-07-21T02:40:00.000,12.88,188.19,-12.75,-1.83
2026-07-21T02:50:00.000,3.83,195.41,-3.69,-1.02
2026-07-21T03:00:00.000,5.82,141.65,-4.56,3.61
2026-07-21T03:10:00.000,7.19,126.51,-4.28,5.78
2026-07-21T03:20:00.000,1.75,116.54,-0.78,1.57
2026-07-21T03:30:00.000,0.78,267.56,-0.03,-0.78
2026-07-21T03:40:00.000,3.45,1.73,3.44,0.1
2026-07-21T03:50:00.000,5.58,41.03,4.21,3.66
2026-07-21T04:00:00.000,12.07,50.68,7.65,9.34
2026-07-21T04:10:00.000,11.26,26.89,10.04,5.09
2026-07-21T04:20:00.000,4.98,39.79,3.82,3.19
2026-07-21T04:30:00.000,4.47,318.46,3.34,-2.96
2026-07-21T04:40:00.000,1.29,304.46,0.73,-1.07
2026-07-21T04:50:00.000,2.23,319.61,1.7,-1.45
2026-07-21T05:00:00.000,2.82,314.89,1.99,-2
2026-07-21T05:10:00.000,0.74,339.86,0.69,-0.25
2026-07-21T05:20:00.000,5.76,338.03,5.34,-2.15
2026-07-21T05:30:00.000,3.2,297.93,1.5,-2.83
2026-07-21T05:40:00.000,2.91,321.7,2.29,-1.81
2026-07-21T05:50:00.000,1.21,332.94,1.08,-0.55
2026-07-21T06:00:00.000,8.16,312.46,5.51,-6.02
2026-07-21T06:10:00.000,6.09,296.67,2.73,-5.44
2026-07-21T06:20:00.000,7.63,261.15,-1.17,-7.54
2026-07-21T06:30:00.000,4.8,256.3,-1.14,-4.66
2026-07-21T06:40:00.000,1.1,260.31,-0.18,-1.08
2026-07-21T06:50:00.000,1.53,249.61,-0.53,-1.43
2026-07-21T07:00:00.000,1.01,244.72,-0.43,-0.92
2026-07-21T07:10:00.000,3.94,224.64,-2.8,-2.77
2026-07-21T07:20:00.000,5.56,196.29,-5.33,-1.56
2026-07-21T07:30:00.000,11.06,177.38,-11.05,0.51
2026-07-21T07:40:00.000,11.03,161.09,-10.43,3.57
2026-07-21T07:50:00.000,13.06,139.16,-9.88,8.54
2026-07-21T08:00:00.000,13.64,156.71,-12.53,5.39
2026-07-21T08:10:00.000,17.53,230.91,-11.06,-13.61
2026-07-21T08:20:00.000,16.52,219.49,-12.75,-10.51
2026-07-21T08:30:00.000,8.84,204.78,-8.02,-3.7
2026-07-21T08:40:00.000,12.06,188.52,-11.92,-1.79
2026-07-21T08:50:00.000,8.22,190.49,-8.08,-1.5
2026-07-21T09:00:00.000,5.96,193.35,-5.8,-1.38
2026-07-21T09:10:00.000,4.72,223.2,-3.44,-3.23
2026-07-21T09:20:00.000,4.65,218.26,-3.65,-2.88
2026-07-21T09:30:00.000,3.54,216.27,-2.85,-2.09
2026-07-21T09:40:00.000,2.93,223.35,-2.13,-2.01
2026-07-21T09:50:00.000,3.23,204.09,-2.95,-1.32
2026-07-21T10:00:00.000,5.08,171.32,-5.02,0.77
2026-07-21T10:10:00.000,7.12,189.98,-7.02,-1.23
2026-07-21T10:20:00.000,5.03,213.85,-4.18,-2.8
2026-07-21T10:30:00.000,4.04,204.69,-3.67,-1.69
2026-07-21T10:40:00.000,5.29,166.26,-5.14,1.26
2026-07-21T10:50:00.000,5.21,179.05,-5.21,0.09
2026-07-21T11:00:00.000,4.7,240.66,-2.3,-4.09
2026-07-21T11:10:00.000,5.81,260.4,-0.97,-5.73
2026-07-21T11:20:00.000,5.05,276.52,0.57,-5.01
2026-07-21T11:30:00.000,3.67,260.96,-0.58,-3.62
2026-07-21T11:40:00.000,4.38,278.59,0.65,-4.33
2026-07-21T11:50:00.000,2.52,288.96,0.82,-2.38
2026-07-21T12:00:00.000,3.46,303.08,1.89,-2.9
2026-07-21T12:10:00.000,4.42,294.67,1.84,-4.01
2026-07-21T12:20:00.000,4.79,271.12,0.09,-4.79
2026-07-21T12:30:00.000,6.26,263.1,-0.75,-6.21
2026-07-21T12:40:00.000,6.69,238.61,-3.48,-5.71
2026-07-21T12:50:00.000,4.87,216.62,-3.91,-2.91
2026-07-21T13:00:00.000,4.43,226.21,-3.07,-3.2
2026-07-21T13:10:00.000,4.47,290.35,1.55,-4.19
2026-07-21T13:20:00.000,4.62,341.36,4.38,-1.48
2026-07-21T13:30:00.000,4.76,25.6,4.29,2.06
2026-07-21T13:40:00.000,4.99,61.15,2.41,4.37
2026-07-21T13:50:00.000,2.22,85.68,0.17,2.21
2026-07-21T14:00:00.000,0.79,119.07,-0.39,0.69
2026-07-21T14:10:00.000,1.15,145.21,-0.95,0.66
2026-07-21T14:20:00.000,4.92,159.1,-4.6,1.76
2026-07-21T14:30:00.000,4.66,171.62,-4.61,0.68
2026-07-21T14:40:00.000,5.68,184.63,-5.66,-0.46
2026-07-21T14:50:00.000,5.66,210.83,-4.86,-2.9
2026-07-21T15:00:00.000,8.76,204.76,-7.95,-3.67
2026-07-21T15:10:00.000,10.96,198.31,-10.41,-3.44
2026-07-21T15:20:00.000,13.77,194.94,-13.3,-3.55
2026-07-21T15:30:00.000,18.64,187.08,-18.5,-2.3
2026-07-21T15:40:00.000,19.54,186.6,-19.41,-2.25
2026-07-21T15:50:00.000,10.49,203.72,-9.6,-4.22
2026-07-21T16:00:00.000,2.64,179.24,-2.64,0.03
2026-07-21T16:10:00.000,5.47,120.81,-2.8,4.69
2026-07-21T16:20:00.000,6.87,154.26,-6.19,2.98
2026-07-21T16:30:00.000,3.84,181.78,-3.84,-0.12
2026-07-21T16:40:00.000,2.49,126.21,-1.47,2.01
2026-07-21T16:50:00.000,7.46,99.17,-1.19,7.36
2026-07-21T17:00:00.000,10.97,95.41,-1.03,10.92
2026-07-21T17:10:00.000,2.2,82.9,0.27,2.18
2026-07-21T17:20:00.000,8.75,9.36,8.64,1.42
2026-07-21T17:30:00.000,13.32,14.54,12.9,3.35
2026-07-21T17:40:00.000,11.21,44.6,7.98,7.87
2026-07-21T17:50:00.000,11.23,44.18,8.05,7.82
2026-07-21T18:00:00.000,6.73,38.32,5.28,4.17
2026-07-21T18:10:00.000,13.17,27.86,11.64,6.15
2026-07-21T18:20:00.000,12.12,12.24,11.85,2.57
2026-07-21T18:30:00.000,12.48,334.6,11.28,-5.35
2026-07-21T18:40:00.000,13.6,308.92,8.55,-10.58
2026-07-21T18:50:00.000,17.8,286.57,5.08,-17.06
2026-07-21T19:00:00.000,5.98,259.6,-1.08,-5.88
2026-07-21T19:10:00.000,3.78,197.77,-3.6,-1.15
2026-07-21T19:20:00.000,6.57,187.08,-6.52,-0.81
2026-07-21T19:30:00.000,4.54,171.93,-4.5,0.64
2026-07-21T19:40:00.000,0.7,249.59,-0.24,-0.65
2026-07-21T19:50:00.000,0.35,235.68,-0.2,-0.29
2026-07-21T20:00:00.000,3.44,119.61,-1.7,2.99
2026-07-21T20:10:00.000,3.17,176.39,-3.16,0.2
2026-07-21T20:20:00.000,2.45,182.15,-2.45,-0.09
2026-07-21T20:30:00.000,4.75,164.31,-4.57,1.28
2026-07-21T20:40:00.000,3.01,183.47,-3,-0.18
2026-07-21T20:50:00.000,3.12,201.21,-2.91,-1.13
2026-07-21T21:00:00.000,1.07,228.9,-0.7,-0.8
2026-07-21T21:10:00.000,0.67,227.54,-0.45,-0.49
2026-07-21T21:20:00.000,3.16,169.21,-3.11,0.59
2026-07-21T21:30:00.000,5.72,167.59,-5.58,1.23
2026-07-21T21:40:00.000,5.39,176.29,-5.38,0.35
2026-07-21T21:50:00.000,3.29,203.63,-3.02,-1.32
2026-07-21T22:00:00.000,1.71,311.97,1.14,-1.27
2026-07-21T22:10:00.000,2.98,277.02,0.36,-2.96
2026-07-21T22:20:00.000,0.87,283.16,0.2,-0.85
2026-07-21T22:30:00.000,2.58,336.55,2.36,-1.03
2026-07-21T22:40:00.000,0.83,278.22,0.12,-0.82
2026-07-21T22:50:00.000,0.82,272.98,0.04,-0.81
2026-07-21T23:00:00.000,0.74,217.08,-0.59,-0.45
2026-07-21T23:10:00.000,1.22,190.93,-1.2,-0.23
2026-07-21T23:20:00.000,3.95,163.64,-3.79,1.11
2026-07-21T23:30:00.000,2.55,167.99,-2.5,0.53
2026-07-21T23:40:00.000,1.3,221.84,-0.97,-0.87
2026-07-21T23:50:00.000,0.74,240.06,-0.37,-0.64
2026-07-22T00:00:00.000,0.76,250.88,-0.25,-0.72
2026-07-22T00:10:00.000,3.81,237.8,-2.03,-3.22
2026-07-22T00:20:00.000,5.1,243.95,-2.24,-4.58
2026-07-22T00:30:00.000,3.91,242.31,-1.82,-3.46
2026-07-22T00:40:00.000,4.67,234.9,-2.69,-3.82
2026-07-22T00:50:00.000,4.66,208.79,-4.08,-2.24
2026-07-22T01:00:00.000,1.93,213.25,-1.61,-1.06
2026-07-22T01:10:00.000,1.53,231.4,-0.96,-1.2
2026-07-22T01:20:00.000,2.81,160.61,-2.65,0.93
2026-07-22T01:30:00.000,2.85,195.37,-2.75,-0.76
2026-07-22T01:40:00.000,0.72,200.92,-0.67,-0.26
2026-07-22T01:50:00.000,2.8,190.55,-2.76,-0.51
2026-07-22T02:00:00.000,2.89,229.42,-1.88,-2.19
2026-07-22T02:10:00.000,4.56,246.94,-1.79,-4.19
2026-07-22T02:20:00.000,4.58,243.79,-2.02,-4.11
2026-07-22T02:30:00.000,5.09,214.52,-4.19,-2.88
2026-07-22T02:40:00.000,4.83,180.81,-4.83,-0.07
2026-07-22T02:50:00.000,7,167.43,-6.83,1.52
2026-07-22T03:00:00.000,9.71,166.42,-9.44,2.28
2026-07-22T03:10:00.000,5.21,179.66,-5.21,0.03
2026-07-22T03:20:00.000,5.16,191.97,-5.05,-1.07
2026-07-22T03:30:00.000,7.1,187.69,-7.03,-0.95
2026-07-22T03:40:00.000,10.6,179.61,-10.6,0.07
2026-07-22T03:50:00.000,6.49,166.78,-6.31,1.48
2026-07-22T04:00:00.000,6.75,175.53,-6.73,0.53
2026-07-22T04:10:00.000,4.6,199.55,-4.33,-1.54
2026-07-22T04:20:00.000,4.65,217.73,-3.68,-2.84
2026-07-22T04:30:00.000,0.75,274.73,0.06,-0.75
2026-07-22T04:40:00.000,2.48,32.96,2.08,1.35
2026-07-22T04:50:00.000,1.93,26.69,1.73,0.87
2026-07-22T05:00:00.000,2.75,127.8,-1.68,2.17
2026-07-22T05:10:00.000,4.77,81.16,0.73,4.71
2026-07-22T05:20:00.000,6.8,79.8,1.2,6.7
2026-07-22T05:30:00.000,9.85,107.13,-2.9,9.41
2026-07-22T05:40:00.000,3.9,120.63,-1.99,3.36
2026-07-22T05:50:00.000,0.59,206.27,-0.53,-0.26
2026-07-22T06:00:00.000,2.33,306.92,1.4,-1.86
2026-07-22T06:10:00.000,5,354.23,4.97,-0.5
2026-07-22T06:20:00.000,5.01,319.81,3.83,-3.24
2026-07-22T06:30:00.000,18.3,314.73,12.88,-13
2026-07-22T06:40:00.000,12.26,292.16,4.63,-11.36
2026-07-22T06:50:00.000,5.51,270.48,0.05,-5.51
2026-07-22T07:00:00.000,0.87,262.29,-0.12,-0.86
2026-07-22T07:10:00.000,4.82,281.2,0.94,-4.73
2026-07-22T07:20:00.000,11.42,271,0.2,-11.42
2026-07-22T07:30:00.000,9.92,251.32,-3.18,-9.4
2026-07-22T07:40:00.000,7.81,233.56,-4.64,-6.29
2026-07-22T07:50:00.000,9.16,222.46,-6.76,-6.18
2026-07-22T08:00:00.000,11.1,219.23,-8.59,-7.02
2026-07-22T08:10:00.000,8.46,215.53,-6.89,-4.92
2026-07-22T08:20:00.000,4.9,196.53,-4.7,-1.4
2026-07-22T08:30:00.000,6.7,174.08,-6.67,0.69
2026-07-22T08:40:00.000,11.59,174.87,-11.55,1.04
2026-07-22T08:50:00.000,13.49,169.77,-13.27,2.4
2026-07-22T09:00:00.000,10.68,166.22,-10.38,2.54
2026-07-22T09:10:00.000,10.91,174.12,-10.85,1.12
2026-07-22T09:20:00.000,7.51,179.38,-7.51,0.08
2026-07-22T09:30:00.000,6.14,227.62,-4.14,-4.53
2026-07-22T09:40:00.000,6.23,245.59,-2.57,-5.67
2026-07-22T09:50:00.000,8.46,225.79,-5.9,-6.06
2026-07-22T10:00:00.000,6.23,235.94,-3.49,-5.16
2026-07-22T10:10:00.000,4.77,263.59,-0.53,-4.74
2026-07-22T10:20:00.000,0.78,273.47,0.05,-0.78
2026-07-22T10:30:00.000,0.44,305.36,0.26,-0.36
2026-07-22T10:40:00.000,0.64,126.37,-0.38,0.52
2026-07-22T10:50:00.000,0.57,269.95,0,-0.57
2026-07-22T11:00:00.000,6.35,261.67,-0.92,-6.29
2026-07-22T11:10:00.000,4.75,256.36,-1.12,-4.62
2026-07-22T11:20:00.000,4.69,233.93,-2.76,-3.79
2026-07-22T11:30:00.000,2.81,212.62,-2.37,-1.52
2026-07-22T11:40:00.000,5.23,191.65,-5.12,-1.06
2026-07-22T11:50:00.000,6.2,176.68,-6.19,0.36
2026-07-22T12:00:00.000,6.69,172.12,-6.62,0.92
2026-07-22T12:10:00.000,1.69,217.29,-1.35,-1.02
2026-07-22T12:20:00.000,6.82,248.08,-2.54,-6.32
2026-07-22T12:30:00.000,4.14,280.55,0.76,-4.07
2026-07-22T12:40:00.000,2.48,270.58,0.03,-2.47
2026-07-22T12:50:00.000,3.9,272.26,0.15,-3.9
2026-07-22T13:00:00.000,5.54,284.69,1.41,-5.36
2026-07-22T13:10:00.000,6.37,284.35,1.58,-6.17
2026-07-22T13:20:00.000,6.96,283.73,1.65,-6.76
2026-07-22T13:30:00.000,6.34,281.56,1.27,-6.21
2026-07-22T13:40:00.000,3.81,274.68,0.31,-3.8
2026-07-22T13:50:00.000,0.69,296.52,0.31,-0.62
2026-07-22T14:00:00.000,2.88,60.79,1.4,2.51
2026-07-22T14:10:00.000,4.02,66.61,1.6,3.69
2026-07-22T14:20:00.000,5.46,70.48,1.82,5.15
2026-07-22T14:30:00.000,3.83,78.4,0.77,3.75
2026-07-22T14:40:00.000,3.39,79.03,0.65,3.33
2026-07-22T14:50:00.000,0.25,177.71,-0.25,0.01
2026-07-22T15:00:00.000,0.32,249.13,-0.12,-0.3
2026-07-22T15:10:00.000,1.22,223.14,-0.89,-0.83
2026-07-22T15:20:00.000,3.6,209.47,-3.13,-1.77
2026-07-22T15:30:00.000,3.77,198.17,-3.58,-1.17
2026-07-22T15:40:00.000,4.17,174.59,-4.16,0.39
2026-07-22T15:50:00.000,5.33,180.52,-5.33,-0.05
2026-07-22T16:00:00.000,6.14,191.88,-6,-1.26
2026-07-22T16:10:00.000,4.59,200.54,-4.3,-1.61
2026-07-22T16:20:00.000,3.9,204.17,-3.56,-1.6
2026-07-22T16:30:00.000,6.16,212.49,-5.19,-3.31
2026-07-22T16:40:00.000,5.3,209.41,-4.62,-2.6
2026-07-22T16:50:00.000,6.58,183.02,-6.58,-0.35
2026-07-22T17:00:00.000,8.41,165.25,-8.13,2.14
2026-07-22T17:10:00.000,10.1,163.77,-9.7,2.82
2026-07-22T17:20:00.000,11.31,165.51,-10.95,2.83
2026-07-22T17:30:00.000,3.88,166.51,-3.77,0.9
2026-07-22T17:40:00.000,1.57,159.52,-1.47,0.55
2026-07-22T17:50:00.000,4.22,175.76,-4.21,0.31
2026-07-22T18:00:00.000,2.79,189.89,-2.75,-0.48
2026-07-22T18:10:00.000,2.23,138.69,-1.67,1.47
2026-07-22T18:20:00.000,3.8,53.3,2.27,3.05
2026-07-22T18:30:00.000,11.2,75.5,2.81,10.84
2026-07-22T18:40:00.000,16.03,71.83,5,15.23
2026-07-22T18:50:00.000,8.75,72.53,2.63,8.35
2026-07-22T19:00:00.000,11.64,49.32,7.58,8.82
2026-07-22T19:10:00.000,14.89,38.38,11.67,9.25
2026-07-22T19:20:00.000,12.63,26.18,11.34,5.57
2026-07-22T19:30:00.000,8.33,352.28,8.25,-1.12
2026-07-22T19:40:00.000,10.24,357,10.23,-0.54
2026-07-22T19:50:00.000,5.45,9.98,5.37,0.94
2026-07-22T20:00:00.000,3.88,24.33,3.54,1.6
2026-07-22T20:10:00.000,0.57,283.93,0.14,-0.55
2026-07-22T20:20:00.000,3.56,238.83,-1.84,-3.05
2026-07-22T20:30:00.000,1.21,259.59,-0.22,-1.19
2026-07-22T20:40:00.000,4.26,285.52,1.14,-4.11
2026-07-22T20:50:00.000,5,294.84,2.1,-4.54
2026-07-22T21:00:00.000,9.53,283.04,2.15,-9.28
2026-07-22T21:10:00.000,8.11,257.1,-1.81,-7.91
2026-07-22T21:20:00.000,6.03,237.42,-3.25,-5.08
2026-07-22T21:30:00.000,5,218.82,-3.9,-3.14
2026-07-22T21:40:00.000,2.6,216.03,-2.1,-1.53
2026-07-22T21:50:00.000,5,177.44,-5,0.22
2026-07-22T22:00:00.000,6.77,172.63,-6.72,0.87
2026-07-22T22:10:00.000,7.43,178.35,-7.42,0.21
2026-07-22T22:20:00.000,9.04,192.93,-8.81,-2.02
2026-07-22T22:30:00.000,8.69,198.44,-8.25,-2.75
2026-07-22T22:40:00.000,4.08,223.1,-2.98,-2.78
2026-07-22T22:50:00.000,1.66,248.45,-0.61,-1.54
2026-07-22T23:00:00.000,4.17,162.94,-3.99,1.22
2026-07-22T23:10:00.000,6.27,166.93,-6.11,1.42
2026-07-22T23:20:00.000,6.18,218.73,-4.82,-3.87
2026-07-22T23:30:00.000,3.83,253.69,-1.07,-3.67
2026-07-22T23:40:00.000,9.55,251.4,-3.05,-9.05
2026-07-22T23:50:00.000,9.83,232.71,-5.95,-7.82
2026-07-23T00:00:00.000,6.8,212.53,-5.73,-3.66
2026-07-23T00:10:00.000,7.11,190.67,-6.99,-1.32
2026-07-23T00:20:00.000,10.25,177.65,-10.25,0.42
2026-07-23T00:30:00.000,10.63,170.6,-10.49,1.74
2026-07-23T00:40:00.000,7.56,183.02,-7.55,-0.4
2026-07-23T00:50:00.000,6.64,172.35,-6.58,0.88
2026-07-23T01:00:00.000,3.44,185.89,-3.42,-0.35
2026-07-23T01:10:00.000,4.01,149,-3.44,2.07
2026-07-23T01:20:00.000,2.63,143.31,-2.11,1.57
2026-07-23T01:30:00.000,1.41,235.3,-0.8,-1.16
2026-07-23T01:40:00.000,2.76,193.77,-2.68,-0.66
2026-07-23T01:50:00.000,3.15,194.58,-3.05,-0.79
2026-07-23T02:00:00.000,3.69,225.17,-2.6,-2.62
2026-07-23T02:10:00.000,7.11,260.85,-1.13,-7.02
2026-07-23T02:20:00.000,12.46,273.31,0.72,-12.44
2026-07-23T02:30:00.000,7.64,259.01,-1.46,-7.5
2026-07-23T02:40:00.000,4.14,262.44,-0.54,-4.1
2026-07-23T02:50:00.000,1.24,222.65,-0.92,-0.84
2026-07-23T03:00:00.000,4.3,167.78,-4.2,0.91
2026-07-23T03:10:00.000,3.19,170.19,-3.15,0.54
2026-07-23T03:20:00.000,1.98,225.54,-1.38,-1.41
2026-07-23T03:30:00.000,4.53,250.86,-1.48,-4.28
2026-07-23T03:40:00.000,1.71,230.99,-1.07,-1.33
2026-07-23T03:50:00.000,3.22,252.39,-0.98,-3.07
2026-07-23T04:00:00.000,3.69,228.36,-2.45,-2.76
2026-07-23T04:10:00.000,6.25,186.06,-6.22,-0.66
2026-07-23T04:20:00.000,8.62,191.89,-8.43,-1.78
2026-07-23T04:30:00.000,12.49,192.13,-12.21,-2.63
2026-07-23T04:40:00.000,17.88,191.02,-17.55,-3.42
2026-07-23T04:50:00.000,18.46,195.3,-17.81,-4.87
2026-07-23T05:00:00.000,12.67,195.26,-12.23,-3.34
2026-07-23T05:10:00.000,10.75,178.55,-10.75,0.27
2026-07-23T05:20:00.000,15.73,189.56,-15.51,-2.61
2026-07-23T05:30:00.000,14.39,197.04,-13.76,-4.22
2026-07-23T05:40:00.000,14.71,201.72,-13.66,-5.44
2026-07-23T05:50:00.000,8.39,204.9,-7.61,-3.53
2026-07-23T06:00:00.000,9.62,177.92,-9.62,0.35
2026-07-23T06:10:00.000,15.11,169.26,-14.85,2.82
2026-07-23T06:20:00.000,15.99,168.49,-15.67,3.19
2026-07-23T06:30:00.000,15.47,166.36,-15.04,3.65
2026-07-23T06:40:00.000,15.62,164.02,-15.01,4.3
2026-07-23T06:50:00.000,10.96,168.13,-10.72,2.25
2026-07-23T07:00:00.000,8.44,205.32,-7.63,-3.61
2026-07-23T07:10:00.000,12.81,212.27,-10.83,-6.84
2026-07-23T07:20:00.000,5.55,222.03,-4.12,-3.72
2026-07-23T07:30:00.000,4.64,241.77,-2.19,-4.09
2026-07-23T07:40:00.000,1.37,298.78,0.66,-1.2
2026-07-23T07:50:00.000,1.27,320.34,0.97,-0.81
2026-07-23T08:00:00.000,4.95,330.68,4.32,-2.43
2026-07-23T08:10:00.000,5.52,336.66,5.07,-2.19
2026-07-23T08:20:00.000,6.96,304.1,3.9,-5.77
2026-07-23T08:30:00.000,4.05,287.25,1.2,-3.86
2026-07-23T08:40:00.000,2.48,274.9,0.21,-2.47
2026-07-23T08:50:00.000,5.63,254.6,-1.5,-5.43
2026-07-23T09:00:00.000,5.52,220.29,-4.21,-3.57
2026-07-23T09:10:00.000,6.41,207.63,-5.68,-2.97
2026-07-23T09:20:00.000,6.82,207.78,-6.03,-3.18
2026-07-23T09:30:00.000,6.93,208.77,-6.08,-3.34
2026-07-23T09:40:00.000,4.62,226.6,-3.18,-3.36
2026-07-23T09:50:00.000,3.03,251.63,-0.96,-2.88
2026-07-23T10:00:00.000,1.38,215.65,-1.12,-0.81
2026-07-23T10:10:00.000,6.47,173.15,-6.42,0.77
2026-07-23T10:20:00.000,7.47,162.31,-7.12,2.27
2026-07-23T10:30:00.000,8.01,168.67,-7.86,1.57
2026-07-23T10:40:00.000,11.33,272.61,0.52,-11.31
2026-07-23T10:50:00.000,11.71,263.79,-1.27,-11.65
2026-07-23T11:00:00.000,9.58,255.06,-2.47,-9.25
2026-07-23T11:10:00.000,7.21,249.57,-2.52,-6.75
2026-07-23T11:20:00.000,4.62,228.67,-3.05,-3.47
2026-07-23T11:30:00.000,4.75,232.06,-2.92,-3.74
2026-07-23T11:40:00.000,3.56,248.08,-1.33,-3.3
2026-07-23T11:50:00.000,2.04,259.5,-0.37,-2
2026-07-23T12:00:00.000,1.48,207.16,-1.32,-0.67
2026-07-23T12:10:00.000,4.06,154.17,-3.65,1.77
2026-07-23T12:20:00.000,5.54,133.33,-3.8,4.03
2026-07-23T12:30:00.000,0.69,129,-0.43,0.54
2026-07-23T12:40:00.000,0.69,250.24,-0.23,-0.65
2026-07-23T12:50:00.000,0.88,253.65,-0.25,-0.85
2026-07-23T13:00:00.000,1.47,224.22,-1.05,-1.02
2026-07-23T13:10:00.000,2.84,224.62,-2.02,-1.99
2026-07-23T13:20:00.000,2.01,209.31,-1.76,-0.99
2026-07-23T13:30:00.000,0.76,262.72,-0.1,-0.75
2026-07-23T13:40:00.000,1.46,292.63,0.56,-1.35
2026-07-23T13:50:00.000,5.36,319.91,4.1,-3.45
2026-07-23T14:00:00.000,3.71,322.28,2.93,-2.27
2026-07-23T14:10:00.000,2.87,322.78,2.28,-1.73
2026-07-23T14:20:00.000,1.56,17.87,1.48,0.48
2026-07-23T14:30:00.000,2.69,86.69,0.16,2.68
2026-07-23T14:40:00.000,4.1,111.48,-1.5,3.82
2026-07-23T14:50:00.000,0.41,48.24,0.27,0.31
2026-07-23T15:00:00.000,0.57,275.74,0.06,-0.56
2026-07-23T15:10:00.000,0.65,300.32,0.33,-0.56
2026-07-23T15:20:00.000,3.29,342.79,3.14,-0.97
2026-07-23T15:30:00.000,1.32,323.73,1.06,-0.78
2026-07-23T15:40:00.000,0.84,291.19,0.3,-0.78
2026-07-23T15:50:00.000,4.4,280.48,0.8,-4.33
2026-07-23T16:00:00.000,0.73,254.76,-0.19,-0.71
2026-07-23T16:10:00.000,2.33,178.51,-2.33,0.06
2026-07-23T16:20:00.000,5.45,159.72,-5.11,1.89
2026-07-23T16:30:00.000,3.99,155.31,-3.63,1.67
2026-07-23T16:40:00.000,1.67,237.12,-0.91,-1.4
2026-07-23T16:50:00.000,3.65,243.82,-1.61,-3.28
2026-07-23T17:00:00.000,3.24,275.04,0.28,-3.23
2026-07-23T17:10:00.000,0.81,287.7,0.25,-0.77
2026-07-23T17:20:00.000,1.68,349.78,1.65,-0.3
2026-07-23T17:30:00.000,3.14,56.29,1.74,2.61
2026-07-23T17:40:00.000,1.11,80.41,0.19,1.1
2026-07-23T17:50:00.000,0.35,287.06,0.1,-0.34
2026-07-23T18:00:00.000,3,192.35,-2.93,-0.64
2026-07-23T18:10:00.000,2.94,219.05,-2.28,-1.85
2026-07-23T18:20:00.000,4.95,188.13,-4.9,-0.7
2026-07-23T18:30:00.000,9.14,173.12,-9.07,1.09
2026-07-23T18:40:00.000,12.21,167.08,-11.9,2.73
2026-07-23T18:50:00.000,13.5,170.28,-13.31,2.28
2026-07-23T19:00:00.000,10.07,188.03,-9.97,-1.41
2026-07-23T19:10:00.000,12.19,190.46,-11.99,-2.21
2026-07-23T19:20:00.000,10.44,176.98,-10.43,0.55
2026-07-23T19:30:00.000,6.89,196.63,-6.6,-1.97
2026-07-23T19:40:00.000,3.83,198.53,-3.63,-1.22
2026-07-23T19:50:00.000,1.47,249.78,-0.51,-1.38
2026-07-23T20:00:00.000,2.66,312.27,1.79,-1.97
2026-07-23T20:10:00.000,4.02,284.39,1,-3.9
2026-07-23T20:20:00.000,4.16,255.3,-1.06,-4.03
2026-07-23T20:30:00.000,5.49,255.35,-1.39,-5.31
2026-07-23T20:40:00.000,4.42,260.9,-0.7,-4.36
2026-07-23T20:50:00.000,4.15,254.59,-1.1,-4
2026-07-23T21:00:00.000,2.57,233.78,-1.52,-2.08
2026-07-23T21:10:00.000,3.82,255.39,-0.96,-3.69
2026-07-23T21:20:00.000,10.72,268.76,-0.23,-10.71
2026-07-23T21:30:00.000,10.47,256.89,-2.38,-10.2
2026-07-23T21:40:00.000,9.34,281.4,1.85,-9.16
2026-07-23T21:50:00.000,7.62,253.75,-2.13,-7.32
2026-07-23T22:00:00.000,11.64,232.1,-7.15,-9.18
2026-07-23T22:10:00.000,9.72,235.36,-5.53,-8
2026-07-23T22:20:00.000,5.34,215.55,-4.34,-3.1
2026-07-23T22:30:00.000,6.36,182.31,-6.36,-0.26
2026-07-23T22:40:00.000,6.35,181.98,-6.34,-0.22
2026-07-23T22:50:00.000,5.58,204.82,-5.07,-2.34
2026-07-23T23:00:00.000,7.94,208.54,-6.98,-3.79
2026-07-23T23:10:00.000,11.71,214.63,-9.63,-6.65
2026-07-23T23:20:00.000,10.19,240.13,-5.08,-8.84
2026-07-23T23:30:00.000,8.82,237,-4.81,-7.4
2026-07-23T23:40:00.000,7.55,235.1,-4.32,-6.19
2026-07-23T23:50:00.000,6.56,241.65,-3.12,-5.78
2026-07-24T00:00:00.000,5.54,217.83,-4.37,-3.4
2026-07-24T00:10:00.000,6.1,193.95,-5.92,-1.47
2026-07-24T00:20:00.000,10.66,174.79,-10.62,0.97
2026-07-24T00:30:00.000,15.33,167.94,-14.99,3.2
2026-07-24T00:40:00.000,13.69,176.68,-13.67,0.79
2026-07-24T00:50:00.000,8.63,192.64,-8.42,-1.89
2026-07-24T01:00:00.000,11.8,207.17,-10.5,-5.39
2026-07-24T01:10:00.000,7.72,224.02,-5.55,-5.37
2026-07-24T01:20:00.000,11.97,224.6,-8.52,-8.41
2026-07-24T01:30:00.000,11.07,211.51,-9.44,-5.78
2026-07-24T01:40:00.000,7.84,215.75,-6.36,-4.58
2026-07-24T01:50:00.000,4.73,217.19,-3.77,-2.86
2026-07-24T02:00:00.000,5.27,202.78,-4.86,-2.04
2026-07-24T02:10:00.000,4.61,170.75,-4.55,0.74
2026-07-24T02:20:00.000,3.89,189.04,-3.84,-0.61
2026-07-24T02:30:00.000,6.82,173.07,-6.77,0.82
2026-07-24T02:40:00.000,4.26,208.01,-3.76,-2
2026-07-24T02:50:00.000,3.21,191.33,-3.15,-0.63
2026-07-24T03:00:00.000,2.56,238.55,-1.34,-2.19
2026-07-24T03:10:00.000,5.05,267.73,-0.2,-5.04
2026-07-24T03:20:00.000,7.05,265.68,-0.53,-7.03
2026-07-24T03:30:00.000,7.74,252.48,-2.33,-7.38
2026-07-24T03:40:00.000,8.36,241.52,-3.99,-7.35
2026-07-24T03:50:00.000,6.09,231.58,-3.79,-4.77
2026-07-24T04:00:00.000,5.32,205.46,-4.81,-2.29
2026-07-24T04:10:00.000,4.77,227.19,-3.24,-3.5
2026-07-24T04:20:00.000,5.01,236.32,-2.78,-4.17
2026-07-24T04:30:00.000,5.39,212.2,-4.56,-2.87
2026-07-24T04:40:00.000,8.86,204.08,-8.09,-3.61
2026-07-24T04:50:00.000,11.01,190.28,-10.84,-1.96
2026-07-24T05:00:00.000,9,176.83,-8.99,0.5
2026-07-24T05:10:00.000,9.21,190.81,-9.05,-1.73
2026-07-24T05:20:00.000,12,189.03,-11.86,-1.88
2026-07-24T05:30:00.000,8.97,183.61,-8.95,-0.56
2026-07-24T05:40:00.000,12.7,179.59,-12.7,0.09
2026-07-24T05:50:00.000,10.11,183.26,-10.09,-0.57
2026-07-24T06:00:00.000,4.17,212.31,-3.52,-2.23
2026-07-24T06:10:00.000,7.49,226.54,-5.15,-5.43
2026-07-24T06:20:00.000,10.85,202.32,-10.04,-4.12
2026-07-24T06:30:00.000,9.2,193.33,-8.95,-2.12
2026-07-24T06:40:00.000,7.78,190.38,-7.66,-1.4
2026-07-24T06:50:00.000,8.63,178.62,-8.62,0.21
2026-07-24T07:00:00.000,9.47,182.86,-9.46,-0.47
2026-07-24T07:10:00.000,5.58,190.03,-5.49,-0.97
2026-07-24T07:20:00.000,4.6,182.5,-4.6,-0.2
2026-07-24T07:30:00.000,6.55,184.6,-6.53,-0.53
2026-07-24T07:40:00.000,5,198.37,-4.75,-1.58
2026-07-24T07:50:00.000,4.68,174.95,-4.66,0.41
2026-07-24T08:00:00.000,3,203.02,-2.76,-1.17
2026-07-24T08:10:00.000,4.89,204.66,-4.44,-2.04
2026-07-24T08:20:00.000,4.32,183.25,-4.31,-0.24
2026-07-24T08:30:00.000,0.88,208.46,-0.78,-0.42
2026-07-24T08:40:00.000,5.01,298.65,2.4,-4.4
2026-07-24T08:50:00.000,3.25,312.34,2.19,-2.4
2026-07-24T09:00:00.000,5.06,286.59,1.44,-4.85
2026-07-24T09:10:00.000,4.33,233.83,-2.55,-3.49
2026-07-24T09:20:00.000,5.65,240.77,-2.76,-4.93
2026-07-24T09:30:00.000,4.58,228.18,-3.06,-3.42
2026-07-24T09:40:00.000,3.87,263.96,-0.41,-3.85
2026-07-24T09:50:00.000,4.84,230.1,-3.11,-3.72
2026-07-24T10:00:00.000,4.32,223.56,-3.13,-2.98
2026-07-24T10:10:00.000,4.66,202.43,-4.3,-1.78
2026-07-24T10:20:00.000,5.91,249.98,-2.02,-5.55
2026-07-24T10:30:00.000,5.72,265.35,-0.46,-5.7
2026-07-24T10:40:00.000,1.33,265.2,-0.11,-1.33
2026-07-24T10:50:00.000,0.8,232.5,-0.49,-0.64
2026-07-24T11:00:00.000,5.74,141.84,-4.51,3.55
2026-07-24T11:10:00.000,3.91,149.09,-3.36,2.01
2026-07-24T11:20:00.000,2.92,194.08,-2.83,-0.71
2026-07-24T11:30:00.000,5.63,246.97,-2.2,-5.18
2026-07-24T11:40:00.000,3.64,219.91,-2.8,-2.34
2026-07-24T11:50:00.000,4.68,257.33,-1.03,-4.56
2026-07-24T12:00:00.000,4.98,278.44,0.73,-4.92
2026-07-24T12:10:00.000,4.32,277.3,0.55,-4.29
2026-07-24T12:20:00.000,1.05,252.72,-0.31,-1
2026-07-24T12:30:00.000,1.11,268.42,-0.03,-1.11
2026-07-24T12:40:00.000,2.79,330.56,2.43,-1.37
2026-07-24T12:50:00.000,2.93,320.12,2.25,-1.88
2026-07-24T13:00:00.000,1.52,272.87,0.08,-1.52
2026-07-24T13:10:00.000,2.16,284.96,0.56,-2.09
2026-07-24T13:20:00.000,0.8,264.39,-0.08,-0.8
2026-07-24T13:30:00.000,0.86,251.71,-0.27,-0.82
2026-07-24T13:40:00.000,1.02,251.09,-0.33,-0.96
2026-07-24T13:50:00.000,1.2,261.6,-0.18,-1.19
2026-07-24T14:00:00.000,0.94,272.37,0.04,-0.94
2026-07-24T14:10:00.000,1.07,40.43,0.81,0.69
2026-07-24T14:20:00.000,2.47,71.56,0.78,2.34
2026-07-24T14:30:00.000,4.15,84.72,0.38,4.13
2026-07-24T14:40:00.000,4.56,76.13,1.09,4.43
2026-07-24T14:50:00.000,2.66,41.45,1.99,1.76
2026-07-24T15:00:00.000,2.86,318.32,2.14,-1.9
2026-07-24T15:10:00.000,7.79,324.84,6.37,-4.48
2026-07-24T15:20:00.000,6.42,335.92,5.86,-2.62
2026-07-24T15:30:00.000,4.81,359.49,4.81,-0.04
2026-07-24T15:40:00.000,2.23,12.33,2.18,0.48
2026-07-24T15:50:00.000,2.68,69.99,0.92,2.52
2026-07-24T16:00:00.000,1.91,116.28,-0.85,1.72
2026-07-24T16:10:00.000,5.66,158.39,-5.26,2.08
2026-07-24T16:20:00.000,2.93,178.07,-2.93,0.1
2026-07-24T16:30:00.000,3.12,169.04,-3.06,0.59
2026-07-24T16:40:00.000,4.16,175.49,-4.14,0.33
2026-07-24T16:50:00.000,4.41,181.2,-4.41,-0.09
2026-07-24T17:00:00.000,5.78,177.36,-5.77,0.27
2026-07-24T17:10:00.000,8.03,192.78,-7.83,-1.78
2026-07-24T17:20:00.000,7.65,203.8,-7,-3.09
2026-07-24T17:30:00.000,8.04,198.14,-7.64,-2.5
2026-07-24T17:40:00.000,5.91,192.24,-5.78,-1.25
2026-07-24T17:50:00.000,3.25,184.5,-3.24,-0.26
2026-07-24T18:00:00.000,5.28,199.96,-4.97,-1.8
2026-07-24T18:10:00.000,4.9,205.71,-4.41,-2.12
2026-07-24T18:20:00.000,4.72,190.21,-4.64,-0.84
2026-07-24T18:30:00.000,5.22,173.52,-5.19,0.59
2026-07-24T18:40:00.000,3.37,158.17,-3.13,1.25
2026-07-24T18:50:00.000,4.6,156.84,-4.23,1.81
2026-07-24T19:00:00.000,5.12,158.34,-4.76,1.89
2026-07-24T19:10:00.000,4.48,167.37,-4.37,0.98
2026-07-24T19:20:00.000,4.68,161.81,-4.45,1.46
2026-07-24T19:30:00.000,4.25,161.45,-4.03,1.35
2026-07-24T19:40:00.000,5.06,151.62,-4.45,2.41
2026-07-24T19:50:00.000,5.18,148.59,-4.42,2.7
2026-07-24T20:00:00.000,5.5,143.89,-4.44,3.24
2026-07-24T20:10:00.000,4.08,108.82,-1.32,3.87
2026-07-24T20:20:00.000,2.33,71.37,0.75,2.21
2026-07-24T20:30:00.000,2.82,352.21,2.79,-0.38
2026-07-24T20:40:00.000,8.06,318.17,6.01,-5.38
2026-07-24T20:50:00.000,15.71,292.18,5.93,-14.54
2026-07-24T21:00:00.000,10.04,277.51,1.31,-9.95
2026-07-24T21:10:00.000,7.18,263.78,-0.78,-7.14
2026-07-24T21:20:00.000,2.28,213.59,-1.9,-1.26
2026-07-24T21:30:00.000,3.3,225.58,-2.31,-2.35
2026-07-24T21:40:00.000,2.41,290.7,0.85,-2.25
2026-07-24T21:50:00.000,5.48,266.21,-0.36,-5.47
2026-07-24T22:00:00.000,5.33,258.56,-1.06,-5.22
2026-07-24T22:10:00.000,6.2,241.82,-2.93,-5.46
2026-07-24T22:20:00.000,4.27,228.16,-2.85,-3.18
2026-07-24T22:30:00.000,5.15,214.89,-4.22,-2.95
2026-07-24T22:40:00.000,4.99,184.55,-4.97,-0.4
2026-07-24T22:50:00.000,5.66,171.04,-5.59,0.88
2026-07-24T23:00:00.000,8.24,162.24,-7.84,2.51
2026-07-24T23:10:00.000,9.66,181.87,-9.65,-0.32
2026-07-24T23:20:00.000,4.06,203.08,-3.74,-1.59
2026-07-24T23:30:00.000,4.74,227.54,-3.2,-3.5
2026-07-24T23:40:00.000,6.53,248.86,-2.36,-6.09
2026-07-24T23:50:00.000,7.07,245.96,-2.88,-6.45
2026-07-25T00:00:00.000,7.3,255.27,-1.86,-7.06
2026-07-25T00:10:00.000,10.59,249.19,-3.76,-9.9
2026-07-25T00:20:00.000,9.51,234.66,-5.5,-7.76
2026-07-25T00:30:00.000,6.85,242.82,-3.13,-6.1
2026-07-25T00:40:00.000,6.35,261.75,-0.91,-6.29
2026-07-25T00:50:00.000,3.61,261.78,-0.52,-3.57
2026-07-25T01:00:00.000,1.57,248.1,-0.58,-1.45
2026-07-25T01:10:00.000,2.61,179.06,-2.61,0.04
2026-07-25T01:20:00.000,2.45,141.4,-1.91,1.53
2026-07-25T01:30:00.000,3.96,120.7,-2.02,3.41
2026-07-25T01:40:00.000,2.81,137.63,-2.07,1.89
2026-07-25T01:50:00.000,3.35,122.97,-1.82,2.81
2026-07-25T02:00:00.000,0.8,251.48,-0.25,-0.75
2026-07-25T02:10:00.000,0.7,279.66,0.12,-0.69
2026-07-25T02:20:00.000,1.04,287.68,0.31,-0.99
2026-07-25T02:30:00.000,2.4,329.62,2.07,-1.21
2026-07-25T02:40:00.000,4.93,316.76,3.59,-3.38
2026-07-25T02:50:00.000,6,306.82,3.6,-4.8
2026-07-25T03:00:00.000,6.85,330.14,5.94,-3.41
2026-07-25T03:10:00.000,6.76,340.33,6.36,-2.27
2026-07-25T03:20:00.000,5.07,357.49,5.07,-0.22
2026-07-25T03:30:00.000,2.95,3.56,2.94,0.18
2026-07-25T03:40:00.000,1.3,298.87,0.63,-1.14
2026-07-25T03:50:00.000,1.51,256.26,-0.36,-1.47
2026-07-25T04:00:00.000,1.64,243.89,-0.72,-1.47
2026-07-25T04:10:00.000,1.65,232.46,-1,-1.31
2026-07-25T04:20:00.000,4.9,223.18,-3.58,-3.36
2026-07-25T04:30:00.000,4.52,196.21,-4.34,-1.26
2026-07-25T04:40:00.000,5.4,196.31,-5.18,-1.52
2026-07-25T04:50:00.000,4.92,197.56,-4.69,-1.49
2026-07-25T05:00:00.000,5.48,222.67,-4.03,-3.72
2026-07-25T05:10:00.000,5.51,241.98,-2.59,-4.86
2026-07-25T05:20:00.000,4.3,231.78,-2.66,-3.38
2026-07-25T05:30:00.000,4.74,202.5,-4.38,-1.81
2026-07-25T05:40:00.000,5.94,186.37,-5.91,-0.66
2026-07-25T05:50:00.000,9.39,177.63,-9.38,0.39
2026-07-25T06:00:00.000,8.56,186.72,-8.5,-1
2026-07-25T06:10:00.000,8.07,195.76,-7.76,-2.19
2026-07-25T06:20:00.000,6.97,199.28,-6.57,-2.3
2026-07-25T06:30:00.000,9.9,190.43,-9.74,-1.79
2026-07-25T06:40:00.000,6.71,159.55,-6.29,2.34
2026-07-25T06:50:00.000,6.4,154.53,-5.78,2.75
2026-07-25T07:00:00.000,5.7,140.99,-4.43,3.59
2026-07-25T07:10:00.000,3.5,119.08,-1.7,3.05
2026-07-25T07:20:00.000,6.08,92.86,-0.3,6.08
2026-07-25T07:30:00.000,6.41,86.02,0.44,6.4
2026-07-25T07:40:00.000,5.35,68.33,1.98,4.97
2026-07-25T07:50:00.000,3.8,82.04,0.53,3.77
2026-07-25T08:00:00.000,2.28,72.3,0.69,2.17
2026-07-25T08:10:00.000,1.8,40.31,1.38,1.17
2026-07-25T08:20:00.000,3.43,19.91,3.22,1.17
2026-07-25T08:30:00.000,5.02,344.83,4.85,-1.31
2026-07-25T08:40:00.000,5.07,327.49,4.27,-2.72
2026-07-25T08:50:00.000,4.34,313.02,2.96,-3.18
2026-07-25T09:00:00.000,18.11,320.03,13.88,-11.63
2026-07-25T09:10:00.000,20.28,321.69,15.91,-12.57
2026-07-25T09:20:00.000,14.22,320.4,10.96,-9.07
2026-07-25T09:30:00.000,7.58,272.06,0.27,-7.58
2026-07-25T09:40:00.000,4.53,44.45,3.24,3.17
2026-07-25T09:50:00.000,4.24,81.08,0.66,4.19
2026-07-25T10:00:00.000,6.41,4.42,6.39,0.49
2026-07-25T10:10:00.000,7.72,4.32,7.7,0.58
2026-07-25T10:20:00.000,6.79,4.74,6.77,0.56
2026-07-25T10:30:00.000,5.34,29.15,4.67,2.6
2026-07-25T10:40:00.000,4.31,48.33,2.87,3.22
2026-07-25T10:50:00.000,3.67,56.64,2.02,3.07
2026-07-25T11:00:00.000,0.71,249.18,-0.25,-0.66
2026-07-25T11:10:00.000,1.17,255.08,-0.3,-1.13
2026-07-25T11:20:00.000,1.6,174.7,-1.59,0.15
2026-07-25T11:30:00.000,4.23,180.59,-4.23,-0.04
2026-07-25T11:40:00.000,1.38,232.96,-0.83,-1.1
2026-07-25T11:50:00.000,3.45,243.97,-1.51,-3.1
2026-07-25T12:00:00.000,4.72,223.78,-3.41,-3.26
2026-07-25T12:10:00.000,5.8,213.08,-4.86,-3.17
2026-07-25T12:20:00.000,5.2,205.76,-4.68,-2.26
2026-07-25T12:30:00.000,6.61,202.05,-6.13,-2.48
2026-07-25T12:40:00.000,4.08,210.44,-3.52,-2.07
2026-07-25T12:50:00.000,5.34,197.28,-5.1,-1.59
2026-07-25T13:00:00.000,5.13,190.82,-5.04,-0.96
2026-07-25T13:10:00.000,5.79,182.33,-5.79,-0.24
2026-07-25T13:20:00.000,5.73,187.03,-5.69,-0.7
2026-07-25T13:30:00.000,5.41,181.41,-5.41,-0.13
2026-07-25T13:40:00.000,4.2,182.02,-4.19,-0.15
2026-07-25T13:50:00.000,3.22,188.44,-3.19,-0.47
2026-07-25T14:00:00.000,3.13,189.44,-3.08,-0.51
2026-07-25T14:10:00.000,2.37,177.71,-2.37,0.1
2026-07-25T14:20:00.000,1.59,251.16,-0.51,-1.5
2026-07-25T14:30:00.000,2.57,285.93,0.7,-2.47
2026-07-25T14:40:00.000,5.68,309.59,3.62,-4.38
2026-07-25T14:50:00.000,6.03,320.75,4.67,-3.82
2026-07-25T15:00:00.000,5.46,318.96,4.12,-3.59
2026-07-25T15:10:00.000,1.73,328,1.46,-0.91
2026-07-25T15:20:00.000,3,331.26,2.63,-1.44
2026-07-25T15:30:00.000,0.98,284.99,0.25,-0.94
2026-07-25T15:40:00.000,0.68,285.97,0.19,-0.65
2026-07-25T15:50:00.000,0.62,33.9,0.51,0.34
2026-07-25T16:00:00.000,2.44,7.22,2.42,0.31
2026-07-25T16:10:00.000,1.09,335.25,0.99,-0.46
2026-07-25T16:20:00.000,2.7,295.88,1.18,-2.43
2026-07-25T16:30:00.000,2.03,283.54,0.48,-1.97
2026-07-25T16:40:00.000,2.73,269.84,-0.01,-2.73
2026-07-25T16:50:00.000,2,271.91,0.07,-2
2026-07-25T17:00:00.000,3.17,216.79,-2.54,-1.9
2026-07-25T17:10:00.000,1.14,248.55,-0.42,-1.06
2026-07-25T17:20:00.000,0.96,245.08,-0.4,-0.87
2026-07-25T17:30:00.000,1.06,205.65,-0.96,-0.46
2026-07-25T17:40:00.000,0.98,214.59,-0.8,-0.55
2026-07-25T17:50:00.000,3.23,196.14,-3.11,-0.9
2026-07-25T18:00:00.000,3.06,201.34,-2.85,-1.11
2026-07-25T18:10:00.000,3.62,185.34,-3.61,-0.34
2026-07-25T18:20:00.000,3.53,194.41,-3.41,-0.88
2026-07-25T18:30:00.000,3.38,181.12,-3.38,-0.07
2026-07-25T18:40:00.000,0.76,230.17,-0.49,-0.59
2026-07-25T18:50:00.000,1.18,254.99,-0.31,-1.14
2026-07-25T19:00:00.000,0.67,241.87,-0.31,-0.59
2026-07-25T19:10:00.000,1.03,149.63,-0.89,0.52
2026-07-25T19:20:00.000,2.59,115.01,-1.09,2.34
2026-07-25T19:30:00.000,5.94,125.59,-3.46,4.83
2026-07-25T19:40:00.000,5.85,124.38,-3.3,4.83
2026-07-25T19:50:00.000,5.89,132.46,-3.97,4.34
2026-07-25T20:00:00.000,5.79,127.95,-3.56,4.57
2026-07-25T20:10:00.000,7.31,92.32,-0.3,7.31
2026-07-25T20:20:00.000,9.95,84.81,0.9,9.91
2026-07-25T20:30:00.000,5.19,63.9,2.28,4.66
2026-07-25T20:40:00.000,4.76,24.92,4.32,2.01
2026-07-25T20:50:00.000,6.53,16.68,6.25,1.87
2026-07-25T21:00:00.000,11.4,28.08,10.06,5.37
2026-07-25T21:10:00.000,5.03,46.98,3.43,3.67
2026-07-25T21:20:00.000,4.51,55.02,2.58,3.69
2026-07-25T21:30:00.000,3.13,273.6,0.2,-3.12
2026-07-25T21:40:00.000,6.34,264.97,-0.56,-6.31
2026-07-25T21:50:00.000,5.02,258.02,-1.04,-4.91
2026-07-25T22:00:00.000,3.78,262.97,-0.46,-3.75
2026-07-25T22:10:00.000,0.8,250.79,-0.26,-0.75
2026-07-25T22:20:00.000,1.83,61.09,0.88,1.6
2026-07-25T22:30:00.000,1.76,326.99,1.47,-0.96
2026-07-25T22:40:00.000,2.02,335.71,1.84,-0.83
2026-07-25T22:50:00.000,0.64,279.62,0.11,-0.63
2026-07-25T23:00:00.000,0.65,270.39,0,-0.65
2026-07-25T23:10:00.000,0.53,285.09,0.14,-0.52
2026-07-25T23:20:00.000,0.51,254.32,-0.14,-0.49
2026-07-25T23:30:00.000,2.16,162.11,-2.06,0.66
2026-07-25T23:40:00.000,0.91,169.65,-0.9,0.16
2026-07-25T23:50:00.000,0.17,99.25,-0.03,0.17
2026-07-26T00:00:00.000,1.6,83.29,0.19,1.59
2026-07-26T00:10:00.000,2.34,99.82,-0.4,2.31
2026-07-26T00:20:00.000,0.3,87.91,0.01,0.3
2026-07-26T00:30:00.000,0.55,311.66,0.36,-0.41
2026-07-26T00:40:00.000,0.76,267.65,-0.03,-0.75
2026-07-26T00:50:00.000,1.6,319.24,1.22,-1.05
2026-07-26T01:00:00.000,2.32,33.87,1.93,1.3
2026-07-26T01:10:00.000,2.22,18.67,2.11,0.71
2026-07-26T01:20:00.000,1.69,8.37,1.67,0.25
2026-07-26T01:30:00.000,1.69,3.52,1.69,0.1
2026-07-26T01:40:00.000,1.37,7.2,1.36,0.17
2026-07-26T01:50:00.000,2.58,355.84,2.57,-0.19
2026-07-26T02:00:00.000,5.55,334.33,5,-2.41
2026-07-26T02:10:00.000,5.11,0.23,5.11,0.02
2026-07-26T02:20:00.000,4.5,333.14,4.01,-2.03
2026-07-26T02:30:00.000,4.17,338.97,3.89,-1.5
2026-07-26T02:40:00.000,2.02,317.69,1.5,-1.36
2026-07-26T02:50:00.000,2.12,321.25,1.65,-1.32
2026-07-26T03:00:00.000,2.99,353.87,2.97,-0.32
2026-07-26T03:10:00.000,2.36,302.25,1.26,-2
2026-07-26T03:20:00.000,1.9,297.78,0.89,-1.68
2026-07-26T03:30:00.000,0.97,274.27,0.07,-0.97
2026-07-26T03:40:00.000,1.11,272.35,0.05,-1.1
2026-07-26T03:50:00.000,2.46,287.37,0.74,-2.35
2026-07-26T04:00:00.000,1.25,268.97,-0.02,-1.25
2026-07-26T04:10:00.000,0.93,277.58,0.12,-0.92
2026-07-26T04:20:00.000,0.56,280.38,0.1,-0.55
2026-07-26T04:30:00.000,0.35,255.24,-0.09,-0.34
2026-07-26T04:40:00.000,0.79,273.78,0.05,-0.79
2026-07-26T04:50:00.000,1.53,289.66,0.51,-1.44
2026-07-26T05:00:00.000,1.58,264.76,-0.14,-1.57
2026-07-26T05:10:00.000,4.44,257.31,-0.97,-4.33
2026-07-26T05:20:00.000,4.39,247.35,-1.69,-4.05
2026-07-26T05:30:00.000,4.65,260.7,-0.75,-4.59
2026-07-26T05:40:00.000,3.86,273.55,0.24,-3.86
2026-07-26T05:50:00.000,7.17,257.53,-1.55,-7
2026-07-26T06:00:00.000,4.36,293.69,1.75,-3.99
2026-07-26T06:10:00.000,2.61,267.23,-0.13,-2.61
2026-07-26T06:20:00.000,3.8,254.95,-0.99,-3.67
2026-07-26T06:30:00.000,3.92,256.19,-0.94,-3.8
2026-07-26T06:40:00.000,0.67,270.89,0.01,-0.67
2026-07-26T06:50:00.000,0.16,210.61,-0.14,-0.08
2026-07-26T07:00:00.000,0.79,108.26,-0.25,0.75
2026-07-26T07:10:00.000,1.52,141.8,-1.2,0.94
2026-07-26T07:20:00.000,2.65,167.9,-2.59,0.56
2026-07-26T07:30:00.000,4.11,169.78,-4.05,0.73
2026-07-26T07:40:00.000,4.25,196.29,-4.08,-1.19
2026-07-26T07:50:00.000,3.55,216.36,-2.86,-2.1
2026-07-26T08:00:00.000,3.96,218,-3.12,-2.44
2026-07-26T08:10:00.000,4.2,203.53,-3.85,-1.68
2026-07-26T08:20:00.000,5.21,194.55,-5.04,-1.31
2026-07-26T08:30:00.000,5.08,184.79,-5.06,-0.42
2026-07-26T08:40:00.000,1.87,172.78,-1.85,0.23
2026-07-26T08:50:00.000,3.68,110.49,-1.29,3.44
2026-07-26T09:00:00.000,4.42,72.22,1.35,4.21
2026-07-26T09:10:00.000,4.98,76.09,1.2,4.84
2026-07-26T09:20:00.000,1.92,89.05,0.03,1.92
2026-07-26T09:30:00.000,2.46,92.66,-0.11,2.46
2026-07-26T09:40:00.000,2.46,41.89,1.83,1.64
2026-07-26T09:50:00.000,5.78,3.98,5.76,0.4
2026-07-26T10:00:00.000,12.01,23.46,11.02,4.78
2026-07-26T10:10:00.000,5.31,45.41,3.73,3.78
2026-07-26T10:20:00.000,10.07,42.06,7.48,6.75
2026-07-26T10:30:00.000,10.63,42.07,7.89,7.13
2026-07-26T10:40:00.000,7.3,352.17,7.23,-0.99
2026-07-26T10:50:00.000,10.04,348.81,9.85,-1.95
2026-07-26T11:00:00.000,9.48,335.48,8.63,-3.93
2026-07-26T11:10:00.000,9.22,350.3,9.09,-1.55
2026-07-26T11:20:00.000,10.77,349.83,10.6,-1.9
2026-07-26T11:30:00.000,7.06,332.8,6.28,-3.23
2026-07-26T11:40:00.000,4.74,333.8,4.25,-2.09
2026-07-26T11:50:00.000,2.77,314.99,1.96,-1.96
2026-07-26T12:00:00.000,1.03,332,0.91,-0.48
2026-07-26T12:10:00.000,0.94,326.98,0.79,-0.51
2026-07-26T12:20:00.000,0.72,357.62,0.72,-0.03
2026-07-26T12:30:00.000,0.83,337.79,0.77,-0.32
2026-07-26T12:40:00.000,0.61,325.53,0.5,-0.35
2026-07-26T12:50:00.000,0.61,342.47,0.58,-0.18
2026-07-26T13:00:00.000,0.28,56.4,0.16,0.23
2026-07-26T13:10:00.000,0.48,243.34,-0.21,-0.43
2026-07-26T13:20:00.000,0.92,235.66,-0.52,-0.76
2026-07-26T13:30:00.000,0.8,229.17,-0.52,-0.6
2026-07-26T13:40:00.000,0.76,250.56,-0.25,-0.72
2026-07-26T13:50:00.000,0.87,194.13,-0.85,-0.21
2026-07-26T14:00:00.000,1.98,145.41,-1.63,1.13
2026-07-26T14:10:00.000,4.62,193.44,-4.49,-1.07
2026-07-26T14:20:00.000,4,174.97,-3.99,0.35
2026-07-26T14:30:00.000,4.77,171.35,-4.71,0.72
2026-07-26T14:40:00.000,2.83,202.74,-2.61,-1.09
2026-07-26T14:50:00.000,2.53,247.35,-0.97,-2.33
2026-07-26T15:00:00.000,0.84,256.06,-0.2,-0.81
2026-07-26T15:10:00.000,0.67,200.66,-0.63,-0.24
2026-07-26T15:20:00.000,1.85,200,-1.74,-0.63
2026-07-26T15:30:00.000,0.99,254.15,-0.27,-0.95
2026-07-26T15:40:00.000,1.51,237.6,-0.81,-1.27
2026-07-26T15:50:00.000,1.43,271.47,0.04,-1.43
2026-07-26T16:00:00.000,2.63,303.42,1.45,-2.2
2026-07-26T16:10:00.000,1.84,290.1,0.63,-1.73
2026-07-26T16:20:00.000,3.73,314.4,2.61,-2.67
2026-07-26T16:30:00.000,4.75,338.94,4.43,-1.71
2026-07-26T16:40:00.000,8.04,358.26,8.03,-0.24
2026-07-26T16:50:00.000,6.4,13.23,6.23,1.47
2026-07-26T17:00:00.000,8.18,31.88,6.95,4.32
2026-07-26T17:10:00.000,5.25,23.39,4.82,2.09
2026-07-26T17:20:00.000,6.63,3.37,6.62,0.39
2026-07-26T17:30:00.000,5.73,354.16,5.7,-0.58
2026-07-26T17:40:00.000,8.26,342.82,7.89,-2.44
2026-07-26T17:50:00.000,7.68,345.01,7.42,-1.99
2026-07-26T18:00:00.000,4.84,341.68,4.6,-1.52
2026-07-26T18:10:00.000,3.06,323.68,2.47,-1.81
2026-07-26T18:20:00.000,0.64,319.24,0.49,-0.42
2026-07-26T18:30:00.000,2.23,39.36,1.73,1.42
2026-07-26T18:40:00.000,0.59,17.9,0.56,0.18
2026-07-26T18:50:00.000,0.52,251.61,-0.16,-0.49
2026-07-26T19:00:00.000,0.87,320.28,0.67,-0.56
2026-07-26T19:10:00.000,0.59,301.18,0.31,-0.51
2026-07-26T19:20:00.000,2.92,340.97,2.76,-0.95
2026-07-26T19:30:00.000,1.3,340.98,1.23,-0.42
2026-07-26T19:40:00.000,0.64,296.54,0.29,-0.58
2026-07-26T19:50:00.000,4.32,158.18,-4.01,1.61
2026-07-26T20:00:00.000,4.37,157.91,-4.05,1.64
2026-07-26T20:10:00.000,3.69,174.95,-3.68,0.32
2026-07-26T20:20:00.000,5.05,189.83,-4.98,-0.86
2026-07-26T20:30:00.000,6.42,201.07,-6,-2.31
2026-07-26T20:40:00.000,6.61,194.77,-6.39,-1.69
2026-07-26T20:50:00.000,7.64,177.37,-7.63,0.35
2026-07-26T21:00:00.000,7.99,181.49,-7.98,-0.21
2026-07-26T21:10:00.000,5.82,188.87,-5.75,-0.9
2026-07-26T21:20:00.000,4.97,173.99,-4.94,0.52
2026-07-26T21:30:00.000,6.1,141.41,-4.76,3.8
2026-07-26T21:40:00.000,5.23,153.28,-4.67,2.35
2026-07-26T21:50:00.000,5.08,153.95,-4.57,2.23
2026-07-26T22:00:00.000,5.44,109.98,-1.86,5.11
2026-07-26T22:10:00.000,4.15,95.21,-0.38,4.13
2026-07-26T22:20:00.000,5.36,79.71,0.96,5.28
2026-07-26T22:30:00.000,5.1,85.42,0.41,5.08
2026-07-26T22:40:00.000,5.19,85.47,0.41,5.17
2026-07-26T22:50:00.000,5.53,79.79,0.98,5.44
2026-07-26T23:00:00.000,3.19,93.45,-0.19,3.19
2026-07-26T23:10:00.000,3.39,6.45,3.37,0.38
2026-07-26T23:20:00.000,4.01,6.96,3.98,0.49
2026-07-26T23:30:00.000,4.62,35.14,3.78,2.66
2026-07-26T23:40:00.000,4.41,15.76,4.24,1.2
2026-07-26T23:50:00.000,4.79,12.99,4.66,1.08
2026-07-27T00:00:00.000,2.33,317.54,1.72,-1.57
2026-07-27T00:10:00.000,3.41,303.67,1.89,-2.84
2026-07-27T00:20:00.000,14.11,213.39,-11.78,-7.77
2026-07-27T00:30:00.000,10.76,201.58,-10,-3.96
2026-07-27T00:40:00.000,8.68,276.24,0.94,-8.63
2026-07-27T00:50:00.000,4.94,266.19,-0.33,-4.92
2026-07-27T01:00:00.000,4.21,257.61,-0.9,-4.11
2026-07-27T01:10:00.000,1.61,278.5,0.24,-1.59
2026-07-27T01:20:00.000,0.4,291.41,0.15,-0.38
2026-07-27T01:30:00.000,1.24,179.84,-1.24,0
2026-07-27T01:40:00.000,0.76,184.87,-0.76,-0.06
2026-07-27T01:50:00.000,1.28,190.54,-1.26,-0.23
2026-07-27T02:00:00.000,2.17,182.94,-2.17,-0.11
2026-07-27T02:10:00.000,3.82,172.45,-3.78,0.5
2026-07-27T02:20:00.000,3.95,185.03,-3.94,-0.35
2026-07-27T02:30:00.000,4.14,186.64,-4.11,-0.48
2026-07-27T02:40:00.000,4.92,148.6,-4.2,2.56
2026-07-27T02:50:00.000,4.45,175.17,-4.43,0.37
2026-07-27T03:00:00.000,4.96,220.51,-3.77,-3.22
2026-07-27T03:10:00.000,6.7,230.21,-4.29,-5.15
2026-07-27T03:20:00.000,3.75,254.36,-1.01,-3.62
2026-07-27T03:30:00.000,6.03,237.19,-3.27,-5.07
2026-07-27T03:40:00.000,3.55,231.95,-2.19,-2.8
2026-07-27T03:50:00.000,6.05,231.16,-3.8,-4.71
2026-07-27T04:00:00.000,4.86,222.62,-3.57,-3.29
2026-07-27T04:10:00.000,4.65,205.5,-4.2,-2
2026-07-27T04:20:00.000,4.35,197.1,-4.16,-1.28
2026-07-27T04:30:00.000,4.07,198.72,-3.86,-1.31
2026-07-27T04:40:00.000,3.59,209.59,-3.13,-1.77
2026-07-27T04:50:00.000,4.05,178.64,-4.05,0.1
2026-07-27T05:00:00.000,3.76,166.64,-3.65,0.87
2026-07-27T05:10:00.000,3.45,161.4,-3.27,1.1
2026-07-27T05:20:00.000,1.05,207.56,-0.93,-0.49
2026-07-27T05:30:00.000,1.18,188.49,-1.16,-0.17
2026-07-27T05:40:00.000,3.6,156.45,-3.3,1.44
2026-07-27T05:50:00.000,6.57,163.82,-6.31,1.83
2026-07-27T06:00:00.000,3.37,187.54,-3.34,-0.44
2026-07-27T06:10:00.000,3.65,218.59,-2.85,-2.28
2026-07-27T06:20:00.000,3.97,234.43,-2.31,-3.23
2026-07-27T06:30:00.000,3.45,205.67,-3.11,-1.49
2026-07-27T06:40:00.000,3.98,215.1,-3.26,-2.29
2026-07-27T06:50:00.000,3.31,216.26,-2.67,-1.96
2026-07-27T07:00:00.000,3.63,192.93,-3.54,-0.81
2026-07-27T07:10:00.000,1.65,202.33,-1.53,-0.63
2026-07-27T07:20:00.000,0.8,224.49,-0.57,-0.56
2026-07-27T07:30:00.000,2.5,325.89,2.07,-1.4
2026-07-27T07:40:00.000,2.16,298.24,1.02,-1.9
2026-07-27T07:50:00.000,4.3,343.56,4.12,-1.22
2026-07-27T08:00:00.000,2.48,347.37,2.42,-0.54
2026-07-27T08:10:00.000,2.71,324.52,2.21,-1.57
2026-07-27T08:20:00.000,0.89,319.81,0.68,-0.57
2026-07-27T08:30:00.000,1.8,15.51,1.74,0.48
2026-07-27T08:40:00.000,0.39,255.13,-0.1,-0.38
2026-07-27T08:50:00.000,0.69,227.21,-0.47,-0.51
2026-07-27T09:00:00.000,0.66,217.83,-0.52,-0.4
2026-07-27T09:10:00.000,0.96,228.22,-0.64,-0.72
2026-07-27T09:20:00.000,0.94,221.23,-0.71,-0.62
2026-07-27T09:30:00.000,1.01,249.29,-0.36,-0.94
2026-07-27T09:40:00.000,0.65,234.27,-0.38,-0.53
2026-07-27T09:50:00.000,1.17,235.54,-0.66,-0.96
2026-07-27T10:00:00.000,2.08,217.49,-1.65,-1.27
2026-07-27T10:10:00.000,1.26,229.02,-0.82,-0.95
2026-07-27T10:20:00.000,3.96,228.66,-2.62,-2.98
2026-07-27T10:30:00.000,4.71,219.61,-3.63,-3
2026-07-27T10:40:00.000,4.49,219.82,-3.45,-2.88
2026-07-27T10:50:00.000,3.45,241.59,-1.64,-3.04
2026-07-27T11:00:00.000,5.18,232.9,-3.13,-4.13
2026-07-27T11:10:00.000,6.2,248.37,-2.29,-5.76
2026-07-27T11:20:00.000,7.95,228.88,-5.23,-5.99
2026-07-27T11:30:00.000,7.35,218.66,-5.74,-4.59
2026-07-27T11:40:00.000,6.29,216.35,-5.06,-3.73
2026-07-27T11:50:00.000,5.38,208.95,-4.7,-2.6
2026-07-27T12:00:00.000,3.34,216.11,-2.7,-1.97
2026-07-27T12:10:00.000,4.47,203.01,-4.12,-1.75
2026-07-27T12:20:00.000,4.88,209.61,-4.24,-2.41
2026-07-27T12:30:00.000,3.61,210.39,-3.12,-1.83
2026-07-27T12:40:00.000,2.09,209.93,-1.81,-1.04
2026-07-27T12:50:00.000,3.76,206.61,-3.36,-1.68
2026-07-27T13:00:00.000,2.88,213.45,-2.4,-1.59
2026-07-27T13:10:00.000,1.85,212.5,-1.56,-1
2026-07-27T13:20:00.000,1.53,242.79,-0.7,-1.36
2026-07-27T13:30:00.000,1.1,239.65,-0.56,-0.95
2026-07-27T13:40:00.000,4.03,235.73,-2.27,-3.33
2026-07-27T13:50:00.000,3.43,242.02,-1.61,-3.03
2026-07-27T14:00:00.000,3.03,261.22,-0.46,-3
2026-07-27T14:10:00.000,1.72,263.6,-0.19,-1.71
2026-07-27T14:20:00.000,3.91,266.08,-0.27,-3.9
2026-07-27T14:30:00.000,1.77,250.28,-0.6,-1.66
2026-07-27T14:40:00.000,1.5,257.57,-0.32,-1.47
2026-07-27T14:50:00.000,1.69,242.39,-0.78,-1.5
2026-07-27T15:00:00.000,3,235.99,-1.68,-2.49
2026-07-27T15:10:00.000,3.7,245.75,-1.52,-3.37
2026-07-27T15:20:00.000,5.22,242.72,-2.39,-4.64
2026-07-27T15:30:00.000,4.72,235.53,-2.67,-3.89
2026-07-27T15:40:00.000,4.78,225.65,-3.34,-3.42
2026-07-27T15:50:00.000,4.39,208.47,-3.86,-2.09
2026-07-27T16:00:00.000,5.28,197.73,-5.03,-1.61
2026-07-27T16:10:00.000,4.23,196.11,-4.07,-1.17
2026-07-27T16:20:00.000,2.93,212.73,-2.46,-1.58
2026-07-27T16:30:00.000,1.44,219.05,-1.12,-0.91
2026-07-27T16:40:00.000,2.5,206.54,-2.24,-1.12
2026-07-27T16:50:00.000,3.26,177.61,-3.26,0.14
2026-07-27T17:00:00.000,2.49,185.32,-2.47,-0.23
2026-07-27T17:10:00.000,1.34,199.06,-1.26,-0.44
2026-07-27T17:20:00.000,1.85,273.46,0.11,-1.84
2026-07-27T17:30:00.000,0.7,268.41,-0.02,-0.7
2026-07-27T17:40:00.000,0.46,322.57,0.36,-0.28
2026-07-27T17:50:00.000,1.12,95.4,-0.11,1.11
2026-07-27T18:00:00.000,2.19,54.4,1.28,1.78
2026-07-27T18:10:00.000,2.74,53.97,1.61,2.22
2026-07-27T18:20:00.000,1.69,76.13,0.4,1.64
2026-07-27T18:30:00.000,0.33,87.14,0.02,0.33
2026-07-27T18:40:00.000,0.3,227.79,-0.2,-0.22
2026-07-27T18:50:00.000,0.36,204.15,-0.33,-0.15
2026-07-27T19:00:00.000,0.47,240.85,-0.23,-0.41
2026-07-27T19:10:00.000,0.53,242.45,-0.25,-0.47
2026-07-27T19:20:00.000,0.54,227.94,-0.36,-0.4
2026-07-27T19:30:00.000,1.5,202.4,-1.39,-0.57
2026-07-27T19:40:00.000,2.43,212.7,-2.04,-1.31
2026-07-27T19:50:00.000,2.95,192.17,-2.89,-0.62
2026-07-27T20:00:00.000,4.64,183.25,-4.63,-0.26
2026-07-27T20:10:00.000,3.56,204.53,-3.23,-1.48
2026-07-27T20:20:00.000,1.93,234.03,-1.14,-1.56
2026-07-27T20:30:00.000,1.66,245.52,-0.69,-1.51
2026-07-27T20:40:00.000,1.97,276.9,0.24,-1.96
2026-07-27T20:50:00.000,1.86,295.08,0.79,-1.69
2026-07-27T21:00:00.000,0.8,259.39,-0.15,-0.79
2026-07-27T21:10:00.000,1.19,39.72,0.92,0.76
2026-07-27T21:20:00.000,4.12,45.15,2.91,2.92
2026-07-27T21:30:00.000,4.87,49.95,3.13,3.73
2026-07-27T21:40:00.000,4.53,35.79,3.67,2.65
2026-07-27T21:50:00.000,5.7,38.63,4.45,3.56
2026-07-27T22:00:00.000,5.69,35.59,4.62,3.31
2026-07-27T22:10:00.000,4.51,41.85,3.36,3.01
2026-07-27T22:20:00.000,4.01,61.77,1.9,3.54
2026-07-27T22:30:00.000,0.19,4.13,0.19,0.01
2026-07-27T22:40:00.000,0.85,276.3,0.09,-0.84
2026-07-27T22:50:00.000,1.91,268.61,-0.05,-1.91
2026-07-27T23:00:00.000,1.72,308.62,1.07,-1.34
2026-07-27T23:10:00.000,3.31,319.86,2.53,-2.13
2026-07-27T23:20:00.000,2.74,332.87,2.44,-1.25
2026-07-27T23:30:00.000,1.41,335.96,1.29,-0.57
2026-07-27T23:40:00.000,0.23,347.41,0.22,-0.05
2026-07-27T23:50:00.000,0.83,130.8,-0.54,0.63
2026-07-28T00:00:00.000,0.53,228.08,-0.36,-0.4
2026-07-28T00:10:00.000,1.86,246.73,-0.73,-1.7
2026-07-28T00:20:00.000,2.94,290.34,1.02,-2.76
2026-07-28T00:30:00.000,2.02,287.64,0.61,-1.93
2026-07-28T00:40:00.000,0.72,244.97,-0.3,-0.65
2026-07-28T00:50:00.000,0.39,219.54,-0.3,-0.25
2026-07-28T01:00:00.000,0.86,130.67,-0.56,0.65
2026-07-28T01:10:00.000,0.37,181.6,-0.37,-0.01
2026-07-28T01:20:00.000,1.26,28.81,1.11,0.61
2026-07-28T01:30:00.000,2.69,16.71,2.57,0.77
2026-07-28T01:40:00.000,5.03,43.5,3.65,3.47
2026-07-28T01:50:00.000,7.88,55.79,4.43,6.52
2026-07-28T02:00:00.000,6.38,58.64,3.32,5.45
2026-07-28T02:10:00.000,5.46,45.72,3.82,3.91
2026-07-28T02:20:00.000,4.06,21.07,3.79,1.46
2026-07-28T02:30:00.000,4.03,345.04,3.89,-1.04
2026-07-28T02:40:00.000,3.25,332.87,2.9,-1.48
2026-07-28T02:50:00.000,4.13,276.95,0.5,-4.1
2026-07-28T03:00:00.000,5.11,269.23,-0.07,-5.11
2026-07-28T03:10:00.000,5.27,280.04,0.92,-5.19
2026-07-28T03:20:00.000,2.58,260.99,-0.4,-2.55
2026-07-28T03:30:00.000,1.16,249.27,-0.41,-1.08
2026-07-28T03:40:00.000,1.03,252.63,-0.31,-0.98
2026-07-28T03:50:00.000,1.08,244.9,-0.46,-0.98
2026-07-28T04:00:00.000,0.96,255.42,-0.24,-0.93
2026-07-28T04:10:00.000,0.82,237.34,-0.44,-0.69
2026-07-28T04:20:00.000,1.03,254.53,-0.28,-0.99
2026-07-28T04:30:00.000,2.9,241.67,-1.37,-2.55
2026-07-28T04:40:00.000,1.48,237.99,-0.78,-1.25
2026-07-28T04:50:00.000,1.71,238.26,-0.9,-1.46
2026-07-28T05:00:00.000,1.51,239.91,-0.75,-1.3
2026-07-28T05:10:00.000,1.08,229.65,-0.7,-0.83
2026-07-28T05:20:00.000,1.99,196.97,-1.91,-0.58
2026-07-28T05:30:00.000,1.89,191.8,-1.85,-0.39
2026-07-28T05:40:00.000,1.73,178.3,-1.73,0.05
2026-07-28T05:50:00.000,2.2,189.64,-2.17,-0.37
2026-07-28T06:00:00.000,3.94,174.43,-3.92,0.38
2026-07-28T06:10:00.000,3.04,202.22,-2.82,-1.15
2026-07-28T06:20:00.000,2.25,210.71,-1.94,-1.15
2026-07-28T06:30:00.000,4.62,182.8,-4.61,-0.23
2026-07-28T06:40:00.000,6.52,176.84,-6.51,0.36
2026-07-28T06:50:00.000,5.65,175.26,-5.63,0.47
2026-07-28T07:00:00.000,4.72,186.55,-4.69,-0.54
2026-07-28T07:10:00.000,5.39,215.99,-4.36,-3.17
2026-07-28T07:20:00.000,4.72,220.76,-3.57,-3.08
2026-07-28T07:30:00.000,4.88,226.4,-3.36,-3.53
2026-07-28T07:40:00.000,4.91,210.63,-4.22,-2.5
2026-07-28T07:50:00.000,2.95,192.56,-2.88,-0.64
2026-07-28T08:00:00.000,5.08,194.54,-4.92,-1.27
2026-07-28T08:10:00.000,4.6,197.98,-4.37,-1.42
2026-07-28T08:20:00.000,4.04,189.1,-3.99,-0.64
2026-07-28T08:30:00.000,5.09,192.9,-4.96,-1.14
2026-07-28T08:40:00.000,5.42,202.44,-5.01,-2.07
2026-07-28T08:50:00.000,6.6,204.44,-6.01,-2.73
2026-07-28T09:00:00.000,8,201.98,-7.42,-2.99
2026-07-28T09:10:00.000,7,200.76,-6.55,-2.48
2026-07-28T09:20:00.000,7.14,204.48,-6.5,-2.96
2026-07-28T09:30:00.000,5.72,202.55,-5.28,-2.19
2026-07-28T09:40:00.000,7.92,183.71,-7.9,-0.51
2026-07-28T09:50:00.000,4.77,179.04,-4.77,0.08
2026-07-28T10:00:00.000,4.68,180.79,-4.68,-0.06
2026-07-28T10:10:00.000,1.66,144.77,-1.35,0.95
2026-07-28T10:20:00.000,0.29,61.66,0.14,0.26
2026-07-28T10:30:00.000,0.64,145.01,-0.52,0.36
2026-07-28T10:40:00.000,2.94,67.33,1.13,2.71
2026-07-28T10:50:00.000,5.18,55.57,2.93,4.27
2026-07-28T11:00:00.000,3.91,43.88,2.81,2.71
2026-07-28T11:10:00.000,12.21,31.64,10.39,6.4
2026-07-28T11:20:00.000,12.89,27.41,11.45,5.94
2026-07-28T11:30:00.000,8.57,11.37,8.41,1.69
2026-07-28T11:40:00.000,4.98,349.57,4.9,-0.9
2026-07-28T11:50:00.000,3.68,345.98,3.57,-0.89
2026-07-28T12:00:00.000,0.7,280.24,0.12,-0.68
2026-07-28T12:10:00.000,2.67,343.45,2.56,-0.76
2026-07-28T12:20:00.000,4.4,1.61,4.4,0.12
2026-07-28T12:30:00.000,4.96,27.28,4.41,2.27
2026-07-28T12:40:00.000,4.86,17.02,4.65,1.42
2026-07-28T12:50:00.000,5.12,345.16,4.95,-1.31
2026-07-28T13:00:00.000,4.29,309.42,2.73,-3.32
2026-07-28T13:10:00.000,6.07,284.38,1.51,-5.88
2026-07-28T13:20:00.000,5.44,289.8,1.84,-5.12
2026-07-28T13:30:00.000,7.29,247.3,-2.82,-6.73
2026-07-28T13:40:00.000,8.49,235.34,-4.83,-6.98
2026-07-28T13:50:00.000,6.62,224.93,-4.69,-4.68
2026-07-28T14:00:00.000,4.72,216.3,-3.8,-2.79
2026-07-28T14:10:00.000,3.02,208.43,-2.66,-1.44
2026-07-28T14:20:00.000,4.68,190.2,-4.6,-0.83
2026-07-28T14:30:00.000,5.07,204.46,-4.61,-2.1
2026-07-28T14:40:00.000,5.32,190.36,-5.23,-0.96
2026-07-28T14:50:00.000,4.76,180.12,-4.76,-0.01
2026-07-28T15:00:00.000,2.09,173.94,-2.08,0.22
2026-07-28T15:10:00.000,0.61,246.62,-0.24,-0.56
2026-07-28T15:20:00.000,0.71,248.42,-0.26,-0.66
2026-07-28T15:30:00.000,0.72,246.9,-0.28,-0.66
2026-07-28T15:40:00.000,0.63,236.3,-0.35,-0.52
2026-07-28T15:50:00.000,0.56,244.51,-0.24,-0.5
2026-07-28T16:00:00.000,0.13,293.68,0.05,-0.12
2026-07-28T16:10:00.000,1.63,34.69,1.34,0.93
2026-07-28T16:20:00.000,0.97,335.06,0.88,-0.41
2026-07-28T16:30:00.000,1.05,280.89,0.2,-1.04
2026-07-28T16:40:00.000,3.19,248.97,-1.14,-2.97
2026-07-28T16:50:00.000,2.32,230.14,-1.49,-1.78
2026-07-28T17:00:00.000,1.56,237.67,-0.84,-1.32
2026-07-28T17:10:00.000,3.75,248.7,-1.36,-3.5
2026-07-28T17:20:00.000,3.61,275.04,0.32,-3.59
2026-07-28T17:30:00.000,7.16,236.76,-3.93,-5.99
2026-07-28T17:40:00.000,5.91,261.08,-0.92,-5.84
2026-07-28T17:50:00.000,2.42,265.93,-0.17,-2.41
2026-07-28T18:00:00.000,0.89,270.05,0,-0.89
2026-07-28T18:10:00.000,0.24,236.84,-0.13,-0.2
2026-07-28T18:20:00.000,4.49,113.26,-1.77,4.13
2026-07-28T18:30:00.000,3.79,104.03,-0.92,3.68
2026-07-28T18:40:00.000,5.04,101.92,-1.04,4.93
2026-07-28T18:50:00.000,5.81,66.76,2.29,5.34
2026-07-28T19:00:00.000,5.21,57.49,2.8,4.39
2026-07-28T19:10:00.000,4.74,62.04,2.22,4.19
2026-07-28T19:20:00.000,5.34,49.74,3.45,4.07
2026-07-28T19:30:00.000,3.96,47.4,2.68,2.91
2026-07-28T19:40:00.000,2.75,68.29,1.02,2.56
2026-07-28T19:50:00.000,7.26,273.42,0.43,-7.25
2026-07-28T20:00:00.000,7.32,260.94,-1.15,-7.22
2026-07-28T20:10:00.000,7.07,241.17,-3.41,-6.19
2026-07-28T20:20:00.000,4.67,230.68,-2.96,-3.61
2026-07-28T20:30:00.000,6.01,196.58,-5.76,-1.71
2026-07-28T20:40:00.000,7.8,186.64,-7.75,-0.9
2026-07-28T20:50:00.000,8.34,186.16,-8.29,-0.89
2026-07-28T21:00:00.000,9.22,196.01,-8.86,-2.54
2026-07-28T21:10:00.000,10.23,189.96,-10.07,-1.77
2026-07-28T21:20:00.000,7.13,179.26,-7.13,0.09
2026-07-28T21:30:00.000,6.65,145.55,-5.48,3.76
2026-07-28T21:40:00.000,7.57,152.86,-6.74,3.45
2026-07-28T21:50:00.000,5.66,179.31,-5.66,0.07
2026-07-28T22:00:00.000,3.95,142.36,-3.13,2.41
2026-07-28T22:10:00.000,5.36,105.71,-1.45,5.16
2026-07-28T22:20:00.000,6.06,85.22,0.5,6.03
2026-07-28T22:30:00.000,6.97,92.16,-0.26,6.97
2026-07-28T22:40:00.000,3.39,65.96,1.38,3.1
2026-07-28T22:50:00.000,3.95,34.82,3.24,2.25
2026-07-28T23:00:00.000,6.62,58.86,3.42,5.67
2026-07-28T23:10:00.000,6.18,78.24,1.26,6.05
2026-07-28T23:20:00.000,3.7,60.73,1.81,3.23
2026-07-28T23:30:00.000,1.89,344.38,1.83,-0.51
2026-07-28T23:40:00.000,5.21,9.2,5.15,0.83
2026-07-28T23:50:00.000,6.19,35.87,5.02,3.63
2026-07-29T00:00:00.000,4.19,70.32,1.41,3.95
2026-07-29T00:10:00.000,0.4,58.73,0.21,0.34
2026-07-29T00:20:00.000,0.8,248.39,-0.3,-0.75
2026-07-29T00:30:00.000,4.79,2.64,4.79,0.22
2026-07-29T00:40:00.000,12.39,61.39,5.93,10.88
2026-07-29T00:50:00.000,7.22,55.8,4.06,5.97
2026-07-29T01:00:00.000,6.67,45.39,4.68,4.75
2026-07-29T01:10:00.000,6.02,52.48,3.66,4.77
2026-07-29T01:20:00.000,2.94,53.52,1.75,2.37
2026-07-29T01:30:00.000,4.85,348.5,4.75,-0.97
2026-07-29T01:40:00.000,5.59,199.43,-5.28,-1.86
2026-07-29T01:50:00.000,4.9,274.53,0.39,-4.88
2026-07-29T02:00:00.000,3.46,281.87,0.71,-3.38
2026-07-29T02:10:00.000,4.81,359.07,4.81,-0.08
2026-07-29T02:20:00.000,0.99,296.29,0.44,-0.89
2026-07-29T02:30:00.000,2.52,270.69,0.03,-2.52
2026-07-29T02:40:00.000,3.86,17.2,3.68,1.14
2026-07-29T02:50:00.000,1.44,9.92,1.42,0.25
2026-07-29T03:00:00.000,2.56,344.9,2.47,-0.67
2026-07-29T03:10:00.000,3.18,296.69,1.43,-2.84
2026-07-29T03:20:00.000,1.12,245.87,-0.46,-1.02
2026-07-29T03:30:00.000,0.81,226.03,-0.56,-0.58
2026-07-29T03:40:00.000,0.83,196.54,-0.8,-0.24
2026-07-29T03:50:00.000,2.78,146.91,-2.33,1.52
2026-07-29T04:00:00.000,0.5,200.98,-0.46,-0.18
2026-07-29T04:10:00.000,0.54,214.05,-0.45,-0.3
2026-07-29T04:20:00.000,0.97,242.87,-0.44,-0.86
2026-07-29T04:30:00.000,0.76,232.98,-0.46,-0.61
2026-07-29T04:40:00.000,0.66,223.15,-0.48,-0.45
2026-07-29T04:50:00.000,0.72,220.01,-0.55,-0.46
2026-07-29T05:00:00.000,3.04,136.35,-2.2,2.1
2026-07-29T05:10:00.000,3.66,200.97,-3.42,-1.31
2026-07-29T05:20:00.000,4.75,210.18,-4.11,-2.39
2026-07-29T05:30:00.000,6.41,222.94,-4.69,-4.37
2026-07-29T05:40:00.000,5.78,216.03,-4.68,-3.4
2026-07-29T05:50:00.000,3.97,201.92,-3.68,-1.48
2026-07-29T06:00:00.000,3.13,201.85,-2.91,-1.17
2026-07-29T06:10:00.000,0.97,226.34,-0.67,-0.71
2026-07-29T06:20:00.000,1.02,220.03,-0.78,-0.66
2026-07-29T06:30:00.000,1.89,239.24,-0.97,-1.62
2026-07-29T06:40:00.000,2.29,232.93,-1.38,-1.83
2026-07-29T06:50:00.000,3.75,212.37,-3.17,-2.01
2026-07-29T07:00:00.000,3.67,222.44,-2.71,-2.48
2026-07-29T07:10:00.000,4.58,218.38,-3.59,-2.84
2026-07-29T07:20:00.000,5.94,218.73,-4.64,-3.72
2026-07-29T07:30:00.000,5.35,225.2,-3.77,-3.8
2026-07-29T07:40:00.000,5.75,213.39,-4.8,-3.16
2026-07-29T07:50:00.000,9.63,187.63,-9.54,-1.28
2026-07-29T08:00:00.000,11.61,172.57,-11.51,1.5
2026-07-29T08:10:00.000,9.08,184.49,-9.05,-0.71
2026-07-29T08:20:00.000,4.84,179.98,-4.84,0
2026-07-29T08:30:00.000,4.78,228.37,-3.18,-3.58
2026-07-29T08:40:00.000,3.92,208.94,-3.43,-1.9
2026-07-29T08:50:00.000,3.47,210.91,-2.98,-1.78
2026-07-29T09:00:00.000,0.95,198.06,-0.9,-0.29
2026-07-29T09:10:00.000,0.69,265.43,-0.05,-0.69
2026-07-29T09:20:00.000,0.77,168.96,-0.76,0.15
2026-07-29T09:30:00.000,0.38,133.07,-0.26,0.27
2026-07-29T09:40:00.000,0.95,335.78,0.87,-0.39
2026-07-29T09:50:00.000,3.59,319.64,2.74,-2.33
2026-07-29T10:00:00.000,5.08,310.2,3.28,-3.88
2026-07-29T10:10:00.000,6.1,338.35,5.67,-2.25
2026-07-29T10:20:00.000,5.01,353.53,4.98,-0.56
2026-07-29T10:30:00.000,0.54,259.86,-0.09,-0.53
2026-07-29T10:40:00.000,1.62,273.17,0.09,-1.62
2026-07-29T10:50:00.000,7.17,280.13,1.26,-7.06
2026-07-29T11:00:00.000,6.73,299.54,3.32,-5.86
2026-07-29T11:10:00.000,4.85,30.33,4.19,2.45
2026-07-29T11:20:00.000,4.59,86.49,0.28,4.58
2026-07-29T11:30:00.000,3.85,92.26,-0.15,3.85
2026-07-29T11:40:00.000,4.53,23.13,4.17,1.78
2026-07-29T11:50:00.000,5.43,331.53,4.77,-2.59
2026-07-29T12:00:00.000,4,324.32,3.25,-2.33
2026-07-29T12:10:00.000,4.35,335.36,3.95,-1.81
2026-07-29T12:20:00.000,3.1,321.01,2.41,-1.95
2026-07-29T12:30:00.000,1.37,305.26,0.79,-1.12
2026-07-29T12:40:00.000,0.95,291.84,0.35,-0.88
2026-07-29T12:50:00.000,2,342.79,1.91,-0.59
2026-07-29T13:00:00.000,2.68,351.72,2.66,-0.39
2026-07-29T13:10:00.000,1.62,339.22,1.51,-0.57
2026-07-29T13:20:00.000,3.54,349.84,3.48,-0.62
2026-07-29T13:30:00.000,4,343.66,3.84,-1.13
2026-07-29T13:40:00.000,3.47,347.67,3.39,-0.74
2026-07-29T13:50:00.000,2.93,3.31,2.92,0.17
2026-07-29T14:00:00.000,2.16,335.47,1.97,-0.9
2026-07-29T14:10:00.000,1.09,230.1,-0.7,-0.84
2026-07-29T14:20:00.000,0.67,238.11,-0.35,-0.57
2026-07-29T14:30:00.000,1.27,170.85,-1.25,0.2
2026-07-29T14:40:00.000,1.43,151.9,-1.26,0.67
2026-07-29T14:50:00.000,1.61,198.96,-1.52,-0.52
2026-07-29T15:00:00.000,2.75,145.03,-2.26,1.58
2026-07-29T15:10:00.000,1.74,171.26,-1.72,0.26
2026-07-29T15:20:00.000,4.69,169.2,-4.61,0.88
2026-07-29T15:30:00.000,1.57,212.98,-1.32,-0.85
2026-07-29T15:40:00.000,2.32,232.33,-1.42,-1.84
2026-07-29T15:50:00.000,3.94,250.8,-1.3,-3.72
2026-07-29T16:00:00.000,3.21,249.27,-1.14,-3
2026-07-29T16:10:00.000,1.1,258.81,-0.21,-1.08
2026-07-29T16:20:00.000,1.93,275.1,0.17,-1.93
2026-07-29T16:30:00.000,1.21,238.49,-0.63,-1.03
2026-07-29T16:40:00.000,0.96,217.62,-0.76,-0.59
2026-07-29T16:50:00.000,0.7,234.57,-0.4,-0.57
2026-07-29T17:00:00.000,0.41,335.95,0.37,-0.17
2026-07-29T17:10:00.000,2,36.72,1.6,1.19
2026-07-29T17:20:00.000,4.26,59.62,2.16,3.68
2026-07-29T17:30:00.000,5.77,80.46,0.96,5.69
2026-07-29T17:40:00.000,4.15,94.75,-0.34,4.14
2026-07-29T17:50:00.000,0.39,205.88,-0.35,-0.17
2026-07-29T18:00:00.000,1.47,238.82,-0.76,-1.26
2026-07-29T18:10:00.000,3.12,241.74,-1.48,-2.75
2026-07-29T18:20:00.000,1.38,264.74,-0.13,-1.37
2026-07-29T18:30:00.000,0.68,296.7,0.31,-0.61
2026-07-29T18:40:00.000,0.52,256.43,-0.12,-0.51
2026-07-29T18:50:00.000,0.61,271.87,0.02,-0.61
2026-07-29T19:00:00.000,0.7,277.08,0.09,-0.7
2026-07-29T19:10:00.000,3.76,301.37,1.96,-3.21
2026-07-29T19:20:00.000,0.95,290.55,0.33,-0.89
2026-07-29T19:30:00.000,1.1,292.61,0.42,-1.01
2026-07-29T19:40:00.000,0.73,303.66,0.4,-0.61
2026-07-29T19:50:00.000,0.36,269.75,0,-0.36
2026-07-29T20:00:00.000,2.94,151.88,-2.59,1.38
2026-07-29T20:10:00.000,1.42,154.8,-1.28,0.6
2026-07-29T20:20:00.000,0.54,239.33,-0.27,-0.46
2026-07-29T20:30:00.000,1.88,295.33,0.8,-1.7
2026-07-29T20:40:00.000,1.12,281.77,0.23,-1.1
2026-07-29T20:50:00.000,0.59,261.3,-0.09,-0.58
2026-07-29T21:00:00.000,1.59,133.5,-1.09,1.15
2026-07-29T21:10:00.000,2.77,139.3,-2.1,1.8
2026-07-29T21:20:00.000,4.02,145.54,-3.32,2.28
2026-07-29T21:30:00.000,4.14,190.29,-4.07,-0.74
2026-07-29T21:40:00.000,2.89,180.38,-2.89,-0.02
2026-07-29T21:50:00.000,2.64,212.74,-2.22,-1.43
2026-07-29T22:00:00.000,2.68,204.46,-2.44,-1.11
2026-07-29T22:10:00.000,1.24,227.44,-0.84,-0.91
2026-07-29T22:20:00.000,4.12,155.64,-3.75,1.7
2026-07-29T22:30:00.000,5.16,146.07,-4.28,2.88
2026-07-29T22:40:00.000,4.62,180.19,-4.62,-0.02
2026-07-29T22:50:00.000,2.5,234.37,-1.46,-2.03
2026-07-29T23:00:00.000,2.34,271.44,0.06,-2.34
2026-07-29T23:10:00.000,0.73,262.77,-0.09,-0.73
2026-07-29T23:20:00.000,0.86,264.13,-0.09,-0.85
2026-07-29T23:30:00.000,1.46,296.53,0.65,-1.31
2026-07-29T23:40:00.000,0.91,278.19,0.13,-0.9
2026-07-29T23:50:00.000,3.03,48.86,1.99,2.28
2026-07-30T00:00:00.000,1.85,81.29,0.28,1.83
2026-07-30T00:10:00.000,0.99,120.83,-0.51,0.85
2026-07-30T00:20:00.000,3.38,103.29,-0.78,3.29
2026-07-30T00:30:00.000,2.04,76.28,0.48,1.98
2026-07-30T00:40:00.000,0.98,12.07,0.96,0.21
2026-07-30T00:50:00.000,1.83,307.18,1.1,-1.46
2026-07-30T01:00:00.000,3.49,300.32,1.76,-3.01
2026-07-30T01:10:00.000,1.07,270.39,0.01,-1.07
2026-07-30T01:20:00.000,1.18,257.45,-0.26,-1.15
2026-07-30T01:30:00.000,1.35,243.44,-0.6,-1.21
2026-07-30T01:40:00.000,3.48,246.26,-1.4,-3.19
2026-07-30T01:50:00.000,1.62,264.89,-0.14,-1.61
2026-07-30T02:00:00.000,2.8,295.12,1.19,-2.54
2026-07-30T02:10:00.000,0.76,282.05,0.16,-0.74
2026-07-30T02:20:00.000,0.27,256.25,-0.06,-0.26
2026-07-30T02:30:00.000,0.61,96.31,-0.07,0.61
2026-07-30T02:40:00.000,3.85,82.94,0.47,3.82
2026-07-30T02:50:00.000,3.13,57.77,1.67,2.65
2026-07-30T03:00:00.000,0.57,312.34,0.38,-0.42
2026-07-30T03:10:00.000,4.76,323.65,3.84,-2.82
2026-07-30T03:20:00.000,4.45,308.1,2.74,-3.5
2026-07-30T03:30:00.000,3.44,299.86,1.72,-2.99
2026-07-30T03:40:00.000,2.34,290.21,0.81,-2.2
2026-07-30T03:50:00.000,0.46,340.77,0.43,-0.15
2026-07-30T04:00:00.000,0.42,215.56,-0.34,-0.24
2026-07-30T04:10:00.000,4.03,156.76,-3.7,1.59
2026-07-30T04:20:00.000,5.16,161.87,-4.9,1.6
2026-07-30T04:30:00.000,1.31,200.67,-1.23,-0.46
2026-07-30T04:40:00.000,4.66,243.62,-2.07,-4.17
2026-07-30T04:50:00.000,6.79,228.8,-4.47,-5.11
2026-07-30T05:00:00.000,6.08,225.99,-4.23,-4.37
2026-07-30T05:10:00.000,10.1,218.1,-7.95,-6.23
2026-07-30T05:20:00.000,11.03,209.84,-9.56,-5.49
2026-07-30T05:30:00.000,10.45,186.26,-10.38,-1.14
2026-07-30T05:40:00.000,7.9,179.24,-7.89,0.1
2026-07-30T05:50:00.000,5.69,178.84,-5.69,0.12
2026-07-30T06:00:00.000,3.34,202.39,-3.09,-1.27
2026-07-30T06:10:00.000,4.97,227.3,-3.37,-3.65
2026-07-30T06:20:00.000,4.87,217.24,-3.87,-2.95
2026-07-30T06:30:00.000,5.19,205.85,-4.67,-2.27
2026-07-30T06:40:00.000,6.31,217.91,-4.98,-3.88
2026-07-30T06:50:00.000,6.39,188.06,-6.33,-0.9
2026-07-30T07:00:00.000,6.36,191.28,-6.24,-1.24
2026-07-30T07:10:00.000,10.07,192.07,-9.85,-2.11
2026-07-30T07:20:00.000,10.46,192.61,-10.21,-2.28
2026-07-30T07:30:00.000,15.95,191.41,-15.63,-3.16
2026-07-30T07:40:00.000,17.04,185.14,-16.97,-1.53
2026-07-30T07:50:00.000,18.13,175.94,-18.08,1.28
2026-07-30T08:00:00.000,17.31,175.34,-17.25,1.41
2026-07-30T08:10:00.000,15.65,189.84,-15.42,-2.68
2026-07-30T08:20:00.000,13.54,191.01,-13.29,-2.58
2026-07-30T08:30:00.000,7.79,190.22,-7.67,-1.38
2026-07-30T08:40:00.000,6.21,192.12,-6.07,-1.3
2026-07-30T08:50:00.000,4.15,171.26,-4.1,0.63
2026-07-30T09:00:00.000,4.62,155.89,-4.22,1.89
2026-07-30T09:10:00.000,5.69,134.49,-3.98,4.06
2026-07-30T09:20:00.000,6.57,109.73,-2.22,6.19
2026-07-30T09:30:00.000,6.72,110.62,-2.37,6.29
2026-07-30T09:40:00.000,1.6,119.13,-0.78,1.4
2026-07-30T09:50:00.000,1.26,338.4,1.18,-0.47
2026-07-30T10:00:00.000,4.32,306.94,2.6,-3.45
2026-07-30T10:10:00.000,4.86,314.67,3.42,-3.46
2026-07-30T10:20:00.000,10.13,315.12,7.17,-7.15
2026-07-30T10:30:00.000,4.61,321.89,3.62,-2.84
2026-07-30T10:40:00.000,3.15,327.31,2.65,-1.7
2026-07-30T10:50:00.000,6.24,336.13,5.7,-2.52
2026-07-30T11:00:00.000,1.86,58.35,0.98,1.59
2026-07-30T11:10:00.000,5.46,332.34,4.84,-2.54
2026-07-30T11:20:00.000,1.28,31.66,1.09,0.67
2026-07-30T11:30:00.000,2.98,107.78,-0.91,2.84
2026-07-30T11:40:00.000,4.38,110.55,-1.54,4.1
2026-07-30T11:50:00.000,1.95,104.2,-0.48,1.89
2026-07-30T12:00:00.000,0.53,220.11,-0.41,-0.34
2026-07-30T12:10:00.000,0.97,267.46,-0.04,-0.97
2026-07-30T12:20:00.000,0.56,218.06,-0.44,-0.35
2026-07-30T12:30:00.000,2.56,122.58,-1.38,2.15
2026-07-30T12:40:00.000,5.24,81.89,0.74,5.18
2026-07-30T12:50:00.000,6.52,19.97,6.13,2.23
2026-07-30T13:00:00.000,9.05,320.08,6.94,-5.8
2026-07-30T13:10:00.000,6.35,312.86,4.32,-4.66
2026-07-30T13:20:00.000,1.27,256.91,-0.29,-1.24
2026-07-30T13:30:00.000,1.06,232.27,-0.65,-0.84
2026-07-30T13:40:00.000,1.84,206.59,-1.65,-0.82
2026-07-30T13:50:00.000,1.39,216.12,-1.12,-0.82
2026-07-30T14:00:00.000,3.84,178.93,-3.84,0.07
2026-07-30T14:10:00.000,0.66,231.04,-0.42,-0.51
2026-07-30T14:20:00.000,4.74,306.78,2.84,-3.8
2026-07-30T14:30:00.000,3.25,268.34,-0.09,-3.25
2026-07-30T14:40:00.000,3.15,197.76,-3,-0.96
2026-07-30T14:50:00.000,0.92,208.82,-0.8,-0.44
2026-07-30T15:00:00.000,4.36,253.99,-1.2,-4.19
2026-07-30T15:10:00.000,3.54,252.39,-1.07,-3.37
2026-07-30T15:20:00.000,4.26,222.57,-3.14,-2.89
2026-07-30T15:30:00.000,3.57,212.1,-3.02,-1.9
2026-07-30T15:40:00.000,3.44,207.31,-3.06,-1.58
2026-07-30T15:50:00.000,3.93,227.81,-2.64,-2.91
2026-07-30T16:00:00.000,4.32,196.7,-4.14,-1.24
2026-07-30T16:10:00.000,2.71,213.06,-2.27,-1.48
2026-07-30T16:20:00.000,1.41,236.81,-0.77,-1.18
2026-07-30T16:30:00.000,1.09,231.91,-0.67,-0.85
2026-07-30T16:40:00.000,1.28,214.32,-1.06,-0.72
2026-07-30T16:50:00.000,0.92,238.48,-0.48,-0.78
2026-07-30T17:00:00.000,0.73,253.15,-0.21,-0.7
2026-07-30T17:10:00.000,0.81,242.42,-0.38,-0.72
2026-07-30T17:20:00.000,0.92,236.01,-0.52,-0.77
2026-07-30T17:30:00.000,1.12,201.18,-1.04,-0.4
2026-07-30T17:40:00.000,1.5,179.21,-1.5,0.02
2026-07-30T17:50:00.000,3.16,181.01,-3.16,-0.06
2026-07-30T18:00:00.000,4.43,197.36,-4.23,-1.32
2026-07-30T18:10:00.000,4.74,215.39,-3.87,-2.75
2026-07-30T18:20:00.000,6.3,213.71,-5.24,-3.5
2026-07-30T18:30:00.000,3.37,226.48,-2.32,-2.44
2026-07-30T18:40:00.000,3.88,217.18,-3.09,-2.34
2026-07-30T18:50:00.000,3.7,216.81,-2.96,-2.22
2026-07-30T19:00:00.000,3.47,217.09,-2.77,-2.09
2026-07-30T19:10:00.000,3.33,208.37,-2.93,-1.58
2026-07-30T19:20:00.000,2.59,200.8,-2.42,-0.92
2026-07-30T19:30:00.000,4.58,180.7,-4.58,-0.06
2026-07-30T19:40:00.000,5.65,173.81,-5.62,0.61
2026-07-30T19:50:00.000,5.84,178.53,-5.84,0.15
2026-07-30T20:00:00.000,6.62,167.96,-6.48,1.38
2026-07-30T20:10:00.000,4.47,194.58,-4.33,-1.13
2026-07-30T20:20:00.000,4.38,211.2,-3.75,-2.27
2026-07-30T20:30:00.000,3.86,214.78,-3.17,-2.2
2026-07-30T20:40:00.000,1.89,237.08,-1.03,-1.59
2026-07-30T20:50:00.000,3.13,166.56,-3.05,0.73
2026-07-30T21:00:00.000,5.97,155.57,-5.43,2.47
2026-07-30T21:10:00.000,9.02,149.95,-7.81,4.52
2026-07-30T21:20:00.000,6.71,163.04,-6.42,1.96
2026-07-30T21:30:00.000,3.24,160.49,-3.06,1.08
2026-07-30T21:40:00.000,1.02,192.79,-0.99,-0.23
2026-07-30T21:50:00.000,0.78,267.73,-0.03,-0.78
2026-07-30T22:00:00.000,2.94,3.02,2.94,0.16
2026-07-30T22:10:00.000,3.32,41.78,2.48,2.21
2026-07-30T22:20:00.000,4.73,25.43,4.27,2.03
2026-07-30T22:30:00.000,5.8,23.34,5.33,2.3
2026-07-30T22:40:00.000,9.6,25.05,8.7,4.06
2026-07-30T22:50:00.000,5.83,26.62,5.21,2.61
2026-07-30T23:00:00.000,13.47,8.95,13.3,2.1
2026-07-30T23:10:00.000,11.88,6.4,11.81,1.32
2026-07-30T23:20:00.000,10.72,336.97,9.87,-4.2
2026-07-30T23:30:00.000,3.74,354.38,3.72,-0.37
2026-07-30T23:40:00.000,0.8,202.03,-0.74,-0.3
2026-07-30T23:50:00.000,3.8,159.12,-3.55,1.35
2026-07-31T00:00:00.000,2.05,78.23,0.42,2.01
2026-07-31T00:10:00.000,8.13,32.37,6.87,4.35
2026-07-31T00:20:00.000,7.58,54.94,4.35,6.2
2026-07-31T00:30:00.000,14.68,39.25,11.37,9.29
2026-07-31T00:40:00.000,20.94,45.61,14.65,14.97
2026-07-31T00:50:00.000,21.25,48.55,14.07,15.93
2026-07-31T01:00:00.000,11.81,39.2,9.15,7.46
2026-07-31T01:10:00.000,11.24,10.62,11.05,2.07
2026-07-31T01:20:00.000,8.36,351.37,8.26,-1.25
2026-07-31T01:30:00.000,10.66,356.27,10.64,-0.69
2026-07-31T01:40:00.000,5.53,19.23,5.23,1.82
2026-07-31T01:50:00.000,0.53,204.1,-0.49,-0.22
2026-07-31T02:00:00.000,0.39,60.75,0.19,0.34
2026-07-31T02:10:00.000,1.19,293.45,0.47,-1.09
2026-07-31T02:20:00.000,3.49,343.35,3.34,-1
2026-07-31T02:30:00.000,3.82,331.93,3.37,-1.8
2026-07-31T02:40:00.000,7.07,4.65,7.05,0.57
2026-07-31T02:50:00.000,5.06,351.16,5,-0.78
2026-07-31T03:00:00.000,1.7,312.29,1.14,-1.26
2026-07-31T03:10:00.000,2.86,304.9,1.64,-2.35
2026-07-31T03:20:00.000,4.6,315.62,3.29,-3.22
2026-07-31T03:30:00.000,0.82,264.7,-0.08,-0.81
2026-07-31T03:40:00.000,0.75,243.36,-0.34,-0.67
2026-07-31T03:50:00.000,0.81,243.18,-0.36,-0.72
2026-07-31T04:00:00.000,1.39,222.67,-1.03,-0.95
2026-07-31T04:10:00.000,3.6,217.92,-2.84,-2.21
2026-07-31T04:20:00.000,4.59,231.22,-2.88,-3.58
2026-07-31T04:30:00.000,4.04,209.9,-3.51,-2.02
2026-07-31T04:40:00.000,4.59,199.44,-4.33,-1.53
2026-07-31T04:50:00.000,5.62,232.88,-3.39,-4.48
2026-07-31T05:00:00.000,5.82,240.24,-2.89,-5.06
2026-07-31T05:10:00.000,4.68,216.85,-3.74,-2.81
2026-07-31T05:20:00.000,5.26,184.9,-5.24,-0.45
2026-07-31T05:30:00.000,6.81,157.7,-6.3,2.59
2026-07-31T05:40:00.000,8.1,178.8,-8.1,0.17
2026-07-31T05:50:00.000,8.08,180.58,-8.08,-0.08
2026-07-31T06:00:00.000,10.33,212.4,-8.72,-5.54
2026-07-31T06:10:00.000,12.82,203.08,-11.79,-5.02
2026-07-31T06:20:00.000,13.57,185.43,-13.51,-1.29
2026-07-31T06:30:00.000,8.6,197.02,-8.23,-2.52
2026-07-31T06:40:00.000,7.64,204.27,-6.97,-3.14
2026-07-31T06:50:00.000,10.66,188.91,-10.53,-1.65
2026-07-31T07:00:00.000,5.95,197.54,-5.67,-1.79
2026-07-31T07:10:00.000,5.61,203.84,-5.13,-2.27
2026-07-31T07:20:00.000,4.39,196.58,-4.21,-1.25
2026-07-31T07:30:00.000,4.92,222.11,-3.65,-3.3
2026-07-31T07:40:00.000,6.16,225.19,-4.34,-4.37
2026-07-31T07:50:00.000,4.92,233.38,-2.93,-3.95
2026-07-31T08:00:00.000,5.38,252.88,-1.58,-5.14
2026-07-31T08:10:00.000,3.86,250.84,-1.27,-3.65
2026-07-31T08:20:00.000,0.74,286.33,0.21,-0.71
2026-07-31T08:30:00.000,1.37,207.65,-1.21,-0.64
2026-07-31T08:40:00.000,1.68,225.23,-1.18,-1.19
2026-07-31T08:50:00.000,1.16,259.07,-0.22,-1.14
2026-07-31T09:00:00.000,2.91,194.26,-2.82,-0.72
2026-07-31T09:10:00.000,2.98,193.06,-2.9,-0.67
2026-07-31T09:20:00.000,4.25,175.88,-4.24,0.31
2026-07-31T09:30:00.000,6.38,173.65,-6.34,0.71
2026-07-31T09:40:00.000,9.78,171.11,-9.66,1.51
2026-07-31T09:50:00.000,7.65,176.72,-7.64,0.44
2026-07-31T10:00:00.000,2.8,174.61,-2.79,0.26
2026-07-31T10:10:00.000,3.51,165.77,-3.4,0.86
2026-07-31T10:20:00.000,4.39,170.98,-4.33,0.69
2026-07-31T10:30:00.000,4.57,94.54,-0.36,4.56
2026-07-31T10:40:00.000,2.38,77.31,0.52,2.32
2026-07-31T10:50:00.000,10.24,59.66,5.17,8.83
2026-07-31T11:00:00.000,8.45,64.55,3.63,7.63
2026-07-31T11:10:00.000,8.76,45.95,6.09,6.29
2026-07-31T11:20:00.000,12.83,4.33,12.79,0.97
2026-07-31T11:30:00.000,15.86,5.68,15.78,1.57
2026-07-31T11:40:00.000,20.87,9.01,20.61,3.27
2026-07-31T11:50:00.000,20.79,5.58,20.7,2.02
2026-07-31T12:00:00.000,21.16,10.79,20.79,3.96
2026-07-31T12:10:00.000,18.31,334.94,16.58,-7.75
2026-07-31T12:20:00.000,8.73,327.78,7.39,-4.65
2026-07-31T12:30:00.000,5.27,11.91,5.16,1.09
2026-07-31T12:40:00.000,4.25,78.09,0.88,4.16
2026-07-31T12:50:00.000,2.06,50.08,1.32,1.58
2026-07-31T13:00:00.000,0.58,244.53,-0.25,-0.53
2026-07-31T13:10:00.000,0.83,237.18,-0.45,-0.7
2026-07-31T13:20:00.000,4.13,266.9,-0.22,-4.13
2026-07-31T13:30:00.000,1.54,269.74,-0.01,-1.54
2026-07-31T13:40:00.000,1.18,205.28,-1.07,-0.5
2026-07-31T13:50:00.000,5.65,123.11,-3.08,4.73
2026-07-31T14:00:00.000,6.55,97.92,-0.9,6.48
2026-07-31T14:10:00.000,0.68,282.92,0.15,-0.66
2026-07-31T14:20:00.000,5.28,322.82,4.21,-3.19
2026-07-31T14:30:00.000,6.65,299.8,3.31,-5.77
2026-07-31T14:40:00.000,5.64,263.75,-0.61,-5.6
2026-07-31T14:50:00.000,2.06,229.45,-1.34,-1.56
2026-07-31T15:00:00.000,0.91,223,-0.67,-0.62
2026-07-31T15:10:00.000,0.63,234.25,-0.37,-0.51
2026-07-31T15:20:00.000,0.84,261.9,-0.12,-0.83
2026-07-31T15:30:00.000,1.8,284.52,0.45,-1.74
2026-07-31T15:40:00.000,4.39,266.21,-0.29,-4.38
2026-07-31T15:50:00.000,3.21,285.55,0.86,-3.09
2026-07-31T16:00:00.000,1.08,266.8,-0.06,-1.08
2026-07-31T16:10:00.000,0.77,310.2,0.5,-0.59
2026-07-31T16:20:00.000,3.27,71.89,1.02,3.11
2026-07-31T16:30:00.000,3.86,71.59,1.22,3.66
2026-07-31T16:40:00.000,2.49,43.41,1.81,1.71
2026-07-31T16:50:00.000,2.55,23.55,2.34,1.02
2026-07-31T17:00:00.000,2.1,32.3,1.77,1.12
2026-07-31T17:10:00.000,3.2,56.34,1.78,2.67
2026-07-31T17:20:00.000,1.67,69.01,0.6,1.56
2026-07-31T17:30:00.000,1.06,317.36,0.78,-0.72
2026-07-31T17:40:00.000,5.24,320.4,4.04,-3.34
2026-07-31T17:50:00.000,3.13,277.25,0.4,-3.11
2026-07-31T18:00:00.000,2.97,309.09,1.87,-2.31
2026-07-31T18:10:00.000,0.66,10.88,0.65,0.12
2026-07-31T18:20:00.000,0.83,211.75,-0.71,-0.44
2026-07-31T18:30:00.000,0.94,227.29,-0.64,-0.69
2026-07-31T18:40:00.000,4.84,244.73,-2.07,-4.38
2026-07-31T18:50:00.000,6.3,277.28,0.8,-6.25
2026-07-31T19:00:00.000,2.23,270.18,0.01,-2.23
2026-07-31T19:10:00.000,1.68,242.51,-0.77,-1.49
2026-07-31T19:20:00.000,0.86,230.58,-0.55,-0.67
2026-07-31T19:30:00.000,1.27,206.02,-1.14,-0.56
2026-07-31T19:40:00.000,0.79,229.55,-0.51,-0.6
2026-07-31T19:50:00.000,0.75,232.75,-0.45,-0.59
2026-07-31T20:00:00.000,1.09,238.98,-0.56,-0.93
2026-07-31T20:10:00.000,1.7,249.12,-0.61,-1.59
2026-07-31T20:20:00.000,1.84,245.08,-0.78,-1.67
2026-07-31T20:30:00.000,2.37,268.39,-0.07,-2.37
2026-07-31T20:40:00.000,2.64,270.28,0.01,-2.64
2026-07-31T20:50:00.000,4.38,262.72,-0.56,-4.35
2026-07-31T21:00:00.000,2.99,249.5,-1.05,-2.8
2026-07-31T21:10:00.000,1.62,228.13,-1.08,-1.2
2026-07-31T21:20:00.000,1.15,237.41,-0.62,-0.97
2026-07-31T21:30:00.000,1.34,228.09,-0.9,-1
2026-07-31T21:40:00.000,4.67,159.04,-4.36,1.67
2026-07-31T21:50:00.000,6.3,158.35,-5.85,2.32
2026-07-31T22:00:00.000,6.38,162.11,-6.07,1.96
2026-07-31T22:10:00.000,8.25,154.88,-7.47,3.5
2026-07-31T22:20:00.000,7.62,160.51,-7.19,2.54
2026-07-31T22:30:00.000,6.37,170.5,-6.28,1.05
2026-07-31T22:40:00.000,6.96,178.59,-6.96,0.17
2026-07-31T22:50:00.000,6.83,191.46,-6.69,-1.36
2026-07-31T23:00:00.000,6.7,190.23,-6.59,-1.19
2026-07-31T23:10:00.000,3.07,170.46,-3.03,0.51
2026-07-31T23:20:00.000,4.18,97.18,-0.52,4.15
2026-07-31T23:30:00.000,9.24,69.57,3.23,8.66
2026-07-31T23:40:00.000,13.8,56.57,7.6,11.52
2026-07-31T23:50:00.000,11.95,50.48,7.61,9.22
2026-08-01T00:00:00.000,13.34,61.67,6.33,11.74
2026-08-01T00:10:00.000,15.19,50.25,9.71,11.68
2026-08-01T00:20:00.000,16.06,51.73,9.94,12.61
2026-08-01T00:30:00.000,16.45,33.03,13.79,8.96
2026-08-01T00:40:00.000,20.74,18.12,19.71,6.45
2026-08-01T00:50:00.000,13.04,342.81,12.45,-3.85
2026-08-01T01:00:00.000,9.45,16.33,9.07,2.66
2026-08-01T01:10:00.000,4.65,13.85,4.52,1.11
2026-08-01T01:20:00.000,6.99,17.86,6.65,2.14
2026-08-01T01:30:00.000,3.37,48.14,2.25,2.51
2026-08-01T01:40:00.000,4.88,60.98,2.37,4.27
2026-08-01T01:50:00.000,7.28,45.67,5.09,5.21
2026-08-01T02:00:00.000,2.14,270.68,0.03,-2.14
2026-08-01T02:10:00.000,4.64,298.65,2.23,-4.07
2026-08-01T02:20:00.000,3.29,232.14,-2.02,-2.6
2026-08-01T02:30:00.000,3.61,199.72,-3.4,-1.22
2026-08-01T02:40:00.000,3.74,214.46,-3.09,-2.12
2026-08-01T02:50:00.000,4.53,257.37,-0.99,-4.42
2026-08-01T03:00:00.000,1.82,270.35,0.01,-1.82
2026-08-01T03:10:00.000,0.6,226.43,-0.41,-0.43
2026-08-01T03:20:00.000,2.7,115.77,-1.17,2.43
2026-08-01T03:30:00.000,2.57,187.2,-2.55,-0.32
2026-08-01T03:40:00.000,7.44,206.04,-6.68,-3.26
2026-08-01T03:50:00.000,13.86,180.37,-13.86,-0.09
2026-08-01T04:00:00.000,15.95,204.86,-14.47,-6.71
2026-08-01T04:10:00.000,11.38,201.27,-10.6,-4.13
2026-08-01T04:20:00.000,9.41,194.02,-9.13,-2.28
2026-08-01T04:30:00.000,10.13,208.33,-8.92,-4.81
2026-08-01T04:40:00.000,7.17,232.68,-4.35,-5.7
2026-08-01T04:50:00.000,10.38,277.11,1.29,-10.31
2026-08-01T05:00:00.000,6.12,249.83,-2.11,-5.74
2026-08-01T05:10:00.000,3.98,249.85,-1.37,-3.74
2026-08-01T05:20:00.000,2.54,254.99,-0.66,-2.45
2026-08-01T05:30:00.000,2.24,255.19,-0.57,-2.17
2026-08-01T05:40:00.000,0.97,224.41,-0.7,-0.68
2026-08-01T05:50:00.000,1.01,222.23,-0.75,-0.68
2026-08-01T06:00:00.000,1.1,225.38,-0.77,-0.78
2026-08-01T06:10:00.000,0.94,244.64,-0.4,-0.85
2026-08-01T06:20:00.000,0.98,248.62,-0.36,-0.91
2026-08-01T06:30:00.000,3.87,324.4,3.15,-2.25
2026-08-01T06:40:00.000,1.6,295.14,0.68,-1.45
2026-08-01T06:50:00.000,3.23,314.59,2.27,-2.3
2026-08-01T07:00:00.000,0.65,264.72,-0.06,-0.64
2026-08-01T07:10:00.000,1.1,264.96,-0.1,-1.1
2026-08-01T07:20:00.000,0.57,242.13,-0.27,-0.5
2026-08-01T07:30:00.000,2.62,146.68,-2.19,1.44
2026-08-01T07:40:00.000,2.87,154.44,-2.59,1.24
2026-08-01T07:50:00.000,4.59,176.45,-4.58,0.28
2026-08-01T08:00:00.000,6.59,192.71,-6.43,-1.45
2026-08-01T08:10:00.000,8.9,210.19,-7.69,-4.47
2026-08-01T08:20:00.000,9.84,217.83,-7.77,-6.03
2026-08-01T08:30:00.000,11.23,201.02,-10.49,-4.03
2026-08-01T08:40:00.000,13.87,194.96,-13.4,-3.58
2026-08-01T08:50:00.000,15.47,186.91,-15.36,-1.86
2026-08-01T09:00:00.000,17.3,184.79,-17.24,-1.45
2026-08-01T09:10:00.000,16.05,193.68,-15.6,-3.8
2026-08-01T09:20:00.000,18.17,184.4,-18.11,-1.39
2026-08-01T09:30:00.000,15.05,185.55,-14.98,-1.46
2026-08-01T09:40:00.000,12.95,187.46,-12.84,-1.68
2026-08-01T09:50:00.000,7.54,158.16,-7,2.81
2026-08-01T10:00:00.000,9.14,150.66,-7.96,4.48
2026-08-01T10:10:00.000,5.45,163.29,-5.22,1.57
2026-08-01T10:20:00.000,1.61,226.6,-1.11,-1.17
2026-08-01T10:30:00.000,0.45,157.33,-0.42,0.17
2026-08-01T10:40:00.000,10.1,67.62,3.85,9.34
2026-08-01T10:50:00.000,25.66,61.82,12.12,22.62
2026-08-01T11:00:00.000,20.54,59.07,10.56,17.62
2026-08-01T11:10:00.000,18.12,52.66,10.99,14.4
2026-08-01T11:20:00.000,10.85,37.99,8.55,6.68
2026-08-01T11:30:00.000,15.57,34.45,12.84,8.81
2026-08-01T11:40:00.000,15.51,37.95,12.23,9.54
2026-08-01T11:50:00.000,13.14,42.58,9.67,8.89
2026-08-01T12:00:00.000,12.04,30.18,10.41,6.05
2026-08-01T12:10:00.000,15.04,24.07,13.73,6.13
2026-08-01T12:20:00.000,16.71,15.48,16.1,4.46
2026-08-01T12:30:00.000,18.58,13.55,18.07,4.35
2026-08-01T12:40:00.000,14.89,13.69,14.46,3.52
2026-08-01T12:50:00.000,6.47,28.1,5.71,3.05
2026-08-01T13:00:00.000,2.35,296.52,1.05,-2.1
2026-08-01T13:10:00.000,3.95,273.74,0.26,-3.94
2026-08-01T13:20:00.000,2.75,267.23,-0.13,-2.75
2026-08-01T13:30:00.000,3.84,287.04,1.12,-3.67
2026-08-01T13:40:00.000,1.89,323.44,1.52,-1.12
2026-08-01T13:50:00.000,0.61,312.39,0.41,-0.45
2026-08-01T14:00:00.000,3.37,97.08,-0.42,3.34
2026-08-01T14:10:00.000,1.48,74.38,0.4,1.42
2026-08-01T14:20:00.000,2.42,110.07,-0.83,2.27
2026-08-01T14:30:00.000,1.9,97.76,-0.26,1.88
2026-08-01T14:40:00.000,0.6,202.38,-0.55,-0.23
2026-08-01T14:50:00.000,2.06,22.88,1.9,0.8
2026-08-01T15:00:00.000,4.59,321.68,3.6,-2.85
2026-08-01T15:10:00.000,3.21,273.65,0.2,-3.2
2026-08-01T15:20:00.000,2.3,235.9,-1.29,-1.91
2026-08-01T15:30:00.000,1.88,258.99,-0.36,-1.84
2026-08-01T15:40:00.000,1.92,248.64,-0.7,-1.79
2026-08-01T15:50:00.000,1.15,229.49,-0.75,-0.88
2026-08-01T16:00:00.000,4.16,158.31,-3.87,1.54
2026-08-01T16:10:00.000,4.44,149.6,-3.83,2.25
2026-08-01T16:20:00.000,4.83,163.74,-4.64,1.35
2026-08-01T16:30:00.000,1.06,215.17,-0.87,-0.61
2026-08-01T16:40:00.000,3.82,193.97,-3.71,-0.92
2026-08-01T16:50:00.000,5.39,174.12,-5.37,0.55
2026-08-01T17:00:00.000,6.15,188.37,-6.09,-0.9
2026-08-01T17:10:00.000,6.43,233.97,-3.78,-5.2
2026-08-01T17:20:00.000,6.23,224.06,-4.48,-4.34
2026-08-01T17:30:00.000,4.76,217.46,-3.78,-2.89
2026-08-01T17:40:00.000,4.18,204.18,-3.81,-1.71
2026-08-01T17:50:00.000,2.51,206.63,-2.24,-1.12
2026-08-01T18:00:00.000,1.2,134.72,-0.84,0.85
2026-08-01T18:10:00.000,0.19,183.41,-0.19,-0.01
2026-08-01T18:20:00.000,1.1,143.47,-0.88,0.65
2026-08-01T18:30:00.000,2.73,36.1,2.2,1.61
2026-08-01T18:40:00.000,2.98,340.69,2.81,-0.98
2026-08-01T18:50:00.000,4.41,334.86,3.99,-1.87
2026-08-01T19:00:00.000,3.62,308.34,2.25,-2.84
2026-08-01T19:10:00.000,4.61,303.41,2.54,-3.85
2026-08-01T19:20:00.000,5.08,266.84,-0.28,-5.07
2026-08-01T19:30:00.000,4.24,235.63,-2.39,-3.5
2026-08-01T19:40:00.000,4.42,257.62,-0.95,-4.32
2026-08-01T19:50:00.000,3.17,278.1,0.45,-3.14
2026-08-01T20:00:00.000,3.86,275.04,0.34,-3.85
2026-08-01T20:10:00.000,3.21,285.65,0.87,-3.09
2026-08-01T20:20:00.000,4.26,274.39,0.33,-4.25
2026-08-01T20:30:00.000,3.57,257.4,-0.78,-3.49
2026-08-01T20:40:00.000,4.46,230.71,-2.83,-3.45
2026-08-01T20:50:00.000,3.85,218.65,-3,-2.4
2026-08-01T21:00:00.000,5.21,194.9,-5.04,-1.34
2026-08-01T21:10:00.000,4.94,182.11,-4.94,-0.18
2026-08-01T21:20:00.000,5.81,184.08,-5.8,-0.41
2026-08-01T21:30:00.000,9.54,153.14,-8.51,4.31
2026-08-01T21:40:00.000,14.67,164.95,-14.17,3.81
2026-08-01T21:50:00.000,10.33,180.63,-10.33,-0.11
2026-08-01T22:00:00.000,4.53,211.12,-3.88,-2.34
2026-08-01T22:10:00.000,5.11,184.11,-5.1,-0.37
2026-08-01T22:20:00.000,3.94,176.14,-3.93,0.27
2026-08-01T22:30:00.000,5.85,145.19,-4.8,3.34
2026-08-01T22:40:00.000,3.39,173.42,-3.37,0.39
2026-08-01T22:50:00.000,1.45,285.49,0.39,-1.39
2026-08-01T23:00:00.000,4.32,70.49,1.44,4.07
2026-08-01T23:10:00.000,5.84,54.54,3.39,4.76
2026-08-01T23:20:00.000,6,15.79,5.77,1.63
2026-08-01T23:30:00.000,4.37,359.71,4.37,-0.02
2026-08-01T23:40:00.000,4.32,351.31,4.27,-0.65
2026-08-01T23:50:00.000,2.58,354.45,2.57,-0.25
2026-08-02T00:00:00.000,4.85,329.48,4.17,-2.46
2026-08-02T00:10:00.000,4.56,290.79,1.62,-4.26
2026-08-02T00:20:00.000,6.91,299.37,3.39,-6.02
2026-08-02T00:30:00.000,1.49,308.7,0.93,-1.17
2026-08-02T00:40:00.000,1.08,316.85,0.79,-0.74
2026-08-02T00:50:00.000,1.65,40.47,1.26,1.07
2026-08-02T01:00:00.000,0.62,210.32,-0.54,-0.31
2026-08-02T01:10:00.000,0.55,267.92,-0.02,-0.55
2026-08-02T01:20:00.000,2.25,250.15,-0.77,-2.12
2026-08-02T01:30:00.000,1.97,254.18,-0.54,-1.9
2026-08-02T01:40:00.000,1.93,248.83,-0.7,-1.8
2026-08-02T01:50:00.000,6.06,238.39,-3.18,-5.16
2026-08-02T02:00:00.000,3.93,225.23,-2.77,-2.79
2026-08-02T02:10:00.000,3.69,218.9,-2.87,-2.32
2026-08-02T02:20:00.000,3.26,219.99,-2.5,-2.1
2026-08-02T02:30:00.000,4.39,190.2,-4.32,-0.78
2026-08-02T02:40:00.000,3.41,194.12,-3.3,-0.83
2026-08-02T02:50:00.000,1.6,243.91,-0.7,-1.44
2026-08-02T03:00:00.000,0.91,241.8,-0.43,-0.8
2026-08-02T03:10:00.000,1.73,324.18,1.41,-1.02
2026-08-02T03:20:00.000,0.49,244.84,-0.21,-0.44
2026-08-02T03:30:00.000,0.72,234.37,-0.42,-0.58
2026-08-02T03:40:00.000,2.09,192.87,-2.04,-0.47
2026-08-02T03:50:00.000,3.94,185.02,-3.93,-0.35
2026-08-02T04:00:00.000,4.61,203.27,-4.24,-1.82
2026-08-02T04:10:00.000,5.25,221.66,-3.92,-3.49
2026-08-02T04:20:00.000,4.58,231.29,-2.87,-3.58
2026-08-02T04:30:00.000,3.18,234.15,-1.86,-2.58
2026-08-02T04:40:00.000,2.25,218.4,-1.76,-1.4
2026-08-02T04:50:00.000,1.06,224.45,-0.76,-0.74
2026-08-02T05:00:00.000,0.99,215.53,-0.81,-0.58
2026-08-02T05:10:00.000,3.09,147.35,-2.6,1.67
2026-08-02T05:20:00.000,2.12,143.59,-1.7,1.26
2026-08-02T05:30:00.000,3.58,138.34,-2.67,2.38
2026-08-02T05:40:00.000,3.43,183.35,-3.43,-0.2
2026-08-02T05:50:00.000,5.92,213.74,-4.93,-3.29
2026-08-02T06:00:00.000,9.53,215.27,-7.78,-5.5
2026-08-02T06:10:00.000,7.81,250.96,-2.55,-7.39
2026-08-02T06:20:00.000,6.12,248.7,-2.22,-5.7
2026-08-02T06:30:00.000,4.27,221.98,-3.17,-2.86
2026-08-02T06:40:00.000,3.95,189.4,-3.9,-0.65
2026-08-02T06:50:00.000,5.03,194.77,-4.86,-1.28
2026-08-02T07:00:00.000,7.55,230.23,-4.83,-5.8
2026-08-02T07:10:00.000,6.11,235.25,-3.48,-5.02
2026-08-02T07:20:00.000,4.61,232.27,-2.82,-3.65
2026-08-02T07:30:00.000,5.79,236.15,-3.22,-4.81
2026-08-02T07:40:00.000,6.36,215.47,-5.18,-3.69
2026-08-02T07:50:00.000,7.42,208.66,-6.51,-3.56
2026-08-02T08:00:00.000,11.5,192.29,-11.24,-2.45
2026-08-02T08:10:00.000,10.2,187.21,-10.12,-1.28
2026-08-02T08:20:00.000,8.64,195.1,-8.35,-2.25
2026-08-02T08:30:00.000,6.38,198.26,-6.06,-2
2026-08-02T08:40:00.000,5.5,180.36,-5.5,-0.03
2026-08-02T08:50:00.000,7.01,169.84,-6.9,1.24
2026-08-02T09:00:00.000,6,171.1,-5.93,0.93
2026-08-02T09:10:00.000,4.61,223.43,-3.35,-3.17
2026-08-02T09:20:00.000,3.11,209.74,-2.7,-1.54
2026-08-02T09:30:00.000,6.45,213.74,-5.37,-3.59
2026-08-02T09:40:00.000,5.76,202.56,-5.32,-2.21
2026-08-02T09:50:00.000,5.59,236.12,-3.12,-4.64
2026-08-02T10:00:00.000,1.21,287.29,0.36,-1.15
2026-08-02T10:10:00.000,2.02,49.28,1.32,1.53
2026-08-02T10:20:00.000,0.15,178.39,-0.15,0
2026-08-02T10:30:00.000,0.56,306.7,0.33,-0.45
2026-08-02T10:40:00.000,2.79,66.16,1.13,2.56
2026-08-02T10:50:00.000,5.37,106.17,-1.49,5.16
2026-08-02T11:00:00.000,1.37,110.91,-0.49,1.28
2026-08-02T11:10:00.000,2.52,319.5,1.91,-1.63
2026-08-02T11:20:00.000,3.52,16.93,3.37,1.02
2026-08-02T11:30:00.000,8.78,80.3,1.48,8.65
2026-08-02T11:40:00.000,9.04,96.97,-1.1,8.98
2026-08-02T11:50:00.000,11.61,20.34,10.89,4.04
2026-08-02T12:00:00.000,16.27,349.91,16.02,-2.85
2026-08-02T12:10:00.000,15.73,1.3,15.72,0.36
2026-08-02T12:20:00.000,17.19,11.53,16.84,3.44
2026-08-02T12:30:00.000,7.75,23.36,7.12,3.07
2026-08-02T12:40:00.000,2.02,4.13,2.01,0.15
2026-08-02T12:50:00.000,1.32,198.7,-1.25,-0.42
2026-08-02T13:00:00.000,4.53,242.32,-2.11,-4.02
2026-08-02T13:10:00.000,10.68,241.48,-5.1,-9.38
2026-08-02T13:20:00.000,9.95,254.8,-2.61,-9.6
2026-08-02T13:30:00.000,6.85,271.75,0.21,-6.84
2026-08-02T13:40:00.000,5.36,253.03,-1.56,-5.13
2026-08-02T13:50:00.000,6.46,174.22,-6.42,0.65
2026-08-02T14:00:00.000,6.25,151.18,-5.47,3.01
2026-08-02T14:10:00.000,6.62,192.99,-6.45,-1.49
2026-08-02T14:20:00.000,8.84,200.45,-8.29,-3.09
2026-08-02T14:30:00.000,11.39,196.83,-10.9,-3.3
2026-08-02T14:40:00.000,10.15,190.92,-9.96,-1.92
2026-08-02T14:50:00.000,12.33,184.74,-12.29,-1.02
2026-08-02T15:00:00.000,7.7,205.77,-6.94,-3.35
2026-08-02T15:10:00.000,13.23,225.29,-9.31,-9.4
2026-08-02T15:20:00.000,8.64,249.67,-3,-8.11
2026-08-02T15:30:00.000,4.3,250.35,-1.44,-4.05
2026-08-02T15:40:00.000,0.85,186.99,-0.84,-0.1
2026-08-02T15:50:00.000,4.69,153.5,-4.2,2.09
2026-08-02T16:00:00.000,6.1,144.09,-4.94,3.58
2026-08-02T16:10:00.000,2.56,173.2,-2.54,0.3
2026-08-02T16:20:00.000,0.54,258.12,-0.11,-0.52
2026-08-02T16:30:00.000,5.24,291.5,1.92,-4.87
2026-08-02T16:40:00.000,7.74,290.97,2.77,-7.22
2026-08-02T16:50:00.000,2.91,278.96,0.45,-2.87
2026-08-02T17:00:00.000,1.37,236.31,-0.76,-1.14
2026-08-02T17:10:00.000,2.34,196.73,-2.24,-0.67
2026-08-02T17:20:00.000,3.36,204.82,-3.05,-1.41
2026-08-02T17:30:00.000,3.11,235.78,-1.75,-2.57
2026-08-02T17:40:00.000,3.23,221.64,-2.41,-2.15
2026-08-02T17:50:00.000,3.33,236.42,-1.84,-2.77
2026-08-02T18:00:00.000,3.94,208.44,-3.47,-1.88
2026-08-02T18:10:00.000,5.86,182.46,-5.86,-0.25
2026-08-02T18:20:00.000,6.88,203.86,-6.3,-2.78
2026-08-02T18:30:00.000,10.68,206.88,-9.52,-4.83
2026-08-02T18:40:00.000,14.41,193.17,-14.03,-3.28
2026-08-02T18:50:00.000,12.5,200.42,-11.71,-4.36
2026-08-02T19:00:00.000,10.74,187.18,-10.65,-1.34
2026-08-02T19:10:00.000,11.6,201,-10.83,-4.16
2026-08-02T19:20:00.000,15.56,211.59,-13.25,-8.15
2026-08-02T19:30:00.000,11.13,195.74,-10.72,-3.02
2026-08-02T19:40:00.000,11.14,168.81,-10.93,2.16
2026-08-02T19:50:00.000,10.19,184.45,-10.15,-0.79
2026-08-02T20:00:00.000,7.53,194.54,-7.29,-1.89
2026-08-02T20:10:00.000,5.64,197.36,-5.38,-1.68
2026-08-02T20:20:00.000,5.8,141.37,-4.53,3.62
2026-08-02T20:30:00.000,1.42,146.75,-1.18,0.78
2026-08-02T20:40:00.000,5.16,85.97,0.36,5.15
2026-08-02T20:50:00.000,7.48,45.81,5.21,5.36
2026-08-02T21:00:00.000,3.7,341.53,3.5,-1.17
2026-08-02T21:10:00.000,3.77,330.53,3.29,-1.86
2026-08-02T21:20:00.000,1,247.07,-0.39,-0.92
2026-08-02T21:30:00.000,0.69,157.42,-0.64,0.26
2026-08-02T21:40:00.000,5.6,82.75,0.71,5.55
2026-08-02T21:50:00.000,9.8,81.59,1.43,9.7
2026-08-02T22:00:00.000,13.6,36.65,10.91,8.12
2026-08-02T22:10:00.000,14.07,327.63,11.88,-7.53
2026-08-02T22:20:00.000,12.58,350.62,12.41,-2.05
2026-08-02T22:30:00.000,4.56,0.42,4.56,0.03
2026-08-02T22:40:00.000,2.43,339.09,2.27,-0.87
2026-08-02T22:50:00.000,4.69,346.8,4.56,-1.07
2026-08-02T23:00:00.000,1.62,31.11,1.39,0.84
2026-08-02T23:10:00.000,2.5,64.12,1.09,2.25
2026-08-02T23:20:00.000,1.46,344.51,1.41,-0.39
2026-08-02T23:30:00.000,1.66,316.23,1.2,-1.15
2026-08-02T23:40:00.000,9.59,266.16,-0.64,-9.57
2026-08-02T23:50:00.000,6.51,246.76,-2.57,-5.98
2026-08-03T00:00:00.000,5.62,239.45,-2.86,-4.84
2026-08-03T00:10:00.000,5.18,234.96,-2.97,-4.24
2026-08-03T00:20:00.000,1.74,218.93,-1.36,-1.1
2026-08-03T00:30:00.000,2.21,339.96,2.08,-0.76
2026-08-03T00:40:00.000,3.82,333.7,3.42,-1.69
2026-08-03T00:50:00.000,2.89,27.3,2.57,1.33
2026-08-03T01:00:00.000,3.92,113.29,-1.55,3.6
2026-08-03T01:10:00.000,6.1,146.62,-5.1,3.36
2026-08-03T01:20:00.000,5.13,160.9,-4.85,1.68
2026-08-03T01:30:00.000,2.57,186.21,-2.56,-0.28
2026-08-03T01:40:00.000,3.96,199.75,-3.73,-1.34
2026-08-03T01:50:00.000,3.02,249.36,-1.06,-2.83
2026-08-03T02:00:00.000,2.34,261.51,-0.35,-2.31
2026-08-03T02:10:00.000,1.05,217.61,-0.83,-0.64
2026-08-03T02:20:00.000,0.73,204.13,-0.67,-0.3
2026-08-03T02:30:00.000,1.68,208.12,-1.48,-0.79
2026-08-03T02:40:00.000,3.32,210.01,-2.87,-1.66
2026-08-03T02:50:00.000,3.67,207.96,-3.24,-1.72
2026-08-03T03:00:00.000,1.92,217.73,-1.52,-1.17
2026-08-03T03:10:00.000,3.54,182.3,-3.54,-0.14
2026-08-03T03:20:00.000,3.58,198.31,-3.4,-1.12
2026-08-03T03:30:00.000,2.95,207.57,-2.61,-1.36
2026-08-03T03:40:00.000,1.46,209.06,-1.28,-0.71
2026-08-03T03:50:00.000,3.5,173.43,-3.48,0.4
2026-08-03T04:00:00.000,4.3,154.24,-3.87,1.87
2026-08-03T04:10:00.000,0.9,203.14,-0.83,-0.35
2026-08-03T04:20:00.000,0.2,286.85,0.06,-0.19
2026-08-03T04:30:00.000,2.12,304.31,1.19,-1.75
2026-08-03T04:40:00.000,1.98,296.51,0.88,-1.77
2026-08-03T04:50:00.000,3.66,243.19,-1.65,-3.27
2026-08-03T05:00:00.000,6.74,240.72,-3.29,-5.88
2026-08-03T05:10:00.000,7.61,265.07,-0.65,-7.59
2026-08-03T05:20:00.000,6.84,276.36,0.76,-6.79
2026-08-03T05:30:00.000,5.61,300.23,2.83,-4.85
2026-08-03T05:40:00.000,2.5,302.22,1.33,-2.11
2026-08-03T05:50:00.000,1.18,320.55,0.91,-0.75
2026-08-03T06:00:00.000,0.55,234.91,-0.31,-0.45
2026-08-03T06:10:00.000,0.53,214.82,-0.44,-0.3
2026-08-03T06:20:00.000,2.21,130.75,-1.44,1.67
2026-08-03T06:30:00.000,0.6,209.72,-0.52,-0.3
2026-08-03T06:40:00.000,0.53,200.06,-0.5,-0.18
2026-08-03T06:50:00.000,0.26,229.09,-0.17,-0.2
2026-08-03T07:00:00.000,0.76,229.91,-0.49,-0.58
2026-08-03T07:10:00.000,0.75,169.46,-0.73,0.14
2026-08-03T07:20:00.000,4.56,141.45,-3.57,2.84
2026-08-03T07:30:00.000,7.74,154.01,-6.95,3.39
2026-08-03T07:40:00.000,10.53,149.48,-9.07,5.35
2026-08-03T07:50:00.000,6.05,162.02,-5.75,1.87
2026-08-03T08:00:00.000,4.61,187.43,-4.57,-0.6
2026-08-03T08:10:00.000,8,273.59,0.5,-7.98
2026-08-03T08:20:00.000,5.88,269.75,-0.03,-5.88
2026-08-03T08:30:00.000,3.16,245.68,-1.3,-2.88
2026-08-03T08:40:00.000,8.92,184.41,-8.89,-0.69
2026-08-03T08:50:00.000,16.43,176.04,-16.39,1.13
2026-08-03T09:00:00.000,17.53,185.45,-17.45,-1.67
2026-08-03T09:10:00.000,10.51,205.68,-9.47,-4.55
2026-08-03T09:20:00.000,11.91,203.96,-10.88,-4.83
2026-08-03T09:30:00.000,15.68,187.05,-15.56,-1.92
2026-08-03T09:40:00.000,17.44,191.53,-17.09,-3.48
2026-08-03T09:50:00.000,12.65,193.15,-12.32,-2.88
2026-08-03T10:00:00.000,6.28,145.96,-5.21,3.52
2026-08-03T10:10:00.000,10.34,145.73,-8.55,5.82
2026-08-03T10:20:00.000,5.96,166.23,-5.79,1.42
2026-08-03T10:30:00.000,7.72,131.39,-5.11,5.79
2026-08-03T10:40:00.000,10.27,123.76,-5.71,8.54
2026-08-03T10:50:00.000,2.88,137.38,-2.12,1.95
2026-08-03T11:00:00.000,3.98,347.2,3.88,-0.88
2026-08-03T11:10:00.000,7.56,21.4,7.04,2.76
2026-08-03T11:20:00.000,8.25,30.31,7.12,4.16
2026-08-03T11:30:00.000,9.63,23.72,8.82,3.88
2026-08-03T11:40:00.000,17,0.27,17,0.08
2026-08-03T11:50:00.000,17.78,32.46,15,9.54
2026-08-03T12:00:00.000,19.38,7.21,19.23,2.43
2026-08-03T12:10:00.000,12.75,5.43,12.69,1.21
2026-08-03T12:20:00.000,13.25,20.74,12.39,4.69
2026-08-03T12:30:00.000,7.09,25.51,6.4,3.05
2026-08-03T12:40:00.000,5.52,348.95,5.41,-1.06
2026-08-03T12:50:00.000,2.49,340.02,2.34,-0.85
2026-08-03T13:00:00.000,2.05,32.31,1.74,1.1
2026-08-03T13:10:00.000,1.82,44.26,1.31,1.27
2026-08-03T13:20:00.000,4.12,330.52,3.59,-2.03
2026-08-03T13:30:00.000,7.1,257.28,-1.56,-6.92
2026-08-03T13:40:00.000,4.56,225.29,-3.21,-3.24
2026-08-03T13:50:00.000,3.84,222.11,-2.85,-2.57
2026-08-03T14:00:00.000,4.42,217.56,-3.51,-2.7
2026-08-03T14:10:00.000,4.99,219.88,-3.83,-3.2
2026-08-03T14:20:00.000,7.1,230.95,-4.47,-5.51
2026-08-03T14:30:00.000,2.81,237.14,-1.53,-2.36
2026-08-03T14:40:00.000,2.49,156.47,-2.28,0.99
2026-08-03T14:50:00.000,7.25,142.97,-5.79,4.36
2026-08-03T15:00:00.000,1.1,208.15,-0.97,-0.52
2026-08-03T15:10:00.000,2.15,232.08,-1.32,-1.69
2026-08-03T15:20:00.000,1.48,241,-0.72,-1.3
2026-08-03T15:30:00.000,0.84,231.44,-0.52,-0.66
2026-08-03T15:40:00.000,3.13,188.59,-3.1,-0.47
2026-08-03T15:50:00.000,4.8,190.68,-4.72,-0.89
2026-08-03T16:00:00.000,3.94,215.82,-3.19,-2.3
2026-08-03T16:10:00.000,4.74,192.89,-4.62,-1.06
2026-08-03T16:20:00.000,4.04,211.77,-3.43,-2.13
2026-08-03T16:30:00.000,1.49,234.52,-0.87,-1.21
2026-08-03T16:40:00.000,6.35,253.6,-1.79,-6.1
2026-08-03T16:50:00.000,12.6,246.78,-4.97,-11.58
2026-08-03T17:00:00.000,10.84,251.26,-3.48,-10.26
2026-08-03T17:10:00.000,6.72,242.18,-3.14,-5.95
2026-08-03T17:20:00.000,4.1,175.38,-4.09,0.33
2026-08-03T17:30:00.000,6.63,166.83,-6.46,1.51
2026-08-03T17:40:00.000,8.13,172.25,-8.06,1.1
2026-08-03T17:50:00.000,4.93,194.14,-4.78,-1.21
2026-08-03T18:00:00.000,4.72,188.71,-4.67,-0.71
2026-08-03T18:10:00.000,5.33,193.04,-5.2,-1.2
2026-08-03T18:20:00.000,7.26,176.6,-7.25,0.43
2026-08-03T18:30:00.000,5.91,190.9,-5.81,-1.12
2026-08-03T18:40:00.000,7.69,214.65,-6.33,-4.37
2026-08-03T18:50:00.000,7.48,224.17,-5.37,-5.21
2026-08-03T19:00:00.000,4.64,210.68,-3.99,-2.37
2026-08-03T19:10:00.000,5.25,211.92,-4.46,-2.78
2026-08-03T19:20:00.000,6.23,242.23,-2.9,-5.52
2026-08-03T19:30:00.000,11.94,236.48,-6.59,-9.96
2026-08-03T19:40:00.000,11.49,251.36,-3.67,-10.88
2026-08-03T19:50:00.000,6.25,224.5,-4.46,-4.38
2026-08-03T20:00:00.000,3.79,198.54,-3.6,-1.21
2026-08-03T20:10:00.000,0.67,242.41,-0.31,-0.6
2026-08-03T20:20:00.000,0.78,288.48,0.25,-0.74
2026-08-03T20:30:00.000,0.67,303.51,0.37,-0.56
2026-08-03T20:40:00.000,3.63,356.92,3.63,-0.2
2026-08-03T20:50:00.000,4.46,349.77,4.39,-0.79
2026-08-03T21:00:00.000,1.89,342.66,1.8,-0.56
2026-08-03T21:10:00.000,2.25,50.08,1.45,1.73
2026-08-03T21:20:00.000,2.75,143.01,-2.2,1.66
2026-08-03T21:30:00.000,2.12,161.75,-2.02,0.66
2026-08-03T21:40:00.000,3.41,196.42,-3.27,-0.96
2026-08-03T21:50:00.000,6.38,193.58,-6.2,-1.5
2026-08-03T22:00:00.000,7.73,192.97,-7.54,-1.74
2026-08-03T22:10:00.000,6.91,201.73,-6.42,-2.56
2026-08-03T22:20:00.000,6.66,172.9,-6.61,0.82
2026-08-03T22:30:00.000,15.18,199.6,-14.31,-5.09
2026-08-03T22:40:00.000,16.39,202.87,-15.1,-6.37
2026-08-03T22:50:00.000,5.91,190.87,-5.81,-1.12
2026-08-03T23:00:00.000,6.84,130.6,-4.45,5.19
2026-08-03T23:10:00.000,6.2,111.99,-2.32,5.75
2026-08-03T23:20:00.000,3.65,118.61,-1.75,3.21
2026-08-03T23:30:00.000,3.97,355.42,3.96,-0.32
2026-08-03T23:40:00.000,6.28,26.59,5.62,2.81
2026-08-03T23:50:00.000,7.29,358.67,7.29,-0.17
2026-08-04T00:00:00.000,6.21,40.96,4.69,4.07
2026-08-04T00:10:00.000,11.87,40.1,9.08,7.64
2026-08-04T00:20:00.000,14.15,18.56,13.42,4.5
2026-08-04T00:30:00.000,11.26,3.78,11.23,0.74
2026-08-04T00:40:00.000,10.76,11.64,10.54,2.17
2026-08-04T00:50:00.000,5.84,37.73,4.62,3.57
2026-08-04T01:00:00.000,6.63,95.73,-0.66,6.59
2026-08-04T01:10:00.000,5.69,51.76,3.52,4.47
2026-08-04T01:20:00.000,6.47,51.38,4.04,5.06
2026-08-04T01:30:00.000,2.91,80.02,0.5,2.86
2026-08-04T01:40:00.000,0.68,181.92,-0.68,-0.02
2026-08-04T01:50:00.000,4.07,289.75,1.38,-3.83
2026-08-04T02:00:00.000,4.6,310.26,2.97,-3.51
2026-08-04T02:10:00.000,4.07,294.48,1.69,-3.71
2026-08-04T02:20:00.000,3.67,295.38,1.57,-3.32
2026-08-04T02:30:00.000,6.01,289.7,2.02,-5.66
2026-08-04T02:40:00.000,8.06,286.4,2.27,-7.73
2026-08-04T02:50:00.000,7.84,260.35,-1.31,-7.73
2026-08-04T03:00:00.000,7.36,210.57,-6.34,-3.74
2026-08-04T03:10:00.000,10.85,184.3,-10.82,-0.81
2026-08-04T03:20:00.000,7.2,182.52,-7.2,-0.32
2026-08-04T03:30:00.000,3.9,174.32,-3.88,0.39
2026-08-04T03:40:00.000,7.37,144.46,-6,4.28
2026-08-04T03:50:00.000,11.88,168.26,-11.63,2.42
2026-08-04T04:00:00.000,11.61,174.49,-11.55,1.11
2026-08-04T04:10:00.000,9.48,172.43,-9.4,1.25
2026-08-04T04:20:00.000,7.06,189.59,-6.96,-1.18
2026-08-04T04:30:00.000,4.54,219.9,-3.49,-2.91
2026-08-04T04:40:00.000,9.12,242.71,-4.18,-8.11
2026-08-04T04:50:00.000,8.02,254.99,-2.08,-7.74
2026-08-04T05:00:00.000,10.61,253.09,-3.09,-10.15
2026-08-04T05:10:00.000,7.17,246.21,-2.89,-6.56
2026-08-04T05:20:00.000,4.06,221.02,-3.06,-2.66
2026-08-04T05:30:00.000,5.07,196.25,-4.87,-1.42
2026-08-04T05:40:00.000,5.38,193.33,-5.24,-1.24
2026-08-04T05:50:00.000,5.8,210.88,-4.98,-2.98
2026-08-04T06:00:00.000,2.92,216.63,-2.34,-1.74
2026-08-04T06:10:00.000,1.01,231.94,-0.62,-0.8
2026-08-04T06:20:00.000,1.02,241.13,-0.49,-0.89
2026-08-04T06:30:00.000,0.85,207.37,-0.76,-0.39
2026-08-04T06:40:00.000,0.73,247.8,-0.28,-0.68
2026-08-04T06:50:00.000,0.74,239.2,-0.38,-0.63
2026-08-04T07:00:00.000,3.17,234.91,-1.82,-2.59
2026-08-04T07:10:00.000,2.56,236.09,-1.43,-2.13
2026-08-04T07:20:00.000,2.75,232,-1.69,-2.17
2026-08-04T07:30:00.000,3.09,306.58,1.84,-2.48
2026-08-04T07:40:00.000,1.36,301.03,0.7,-1.17
2026-08-04T07:50:00.000,0.81,272.33,0.03,-0.8
2026-08-04T08:00:00.000,4.05,259.06,-0.77,-3.98
2026-08-04T08:10:00.000,6.29,249.04,-2.25,-5.88
2026-08-04T08:20:00.000,9.14,238.52,-4.77,-7.8
2026-08-04T08:30:00.000,5.31,234.29,-3.1,-4.31
2026-08-04T08:40:00.000,3.85,219.28,-2.98,-2.44
2026-08-04T08:50:00.000,3.79,212.71,-3.19,-2.05
2026-08-04T09:00:00.000,4.43,214.94,-3.63,-2.54
2026-08-04T09:10:00.000,3.33,207.56,-2.95,-1.54
2026-08-04T09:20:00.000,2.47,164.32,-2.37,0.67
2026-08-04T09:30:00.000,3.09,133.68,-2.14,2.24
2026-08-04T09:40:00.000,1.83,144.86,-1.5,1.05
2026-08-04T09:50:00.000,0.23,235.71,-0.13,-0.19
2026-08-04T10:00:00.000,0.23,270.92,0,-0.23
2026-08-04T10:10:00.000,0.23,266.72,-0.01,-0.23
2026-08-04T10:20:00.000,1.05,145.3,-0.87,0.6
2026-08-04T10:30:00.000,2.48,144.17,-2.01,1.45
2026-08-04T10:40:00.000,4.53,137.63,-3.35,3.05
2026-08-04T10:50:00.000,5.85,148.72,-5,3.04
2026-08-04T11:00:00.000,4.23,163.64,-4.06,1.19
2026-08-04T11:10:00.000,5.14,159.07,-4.8,1.84
2026-08-04T11:20:00.000,4.27,154.55,-3.85,1.83
2026-08-04T11:30:00.000,5.21,148.23,-4.43,2.74
2026-08-04T11:40:00.000,5.63,140.17,-4.33,3.61
2026-08-04T11:50:00.000,3.99,140.3,-3.07,2.55
2026-08-04T12:00:00.000,5.23,161.46,-4.96,1.66
2026-08-04T12:10:00.000,13.62,170.3,-13.42,2.29
2026-08-04T12:20:00.000,11.36,173.81,-11.29,1.23
2026-08-04T12:30:00.000,7.44,212.92,-6.25,-4.05
2026-08-04T12:40:00.000,3.35,234.33,-1.95,-2.72
2026-08-04T12:50:00.000,3.7,188.72,-3.65,-0.56
2026-08-04T13:00:00.000,4.68,173.42,-4.65,0.54
2026-08-04T13:10:00.000,1.35,166.62,-1.31,0.31
2026-08-04T13:20:00.000,1.3,24.23,1.18,0.53
2026-08-04T13:30:00.000,5.14,55.41,2.92,4.23
2026-08-04T13:40:00.000,5.43,44.46,3.88,3.81
2026-08-04T13:50:00.000,8.27,33.01,6.94,4.51
2026-08-04T14:00:00.000,4.09,32.78,3.43,2.21
2026-08-04T14:10:00.000,1.51,353.67,1.5,-0.17
2026-08-04T14:20:00.000,1.17,280.44,0.21,-1.15
2026-08-04T14:30:00.000,0.88,273.03,0.05,-0.88
2026-08-04T14:40:00.000,1.84,16.92,1.76,0.54
2026-08-04T14:50:00.000,2.41,74.19,0.66,2.32
2026-08-04T15:00:00.000,5.12,124.62,-2.91,4.22
2026-08-04T15:10:00.000,0.73,260.95,-0.12,-0.72
2026-08-04T15:20:00.000,1.29,250.3,-0.43,-1.21
2026-08-04T15:30:00.000,3.3,251.93,-1.02,-3.14
2026-08-04T15:40:00.000,5.88,253.01,-1.72,-5.62
2026-08-04T15:50:00.000,5.6,251.62,-1.77,-5.32
2026-08-04T16:00:00.000,5.18,253.31,-1.49,-4.96
2026-08-04T16:10:00.000,3.36,247.84,-1.27,-3.11
2026-08-04T16:20:00.000,3.71,252.63,-1.11,-3.54
2026-08-04T16:30:00.000,2.46,247.55,-0.94,-2.28
2026-08-04T16:40:00.000,1.59,238.91,-0.82,-1.36
2026-08-04T16:50:00.000,1,237.37,-0.54,-0.84
2026-08-04T17:00:00.000,1.2,167.25,-1.17,0.26
2026-08-04T17:10:00.000,0.75,240.95,-0.36,-0.65
2026-08-04T17:20:00.000,1.59,214.65,-1.31,-0.9
2026-08-04T17:30:00.000,2.24,217.99,-1.77,-1.38
2026-08-04T17:40:00.000,2.23,185.1,-2.23,-0.2
2026-08-04T17:50:00.000,9.43,140.7,-7.29,5.97
2026-08-04T18:00:00.000,14.18,147.06,-11.9,7.71
2026-08-04T18:10:00.000,7.31,203.7,-6.69,-2.94
2026-08-04T18:20:00.000,6.53,232.82,-3.94,-5.2
2026-08-04T18:30:00.000,18.25,245.63,-7.53,-16.62
2026-08-04T18:40:00.000,17.52,231.15,-10.99,-13.65
2026-08-04T18:50:00.000,12.77,200.39,-11.97,-4.45
2026-08-04T19:00:00.000,12.33,186,-12.27,-1.29
2026-08-04T19:10:00.000,4.7,211.88,-3.99,-2.48
2026-08-04T19:20:00.000,4.76,161.98,-4.52,1.47
2026-08-04T19:30:00.000,0.6,255.05,-0.15,-0.58
2026-08-04T19:40:00.000,0.52,282.79,0.11,-0.51
2026-08-04T19:50:00.000,2.85,85.62,0.22,2.84
2026-08-04T20:00:00.000,3.42,86.07,0.23,3.42
2026-08-04T20:10:00.000,1.78,98.95,-0.28,1.76
2026-08-04T20:20:00.000,0.14,194.56,-0.13,-0.04
2026-08-04T20:30:00.000,0.45,236.08,-0.25,-0.38
2026-08-04T20:40:00.000,3.21,198.28,-3.05,-1.01
2026-08-04T20:50:00.000,10.72,268.94,-0.2,-10.72
2026-08-04T21:00:00.000,10.78,262.17,-1.47,-10.68
2026-08-04T21:10:00.000,6.58,262.73,-0.83,-6.52
2026-08-04T21:20:00.000,3.06,259.25,-0.57,-3.01
2026-08-04T21:30:00.000,2.35,236.86,-1.28,-1.97
2026-08-04T21:40:00.000,3.25,228.36,-2.16,-2.43
2026-08-04T21:50:00.000,1.85,235.36,-1.05,-1.52
2026-08-04T22:00:00.000,1.1,215.39,-0.89,-0.64
2026-08-04T22:10:00.000,0.76,180.05,-0.76,0
2026-08-04T22:20:00.000,0.51,231.63,-0.32,-0.4
2026-08-04T22:30:00.000,0.45,240.68,-0.22,-0.39
2026-08-04T22:40:00.000,1.01,172.85,-1.01,0.13
2026-08-04T22:50:00.000,4.49,146.37,-3.74,2.49
2026-08-04T23:00:00.000,5.12,179.37,-5.12,0.06
2026-08-04T23:10:00.000,9.71,174.52,-9.67,0.93
2026-08-04T23:20:00.000,15.73,176.15,-15.69,1.06
2026-08-04T23:30:00.000,16.93,189.82,-16.68,-2.89
2026-08-04T23:40:00.000,16.44,190.85,-16.15,-3.1
2026-08-04T23:50:00.000,18.21,183.97,-18.17,-1.26
2026-08-05T00:00:00.000,25,184.62,-24.92,-2.01
2026-08-05T00:10:00.000,21.47,191.72,-21.02,-4.36
2026-08-05T00:20:00.000,14.82,198.07,-14.09,-4.6
2026-08-05T00:30:00.000,4.5,147.36,-3.79,2.43
2026-08-05T00:40:00.000,8.61,146.15,-7.15,4.8
2026-08-05T00:50:00.000,7.71,143.7,-6.21,4.56
2026-08-05T01:00:00.000,2.94,90.16,-0.01,2.94
2026-08-05T01:10:00.000,9.08,86.69,0.52,9.06
2026-08-05T01:20:00.000,14.2,97.75,-1.91,14.07
2026-08-05T01:30:00.000,12.71,78.37,2.56,12.45
2026-08-05T01:40:00.000,17.19,46.62,11.81,12.49
2026-08-05T01:50:00.000,23.62,49.26,15.42,17.9
2026-08-05T02:00:00.000,7.91,328.82,6.77,-4.09
2026-08-05T02:10:00.000,11.58,317.37,8.52,-7.84
2026-08-05T02:20:00.000,3.91,322.9,3.12,-2.36
2026-08-05T02:30:00.000,0.29,204.17,-0.27,-0.12
2026-08-05T02:40:00.000,6.13,135.22,-4.35,4.31
2026-08-05T02:50:00.000,5.26,125.98,-3.09,4.25
2026-08-05T03:00:00.000,3.62,103.47,-0.84,3.52
2026-08-05T03:10:00.000,6.1,245.78,-2.5,-5.56
2026-08-05T03:20:00.000,3.23,325.67,2.67,-1.82
2026-08-05T03:30:00.000,4.43,287.14,1.31,-4.24
2026-08-05T03:40:00.000,4.14,250.62,-1.37,-3.91
2026-08-05T03:50:00.000,4.3,187.58,-4.26,-0.57
2026-08-05T04:00:00.000,3.26,175.28,-3.25,0.27
2026-08-05T04:10:00.000,3.96,289.15,1.3,-3.74
2026-08-05T04:20:00.000,3.72,327.44,3.14,-2
2026-08-05T04:30:00.000,1.54,34.48,1.27,0.87
2026-08-05T04:40:00.000,2.52,48.65,1.66,1.89
2026-08-05T04:50:00.000,2.76,76.27,0.66,2.68
2026-08-05T05:00:00.000,1.06,214.33,-0.87,-0.6
2026-08-05T05:10:00.000,8.52,230.8,-5.38,-6.6
2026-08-05T05:20:00.000,7.72,223.08,-5.64,-5.27
2026-08-05T05:30:00.000,9.66,282.34,2.06,-9.43
2026-08-05T05:40:00.000,2.95,264.56,-0.28,-2.93
2026-08-05T05:50:00.000,2.1,211.3,-1.8,-1.09
2026-08-05T06:00:00.000,5.53,160.45,-5.21,1.85
2026-08-05T06:10:00.000,3.28,183.13,-3.28,-0.18
2026-08-05T06:20:00.000,4.86,243.22,-2.19,-4.33
2026-08-05T06:30:00.000,4.91,239.4,-2.5,-4.22
2026-08-05T06:40:00.000,6.42,242.16,-3,-5.68
2026-08-05T06:50:00.000,6.7,231.22,-4.19,-5.22
2026-08-05T07:00:00.000,4.91,218.57,-3.84,-3.06
2026-08-05T07:10:00.000,3.76,243.38,-1.68,-3.36
2026-08-05T07:20:00.000,4.22,200.52,-3.95,-1.48
2026-08-05T07:30:00.000,2.43,180.55,-2.43,-0.02
2026-08-05T07:40:00.000,4.37,109.21,-1.44,4.13
2026-08-05T07:50:00.000,4.89,103.71,-1.16,4.75
2026-08-05T08:00:00.000,2.12,307.04,1.28,-1.69
2026-08-05T08:10:00.000,2.16,291.52,0.79,-2.01
2026-08-05T08:20:00.000,2.16,269.34,-0.02,-2.16
2026-08-05T08:30:00.000,3.65,267.22,-0.18,-3.64
2026-08-05T08:40:00.000,4.48,287.85,1.37,-4.27
2026-08-05T08:50:00.000,3.75,319.11,2.83,-2.45
2026-08-05T09:00:00.000,2.24,324.16,1.81,-1.31
2026-08-05T09:10:00.000,1.84,331.9,1.62,-0.87
2026-08-05T09:20:00.000,0.91,2.3,0.91,0.04
2026-08-05T09:30:00.000,1.06,40.82,0.8,0.69
2026-08-05T09:40:00.000,0.69,266.3,-0.04,-0.69
2026-08-05T09:50:00.000,1.34,222.68,-0.99,-0.91
2026-08-05T10:00:00.000,4.82,183.88,-4.81,-0.33
2026-08-05T10:10:00.000,6.08,190.95,-5.97,-1.15
2026-08-05T10:20:00.000,6.58,187.41,-6.53,-0.85
2026-08-05T10:30:00.000,4.58,198.09,-4.35,-1.42
2026-08-05T10:40:00.000,4.88,233.13,-2.93,-3.9
2026-08-05T10:50:00.000,6.08,231.77,-3.76,-4.77
2026-08-05T11:00:00.000,4.31,243,-1.96,-3.84
2026-08-05T11:10:00.000,4.76,199.18,-4.49,-1.56
2026-08-05T11:20:00.000,5.31,179.17,-5.31,0.08
2026-08-05T11:30:00.000,8.53,174.82,-8.5,0.77
2026-08-05T11:40:00.000,10.51,172.14,-10.41,1.44
2026-08-05T11:50:00.000,12.47,188.77,-12.33,-1.9
2026-08-05T12:00:00.000,10.91,188.42,-10.79,-1.6
2026-08-05T12:10:00.000,12.03,194.03,-11.67,-2.92
2026-08-05T12:20:00.000,12.22,195.63,-11.77,-3.29
2026-08-05T12:30:00.000,19.1,185.59,-19.01,-1.86
2026-08-05T12:40:00.000,10.58,187.26,-10.5,-1.34
2026-08-05T12:50:00.000,3.1,166.67,-3.02,0.71
2026-08-05T13:00:00.000,3.51,111.75,-1.3,3.26
2026-08-05T13:10:00.000,6.22,137.02,-4.55,4.24
2026-08-05T13:20:00.000,10.66,161.54,-10.11,3.37
2026-08-05T13:30:00.000,11.31,155.08,-10.26,4.77
2026-08-05T13:40:00.000,8.67,77.4,1.89,8.46
2026-08-05T13:50:00.000,6.65,355.96,6.63,-0.47
2026-08-05T14:00:00.000,8.47,331.92,7.48,-3.99
2026-08-05T14:10:00.000,8.2,217.47,-6.51,-4.99
2026-08-05T14:20:00.000,2.86,185.31,-2.85,-0.27
2026-08-05T14:30:00.000,2.63,200.9,-2.46,-0.94
2026-08-05T14:40:00.000,10.66,173.51,-10.59,1.2
2026-08-05T14:50:00.000,6.2,170.08,-6.1,1.07
2026-08-05T15:00:00.000,4.98,166.13,-4.83,1.19
2026-08-05T15:10:00.000,2.91,208.7,-2.55,-1.4
2026-08-05T15:20:00.000,1.79,255.82,-0.44,-1.74
2026-08-05T15:30:00.000,4.97,239.18,-2.55,-4.27
2026-08-05T15:40:00.000,9.18,207.74,-8.12,-4.27
2026-08-05T15:50:00.000,10.39,266.24,-0.68,-10.37
2026-08-05T16:00:00.000,17.6,286.53,5.01,-16.87
2026-08-05T16:10:00.000,5.45,277.46,0.71,-5.4
2026-08-05T16:20:00.000,4.54,204.39,-4.13,-1.87
2026-08-05T16:30:00.000,5.54,180.17,-5.54,-0.02
2026-08-05T16:40:00.000,5.45,212.71,-4.58,-2.94
2026-08-05T16:50:00.000,4.54,217.92,-3.58,-2.79
2026-08-05T17:00:00.000,5.49,171.43,-5.43,0.82
2026-08-05T17:10:00.000,6.43,132.99,-4.38,4.7
2026-08-05T17:20:00.000,4.81,91.43,-0.12,4.8
2026-08-05T17:30:00.000,0.96,324.23,0.78,-0.56
2026-08-05T17:40:00.000,1.54,256.8,-0.35,-1.5
2026-08-05T17:50:00.000,4.71,244.85,-2,-4.27
2026-08-05T18:00:00.000,11.21,158.24,-10.41,4.15
2026-08-05T18:10:00.000,12.52,176.08,-12.49,0.86
2026-08-05T18:20:00.000,15.4,180.96,-15.4,-0.26
2026-08-05T18:30:00.000,16.07,222.03,-11.94,-10.76
2026-08-05T18:40:00.000,14.78,228.88,-9.72,-11.14
2026-08-05T18:50:00.000,9.97,231.77,-6.17,-7.83
2026-08-05T19:00:00.000,5.59,232.01,-3.44,-4.41
2026-08-05T19:10:00.000,13.34,236.45,-7.37,-11.11
2026-08-05T19:20:00.000,5.76,266.77,-0.32,-5.75
2026-08-05T19:30:00.000,6.69,281.14,1.29,-6.56
2026-08-05T19:40:00.000,5.3,264.6,-0.5,-5.28
2026-08-05T19:50:00.000,2.77,251.75,-0.87,-2.63
2026-08-05T20:00:00.000,1.13,248.56,-0.41,-1.05
2026-08-05T20:10:00.000,1.47,189.14,-1.46,-0.23
2026-08-05T20:20:00.000,1.47,187.03,-1.46,-0.18
2026-08-05T20:30:00.000,1.62,239.27,-0.83,-1.39
2026-08-05T20:40:00.000,0.74,255.14,-0.19,-0.72
2026-08-05T20:50:00.000,0.83,173.85,-0.82,0.09
2026-08-05T21:00:00.000,6.19,135.53,-4.42,4.34
2026-08-05T21:10:00.000,6.29,150.67,-5.49,3.08
2026-08-05T21:20:00.000,3.71,189.86,-3.65,-0.64
2026-08-05T21:30:00.000,5.7,181.94,-5.7,-0.19
2026-08-05T21:40:00.000,6.91,185.65,-6.87,-0.68
2026-08-05T21:50:00.000,16.6,171.62,-16.42,2.42
2026-08-05T22:00:00.000,28.91,175.67,-28.83,2.18
2026-08-05T22:10:00.000,26.19,187.82,-25.94,-3.56
2026-08-05T22:20:00.000,19.95,196.46,-19.13,-5.65
2026-08-05T22:30:00.000,28.02,181.16,-28.02,-0.57
2026-08-05T22:40:00.000,25.57,177.31,-25.54,1.2
2026-08-05T22:50:00.000,8.95,183.44,-8.94,-0.54
2026-08-05T23:00:00.000,9.52,117.28,-4.36,8.46
2026-08-05T23:10:00.000,11.18,164.17,-10.76,3.05
2026-08-05T23:20:00.000,5.26,170.26,-5.19,0.89
2026-08-05T23:30:00.000,10.84,118.07,-5.1,9.57
2026-08-05T23:40:00.000,27.94,96.36,-3.1,27.77
2026-08-05T23:50:00.000,15.72,93.71,-1.02,15.69
2026-08-06T00:00:00.000,9.44,86.65,0.55,9.42
2026-08-06T00:10:00.000,17.48,30.09,15.12,8.76
2026-08-06T00:20:00.000,21.27,11.07,20.88,4.09
2026-08-06T00:30:00.000,13.99,34.21,11.57,7.86
2026-08-06T00:40:00.000,13.4,25.79,12.06,5.83
2026-08-06T00:50:00.000,12.96,3.26,12.94,0.74
2026-08-06T01:00:00.000,5.75,320.74,4.45,-3.64
2026-08-06T01:10:00.000,1.56,56.1,0.87,1.29
2026-08-06T01:20:00.000,5.14,21.38,4.79,1.87
2026-08-06T01:30:00.000,4.05,46.43,2.79,2.94
2026-08-06T01:40:00.000,3.33,9.41,3.29,0.54
2026-08-06T01:50:00.000,4.8,318.63,3.6,-3.17
2026-08-06T02:00:00.000,3.25,270.95,0.05,-3.25
2026-08-06T02:10:00.000,3.79,247.4,-1.45,-3.49
2026-08-06T02:20:00.000,6.54,266.97,-0.35,-6.54
2026-08-06T02:30:00.000,9.84,314.1,6.85,-7.07
2026-08-06T02:40:00.000,4.62,297.9,2.16,-4.08
2026-08-06T02:50:00.000,1.18,190.7,-1.16,-0.22
2026-08-06T03:00:00.000,1.43,220.97,-1.08,-0.94
2026-08-06T03:10:00.000,5.11,247.18,-1.98,-4.71
2026-08-06T03:20:00.000,5.95,219.15,-4.62,-3.76
2026-08-06T03:30:00.000,7.88,183.31,-7.87,-0.45
2026-08-06T03:40:00.000,11.16,203.31,-10.25,-4.42
2026-08-06T03:50:00.000,3.6,234.77,-2.08,-2.94
2026-08-06T04:00:00.000,0.95,212.41,-0.81,-0.51
2026-08-06T04:10:00.000,5.45,286.7,1.56,-5.22
2026-08-06T04:20:00.000,4.16,284.23,1.02,-4.03
2026-08-06T04:30:00.000,4.05,214.45,-3.34,-2.29
2026-08-06T04:40:00.000,4.16,192.85,-4.06,-0.92
2026-08-06T04:50:00.000,4.75,273.75,0.31,-4.74
2026-08-06T05:00:00.000,4.52,239.75,-2.28,-3.91
2026-08-06T05:10:00.000,4.69,207.47,-4.16,-2.16
2026-08-06T05:20:00.000,6.56,166.76,-6.38,1.5
2026-08-06T05:30:00.000,5.57,125.16,-3.21,4.55
2026-08-06T05:40:00.000,1.31,340.72,1.23,-0.43
2026-08-06T05:50:00.000,5.62,292.64,2.16,-5.19
2026-08-06T06:00:00.000,8.73,283.85,2.09,-8.48
2026-08-06T06:10:00.000,8.22,264.64,-0.77,-8.18
2026-08-06T06:20:00.000,3.41,203.83,-3.12,-1.38
2026-08-06T06:30:00.000,2.74,125.2,-1.58,2.24
2026-08-06T06:40:00.000,1.37,40.59,1.04,0.89
2026-08-06T06:50:00.000,5.83,330.76,5.09,-2.85
2026-08-06T07:00:00.000,4.84,338.34,4.5,-1.79
2026-08-06T07:10:00.000,5.03,346.73,4.89,-1.15
2026-08-06T07:20:00.000,5.51,0.03,5.51,0
2026-08-06T07:30:00.000,6.55,351.4,6.47,-0.98
2026-08-06T07:40:00.000,13.41,29.68,11.65,6.64
2026-08-06T07:50:00.000,9.33,56.58,5.14,7.79
2026-08-06T08:00:00.000,9.69,35.99,7.84,5.69
2026-08-06T08:10:00.000,9.97,65.47,4.14,9.07
2026-08-06T08:20:00.000,6.79,119.9,-3.38,5.88
2026-08-06T08:30:00.000,7.79,152.05,-6.88,3.65
2026-08-06T08:40:00.000,10.94,173.71,-10.88,1.2
2026-08-06T08:50:00.000,9.15,178.18,-9.14,0.29
2026-08-06T09:00:00.000,5.47,164.15,-5.26,1.49
2026-08-06T09:10:00.000,7.56,166.24,-7.34,1.8
2026-08-06T09:20:00.000,8.71,183.67,-8.69,-0.56
2026-08-06T09:30:00.000,7.12,217.88,-5.62,-4.37
2026-08-06T09:40:00.000,3.66,226.61,-2.51,-2.66
2026-08-06T09:50:00.000,4.79,254,-1.32,-4.61
2026-08-06T10:00:00.000,0.66,285.23,0.17,-0.64
2026-08-06T10:10:00.000,2.14,156.67,-1.96,0.85
2026-08-06T10:20:00.000,7.41,174.69,-7.37,0.68
2026-08-06T10:30:00.000,5.05,171.77,-5,0.72
2026-08-06T10:40:00.000,3.83,240.12,-1.91,-3.32
2026-08-06T10:50:00.000,3.2,174.35,-3.19,0.32
2026-08-06T11:00:00.000,10.74,140.44,-8.28,6.84
2026-08-06T11:10:00.000,2.58,179.64,-2.58,0.02
2026-08-06T11:20:00.000,5.15,136.96,-3.76,3.52
2026-08-06T11:30:00.000,0.54,219.83,-0.41,-0.34
2026-08-06T11:40:00.000,0.93,251.85,-0.29,-0.89
2026-08-06T11:50:00.000,0.73,220.97,-0.55,-0.48
2026-08-06T12:00:00.000,5.09,108.05,-1.58,4.84
2026-08-06T12:10:00.000,3.74,138.09,-2.78,2.5
2026-08-06T12:20:00.000,4.8,35.82,3.89,2.81
2026-08-06T12:30:00.000,7.6,11.05,7.46,1.46
2026-08-06T12:40:00.000,8.37,328.18,7.11,-4.41
2026-08-06T12:50:00.000,7.27,285.09,1.89,-7.02
2026-08-06T13:00:00.000,6.98,255.98,-1.69,-6.77
2026-08-06T13:10:00.000,6.62,259.7,-1.18,-6.51
2026-08-06T13:20:00.000,4.94,222.01,-3.67,-3.31
2026-08-06T13:30:00.000,3.2,219.41,-2.47,-2.03
2026-08-06T13:40:00.000,0.94,230.52,-0.6,-0.73
2026-08-06T13:50:00.000,5.08,263.69,-0.56,-5.05
2026-08-06T14:00:00.000,3.32,204.66,-3.02,-1.38
2026-08-06T14:10:00.000,4.69,179.28,-4.69,0.06
2026-08-06T14:20:00.000,5.44,180.52,-5.44,-0.05
2026-08-06T14:30:00.000,9.81,188.12,-9.71,-1.39
2026-08-06T14:40:00.000,11.07,196.7,-10.6,-3.18
2026-08-06T14:50:00.000,9.64,210.12,-8.34,-4.84
2026-08-06T15:00:00.000,4.77,215.87,-3.87,-2.79
2026-08-06T15:10:00.000,6.11,257.14,-1.36,-5.96
2026-08-06T15:20:00.000,5.96,264.12,-0.61,-5.93
2026-08-06T15:30:00.000,12.36,251.16,-3.99,-11.69
2026-08-06T15:40:00.000,12.63,238.05,-6.69,-10.72
2026-08-06T15:50:00.000,3.4,219.57,-2.62,-2.17
2026-08-06T16:00:00.000,5.16,189.5,-5.09,-0.85
2026-08-06T16:10:00.000,5.55,177.99,-5.54,0.19
2026-08-06T16:20:00.000,2.79,203.23,-2.56,-1.1
2026-08-06T16:30:00.000,4.59,192.69,-4.48,-1.01
2026-08-06T16:40:00.000,5.01,175.9,-4.99,0.36
2026-08-06T16:50:00.000,5.31,185.98,-5.29,-0.55
2026-08-06T17:00:00.000,4.91,199.9,-4.61,-1.67
2026-08-06T17:10:00.000,4.82,169.73,-4.75,0.86
2026-08-06T17:20:00.000,4.06,142.6,-3.22,2.47
2026-08-06T17:30:00.000,1.05,246.76,-0.42,-0.97
2026-08-06T17:40:00.000,5.34,277.42,0.69,-5.29
2026-08-06T17:50:00.000,5.5,286.02,1.52,-5.29
2026-08-06T18:00:00.000,6.62,284.01,1.6,-6.42
2026-08-06T18:10:00.000,6.49,301.21,3.36,-5.55
2026-08-06T18:20:00.000,1.02,270.94,0.02,-1.02
2026-08-06T18:30:00.000,1.05,162.18,-1,0.32
2026-08-06T18:40:00.000,0.76,175.25,-0.76,0.06
2026-08-06T18:50:00.000,4.48,333.59,4.01,-1.99
2026-08-06T19:00:00.000,3.47,326.49,2.89,-1.92
2026-08-06T19:10:00.000,2.74,292.06,1.03,-2.54
2026-08-06T19:20:00.000,3.57,236,-1.99,-2.96
2026-08-06T19:30:00.000,6.95,234.19,-4.07,-5.64
2026-08-06T19:40:00.000,5.61,224.25,-4.02,-3.92
2026-08-06T19:50:00.000,6.44,188.5,-6.36,-0.95
2026-08-06T20:00:00.000,4.78,158.34,-4.44,1.76
2026-08-06T20:10:00.000,4.6,167.07,-4.48,1.03
2026-08-06T20:20:00.000,0.91,236.33,-0.5,-0.75
2026-08-06T20:30:00.000,3.7,282.52,0.8,-3.61
2026-08-06T20:40:00.000,2.35,231.16,-1.47,-1.83
2026-08-06T20:50:00.000,3.29,204.89,-2.98,-1.38
2026-08-06T21:00:00.000,4.21,212.07,-3.57,-2.24
2026-08-06T21:10:00.000,5.13,207.36,-4.56,-2.36
2026-08-06T21:20:00.000,5.3,196.12,-5.09,-1.47
2026-08-06T21:30:00.000,6.96,171.03,-6.88,1.09
2026-08-06T21:40:00.000,10.99,155.34,-9.99,4.58
2026-08-06T21:50:00.000,9.67,146.29,-8.04,5.36
2026-08-06T22:00:00.000,4.49,158.37,-4.17,1.65
2026-08-06T22:10:00.000,3.49,225.87,-2.43,-2.5
2026-08-06T22:20:00.000,9.4,273.34,0.55,-9.39
2026-08-06T22:30:00.000,7.92,252.35,-2.4,-7.55
2026-08-06T22:40:00.000,2.67,230.26,-1.71,-2.05
2026-08-06T22:50:00.000,5.58,161.49,-5.29,1.77
2026-08-06T23:00:00.000,13.32,164.42,-12.83,3.58
2026-08-06T23:10:00.000,10.85,190.34,-10.67,-1.95
2026-08-06T23:20:00.000,13.25,183.43,-13.23,-0.79
2026-08-06T23:30:00.000,16.27,184.34,-16.22,-1.23
2026-08-06T23:40:00.000,28.6,174.83,-28.48,2.58
2026-08-06T23:50:00.000,20.47,182.55,-20.45,-0.91
2026-08-07T00:00:00.000,13.08,207.97,-11.55,-6.13
2026-08-07T00:10:00.000,12.73,170.72,-12.56,2.05
2026-08-07T00:20:00.000,20.14,175.02,-20.06,1.75
2026-08-07T00:30:00.000,11.81,196,-11.35,-3.25
2026-08-07T00:40:00.000,2.55,282.59,0.56,-2.49
2026-08-07T00:50:00.000,7.88,119.43,-3.87,6.86
2026-08-07T01:00:00.000,8.99,124.18,-5.05,7.44
2026-08-07T01:10:00.000,8.02,241.57,-3.82,-7.05
2026-08-07T01:20:00.000,4.95,303.86,2.76,-4.11
2026-08-07T01:30:00.000,5.39,342.74,5.15,-1.6
2026-08-07T01:40:00.000,2.7,156.72,-2.48,1.07
2026-08-07T01:50:00.000,16.88,230.92,-10.64,-13.11
2026-08-07T02:00:00.000,27.6,265.88,-1.98,-27.53
2026-08-07T02:10:00.000,6.34,273.02,0.33,-6.33
2026-08-07T02:20:00.000,6.52,166.28,-6.34,1.55
2026-08-07T02:30:00.000,15.35,170.43,-15.13,2.55
2026-08-07T02:40:00.000,8.32,211.75,-7.08,-4.38
2026-08-07T02:50:00.000,9.94,243.25,-4.47,-8.87
2026-08-07T03:00:00.000,15.1,184.57,-15.05,-1.2
2026-08-07T03:10:00.000,22.08,155.88,-20.15,9.02
2026-08-07T03:20:00.000,25.19,168.71,-24.7,4.93
2026-08-07T03:30:00.000,15.2,203.2,-13.97,-5.99
2026-08-07T03:40:00.000,15.12,286.78,4.36,-14.47
2026-08-07T03:50:00.000,25.21,344.52,24.3,-6.73
2026-08-07T04:00:00.000,8.1,54.94,4.65,6.63
2026-08-07T04:10:00.000,0.94,64.83,0.4,0.85
2026-08-07T04:20:00.000,1.03,312.37,0.69,-0.76
2026-08-07T04:30:00.000,3,194.71,-2.9,-0.76
2026-08-07T04:40:00.000,4.32,190.45,-4.25,-0.78
2026-08-07T04:50:00.000,1.98,106.98,-0.58,1.89
2026-08-07T05:00:00.000,5.11,34.65,4.2,2.9
2026-08-07T05:10:00.000,16.13,23.53,14.79,6.44
2026-08-07T05:20:00.000,22.73,25.97,20.44,9.95
2026-08-07T05:30:00.000,19.69,352.98,19.54,-2.41
2026-08-07T05:40:00.000,10.45,349.21,10.26,-1.95
2026-08-07T05:50:00.000,5.38,46.89,3.68,3.93
2026-08-07T06:00:00.000,10.3,23.42,9.45,4.09
2026-08-07T06:10:00.000,14.67,6.5,14.58,1.66
2026-08-07T06:20:00.000,8.98,326.91,7.53,-4.9
2026-08-07T06:30:00.000,6.61,337.78,6.12,-2.5
2026-08-07T06:40:00.000,5.12,325.41,4.21,-2.91
2026-08-07T06:50:00.000,3.38,239.55,-1.71,-2.91
2026-08-07T07:00:00.000,6.03,204.7,-5.48,-2.52
2026-08-07T07:10:00.000,1.41,207.47,-1.25,-0.65
2026-08-07T07:20:00.000,0.94,217.44,-0.74,-0.57
2026-08-07T07:30:00.000,4.93,352.53,4.89,-0.64
2026-08-07T07:40:00.000,11.84,2.87,11.83,0.59
2026-08-07T07:50:00.000,7.37,10.91,7.23,1.39
2026-08-07T08:00:00.000,6.67,40,5.11,4.29
2026-08-07T08:10:00.000,3.19,33.11,2.67,1.74
2026-08-07T08:20:00.000,2.29,97.47,-0.3,2.27
2026-08-07T08:30:00.000,3.55,136.96,-2.59,2.42
2026-08-07T08:40:00.000,5.37,170.18,-5.3,0.92
2026-08-07T08:50:00.000,3.93,313.84,2.73,-2.84
2026-08-07T09:00:00.000,1.48,290.85,0.53,-1.39
2026-08-07T09:10:00.000,1.63,260.48,-0.27,-1.6
2026-08-07T09:20:00.000,4.09,227.53,-2.76,-3.02
2026-08-07T09:30:00.000,6.88,183.24,-6.87,-0.39
2026-08-07T09:40:00.000,11.21,176.46,-11.18,0.69
2026-08-07T09:50:00.000,7.77,207.23,-6.91,-3.56
2026-08-07T10:00:00.000,11.14,222.69,-8.19,-7.56
2026-08-07T10:10:00.000,11.85,223.97,-8.53,-8.22
2026-08-07T10:20:00.000,7.88,211.69,-6.7,-4.14
2026-08-07T10:30:00.000,5.03,213.28,-4.2,-2.76
2026-08-07T10:40:00.000,4.82,200.63,-4.51,-1.7
2026-08-07T10:50:00.000,4.2,205.75,-3.79,-1.83
2026-08-07T11:00:00.000,2.1,216.64,-1.68,-1.25
2026-08-07T11:10:00.000,0.56,186.38,-0.56,-0.06
2026-08-07T11:20:00.000,6.19,163.63,-5.94,1.74
2026-08-07T11:30:00.000,5.25,132.71,-3.56,3.86
2026-08-07T11:40:00.000,11.06,156.94,-10.18,4.33
2026-08-07T11:50:00.000,12.86,149.8,-11.11,6.47
2026-08-07T12:00:00.000,9.3,158.83,-8.67,3.36
2026-08-07T12:10:00.000,7.3,209.17,-6.38,-3.56
2026-08-07T12:20:00.000,13.62,206.82,-12.16,-6.15
2026-08-07T12:30:00.000,14.23,187.43,-14.11,-1.84
2026-08-07T12:40:00.000,15.65,163.93,-15.04,4.33
2026-08-07T12:50:00.000,10.21,137.54,-7.53,6.89
2026-08-07T13:00:00.000,3.44,149.54,-2.97,1.74
2026-08-07T13:10:00.000,0.83,293.1,0.33,-0.76
2026-08-07T13:20:00.000,2.57,195.42,-2.48,-0.68
2026-08-07T13:30:00.000,5.69,168.47,-5.58,1.14
2026-08-07T13:40:00.000,8.9,190.14,-8.76,-1.57
2026-08-07T13:50:00.000,4.32,202.95,-3.98,-1.68
2026-08-07T14:00:00.000,3.57,21.82,3.31,1.33
2026-08-07T14:10:00.000,15,78.36,3.03,14.69
2026-08-07T14:20:00.000,15.61,86.98,0.82,15.59
2026-08-07T14:30:00.000,8.13,52.13,4.99,6.42
2026-08-07T14:40:00.000,12.9,353.8,12.82,-1.39
2026-08-07T14:50:00.000,14.16,16.69,13.57,4.07
2026-08-07T15:00:00.000,13.45,30.58,11.58,6.84
2026-08-07T15:10:00.000,6.9,34.91,5.66,3.95
2026-08-07T15:20:00.000,6.59,345.63,6.39,-1.64
2026-08-07T15:30:00.000,4.88,337.41,4.51,-1.88
2026-08-07T15:40:00.000,0.41,34.44,0.34,0.23
2026-08-07T15:50:00.000,1.53,323.3,1.22,-0.91
2026-08-07T16:00:00.000,2.98,324.28,2.42,-1.74
2026-08-07T16:10:00.000,0.54,210.49,-0.46,-0.27
2026-08-07T16:20:00.000,0.82,198.08,-0.78,-0.25
2026-08-07T16:30:00.000,3.43,168.77,-3.37,0.67
2026-08-07T16:40:00.000,1.15,205.54,-1.04,-0.5
2026-08-07T16:50:00.000,2.43,4.2,2.42,0.18
2026-08-07T17:00:00.000,3.88,328.74,3.31,-2.01
2026-08-07T17:10:00.000,1.91,155.35,-1.74,0.8
2026-08-07T17:20:00.000,3.59,255.61,-0.89,-3.48
2026-08-07T17:30:00.000,5.43,249.55,-1.9,-5.09
2026-08-07T17:40:00.000,8.21,262.57,-1.06,-8.15
2026-08-07T17:50:00.000,1.98,256.31,-0.47,-1.92
2026-08-07T18:00:00.000,2.2,242.83,-1.01,-1.96
2026-08-07T18:10:00.000,0.96,243.45,-0.43,-0.86
2026-08-07T18:20:00.000,2.92,294.47,1.21,-2.66
2026-08-07T18:30:00.000,1.63,294.72,0.68,-1.48
2026-08-07T18:40:00.000,3.32,40.93,2.51,2.18
2026-08-07T18:50:00.000,7.1,63.84,3.13,6.38
2026-08-07T19:00:00.000,5.8,69.87,1.99,5.44
2026-08-07T19:10:00.000,7.84,356.77,7.83,-0.44
2026-08-07T19:20:00.000,10.31,23.37,9.46,4.09
2026-08-07T19:30:00.000,10.77,28.86,9.43,5.2
2026-08-07T19:40:00.000,12.59,30.3,10.87,6.35
2026-08-07T19:50:00.000,9.63,36.09,7.78,5.67
2026-08-07T20:00:00.000,5,24.53,4.55,2.08
2026-08-07T20:10:00.000,4.43,351.6,4.38,-0.65
2026-08-07T20:20:00.000,5.08,354.47,5.06,-0.49
2026-08-07T20:30:00.000,10.08,295.65,4.36,-9.09
2026-08-07T20:40:00.000,3.66,296.23,1.62,-3.28
2026-08-07T20:50:00.000,3.6,286.97,1.05,-3.45
2026-08-07T21:00:00.000,0.72,238.42,-0.37,-0.61
2026-08-07T21:10:00.000,4.69,142.28,-3.71,2.87
2026-08-07T21:20:00.000,1.43,157.14,-1.32,0.56
2026-08-07T21:30:00.000,4.16,284.84,1.07,-4.03
2026-08-07T21:40:00.000,5.57,299.21,2.72,-4.86
2026-08-07T21:50:00.000,0.84,252.83,-0.25,-0.8
2026-08-07T22:00:00.000,0.7,140.35,-0.54,0.45
2026-08-07T22:10:00.000,2.88,140.53,-2.22,1.83
2026-08-07T22:20:00.000,0.65,215.26,-0.53,-0.37
2026-08-07T22:30:00.000,1.17,257.33,-0.26,-1.14
2026-08-07T22:40:00.000,5.78,277.54,0.76,-5.73
2026-08-07T22:50:00.000,4.13,263.12,-0.5,-4.1
2026-08-07T23:00:00.000,3.66,222.3,-2.71,-2.46
2026-08-07T23:10:00.000,5.42,229.96,-3.49,-4.15
2026-08-07T23:20:00.000,5.31,220.68,-4.03,-3.46
2026-08-07T23:30:00.000,5.68,217.65,-4.5,-3.47
2026-08-07T23:40:00.000,5.39,220.6,-4.09,-3.51
2026-08-07T23:50:00.000,5.33,200.54,-4.99,-1.87
2026-08-08T00:00:00.000,6.9,157.93,-6.4,2.59
2026-08-08T00:10:00.000,6.04,183.26,-6.03,-0.34
2026-08-08T00:20:00.000,5.97,183.37,-5.96,-0.35
2026-08-08T00:30:00.000,4.11,176.2,-4.1,0.27
2026-08-08T00:40:00.000,3.58,170.32,-3.53,0.6
2026-08-08T00:50:00.000,2.24,190.62,-2.2,-0.41
2026-08-08T01:00:00.000,3.32,247.27,-1.28,-3.06
2026-08-08T01:10:00.000,6.85,219.43,-5.29,-4.35
2026-08-08T01:20:00.000,10.1,183.09,-10.09,-0.54
2026-08-08T01:30:00.000,11.49,179.63,-11.49,0.07
2026-08-08T01:40:00.000,13.86,172.6,-13.74,1.78
2026-08-08T01:50:00.000,13.77,176.6,-13.74,0.82
2026-08-08T02:00:00.000,15.78,176.02,-15.75,1.1
2026-08-08T02:10:00.000,21.41,182.96,-21.38,-1.1
2026-08-08T02:20:00.000,11.94,178.41,-11.93,0.33
2026-08-08T02:30:00.000,13.06,148.72,-11.16,6.78
2026-08-08T02:40:00.000,18.51,159.4,-17.33,6.51
2026-08-08T02:50:00.000,10.8,167.52,-10.54,2.33
2026-08-08T03:00:00.000,5.91,169.19,-5.81,1.11
2026-08-08T03:10:00.000,1.65,140.89,-1.28,1.04
2026-08-08T03:20:00.000,17.51,59.86,8.79,15.14
2026-08-08T03:30:00.000,28.24,62.19,13.18,24.97
2026-08-08T03:40:00.000,15.25,106.48,-4.32,14.62
2026-08-08T03:50:00.000,2.36,175.85,-2.35,0.17
2026-08-08T04:00:00.000,17.78,356.01,17.73,-1.24
2026-08-08T04:10:00.000,13.07,341.37,12.38,-4.17
2026-08-08T04:20:00.000,1.04,11.5,1.02,0.21
2026-08-08T04:30:00.000,1.37,271.52,0.04,-1.36
2026-08-08T04:40:00.000,1.65,291.66,0.61,-1.53
2026-08-08T04:50:00.000,14.3,255.87,-3.49,-13.87
2026-08-08T05:00:00.000,2.62,276.93,0.32,-2.6
2026-08-08T05:10:00.000,10.58,184.36,-10.55,-0.8
2026-08-08T05:20:00.000,17.31,154.65,-15.65,7.41
2026-08-08T05:30:00.000,8.73,184.11,-8.71,-0.63
2026-08-08T05:40:00.000,9.44,197.01,-9.03,-2.76
2026-08-08T05:50:00.000,4.46,227.44,-3.02,-3.29
2026-08-08T06:00:00.000,4.18,280.01,0.73,-4.11
2026-08-08T06:10:00.000,1.56,255.83,-0.38,-1.51
2026-08-08T06:20:00.000,2.1,251.59,-0.66,-1.99
2026-08-08T06:30:00.000,5.42,141.67,-4.25,3.36
2026-08-08T06:40:00.000,4.52,157.54,-4.18,1.73
2026-08-08T06:50:00.000,5.14,202.46,-4.75,-1.96
2026-08-08T07:00:00.000,6.77,285.35,1.79,-6.53
2026-08-08T07:10:00.000,5.55,303.76,3.08,-4.61
2026-08-08T07:20:00.000,6.33,287.83,1.94,-6.03
2026-08-08T07:30:00.000,0.62,126.75,-0.37,0.5
2026-08-08T07:40:00.000,0.86,283.93,0.21,-0.84
2026-08-08T07:50:00.000,3.59,326.56,2.99,-1.98
2026-08-08T08:00:00.000,5.76,333.95,5.18,-2.53
2026-08-08T08:10:00.000,4.58,31.75,3.89,2.41
2026-08-08T08:20:00.000,5.2,45.39,3.65,3.7
2026-08-08T08:30:00.000,5.52,37.4,4.38,3.35
2026-08-08T08:40:00.000,8.95,5.67,8.91,0.88
2026-08-08T08:50:00.000,4.91,8.65,4.85,0.74
2026-08-08T09:00:00.000,1.54,349.29,1.51,-0.29
2026-08-08T09:10:00.000,0.74,154.89,-0.67,0.31
2026-08-08T09:20:00.000,1.16,207.54,-1.03,-0.54
2026-08-08T09:30:00.000,5.59,261.01,-0.87,-5.53
2026-08-08T09:40:00.000,3.99,257.57,-0.86,-3.89
2026-08-08T09:50:00.000,0.69,248.43,-0.25,-0.64
2026-08-08T10:00:00.000,0.64,242.74,-0.3,-0.57
2026-08-08T10:10:00.000,3.1,43.59,2.25,2.14
2026-08-08T10:20:00.000,3.17,44.95,2.24,2.24
2026-08-08T10:30:00.000,4.67,357.09,4.66,-0.24
2026-08-08T10:40:00.000,6.34,347.06,6.18,-1.42
2026-08-08T10:50:00.000,5.82,321.14,4.53,-3.65
2026-08-08T11:00:00.000,3.05,275.84,0.31,-3.03
2026-08-08T11:10:00.000,6.16,270.08,0.01,-6.16
2026-08-08T11:20:00.000,11.83,282.32,2.52,-11.56
2026-08-08T11:30:00.000,3.54,285.3,0.93,-3.41
2026-08-08T11:40:00.000,1.21,273.42,0.07,-1.21
2026-08-08T11:50:00.000,1.24,233.76,-0.74,-1
2026-08-08T12:00:00.000,1.48,224.21,-1.06,-1.03
2026-08-08T12:10:00.000,5.16,218.05,-4.06,-3.18
2026-08-08T12:20:00.000,3.78,204.22,-3.45,-1.55
2026-08-08T12:30:00.000,5.15,191.97,-5.04,-1.07
2026-08-08T12:40:00.000,5.61,155.24,-5.1,2.35
2026-08-08T12:50:00.000,12.9,162.85,-12.32,3.8
2026-08-08T13:00:00.000,14.14,173.79,-14.06,1.53
2026-08-08T13:10:00.000,11.73,184.71,-11.69,-0.96
2026-08-08T13:20:00.000,9.92,176.95,-9.91,0.53
2026-08-08T13:30:00.000,8.65,145.48,-7.13,4.9
2026-08-08T13:40:00.000,7.01,149.88,-6.06,3.52
2026-08-08T13:50:00.000,5.2,189.57,-5.13,-0.86
2026-08-08T14:00:00.000,6.68,241.92,-3.14,-5.89
2026-08-08T14:10:00.000,3.76,252.3,-1.14,-3.58
2026-08-08T14:20:00.000,4.75,344.07,4.56,-1.3
2026-08-08T14:30:00.000,5.99,37.06,4.78,3.61
2026-08-08T14:40:00.000,12.16,78,2.53,11.9
2026-08-08T14:50:00.000,15.18,101.16,-2.94,14.9
2026-08-08T15:00:00.000,8.82,69.43,3.1,8.25
2026-08-08T15:10:00.000,8.07,74.29,2.18,7.76
2026-08-08T15:20:00.000,6.59,120.62,-3.36,5.67
2026-08-08T15:30:00.000,0.53,204.77,-0.49,-0.22
2026-08-08T15:40:00.000,11.3,311.1,7.43,-8.52
2026-08-08T15:50:00.000,8.05,325.19,6.61,-4.6
2026-08-08T16:00:00.000,5.71,307.47,3.47,-4.53
2026-08-08T16:10:00.000,10.98,348.41,10.75,-2.2
2026-08-08T16:20:00.000,4.69,343.62,4.5,-1.32
2026-08-08T16:30:00.000,2.38,325.03,1.95,-1.36
2026-08-08T16:40:00.000,1.32,265.75,-0.1,-1.31
2026-08-08T16:50:00.000,4.48,323.53,3.6,-2.66
2026-08-08T17:00:00.000,5.38,332.36,4.77,-2.5
2026-08-08T17:10:00.000,3.01,297.38,1.39,-2.67
2026-08-08T17:20:00.000,1.61,258.62,-0.32,-1.58
2026-08-08T17:30:00.000,6.15,218.84,-4.79,-3.85
2026-08-08T17:40:00.000,4.34,242.19,-2.03,-3.84
2026-08-08T17:50:00.000,3.8,202.53,-3.51,-1.46
2026-08-08T18:00:00.000,8.07,182.32,-8.06,-0.33
2026-08-08T18:10:00.000,15.83,164.48,-15.26,4.24
2026-08-08T18:20:00.000,20.12,169.97,-19.81,3.5
2026-08-08T18:30:00.000,18.11,173.21,-17.99,2.14
2026-08-08T18:40:00.000,10.52,173.11,-10.44,1.26
2026-08-08T18:50:00.000,7.33,196.41,-7.03,-2.07
2026-08-08T19:00:00.000,11.25,242.39,-5.21,-9.97
2026-08-08T19:10:00.000,9.92,255.34,-2.51,-9.6
2026-08-08T19:20:00.000,12.07,272.06,0.43,-12.06
2026-08-08T19:30:00.000,6.37,257.71,-1.36,-6.23
2026-08-08T19:40:00.000,5.53,254.68,-1.46,-5.33
2026-08-08T19:50:00.000,5.41,289.91,1.84,-5.09
2026-08-08T20:00:00.000,4.29,250.57,-1.43,-4.04
2026-08-08T20:10:00.000,5.04,248.61,-1.84,-4.69
2026-08-08T20:20:00.000,5.14,239.5,-2.61,-4.43
2026-08-08T20:30:00.000,2.49,250.63,-0.83,-2.35
2026-08-08T20:40:00.000,2.59,167.28,-2.52,0.57
2026-08-08T20:50:00.000,5.6,155.53,-5.1,2.32
2026-08-08T21:00:00.000,4.63,162.48,-4.42,1.39
2026-08-08T21:10:00.000,2.49,117.32,-1.14,2.21
2026-08-08T21:20:00.000,5.27,73.68,1.48,5.06
2026-08-08T21:30:00.000,11.48,72.35,3.48,10.94
2026-08-08T21:40:00.000,8.01,76.92,1.81,7.8
2026-08-08T21:50:00.000,3.41,52.15,2.09,2.7
2026-08-08T22:00:00.000,0.97,304.82,0.55,-0.79
2026-08-08T22:10:00.000,4.39,328.26,3.73,-2.31
2026-08-08T22:20:00.000,4.93,284.64,1.25,-4.77
2026-08-08T22:30:00.000,4.19,225.96,-2.91,-3.01
2026-08-08T22:40:00.000,2.02,216.75,-1.62,-1.21
2026-08-08T22:50:00.000,1.05,254.44,-0.28,-1.01
2026-08-08T23:00:00.000,2.99,226.72,-2.05,-2.17
2026-08-08T23:10:00.000,9.13,198.67,-8.65,-2.92
2026-08-08T23:20:00.000,8.47,193.99,-8.21,-2.05
2026-08-08T23:30:00.000,3.46,210.52,-2.98,-1.76
2026-08-08T23:40:00.000,1.97,132.84,-1.34,1.45
2026-08-08T23:50:00.000,5.88,116.53,-2.63,5.26
2026-08-09T00:00:00.000,9.84,165.77,-9.54,2.42
2026-08-09T00:10:00.000,4.67,204.79,-4.24,-1.96
2026-08-09T00:20:00.000,1.02,263.18,-0.12,-1.02
2026-08-09T00:30:00.000,4.78,64.37,2.07,4.31
2026-08-09T00:40:00.000,6.16,60.38,3.05,5.36
2026-08-09T00:50:00.000,6.13,85.22,0.51,6.1
2026-08-09T01:00:00.000,4.49,100.56,-0.82,4.41
2026-08-09T01:10:00.000,6.92,53.31,4.14,5.55
2026-08-09T01:20:00.000,6.44,26.66,5.75,2.89
2026-08-09T01:30:00.000,2.82,49.72,1.82,2.15
2026-08-09T01:40:00.000,3.87,267.18,-0.19,-3.87
2026-08-09T01:50:00.000,8.16,294.02,3.32,-7.46
2026-08-09T02:00:00.000,5.92,317.21,4.35,-4.02
2026-08-09T02:10:00.000,4.22,6.24,4.2,0.46
2026-08-09T02:20:00.000,3.07,258.15,-0.63,-3.01
2026-08-09T02:30:00.000,1.84,221.94,-1.37,-1.23
2026-08-09T02:40:00.000,7.55,200.55,-7.07,-2.65
2026-08-09T02:50:00.000,5.72,208.23,-5.04,-2.7
2026-08-09T03:00:00.000,0.87,253.36,-0.25,-0.84
2026-08-09T03:10:00.000,3.21,109.77,-1.09,3.02
2026-08-09T03:20:00.000,13.08,55.44,7.42,10.77
2026-08-09T03:30:00.000,13.23,33.75,11,7.35
2026-08-09T03:40:00.000,7.71,32.5,6.51,4.14
2026-08-09T03:50:00.000,2.12,347.97,2.07,-0.44
2026-08-09T04:00:00.000,5.32,14.42,5.16,1.33
2026-08-09T04:10:00.000,4.23,45.45,2.97,3.01
2026-08-09T04:20:00.000,0.6,198.6,-0.57,-0.19
2026-08-09T04:30:00.000,2.06,195.84,-1.98,-0.56
2026-08-09T04:40:00.000,9.54,187.77,-9.45,-1.29
2026-08-09T04:50:00.000,7.48,204.56,-6.8,-3.11
2026-08-09T05:00:00.000,6.4,226.19,-4.43,-4.62
2026-08-09T05:10:00.000,8.01,249.24,-2.84,-7.49
2026-08-09T05:20:00.000,6.75,254.58,-1.79,-6.5
2026-08-09T05:30:00.000,6.92,246.9,-2.71,-6.36
2026-08-09T05:40:00.000,5.25,213.48,-4.38,-2.9
2026-08-09T05:50:00.000,8.17,228.76,-5.38,-6.14
2026-08-09T06:00:00.000,9.1,228.77,-6,-6.84
2026-08-09T06:10:00.000,10.66,228.61,-7.04,-7.99
2026-08-09T06:20:00.000,6.88,203.81,-6.3,-2.78
2026-08-09T06:30:00.000,8.33,193.67,-8.1,-1.97
2026-08-09T06:40:00.000,13.07,193.67,-12.7,-3.09
2026-08-09T06:50:00.000,16.22,179.69,-16.22,0.09
2026-08-09T07:00:00.000,16.84,193.29,-16.39,-3.87
2026-08-09T07:10:00.000,13.99,213.99,-11.6,-7.82
2026-08-09T07:20:00.000,12.69,207.72,-11.23,-5.9
2026-08-09T07:30:00.000,6.57,237.71,-3.51,-5.55
2026-08-09T07:40:00.000,8.94,231.97,-5.51,-7.04
2026-08-09T07:50:00.000,3.86,234.77,-2.23,-3.15
2026-08-09T08:00:00.000,1.57,210.9,-1.35,-0.81
2026-08-09T08:10:00.000,3.79,217.71,-3,-2.32
2026-08-09T08:20:00.000,4.16,275.17,0.37,-4.14
2026-08-09T08:30:00.000,7.02,267.33,-0.33,-7.01
2026-08-09T08:40:00.000,1.67,264.4,-0.16,-1.67
2026-08-09T08:50:00.000,5.47,302.21,2.92,-4.63
2026-08-09T09:00:00.000,1.8,281.28,0.35,-1.76
2026-08-09T09:10:00.000,5.04,175.58,-5.02,0.39
2026-08-09T09:20:00.000,4.85,209.54,-4.22,-2.39
2026-08-09T09:30:00.000,6.76,219.66,-5.21,-4.32
2026-08-09T09:40:00.000,6.5,174.9,-6.47,0.58
2026-08-09T09:50:00.000,5.09,175.01,-5.07,0.44
2026-08-09T10:00:00.000,3.25,188.68,-3.21,-0.49
2026-08-09T10:10:00.000,1.12,254.84,-0.29,-1.08
2026-08-09T10:20:00.000,5.64,287.6,1.71,-5.38
2026-08-09T10:30:00.000,1.3,234.51,-0.76,-1.06
2026-08-09T10:40:00.000,1.25,212.21,-1.06,-0.67
2026-08-09T10:50:00.000,3.56,166.28,-3.45,0.84
2026-08-09T11:00:00.000,0.61,167.49,-0.6,0.13
2026-08-09T11:10:00.000,0.8,213.73,-0.67,-0.45
2026-08-09T11:20:00.000,1.01,156.78,-0.93,0.4
2026-08-09T11:30:00.000,0.78,215.1,-0.64,-0.45
2026-08-09T11:40:00.000,2.12,317.25,1.55,-1.44
2026-08-09T11:50:00.000,0.84,250.26,-0.28,-0.79
2026-08-09T12:00:00.000,4.48,334.55,4.05,-1.93
2026-08-09T12:10:00.000,6.18,355.62,6.16,-0.47
2026-08-09T12:20:00.000,6.19,358.26,6.19,-0.19
2026-08-09T12:30:00.000,8.9,352.01,8.82,-1.24
2026-08-09T12:40:00.000,4.93,6.57,4.9,0.56
2026-08-09T12:50:00.000,4.31,351.57,4.26,-0.63
2026-08-09T13:00:00.000,5.16,323.41,4.14,-3.07
2026-08-09T13:10:00.000,6.23,272.13,0.23,-6.22
2026-08-09T13:20:00.000,5.19,233.97,-3.05,-4.2
2026-08-09T13:30:00.000,4.92,236.17,-2.74,-4.09
2026-08-09T13:40:00.000,3.67,200.76,-3.43,-1.3
2026-08-09T13:50:00.000,6.8,156.16,-6.22,2.75
2026-08-09T14:00:00.000,6.06,129.79,-3.88,4.66
2026-08-09T14:10:00.000,4.23,48.92,2.78,3.19
2026-08-09T14:20:00.000,6.01,12.05,5.87,1.25
2026-08-09T14:30:00.000,8.17,60.26,4.05,7.09
2026-08-09T14:40:00.000,8.68,91.4,-0.21,8.67
2026-08-09T14:50:00.000,3.75,46.87,2.56,2.73
2026-08-09T15:00:00.000,13.12,6.33,13.04,1.45
2026-08-09T15:10:00.000,13.12,5.48,13.06,1.25
2026-08-09T15:20:00.000,11.41,26.32,10.23,5.06
2026-08-09T15:30:00.000,14.06,12.98,13.7,3.16
2026-08-09T15:40:00.000,13.77,10.76,13.53,2.57
2026-08-09T15:50:00.000,14.49,7.89,14.35,1.99
2026-08-09T16:00:00.000,12.96,6.79,12.87,1.53
2026-08-09T16:10:00.000,1.34,326.61,1.12,-0.74
2026-08-09T16:20:00.000,0.54,235.12,-0.31,-0.44
2026-08-09T16:30:00.000,0.43,216.85,-0.35,-0.26
2026-08-09T16:40:00.000,0.79,193.87,-0.77,-0.19
2026-08-09T16:50:00.000,1.11,14.58,1.08,0.28
2026-08-09T17:00:00.000,3.72,323.21,2.98,-2.23
2026-08-09T17:10:00.000,2.39,33.08,2,1.31
2026-08-09T17:20:00.000,0.2,230.61,-0.12,-0.15
2026-08-09T17:30:00.000,0.61,197.07,-0.59,-0.18
2026-08-09T17:40:00.000,0.74,236.72,-0.41,-0.62
2026-08-09T17:50:00.000,3.01,314.09,2.09,-2.16
2026-08-09T18:00:00.000,2.41,323.77,1.95,-1.43
2026-08-09T18:10:00.000,0.42,42.4,0.31,0.29
2026-08-09T18:20:00.000,4.3,55.41,2.44,3.54
2026-08-09T18:30:00.000,2.52,41.43,1.89,1.67
2026-08-09T18:40:00.000,2.75,325.97,2.28,-1.54
2026-08-09T18:50:00.000,0.36,343.65,0.34,-0.1
2026-08-09T19:00:00.000,4.79,135.39,-3.41,3.37
2026-08-09T19:10:00.000,6.56,168.17,-6.42,1.34
2026-08-09T19:20:00.000,7.8,219.5,-6.02,-4.96
2026-08-09T19:30:00.000,6.9,280.21,1.22,-6.79
2026-08-09T19:40:00.000,6,258.31,-1.22,-5.88
2026-08-09T19:50:00.000,5.98,249.48,-2.1,-5.6
2026-08-09T20:00:00.000,5.42,225.04,-3.83,-3.84
2026-08-09T20:10:00.000,5.66,229.92,-3.64,-4.33
2026-08-09T20:20:00.000,6.16,255.23,-1.57,-5.96
2026-08-09T20:30:00.000,1.29,246.47,-0.52,-1.18
2026-08-09T20:40:00.000,1.5,200.59,-1.4,-0.53
2026-08-09T20:50:00.000,1.97,179.69,-1.97,0.01
2026-08-09T21:00:00.000,4.04,165.07,-3.91,1.04
2026-08-09T21:10:00.000,6.05,175.37,-6.04,0.49
2026-08-09T21:20:00.000,7.85,203.12,-7.22,-3.08
2026-08-09T21:30:00.000,7.02,221.27,-5.28,-4.63
2026-08-09T21:40:00.000,4.93,217.93,-3.89,-3.03
2026-08-09T21:50:00.000,4.46,203.58,-4.09,-1.79
2026-08-09T22:00:00.000,6.83,178.12,-6.83,0.22
2026-08-09T22:10:00.000,2.17,214.99,-1.78,-1.24
2026-08-09T22:20:00.000,1.6,232.15,-0.98,-1.26
2026-08-09T22:30:00.000,2.82,265.24,-0.23,-2.81
2026-08-09T22:40:00.000,1.31,284.13,0.32,-1.27
2026-08-09T22:50:00.000,5.56,307.57,3.39,-4.41
2026-08-09T23:00:00.000,2.07,306.13,1.22,-1.67
2026-08-09T23:10:00.000,1.28,268.43,-0.03,-1.28
2026-08-09T23:20:00.000,0.98,237.78,-0.52,-0.83
2026-08-09T23:30:00.000,1.8,153.96,-1.62,0.79
2026-08-09T23:40:00.000,1.78,109.38,-0.59,1.68
2026-08-09T23:50:00.000,1.65,28.47,1.45,0.79
2026-08-10T00:00:00.000,3.63,26.48,3.25,1.62
2026-08-10T00:10:00.000,2.69,25.83,2.42,1.17
2026-08-10T00:20:00.000,0.3,106.56,-0.09,0.29
2026-08-10T00:30:00.000,0.25,184.37,-0.25,-0.02
2026-08-10T00:40:00.000,3.76,135.46,-2.68,2.64
2026-08-10T00:50:00.000,7.04,154.01,-6.33,3.08
2026-08-10T01:00:00.000,6.89,173.64,-6.85,0.76
2026-08-10T01:10:00.000,4.94,216.92,-3.95,-2.97
2026-08-10T01:20:00.000,5.26,219.58,-4.06,-3.35
2026-08-10T01:30:00.000,4.95,241.1,-2.39,-4.33
2026-08-10T01:40:00.000,0.97,243.44,-0.43,-0.87
2026-08-10T01:50:00.000,4.54,135.21,-3.22,3.2
2026-08-10T02:00:00.000,3.6,96.78,-0.43,3.58
2026-08-10T02:10:00.000,0.73,142.18,-0.58,0.45
2026-08-10T02:20:00.000,1.64,151.13,-1.43,0.79
2026-08-10T02:30:00.000,0.92,181.17,-0.92,-0.02
2026-08-10T02:40:00.000,4.56,131.05,-3,3.44
2026-08-10T02:50:00.000,6.58,132.19,-4.42,4.87
2026-08-10T03:00:00.000,1.57,176.64,-1.56,0.09
2026-08-10T03:10:00.000,0.88,238.74,-0.45,-0.75
2026-08-10T03:20:00.000,6.89,306.23,4.07,-5.56
2026-08-10T03:30:00.000,6.88,298.89,3.33,-6.03
2026-08-10T03:40:00.000,4.15,349.56,4.09,-0.75
2026-08-10T03:50:00.000,8.85,333.04,7.89,-4.01
2026-08-10T04:00:00.000,9.51,326.19,7.9,-5.29
2026-08-10T04:10:00.000,8.28,341.7,7.86,-2.6
2026-08-10T04:20:00.000,4.97,288.56,1.58,-4.71
2026-08-10T04:30:00.000,2.7,41.06,2.04,1.78
2026-08-10T04:40:00.000,2.21,133.03,-1.51,1.61
2026-08-10T04:50:00.000,5.81,318.83,4.37,-3.82
2026-08-10T05:00:00.000,5.92,315.96,4.25,-4.11
2026-08-10T05:10:00.000,1.39,278.27,0.2,-1.38
2026-08-10T05:20:00.000,0.48,239.29,-0.25,-0.41
2026-08-10T05:30:00.000,1.31,251.13,-0.42,-1.24
2026-08-10T05:40:00.000,2.09,282.72,0.46,-2.04
2026-08-10T05:50:00.000,1.75,276.38,0.19,-1.74
2026-08-10T06:00:00.000,1.39,270.85,0.02,-1.39
2026-08-10T06:10:00.000,1.49,246.36,-0.6,-1.37
2026-08-10T06:20:00.000,2.43,220.04,-1.86,-1.57
2026-08-10T06:30:00.000,3.48,193.34,-3.39,-0.8
2026-08-10T06:40:00.000,4.36,207.33,-3.87,-2
2026-08-10T06:50:00.000,4.49,238.51,-2.34,-3.83
2026-08-10T07:00:00.000,2.92,250.14,-0.99,-2.75
2026-08-10T07:10:00.000,1.06,240.64,-0.52,-0.93
2026-08-10T07:20:00.000,2.6,163.69,-2.49,0.73
2026-08-10T07:30:00.000,6.71,156.24,-6.14,2.7
2026-08-10T07:40:00.000,4.58,182.55,-4.57,-0.2
2026-08-10T07:50:00.000,4.6,202.06,-4.27,-1.73
2026-08-10T08:00:00.000,5.31,190.46,-5.22,-0.96
2026-08-10T08:10:00.000,4.79,237.06,-2.61,-4.02
2026-08-10T08:20:00.000,3.13,303.34,1.72,-2.62
2026-08-10T08:30:00.000,4.76,282.1,1,-4.66
2026-08-10T08:40:00.000,4.24,283.55,0.99,-4.13
2026-08-10T08:50:00.000,5.85,291.28,2.12,-5.45
2026-08-10T09:00:00.000,4.5,313.79,3.11,-3.25
2026-08-10T09:10:00.000,4.01,306.19,2.37,-3.23
2026-08-10T09:20:00.000,2.94,333.18,2.62,-1.33
2026-08-10T09:30:00.000,1.48,333.3,1.33,-0.67
2026-08-10T09:40:00.000,0.65,283.5,0.15,-0.63
2026-08-10T09:50:00.000,0.96,266.23,-0.06,-0.96
2026-08-10T10:00:00.000,4.38,239,-2.26,-3.75
2026-08-10T10:10:00.000,3.37,239.82,-1.7,-2.91
2026-08-10T10:20:00.000,4.25,232.79,-2.57,-3.39
2026-08-10T10:30:00.000,3.01,226.69,-2.06,-2.19
2026-08-10T10:40:00.000,3.55,191.07,-3.49,-0.68
2026-08-10T10:50:00.000,4.4,151.69,-3.87,2.09
2026-08-10T11:00:00.000,5.42,154.4,-4.89,2.34
2026-08-10T11:10:00.000,4.13,169.72,-4.07,0.74
2026-08-10T11:20:00.000,4.51,170.15,-4.44,0.77
2026-08-10T11:30:00.000,3.92,201.31,-3.65,-1.42
2026-08-10T11:40:00.000,4.09,197.82,-3.9,-1.25
2026-08-10T11:50:00.000,1.17,219.32,-0.9,-0.74
2026-08-10T12:00:00.000,1.96,213.56,-1.64,-1.09
2026-08-10T12:10:00.000,1.66,214.95,-1.36,-0.95
2026-08-10T12:20:00.000,3.12,188.81,-3.08,-0.48
2026-08-10T12:30:00.000,2,159.52,-1.88,0.7
2026-08-10T12:40:00.000,1.7,159.53,-1.6,0.6
2026-08-10T12:50:00.000,0.91,194.27,-0.88,-0.22
2026-08-10T13:00:00.000,0.79,241.12,-0.38,-0.69
2026-08-10T13:10:00.000,4.19,281.32,0.82,-4.11
2026-08-10T13:20:00.000,5.66,275.06,0.5,-5.64
2026-08-10T13:30:00.000,4.3,277.61,0.57,-4.26
2026-08-10T13:40:00.000,3.26,260.74,-0.53,-3.22
2026-08-10T13:50:00.000,1.18,225.9,-0.82,-0.85
2026-08-10T14:00:00.000,3.74,174.72,-3.72,0.34
2026-08-10T14:10:00.000,4.56,179.06,-4.56,0.07
2026-08-10T14:20:00.000,3.34,155.08,-3.03,1.41
2026-08-10T14:30:00.000,4.85,130.63,-3.16,3.68
2026-08-10T14:40:00.000,4.66,134.76,-3.28,3.31
2026-08-10T14:50:00.000,0.94,167.92,-0.92,0.2
2026-08-10T15:00:00.000,2.07,148.03,-1.76,1.1
2026-08-10T15:10:00.000,1.9,78.19,0.39,1.86
2026-08-10T15:20:00.000,2.28,43.07,1.67,1.56
2026-08-10T15:30:00.000,5.48,26.06,4.92,2.41
2026-08-10T15:40:00.000,7.22,47.77,4.85,5.34
2026-08-10T15:50:00.000,8.87,45.01,6.27,6.27
2026-08-10T16:00:00.000,11.87,48.1,7.93,8.84
2026-08-10T16:10:00.000,12.66,51.45,7.89,9.9
2026-08-10T16:20:00.000,9.9,27.72,8.77,4.61
2026-08-10T16:30:00.000,13.03,4.46,12.99,1.01
2026-08-10T16:40:00.000,6.25,339.77,5.86,-2.16
2026-08-10T16:50:00.000,4.41,326.33,3.67,-2.45
2026-08-10T17:00:00.000,5.53,327.47,4.66,-2.97
2026-08-10T17:10:00.000,2.27,306.14,1.34,-1.83
2026-08-10T17:20:00.000,0.87,250.44,-0.29,-0.82
2026-08-10T17:30:00.000,3.7,252.48,-1.11,-3.53
2026-08-10T17:40:00.000,1.25,262.11,-0.17,-1.23
2026-08-10T17:50:00.000,1.51,253.73,-0.42,-1.45
2026-08-10T18:00:00.000,1.62,265.58,-0.12,-1.62
2026-08-10T18:10:00.000,0.9,246.78,-0.36,-0.83
2026-08-10T18:20:00.000,0.75,223.2,-0.55,-0.51
2026-08-10T18:30:00.000,2.27,161.15,-2.14,0.73
2026-08-10T18:40:00.000,5.79,149.7,-5,2.92
2026-08-10T18:50:00.000,6.42,142.75,-5.11,3.88
2026-08-10T19:00:00.000,5.46,139.66,-4.16,3.53
2026-08-10T19:10:00.000,2.03,121.57,-1.06,1.73
2026-08-10T19:20:00.000,1.94,18.01,1.84,0.6
2026-08-10T19:30:00.000,2.51,275.33,0.23,-2.5
2026-08-10T19:40:00.000,4.52,289.92,1.54,-4.25
2026-08-10T19:50:00.000,3.92,299.87,1.95,-3.4
2026-08-10T20:00:00.000,3.77,264.09,-0.39,-3.75
2026-08-10T20:10:00.000,4.03,261.39,-0.6,-3.98
2026-08-10T20:20:00.000,1.3,290.18,0.45,-1.22
2026-08-10T20:30:00.000,1,265.77,-0.07,-1
2026-08-10T20:40:00.000,0.99,262.64,-0.13,-0.98
2026-08-10T20:50:00.000,6.6,253.99,-1.82,-6.34
2026-08-10T21:00:00.000,5.17,271.15,0.1,-5.16
2026-08-10T21:10:00.000,1.12,235.88,-0.63,-0.93
2026-08-10T21:20:00.000,1.51,187.96,-1.49,-0.21
2026-08-10T21:30:00.000,2.57,170.82,-2.54,0.41
2026-08-10T21:40:00.000,1.41,204.03,-1.29,-0.58
2026-08-10T21:50:00.000,0.77,221.19,-0.58,-0.5
2026-08-10T22:00:00.000,0.45,164.13,-0.43,0.12
2026-08-10T22:10:00.000,2.08,83.48,0.24,2.07
2026-08-10T22:20:00.000,2.51,87.2,0.12,2.5
2026-08-10T22:30:00.000,1.16,154.64,-1.05,0.5
2026-08-10T22:40:00.000,0.85,238.34,-0.45,-0.73
2026-08-10T22:50:00.000,3.37,252.87,-0.99,-3.22
2026-08-10T23:00:00.000,4.18,272.5,0.18,-4.18
2026-08-10T23:10:00.000,1.05,261.15,-0.16,-1.04
2026-08-10T23:20:00.000,1.31,210.76,-1.13,-0.67
2026-08-10T23:30:00.000,4.86,177.56,-4.85,0.21
2026-08-10T23:40:00.000,2.49,204.33,-2.27,-1.02
2026-08-10T23:50:00.000,2.78,256.38,-0.66,-2.7
2026-08-11T00:00:00.000,2.14,247.71,-0.81,-1.98
2026-08-11T00:10:00.000,6.06,252.43,-1.83,-5.78
2026-08-11T00:20:00.000,6.95,268.86,-0.14,-6.95
2026-08-11T00:30:00.000,4.09,305.04,2.35,-3.35
2026-08-11T00:40:00.000,2.85,318.37,2.13,-1.9
2026-08-11T00:50:00.000,2.57,325.59,2.12,-1.45
2026-08-11T01:00:00.000,1.86,308.28,1.15,-1.46
2026-08-11T01:10:00.000,1.13,309.53,0.72,-0.87
2026-08-11T01:20:00.000,0.81,4.67,0.81,0.07
2026-08-11T01:30:00.000,0.34,289.11,0.11,-0.32
2026-08-11T01:40:00.000,0.4,311.82,0.27,-0.3
2026-08-11T01:50:00.000,0.96,200.45,-0.9,-0.34
2026-08-11T02:00:00.000,3.52,211.02,-3.02,-1.81
2026-08-11T02:10:00.000,5.16,209.2,-4.5,-2.52
2026-08-11T02:20:00.000,9.94,178.19,-9.94,0.31
2026-08-11T02:30:00.000,21.31,171.03,-21.05,3.32
2026-08-11T02:40:00.000,27.92,190.09,-27.48,-4.89
2026-08-11T02:50:00.000,23.47,202.22,-21.73,-8.88
2026-08-11T03:00:00.000,15.95,197.89,-15.18,-4.9
2026-08-11T03:10:00.000,29.03,162.67,-27.71,8.65
2026-08-11T03:20:00.000,25.43,184.03,-25.37,-1.79
2026-08-11T03:30:00.000,15.09,240.16,-7.51,-13.09
2026-08-11T03:40:00.000,7.23,26.71,6.46,3.25
2026-08-11T03:50:00.000,21.88,100.74,-4.08,21.5
2026-08-11T04:00:00.000,4.38,85,0.38,4.36
2026-08-11T04:10:00.000,14.38,69.63,5.01,13.49
2026-08-11T04:20:00.000,20.44,62.88,9.32,18.2
2026-08-11T04:30:00.000,22.08,60.43,10.9,19.2
2026-08-11T04:40:00.000,15.29,55.37,8.69,12.58
2026-08-11T04:50:00.000,19.11,7.95,18.93,2.65
2026-08-11T05:00:00.000,18.17,359.78,18.17,-0.07
2026-08-11T05:10:00.000,7.52,35.47,6.12,4.36
2026-08-11T05:20:00.000,5.24,5.73,5.21,0.52
2026-08-11T05:30:00.000,14.34,353.58,14.25,-1.6
2026-08-11T05:40:00.000,17.3,10.55,17.01,3.17
2026-08-11T05:50:00.000,9.76,26.22,8.76,4.31
2026-08-11T06:00:00.000,3.93,100.6,-0.72,3.86
2026-08-11T06:10:00.000,4.09,149.67,-3.53,2.07
2026-08-11T06:20:00.000,2.44,332.38,2.16,-1.13
2026-08-11T06:30:00.000,16.89,334.25,15.22,-7.34
2026-08-11T06:40:00.000,11.05,254.15,-3.02,-10.63
2026-08-11T06:50:00.000,9.54,211.91,-8.1,-5.04
2026-08-11T07:00:00.000,4.92,207.04,-4.38,-2.24
2026-08-11T07:10:00.000,5.34,210.13,-4.62,-2.68
2026-08-11T07:20:00.000,7.26,199.89,-6.83,-2.47
2026-08-11T07:30:00.000,6.82,216.69,-5.47,-4.08
2026-08-11T07:40:00.000,0.87,206.24,-0.78,-0.38
2026-08-11T07:50:00.000,5.3,160.92,-5.01,1.73
2026-08-11T08:00:00.000,4.58,196.03,-4.41,-1.27
2026-08-11T08:10:00.000,5.56,228.29,-3.7,-4.15
2026-08-11T08:20:00.000,8.32,255.45,-2.09,-8.06
2026-08-11T08:30:00.000,6.97,236.61,-3.84,-5.82
2026-08-11T08:40:00.000,2.33,239.67,-1.18,-2.01
2026-08-11T08:50:00.000,1.23,255.58,-0.31,-1.19
2026-08-11T09:00:00.000,0.46,104.47,-0.11,0.44
2026-08-11T09:10:00.000,2.47,165.18,-2.39,0.63
2026-08-11T09:20:00.000,4.33,202.22,-4.01,-1.64
2026-08-11T09:30:00.000,7.51,272.93,0.38,-7.5
2026-08-11T09:40:00.000,7.01,251.77,-2.19,-6.66
2026-08-11T09:50:00.000,4.25,246.86,-1.67,-3.91
2026-08-11T10:00:00.000,1.2,201.22,-1.12,-0.43
2026-08-11T10:10:00.000,1.49,235.39,-0.85,-1.23
2026-08-11T10:20:00.000,5.83,250.82,-1.92,-5.51
2026-08-11T10:30:00.000,5.59,216.3,-4.5,-3.31
2026-08-11T10:40:00.000,5.58,157.94,-5.17,2.1
2026-08-11T10:50:00.000,4.24,121.34,-2.21,3.62
2026-08-11T11:00:00.000,5,114.93,-2.11,4.54
2026-08-11T11:10:00.000,5.51,138.89,-4.15,3.62
2026-08-11T11:20:00.000,6.24,135.35,-4.44,4.38
2026-08-11T11:30:00.000,5.76,129.4,-3.66,4.45
2026-08-11T11:40:00.000,3.34,339.91,3.14,-1.15
2026-08-11T11:50:00.000,8.4,341.59,7.97,-2.65
2026-08-11T12:00:00.000,8.44,341.04,7.98,-2.74
2026-08-11T12:10:00.000,6.85,309.18,4.33,-5.31
2026-08-11T12:20:00.000,4.6,272.52,0.2,-4.59
2026-08-11T12:30:00.000,6.74,252.25,-2.05,-6.42
2026-08-11T12:40:00.000,12.59,198.86,-11.91,-4.07
2026-08-11T12:50:00.000,6,216.44,-4.83,-3.56
2026-08-11T13:00:00.000,4.94,194.07,-4.79,-1.2
2026-08-11T13:10:00.000,2.64,199.01,-2.5,-0.86
2026-08-11T13:20:00.000,3.47,228.28,-2.31,-2.59
2026-08-11T13:30:00.000,3.58,203.08,-3.29,-1.4
2026-08-11T13:40:00.000,5.36,218.09,-4.22,-3.31
2026-08-11T13:50:00.000,5.78,217,-4.62,-3.48
2026-08-11T14:00:00.000,5.56,202.88,-5.12,-2.16
2026-08-11T14:10:00.000,5.8,206.23,-5.21,-2.57
2026-08-11T14:20:00.000,6.63,199.84,-6.23,-2.25
2026-08-11T14:30:00.000,7.52,207.52,-6.67,-3.48
2026-08-11T14:40:00.000,11.15,205.72,-10.05,-4.84
2026-08-11T14:50:00.000,13.15,207.26,-11.69,-6.02
2026-08-11T15:00:00.000,13.61,191.83,-13.32,-2.79
2026-08-11T15:10:00.000,15.87,192.37,-15.5,-3.4
2026-08-11T15:20:00.000,11.62,201.74,-10.79,-4.3
2026-08-11T15:30:00.000,17.78,201.63,-16.53,-6.56
2026-08-11T15:40:00.000,15.98,197.1,-15.27,-4.7
2026-08-11T15:50:00.000,13.22,177.03,-13.21,0.68
2026-08-11T16:00:00.000,9.06,165.19,-8.76,2.32
2026-08-11T16:10:00.000,7.17,182.27,-7.16,-0.28
2026-08-11T16:20:00.000,6.17,162.95,-5.9,1.81
2026-08-11T16:30:00.000,5.34,159.16,-4.99,1.9
2026-08-11T16:40:00.000,5.8,139.77,-4.43,3.75
2026-08-11T16:50:00.000,7.35,140.64,-5.68,4.66
2026-08-11T17:00:00.000,6.07,148.32,-5.16,3.19
2026-08-11T17:10:00.000,3.55,188.66,-3.51,-0.54
2026-08-11T17:20:00.000,2.05,233.05,-1.23,-1.63
2026-08-11T17:30:00.000,0.65,108.6,-0.21,0.61
2026-08-11T17:40:00.000,6.14,98.26,-0.88,6.07
2026-08-11T17:50:00.000,11.82,61.03,5.72,10.34
2026-08-11T18:00:00.000,21.08,59.08,10.83,18.08
2026-08-11T18:10:00.000,17.67,51.23,11.06,13.77
2026-08-11T18:20:00.000,13.9,41.78,10.37,9.26
2026-08-11T18:30:00.000,8.72,28.85,7.64,4.21
2026-08-11T18:40:00.000,9.83,13.2,9.57,2.24
2026-08-11T18:50:00.000,7.8,284.49,1.95,-7.55
2026-08-11T19:00:00.000,7.12,286.58,2.03,-6.83
2026-08-11T19:10:00.000,23.51,244.98,-9.95,-21.31
2026-08-11T19:20:00.000,16.18,214.44,-13.34,-9.15
2026-08-11T19:30:00.000,11.02,205.72,-9.93,-4.78
2026-08-11T19:40:00.000,5.64,200.32,-5.29,-1.96
2026-08-11T19:50:00.000,3.92,193.48,-3.81,-0.91
2026-08-11T20:00:00.000,4.53,172.33,-4.49,0.61
2026-08-11T20:10:00.000,2.95,125.6,-1.72,2.4
2026-08-11T20:20:00.000,5.96,46.47,4.11,4.32
2026-08-11T20:30:00.000,9.72,41.38,7.29,6.43
2026-08-11T20:40:00.000,15.77,45.84,10.99,11.32
2026-08-11T20:50:00.000,14.98,37.02,11.96,9.02
2026-08-11T21:00:00.000,12.99,43.14,9.48,8.88
2026-08-11T21:10:00.000,12.09,14,11.74,2.93
2026-08-11T21:20:00.000,6.48,31.32,5.54,3.37
2026-08-11T21:30:00.000,3.08,20.71,2.88,1.09
2026-08-11T21:40:00.000,11.66,7.31,11.57,1.48
2026-08-11T21:50:00.000,4.58,344.59,4.41,-1.22
2026-08-11T22:00:00.000,9.94,339.29,9.29,-3.51
2026-08-11T22:10:00.000,8.01,253.12,-2.33,-7.67
2026-08-11T22:20:00.000,4.32,224.97,-3.06,-3.06
2026-08-11T22:30:00.000,3.21,190.28,-3.16,-0.57
2026-08-11T22:40:00.000,3.22,154.18,-2.9,1.4
2026-08-11T22:50:00.000,5.69,170.92,-5.62,0.9
2026-08-11T23:00:00.000,2.97,168.99,-2.92,0.57
2026-08-11T23:10:00.000,3.94,179.29,-3.94,0.05
2026-08-11T23:20:00.000,3.85,179.77,-3.85,0.02
2026-08-11T23:30:00.000,1.07,196.2,-1.03,-0.3
2026-08-11T23:40:00.000,1.23,172.65,-1.22,0.16
2026-08-11T23:50:00.000,1.19,94.6,-0.1,1.18
2026-08-12T00:00:00.000,3.2,344.64,3.08,-0.85
2026-08-12T00:10:00.000,0.8,339.94,0.75,-0.27
2026-08-12T00:20:00.000,0.6,221.11,-0.46,-0.4
2026-08-12T00:30:00.000,4.3,198.21,-4.09,-1.34
2026-08-12T00:40:00.000,3.35,203.04,-3.09,-1.31
2026-08-12T00:50:00.000,3.08,229.43,-2,-2.34
2026-08-12T01:00:00.000,3.83,256.48,-0.89,-3.72
2026-08-12T01:10:00.000,3.04,222.94,-2.23,-2.07
2026-08-12T01:20:00.000,1.52,215.61,-1.24,-0.89
2026-08-12T01:30:00.000,1.5,224.77,-1.07,-1.06
2026-08-12T01:40:00.000,1.23,231.23,-0.77,-0.96
2026-08-12T01:50:00.000,2.91,296.57,1.3,-2.61
2026-08-12T02:00:00.000,3.13,290.2,1.08,-2.94
2026-08-12T02:10:00.000,3.93,282.53,0.85,-3.83
2026-08-12T02:20:00.000,3.11,229.85,-2.01,-2.38
2026-08-12T02:30:00.000,5.2,198.49,-4.94,-1.65
2026-08-12T02:40:00.000,6.48,170.6,-6.39,1.06
2026-08-12T02:50:00.000,13.66,164.25,-13.14,3.71
2026-08-12T03:00:00.000,14.26,165.58,-13.81,3.55
2026-08-12T03:10:00.000,13.22,171.41,-13.07,1.97
2026-08-12T03:20:00.000,7.29,207.23,-6.48,-3.34
2026-08-12T03:30:00.000,14.54,217.73,-11.5,-8.9
2026-08-12T03:40:00.000,12.64,197.54,-12.05,-3.81
2026-08-12T03:50:00.000,7.73,199.65,-7.28,-2.6
2026-08-12T04:00:00.000,2.86,155.09,-2.59,1.2
2026-08-12T04:10:00.000,4.88,160.16,-4.59,1.66
2026-08-12T04:20:00.000,6.9,167.66,-6.74,1.47
2026-08-12T04:30:00.000,5.08,123.69,-2.82,4.23
2026-08-12T04:40:00.000,5.63,119.75,-2.79,4.89
2026-08-12T04:50:00.000,4.59,115.63,-1.98,4.13
2026-08-12T05:00:00.000,9.22,94.45,-0.72,9.19
2026-08-12T05:10:00.000,7.94,90.87,-0.12,7.94
2026-08-12T05:20:00.000,4.17,29.61,3.63,2.06
2026-08-12T05:30:00.000,13.14,310.58,8.55,-9.98
2026-08-12T05:40:00.000,12.7,339.59,11.91,-4.43
2026-08-12T05:50:00.000,16.65,33.59,13.87,9.21
2026-08-12T06:00:00.000,16.27,63.7,7.21,14.58
2026-08-12T06:10:00.000,1.31,85.15,0.11,1.3
2026-08-12T06:20:00.000,5.99,325.3,4.92,-3.41
2026-08-12T06:30:00.000,10.42,327.44,8.79,-5.61
2026-08-12T06:40:00.000,4.99,336.66,4.58,-1.98
2026-08-12T06:50:00.000,4,321.1,3.11,-2.51
2026-08-12T07:00:00.000,1.38,220.08,-1.06,-0.89
2026-08-12T07:10:00.000,4.55,250.13,-1.54,-4.28
2026-08-12T07:20:00.000,5.48,259.16,-1.03,-5.38
2026-08-12T07:30:00.000,8.1,212.75,-6.81,-4.38
2026-08-12T07:40:00.000,6.69,193.66,-6.51,-1.58
2026-08-12T07:50:00.000,14.32,168.19,-14.02,2.93
2026-08-12T08:00:00.000,15.5,180.66,-15.5,-0.18
2026-08-12T08:10:00.000,11.8,182.44,-11.79,-0.5
2026-08-12T08:20:00.000,11.81,201.54,-10.98,-4.34
2026-08-12T08:30:00.000,5.39,230.02,-3.47,-4.13
2026-08-12T08:40:00.000,5.36,270.45,0.04,-5.36
2026-08-12T08:50:00.000,10.2,269.4,-0.11,-10.2
2026-08-12T09:00:00.000,10.69,254.67,-2.83,-10.31
2026-08-12T09:10:00.000,7.44,241.12,-3.59,-6.51
2026-08-12T09:20:00.000,6.01,218.13,-4.73,-3.71
2026-08-12T09:30:00.000,1.52,212.9,-1.28,-0.83
2026-08-12T09:40:00.000,1.48,227.27,-1,-1.08
2026-08-12T09:50:00.000,4.25,278.54,0.63,-4.2
2026-08-12T10:00:00.000,3.9,267.48,-0.17,-3.89
2026-08-12T10:10:00.000,3.95,291.71,1.46,-3.67
2026-08-12T10:20:00.000,3.39,233.38,-2.02,-2.72
2026-08-12T10:30:00.000,6.15,221.45,-4.61,-4.07
2026-08-12T10:40:00.000,3.54,244.08,-1.55,-3.18
2026-08-12T10:50:00.000,3.15,161.15,-2.98,1.02
2026-08-12T11:00:00.000,0.97,221.22,-0.73,-0.64
2026-08-12T11:10:00.000,0.72,216.45,-0.58,-0.43
2026-08-12T11:20:00.000,1,215.19,-0.82,-0.58
2026-08-12T11:30:00.000,1.67,221.59,-1.25,-1.11
2026-08-12T11:40:00.000,1.14,222.61,-0.84,-0.77
2026-08-12T11:50:00.000,4.81,233,-2.9,-3.85
2026-08-12T12:00:00.000,9.81,240.94,-4.76,-8.57
2026-08-12T12:10:00.000,10.52,270.2,0.04,-10.52
2026-08-12T12:20:00.000,7.03,270.03,0,-7.03
2026-08-12T12:30:00.000,9.22,277.67,1.23,-9.14
2026-08-12T12:40:00.000,13.18,283.8,3.14,-12.8
2026-08-12T12:50:00.000,7.67,260.09,-1.32,-7.55
2026-08-12T13:00:00.000,5.65,243.5,-2.52,-5.05
2026-08-12T13:10:00.000,4.26,205.22,-3.86,-1.82
2026-08-12T13:20:00.000,3.82,176.15,-3.82,0.26
2026-08-12T13:30:00.000,4.71,159.99,-4.43,1.61
