ISO 8601 Time,Speed (cm/s),Heading (degrees),Velocity-N (cm/s),Velocity-E (cm/s)
2026-06-18T15:00:00.000,20.71,44.96,14.66,14.63
2026-06-18T15:10:00.000,23.59,62.53,10.88,20.93
2026-06-18T15:20:00.000,30.86,100.04,-5.38,30.39
2026-06-18T15:30:00.000,20.21,89.76,0.09,20.21
2026-06-18T15:40:00.000,12.87,80.82,2.05,12.71
2026-06-18T15:50:00.000,2.48,28.68,2.18,1.19
2026-06-18T16:00:00.000,18.99,355.8,18.94,-1.39
2026-06-18T16:10:00.000,17.17,43.96,12.36,11.92
2026-06-18T16:20:00.000,23.05,81.11,3.56,22.78
2026-06-18T16:30:00.000,17.97,76.47,4.2,17.47
2026-06-18T16:40:00.000,7.39,31.59,6.3,3.87
2026-06-18T16:50:00.000,19.15,340.24,18.03,-6.48
2026-06-18T17:00:00.000,21.54,336.47,19.75,-8.6
2026-06-18T17:10:00.000,15.17,355.28,15.11,-1.25
2026-06-18T17:20:00.000,15.51,22.98,14.28,6.06
2026-06-18T17:30:00.000,14.45,40.75,10.94,9.43
2026-06-18T17:40:00.000,15.98,51.18,10.02,12.45
2026-06-18T17:50:00.000,14.48,38.75,11.29,9.06
2026-06-18T18:00:00.000,7.43,37.14,5.93,4.49
2026-06-18T18:10:00.000,3.71,58.87,1.92,3.17
2026-06-18T18:20:00.000,1.45,67.48,0.56,1.34
2026-06-18T18:30:00.000,5.96,110.48,-2.09,5.58
2026-06-18T18:40:00.000,12.61,141.46,-9.87,7.86
2026-06-18T18:50:00.000,36.3,174.47,-36.13,3.5
2026-06-18T19:00:00.000,49.52,173.85,-49.23,5.3
2026-06-18T19:10:00.000,44.83,189.17,-44.25,-7.15
2026-06-18T19:20:00.000,30.93,183.74,-30.86,-2.02
2026-06-18T19:30:00.000,20.25,181.05,-20.25,-0.37
2026-06-18T19:40:00.000,11.94,178.77,-11.94,0.26
2026-06-18T19:50:00.000,11.47,134.78,-8.08,8.14
2026-06-18T20:00:00.000,7.88,77.98,1.64,7.71
2026-06-18T20:10:00.000,19.72,39.34,15.25,12.5
2026-06-18T20:20:00.000,27.28,33.44,22.77,15.03
2026-06-18T20:30:00.000,31.97,32.05,27.09,16.96
2026-06-18T20:40:00.000,41.02,59.02,21.11,35.17
2026-06-18T20:50:00.000,30.85,51.77,19.09,24.23
2026-06-18T21:00:00.000,17.07,77.42,3.72,16.66
2026-06-18T21:10:00.000,22.26,87.98,0.78,22.24
2026-06-18T21:20:00.000,16.13,82.94,1.98,16.01
2026-06-18T21:30:00.000,12.36,80.55,2.03,12.2
2026-06-18T21:40:00.000,6.07,72.14,1.86,5.78
2026-06-18T21:50:00.000,5.11,82.93,0.63,5.07
2026-06-18T22:00:00.000,13.87,121.1,-7.16,11.88
2026-06-18T22:10:00.000,2.09,232.07,-1.28,-1.64
2026-06-18T22:20:00.000,5.68,284.03,1.38,-5.51
2026-06-18T22:30:00.000,4.66,262.4,-0.62,-4.62
2026-06-18T22:40:00.000,6,286.89,1.74,-5.75
2026-06-18T22:50:00.000,7.61,224.52,-5.43,-5.34
2026-06-18T23:00:00.000,4.97,222.51,-3.66,-3.36
2026-06-18T23:10:00.000,5.82,171.2,-5.75,0.89
2026-06-18T23:20:00.000,17.14,125.14,-9.86,14.01
2026-06-18T23:30:00.000,25.33,120.42,-12.83,21.84
2026-06-18T23:40:00.000,13.63,79.72,2.43,13.41
2026-06-18T23:50:00.000,5.74,13.93,5.57,1.38
2026-06-19T00:00:00.000,16.87,338.39,15.68,-6.21
2026-06-19T00:10:00.000,18.72,33.02,15.7,10.2
2026-06-19T00:20:00.000,15.85,53.51,9.43,12.75
2026-06-19T00:30:00.000,21.91,50.71,13.87,16.96
2026-06-19T00:40:00.000,15.89,30.49,13.7,8.07
2026-06-19T00:50:00.000,22.32,20.54,20.9,7.83
2026-06-19T01:00:00.000,16.48,7.76,16.33,2.23
2026-06-19T01:10:00.000,12.01,18.54,11.38,3.82
2026-06-19T01:20:00.000,5.57,348.79,5.47,-1.08
2026-06-19T01:30:00.000,5.39,342.45,5.14,-1.63
2026-06-19T01:40:00.000,5.86,55.95,3.28,4.85
2026-06-19T01:50:00.000,13.89,89.77,0.05,13.89
2026-06-19T02:00:00.000,11.84,113.27,-4.68,10.88
2026-06-19T02:10:00.000,6.82,158.95,-6.36,2.45
2026-06-19T02:20:00.000,8.04,211.05,-6.89,-4.15
2026-06-19T02:30:00.000,11.57,251.57,-3.66,-10.98
2026-06-19T02:40:00.000,15.97,359.34,15.97,-0.18
2026-06-19T02:50:00.000,13.41,30.1,11.6,6.72
2026-06-19T03:00:00.000,11.41,62.52,5.26,10.12
2026-06-19T03:10:00.000,5.97,41.73,4.45,3.97
2026-06-19T03:20:00.000,9.26,10.41,9.11,1.67
2026-06-19T03:30:00.000,15.76,346.83,15.34,-3.59
2026-06-19T03:40:00.000,12.5,351.44,12.36,-1.86
2026-06-19T03:50:00.000,6.24,356.37,6.23,-0.39
2026-06-19T04:00:00.000,3.74,54.17,2.19,3.03
2026-06-19T04:10:00.000,5.86,64.53,2.52,5.29
2026-06-19T04:20:00.000,4.08,24.28,3.71,1.68
2026-06-19T04:30:00.000,3.89,10.6,3.82,0.71
2026-06-19T04:40:00.000,0.25,70.99,0.08,0.24
2026-06-19T04:50:00.000,3.03,173.62,-3.01,0.34
2026-06-19T05:00:00.000,6.15,204.62,-5.59,-2.56
2026-06-19T05:10:00.000,12.43,188.83,-12.28,-1.91
2026-06-19T05:20:00.000,16.66,177.3,-16.64,0.78
2026-06-19T05:30:00.000,17.88,185.04,-17.81,-1.57
2026-06-19T05:40:00.000,18.1,192.77,-17.65,-4
2026-06-19T05:50:00.000,27.82,188.11,-27.54,-3.92
2026-06-19T06:00:00.000,27.15,183.65,-27.1,-1.73
2026-06-19T06:10:00.000,25.29,187.53,-25.08,-3.31
2026-06-19T06:20:00.000,18.36,187.66,-18.19,-2.45
2026-06-19T06:30:00.000,16.7,177.79,-16.69,0.64
2026-06-19T06:40:00.000,25.69,182.56,-25.66,-1.15
2026-06-19T06:50:00.000,26.04,187.98,-25.79,-3.61
2026-06-19T07:00:00.000,23.18,187.73,-22.97,-3.12
2026-06-19T07:10:00.000,23,172.25,-22.79,3.1
2026-06-19T07:20:00.000,20.37,164.6,-19.64,5.41
2026-06-19T07:30:00.000,15.91,146.36,-13.24,8.81
2026-06-19T07:40:00.000,9.69,215.11,-7.93,-5.57
2026-06-19T07:50:00.000,2.49,6.14,2.48,0.27
2026-06-19T08:00:00.000,12.65,38.21,9.94,7.82
2026-06-19T08:10:00.000,30.96,80.56,5.08,30.54
2026-06-19T08:20:00.000,21.38,72.46,6.44,20.38
2026-06-19T08:30:00.000,18.12,48.56,11.99,13.58
2026-06-19T08:40:00.000,25.86,23.02,23.8,10.11
2026-06-19T08:50:00.000,28.61,67.05,11.16,26.35
2026-06-19T09:00:00.000,22.88,92.62,-1.04,22.86
2026-06-19T09:10:00.000,18.2,146.3,-15.14,10.1
2026-06-19T09:20:00.000,17.65,161.01,-16.69,5.74
2026-06-19T09:30:00.000,0.47,220.37,-0.36,-0.31
2026-06-19T09:40:00.000,18.29,59.84,9.19,15.81
2026-06-19T09:50:00.000,7.2,29.37,6.28,3.53
2026-06-19T10:00:00.000,18.54,14.61,17.94,4.68
2026-06-19T10:10:00.000,16.43,44.84,11.65,11.59
2026-06-19T10:20:00.000,11.89,79.59,2.15,11.7
2026-06-19T10:30:00.000,0.65,25.99,0.58,0.28
2026-06-19T10:40:00.000,8.42,147.85,-7.13,4.48
2026-06-19T10:50:00.000,7.53,143.46,-6.05,4.49
2026-06-19T11:00:00.000,12.52,150.35,-10.88,6.19
2026-06-19T11:10:00.000,5.22,135.34,-3.71,3.67
2026-06-19T11:20:00.000,13.9,349.82,13.68,-2.46
2026-06-19T11:30:00.000,15.73,323.71,12.68,-9.31
2026-06-19T11:40:00.000,19.12,359.38,19.12,-0.21
2026-06-19T11:50:00.000,12.18,15.16,11.76,3.19
2026-06-19T12:00:00.000,5.27,5.95,5.25,0.55
2026-06-19T12:10:00.000,4.93,34.02,4.09,2.76
2026-06-19T12:20:00.000,17.92,50.32,11.44,13.79
2026-06-19T12:30:00.000,19.87,20.42,18.63,6.93
2026-06-19T12:40:00.000,18.41,16.98,17.61,5.38
2026-06-19T12:50:00.000,22.63,37.09,18.05,13.65
2026-06-19T13:00:00.000,20.4,47.09,13.89,14.94
2026-06-19T13:10:00.000,17.93,76.44,4.2,17.43
2026-06-19T13:20:00.000,18.26,86.51,1.11,18.23
2026-06-19T13:30:00.000,8.93,88.02,0.31,8.93
2026-06-19T13:40:00.000,15,1.45,15,0.38
2026-06-19T13:50:00.000,14.16,27.07,12.61,6.44
2026-06-19T14:00:00.000,14.72,51.34,9.19,11.49
2026-06-19T14:10:00.000,19.01,26.98,16.94,8.62
2026-06-19T14:20:00.000,13.87,59.6,7.02,11.96
2026-06-19T14:30:00.000,12.92,329.14,11.09,-6.63
2026-06-19T14:40:00.000,10.7,343.29,10.25,-3.08
2026-06-19T14:50:00.000,4.39,43.88,3.16,3.04
2026-06-19T15:00:00.000,19.49,88.53,0.5,19.49
2026-06-19T15:10:00.000,17.73,83.99,1.86,17.63
2026-06-19T15:20:00.000,10.91,52.14,6.7,8.61
2026-06-19T15:30:00.000,6.67,16.91,6.38,1.94
2026-06-19T15:40:00.000,8.73,335.5,7.94,-3.62
2026-06-19T15:50:00.000,10.96,331.32,9.62,-5.26
2026-06-19T16:00:00.000,4.52,338.01,4.2,-1.69
2026-06-19T16:10:00.000,6.11,320.24,4.7,-3.91
2026-06-19T16:20:00.000,5.55,286.65,1.59,-5.32
2026-06-19T16:30:00.000,3.49,236.63,-1.92,-2.92
2026-06-19T16:40:00.000,4.37,205.16,-3.96,-1.86
2026-06-19T16:50:00.000,10.98,190.26,-10.81,-1.96
2026-06-19T17:00:00.000,15.03,187.99,-14.88,-2.09
2026-06-19T17:10:00.000,21.33,178.39,-21.32,0.6
2026-06-19T17:20:00.000,21.46,175.85,-21.41,1.55
2026-06-19T17:30:00.000,18.61,183.88,-18.57,-1.26
2026-06-19T17:40:00.000,21.9,188.73,-21.65,-3.32
2026-06-19T17:50:00.000,18.87,181.88,-18.86,-0.62
2026-06-19T18:00:00.000,15.54,182.58,-15.52,-0.7
2026-06-19T18:10:00.000,6.41,199.84,-6.03,-2.17
2026-06-19T18:20:00.000,4.28,209.91,-3.71,-2.14
2026-06-19T18:30:00.000,11.65,196.88,-11.15,-3.38
2026-06-19T18:40:00.000,25.82,182.56,-25.79,-1.15
2026-06-19T18:50:00.000,36.92,187.43,-36.61,-4.77
2026-06-19T19:00:00.000,38.22,194.64,-36.98,-9.66
2026-06-19T19:10:00.000,39.54,199.58,-37.25,-13.25
2026-06-19T19:20:00.000,32.33,198.82,-30.6,-10.43
2026-06-19T19:30:00.000,33.1,194.45,-32.05,-8.26
2026-06-19T19:40:00.000,27.63,192.01,-27.02,-5.75
2026-06-19T19:50:00.000,18.92,184.58,-18.86,-1.51
2026-06-19T20:00:00.000,19.65,194.15,-19.06,-4.81
2026-06-19T20:10:00.000,21.36,192.52,-20.85,-4.63
2026-06-19T20:20:00.000,23.77,173.66,-23.63,2.62
2026-06-19T20:30:00.000,13.14,144.86,-10.75,7.56
2026-06-19T20:40:00.000,10.8,103.3,-2.49,10.51
2026-06-19T20:50:00.000,22.38,103.74,-5.31,21.74
2026-06-19T21:00:00.000,21.31,88.78,0.45,21.3
2026-06-19T21:10:00.000,22.38,91.72,-0.67,22.37
2026-06-19T21:20:00.000,33.42,143.19,-26.76,20.02
2026-06-19T21:30:00.000,7.51,192.31,-7.33,-1.6
2026-06-19T21:40:00.000,2.77,19.11,2.61,0.91
2026-06-19T21:50:00.000,10.61,18.88,10.04,3.43
2026-06-19T22:00:00.000,12.81,21.26,11.94,4.64
2026-06-19T22:10:00.000,6.21,78.01,1.29,6.08
2026-06-19T22:20:00.000,20.71,343.46,19.85,-5.9
2026-06-19T22:30:00.000,14.06,97.18,-1.76,13.95
2026-06-19T22:40:00.000,17.01,146.81,-14.23,9.31
2026-06-19T22:50:00.000,9.58,208.67,-8.4,-4.59
2026-06-19T23:00:00.000,9.87,335.72,9,-4.06
2026-06-19T23:10:00.000,24.54,4.28,24.47,1.83
2026-06-19T23:20:00.000,20.08,57.73,10.72,16.98
2026-06-19T23:30:00.000,18.25,119.05,-8.86,15.96
2026-06-19T23:40:00.000,23.16,336.4,21.22,-9.27
2026-06-19T23:50:00.000,11.62,23.44,10.66,4.62
2026-06-20T00:00:00.000,16.34,72.88,4.81,15.61
2026-06-20T00:10:00.000,16.52,59.43,8.4,14.22
2026-06-20T00:20:00.000,6.54,56.07,3.65,5.43
2026-06-20T00:30:00.000,16.73,352.87,16.61,-2.08
2026-06-20T00:40:00.000,15.45,7.01,15.34,1.89
2026-06-20T00:50:00.000,19.27,33.1,16.14,10.52
2026-06-20T01:00:00.000,15.99,42.83,11.72,10.87
2026-06-20T01:10:00.000,22.68,55.33,12.9,18.65
2026-06-20T01:20:00.000,19.82,36.63,15.9,11.82
2026-06-20T01:30:00.000,20.71,37.42,16.45,12.59
2026-06-20T01:40:00.000,24.87,44.83,17.64,17.53
2026-06-20T01:50:00.000,24.56,61.99,11.54,21.68
2026-06-20T02:00:00.000,14.8,37.6,11.73,9.03
2026-06-20T02:10:00.000,16.24,351.93,16.08,-2.28
2026-06-20T02:20:00.000,14.53,330.36,12.63,-7.19
2026-06-20T02:30:00.000,10.41,335.63,9.48,-4.3
2026-06-20T02:40:00.000,0.72,317.36,0.53,-0.49
2026-06-20T02:50:00.000,0.58,338.14,0.54,-0.22
2026-06-20T03:00:00.000,0.49,1.24,0.49,0.01
2026-06-20T03:10:00.000,4.24,255.46,-1.06,-4.11
2026-06-20T03:20:00.000,13.74,228.88,-9.03,-10.35
2026-06-20T03:30:00.000,15.33,221.3,-11.52,-10.12
2026-06-20T03:40:00.000,21.03,200.11,-19.75,-7.23
2026-06-20T03:50:00.000,20.26,217.47,-16.08,-12.32
2026-06-20T04:00:00.000,18.7,218.41,-14.65,-11.62
2026-06-20T04:10:00.000,20.83,201,-19.44,-7.47
2026-06-20T04:20:00.000,19.03,190.64,-18.71,-3.51
2026-06-20T04:30:00.000,27.7,199.98,-26.03,-9.46
2026-06-20T04:40:00.000,21.91,209.23,-19.12,-10.7
2026-06-20T04:50:00.000,19.84,225.67,-13.86,-14.19
2026-06-20T05:00:00.000,19.73,218.66,-15.41,-12.33
2026-06-20T05:10:00.000,15.66,218.57,-12.24,-9.76
2026-06-20T05:20:00.000,19.08,188.61,-18.86,-2.86
2026-06-20T05:30:00.000,15.1,188.39,-14.94,-2.2
2026-06-20T05:40:00.000,19.32,173.22,-19.19,2.28
2026-06-20T05:50:00.000,18.21,147.03,-15.27,9.91
2026-06-20T06:00:00.000,20.76,118.29,-9.84,18.28
2026-06-20T06:10:00.000,12.03,96.34,-1.33,11.96
2026-06-20T06:20:00.000,1.4,21.01,1.3,0.5
2026-06-20T06:30:00.000,3.67,268.03,-0.13,-3.67
2026-06-20T06:40:00.000,2.6,217.85,-2.06,-1.6
2026-06-20T06:50:00.000,11.51,201.34,-10.72,-4.19
2026-06-20T07:00:00.000,19.65,180.05,-19.65,-0.02
2026-06-20T07:10:00.000,24.88,181.72,-24.87,-0.75
2026-06-20T07:20:00.000,30.8,179.83,-30.8,0.09
2026-06-20T07:30:00.000,26.94,193.73,-26.17,-6.4
2026-06-20T07:40:00.000,20.77,225.95,-14.44,-14.93
2026-06-20T07:50:00.000,11.77,222.11,-8.73,-7.89
2026-06-20T08:00:00.000,8.98,194.99,-8.68,-2.32
2026-06-20T08:10:00.000,13.62,155.74,-12.41,5.6
2026-06-20T08:20:00.000,12.42,105.38,-3.29,11.97
2026-06-20T08:30:00.000,12.7,106.47,-3.6,12.18
2026-06-20T08:40:00.000,7.11,119.87,-3.54,6.17
2026-06-20T08:50:00.000,3.6,94.02,-0.25,3.59
2026-06-20T09:00:00.000,12.01,88.47,0.32,12.01
2026-06-20T09:10:00.000,5.63,65.86,2.3,5.14
2026-06-20T09:20:00.000,13.33,354.83,13.28,-1.2
2026-06-20T09:30:00.000,18.42,10.48,18.12,3.35
2026-06-20T09:40:00.000,21.24,53.14,12.74,16.99
2026-06-20T09:50:00.000,18.2,79.73,3.24,17.91
2026-06-20T10:00:00.000,16.05,83.89,1.71,15.96
2026-06-20T10:10:00.000,7.83,43.26,5.7,5.37
2026-06-20T10:20:00.000,12.84,343.07,12.29,-3.74
2026-06-20T10:30:00.000,18.09,13.26,17.6,4.15
2026-06-20T10:40:00.000,11.43,46.03,7.94,8.23
2026-06-20T10:50:00.000,8.49,4.75,8.46,0.7
2026-06-20T11:00:00.000,20.16,2.13,20.14,0.75
2026-06-20T11:10:00.000,18.61,31.83,15.81,9.81
2026-06-20T11:20:00.000,28.58,69.75,9.89,26.81
2026-06-20T11:30:00.000,35.14,87.82,1.34,35.12
2026-06-20T11:40:00.000,14.27,69.77,4.93,13.39
2026-06-20T11:50:00.000,20.53,52.89,12.39,16.37
2026-06-20T12:00:00.000,24.36,14.59,23.58,6.14
2026-06-20T12:10:00.000,24.62,23.65,22.55,9.88
2026-06-20T12:20:00.000,19.45,10.63,19.12,3.59
2026-06-20T12:30:00.000,25.96,7.69,25.73,3.47
2026-06-20T12:40:00.000,26.35,1.58,26.34,0.73
2026-06-20T12:50:00.000,25.18,16.14,24.19,7
2026-06-20T13:00:00.000,21.23,29.44,18.49,10.44
2026-06-20T13:10:00.000,15.68,31.48,13.37,8.19
2026-06-20T13:20:00.000,17,355.42,16.95,-1.36
2026-06-20T13:30:00.000,16.77,321.91,13.2,-10.35
2026-06-20T13:40:00.000,8.57,303.5,4.73,-7.14
2026-06-20T13:50:00.000,3.55,304.58,2.01,-2.92
2026-06-20T14:00:00.000,4.93,308.33,3.06,-3.87
2026-06-20T14:10:00.000,6.97,355.98,6.95,-0.49
2026-06-20T14:20:00.000,2.84,349.04,2.79,-0.54
2026-06-20T14:30:00.000,0.18,34.7,0.15,0.1
2026-06-20T14:40:00.000,4.28,178.98,-4.28,0.08
2026-06-20T14:50:00.000,3.87,195.25,-3.73,-1.02
2026-06-20T15:00:00.000,4.64,200.81,-4.34,-1.65
2026-06-20T15:10:00.000,11.49,200.44,-10.76,-4.01
2026-06-20T15:20:00.000,17.17,201.96,-15.92,-6.42
2026-06-20T15:30:00.000,20.26,186.71,-20.12,-2.37
2026-06-20T15:40:00.000,19.43,180.94,-19.43,-0.32
2026-06-20T15:50:00.000,25.05,184.55,-24.98,-1.99
2026-06-20T16:00:00.000,20.66,188.18,-20.45,-2.94
2026-06-20T16:10:00.000,22.17,183.72,-22.12,-1.44
2026-06-20T16:20:00.000,26.82,193.86,-26.03,-6.42
2026-06-20T16:30:00.000,22.87,205.59,-20.63,-9.88
2026-06-20T16:40:00.000,19.78,219.66,-15.23,-12.62
2026-06-20T16:50:00.000,22.24,217.88,-17.55,-13.65
2026-06-20T17:00:00.000,16.53,203.66,-15.14,-6.63
2026-06-20T17:10:00.000,18.41,178.79,-18.4,0.39
2026-06-20T17:20:00.000,16.11,155.3,-14.64,6.73
2026-06-20T17:30:00.000,21.37,162.14,-20.34,6.55
2026-06-20T17:40:00.000,20.14,141.47,-15.75,12.55
2026-06-20T17:50:00.000,14.71,146.06,-12.21,8.21
2026-06-20T18:00:00.000,9,141.64,-7.06,5.59
2026-06-20T18:10:00.000,7.7,135.1,-5.45,5.44
2026-06-20T18:20:00.000,3.63,115.65,-1.57,3.27
2026-06-20T18:30:00.000,2.5,38,1.97,1.54
2026-06-20T18:40:00.000,5.17,56.56,2.85,4.31
2026-06-20T18:50:00.000,8.2,24.01,7.49,3.34
2026-06-20T19:00:00.000,6.99,22.34,6.46,2.66
2026-06-20T19:10:00.000,5.62,334.64,5.07,-2.4
2026-06-20T19:20:00.000,2.41,309.86,1.55,-1.85
2026-06-20T19:30:00.000,3.16,1.31,3.16,0.07
2026-06-20T19:40:00.000,3.09,324.36,2.51,-1.8
2026-06-20T19:50:00.000,1.52,327.47,1.28,-0.82
2026-06-20T20:00:00.000,0.39,331.04,0.34,-0.19
2026-06-20T20:10:00.000,0.36,122.55,-0.19,0.3
2026-06-20T20:20:00.000,5.77,177.13,-5.76,0.29
2026-06-20T20:30:00.000,13.28,170.43,-13.09,2.21
2026-06-20T20:40:00.000,19.66,182.1,-19.64,-0.72
2026-06-20T20:50:00.000,25.55,195.27,-24.65,-6.73
2026-06-20T21:00:00.000,30.28,200.07,-28.44,-10.39
2026-06-20T21:10:00.000,33.55,197.12,-32.06,-9.87
2026-06-20T21:20:00.000,33.56,187.23,-33.29,-4.22
2026-06-20T21:30:00.000,28.85,177.18,-28.82,1.42
2026-06-20T21:40:00.000,18.41,184.36,-18.36,-1.4
2026-06-20T21:50:00.000,24.52,204.14,-22.38,-10.03
2026-06-20T22:00:00.000,21.1,200.62,-19.75,-7.43
2026-06-20T22:10:00.000,20.46,191.34,-20.06,-4.02
2026-06-20T22:20:00.000,24.8,133.65,-17.12,17.94
2026-06-20T22:30:00.000,10.53,70.73,3.47,9.94
2026-06-20T22:40:00.000,12.99,77.75,2.75,12.69
2026-06-20T22:50:00.000,3.88,57.77,2.07,3.29
2026-06-20T23:00:00.000,13.06,36.66,10.48,7.8
2026-06-20T23:10:00.000,16.4,60.72,8.02,14.31
2026-06-20T23:20:00.000,25.02,81.57,3.67,24.75
2026-06-20T23:30:00.000,27.75,107.03,-8.13,26.53
2026-06-20T23:40:00.000,21.77,130.4,-14.11,16.58
2026-06-20T23:50:00.000,15.31,175.02,-15.25,1.33
2026-06-21T00:00:00.000,12.72,210.5,-10.96,-6.45
2026-06-21T00:10:00.000,2.68,216.85,-2.14,-1.6
2026-06-21T00:20:00.000,1.74,270.22,0.01,-1.74
2026-06-21T00:30:00.000,0.27,341.59,0.26,-0.09
2026-06-21T00:40:00.000,2.14,349.89,2.11,-0.38
2026-06-21T00:50:00.000,24.28,329.57,20.94,-12.3
2026-06-21T01:00:00.000,26.02,358.57,26.01,-0.65
2026-06-21T01:10:00.000,28.7,29.16,25.06,13.98
2026-06-21T01:20:00.000,26.08,28.8,22.85,12.57
2026-06-21T01:30:00.000,28.24,28.14,24.9,13.32
2026-06-21T01:40:00.000,29.96,25.87,26.96,13.07
2026-06-21T01:50:00.000,32.12,26.9,28.64,14.53
2026-06-21T02:00:00.000,29.58,20.85,27.64,10.53
2026-06-21T02:10:00.000,28.87,24.93,26.18,12.17
2026-06-21T02:20:00.000,19.77,1.44,19.77,0.5
2026-06-21T02:30:00.000,17.43,3.25,17.4,0.99
2026-06-21T02:40:00.000,14.99,8.65,14.82,2.25
2026-06-21T02:50:00.000,4.61,348.33,4.51,-0.93
2026-06-21T03:00:00.000,8.69,13,8.46,1.95
2026-06-21T03:10:00.000,8.33,32.34,7.03,4.45
2026-06-21T03:20:00.000,7.67,63.72,3.39,6.87
2026-06-21T03:30:00.000,4.65,51.7,2.88,3.65
2026-06-21T03:40:00.000,9.25,38,7.29,5.7
2026-06-21T03:50:00.000,7.18,75.73,1.77,6.96
2026-06-21T04:00:00.000,11.24,82.86,1.4,11.15
2026-06-21T04:10:00.000,3.68,71.81,1.15,3.5
2026-06-21T04:20:00.000,5.2,81.49,0.77,5.14
2026-06-21T04:30:00.000,4.45,38.67,3.47,2.78
2026-06-21T04:40:00.000,4.74,359.28,4.74,-0.06
2026-06-21T04:50:00.000,10.77,336.65,9.89,-4.27
2026-06-21T05:00:00.000,10.66,351.44,10.54,-1.59
2026-06-21T05:10:00.000,10.23,350.31,10.08,-1.72
2026-06-21T05:20:00.000,5.15,343.88,4.95,-1.43
2026-06-21T05:30:00.000,0.16,357.13,0.16,-0.01
2026-06-21T05:40:00.000,1.41,182.98,-1.41,-0.07
2026-06-21T05:50:00.000,0.42,158.78,-0.39,0.15
2026-06-21T06:00:00.000,0.19,152.89,-0.17,0.09
2026-06-21T06:10:00.000,1.06,250.6,-0.35,-1
2026-06-21T06:20:00.000,4.04,226.32,-2.79,-2.92
2026-06-21T06:30:00.000,5.67,220.14,-4.34,-3.66
2026-06-21T06:40:00.000,9.9,218.06,-7.8,-6.11
2026-06-21T06:50:00.000,11.24,208.52,-9.88,-5.37
2026-06-21T07:00:00.000,16.04,210.01,-13.89,-8.02
2026-06-21T07:10:00.000,22.12,197.29,-21.12,-6.58
2026-06-21T07:20:00.000,24.65,188.88,-24.36,-3.8
2026-06-21T07:30:00.000,25.06,183.56,-25.01,-1.55
2026-06-21T07:40:00.000,23.21,174.2,-23.1,2.35
2026-06-21T07:50:00.000,24.53,163.04,-23.46,7.16
2026-06-21T08:00:00.000,13.5,155.29,-12.27,5.65
2026-06-21T08:10:00.000,14.74,166.69,-14.35,3.39
2026-06-21T08:20:00.000,5,189.23,-4.94,-0.8
2026-06-21T08:30:00.000,5.87,184.46,-5.85,-0.46
2026-06-21T08:40:00.000,4.1,138.21,-3.06,2.73
2026-06-21T08:50:00.000,0.18,149.27,-0.15,0.09
2026-06-21T09:00:00.000,0.71,131.87,-0.48,0.53
2026-06-21T09:10:00.000,0.21,154.99,-0.19,0.09
2026-06-21T09:20:00.000,9.4,160.62,-8.87,3.12
2026-06-21T09:30:00.000,24.69,187.77,-24.46,-3.34
2026-06-21T09:40:00.000,40.24,189.58,-39.68,-6.7
2026-06-21T09:50:00.000,38.83,201.61,-36.1,-14.3
2026-06-21T10:00:00.000,35.27,192.55,-34.43,-7.67
2026-06-21T10:10:00.000,55.38,170.44,-54.61,9.2
2026-06-21T10:20:00.000,57.54,170.05,-56.67,9.94
2026-06-21T10:30:00.000,16.17,200.96,-15.1,-5.78
2026-06-21T10:40:00.000,25.36,203.27,-23.29,-10.02
2026-06-21T10:50:00.000,31.89,185.3,-31.75,-2.95
2026-06-21T11:00:00.000,2.26,167.16,-2.2,0.5
2026-06-21T11:10:00.000,16.19,102.6,-3.53,15.8
2026-06-21T11:20:00.000,24.24,35.03,19.85,13.91
2026-06-21T11:30:00.000,48.49,42.01,36.02,32.45
2026-06-21T11:40:00.000,45.96,63.09,20.8,40.98
2026-06-21T11:50:00.000,80.08,91.23,-1.72,80.06
2026-06-21T12:00:00.000,67.6,119.91,-33.71,58.59
2026-06-21T12:10:00.000,30.47,138.14,-22.69,20.33
2026-06-21T12:20:00.000,9.1,136.71,-6.62,6.24
2026-06-21T12:30:00.000,30.86,34.48,25.44,17.48
2026-06-21T12:40:00.000,61.46,73.83,17.11,59.03
2026-06-21T12:50:00.000,33.15,93.5,-2.02,33.09
2026-06-21T13:00:00.000,51.53,137.4,-37.93,34.88
2026-06-21T13:10:00.000,7.62,171.65,-7.54,1.11
2026-06-21T13:20:00.000,18.51,313.52,12.74,-13.42
2026-06-21T13:30:00.000,23.81,11.67,23.32,4.82
2026-06-21T13:40:00.000,34.06,49.07,22.31,25.74
2026-06-21T13:50:00.000,20.86,69.86,7.19,19.59
2026-06-21T14:00:00.000,21.1,8,20.89,2.94
2026-06-21T14:10:00.000,15.02,10.7,14.76,2.79
2026-06-21T14:20:00.000,12.8,61.95,6.02,11.29
2026-06-21T14:30:00.000,15.46,80.68,2.5,15.26
2026-06-21T14:40:00.000,11.9,10.2,11.71,2.11
2026-06-21T14:50:00.000,16.99,354.48,16.91,-1.63
2026-06-21T15:00:00.000,15.53,14.77,15.02,3.96
2026-06-21T15:10:00.000,18.72,42.54,13.8,12.66
2026-06-21T15:20:00.000,22.98,65.69,9.46,20.94
2026-06-21T15:30:00.000,21.12,61.68,10.02,18.59
2026-06-21T15:40:00.000,18.62,59.67,9.4,16.07
2026-06-21T15:50:00.000,17.72,42.3,13.11,11.93
2026-06-21T16:00:00.000,12.85,28.66,11.28,6.16
2026-06-21T16:10:00.000,6.74,37.95,5.32,4.15
2026-06-21T16:20:00.000,6.7,10.35,6.59,1.2
2026-06-21T16:30:00.000,5.82,0.26,5.82,0.03
2026-06-21T16:40:00.000,3.45,20.5,3.23,1.21
2026-06-21T16:50:00.000,5.34,50.76,3.38,4.14
2026-06-21T17:00:00.000,15.03,78.22,3.07,14.71
2026-06-21T17:10:00.000,14.07,100.45,-2.55,13.83
2026-06-21T17:20:00.000,9.82,113.36,-3.9,9.02
2026-06-21T17:30:00.000,5.44,153.63,-4.88,2.42
2026-06-21T17:40:00.000,2.85,202.29,-2.64,-1.08
2026-06-21T17:50:00.000,3.86,218.8,-3.01,-2.42
2026-06-21T18:00:00.000,6.53,288.36,2.06,-6.19
2026-06-21T18:10:00.000,2.25,264.71,-0.21,-2.24
2026-06-21T18:20:00.000,3.1,157.47,-2.87,1.19
2026-06-21T18:30:00.000,4.2,158.42,-3.9,1.54
2026-06-21T18:40:00.000,4.19,171.6,-4.14,0.61
2026-06-21T18:50:00.000,13.38,165.05,-12.93,3.45
2026-06-21T19:00:00.000,12.72,179.75,-12.72,0.06
2026-06-21T19:10:00.000,10.15,194.75,-9.81,-2.58
2026-06-21T19:20:00.000,19.32,205.68,-17.41,-8.37
2026-06-21T19:30:00.000,17.45,191.08,-17.12,-3.35
2026-06-21T19:40:00.000,17.48,190.27,-17.2,-3.12
2026-06-21T19:50:00.000,16.68,197.2,-15.94,-4.93
2026-06-21T20:00:00.000,22.73,184.73,-22.65,-1.88
2026-06-21T20:10:00.000,32.87,180.12,-32.87,-0.07
2026-06-21T20:20:00.000,27.42,175.22,-27.33,2.29
2026-06-21T20:30:00.000,24.95,188.1,-24.7,-3.52
2026-06-21T20:40:00.000,35.59,189,-35.15,-5.57
2026-06-21T20:50:00.000,47.21,192.61,-46.07,-10.31
2026-06-21T21:00:00.000,35.24,206.81,-31.45,-15.89
2026-06-21T21:10:00.000,35.36,212.32,-29.88,-18.9
2026-06-21T21:20:00.000,30.27,200.68,-28.32,-10.69
2026-06-21T21:30:00.000,36.41,170.64,-35.92,5.92
2026-06-21T21:40:00.000,39.43,145.8,-32.61,22.16
2026-06-21T21:50:00.000,39.37,166.81,-38.33,8.98
2026-06-21T22:00:00.000,32.38,178.45,-32.37,0.88
2026-06-21T22:10:00.000,25.01,204.08,-22.83,-10.2
2026-06-21T22:20:00.000,15.79,210.41,-13.62,-7.99
2026-06-21T22:30:00.000,12.12,139.7,-9.24,7.84
2026-06-21T22:40:00.000,55.3,91.55,-1.5,55.28
2026-06-21T22:50:00.000,32.37,134.44,-22.67,23.11
2026-06-21T23:00:00.000,25,123.29,-13.72,20.9
2026-06-21T23:10:00.000,2.72,108.9,-0.88,2.57
2026-06-21T23:20:00.000,1.01,340.7,0.95,-0.33
2026-06-21T23:30:00.000,7.65,206.42,-6.85,-3.4
2026-06-21T23:40:00.000,26.58,209.89,-23.04,-13.24
2026-06-21T23:50:00.000,29.21,213.02,-24.49,-15.92
2026-06-22T00:00:00.000,24.38,252.48,-7.34,-23.25
2026-06-22T00:10:00.000,17.27,294.99,7.29,-15.65
2026-06-22T00:20:00.000,22.21,18.76,21.03,7.14
2026-06-22T00:30:00.000,31.5,70.55,10.49,29.7
2026-06-22T00:40:00.000,20.2,120.97,-10.4,17.32
2026-06-22T00:50:00.000,31.86,145.29,-26.19,18.14
2026-06-22T01:00:00.000,24.99,167.98,-24.44,5.2
2026-06-22T01:10:00.000,16.12,311.24,10.63,-12.12
2026-06-22T01:20:00.000,10.12,13.89,9.83,2.43
2026-06-22T01:30:00.000,10.34,349.43,10.17,-1.9
2026-06-22T01:40:00.000,6.19,25.01,5.61,2.61
2026-06-22T01:50:00.000,22.3,341.24,21.12,-7.17
2026-06-22T02:00:00.000,21.55,5.57,21.45,2.09
2026-06-22T02:10:00.000,15.67,31.35,13.39,8.15
2026-06-22T02:20:00.000,18.63,61.96,8.76,16.44
2026-06-22T02:30:00.000,10.08,47.73,6.78,7.46
2026-06-22T02:40:00.000,16.63,15.21,16.05,4.36
2026-06-22T02:50:00.000,16.17,22.31,14.96,6.14
2026-06-22T03:00:00.000,22.66,49.81,14.62,17.31
2026-06-22T03:10:00.000,21.68,63.77,9.58,19.45
2026-06-22T03:20:00.000,18.91,59.53,9.59,16.3
2026-06-22T03:30:00.000,22.96,30.99,19.68,11.82
2026-06-22T03:40:00.000,21.1,32.46,17.8,11.32
2026-06-22T03:50:00.000,18.71,25.06,16.95,7.92
2026-06-22T04:00:00.000,15.18,16.52,14.56,4.32
2026-06-22T04:10:00.000,11.97,358.25,11.97,-0.36
2026-06-22T04:20:00.000,4.06,350.35,4,-0.68
2026-06-22T04:30:00.000,4.85,50.6,3.08,3.75
2026-06-22T04:40:00.000,7.23,66.53,2.88,6.63
2026-06-22T04:50:00.000,16.15,63.06,7.32,14.4
2026-06-22T05:00:00.000,18.68,46.95,12.75,13.65
2026-06-22T05:10:00.000,15.52,54.14,9.09,12.58
2026-06-22T05:20:00.000,16.61,79.18,3.12,16.32
2026-06-22T05:30:00.000,19.2,73.98,5.3,18.45
2026-06-22T05:40:00.000,12.16,69.17,4.32,11.37
2026-06-22T05:50:00.000,12.81,38.78,9.99,8.03
2026-06-22T06:00:00.000,8.89,39.16,6.89,5.61
2026-06-22T06:10:00.000,10.31,47.33,6.99,7.58
2026-06-22T06:20:00.000,4.28,30.42,3.69,2.16
2026-06-22T06:30:00.000,7.47,304.05,4.18,-6.19
2026-06-22T06:40:00.000,2.16,261.42,-0.32,-2.14
2026-06-22T06:50:00.000,0.71,238.2,-0.38,-0.6
2026-06-22T07:00:00.000,5.88,193.17,-5.72,-1.34
2026-06-22T07:10:00.000,4.4,195.54,-4.24,-1.18
2026-06-22T07:20:00.000,5.18,181.09,-5.18,-0.1
2026-06-22T07:30:00.000,8.74,178.93,-8.74,0.16
2026-06-22T07:40:00.000,13.35,181.72,-13.35,-0.4
2026-06-22T07:50:00.000,13.71,193.19,-13.35,-3.13
2026-06-22T08:00:00.000,13.81,194.66,-13.36,-3.5
2026-06-22T08:10:00.000,27.74,193.72,-26.95,-6.58
2026-06-22T08:20:00.000,20.62,170.9,-20.36,3.26
2026-06-22T08:30:00.000,24.47,155.13,-22.2,10.29
2026-06-22T08:40:00.000,24.17,156.12,-22.11,9.79
2026-06-22T08:50:00.000,15.79,159.33,-14.77,5.57
2026-06-22T09:00:00.000,12.2,168.56,-11.96,2.42
2026-06-22T09:10:00.000,17.18,164.16,-16.53,4.69
2026-06-22T09:20:00.000,19.29,179.65,-19.28,0.12
2026-06-22T09:30:00.000,26.52,197.11,-25.35,-7.8
2026-06-22T09:40:00.000,28.97,200.52,-27.14,-10.15
2026-06-22T09:50:00.000,23.21,195.5,-22.37,-6.2
2026-06-22T10:00:00.000,47.86,172.97,-47.5,5.86
2026-06-22T10:10:00.000,54.09,177.5,-54.04,2.36
2026-06-22T10:20:00.000,45.77,205.89,-41.18,-19.99
2026-06-22T10:30:00.000,31.9,217.83,-25.19,-19.56
2026-06-22T10:40:00.000,21.16,223.08,-15.46,-14.45
2026-06-22T10:50:00.000,13.58,163.56,-13.03,3.84
2026-06-22T11:00:00.000,41.89,82.77,5.27,41.56
2026-06-22T11:10:00.000,26.58,116.55,-11.88,23.77
2026-06-22T11:20:00.000,15.51,121.01,-7.99,13.29
2026-06-22T11:30:00.000,3,347.02,2.92,-0.67
2026-06-22T11:40:00.000,21.89,127.87,-13.44,17.28
2026-06-22T11:50:00.000,47.42,122.3,-25.34,40.08
2026-06-22T12:00:00.000,33.29,128.23,-20.6,26.15
2026-06-22T12:10:00.000,9.23,151.9,-8.14,4.35
2026-06-22T12:20:00.000,17.57,14.41,17.02,4.37
2026-06-22T12:30:00.000,40.36,84.06,4.18,40.14
2026-06-22T12:40:00.000,13.52,179.02,-13.52,0.23
2026-06-22T12:50:00.000,16.54,255.05,-4.27,-15.98
2026-06-22T13:00:00.000,3.51,265.96,-0.25,-3.5
2026-06-22T13:10:00.000,8.85,21.76,8.22,3.28
2026-06-22T13:20:00.000,23.17,43.51,16.81,15.95
2026-06-22T13:30:00.000,24.67,83.77,2.68,24.53
2026-06-22T13:40:00.000,5.74,231.76,-3.55,-4.51
2026-06-22T13:50:00.000,24.28,213.1,-20.34,-13.26
2026-06-22T14:00:00.000,18.3,189.71,-18.03,-3.09
2026-06-22T14:10:00.000,26.84,193.76,-26.07,-6.38
2026-06-22T14:20:00.000,27.82,224.7,-19.77,-19.57
2026-06-22T14:30:00.000,13.25,313.91,9.19,-9.55
2026-06-22T14:40:00.000,2.53,10.12,2.49,0.44
2026-06-22T14:50:00.000,3.43,199.97,-3.23,-1.17
2026-06-22T15:00:00.000,3.08,358.04,3.08,-0.11
2026-06-22T15:10:00.000,10.35,40.22,7.9,6.68
2026-06-22T15:20:00.000,7.43,41.21,5.59,4.89
2026-06-22T15:30:00.000,16.82,22.74,15.51,6.5
2026-06-22T15:40:00.000,19.95,24.85,18.11,8.38
2026-06-22T15:50:00.000,15.09,52.56,9.17,11.98
2026-06-22T16:00:00.000,10.48,58.3,5.51,8.92
2026-06-22T16:10:00.000,6.24,54.13,3.65,5.05
2026-06-22T16:20:00.000,8.37,353.18,8.31,-0.99
2026-06-22T16:30:00.000,13.88,12.01,13.57,2.89
2026-06-22T16:40:00.000,13.5,8.09,13.37,1.9
2026-06-22T16:50:00.000,19.22,41.97,14.29,12.85
2026-06-22T17:00:00.000,23.99,57.69,12.83,20.28
2026-06-22T17:10:00.000,19.34,44.17,13.88,13.48
2026-06-22T17:20:00.000,15.29,39.34,11.83,9.69
2026-06-22T17:30:00.000,14.46,57.32,7.81,12.17
2026-06-22T17:40:00.000,4.42,69.93,1.52,4.16
2026-06-22T17:50:00.000,1.06,316.71,0.77,-0.72
2026-06-22T18:00:00.000,3.88,297.05,1.76,-3.46
2026-06-22T18:10:00.000,5.67,308.79,3.55,-4.42
2026-06-22T18:20:00.000,5.77,310.17,3.72,-4.41
2026-06-22T18:30:00.000,5.59,332.72,4.97,-2.56
2026-06-22T18:40:00.000,3.06,112.06,-1.15,2.83
2026-06-22T18:50:00.000,6.65,99.66,-1.12,6.55
2026-06-22T19:00:00.000,7.8,99.95,-1.35,7.68
2026-06-22T19:10:00.000,12.13,142.21,-9.59,7.44
2026-06-22T19:20:00.000,18.45,171.51,-18.25,2.73
2026-06-22T19:30:00.000,20.5,192.98,-19.98,-4.61
2026-06-22T19:40:00.000,17.32,202.68,-15.98,-6.68
2026-06-22T19:50:00.000,22.01,194.29,-21.33,-5.43
2026-06-22T20:00:00.000,24.81,205.77,-22.34,-10.79
2026-06-22T20:10:00.000,26.84,190.55,-26.38,-4.91
2026-06-22T20:20:00.000,33.36,173.57,-33.15,3.74
2026-06-22T20:30:00.000,34.11,178.75,-34.1,0.75
2026-06-22T20:40:00.000,30.59,193.31,-29.77,-7.04
2026-06-22T20:50:00.000,34.22,184.7,-34.1,-2.8
2026-06-22T21:00:00.000,27.4,186.44,-27.22,-3.07
2026-06-22T21:10:00.000,20.18,188.38,-19.96,-2.94
2026-06-22T21:20:00.000,29.54,190.1,-29.08,-5.18
2026-06-22T21:30:00.000,42.02,189.49,-41.45,-6.93
2026-06-22T21:40:00.000,41.41,187.29,-41.07,-5.25
2026-06-22T21:50:00.000,29.4,194.85,-28.42,-7.53
2026-06-22T22:00:00.000,34.39,199.65,-32.39,-11.56
2026-06-22T22:10:00.000,37.8,192.9,-36.85,-8.44
2026-06-22T22:20:00.000,44.47,189.5,-43.86,-7.34
2026-06-22T22:30:00.000,49.58,199.16,-46.84,-16.27
2026-06-22T22:40:00.000,23.93,197.26,-22.85,-7.1
2026-06-22T22:50:00.000,16.73,166.25,-16.25,3.98
2026-06-22T23:00:00.000,33.97,67.08,13.23,31.29
2026-06-22T23:10:00.000,33.52,91.84,-1.08,33.5
2026-06-22T23:20:00.000,34.83,117.54,-16.11,30.89
2026-06-22T23:30:00.000,10.7,139.89,-8.18,6.89
2026-06-22T23:40:00.000,13.57,5.17,13.52,1.22
2026-06-22T23:50:00.000,47.88,71.14,15.48,45.31
2026-06-23T00:00:00.000,22.14,79.17,4.16,21.75
2026-06-23T00:10:00.000,23.93,139.5,-18.19,15.54
2026-06-23T00:20:00.000,32.47,161.26,-30.75,10.43
2026-06-23T00:30:00.000,16.85,173.22,-16.73,1.99
2026-06-23T00:40:00.000,23.09,338.95,21.55,-8.29
2026-06-23T00:50:00.000,5.43,34.79,4.46,3.1
2026-06-23T01:00:00.000,41.6,106.83,-12.04,39.82
2026-06-23T01:10:00.000,6.79,71.03,2.21,6.42
2026-06-23T01:20:00.000,10.37,48.25,6.91,7.74
2026-06-23T01:30:00.000,27.86,34.54,22.95,15.8
2026-06-23T01:40:00.000,12.93,24.24,11.79,5.31
2026-06-23T01:50:00.000,20.66,340.99,19.53,-6.73
2026-06-23T02:00:00.000,6.38,328.82,5.46,-3.3
2026-06-23T02:10:00.000,3.23,102.39,-0.69,3.16
2026-06-23T02:20:00.000,5.9,50.06,3.79,4.53
2026-06-23T02:30:00.000,8.03,64.75,3.43,7.26
2026-06-23T02:40:00.000,9.19,35.58,7.47,5.35
2026-06-23T02:50:00.000,16.47,62.78,7.54,14.65
2026-06-23T03:00:00.000,20.56,67.65,7.82,19.02
2026-06-23T03:10:00.000,24.37,53.55,14.48,19.6
2026-06-23T03:20:00.000,30.55,45.73,21.32,21.88
2026-06-23T03:30:00.000,31.99,44.81,22.69,22.54
2026-06-23T03:40:00.000,23.4,22.5,21.62,8.96
2026-06-23T03:50:00.000,21.2,14.69,20.5,5.38
2026-06-23T04:00:00.000,15.61,3.56,15.58,0.97
2026-06-23T04:10:00.000,13.36,10.77,13.12,2.5
2026-06-23T04:20:00.000,15.94,345.05,15.4,-4.11
2026-06-23T04:30:00.000,13.92,1.71,13.91,0.42
2026-06-23T04:40:00.000,19.41,7.92,19.22,2.67
2026-06-23T04:50:00.000,18.62,10.72,18.29,3.46
2026-06-23T05:00:00.000,18.9,26.38,16.93,8.4
2026-06-23T05:10:00.000,15.99,22.77,14.75,6.19
2026-06-23T05:20:00.000,14.54,7.64,14.41,1.93
2026-06-23T05:30:00.000,11.04,354.67,11,-1.03
2026-06-23T05:40:00.000,8.07,280.48,1.47,-7.94
2026-06-23T05:50:00.000,3.76,219.7,-2.89,-2.4
2026-06-23T06:00:00.000,6.93,170.71,-6.84,1.12
2026-06-23T06:10:00.000,2.39,195.96,-2.3,-0.66
2026-06-23T06:20:00.000,4.05,186.55,-4.03,-0.46
2026-06-23T06:30:00.000,4.24,200.98,-3.96,-1.52
2026-06-23T06:40:00.000,2.82,194.02,-2.74,-0.68
2026-06-23T06:50:00.000,5.19,173.61,-5.15,0.58
2026-06-23T07:00:00.000,5.3,168.07,-5.19,1.1
2026-06-23T07:10:00.000,6.41,200.59,-6,-2.25
2026-06-23T07:20:00.000,8.3,214.66,-6.82,-4.72
2026-06-23T07:30:00.000,10.9,217.07,-8.7,-6.57
2026-06-23T07:40:00.000,8.92,212.52,-7.52,-4.79
2026-06-23T07:50:00.000,10.64,185.6,-10.59,-1.04
2026-06-23T08:00:00.000,17.17,178.29,-17.16,0.51
2026-06-23T08:10:00.000,15.71,204.96,-14.24,-6.63
2026-06-23T08:20:00.000,8.55,225.03,-6.05,-6.05
2026-06-23T08:30:00.000,12.13,205.96,-10.91,-5.31
2026-06-23T08:40:00.000,14.69,189.02,-14.51,-2.3
2026-06-23T08:50:00.000,17.95,180.41,-17.95,-0.13
2026-06-23T09:00:00.000,18.65,169.25,-18.32,3.48
2026-06-23T09:10:00.000,20.21,148.38,-17.21,10.6
2026-06-23T09:20:00.000,18.9,146.19,-15.7,10.52
2026-06-23T09:30:00.000,25.32,164.59,-24.41,6.73
2026-06-23T09:40:00.000,42.45,172.01,-42.04,5.9
2026-06-23T09:50:00.000,62.09,190.49,-61.05,-11.31
2026-06-23T10:00:00.000,44.11,196.27,-42.34,-12.36
2026-06-23T10:10:00.000,30.92,210.3,-26.69,-15.6
2026-06-23T10:20:00.000,37.87,179.7,-37.87,0.2
2026-06-23T10:30:00.000,39.61,158.88,-36.95,14.27
2026-06-23T10:40:00.000,20.29,161.57,-19.25,6.41
2026-06-23T10:50:00.000,26.71,242.76,-12.23,-23.75
2026-06-23T11:00:00.000,8.5,198.82,-8.05,-2.74
2026-06-23T11:10:00.000,86.95,71.11,28.15,82.27
2026-06-23T11:20:00.000,53.69,81.34,8.09,53.08
2026-06-23T11:30:00.000,31.75,99.37,-5.17,31.33
2026-06-23T11:40:00.000,1.88,125.56,-1.09,1.53
2026-06-23T11:50:00.000,12.11,33.81,10.06,6.74
2026-06-23T12:00:00.000,29.92,62.31,13.9,26.49
2026-06-23T12:10:00.000,31.67,80.4,5.28,31.22
2026-06-23T12:20:00.000,30.4,89.16,0.45,30.39
2026-06-23T12:30:00.000,15.86,111.73,-5.87,14.73
2026-06-23T12:40:00.000,3.12,252.41,-0.94,-2.97
2026-06-23T12:50:00.000,19.11,234.45,-11.11,-15.55
2026-06-23T13:00:00.000,12.78,334.65,11.55,-5.47
2026-06-23T13:10:00.000,15.34,140.44,-11.83,9.77
2026-06-23T13:20:00.000,2.91,102.99,-0.66,2.84
2026-06-23T13:30:00.000,12.1,356.87,12.08,-0.66
2026-06-23T13:40:00.000,20.02,353.33,19.88,-2.32
2026-06-23T13:50:00.000,27.62,37.53,21.91,16.83
2026-06-23T14:00:00.000,15.81,11.03,15.52,3.02
2026-06-23T14:10:00.000,2.49,120.39,-1.26,2.15
2026-06-23T14:20:00.000,0.58,350.32,0.57,-0.1
2026-06-23T14:30:00.000,5.75,297.82,2.68,-5.08
2026-06-23T14:40:00.000,13.29,1.74,13.28,0.4
2026-06-23T14:50:00.000,16.91,66.73,6.68,15.54
2026-06-23T15:00:00.000,21.4,61.68,10.15,18.84
2026-06-23T15:10:00.000,13.4,35.82,10.87,7.84
2026-06-23T15:20:00.000,25.41,20.19,23.85,8.77
2026-06-23T15:30:00.000,29.67,35.87,24.05,17.38
2026-06-23T15:40:00.000,32.43,64.93,13.74,29.38
2026-06-23T15:50:00.000,27.2,56.12,15.16,22.58
2026-06-23T16:00:00.000,22.81,38.2,17.93,14.11
2026-06-23T16:10:00.000,21.83,31.56,18.6,11.42
2026-06-23T16:20:00.000,27.38,9.79,26.98,4.66
2026-06-23T16:30:00.000,20.99,16.49,20.12,5.96
2026-06-23T16:40:00.000,25.81,17.55,24.61,7.78
2026-06-23T16:50:00.000,24.7,25.79,22.24,10.75
2026-06-23T17:00:00.000,26.55,34.71,21.83,15.12
2026-06-23T17:10:00.000,29.96,26.2,26.89,13.23
2026-06-23T17:20:00.000,20.48,33.1,17.16,11.19
2026-06-23T17:30:00.000,14.81,25.03,13.42,6.27
2026-06-23T17:40:00.000,8.51,33.05,7.13,4.64
2026-06-23T17:50:00.000,7.2,62.95,3.27,6.41
2026-06-23T18:00:00.000,11.87,98.74,-1.8,11.73
2026-06-23T18:10:00.000,2.01,39.08,1.56,1.27
2026-06-23T18:20:00.000,8.95,335.83,8.17,-3.67
2026-06-23T18:30:00.000,14.18,358.65,14.17,-0.33
2026-06-23T18:40:00.000,15.34,29.62,13.34,7.58
2026-06-23T18:50:00.000,9.93,43.18,7.24,6.8
2026-06-23T19:00:00.000,4.68,109.04,-1.53,4.42
2026-06-23T19:10:00.000,3.55,141.32,-2.78,2.22
2026-06-23T19:20:00.000,6.83,161.36,-6.47,2.18
2026-06-23T19:30:00.000,24.28,188.25,-24.03,-3.48
2026-06-23T19:40:00.000,23.27,185.75,-23.15,-2.33
2026-06-23T19:50:00.000,24.82,187.36,-24.62,-3.18
2026-06-23T20:00:00.000,32.19,192.85,-31.38,-7.16
2026-06-23T20:10:00.000,26.19,187.83,-25.94,-3.57
2026-06-23T20:20:00.000,26.65,175.62,-26.57,2.03
2026-06-23T20:30:00.000,23.49,190.77,-23.07,-4.39
2026-06-23T20:40:00.000,27.58,186.06,-27.43,-2.91
2026-06-23T20:50:00.000,30.72,180.96,-30.71,-0.52
2026-06-23T21:00:00.000,29.33,180.4,-29.32,-0.2
2026-06-23T21:10:00.000,19.74,170.81,-19.49,3.15
2026-06-23T21:20:00.000,8.71,190.01,-8.57,-1.51
2026-06-23T21:30:00.000,25.98,207.04,-23.14,-11.81
2026-06-23T21:40:00.000,28.04,196.51,-26.89,-7.97
2026-06-23T21:50:00.000,43.9,190.89,-43.11,-8.3
2026-06-23T22:00:00.000,40.78,193.68,-39.62,-9.65
2026-06-23T22:10:00.000,38.54,195.11,-37.21,-10.04
2026-06-23T22:20:00.000,32.39,197.78,-30.84,-9.89
2026-06-23T22:30:00.000,31.42,176.89,-31.38,1.7
2026-06-23T22:40:00.000,28.21,172.61,-27.97,3.63
2026-06-23T22:50:00.000,27.95,170.27,-27.55,4.73
2026-06-23T23:00:00.000,33.37,202.11,-30.91,-12.56
2026-06-23T23:10:00.000,24.38,227.57,-16.45,-18
2026-06-23T23:20:00.000,23.23,205.41,-20.98,-9.97
2026-06-23T23:30:00.000,27.54,188.05,-27.27,-3.86
2026-06-23T23:40:00.000,24.55,164.57,-23.67,6.53
2026-06-23T23:50:00.000,16.06,161.91,-15.27,4.99
2026-06-24T00:00:00.000,0.32,90.33,0,0.32
2026-06-24T00:10:00.000,30.11,58.89,15.56,25.78
2026-06-24T00:20:00.000,31.9,67.92,11.99,29.56
2026-06-24T00:30:00.000,16.7,75.39,4.21,16.16
2026-06-24T00:40:00.000,1.85,221.32,-1.39,-1.22
2026-06-24T00:50:00.000,13.24,136.42,-9.59,9.13
2026-06-24T01:00:00.000,24.64,163.1,-23.57,7.16
2026-06-24T01:10:00.000,3.66,303.2,2.01,-3.06
2026-06-24T01:20:00.000,7.76,293.34,3.07,-7.12
2026-06-24T01:30:00.000,6.47,316.85,4.72,-4.42
2026-06-24T01:40:00.000,3.71,31.38,3.17,1.93
2026-06-24T01:50:00.000,10.64,69.74,3.68,9.98
2026-06-24T02:00:00.000,17.32,28.98,15.15,8.39
2026-06-24T02:10:00.000,9.36,97.52,-1.23,9.28
2026-06-24T02:20:00.000,6.95,254.84,-1.82,-6.71
2026-06-24T02:30:00.000,3.53,317.67,2.61,-2.38
2026-06-24T02:40:00.000,12.59,137.23,-9.24,8.55
2026-06-24T02:50:00.000,5.1,170.08,-5.02,0.88
2026-06-24T03:00:00.000,3.37,178.86,-3.37,0.07
2026-06-24T03:10:00.000,3.11,157.27,-2.87,1.2
2026-06-24T03:20:00.000,8.57,14.62,8.29,2.16
2026-06-24T03:30:00.000,18,18.08,17.11,5.59
2026-06-24T03:40:00.000,18.08,344.98,17.46,-4.69
2026-06-24T03:50:00.000,20.53,8.92,20.28,3.18
2026-06-24T04:00:00.000,14.41,21.52,13.41,5.29
2026-06-24T04:10:00.000,16.23,10.35,15.97,2.92
2026-06-24T04:20:00.000,6.97,10.68,6.85,1.29
2026-06-24T04:30:00.000,6.3,7.81,6.25,0.86
2026-06-24T04:40:00.000,4.42,345.89,4.28,-1.08
2026-06-24T04:50:00.000,3.75,330.71,3.27,-1.83
2026-06-24T05:00:00.000,1.49,49.06,0.98,1.13
2026-06-24T05:10:00.000,4.64,98.82,-0.71,4.58
2026-06-24T05:20:00.000,10.29,122.86,-5.59,8.65
2026-06-24T05:30:00.000,11.44,157.89,-10.6,4.3
2026-06-24T05:40:00.000,13.47,148.85,-11.53,6.97
2026-06-24T05:50:00.000,7.44,250.53,-2.48,-7.02
2026-06-24T06:00:00.000,17.73,225.23,-12.49,-12.59
2026-06-24T06:10:00.000,12.97,222.53,-9.56,-8.77
2026-06-24T06:20:00.000,10.03,213.74,-8.34,-5.57
2026-06-24T06:30:00.000,16.91,190.32,-16.64,-3.03
2026-06-24T06:40:00.000,14.81,197.21,-14.14,-4.38
2026-06-24T06:50:00.000,10.13,203.7,-9.27,-4.07
2026-06-24T07:00:00.000,13.84,218.54,-10.82,-8.62
2026-06-24T07:10:00.000,11.03,233.4,-6.57,-8.85
2026-06-24T07:20:00.000,15.24,207.92,-13.47,-7.14
2026-06-24T07:30:00.000,13.95,209.7,-12.12,-6.91
2026-06-24T07:40:00.000,12.67,214.86,-10.4,-7.24
2026-06-24T07:50:00.000,13.45,211.44,-11.48,-7.02
2026-06-24T08:00:00.000,13.23,208.7,-11.6,-6.35
2026-06-24T08:10:00.000,18.96,181.62,-18.96,-0.53
2026-06-24T08:20:00.000,24.67,186.24,-24.52,-2.68
2026-06-24T08:30:00.000,25.58,193.84,-24.84,-6.12
2026-06-24T08:40:00.000,30.86,186.88,-30.63,-3.7
2026-06-24T08:50:00.000,33.86,180.91,-33.86,-0.54
2026-06-24T09:00:00.000,19.98,168.33,-19.57,4.04
2026-06-24T09:10:00.000,22.28,147.53,-18.8,11.96
2026-06-24T09:20:00.000,4.59,208.88,-4.02,-2.21
2026-06-24T09:30:00.000,12.66,203.61,-11.6,-5.07
2026-06-24T09:40:00.000,15.6,222.02,-11.59,-10.45
2026-06-24T09:50:00.000,36.22,203.91,-33.11,-14.68
2026-06-24T10:00:00.000,31.39,192.9,-30.59,-7.01
2026-06-24T10:10:00.000,14.45,168.89,-14.18,2.78
2026-06-24T10:20:00.000,9.1,79.04,1.73,8.93
2026-06-24T10:30:00.000,35.14,72.36,10.65,33.48
2026-06-24T10:40:00.000,29.24,82.05,4.04,28.95
2026-06-24T10:50:00.000,22.01,97.31,-2.8,21.83
2026-06-24T11:00:00.000,4.91,88.57,0.12,4.91
2026-06-24T11:10:00.000,0.14,242.53,-0.07,-0.13
2026-06-24T11:20:00.000,0.94,188.93,-0.93,-0.15
2026-06-24T11:30:00.000,5.21,266.45,-0.32,-5.2
2026-06-24T11:40:00.000,2.4,253.15,-0.69,-2.29
2026-06-24T11:50:00.000,0.12,224.95,-0.09,-0.09
2026-06-24T12:00:00.000,11.16,333.08,9.95,-5.05
2026-06-24T12:10:00.000,13.25,0.85,13.25,0.2
2026-06-24T12:20:00.000,11.3,50.22,7.23,8.68
2026-06-24T12:30:00.000,17.79,99.04,-2.8,17.57
2026-06-24T12:40:00.000,4.33,67.1,1.69,3.99
2026-06-24T12:50:00.000,0.49,14.02,0.47,0.12
2026-06-24T13:00:00.000,6.3,303.05,3.44,-5.28
2026-06-24T13:10:00.000,7.69,132.2,-5.16,5.69
2026-06-24T13:20:00.000,29.46,116.83,-13.3,26.29
2026-06-24T13:30:00.000,3.49,63.39,1.56,3.12
2026-06-24T13:40:00.000,17.25,4.66,17.19,1.4
2026-06-24T13:50:00.000,15.99,24.85,14.51,6.72
2026-06-24T14:00:00.000,14.32,41.44,10.74,9.48
2026-06-24T14:10:00.000,9.34,29.44,8.14,4.59
2026-06-24T14:20:00.000,6.99,54.56,4.05,5.69
2026-06-24T14:30:00.000,7.33,44.59,5.22,5.15
2026-06-24T14:40:00.000,11.43,342.56,10.9,-3.42
2026-06-24T14:50:00.000,11.1,33.38,9.27,6.1
2026-06-24T15:00:00.000,16.42,17.38,15.67,4.9
2026-06-24T15:10:00.000,18.9,32.15,16,10.06
2026-06-24T15:20:00.000,24.6,32.1,20.84,13.08
2026-06-24T15:30:00.000,25.85,51.88,15.96,20.34
2026-06-24T15:40:00.000,30.44,60.22,15.12,26.42
2026-06-24T15:50:00.000,29.31,58.07,15.5,24.88
2026-06-24T16:00:00.000,31.44,61.09,15.2,27.52
2026-06-24T16:10:00.000,28.58,46.29,19.75,20.66
2026-06-24T16:20:00.000,29.71,33.18,24.86,16.26
2026-06-24T16:30:00.000,30.05,22.2,27.82,11.35
2026-06-24T16:40:00.000,27.26,59.13,13.99,23.4
2026-06-24T16:50:00.000,36.07,73.39,10.31,34.57
2026-06-24T17:00:00.000,27.54,79.96,4.8,27.12
2026-06-24T17:10:00.000,9.07,53.47,5.4,7.29
2026-06-24T17:20:00.000,20.65,357.88,20.64,-0.76
2026-06-24T17:30:00.000,20.46,14.09,19.85,4.98
2026-06-24T17:40:00.000,20.34,21.56,18.92,7.47
2026-06-24T17:50:00.000,15.18,34.71,12.48,8.64
2026-06-24T18:00:00.000,10.04,42.34,7.42,6.76
2026-06-24T18:10:00.000,9.6,26.69,8.58,4.31
2026-06-24T18:20:00.000,6.04,3.29,6.03,0.35
2026-06-24T18:30:00.000,9.74,351.99,9.64,-1.36
2026-06-24T18:40:00.000,10.11,10.63,9.94,1.86
2026-06-24T18:50:00.000,7.23,92.77,-0.35,7.22
2026-06-24T19:00:00.000,5.55,159.01,-5.18,1.99
2026-06-24T19:10:00.000,3.48,180.46,-3.48,-0.03
2026-06-24T19:20:00.000,13.86,207.8,-12.26,-6.47
2026-06-24T19:30:00.000,17.86,208.26,-15.73,-8.46
2026-06-24T19:40:00.000,19.47,184.92,-19.4,-1.67
2026-06-24T19:50:00.000,22.8,179.85,-22.8,0.06
2026-06-24T20:00:00.000,29.32,180.85,-29.32,-0.44
2026-06-24T20:10:00.000,24.39,175.72,-24.33,1.82
2026-06-24T20:20:00.000,25.62,178.31,-25.61,0.76
2026-06-24T20:30:00.000,19.38,183.04,-19.35,-1.03
2026-06-24T20:40:00.000,15.19,189.82,-14.97,-2.59
2026-06-24T20:50:00.000,14.79,196.57,-14.18,-4.22
2026-06-24T21:00:00.000,13.61,219.67,-10.48,-8.69
2026-06-24T21:10:00.000,10.28,229.98,-6.61,-7.87
2026-06-24T21:20:00.000,11.92,225.61,-8.34,-8.52
2026-06-24T21:30:00.000,11.71,204.43,-10.66,-4.84
2026-06-24T21:40:00.000,17.6,188.91,-17.38,-2.72
2026-06-24T21:50:00.000,18.73,183.06,-18.7,-1
2026-06-24T22:00:00.000,14.47,189.69,-14.27,-2.44
2026-06-24T22:10:00.000,16.65,181.8,-16.65,-0.52
2026-06-24T22:20:00.000,14.8,197.39,-14.12,-4.42
2026-06-24T22:30:00.000,12.25,213.76,-10.18,-6.81
2026-06-24T22:40:00.000,13.37,192.41,-13.06,-2.87
2026-06-24T22:50:00.000,14.55,213.23,-12.17,-7.97
2026-06-24T23:00:00.000,12.88,213.08,-10.79,-7.03
2026-06-24T23:10:00.000,14.88,214.99,-12.19,-8.53
2026-06-24T23:20:00.000,13.19,228.97,-8.66,-9.95
2026-06-24T23:30:00.000,10.29,223.81,-7.42,-7.12
2026-06-24T23:40:00.000,14.74,204.56,-13.41,-6.13
2026-06-24T23:50:00.000,21.02,192.5,-20.52,-4.55
2026-06-25T00:00:00.000,22.16,189.47,-21.85,-3.65
2026-06-25T00:10:00.000,26.88,187.66,-26.64,-3.58
2026-06-25T00:20:00.000,27.65,177.68,-27.62,1.12
2026-06-25T00:30:00.000,28.57,172.76,-28.34,3.6
2026-06-25T00:40:00.000,10.06,172.98,-9.99,1.23
2026-06-25T00:50:00.000,14.26,210.18,-12.33,-7.17
2026-06-25T01:00:00.000,19.42,205.51,-17.53,-8.37
2026-06-25T01:10:00.000,16.87,188.74,-16.67,-2.56
2026-06-25T01:20:00.000,11.52,182.02,-11.51,-0.41
2026-06-25T01:30:00.000,13.94,148,-11.82,7.39
2026-06-25T01:40:00.000,5.39,154.82,-4.88,2.29
2026-06-25T01:50:00.000,8.76,109.22,-2.88,8.27
2026-06-25T02:00:00.000,4.45,154.06,-4,1.95
2026-06-25T02:10:00.000,4,240.91,-1.94,-3.5
2026-06-25T02:20:00.000,2.62,284.57,0.66,-2.54
2026-06-25T02:30:00.000,1.77,13.2,1.73,0.4
2026-06-25T02:40:00.000,2.22,14.91,2.15,0.57
2026-06-25T02:50:00.000,2.86,67.96,1.07,2.65
2026-06-25T03:00:00.000,3.5,23.59,3.21,1.4
2026-06-25T03:10:00.000,9.7,37.16,7.73,5.86
2026-06-25T03:20:00.000,14.17,11.49,13.88,2.82
2026-06-25T03:30:00.000,11.5,15.76,11.07,3.12
2026-06-25T03:40:00.000,10.11,31.78,8.59,5.32
2026-06-25T03:50:00.000,11.3,51.67,7.01,8.86
2026-06-25T04:00:00.000,19.02,39.39,14.7,12.07
2026-06-25T04:10:00.000,18.46,59.23,9.45,15.86
2026-06-25T04:20:00.000,20.36,52.74,12.33,16.2
2026-06-25T04:30:00.000,24.88,70.45,8.32,23.44
2026-06-25T04:40:00.000,19.99,51.74,12.38,15.69
2026-06-25T04:50:00.000,13.23,51.25,8.28,10.32
2026-06-25T05:00:00.000,9.58,41.02,7.23,6.29
2026-06-25T05:10:00.000,7.89,356.39,7.87,-0.5
2026-06-25T05:20:00.000,14.24,350.19,14.03,-2.43
2026-06-25T05:30:00.000,14.62,30.02,12.66,7.31
2026-06-25T05:40:00.000,11.86,42.26,8.78,7.98
2026-06-25T05:50:00.000,11.01,37.93,8.69,6.77
2026-06-25T06:00:00.000,11.96,55.12,6.84,9.81
2026-06-25T06:10:00.000,7.75,64.73,3.31,7.01
2026-06-25T06:20:00.000,7.59,62.01,3.56,6.7
2026-06-25T06:30:00.000,7.14,75.02,1.85,6.9
2026-06-25T06:40:00.000,3.3,81.17,0.51,3.26
2026-06-25T06:50:00.000,5.27,59.16,2.7,4.53
2026-06-25T07:00:00.000,4.98,117.45,-2.3,4.42
2026-06-25T07:10:00.000,6.7,122.12,-3.56,5.67
2026-06-25T07:20:00.000,2.7,145.19,-2.21,1.54
2026-06-25T07:30:00.000,2.39,150.77,-2.09,1.17
2026-06-25T07:40:00.000,2.72,170.11,-2.68,0.47
2026-06-25T07:50:00.000,1.13,171.15,-1.12,0.17
2026-06-25T08:00:00.000,0.14,169.19,-0.14,0.03
2026-06-25T08:10:00.000,5.18,283.79,1.23,-5.03
2026-06-25T08:20:00.000,5.98,250.84,-1.96,-5.65
2026-06-25T08:30:00.000,7.37,229.91,-4.75,-5.64
2026-06-25T08:40:00.000,7.92,204.37,-7.22,-3.27
2026-06-25T08:50:00.000,11.65,204.77,-10.58,-4.88
2026-06-25T09:00:00.000,7.98,201.08,-7.44,-2.87
2026-06-25T09:10:00.000,2.89,331.3,2.53,-1.39
2026-06-25T09:20:00.000,3.59,354.48,3.58,-0.35
2026-06-25T09:30:00.000,0.5,79.21,0.09,0.49
2026-06-25T09:40:00.000,2.09,138.2,-1.56,1.4
2026-06-25T09:50:00.000,7.54,167.43,-7.36,1.64
2026-06-25T10:00:00.000,20.84,194.1,-20.21,-5.08
2026-06-25T10:10:00.000,22.38,202.84,-20.63,-8.69
2026-06-25T10:20:00.000,25.63,196.89,-24.52,-7.44
2026-06-25T10:30:00.000,29.78,186.34,-29.6,-3.29
2026-06-25T10:40:00.000,28.88,182.39,-28.86,-1.21
2026-06-25T10:50:00.000,26.96,180.84,-26.95,-0.39
2026-06-25T11:00:00.000,29.22,190.64,-28.72,-5.4
2026-06-25T11:10:00.000,23.89,191.88,-23.38,-4.92
2026-06-25T11:20:00.000,32.92,196.9,-31.5,-9.57
2026-06-25T11:30:00.000,35.75,191.66,-35.01,-7.23
2026-06-25T11:40:00.000,36.37,182.25,-36.34,-1.43
2026-06-25T11:50:00.000,35.44,176.14,-35.36,2.39
2026-06-25T12:00:00.000,23.46,181.92,-23.45,-0.79
2026-06-25T12:10:00.000,13.13,174.52,-13.07,1.25
2026-06-25T12:20:00.000,5.97,84.38,0.58,5.94
2026-06-25T12:30:00.000,16.66,19.86,15.67,5.66
2026-06-25T12:40:00.000,23.63,49.1,15.47,17.86
2026-06-25T12:50:00.000,19.19,49.88,12.37,14.67
2026-06-25T13:00:00.000,13.94,59.36,7.1,11.99
2026-06-25T13:10:00.000,16.52,59.33,8.43,14.21
2026-06-25T13:20:00.000,16.52,67.15,6.41,15.22
2026-06-25T13:30:00.000,17.52,62.79,8.01,15.58
2026-06-25T13:40:00.000,15.14,56.49,8.36,12.62
2026-06-25T13:50:00.000,12.49,53.64,7.4,10.05
2026-06-25T14:00:00.000,13.61,31.03,11.66,7.02
2026-06-25T14:10:00.000,24.34,29.1,21.26,11.84
2026-06-25T14:20:00.000,24.96,52.12,15.33,19.7
2026-06-25T14:30:00.000,25.33,35.14,20.71,14.58
2026-06-25T14:40:00.000,22.38,24.41,20.38,9.25
2026-06-25T14:50:00.000,23.39,29.42,20.38,11.49
2026-06-25T15:00:00.000,23.61,18.2,22.43,7.37
2026-06-25T15:10:00.000,24.64,7.65,24.42,3.28
2026-06-25T15:20:00.000,18.77,17.41,17.91,5.62
2026-06-25T15:30:00.000,8.29,13.12,8.07,1.88
2026-06-25T15:40:00.000,4.09,347.88,3.99,-0.86
2026-06-25T15:50:00.000,0.35,14.32,0.34,0.09
2026-06-25T16:00:00.000,0.35,351.3,0.34,-0.05
2026-06-25T16:10:00.000,4.26,18.22,4.05,1.33
2026-06-25T16:20:00.000,6.05,34.57,4.98,3.43
2026-06-25T16:30:00.000,7.34,31.34,6.27,3.82
2026-06-25T16:40:00.000,4.87,39.16,3.78,3.08
2026-06-25T16:50:00.000,1.17,87.68,0.05,1.17
2026-06-25T17:00:00.000,0.32,53.78,0.19,0.26
2026-06-25T17:10:00.000,0.48,62.92,0.22,0.43
2026-06-25T17:20:00.000,4.07,26.94,3.63,1.84
2026-06-25T17:30:00.000,5.3,20.69,4.96,1.87
2026-06-25T17:40:00.000,5.88,61.4,2.81,5.16
2026-06-25T17:50:00.000,2.45,93.33,-0.14,2.45
2026-06-25T18:00:00.000,1.84,179.1,-1.84,0.03
2026-06-25T18:10:00.000,5.48,348.27,5.36,-1.11
2026-06-25T18:20:00.000,3.2,34.49,2.64,1.81
2026-06-25T18:30:00.000,4.6,183.23,-4.6,-0.26
2026-06-25T18:40:00.000,14.9,207.23,-13.25,-6.82
2026-06-25T18:50:00.000,12.63,218.33,-9.91,-7.83
2026-06-25T19:00:00.000,8.68,231.13,-5.45,-6.76
2026-06-25T19:10:00.000,8.63,232.63,-5.24,-6.86
2026-06-25T19:20:00.000,6.86,216.45,-5.52,-4.08
2026-06-25T19:30:00.000,5.27,215.13,-4.31,-3.03
2026-06-25T19:40:00.000,6.46,188.73,-6.39,-0.98
2026-06-25T19:50:00.000,8.5,187.68,-8.42,-1.14
2026-06-25T20:00:00.000,13.15,201.2,-12.26,-4.76
2026-06-25T20:10:00.000,15.87,192.55,-15.49,-3.45
2026-06-25T20:20:00.000,19.26,194.4,-18.65,-4.79
2026-06-25T20:30:00.000,21.02,188.3,-20.8,-3.04
2026-06-25T20:40:00.000,23.21,167,-22.61,5.22
2026-06-25T20:50:00.000,18.58,164.15,-17.88,5.07
2026-06-25T21:00:00.000,14.82,174.28,-14.75,1.48
2026-06-25T21:10:00.000,15.01,173.97,-14.93,1.58
2026-06-25T21:20:00.000,11.57,195.91,-11.13,-3.17
2026-06-25T21:30:00.000,13.58,205.25,-12.29,-5.8
2026-06-25T21:40:00.000,14.34,194.4,-13.89,-3.57
2026-06-25T21:50:00.000,11.25,189.78,-11.09,-1.91
2026-06-25T22:00:00.000,18.63,181.93,-18.62,-0.63
2026-06-25T22:10:00.000,17.46,174.27,-17.37,1.74
2026-06-25T22:20:00.000,15.18,181.54,-15.17,-0.41
2026-06-25T22:30:00.000,12.41,188.61,-12.27,-1.86
2026-06-25T22:40:00.000,9.79,194.08,-9.5,-2.38
2026-06-25T22:50:00.000,15.87,190.61,-15.6,-2.92
2026-06-25T23:00:00.000,16.69,193.74,-16.21,-3.96
2026-06-25T23:10:00.000,25.05,197.95,-23.83,-7.72
2026-06-25T23:20:00.000,26.87,193.94,-26.08,-6.47
2026-06-25T23:30:00.000,24.55,188.15,-24.3,-3.48
2026-06-25T23:40:00.000,24.67,186.5,-24.51,-2.79
2026-06-25T23:50:00.000,28.92,179.37,-28.92,0.32
2026-06-26T00:00:00.000,28.82,183.18,-28.77,-1.6
2026-06-26T00:10:00.000,23.95,199.83,-22.54,-8.12
2026-06-26T00:20:00.000,13.57,212.26,-11.47,-7.24
2026-06-26T00:30:00.000,7.06,205.3,-6.38,-3.02
2026-06-26T00:40:00.000,3.86,104.12,-0.94,3.75
2026-06-26T00:50:00.000,18.41,102.14,-3.87,18
2026-06-26T01:00:00.000,1.86,117.84,-0.87,1.65
2026-06-26T01:10:00.000,0.31,335.24,0.28,-0.13
2026-06-26T01:20:00.000,3.72,11.11,3.65,0.72
2026-06-26T01:30:00.000,1.37,58.14,0.72,1.16
2026-06-26T01:40:00.000,4.53,142.39,-3.59,2.76
2026-06-26T01:50:00.000,6.68,133.32,-4.59,4.86
2026-06-26T02:00:00.000,5.71,151.54,-5.02,2.72
2026-06-26T02:10:00.000,1.32,234.97,-0.76,-1.08
2026-06-26T02:20:00.000,1.5,154.67,-1.36,0.64
2026-06-26T02:30:00.000,1.69,211.47,-1.44,-0.88
2026-06-26T02:40:00.000,3.61,322.79,2.88,-2.18
2026-06-26T02:50:00.000,4.67,314.46,3.27,-3.33
2026-06-26T03:00:00.000,6.24,339.03,5.83,-2.23
2026-06-26T03:10:00.000,18.42,24.6,16.75,7.67
2026-06-26T03:20:00.000,20.99,30.08,18.16,10.52
2026-06-26T03:30:00.000,20.21,38.82,15.74,12.67
2026-06-26T03:40:00.000,16.79,37.05,13.4,10.11
2026-06-26T03:50:00.000,20.08,8.43,19.86,2.94
2026-06-26T04:00:00.000,17.15,30.57,14.77,8.73
2026-06-26T04:10:00.000,16.82,51.59,10.45,13.18
2026-06-26T04:20:00.000,20.57,52.99,12.38,16.43
2026-06-26T04:30:00.000,18.05,43.81,13.03,12.5
2026-06-26T04:40:00.000,18.38,39.29,14.22,11.64
2026-06-26T04:50:00.000,14.3,28.19,12.6,6.76
2026-06-26T05:00:00.000,11.48,15.67,11.05,3.1
2026-06-26T05:10:00.000,15.38,16.93,14.71,4.48
2026-06-26T05:20:00.000,11.82,24.62,10.75,4.92
2026-06-26T05:30:00.000,13.27,22.82,12.23,5.15
2026-06-26T05:40:00.000,12.42,24.78,11.28,5.21
2026-06-26T05:50:00.000,10.62,50.63,6.74,8.21
2026-06-26T06:00:00.000,8.52,49.98,5.48,6.52
2026-06-26T06:10:00.000,8.01,46.75,5.49,5.84
2026-06-26T06:20:00.000,12.4,50.64,7.86,9.59
2026-06-26T06:30:00.000,9.77,63.59,4.34,8.75
2026-06-26T06:40:00.000,5,62.72,2.29,4.45
2026-06-26T06:50:00.000,3.68,68.14,1.37,3.42
2026-06-26T07:00:00.000,2.69,88.46,0.07,2.69
2026-06-26T07:10:00.000,2.86,213.14,-2.4,-1.57
2026-06-26T07:20:00.000,1.38,207.62,-1.22,-0.64
2026-06-26T07:30:00.000,2.87,326.39,2.39,-1.59
2026-06-26T07:40:00.000,5.43,343.28,5.2,-1.56
2026-06-26T07:50:00.000,5.7,336.19,5.22,-2.3
2026-06-26T08:00:00.000,5.49,344.09,5.28,-1.5
2026-06-26T08:10:00.000,1.95,35.8,1.59,1.14
2026-06-26T08:20:00.000,1.17,12.2,1.14,0.25
2026-06-26T08:30:00.000,0.32,8.49,0.31,0.05
2026-06-26T08:40:00.000,0.35,350.96,0.35,-0.06
2026-06-26T08:50:00.000,0.26,56.55,0.14,0.21
2026-06-26T09:00:00.000,2.24,130.29,-1.45,1.71
2026-06-26T09:10:00.000,4.25,155.28,-3.86,1.78
2026-06-26T09:20:00.000,11.86,181.65,-11.85,-0.34
2026-06-26T09:30:00.000,9.36,190.34,-9.2,-1.68
2026-06-26T09:40:00.000,7.44,182.8,-7.43,-0.36
2026-06-26T09:50:00.000,4.78,178.86,-4.77,0.09
2026-06-26T10:00:00.000,3.74,239.78,-1.88,-3.23
2026-06-26T10:10:00.000,0.17,286.35,0.05,-0.17
2026-06-26T10:20:00.000,0.19,114.43,-0.08,0.17
2026-06-26T10:30:00.000,2.5,101.67,-0.51,2.45
2026-06-26T10:40:00.000,0.35,147.31,-0.3,0.19
2026-06-26T10:50:00.000,2.28,207.85,-2.01,-1.06
2026-06-26T11:00:00.000,1.9,163.79,-1.82,0.53
2026-06-26T11:10:00.000,1.24,188.9,-1.22,-0.19
2026-06-26T11:20:00.000,3.39,145.16,-2.79,1.94
2026-06-26T11:30:00.000,3.49,162.11,-3.32,1.07
2026-06-26T11:40:00.000,2.45,163.76,-2.35,0.68
2026-06-26T11:50:00.000,2.92,146.04,-2.42,1.63
2026-06-26T12:00:00.000,4.82,191.78,-4.72,-0.99
2026-06-26T12:10:00.000,6.95,183.27,-6.94,-0.4
2026-06-26T12:20:00.000,16.1,165.51,-15.58,4.03
2026-06-26T12:30:00.000,12.23,157.27,-11.28,4.72
2026-06-26T12:40:00.000,5.78,165.16,-5.59,1.48
2026-06-26T12:50:00.000,5.48,176.01,-5.47,0.38
2026-06-26T13:00:00.000,2.18,155.98,-1.99,0.89
2026-06-26T13:10:00.000,7.14,344.83,6.89,-1.87
2026-06-26T13:20:00.000,7.02,10.86,6.9,1.32
2026-06-26T13:30:00.000,7.41,23.22,6.81,2.92
2026-06-26T13:40:00.000,6.77,43.22,4.93,4.64
2026-06-26T13:50:00.000,8.04,64.1,3.51,7.24
2026-06-26T14:00:00.000,5.6,55.4,3.18,4.61
2026-06-26T14:10:00.000,5.3,55.79,2.98,4.38
2026-06-26T14:20:00.000,5.01,60.31,2.48,4.35
2026-06-26T14:30:00.000,9.29,48.01,6.22,6.91
2026-06-26T14:40:00.000,8.8,73.87,2.44,8.45
2026-06-26T14:50:00.000,8.45,102.9,-1.89,8.24
2026-06-26T15:00:00.000,3.6,147.17,-3.02,1.95
2026-06-26T15:10:00.000,3.61,286.95,1.05,-3.46
2026-06-26T15:20:00.000,6.42,356.06,6.4,-0.44
2026-06-26T15:30:00.000,3.82,348.13,3.74,-0.79
2026-06-26T15:40:00.000,5.86,328.55,5,-3.06
2026-06-26T15:50:00.000,6.85,17.41,6.53,2.05
2026-06-26T16:00:00.000,6.6,50.29,4.22,5.08
2026-06-26T16:10:00.000,6.94,46.26,4.8,5.02
2026-06-26T16:20:00.000,13.54,47.33,9.18,9.96
2026-06-26T16:30:00.000,17.19,43.93,12.38,11.93
2026-06-26T16:40:00.000,16.78,39.17,13.01,10.6
2026-06-26T16:50:00.000,21.32,12.04,20.85,4.45
2026-06-26T17:00:00.000,21.5,36.34,17.32,12.74
2026-06-26T17:10:00.000,17.65,35.58,14.36,10.27
2026-06-26T17:20:00.000,20.53,24.78,18.63,8.6
2026-06-26T17:30:00.000,18.91,23.92,17.29,7.67
2026-06-26T17:40:00.000,16.37,24.58,14.89,6.81
2026-06-26T17:50:00.000,15,26.29,13.45,6.64
2026-06-26T18:00:00.000,15.08,31.82,12.82,7.95
2026-06-26T18:10:00.000,13.03,41.88,9.7,8.7
2026-06-26T18:20:00.000,9.67,42.36,7.14,6.51
2026-06-26T18:30:00.000,8.8,25.64,7.94,3.81
2026-06-26T18:40:00.000,4.62,49.03,3.03,3.49
2026-06-26T18:50:00.000,2.01,55.01,1.15,1.65
2026-06-26T19:00:00.000,2.62,162.45,-2.5,0.79
2026-06-26T19:10:00.000,5.99,183.16,-5.98,-0.33
2026-06-26T19:20:00.000,13.23,215.52,-10.77,-7.69
2026-06-26T19:30:00.000,10.95,212.42,-9.24,-5.87
2026-06-26T19:40:00.000,5.12,223.6,-3.71,-3.53
2026-06-26T19:50:00.000,5.54,201.01,-5.17,-1.99
2026-06-26T20:00:00.000,7.38,248.63,-2.69,-6.87
2026-06-26T20:10:00.000,2.85,250.48,-0.95,-2.69
2026-06-26T20:20:00.000,6.18,220.65,-4.69,-4.02
2026-06-26T20:30:00.000,6.74,221.11,-5.08,-4.43
2026-06-26T20:40:00.000,10.54,214.37,-8.7,-5.95
2026-06-26T20:50:00.000,11.41,209.92,-9.89,-5.69
2026-06-26T21:00:00.000,15.83,209.85,-13.73,-7.88
2026-06-26T21:10:00.000,19.74,206.11,-17.72,-8.69
2026-06-26T21:20:00.000,21.69,207.36,-19.27,-9.97
2026-06-26T21:30:00.000,22.04,203.41,-20.22,-8.76
2026-06-26T21:40:00.000,30.78,202.03,-28.53,-11.54
2026-06-26T21:50:00.000,29.33,200.32,-27.5,-10.18
2026-06-26T22:00:00.000,28.15,201.97,-26.1,-10.53
2026-06-26T22:10:00.000,28.06,204.23,-25.59,-11.52
2026-06-26T22:20:00.000,22.06,197.63,-21.03,-6.68
2026-06-26T22:30:00.000,23.46,199.59,-22.1,-7.87
2026-06-26T22:40:00.000,17.32,195.45,-16.7,-4.62
2026-06-26T22:50:00.000,16.04,191.77,-15.71,-3.27
2026-06-26T23:00:00.000,15.5,189.95,-15.26,-2.68
2026-06-26T23:10:00.000,11.42,175.25,-11.38,0.95
2026-06-26T23:20:00.000,13.5,198.05,-12.83,-4.18
2026-06-26T23:30:00.000,4.92,223.62,-3.56,-3.39
2026-06-26T23:40:00.000,2.5,272.25,0.1,-2.5
2026-06-26T23:50:00.000,2.2,266.74,-0.12,-2.19
2026-06-27T00:00:00.000,0.08,95.92,-0.01,0.08
2026-06-27T00:10:00.000,2.41,80.94,0.38,2.38
2026-06-27T00:20:00.000,4.62,132.95,-3.14,3.38
2026-06-27T00:30:00.000,2.84,152.93,-2.53,1.29
2026-06-27T00:40:00.000,4.67,161.22,-4.42,1.5
2026-06-27T00:50:00.000,4.59,160.36,-4.32,1.54
2026-06-27T01:00:00.000,12.9,200.33,-12.09,-4.48
2026-06-27T01:10:00.000,10.7,208.43,-9.41,-5.1
2026-06-27T01:20:00.000,12.44,200.34,-11.66,-4.32
2026-06-27T01:30:00.000,14.07,193.92,-13.65,-3.38
2026-06-27T01:40:00.000,17.42,188.73,-17.22,-2.64
2026-06-27T01:50:00.000,17.57,192.42,-17.16,-3.78
2026-06-27T02:00:00.000,16.98,193.17,-16.53,-3.87
2026-06-27T02:10:00.000,20.12,185.02,-20.05,-1.76
2026-06-27T02:20:00.000,13.94,173.16,-13.84,1.66
2026-06-27T02:30:00.000,10.79,158.56,-10.04,3.94
2026-06-27T02:40:00.000,6.82,167.57,-6.66,1.47
2026-06-27T02:50:00.000,2.92,74.29,0.79,2.81
2026-06-27T03:00:00.000,5.43,71.08,1.76,5.13
2026-06-27T03:10:00.000,5.52,59.35,2.81,4.75
2026-06-27T03:20:00.000,5.11,48.16,3.41,3.81
2026-06-27T03:30:00.000,5.17,36.46,4.16,3.07
2026-06-27T03:40:00.000,5.69,47.39,3.85,4.19
2026-06-27T03:50:00.000,7.08,32.58,5.96,3.81
2026-06-27T04:00:00.000,7.88,39.7,6.06,5.03
2026-06-27T04:10:00.000,8.78,37.45,6.97,5.34
2026-06-27T04:20:00.000,8.53,30.47,7.35,4.32
2026-06-27T04:30:00.000,13.72,38.26,10.77,8.49
2026-06-27T04:40:00.000,12.24,22.01,11.34,4.59
2026-06-27T04:50:00.000,14.05,18.22,13.34,4.39
2026-06-27T05:00:00.000,7.21,29.41,6.28,3.54
2026-06-27T05:10:00.000,6.65,42.55,4.9,4.5
2026-06-27T05:20:00.000,8.37,2.85,8.36,0.42
2026-06-27T05:30:00.000,15.86,21.45,14.76,5.8
2026-06-27T05:40:00.000,13.26,39.66,10.21,8.46
2026-06-27T05:50:00.000,16.6,38.47,13,10.33
2026-06-27T06:00:00.000,16.51,41.78,12.31,11
2026-06-27T06:10:00.000,18.12,21.68,16.84,6.7
2026-06-27T06:20:00.000,16.91,24.64,15.37,7.05
2026-06-27T06:30:00.000,17.06,41.15,12.85,11.23
2026-06-27T06:40:00.000,17.62,33.7,14.66,9.78
2026-06-27T06:50:00.000,17.52,41.76,13.07,11.67
2026-06-27T07:00:00.000,15.34,46.5,10.56,11.13
2026-06-27T07:10:00.000,15.04,41.83,11.21,10.03
2026-06-27T07:20:00.000,10.42,21.01,9.73,3.74
2026-06-27T07:30:00.000,8.94,23.39,8.21,3.55
2026-06-27T07:40:00.000,10.98,14.78,10.62,2.8
2026-06-27T07:50:00.000,11.8,14.83,11.4,3.02
2026-06-27T08:00:00.000,12.42,41.96,9.24,8.31
2026-06-27T08:10:00.000,12.57,59.76,6.33,10.86
2026-06-27T08:20:00.000,12.73,92.26,-0.5,12.72
2026-06-27T08:30:00.000,12.33,90.09,-0.02,12.33
2026-06-27T08:40:00.000,9.36,91.97,-0.32,9.36
2026-06-27T08:50:00.000,4.59,54.68,2.65,3.74
2026-06-27T09:00:00.000,6.59,16.73,6.31,1.9
2026-06-27T09:10:00.000,4.24,349.45,4.17,-0.78
2026-06-27T09:20:00.000,3.65,349.32,3.58,-0.68
2026-06-27T09:30:00.000,4.36,339.86,4.09,-1.5
2026-06-27T09:40:00.000,2.09,343.53,2.01,-0.59
2026-06-27T09:50:00.000,0.42,343.99,0.41,-0.12
2026-06-27T10:00:00.000,0.12,358.74,0.12,0
2026-06-27T10:10:00.000,0.12,38.68,0.1,0.08
2026-06-27T10:20:00.000,3.69,133.28,-2.53,2.69
2026-06-27T10:30:00.000,5.82,192.05,-5.69,-1.21
2026-06-27T10:40:00.000,6.76,176.12,-6.75,0.46
2026-06-27T10:50:00.000,4.59,180.58,-4.59,-0.05
2026-06-27T11:00:00.000,4.09,181.38,-4.09,-0.1
2026-06-27T11:10:00.000,1.21,234.81,-0.7,-0.99
2026-06-27T11:20:00.000,0.11,198.46,-0.1,-0.03
2026-06-27T11:30:00.000,0.33,283.9,0.08,-0.32
2026-06-27T11:40:00.000,1.14,345.55,1.11,-0.28
2026-06-27T11:50:00.000,3.87,323.11,3.1,-2.32
2026-06-27T12:00:00.000,3.79,347.71,3.7,-0.81
2026-06-27T12:10:00.000,2.84,8.28,2.81,0.41
2026-06-27T12:20:00.000,1.05,5.04,1.04,0.09
2026-06-27T12:30:00.000,2.09,102.55,-0.45,2.04
2026-06-27T12:40:00.000,3.99,112.91,-1.56,3.68
2026-06-27T12:50:00.000,4.82,153.35,-4.31,2.16
2026-06-27T13:00:00.000,4.47,177.94,-4.46,0.16
2026-06-27T13:10:00.000,5.42,191.15,-5.32,-1.05
2026-06-27T13:20:00.000,6.26,187.18,-6.21,-0.78
2026-06-27T13:30:00.000,5.58,175.85,-5.57,0.4
2026-06-27T13:40:00.000,4.42,174.07,-4.4,0.46
2026-06-27T13:50:00.000,1.38,193.24,-1.34,-0.32
2026-06-27T14:00:00.000,0.14,127.08,-0.09,0.11
2026-06-27T14:10:00.000,1.83,23.7,1.67,0.73
2026-06-27T14:20:00.000,6.07,23.96,5.55,2.47
2026-06-27T14:30:00.000,9.74,54.94,5.59,7.97
2026-06-27T14:40:00.000,6.91,22.93,6.36,2.69
2026-06-27T14:50:00.000,12.1,20.99,11.3,4.34
2026-06-27T15:00:00.000,16.07,34.14,13.3,9.02
2026-06-27T15:10:00.000,18.93,49.28,12.35,14.35
2026-06-27T15:20:00.000,17.87,68.5,6.55,16.63
2026-06-27T15:30:00.000,12.95,70.61,4.3,12.21
2026-06-27T15:40:00.000,8.12,59.64,4.1,7.01
2026-06-27T15:50:00.000,7.88,65.8,3.23,7.19
2026-06-27T16:00:00.000,3.1,63.06,1.4,2.76
2026-06-27T16:10:00.000,0.91,117.02,-0.41,0.81
2026-06-27T16:20:00.000,1.44,185.57,-1.44,-0.14
2026-06-27T16:30:00.000,2,300.71,1.02,-1.72
2026-06-27T16:40:00.000,4.18,6.29,4.16,0.46
2026-06-27T16:50:00.000,7.45,14.83,7.2,1.91
2026-06-27T17:00:00.000,10.06,39.62,7.75,6.41
2026-06-27T17:10:00.000,8.64,71.41,2.76,8.19
2026-06-27T17:20:00.000,4.87,74.51,1.3,4.7
2026-06-27T17:30:00.000,8.25,3.38,8.24,0.49
2026-06-27T17:40:00.000,13.4,7.6,13.28,1.77
2026-06-27T17:50:00.000,14.53,30.06,12.58,7.28
2026-06-27T18:00:00.000,16.66,19.94,15.67,5.68
2026-06-27T18:10:00.000,19.31,24.88,17.52,8.13
2026-06-27T18:20:00.000,18.88,35.78,15.32,11.04
2026-06-27T18:30:00.000,18.81,19.02,17.78,6.13
2026-06-27T18:40:00.000,18.92,25.3,17.1,8.09
2026-06-27T18:50:00.000,18.57,32.78,15.61,10.05
2026-06-27T19:00:00.000,17.37,42.83,12.74,11.81
2026-06-27T19:10:00.000,20.75,50.87,13.1,16.1
2026-06-27T19:20:00.000,21.46,59.96,10.74,18.58
2026-06-27T19:30:00.000,19.49,65.76,8,17.77
2026-06-27T19:40:00.000,18.18,73.49,5.17,17.43
2026-06-27T19:50:00.000,8.59,76.97,1.94,8.37
2026-06-27T20:00:00.000,6.57,62.42,3.04,5.82
2026-06-27T20:10:00.000,5.31,28.8,4.65,2.56
2026-06-27T20:20:00.000,0.26,231.1,-0.17,-0.2
2026-06-27T20:30:00.000,3.43,327.28,2.88,-1.85
2026-06-27T20:40:00.000,6.48,142.54,-5.15,3.94
2026-06-27T20:50:00.000,2.85,157.97,-2.64,1.07
2026-06-27T21:00:00.000,10.02,198.27,-9.51,-3.14
2026-06-27T21:10:00.000,11.99,199.81,-11.28,-4.06
2026-06-27T21:20:00.000,18.18,199.87,-17.1,-6.18
2026-06-27T21:30:00.000,17.21,208.81,-15.08,-8.3
2026-06-27T21:40:00.000,15.35,208.11,-13.54,-7.23
2026-06-27T21:50:00.000,17.39,200.91,-16.25,-6.21
2026-06-27T22:00:00.000,16.57,224.27,-11.87,-11.57
2026-06-27T22:10:00.000,12.68,233.68,-7.51,-10.22
2026-06-27T22:20:00.000,15.95,225.95,-11.09,-11.47
2026-06-27T22:30:00.000,17.01,223.61,-12.31,-11.73
2026-06-27T22:40:00.000,17.13,221.76,-12.78,-11.41
2026-06-27T22:50:00.000,10.35,236.5,-5.71,-8.63
2026-06-27T23:00:00.000,11.27,220.75,-8.54,-7.36
2026-06-27T23:10:00.000,13.75,196.49,-13.18,-3.9
2026-06-27T23:20:00.000,13.8,195.2,-13.32,-3.62
2026-06-27T23:30:00.000,13.07,193.77,-12.7,-3.11
2026-06-27T23:40:00.000,11.13,204.42,-10.13,-4.6
2026-06-27T23:50:00.000,12.01,201.07,-11.21,-4.32
2026-06-28T00:00:00.000,14.19,202.34,-13.12,-5.39
2026-06-28T00:10:00.000,12.88,197.68,-12.28,-3.91
2026-06-28T00:20:00.000,14.14,196.55,-13.55,-4.03
2026-06-28T00:30:00.000,14.5,194.38,-14.05,-3.6
2026-06-28T00:40:00.000,19.24,189.86,-18.96,-3.29
2026-06-28T00:50:00.000,20.88,191.84,-20.43,-4.28
2026-06-28T01:00:00.000,20.3,193.84,-19.71,-4.86
2026-06-28T01:10:00.000,28.91,191.24,-28.36,-5.64
2026-06-28T01:20:00.000,36.02,186.89,-35.76,-4.32
2026-06-28T01:30:00.000,43.88,189.01,-43.34,-6.87
2026-06-28T01:40:00.000,35.64,189.94,-35.1,-6.15
2026-06-28T01:50:00.000,32.55,189.32,-32.12,-5.27
2026-06-28T02:00:00.000,31.79,182.76,-31.75,-1.53
2026-06-28T02:10:00.000,23.32,183.41,-23.28,-1.39
2026-06-28T02:20:00.000,22.32,198.9,-21.11,-7.23
2026-06-28T02:30:00.000,20.7,192.65,-20.2,-4.53
2026-06-28T02:40:00.000,5.76,336.28,5.27,-2.32
2026-06-28T02:50:00.000,8,55.67,4.51,6.61
2026-06-28T03:00:00.000,1.65,159.54,-1.55,0.58
2026-06-28T03:10:00.000,0.41,194.88,-0.4,-0.11
2026-06-28T03:20:00.000,20.63,69.73,7.15,19.35
2026-06-28T03:30:00.000,28.08,70.26,9.48,26.43
2026-06-28T03:40:00.000,21.47,76.46,5.03,20.87
2026-06-28T03:50:00.000,7.45,103.91,-1.79,7.23
2026-06-28T04:00:00.000,0.79,7.4,0.78,0.1
2026-06-28T04:10:00.000,3.75,355.97,3.74,-0.26
2026-06-28T04:20:00.000,4.47,331.71,3.93,-2.12
2026-06-28T04:30:00.000,7.6,34.51,6.26,4.3
2026-06-28T04:40:00.000,6.69,74.22,1.82,6.43
2026-06-28T04:50:00.000,10.89,81.75,1.56,10.78
2026-06-28T05:00:00.000,7.86,35.88,6.37,4.61
2026-06-28T05:10:00.000,11.37,25.19,10.29,4.84
2026-06-28T05:20:00.000,14.6,10.14,14.37,2.57
2026-06-28T05:30:00.000,4.05,346.9,3.94,-0.92
2026-06-28T05:40:00.000,6.19,331.01,5.41,-3
2026-06-28T05:50:00.000,8.26,9.8,8.14,1.41
2026-06-28T06:00:00.000,11.03,21.14,10.29,3.98
2026-06-28T06:10:00.000,17.87,17.9,17,5.49
2026-06-28T06:20:00.000,18.55,17.14,17.73,5.47
2026-06-28T06:30:00.000,20.71,19.31,19.55,6.85
2026-06-28T06:40:00.000,18.69,11.48,18.31,3.72
2026-06-28T06:50:00.000,19.02,22.16,17.62,7.17
2026-06-28T07:00:00.000,15.4,38.14,12.11,9.51
2026-06-28T07:10:00.000,9.46,47.36,6.41,6.96
2026-06-28T07:20:00.000,13.35,61.84,6.3,11.77
2026-06-28T07:30:00.000,16.16,68.63,5.89,15.05
2026-06-28T07:40:00.000,17.49,78.06,3.62,17.11
2026-06-28T07:50:00.000,8.95,63.19,4.04,7.99
2026-06-28T08:00:00.000,6.64,74.14,1.81,6.38
2026-06-28T08:10:00.000,4.68,40.76,3.55,3.06
2026-06-28T08:20:00.000,3.99,10.89,3.92,0.75
2026-06-28T08:30:00.000,4.13,6.51,4.1,0.47
2026-06-28T08:40:00.000,2.58,304.41,1.46,-2.13
2026-06-28T08:50:00.000,7.36,200.8,-6.88,-2.61
2026-06-28T09:00:00.000,6.19,171.92,-6.12,0.87
2026-06-28T09:10:00.000,0.65,175.39,-0.65,0.05
2026-06-28T09:20:00.000,0.12,202.71,-0.11,-0.05
2026-06-28T09:30:00.000,1.25,10.7,1.23,0.23
2026-06-28T09:40:00.000,0.95,355.4,0.95,-0.08
2026-06-28T09:50:00.000,3.64,339.37,3.4,-1.28
2026-06-28T10:00:00.000,3.98,326.02,3.3,-2.22
2026-06-28T10:10:00.000,1.58,316.94,1.15,-1.08
2026-06-28T10:20:00.000,0.99,266.04,-0.07,-0.99
2026-06-28T10:30:00.000,0.26,213.55,-0.22,-0.15
2026-06-28T10:40:00.000,1.58,148.06,-1.34,0.84
2026-06-28T10:50:00.000,4.22,132.48,-2.85,3.12
2026-06-28T11:00:00.000,10.92,151.17,-9.57,5.27
2026-06-28T11:10:00.000,13.52,176.18,-13.49,0.9
2026-06-28T11:20:00.000,11.67,207.09,-10.39,-5.31
2026-06-28T11:30:00.000,16.11,205.18,-14.58,-6.85
2026-06-28T11:40:00.000,10.44,194.57,-10.1,-2.63
2026-06-28T11:50:00.000,6.1,192.86,-5.95,-1.36
2026-06-28T12:00:00.000,6.05,184.4,-6.04,-0.46
2026-06-28T12:10:00.000,3.24,159.78,-3.04,1.12
2026-06-28T12:20:00.000,0.97,121.3,-0.51,0.83
2026-06-28T12:30:00.000,2.43,131.32,-1.6,1.82
2026-06-28T12:40:00.000,4.35,184.52,-4.33,-0.34
2026-06-28T12:50:00.000,9.65,191.72,-9.45,-1.96
2026-06-28T13:00:00.000,6.93,205.37,-6.26,-2.97
2026-06-28T13:10:00.000,5.31,211.74,-4.52,-2.79
2026-06-28T13:20:00.000,5.46,202.64,-5.04,-2.1
2026-06-28T13:30:00.000,6.57,189.85,-6.47,-1.12
2026-06-28T13:40:00.000,17.34,184.14,-17.3,-1.25
2026-06-28T13:50:00.000,16.07,188.2,-15.9,-2.29
2026-06-28T14:00:00.000,22.39,187.56,-22.19,-2.95
2026-06-28T14:10:00.000,17.36,169.67,-17.07,3.11
2026-06-28T14:20:00.000,3.22,172.3,-3.19,0.43
2026-06-28T14:30:00.000,3.5,256.12,-0.84,-3.39
2026-06-28T14:40:00.000,9.18,332.25,8.13,-4.28
2026-06-28T14:50:00.000,7.85,340.69,7.41,-2.6
2026-06-28T15:00:00.000,13.56,8.8,13.4,2.08
2026-06-28T15:10:00.000,13.99,20.56,13.1,4.91
2026-06-28T15:20:00.000,9.23,34.18,7.64,5.19
2026-06-28T15:30:00.000,8.15,48.55,5.4,6.11
2026-06-28T15:40:00.000,6.2,60.34,3.07,5.39
2026-06-28T15:50:00.000,5,44.82,3.54,3.52
2026-06-28T16:00:00.000,4.93,44.89,3.49,3.48
2026-06-28T16:10:00.000,9.06,52.45,5.52,7.18
2026-06-28T16:20:00.000,8.79,87.11,0.44,8.78
2026-06-28T16:30:00.000,9.47,168.46,-9.28,1.9
2026-06-28T16:40:00.000,14.49,174.74,-14.43,1.33
2026-06-28T16:50:00.000,14.32,194.2,-13.88,-3.51
2026-06-28T17:00:00.000,6.07,334.12,5.46,-2.65
2026-06-28T17:10:00.000,6.15,277.86,0.84,-6.09
2026-06-28T17:20:00.000,11.57,354.67,11.52,-1.07
2026-06-28T17:30:00.000,7.28,79.94,1.27,7.17
2026-06-28T17:40:00.000,14,63.54,6.24,12.53
2026-06-28T17:50:00.000,17.19,75.76,4.23,16.66
2026-06-28T18:00:00.000,5.2,99.49,-0.86,5.12
2026-06-28T18:10:00.000,13.75,29.97,11.91,6.87
2026-06-28T18:20:00.000,16.2,40.59,12.3,10.54
2026-06-28T18:30:00.000,12.27,38.35,9.62,7.61
2026-06-28T18:40:00.000,15.85,33.73,13.18,8.8
2026-06-28T18:50:00.000,5.6,44.03,4.03,3.89
2026-06-28T19:00:00.000,16.75,26.07,15.05,7.36
2026-06-28T19:10:00.000,17.17,22.44,15.87,6.56
2026-06-28T19:20:00.000,16.95,24.16,15.46,6.94
2026-06-28T19:30:00.000,18.16,16.4,17.42,5.13
2026-06-28T19:40:00.000,16.62,25,15.07,7.03
2026-06-28T19:50:00.000,18.61,18.11,17.68,5.78
2026-06-28T20:00:00.000,9.92,36.19,8.01,5.86
2026-06-28T20:10:00.000,13.41,51.2,8.4,10.45
2026-06-28T20:20:00.000,13.41,58.7,6.96,11.45
2026-06-28T20:30:00.000,12.63,64.77,5.38,11.43
2026-06-28T20:40:00.000,14.67,81.96,2.05,14.53
2026-06-28T20:50:00.000,5.59,49.46,3.64,4.25
2026-06-28T21:00:00.000,8.59,8.18,8.51,1.22
2026-06-28T21:10:00.000,2.16,11.89,2.11,0.44
2026-06-28T21:20:00.000,3.54,232.12,-2.18,-2.8
2026-06-28T21:30:00.000,23.16,216.4,-18.64,-13.74
2026-06-28T21:40:00.000,15.85,194.73,-15.33,-4.03
2026-06-28T21:50:00.000,17.61,190.17,-17.33,-3.11
2026-06-28T22:00:00.000,19.57,199.1,-18.5,-6.4
2026-06-28T22:10:00.000,15.34,213.71,-12.76,-8.51
2026-06-28T22:20:00.000,16.45,203.5,-15.08,-6.56
2026-06-28T22:30:00.000,20.28,202.5,-18.74,-7.76
2026-06-28T22:40:00.000,19.08,193.12,-18.58,-4.33
2026-06-28T22:50:00.000,25.04,187.46,-24.82,-3.25
2026-06-28T23:00:00.000,21.96,186.75,-21.81,-2.58
2026-06-28T23:10:00.000,17.43,189.87,-17.17,-2.99
2026-06-28T23:20:00.000,14.77,185.88,-14.7,-1.51
2026-06-28T23:30:00.000,14.11,192.15,-13.79,-2.97
2026-06-28T23:40:00.000,17.24,205.36,-15.58,-7.38
2026-06-28T23:50:00.000,17.84,202.11,-16.53,-6.71
2026-06-29T00:00:00.000,22.17,193.52,-21.56,-5.18
2026-06-29T00:10:00.000,16.07,193.02,-15.65,-3.62
2026-06-29T00:20:00.000,15.72,196.58,-15.06,-4.48
2026-06-29T00:30:00.000,14.38,193.81,-13.96,-3.43
2026-06-29T00:40:00.000,10.68,186.65,-10.61,-1.24
2026-06-29T00:50:00.000,5.62,174.39,-5.6,0.55
2026-06-29T01:00:00.000,9.27,178.7,-9.27,0.21
2026-06-29T01:10:00.000,11.32,185.09,-11.28,-1.01
2026-06-29T01:20:00.000,13.66,178.46,-13.65,0.37
2026-06-29T01:30:00.000,21.1,193.07,-20.56,-4.77
2026-06-29T01:40:00.000,22.24,187.76,-22.03,-3
2026-06-29T01:50:00.000,23.89,194.82,-23.09,-6.11
2026-06-29T02:00:00.000,20.83,206.54,-18.63,-9.31
2026-06-29T02:10:00.000,17.8,204.69,-16.17,-7.43
2026-06-29T02:20:00.000,17.61,191.89,-17.23,-3.63
2026-06-29T02:30:00.000,17.6,191.8,-17.23,-3.6
2026-06-29T02:40:00.000,10.01,183.68,-9.99,-0.64
2026-06-29T02:50:00.000,2.7,110.42,-0.94,2.53
2026-06-29T03:00:00.000,4.63,60.1,2.31,4.02
2026-06-29T03:10:00.000,10.24,82.55,1.33,10.16
2026-06-29T03:20:00.000,9.17,48.61,6.06,6.88
2026-06-29T03:30:00.000,13.21,50.79,8.35,10.24
2026-06-29T03:40:00.000,12.29,45.29,8.65,8.73
2026-06-29T03:50:00.000,13.13,62.58,6.05,11.65
2026-06-29T04:00:00.000,14.56,76.76,3.33,14.17
2026-06-29T04:10:00.000,11.78,117.81,-5.5,10.42
2026-06-29T04:20:00.000,5.22,120.48,-2.65,4.5
2026-06-29T04:30:00.000,6.04,157.18,-5.56,2.34
2026-06-29T04:40:00.000,2,211.13,-1.71,-1.03
2026-06-29T04:50:00.000,0.5,328.97,0.43,-0.26
2026-06-29T05:00:00.000,3.18,39.99,2.44,2.04
2026-06-29T05:10:00.000,8.43,6.54,8.38,0.96
2026-06-29T05:20:00.000,16.81,23.96,15.36,6.83
2026-06-29T05:30:00.000,19.94,29.79,17.31,9.91
2026-06-29T05:40:00.000,19.58,24.54,17.82,8.13
2026-06-29T05:50:00.000,20.21,19.4,19.07,6.71
2026-06-29T06:00:00.000,23.96,15.21,23.12,6.29
2026-06-29T06:10:00.000,26.15,22.47,24.17,9.99
2026-06-29T06:20:00.000,29.06,21.87,26.96,10.82
2026-06-29T06:30:00.000,30.14,19.25,28.45,9.94
2026-06-29T06:40:00.000,27.77,26.87,24.78,12.55
2026-06-29T06:50:00.000,24.4,30.81,20.96,12.5
2026-06-29T07:00:00.000,23.58,32.59,19.86,12.7
2026-06-29T07:10:00.000,23.62,30.86,20.28,12.12
2026-06-29T07:20:00.000,17.71,39.32,13.7,11.22
2026-06-29T07:30:00.000,17.81,35.76,14.45,10.41
2026-06-29T07:40:00.000,16.55,36.82,13.25,9.92
2026-06-29T07:50:00.000,18.46,37.12,14.72,11.14
2026-06-29T08:00:00.000,19.38,41.74,14.46,12.91
2026-06-29T08:10:00.000,20.29,54.72,11.72,16.56
2026-06-29T08:20:00.000,22.2,55.29,12.64,18.24
2026-06-29T08:30:00.000,20.04,53.32,11.97,16.07
2026-06-29T08:40:00.000,16.99,66.73,6.71,15.6
2026-06-29T08:50:00.000,16.34,72.72,4.85,15.6
2026-06-29T09:00:00.000,8.22,70.74,2.71,7.76
2026-06-29T09:10:00.000,3.67,340.5,3.46,-1.23
2026-06-29T09:20:00.000,0.66,280.14,0.12,-0.65
2026-06-29T09:30:00.000,1.17,119.12,-0.57,1.02
2026-06-29T09:40:00.000,0.55,39.31,0.42,0.35
2026-06-29T09:50:00.000,6.46,181.28,-6.46,-0.14
2026-06-29T10:00:00.000,14.22,177.81,-14.21,0.54
2026-06-29T10:10:00.000,13.97,174.6,-13.91,1.31
2026-06-29T10:20:00.000,12.34,173.42,-12.26,1.41
2026-06-29T10:30:00.000,9.52,161.02,-9,3.1
2026-06-29T10:40:00.000,12.33,174.59,-12.27,1.16
2026-06-29T10:50:00.000,19.48,188.32,-19.28,-2.82
2026-06-29T11:00:00.000,21.89,181.14,-21.88,-0.43
2026-06-29T11:10:00.000,25.67,187.61,-25.44,-3.4
2026-06-29T11:20:00.000,22.16,188.92,-21.89,-3.44
2026-06-29T11:30:00.000,18.07,189.17,-17.84,-2.88
2026-06-29T11:40:00.000,19.2,191.85,-18.79,-3.94
2026-06-29T11:50:00.000,17.97,178.98,-17.97,0.32
2026-06-29T12:00:00.000,13.9,187.17,-13.79,-1.74
2026-06-29T12:10:00.000,15.87,190.08,-15.62,-2.78
2026-06-29T12:20:00.000,14.87,181.82,-14.86,-0.47
2026-06-29T12:30:00.000,16.25,196.57,-15.57,-4.63
2026-06-29T12:40:00.000,13.74,191.9,-13.44,-2.83
2026-06-29T12:50:00.000,7.36,155.3,-6.68,3.07
2026-06-29T13:00:00.000,4.38,178.64,-4.38,0.1
2026-06-29T13:10:00.000,2.59,226.94,-1.77,-1.89
2026-06-29T13:20:00.000,0.07,261.58,-0.01,-0.07
2026-06-29T13:30:00.000,0.34,93.6,-0.02,0.34
2026-06-29T13:40:00.000,5.52,162.19,-5.26,1.69
2026-06-29T13:50:00.000,7.74,165.84,-7.51,1.89
2026-06-29T14:00:00.000,6.94,186.63,-6.89,-0.8
2026-06-29T14:10:00.000,3.74,197.36,-3.57,-1.11
2026-06-29T14:20:00.000,0.26,240.99,-0.13,-0.23
2026-06-29T14:30:00.000,1.07,352.4,1.06,-0.14
2026-06-29T14:40:00.000,9.8,354.6,9.76,-0.92
2026-06-29T14:50:00.000,9.19,8.81,9.08,1.41
2026-06-29T15:00:00.000,5.67,14.73,5.49,1.44
2026-06-29T15:10:00.000,6.67,20.34,6.25,2.32
2026-06-29T15:20:00.000,14.89,36.33,11.99,8.82
2026-06-29T15:30:00.000,9.01,46.44,6.21,6.53
2026-06-29T15:40:00.000,6.2,46.92,4.23,4.53
2026-06-29T15:50:00.000,7.55,23.88,6.91,3.06
2026-06-29T16:00:00.000,13.58,30.44,11.71,6.88
2026-06-29T16:10:00.000,8.71,10.21,8.57,1.54
2026-06-29T16:20:00.000,8.19,3.83,8.18,0.55
2026-06-29T16:30:00.000,6.04,10.78,5.94,1.13
2026-06-29T16:40:00.000,4.54,6.9,4.51,0.55
2026-06-29T16:50:00.000,4.81,1,4.8,0.08
2026-06-29T17:00:00.000,3.91,45.55,2.74,2.79
2026-06-29T17:10:00.000,8.57,97.07,-1.06,8.51
2026-06-29T17:20:00.000,4.61,173.82,-4.59,0.5
2026-06-29T17:30:00.000,4.35,148.01,-3.69,2.3
2026-06-29T17:40:00.000,6.66,25.45,6.02,2.86
2026-06-29T17:50:00.000,0.23,358.08,0.23,-0.01
2026-06-29T18:00:00.000,1.71,155.42,-1.56,0.71
2026-06-29T18:10:00.000,7.03,345.65,6.81,-1.74
2026-06-29T18:20:00.000,4.49,32.02,3.81,2.38
2026-06-29T18:30:00.000,10.98,14.32,10.63,2.71
2026-06-29T18:40:00.000,13.39,16.85,12.82,3.88
2026-06-29T18:50:00.000,14.38,36.03,11.63,8.46
2026-06-29T19:00:00.000,11.1,69.14,3.95,10.37
2026-06-29T19:10:00.000,13.56,16.8,12.98,3.92
2026-06-29T19:20:00.000,13.16,22.27,12.18,4.99
2026-06-29T19:30:00.000,13.95,8.45,13.79,2.05
2026-06-29T19:40:00.000,10.73,8.17,10.62,1.53
2026-06-29T19:50:00.000,9.51,359.07,9.51,-0.15
2026-06-29T20:00:00.000,4.36,31.91,3.7,2.3
2026-06-29T20:10:00.000,1.98,67.37,0.76,1.83
2026-06-29T20:20:00.000,0.33,44.11,0.24,0.23
2026-06-29T20:30:00.000,1.84,297.39,0.85,-1.64
2026-06-29T20:40:00.000,0.12,4.32,0.12,0.01
2026-06-29T20:50:00.000,4.11,133.4,-2.82,2.99
2026-06-29T21:00:00.000,16.4,189.23,-16.18,-2.63
2026-06-29T21:10:00.000,14.73,211.66,-12.54,-7.73
2026-06-29T21:20:00.000,17.55,193.32,-17.08,-4.04
2026-06-29T21:30:00.000,17.87,199.94,-16.8,-6.09
2026-06-29T21:40:00.000,17.66,192.52,-17.24,-3.83
2026-06-29T21:50:00.000,19.87,181.31,-19.87,-0.45
2026-06-29T22:00:00.000,14.72,180.67,-14.72,-0.17
2026-06-29T22:10:00.000,14.4,188.96,-14.22,-2.24
2026-06-29T22:20:00.000,14.53,180.84,-14.53,-0.21
2026-06-29T22:30:00.000,15.64,179.12,-15.63,0.24
2026-06-29T22:40:00.000,18.7,184.5,-18.64,-1.47
2026-06-29T22:50:00.000,17.88,193.17,-17.41,-4.07
2026-06-29T23:00:00.000,15.3,193.25,-14.9,-3.51
2026-06-29T23:10:00.000,19.31,187.64,-19.14,-2.57
2026-06-29T23:20:00.000,16.71,186.54,-16.6,-1.9
2026-06-29T23:30:00.000,16.68,183.53,-16.65,-1.03
2026-06-29T23:40:00.000,9.41,192.95,-9.17,-2.11
2026-06-29T23:50:00.000,8.33,203.76,-7.62,-3.36
2026-06-30T00:00:00.000,8.86,186.5,-8.8,-1
2026-06-30T00:10:00.000,8.82,175.29,-8.79,0.72
2026-06-30T00:20:00.000,7.21,172.83,-7.15,0.9
2026-06-30T00:30:00.000,7.03,152.57,-6.24,3.24
2026-06-30T00:40:00.000,5.09,156.61,-4.67,2.02
2026-06-30T00:50:00.000,2.55,162.34,-2.43,0.77
2026-06-30T01:00:00.000,6.27,40.18,4.79,4.05
2026-06-30T01:10:00.000,7.55,60.53,3.71,6.57
2026-06-30T01:20:00.000,3.97,59.7,2,3.42
2026-06-30T01:30:00.000,3.64,98.56,-0.54,3.6
2026-06-30T01:40:00.000,4.38,215.81,-3.55,-2.56
2026-06-30T01:50:00.000,9.56,202.13,-8.86,-3.6
2026-06-30T02:00:00.000,10.44,187.68,-10.34,-1.39
2026-06-30T02:10:00.000,14.7,196.55,-14.09,-4.19
2026-06-30T02:20:00.000,15.56,203.76,-14.24,-6.27
2026-06-30T02:30:00.000,14.94,214.43,-12.33,-8.45
2026-06-30T02:40:00.000,12.92,214.9,-10.6,-7.4
2026-06-30T02:50:00.000,7.64,221.51,-5.72,-5.06
2026-06-30T03:00:00.000,5.05,227.43,-3.42,-3.72
2026-06-30T03:10:00.000,2.72,190.14,-2.68,-0.48
2026-06-30T03:20:00.000,5.17,109.87,-1.76,4.86
2026-06-30T03:30:00.000,7.93,91.15,-0.16,7.93
2026-06-30T03:40:00.000,9.31,69.2,3.31,8.7
2026-06-30T03:50:00.000,3.14,102.98,-0.7,3.06
2026-06-30T04:00:00.000,3.3,45.06,2.33,2.33
2026-06-30T04:10:00.000,5,42.19,3.71,3.36
2026-06-30T04:20:00.000,4.74,68.73,1.72,4.41
2026-06-30T04:30:00.000,4.99,51.34,3.12,3.9
2026-06-30T04:40:00.000,3.29,9.81,3.24,0.56
2026-06-30T04:50:00.000,5.04,17.57,4.8,1.52
2026-06-30T05:00:00.000,4.82,35.77,3.91,2.82
2026-06-30T05:10:00.000,4.53,43.69,3.27,3.13
2026-06-30T05:20:00.000,4.81,51.7,2.98,3.78
2026-06-30T05:30:00.000,8.47,51.67,5.25,6.65
2026-06-30T05:40:00.000,10.89,59.86,5.47,9.42
2026-06-30T05:50:00.000,12.43,57.39,6.7,10.47
2026-06-30T06:00:00.000,16.94,42.43,12.5,11.43
2026-06-30T06:10:00.000,19.01,29.68,16.52,9.41
2026-06-30T06:20:00.000,21.67,17.48,20.67,6.51
2026-06-30T06:30:00.000,19.48,20.82,18.21,6.92
2026-06-30T06:40:00.000,23.71,27.45,21.04,10.93
2026-06-30T06:50:00.000,23.07,41.69,17.23,15.34
2026-06-30T07:00:00.000,18.67,38.12,14.69,11.52
2026-06-30T07:10:00.000,16.82,58.33,8.83,14.31
2026-06-30T07:20:00.000,18.12,55.09,10.37,14.86
2026-06-30T07:30:00.000,16.89,61.32,8.1,14.81
2026-06-30T07:40:00.000,16.41,57.95,8.71,13.91
2026-06-30T07:50:00.000,16.27,30.74,13.98,8.32
2026-06-30T08:00:00.000,17.04,21.4,15.87,6.22
2026-06-30T08:10:00.000,18.07,30.15,15.63,9.08
2026-06-30T08:20:00.000,17.9,43.01,13.09,12.21
2026-06-30T08:30:00.000,16.85,44.49,12.02,11.81
2026-06-30T08:40:00.000,10.5,62.2,4.9,9.29
2026-06-30T08:50:00.000,7.68,57.29,4.15,6.46
2026-06-30T09:00:00.000,9,26.86,8.03,4.07
2026-06-30T09:10:00.000,11.45,17.93,10.9,3.53
2026-06-30T09:20:00.000,6.79,357.35,6.78,-0.31
2026-06-30T09:30:00.000,5.49,325.96,4.55,-3.07
2026-06-30T09:40:00.000,1.82,28.68,1.59,0.87
2026-06-30T09:50:00.000,0.25,113.96,-0.1,0.23
2026-06-30T10:00:00.000,2,125.05,-1.15,1.64
2026-06-30T10:10:00.000,0.51,98.5,-0.08,0.51
2026-06-30T10:20:00.000,2.01,55.24,1.14,1.65
2026-06-30T10:30:00.000,3.22,37.67,2.55,1.97
2026-06-30T10:40:00.000,1.8,38.07,1.42,1.11
2026-06-30T10:50:00.000,1.78,25.19,1.61,0.76
2026-06-30T11:00:00.000,2.17,10.61,2.13,0.4
2026-06-30T11:10:00.000,1.4,9.87,1.38,0.24
2026-06-30T11:20:00.000,2.66,341.57,2.52,-0.84
2026-06-30T11:30:00.000,0.86,338.78,0.81,-0.31
2026-06-30T11:40:00.000,0.9,66.72,0.36,0.83
2026-06-30T11:50:00.000,3.53,115.41,-1.51,3.19
2026-06-30T12:00:00.000,5.19,126.23,-3.07,4.19
2026-06-30T12:10:00.000,4.07,142.94,-3.25,2.45
2026-06-30T12:20:00.000,4.78,164.22,-4.6,1.3
2026-06-30T12:30:00.000,5.09,175.92,-5.07,0.36
2026-06-30T12:40:00.000,7.79,184.64,-7.76,-0.63
2026-06-30T12:50:00.000,8.83,187.23,-8.76,-1.11
2026-06-30T13:00:00.000,13.33,184.47,-13.29,-1.04
2026-06-30T13:10:00.000,13.33,178.45,-13.32,0.36
2026-06-30T13:20:00.000,18.13,181.73,-18.12,-0.55
2026-06-30T13:30:00.000,16.53,166.98,-16.11,3.72
2026-06-30T13:40:00.000,19.41,168.58,-19.03,3.84
2026-06-30T13:50:00.000,18.44,172.4,-18.27,2.44
2026-06-30T14:00:00.000,9.39,199.51,-8.85,-3.14
2026-06-30T14:10:00.000,25.92,200.21,-24.32,-8.95
2026-06-30T14:20:00.000,26.57,199.56,-25.04,-8.9
2026-06-30T14:30:00.000,23.4,194.03,-22.71,-5.68
2026-06-30T14:40:00.000,15.24,189.81,-15.02,-2.6
2026-06-30T14:50:00.000,4.2,141.06,-3.27,2.64
2026-06-30T15:00:00.000,2.45,145.94,-2.03,1.37
2026-06-30T15:10:00.000,15.23,65.16,6.39,13.82
2026-06-30T15:20:00.000,22.8,61.18,10.99,19.98
2026-06-30T15:30:00.000,22.96,52.98,13.83,18.33
2026-06-30T15:40:00.000,12.86,62.85,5.87,11.45
2026-06-30T15:50:00.000,8.67,21.24,8.08,3.14
2026-06-30T16:00:00.000,7.23,63.1,3.27,6.45
2026-06-30T16:10:00.000,4.83,52.37,2.95,3.83
2026-06-30T16:20:00.000,6.18,16.94,5.91,1.8
2026-06-30T16:30:00.000,8.16,15.5,7.86,2.18
2026-06-30T16:40:00.000,9.37,25.63,8.45,4.05
2026-06-30T16:50:00.000,8.71,32.32,7.36,4.66
2026-06-30T17:00:00.000,5.81,31.72,4.94,3.05
2026-06-30T17:10:00.000,5.31,55.63,3,4.38
2026-06-30T17:20:00.000,4.81,61.89,2.27,4.25
2026-06-30T17:30:00.000,2.99,31.95,2.53,1.58
2026-06-30T17:40:00.000,4.28,17.85,4.07,1.31
2026-06-30T17:50:00.000,3.5,24.91,3.17,1.47
2026-06-30T18:00:00.000,3.83,21.8,3.55,1.42
2026-06-30T18:10:00.000,5.71,16.96,5.47,1.67
2026-06-30T18:20:00.000,5.97,34.21,4.94,3.36
2026-06-30T18:30:00.000,5.51,66.49,2.2,5.05
2026-06-30T18:40:00.000,1.66,69.91,0.57,1.56
2026-06-30T18:50:00.000,2.6,76.75,0.6,2.53
2026-06-30T19:00:00.000,7.07,22.58,6.52,2.71
2026-06-30T19:10:00.000,5.2,55.74,2.93,4.3
2026-06-30T19:20:00.000,4.59,80.09,0.79,4.52
2026-06-30T19:30:00.000,9.67,355.38,9.64,-0.78
2026-06-30T19:40:00.000,7.9,22.78,7.28,3.06
2026-06-30T19:50:00.000,3.72,26.36,3.34,1.65
2026-06-30T20:00:00.000,8.94,13.11,8.71,2.03
2026-06-30T20:10:00.000,8.03,23.6,7.36,3.21
2026-06-30T20:20:00.000,6.73,26.17,6.04,2.97
2026-06-30T20:30:00.000,4.99,32.94,4.19,2.71
2026-06-30T20:40:00.000,4.99,28.88,4.37,2.41
2026-06-30T20:50:00.000,4.62,46.76,3.17,3.37
2026-06-30T21:00:00.000,4.62,97.46,-0.6,4.58
2026-06-30T21:10:00.000,1.61,98.35,-0.23,1.6
2026-06-30T21:20:00.000,3.1,158.8,-2.89,1.12
2026-06-30T21:30:00.000,2.18,180.08,-2.18,0
2026-06-30T21:40:00.000,2.28,213.12,-1.91,-1.25
2026-06-30T21:50:00.000,2.76,249.43,-0.97,-2.58
2026-06-30T22:00:00.000,3.23,286.45,0.91,-3.1
2026-06-30T22:10:00.000,11.06,220.29,-8.44,-7.15
2026-06-30T22:20:00.000,11.77,198.06,-11.19,-3.65
2026-06-30T22:30:00.000,15.29,184.75,-15.24,-1.27
2026-06-30T22:40:00.000,13.21,183.87,-13.18,-0.89
2026-06-30T22:50:00.000,10.17,192.82,-9.92,-2.26
2026-06-30T23:00:00.000,11.23,193.49,-10.92,-2.62
2026-06-30T23:10:00.000,12.65,193.53,-12.3,-2.96
2026-06-30T23:20:00.000,14.58,192.29,-14.24,-3.1
2026-06-30T23:30:00.000,13.76,181.64,-13.75,-0.39
2026-06-30T23:40:00.000,11.17,183.8,-11.14,-0.74
2026-06-30T23:50:00.000,11.64,187.31,-11.54,-1.48
2026-07-01T00:00:00.000,8.19,185.03,-8.16,-0.72
2026-07-01T00:10:00.000,5.87,184.6,-5.85,-0.47
2026-07-01T00:20:00.000,4.34,222.98,-3.17,-2.96
2026-07-01T00:30:00.000,6,224.32,-4.29,-4.19
2026-07-01T00:40:00.000,6.13,212.83,-5.15,-3.32
2026-07-01T00:50:00.000,7.29,228.43,-4.84,-5.45
2026-07-01T01:00:00.000,6.57,219.9,-5.04,-4.21
2026-07-01T01:10:00.000,6.19,197.84,-5.89,-1.9
2026-07-01T01:20:00.000,4.85,205.58,-4.38,-2.09
2026-07-01T01:30:00.000,2.13,234.24,-1.24,-1.73
2026-07-01T01:40:00.000,1.08,237.07,-0.58,-0.9
2026-07-01T01:50:00.000,1.9,205.04,-1.72,-0.8
2026-07-01T02:00:00.000,1.57,220.1,-1.2,-1.01
2026-07-01T02:10:00.000,2.1,247.08,-0.82,-1.93
2026-07-01T02:20:00.000,2.9,316.43,2.1,-2
2026-07-01T02:30:00.000,0.83,279.51,0.14,-0.82
2026-07-01T02:40:00.000,0.34,0.74,0.34,0
2026-07-01T02:50:00.000,2.78,12.28,2.71,0.59
2026-07-01T03:00:00.000,5.57,30.37,4.8,2.81
2026-07-01T03:10:00.000,9.85,47.82,6.61,7.3
2026-07-01T03:20:00.000,12.52,57.46,6.73,10.56
2026-07-01T03:30:00.000,11.51,60.12,5.73,9.98
2026-07-01T03:40:00.000,14.17,55.01,8.12,11.61
2026-07-01T03:50:00.000,13.99,62.97,6.36,12.46
2026-07-01T04:00:00.000,10.06,59.87,5.05,8.7
2026-07-01T04:10:00.000,5.86,58.4,3.07,4.99
2026-07-01T04:20:00.000,4.56,64.21,1.98,4.1
2026-07-01T04:30:00.000,0.54,66.53,0.22,0.5
2026-07-01T04:40:00.000,1.35,189.33,-1.33,-0.22
2026-07-01T04:50:00.000,4.95,181.68,-4.94,-0.15
2026-07-01T05:00:00.000,8.16,175.85,-8.14,0.59
2026-07-01T05:10:00.000,14.4,191.79,-14.1,-2.94
2026-07-01T05:20:00.000,16.78,190.72,-16.49,-3.12
2026-07-01T05:30:00.000,16.74,191.38,-16.41,-3.3
2026-07-01T05:40:00.000,17.94,193.91,-17.41,-4.31
2026-07-01T05:50:00.000,12.91,202.63,-11.92,-4.97
2026-07-01T06:00:00.000,11.35,201.19,-10.58,-4.1
2026-07-01T06:10:00.000,10.42,187.45,-10.33,-1.35
2026-07-01T06:20:00.000,6.38,178.97,-6.38,0.11
2026-07-01T06:30:00.000,2.28,159.32,-2.14,0.81
2026-07-01T06:40:00.000,2.8,66.73,1.11,2.57
2026-07-01T06:50:00.000,4.98,48.81,3.28,3.75
2026-07-01T07:00:00.000,12.28,41.84,9.15,8.19
2026-07-01T07:10:00.000,14.86,37.11,11.85,8.97
2026-07-01T07:20:00.000,16.57,41.75,12.36,11.04
2026-07-01T07:30:00.000,21.5,40.17,16.43,13.87
2026-07-01T07:40:00.000,22.66,41.77,16.9,15.1
2026-07-01T07:50:00.000,25.88,41.16,19.48,17.03
2026-07-01T08:00:00.000,24.62,38.98,19.13,15.49
2026-07-01T08:10:00.000,22.62,36.25,18.24,13.37
2026-07-01T08:20:00.000,21.67,35.08,17.74,12.45
2026-07-01T08:30:00.000,18.05,37.54,14.31,11
2026-07-01T08:40:00.000,16.79,40.46,12.77,10.89
2026-07-01T08:50:00.000,16.43,39.51,12.68,10.45
2026-07-01T09:00:00.000,12.61,12.82,12.3,2.8
2026-07-01T09:10:00.000,14.33,18.51,13.59,4.55
2026-07-01T09:20:00.000,6.34,0.41,6.34,0.04
2026-07-01T09:30:00.000,8.45,31.19,7.23,4.37
2026-07-01T09:40:00.000,12.79,35.18,10.45,7.37
2026-07-01T09:50:00.000,16.88,38.15,13.28,10.43
2026-07-01T10:00:00.000,17.14,36.29,13.82,10.15
2026-07-01T10:10:00.000,16.89,38.59,13.2,10.54
2026-07-01T10:20:00.000,14.02,38.44,10.98,8.72
2026-07-01T10:30:00.000,12.77,33.54,10.64,7.06
2026-07-01T10:40:00.000,11.6,34.18,9.6,6.52
2026-07-01T10:50:00.000,6.21,25.04,5.63,2.63
2026-07-01T11:00:00.000,4.6,17.34,4.39,1.37
2026-07-01T11:10:00.000,1.96,7.82,1.94,0.27
2026-07-01T11:20:00.000,3.39,19.28,3.2,1.12
2026-07-01T11:30:00.000,3.47,21.8,3.22,1.29
2026-07-01T11:40:00.000,2.99,38.77,2.33,1.87
2026-07-01T11:50:00.000,2.87,38.35,2.25,1.78
2026-07-01T12:00:00.000,2.91,54.35,1.7,2.37
2026-07-01T12:10:00.000,3.59,56.43,1.99,3
2026-07-01T12:20:00.000,4.38,72.71,1.3,4.18
2026-07-01T12:30:00.000,4.82,79.02,0.92,4.73
2026-07-01T12:40:00.000,1.9,137.45,-1.4,1.29
2026-07-01T12:50:00.000,2.8,146.31,-2.33,1.55
2026-07-01T13:00:00.000,1.51,110.16,-0.52,1.42
2026-07-01T13:10:00.000,0.22,117.79,-0.1,0.19
2026-07-01T13:20:00.000,3.58,239.06,-1.84,-3.07
2026-07-01T13:30:00.000,5.21,192.71,-5.08,-1.15
2026-07-01T13:40:00.000,9.86,191.48,-9.67,-1.96
2026-07-01T13:50:00.000,16.56,187.28,-16.42,-2.1
2026-07-01T14:00:00.000,19.27,199.07,-18.21,-6.3
2026-07-01T14:10:00.000,26.51,200.75,-24.79,-9.39
2026-07-01T14:20:00.000,25.99,200.11,-24.4,-8.94
2026-07-01T14:30:00.000,27.14,201.76,-25.21,-10.06
2026-07-01T14:40:00.000,26.17,203.54,-23.99,-10.45
2026-07-01T14:50:00.000,25.59,207.56,-22.69,-11.84
2026-07-01T15:00:00.000,21.92,208.11,-19.33,-10.33
2026-07-01T15:10:00.000,16.88,196.12,-16.22,-4.69
2026-07-01T15:20:00.000,23.16,193.73,-22.5,-5.5
2026-07-01T15:30:00.000,27.53,186.98,-27.32,-3.34
2026-07-01T15:40:00.000,24.83,184.92,-24.74,-2.13
2026-07-01T15:50:00.000,20.55,178.08,-20.53,0.69
2026-07-01T16:00:00.000,21.15,179.66,-21.15,0.12
2026-07-01T16:10:00.000,18.76,165.33,-18.15,4.75
2026-07-01T16:20:00.000,14.32,159.2,-13.39,5.09
2026-07-01T16:30:00.000,5.76,168.86,-5.65,1.11
2026-07-01T16:40:00.000,4.12,149.96,-3.57,2.06
2026-07-01T16:50:00.000,2.95,154.53,-2.66,1.27
2026-07-01T17:00:00.000,3.75,119.67,-1.86,3.26
2026-07-01T17:10:00.000,2.29,296.7,1.03,-2.04
2026-07-01T17:20:00.000,0.47,193.23,-0.46,-0.11
2026-07-01T17:30:00.000,17.28,38.08,13.6,10.66
2026-07-01T17:40:00.000,23.16,41.81,17.26,15.44
2026-07-01T17:50:00.000,19.84,31.47,16.92,10.36
2026-07-01T18:00:00.000,21.27,31.3,18.17,11.05
2026-07-01T18:10:00.000,16.89,31.09,14.46,8.72
2026-07-01T18:20:00.000,15.15,20.7,14.17,5.36
2026-07-01T18:30:00.000,6.83,33.75,5.68,3.8
2026-07-01T18:40:00.000,5.59,23.96,5.11,2.27
2026-07-01T18:50:00.000,5.01,10.42,4.93,0.91
2026-07-01T19:00:00.000,2.85,358.8,2.85,-0.06
2026-07-01T19:10:00.000,5.82,348.26,5.7,-1.18
2026-07-01T19:20:00.000,5.1,16.32,4.9,1.43
2026-07-01T19:30:00.000,7.72,10.46,7.59,1.4
2026-07-01T19:40:00.000,7.02,7.68,6.96,0.94
2026-07-01T19:50:00.000,10.77,16.19,10.35,3
2026-07-01T20:00:00.000,15.59,16.87,14.92,4.53
2026-07-01T20:10:00.000,12.93,30.82,11.11,6.63
2026-07-01T20:20:00.000,13.34,31.9,11.32,7.05
2026-07-01T20:30:00.000,12.5,38.48,9.78,7.78
2026-07-01T20:40:00.000,10.63,31.53,9.06,5.56
2026-07-01T20:50:00.000,12.55,29.95,10.87,6.27
2026-07-01T21:00:00.000,8.52,30.21,7.36,4.29
2026-07-01T21:10:00.000,8.13,40.8,6.15,5.31
2026-07-01T21:20:00.000,7.65,43.1,5.59,5.23
2026-07-01T21:30:00.000,7.34,40.98,5.54,4.81
2026-07-01T21:40:00.000,4.79,51.9,2.96,3.77
2026-07-01T21:50:00.000,4.82,59.37,2.45,4.15
2026-07-01T22:00:00.000,3.17,68.2,1.18,2.94
2026-07-01T22:10:00.000,3.5,58.1,1.85,2.97
2026-07-01T22:20:00.000,0.83,138.25,-0.62,0.55
2026-07-01T22:30:00.000,2.51,194.84,-2.42,-0.64
2026-07-01T22:40:00.000,4.12,230.3,-2.63,-3.17
2026-07-01T22:50:00.000,4.33,237.35,-2.34,-3.65
2026-07-01T23:00:00.000,4,247.98,-1.5,-3.7
2026-07-01T23:10:00.000,3.25,269.52,-0.03,-3.25
2026-07-01T23:20:00.000,4.07,257.69,-0.87,-3.98
2026-07-01T23:30:00.000,4.64,257.7,-0.99,-4.53
2026-07-01T23:40:00.000,4.72,221.96,-3.51,-3.15
2026-07-01T23:50:00.000,4.2,214.79,-3.45,-2.4
2026-07-02T00:00:00.000,4.66,206.41,-4.18,-2.07
2026-07-02T00:10:00.000,5.16,200.46,-4.83,-1.8
2026-07-02T00:20:00.000,5.49,202.25,-5.08,-2.08
2026-07-02T00:30:00.000,8.2,200.47,-7.68,-2.87
2026-07-02T00:40:00.000,9.74,195,-9.41,-2.52
2026-07-02T00:50:00.000,11.88,195.81,-11.43,-3.24
2026-07-02T01:00:00.000,9.84,194,-9.54,-2.38
2026-07-02T01:10:00.000,8.49,196.53,-8.14,-2.41
2026-07-02T01:20:00.000,7.36,198.28,-6.99,-2.31
2026-07-02T01:30:00.000,6.02,198.15,-5.72,-1.87
2026-07-02T01:40:00.000,5.63,199.87,-5.29,-1.91
2026-07-02T01:50:00.000,4.15,228.29,-2.76,-3.1
2026-07-02T02:00:00.000,4.79,285.86,1.31,-4.61
2026-07-02T02:10:00.000,2.48,253.66,-0.7,-2.38
2026-07-02T02:20:00.000,0.91,268.48,-0.02,-0.91
2026-07-02T02:30:00.000,0.54,305.7,0.32,-0.44
2026-07-02T02:40:00.000,0.12,32.83,0.1,0.07
2026-07-02T02:50:00.000,0.15,57.42,0.08,0.12
2026-07-02T03:00:00.000,0.24,76.4,0.06,0.24
2026-07-02T03:10:00.000,0.92,107.07,-0.27,0.88
2026-07-02T03:20:00.000,1.55,147.69,-1.31,0.83
2026-07-02T03:30:00.000,0.57,132.8,-0.39,0.42
2026-07-02T03:40:00.000,1.19,122.11,-0.64,1.01
2026-07-02T03:50:00.000,3.3,123.46,-1.82,2.75
2026-07-02T04:00:00.000,3.64,152.6,-3.23,1.67
2026-07-02T04:10:00.000,3.03,149.03,-2.6,1.56
2026-07-02T04:20:00.000,3.57,154.06,-3.21,1.56
2026-07-02T04:30:00.000,2.54,176.99,-2.53,0.13
2026-07-02T04:40:00.000,2.93,177.03,-2.93,0.15
2026-07-02T04:50:00.000,7.31,181.03,-7.31,-0.13
2026-07-02T05:00:00.000,8.77,192.12,-8.58,-1.84
2026-07-02T05:10:00.000,8.91,174.28,-8.87,0.89
2026-07-02T05:20:00.000,11.09,178.04,-11.09,0.38
2026-07-02T05:30:00.000,14.8,183.27,-14.77,-0.84
2026-07-02T05:40:00.000,13.78,194.43,-13.35,-3.44
2026-07-02T05:50:00.000,7.66,207,-6.82,-3.48
2026-07-02T06:00:00.000,2.88,196.84,-2.76,-0.83
2026-07-02T06:10:00.000,1.52,121.08,-0.78,1.3
2026-07-02T06:20:00.000,8.54,74.77,2.24,8.24
2026-07-02T06:30:00.000,17.98,79.23,3.36,17.66
2026-07-02T06:40:00.000,8.11,62.11,3.79,7.16
2026-07-02T06:50:00.000,5.92,40,4.53,3.8
2026-07-02T07:00:00.000,7.1,33.16,5.94,3.88
2026-07-02T07:10:00.000,5.46,75.67,1.35,5.29
2026-07-02T07:20:00.000,5.62,50.03,3.61,4.31
2026-07-02T07:30:00.000,14.24,22.36,13.17,5.42
2026-07-02T07:40:00.000,19.85,28.7,17.41,9.53
2026-07-02T07:50:00.000,17.67,44.3,12.64,12.34
2026-07-02T08:00:00.000,16.65,10.99,16.35,3.17
2026-07-02T08:10:00.000,18.52,1.84,18.51,0.6
2026-07-02T08:20:00.000,20.29,15.3,19.57,5.35
2026-07-02T08:30:00.000,24.02,42.98,17.57,16.38
2026-07-02T08:40:00.000,23.08,57.28,12.47,19.42
2026-07-02T08:50:00.000,20,62.13,9.35,17.68
2026-07-02T09:00:00.000,18.67,44.07,13.42,12.99
2026-07-02T09:10:00.000,17.82,27.5,15.81,8.23
2026-07-02T09:20:00.000,19.49,19.82,18.33,6.61
2026-07-02T09:30:00.000,19.92,22.47,18.41,7.61
2026-07-02T09:40:00.000,18.87,15.33,18.2,4.99
2026-07-02T09:50:00.000,18.76,23.71,17.18,7.54
2026-07-02T10:00:00.000,20.35,33.28,17.01,11.17
2026-07-02T10:10:00.000,18.91,30.55,16.28,9.61
2026-07-02T10:20:00.000,19.31,50.47,12.29,14.89
2026-07-02T10:30:00.000,21.5,55.58,12.15,17.73
2026-07-02T10:40:00.000,20.96,69.54,7.32,19.63
2026-07-02T10:50:00.000,13.92,54.03,8.18,11.27
2026-07-02T11:00:00.000,16.88,38.79,13.16,10.58
2026-07-02T11:10:00.000,14.81,24.65,13.46,6.18
2026-07-02T11:20:00.000,12.28,19.71,11.56,4.14
2026-07-02T11:30:00.000,14.09,10.63,13.85,2.6
2026-07-02T11:40:00.000,11.79,8.8,11.66,1.8
2026-07-02T11:50:00.000,10.22,13.45,9.94,2.38
2026-07-02T12:00:00.000,6.41,7.25,6.35,0.81
2026-07-02T12:10:00.000,4.1,17.39,3.91,1.23
2026-07-02T12:20:00.000,7.08,20.01,6.65,2.42
2026-07-02T12:30:00.000,6.02,43.27,4.38,4.13
2026-07-02T12:40:00.000,5.73,65.33,2.39,5.2
2026-07-02T12:50:00.000,4.2,70.04,1.43,3.95
2026-07-02T13:00:00.000,4.32,85.45,0.34,4.31
2026-07-02T13:10:00.000,2.06,100.94,-0.39,2.02
2026-07-02T13:20:00.000,0.25,124.48,-0.14,0.2
2026-07-02T13:30:00.000,0.12,65.44,0.05,0.11
2026-07-02T13:40:00.000,4.55,200.5,-4.26,-1.59
2026-07-02T13:50:00.000,11.47,196.89,-10.97,-3.33
2026-07-02T14:00:00.000,15.04,192.32,-14.69,-3.21
2026-07-02T14:10:00.000,19.26,193.48,-18.73,-4.49
2026-07-02T14:20:00.000,17.67,193.26,-17.2,-4.05
2026-07-02T14:30:00.000,17.25,195.55,-16.62,-4.62
2026-07-02T14:40:00.000,16.29,192.21,-15.92,-3.45
2026-07-02T14:50:00.000,17.5,192.68,-17.07,-3.84
2026-07-02T15:00:00.000,12.86,192.85,-12.54,-2.86
2026-07-02T15:10:00.000,14.16,182.91,-14.14,-0.72
2026-07-02T15:20:00.000,18.93,213.52,-15.78,-10.45
2026-07-02T15:30:00.000,16.59,207.01,-14.78,-7.53
2026-07-02T15:40:00.000,17.05,203.78,-15.6,-6.87
2026-07-02T15:50:00.000,22.61,187.73,-22.4,-3.04
2026-07-02T16:00:00.000,26.45,177.55,-26.43,1.13
2026-07-02T16:10:00.000,29.83,170.45,-29.41,4.95
2026-07-02T16:20:00.000,31.62,163.64,-30.34,8.91
2026-07-02T16:30:00.000,24.81,165.17,-23.98,6.35
2026-07-02T16:40:00.000,16.5,190.2,-16.24,-2.92
2026-07-02T16:50:00.000,18.15,222.53,-13.37,-12.27
2026-07-02T17:00:00.000,12.87,171.29,-12.72,1.95
2026-07-02T17:10:00.000,10.01,176.04,-9.99,0.69
2026-07-02T17:20:00.000,11.37,161.43,-10.78,3.62
2026-07-02T17:30:00.000,7.76,145.24,-6.38,4.43
2026-07-02T17:40:00.000,6.33,140.99,-4.92,3.98
2026-07-02T17:50:00.000,1.78,107.68,-0.54,1.7
2026-07-02T18:00:00.000,3.45,47.58,2.33,2.55
2026-07-02T18:10:00.000,15.57,38.7,12.15,9.74
2026-07-02T18:20:00.000,18.51,52.11,11.36,14.61
2026-07-02T18:30:00.000,16.47,43.53,11.94,11.34
2026-07-02T18:40:00.000,15.03,34.03,12.45,8.41
2026-07-02T18:50:00.000,17.1,28.31,15.06,8.11
2026-07-02T19:00:00.000,19.33,16.46,18.54,5.48
2026-07-02T19:10:00.000,19.58,31.46,16.7,10.22
2026-07-02T19:20:00.000,20.98,51.47,13.07,16.41
2026-07-02T19:30:00.000,18.27,49.35,11.9,13.86
2026-07-02T19:40:00.000,15.62,22.71,14.41,6.03
2026-07-02T19:50:00.000,14.43,359.5,14.42,-0.13
2026-07-02T20:00:00.000,8.67,358.5,8.67,-0.23
2026-07-02T20:10:00.000,6.29,8.65,6.22,0.95
2026-07-02T20:20:00.000,2.57,34,2.13,1.44
2026-07-02T20:30:00.000,3.36,51.57,2.09,2.63
2026-07-02T20:40:00.000,6.83,80.78,1.09,6.74
2026-07-02T20:50:00.000,5.78,68.07,2.16,5.36
2026-07-02T21:00:00.000,4.9,56.06,2.74,4.06
2026-07-02T21:10:00.000,5.6,37.86,4.42,3.44
2026-07-02T21:20:00.000,5.71,46.49,3.93,4.14
2026-07-02T21:30:00.000,1.52,347.59,1.48,-0.33
2026-07-02T21:40:00.000,2.03,304.74,1.16,-1.67
2026-07-02T21:50:00.000,0.48,299.96,0.24,-0.41
2026-07-02T22:00:00.000,0.33,232.54,-0.2,-0.26
2026-07-02T22:10:00.000,0.25,212.68,-0.21,-0.13
2026-07-02T22:20:00.000,0.39,201.98,-0.36,-0.14
2026-07-02T22:30:00.000,6.83,221.4,-5.13,-4.52
2026-07-02T22:40:00.000,11.82,228.2,-7.88,-8.81
2026-07-02T22:50:00.000,7.05,211.72,-6,-3.71
2026-07-02T23:00:00.000,8.25,209.09,-7.2,-4.01
2026-07-02T23:10:00.000,8.39,203.51,-7.7,-3.35
2026-07-02T23:20:00.000,13.14,209.65,-11.42,-6.5
2026-07-02T23:30:00.000,11.13,198.23,-10.57,-3.48
2026-07-02T23:40:00.000,12.88,198.68,-12.2,-4.12
2026-07-02T23:50:00.000,12.88,206.55,-11.52,-5.76
2026-07-03T00:00:00.000,13.35,202.42,-12.34,-5.09
2026-07-03T00:10:00.000,17.25,195.34,-16.63,-4.56
2026-07-03T00:20:00.000,17.97,199.04,-16.99,-5.86
2026-07-03T00:30:00.000,19.89,193.6,-19.33,-4.68
2026-07-03T00:40:00.000,21.02,197.73,-20.02,-6.4
2026-07-03T00:50:00.000,23.74,199.05,-22.44,-7.75
2026-07-03T01:00:00.000,23.21,208.41,-20.42,-11.04
2026-07-03T01:10:00.000,21.62,208.65,-18.97,-10.37
2026-07-03T01:20:00.000,26.53,194.96,-25.63,-6.85
2026-07-03T01:30:00.000,22.46,191.71,-21.99,-4.56
2026-07-03T01:40:00.000,20.39,190.42,-20.06,-3.69
2026-07-03T01:50:00.000,17.13,182.75,-17.11,-0.82
2026-07-03T02:00:00.000,18.04,177.55,-18.02,0.77
2026-07-03T02:10:00.000,18.57,178.29,-18.56,0.55
2026-07-03T02:20:00.000,9.67,154.8,-8.75,4.12
2026-07-03T02:30:00.000,6.69,145.46,-5.51,3.79
2026-07-03T02:40:00.000,3.56,141.14,-2.77,2.23
2026-07-03T02:50:00.000,1.34,114.91,-0.56,1.22
2026-07-03T03:00:00.000,7.79,341.63,7.39,-2.46
2026-07-03T03:10:00.000,11.7,14.43,11.33,2.92
2026-07-03T03:20:00.000,3.4,20,3.2,1.16
2026-07-03T03:30:00.000,0.55,18.26,0.52,0.17
2026-07-03T03:40:00.000,1.55,45.51,1.08,1.1
2026-07-03T03:50:00.000,1.77,96.96,-0.21,1.76
2026-07-03T04:00:00.000,0.65,137.88,-0.49,0.44
2026-07-03T04:10:00.000,5.96,135.64,-4.26,4.17
2026-07-03T04:20:00.000,10.27,142.39,-8.13,6.26
2026-07-03T04:30:00.000,12.67,167.68,-12.37,2.7
2026-07-03T04:40:00.000,15.19,183.89,-15.15,-1.03
2026-07-03T04:50:00.000,15.83,199.81,-14.89,-5.36
2026-07-03T05:00:00.000,17.93,202.98,-16.51,-7
2026-07-03T05:10:00.000,15.95,208.31,-14.04,-7.56
2026-07-03T05:20:00.000,15.29,196.45,-14.66,-4.33
2026-07-03T05:30:00.000,18.12,192.8,-17.67,-4.01
2026-07-03T05:40:00.000,18.61,200.36,-17.45,-6.47
2026-07-03T05:50:00.000,13.87,201.77,-12.89,-5.15
2026-07-03T06:00:00.000,5.97,173.89,-5.94,0.64
2026-07-03T06:10:00.000,8.09,127.03,-4.87,6.46
2026-07-03T06:20:00.000,9.88,107.26,-2.93,9.44
2026-07-03T06:30:00.000,14.36,81.05,2.23,14.18
2026-07-03T06:40:00.000,8.58,38.75,6.69,5.37
2026-07-03T06:50:00.000,6.59,23.15,6.06,2.59
2026-07-03T07:00:00.000,18.71,53.09,11.23,14.96
2026-07-03T07:10:00.000,22.24,84.43,2.16,22.13
2026-07-03T07:20:00.000,24.22,69.86,8.34,22.74
2026-07-03T07:30:00.000,13.38,22.06,12.4,5.03
2026-07-03T07:40:00.000,20.73,15.29,20,5.47
2026-07-03T07:50:00.000,25.32,16.11,24.32,7.03
2026-07-03T08:00:00.000,20.05,14.09,19.45,4.88
2026-07-03T08:10:00.000,15.9,33.91,13.2,8.87
2026-07-03T08:20:00.000,9.67,67.81,3.65,8.96
2026-07-03T08:30:00.000,15,32.86,12.6,8.14
2026-07-03T08:40:00.000,15.36,44.64,10.93,10.8
2026-07-03T08:50:00.000,17.72,38.72,13.83,11.09
2026-07-03T09:00:00.000,20.05,35.17,16.39,11.55
2026-07-03T09:10:00.000,19.96,36.7,16,11.93
2026-07-03T09:20:00.000,20.59,53.97,12.11,16.65
2026-07-03T09:30:00.000,17.01,47.81,11.43,12.61
2026-07-03T09:40:00.000,17.89,22.42,16.54,6.82
2026-07-03T09:50:00.000,14.07,332.79,12.51,-6.43
2026-07-03T10:00:00.000,6.79,337.95,6.29,-2.55
2026-07-03T10:10:00.000,7.33,351.1,7.24,-1.13
2026-07-03T10:20:00.000,4.59,357.17,4.58,-0.23
2026-07-03T10:30:00.000,0.96,56.24,0.53,0.79
2026-07-03T10:40:00.000,6.55,94.22,-0.48,6.53
2026-07-03T10:50:00.000,9.83,98.88,-1.52,9.71
2026-07-03T11:00:00.000,9.18,107.97,-2.83,8.74
2026-07-03T11:10:00.000,8.08,113.01,-3.16,7.44
2026-07-03T11:20:00.000,1.46,344.34,1.4,-0.39
2026-07-03T11:30:00.000,11.85,255.54,-2.96,-11.47
2026-07-03T11:40:00.000,10.97,221.97,-8.15,-7.33
2026-07-03T11:50:00.000,12.6,193.9,-12.23,-3.03
2026-07-03T12:00:00.000,17.2,178.85,-17.19,0.35
2026-07-03T12:10:00.000,22.78,179.12,-22.78,0.35
2026-07-03T12:20:00.000,9.27,185.59,-9.23,-0.9
2026-07-03T12:30:00.000,12.64,229.85,-8.15,-9.66
2026-07-03T12:40:00.000,11.31,230.61,-7.18,-8.74
2026-07-03T12:50:00.000,7.22,199.13,-6.82,-2.37
2026-07-03T13:00:00.000,6.1,161.56,-5.79,1.93
2026-07-03T13:10:00.000,5.88,212.2,-4.97,-3.13
2026-07-03T13:20:00.000,10.48,251.54,-3.32,-9.94
2026-07-03T13:30:00.000,11.06,236.67,-6.08,-9.24
2026-07-03T13:40:00.000,18.17,220.62,-13.79,-11.83
2026-07-03T13:50:00.000,22.46,191.19,-22.03,-4.36
2026-07-03T14:00:00.000,25.37,177.57,-25.35,1.08
2026-07-03T14:10:00.000,30.76,177.96,-30.74,1.09
2026-07-03T14:20:00.000,33.04,184,-32.96,-2.3
2026-07-03T14:30:00.000,38.99,184.65,-38.87,-3.16
2026-07-03T14:40:00.000,37.61,188.55,-37.19,-5.59
2026-07-03T14:50:00.000,31.16,186.66,-30.95,-3.61
2026-07-03T15:00:00.000,25.04,182.91,-25.01,-1.27
2026-07-03T15:10:00.000,24.23,194.21,-23.49,-5.95
2026-07-03T15:20:00.000,15.38,183.22,-15.35,-0.86
2026-07-03T15:30:00.000,11.64,185.78,-11.58,-1.17
2026-07-03T15:40:00.000,3.19,161.97,-3.03,0.99
2026-07-03T15:50:00.000,21.45,52.25,13.13,16.96
2026-07-03T16:00:00.000,12.72,51.45,7.93,9.95
2026-07-03T16:10:00.000,12.42,24.11,11.33,5.07
2026-07-03T16:20:00.000,16.55,38.84,12.89,10.38
2026-07-03T16:30:00.000,19.65,40.31,14.99,12.71
2026-07-03T16:40:00.000,20.18,42.17,14.96,13.55
2026-07-03T16:50:00.000,21.78,49.06,14.27,16.45
2026-07-03T17:00:00.000,23.48,61.1,11.34,20.55
2026-07-03T17:10:00.000,12.85,70.57,4.27,12.12
2026-07-03T17:20:00.000,9.61,50.34,6.13,7.4
2026-07-03T17:30:00.000,6.9,10.74,6.78,1.29
2026-07-03T17:40:00.000,14.82,31.81,12.6,7.81
2026-07-03T17:50:00.000,14.55,27.82,12.87,6.79
2026-07-03T18:00:00.000,17.6,358.78,17.6,-0.37
2026-07-03T18:10:00.000,12.58,41.05,9.48,8.26
2026-07-03T18:20:00.000,11.69,47.97,7.83,8.68
2026-07-03T18:30:00.000,12.99,43.57,9.42,8.96
2026-07-03T18:40:00.000,15.31,13.24,14.91,3.51
2026-07-03T18:50:00.000,11.95,17.01,11.43,3.5
2026-07-03T19:00:00.000,19.33,0.48,19.33,0.16
2026-07-03T19:10:00.000,19,20.42,17.81,6.63
2026-07-03T19:20:00.000,15.95,32.32,13.48,8.53
2026-07-03T19:30:00.000,8.51,23.16,7.82,3.35
2026-07-03T19:40:00.000,6.11,6.99,6.07,0.74
2026-07-03T19:50:00.000,3.62,50.27,2.32,2.79
2026-07-03T20:00:00.000,3.12,357.93,3.12,-0.11
2026-07-03T20:10:00.000,3.96,356.46,3.96,-0.24
2026-07-03T20:20:00.000,4.19,346.15,4.07,-1
2026-07-03T20:30:00.000,0.31,19.49,0.29,0.1
2026-07-03T20:40:00.000,0.23,30.92,0.2,0.12
2026-07-03T20:50:00.000,2.18,154.79,-1.97,0.93
2026-07-03T21:00:00.000,3.63,193.13,-3.54,-0.83
2026-07-03T21:10:00.000,3.51,180.1,-3.51,-0.01
2026-07-03T21:20:00.000,0.9,174.21,-0.9,0.09
2026-07-03T21:30:00.000,5.88,173.69,-5.85,0.65
2026-07-03T21:40:00.000,3.8,213.94,-3.15,-2.12
2026-07-03T21:50:00.000,4.88,261.51,-0.72,-4.83
2026-07-03T22:00:00.000,3.43,249.95,-1.18,-3.22
2026-07-03T22:10:00.000,3.35,256.41,-0.79,-3.26
2026-07-03T22:20:00.000,1.58,299.73,0.79,-1.38
2026-07-03T22:30:00.000,4.83,296.97,2.19,-4.31
2026-07-03T22:40:00.000,4.8,307.54,2.93,-3.81
2026-07-03T22:50:00.000,6.11,291.94,2.28,-5.67
2026-07-03T23:00:00.000,3.54,288.47,1.12,-3.35
2026-07-03T23:10:00.000,4.07,263.88,-0.43,-4.05
2026-07-03T23:20:00.000,2.73,239.98,-1.37,-2.37
2026-07-03T23:30:00.000,3.92,229.34,-2.56,-2.98
2026-07-03T23:40:00.000,4.97,188.4,-4.92,-0.73
2026-07-03T23:50:00.000,9.11,186.69,-9.05,-1.06
2026-07-04T00:00:00.000,9.84,183.58,-9.82,-0.61
2026-07-04T00:10:00.000,12.34,179.62,-12.34,0.08
2026-07-04T00:20:00.000,16.2,185.9,-16.12,-1.67
2026-07-04T00:30:00.000,15.45,190.26,-15.21,-2.75
2026-07-04T00:40:00.000,12.48,197.26,-11.92,-3.7
2026-07-04T00:50:00.000,11.04,208.39,-9.71,-5.25
2026-07-04T01:00:00.000,7.61,214.01,-6.31,-4.26
2026-07-04T01:10:00.000,6.15,221.98,-4.57,-4.11
2026-07-04T01:20:00.000,5.59,214.11,-4.63,-3.13
2026-07-04T01:30:00.000,4.65,203.33,-4.27,-1.84
2026-07-04T01:40:00.000,3.59,269.65,-0.02,-3.59
2026-07-04T01:50:00.000,2.98,311.14,1.96,-2.24
2026-07-04T02:00:00.000,0.39,331.04,0.34,-0.19
2026-07-04T02:10:00.000,2.13,102.81,-0.47,2.08
2026-07-04T02:20:00.000,3.44,100.88,-0.65,3.37
2026-07-04T02:30:00.000,3.42,52.51,2.08,2.72
2026-07-04T02:40:00.000,8.04,60.17,4,6.97
2026-07-04T02:50:00.000,9.04,86.2,0.6,9.02
2026-07-04T03:00:00.000,0.74,53.39,0.44,0.6
2026-07-04T03:10:00.000,1.14,95.26,-0.1,1.13
2026-07-04T03:20:00.000,0.15,112.9,-0.06,0.13
2026-07-04T03:30:00.000,7.47,178.42,-7.46,0.21
2026-07-04T03:40:00.000,16.24,202.35,-15.02,-6.18
2026-07-04T03:50:00.000,22.52,198.18,-21.4,-7.03
2026-07-04T04:00:00.000,25.32,199.19,-23.91,-8.32
2026-07-04T04:10:00.000,23.85,184.45,-23.78,-1.85
2026-07-04T04:20:00.000,23.93,178.77,-23.92,0.51
2026-07-04T04:30:00.000,31.8,170.36,-31.35,5.33
2026-07-04T04:40:00.000,24.83,170.42,-24.48,4.13
2026-07-04T04:50:00.000,21.04,205.5,-18.99,-9.06
2026-07-04T05:00:00.000,0.1,107.87,-0.03,0.1
2026-07-04T05:10:00.000,29.88,69.9,10.27,28.06
2026-07-04T05:20:00.000,12.4,89.92,0.02,12.4
2026-07-04T05:30:00.000,8.87,55.94,4.97,7.35
2026-07-04T05:40:00.000,9.36,333.79,8.4,-4.14
2026-07-04T05:50:00.000,17.48,1.2,17.48,0.37
2026-07-04T06:00:00.000,18.75,26.43,16.79,8.35
2026-07-04T06:10:00.000,19.68,83.56,2.21,19.56
2026-07-04T06:20:00.000,30.92,97.78,-4.18,30.64
2026-07-04T06:30:00.000,20.94,105.39,-5.55,20.19
2026-07-04T06:40:00.000,10.95,31.67,9.32,5.75
2026-07-04T06:50:00.000,23.78,23.05,21.88,9.31
2026-07-04T07:00:00.000,22.36,59.93,11.2,19.35
2026-07-04T07:10:00.000,9.16,49.52,5.95,6.97
2026-07-04T07:20:00.000,11.18,347.11,10.89,-2.49
2026-07-04T07:30:00.000,5.14,349.58,5.05,-0.93
2026-07-04T07:40:00.000,8.51,19.43,8.02,2.83
2026-07-04T07:50:00.000,10.25,27.55,9.09,4.74
2026-07-04T08:00:00.000,18.32,51.78,11.33,14.39
2026-07-04T08:10:00.000,15.43,61.37,7.39,13.54
2026-07-04T08:20:00.000,7.65,51.74,4.74,6
2026-07-04T08:30:00.000,11.05,31.97,9.37,5.85
2026-07-04T08:40:00.000,5.42,42.89,3.97,3.69
2026-07-04T08:50:00.000,8.72,27.13,7.76,3.98
2026-07-04T09:00:00.000,5.98,31.25,5.11,3.1
2026-07-04T09:10:00.000,7.43,61,3.6,6.5
2026-07-04T09:20:00.000,6.16,44.63,4.39,4.33
2026-07-04T09:30:00.000,6.37,42.05,4.73,4.27
2026-07-04T09:40:00.000,4.91,35.94,3.98,2.88
2026-07-04T09:50:00.000,4.61,276.87,0.55,-4.57
2026-07-04T10:00:00.000,4.46,256.98,-1,-4.34
2026-07-04T10:10:00.000,7.3,234.98,-4.19,-5.98
2026-07-04T10:20:00.000,6.45,228.41,-4.28,-4.82
2026-07-04T10:30:00.000,13.47,227.11,-9.17,-9.87
2026-07-04T10:40:00.000,9.19,191.95,-8.99,-1.9
2026-07-04T10:50:00.000,11.87,185.9,-11.81,-1.22
2026-07-04T11:00:00.000,13.17,186.15,-13.1,-1.41
2026-07-04T11:10:00.000,11.92,203.22,-10.96,-4.7
2026-07-04T11:20:00.000,15.9,212.6,-13.39,-8.56
2026-07-04T11:30:00.000,19.9,219.52,-15.35,-12.67
2026-07-04T11:40:00.000,18.8,219.82,-14.44,-12.04
2026-07-04T11:50:00.000,14.97,218.59,-11.7,-9.34
2026-07-04T12:00:00.000,9.29,225.76,-6.48,-6.65
2026-07-04T12:10:00.000,7.9,232.8,-4.78,-6.3
2026-07-04T12:20:00.000,2.91,239.39,-1.48,-2.5
2026-07-04T12:30:00.000,2.31,169.53,-2.27,0.42
2026-07-04T12:40:00.000,7.39,196.9,-7.07,-2.15
2026-07-04T12:50:00.000,12.61,200.96,-11.78,-4.51
2026-07-04T13:00:00.000,9.91,206.26,-8.88,-4.38
2026-07-04T13:10:00.000,7.18,207,-6.4,-3.26
2026-07-04T13:20:00.000,6.26,199.81,-5.89,-2.12
2026-07-04T13:30:00.000,6.86,207.5,-6.09,-3.17
2026-07-04T13:40:00.000,2.9,192.01,-2.83,-0.6
2026-07-04T13:50:00.000,5.22,214.62,-4.3,-2.97
2026-07-04T14:00:00.000,4.18,270.89,0.06,-4.18
2026-07-04T14:10:00.000,1,270.4,0.01,-1
2026-07-04T14:20:00.000,1.97,0.03,1.97,0
2026-07-04T14:30:00.000,10.11,44.29,7.23,7.06
2026-07-04T14:40:00.000,6.36,79.87,1.12,6.26
2026-07-04T14:50:00.000,3.74,75.18,0.96,3.61
2026-07-04T15:00:00.000,2.94,71.01,0.96,2.78
2026-07-04T15:10:00.000,1.07,17.54,1.02,0.32
2026-07-04T15:20:00.000,0.53,44.49,0.38,0.37
2026-07-04T15:30:00.000,9.18,180.14,-9.18,-0.02
2026-07-04T15:40:00.000,22.39,189.28,-22.1,-3.61
2026-07-04T15:50:00.000,23.19,206.43,-20.77,-10.32
2026-07-04T16:00:00.000,23.01,207.93,-20.33,-10.78
2026-07-04T16:10:00.000,16.56,188.77,-16.36,-2.53
2026-07-04T16:20:00.000,25.86,175.36,-25.77,2.09
2026-07-04T16:30:00.000,30.45,175.53,-30.36,2.37
2026-07-04T16:40:00.000,29.38,203.92,-26.85,-11.91
2026-07-04T16:50:00.000,22.19,207.29,-19.72,-10.17
2026-07-04T17:00:00.000,18.12,176.19,-18.08,1.21
2026-07-04T17:10:00.000,32.56,69.42,11.45,30.48
2026-07-04T17:20:00.000,33.78,61.08,16.33,29.57
2026-07-04T17:30:00.000,26.28,53.65,15.57,21.16
2026-07-04T17:40:00.000,22.35,33.98,18.54,12.49
2026-07-04T17:50:00.000,19.21,8.27,19.01,2.76
2026-07-04T18:00:00.000,16.24,77.72,3.45,15.87
2026-07-04T18:10:00.000,6.78,100.1,-1.19,6.68
2026-07-04T18:20:00.000,0.47,128.2,-0.29,0.37
2026-07-04T18:30:00.000,3.92,157.88,-3.63,1.48
2026-07-04T18:40:00.000,2.94,158.73,-2.74,1.06
2026-07-04T18:50:00.000,2.44,238.92,-1.26,-2.09
2026-07-04T19:00:00.000,2.35,176.8,-2.35,0.13
2026-07-04T19:10:00.000,1.51,47.12,1.03,1.11
2026-07-04T19:20:00.000,2.43,302.33,1.3,-2.05
2026-07-04T19:30:00.000,8.14,279.75,1.38,-8.02
2026-07-04T19:40:00.000,4.71,258.38,-0.95,-4.61
2026-07-04T19:50:00.000,3.56,201.83,-3.31,-1.32
2026-07-04T20:00:00.000,6.24,194.1,-6.05,-1.52
2026-07-04T20:10:00.000,17.37,173.21,-17.25,2.05
2026-07-04T20:20:00.000,24.7,164.76,-23.84,6.5
2026-07-04T20:30:00.000,17.55,174.06,-17.46,1.82
2026-07-04T20:40:00.000,8.83,173.58,-8.77,0.99
2026-07-04T20:50:00.000,3.64,289.02,1.19,-3.44
2026-07-04T21:00:00.000,0.31,91.25,-0.01,0.31
2026-07-04T21:10:00.000,3.56,110.91,-1.27,3.33
2026-07-04T21:20:00.000,3.96,97.3,-0.5,3.93
2026-07-04T21:30:00.000,9.69,314.36,6.78,-6.93
2026-07-04T21:40:00.000,6.05,323.28,4.85,-3.62
2026-07-04T21:50:00.000,6.38,354.29,6.35,-0.64
2026-07-04T22:00:00.000,4.78,323.79,3.86,-2.82
2026-07-04T22:10:00.000,4.41,321.29,3.44,-2.76
2026-07-04T22:20:00.000,8.67,326.11,7.2,-4.83
2026-07-04T22:30:00.000,5.75,86.97,0.3,5.74
2026-07-04T22:40:00.000,15.05,117,-6.83,13.4
2026-07-04T22:50:00.000,18.99,112.04,-7.13,17.6
2026-07-04T23:00:00.000,22.28,116.31,-9.87,19.97
2026-07-04T23:10:00.000,17.06,132.05,-11.43,12.67
2026-07-04T23:20:00.000,9.85,158.78,-9.19,3.57
2026-07-04T23:30:00.000,11.08,194.66,-10.72,-2.81
2026-07-04T23:40:00.000,16.63,238.6,-8.67,-14.2
2026-07-04T23:50:00.000,15.4,222.81,-11.3,-10.47
2026-07-05T00:00:00.000,15.8,196.8,-15.13,-4.57
2026-07-05T00:10:00.000,14.46,218.62,-11.3,-9.03
2026-07-05T00:20:00.000,11.05,239.39,-5.63,-9.51
2026-07-05T00:30:00.000,5.95,250.71,-1.97,-5.62
2026-07-05T00:40:00.000,5.22,330.33,4.54,-2.58
2026-07-05T00:50:00.000,2.81,100.2,-0.5,2.77
2026-07-05T01:00:00.000,1.89,174.6,-1.88,0.18
2026-07-05T01:10:00.000,4.26,187.53,-4.22,-0.56
2026-07-05T01:20:00.000,9.37,155.36,-8.52,3.91
2026-07-05T01:30:00.000,12.13,197.3,-11.58,-3.61
2026-07-05T01:40:00.000,8.43,202.03,-7.81,-3.16
2026-07-05T01:50:00.000,5.9,229.14,-3.86,-4.46
2026-07-05T02:00:00.000,0.7,284.12,0.17,-0.68
2026-07-05T02:10:00.000,3.57,89.85,0.01,3.57
2026-07-05T02:20:00.000,6.65,95.2,-0.6,6.63
2026-07-05T02:30:00.000,14.8,80.67,2.4,14.6
2026-07-05T02:40:00.000,6.87,104.59,-1.73,6.65
2026-07-05T02:50:00.000,5.65,80.87,0.9,5.58
2026-07-05T03:00:00.000,7.65,359.48,7.65,-0.07
2026-07-05T03:10:00.000,14.59,3.84,14.55,0.98
2026-07-05T03:20:00.000,13.35,16.2,12.82,3.73
2026-07-05T03:30:00.000,10.7,24.35,9.74,4.41
2026-07-05T03:40:00.000,15.54,46.81,10.63,11.33
2026-07-05T03:50:00.000,12.09,48.98,7.94,9.12
2026-07-05T04:00:00.000,18.24,43.07,13.33,12.46
2026-07-05T04:10:00.000,17.97,81.87,2.54,17.79
2026-07-05T04:20:00.000,12.42,116.99,-5.64,11.06
2026-07-05T04:30:00.000,19.74,173.36,-19.61,2.28
2026-07-05T04:40:00.000,27.67,188.99,-27.33,-4.32
2026-07-05T04:50:00.000,34.35,191.98,-33.6,-7.13
2026-07-05T05:00:00.000,29.18,189.48,-28.78,-4.8
2026-07-05T05:10:00.000,27.96,184.53,-27.87,-2.21
2026-07-05T05:20:00.000,27.31,184.47,-27.23,-2.13
2026-07-05T05:30:00.000,25.63,205.16,-23.2,-10.9
2026-07-05T05:40:00.000,16.68,215.03,-13.66,-9.58
2026-07-05T05:50:00.000,3.42,109.13,-1.12,3.23
2026-07-05T06:00:00.000,46.31,78.24,9.44,45.34
2026-07-05T06:10:00.000,34.87,87.25,1.67,34.83
2026-07-05T06:20:00.000,16.1,58.02,8.53,13.65
2026-07-05T06:30:00.000,18.03,17.4,17.21,5.39
2026-07-05T06:40:00.000,18.49,41.56,13.83,12.27
2026-07-05T06:50:00.000,23.11,72.46,6.96,22.03
2026-07-05T07:00:00.000,25.46,113.05,-9.97,23.42
2026-07-05T07:10:00.000,5.17,108.14,-1.61,4.92
2026-07-05T07:20:00.000,6.42,305.94,3.77,-5.2
2026-07-05T07:30:00.000,1.52,27.3,1.35,0.7
2026-07-05T07:40:00.000,1.9,358.08,1.89,-0.06
2026-07-05T07:50:00.000,5.04,114.61,-2.1,4.58
2026-07-05T08:00:00.000,0.28,63.53,0.13,0.25
2026-07-05T08:10:00.000,0.77,277.46,0.1,-0.76
2026-07-05T08:20:00.000,3.6,269.35,-0.04,-3.6
2026-07-05T08:30:00.000,5.24,326.96,4.4,-2.86
2026-07-05T08:40:00.000,0.41,66.11,0.16,0.37
2026-07-05T08:50:00.000,5.49,22.21,5.09,2.08
2026-07-05T09:00:00.000,17.6,15.23,16.99,4.63
2026-07-05T09:10:00.000,14.29,45.77,9.97,10.24
2026-07-05T09:20:00.000,14.93,23.66,13.67,5.99
2026-07-05T09:30:00.000,12.05,334.65,10.89,-5.16
2026-07-05T09:40:00.000,15.96,345.08,15.42,-4.11
2026-07-05T09:50:00.000,14.07,27.1,12.53,6.41
2026-07-05T10:00:00.000,15.71,33.77,13.06,8.73
2026-07-05T10:10:00.000,13.94,35.2,11.39,8.04
2026-07-05T10:20:00.000,11.65,48.47,7.72,8.72
2026-07-05T10:30:00.000,12.03,64.24,5.23,10.84
2026-07-05T10:40:00.000,6.43,84.14,0.66,6.39
2026-07-05T10:50:00.000,3.51,179.1,-3.51,0.05
2026-07-05T11:00:00.000,19.04,189.1,-18.8,-3.01
2026-07-05T11:10:00.000,22.14,217.68,-17.52,-13.53
2026-07-05T11:20:00.000,13.79,204.64,-12.53,-5.75
2026-07-05T11:30:00.000,21.93,190.06,-21.6,-3.83
2026-07-05T11:40:00.000,18.85,175.66,-18.79,1.43
2026-07-05T11:50:00.000,15.34,196.21,-14.73,-4.28
2026-07-05T12:00:00.000,15.73,220.2,-12.01,-10.15
2026-07-05T12:10:00.000,7.32,212.4,-6.18,-3.92
2026-07-05T12:20:00.000,11.29,222.8,-8.28,-7.67
2026-07-05T12:30:00.000,11.19,223.23,-8.16,-7.67
2026-07-05T12:40:00.000,13.13,194.2,-12.73,-3.22
2026-07-05T12:50:00.000,14.34,182.2,-14.33,-0.55
2026-07-05T13:00:00.000,8.39,189.3,-8.28,-1.36
2026-07-05T13:10:00.000,10.88,320.57,8.41,-6.91
2026-07-05T13:20:00.000,5.74,9.14,5.67,0.91
2026-07-05T13:30:00.000,2.12,106.49,-0.6,2.03
2026-07-05T13:40:00.000,8.11,187.88,-8.03,-1.11
2026-07-05T13:50:00.000,27.74,218.55,-21.69,-17.29
2026-07-05T14:00:00.000,32.35,209.74,-28.09,-16.05
2026-07-05T14:10:00.000,38.7,198.05,-36.8,-11.99
2026-07-05T14:20:00.000,47.67,182.1,-47.63,-1.75
2026-07-05T14:30:00.000,45.7,182.3,-45.67,-1.83
2026-07-05T14:40:00.000,46.13,188.2,-45.66,-6.58
2026-07-05T14:50:00.000,34.56,194.53,-33.45,-8.67
2026-07-05T15:00:00.000,29.96,195.77,-28.83,-8.14
2026-07-05T15:10:00.000,33.4,200.96,-31.19,-11.95
2026-07-05T15:20:00.000,28.58,196.98,-27.33,-8.35
2026-07-05T15:30:00.000,28.51,186.57,-28.32,-3.26
2026-07-05T15:40:00.000,26.52,182.56,-26.49,-1.18
2026-07-05T15:50:00.000,15.85,147.18,-13.32,8.59
2026-07-05T16:00:00.000,17.05,51.23,10.68,13.29
2026-07-05T16:10:00.000,31.83,28.41,27.99,15.14
2026-07-05T16:20:00.000,27.57,40.56,20.94,17.92
2026-07-05T16:30:00.000,17.93,41.46,13.43,11.87
2026-07-05T16:40:00.000,11.31,29.71,9.83,5.61
2026-07-05T16:50:00.000,11.21,68.4,4.13,10.42
2026-07-05T17:00:00.000,2.17,176.99,-2.17,0.11
2026-07-05T17:10:00.000,1.34,218.15,-1.06,-0.83
2026-07-05T17:20:00.000,4.44,184.06,-4.42,-0.31
2026-07-05T17:30:00.000,2.87,208.51,-2.53,-1.37
2026-07-05T17:40:00.000,5.49,340.72,5.18,-1.81
2026-07-05T17:50:00.000,5.79,11.3,5.68,1.13
2026-07-05T18:00:00.000,5.58,74.55,1.49,5.38
2026-07-05T18:10:00.000,9.52,59.59,4.82,8.21
2026-07-05T18:20:00.000,15.53,33.25,12.99,8.52
2026-07-05T18:30:00.000,18.58,358.87,18.57,-0.37
2026-07-05T18:40:00.000,22.48,16.27,21.58,6.3
2026-07-05T18:50:00.000,25.26,20.72,23.62,8.94
2026-07-05T19:00:00.000,24.89,34.2,20.58,13.99
2026-07-05T19:10:00.000,23.44,26.39,21,10.42
2026-07-05T19:20:00.000,23.95,23.12,22.02,9.41
2026-07-05T19:30:00.000,23.52,11.14,23.08,4.54
2026-07-05T19:40:00.000,20.81,31.29,17.78,10.81
2026-07-05T19:50:00.000,16.9,11.41,16.57,3.34
2026-07-05T20:00:00.000,16.27,26.71,14.53,7.31
2026-07-05T20:10:00.000,18.46,21.92,17.13,6.89
2026-07-05T20:20:00.000,15.47,21.2,14.42,5.59
2026-07-05T20:30:00.000,9.89,40.01,7.58,6.36
2026-07-05T20:40:00.000,9.13,33.72,7.59,5.07
2026-07-05T20:50:00.000,6.96,32.25,5.89,3.72
2026-07-05T21:00:00.000,7.03,1.94,7.03,0.24
2026-07-05T21:10:00.000,4.76,17.91,4.53,1.47
2026-07-05T21:20:00.000,7.22,53.72,4.27,5.82
2026-07-05T21:30:00.000,10.27,64.24,4.46,9.25
2026-07-05T21:40:00.000,6.26,144.89,-5.12,3.6
2026-07-05T21:50:00.000,7.66,142.45,-6.07,4.67
2026-07-05T22:00:00.000,7.64,205.5,-6.9,-3.29
2026-07-05T22:10:00.000,9.03,220.48,-6.87,-5.86
2026-07-05T22:20:00.000,7.9,224.95,-5.59,-5.58
2026-07-05T22:30:00.000,8.12,238.92,-4.19,-6.96
2026-07-05T22:40:00.000,3.53,214.49,-2.91,-2
2026-07-05T22:50:00.000,0.3,146.79,-0.25,0.16
2026-07-05T23:00:00.000,2.2,75.23,0.56,2.13
2026-07-05T23:10:00.000,4.58,80.16,0.78,4.51
2026-07-05T23:20:00.000,0.32,76.22,0.08,0.31
2026-07-05T23:30:00.000,10.47,356.83,10.45,-0.58
2026-07-05T23:40:00.000,1.39,317.51,1.03,-0.94
2026-07-05T23:50:00.000,2.98,175.19,-2.97,0.25
2026-07-06T00:00:00.000,6.42,167.17,-6.26,1.43
2026-07-06T00:10:00.000,19.77,167.31,-19.29,4.34
2026-07-06T00:20:00.000,15.73,162.6,-15.01,4.71
2026-07-06T00:30:00.000,5.26,166.13,-5.1,1.26
2026-07-06T00:40:00.000,5.9,222.6,-4.35,-4
2026-07-06T00:50:00.000,4.89,221.99,-3.63,-3.27
2026-07-06T01:00:00.000,4.2,222.64,-3.09,-2.85
2026-07-06T01:10:00.000,5.11,141.19,-3.98,3.2
2026-07-06T01:20:00.000,2.94,68.61,1.07,2.74
2026-07-06T01:30:00.000,3.99,21.38,3.72,1.46
2026-07-06T01:40:00.000,3.92,285.61,1.06,-3.78
2026-07-06T01:50:00.000,3.28,318.77,2.47,-2.16
2026-07-06T02:00:00.000,0.66,330.96,0.58,-0.32
2026-07-06T02:10:00.000,0.83,61.17,0.4,0.73
2026-07-06T02:20:00.000,4.3,95.37,-0.4,4.28
2026-07-06T02:30:00.000,9.44,107.33,-2.81,9.01
2026-07-06T02:40:00.000,6.07,106.26,-1.7,5.83
2026-07-06T02:50:00.000,1.17,27.88,1.04,0.55
2026-07-06T03:00:00.000,0.51,319.5,0.39,-0.33
2026-07-06T03:10:00.000,1.14,45.39,0.8,0.81
2026-07-06T03:20:00.000,9.83,84.54,0.93,9.79
2026-07-06T03:30:00.000,10.38,160.64,-9.8,3.44
2026-07-06T03:40:00.000,24.2,195.12,-23.36,-6.31
2026-07-06T03:50:00.000,28.4,201.05,-26.51,-10.2
2026-07-06T04:00:00.000,27.01,206.84,-24.1,-12.2
2026-07-06T04:10:00.000,27.81,201.72,-25.83,-10.29
2026-07-06T04:20:00.000,30.93,191.39,-30.32,-6.11
2026-07-06T04:30:00.000,28.4,177.94,-28.38,1.02
2026-07-06T04:40:00.000,23.31,193.14,-22.7,-5.3
2026-07-06T04:50:00.000,14.82,230.65,-9.4,-11.46
2026-07-06T05:00:00.000,4.53,229.49,-2.95,-3.45
2026-07-06T05:10:00.000,31.89,71.55,10.1,30.25
2026-07-06T05:20:00.000,23.72,75.66,5.88,22.98
2026-07-06T05:30:00.000,0.81,351.15,0.8,-0.12
2026-07-06T05:40:00.000,19.1,15.99,18.36,5.26
2026-07-06T05:50:00.000,6.39,25.52,5.76,2.75
2026-07-06T06:00:00.000,7.53,76.12,1.81,7.31
2026-07-06T06:10:00.000,24.45,163.13,-23.4,7.1
2026-07-06T06:20:00.000,27.31,181.75,-27.3,-0.83
2026-07-06T06:30:00.000,31.88,207.15,-28.37,-14.55
2026-07-06T06:40:00.000,21.72,246.35,-8.71,-19.9
2026-07-06T06:50:00.000,19.63,232.36,-11.99,-15.55
2026-07-06T07:00:00.000,20.89,187.9,-20.69,-2.87
2026-07-06T07:10:00.000,16.9,216.52,-13.58,-10.06
2026-07-06T07:20:00.000,10.9,248.25,-4.04,-10.12
2026-07-06T07:30:00.000,11.93,321.52,9.34,-7.43
2026-07-06T07:40:00.000,11.51,4.71,11.47,0.95
2026-07-06T07:50:00.000,3.98,38.49,3.11,2.48
2026-07-06T08:00:00.000,13.2,47.54,8.91,9.74
2026-07-06T08:10:00.000,15.95,29.15,13.93,7.77
2026-07-06T08:20:00.000,23.51,31.11,20.13,12.15
2026-07-06T08:30:00.000,30.25,22.3,27.99,11.48
2026-07-06T08:40:00.000,21.82,22.57,20.15,8.38
2026-07-06T08:50:00.000,25.09,34.29,20.73,14.14
2026-07-06T09:00:00.000,26.89,28.8,23.57,12.95
2026-07-06T09:10:00.000,28.32,23.32,26.01,11.21
2026-07-06T09:20:00.000,23.61,27.01,21.04,10.72
2026-07-06T09:30:00.000,25.01,38.12,19.68,15.44
2026-07-06T09:40:00.000,29.6,58.4,15.51,25.21
2026-07-06T09:50:00.000,21,42.79,15.41,14.26
2026-07-06T10:00:00.000,18.77,37.7,14.85,11.48
2026-07-06T10:10:00.000,15.28,35.17,12.49,8.8
2026-07-06T10:20:00.000,10.33,159.71,-9.69,3.58
2026-07-06T10:30:00.000,2.5,102.06,-0.52,2.44
2026-07-06T10:40:00.000,1.36,59,0.7,1.17
2026-07-06T10:50:00.000,1.84,10.03,1.81,0.32
2026-07-06T11:00:00.000,0.82,87.51,0.04,0.82
2026-07-06T11:10:00.000,2.12,108.37,-0.67,2.01
2026-07-06T11:20:00.000,3.96,12.59,3.87,0.86
2026-07-06T11:30:00.000,14.62,303.01,7.96,-12.26
2026-07-06T11:40:00.000,6.41,301.53,3.35,-5.47
2026-07-06T11:50:00.000,4.34,337.32,4.01,-1.67
2026-07-06T12:00:00.000,5.93,16.86,5.67,1.72
2026-07-06T12:10:00.000,4.43,73.45,1.26,4.25
2026-07-06T12:20:00.000,5.77,86.61,0.34,5.76
2026-07-06T12:30:00.000,8.12,139.57,-6.18,5.27
2026-07-06T12:40:00.000,0.3,192.86,-0.29,-0.07
2026-07-06T12:50:00.000,14.8,206.47,-13.25,-6.59
2026-07-06T13:00:00.000,16.27,198.8,-15.4,-5.24
2026-07-06T13:10:00.000,20.57,195.66,-19.8,-5.55
2026-07-06T13:20:00.000,20.06,187.12,-19.91,-2.49
2026-07-06T13:30:00.000,17.68,177.15,-17.65,0.88
2026-07-06T13:40:00.000,5.85,190.23,-5.76,-1.04
2026-07-06T13:50:00.000,1.81,172.92,-1.8,0.22
2026-07-06T14:00:00.000,1.61,179.91,-1.61,0
2026-07-06T14:10:00.000,3.62,226,-2.52,-2.6
2026-07-06T14:20:00.000,1.18,130.08,-0.76,0.9
2026-07-06T14:30:00.000,1.41,93.61,-0.09,1.41
2026-07-06T14:40:00.000,0.38,70.83,0.12,0.36
2026-07-06T14:50:00.000,0.34,46.54,0.23,0.25
2026-07-06T15:00:00.000,6.44,189.87,-6.34,-1.1
2026-07-06T15:10:00.000,19.7,174.4,-19.6,1.92
2026-07-06T15:20:00.000,25.83,178.8,-25.82,0.54
2026-07-06T15:30:00.000,22.95,187.67,-22.74,-3.06
2026-07-06T15:40:00.000,19.45,193.63,-18.91,-4.58
2026-07-06T15:50:00.000,18.99,184.22,-18.94,-1.4
2026-07-06T16:00:00.000,25.89,178.68,-25.88,0.6
2026-07-06T16:10:00.000,22.55,162.74,-21.53,6.69
2026-07-06T16:20:00.000,7.67,169.66,-7.55,1.38
2026-07-06T16:30:00.000,1.2,69.77,0.42,1.13
2026-07-06T16:40:00.000,26.56,61,12.88,23.23
2026-07-06T16:50:00.000,21.9,63.06,9.92,19.52
2026-07-06T17:00:00.000,14.94,75.72,3.69,14.48
2026-07-06T17:10:00.000,17.68,61.62,8.4,15.55
2026-07-06T17:20:00.000,7.14,17.09,6.83,2.1
2026-07-06T17:30:00.000,14.26,94.21,-1.05,14.22
2026-07-06T17:40:00.000,23.75,136.22,-17.15,16.43
2026-07-06T17:50:00.000,28.89,135.38,-20.57,20.3
2026-07-06T18:00:00.000,22.76,159.63,-21.33,7.92
2026-07-06T18:10:00.000,21.54,187.6,-21.35,-2.85
2026-07-06T18:20:00.000,7.39,278.32,1.07,-7.31
2026-07-06T18:30:00.000,15.15,337.1,13.96,-5.9
2026-07-06T18:40:00.000,7.1,325.17,5.82,-4.05
2026-07-06T18:50:00.000,3.83,353.36,3.8,-0.44
2026-07-06T19:00:00.000,11.35,36.29,9.15,6.72
2026-07-06T19:10:00.000,10.42,53.5,6.2,8.38
2026-07-06T19:20:00.000,15.69,37.48,12.45,9.54
2026-07-06T19:30:00.000,7.24,54.96,4.16,5.93
2026-07-06T19:40:00.000,5.71,72.71,1.7,5.45
2026-07-06T19:50:00.000,8.02,90.99,-0.14,8.02
2026-07-06T20:00:00.000,15.65,66.41,6.27,14.35
2026-07-06T20:10:00.000,19.08,68.18,7.09,17.71
2026-07-06T20:20:00.000,4.54,73.09,1.32,4.34
2026-07-06T20:30:00.000,17.04,355.56,16.99,-1.32
2026-07-06T20:40:00.000,18.18,6.17,18.07,1.95
2026-07-06T20:50:00.000,20.62,12.58,20.12,4.49
2026-07-06T21:00:00.000,22.04,17.67,21,6.69
2026-07-06T21:10:00.000,19.94,38.68,15.56,12.46
2026-07-06T21:20:00.000,17.03,19.56,16.05,5.7
2026-07-06T21:30:00.000,15.99,32.82,13.44,8.67
2026-07-06T21:40:00.000,17.4,20.01,16.35,5.95
2026-07-06T21:50:00.000,19.37,29.11,16.92,9.42
2026-07-06T22:00:00.000,20.98,33.17,17.56,11.48
2026-07-06T22:10:00.000,18.43,34.27,15.23,10.38
2026-07-06T22:20:00.000,16.47,36.86,13.18,9.88
2026-07-06T22:30:00.000,9.99,39.88,7.67,6.41
2026-07-06T22:40:00.000,5.55,51.32,3.47,4.33
2026-07-06T22:50:00.000,2.95,55.5,1.67,2.43
2026-07-06T23:00:00.000,2.74,112.09,-1.03,2.54
2026-07-06T23:10:00.000,3.47,220.77,-2.63,-2.27
2026-07-06T23:20:00.000,3.72,226.72,-2.55,-2.71
2026-07-06T23:30:00.000,14.28,212.37,-12.06,-7.64
2026-07-06T23:40:00.000,14.63,202.33,-13.53,-5.56
2026-07-06T23:50:00.000,14.42,188.9,-14.25,-2.23
2026-07-07T00:00:00.000,18.1,172.21,-17.93,2.45
2026-07-07T00:10:00.000,19.6,171.4,-19.38,2.93
2026-07-07T00:20:00.000,18.13,175.48,-18.07,1.43
2026-07-07T00:30:00.000,15.43,182.94,-15.41,-0.79
2026-07-07T00:40:00.000,13.51,186.61,-13.42,-1.56
2026-07-07T00:50:00.000,9.53,199.85,-8.97,-3.24
2026-07-07T01:00:00.000,11.76,187.9,-11.65,-1.62
2026-07-07T01:10:00.000,7.76,185.33,-7.72,-0.72
2026-07-07T01:20:00.000,5.66,213.73,-4.71,-3.14
2026-07-07T01:30:00.000,3.54,236.29,-1.96,-2.94
2026-07-07T01:40:00.000,3.87,225.99,-2.69,-2.78
2026-07-07T01:50:00.000,0.57,183.74,-0.57,-0.04
2026-07-07T02:00:00.000,2.37,229.94,-1.53,-1.82
2026-07-07T02:10:00.000,4.87,286.95,1.42,-4.66
2026-07-07T02:20:00.000,2.45,285.3,0.65,-2.36
2026-07-07T02:30:00.000,4.46,191.06,-4.38,-0.86
2026-07-07T02:40:00.000,7.95,200.19,-7.46,-2.74
2026-07-07T02:50:00.000,19.39,181.97,-19.38,-0.67
2026-07-07T03:00:00.000,31,192.51,-30.26,-6.72
2026-07-07T03:10:00.000,36.69,193.22,-35.71,-8.39
2026-07-07T03:20:00.000,37.5,197.93,-35.68,-11.55
2026-07-07T03:30:00.000,29.08,185.67,-28.94,-2.87
2026-07-07T03:40:00.000,19.36,163.49,-18.57,5.5
2026-07-07T03:50:00.000,8.94,180.5,-8.94,-0.08
2026-07-07T04:00:00.000,12.19,227.8,-8.19,-9.03
2026-07-07T04:10:00.000,9.46,212.84,-7.95,-5.13
2026-07-07T04:20:00.000,0.69,278.68,0.1,-0.68
2026-07-07T04:30:00.000,6.27,19.93,5.89,2.14
2026-07-07T04:40:00.000,18.49,19.42,17.43,6.15
2026-07-07T04:50:00.000,20.42,47.65,13.75,15.09
2026-07-07T05:00:00.000,18.06,64.53,7.77,16.31
2026-07-07T05:10:00.000,21.72,70.64,7.2,20.49
2026-07-07T05:20:00.000,8.23,79.55,1.49,8.09
2026-07-07T05:30:00.000,5.94,204.21,-5.42,-2.44
2026-07-07T05:40:00.000,4.95,210.85,-4.25,-2.54
2026-07-07T05:50:00.000,0.28,71.07,0.09,0.27
2026-07-07T06:00:00.000,3.24,323.3,2.6,-1.94
2026-07-07T06:10:00.000,5.63,346.12,5.47,-1.35
2026-07-07T06:20:00.000,5.04,329.25,4.33,-2.58
2026-07-07T06:30:00.000,8.86,36.06,7.16,5.22
2026-07-07T06:40:00.000,6.8,30.77,5.84,3.48
2026-07-07T06:50:00.000,0.57,65.98,0.23,0.52
2026-07-07T07:00:00.000,1.61,194.73,-1.55,-0.41
2026-07-07T07:10:00.000,9.45,309.07,5.96,-7.34
2026-07-07T07:20:00.000,8.69,44.11,6.24,6.05
2026-07-07T07:30:00.000,19.26,36.11,15.56,11.35
2026-07-07T07:40:00.000,17.49,18.84,16.55,5.65
2026-07-07T07:50:00.000,21.93,23.89,20.05,8.88
2026-07-07T08:00:00.000,21.48,45.85,14.96,15.41
2026-07-07T08:10:00.000,16.93,26.14,15.19,7.46
2026-07-07T08:20:00.000,16.81,7.85,16.66,2.3
2026-07-07T08:30:00.000,21.94,50.72,13.89,16.99
2026-07-07T08:40:00.000,19.66,64.48,8.47,17.74
2026-07-07T08:50:00.000,23.56,77.34,5.16,22.99
2026-07-07T09:00:00.000,17.31,59.19,8.87,14.87
2026-07-07T09:10:00.000,18.47,69.41,6.5,17.29
2026-07-07T09:20:00.000,25.86,24.52,23.52,10.73
2026-07-07T09:30:00.000,24.23,37.54,19.22,14.77
2026-07-07T09:40:00.000,21.45,35.17,17.53,12.35
2026-07-07T09:50:00.000,21.12,31.86,17.94,11.15
2026-07-07T10:00:00.000,18.43,27.83,16.3,8.6
2026-07-07T10:10:00.000,16.89,31.05,14.47,8.71
2026-07-07T10:20:00.000,15.02,71.67,4.72,14.26
2026-07-07T10:30:00.000,7.11,47.86,4.77,5.27
2026-07-07T10:40:00.000,8.01,357.36,8,-0.37
2026-07-07T10:50:00.000,2.27,302.03,1.21,-1.93
2026-07-07T11:00:00.000,7.1,25.07,6.43,3.01
2026-07-07T11:10:00.000,0.76,344.72,0.74,-0.2
2026-07-07T11:20:00.000,0.28,155.23,-0.25,0.12
2026-07-07T11:30:00.000,4.43,239.7,-2.23,-3.82
2026-07-07T11:40:00.000,10.74,214.09,-8.89,-6.02
2026-07-07T11:50:00.000,10.57,196.4,-10.14,-2.99
2026-07-07T12:00:00.000,12.71,198.57,-12.05,-4.05
2026-07-07T12:10:00.000,28.58,190.27,-28.12,-5.1
2026-07-07T12:20:00.000,27.66,204.62,-25.14,-11.52
2026-07-07T12:30:00.000,20.65,195.48,-19.9,-5.51
2026-07-07T12:40:00.000,17.27,201.38,-16.08,-6.29
2026-07-07T12:50:00.000,13.83,195.34,-13.34,-3.66
2026-07-07T13:00:00.000,10.99,187.94,-10.88,-1.52
2026-07-07T13:10:00.000,8.66,180.92,-8.65,-0.14
2026-07-07T13:20:00.000,7.03,171.88,-6.95,0.99
2026-07-07T13:30:00.000,4.8,178.69,-4.8,0.11
2026-07-07T13:40:00.000,2.31,131.97,-1.55,1.72
2026-07-07T13:50:00.000,3.22,74.25,0.87,3.1
2026-07-07T14:00:00.000,5.18,76.91,1.17,5.04
2026-07-07T14:10:00.000,4.61,82.95,0.57,4.58
2026-07-07T14:20:00.000,1.88,8.79,1.86,0.29
2026-07-07T14:30:00.000,2.81,27.16,2.5,1.28
2026-07-07T14:40:00.000,5.49,165.37,-5.31,1.39
2026-07-07T14:50:00.000,10.24,197.68,-9.76,-3.11
2026-07-07T15:00:00.000,21.91,188.58,-21.67,-3.27
2026-07-07T15:10:00.000,18.42,178.66,-18.41,0.43
2026-07-07T15:20:00.000,18.71,162.85,-17.88,5.52
2026-07-07T15:30:00.000,13.62,142.33,-10.78,8.32
2026-07-07T15:40:00.000,5.99,106.23,-1.68,5.75
2026-07-07T15:50:00.000,9.21,62.15,4.3,8.14
2026-07-07T16:00:00.000,10.8,66.27,4.35,9.89
2026-07-07T16:10:00.000,10.08,22.77,9.3,3.9
2026-07-07T16:20:00.000,18.29,57.98,9.7,15.5
2026-07-07T16:30:00.000,9.98,51.98,6.15,7.86
2026-07-07T16:40:00.000,15.92,23.87,14.56,6.44
2026-07-07T16:50:00.000,18.08,49.78,11.67,13.8
2026-07-07T17:00:00.000,8.63,37.26,6.86,5.22
2026-07-07T17:10:00.000,14.05,32.91,11.79,7.63
2026-07-07T17:20:00.000,17.49,36.5,14.06,10.4
2026-07-07T17:30:00.000,25.94,29.29,22.63,12.69
2026-07-07T17:40:00.000,30.12,33.68,25.06,16.7
2026-07-07T17:50:00.000,29.85,26.87,26.63,13.49
2026-07-07T18:00:00.000,30.39,18.68,28.79,9.74
2026-07-07T18:10:00.000,22.09,349.67,21.73,-3.96
2026-07-07T18:20:00.000,5.1,301.25,2.64,-4.36
2026-07-07T18:30:00.000,6.59,182.68,-6.58,-0.31
2026-07-07T18:40:00.000,5.52,135.68,-3.95,3.86
2026-07-07T18:50:00.000,12.93,30.06,11.19,6.48
2026-07-07T19:00:00.000,13.71,23.82,12.54,5.54
2026-07-07T19:10:00.000,12.13,28.54,10.65,5.8
2026-07-07T19:20:00.000,13.9,16.22,13.35,3.88
2026-07-07T19:30:00.000,7.84,18.88,7.42,2.54
2026-07-07T19:40:00.000,6.89,4.76,6.87,0.57
2026-07-07T19:50:00.000,3.04,332.6,2.7,-1.4
2026-07-07T20:00:00.000,0.25,323.26,0.2,-0.15
2026-07-07T20:10:00.000,3.4,65.88,1.39,3.1
2026-07-07T20:20:00.000,5,106.83,-1.45,4.78
2026-07-07T20:30:00.000,9.71,125.4,-5.62,7.91
2026-07-07T20:40:00.000,8.17,103.24,-1.87,7.95
2026-07-07T20:50:00.000,7.57,78.91,1.46,7.43
2026-07-07T21:00:00.000,3.26,78.82,0.63,3.2
2026-07-07T21:10:00.000,3.9,11.27,3.83,0.76
2026-07-07T21:20:00.000,9.6,305.66,5.6,-7.8
2026-07-07T21:30:00.000,8.34,295.36,3.57,-7.53
2026-07-07T21:40:00.000,2.81,267.38,-0.13,-2.81
2026-07-07T21:50:00.000,2.38,209.65,-2.07,-1.18
2026-07-07T22:00:00.000,2.78,206.56,-2.49,-1.24
2026-07-07T22:10:00.000,5.34,199.45,-5.03,-1.78
2026-07-07T22:20:00.000,5.93,185.81,-5.9,-0.6
2026-07-07T22:30:00.000,9.22,179.07,-9.22,0.15
2026-07-07T22:40:00.000,11.94,178.26,-11.93,0.36
2026-07-07T22:50:00.000,11.16,166.44,-10.85,2.62
2026-07-07T23:00:00.000,10.99,168.8,-10.78,2.13
2026-07-07T23:10:00.000,13.04,171.75,-12.9,1.87
2026-07-07T23:20:00.000,11.1,213.5,-9.25,-6.12
2026-07-07T23:30:00.000,14.04,229.18,-9.18,-10.62
2026-07-07T23:40:00.000,11.85,233.57,-7.04,-9.54
2026-07-07T23:50:00.000,8.74,221.34,-6.56,-5.78
2026-07-08T00:00:00.000,7.76,210.95,-6.66,-3.99
2026-07-08T00:10:00.000,5.66,165.15,-5.47,1.45
2026-07-08T00:20:00.000,6.03,134.3,-4.21,4.32
2026-07-08T00:30:00.000,10.45,115.23,-4.45,9.45
2026-07-08T00:40:00.000,6.08,87.5,0.26,6.08
2026-07-08T00:50:00.000,4.65,71.58,1.47,4.41
2026-07-08T01:00:00.000,0.52,92.02,-0.02,0.52
2026-07-08T01:10:00.000,1.06,338.73,0.99,-0.38
2026-07-08T01:20:00.000,3.88,336.57,3.56,-1.54
2026-07-08T01:30:00.000,0.66,277.48,0.09,-0.65
2026-07-08T01:40:00.000,0.67,37.7,0.53,0.41
2026-07-08T01:50:00.000,4.2,359.47,4.2,-0.04
2026-07-08T02:00:00.000,2.54,345.32,2.46,-0.64
2026-07-08T02:10:00.000,5.8,3.71,5.78,0.37
2026-07-08T02:20:00.000,2.77,14.88,2.68,0.71
2026-07-08T02:30:00.000,5.07,21.84,4.7,1.88
2026-07-08T02:40:00.000,3.83,62.17,1.79,3.39
2026-07-08T02:50:00.000,3.15,69.48,1.1,2.95
2026-07-08T03:00:00.000,2.92,96.39,-0.32,2.9
2026-07-08T03:10:00.000,4.93,109.95,-1.68,4.63
2026-07-08T03:20:00.000,5.25,133.06,-3.58,3.84
2026-07-08T03:30:00.000,5.19,160.97,-4.91,1.69
2026-07-08T03:40:00.000,5.43,172.96,-5.39,0.67
2026-07-08T03:50:00.000,4.72,183.81,-4.71,-0.31
2026-07-08T04:00:00.000,11.95,169.19,-11.74,2.24
2026-07-08T04:10:00.000,7.23,167.02,-7.05,1.62
2026-07-08T04:20:00.000,7.28,180.71,-7.28,-0.09
2026-07-08T04:30:00.000,5.08,203.07,-4.67,-1.99
2026-07-08T04:40:00.000,4.44,189.2,-4.39,-0.71
2026-07-08T04:50:00.000,13.02,184.8,-12.97,-1.09
2026-07-08T05:00:00.000,12.63,191.11,-12.4,-2.43
2026-07-08T05:10:00.000,7.37,220.88,-5.58,-4.83
2026-07-08T05:20:00.000,1.45,203.45,-1.33,-0.58
2026-07-08T05:30:00.000,2.86,127.14,-1.73,2.28
2026-07-08T05:40:00.000,3.34,97.39,-0.43,3.31
2026-07-08T05:50:00.000,6.22,65.7,2.56,5.67
2026-07-08T06:00:00.000,4.86,35,3.98,2.79
2026-07-08T06:10:00.000,7.47,63.37,3.35,6.68
2026-07-08T06:20:00.000,6.43,53.4,3.84,5.17
2026-07-08T06:30:00.000,17.12,39.79,13.15,10.96
2026-07-08T06:40:00.000,28.96,41.71,21.62,19.27
2026-07-08T06:50:00.000,36.47,56.74,20,30.5
2026-07-08T07:00:00.000,30.5,41.47,22.85,20.19
2026-07-08T07:10:00.000,24.25,50.75,15.34,18.78
2026-07-08T07:20:00.000,19.13,24.13,17.46,7.82
2026-07-08T07:30:00.000,17.93,17.68,17.08,5.44
2026-07-08T07:40:00.000,12.55,30.25,10.84,6.32
2026-07-08T07:50:00.000,5.94,22.2,5.5,2.24
2026-07-08T08:00:00.000,10.16,357.88,10.16,-0.38
2026-07-08T08:10:00.000,3.21,69.96,1.1,3.02
2026-07-08T08:20:00.000,11.9,111.61,-4.38,11.06
2026-07-08T08:30:00.000,9.16,61.14,4.42,8.02
2026-07-08T08:40:00.000,10.55,348.35,10.33,-2.13
2026-07-08T08:50:00.000,3.22,21.41,2.99,1.17
2026-07-08T09:00:00.000,10.77,58.83,5.57,9.21
2026-07-08T09:10:00.000,16.31,48.28,10.85,12.18
2026-07-08T09:20:00.000,19.11,24.96,17.33,8.06
2026-07-08T09:30:00.000,18.36,16.27,17.62,5.14
2026-07-08T09:40:00.000,17.27,7.4,17.13,2.22
2026-07-08T09:50:00.000,12.37,14.53,11.97,3.1
2026-07-08T10:00:00.000,8.79,31.46,7.5,4.59
2026-07-08T10:10:00.000,5.54,23.1,5.1,2.18
2026-07-08T10:20:00.000,4.81,22.16,4.45,1.81
2026-07-08T10:30:00.000,1.64,3.89,1.63,0.11
2026-07-08T10:40:00.000,0.3,21.12,0.28,0.11
2026-07-08T10:50:00.000,0.75,332.51,0.66,-0.35
2026-07-08T11:00:00.000,1.51,316.29,1.09,-1.04
2026-07-08T11:10:00.000,0.38,21.61,0.35,0.14
2026-07-08T11:20:00.000,0.4,37.65,0.32,0.24
2026-07-08T11:30:00.000,1.97,2.03,1.97,0.07
2026-07-08T11:40:00.000,2.8,10.77,2.75,0.52
2026-07-08T11:50:00.000,3.76,6.93,3.73,0.45
2026-07-08T12:00:00.000,4.1,9.76,4.04,0.69
2026-07-08T12:10:00.000,4.74,18.67,4.49,1.52
2026-07-08T12:20:00.000,5.9,14.08,5.73,1.44
2026-07-08T12:30:00.000,5.31,358,5.31,-0.19
2026-07-08T12:40:00.000,3.33,338.07,3.09,-1.24
2026-07-08T12:50:00.000,0.32,79.95,0.06,0.32
2026-07-08T13:00:00.000,1.03,112.93,-0.4,0.94
2026-07-08T13:10:00.000,0.68,305.16,0.39,-0.56
2026-07-08T13:20:00.000,0.3,62.87,0.14,0.27
2026-07-08T13:30:00.000,6.38,152.32,-5.65,2.96
2026-07-08T13:40:00.000,7.87,177.37,-7.86,0.36
2026-07-08T13:50:00.000,5.41,196.46,-5.19,-1.53
2026-07-08T14:00:00.000,4.72,200.1,-4.43,-1.62
2026-07-08T14:10:00.000,3.5,211.46,-2.98,-1.83
2026-07-08T14:20:00.000,6.16,160.89,-5.82,2.02
2026-07-08T14:30:00.000,4.61,138.59,-3.46,3.05
2026-07-08T14:40:00.000,3.59,95.04,-0.32,3.58
2026-07-08T14:50:00.000,3.77,60.19,1.87,3.27
2026-07-08T15:00:00.000,3.86,75.51,0.97,3.73
2026-07-08T15:10:00.000,0.84,43.06,0.61,0.57
2026-07-08T15:20:00.000,6.27,316.55,4.55,-4.31
2026-07-08T15:30:00.000,2.19,225.96,-1.52,-1.58
2026-07-08T15:40:00.000,21.08,190.09,-20.75,-3.69
2026-07-08T15:50:00.000,22.19,181.39,-22.18,-0.54
2026-07-08T16:00:00.000,20.43,171.48,-20.2,3.03
2026-07-08T16:10:00.000,20.04,185.85,-19.94,-2.04
2026-07-08T16:20:00.000,17.88,182.52,-17.87,-0.79
2026-07-08T16:30:00.000,14.38,176.98,-14.36,0.76
2026-07-08T16:40:00.000,8,177.93,-8,0.29
2026-07-08T16:50:00.000,2.41,177.25,-2.4,0.12
2026-07-08T17:00:00.000,0.53,219.25,-0.41,-0.33
2026-07-08T17:10:00.000,5.7,56.93,3.11,4.78
2026-07-08T17:20:00.000,8.54,40.91,6.45,5.59
2026-07-08T17:30:00.000,13.38,60.44,6.6,11.64
2026-07-08T17:40:00.000,12.92,47.49,8.73,9.53
2026-07-08T17:50:00.000,17.89,43.44,12.99,12.3
2026-07-08T18:00:00.000,21.21,55.63,11.97,17.51
2026-07-08T18:10:00.000,20.73,74.49,5.54,19.97
2026-07-08T18:20:00.000,10.65,56.31,5.91,8.86
2026-07-08T18:30:00.000,7.82,22.95,7.2,3.05
2026-07-08T18:40:00.000,10.64,355.48,10.61,-0.84
2026-07-08T18:50:00.000,6.51,21.53,6.06,2.39
2026-07-08T19:00:00.000,2.45,37.3,1.95,1.49
2026-07-08T19:10:00.000,8.24,2.76,8.23,0.4
2026-07-08T19:20:00.000,5.11,338.92,4.77,-1.84
2026-07-08T19:30:00.000,1.78,279.81,0.3,-1.76
2026-07-08T19:40:00.000,1.46,330.8,1.27,-0.71
2026-07-08T19:50:00.000,4.79,10,4.72,0.83
2026-07-08T20:00:00.000,5.11,24.58,4.65,2.13
2026-07-08T20:10:00.000,5.48,61.08,2.65,4.8
2026-07-08T20:20:00.000,4.78,65.09,2.01,4.34
2026-07-08T20:30:00.000,2.38,1.51,2.38,0.06
2026-07-08T20:40:00.000,2.7,302,1.43,-2.29
2026-07-08T20:50:00.000,0.19,23.51,0.18,0.08
2026-07-08T21:00:00.000,0.78,130.14,-0.51,0.6
2026-07-08T21:10:00.000,2.21,169.88,-2.17,0.39
2026-07-08T21:20:00.000,2.58,174.8,-2.57,0.23
2026-07-08T21:30:00.000,3.96,177.72,-3.95,0.16
2026-07-08T21:40:00.000,0.96,155.24,-0.87,0.4
2026-07-08T21:50:00.000,0.13,124.01,-0.07,0.11
2026-07-08T22:00:00.000,0.94,79.24,0.18,0.93
2026-07-08T22:10:00.000,3.86,44.21,2.77,2.69
2026-07-08T22:20:00.000,7.06,39.66,5.44,4.51
2026-07-08T22:30:00.000,6.14,64.96,2.6,5.57
2026-07-08T22:40:00.000,7.98,37.5,6.33,4.86
2026-07-08T22:50:00.000,7.63,31.49,6.51,3.99
2026-07-08T23:00:00.000,12.4,13.24,12.07,2.84
2026-07-08T23:10:00.000,11.72,16.14,11.26,3.26
2026-07-08T23:20:00.000,10.44,8.87,10.32,1.61
2026-07-08T23:30:00.000,9.27,4.3,9.24,0.69
2026-07-08T23:40:00.000,7.12,9.82,7.01,1.21
2026-07-08T23:50:00.000,4.41,33.75,3.66,2.45
2026-07-09T00:00:00.000,2,99.15,-0.32,1.98
2026-07-09T00:10:00.000,4.71,93.95,-0.32,4.7
2026-07-09T00:20:00.000,1.27,148.59,-1.08,0.66
2026-07-09T00:30:00.000,2.6,160.78,-2.45,0.85
2026-07-09T00:40:00.000,4.56,181.74,-4.55,-0.14
2026-07-09T00:50:00.000,9.59,197.06,-9.16,-2.81
2026-07-09T01:00:00.000,13.18,209.96,-11.41,-6.58
2026-07-09T01:10:00.000,14.46,208.94,-12.66,-7
2026-07-09T01:20:00.000,14.14,195.05,-13.66,-3.67
2026-07-09T01:30:00.000,10.88,173.02,-10.8,1.32
2026-07-09T01:40:00.000,10.04,162.98,-9.6,2.94
2026-07-09T01:50:00.000,9.16,163.19,-8.77,2.65
2026-07-09T02:00:00.000,6.07,144.65,-4.95,3.51
2026-07-09T02:10:00.000,4.81,133.35,-3.3,3.5
2026-07-09T02:20:00.000,0.17,306.92,0.1,-0.13
2026-07-09T02:30:00.000,3.21,12.94,3.13,0.72
2026-07-09T02:40:00.000,16.07,41.88,11.96,10.73
2026-07-09T02:50:00.000,10.35,46.89,7.07,7.56
2026-07-09T03:00:00.000,7.22,28.43,6.35,3.44
2026-07-09T03:10:00.000,5.39,3.16,5.38,0.3
2026-07-09T03:20:00.000,6.69,300.19,3.37,-5.79
2026-07-09T03:30:00.000,4.53,283.28,1.04,-4.41
2026-07-09T03:40:00.000,3.02,236.02,-1.69,-2.5
2026-07-09T03:50:00.000,1.9,207.36,-1.69,-0.88
2026-07-09T04:00:00.000,4.8,177.33,-4.8,0.22
2026-07-09T04:10:00.000,6.22,157.1,-5.73,2.42
2026-07-09T04:20:00.000,9.13,174,-9.08,0.95
2026-07-09T04:30:00.000,8.07,171.7,-7.98,1.16
2026-07-09T04:40:00.000,8.25,171.65,-8.16,1.2
2026-07-09T04:50:00.000,7.57,170.08,-7.46,1.3
2026-07-09T05:00:00.000,12.7,174.78,-12.65,1.15
2026-07-09T05:10:00.000,19.82,176.45,-19.78,1.23
2026-07-09T05:20:00.000,26.2,174.27,-26.07,2.62
2026-07-09T05:30:00.000,30.85,194.5,-29.87,-7.72
2026-07-09T05:40:00.000,28.85,191.72,-28.25,-5.86
2026-07-09T05:50:00.000,23.56,187.21,-23.37,-2.96
2026-07-09T06:00:00.000,21.36,176.12,-21.31,1.45
2026-07-09T06:10:00.000,27.13,173.01,-26.93,3.3
2026-07-09T06:20:00.000,30.39,191.91,-29.74,-6.27
2026-07-09T06:30:00.000,33.88,197.65,-32.29,-10.27
2026-07-09T06:40:00.000,25.79,184.41,-25.72,-1.98
2026-07-09T06:50:00.000,27.75,175.5,-27.66,2.18
2026-07-09T07:00:00.000,20.54,159.19,-19.2,7.3
2026-07-09T07:10:00.000,12.19,99.25,-1.96,12.03
2026-07-09T07:20:00.000,5.53,58.64,2.88,4.72
2026-07-09T07:30:00.000,21.2,77.56,4.57,20.7
2026-07-09T07:40:00.000,25.13,101.49,-5,24.62
2026-07-09T07:50:00.000,5.68,114.26,-2.33,5.18
2026-07-09T08:00:00.000,4.68,341.77,4.44,-1.46
2026-07-09T08:10:00.000,14.33,18.31,13.6,4.5
2026-07-09T08:20:00.000,8.65,19.84,8.14,2.94
2026-07-09T08:30:00.000,6.61,21.27,6.16,2.4
2026-07-09T08:40:00.000,15.17,9.73,14.95,2.56
2026-07-09T08:50:00.000,9.22,40.56,7,5.99
2026-07-09T09:00:00.000,5.37,60.13,2.67,4.65
2026-07-09T09:10:00.000,3.36,94.37,-0.26,3.35
2026-07-09T09:20:00.000,0.58,127.01,-0.35,0.47
2026-07-09T09:30:00.000,1.11,297.62,0.51,-0.98
2026-07-09T09:40:00.000,8.06,330.92,7.04,-3.92
2026-07-09T09:50:00.000,10.84,344.41,10.44,-2.91
2026-07-09T10:00:00.000,17.71,52.89,10.69,14.12
2026-07-09T10:10:00.000,21.01,80.15,3.6,20.7
2026-07-09T10:20:00.000,10.72,93.52,-0.66,10.7
2026-07-09T10:30:00.000,5.03,63.46,2.25,4.5
2026-07-09T10:40:00.000,9.65,337.69,8.93,-3.66
2026-07-09T10:50:00.000,13.83,28.9,12.11,6.68
2026-07-09T11:00:00.000,16.25,60.88,7.91,14.19
2026-07-09T11:10:00.000,16.72,41.46,12.53,11.07
2026-07-09T11:20:00.000,16.54,31.8,14.05,8.71
2026-07-09T11:30:00.000,19.46,26.97,17.34,8.83
2026-07-09T11:40:00.000,16.79,31.62,14.29,8.8
2026-07-09T11:50:00.000,17.14,30.11,14.82,8.6
2026-07-09T12:00:00.000,15.15,23.15,13.93,5.96
2026-07-09T12:10:00.000,13.4,23.1,12.33,5.26
2026-07-09T12:20:00.000,10.26,37.8,8.11,6.29
2026-07-09T12:30:00.000,4.89,20.85,4.57,1.74
2026-07-09T12:40:00.000,5.5,37.54,4.36,3.35
2026-07-09T12:50:00.000,8.52,46.57,5.86,6.19
2026-07-09T13:00:00.000,13.18,53,7.93,10.53
2026-07-09T13:10:00.000,11.75,39.19,9.11,7.43
2026-07-09T13:20:00.000,5.77,29.08,5.04,2.8
2026-07-09T13:30:00.000,7.99,34.52,6.59,4.53
2026-07-09T13:40:00.000,9.9,37.8,7.83,6.07
2026-07-09T13:50:00.000,9.85,49.13,6.45,7.45
2026-07-09T14:00:00.000,8.78,70.7,2.9,8.29
2026-07-09T14:10:00.000,10.99,71.24,3.53,10.4
2026-07-09T14:20:00.000,10.57,59.69,5.33,9.12
2026-07-09T14:30:00.000,5.63,56.09,3.14,4.67
2026-07-09T14:40:00.000,5.87,29.55,5.1,2.89
2026-07-09T14:50:00.000,6.31,6.54,6.26,0.72
2026-07-09T15:00:00.000,7.5,350.08,7.38,-1.29
2026-07-09T15:10:00.000,5.84,2.52,5.83,0.26
2026-07-09T15:20:00.000,2.92,355.08,2.91,-0.25
2026-07-09T15:30:00.000,1.98,353.58,1.97,-0.22
2026-07-09T15:40:00.000,0.33,70.41,0.11,0.31
2026-07-09T15:50:00.000,0.89,114.27,-0.37,0.81
2026-07-09T16:00:00.000,0.42,150.5,-0.36,0.21
2026-07-09T16:10:00.000,0.6,96.89,-0.07,0.59
2026-07-09T16:20:00.000,4.6,80.99,0.72,4.54
2026-07-09T16:30:00.000,2.02,116.12,-0.89,1.82
2026-07-09T16:40:00.000,3.04,180.64,-3.04,-0.03
2026-07-09T16:50:00.000,9.77,201.46,-9.1,-3.58
2026-07-09T17:00:00.000,20.19,202.22,-18.7,-7.64
2026-07-09T17:10:00.000,24.21,197.38,-23.11,-7.23
2026-07-09T17:20:00.000,28.97,184.05,-28.9,-2.05
2026-07-09T17:30:00.000,26.28,177.26,-26.25,1.26
2026-07-09T17:40:00.000,26.1,187.29,-25.88,-3.31
2026-07-09T17:50:00.000,20.25,206.89,-18.06,-9.16
2026-07-09T18:00:00.000,18.7,217.41,-14.85,-11.36
2026-07-09T18:10:00.000,19.94,197.49,-19.02,-5.99
2026-07-09T18:20:00.000,17.78,167.96,-17.39,3.71
2026-07-09T18:30:00.000,18.75,159.93,-17.61,6.43
2026-07-09T18:40:00.000,15.93,153.73,-14.29,7.05
2026-07-09T18:50:00.000,10.31,148.9,-8.83,5.33
2026-07-09T19:00:00.000,9.14,143.29,-7.32,5.46
2026-07-09T19:10:00.000,8.16,67.54,3.12,7.54
2026-07-09T19:20:00.000,17.49,12.39,17.08,3.75
2026-07-09T19:30:00.000,14.92,41.32,11.21,9.85
2026-07-09T19:40:00.000,16.45,37.21,13.1,9.95
2026-07-09T19:50:00.000,5.05,56.93,2.75,4.23
2026-07-09T20:00:00.000,4.73,56.85,2.59,3.96
2026-07-09T20:10:00.000,4.04,79.39,0.74,3.97
2026-07-09T20:20:00.000,1.38,67.66,0.52,1.27
2026-07-09T20:30:00.000,1.58,86.79,0.09,1.58
2026-07-09T20:40:00.000,0.17,67.83,0.06,0.16
2026-07-09T20:50:00.000,6.59,355.39,6.57,-0.53
2026-07-09T21:00:00.000,9.81,15.44,9.45,2.61
2026-07-09T21:10:00.000,9.5,20.92,8.87,3.39
2026-07-09T21:20:00.000,7.94,37.76,6.27,4.86
2026-07-09T21:30:00.000,4.41,54.48,2.56,3.59
2026-07-09T21:40:00.000,4.29,50.12,2.75,3.29
2026-07-09T21:50:00.000,6.94,3.71,6.93,0.45
2026-07-09T22:00:00.000,8.21,342.86,7.85,-2.42
2026-07-09T22:10:00.000,9.09,35.26,7.42,5.25
2026-07-09T22:20:00.000,7.26,55.18,4.15,5.96
2026-07-09T22:30:00.000,12.57,54.09,7.37,10.18
2026-07-09T22:40:00.000,16.84,41.65,12.58,11.19
2026-07-09T22:50:00.000,15.48,50.52,9.84,11.95
2026-07-09T23:00:00.000,12.83,24.54,11.67,5.33
2026-07-09T23:10:00.000,11.81,34.81,9.7,6.74
2026-07-09T23:20:00.000,13.8,41,10.41,9.05
2026-07-09T23:30:00.000,14.57,60.98,7.07,12.74
2026-07-09T23:40:00.000,15.56,47.96,10.42,11.56
2026-07-09T23:50:00.000,18.79,45.15,13.25,13.32
2026-07-10T00:00:00.000,20.85,50.83,13.17,16.16
2026-07-10T00:10:00.000,19.01,62.51,8.78,16.86
2026-07-10T00:20:00.000,15.96,62.65,7.33,14.18
2026-07-10T00:30:00.000,5.6,46.99,3.82,4.09
2026-07-10T00:40:00.000,14.89,10.23,14.65,2.64
2026-07-10T00:50:00.000,7.37,29.84,6.39,3.67
2026-07-10T01:00:00.000,6.2,34.09,5.13,3.48
2026-07-10T01:10:00.000,6.19,49.59,4.01,4.71
2026-07-10T01:20:00.000,5.54,77.87,1.16,5.42
2026-07-10T01:30:00.000,6.35,93.85,-0.43,6.33
2026-07-10T01:40:00.000,1.17,93.13,-0.06,1.17
2026-07-10T01:50:00.000,2.58,180.81,-2.58,-0.04
2026-07-10T02:00:00.000,2.22,210.39,-1.91,-1.12
2026-07-10T02:10:00.000,6.05,223.12,-4.41,-4.13
2026-07-10T02:20:00.000,7.4,244,-3.24,-6.65
2026-07-10T02:30:00.000,3.39,247.33,-1.31,-3.13
2026-07-10T02:40:00.000,3.68,298.71,1.77,-3.23
2026-07-10T02:50:00.000,1.12,302.77,0.61,-0.94
2026-07-10T03:00:00.000,0.54,309.11,0.34,-0.42
2026-07-10T03:10:00.000,0.17,319.75,0.13,-0.11
2026-07-10T03:20:00.000,0.06,243.11,-0.03,-0.05
2026-07-10T03:30:00.000,0.08,323.89,0.07,-0.05
2026-07-10T03:40:00.000,2.37,351.89,2.35,-0.33
2026-07-10T03:50:00.000,0.39,35.59,0.32,0.23
2026-07-10T04:00:00.000,2.06,43.36,1.5,1.41
2026-07-10T04:10:00.000,0.47,90.93,-0.01,0.47
2026-07-10T04:20:00.000,2.55,164.38,-2.46,0.69
2026-07-10T04:30:00.000,11.8,176.42,-11.78,0.74
2026-07-10T04:40:00.000,25.59,182.93,-25.56,-1.31
2026-07-10T04:50:00.000,32.96,191.39,-32.31,-6.51
2026-07-10T05:00:00.000,35.11,200.51,-32.89,-12.3
2026-07-10T05:10:00.000,42.09,192.71,-41.06,-9.26
2026-07-10T05:20:00.000,39.49,191.37,-38.71,-7.78
2026-07-10T05:30:00.000,39.13,189.54,-38.59,-6.49
2026-07-10T05:40:00.000,36.65,192.9,-35.73,-8.18
2026-07-10T05:50:00.000,33.72,197.67,-32.13,-10.23
2026-07-10T06:00:00.000,31.11,196.71,-29.79,-8.94
2026-07-10T06:10:00.000,30.17,72.57,9.04,28.79
2026-07-10T06:20:00.000,33.81,71.91,10.5,32.14
2026-07-10T06:30:00.000,47.46,67.64,18.05,43.89
2026-07-10T06:40:00.000,39.33,65.64,16.22,35.83
2026-07-10T06:50:00.000,29.97,63.21,13.51,26.76
2026-07-10T07:00:00.000,18.6,45.26,13.09,13.21
2026-07-10T07:10:00.000,20.52,44.58,14.62,14.41
2026-07-10T07:20:00.000,27.61,56.52,15.23,23.03
2026-07-10T07:30:00.000,26.88,71.33,8.61,25.47
2026-07-10T07:40:00.000,8.08,13.52,7.86,1.89
2026-07-10T07:50:00.000,24.95,25.84,22.45,10.87
2026-07-10T08:00:00.000,24.51,38.19,19.27,15.15
2026-07-10T08:10:00.000,24.52,50.2,15.7,18.84
2026-07-10T08:20:00.000,25.38,50.61,16.11,19.61
2026-07-10T08:30:00.000,20.83,42.29,15.41,14.01
2026-07-10T08:40:00.000,22.47,6.31,22.33,2.47
2026-07-10T08:50:00.000,20.2,28.66,17.73,9.69
2026-07-10T09:00:00.000,21.12,56.14,11.77,17.54
2026-07-10T09:10:00.000,18.61,61.53,8.87,16.36
2026-07-10T09:20:00.000,14.39,50.14,9.22,11.04
2026-07-10T09:30:00.000,16.97,32.93,14.24,9.23
2026-07-10T09:40:00.000,20.57,23.62,18.84,8.24
2026-07-10T09:50:00.000,23.66,31.66,20.14,12.42
2026-07-10T10:00:00.000,21.15,37.15,16.86,12.77
2026-07-10T10:10:00.000,21.82,35.54,17.76,12.69
2026-07-10T10:20:00.000,21.83,29.48,19,10.74
2026-07-10T10:30:00.000,16.98,347.61,16.59,-3.65
2026-07-10T10:40:00.000,16.56,18.79,15.68,5.34
2026-07-10T10:50:00.000,15.91,39.17,12.33,10.05
2026-07-10T11:00:00.000,12.3,41.72,9.18,8.18
2026-07-10T11:10:00.000,12.27,32.21,10.38,6.54
2026-07-10T11:20:00.000,16.24,32.67,13.68,8.77
2026-07-10T11:30:00.000,14.63,52.01,9.01,11.53
2026-07-10T11:40:00.000,13.96,55.77,7.85,11.54
2026-07-10T11:50:00.000,7.6,54.34,4.43,6.17
2026-07-10T12:00:00.000,3.78,36.59,3.03,2.25
2026-07-10T12:10:00.000,5.23,22.61,4.83,2.01
2026-07-10T12:20:00.000,16.9,25.59,15.24,7.3
2026-07-10T12:30:00.000,18.92,33.39,15.8,10.41
2026-07-10T12:40:00.000,5.76,19.64,5.42,1.94
2026-07-10T12:50:00.000,0.43,17.19,0.42,0.13
2026-07-10T13:00:00.000,2.99,172.85,-2.96,0.37
2026-07-10T13:10:00.000,18.58,184.88,-18.51,-1.58
2026-07-10T13:20:00.000,17.31,189.58,-17.07,-2.88
2026-07-10T13:30:00.000,17.86,196.09,-17.16,-4.95
2026-07-10T13:40:00.000,14.19,205.15,-12.85,-6.03
2026-07-10T13:50:00.000,18.34,198.33,-17.41,-5.77
2026-07-10T14:00:00.000,26.88,200.69,-25.14,-9.5
2026-07-10T14:10:00.000,28.82,202.26,-26.67,-10.92
2026-07-10T14:20:00.000,22.46,207.24,-19.97,-10.28
2026-07-10T14:30:00.000,19.89,189.09,-19.64,-3.14
2026-07-10T14:40:00.000,14.34,187.62,-14.22,-1.9
2026-07-10T14:50:00.000,13.94,191.61,-13.65,-2.81
2026-07-10T15:00:00.000,10.97,195.42,-10.57,-2.92
2026-07-10T15:10:00.000,16.92,191.93,-16.55,-3.5
2026-07-10T15:20:00.000,17.74,194.15,-17.2,-4.34
2026-07-10T15:30:00.000,17.62,185.44,-17.54,-1.67
2026-07-10T15:40:00.000,10.3,166.65,-10.03,2.38
2026-07-10T15:50:00.000,4.48,146.42,-3.73,2.48
2026-07-10T16:00:00.000,7.68,156.29,-7.04,3.09
2026-07-10T16:10:00.000,5.05,193.78,-4.9,-1.2
2026-07-10T16:20:00.000,10.26,231.71,-6.36,-8.05
2026-07-10T16:30:00.000,20.69,218.08,-16.29,-12.76
2026-07-10T16:40:00.000,18.68,208.5,-16.41,-8.91
2026-07-10T16:50:00.000,12.23,208.75,-10.72,-5.88
2026-07-10T17:00:00.000,20.6,192.29,-20.13,-4.38
2026-07-10T17:10:00.000,13.25,190.8,-13.02,-2.48
2026-07-10T17:20:00.000,15.49,190.47,-15.23,-2.82
2026-07-10T17:30:00.000,14.95,191.69,-14.64,-3.03
2026-07-10T17:40:00.000,18.91,201.74,-17.57,-7.01
2026-07-10T17:50:00.000,20.71,217.97,-16.32,-12.74
2026-07-10T18:00:00.000,17.95,218.33,-14.08,-11.13
2026-07-10T18:10:00.000,14.29,199.73,-13.45,-4.82
2026-07-10T18:20:00.000,12.31,189.74,-12.14,-2.08
2026-07-10T18:30:00.000,9.4,193.82,-9.13,-2.25
2026-07-10T18:40:00.000,5.15,188.8,-5.09,-0.79
2026-07-10T18:50:00.000,1.98,193.87,-1.93,-0.48
2026-07-10T19:00:00.000,9.68,72.78,2.86,9.24
2026-07-10T19:10:00.000,4.84,91.52,-0.13,4.83
2026-07-10T19:20:00.000,10.28,98.66,-1.55,10.17
2026-07-10T19:30:00.000,5.97,157.05,-5.49,2.33
2026-07-10T19:40:00.000,8.33,241.56,-3.96,-7.32
2026-07-10T19:50:00.000,7.78,301.45,4.06,-6.64
2026-07-10T20:00:00.000,5.93,277.73,0.8,-5.87
2026-07-10T20:10:00.000,3.83,309.41,2.43,-2.96
2026-07-10T20:20:00.000,0.14,102.46,-0.03,0.14
2026-07-10T20:30:00.000,0.17,54.51,0.1,0.14
2026-07-10T20:40:00.000,0.83,4.19,0.82,0.06
2026-07-10T20:50:00.000,2.82,47.78,1.9,2.09
2026-07-10T21:00:00.000,0.91,11.77,0.89,0.19
2026-07-10T21:10:00.000,0.59,56.14,0.33,0.49
2026-07-10T21:20:00.000,0.44,40.57,0.33,0.29
2026-07-10T21:30:00.000,0.73,44.28,0.52,0.51
2026-07-10T21:40:00.000,4.26,9.85,4.2,0.73
2026-07-10T21:50:00.000,5.3,0.29,5.3,0.03
2026-07-10T22:00:00.000,4.96,0.36,4.96,0.03
2026-07-10T22:10:00.000,6.44,40.38,4.9,4.17
2026-07-10T22:20:00.000,7.45,52.54,4.53,5.91
2026-07-10T22:30:00.000,7.11,61.36,3.41,6.24
2026-07-10T22:40:00.000,7.16,76.89,1.62,6.98
2026-07-10T22:50:00.000,5.77,78.94,1.11,5.66
2026-07-10T23:00:00.000,4.89,40.05,3.75,3.15
2026-07-10T23:10:00.000,4.3,27.4,3.82,1.98
2026-07-10T23:20:00.000,1.86,357.66,1.86,-0.08
2026-07-10T23:30:00.000,1.89,335.98,1.72,-0.77
2026-07-10T23:40:00.000,7.1,327.02,5.96,-3.86
2026-07-10T23:50:00.000,2.85,305.19,1.64,-2.33
2026-07-11T00:00:00.000,2.43,346.78,2.37,-0.56
2026-07-11T00:10:00.000,0.23,43.87,0.16,0.16
2026-07-11T00:20:00.000,1.49,126.34,-0.88,1.2
2026-07-11T00:30:00.000,2.27,134.57,-1.59,1.62
2026-07-11T00:40:00.000,6.55,187.36,-6.5,-0.84
2026-07-11T00:50:00.000,6.5,221.65,-4.86,-4.32
2026-07-11T01:00:00.000,6.11,220.12,-4.67,-3.94
2026-07-11T01:10:00.000,5.3,204.24,-4.83,-2.18
2026-07-11T01:20:00.000,2.46,205.25,-2.23,-1.05
2026-07-11T01:30:00.000,5.58,0.04,5.58,0
2026-07-11T01:40:00.000,5.32,34.19,4.4,2.99
2026-07-11T01:50:00.000,6.16,42.57,4.54,4.17
2026-07-11T02:00:00.000,6.11,54.72,3.53,4.99
2026-07-11T02:10:00.000,7.47,54.05,4.39,6.05
2026-07-11T02:20:00.000,8.31,70.36,2.79,7.83
2026-07-11T02:30:00.000,4.16,74.03,1.14,4
2026-07-11T02:40:00.000,6.32,24.74,5.74,2.65
2026-07-11T02:50:00.000,6.3,27.79,5.58,2.94
2026-07-11T03:00:00.000,4.9,34.33,4.04,2.76
2026-07-11T03:10:00.000,4.94,42.4,3.65,3.33
2026-07-11T03:20:00.000,5.83,41.4,4.37,3.85
2026-07-11T03:30:00.000,4.91,20.86,4.59,1.75
2026-07-11T03:40:00.000,4.26,22.77,3.93,1.65
2026-07-11T03:50:00.000,3.79,56.12,2.11,3.15
2026-07-11T04:00:00.000,4.37,62.32,2.03,3.87
2026-07-11T04:10:00.000,1.7,117.91,-0.79,1.5
2026-07-11T04:20:00.000,0.43,164.88,-0.42,0.11
2026-07-11T04:30:00.000,6.11,198.71,-5.79,-1.96
2026-07-11T04:40:00.000,4.47,187.06,-4.44,-0.55
2026-07-11T04:50:00.000,0.63,166.38,-0.61,0.15
2026-07-11T05:00:00.000,2.49,53.48,1.48,2
2026-07-11T05:10:00.000,2.81,29.7,2.44,1.39
2026-07-11T05:20:00.000,3.44,57.61,1.84,2.91
2026-07-11T05:30:00.000,2.87,52.42,1.75,2.28
2026-07-11T05:40:00.000,2.85,40.89,2.15,1.87
2026-07-11T05:50:00.000,1.24,25.56,1.12,0.53
2026-07-11T06:00:00.000,0.89,57.42,0.48,0.75
2026-07-11T06:10:00.000,0.27,82.68,0.03,0.27
2026-07-11T06:20:00.000,0.62,104.15,-0.15,0.6
2026-07-11T06:30:00.000,2.37,45.64,1.66,1.69
2026-07-11T06:40:00.000,4.78,55.74,2.69,3.95
2026-07-11T06:50:00.000,8.1,55.66,4.57,6.69
2026-07-11T07:00:00.000,10.36,57.79,5.52,8.77
2026-07-11T07:10:00.000,7.13,16.26,6.84,2
2026-07-11T07:20:00.000,10.71,14.95,10.35,2.76
2026-07-11T07:30:00.000,9.01,38.88,7.01,5.65
2026-07-11T07:40:00.000,8.06,38.76,6.28,5.04
2026-07-11T07:50:00.000,11.5,34.75,9.45,6.55
2026-07-11T08:00:00.000,9.53,34.88,7.82,5.45
2026-07-11T08:10:00.000,9.9,20.81,9.25,3.52
2026-07-11T08:20:00.000,7.66,51.38,4.78,5.99
2026-07-11T08:30:00.000,7.05,24.3,6.42,2.9
2026-07-11T08:40:00.000,5.65,41,4.26,3.71
2026-07-11T08:50:00.000,6.18,23.6,5.66,2.47
2026-07-11T09:00:00.000,11.31,19.13,10.68,3.7
2026-07-11T09:10:00.000,14.53,20.53,13.61,5.1
2026-07-11T09:20:00.000,16.82,37.7,13.31,10.28
2026-07-11T09:30:00.000,17.26,37.45,13.7,10.5
2026-07-11T09:40:00.000,18.42,51.81,11.39,14.48
2026-07-11T09:50:00.000,19.85,54.82,11.44,16.22
2026-07-11T10:00:00.000,23.47,68.15,8.73,21.78
2026-07-11T10:10:00.000,16.99,50.75,10.75,13.16
2026-07-11T10:20:00.000,17.7,46.01,12.29,12.73
2026-07-11T10:30:00.000,12.65,44.65,9,8.89
2026-07-11T10:40:00.000,16.08,28.82,14.09,7.75
2026-07-11T10:50:00.000,13.9,15.27,13.41,3.66
2026-07-11T11:00:00.000,13.86,2.17,13.85,0.52
2026-07-11T11:10:00.000,12.58,18.16,11.95,3.92
2026-07-11T11:20:00.000,10.59,44.84,7.51,7.47
2026-07-11T11:30:00.000,13.14,52.34,8.03,10.4
2026-07-11T11:40:00.000,6,35.34,4.9,3.47
2026-07-11T11:50:00.000,5.44,355.23,5.42,-0.45
2026-07-11T12:00:00.000,2.62,349.4,2.58,-0.48
2026-07-11T12:10:00.000,0.24,353.65,0.24,-0.03
2026-07-11T12:20:00.000,1.72,151.44,-1.51,0.82
2026-07-11T12:30:00.000,6.47,180.91,-6.47,-0.1
2026-07-11T12:40:00.000,12.39,187.28,-12.29,-1.57
2026-07-11T12:50:00.000,14.83,186.75,-14.73,-1.74
2026-07-11T13:00:00.000,16.7,195.5,-16.09,-4.46
2026-07-11T13:10:00.000,16.76,199.58,-15.79,-5.62
2026-07-11T13:20:00.000,17.19,195.5,-16.57,-4.59
2026-07-11T13:30:00.000,20.3,201.52,-18.88,-7.45
2026-07-11T13:40:00.000,21.49,203.53,-19.71,-8.58
2026-07-11T13:50:00.000,20.97,205.66,-18.9,-9.08
2026-07-11T14:00:00.000,15.28,208.91,-13.37,-7.39
2026-07-11T14:10:00.000,18.16,198.53,-17.22,-5.77
2026-07-11T14:20:00.000,13.97,203.93,-12.77,-5.67
2026-07-11T14:30:00.000,11.26,203.5,-10.32,-4.49
2026-07-11T14:40:00.000,16.07,204.65,-14.61,-6.7
2026-07-11T14:50:00.000,15.15,209.13,-13.23,-7.37
2026-07-11T15:00:00.000,15.01,204.05,-13.71,-6.12
2026-07-11T15:10:00.000,15.32,207.5,-13.59,-7.08
2026-07-11T15:20:00.000,14.17,218.45,-11.1,-8.81
2026-07-11T15:30:00.000,11.15,226.6,-7.66,-8.1
2026-07-11T15:40:00.000,13.4,212.02,-11.36,-7.11
2026-07-11T15:50:00.000,15.22,184.43,-15.18,-1.18
2026-07-11T16:00:00.000,21.78,174,-21.66,2.28
2026-07-11T16:10:00.000,19.14,170.24,-18.87,3.25
2026-07-11T16:20:00.000,21.4,155.44,-19.47,8.9
2026-07-11T16:30:00.000,15.47,160.76,-14.61,5.1
2026-07-11T16:40:00.000,13.78,160.76,-13.01,4.54
2026-07-11T16:50:00.000,12.48,168.22,-12.22,2.55
2026-07-11T17:00:00.000,6.28,194.21,-6.09,-1.54
2026-07-11T17:10:00.000,15.69,230.44,-9.99,-12.09
2026-07-11T17:20:00.000,14.99,211.67,-12.75,-7.87
2026-07-11T17:30:00.000,13.85,204.98,-12.55,-5.85
2026-07-11T17:40:00.000,9.32,207.19,-8.29,-4.26
2026-07-11T17:50:00.000,8.89,211.01,-7.62,-4.58
2026-07-11T18:00:00.000,4.17,231.46,-2.6,-3.26
2026-07-11T18:10:00.000,2.69,289.81,0.91,-2.53
2026-07-11T18:20:00.000,2.34,283.12,0.53,-2.28
2026-07-11T18:30:00.000,5.09,334.6,4.59,-2.18
2026-07-11T18:40:00.000,3.19,16.81,3.05,0.92
2026-07-11T18:50:00.000,2.3,43.23,1.68,1.58
2026-07-11T19:00:00.000,1.29,129.82,-0.83,0.99
2026-07-11T19:10:00.000,3.45,135.15,-2.45,2.43
2026-07-11T19:20:00.000,4.65,143.84,-3.75,2.74
2026-07-11T19:30:00.000,1.7,212.74,-1.43,-0.92
2026-07-11T19:40:00.000,2.29,253.05,-0.67,-2.19
2026-07-11T19:50:00.000,0.19,272.65,0.01,-0.19
2026-07-11T20:00:00.000,1.97,313.29,1.35,-1.43
2026-07-11T20:10:00.000,1.42,289.58,0.47,-1.33
2026-07-11T20:20:00.000,0.34,200.23,-0.32,-0.12
2026-07-11T20:30:00.000,1.77,245.06,-0.75,-1.61
2026-07-11T20:40:00.000,2.57,272.05,0.09,-2.57
2026-07-11T20:50:00.000,0.04,78.8,0.01,0.04
2026-07-11T21:00:00.000,0.13,80.05,0.02,0.12
2026-07-11T21:10:00.000,0.47,91.94,-0.02,0.47
2026-07-11T21:20:00.000,3.87,110.76,-1.37,3.62
2026-07-11T21:30:00.000,3.82,99.21,-0.61,3.78
2026-07-11T21:40:00.000,0.25,76.08,0.06,0.24
2026-07-11T21:50:00.000,0.35,338.07,0.33,-0.13
2026-07-11T22:00:00.000,0.27,159.11,-0.25,0.1
2026-07-11T22:10:00.000,0.53,110.97,-0.19,0.5
2026-07-11T22:20:00.000,1.96,306.89,1.18,-1.57
2026-07-11T22:30:00.000,2.31,43.95,1.66,1.6
2026-07-11T22:40:00.000,3.78,52.58,2.3,3
2026-07-11T22:50:00.000,8.14,34.72,6.69,4.64
2026-07-11T23:00:00.000,7.57,50.3,4.84,5.83
2026-07-11T23:10:00.000,6.1,41.83,4.55,4.07
2026-07-11T23:20:00.000,7.08,41.05,5.34,4.65
2026-07-11T23:30:00.000,8.19,31.52,6.98,4.28
2026-07-11T23:40:00.000,9.64,47.98,6.45,7.16
2026-07-11T23:50:00.000,7.73,26.74,6.91,3.48
2026-07-12T00:00:00.000,9.65,18.35,9.16,3.04
2026-07-12T00:10:00.000,6.23,7.08,6.18,0.77
2026-07-12T00:20:00.000,7,32.45,5.91,3.76
2026-07-12T00:30:00.000,5.44,52.28,3.33,4.3
2026-07-12T00:40:00.000,0.68,36.99,0.54,0.41
2026-07-12T00:50:00.000,0.31,29.44,0.27,0.15
2026-07-12T01:00:00.000,0.07,212.46,-0.06,-0.04
2026-07-12T01:10:00.000,0.48,221.65,-0.36,-0.32
2026-07-12T01:20:00.000,0.89,192.9,-0.87,-0.2
2026-07-12T01:30:00.000,1.2,188.57,-1.19,-0.18
2026-07-12T01:40:00.000,5.45,186.97,-5.41,-0.66
2026-07-12T01:50:00.000,6.49,149.55,-5.59,3.29
2026-07-12T02:00:00.000,4.33,160.82,-4.09,1.42
2026-07-12T02:10:00.000,1.07,150.31,-0.93,0.53
2026-07-12T02:20:00.000,5.34,347.83,5.22,-1.13
2026-07-12T02:30:00.000,5.14,14.12,4.98,1.25
2026-07-12T02:40:00.000,2.7,34.3,2.23,1.52
2026-07-12T02:50:00.000,4.18,30.71,3.59,2.13
2026-07-12T03:00:00.000,7.18,18.64,6.8,2.29
2026-07-12T03:10:00.000,6.35,25.34,5.74,2.72
2026-07-12T03:20:00.000,6.4,8.02,6.34,0.89
2026-07-12T03:30:00.000,9.31,21.56,8.66,3.42
2026-07-12T03:40:00.000,6.2,29.47,5.4,3.05
2026-07-12T03:50:00.000,5.54,14.93,5.35,1.43
2026-07-12T04:00:00.000,4.41,33.91,3.66,2.46
2026-07-12T04:10:00.000,4.87,39.26,3.77,3.08
2026-07-12T04:20:00.000,4.57,49.75,2.95,3.49
2026-07-12T04:30:00.000,4.53,42.96,3.32,3.09
2026-07-12T04:40:00.000,3.01,37.18,2.4,1.82
2026-07-12T04:50:00.000,3.45,42.74,2.53,2.34
2026-07-12T05:00:00.000,2.43,45.55,1.7,1.73
2026-07-12T05:10:00.000,0.85,35.97,0.69,0.5
2026-07-12T05:20:00.000,0.45,40.51,0.34,0.29
2026-07-12T05:30:00.000,0.33,333.41,0.29,-0.15
2026-07-12T05:40:00.000,0.57,325.9,0.47,-0.32
2026-07-12T05:50:00.000,0.33,355.44,0.33,-0.03
2026-07-12T06:00:00.000,0.31,31.66,0.26,0.16
2026-07-12T06:10:00.000,0.77,337.06,0.71,-0.3
2026-07-12T06:20:00.000,0.88,269.87,0,-0.88
2026-07-12T06:30:00.000,1.98,346.23,1.93,-0.47
2026-07-12T06:40:00.000,1.23,8.57,1.22,0.18
2026-07-12T06:50:00.000,0.21,65.39,0.09,0.19
2026-07-12T07:00:00.000,2.69,192.69,-2.62,-0.59
2026-07-12T07:10:00.000,6.17,200.52,-5.78,-2.16
2026-07-12T07:20:00.000,9.64,190.68,-9.48,-1.79
2026-07-12T07:30:00.000,14.27,181.28,-14.27,-0.32
2026-07-12T07:40:00.000,13.57,185.2,-13.52,-1.23
2026-07-12T07:50:00.000,14.05,191.07,-13.79,-2.7
2026-07-12T08:00:00.000,15.56,196.57,-14.92,-4.44
2026-07-12T08:10:00.000,16.85,203.46,-15.45,-6.71
2026-07-12T08:20:00.000,14.82,205.45,-13.39,-6.37
2026-07-12T08:30:00.000,13.53,211.38,-11.55,-7.04
2026-07-12T08:40:00.000,8.47,229.63,-5.49,-6.45
2026-07-12T08:50:00.000,3.7,224.99,-2.61,-2.61
2026-07-12T09:00:00.000,1.14,187.48,-1.13,-0.15
2026-07-12T09:10:00.000,3.92,106.19,-1.09,3.76
2026-07-12T09:20:00.000,0.67,159.46,-0.63,0.24
2026-07-12T09:30:00.000,3.35,61.38,1.61,2.94
2026-07-12T09:40:00.000,3.6,85.37,0.29,3.59
2026-07-12T09:50:00.000,2,117.49,-0.92,1.78
2026-07-12T10:00:00.000,0.29,130.72,-0.19,0.22
2026-07-12T10:10:00.000,0.73,294.18,0.3,-0.66
2026-07-12T10:20:00.000,1.66,323.81,1.34,-0.98
2026-07-12T10:30:00.000,1.1,324.69,0.9,-0.64
2026-07-12T10:40:00.000,0.28,2.02,0.28,0.01
2026-07-12T10:50:00.000,5.85,5.27,5.82,0.54
2026-07-12T11:00:00.000,2.7,27.88,2.38,1.26
2026-07-12T11:10:00.000,0.44,73.1,0.13,0.42
2026-07-12T11:20:00.000,0.58,282.98,0.13,-0.56
2026-07-12T11:30:00.000,0.22,26.9,0.2,0.1
2026-07-12T11:40:00.000,1.34,179.33,-1.34,0.02
2026-07-12T11:50:00.000,2.44,201.01,-2.28,-0.88
2026-07-12T12:00:00.000,4.4,272.93,0.23,-4.4
2026-07-12T12:10:00.000,1.3,278.88,0.2,-1.28
2026-07-12T12:20:00.000,0.15,77.52,0.03,0.15
2026-07-12T12:30:00.000,0.94,127.67,-0.57,0.74
2026-07-12T12:40:00.000,4.03,85.7,0.3,4.02
2026-07-12T12:50:00.000,4.69,1.15,4.69,0.09
2026-07-12T13:00:00.000,4.29,358.36,4.29,-0.12
2026-07-12T13:10:00.000,6.83,336.64,6.27,-2.71
2026-07-12T13:20:00.000,4.23,10.34,4.16,0.76
2026-07-12T13:30:00.000,5.12,40.86,3.87,3.35
2026-07-12T13:40:00.000,8.07,38.25,6.34,4.99
2026-07-12T13:50:00.000,11.13,25.85,10.02,4.85
2026-07-12T14:00:00.000,12.66,46.13,8.77,9.12
2026-07-12T14:10:00.000,16.29,39.08,12.64,10.27
2026-07-12T14:20:00.000,13.62,36.73,10.92,8.14
2026-07-12T14:30:00.000,17.74,23.6,16.25,7.1
2026-07-12T14:40:00.000,15.63,32.26,13.21,8.34
2026-07-12T14:50:00.000,13.36,41.47,10.01,8.85
2026-07-12T15:00:00.000,7.72,42.04,5.73,5.17
2026-07-12T15:10:00.000,6.57,1.49,6.57,0.17
2026-07-12T15:20:00.000,3.6,350.31,3.55,-0.61
2026-07-12T15:30:00.000,3.91,17.07,3.74,1.15
2026-07-12T15:40:00.000,4.13,7.65,4.1,0.55
2026-07-12T15:50:00.000,4.14,6.39,4.11,0.46
2026-07-12T16:00:00.000,4.75,8.89,4.7,0.73
2026-07-12T16:10:00.000,4.16,34.04,3.45,2.33
2026-07-12T16:20:00.000,4.66,65.32,1.95,4.24
2026-07-12T16:30:00.000,3.94,68.23,1.46,3.66
2026-07-12T16:40:00.000,4.47,90.69,-0.05,4.47
2026-07-12T16:50:00.000,2.17,66.81,0.86,2
2026-07-12T17:00:00.000,0.41,331.35,0.36,-0.2
2026-07-12T17:10:00.000,2.38,250.06,-0.81,-2.23
2026-07-12T17:20:00.000,0.75,313.64,0.52,-0.54
2026-07-12T17:30:00.000,1.77,226.29,-1.23,-1.28
2026-07-12T17:40:00.000,0.66,194.24,-0.64,-0.16
2026-07-12T17:50:00.000,1.57,166.07,-1.52,0.38
2026-07-12T18:00:00.000,1.6,147.41,-1.35,0.86
2026-07-12T18:10:00.000,2.58,48.65,1.7,1.94
2026-07-12T18:20:00.000,2.78,341.03,2.62,-0.9
2026-07-12T18:30:00.000,4.16,20.1,3.91,1.43
2026-07-12T18:40:00.000,1.21,1.56,1.21,0.03
2026-07-12T18:50:00.000,1.56,11.54,1.53,0.31
2026-07-12T19:00:00.000,2,16.78,1.92,0.58
2026-07-12T19:10:00.000,5.88,27.34,5.22,2.7
2026-07-12T19:20:00.000,6.07,25.81,5.47,2.64
2026-07-12T19:30:00.000,5.37,27.39,4.77,2.47
2026-07-12T19:40:00.000,6.52,33.97,5.41,3.64
2026-07-12T19:50:00.000,6.17,51.47,3.84,4.83
2026-07-12T20:00:00.000,6.57,51.28,4.11,5.12
2026-07-12T20:10:00.000,5.64,55.64,3.19,4.66
2026-07-12T20:20:00.000,5.76,61.43,2.76,5.06
2026-07-12T20:30:00.000,4.79,42.72,3.52,3.25
2026-07-12T20:40:00.000,4.93,50.28,3.15,3.8
2026-07-12T20:50:00.000,4.58,61.44,2.19,4.02
2026-07-12T21:00:00.000,2.54,96.17,-0.27,2.52
2026-07-12T21:10:00.000,0.51,90.69,-0.01,0.51
2026-07-12T21:20:00.000,1.42,3.25,1.42,0.08
2026-07-12T21:30:00.000,3.3,335.48,3,-1.37
2026-07-12T21:40:00.000,4.18,327.85,3.54,-2.23
2026-07-12T21:50:00.000,2.94,304.76,1.68,-2.41
2026-07-12T22:00:00.000,2.39,319.68,1.82,-1.54
2026-07-12T22:10:00.000,1.32,269.04,-0.02,-1.32
2026-07-12T22:20:00.000,0.26,207.03,-0.23,-0.12
2026-07-12T22:30:00.000,3.26,164.72,-3.15,0.86
2026-07-12T22:40:00.000,6.93,177.67,-6.92,0.28
2026-07-12T22:50:00.000,12.06,192.55,-11.77,-2.62
2026-07-12T23:00:00.000,14.22,189.57,-14.02,-2.36
2026-07-12T23:10:00.000,19.26,193.76,-18.71,-4.58
2026-07-12T23:20:00.000,22.02,190.84,-21.63,-4.14
2026-07-12T23:30:00.000,19.19,190.71,-18.86,-3.57
2026-07-12T23:40:00.000,18.03,186.73,-17.91,-2.11
2026-07-12T23:50:00.000,18.13,184.97,-18.07,-1.57
2026-07-13T00:00:00.000,17.99,189.67,-17.73,-3.02
2026-07-13T00:10:00.000,12.22,191.94,-11.96,-2.53
2026-07-13T00:20:00.000,7.38,195.53,-7.11,-1.98
2026-07-13T00:30:00.000,4.58,201.78,-4.26,-1.7
2026-07-13T00:40:00.000,2.18,220.06,-1.67,-1.41
2026-07-13T00:50:00.000,4.99,342.53,4.76,-1.5
2026-07-13T01:00:00.000,3.06,8.55,3.02,0.45
2026-07-13T01:10:00.000,3.75,23.64,3.43,1.5
2026-07-13T01:20:00.000,4.13,27.52,3.66,1.91
2026-07-13T01:30:00.000,3.93,43.56,2.85,2.71
2026-07-13T01:40:00.000,5.04,27.51,4.47,2.33
2026-07-13T01:50:00.000,4.42,49.69,2.86,3.37
2026-07-13T02:00:00.000,5.05,57.75,2.7,4.27
2026-07-13T02:10:00.000,4.85,46.04,3.37,3.49
2026-07-13T02:20:00.000,6.15,28.99,5.38,2.98
2026-07-13T02:30:00.000,7.31,12.96,7.12,1.64
2026-07-13T02:40:00.000,9.17,17.76,8.74,2.8
2026-07-13T02:50:00.000,8.89,23.56,8.15,3.56
2026-07-13T03:00:00.000,9.24,22.3,8.55,3.51
2026-07-13T03:10:00.000,9.02,352.87,8.95,-1.12
2026-07-13T03:20:00.000,9.75,25.43,8.81,4.19
2026-07-13T03:30:00.000,10.72,37.79,8.47,6.57
2026-07-13T03:40:00.000,7.34,50.31,4.69,5.65
2026-07-13T03:50:00.000,4.58,56.34,2.54,3.81
2026-07-13T04:00:00.000,1.62,6.96,1.6,0.2
2026-07-13T04:10:00.000,5.02,330.68,4.38,-2.46
2026-07-13T04:20:00.000,1.96,270.38,0.01,-1.96
2026-07-13T04:30:00.000,2.47,277.65,0.33,-2.45
2026-07-13T04:40:00.000,2.06,219.64,-1.59,-1.32
2026-07-13T04:50:00.000,5.14,178.99,-5.14,0.09
2026-07-13T05:00:00.000,3.61,196.09,-3.47,-1
2026-07-13T05:10:00.000,3.58,189.04,-3.54,-0.56
2026-07-13T05:20:00.000,5.14,205.9,-4.62,-2.24
2026-07-13T05:30:00.000,5.56,211.49,-4.74,-2.9
2026-07-13T05:40:00.000,5.18,196.84,-4.96,-1.5
2026-07-13T05:50:00.000,5.7,189.46,-5.63,-0.94
2026-07-13T06:00:00.000,6.74,183.01,-6.73,-0.35
2026-07-13T06:10:00.000,6.28,178.52,-6.28,0.16
2026-07-13T06:20:00.000,4.76,182.74,-4.75,-0.23
2026-07-13T06:30:00.000,2,203.45,-1.83,-0.79
2026-07-13T06:40:00.000,2.58,204.01,-2.36,-1.05
2026-07-13T06:50:00.000,1.7,201.93,-1.57,-0.63
2026-07-13T07:00:00.000,0.82,241.88,-0.38,-0.72
2026-07-13T07:10:00.000,0.66,259.94,-0.11,-0.65
2026-07-13T07:20:00.000,0.07,227.76,-0.05,-0.05
2026-07-13T07:30:00.000,0.12,155.07,-0.11,0.05
2026-07-13T07:40:00.000,0.43,189.81,-0.42,-0.07
2026-07-13T07:50:00.000,0.47,204.49,-0.43,-0.19
2026-07-13T08:00:00.000,0.53,222.32,-0.39,-0.36
2026-07-13T08:10:00.000,0.53,167.28,-0.52,0.12
2026-07-13T08:20:00.000,4.61,165.15,-4.45,1.18
2026-07-13T08:30:00.000,6.03,170.77,-5.95,0.97
2026-07-13T08:40:00.000,8.27,170.76,-8.16,1.33
2026-07-13T08:50:00.000,8.84,173.59,-8.78,0.99
2026-07-13T09:00:00.000,11.94,162.54,-11.39,3.58
2026-07-13T09:10:00.000,11.03,152.94,-9.83,5.02
2026-07-13T09:20:00.000,8.52,163.86,-8.19,2.37
2026-07-13T09:30:00.000,5.68,167.23,-5.54,1.26
2026-07-13T09:40:00.000,5.87,195.77,-5.65,-1.59
2026-07-13T09:50:00.000,10.97,201.26,-10.23,-3.98
2026-07-13T10:00:00.000,15.75,200.97,-14.7,-5.63
2026-07-13T10:10:00.000,11.55,201.98,-10.71,-4.32
2026-07-13T10:20:00.000,9.25,188.46,-9.15,-1.36
2026-07-13T10:30:00.000,7.21,172.96,-7.16,0.88
2026-07-13T10:40:00.000,4.69,167.05,-4.57,1.05
2026-07-13T10:50:00.000,7.01,175.3,-6.99,0.58
2026-07-13T11:00:00.000,8.62,210.32,-7.44,-4.35
2026-07-13T11:10:00.000,7.39,219.82,-5.68,-4.74
2026-07-13T11:20:00.000,1.21,243.4,-0.54,-1.08
2026-07-13T11:30:00.000,0.83,103.65,-0.2,0.81
2026-07-13T11:40:00.000,4.19,83.13,0.5,4.16
2026-07-13T11:50:00.000,4.07,91.61,-0.11,4.07
2026-07-13T12:00:00.000,1.34,83.27,0.16,1.33
2026-07-13T12:10:00.000,2.8,47.4,1.9,2.06
2026-07-13T12:20:00.000,5.53,42.71,4.06,3.75
2026-07-13T12:30:00.000,7.88,11.94,7.7,1.63
2026-07-13T12:40:00.000,8.16,30.44,7.03,4.13
2026-07-13T12:50:00.000,7.55,68.84,2.72,7.04
2026-07-13T13:00:00.000,6.27,61.48,2.99,5.51
2026-07-13T13:10:00.000,7.68,342.79,7.34,-2.27
2026-07-13T13:20:00.000,9.84,340.69,9.29,-3.25
2026-07-13T13:30:00.000,8.44,335.3,7.67,-3.53
2026-07-13T13:40:00.000,5.34,27.14,4.75,2.44
2026-07-13T13:50:00.000,4.55,62.83,2.08,4.05
2026-07-13T14:00:00.000,5.23,95.89,-0.54,5.2
2026-07-13T14:10:00.000,2.61,140.87,-2.02,1.65
2026-07-13T14:20:00.000,5.38,177.82,-5.38,0.2
2026-07-13T14:30:00.000,12.28,204.09,-11.21,-5.01
2026-07-13T14:40:00.000,13.24,205.85,-11.91,-5.77
2026-07-13T14:50:00.000,16.13,194.96,-15.59,-4.16
2026-07-13T15:00:00.000,15.92,204.03,-14.54,-6.48
2026-07-13T15:10:00.000,15.72,227.7,-10.58,-11.62
2026-07-13T15:20:00.000,13.17,228.89,-8.66,-9.92
2026-07-13T15:30:00.000,8.89,236.62,-4.89,-7.42
2026-07-13T15:40:00.000,12.84,202.55,-11.86,-4.92
2026-07-13T15:50:00.000,14.6,197.62,-13.92,-4.42
2026-07-13T16:00:00.000,15.23,188.13,-15.08,-2.15
2026-07-13T16:10:00.000,10.7,197.13,-10.22,-3.15
2026-07-13T16:20:00.000,10.55,203.94,-9.64,-4.28
2026-07-13T16:30:00.000,5.91,201.57,-5.49,-2.17
2026-07-13T16:40:00.000,2.03,226.71,-1.39,-1.48
2026-07-13T16:50:00.000,3.53,213.95,-2.93,-1.97
2026-07-13T17:00:00.000,3.65,239.03,-1.88,-3.13
2026-07-13T17:10:00.000,3.27,315.94,2.35,-2.27
2026-07-13T17:20:00.000,1.78,258.46,-0.36,-1.74
2026-07-13T17:30:00.000,4.16,205.43,-3.76,-1.79
2026-07-13T17:40:00.000,4.08,206.88,-3.64,-1.84
2026-07-13T17:50:00.000,4.21,221.42,-3.16,-2.78
2026-07-13T18:00:00.000,5.61,213.62,-4.67,-3.11
2026-07-13T18:10:00.000,5.68,218.5,-4.45,-3.54
2026-07-13T18:20:00.000,5.58,241.95,-2.62,-4.93
2026-07-13T18:30:00.000,5.99,273.55,0.37,-5.97
2026-07-13T18:40:00.000,4.76,286.64,1.36,-4.56
2026-07-13T18:50:00.000,0.42,251.87,-0.13,-0.4
2026-07-13T19:00:00.000,0.37,106.94,-0.11,0.36
2026-07-13T19:10:00.000,2.45,93.84,-0.16,2.44
2026-07-13T19:20:00.000,1.61,105.31,-0.42,1.55
2026-07-13T19:30:00.000,3.01,128.33,-1.86,2.36
2026-07-13T19:40:00.000,6.57,126.3,-3.89,5.3
2026-07-13T19:50:00.000,1.43,164.3,-1.38,0.39
2026-07-13T20:00:00.000,0.96,222.03,-0.71,-0.64
2026-07-13T20:10:00.000,0.05,271.95,0,-0.05
2026-07-13T20:20:00.000,1.25,354.3,1.24,-0.12
2026-07-13T20:30:00.000,1.53,8.77,1.51,0.23
2026-07-13T20:40:00.000,2.67,24.51,2.43,1.11
2026-07-13T20:50:00.000,5.95,61.31,2.86,5.22
2026-07-13T21:00:00.000,7.01,32.22,5.93,3.74
2026-07-13T21:10:00.000,6.63,348.55,6.5,-1.32
2026-07-13T21:20:00.000,4.89,354.65,4.87,-0.46
2026-07-13T21:30:00.000,2.71,14.26,2.62,0.67
2026-07-13T21:40:00.000,3.12,29.49,2.71,1.53
2026-07-13T21:50:00.000,1.68,92.17,-0.06,1.68
2026-07-13T22:00:00.000,1.7,98.8,-0.26,1.68
2026-07-13T22:10:00.000,2.98,130.24,-1.93,2.28
2026-07-13T22:20:00.000,0.48,139.26,-0.37,0.32
2026-07-13T22:30:00.000,0.54,148.76,-0.46,0.28
2026-07-13T22:40:00.000,1.08,147.28,-0.91,0.59
2026-07-13T22:50:00.000,0.9,126.65,-0.54,0.72
2026-07-13T23:00:00.000,2.74,183.91,-2.74,-0.19
2026-07-13T23:10:00.000,4.53,226.47,-3.12,-3.28
2026-07-13T23:20:00.000,4.04,204.2,-3.69,-1.66
2026-07-13T23:30:00.000,4.4,161.16,-4.16,1.42
2026-07-13T23:40:00.000,7.35,161.42,-6.96,2.34
2026-07-13T23:50:00.000,8.35,177.3,-8.35,0.39
2026-07-14T00:00:00.000,7.56,179.46,-7.56,0.07
2026-07-14T00:10:00.000,5.6,187.49,-5.55,-0.73
2026-07-14T00:20:00.000,4.92,220.98,-3.72,-3.23
2026-07-14T00:30:00.000,6.29,237.35,-3.39,-5.3
2026-07-14T00:40:00.000,4.02,226.8,-2.75,-2.93
2026-07-14T00:50:00.000,1.45,232.65,-0.88,-1.16
2026-07-14T01:00:00.000,0.65,134.52,-0.46,0.46
2026-07-14T01:10:00.000,1.86,104.84,-0.48,1.8
2026-07-14T01:20:00.000,0.94,96.09,-0.1,0.93
2026-07-14T01:30:00.000,0.54,90.23,0,0.54
2026-07-14T01:40:00.000,4.96,50.7,3.14,3.84
2026-07-14T01:50:00.000,4.03,51.33,2.52,3.15
2026-07-14T02:00:00.000,2.22,97.24,-0.28,2.21
2026-07-14T02:10:00.000,0.55,73.24,0.16,0.52
2026-07-14T02:20:00.000,3.34,121.12,-1.72,2.86
2026-07-14T02:30:00.000,4.98,134.02,-3.46,3.58
2026-07-14T02:40:00.000,3.82,147.12,-3.21,2.07
2026-07-14T02:50:00.000,6.31,323.35,5.06,-3.77
2026-07-14T03:00:00.000,6.47,347.2,6.31,-1.43
2026-07-14T03:10:00.000,6.23,341.25,5.9,-2
2026-07-14T03:20:00.000,1.61,335.49,1.47,-0.67
2026-07-14T03:30:00.000,0.6,40.03,0.46,0.39
2026-07-14T03:40:00.000,0.45,68.73,0.16,0.42
2026-07-14T03:50:00.000,0.36,29.59,0.31,0.18
2026-07-14T04:00:00.000,2.71,101.36,-0.53,2.65
2026-07-14T04:10:00.000,2.98,94.72,-0.25,2.97
2026-07-14T04:20:00.000,1.51,132.93,-1.03,1.11
2026-07-14T04:30:00.000,1.83,133.64,-1.27,1.33
2026-07-14T04:40:00.000,3.73,165.43,-3.61,0.94
2026-07-14T04:50:00.000,4.21,195.56,-4.06,-1.13
2026-07-14T05:00:00.000,1.8,213.41,-1.5,-0.99
2026-07-14T05:10:00.000,3,284.53,0.75,-2.91
2026-07-14T05:20:00.000,3.67,309.47,2.33,-2.84
2026-07-14T05:30:00.000,4,268.41,-0.11,-4
2026-07-14T05:40:00.000,3.4,261.44,-0.51,-3.36
2026-07-14T05:50:00.000,0.14,307.91,0.09,-0.11
2026-07-14T06:00:00.000,0.2,76.1,0.05,0.19
2026-07-14T06:10:00.000,0.73,93.26,-0.04,0.73
2026-07-14T06:20:00.000,2.4,97.57,-0.32,2.38
2026-07-14T06:30:00.000,2.33,88.04,0.08,2.33
2026-07-14T06:40:00.000,1.06,40.35,0.81,0.68
2026-07-14T06:50:00.000,0.03,97.1,0,0.03
2026-07-14T07:00:00.000,1.37,217.28,-1.09,-0.83
2026-07-14T07:10:00.000,4.65,271.62,0.13,-4.65
2026-07-14T07:20:00.000,1.24,319.98,0.95,-0.8
2026-07-14T07:30:00.000,1.54,297.76,0.72,-1.36
2026-07-14T07:40:00.000,0.11,19.54,0.1,0.04
2026-07-14T07:50:00.000,0.32,25.85,0.29,0.14
2026-07-14T08:00:00.000,1.18,0.25,1.18,0.01
2026-07-14T08:10:00.000,2.85,356.41,2.84,-0.18
2026-07-14T08:20:00.000,2.91,27.03,2.59,1.32
2026-07-14T08:30:00.000,4.1,47.22,2.78,3.01
2026-07-14T08:40:00.000,3.56,69.02,1.27,3.32
2026-07-14T08:50:00.000,6.14,92.31,-0.25,6.14
2026-07-14T09:00:00.000,10.24,106.57,-2.92,9.81
2026-07-14T09:10:00.000,2.54,117.09,-1.15,2.26
2026-07-14T09:20:00.000,3.67,59.92,1.84,3.18
2026-07-14T09:30:00.000,1.39,48.86,0.92,1.05
2026-07-14T09:40:00.000,0.25,54.03,0.15,0.21
2026-07-14T09:50:00.000,1.04,160.27,-0.98,0.35
2026-07-14T10:00:00.000,8.59,170.88,-8.48,1.36
2026-07-14T10:10:00.000,17.76,197.95,-16.9,-5.47
2026-07-14T10:20:00.000,18.18,200.93,-16.98,-6.49
2026-07-14T10:30:00.000,21.69,199.56,-20.44,-7.26
2026-07-14T10:40:00.000,22.67,193.49,-22.04,-5.29
2026-07-14T10:50:00.000,26.48,190.38,-26.04,-4.77
2026-07-14T11:00:00.000,23.11,199.4,-21.8,-7.67
2026-07-14T11:10:00.000,12.05,181.98,-12.04,-0.42
2026-07-14T11:20:00.000,14,109.17,-4.6,13.22
2026-07-14T11:30:00.000,31.78,52.95,19.15,25.37
2026-07-14T11:40:00.000,28.14,57.85,14.98,23.83
2026-07-14T11:50:00.000,17.08,40.89,12.91,11.18
2026-07-14T12:00:00.000,21.87,45.63,15.29,15.63
2026-07-14T12:10:00.000,26.63,55.95,14.91,22.07
2026-07-14T12:20:00.000,18.41,82.14,2.52,18.24
2026-07-14T12:30:00.000,14.44,93.92,-0.99,14.4
2026-07-14T12:40:00.000,5.27,121.17,-2.73,4.51
2026-07-14T12:50:00.000,0.6,299.45,0.29,-0.52
2026-07-14T13:00:00.000,1.51,345.6,1.46,-0.38
2026-07-14T13:10:00.000,6.42,324.74,5.24,-3.71
2026-07-14T13:20:00.000,0.4,152.11,-0.36,0.19
2026-07-14T13:30:00.000,5.55,127.49,-3.38,4.41
2026-07-14T13:40:00.000,4.8,189.98,-4.73,-0.83
2026-07-14T13:50:00.000,6.37,228.09,-4.25,-4.74
2026-07-14T14:00:00.000,7.54,246.42,-3.02,-6.91
2026-07-14T14:10:00.000,7.66,223.71,-5.54,-5.29
2026-07-14T14:20:00.000,7.43,210.33,-6.41,-3.75
2026-07-14T14:30:00.000,5.53,211.65,-4.71,-2.9
2026-07-14T14:40:00.000,8.66,221.18,-6.52,-5.7
2026-07-14T14:50:00.000,6.93,267.01,-0.36,-6.92
2026-07-14T15:00:00.000,10.54,244.4,-4.55,-9.5
2026-07-14T15:10:00.000,11.52,264.4,-1.12,-11.46
2026-07-14T15:20:00.000,3.97,239.05,-2.04,-3.4
2026-07-14T15:30:00.000,0.76,115.43,-0.33,0.69
2026-07-14T15:40:00.000,9.31,114.05,-3.79,8.5
2026-07-14T15:50:00.000,14.56,107.97,-4.49,13.85
2026-07-14T16:00:00.000,5.9,164.28,-5.68,1.6
2026-07-14T16:10:00.000,5.6,149.42,-4.82,2.85
2026-07-14T16:20:00.000,2.48,155.81,-2.26,1.01
2026-07-14T16:30:00.000,3.64,194.72,-3.52,-0.92
2026-07-14T16:40:00.000,0.94,158.74,-0.87,0.34
2026-07-14T16:50:00.000,1.45,248.88,-0.52,-1.35
2026-07-14T17:00:00.000,6.11,308.58,3.81,-4.77
2026-07-14T17:10:00.000,6.13,338.73,5.71,-2.22
2026-07-14T17:20:00.000,2.5,286.65,0.72,-2.4
2026-07-14T17:30:00.000,0.65,281.86,0.13,-0.64
2026-07-14T17:40:00.000,3.05,356.78,3.04,-0.17
2026-07-14T17:50:00.000,4.17,18.26,3.96,1.31
2026-07-14T18:00:00.000,0.88,0.34,0.88,0.01
2026-07-14T18:10:00.000,0.59,39.87,0.46,0.38
2026-07-14T18:20:00.000,2.64,86.33,0.17,2.64
2026-07-14T18:30:00.000,2.83,81.33,0.43,2.8
2026-07-14T18:40:00.000,1.61,129.21,-1.02,1.24
2026-07-14T18:50:00.000,5.14,196.62,-4.92,-1.47
2026-07-14T19:00:00.000,10.09,203.85,-9.23,-4.08
2026-07-14T19:10:00.000,7.62,186.94,-7.56,-0.92
2026-07-14T19:20:00.000,5.09,187.71,-5.04,-0.68
2026-07-14T19:30:00.000,6.06,199.77,-5.7,-2.05
2026-07-14T19:40:00.000,3.87,196.97,-3.7,-1.13
2026-07-14T19:50:00.000,3.88,237.51,-2.08,-3.27
2026-07-14T20:00:00.000,1.43,202.47,-1.32,-0.55
2026-07-14T20:10:00.000,0.07,75.51,0.02,0.07
2026-07-14T20:20:00.000,2.84,46.69,1.95,2.07
2026-07-14T20:30:00.000,4.51,36.73,3.62,2.7
2026-07-14T20:40:00.000,3.86,35.1,3.16,2.22
2026-07-14T20:50:00.000,5,16.34,4.79,1.41
2026-07-14T21:00:00.000,12.03,29.77,10.44,5.97
2026-07-14T21:10:00.000,7.83,35.09,6.41,4.5
2026-07-14T21:20:00.000,13.78,27.8,12.19,6.43
2026-07-14T21:30:00.000,15.88,37.65,12.58,9.7
2026-07-14T21:40:00.000,13.4,44.58,9.54,9.41
2026-07-14T21:50:00.000,6.19,22.53,5.71,2.37
2026-07-14T22:00:00.000,5.82,46.04,4.04,4.19
2026-07-14T22:10:00.000,3.07,64.18,1.34,2.76
2026-07-14T22:20:00.000,2.23,51,1.4,1.73
2026-07-14T22:30:00.000,10.25,171.46,-10.13,1.52
2026-07-14T22:40:00.000,27.09,190.86,-26.6,-5.1
2026-07-14T22:50:00.000,27.45,187.44,-27.21,-3.56
2026-07-14T23:00:00.000,34.77,191.69,-34.05,-7.05
2026-07-14T23:10:00.000,35.21,193.09,-34.3,-7.98
2026-07-14T23:20:00.000,30.72,182.3,-30.69,-1.23
2026-07-14T23:30:00.000,28.4,170.26,-27.99,4.8
2026-07-14T23:40:00.000,6.06,153.91,-5.44,2.66
2026-07-14T23:50:00.000,5.03,156.7,-4.62,1.99
2026-07-15T00:00:00.000,2.37,316.1,1.71,-1.64
2026-07-15T00:10:00.000,21.37,16.44,20.5,6.05
2026-07-15T00:20:00.000,29.49,35.84,23.91,17.27
2026-07-15T00:30:00.000,22.51,53.12,13.51,18
2026-07-15T00:40:00.000,15.8,64.69,6.76,14.29
2026-07-15T00:50:00.000,13.71,64.75,5.85,12.4
2026-07-15T01:00:00.000,7.8,45.99,5.42,5.61
2026-07-15T01:10:00.000,8.4,13.41,8.17,1.95
2026-07-15T01:20:00.000,8.33,87.54,0.36,8.32
2026-07-15T01:30:00.000,10.45,86.39,0.66,10.43
2026-07-15T01:40:00.000,3.83,159.7,-3.59,1.33
2026-07-15T01:50:00.000,4.19,236.71,-2.3,-3.5
2026-07-15T02:00:00.000,9.6,313.14,6.56,-7
2026-07-15T02:10:00.000,4.68,339.73,4.39,-1.62
2026-07-15T02:20:00.000,2.64,20.94,2.46,0.94
2026-07-15T02:30:00.000,2.89,12.18,2.82,0.61
2026-07-15T02:40:00.000,2.84,10.2,2.79,0.5
2026-07-15T02:50:00.000,1.46,309.42,0.92,-1.12
2026-07-15T03:00:00.000,7.52,347.48,7.35,-1.63
2026-07-15T03:10:00.000,6.1,4.68,6.08,0.5
2026-07-15T03:20:00.000,5.68,23.63,5.2,2.28
2026-07-15T03:30:00.000,5.33,42.93,3.9,3.63
2026-07-15T03:40:00.000,4.5,26.62,4.02,2.02
2026-07-15T03:50:00.000,4.78,24.5,4.35,1.98
2026-07-15T04:00:00.000,6.66,40.59,5.06,4.33
2026-07-15T04:10:00.000,11.77,56.76,6.45,9.84
2026-07-15T04:20:00.000,10.72,62.23,4.99,9.48
2026-07-15T04:30:00.000,4.16,16.06,4,1.15
2026-07-15T04:40:00.000,3.77,18.64,3.58,1.21
2026-07-15T04:50:00.000,0.97,26.46,0.87,0.43
2026-07-15T05:00:00.000,1.2,14.06,1.17,0.29
2026-07-15T05:10:00.000,0.25,116.05,-0.11,0.23
2026-07-15T05:20:00.000,1.71,282.21,0.36,-1.67
2026-07-15T05:30:00.000,2.43,307.77,1.49,-1.92
2026-07-15T05:40:00.000,2.97,316.93,2.17,-2.03
2026-07-15T05:50:00.000,1.43,49.52,0.93,1.08
2026-07-15T06:00:00.000,4.62,15.45,4.45,1.23
2026-07-15T06:10:00.000,2.95,55.75,1.66,2.44
2026-07-15T06:20:00.000,2.19,106.01,-0.6,2.1
2026-07-15T06:30:00.000,1.02,153.22,-0.91,0.46
2026-07-15T06:40:00.000,3.79,213.98,-3.14,-2.12
2026-07-15T06:50:00.000,5.78,257.81,-1.22,-5.65
2026-07-15T07:00:00.000,7.05,278.12,1,-6.98
2026-07-15T07:10:00.000,7.43,333.8,6.67,-3.28
2026-07-15T07:20:00.000,1.27,286.73,0.37,-1.22
2026-07-15T07:30:00.000,4.94,170.37,-4.87,0.83
2026-07-15T07:40:00.000,8.37,136.2,-6.04,5.79
2026-07-15T07:50:00.000,8.49,191.25,-8.32,-1.66
2026-07-15T08:00:00.000,6.02,189.87,-5.93,-1.03
2026-07-15T08:10:00.000,4.14,194.21,-4.02,-1.02
2026-07-15T08:20:00.000,2.81,269.66,-0.02,-2.81
2026-07-15T08:30:00.000,2.04,303.93,1.14,-1.69
2026-07-15T08:40:00.000,2.41,2.35,2.41,0.1
2026-07-15T08:50:00.000,2.78,54.12,1.63,2.25
2026-07-15T09:00:00.000,4.27,67.51,1.63,3.94
2026-07-15T09:10:00.000,8.05,53.38,4.8,6.46
2026-07-15T09:20:00.000,8.99,29.97,7.79,4.49
2026-07-15T09:30:00.000,10.36,4.21,10.33,0.76
2026-07-15T09:40:00.000,17.8,20.96,16.62,6.37
2026-07-15T09:50:00.000,19.21,39.17,14.89,12.13
2026-07-15T10:00:00.000,16.42,62.34,7.62,14.54
2026-07-15T10:10:00.000,17.23,61.98,8.09,15.21
2026-07-15T10:20:00.000,11.15,57.8,5.94,9.44
2026-07-15T10:30:00.000,0.57,129.21,-0.36,0.44
2026-07-15T10:40:00.000,7.4,204.29,-6.75,-3.04
2026-07-15T10:50:00.000,35.02,191.19,-34.36,-6.79
2026-07-15T11:00:00.000,34.69,195.23,-33.47,-9.11
2026-07-15T11:10:00.000,40.01,192.98,-38.99,-8.98
2026-07-15T11:20:00.000,36.56,197.27,-34.91,-10.85
2026-07-15T11:30:00.000,34.29,186.66,-34.06,-3.98
2026-07-15T11:40:00.000,34.15,180.73,-34.15,-0.44
2026-07-15T11:50:00.000,23.82,176.52,-23.78,1.45
2026-07-15T12:00:00.000,16.03,195.88,-15.42,-4.39
2026-07-15T12:10:00.000,11.86,218.5,-9.28,-7.38
2026-07-15T12:20:00.000,12.02,172.1,-11.91,1.65
2026-07-15T12:30:00.000,10.17,113.08,-3.99,9.36
2026-07-15T12:40:00.000,16.25,71.22,5.23,15.38
2026-07-15T12:50:00.000,18.79,60.91,9.14,16.42
2026-07-15T13:00:00.000,21.2,62.84,9.67,18.86
2026-07-15T13:10:00.000,18.23,43.18,13.29,12.48
2026-07-15T13:20:00.000,21.91,41.39,16.44,14.49
2026-07-15T13:30:00.000,23.11,62.29,10.74,20.46
2026-07-15T13:40:00.000,17.72,95.98,-1.85,17.62
2026-07-15T13:50:00.000,9.03,91.86,-0.29,9.02
2026-07-15T14:00:00.000,0.95,256.84,-0.22,-0.92
2026-07-15T14:10:00.000,7.76,259.37,-1.43,-7.63
2026-07-15T14:20:00.000,7.65,354.12,7.61,-0.78
2026-07-15T14:30:00.000,2.81,340.24,2.65,-0.95
2026-07-15T14:40:00.000,5.04,40.01,3.86,3.24
2026-07-15T14:50:00.000,3.38,105.22,-0.89,3.26
2026-07-15T15:00:00.000,3.62,227.47,-2.44,-2.67
2026-07-15T15:10:00.000,16.44,230.99,-10.35,-12.77
2026-07-15T15:20:00.000,5.73,242.57,-2.64,-5.08
2026-07-15T15:30:00.000,4.76,224,-3.42,-3.31
2026-07-15T15:40:00.000,4.59,220.77,-3.48,-3
2026-07-15T15:50:00.000,2.14,313.29,1.47,-1.56
2026-07-15T16:00:00.000,2.25,16.87,2.15,0.65
2026-07-15T16:10:00.000,7.21,349.63,7.1,-1.3
2026-07-15T16:20:00.000,5.4,333.72,4.84,-2.39
2026-07-15T16:30:00.000,0.56,16.28,0.54,0.16
2026-07-15T16:40:00.000,12.54,358.89,12.54,-0.24
2026-07-15T16:50:00.000,4.74,54.76,2.73,3.87
2026-07-15T17:00:00.000,0.13,27.9,0.11,0.06
2026-07-15T17:10:00.000,0.14,85.72,0.01,0.14
2026-07-15T17:20:00.000,2.22,66.44,0.89,2.03
2026-07-15T17:30:00.000,4.11,20.67,3.84,1.45
2026-07-15T17:40:00.000,4.68,51.85,2.89,3.68
2026-07-15T17:50:00.000,2.21,69.07,0.79,2.06
2026-07-15T18:00:00.000,1.97,10.93,1.93,0.37
2026-07-15T18:10:00.000,4.64,323.47,3.73,-2.76
2026-07-15T18:20:00.000,5.35,288.08,1.66,-5.09
2026-07-15T18:30:00.000,2.72,234.51,-1.58,-2.22
2026-07-15T18:40:00.000,1.78,263.34,-0.21,-1.77
2026-07-15T18:50:00.000,1.03,106.15,-0.29,0.99
2026-07-15T19:00:00.000,5.62,110.83,-2,5.26
2026-07-15T19:10:00.000,3.67,70.86,1.2,3.47
2026-07-15T19:20:00.000,1.64,57.79,0.87,1.39
2026-07-15T19:30:00.000,3.85,300.56,1.96,-3.32
2026-07-15T19:40:00.000,2.44,202.78,-2.25,-0.95
2026-07-15T19:50:00.000,3.33,163.36,-3.19,0.95
2026-07-15T20:00:00.000,9.6,162.66,-9.16,2.86
2026-07-15T20:10:00.000,5.14,147.91,-4.36,2.73
2026-07-15T20:20:00.000,4.41,202.9,-4.06,-1.72
2026-07-15T20:30:00.000,1.88,180.8,-1.88,-0.03
2026-07-15T20:40:00.000,4.23,174.33,-4.21,0.42
2026-07-15T20:50:00.000,3.86,127.74,-2.37,3.06
2026-07-15T21:00:00.000,5.69,350.5,5.61,-0.94
2026-07-15T21:10:00.000,7.55,8.06,7.47,1.06
2026-07-15T21:20:00.000,10.45,10.53,10.27,1.91
2026-07-15T21:30:00.000,10.68,32.45,9.01,5.73
2026-07-15T21:40:00.000,13.72,38.37,10.76,8.52
2026-07-15T21:50:00.000,17.33,31.89,14.71,9.15
2026-07-15T22:00:00.000,17.16,45.34,12.06,12.2
2026-07-15T22:10:00.000,19.45,76.94,4.4,18.95
2026-07-15T22:20:00.000,5.88,41.62,4.4,3.91
2026-07-15T22:30:00.000,15.02,10.73,14.76,2.8
2026-07-15T22:40:00.000,6.49,48.1,4.34,4.83
2026-07-15T22:50:00.000,5.55,11.35,5.44,1.09
2026-07-15T23:00:00.000,3.45,16.48,3.31,0.98
2026-07-15T23:10:00.000,2.02,38.11,1.59,1.25
2026-07-15T23:20:00.000,0.81,123.9,-0.45,0.67
2026-07-15T23:30:00.000,15.18,167.07,-14.79,3.4
2026-07-15T23:40:00.000,17.58,185.04,-17.51,-1.55
2026-07-15T23:50:00.000,17.83,191.86,-17.45,-3.66
2026-07-16T00:00:00.000,13.93,187.71,-13.8,-1.87
2026-07-16T00:10:00.000,7.74,195.56,-7.45,-2.07
2026-07-16T00:20:00.000,0.15,129.47,-0.1,0.12
2026-07-16T00:30:00.000,3.14,301.24,1.63,-2.69
2026-07-16T00:40:00.000,1.74,224.48,-1.24,-1.22
2026-07-16T00:50:00.000,3.4,198.97,-3.21,-1.1
2026-07-16T01:00:00.000,1.65,277.41,0.21,-1.64
2026-07-16T01:10:00.000,5.03,346.19,4.89,-1.2
2026-07-16T01:20:00.000,4.68,115.99,-2.05,4.21
2026-07-16T01:30:00.000,20.04,98.4,-2.93,19.83
2026-07-16T01:40:00.000,17.21,89.46,0.16,17.21
2026-07-16T01:50:00.000,13.76,107.49,-4.14,13.12
2026-07-16T02:00:00.000,6.6,76.78,1.51,6.43
2026-07-16T02:10:00.000,10.71,54.89,6.16,8.76
2026-07-16T02:20:00.000,11.97,60.86,5.83,10.46
2026-07-16T02:30:00.000,15.8,67.05,6.16,14.55
2026-07-16T02:40:00.000,2.97,91.87,-0.1,2.97
2026-07-16T02:50:00.000,3.57,344.03,3.43,-0.98
2026-07-16T03:00:00.000,6.65,331.95,5.87,-3.13
2026-07-16T03:10:00.000,8.24,45.72,5.75,5.9
2026-07-16T03:20:00.000,19.62,55.55,11.1,16.18
2026-07-16T03:30:00.000,19.61,67.07,7.64,18.06
2026-07-16T03:40:00.000,14.75,98.63,-2.21,14.58
2026-07-16T03:50:00.000,4.06,168.6,-3.98,0.8
2026-07-16T04:00:00.000,15.53,345.81,15.06,-3.81
2026-07-16T04:10:00.000,14.88,351.01,14.69,-2.32
2026-07-16T04:20:00.000,8.5,24.77,7.71,3.56
2026-07-16T04:30:00.000,6.22,67.37,2.39,5.74
2026-07-16T04:40:00.000,15.84,79.98,2.76,15.6
2026-07-16T04:50:00.000,9.74,81.28,1.48,9.63
2026-07-16T05:00:00.000,13.03,2.63,13.02,0.6
2026-07-16T05:10:00.000,8.82,33.07,7.39,4.81
2026-07-16T05:20:00.000,5.84,38.9,4.55,3.67
2026-07-16T05:30:00.000,8.38,78.19,1.71,8.2
2026-07-16T05:40:00.000,4.43,120.15,-2.22,3.83
2026-07-16T05:50:00.000,6.54,153.56,-5.86,2.91
2026-07-16T06:00:00.000,3.91,224.66,-2.78,-2.75
2026-07-16T06:10:00.000,2.4,223.81,-1.73,-1.66
2026-07-16T06:20:00.000,4.13,210.99,-3.54,-2.13
2026-07-16T06:30:00.000,0.33,112.74,-0.13,0.3
2026-07-16T06:40:00.000,0.34,85.62,0.03,0.34
2026-07-16T06:50:00.000,0.48,203.28,-0.45,-0.19
2026-07-16T07:00:00.000,7.92,343.59,7.59,-2.24
2026-07-16T07:10:00.000,10.11,334.42,9.12,-4.37
2026-07-16T07:20:00.000,5.57,24.92,5.05,2.35
2026-07-16T07:30:00.000,8.51,72.51,2.56,8.12
2026-07-16T07:40:00.000,14.75,74.04,4.06,14.19
2026-07-16T07:50:00.000,4.98,51.53,3.1,3.9
2026-07-16T08:00:00.000,3.3,69.53,1.15,3.09
2026-07-16T08:10:00.000,1.96,81.38,0.29,1.94
2026-07-16T08:20:00.000,1.92,346.49,1.86,-0.45
2026-07-16T08:30:00.000,0.07,183.02,-0.07,0
2026-07-16T08:40:00.000,6.71,170.57,-6.62,1.1
2026-07-16T08:50:00.000,13.54,170.59,-13.35,2.21
2026-07-16T09:00:00.000,16.68,190,-16.43,-2.9
2026-07-16T09:10:00.000,17.66,175.69,-17.61,1.33
2026-07-16T09:20:00.000,6.17,202.9,-5.69,-2.4
2026-07-16T09:30:00.000,5.38,291.8,2,-4.99
2026-07-16T09:40:00.000,1.61,302.36,0.86,-1.36
2026-07-16T09:50:00.000,3.73,36.57,3,2.22
2026-07-16T10:00:00.000,5.4,58.89,2.79,4.63
2026-07-16T10:10:00.000,15.21,36.24,12.27,8.99
2026-07-16T10:20:00.000,16.01,33.83,13.3,8.92
2026-07-16T10:30:00.000,13.49,37.98,10.64,8.3
2026-07-16T10:40:00.000,9.06,20.78,8.47,3.21
2026-07-16T10:50:00.000,0.1,71.81,0.03,0.09
2026-07-16T11:00:00.000,8.44,171.96,-8.36,1.18
2026-07-16T11:10:00.000,17.48,177.85,-17.47,0.66
2026-07-16T11:20:00.000,31.19,178.8,-31.18,0.65
2026-07-16T11:30:00.000,27.67,178.08,-27.66,0.93
2026-07-16T11:40:00.000,28.37,196.15,-27.25,-7.89
2026-07-16T11:50:00.000,29.06,202.91,-26.76,-11.31
2026-07-16T12:00:00.000,31.89,189.75,-31.43,-5.4
2026-07-16T12:10:00.000,24.56,179.52,-24.56,0.21
2026-07-16T12:20:00.000,9.99,146.68,-8.35,5.49
2026-07-16T12:30:00.000,6.62,19.43,6.24,2.2
2026-07-16T12:40:00.000,17.93,31.17,15.34,9.28
2026-07-16T12:50:00.000,22.44,41.33,16.85,14.82
2026-07-16T13:00:00.000,15.88,66.27,6.39,14.54
2026-07-16T13:10:00.000,17.95,50.81,11.34,13.91
2026-07-16T13:20:00.000,20.11,34.39,16.6,11.36
2026-07-16T13:30:00.000,24.78,49.29,16.16,18.78
2026-07-16T13:40:00.000,25.26,46.82,17.29,18.42
2026-07-16T13:50:00.000,23.59,43.81,17.03,16.33
2026-07-16T14:00:00.000,19.11,30.29,16.5,9.64
2026-07-16T14:10:00.000,15.5,22.53,14.31,5.94
2026-07-16T14:20:00.000,8.46,8.67,8.36,1.28
2026-07-16T14:30:00.000,19.5,356.31,19.46,-1.26
2026-07-16T14:40:00.000,18.23,14.39,17.65,4.53
2026-07-16T14:50:00.000,15.25,53.01,9.18,12.18
2026-07-16T15:00:00.000,21.54,57.56,11.55,18.18
2026-07-16T15:10:00.000,20.62,68.34,7.61,19.17
2026-07-16T15:20:00.000,16.46,65.98,6.7,15.04
2026-07-16T15:30:00.000,6.73,27.97,5.94,3.16
2026-07-16T15:40:00.000,9.94,354.37,9.9,-0.98
2026-07-16T15:50:00.000,13.56,346.59,13.19,-3.14
2026-07-16T16:00:00.000,13.52,359.38,13.52,-0.15
2026-07-16T16:10:00.000,8.67,357.21,8.66,-0.42
2026-07-16T16:20:00.000,9.11,350.21,8.98,-1.55
2026-07-16T16:30:00.000,5.65,336.42,5.18,-2.26
2026-07-16T16:40:00.000,4.68,15.31,4.52,1.24
2026-07-16T16:50:00.000,5.87,33.05,4.92,3.2
2026-07-16T17:00:00.000,2.36,31.44,2.01,1.23
2026-07-16T17:10:00.000,2.87,11.09,2.81,0.55
2026-07-16T17:20:00.000,5.14,57.1,2.79,4.32
2026-07-16T17:30:00.000,10.34,77.57,2.23,10.1
2026-07-16T17:40:00.000,16.71,82.36,2.22,16.56
2026-07-16T17:50:00.000,16.85,73.68,4.73,16.17
2026-07-16T18:00:00.000,10.34,50.57,6.56,7.98
2026-07-16T18:10:00.000,18.75,14.49,18.16,4.69
2026-07-16T18:20:00.000,10.66,3.97,10.64,0.74
2026-07-16T18:30:00.000,5.28,350.46,5.21,-0.87
2026-07-16T18:40:00.000,3,331.06,2.63,-1.45
2026-07-16T18:50:00.000,2.94,278.76,0.45,-2.91
2026-07-16T19:00:00.000,2.77,269.06,-0.05,-2.77
2026-07-16T19:10:00.000,0.93,220.82,-0.7,-0.61
2026-07-16T19:20:00.000,2,177.48,-2,0.09
2026-07-16T19:30:00.000,5.16,175.74,-5.14,0.38
2026-07-16T19:40:00.000,8.97,166.69,-8.72,2.06
2026-07-16T19:50:00.000,10.16,169.53,-9.99,1.85
2026-07-16T20:00:00.000,10.31,175.81,-10.28,0.75
2026-07-16T20:10:00.000,4.53,165.15,-4.38,1.16
2026-07-16T20:20:00.000,10.47,189.82,-10.32,-1.79
2026-07-16T20:30:00.000,10.68,191.74,-10.46,-2.17
2026-07-16T20:40:00.000,15.17,197.08,-14.5,-4.45
2026-07-16T20:50:00.000,4.71,182.21,-4.71,-0.18
2026-07-16T21:00:00.000,3.9,153.53,-3.49,1.74
2026-07-16T21:10:00.000,0.47,117.46,-0.22,0.42
2026-07-16T21:20:00.000,6.52,36.74,5.22,3.9
2026-07-16T21:30:00.000,8.39,351.97,8.31,-1.17
2026-07-16T21:40:00.000,6.8,1.48,6.8,0.18
2026-07-16T21:50:00.000,2.44,66.64,0.97,2.24
2026-07-16T22:00:00.000,11.25,64.4,4.86,10.15
2026-07-16T22:10:00.000,16.82,78.41,3.38,16.48
2026-07-16T22:20:00.000,14.2,74.89,3.7,13.71
2026-07-16T22:30:00.000,11.42,46.52,7.86,8.29
2026-07-16T22:40:00.000,18.12,29.59,15.76,8.95
2026-07-16T22:50:00.000,18.21,45.42,12.78,12.97
2026-07-16T23:00:00.000,15.78,45.64,11.04,11.28
2026-07-16T23:10:00.000,10.65,39.98,8.16,6.84
2026-07-16T23:20:00.000,4.83,48.2,3.22,3.6
2026-07-16T23:30:00.000,4.45,9.78,4.39,0.76
2026-07-16T23:40:00.000,1.7,21.78,1.58,0.63
2026-07-16T23:50:00.000,2.85,35.5,2.32,1.66
2026-07-17T00:00:00.000,4.83,50.47,3.08,3.73
2026-07-17T00:10:00.000,3.14,82.96,0.39,3.12
2026-07-17T00:20:00.000,3.15,140.91,-2.44,1.99
2026-07-17T00:30:00.000,9.63,182.83,-9.61,-0.47
2026-07-17T00:40:00.000,33.07,188.39,-32.71,-4.82
2026-07-17T00:50:00.000,33.35,197.24,-31.85,-9.89
2026-07-17T01:00:00.000,31.07,198.43,-29.48,-9.82
2026-07-17T01:10:00.000,32.37,182.92,-32.32,-1.65
2026-07-17T01:20:00.000,34.68,165.24,-33.54,8.84
2026-07-17T01:30:00.000,22.3,157.06,-20.53,8.69
2026-07-17T01:40:00.000,3.69,323.24,2.96,-2.21
2026-07-17T01:50:00.000,4.96,217.66,-3.93,-3.03
2026-07-17T02:00:00.000,64.92,55.38,36.88,53.43
2026-07-17T02:10:00.000,62.19,89.6,0.43,62.19
2026-07-17T02:20:00.000,12.48,49.71,8.07,9.52
2026-07-17T02:30:00.000,12.13,2.92,12.11,0.62
2026-07-17T02:40:00.000,6.39,48.78,4.21,4.8
2026-07-17T02:50:00.000,26.78,93.45,-1.61,26.73
2026-07-17T03:00:00.000,55.36,111.12,-19.94,51.64
2026-07-17T03:10:00.000,51.28,126.38,-30.41,41.28
2026-07-17T03:20:00.000,9.4,174.03,-9.35,0.98
2026-07-17T03:30:00.000,28.9,357.15,28.87,-1.44
2026-07-17T03:40:00.000,36.23,31.68,30.83,19.03
2026-07-17T03:50:00.000,32.96,50.56,20.94,25.45
2026-07-17T04:00:00.000,29.88,44.7,21.23,21.02
2026-07-17T04:10:00.000,26.35,16.19,25.31,7.35
2026-07-17T04:20:00.000,21.73,357.48,21.71,-0.96
2026-07-17T04:30:00.000,13.56,18.38,12.87,4.27
2026-07-17T04:40:00.000,7.42,40.77,5.62,4.85
2026-07-17T04:50:00.000,11.15,48.71,7.35,8.37
2026-07-17T05:00:00.000,23.54,22.91,21.69,9.17
2026-07-17T05:10:00.000,25.53,32.46,21.54,13.7
2026-07-17T05:20:00.000,32.15,62.56,14.82,28.53
2026-07-17T05:30:00.000,31.48,68.73,11.42,29.34
2026-07-17T05:40:00.000,21.9,24.31,19.96,9.02
2026-07-17T05:50:00.000,20.95,20.21,19.66,7.24
2026-07-17T06:00:00.000,31.57,27.89,27.91,14.77
2026-07-17T06:10:00.000,26.36,32.7,22.18,14.24
2026-07-17T06:20:00.000,25.86,29.66,22.47,12.8
2026-07-17T06:30:00.000,15.97,23.22,14.68,6.3
2026-07-17T06:40:00.000,19.51,33.31,16.31,10.71
2026-07-17T06:50:00.000,15.13,74.44,4.06,14.58
2026-07-17T07:00:00.000,2.86,190.5,-2.81,-0.52
2026-07-17T07:10:00.000,4.67,137.61,-3.45,3.15
2026-07-17T07:20:00.000,3.09,299.31,1.51,-2.69
2026-07-17T07:30:00.000,4.09,291.35,1.49,-3.81
2026-07-17T07:40:00.000,4.36,271.46,0.11,-4.36
2026-07-17T07:50:00.000,3.67,232.87,-2.21,-2.92
2026-07-17T08:00:00.000,0.26,171.71,-0.26,0.04
2026-07-17T08:10:00.000,2.28,234.56,-1.32,-1.86
2026-07-17T08:20:00.000,10.84,261.63,-1.58,-10.72
2026-07-17T08:30:00.000,8.58,265.1,-0.73,-8.55
2026-07-17T08:40:00.000,3.05,287.15,0.9,-2.92
2026-07-17T08:50:00.000,1.18,247.7,-0.45,-1.09
2026-07-17T09:00:00.000,1.75,173.14,-1.74,0.21
2026-07-17T09:10:00.000,5.11,186.77,-5.07,-0.6
2026-07-17T09:20:00.000,21.42,179.84,-21.42,0.06
2026-07-17T09:30:00.000,17.38,199.21,-16.41,-5.72
2026-07-17T09:40:00.000,21.72,185.84,-21.61,-2.21
2026-07-17T09:50:00.000,32.91,170.51,-32.46,5.43
2026-07-17T10:00:00.000,29.02,165.21,-28.06,7.41
2026-07-17T10:10:00.000,21.03,184.9,-20.95,-1.8
2026-07-17T10:20:00.000,7.2,281.44,1.43,-7.06
2026-07-17T10:30:00.000,7.77,291.29,2.82,-7.24
2026-07-17T10:40:00.000,20.35,36.27,16.41,12.04
2026-07-17T10:50:00.000,11.03,68.02,4.13,10.23
2026-07-17T11:00:00.000,10.47,125.75,-6.12,8.5
2026-07-17T11:10:00.000,5.99,137,-4.38,4.08
2026-07-17T11:20:00.000,16.87,198.98,-15.95,-5.49
2026-07-17T11:30:00.000,27.93,212.62,-23.53,-15.06
2026-07-17T11:40:00.000,28.98,205.91,-26.07,-12.66
2026-07-17T11:50:00.000,34.34,180.07,-34.34,-0.04
2026-07-17T12:00:00.000,44.25,157.45,-40.86,16.97
2026-07-17T12:10:00.000,38.59,167.21,-37.64,8.54
2026-07-17T12:20:00.000,11.54,195.23,-11.13,-3.03
2026-07-17T12:30:00.000,17.12,225.78,-11.94,-12.27
2026-07-17T12:40:00.000,15.24,196.32,-14.63,-4.28
2026-07-17T12:50:00.000,25.42,81.2,3.89,25.12
2026-07-17T13:00:00.000,29.4,64.08,12.85,26.44
2026-07-17T13:10:00.000,17.63,19.98,16.57,6.02
2026-07-17T13:20:00.000,23.01,25.59,20.75,9.94
2026-07-17T13:30:00.000,20.1,52.25,12.31,15.9
2026-07-17T13:40:00.000,20.43,60.5,10.06,17.78
2026-07-17T13:50:00.000,10.97,101.97,-2.28,10.73
2026-07-17T14:00:00.000,2.01,188.33,-1.99,-0.29
2026-07-17T14:10:00.000,4.58,293.73,1.84,-4.2
2026-07-17T14:20:00.000,3.44,310.15,2.22,-2.63
2026-07-17T14:30:00.000,0.32,39.77,0.25,0.21
2026-07-17T14:40:00.000,4,341.95,3.8,-1.24
2026-07-17T14:50:00.000,11.89,8.75,11.75,1.81
2026-07-17T15:00:00.000,14.59,31.82,12.4,7.69
2026-07-17T15:10:00.000,20.75,29.52,18.06,10.22
2026-07-17T15:20:00.000,5.25,36.35,4.23,3.11
2026-07-17T15:30:00.000,0.34,94.88,-0.03,0.34
2026-07-17T15:40:00.000,34.59,188.59,-34.2,-5.16
2026-07-17T15:50:00.000,11.77,181.76,-11.76,-0.36
2026-07-17T16:00:00.000,1.48,256.56,-0.34,-1.44
2026-07-17T16:10:00.000,14.01,0.41,14.01,0.1
2026-07-17T16:20:00.000,14.28,45.26,10.05,10.15
2026-07-17T16:30:00.000,7.85,14.77,7.59,2
2026-07-17T16:40:00.000,7.94,7.67,7.87,1.06
2026-07-17T16:50:00.000,14.69,319.58,11.18,-9.52
2026-07-17T17:00:00.000,5.23,341.95,4.97,-1.62
2026-07-17T17:10:00.000,3.81,334.02,3.42,-1.67
2026-07-17T17:20:00.000,3.41,279.12,0.54,-3.37
2026-07-17T17:30:00.000,5.1,63.42,2.28,4.56
2026-07-17T17:40:00.000,8.3,57.6,4.45,7.01
2026-07-17T17:50:00.000,12.58,31.71,10.7,6.61
2026-07-17T18:00:00.000,14.92,23.77,13.65,6.01
2026-07-17T18:10:00.000,15.24,37.59,12.08,9.3
2026-07-17T18:20:00.000,18.77,28.14,16.55,8.85
2026-07-17T18:30:00.000,16.66,33.87,13.83,9.28
2026-07-17T18:40:00.000,12.6,42.45,9.3,8.5
2026-07-17T18:50:00.000,7.35,44.02,5.29,5.11
2026-07-17T19:00:00.000,1.2,34.8,0.98,0.68
2026-07-17T19:10:00.000,0.2,215.11,-0.17,-0.12
2026-07-17T19:20:00.000,2.93,223.7,-2.12,-2.03
2026-07-17T19:30:00.000,4.05,215.77,-3.28,-2.37
2026-07-17T19:40:00.000,4.38,197.92,-4.17,-1.35
2026-07-17T19:50:00.000,4.94,210.03,-4.28,-2.47
2026-07-17T20:00:00.000,12.7,193.52,-12.34,-2.97
2026-07-17T20:10:00.000,16.99,178.21,-16.98,0.53
2026-07-17T20:20:00.000,20.09,189.45,-19.81,-3.3
2026-07-17T20:30:00.000,13.94,192.63,-13.6,-3.05
2026-07-17T20:40:00.000,16.15,197.93,-15.37,-4.97
2026-07-17T20:50:00.000,19.29,198.92,-18.24,-6.25
2026-07-17T21:00:00.000,14.06,183.57,-14.04,-0.87
2026-07-17T21:10:00.000,15.22,170.21,-15,2.59
2026-07-17T21:20:00.000,14.53,155.98,-13.28,5.91
2026-07-17T21:30:00.000,1.86,108.75,-0.6,1.76
2026-07-17T21:40:00.000,2.96,312.21,1.99,-2.19
2026-07-17T21:50:00.000,16.65,37.68,13.18,10.18
2026-07-17T22:00:00.000,16.65,27.38,14.78,7.66
2026-07-17T22:10:00.000,11.53,5.18,11.49,1.04
2026-07-17T22:20:00.000,2.73,21.97,2.53,1.02
2026-07-17T22:30:00.000,4.24,109.31,-1.4,4.01
2026-07-17T22:40:00.000,14.48,98.81,-2.22,14.31
2026-07-17T22:50:00.000,11.71,141.19,-9.13,7.34
2026-07-17T23:00:00.000,23.75,192.05,-23.23,-4.96
2026-07-17T23:10:00.000,39.76,193.48,-38.66,-9.27
2026-07-17T23:20:00.000,43.16,188.7,-42.66,-6.53
2026-07-17T23:30:00.000,29.21,202.25,-27.03,-11.06
2026-07-17T23:40:00.000,16.76,199.66,-15.79,-5.64
2026-07-17T23:50:00.000,4.49,140.16,-3.45,2.88
2026-07-18T00:00:00.000,8.98,40.2,6.86,5.8
2026-07-18T00:10:00.000,8.67,327.06,7.27,-4.71
2026-07-18T00:20:00.000,20.88,25.7,18.81,9.05
2026-07-18T00:30:00.000,20.53,63.11,9.28,18.31
2026-07-18T00:40:00.000,30.21,76.05,7.28,29.32
2026-07-18T00:50:00.000,15.34,78.3,3.11,15.02
2026-07-18T01:00:00.000,7.86,37.57,6.23,4.79
2026-07-18T01:10:00.000,1.02,79.54,0.18,1
2026-07-18T01:20:00.000,7.6,113.69,-3.05,6.96
2026-07-18T01:30:00.000,26.55,134.05,-18.46,19.08
2026-07-18T01:40:00.000,4.77,275.49,0.46,-4.74
2026-07-18T01:50:00.000,11.71,353.9,11.64,-1.24
2026-07-18T02:00:00.000,0.7,97.42,-0.09,0.7
2026-07-18T02:10:00.000,2.41,138.48,-1.8,1.6
2026-07-18T02:20:00.000,4.12,157.48,-3.81,1.58
2026-07-18T02:30:00.000,7.43,147.69,-6.28,3.97
2026-07-18T02:40:00.000,7.32,150.13,-6.35,3.65
2026-07-18T02:50:00.000,2.2,119.71,-1.09,1.91
2026-07-18T03:00:00.000,9.56,139.84,-7.3,6.16
2026-07-18T03:10:00.000,3.43,196.04,-3.3,-0.95
2026-07-18T03:20:00.000,15.18,305.33,8.78,-12.38
2026-07-18T03:30:00.000,23.19,10.62,22.8,4.28
2026-07-18T03:40:00.000,26.11,46.5,17.97,18.94
2026-07-18T03:50:00.000,25.59,50.7,16.21,19.8
2026-07-18T04:00:00.000,21.28,46.45,14.66,15.42
2026-07-18T04:10:00.000,22.94,26.61,20.51,10.28
2026-07-18T04:20:00.000,17.84,17.72,16.99,5.43
2026-07-18T04:30:00.000,17.56,2.63,17.54,0.81
2026-07-18T04:40:00.000,18.55,31.91,15.75,9.81
2026-07-18T04:50:00.000,18.1,49.23,11.82,13.71
2026-07-18T05:00:00.000,14.9,37.61,11.8,9.09
2026-07-18T05:10:00.000,21.66,38.31,16.99,13.42
2026-07-18T05:20:00.000,36.53,63.14,16.51,32.59
2026-07-18T05:30:00.000,21.89,52.77,13.25,17.43
2026-07-18T05:40:00.000,22.26,32.84,18.7,12.07
2026-07-18T05:50:00.000,22.17,30.19,19.17,11.15
2026-07-18T06:00:00.000,17.55,29.24,15.31,8.57
2026-07-18T06:10:00.000,9.05,23.92,8.27,3.67
2026-07-18T06:20:00.000,5.75,347.46,5.61,-1.25
2026-07-18T06:30:00.000,3.79,328.9,3.25,-1.96
2026-07-18T06:40:00.000,5.78,2.4,5.77,0.24
2026-07-18T06:50:00.000,7.25,6.06,7.21,0.77
2026-07-18T07:00:00.000,2.24,338.91,2.09,-0.81
2026-07-18T07:10:00.000,1.04,190.98,-1.03,-0.2
2026-07-18T07:20:00.000,6.42,153.81,-5.76,2.83
2026-07-18T07:30:00.000,15.64,180.9,-15.64,-0.24
2026-07-18T07:40:00.000,19.64,173.86,-19.53,2.1
2026-07-18T07:50:00.000,8.48,183.25,-8.47,-0.48
2026-07-18T08:00:00.000,17.77,232.89,-10.72,-14.17
2026-07-18T08:10:00.000,9.61,233.11,-5.77,-7.69
2026-07-18T08:20:00.000,6.21,202.33,-5.75,-2.36
2026-07-18T08:30:00.000,0.22,168.37,-0.22,0.04
2026-07-18T08:40:00.000,9.05,41.29,6.8,5.97
2026-07-18T08:50:00.000,10.65,22.31,9.85,4.04
2026-07-18T09:00:00.000,10.38,16.62,9.94,2.97
2026-07-18T09:10:00.000,17.19,36.97,13.74,10.34
2026-07-18T09:20:00.000,19.64,38.12,15.45,12.13
2026-07-18T09:30:00.000,23.84,52.67,14.46,18.96
2026-07-18T09:40:00.000,21.28,42.59,15.67,14.4
2026-07-18T09:50:00.000,18.18,49.03,11.92,13.73
2026-07-18T10:00:00.000,14.89,50.11,9.55,11.43
2026-07-18T10:10:00.000,11.01,20.83,10.29,3.91
2026-07-18T10:20:00.000,8.05,21.31,7.5,2.93
2026-07-18T10:30:00.000,4.75,45.9,3.3,3.41
2026-07-18T10:40:00.000,5.68,76.36,1.34,5.52
2026-07-18T10:50:00.000,4.28,145.05,-3.51,2.45
2026-07-18T11:00:00.000,21.17,203.55,-19.41,-8.46
2026-07-18T11:10:00.000,20.86,194.36,-20.2,-5.17
2026-07-18T11:20:00.000,20.24,190.39,-19.91,-3.65
2026-07-18T11:30:00.000,9.85,202.27,-9.11,-3.73
2026-07-18T11:40:00.000,7.96,195.34,-7.68,-2.11
2026-07-18T11:50:00.000,0.53,212.72,-0.45,-0.29
2026-07-18T12:00:00.000,1.05,88.46,0.03,1.05
2026-07-18T12:10:00.000,5.54,58.9,2.86,4.74
2026-07-18T12:20:00.000,5.62,14.39,5.45,1.4
2026-07-18T12:30:00.000,8.54,13.86,8.29,2.05
2026-07-18T12:40:00.000,5.75,3.74,5.73,0.38
2026-07-18T12:50:00.000,11,42,8.18,7.36
2026-07-18T13:00:00.000,8.44,33.59,7.03,4.67
2026-07-18T13:10:00.000,18.79,62.33,8.72,16.64
2026-07-18T13:20:00.000,13.9,128.08,-8.58,10.94
2026-07-18T13:30:00.000,14.63,176.13,-14.59,0.99
2026-07-18T13:40:00.000,19.58,183.76,-19.53,-1.28
2026-07-18T13:50:00.000,18.49,235.36,-10.51,-15.21
2026-07-18T14:00:00.000,17.42,243.1,-7.88,-15.53
2026-07-18T14:10:00.000,11.23,252.81,-3.32,-10.73
2026-07-18T14:20:00.000,7.86,348.32,7.7,-1.59
2026-07-18T14:30:00.000,14.39,53.6,8.54,11.58
2026-07-18T14:40:00.000,21.38,19.61,20.14,7.17
2026-07-18T14:50:00.000,22.95,19.83,21.59,7.78
2026-07-18T15:00:00.000,21.55,9.38,21.26,3.51
2026-07-18T15:10:00.000,19.3,35.01,15.8,11.07
2026-07-18T15:20:00.000,25.01,14.44,24.22,6.24
2026-07-18T15:30:00.000,21.77,10.02,21.44,3.79
2026-07-18T15:40:00.000,24.15,27.02,21.52,10.97
2026-07-18T15:50:00.000,21.21,21.39,19.75,7.74
2026-07-18T16:00:00.000,27.05,21.55,25.16,9.93
2026-07-18T16:10:00.000,23.53,24.27,21.45,9.67
2026-07-18T16:20:00.000,22.46,8.88,22.19,3.47
2026-07-18T16:30:00.000,14.91,357.65,14.89,-0.61
2026-07-18T16:40:00.000,0.38,348.42,0.37,-0.08
2026-07-18T16:50:00.000,4.02,194.86,-3.88,-1.03
2026-07-18T17:00:00.000,2.88,125.15,-1.66,2.36
2026-07-18T17:10:00.000,0.07,175.3,-0.07,0.01
2026-07-18T17:20:00.000,4.08,76.9,0.93,3.98
2026-07-18T17:30:00.000,3.14,57.22,1.7,2.64
2026-07-18T17:40:00.000,4.95,50.71,3.14,3.83
2026-07-18T17:50:00.000,1.09,96.06,-0.12,1.08
2026-07-18T18:00:00.000,0.58,63.38,0.26,0.52
2026-07-18T18:10:00.000,5.25,7.88,5.2,0.72
2026-07-18T18:20:00.000,4.53,6.79,4.5,0.54
2026-07-18T18:30:00.000,3.25,13.27,3.16,0.75
2026-07-18T18:40:00.000,0.54,20.09,0.51,0.19
2026-07-18T18:50:00.000,0.84,10.1,0.83,0.15
2026-07-18T19:00:00.000,0.18,59.71,0.09,0.15
2026-07-18T19:10:00.000,0.09,105.57,-0.02,0.09
2026-07-18T19:20:00.000,0.36,22.16,0.33,0.14
2026-07-18T19:30:00.000,0.08,110.27,-0.03,0.08
2026-07-18T19:40:00.000,0.09,69.8,0.03,0.09
2026-07-18T19:50:00.000,1.28,347.44,1.24,-0.28
2026-07-18T20:00:00.000,0.25,109.78,-0.08,0.23
2026-07-18T20:10:00.000,4.04,145.09,-3.31,2.31
2026-07-18T20:20:00.000,2.71,144.47,-2.21,1.58
2026-07-18T20:30:00.000,3.27,75.13,0.84,3.16
2026-07-18T20:40:00.000,7.3,41.34,5.48,4.82
2026-07-18T20:50:00.000,7.5,340.84,7.09,-2.46
2026-07-18T21:00:00.000,6.49,27.89,5.73,3.03
2026-07-18T21:10:00.000,6.37,25.76,5.74,2.77
2026-07-18T21:20:00.000,13.92,34.99,11.41,7.98
2026-07-18T21:30:00.000,9.3,47.3,6.31,6.84
2026-07-18T21:40:00.000,6.21,44.41,4.43,4.34
2026-07-18T21:50:00.000,5.08,10.01,5,0.88
2026-07-18T22:00:00.000,7.63,333.98,6.86,-3.35
2026-07-18T22:10:00.000,6.41,327.46,5.4,-3.45
2026-07-18T22:20:00.000,0.29,324.47,0.24,-0.17
2026-07-18T22:30:00.000,1.05,132.12,-0.71,0.78
2026-07-18T22:40:00.000,6.84,167.86,-6.69,1.44
2026-07-18T22:50:00.000,11.85,195.09,-11.44,-3.09
2026-07-18T23:00:00.000,14.54,194.18,-14.1,-3.56
2026-07-18T23:10:00.000,12.58,195.35,-12.13,-3.33
2026-07-18T23:20:00.000,12.2,203.57,-11.18,-4.88
2026-07-18T23:30:00.000,9.86,213.82,-8.19,-5.49
2026-07-18T23:40:00.000,20.44,216.51,-16.43,-12.16
2026-07-18T23:50:00.000,20.18,212.59,-17,-10.87
2026-07-19T00:00:00.000,23.4,196.11,-22.48,-6.49
2026-07-19T00:10:00.000,28.08,181.85,-28.06,-0.91
2026-07-19T00:20:00.000,29.67,182.23,-29.64,-1.16
2026-07-19T00:30:00.000,27.13,167.15,-26.45,6.03
2026-07-19T00:40:00.000,20.8,182.45,-20.78,-0.89
2026-07-19T00:50:00.000,29.52,205.8,-26.57,-12.84
2026-07-19T01:00:00.000,35.01,206.95,-31.21,-15.86
2026-07-19T01:10:00.000,30.13,202.73,-27.79,-11.64
2026-07-19T01:20:00.000,30.12,196.21,-28.92,-8.41
2026-07-19T01:30:00.000,31.93,194.9,-30.86,-8.21
2026-07-19T01:40:00.000,24.76,182.13,-24.74,-0.92
2026-07-19T01:50:00.000,23.22,186.73,-23.06,-2.72
2026-07-19T02:00:00.000,25.35,189.07,-25.04,-4
2026-07-19T02:10:00.000,28.48,188.55,-28.16,-4.24
2026-07-19T02:20:00.000,34.71,182.23,-34.69,-1.35
2026-07-19T02:30:00.000,31.54,183.35,-31.49,-1.84
2026-07-19T02:40:00.000,28.18,190.18,-27.73,-4.98
2026-07-19T02:50:00.000,25.14,197.69,-23.95,-7.64
2026-07-19T03:00:00.000,18.24,208.67,-16,-8.75
2026-07-19T03:10:00.000,11.92,218.64,-9.31,-7.45
2026-07-19T03:20:00.000,8.82,244.22,-3.83,-7.94
2026-07-19T03:30:00.000,5.96,225.68,-4.17,-4.27
2026-07-19T03:40:00.000,5.94,205.7,-5.35,-2.58
2026-07-19T03:50:00.000,5.12,216.13,-4.14,-3.02
2026-07-19T04:00:00.000,4.24,269.76,-0.02,-4.24
2026-07-19T04:10:00.000,10.21,356.48,10.19,-0.63
2026-07-19T04:20:00.000,22.33,22.23,20.67,8.45
2026-07-19T04:30:00.000,18.07,28.23,15.92,8.55
2026-07-19T04:40:00.000,20,21.27,18.64,7.26
2026-07-19T04:50:00.000,24.07,29.91,20.86,12
2026-07-19T05:00:00.000,21.74,44.85,15.42,15.34
2026-07-19T05:10:00.000,20.12,25.32,18.19,8.6
2026-07-19T05:20:00.000,18.35,24.83,16.66,7.71
2026-07-19T05:30:00.000,22.51,36.87,18.01,13.5
2026-07-19T05:40:00.000,22,38.03,17.33,13.56
2026-07-19T05:50:00.000,23.58,12.07,23.06,4.93
2026-07-19T06:00:00.000,16.22,357.94,16.21,-0.58
2026-07-19T06:10:00.000,5.47,25.6,4.93,2.36
2026-07-19T06:20:00.000,10.79,73.28,3.1,10.33
2026-07-19T06:30:00.000,18.19,48.39,12.08,13.6
2026-07-19T06:40:00.000,19.59,44.57,13.95,13.75
2026-07-19T06:50:00.000,18.5,18.3,17.56,5.81
2026-07-19T07:00:00.000,19.63,31.58,16.72,10.28
2026-07-19T07:10:00.000,20.1,33.76,16.71,11.17
2026-07-19T07:20:00.000,19.6,35.38,15.98,11.35
2026-07-19T07:30:00.000,20.96,39.55,16.16,13.34
2026-07-19T07:40:00.000,19.31,38.1,15.19,11.91
2026-07-19T07:50:00.000,21.83,28.16,19.24,10.3
2026-07-19T08:00:00.000,18.88,42.7,13.88,12.81
2026-07-19T08:10:00.000,16.64,47.29,11.29,12.23
2026-07-19T08:20:00.000,16.26,51.66,10.09,12.75
2026-07-19T08:30:00.000,17.93,68.56,6.56,16.69
2026-07-19T08:40:00.000,14.16,64.81,6.03,12.81
2026-07-19T08:50:00.000,8.18,64.83,3.48,7.41
2026-07-19T09:00:00.000,7.21,58.69,3.74,6.16
2026-07-19T09:10:00.000,14.87,27.55,13.19,6.88
2026-07-19T09:20:00.000,11.83,355.12,11.78,-1.01
2026-07-19T09:30:00.000,5.59,23.02,5.14,2.18
2026-07-19T09:40:00.000,5.83,47.18,3.96,4.27
2026-07-19T09:50:00.000,10.54,68.73,3.82,9.82
2026-07-19T10:00:00.000,16.33,67.58,6.23,15.09
2026-07-19T10:10:00.000,12.85,72.85,3.79,12.28
2026-07-19T10:20:00.000,7.75,56.06,4.33,6.43
2026-07-19T10:30:00.000,7.22,44.28,5.17,5.04
2026-07-19T10:40:00.000,4.23,3.69,4.22,0.27
2026-07-19T10:50:00.000,4.14,323.97,3.35,-2.44
2026-07-19T11:00:00.000,0.36,266.27,-0.02,-0.36
2026-07-19T11:10:00.000,8.65,210.04,-7.49,-4.33
2026-07-19T11:20:00.000,17.76,189.9,-17.49,-3.05
2026-07-19T11:30:00.000,27.4,188.72,-27.08,-4.15
2026-07-19T11:40:00.000,40.12,180.88,-40.12,-0.62
2026-07-19T11:50:00.000,27.15,163.63,-26.05,7.65
2026-07-19T12:00:00.000,30.61,180,-30.61,0
2026-07-19T12:10:00.000,35.08,207.36,-31.16,-16.12
2026-07-19T12:20:00.000,28.42,217.52,-22.54,-17.31
2026-07-19T12:30:00.000,31.09,215.09,-25.44,-17.87
2026-07-19T12:40:00.000,27.74,206.37,-24.86,-12.32
2026-07-19T12:50:00.000,23.46,203.87,-21.45,-9.49
2026-07-19T13:00:00.000,18.75,210.61,-16.14,-9.55
2026-07-19T13:10:00.000,5.45,220.28,-4.16,-3.52
2026-07-19T13:20:00.000,5.92,199.1,-5.6,-1.94
2026-07-19T13:30:00.000,7.77,165.11,-7.51,2
2026-07-19T13:40:00.000,6.84,66.85,2.69,6.29
2026-07-19T13:50:00.000,6.52,84.14,0.67,6.49
2026-07-19T14:00:00.000,6.85,180.95,-6.85,-0.11
2026-07-19T14:10:00.000,12.86,189.93,-12.67,-2.22
2026-07-19T14:20:00.000,9.67,180.04,-9.67,-0.01
2026-07-19T14:30:00.000,2.26,148.06,-1.92,1.2
2026-07-19T14:40:00.000,5.31,358.24,5.31,-0.16
2026-07-19T14:50:00.000,4.48,32.82,3.77,2.43
2026-07-19T15:00:00.000,14.21,42.23,10.52,9.55
2026-07-19T15:10:00.000,9.89,1.87,9.88,0.32
2026-07-19T15:20:00.000,18.75,24.21,17.1,7.69
2026-07-19T15:30:00.000,15.34,37.24,12.22,9.28
2026-07-19T15:40:00.000,19.82,43.86,14.29,13.73
2026-07-19T15:50:00.000,24.21,24.69,22,10.11
2026-07-19T16:00:00.000,24.52,24.8,22.26,10.28
2026-07-19T16:10:00.000,22.65,17.29,21.62,6.73
2026-07-19T16:20:00.000,19.69,23.3,18.08,7.79
2026-07-19T16:30:00.000,16.58,34.45,13.67,9.38
2026-07-19T16:40:00.000,12.51,20.54,11.71,4.39
2026-07-19T16:50:00.000,6.64,346.18,6.45,-1.59
2026-07-19T17:00:00.000,3.05,252.84,-0.9,-2.91
2026-07-19T17:10:00.000,7.75,181.45,-7.74,-0.2
2026-07-19T17:20:00.000,2.42,56.32,1.34,2.01
2026-07-19T17:30:00.000,11.53,18.25,10.95,3.61
2026-07-19T17:40:00.000,18.57,51.1,11.66,14.45
2026-07-19T17:50:00.000,22.52,68.09,8.4,20.9
2026-07-19T18:00:00.000,19.98,55.94,11.19,16.55
2026-07-19T18:10:00.000,21,30.58,18.08,10.68
2026-07-19T18:20:00.000,11.28,18.39,10.7,3.56
2026-07-19T18:30:00.000,9.4,356.56,9.39,-0.56
2026-07-19T18:40:00.000,7.82,350.49,7.71,-1.29
2026-07-19T18:50:00.000,3.5,321.11,2.72,-2.2
2026-07-19T19:00:00.000,3.22,285.2,0.84,-3.11
2026-07-19T19:10:00.000,3.71,269.46,-0.04,-3.71
2026-07-19T19:20:00.000,3.39,271.41,0.08,-3.39
2026-07-19T19:30:00.000,6.98,226.97,-4.76,-5.1
2026-07-19T19:40:00.000,7.45,193.69,-7.24,-1.76
2026-07-19T19:50:00.000,10.1,183.87,-10.08,-0.68
2026-07-19T20:00:00.000,7.6,197.61,-7.25,-2.3
2026-07-19T20:10:00.000,9.35,214.97,-7.66,-5.36
2026-07-19T20:20:00.000,9.9,202.84,-9.12,-3.84
2026-07-19T20:30:00.000,7.57,199.84,-7.12,-2.57
2026-07-19T20:40:00.000,8.15,207.44,-7.23,-3.76
2026-07-19T20:50:00.000,4.09,210.93,-3.51,-2.1
2026-07-19T21:00:00.000,3.59,245.73,-1.48,-3.27
2026-07-19T21:10:00.000,6.87,224.79,-4.88,-4.84
2026-07-19T21:20:00.000,6.62,221.72,-4.94,-4.4
2026-07-19T21:30:00.000,6.69,281.54,1.34,-6.55
2026-07-19T21:40:00.000,4.56,265.68,-0.34,-4.55
2026-07-19T21:50:00.000,4.44,236.91,-2.42,-3.72
2026-07-19T22:00:00.000,0.15,237.91,-0.08,-0.12
2026-07-19T22:10:00.000,0.06,252.98,-0.02,-0.06
2026-07-19T22:20:00.000,1.95,314.02,1.36,-1.4
2026-07-19T22:30:00.000,2.14,342.45,2.04,-0.65
2026-07-19T22:40:00.000,3.99,340.66,3.76,-1.32
2026-07-19T22:50:00.000,3.55,346.96,3.46,-0.8
2026-07-19T23:00:00.000,3.8,324.65,3.1,-2.2
2026-07-19T23:10:00.000,1.42,332.74,1.26,-0.65
2026-07-19T23:20:00.000,0.53,98.12,-0.07,0.52
2026-07-19T23:30:00.000,3.75,142.72,-2.98,2.27
2026-07-19T23:40:00.000,5.22,174.52,-5.2,0.5
2026-07-19T23:50:00.000,3.85,195.55,-3.71,-1.03
2026-07-20T00:00:00.000,2.59,190.06,-2.55,-0.45
2026-07-20T00:10:00.000,4.07,177.94,-4.07,0.15
2026-07-20T00:20:00.000,6.71,184.43,-6.69,-0.52
2026-07-20T00:30:00.000,9.1,211.42,-7.77,-4.74
2026-07-20T00:40:00.000,14.43,199.68,-13.58,-4.86
2026-07-20T00:50:00.000,13.76,193.51,-13.38,-3.22
2026-07-20T01:00:00.000,15.13,185.96,-15.05,-1.57
2026-07-20T01:10:00.000,22.27,176.97,-22.24,1.18
2026-07-20T01:20:00.000,27.12,173.79,-26.96,2.93
2026-07-20T01:30:00.000,22.74,175.21,-22.66,1.9
2026-07-20T01:40:00.000,17.65,194.66,-17.07,-4.47
2026-07-20T01:50:00.000,8.23,210.1,-7.12,-4.13
2026-07-20T02:00:00.000,0.8,163.27,-0.77,0.23
2026-07-20T02:10:00.000,4.2,19.58,3.96,1.41
2026-07-20T02:20:00.000,6.91,27.28,6.14,3.17
2026-07-20T02:30:00.000,6.14,31.92,5.21,3.25
2026-07-20T02:40:00.000,3.05,53.56,1.81,2.46
2026-07-20T02:50:00.000,4.37,90.48,-0.04,4.37
2026-07-20T03:00:00.000,7.17,15.27,6.92,1.89
2026-07-20T03:10:00.000,14.87,28.25,13.1,7.04
2026-07-20T03:20:00.000,15.95,61.16,7.69,13.97
2026-07-20T03:30:00.000,11.67,76.34,2.76,11.34
2026-07-20T03:40:00.000,10.88,55.09,6.22,8.92
2026-07-20T03:50:00.000,7.39,46.69,5.07,5.38
2026-07-20T04:00:00.000,8.33,28.04,7.35,3.92
2026-07-20T04:10:00.000,6.98,33.2,5.84,3.82
2026-07-20T04:20:00.000,8.09,16.1,7.77,2.24
2026-07-20T04:30:00.000,17.72,353.97,17.62,-1.86
2026-07-20T04:40:00.000,25.49,347.09,24.85,-5.7
2026-07-20T04:50:00.000,26.98,13.85,26.19,6.46
2026-07-20T05:00:00.000,21.95,26.41,19.66,9.76
2026-07-20T05:10:00.000,28.33,31.46,24.16,14.79
2026-07-20T05:20:00.000,23.2,32.95,19.47,12.62
2026-07-20T05:30:00.000,25.9,18.84,24.51,8.37
2026-07-20T05:40:00.000,25.97,11.64,25.44,5.24
2026-07-20T05:50:00.000,27.92,23.53,25.59,11.15
2026-07-20T06:00:00.000,26.2,29.58,22.79,12.94
2026-07-20T06:10:00.000,24.35,27.12,21.67,11.1
2026-07-20T06:20:00.000,24.88,24.86,22.58,10.46
2026-07-20T06:30:00.000,22.16,31.12,18.97,11.45
2026-07-20T06:40:00.000,16.22,18.07,15.42,5.03
2026-07-20T06:50:00.000,16.96,22.85,15.63,6.58
2026-07-20T07:00:00.000,11.49,19.5,10.83,3.83
2026-07-20T07:10:00.000,8.8,355.12,8.77,-0.75
2026-07-20T07:20:00.000,0.25,72.17,0.08,0.23
2026-07-20T07:30:00.000,7.36,206.61,-6.58,-3.3
2026-07-20T07:40:00.000,7.69,213.62,-6.4,-4.26
2026-07-20T07:50:00.000,12.67,185.84,-12.61,-1.29
2026-07-20T08:00:00.000,10.12,176.13,-10.09,0.68
2026-07-20T08:10:00.000,11.62,163.11,-11.12,3.38
2026-07-20T08:20:00.000,8.17,148.18,-6.95,4.31
2026-07-20T08:30:00.000,1.35,149.16,-1.16,0.69
2026-07-20T08:40:00.000,0.75,126.16,-0.44,0.6
2026-07-20T08:50:00.000,0.7,136.83,-0.51,0.48
2026-07-20T09:00:00.000,0.34,135.25,-0.24,0.24
2026-07-20T09:10:00.000,0.31,227.39,-0.21,-0.23
2026-07-20T09:20:00.000,2.09,212.63,-1.76,-1.13
2026-07-20T09:30:00.000,0.41,186.31,-0.41,-0.04
2026-07-20T09:40:00.000,1.5,204.08,-1.36,-0.61
2026-07-20T09:50:00.000,0.14,78.81,0.03,0.13
2026-07-20T10:00:00.000,3.28,9.68,3.24,0.55
2026-07-20T10:10:00.000,4.34,9.19,4.28,0.69
2026-07-20T10:20:00.000,2.57,11.34,2.52,0.51
2026-07-20T10:30:00.000,2.53,35.28,2.07,1.46
2026-07-20T10:40:00.000,0.97,52.25,0.59,0.76
2026-07-20T10:50:00.000,2.8,119.76,-1.39,2.43
2026-07-20T11:00:00.000,6.78,196.43,-6.5,-1.92
2026-07-20T11:10:00.000,9.23,206.64,-8.25,-4.14
2026-07-20T11:20:00.000,12.34,198.64,-11.69,-3.94
2026-07-20T11:30:00.000,17.7,198.16,-16.82,-5.52
2026-07-20T11:40:00.000,21.4,207.09,-19.05,-9.75
2026-07-20T11:50:00.000,17.51,198.85,-16.57,-5.66
2026-07-20T12:00:00.000,26.08,206.07,-23.42,-11.46
2026-07-20T12:10:00.000,24.72,212.8,-20.78,-13.39
2026-07-20T12:20:00.000,22.7,218.83,-17.68,-14.23
2026-07-20T12:30:00.000,13.1,228.92,-8.61,-9.88
2026-07-20T12:40:00.000,8.21,224.63,-5.84,-5.77
2026-07-20T12:50:00.000,8.42,193.43,-8.19,-1.95
2026-07-20T13:00:00.000,9.08,166.95,-8.84,2.05
2026-07-20T13:10:00.000,14.23,146.9,-11.92,7.77
2026-07-20T13:20:00.000,1.57,251.08,-0.51,-1.49
2026-07-20T13:30:00.000,2.23,282.65,0.49,-2.18
2026-07-20T13:40:00.000,0.18,73.3,0.05,0.18
2026-07-20T13:50:00.000,3.65,38.47,2.85,2.27
2026-07-20T14:00:00.000,3.03,183.38,-3.03,-0.18
2026-07-20T14:10:00.000,9.54,204.52,-8.68,-3.96
2026-07-20T14:20:00.000,17.14,207.8,-15.16,-7.99
2026-07-20T14:30:00.000,22.8,206.72,-20.37,-10.25
2026-07-20T14:40:00.000,23.78,208.54,-20.89,-11.36
2026-07-20T14:50:00.000,27.4,199.64,-25.81,-9.21
2026-07-20T15:00:00.000,29.01,193.6,-28.19,-6.82
2026-07-20T15:10:00.000,32.82,190.76,-32.24,-6.13
2026-07-20T15:20:00.000,32.41,204.95,-29.38,-13.67
2026-07-20T15:30:00.000,31.29,201.47,-29.12,-11.45
2026-07-20T15:40:00.000,28.11,180.81,-28.11,-0.4
2026-07-20T15:50:00.000,18.76,178.68,-18.76,0.43
2026-07-20T16:00:00.000,15.27,159.86,-14.33,5.26
2026-07-20T16:10:00.000,14.73,137.35,-10.84,9.98
2026-07-20T16:20:00.000,10.31,122.66,-5.56,8.68
2026-07-20T16:30:00.000,16.4,76.98,3.69,15.97
2026-07-20T16:40:00.000,21.95,35.22,17.93,12.66
2026-07-20T16:50:00.000,32.48,39.54,25.04,20.68
2026-07-20T17:00:00.000,38.53,68.13,14.36,35.76
2026-07-20T17:10:00.000,16.89,41.61,12.63,11.22
2026-07-20T17:20:00.000,15.44,31.43,13.18,8.05
2026-07-20T17:30:00.000,21.44,52.12,13.17,16.92
2026-07-20T17:40:00.000,17.33,74.97,4.5,16.74
2026-07-20T17:50:00.000,7.08,115.46,-3.04,6.39
2026-07-20T18:00:00.000,2.84,112.65,-1.09,2.62
2026-07-20T18:10:00.000,15.28,340.12,14.37,-5.2
2026-07-20T18:20:00.000,17.1,1.44,17.09,0.43
2026-07-20T18:30:00.000,15.21,17.12,14.54,4.48
2026-07-20T18:40:00.000,11.61,21.95,10.77,4.34
2026-07-20T18:50:00.000,9.4,40.7,7.12,6.13
2026-07-20T19:00:00.000,9.18,18.87,8.69,2.97
2026-07-20T19:10:00.000,5.19,12.47,5.07,1.12
2026-07-20T19:20:00.000,2.58,61.16,1.25,2.26
2026-07-20T19:30:00.000,2.07,83.89,0.22,2.06
2026-07-20T19:40:00.000,0.61,170.94,-0.6,0.1
2026-07-20T19:50:00.000,3.8,207.35,-3.37,-1.75
2026-07-20T20:00:00.000,4.81,228.55,-3.19,-3.61
2026-07-20T20:10:00.000,9.52,200.61,-8.91,-3.35
2026-07-20T20:20:00.000,10.65,189.36,-10.51,-1.73
2026-07-20T20:30:00.000,12.09,184.01,-12.06,-0.85
2026-07-20T20:40:00.000,13.33,192.54,-13.01,-2.89
2026-07-20T20:50:00.000,13.95,203.08,-12.83,-5.47
2026-07-20T21:00:00.000,13.26,190.47,-13.04,-2.41
2026-07-20T21:10:00.000,10.07,174.54,-10.03,0.96
2026-07-20T21:20:00.000,4.38,171.38,-4.33,0.66
2026-07-20T21:30:00.000,0.73,301.56,0.38,-0.63
2026-07-20T21:40:00.000,5.3,332.05,4.68,-2.48
2026-07-20T21:50:00.000,6.67,348.01,6.52,-1.39
2026-07-20T22:00:00.000,5.49,30.45,4.73,2.78
2026-07-20T22:10:00.000,1.18,45.06,0.83,0.84
2026-07-20T22:20:00.000,0.78,83.35,0.09,0.77
2026-07-20T22:30:00.000,0.44,163.14,-0.42,0.13
2026-07-20T22:40:00.000,1.66,214.91,-1.36,-0.95
2026-07-20T22:50:00.000,3.89,201.14,-3.62,-1.4
2026-07-20T23:00:00.000,3.96,229.79,-2.55,-3.02
2026-07-20T23:10:00.000,3.78,240.03,-1.89,-3.28
2026-07-20T23:20:00.000,4.46,185.71,-4.44,-0.44
2026-07-20T23:30:00.000,6.77,182.46,-6.76,-0.29
2026-07-20T23:40:00.000,12.58,199.32,-11.87,-4.16
2026-07-20T23:50:00.000,12.14,226.89,-8.3,-8.86
2026-07-21T00:00:00.000,7.92,256.15,-1.9,-7.69
2026-07-21T00:10:00.000,5.32,260.32,-0.89,-5.24
2026-07-21T00:20:00.000,1.72,223.44,-1.25,-1.18
2026-07-21T00:30:00.000,4.01,123.56,-2.22,3.34
2026-07-21T00:40:00.000,5.31,118.32,-2.52,4.67
2026-07-21T00:50:00.000,15.81,133.84,-10.95,11.41
2026-07-21T01:00:00.000,23.89,165.34,-23.12,6.05
2026-07-21T01:10:00.000,24.68,166.42,-23.99,5.79
2026-07-21T01:20:00.000,22.58,186.7,-22.42,-2.63
2026-07-21T01:30:00.000,32.72,187.67,-32.42,-4.37
2026-07-21T01:40:00.000,43.13,186.72,-42.84,-5.05
2026-07-21T01:50:00.000,45.49,198.47,-43.14,-14.41
2026-07-21T02:00:00.000,41.13,207.42,-36.51,-18.94
2026-07-21T02:10:00.000,40.47,200.07,-38.02,-13.89
2026-07-21T02:20:00.000,40.57,202.07,-37.6,-15.24
2026-07-21T02:30:00.000,28.22,207.66,-25,-13.1
2026-07-21T02:40:00.000,18.22,225.24,-12.83,-12.94
2026-07-21T02:50:00.000,10.7,232.69,-6.49,-8.51
2026-07-21T03:00:00.000,0.32,183.86,-0.32,-0.02
2026-07-21T03:10:00.000,9.35,75.02,2.42,9.03
2026-07-21T03:20:00.000,1.28,71.71,0.4,1.22
2026-07-21T03:30:00.000,1.79,41.93,1.33,1.2
2026-07-21T03:40:00.000,23.32,81.51,3.44,23.07
2026-07-21T03:50:00.000,5.9,104.93,-1.52,5.7
2026-07-21T04:00:00.000,4.22,183.6,-4.21,-0.26
2026-07-21T04:10:00.000,7.19,154.81,-6.51,3.06
2026-07-21T04:20:00.000,6.81,125.73,-3.98,5.53
2026-07-21T04:30:00.000,2.61,122.12,-1.39,2.21
2026-07-21T04:40:00.000,3.25,296.36,1.44,-2.91
2026-07-21T04:50:00.000,1.04,325.93,0.86,-0.58
2026-07-21T05:00:00.000,16.45,314.79,11.59,-11.67
2026-07-21T05:10:00.000,6.43,1.09,6.43,0.12
2026-07-21T05:20:00.000,4.82,48.4,3.2,3.6
2026-07-21T05:30:00.000,2.09,341.09,1.97,-0.68
2026-07-21T05:40:00.000,4.5,345.89,4.36,-1.1
2026-07-21T05:50:00.000,6.23,336.9,5.73,-2.45
2026-07-21T06:00:00.000,4.59,18.75,4.35,1.48
2026-07-21T06:10:00.000,6.81,7.14,6.76,0.85
2026-07-21T06:20:00.000,5.99,47.48,4.05,4.42
2026-07-21T06:30:00.000,10.88,52.45,6.63,8.62
2026-07-21T06:40:00.000,5.5,50.87,3.47,4.27
2026-07-21T06:50:00.000,5.27,14.56,5.1,1.32
2026-07-21T07:00:00.000,7.34,347.78,7.18,-1.55
2026-07-21T07:10:00.000,3.8,328.58,3.24,-1.98
2026-07-21T07:20:00.000,0.19,355.81,0.19,-0.01
2026-07-21T07:30:00.000,5.06,176.42,-5.05,0.32
2026-07-21T07:40:00.000,4.62,209.74,-4.01,-2.29
2026-07-21T07:50:00.000,11.85,207.32,-10.53,-5.44
2026-07-21T08:00:00.000,10.91,200.4,-10.23,-3.8
2026-07-21T08:10:00.000,14.51,201.38,-13.51,-5.29
2026-07-21T08:20:00.000,16.3,210.28,-14.07,-8.22
2026-07-21T08:30:00.000,4.14,215.44,-3.37,-2.4
2026-07-21T08:40:00.000,3.65,206.06,-3.28,-1.6
2026-07-21T08:50:00.000,2.59,236.82,-1.42,-2.17
2026-07-21T09:00:00.000,3.19,253.35,-0.91,-3.06
2026-07-21T09:10:00.000,4.46,244.1,-1.95,-4.01
2026-07-21T09:20:00.000,5.37,246.08,-2.18,-4.91
2026-07-21T09:30:00.000,10.01,233.1,-6.01,-8
2026-07-21T09:40:00.000,5.6,195.25,-5.4,-1.47
2026-07-21T09:50:00.000,15.15,189.23,-14.95,-2.43
2026-07-21T10:00:00.000,19.64,194.68,-19,-4.98
2026-07-21T10:10:00.000,19.41,205.23,-17.56,-8.27
2026-07-21T10:20:00.000,17.33,214.44,-14.29,-9.8
2026-07-21T10:30:00.000,12.9,204.44,-11.74,-5.34
2026-07-21T10:40:00.000,7.12,198.92,-6.73,-2.31
2026-07-21T10:50:00.000,5.2,219.95,-3.99,-3.34
2026-07-21T11:00:00.000,5.91,249.52,-2.07,-5.54
2026-07-21T11:10:00.000,5.78,260.07,-1,-5.7
2026-07-21T11:20:00.000,3.48,233.6,-2.06,-2.8
2026-07-21T11:30:00.000,3.73,357.7,3.73,-0.15
2026-07-21T11:40:00.000,7.42,30,6.43,3.71
2026-07-21T11:50:00.000,9.96,68.68,3.62,9.28
2026-07-21T12:00:00.000,7.72,105.2,-2.02,7.45
2026-07-21T12:10:00.000,3.82,138.85,-2.88,2.52
2026-07-21T12:20:00.000,1.52,175.01,-1.52,0.13
2026-07-21T12:30:00.000,5.94,7.04,5.89,0.73
2026-07-21T12:40:00.000,4.53,46.36,3.12,3.28
2026-07-21T12:50:00.000,1.8,35.12,1.48,1.04
2026-07-21T13:00:00.000,0.31,293.17,0.12,-0.29
2026-07-21T13:10:00.000,2.8,190.42,-2.75,-0.51
2026-07-21T13:20:00.000,2.81,155.61,-2.56,1.16
2026-07-21T13:30:00.000,5.83,131.77,-3.88,4.35
2026-07-21T13:40:00.000,13.77,142.74,-10.96,8.33
2026-07-21T13:50:00.000,1.53,125.2,-0.88,1.25
2026-07-21T14:00:00.000,5.17,352.49,5.13,-0.68
2026-07-21T14:10:00.000,2.45,6.42,2.44,0.27
2026-07-21T14:20:00.000,1.01,95.54,-0.1,1.01
2026-07-21T14:30:00.000,9.98,190.3,-9.82,-1.79
2026-07-21T14:40:00.000,12.15,189.99,-11.97,-2.11
2026-07-21T14:50:00.000,15.21,204.35,-13.85,-6.27
2026-07-21T15:00:00.000,17.4,207.02,-15.5,-7.91
2026-07-21T15:10:00.000,24.07,200.47,-22.55,-8.42
2026-07-21T15:20:00.000,29.77,190.34,-29.29,-5.34
2026-07-21T15:30:00.000,34.98,194.04,-33.94,-8.49
2026-07-21T15:40:00.000,30.11,197.82,-28.66,-9.22
2026-07-21T15:50:00.000,22.62,203.95,-20.67,-9.18
2026-07-21T16:00:00.000,16.34,197.99,-15.55,-5.05
2026-07-21T16:10:00.000,7.93,159.32,-7.42,2.8
2026-07-21T16:20:00.000,2.91,217.22,-2.31,-1.76
2026-07-21T16:30:00.000,0.43,64.16,0.19,0.38
2026-07-21T16:40:00.000,3.6,70.92,1.18,3.4
2026-07-21T16:50:00.000,5.93,87.9,0.22,5.92
2026-07-21T17:00:00.000,1.09,54.82,0.63,0.89
2026-07-21T17:10:00.000,6.63,339.14,6.2,-2.36
2026-07-21T17:20:00.000,6.06,9.12,5.98,0.96
2026-07-21T17:30:00.000,5.34,88.18,0.17,5.34
2026-07-21T17:40:00.000,19.03,109.86,-6.46,17.89
2026-07-21T17:50:00.000,9.89,92.69,-0.46,9.88
2026-07-21T18:00:00.000,14.09,349.04,13.83,-2.68
2026-07-21T18:10:00.000,7.23,12.02,7.08,1.51
2026-07-21T18:20:00.000,8.29,55.35,4.71,6.82
2026-07-21T18:30:00.000,13.42,39.46,10.36,8.53
2026-07-21T18:40:00.000,23.05,36.47,18.54,13.7
2026-07-21T18:50:00.000,23.21,38.2,18.24,14.36
2026-07-21T19:00:00.000,16.03,56.87,8.76,13.43
2026-07-21T19:10:00.000,11.19,13.37,10.89,2.59
2026-07-21T19:20:00.000,15.31,330.12,13.28,-7.63
2026-07-21T19:30:00.000,15.97,340.7,15.07,-5.28
2026-07-21T19:40:00.000,4.57,33.26,3.83,2.51
2026-07-21T19:50:00.000,11.29,70.53,3.76,10.65
2026-07-21T20:00:00.000,14.68,73.41,4.19,14.07
2026-07-21T20:10:00.000,9.63,57.37,5.19,8.11
2026-07-21T20:20:00.000,3.18,43.65,2.3,2.19
2026-07-21T20:30:00.000,4.4,131.34,-2.91,3.31
2026-07-21T20:40:00.000,4.52,125.35,-2.61,3.69
2026-07-21T20:50:00.000,0.84,266.61,-0.05,-0.84
2026-07-21T21:00:00.000,3.28,246.55,-1.3,-3.01
2026-07-21T21:10:00.000,3.25,264.63,-0.3,-3.23
2026-07-21T21:20:00.000,2.28,250.77,-0.75,-2.15
2026-07-21T21:30:00.000,3.58,281.7,0.73,-3.5
2026-07-21T21:40:00.000,3.53,303.39,1.94,-2.95
2026-07-21T21:50:00.000,2.74,318.75,2.06,-1.81
2026-07-21T22:00:00.000,1.79,31.35,1.53,0.93
2026-07-21T22:10:00.000,3.11,126.94,-1.87,2.49
2026-07-21T22:20:00.000,4.39,111.4,-1.6,4.08
2026-07-21T22:30:00.000,2.56,348.81,2.51,-0.5
2026-07-21T22:40:00.000,4.71,328.84,4.03,-2.44
2026-07-21T22:50:00.000,2.26,345.05,2.18,-0.58
2026-07-21T23:00:00.000,0.22,69.16,0.08,0.21
2026-07-21T23:10:00.000,0.52,137.27,-0.38,0.35
2026-07-21T23:20:00.000,4,177.89,-4,0.15
2026-07-21T23:30:00.000,6.88,193.1,-6.7,-1.56
2026-07-21T23:40:00.000,5.72,191.31,-5.61,-1.12
2026-07-21T23:50:00.000,9.31,174.44,-9.26,0.9
2026-07-22T00:00:00.000,6.57,187.86,-6.5,-0.9
2026-07-22T00:10:00.000,0.76,242.58,-0.35,-0.67
2026-07-22T00:20:00.000,3.74,295.82,1.63,-3.37
2026-07-22T00:30:00.000,3.97,295.71,1.72,-3.57
2026-07-22T00:40:00.000,0.21,9.02,0.21,0.03
2026-07-22T00:50:00.000,2.23,150.07,-1.93,1.11
2026-07-22T01:00:00.000,9.89,143.07,-7.9,5.94
2026-07-22T01:10:00.000,6.07,147.23,-5.11,3.29
2026-07-22T01:20:00.000,5.21,191.57,-5.11,-1.05
2026-07-22T01:30:00.000,13.81,219.89,-10.6,-8.86
2026-07-22T01:40:00.000,5.78,240.05,-2.89,-5.01
2026-07-22T01:50:00.000,9.23,243.95,-4.05,-8.29
2026-07-22T02:00:00.000,13.11,224.15,-9.41,-9.14
2026-07-22T02:10:00.000,13.43,208.74,-11.77,-6.46
2026-07-22T02:20:00.000,14.66,192.33,-14.32,-3.13
2026-07-22T02:30:00.000,14.86,196.76,-14.23,-4.29
2026-07-22T02:40:00.000,16.35,191.92,-15.99,-3.38
2026-07-22T02:50:00.000,18.98,180.89,-18.98,-0.29
2026-07-22T03:00:00.000,16.42,194.34,-15.91,-4.07
2026-07-22T03:10:00.000,16.04,201.6,-14.91,-5.91
2026-07-22T03:20:00.000,19.31,198.95,-18.26,-6.27
2026-07-22T03:30:00.000,24.61,208.45,-21.64,-11.72
2026-07-22T03:40:00.000,20.09,204.65,-18.26,-8.38
2026-07-22T03:50:00.000,22.19,191.52,-21.74,-4.43
2026-07-22T04:00:00.000,24.93,198.56,-23.63,-7.94
2026-07-22T04:10:00.000,16.44,212.35,-13.88,-8.8
2026-07-22T04:20:00.000,16.24,216.32,-13.08,-9.62
2026-07-22T04:30:00.000,11.4,179.36,-11.4,0.13
2026-07-22T04:40:00.000,14.2,156.93,-13.07,5.57
2026-07-22T04:50:00.000,5.15,183.66,-5.14,-0.33
2026-07-22T05:00:00.000,18.05,202.73,-16.65,-6.98
2026-07-22T05:10:00.000,19.03,199.37,-17.96,-6.31
2026-07-22T05:20:00.000,17.21,198.87,-16.29,-5.57
2026-07-22T05:30:00.000,12.07,181.86,-12.06,-0.39
2026-07-22T05:40:00.000,4.66,30.52,4.02,2.37
2026-07-22T05:50:00.000,1.24,27.21,1.1,0.57
2026-07-22T06:00:00.000,9.58,193.13,-9.33,-2.18
2026-07-22T06:10:00.000,8.28,210.42,-7.14,-4.19
2026-07-22T06:20:00.000,13.33,238.66,-6.94,-11.39
2026-07-22T06:30:00.000,4.81,305.37,2.78,-3.92
2026-07-22T06:40:00.000,1.27,152.08,-1.12,0.6
2026-07-22T06:50:00.000,4.26,203.23,-3.92,-1.68
2026-07-22T07:00:00.000,14.61,341.47,13.85,-4.64
2026-07-22T07:10:00.000,9.86,3.08,9.85,0.53
2026-07-22T07:20:00.000,2.74,276.79,0.32,-2.72
2026-07-22T07:30:00.000,2.72,261.2,-0.42,-2.69
2026-07-22T07:40:00.000,4.81,220.95,-3.64,-3.16
2026-07-22T07:50:00.000,4.37,212.64,-3.68,-2.35
2026-07-22T08:00:00.000,1.6,311.86,1.07,-1.19
2026-07-22T08:10:00.000,5.15,241.99,-2.42,-4.55
2026-07-22T08:20:00.000,8.09,229.35,-5.27,-6.14
2026-07-22T08:30:00.000,16.11,203.25,-14.8,-6.36
2026-07-22T08:40:00.000,20.93,194.71,-20.25,-5.31
2026-07-22T08:50:00.000,24.35,189.83,-23.99,-4.16
2026-07-22T09:00:00.000,27.04,197.17,-25.84,-7.98
2026-07-22T09:10:00.000,27.35,191.86,-26.76,-5.62
2026-07-22T09:20:00.000,22.17,213.85,-18.42,-12.35
2026-07-22T09:30:00.000,24.82,196.07,-23.85,-6.87
2026-07-22T09:40:00.000,14.58,233.02,-8.77,-11.64
2026-07-22T09:50:00.000,7.76,242.77,-3.55,-6.9
2026-07-22T10:00:00.000,12.21,267.46,-0.54,-12.2
2026-07-22T10:10:00.000,7,251.18,-2.26,-6.62
2026-07-22T10:20:00.000,4.49,247.74,-1.7,-4.16
2026-07-22T10:30:00.000,12.21,317.23,8.96,-8.29
2026-07-22T10:40:00.000,5.81,333.21,5.18,-2.62
2026-07-22T10:50:00.000,4.98,332.21,4.41,-2.32
2026-07-22T11:00:00.000,4.6,325.58,3.79,-2.6
2026-07-22T11:10:00.000,4.46,24.54,4.06,1.85
2026-07-22T11:20:00.000,4.67,67.07,1.82,4.3
2026-07-22T11:30:00.000,9.05,96.38,-1.01,9
2026-07-22T11:40:00.000,6.2,98.32,-0.9,6.13
2026-07-22T11:50:00.000,0.97,109.75,-0.33,0.92
2026-07-22T12:00:00.000,1.49,159.6,-1.4,0.52
2026-07-22T12:10:00.000,2.61,155.77,-2.38,1.07
2026-07-22T12:20:00.000,3.77,169.24,-3.7,0.7
2026-07-22T12:30:00.000,4.05,141.37,-3.16,2.53
2026-07-22T12:40:00.000,0.6,211.17,-0.51,-0.31
2026-07-22T12:50:00.000,3.28,333.38,2.93,-1.47
2026-07-22T13:00:00.000,3.38,324.29,2.75,-1.97
2026-07-22T13:10:00.000,6.72,345.88,6.51,-1.64
2026-07-22T13:20:00.000,4.37,4.95,4.36,0.38
2026-07-22T13:30:00.000,2.83,28.86,2.48,1.36
2026-07-22T13:40:00.000,3.35,47.02,2.29,2.45
2026-07-22T13:50:00.000,2.21,48.05,1.48,1.64
2026-07-22T14:00:00.000,4.13,12.42,4.04,0.89
2026-07-22T14:10:00.000,2.39,68.84,0.86,2.23
2026-07-22T14:20:00.000,1.13,103.54,-0.26,1.1
2026-07-22T14:30:00.000,0.49,86.4,0.03,0.48
2026-07-22T14:40:00.000,0.28,70.08,0.1,0.27
2026-07-22T14:50:00.000,0.19,57.54,0.1,0.16
2026-07-22T15:00:00.000,0.25,55.68,0.14,0.21
2026-07-22T15:10:00.000,1.55,310.98,1.01,-1.17
2026-07-22T15:20:00.000,0.58,336.02,0.53,-0.23
2026-07-22T15:30:00.000,0.84,112.82,-0.32,0.77
2026-07-22T15:40:00.000,5.86,165.37,-5.67,1.48
2026-07-22T15:50:00.000,6.59,174.28,-6.56,0.66
2026-07-22T16:00:00.000,8.26,179.68,-8.26,0.05
2026-07-22T16:10:00.000,9.44,201.3,-8.79,-3.43
2026-07-22T16:20:00.000,9.15,196.7,-8.77,-2.63
2026-07-22T16:30:00.000,11.91,210.75,-10.23,-6.09
2026-07-22T16:40:00.000,10.49,196.2,-10.07,-2.93
2026-07-22T16:50:00.000,14.1,193.44,-13.72,-3.28
2026-07-22T17:00:00.000,14.81,185.5,-14.75,-1.42
2026-07-22T17:10:00.000,11.92,188.07,-11.81,-1.67
2026-07-22T17:20:00.000,6.93,187.22,-6.87,-0.87
2026-07-22T17:30:00.000,2.02,171.03,-2,0.32
2026-07-22T17:40:00.000,3.18,63.13,1.44,2.83
2026-07-22T17:50:00.000,7.7,82.55,1,7.63
2026-07-22T18:00:00.000,2.68,140.84,-2.07,1.69
2026-07-22T18:10:00.000,2.83,170.43,-2.79,0.47
2026-07-22T18:20:00.000,0.16,156.75,-0.15,0.06
2026-07-22T18:30:00.000,2.66,36.21,2.15,1.57
2026-07-22T18:40:00.000,4.89,57.18,2.65,4.11
2026-07-22T18:50:00.000,6.87,48.66,4.54,5.16
2026-07-22T19:00:00.000,8.17,17.36,7.8,2.44
2026-07-22T19:10:00.000,11.02,357.71,11.01,-0.44
2026-07-22T19:20:00.000,12.04,28.44,10.59,5.73
2026-07-22T19:30:00.000,6.3,50.04,4.05,4.83
2026-07-22T19:40:00.000,4.12,27.51,3.65,1.9
2026-07-22T19:50:00.000,2.85,9.85,2.8,0.49
2026-07-22T20:00:00.000,2.21,358.82,2.21,-0.05
2026-07-22T20:10:00.000,2.46,28.46,2.16,1.17
2026-07-22T20:20:00.000,6.16,28.39,5.42,2.93
2026-07-22T20:30:00.000,6.68,34.35,5.52,3.77
2026-07-22T20:40:00.000,6.31,36.13,5.1,3.72
2026-07-22T20:50:00.000,18.51,15.81,17.81,5.04
2026-07-22T21:00:00.000,16.32,16.88,15.62,4.74
2026-07-22T21:10:00.000,14.7,28.08,12.97,6.92
2026-07-22T21:20:00.000,8.85,28.09,7.81,4.17
2026-07-22T21:30:00.000,6.89,357.3,6.88,-0.32
2026-07-22T21:40:00.000,5.65,65.58,2.34,5.15
2026-07-22T21:50:00.000,14.37,110.86,-5.12,13.43
2026-07-22T22:00:00.000,12.85,169.13,-12.62,2.42
2026-07-22T22:10:00.000,9.99,209.68,-8.68,-4.95
2026-07-22T22:20:00.000,13.38,216.73,-10.72,-8
2026-07-22T22:30:00.000,14.07,217.45,-11.17,-8.55
2026-07-22T22:40:00.000,12.98,213.72,-10.8,-7.21
2026-07-22T22:50:00.000,7.08,221.9,-5.27,-4.72
2026-07-22T23:00:00.000,7.92,207.35,-7.04,-3.64
2026-07-22T23:10:00.000,8.09,202.5,-7.48,-3.1
2026-07-22T23:20:00.000,9.45,199.57,-8.91,-3.17
2026-07-22T23:30:00.000,14.19,189.19,-14.01,-2.27
2026-07-22T23:40:00.000,17.67,194.57,-17.1,-4.45
2026-07-22T23:50:00.000,21.71,195.97,-20.87,-5.97
2026-07-23T00:00:00.000,29.7,181.14,-29.7,-0.59
2026-07-23T00:10:00.000,32.47,198.22,-30.84,-10.15
2026-07-23T00:20:00.000,34.19,202.78,-31.52,-13.24
2026-07-23T00:30:00.000,25.47,201.97,-23.62,-9.53
2026-07-23T00:40:00.000,22.95,208.57,-20.16,-10.97
2026-07-23T00:50:00.000,20.52,208.72,-18,-9.86
2026-07-23T01:00:00.000,17.08,217.67,-13.52,-10.44
2026-07-23T01:10:00.000,16.7,204.68,-15.18,-6.97
2026-07-23T01:20:00.000,11.32,211.5,-9.66,-5.92
2026-07-23T01:30:00.000,7.04,225.06,-4.97,-4.98
2026-07-23T01:40:00.000,4.47,262.5,-0.58,-4.44
2026-07-23T01:50:00.000,2.93,183.1,-2.92,-0.16
2026-07-23T02:00:00.000,0.63,152.14,-0.56,0.29
2026-07-23T02:10:00.000,2.53,304.73,1.44,-2.08
2026-07-23T02:20:00.000,2.02,248.34,-0.75,-1.88
2026-07-23T02:30:00.000,2.17,138.24,-1.62,1.45
2026-07-23T02:40:00.000,2.91,88.65,0.07,2.91
2026-07-23T02:50:00.000,0.19,121.02,-0.1,0.17
2026-07-23T03:00:00.000,0.35,109.07,-0.11,0.33
2026-07-23T03:10:00.000,0.57,158.93,-0.53,0.2
2026-07-23T03:20:00.000,3.19,272.4,0.13,-3.18
2026-07-23T03:30:00.000,2.06,292.78,0.8,-1.9
2026-07-23T03:40:00.000,5.24,259.04,-1,-5.14
2026-07-23T03:50:00.000,10.92,209.33,-9.52,-5.35
2026-07-23T04:00:00.000,15.38,205.03,-13.94,-6.51
2026-07-23T04:10:00.000,24.61,196.56,-23.59,-7.01
2026-07-23T04:20:00.000,30.46,191.39,-29.86,-6.01
2026-07-23T04:30:00.000,32.28,193.53,-31.38,-7.55
2026-07-23T04:40:00.000,28.49,201.41,-26.53,-10.4
2026-07-23T04:50:00.000,21.07,197.08,-20.14,-6.19
2026-07-23T05:00:00.000,25.48,214.79,-20.93,-14.54
2026-07-23T05:10:00.000,32.56,209.27,-28.41,-15.92
2026-07-23T05:20:00.000,32.88,205.74,-29.62,-14.28
2026-07-23T05:30:00.000,29.69,206.49,-26.57,-13.24
2026-07-23T05:40:00.000,28.19,202.15,-26.11,-10.63
2026-07-23T05:50:00.000,21.53,199.63,-20.28,-7.23
2026-07-23T06:00:00.000,26.72,179.07,-26.72,0.43
2026-07-23T06:10:00.000,5.55,104.4,-1.38,5.37
2026-07-23T06:20:00.000,20.44,189.56,-20.16,-3.39
2026-07-23T06:30:00.000,26.75,188.3,-26.47,-3.86
2026-07-23T06:40:00.000,31.95,187.34,-31.69,-4.08
2026-07-23T06:50:00.000,25.11,189.08,-24.8,-3.96
2026-07-23T07:00:00.000,17.03,174.89,-16.96,1.52
2026-07-23T07:10:00.000,7.16,184.62,-7.14,-0.58
2026-07-23T07:20:00.000,18.54,208.33,-16.32,-8.8
2026-07-23T07:30:00.000,25.08,201.34,-23.36,-9.13
2026-07-23T07:40:00.000,22.18,196.05,-21.31,-6.13
2026-07-23T07:50:00.000,24.77,192.3,-24.2,-5.28
2026-07-23T08:00:00.000,24.68,196.48,-23.66,-7
2026-07-23T08:10:00.000,26.16,191.82,-25.61,-5.36
2026-07-23T08:20:00.000,22,188.03,-21.79,-3.07
2026-07-23T08:30:00.000,21.24,190.52,-20.89,-3.88
2026-07-23T08:40:00.000,14.4,194.52,-13.94,-3.61
2026-07-23T08:50:00.000,22.05,203.4,-20.24,-8.76
2026-07-23T09:00:00.000,15.74,214.42,-12.98,-8.9
2026-07-23T09:10:00.000,21.93,224.78,-15.57,-15.45
2026-07-23T09:20:00.000,26.27,213.88,-21.81,-14.65
2026-07-23T09:30:00.000,26.1,201.94,-24.21,-9.75
2026-07-23T09:40:00.000,27.92,200.62,-26.13,-9.83
2026-07-23T09:50:00.000,23.36,198.98,-22.09,-7.6
2026-07-23T10:00:00.000,26.49,203.49,-24.29,-10.56
2026-07-23T10:10:00.000,28.58,206.94,-25.47,-12.95
2026-07-23T10:20:00.000,20.64,214.59,-16.99,-11.72
2026-07-23T10:30:00.000,13.17,206.75,-11.76,-5.93
2026-07-23T10:40:00.000,17.09,203.24,-15.7,-6.74
2026-07-23T10:50:00.000,21.08,202.98,-19.41,-8.23
2026-07-23T11:00:00.000,25.34,184.21,-25.27,-1.86
2026-07-23T11:10:00.000,23.03,199.76,-21.67,-7.79
2026-07-23T11:20:00.000,8.76,291.05,3.15,-8.17
2026-07-23T11:30:00.000,3.73,258.74,-0.73,-3.66
2026-07-23T11:40:00.000,0.42,347.17,0.41,-0.09
2026-07-23T11:50:00.000,2.78,129.59,-1.77,2.14
2026-07-23T12:00:00.000,3.57,186.88,-3.55,-0.43
2026-07-23T12:10:00.000,5.16,187.91,-5.11,-0.71
2026-07-23T12:20:00.000,5.87,210.31,-5.06,-2.96
2026-07-23T12:30:00.000,8.14,204.37,-7.42,-3.36
2026-07-23T12:40:00.000,8.41,195.17,-8.12,-2.2
2026-07-23T12:50:00.000,5.51,178.69,-5.51,0.13
2026-07-23T13:00:00.000,11.39,178.79,-11.39,0.24
2026-07-23T13:10:00.000,17.58,167.72,-17.18,3.74
2026-07-23T13:20:00.000,7.16,163.56,-6.87,2.03
2026-07-23T13:30:00.000,6.12,166.64,-5.96,1.41
2026-07-23T13:40:00.000,2.63,165.71,-2.55,0.65
2026-07-23T13:50:00.000,1.12,341.75,1.06,-0.35
2026-07-23T14:00:00.000,5.97,353.44,5.93,-0.68
2026-07-23T14:10:00.000,6.22,33.27,5.2,3.41
2026-07-23T14:20:00.000,5.14,23.92,4.7,2.08
2026-07-23T14:30:00.000,8.24,35.83,6.68,4.83
2026-07-23T14:40:00.000,13.65,41.12,10.29,8.98
2026-07-23T14:50:00.000,10.4,43.16,7.59,7.12
2026-07-23T15:00:00.000,8.97,45.57,6.28,6.41
2026-07-23T15:10:00.000,3.66,82.27,0.49,3.62
2026-07-23T15:20:00.000,0.45,175.46,-0.45,0.04
2026-07-23T15:30:00.000,1.79,214.64,-1.47,-1.01
2026-07-23T15:40:00.000,2.87,224.73,-2.04,-2.02
2026-07-23T15:50:00.000,5.44,213.52,-4.53,-3
2026-07-23T16:00:00.000,4,4.18,3.98,0.29
2026-07-23T16:10:00.000,0.66,193,-0.65,-0.15
2026-07-23T16:20:00.000,0.24,110.59,-0.08,0.22
2026-07-23T16:30:00.000,3.45,227.13,-2.35,-2.53
2026-07-23T16:40:00.000,2.44,188.01,-2.41,-0.34
2026-07-23T16:50:00.000,6.39,214.9,-5.24,-3.65
2026-07-23T17:00:00.000,11.13,203.83,-10.18,-4.5
2026-07-23T17:10:00.000,8.51,202.78,-7.85,-3.29
2026-07-23T17:20:00.000,7.89,208.68,-6.92,-3.79
2026-07-23T17:30:00.000,9.72,218.39,-7.62,-6.04
2026-07-23T17:40:00.000,11.94,216.44,-9.61,-7.09
2026-07-23T17:50:00.000,18.32,211.2,-15.67,-9.49
2026-07-23T18:00:00.000,20.91,199.38,-19.72,-6.94
2026-07-23T18:10:00.000,29.72,190.09,-29.26,-5.21
2026-07-23T18:20:00.000,36.05,176.92,-36,1.94
2026-07-23T18:30:00.000,22.91,178.18,-22.9,0.73
2026-07-23T18:40:00.000,15.25,182.13,-15.24,-0.57
2026-07-23T18:50:00.000,8,185.75,-7.95,-0.8
2026-07-23T19:00:00.000,5.75,222.38,-4.25,-3.88
2026-07-23T19:10:00.000,18.48,210.71,-15.89,-9.43
2026-07-23T19:20:00.000,21.41,217.93,-16.89,-13.16
2026-07-23T19:30:00.000,21.92,219.23,-16.98,-13.86
2026-07-23T19:40:00.000,21.29,211.01,-18.25,-10.97
2026-07-23T19:50:00.000,19.22,204.15,-17.53,-7.86
2026-07-23T20:00:00.000,20.05,208.72,-17.58,-9.63
2026-07-23T20:10:00.000,15.68,219.7,-12.07,-10.02
2026-07-23T20:20:00.000,15.03,224.93,-10.64,-10.62
2026-07-23T20:30:00.000,10.96,273.2,0.61,-10.95
2026-07-23T20:40:00.000,6.33,264.22,-0.64,-6.29
2026-07-23T20:50:00.000,7.35,245.09,-3.1,-6.66
2026-07-23T21:00:00.000,11.96,187.67,-11.86,-1.6
2026-07-23T21:10:00.000,21.27,179.59,-21.27,0.15
2026-07-23T21:20:00.000,26.48,186.47,-26.31,-2.98
2026-07-23T21:30:00.000,31.89,186.13,-31.71,-3.4
2026-07-23T21:40:00.000,34.32,183.44,-34.25,-2.06
2026-07-23T21:50:00.000,28.76,198.34,-27.29,-9.05
2026-07-23T22:00:00.000,34.88,197.18,-33.32,-10.3
2026-07-23T22:10:00.000,38.35,188.53,-37.93,-5.69
2026-07-23T22:20:00.000,33.08,188.77,-32.69,-5.05
2026-07-23T22:30:00.000,29.98,209.16,-26.18,-14.61
2026-07-23T22:40:00.000,27.37,204.28,-24.95,-11.25
2026-07-23T22:50:00.000,29.16,194.91,-28.18,-7.51
2026-07-23T23:00:00.000,31.37,194.85,-30.32,-8.04
2026-07-23T23:10:00.000,27.92,191.17,-27.39,-5.41
2026-07-23T23:20:00.000,23.17,197.3,-22.13,-6.89
2026-07-23T23:30:00.000,25.98,202.03,-24.09,-9.75
2026-07-23T23:40:00.000,27.84,199.19,-26.3,-9.15
2026-07-23T23:50:00.000,29.8,193.35,-28.99,-6.88
2026-07-24T00:00:00.000,27.54,199.57,-25.95,-9.23
2026-07-24T00:10:00.000,27.85,197.22,-26.6,-8.24
2026-07-24T00:20:00.000,31.36,196.8,-30.02,-9.07
2026-07-24T00:30:00.000,27.82,203.27,-25.56,-10.99
2026-07-24T00:40:00.000,24.23,210.33,-20.92,-12.24
2026-07-24T00:50:00.000,25.58,200.95,-23.89,-9.15
2026-07-24T01:00:00.000,29.27,193.9,-28.41,-7.03
2026-07-24T01:10:00.000,25,192.79,-24.38,-5.54
2026-07-24T01:20:00.000,21.47,201.01,-20.04,-7.7
2026-07-24T01:30:00.000,18.52,208.95,-16.2,-8.96
2026-07-24T01:40:00.000,17.8,206.91,-15.87,-8.06
2026-07-24T01:50:00.000,14.17,212.64,-11.93,-7.64
2026-07-24T02:00:00.000,11.96,201.38,-11.13,-4.36
2026-07-24T02:10:00.000,7.16,185.23,-7.13,-0.65
2026-07-24T02:20:00.000,12.79,182.42,-12.78,-0.54
2026-07-24T02:30:00.000,18.43,182.48,-18.41,-0.8
2026-07-24T02:40:00.000,21.91,179.6,-21.91,0.15
2026-07-24T02:50:00.000,19.43,188.94,-19.19,-3.02
2026-07-24T03:00:00.000,19.52,202.67,-18.01,-7.52
2026-07-24T03:10:00.000,16.71,209.89,-14.48,-8.33
2026-07-24T03:20:00.000,17.67,220.07,-13.52,-11.38
2026-07-24T03:30:00.000,13.66,224.89,-9.68,-9.64
2026-07-24T03:40:00.000,8.58,239.64,-4.34,-7.4
2026-07-24T03:50:00.000,1.05,211.08,-0.9,-0.54
2026-07-24T04:00:00.000,5.77,204.05,-5.27,-2.35
2026-07-24T04:10:00.000,12.44,194.66,-12.03,-3.15
2026-07-24T04:20:00.000,14.26,195.61,-13.73,-3.84
2026-07-24T04:30:00.000,21.1,190.45,-20.75,-3.83
2026-07-24T04:40:00.000,19.93,187.09,-19.78,-2.46
2026-07-24T04:50:00.000,21.49,187.06,-21.33,-2.64
2026-07-24T05:00:00.000,22.51,181.18,-22.5,-0.46
2026-07-24T05:10:00.000,20.71,182.07,-20.7,-0.75
2026-07-24T05:20:00.000,19.14,184.02,-19.1,-1.34
2026-07-24T05:30:00.000,23.45,188.66,-23.18,-3.53
2026-07-24T05:40:00.000,18.2,190.8,-17.87,-3.41
2026-07-24T05:50:00.000,20.43,191.58,-20.02,-4.1
2026-07-24T06:00:00.000,19.16,199.03,-18.11,-6.25
2026-07-24T06:10:00.000,17.39,202.99,-16.01,-6.79
2026-07-24T06:20:00.000,17.57,195.97,-16.89,-4.84
2026-07-24T06:30:00.000,18.35,194.58,-17.76,-4.62
2026-07-24T06:40:00.000,16.81,180.21,-16.81,-0.06
2026-07-24T06:50:00.000,14.89,163.21,-14.25,4.3
2026-07-24T07:00:00.000,11.64,151.45,-10.22,5.56
2026-07-24T07:10:00.000,8.32,167.85,-8.13,1.75
2026-07-24T07:20:00.000,14.87,205.32,-13.44,-6.36
2026-07-24T07:30:00.000,21.62,193.07,-21.06,-4.89
2026-07-24T07:40:00.000,15.45,194.54,-14.95,-3.88
2026-07-24T07:50:00.000,19.86,188.41,-19.65,-2.9
2026-07-24T08:00:00.000,16.62,192.24,-16.24,-3.52
2026-07-24T08:10:00.000,12.66,208.04,-11.17,-5.95
2026-07-24T08:20:00.000,22.99,197.81,-21.89,-7.03
2026-07-24T08:30:00.000,23.15,197.57,-22.07,-6.99
2026-07-24T08:40:00.000,22.43,194.22,-21.74,-5.51
2026-07-24T08:50:00.000,23.83,199.97,-22.4,-8.14
2026-07-24T09:00:00.000,20.23,208.24,-17.82,-9.57
2026-07-24T09:10:00.000,14.85,239.37,-7.56,-12.78
2026-07-24T09:20:00.000,6.09,252.36,-1.85,-5.8
2026-07-24T09:30:00.000,6.41,206.82,-5.72,-2.89
2026-07-24T09:40:00.000,11.5,194.59,-11.13,-2.9
2026-07-24T09:50:00.000,11.23,191,-11.02,-2.14
2026-07-24T10:00:00.000,13.3,211.34,-11.36,-6.92
2026-07-24T10:10:00.000,4.65,242.34,-2.16,-4.12
2026-07-24T10:20:00.000,3.9,231.14,-2.44,-3.03
2026-07-24T10:30:00.000,4.68,220.63,-3.55,-3.05
2026-07-24T10:40:00.000,11.11,205.44,-10.03,-4.77
2026-07-24T10:50:00.000,11.73,191.55,-11.49,-2.35
2026-07-24T11:00:00.000,15.88,186.2,-15.79,-1.72
2026-07-24T11:10:00.000,19.97,194.42,-19.34,-4.97
2026-07-24T11:20:00.000,18.76,189.21,-18.52,-3
2026-07-24T11:30:00.000,18.9,190.59,-18.58,-3.47
2026-07-24T11:40:00.000,21.99,191.19,-21.57,-4.27
2026-07-24T11:50:00.000,18.76,195.96,-18.04,-5.16
2026-07-24T12:00:00.000,14.59,285.3,3.85,-14.08
2026-07-24T12:10:00.000,4.24,279.51,0.7,-4.18
2026-07-24T12:20:00.000,0.2,124.4,-0.11,0.16
2026-07-24T12:30:00.000,1.44,133.2,-0.98,1.05
2026-07-24T12:40:00.000,4.04,128.97,-2.54,3.14
2026-07-24T12:50:00.000,3.5,179.66,-3.5,0.02
2026-07-24T13:00:00.000,0.23,214.46,-0.19,-0.13
2026-07-24T13:10:00.000,0.47,130.49,-0.31,0.36
2026-07-24T13:20:00.000,0.32,171.27,-0.31,0.05
2026-07-24T13:30:00.000,3.5,241.55,-1.67,-3.08
2026-07-24T13:40:00.000,3.97,241.09,-1.92,-3.47
2026-07-24T13:50:00.000,3.22,233.87,-1.9,-2.6
2026-07-24T14:00:00.000,2.13,214.87,-1.74,-1.22
2026-07-24T14:10:00.000,4.83,171.48,-4.78,0.72
2026-07-24T14:20:00.000,1.53,218.74,-1.2,-0.96
2026-07-24T14:30:00.000,0.32,1.19,0.32,0.01
2026-07-24T14:40:00.000,5.23,40.9,3.95,3.43
2026-07-24T14:50:00.000,5.13,25.93,4.61,2.24
2026-07-24T15:00:00.000,6.79,59.24,3.47,5.83
2026-07-24T15:10:00.000,4.46,27.03,3.97,2.03
2026-07-24T15:20:00.000,0.56,67.93,0.21,0.52
2026-07-24T15:30:00.000,0.92,35.59,0.75,0.53
2026-07-24T15:40:00.000,0.34,80.57,0.06,0.33
2026-07-24T15:50:00.000,0.26,79.28,0.05,0.26
2026-07-24T16:00:00.000,0.81,155.25,-0.73,0.34
2026-07-24T16:10:00.000,1.45,157.37,-1.34,0.56
2026-07-24T16:20:00.000,1.43,150.22,-1.24,0.71
2026-07-24T16:30:00.000,0.61,175.38,-0.6,0.05
2026-07-24T16:40:00.000,5.07,208.71,-4.45,-2.44
2026-07-24T16:50:00.000,5.24,184.66,-5.23,-0.43
2026-07-24T17:00:00.000,3.08,180.23,-3.08,-0.01
2026-07-24T17:10:00.000,5.79,196.76,-5.55,-1.67
2026-07-24T17:20:00.000,7.35,204.6,-6.69,-3.06
2026-07-24T17:30:00.000,9.88,200.35,-9.26,-3.43
2026-07-24T17:40:00.000,10.03,191.96,-9.81,-2.08
2026-07-24T17:50:00.000,11.04,197.87,-10.51,-3.39
2026-07-24T18:00:00.000,13.45,198.66,-12.74,-4.3
2026-07-24T18:10:00.000,13.94,186.66,-13.85,-1.62
2026-07-24T18:20:00.000,12.2,174.7,-12.15,1.13
2026-07-24T18:30:00.000,9.42,156.5,-8.63,3.75
2026-07-24T18:40:00.000,5.34,164.63,-5.15,1.42
2026-07-24T18:50:00.000,3.63,176.1,-3.62,0.25
2026-07-24T19:00:00.000,2.92,216.49,-2.35,-1.74
2026-07-24T19:10:00.000,3.34,209.73,-2.9,-1.66
2026-07-24T19:20:00.000,4.22,193.3,-4.11,-0.97
2026-07-24T19:30:00.000,6.5,178.17,-6.5,0.21
2026-07-24T19:40:00.000,4.51,173.05,-4.48,0.55
2026-07-24T19:50:00.000,5.33,183.96,-5.32,-0.37
2026-07-24T20:00:00.000,6.97,198.68,-6.6,-2.23
2026-07-24T20:10:00.000,7.78,203.97,-7.11,-3.16
2026-07-24T20:20:00.000,7.56,199.35,-7.14,-2.51
2026-07-24T20:30:00.000,7.66,183.35,-7.65,-0.45
2026-07-24T20:40:00.000,5.41,200.03,-5.08,-1.85
2026-07-24T20:50:00.000,7.17,241.15,-3.46,-6.28
2026-07-24T21:00:00.000,10.72,245.72,-4.41,-9.77
2026-07-24T21:10:00.000,6.92,233.61,-4.11,-5.57
2026-07-24T21:20:00.000,5.53,247.06,-2.16,-5.09
2026-07-24T21:30:00.000,5.44,222.46,-4.02,-3.68
2026-07-24T21:40:00.000,5.48,189.64,-5.4,-0.92
2026-07-24T21:50:00.000,9.96,205.6,-8.98,-4.3
2026-07-24T22:00:00.000,17.59,215.83,-14.26,-10.3
2026-07-24T22:10:00.000,18.92,218.55,-14.79,-11.79
2026-07-24T22:20:00.000,14.4,223.69,-10.41,-9.95
2026-07-24T22:30:00.000,7.89,206.39,-7.06,-3.5
2026-07-24T22:40:00.000,13.27,178.7,-13.27,0.3
2026-07-24T22:50:00.000,15.14,149.12,-12.99,7.77
2026-07-24T23:00:00.000,1.32,105.47,-0.35,1.27
2026-07-24T23:10:00.000,9.31,232.22,-5.71,-7.36
2026-07-24T23:20:00.000,21.91,197.25,-20.92,-6.5
2026-07-24T23:30:00.000,18.03,192.09,-17.63,-3.78
2026-07-24T23:40:00.000,19.42,186.18,-19.31,-2.09
2026-07-24T23:50:00.000,15.98,182,-15.97,-0.56
2026-07-25T00:00:00.000,13.56,189.11,-13.39,-2.15
2026-07-25T00:10:00.000,5.35,190.71,-5.26,-0.99
2026-07-25T00:20:00.000,9.01,204.59,-8.19,-3.75
2026-07-25T00:30:00.000,4.53,224.84,-3.21,-3.19
2026-07-25T00:40:00.000,3.04,183.37,-3.04,-0.18
2026-07-25T00:50:00.000,8.6,215.64,-6.99,-5.01
2026-07-25T01:00:00.000,8.15,234.25,-4.76,-6.62
2026-07-25T01:10:00.000,7.37,219.37,-5.7,-4.68
2026-07-25T01:20:00.000,5.56,232.89,-3.36,-4.44
2026-07-25T01:30:00.000,4.66,229.41,-3.03,-3.54
2026-07-25T01:40:00.000,3.62,215.35,-2.95,-2.09
2026-07-25T01:50:00.000,3,188.13,-2.97,-0.42
2026-07-25T02:00:00.000,2.83,140.93,-2.2,1.79
2026-07-25T02:10:00.000,3.44,110.94,-1.23,3.22
2026-07-25T02:20:00.000,0.9,75.1,0.23,0.87
2026-07-25T02:30:00.000,4.55,55.87,2.55,3.77
2026-07-25T02:40:00.000,4.73,60.95,2.3,4.14
2026-07-25T02:50:00.000,5.02,56.21,2.79,4.17
2026-07-25T03:00:00.000,5.97,41.19,4.49,3.93
2026-07-25T03:10:00.000,3.7,42.69,2.72,2.51
2026-07-25T03:20:00.000,2.95,6.6,2.93,0.34
2026-07-25T03:30:00.000,3.09,287.62,0.93,-2.94
2026-07-25T03:40:00.000,3.23,238.85,-1.67,-2.77
2026-07-25T03:50:00.000,3.52,203.69,-3.22,-1.41
2026-07-25T04:00:00.000,3.82,209.39,-3.33,-1.87
2026-07-25T04:10:00.000,5.96,223.12,-4.35,-4.07
2026-07-25T04:20:00.000,7.54,224.54,-5.37,-5.29
2026-07-25T04:30:00.000,8.46,216.08,-6.84,-4.98
2026-07-25T04:40:00.000,9.52,206.13,-8.55,-4.19
2026-07-25T04:50:00.000,14.86,190.15,-14.62,-2.62
2026-07-25T05:00:00.000,21.88,180.76,-21.88,-0.29
2026-07-25T05:10:00.000,20.58,180.97,-20.57,-0.35
2026-07-25T05:20:00.000,15.33,186.39,-15.24,-1.71
2026-07-25T05:30:00.000,19.79,194.01,-19.2,-4.79
2026-07-25T05:40:00.000,23.71,187.92,-23.48,-3.27
2026-07-25T05:50:00.000,23.19,186.12,-23.05,-2.47
2026-07-25T06:00:00.000,20.82,178.54,-20.82,0.53
2026-07-25T06:10:00.000,13.24,169.89,-13.04,2.33
2026-07-25T06:20:00.000,7,125.78,-4.09,5.68
2026-07-25T06:30:00.000,11.29,69.67,3.92,10.59
2026-07-25T06:40:00.000,10.09,61.78,4.77,8.89
2026-07-25T06:50:00.000,9.47,65.84,3.88,8.64
2026-07-25T07:00:00.000,10.56,56.24,5.87,8.78
2026-07-25T07:10:00.000,10.73,63.02,4.87,9.56
2026-07-25T07:20:00.000,6.44,60.88,3.13,5.62
2026-07-25T07:30:00.000,4.78,82.25,0.64,4.74
2026-07-25T07:40:00.000,3.91,102.06,-0.82,3.82
2026-07-25T07:50:00.000,2.18,167.97,-2.13,0.45
2026-07-25T08:00:00.000,0.3,199.65,-0.29,-0.1
2026-07-25T08:10:00.000,0.11,64.55,0.05,0.1
2026-07-25T08:20:00.000,5.81,165.32,-5.62,1.47
2026-07-25T08:30:00.000,12.23,188.59,-12.09,-1.83
2026-07-25T08:40:00.000,7.78,225.07,-5.49,-5.51
2026-07-25T08:50:00.000,4.04,297.64,1.87,-3.58
2026-07-25T09:00:00.000,4.54,339.63,4.26,-1.58
2026-07-25T09:10:00.000,7.91,21.71,7.35,2.93
2026-07-25T09:20:00.000,9.79,30.47,8.44,4.97
2026-07-25T09:30:00.000,9.79,46.98,6.68,7.16
2026-07-25T09:40:00.000,10.02,44.31,7.17,7
2026-07-25T09:50:00.000,8.58,40.92,6.48,5.62
2026-07-25T10:00:00.000,10.2,14.78,9.86,2.6
2026-07-25T10:10:00.000,17.12,41.9,12.74,11.44
2026-07-25T10:20:00.000,13.5,50.71,8.55,10.45
2026-07-25T10:30:00.000,9.55,44.92,6.76,6.74
2026-07-25T10:40:00.000,7.84,44.94,5.55,5.54
2026-07-25T10:50:00.000,5.74,47.18,3.9,4.21
2026-07-25T11:00:00.000,2.08,214.09,-1.73,-1.17
2026-07-25T11:10:00.000,0.61,173.88,-0.6,0.06
2026-07-25T11:20:00.000,6.24,342.6,5.96,-1.87
2026-07-25T11:30:00.000,0.39,60.49,0.19,0.34
2026-07-25T11:40:00.000,10.71,168.74,-10.5,2.09
2026-07-25T11:50:00.000,11.82,227.1,-8.05,-8.66
2026-07-25T12:00:00.000,10.42,206.96,-9.28,-4.72
2026-07-25T12:10:00.000,7.87,309.52,5.01,-6.07
2026-07-25T12:20:00.000,3.55,276.4,0.4,-3.53
2026-07-25T12:30:00.000,0.35,133.18,-0.24,0.26
2026-07-25T12:40:00.000,1.23,141.94,-0.97,0.76
2026-07-25T12:50:00.000,7.99,220.1,-6.11,-5.15
2026-07-25T13:00:00.000,1.53,293.88,0.62,-1.4
2026-07-25T13:10:00.000,5.44,244.77,-2.32,-4.92
2026-07-25T13:20:00.000,5.24,208.79,-4.59,-2.52
2026-07-25T13:30:00.000,7.01,161.52,-6.65,2.22
2026-07-25T13:40:00.000,7.25,169.39,-7.13,1.34
2026-07-25T13:50:00.000,2.62,191.39,-2.57,-0.52
2026-07-25T14:00:00.000,1.96,232.95,-1.18,-1.56
2026-07-25T14:10:00.000,1.62,294.5,0.67,-1.47
2026-07-25T14:20:00.000,0.25,104.18,-0.06,0.24
2026-07-25T14:30:00.000,5.54,47.96,3.71,4.12
2026-07-25T14:40:00.000,7.37,49.48,4.79,5.61
2026-07-25T14:50:00.000,8.55,43.52,6.2,5.89
2026-07-25T15:00:00.000,12.48,32.2,10.56,6.65
2026-07-25T15:10:00.000,10.68,19.76,10.05,3.61
2026-07-25T15:20:00.000,10.2,14.17,9.89,2.5
2026-07-25T15:30:00.000,11.14,23.53,10.21,4.44
2026-07-25T15:40:00.000,10.46,16.2,10.04,2.92
2026-07-25T15:50:00.000,11.47,37.81,9.06,7.03
2026-07-25T16:00:00.000,11.5,51.94,7.09,9.05
2026-07-25T16:10:00.000,7.69,37.36,6.12,4.67
2026-07-25T16:20:00.000,8.13,31.95,6.9,4.3
2026-07-25T16:30:00.000,7.61,20.55,7.12,2.67
2026-07-25T16:40:00.000,5.86,31.96,4.97,3.1
2026-07-25T16:50:00.000,0.66,73.96,0.18,0.64
2026-07-25T17:00:00.000,2,124.72,-1.14,1.64
2026-07-25T17:10:00.000,0.42,112.85,-0.16,0.39
2026-07-25T17:20:00.000,1.04,104.85,-0.27,1
2026-07-25T17:30:00.000,1.32,47.99,0.88,0.98
2026-07-25T17:40:00.000,5.61,50.75,3.55,4.34
2026-07-25T17:50:00.000,6.09,58.58,3.17,5.2
2026-07-25T18:00:00.000,5.95,71.58,1.88,5.65
2026-07-25T18:10:00.000,5.72,74.5,1.53,5.51
2026-07-25T18:20:00.000,3.15,67.23,1.22,2.91
2026-07-25T18:30:00.000,2.87,45.33,2.02,2.04
2026-07-25T18:40:00.000,2.29,309.86,1.47,-1.76
2026-07-25T18:50:00.000,0.41,35.64,0.33,0.24
2026-07-25T19:00:00.000,2.87,52.09,1.77,2.27
2026-07-25T19:10:00.000,3.36,72.1,1.03,3.19
2026-07-25T19:20:00.000,2.5,70.97,0.82,2.37
2026-07-25T19:30:00.000,2.24,79.67,0.4,2.21
2026-07-25T19:40:00.000,1.85,91.08,-0.04,1.85
2026-07-25T19:50:00.000,3.15,62.13,1.47,2.78
2026-07-25T20:00:00.000,1.96,62.43,0.91,1.73
2026-07-25T20:10:00.000,3.96,77.4,0.86,3.86
2026-07-25T20:20:00.000,6,72.48,1.81,5.72
2026-07-25T20:30:00.000,9.79,79.95,1.71,9.64
2026-07-25T20:40:00.000,10.37,70.78,3.41,9.79
2026-07-25T20:50:00.000,10.15,73.46,2.89,9.73
2026-07-25T21:00:00.000,6.62,76.17,1.58,6.43
2026-07-25T21:10:00.000,8.87,51.52,5.52,6.94
2026-07-25T21:20:00.000,8.6,52.86,5.19,6.86
2026-07-25T21:30:00.000,10.78,40.2,8.24,6.96
2026-07-25T21:40:00.000,12.02,27.71,10.65,5.59
2026-07-25T21:50:00.000,14.86,24.46,13.52,6.15
2026-07-25T22:00:00.000,13.1,37.43,10.4,7.96
2026-07-25T22:10:00.000,14.26,40.73,10.8,9.3
2026-07-25T22:20:00.000,9.65,52.37,5.89,7.64
2026-07-25T22:30:00.000,13.38,25.06,12.12,5.67
2026-07-25T22:40:00.000,15.64,27.89,13.82,7.31
2026-07-25T22:50:00.000,14.28,24.28,13.02,5.87
2026-07-25T23:00:00.000,12.54,27.02,11.17,5.7
2026-07-25T23:10:00.000,6.68,22.32,6.18,2.54
2026-07-25T23:20:00.000,4.32,335.69,3.94,-1.78
2026-07-25T23:30:00.000,3.7,257.85,-0.78,-3.62
2026-07-25T23:40:00.000,1.6,270.09,0,-1.6
2026-07-25T23:50:00.000,4.45,132.58,-3.01,3.28
2026-07-26T00:00:00.000,9.25,141.69,-7.26,5.73
2026-07-26T00:10:00.000,9.44,134.2,-6.58,6.77
2026-07-26T00:20:00.000,0.87,3.07,0.86,0.05
2026-07-26T00:30:00.000,1.25,326.8,1.04,-0.68
2026-07-26T00:40:00.000,0.79,34.41,0.65,0.45
2026-07-26T00:50:00.000,0.38,358.11,0.38,-0.01
2026-07-26T01:00:00.000,3.05,343.43,2.92,-0.87
2026-07-26T01:10:00.000,3.87,347.99,3.78,-0.81
2026-07-26T01:20:00.000,2.14,353.03,2.13,-0.26
2026-07-26T01:30:00.000,0.2,73.13,0.06,0.2
2026-07-26T01:40:00.000,1.98,95.25,-0.18,1.97
2026-07-26T01:50:00.000,1.23,32.9,1.03,0.67
2026-07-26T02:00:00.000,1.49,45.64,1.04,1.06
2026-07-26T02:10:00.000,5.44,62.73,2.49,4.83
2026-07-26T02:20:00.000,5.6,59.73,2.82,4.83
2026-07-26T02:30:00.000,6.77,58.41,3.55,5.77
2026-07-26T02:40:00.000,7.67,50.43,4.89,5.91
2026-07-26T02:50:00.000,8.92,50.65,5.66,6.9
2026-07-26T03:00:00.000,10.84,14.78,10.48,2.77
2026-07-26T03:10:00.000,8.01,24.69,7.28,3.35
2026-07-26T03:20:00.000,5.8,17.35,5.53,1.73
2026-07-26T03:30:00.000,4.98,28.18,4.39,2.35
2026-07-26T03:40:00.000,5.71,49.01,3.75,4.31
2026-07-26T03:50:00.000,4.3,27.78,3.81,2
2026-07-26T04:00:00.000,3.81,22.73,3.51,1.47
2026-07-26T04:10:00.000,3.09,357.01,3.08,-0.16
2026-07-26T04:20:00.000,2.28,12.31,2.23,0.49
2026-07-26T04:30:00.000,2.56,11.83,2.51,0.52
2026-07-26T04:40:00.000,2.69,12.19,2.63,0.57
2026-07-26T04:50:00.000,3.08,348.44,3.02,-0.62
2026-07-26T05:00:00.000,4.79,15.51,4.61,1.28
2026-07-26T05:10:00.000,6.96,20.81,6.5,2.47
2026-07-26T05:20:00.000,7.38,4.75,7.36,0.61
2026-07-26T05:30:00.000,8.13,18.1,7.73,2.52
2026-07-26T05:40:00.000,7.14,4.17,7.13,0.52
2026-07-26T05:50:00.000,6.88,9.39,6.79,1.12
2026-07-26T06:00:00.000,6.35,354.64,6.32,-0.59
2026-07-26T06:10:00.000,5.98,4.92,5.96,0.51
2026-07-26T06:20:00.000,5.09,6.08,5.06,0.54
2026-07-26T06:30:00.000,4.77,32.46,4.03,2.56
2026-07-26T06:40:00.000,3.61,32.94,3.03,1.96
2026-07-26T06:50:00.000,2.3,31.76,1.96,1.21
2026-07-26T07:00:00.000,0.48,72.68,0.14,0.46
2026-07-26T07:10:00.000,1.22,118.94,-0.59,1.06
2026-07-26T07:20:00.000,3.71,143.28,-2.97,2.22
2026-07-26T07:30:00.000,4.26,160.54,-4.02,1.42
2026-07-26T07:40:00.000,5.26,169.47,-5.17,0.96
2026-07-26T07:50:00.000,5.91,180.54,-5.91,-0.06
2026-07-26T08:00:00.000,6.28,177.06,-6.27,0.32
2026-07-26T08:10:00.000,5.03,166.05,-4.88,1.21
2026-07-26T08:20:00.000,5.11,163.64,-4.9,1.44
2026-07-26T08:30:00.000,6.17,176.87,-6.16,0.34
2026-07-26T08:40:00.000,2.62,203.68,-2.4,-1.05
2026-07-26T08:50:00.000,0.74,236.83,-0.41,-0.62
2026-07-26T09:00:00.000,0.59,44.72,0.42,0.42
2026-07-26T09:10:00.000,2.92,83.45,0.33,2.9
2026-07-26T09:20:00.000,4.11,94.57,-0.33,4.09
2026-07-26T09:30:00.000,4.17,84.07,0.43,4.15
2026-07-26T09:40:00.000,7.47,63.51,3.33,6.68
2026-07-26T09:50:00.000,13.6,43.77,9.82,9.41
2026-07-26T10:00:00.000,15.13,44.32,10.82,10.57
2026-07-26T10:10:00.000,18.23,49.61,11.81,13.88
2026-07-26T10:20:00.000,17.95,53.35,10.71,14.4
2026-07-26T10:30:00.000,18.42,50.98,11.6,14.31
2026-07-26T10:40:00.000,19.91,42.16,14.76,13.36
2026-07-26T10:50:00.000,18.11,43.49,13.14,12.46
2026-07-26T11:00:00.000,17.44,44.1,12.52,12.13
2026-07-26T11:10:00.000,15.65,40.24,11.95,10.11
2026-07-26T11:20:00.000,16.29,30.32,14.06,8.22
2026-07-26T11:30:00.000,13.79,39.03,10.71,8.68
2026-07-26T11:40:00.000,12.16,33.57,10.13,6.72
2026-07-26T11:50:00.000,14.4,23.82,13.17,5.81
2026-07-26T12:00:00.000,10.82,14.81,10.46,2.77
2026-07-26T12:10:00.000,7.3,7.3,7.24,0.93
2026-07-26T12:20:00.000,1.06,335.42,0.97,-0.44
2026-07-26T12:30:00.000,0.98,207,-0.87,-0.44
2026-07-26T12:40:00.000,4.59,151.14,-4.02,2.22
2026-07-26T12:50:00.000,2.81,122.63,-1.51,2.36
2026-07-26T13:00:00.000,3.68,69.66,1.28,3.45
2026-07-26T13:10:00.000,4.47,43.72,3.23,3.09
2026-07-26T13:20:00.000,2.98,41.11,2.24,1.96
2026-07-26T13:30:00.000,0.16,138.52,-0.12,0.11
2026-07-26T13:40:00.000,1.11,180.08,-1.11,0
2026-07-26T13:50:00.000,1.2,156.39,-1.1,0.48
2026-07-26T14:00:00.000,0.15,292.79,0.06,-0.14
2026-07-26T14:10:00.000,1.61,165.19,-1.55,0.41
2026-07-26T14:20:00.000,3.05,213.51,-2.54,-1.68
2026-07-26T14:30:00.000,1.7,277.95,0.23,-1.68
2026-07-26T14:40:00.000,2.07,281.59,0.42,-2.03
2026-07-26T14:50:00.000,1.32,19.69,1.24,0.44
2026-07-26T15:00:00.000,0.05,127.81,-0.03,0.04
2026-07-26T15:10:00.000,0.52,252.44,-0.16,-0.49
2026-07-26T15:20:00.000,1.06,212.47,-0.89,-0.57
2026-07-26T15:30:00.000,2.88,202.36,-2.66,-1.09
2026-07-26T15:40:00.000,4.48,194.91,-4.33,-1.15
2026-07-26T15:50:00.000,6.55,183.84,-6.53,-0.44
2026-07-26T16:00:00.000,9.11,193.68,-8.85,-2.16
2026-07-26T16:10:00.000,9.69,202.86,-8.93,-3.76
2026-07-26T16:20:00.000,6.52,202.61,-6.02,-2.51
2026-07-26T16:30:00.000,4.02,231.72,-2.49,-3.16
2026-07-26T16:40:00.000,1.85,259.29,-0.34,-1.82
2026-07-26T16:50:00.000,0.29,72.69,0.09,0.28
2026-07-26T17:00:00.000,1.88,162.12,-1.79,0.58
2026-07-26T17:10:00.000,0.7,159.45,-0.66,0.25
2026-07-26T17:20:00.000,2.83,290.67,1,-2.65
2026-07-26T17:30:00.000,0.24,355.95,0.24,-0.02
2026-07-26T17:40:00.000,0.39,28.71,0.34,0.19
2026-07-26T17:50:00.000,1.42,14.23,1.37,0.35
2026-07-26T18:00:00.000,4.89,16.63,4.69,1.4
2026-07-26T18:10:00.000,2.94,31.15,2.52,1.52
2026-07-26T18:20:00.000,1.85,73.25,0.53,1.77
2026-07-26T18:30:00.000,4.16,35.6,3.38,2.42
2026-07-26T18:40:00.000,3.73,46.49,2.57,2.71
2026-07-26T18:50:00.000,3.9,27.57,3.45,1.8
2026-07-26T19:00:00.000,3.83,19.98,3.6,1.31
2026-07-26T19:10:00.000,2.5,26.98,2.23,1.13
2026-07-26T19:20:00.000,1.07,1.33,1.07,0.02
2026-07-26T19:30:00.000,0.39,356.44,0.39,-0.02
2026-07-26T19:40:00.000,0.12,125.39,-0.07,0.1
2026-07-26T19:50:00.000,3.88,216.29,-3.13,-2.3
2026-07-26T20:00:00.000,10.04,188.32,-9.94,-1.45
2026-07-26T20:10:00.000,14.58,192.14,-14.25,-3.07
2026-07-26T20:20:00.000,16.83,191.81,-16.47,-3.45
2026-07-26T20:30:00.000,17.26,190.04,-17,-3.01
2026-07-26T20:40:00.000,17.43,185.26,-17.36,-1.6
2026-07-26T20:50:00.000,13.86,187.6,-13.74,-1.83
2026-07-26T21:00:00.000,10.11,192.08,-9.88,-2.12
2026-07-26T21:10:00.000,7.75,199.6,-7.3,-2.6
2026-07-26T21:20:00.000,5.6,184.37,-5.58,-0.43
2026-07-26T21:30:00.000,3.92,168.78,-3.84,0.76
2026-07-26T21:40:00.000,3.37,131.85,-2.25,2.51
2026-07-26T21:50:00.000,3.44,84.71,0.32,3.42
2026-07-26T22:00:00.000,7.46,68.52,2.73,6.94
2026-07-26T22:10:00.000,3.64,50.04,2.34,2.79
2026-07-26T22:20:00.000,3.09,43.5,2.24,2.13
2026-07-26T22:30:00.000,7.1,23.36,6.52,2.82
2026-07-26T22:40:00.000,9.15,41.75,6.83,6.09
2026-07-26T22:50:00.000,13.04,48.6,8.62,9.78
2026-07-26T23:00:00.000,12.49,59.3,6.38,10.74
2026-07-26T23:10:00.000,8.68,56.77,4.76,7.26
2026-07-26T23:20:00.000,9.11,65.53,3.77,8.29
2026-07-26T23:30:00.000,5.86,61.08,2.83,5.13
2026-07-26T23:40:00.000,7.3,54.15,4.28,5.92
2026-07-26T23:50:00.000,10.73,39.7,8.26,6.85
2026-07-27T00:00:00.000,16.41,21.18,15.3,5.93
2026-07-27T00:10:00.000,11.78,37.81,9.31,7.22
2026-07-27T00:20:00.000,14.61,40.33,11.14,9.45
2026-07-27T00:30:00.000,11.07,44.79,7.85,7.8
2026-07-27T00:40:00.000,20.61,23.7,18.87,8.28
2026-07-27T00:50:00.000,17.93,42.39,13.24,12.09
2026-07-27T01:00:00.000,21.51,55.83,12.08,17.8
2026-07-27T01:10:00.000,23.94,64.98,10.13,21.7
2026-07-27T01:20:00.000,22.58,69.48,7.92,21.15
2026-07-27T01:30:00.000,18.4,78.77,3.58,18.05
2026-07-27T01:40:00.000,10.1,61.37,4.84,8.87
2026-07-27T01:50:00.000,17.29,20.87,16.15,6.16
2026-07-27T02:00:00.000,23.16,20.54,21.69,8.13
2026-07-27T02:10:00.000,19.67,20.41,18.43,6.86
2026-07-27T02:20:00.000,23.52,28.45,20.68,11.2
2026-07-27T02:30:00.000,18.38,26.61,16.44,8.23
2026-07-27T02:40:00.000,17.38,33.56,14.48,9.61
2026-07-27T02:50:00.000,16.09,40.28,12.28,10.41
2026-07-27T03:00:00.000,19.56,47.35,13.25,14.39
2026-07-27T03:10:00.000,18.47,53.48,10.99,14.84
2026-07-27T03:20:00.000,9.57,47.63,6.45,7.07
2026-07-27T03:30:00.000,12.23,33.02,10.25,6.66
2026-07-27T03:40:00.000,11.03,26.8,9.84,4.97
2026-07-27T03:50:00.000,2.3,48.19,1.53,1.71
2026-07-27T04:00:00.000,4.27,104.41,-1.06,4.14
2026-07-27T04:10:00.000,9.17,173.76,-9.12,1
2026-07-27T04:20:00.000,11.86,179.12,-11.86,0.18
2026-07-27T04:30:00.000,17.99,193.56,-17.49,-4.22
2026-07-27T04:40:00.000,21,187.75,-20.81,-2.83
2026-07-27T04:50:00.000,23.74,185.3,-23.64,-2.19
2026-07-27T05:00:00.000,20.81,178.28,-20.8,0.62
2026-07-27T05:10:00.000,11.48,170.96,-11.33,1.8
2026-07-27T05:20:00.000,7.37,203.23,-6.77,-2.91
2026-07-27T05:30:00.000,1.94,251.18,-0.63,-1.84
2026-07-27T05:40:00.000,0.79,188.43,-0.78,-0.12
2026-07-27T05:50:00.000,7.91,201.15,-7.38,-2.85
2026-07-27T06:00:00.000,7.77,165.28,-7.51,1.97
2026-07-27T06:10:00.000,9.77,159.51,-9.15,3.42
2026-07-27T06:20:00.000,4.19,163.19,-4.01,1.21
2026-07-27T06:30:00.000,2.73,309.79,1.75,-2.1
2026-07-27T06:40:00.000,4.71,218.04,-3.71,-2.9
2026-07-27T06:50:00.000,13.47,194.59,-13.03,-3.39
2026-07-27T07:00:00.000,4.53,257.95,-0.95,-4.43
2026-07-27T07:10:00.000,1.8,60.77,0.88,1.57
2026-07-27T07:20:00.000,1.47,24.31,1.34,0.61
2026-07-27T07:30:00.000,2.24,285.17,0.59,-2.16
2026-07-27T07:40:00.000,3.21,287.16,0.95,-3.06
2026-07-27T07:50:00.000,0.16,185.51,-0.16,-0.02
2026-07-27T08:00:00.000,0.47,145.58,-0.39,0.27
2026-07-27T08:10:00.000,0.18,138.54,-0.14,0.12
2026-07-27T08:20:00.000,0.24,71.91,0.07,0.23
2026-07-27T08:30:00.000,5.4,30.97,4.63,2.78
2026-07-27T08:40:00.000,9.68,23.65,8.87,3.88
2026-07-27T08:50:00.000,10.43,10.42,10.26,1.89
2026-07-27T09:00:00.000,19.29,29.86,16.72,9.6
2026-07-27T09:10:00.000,21.34,26.69,19.07,9.59
2026-07-27T09:20:00.000,8.6,6.86,8.54,1.03
2026-07-27T09:30:00.000,14.65,20.46,13.73,5.12
2026-07-27T09:40:00.000,11.42,23.54,10.47,4.56
2026-07-27T09:50:00.000,9.39,54.01,5.52,7.6
2026-07-27T10:00:00.000,18.46,54.48,10.72,15.03
2026-07-27T10:10:00.000,20.45,62.07,9.58,18.07
2026-07-27T10:20:00.000,16.8,56.99,9.15,14.09
2026-07-27T10:30:00.000,21.4,36.14,17.28,12.62
2026-07-27T10:40:00.000,21.32,29.78,18.5,10.59
2026-07-27T10:50:00.000,20.9,26.53,18.7,9.34
2026-07-27T11:00:00.000,15.53,38.23,12.2,9.61
2026-07-27T11:10:00.000,14.85,31.19,12.7,7.69
2026-07-27T11:20:00.000,10.52,37.99,8.29,6.48
2026-07-27T11:30:00.000,7.49,61.5,3.58,6.59
2026-07-27T11:40:00.000,13.07,181.47,-13.07,-0.33
2026-07-27T11:50:00.000,7.83,166.25,-7.61,1.86
2026-07-27T12:00:00.000,4.45,292.52,1.7,-4.11
2026-07-27T12:10:00.000,3.78,24.88,3.43,1.59
2026-07-27T12:20:00.000,4.66,298.61,2.23,-4.09
2026-07-27T12:30:00.000,3.62,319.56,2.76,-2.35
2026-07-27T12:40:00.000,5.1,26.53,4.56,2.28
2026-07-27T12:50:00.000,5,141.86,-3.94,3.09
2026-07-27T13:00:00.000,6.99,160.4,-6.59,2.35
2026-07-27T13:10:00.000,11.17,197.01,-10.69,-3.27
2026-07-27T13:20:00.000,15.46,192.05,-15.12,-3.23
2026-07-27T13:30:00.000,21.15,200.81,-19.77,-7.52
2026-07-27T13:40:00.000,21.92,205.18,-19.84,-9.33
2026-07-27T13:50:00.000,21.14,206.45,-18.93,-9.42
2026-07-27T14:00:00.000,21.06,207.3,-18.71,-9.66
2026-07-27T14:10:00.000,19.17,208.84,-16.79,-9.25
2026-07-27T14:20:00.000,14.97,202.06,-13.87,-5.62
2026-07-27T14:30:00.000,16.81,193.78,-16.33,-4
2026-07-27T14:40:00.000,15.4,189.85,-15.17,-2.63
2026-07-27T14:50:00.000,14.54,193.9,-14.11,-3.49
2026-07-27T15:00:00.000,17.33,191.41,-16.99,-3.43
2026-07-27T15:10:00.000,13.21,191.82,-12.93,-2.71
2026-07-27T15:20:00.000,19.4,188.06,-19.21,-2.72
2026-07-27T15:30:00.000,15.17,175.42,-15.12,1.21
2026-07-27T15:40:00.000,15.52,181.93,-15.51,-0.52
2026-07-27T15:50:00.000,13.85,202.72,-12.77,-5.35
2026-07-27T16:00:00.000,7.69,206.27,-6.9,-3.4
2026-07-27T16:10:00.000,8.23,208.71,-7.22,-3.95
2026-07-27T16:20:00.000,6.29,246.21,-2.54,-5.76
2026-07-27T16:30:00.000,6.57,256.86,-1.49,-6.4
2026-07-27T16:40:00.000,4.05,214.87,-3.32,-2.31
2026-07-27T16:50:00.000,1.36,150.05,-1.18,0.68
2026-07-27T17:00:00.000,0.46,174.61,-0.45,0.04
2026-07-27T17:10:00.000,0.31,122.35,-0.17,0.26
2026-07-27T17:20:00.000,9.64,59.89,4.84,8.34
2026-07-27T17:30:00.000,6.02,66.42,2.41,5.52
2026-07-27T17:40:00.000,1.39,27.78,1.23,0.65
2026-07-27T17:50:00.000,4.19,72.47,1.26,4
2026-07-27T18:00:00.000,0.66,76.48,0.15,0.64
2026-07-27T18:10:00.000,0.44,70,0.15,0.41
2026-07-27T18:20:00.000,0.51,8.03,0.5,0.07
2026-07-27T18:30:00.000,2.16,308.63,1.35,-1.69
2026-07-27T18:40:00.000,1.34,230.17,-0.86,-1.03
2026-07-27T18:50:00.000,2.16,203.3,-1.98,-0.85
2026-07-27T19:00:00.000,2.04,202.43,-1.88,-0.78
2026-07-27T19:10:00.000,3.73,190.54,-3.67,-0.68
2026-07-27T19:20:00.000,4.49,169.01,-4.41,0.86
2026-07-27T19:30:00.000,3.6,188.21,-3.56,-0.51
2026-07-27T19:40:00.000,3.09,221.22,-2.33,-2.04
2026-07-27T19:50:00.000,3.5,207.19,-3.11,-1.6
2026-07-27T20:00:00.000,4.34,225.44,-3.05,-3.09
2026-07-27T20:10:00.000,5.27,225.02,-3.72,-3.73
2026-07-27T20:20:00.000,6.79,192.51,-6.63,-1.47
2026-07-27T20:30:00.000,4.84,187.88,-4.8,-0.66
2026-07-27T20:40:00.000,3.82,185.06,-3.81,-0.34
2026-07-27T20:50:00.000,4.34,187.07,-4.31,-0.53
2026-07-27T21:00:00.000,0.35,136.51,-0.25,0.24
2026-07-27T21:10:00.000,5.4,36.03,4.37,3.18
2026-07-27T21:20:00.000,8.92,58.1,4.72,7.58
2026-07-27T21:30:00.000,14.44,40.72,10.95,9.42
2026-07-27T21:40:00.000,15.44,37.25,12.29,9.35
2026-07-27T21:50:00.000,15.63,42.45,11.53,10.55
2026-07-27T22:00:00.000,15.8,35.23,12.91,9.12
2026-07-27T22:10:00.000,13.22,31.63,11.26,6.93
2026-07-27T22:20:00.000,7.38,21.14,6.88,2.66
2026-07-27T22:30:00.000,8.2,34.99,6.71,4.7
2026-07-27T22:40:00.000,8.81,30.52,7.59,4.48
2026-07-27T22:50:00.000,7.57,32,6.42,4.01
2026-07-27T23:00:00.000,9.26,43.33,6.74,6.36
2026-07-27T23:10:00.000,11.19,44.1,8.04,7.79
2026-07-27T23:20:00.000,5.82,29.61,5.06,2.88
2026-07-27T23:30:00.000,11.35,37.68,8.98,6.94
2026-07-27T23:40:00.000,12.56,31.76,10.68,6.61
2026-07-27T23:50:00.000,16.6,17.2,15.85,4.91
2026-07-28T00:00:00.000,16.84,30.15,14.56,8.46
2026-07-28T00:10:00.000,18.48,35.8,14.99,10.81
2026-07-28T00:20:00.000,16.63,27.9,14.7,7.78
2026-07-28T00:30:00.000,17.15,20.23,16.09,5.93
2026-07-28T00:40:00.000,9.26,16.58,8.87,2.64
2026-07-28T00:50:00.000,8,22.88,7.37,3.11
2026-07-28T01:00:00.000,6.33,10.51,6.23,1.16
2026-07-28T01:10:00.000,4.9,3.5,4.89,0.3
2026-07-28T01:20:00.000,2.65,13.62,2.57,0.62
2026-07-28T01:30:00.000,6.29,31.15,5.38,3.25
2026-07-28T01:40:00.000,5.92,50.37,3.78,4.56
2026-07-28T01:50:00.000,6.36,60.9,3.09,5.56
2026-07-28T02:00:00.000,7.02,74.61,1.86,6.77
2026-07-28T02:10:00.000,6.32,50.6,4.01,4.88
2026-07-28T02:20:00.000,5.36,25.34,4.84,2.29
2026-07-28T02:30:00.000,5.72,11.43,5.6,1.13
2026-07-28T02:40:00.000,4.39,22.68,4.05,1.69
2026-07-28T02:50:00.000,4.16,8.67,4.11,0.63
2026-07-28T03:00:00.000,3.99,358.06,3.99,-0.14
2026-07-28T03:10:00.000,2.44,328.07,2.07,-1.29
2026-07-28T03:20:00.000,4.31,354.64,4.3,-0.4
2026-07-28T03:30:00.000,0.7,37.16,0.56,0.42
2026-07-28T03:40:00.000,3.2,108.84,-1.03,3.03
2026-07-28T03:50:00.000,3.53,144.09,-2.86,2.07
2026-07-28T04:00:00.000,3.21,172.98,-3.19,0.39
2026-07-28T04:10:00.000,4.01,256.64,-0.93,-3.9
2026-07-28T04:20:00.000,6.07,217.6,-4.81,-3.71
2026-07-28T04:30:00.000,5.41,220.88,-4.09,-3.54
2026-07-28T04:40:00.000,5.51,213.87,-4.57,-3.07
2026-07-28T04:50:00.000,6.83,211.68,-5.81,-3.59
2026-07-28T05:00:00.000,5.95,210.8,-5.11,-3.04
2026-07-28T05:10:00.000,6.41,189.53,-6.32,-1.06
2026-07-28T05:20:00.000,5.77,187.43,-5.72,-0.75
2026-07-28T05:30:00.000,5.49,198.15,-5.22,-1.71
2026-07-28T05:40:00.000,5.24,241.24,-2.52,-4.59
2026-07-28T05:50:00.000,5.36,230.67,-3.4,-4.14
2026-07-28T06:00:00.000,5.53,210.72,-4.75,-2.82
2026-07-28T06:10:00.000,6.59,204.07,-6.02,-2.69
2026-07-28T06:20:00.000,10.02,187.14,-9.95,-1.25
2026-07-28T06:30:00.000,15.57,182.06,-15.56,-0.56
2026-07-28T06:40:00.000,17.08,178.53,-17.08,0.44
2026-07-28T06:50:00.000,12.87,182.21,-12.86,-0.5
2026-07-28T07:00:00.000,11.53,182.67,-11.52,-0.54
2026-07-28T07:10:00.000,15.98,199.77,-15.04,-5.41
2026-07-28T07:20:00.000,16.47,198.47,-15.62,-5.22
2026-07-28T07:30:00.000,18.2,194.73,-17.6,-4.63
2026-07-28T07:40:00.000,16.06,196.74,-15.38,-4.63
2026-07-28T07:50:00.000,14.92,198.3,-14.17,-4.69
2026-07-28T08:00:00.000,18.18,194.01,-17.64,-4.4
2026-07-28T08:10:00.000,16.98,190.45,-16.7,-3.08
2026-07-28T08:20:00.000,14.11,185.03,-14.06,-1.24
2026-07-28T08:30:00.000,11.01,181.29,-11,-0.25
2026-07-28T08:40:00.000,11,192.52,-10.74,-2.38
2026-07-28T08:50:00.000,12.09,198.16,-11.49,-3.77
2026-07-28T09:00:00.000,15.51,191.8,-15.18,-3.17
2026-07-28T09:10:00.000,19.7,192.88,-19.21,-4.39
2026-07-28T09:20:00.000,17.87,194.11,-17.33,-4.36
2026-07-28T09:30:00.000,18.37,193.46,-17.86,-4.28
2026-07-28T09:40:00.000,17.27,192.27,-16.87,-3.67
2026-07-28T09:50:00.000,11.43,196.33,-10.97,-3.21
2026-07-28T10:00:00.000,7.52,190.83,-7.39,-1.41
2026-07-28T10:10:00.000,7.17,162.31,-6.83,2.18
2026-07-28T10:20:00.000,4.48,77.5,0.97,4.38
2026-07-28T10:30:00.000,17.7,69.24,6.27,16.55
2026-07-28T10:40:00.000,11.15,55.35,6.34,9.17
2026-07-28T10:50:00.000,12.16,57.55,6.52,10.26
2026-07-28T11:00:00.000,8.08,60.71,3.95,7.05
2026-07-28T11:10:00.000,6.64,40.94,5.02,4.35
2026-07-28T11:20:00.000,7.33,36.99,5.86,4.41
2026-07-28T11:30:00.000,11.87,37.51,9.42,7.23
2026-07-28T11:40:00.000,14.02,43.17,10.23,9.59
2026-07-28T11:50:00.000,16.97,35.01,13.9,9.73
2026-07-28T12:00:00.000,16.12,19.87,15.16,5.48
2026-07-28T12:10:00.000,10.35,22.73,9.54,4
2026-07-28T12:20:00.000,7.3,18.19,6.94,2.28
2026-07-28T12:30:00.000,11,21.64,10.22,4.06
2026-07-28T12:40:00.000,6.52,24.3,5.94,2.68
2026-07-28T12:50:00.000,6.44,2.65,6.43,0.3
2026-07-28T13:00:00.000,1.24,8.53,1.23,0.18
2026-07-28T13:10:00.000,0.39,40.18,0.3,0.25
2026-07-28T13:20:00.000,2.39,161.14,-2.27,0.77
2026-07-28T13:30:00.000,3.96,130.88,-2.59,2.99
2026-07-28T13:40:00.000,1.78,266.57,-0.11,-1.77
2026-07-28T13:50:00.000,2.63,285.83,0.72,-2.53
2026-07-28T14:00:00.000,1.86,243.07,-0.84,-1.66
2026-07-28T14:10:00.000,2.35,204.42,-2.14,-0.97
2026-07-28T14:20:00.000,4.65,203.77,-4.26,-1.88
2026-07-28T14:30:00.000,5.37,198.25,-5.1,-1.68
2026-07-28T14:40:00.000,6.08,170.76,-6,0.98
2026-07-28T14:50:00.000,6.1,165.69,-5.91,1.51
2026-07-28T15:00:00.000,2.11,166.75,-2.05,0.48
2026-07-28T15:10:00.000,3.7,145.05,-3.03,2.12
2026-07-28T15:20:00.000,4.84,12.39,4.72,1.04
2026-07-28T15:30:00.000,4.99,270.79,0.07,-4.99
2026-07-28T15:40:00.000,2.4,241.49,-1.15,-2.11
2026-07-28T15:50:00.000,0.38,308.92,0.24,-0.3
2026-07-28T16:00:00.000,1.3,240.02,-0.65,-1.13
2026-07-28T16:10:00.000,0.64,264.01,-0.07,-0.64
2026-07-28T16:20:00.000,0.85,183.97,-0.85,-0.06
2026-07-28T16:30:00.000,2.41,141,-1.87,1.52
2026-07-28T16:40:00.000,2.23,113.13,-0.88,2.05
2026-07-28T16:50:00.000,5.67,112.54,-2.17,5.24
2026-07-28T17:00:00.000,4.42,105.23,-1.16,4.27
2026-07-28T17:10:00.000,3.55,89.43,0.04,3.55
2026-07-28T17:20:00.000,2.65,80.26,0.45,2.62
2026-07-28T17:30:00.000,1.12,10.87,1.1,0.21
2026-07-28T17:40:00.000,0.58,329.24,0.5,-0.3
2026-07-28T17:50:00.000,3.59,351.13,3.54,-0.55
2026-07-28T18:00:00.000,3.6,349.29,3.54,-0.67
2026-07-28T18:10:00.000,4.16,314.42,2.91,-2.97
2026-07-28T18:20:00.000,6.37,344.06,6.13,-1.75
2026-07-28T18:30:00.000,5.52,350.52,5.45,-0.91
2026-07-28T18:40:00.000,4.29,346.63,4.17,-0.99
2026-07-28T18:50:00.000,6.72,2.22,6.72,0.26
2026-07-28T19:00:00.000,5.76,31.15,4.93,2.98
2026-07-28T19:10:00.000,4.24,22.01,3.93,1.59
2026-07-28T19:20:00.000,3.62,30.43,3.12,1.83
2026-07-28T19:30:00.000,5.46,57.92,2.9,4.62
2026-07-28T19:40:00.000,3.24,153.38,-2.89,1.45
2026-07-28T19:50:00.000,5.7,171.66,-5.64,0.83
2026-07-28T20:00:00.000,8.05,185.64,-8.01,-0.79
2026-07-28T20:10:00.000,14.54,193.89,-14.11,-3.49
2026-07-28T20:20:00.000,19.58,183.89,-19.54,-1.33
2026-07-28T20:30:00.000,15.53,177.49,-15.52,0.68
2026-07-28T20:40:00.000,17.19,200.9,-16.06,-6.13
2026-07-28T20:50:00.000,19.29,199.51,-18.19,-6.44
2026-07-28T21:00:00.000,17.63,199.89,-16.58,-6
2026-07-28T21:10:00.000,15.34,187.41,-15.21,-1.98
2026-07-28T21:20:00.000,15.1,188.04,-14.95,-2.11
2026-07-28T21:30:00.000,13.75,178.53,-13.74,0.35
2026-07-28T21:40:00.000,2.09,167.26,-2.04,0.46
2026-07-28T21:50:00.000,3.77,51.9,2.33,2.97
2026-07-28T22:00:00.000,6.6,33.33,5.51,3.63
2026-07-28T22:10:00.000,18.21,54.59,10.55,14.84
2026-07-28T22:20:00.000,21.61,63.18,9.75,19.28
2026-07-28T22:30:00.000,18.85,69.42,6.63,17.65
2026-07-28T22:40:00.000,7.98,73.52,2.26,7.65
2026-07-28T22:50:00.000,7.95,48.78,5.24,5.98
2026-07-28T23:00:00.000,5.57,45.01,3.94,3.94
2026-07-28T23:10:00.000,6.02,59.51,3.06,5.19
2026-07-28T23:20:00.000,6.21,48.82,4.09,4.67
2026-07-28T23:30:00.000,5.28,31.04,4.53,2.72
2026-07-28T23:40:00.000,5.1,20.54,4.77,1.79
2026-07-28T23:50:00.000,7.08,357.51,7.07,-0.31
2026-07-29T00:00:00.000,5.26,356.64,5.25,-0.31
2026-07-29T00:10:00.000,17.51,29.94,15.17,8.74
2026-07-29T00:20:00.000,13.73,38.83,10.7,8.61
2026-07-29T00:30:00.000,14.61,53.29,8.73,11.71
2026-07-29T00:40:00.000,13.56,35.54,11.03,7.88
2026-07-29T00:50:00.000,25.06,38.81,19.53,15.71
2026-07-29T01:00:00.000,30.74,32.9,25.81,16.69
2026-07-29T01:10:00.000,29.49,41.34,22.14,19.48
2026-07-29T01:20:00.000,22.99,30.63,19.78,11.71
2026-07-29T01:30:00.000,31.16,36.92,24.91,18.72
2026-07-29T01:40:00.000,34.83,49.89,22.44,26.64
2026-07-29T01:50:00.000,33.82,62.45,15.64,29.98
2026-07-29T02:00:00.000,25.04,58.73,13,21.4
2026-07-29T02:10:00.000,26.56,44.48,18.95,18.61
2026-07-29T02:20:00.000,29.93,39.8,22.99,19.16
2026-07-29T02:30:00.000,26.1,33.88,21.67,14.55
2026-07-29T02:40:00.000,25.96,26.94,23.15,11.76
2026-07-29T02:50:00.000,24.66,30.32,21.29,12.45
2026-07-29T03:00:00.000,22.39,32.18,18.95,11.93
2026-07-29T03:10:00.000,23.02,40.21,17.58,14.86
2026-07-29T03:20:00.000,16.03,71.37,5.12,15.19
2026-07-29T03:30:00.000,15.69,55.59,8.87,12.94
2026-07-29T03:40:00.000,19.5,53.12,11.7,15.6
2026-07-29T03:50:00.000,10.8,51.79,6.68,8.49
2026-07-29T04:00:00.000,10.83,34.62,8.92,6.16
2026-07-29T04:10:00.000,11.21,33,9.4,6.11
2026-07-29T04:20:00.000,9.77,27.06,8.7,4.44
2026-07-29T04:30:00.000,7.98,30.77,6.86,4.08
2026-07-29T04:40:00.000,6.91,49.32,4.5,5.24
2026-07-29T04:50:00.000,5.17,24.65,4.7,2.16
2026-07-29T05:00:00.000,1.1,5.28,1.09,0.1
2026-07-29T05:10:00.000,2.35,155.57,-2.14,0.97
2026-07-29T05:20:00.000,3.64,186.72,-3.62,-0.43
2026-07-29T05:30:00.000,1.3,184.89,-1.3,-0.11
2026-07-29T05:40:00.000,0.19,187.26,-0.19,-0.02
2026-07-29T05:50:00.000,3.88,140.26,-2.98,2.48
2026-07-29T06:00:00.000,4.73,168.29,-4.63,0.96
2026-07-29T06:10:00.000,3.36,123.3,-1.84,2.81
2026-07-29T06:20:00.000,1.15,47.33,0.78,0.85
2026-07-29T06:30:00.000,6.42,50.33,4.1,4.94
2026-07-29T06:40:00.000,5.39,80.37,0.9,5.32
2026-07-29T06:50:00.000,4.74,85.92,0.34,4.73
2026-07-29T07:00:00.000,0.22,66.98,0.09,0.2
2026-07-29T07:10:00.000,5.3,211.91,-4.5,-2.8
2026-07-29T07:20:00.000,28.78,182.07,-28.76,-1.04
2026-07-29T07:30:00.000,36.22,184.61,-36.1,-2.91
2026-07-29T07:40:00.000,35.71,186.35,-35.49,-3.95
2026-07-29T07:50:00.000,34.44,192.31,-33.64,-7.34
2026-07-29T08:00:00.000,31.6,191.33,-30.98,-6.21
2026-07-29T08:10:00.000,31.34,190.61,-30.8,-5.77
2026-07-29T08:20:00.000,27.13,203.36,-24.91,-10.76
2026-07-29T08:30:00.000,18.93,208.32,-16.66,-8.98
2026-07-29T08:40:00.000,14.4,222.51,-10.62,-9.73
2026-07-29T08:50:00.000,6.16,246.13,-2.49,-5.63
2026-07-29T09:00:00.000,4.44,332.6,3.94,-2.05
2026-07-29T09:10:00.000,1.34,125.74,-0.78,1.09
2026-07-29T09:20:00.000,4.18,172.76,-4.15,0.53
2026-07-29T09:30:00.000,5.96,194.5,-5.77,-1.49
2026-07-29T09:40:00.000,2.95,221.95,-2.2,-1.97
2026-07-29T09:50:00.000,7.78,34.22,6.43,4.37
2026-07-29T10:00:00.000,7.99,49.45,5.19,6.07
2026-07-29T10:10:00.000,4.92,30.86,4.23,2.53
2026-07-29T10:20:00.000,2.69,9.36,2.65,0.44
2026-07-29T10:30:00.000,2.08,30.11,1.8,1.04
2026-07-29T10:40:00.000,4.54,16.99,4.34,1.33
2026-07-29T10:50:00.000,4.99,67.43,1.92,4.61
2026-07-29T11:00:00.000,5.05,43.24,3.68,3.46
2026-07-29T11:10:00.000,6.87,34.46,5.67,3.89
2026-07-29T11:20:00.000,6.47,38.66,5.05,4.04
2026-07-29T11:30:00.000,7.08,43.53,5.14,4.88
2026-07-29T11:40:00.000,8.02,38.16,6.31,4.96
2026-07-29T11:50:00.000,14.26,30.33,12.31,7.2
2026-07-29T12:00:00.000,20.16,40.54,15.32,13.11
2026-07-29T12:10:00.000,26.76,43.61,19.38,18.46
2026-07-29T12:20:00.000,23.58,39.87,18.1,15.12
2026-07-29T12:30:00.000,20.21,38.59,15.8,12.61
2026-07-29T12:40:00.000,21.4,23.95,19.56,8.69
2026-07-29T12:50:00.000,21.95,33.43,18.32,12.09
2026-07-29T13:00:00.000,24.19,35.62,19.66,14.09
2026-07-29T13:10:00.000,24.23,40.98,18.29,15.89
2026-07-29T13:20:00.000,20.69,51.01,13.02,16.08
2026-07-29T13:30:00.000,24.16,45.09,17.06,17.11
2026-07-29T13:40:00.000,20.63,44.93,14.6,14.57
2026-07-29T13:50:00.000,23.66,37.43,18.79,14.38
2026-07-29T14:00:00.000,19.49,31.65,16.59,10.23
2026-07-29T14:10:00.000,18.21,15.86,17.52,4.98
2026-07-29T14:20:00.000,14.57,10.68,14.32,2.7
2026-07-29T14:30:00.000,5.48,7.37,5.44,0.7
2026-07-29T14:40:00.000,1.34,33.21,1.12,0.73
2026-07-29T14:50:00.000,3.01,49.86,1.94,2.3
2026-07-29T15:00:00.000,5.07,65.79,2.08,4.62
2026-07-29T15:10:00.000,1.26,75.86,0.31,1.22
2026-07-29T15:20:00.000,1.88,45.41,1.32,1.34
2026-07-29T15:30:00.000,3.44,237.82,-1.83,-2.91
2026-07-29T15:40:00.000,3.74,205.06,-3.39,-1.59
2026-07-29T15:50:00.000,6.01,156.6,-5.51,2.38
2026-07-29T16:00:00.000,6.17,166.06,-5.99,1.49
2026-07-29T16:10:00.000,6.23,165.13,-6.02,1.6
2026-07-29T16:20:00.000,5.71,168,-5.58,1.19
2026-07-29T16:30:00.000,2.85,162.03,-2.71,0.88
2026-07-29T16:40:00.000,3.98,193.28,-3.87,-0.91
2026-07-29T16:50:00.000,7.43,180.9,-7.43,-0.12
2026-07-29T17:00:00.000,8.76,188.26,-8.67,-1.26
2026-07-29T17:10:00.000,8.35,190.61,-8.2,-1.54
2026-07-29T17:20:00.000,5,232.19,-3.06,-3.95
2026-07-29T17:30:00.000,3.77,264.5,-0.36,-3.75
2026-07-29T17:40:00.000,4.25,320.87,3.29,-2.68
2026-07-29T17:50:00.000,3.66,12.91,3.57,0.82
2026-07-29T18:00:00.000,11.15,47.18,7.58,8.18
2026-07-29T18:10:00.000,7.78,52.34,4.75,6.16
2026-07-29T18:20:00.000,7.07,49.13,4.63,5.34
2026-07-29T18:30:00.000,10.43,40.27,7.96,6.74
2026-07-29T18:40:00.000,9.7,42.49,7.16,6.55
2026-07-29T18:50:00.000,10.28,45.87,7.16,7.38
2026-07-29T19:00:00.000,13.57,27.09,12.08,6.18
2026-07-29T19:10:00.000,10.77,34.14,8.91,6.04
2026-07-29T19:20:00.000,9.66,42.44,7.13,6.52
2026-07-29T19:30:00.000,8.54,52.5,5.2,6.78
2026-07-29T19:40:00.000,6.64,58.17,3.5,5.64
2026-07-29T19:50:00.000,4.27,43.63,3.09,2.95
2026-07-29T20:00:00.000,1.62,54.46,0.94,1.32
2026-07-29T20:10:00.000,2.89,110.94,-1.03,2.7
2026-07-29T20:20:00.000,7.11,177.62,-7.11,0.3
2026-07-29T20:30:00.000,3.1,165.75,-3.01,0.76
2026-07-29T20:40:00.000,6.36,171.1,-6.28,0.98
2026-07-29T20:50:00.000,0.81,148.42,-0.69,0.42
2026-07-29T21:00:00.000,0.53,156.85,-0.49,0.21
2026-07-29T21:10:00.000,2.23,167.82,-2.18,0.47
2026-07-29T21:20:00.000,3.19,202.31,-2.95,-1.21
2026-07-29T21:30:00.000,5.03,217.66,-3.98,-3.07
2026-07-29T21:40:00.000,6.5,225.48,-4.56,-4.63
2026-07-29T21:50:00.000,4.15,233.66,-2.46,-3.34
2026-07-29T22:00:00.000,0.29,260.1,-0.05,-0.29
2026-07-29T22:10:00.000,0.45,162.25,-0.43,0.14
2026-07-29T22:20:00.000,11.68,209.53,-10.16,-5.76
2026-07-29T22:30:00.000,12.67,199.75,-11.92,-4.28
2026-07-29T22:40:00.000,12.7,196.6,-12.17,-3.63
2026-07-29T22:50:00.000,11.98,209.94,-10.38,-5.98
2026-07-29T23:00:00.000,9.8,222.17,-7.26,-6.58
2026-07-29T23:10:00.000,5.56,226.91,-3.8,-4.06
2026-07-29T23:20:00.000,0.79,95.7,-0.08,0.79
2026-07-29T23:30:00.000,1.17,95.18,-0.11,1.16
2026-07-29T23:40:00.000,7.23,71.67,2.27,6.87
2026-07-29T23:50:00.000,16.06,74.43,4.31,15.47
2026-07-30T00:00:00.000,6.2,97.59,-0.82,6.14
2026-07-30T00:10:00.000,5.63,43.29,4.1,3.86
2026-07-30T00:20:00.000,4.68,16.38,4.49,1.32
2026-07-30T00:30:00.000,9.18,20.21,8.61,3.17
2026-07-30T00:40:00.000,8.12,39.95,6.23,5.22
2026-07-30T00:50:00.000,7.78,42.47,5.74,5.25
2026-07-30T01:00:00.000,8.58,33.93,7.12,4.79
2026-07-30T01:10:00.000,10.45,41.36,7.84,6.91
2026-07-30T01:20:00.000,7.44,32.53,6.27,4
2026-07-30T01:30:00.000,10.91,27.56,9.68,5.05
2026-07-30T01:40:00.000,14.23,28.51,12.5,6.79
2026-07-30T01:50:00.000,15.06,46.66,10.34,10.96
2026-07-30T02:00:00.000,15.98,46.68,10.96,11.62
2026-07-30T02:10:00.000,12.51,49.32,8.15,9.49
2026-07-30T02:20:00.000,16.18,47.74,10.88,11.97
2026-07-30T02:30:00.000,12.39,56.05,6.92,10.27
2026-07-30T02:40:00.000,11.54,55.51,6.53,9.51
2026-07-30T02:50:00.000,6.06,52.24,3.71,4.79
2026-07-30T03:00:00.000,3.26,42.03,2.42,2.18
2026-07-30T03:10:00.000,6.64,23.39,6.1,2.64
2026-07-30T03:20:00.000,4.73,28.46,4.16,2.25
2026-07-30T03:30:00.000,5.47,22.9,5.04,2.13
2026-07-30T03:40:00.000,2.41,14.87,2.33,0.62
2026-07-30T03:50:00.000,2.26,46.05,1.57,1.63
2026-07-30T04:00:00.000,1.06,19.97,0.99,0.36
2026-07-30T04:10:00.000,1.39,37.58,1.1,0.85
2026-07-30T04:20:00.000,0.39,110.33,-0.13,0.36
2026-07-30T04:30:00.000,3.69,217.49,-2.93,-2.25
2026-07-30T04:40:00.000,3.85,254.95,-1,-3.72
2026-07-30T04:50:00.000,3.95,314.01,2.74,-2.84
2026-07-30T05:00:00.000,0.51,356.58,0.51,-0.03
2026-07-30T05:10:00.000,0.17,342.87,0.17,-0.05
2026-07-30T05:20:00.000,3.06,202.07,-2.83,-1.15
2026-07-30T05:30:00.000,4.68,199.52,-4.42,-1.57
2026-07-30T05:40:00.000,3.27,234.62,-1.89,-2.67
2026-07-30T05:50:00.000,2.85,251.02,-0.93,-2.69
2026-07-30T06:00:00.000,2.61,246.79,-1.03,-2.4
2026-07-30T06:10:00.000,1.65,237.46,-0.89,-1.39
2026-07-30T06:20:00.000,0.04,321.17,0.03,-0.03
2026-07-30T06:30:00.000,0.88,116.92,-0.4,0.79
2026-07-30T06:40:00.000,6.26,142.78,-4.98,3.79
2026-07-30T06:50:00.000,11.72,186.67,-11.64,-1.36
2026-07-30T07:00:00.000,16.72,190.91,-16.42,-3.17
2026-07-30T07:10:00.000,21.3,187.49,-21.12,-2.77
2026-07-30T07:20:00.000,22.16,190.07,-21.82,-3.87
2026-07-30T07:30:00.000,21.77,198.67,-20.63,-6.97
2026-07-30T07:40:00.000,27.48,197.89,-26.15,-8.44
2026-07-30T07:50:00.000,29.78,199.56,-28.06,-9.97
2026-07-30T08:00:00.000,31.82,191.14,-31.22,-6.15
2026-07-30T08:10:00.000,26.84,189.4,-26.48,-4.38
2026-07-30T08:20:00.000,25.85,190.42,-25.42,-4.68
2026-07-30T08:30:00.000,19.71,192.1,-19.28,-4.13
2026-07-30T08:40:00.000,17.53,191.61,-17.17,-3.53
2026-07-30T08:50:00.000,18.54,196.81,-17.75,-5.36
2026-07-30T09:00:00.000,18.4,190.73,-18.08,-3.43
2026-07-30T09:10:00.000,14.12,188.04,-13.98,-1.98
2026-07-30T09:20:00.000,12.68,171.24,-12.53,1.93
2026-07-30T09:30:00.000,18.26,181.17,-18.25,-0.37
2026-07-30T09:40:00.000,16.97,182.01,-16.96,-0.6
2026-07-30T09:50:00.000,14.51,195.05,-14.01,-3.77
2026-07-30T10:00:00.000,2.57,253.16,-0.75,-2.46
2026-07-30T10:10:00.000,6.16,233.31,-3.68,-4.94
2026-07-30T10:20:00.000,7.63,192.92,-7.43,-1.7
2026-07-30T10:30:00.000,8.31,186.47,-8.26,-0.94
2026-07-30T10:40:00.000,4.72,180.51,-4.72,-0.04
2026-07-30T10:50:00.000,4.33,191.96,-4.24,-0.9
2026-07-30T11:00:00.000,2.65,218.43,-2.08,-1.65
2026-07-30T11:10:00.000,8.01,278.52,1.19,-7.92
2026-07-30T11:20:00.000,6.17,30.67,5.31,3.15
2026-07-30T11:30:00.000,5.21,106.66,-1.49,4.99
2026-07-30T11:40:00.000,5.65,33.35,4.72,3.1
2026-07-30T11:50:00.000,5.5,61.47,2.63,4.83
2026-07-30T12:00:00.000,6.64,42.86,4.87,4.52
2026-07-30T12:10:00.000,8.54,24.31,7.79,3.52
2026-07-30T12:20:00.000,7.7,7.13,7.64,0.96
2026-07-30T12:30:00.000,10.59,1.41,10.59,0.26
2026-07-30T12:40:00.000,4.85,39.55,3.74,3.09
2026-07-30T12:50:00.000,11.68,41.92,8.69,7.81
2026-07-30T13:00:00.000,13.26,29.53,11.54,6.54
2026-07-30T13:10:00.000,10.05,46.36,6.93,7.27
2026-07-30T13:20:00.000,11.72,44.5,8.36,8.21
2026-07-30T13:30:00.000,8.82,350.86,8.71,-1.4
2026-07-30T13:40:00.000,4.63,28.18,4.08,2.19
2026-07-30T13:50:00.000,0.42,25.01,0.38,0.18
2026-07-30T14:00:00.000,0.58,229.9,-0.37,-0.44
2026-07-30T14:10:00.000,4.85,243.55,-2.16,-4.34
2026-07-30T14:20:00.000,6.17,203.88,-5.64,-2.5
2026-07-30T14:30:00.000,8.02,200.29,-7.52,-2.78
2026-07-30T14:40:00.000,6.44,209.32,-5.61,-3.15
2026-07-30T14:50:00.000,5.61,244.1,-2.45,-5.05
2026-07-30T15:00:00.000,11.38,233.73,-6.73,-9.17
2026-07-30T15:10:00.000,16.33,210.98,-14,-8.41
2026-07-30T15:20:00.000,26.37,187.72,-26.13,-3.54
2026-07-30T15:30:00.000,27,188.31,-26.72,-3.9
2026-07-30T15:40:00.000,18.68,197.22,-17.84,-5.53
2026-07-30T15:50:00.000,23.4,201.35,-21.8,-8.52
2026-07-30T16:00:00.000,20.06,192.58,-19.58,-4.37
2026-07-30T16:10:00.000,15.64,190.78,-15.36,-2.93
2026-07-30T16:20:00.000,10.73,201.22,-10,-3.88
2026-07-30T16:30:00.000,10.24,216.21,-8.26,-6.05
2026-07-30T16:40:00.000,11.24,187.27,-11.15,-1.42
2026-07-30T16:50:00.000,0.99,159.91,-0.93,0.34
2026-07-30T17:00:00.000,1.94,199.35,-1.83,-0.64
2026-07-30T17:10:00.000,3.08,149.04,-2.65,1.59
2026-07-30T17:20:00.000,1.52,152.77,-1.35,0.7
2026-07-30T17:30:00.000,0.88,137.49,-0.65,0.59
2026-07-30T17:40:00.000,0.88,154.34,-0.79,0.38
2026-07-30T17:50:00.000,1.06,243.27,-0.48,-0.95
2026-07-30T18:00:00.000,3.65,241.63,-1.74,-3.22
2026-07-30T18:10:00.000,2.98,265.1,-0.25,-2.97
2026-07-30T18:20:00.000,2.73,284.16,0.67,-2.65
2026-07-30T18:30:00.000,0.85,184.94,-0.85,-0.07
2026-07-30T18:40:00.000,0.83,165.72,-0.8,0.2
2026-07-30T18:50:00.000,6.79,213.93,-5.64,-3.79
2026-07-30T19:00:00.000,5.6,215.19,-4.58,-3.23
2026-07-30T19:10:00.000,8.47,194.41,-8.2,-2.11
2026-07-30T19:20:00.000,6.45,194.83,-6.24,-1.65
2026-07-30T19:30:00.000,4.91,205.82,-4.42,-2.14
2026-07-30T19:40:00.000,10.91,213.76,-9.07,-6.06
2026-07-30T19:50:00.000,13.72,191,-13.47,-2.62
2026-07-30T20:00:00.000,8.63,138.46,-6.46,5.73
2026-07-30T20:10:00.000,5.68,160.18,-5.34,1.93
2026-07-30T20:20:00.000,1.39,210.45,-1.2,-0.71
2026-07-30T20:30:00.000,3.6,260.78,-0.58,-3.55
2026-07-30T20:40:00.000,2.06,311.52,1.36,-1.54
2026-07-30T20:50:00.000,0.08,263.68,-0.01,-0.08
2026-07-30T21:00:00.000,5.07,132.99,-3.46,3.71
2026-07-30T21:10:00.000,9.31,174.16,-9.26,0.95
2026-07-30T21:20:00.000,16.8,172.36,-16.65,2.23
2026-07-30T21:30:00.000,7.18,170.68,-7.09,1.16
2026-07-30T21:40:00.000,2.32,221.32,-1.74,-1.53
2026-07-30T21:50:00.000,0.38,41.67,0.28,0.25
2026-07-30T22:00:00.000,2.74,50.15,1.75,2.1
2026-07-30T22:10:00.000,2.27,31.31,1.94,1.18
2026-07-30T22:20:00.000,4.19,25.64,3.78,1.81
2026-07-30T22:30:00.000,7.67,24.95,6.95,3.23
2026-07-30T22:40:00.000,10.96,33.16,9.17,5.99
2026-07-30T22:50:00.000,3.64,34.97,2.98,2.09
2026-07-30T23:00:00.000,5.4,40.98,4.07,3.54
2026-07-30T23:10:00.000,9.74,54.56,5.65,7.93
2026-07-30T23:20:00.000,14.67,50.01,9.43,11.24
2026-07-30T23:30:00.000,13.46,42.43,9.94,9.08
2026-07-30T23:40:00.000,20.45,31.43,17.45,10.66
2026-07-30T23:50:00.000,20.72,31.62,17.65,10.87
2026-07-31T00:00:00.000,21.27,29,18.6,10.31
2026-07-31T00:10:00.000,25.1,47.18,17.06,18.41
2026-07-31T00:20:00.000,29.93,61.11,14.46,26.2
2026-07-31T00:30:00.000,24.13,54.72,13.94,19.7
2026-07-31T00:40:00.000,27.85,44.93,19.72,19.67
2026-07-31T00:50:00.000,20.06,38.6,15.68,12.52
2026-07-31T01:00:00.000,23,21.86,21.34,8.56
2026-07-31T01:10:00.000,31.4,14.2,30.44,7.7
2026-07-31T01:20:00.000,27.9,19.71,26.26,9.41
2026-07-31T01:30:00.000,27.48,20.6,25.72,9.67
2026-07-31T01:40:00.000,21.13,33.32,17.66,11.61
2026-07-31T01:50:00.000,23.29,35.95,18.86,13.68
2026-07-31T02:00:00.000,24.65,41.76,18.39,16.42
2026-07-31T02:10:00.000,22.64,41.45,16.97,14.99
2026-07-31T02:20:00.000,19.54,31.06,16.74,10.08
2026-07-31T02:30:00.000,15.44,21.29,14.39,5.61
2026-07-31T02:40:00.000,14.55,13.06,14.17,3.29
2026-07-31T02:50:00.000,17.48,26.63,15.63,7.84
2026-07-31T03:00:00.000,17.23,28.25,15.18,8.16
2026-07-31T03:10:00.000,16.52,33.1,13.84,9.02
2026-07-31T03:20:00.000,13.49,25.16,12.21,5.74
2026-07-31T03:30:00.000,9.95,33.32,8.31,5.47
2026-07-31T03:40:00.000,7.45,32.45,6.29,4
2026-07-31T03:50:00.000,5.04,49.08,3.3,3.81
2026-07-31T04:00:00.000,4.88,46.94,3.33,3.56
2026-07-31T04:10:00.000,5.2,50.85,3.28,4.03
2026-07-31T04:20:00.000,4.14,42.07,3.07,2.78
2026-07-31T04:30:00.000,4.15,21.62,3.85,1.53
2026-07-31T04:40:00.000,4.63,38.31,3.63,2.87
2026-07-31T04:50:00.000,3.46,84.01,0.36,3.44
2026-07-31T05:00:00.000,2.92,237.61,-1.57,-2.47
2026-07-31T05:10:00.000,4.45,220.86,-3.37,-2.91
2026-07-31T05:20:00.000,3.98,201.67,-3.7,-1.47
2026-07-31T05:30:00.000,4.7,231.49,-2.93,-3.68
2026-07-31T05:40:00.000,13.78,211.82,-11.71,-7.27
2026-07-31T05:50:00.000,16.99,178.74,-16.98,0.37
2026-07-31T06:00:00.000,20.78,182.31,-20.76,-0.84
2026-07-31T06:10:00.000,23.5,186.16,-23.36,-2.52
2026-07-31T06:20:00.000,19.07,210.86,-16.37,-9.78
2026-07-31T06:30:00.000,23.09,218.65,-18.03,-14.42
2026-07-31T06:40:00.000,20.54,210.42,-17.71,-10.4
2026-07-31T06:50:00.000,26.95,203.42,-24.73,-10.71
2026-07-31T07:00:00.000,29.34,198.8,-27.78,-9.45
2026-07-31T07:10:00.000,26.38,203.8,-24.13,-10.65
2026-07-31T07:20:00.000,29.01,205.84,-26.11,-12.65
2026-07-31T07:30:00.000,31.4,203.27,-28.85,-12.41
2026-07-31T07:40:00.000,28.24,200.57,-26.44,-9.92
2026-07-31T07:50:00.000,25.91,200.39,-24.28,-9.03
2026-07-31T08:00:00.000,26.71,206.6,-23.89,-11.96
2026-07-31T08:10:00.000,27.24,203.4,-25,-10.82
2026-07-31T08:20:00.000,31.07,194.54,-30.08,-7.8
2026-07-31T08:30:00.000,33.79,188.62,-33.4,-5.06
2026-07-31T08:40:00.000,36.85,186.38,-36.62,-4.1
2026-07-31T08:50:00.000,37.64,182.64,-37.6,-1.73
2026-07-31T09:00:00.000,29.98,176.85,-29.93,1.65
2026-07-31T09:10:00.000,31.59,183.55,-31.53,-1.95
2026-07-31T09:20:00.000,27.22,186.46,-27.05,-3.06
2026-07-31T09:30:00.000,25.01,193.73,-24.3,-5.94
2026-07-31T09:40:00.000,14.71,176.07,-14.68,1.01
2026-07-31T09:50:00.000,11.56,51.5,7.19,9.05
2026-07-31T10:00:00.000,14.14,51.03,8.9,10.99
2026-07-31T10:10:00.000,19.06,58.13,10.06,16.18
2026-07-31T10:20:00.000,10.81,40.93,8.17,7.08
2026-07-31T10:30:00.000,15.07,34.12,12.47,8.45
2026-07-31T10:40:00.000,15.57,39.58,12,9.92
2026-07-31T10:50:00.000,15.12,37.16,12.05,9.13
2026-07-31T11:00:00.000,19.91,48.85,13.1,14.99
2026-07-31T11:10:00.000,18.4,45.16,12.97,13.05
2026-07-31T11:20:00.000,20.21,35.24,16.5,11.66
2026-07-31T11:30:00.000,15.74,45.99,10.94,11.32
2026-07-31T11:40:00.000,14.89,44.71,10.58,10.47
2026-07-31T11:50:00.000,12.54,54.85,7.22,10.25
2026-07-31T12:00:00.000,13.27,50.77,8.4,10.28
2026-07-31T12:10:00.000,11.95,57.4,6.44,10.07
2026-07-31T12:20:00.000,9.07,43.34,6.6,6.23
2026-07-31T12:30:00.000,13.66,12.58,13.33,2.97
2026-07-31T12:40:00.000,14.19,26.87,12.66,6.41
2026-07-31T12:50:00.000,8.11,34.84,6.65,4.63
2026-07-31T13:00:00.000,11.75,44.98,8.32,8.31
2026-07-31T13:10:00.000,7.96,45.29,5.6,5.65
2026-07-31T13:20:00.000,6.01,54.75,3.47,4.9
2026-07-31T13:30:00.000,5.78,17.8,5.5,1.77
2026-07-31T13:40:00.000,11.39,2.13,11.38,0.42
2026-07-31T13:50:00.000,9.26,11.06,9.08,1.78
2026-07-31T14:00:00.000,7.92,18.47,7.51,2.51
2026-07-31T14:10:00.000,5.41,49.45,3.52,4.11
2026-07-31T14:20:00.000,5.28,43.41,3.83,3.63
2026-07-31T14:30:00.000,7.57,23.52,6.94,3.02
2026-07-31T14:40:00.000,10.4,22.84,9.58,4.04
2026-07-31T14:50:00.000,10.78,17.68,10.27,3.27
2026-07-31T15:00:00.000,6.19,29.45,5.39,3.04
2026-07-31T15:10:00.000,5.56,35.05,4.56,3.2
2026-07-31T15:20:00.000,7.05,35.78,5.72,4.12
2026-07-31T15:30:00.000,8.39,41.56,6.28,5.56
2026-07-31T15:40:00.000,6.68,22.86,6.15,2.59
2026-07-31T15:50:00.000,5.96,12.07,5.83,1.25
2026-07-31T16:00:00.000,3.13,5.92,3.11,0.32
2026-07-31T16:10:00.000,5.3,5.5,5.27,0.51
2026-07-31T16:20:00.000,9.23,5.9,9.18,0.95
2026-07-31T16:30:00.000,6.56,6.61,6.51,0.75
2026-07-31T16:40:00.000,3.85,41.37,2.89,2.54
2026-07-31T16:50:00.000,3.15,32.38,2.66,1.68
2026-07-31T17:00:00.000,4.34,55.95,2.43,3.59
2026-07-31T17:10:00.000,4.75,88.02,0.16,4.75
2026-07-31T17:20:00.000,0.62,126.45,-0.37,0.5
2026-07-31T17:30:00.000,0.15,238.14,-0.08,-0.13
2026-07-31T17:40:00.000,1.55,116.48,-0.69,1.39
2026-07-31T17:50:00.000,3.55,308.86,2.23,-2.77
2026-07-31T18:00:00.000,1.46,336.53,1.33,-0.58
2026-07-31T18:10:00.000,2.39,344.72,2.31,-0.63
2026-07-31T18:20:00.000,4.22,335.57,3.84,-1.75
2026-07-31T18:30:00.000,7.69,20.36,7.21,2.68
2026-07-31T18:40:00.000,6.32,25.7,5.69,2.74
2026-07-31T18:50:00.000,6.26,22.34,5.79,2.38
2026-07-31T19:00:00.000,3.47,25.04,3.14,1.47
2026-07-31T19:10:00.000,4.42,45.16,3.12,3.14
2026-07-31T19:20:00.000,2.76,36.91,2.2,1.66
2026-07-31T19:30:00.000,5.38,39.21,4.17,3.4
2026-07-31T19:40:00.000,5.65,49.06,3.7,4.27
2026-07-31T19:50:00.000,3.37,73.92,0.93,3.24
2026-07-31T20:00:00.000,0.41,83.39,0.05,0.41
2026-07-31T20:10:00.000,5.74,238.19,-3.03,-4.88
2026-07-31T20:20:00.000,4.47,291.95,1.67,-4.14
2026-07-31T20:30:00.000,7.6,341.99,7.23,-2.35
2026-07-31T20:40:00.000,4.21,246.85,-1.65,-3.87
2026-07-31T20:50:00.000,0.2,221.79,-0.15,-0.13
2026-07-31T21:00:00.000,0.07,279.67,0.01,-0.07
2026-07-31T21:10:00.000,5.5,199.43,-5.18,-1.83
2026-07-31T21:20:00.000,12.27,195.05,-11.84,-3.18
2026-07-31T21:30:00.000,14.05,197.02,-13.44,-4.11
2026-07-31T21:40:00.000,16.45,195.46,-15.85,-4.38
2026-07-31T21:50:00.000,19.02,198.14,-18.07,-5.92
2026-07-31T22:00:00.000,20.48,195.48,-19.74,-5.47
2026-07-31T22:10:00.000,20.15,195.93,-19.37,-5.53
2026-07-31T22:20:00.000,18.04,190.13,-17.76,-3.17
2026-07-31T22:30:00.000,19.66,189.05,-19.41,-3.09
2026-07-31T22:40:00.000,18.16,194.19,-17.61,-4.45
2026-07-31T22:50:00.000,17.22,188.82,-17.02,-2.64
2026-07-31T23:00:00.000,12.37,174.61,-12.31,1.16
2026-07-31T23:10:00.000,6.06,72.34,1.84,5.77
2026-07-31T23:20:00.000,23.17,64.4,10.01,20.9
2026-07-31T23:30:00.000,14.22,80.3,2.4,14.02
2026-07-31T23:40:00.000,11.25,81.12,1.74,11.12
2026-07-31T23:50:00.000,6.72,34.83,5.51,3.84
2026-08-01T00:00:00.000,15.28,48,10.23,11.36
2026-08-01T00:10:00.000,22.98,46.77,15.74,16.75
2026-08-01T00:20:00.000,24.99,44.54,17.81,17.53
2026-08-01T00:30:00.000,31.01,33.87,25.75,17.28
2026-08-01T00:40:00.000,30.88,31.42,26.35,16.1
2026-08-01T00:50:00.000,25.11,31.3,21.46,13.05
2026-08-01T01:00:00.000,27.39,43.56,19.85,18.88
2026-08-01T01:10:00.000,25.46,50.08,16.34,19.53
2026-08-01T01:20:00.000,27.5,50.85,17.36,21.33
2026-08-01T01:30:00.000,23.79,38.77,18.54,14.9
2026-08-01T01:40:00.000,20.12,25.13,18.21,8.54
2026-08-01T01:50:00.000,25.66,29.89,22.24,12.78
2026-08-01T02:00:00.000,25.46,38.28,19.99,15.77
2026-08-01T02:10:00.000,22.39,35.12,18.31,12.88
2026-08-01T02:20:00.000,19.45,29.06,17,9.45
2026-08-01T02:30:00.000,8.47,39.85,6.5,5.43
2026-08-01T02:40:00.000,20.72,35.54,16.86,12.04
2026-08-01T02:50:00.000,21.53,29.19,18.8,10.5
2026-08-01T03:00:00.000,21.62,35.72,17.55,12.62
2026-08-01T03:10:00.000,11.05,14.42,10.7,2.75
2026-08-01T03:20:00.000,11.71,12.94,11.41,2.62
2026-08-01T03:30:00.000,6.54,13.48,6.36,1.52
2026-08-01T03:40:00.000,1.09,330.45,0.95,-0.54
2026-08-01T03:50:00.000,6.47,207.72,-5.72,-3.01
2026-08-01T04:00:00.000,3.85,203.25,-3.54,-1.52
2026-08-01T04:10:00.000,6.15,139.24,-4.66,4.02
2026-08-01T04:20:00.000,1.94,149.57,-1.67,0.98
2026-08-01T04:30:00.000,4.04,226.67,-2.77,-2.94
2026-08-01T04:40:00.000,5.89,209.39,-5.13,-2.89
2026-08-01T04:50:00.000,11.33,170.79,-11.18,1.81
2026-08-01T05:00:00.000,7.93,205.33,-7.17,-3.39
2026-08-01T05:10:00.000,4.63,199.44,-4.37,-1.54
2026-08-01T05:20:00.000,6.15,358.32,6.15,-0.18
2026-08-01T05:30:00.000,0.96,49.04,0.63,0.72
2026-08-01T05:40:00.000,0.1,306.84,0.06,-0.08
2026-08-01T05:50:00.000,2.25,208.94,-1.97,-1.09
2026-08-01T06:00:00.000,1.34,205.17,-1.21,-0.57
2026-08-01T06:10:00.000,8.52,211.86,-7.24,-4.5
2026-08-01T06:20:00.000,14.36,205.85,-12.93,-6.26
2026-08-01T06:30:00.000,9.26,209.2,-8.08,-4.52
2026-08-01T06:40:00.000,6.26,194.85,-6.05,-1.61
2026-08-01T06:50:00.000,4.76,180.11,-4.76,-0.01
2026-08-01T07:00:00.000,7.15,177.89,-7.15,0.26
2026-08-01T07:10:00.000,5.9,211.73,-5.02,-3.1
2026-08-01T07:20:00.000,10.7,209.84,-9.28,-5.32
2026-08-01T07:30:00.000,9.88,208.14,-8.71,-4.66
2026-08-01T07:40:00.000,8.24,222.29,-6.09,-5.54
2026-08-01T07:50:00.000,9.77,220.92,-7.38,-6.4
2026-08-01T08:00:00.000,13.39,202.6,-12.36,-5.15
2026-08-01T08:10:00.000,14.58,197.95,-13.87,-4.49
2026-08-01T08:20:00.000,19.3,195.38,-18.61,-5.12
2026-08-01T08:30:00.000,27.42,197.68,-26.12,-8.32
2026-08-01T08:40:00.000,38.03,190.29,-37.41,-6.79
2026-08-01T08:50:00.000,44.62,190.9,-43.81,-8.44
2026-08-01T09:00:00.000,50.88,195.17,-49.11,-13.32
2026-08-01T09:10:00.000,47.28,195.59,-45.54,-12.71
2026-08-01T09:20:00.000,43.12,187.48,-42.75,-5.62
2026-08-01T09:30:00.000,41.9,160.13,-39.41,14.25
2026-08-01T09:40:00.000,9.31,190.91,-9.15,-1.76
2026-08-01T09:50:00.000,10.72,268.3,-0.32,-10.71
2026-08-01T10:00:00.000,5.26,109.64,-1.77,4.95
2026-08-01T10:10:00.000,39.33,47.8,26.42,29.14
2026-08-01T10:20:00.000,33.19,60.36,16.41,28.85
2026-08-01T10:30:00.000,15.36,60.49,7.57,13.37
2026-08-01T10:40:00.000,6.08,86.02,0.42,6.07
2026-08-01T10:50:00.000,0.94,59.05,0.48,0.8
2026-08-01T11:00:00.000,4.79,67.02,1.87,4.41
2026-08-01T11:10:00.000,6.68,42.47,4.93,4.51
2026-08-01T11:20:00.000,7.24,23.47,6.64,2.88
2026-08-01T11:30:00.000,10.75,30.77,9.23,5.5
2026-08-01T11:40:00.000,8.24,38.18,6.48,5.09
2026-08-01T11:50:00.000,17.11,54.47,9.94,13.92
2026-08-01T12:00:00.000,14.89,65.27,6.23,13.52
2026-08-01T12:10:00.000,9.42,33.5,7.86,5.2
2026-08-01T12:20:00.000,18.56,7.05,18.41,2.28
2026-08-01T12:30:00.000,20.86,355.59,20.8,-1.6
2026-08-01T12:40:00.000,21.8,23.11,20.05,8.55
2026-08-01T12:50:00.000,23.97,28.57,21.05,11.46
2026-08-01T13:00:00.000,28.54,34.14,23.62,16.02
2026-08-01T13:10:00.000,21.52,32.41,18.17,11.53
2026-08-01T13:20:00.000,19.67,6.68,19.54,2.29
2026-08-01T13:30:00.000,15.23,7.73,15.09,2.05
2026-08-01T13:40:00.000,12.66,39.16,9.82,8
2026-08-01T13:50:00.000,15.89,40.95,12,10.42
2026-08-01T14:00:00.000,18.06,38.52,14.13,11.25
2026-08-01T14:10:00.000,16.33,31.38,13.94,8.5
2026-08-01T14:20:00.000,15.04,27.23,13.37,6.88
2026-08-01T14:30:00.000,16.11,15.5,15.52,4.31
2026-08-01T14:40:00.000,13.58,14.51,13.15,3.4
2026-08-01T14:50:00.000,10.5,22.25,9.71,3.97
2026-08-01T15:00:00.000,11.83,54.98,6.79,9.69
2026-08-01T15:10:00.000,16.51,83.25,1.94,16.39
2026-08-01T15:20:00.000,13.16,92.86,-0.66,13.15
2026-08-01T15:30:00.000,8.85,89.71,0.05,8.85
2026-08-01T15:40:00.000,3.13,56.77,1.71,2.61
2026-08-01T15:50:00.000,1.97,281.89,0.41,-1.93
2026-08-01T16:00:00.000,4.09,222.6,-3.01,-2.77
2026-08-01T16:10:00.000,13,214.42,-10.72,-7.35
2026-08-01T16:20:00.000,13.53,206.81,-12.07,-6.1
2026-08-01T16:30:00.000,16.27,203.22,-14.95,-6.42
2026-08-01T16:40:00.000,16.9,202.2,-15.64,-6.38
2026-08-01T16:50:00.000,20.89,196.89,-19.99,-6.07
2026-08-01T17:00:00.000,11.96,204.01,-10.93,-4.87
2026-08-01T17:10:00.000,11.69,196.19,-11.22,-3.26
2026-08-01T17:20:00.000,8.41,196.8,-8.05,-2.43
2026-08-01T17:30:00.000,7.59,211.36,-6.49,-3.95
2026-08-01T17:40:00.000,7.86,222.97,-5.75,-5.36
2026-08-01T17:50:00.000,1.82,171.94,-1.8,0.26
2026-08-01T18:00:00.000,4.94,129.51,-3.14,3.81
2026-08-01T18:10:00.000,0.38,58.55,0.2,0.32
2026-08-01T18:20:00.000,1.19,346.76,1.15,-0.27
2026-08-01T18:30:00.000,2.78,346.31,2.7,-0.66
2026-08-01T18:40:00.000,7.84,331.13,6.86,-3.78
2026-08-01T18:50:00.000,2.25,351.46,2.23,-0.33
2026-08-01T19:00:00.000,2.47,359.35,2.47,-0.03
2026-08-01T19:10:00.000,0.34,7.04,0.33,0.04
2026-08-01T19:20:00.000,0.42,61.12,0.2,0.37
2026-08-01T19:30:00.000,0.34,60.03,0.17,0.3
2026-08-01T19:40:00.000,3.22,142.18,-2.54,1.97
2026-08-01T19:50:00.000,0.86,121.76,-0.45,0.73
2026-08-01T20:00:00.000,0.54,94.75,-0.04,0.54
2026-08-01T20:10:00.000,1.47,74.89,0.38,1.42
2026-08-01T20:20:00.000,0.43,28.72,0.38,0.21
2026-08-01T20:30:00.000,3.31,104.49,-0.83,3.2
2026-08-01T20:40:00.000,3.85,161.38,-3.65,1.23
2026-08-01T20:50:00.000,2.88,174.68,-2.86,0.27
2026-08-01T21:00:00.000,0.55,209.91,-0.48,-0.28
2026-08-01T21:10:00.000,4.39,293.74,1.77,-4.02
2026-08-01T21:20:00.000,0.45,339.76,0.42,-0.16
2026-08-01T21:30:00.000,2.8,64.71,1.19,2.53
2026-08-01T21:40:00.000,1.63,260.15,-0.28,-1.61
2026-08-01T21:50:00.000,2.53,230.91,-1.6,-1.97
2026-08-01T22:00:00.000,2.77,179.18,-2.77,0.04
2026-08-01T22:10:00.000,1.58,133.92,-1.1,1.14
2026-08-01T22:20:00.000,0.41,123.12,-0.22,0.34
2026-08-01T22:30:00.000,1.37,119.41,-0.67,1.19
2026-08-01T22:40:00.000,10.05,149.08,-8.62,5.16
2026-08-01T22:50:00.000,20.62,169.53,-20.27,3.75
2026-08-01T23:00:00.000,22.33,165.03,-21.57,5.77
2026-08-01T23:10:00.000,0.35,196.2,-0.33,-0.1
2026-08-01T23:20:00.000,0.81,340.7,0.76,-0.27
2026-08-01T23:30:00.000,5.78,294.81,2.43,-5.25
2026-08-01T23:40:00.000,5.32,349.1,5.23,-1.01
2026-08-01T23:50:00.000,4.49,321.34,3.51,-2.8
2026-08-02T00:00:00.000,11.06,41.45,8.29,7.32
2026-08-02T00:10:00.000,6.28,38.32,4.92,3.89
2026-08-02T00:20:00.000,8.17,35.46,6.65,4.74
2026-08-02T00:30:00.000,7.61,17.78,7.24,2.32
2026-08-02T00:40:00.000,17.34,22.71,16,6.7
2026-08-02T00:50:00.000,18.57,35.46,15.12,10.77
2026-08-02T01:00:00.000,16.15,46.8,11.05,11.77
2026-08-02T01:10:00.000,18.8,37.55,14.91,11.46
2026-08-02T01:20:00.000,21.28,33.65,17.72,11.8
2026-08-02T01:30:00.000,24.58,64.94,10.41,22.27
2026-08-02T01:40:00.000,7.34,54.06,4.31,5.94
2026-08-02T01:50:00.000,17.7,22.02,16.41,6.64
2026-08-02T02:00:00.000,16.61,27.93,14.67,7.78
2026-08-02T02:10:00.000,13.53,58.38,7.09,11.52
2026-08-02T02:20:00.000,9.63,81.71,1.39,9.53
2026-08-02T02:30:00.000,6.39,32.36,5.39,3.42
2026-08-02T02:40:00.000,13.06,28.74,11.45,6.28
2026-08-02T02:50:00.000,4.33,32.74,3.64,2.34
2026-08-02T03:00:00.000,15.37,211.58,-13.1,-8.05
2026-08-02T03:10:00.000,11.97,214.43,-9.88,-6.77
2026-08-02T03:20:00.000,18.08,221.08,-13.63,-11.88
2026-08-02T03:30:00.000,17.72,216.45,-14.25,-10.53
2026-08-02T03:40:00.000,19.45,204.61,-17.68,-8.1
2026-08-02T03:50:00.000,20.36,202.86,-18.76,-7.91
2026-08-02T04:00:00.000,12.35,203.99,-11.28,-5.02
2026-08-02T04:10:00.000,18.87,202.34,-17.45,-7.17
2026-08-02T04:20:00.000,19.7,193.89,-19.12,-4.73
2026-08-02T04:30:00.000,19.19,192.19,-18.76,-4.05
2026-08-02T04:40:00.000,16,186.19,-15.9,-1.73
2026-08-02T04:50:00.000,21.78,191.08,-21.37,-4.19
2026-08-02T05:00:00.000,20.42,209.08,-17.84,-9.92
2026-08-02T05:10:00.000,23.25,196.23,-22.32,-6.5
2026-08-02T05:20:00.000,25.97,175.36,-25.89,2.1
2026-08-02T05:30:00.000,28.6,178,-28.58,1
2026-08-02T05:40:00.000,18.86,198.76,-17.86,-6.07
2026-08-02T05:50:00.000,11.54,231.88,-7.12,-9.08
2026-08-02T06:00:00.000,5.9,14.7,5.7,1.5
2026-08-02T06:10:00.000,1.63,255.15,-0.42,-1.58
2026-08-02T06:20:00.000,2.72,310.26,1.76,-2.07
2026-08-02T06:30:00.000,9.57,176.08,-9.55,0.65
2026-08-02T06:40:00.000,16.97,169.61,-16.69,3.06
2026-08-02T06:50:00.000,14.22,184.92,-14.16,-1.22
2026-08-02T07:00:00.000,16.26,196.71,-15.58,-4.68
2026-08-02T07:10:00.000,15.4,183.6,-15.37,-0.97
2026-08-02T07:20:00.000,13.71,190.75,-13.47,-2.56
2026-08-02T07:30:00.000,9.74,196.45,-9.35,-2.76
2026-08-02T07:40:00.000,8.78,207.46,-7.79,-4.05
2026-08-02T07:50:00.000,6.05,196.97,-5.79,-1.77
2026-08-02T08:00:00.000,8.92,200.91,-8.33,-3.18
2026-08-02T08:10:00.000,12.75,195.39,-12.3,-3.38
2026-08-02T08:20:00.000,21.33,191.2,-20.92,-4.14
2026-08-02T08:30:00.000,24.78,180.77,-24.78,-0.33
2026-08-02T08:40:00.000,28.77,182.58,-28.74,-1.3
2026-08-02T08:50:00.000,26.16,185.32,-26.05,-2.43
2026-08-02T09:00:00.000,23.7,177.25,-23.68,1.14
2026-08-02T09:10:00.000,13.86,168.98,-13.61,2.65
2026-08-02T09:20:00.000,13.9,149.03,-11.91,7.15
2026-08-02T09:30:00.000,6.77,183.58,-6.76,-0.42
2026-08-02T09:40:00.000,11.11,246,-4.52,-10.15
2026-08-02T09:50:00.000,7.29,221.53,-5.45,-4.83
2026-08-02T10:00:00.000,16.75,60.91,8.14,14.63
2026-08-02T10:10:00.000,11.39,79.61,2.05,11.2
2026-08-02T10:20:00.000,1.46,62.54,0.67,1.29
2026-08-02T10:30:00.000,6.47,170.59,-6.38,1.06
2026-08-02T10:40:00.000,19.66,148.38,-16.74,10.31
2026-08-02T10:50:00.000,8.77,109.86,-2.98,8.25
2026-08-02T11:00:00.000,3.36,32.07,2.85,1.79
2026-08-02T11:10:00.000,15.57,52.62,9.45,12.37
2026-08-02T11:20:00.000,21.75,24.94,19.72,9.17
2026-08-02T11:30:00.000,17.44,347.83,17.05,-3.68
2026-08-02T11:40:00.000,27.74,14.47,26.86,6.93
2026-08-02T11:50:00.000,26.65,57.56,14.3,22.49
2026-08-02T12:00:00.000,25.43,41.82,18.95,16.96
2026-08-02T12:10:00.000,24.54,30.7,21.1,12.53
2026-08-02T12:20:00.000,18.06,23.61,16.55,7.23
2026-08-02T12:30:00.000,28.73,26.74,25.66,12.93
2026-08-02T12:40:00.000,28.37,23.51,26.01,11.32
2026-08-02T12:50:00.000,22.43,26.45,20.08,9.99
2026-08-02T13:00:00.000,19.05,17.23,18.2,5.64
2026-08-02T13:10:00.000,3.95,29.53,3.44,1.95
2026-08-02T13:20:00.000,17.3,67.93,6.5,16.03
2026-08-02T13:30:00.000,10.13,53.6,6.01,8.15
2026-08-02T13:40:00.000,5.39,81.52,0.79,5.33
2026-08-02T13:50:00.000,2.19,240.57,-1.08,-1.91
2026-08-02T14:00:00.000,3.35,306.19,1.98,-2.7
2026-08-02T14:10:00.000,0.71,77.51,0.15,0.69
2026-08-02T14:20:00.000,6.62,93.81,-0.44,6.6
2026-08-02T14:30:00.000,3.37,187.83,-3.34,-0.46
2026-08-02T14:40:00.000,2.79,203.73,-2.56,-1.12
2026-08-02T14:50:00.000,7.41,244.69,-3.17,-6.7
2026-08-02T15:00:00.000,15.99,229.86,-10.31,-12.23
2026-08-02T15:10:00.000,10.6,218.26,-8.32,-6.56
2026-08-02T15:20:00.000,7.84,191.57,-7.68,-1.57
2026-08-02T15:30:00.000,9.34,185.09,-9.3,-0.83
2026-08-02T15:40:00.000,11.86,211.67,-10.1,-6.23
2026-08-02T15:50:00.000,12.16,186.74,-12.08,-1.43
2026-08-02T16:00:00.000,8.26,198.91,-7.81,-2.68
2026-08-02T16:10:00.000,2.67,228.37,-1.77,-1.99
2026-08-02T16:20:00.000,7.01,272.74,0.33,-7
2026-08-02T16:30:00.000,4,260.1,-0.69,-3.94
2026-08-02T16:40:00.000,1.26,190.81,-1.24,-0.24
2026-08-02T16:50:00.000,4.93,158.89,-4.6,1.78
2026-08-02T17:00:00.000,11.59,173.63,-11.52,1.29
2026-08-02T17:10:00.000,21.02,172.82,-20.85,2.63
2026-08-02T17:20:00.000,22.6,182.67,-22.58,-1.05
2026-08-02T17:30:00.000,23.05,218.94,-17.93,-14.49
2026-08-02T17:40:00.000,11.92,224.78,-8.46,-8.4
2026-08-02T17:50:00.000,10.75,221.28,-8.08,-7.1
2026-08-02T18:00:00.000,11.44,188.82,-11.31,-1.75
2026-08-02T18:10:00.000,13.35,198.84,-12.64,-4.31
2026-08-02T18:20:00.000,15.92,185.48,-15.85,-1.52
2026-08-02T18:30:00.000,23.64,190.45,-23.24,-4.29
2026-08-02T18:40:00.000,31.83,195.35,-30.69,-8.42
2026-08-02T18:50:00.000,39.62,183.7,-39.54,-2.56
2026-08-02T19:00:00.000,44.35,184.39,-44.22,-3.39
2026-08-02T19:10:00.000,36.98,192.75,-36.07,-8.16
2026-08-02T19:20:00.000,39.54,194.45,-38.29,-9.87
2026-08-02T19:30:00.000,35.57,185.14,-35.43,-3.19
2026-08-02T19:40:00.000,30.44,175.39,-30.35,2.45
2026-08-02T19:50:00.000,26.29,173.28,-26.11,3.08
2026-08-02T20:00:00.000,20.6,171.97,-20.4,2.88
2026-08-02T20:10:00.000,7.76,164.07,-7.46,2.13
2026-08-02T20:20:00.000,0.84,122.56,-0.45,0.7
2026-08-02T20:30:00.000,1.25,14.74,1.2,0.32
2026-08-02T20:40:00.000,14.97,40.24,11.43,9.67
2026-08-02T20:50:00.000,5.17,47.6,3.49,3.82
2026-08-02T21:00:00.000,6.34,48.7,4.18,4.76
2026-08-02T21:10:00.000,0.31,292.32,0.12,-0.29
2026-08-02T21:20:00.000,0.73,340.03,0.69,-0.25
2026-08-02T21:30:00.000,1.81,11.56,1.78,0.36
2026-08-02T21:40:00.000,5.18,359.71,5.18,-0.03
2026-08-02T21:50:00.000,2.86,9.75,2.82,0.48
2026-08-02T22:00:00.000,7.16,19.24,6.76,2.36
2026-08-02T22:10:00.000,16.29,35.09,13.33,9.37
2026-08-02T22:20:00.000,18.73,26.53,16.76,8.37
2026-08-02T22:30:00.000,22.4,23.29,20.57,8.86
2026-08-02T22:40:00.000,20.31,27.62,18,9.41
2026-08-02T22:50:00.000,21.27,25.22,19.25,9.07
2026-08-02T23:00:00.000,16.24,28.23,14.31,7.68
2026-08-02T23:10:00.000,13.6,24.3,12.39,5.6
2026-08-02T23:20:00.000,11.89,6.85,11.81,1.42
2026-08-02T23:30:00.000,8.95,22.26,8.28,3.39
2026-08-02T23:40:00.000,7.55,19.73,7.11,2.55
2026-08-02T23:50:00.000,2.44,17.89,2.33,0.75
2026-08-03T00:00:00.000,2.78,303.2,1.52,-2.33
2026-08-03T00:10:00.000,1.87,244.93,-0.79,-1.7
2026-08-03T00:20:00.000,0.81,65.97,0.33,0.74
2026-08-03T00:30:00.000,5.46,106.66,-1.56,5.23
2026-08-03T00:40:00.000,3.16,63.86,1.39,2.84
2026-08-03T00:50:00.000,4.62,80.98,0.72,4.56
2026-08-03T01:00:00.000,5.31,62.23,2.48,4.7
2026-08-03T01:10:00.000,6.52,12.38,6.37,1.4
2026-08-03T01:20:00.000,2.32,318.77,1.75,-1.53
2026-08-03T01:30:00.000,0.21,29.36,0.19,0.1
2026-08-03T01:40:00.000,0.2,110.36,-0.07,0.19
2026-08-03T01:50:00.000,5.04,166.42,-4.9,1.18
2026-08-03T02:00:00.000,8.23,198.5,-7.81,-2.61
2026-08-03T02:10:00.000,10.38,197.96,-9.87,-3.2
2026-08-03T02:20:00.000,8.37,209.68,-7.27,-4.14
2026-08-03T02:30:00.000,9.26,212.94,-7.77,-5.04
2026-08-03T02:40:00.000,7.7,239.78,-3.88,-6.66
2026-08-03T02:50:00.000,4.46,234.59,-2.58,-3.63
2026-08-03T03:00:00.000,2.06,267.6,-0.09,-2.06
2026-08-03T03:10:00.000,0.42,215.23,-0.34,-0.24
2026-08-03T03:20:00.000,4.64,8.58,4.59,0.69
2026-08-03T03:30:00.000,0.58,62.01,0.27,0.52
2026-08-03T03:40:00.000,0.34,112.64,-0.13,0.31
2026-08-03T03:50:00.000,5.32,142.66,-4.23,3.23
2026-08-03T04:00:00.000,8.16,148.8,-6.98,4.23
2026-08-03T04:10:00.000,7.5,149.17,-6.44,3.84
2026-08-03T04:20:00.000,5.47,181.59,-5.47,-0.15
2026-08-03T04:30:00.000,1.37,167.6,-1.33,0.29
2026-08-03T04:40:00.000,0.48,166.96,-0.46,0.11
2026-08-03T04:50:00.000,0.54,152.82,-0.48,0.25
2026-08-03T05:00:00.000,4.52,2.91,4.51,0.23
2026-08-03T05:10:00.000,5.02,21.88,4.66,1.87
2026-08-03T05:20:00.000,3.76,54.77,2.17,3.07
2026-08-03T05:30:00.000,4.23,50.5,2.69,3.26
2026-08-03T05:40:00.000,3.54,62.7,1.62,3.14
2026-08-03T05:50:00.000,1.8,160.5,-1.69,0.6
2026-08-03T06:00:00.000,3.08,224.95,-2.18,-2.17
2026-08-03T06:10:00.000,6.71,270.99,0.12,-6.71
2026-08-03T06:20:00.000,7.62,258.74,-1.49,-7.48
2026-08-03T06:30:00.000,4.85,258.3,-0.98,-4.75
2026-08-03T06:40:00.000,4.08,225.51,-2.86,-2.91
2026-08-03T06:50:00.000,2.11,195.31,-2.03,-0.56
2026-08-03T07:00:00.000,1.26,164.92,-1.22,0.33
2026-08-03T07:10:00.000,4.97,154.99,-4.51,2.1
2026-08-03T07:20:00.000,5.66,167.59,-5.53,1.22
2026-08-03T07:30:00.000,5.65,157.92,-5.23,2.12
2026-08-03T07:40:00.000,8.4,152.77,-7.47,3.84
2026-08-03T07:50:00.000,12.28,149.64,-10.6,6.21
2026-08-03T08:00:00.000,10.32,151.25,-9.05,4.96
2026-08-03T08:10:00.000,19.55,160.69,-18.45,6.47
2026-08-03T08:20:00.000,24.81,167.04,-24.18,5.56
2026-08-03T08:30:00.000,23.49,205.98,-21.12,-10.29
2026-08-03T08:40:00.000,28.64,209.69,-24.88,-14.19
2026-08-03T08:50:00.000,32.25,217.98,-25.42,-19.84
2026-08-03T09:00:00.000,30.01,216.02,-24.28,-17.65
2026-08-03T09:10:00.000,28.31,207.7,-25.06,-13.16
2026-08-03T09:20:00.000,32.8,196.38,-31.47,-9.25
2026-08-03T09:30:00.000,36.94,199.61,-34.8,-12.4
2026-08-03T09:40:00.000,33.82,198.93,-31.99,-10.97
2026-08-03T09:50:00.000,35.91,189.81,-35.39,-6.12
2026-08-03T10:00:00.000,35.64,178,-35.61,1.24
2026-08-03T10:10:00.000,23.37,170.76,-23.07,3.75
2026-08-03T10:20:00.000,10.64,123.54,-5.88,8.87
2026-08-03T10:30:00.000,12.5,45.96,8.69,8.98
2026-08-03T10:40:00.000,9.2,60.99,4.46,8.04
2026-08-03T10:50:00.000,16.93,44.18,12.14,11.8
2026-08-03T11:00:00.000,24.34,48.21,16.22,18.15
2026-08-03T11:10:00.000,22.32,52.35,13.63,17.67
2026-08-03T11:20:00.000,18.27,33.35,15.26,10.04
2026-08-03T11:30:00.000,25.7,32.23,21.74,13.7
2026-08-03T11:40:00.000,25.71,55.88,14.42,21.28
2026-08-03T11:50:00.000,17.31,33.41,14.45,9.53
2026-08-03T12:00:00.000,21.07,31.69,17.93,11.07
2026-08-03T12:10:00.000,4.8,31.96,4.08,2.54
2026-08-03T12:20:00.000,19.6,33.67,16.31,10.86
2026-08-03T12:30:00.000,10.67,10.54,10.49,1.95
2026-08-03T12:40:00.000,8.86,346,8.59,-2.14
2026-08-03T12:50:00.000,8.05,332.85,7.17,-3.68
2026-08-03T13:00:00.000,4.94,298.28,2.34,-4.35
2026-08-03T13:10:00.000,3.85,191.05,-3.78,-0.74
2026-08-03T13:20:00.000,9.17,144.37,-7.45,5.34
2026-08-03T13:30:00.000,2.23,146.54,-1.86,1.23
2026-08-03T13:40:00.000,1.79,248.64,-0.65,-1.67
2026-08-03T13:50:00.000,1.12,207.62,-0.99,-0.52
2026-08-03T14:00:00.000,4.61,36.27,3.72,2.73
2026-08-03T14:10:00.000,7.49,42.59,5.51,5.07
2026-08-03T14:20:00.000,6.08,24.62,5.53,2.53
2026-08-03T14:30:00.000,6.29,348.67,6.17,-1.24
2026-08-03T14:40:00.000,4.57,1.52,4.56,0.12
2026-08-03T14:50:00.000,0.4,80.24,0.07,0.4
2026-08-03T15:00:00.000,1.53,84.39,0.15,1.53
2026-08-03T15:10:00.000,3.02,10.56,2.97,0.55
2026-08-03T15:20:00.000,5.42,2.67,5.42,0.25
2026-08-03T15:30:00.000,3.84,324.9,3.14,-2.21
2026-08-03T15:40:00.000,2.32,331.53,2.04,-1.11
2026-08-03T15:50:00.000,0.08,208.58,-0.07,-0.04
2026-08-03T16:00:00.000,0.11,119.92,-0.06,0.1
2026-08-03T16:10:00.000,0.26,135.3,-0.18,0.18
2026-08-03T16:20:00.000,0.45,144.32,-0.37,0.26
2026-08-03T16:30:00.000,8.78,184.55,-8.76,-0.7
2026-08-03T16:40:00.000,16.28,187.92,-16.13,-2.24
2026-08-03T16:50:00.000,22.07,187.27,-21.9,-2.79
2026-08-03T17:00:00.000,20.58,179.15,-20.58,0.3
2026-08-03T17:10:00.000,16.06,193.2,-15.64,-3.67
2026-08-03T17:20:00.000,16.77,218.44,-13.13,-10.42
2026-08-03T17:30:00.000,13.22,228.8,-8.71,-9.95
2026-08-03T17:40:00.000,12.89,209.86,-11.18,-6.41
2026-08-03T17:50:00.000,14.56,212.3,-12.31,-7.78
2026-08-03T18:00:00.000,20.18,186.84,-20.04,-2.41
2026-08-03T18:10:00.000,18.87,198.52,-17.89,-5.99
2026-08-03T18:20:00.000,15.03,215.07,-12.31,-8.64
2026-08-03T18:30:00.000,17.78,197.65,-16.95,-5.39
2026-08-03T18:40:00.000,17.69,189.29,-17.45,-2.85
2026-08-03T18:50:00.000,17.8,186.51,-17.69,-2.02
2026-08-03T19:00:00.000,14.45,199.64,-13.61,-4.86
2026-08-03T19:10:00.000,18.74,210.36,-16.17,-9.47
2026-08-03T19:20:00.000,24.45,196.54,-23.44,-6.96
2026-08-03T19:30:00.000,25.78,197.08,-24.64,-7.57
2026-08-03T19:40:00.000,23.39,203.52,-21.45,-9.33
2026-08-03T19:50:00.000,16.64,209.78,-14.44,-8.27
2026-08-03T20:00:00.000,12.26,214.91,-10.06,-7.02
2026-08-03T20:10:00.000,6.32,296.08,2.78,-5.67
2026-08-03T20:20:00.000,1.54,44.5,1.1,1.08
2026-08-03T20:30:00.000,4.2,58.17,2.22,3.57
2026-08-03T20:40:00.000,0.22,121.96,-0.12,0.19
2026-08-03T20:50:00.000,0.25,191.29,-0.24,-0.05
2026-08-03T21:00:00.000,0.61,355.99,0.61,-0.04
2026-08-03T21:10:00.000,0.52,124.54,-0.3,0.43
2026-08-03T21:20:00.000,3.41,182.09,-3.41,-0.12
2026-08-03T21:30:00.000,10.37,188.57,-10.26,-1.54
2026-08-03T21:40:00.000,21.28,199.47,-20.07,-7.09
2026-08-03T21:50:00.000,25.54,194.54,-24.72,-6.41
2026-08-03T22:00:00.000,25.41,191.33,-24.92,-4.99
2026-08-03T22:10:00.000,26.13,182.55,-26.1,-1.16
2026-08-03T22:20:00.000,28.58,177.73,-28.56,1.13
2026-08-03T22:30:00.000,28.79,184.68,-28.69,-2.35
2026-08-03T22:40:00.000,20.69,189.86,-20.39,-3.54
2026-08-03T22:50:00.000,18.14,170.82,-17.9,2.89
2026-08-03T23:00:00.000,4.55,156.86,-4.19,1.79
2026-08-03T23:10:00.000,6.92,220.86,-5.23,-4.53
2026-08-03T23:20:00.000,6.66,62.41,3.09,5.91
2026-08-03T23:30:00.000,24.51,69.76,8.48,23
2026-08-03T23:40:00.000,28.39,65.52,11.77,25.84
2026-08-03T23:50:00.000,26.19,56.51,14.45,21.84
2026-08-04T00:00:00.000,24.86,54.86,14.31,20.33
2026-08-04T00:10:00.000,22.4,81.52,3.3,22.15
2026-08-04T00:20:00.000,0.47,103.38,-0.11,0.45
2026-08-04T00:30:00.000,6.39,334.71,5.78,-2.73
2026-08-04T00:40:00.000,22.92,18.08,21.79,7.11
2026-08-04T00:50:00.000,23.45,25.2,21.22,9.98
2026-08-04T01:00:00.000,17.01,21.25,15.86,6.17
2026-08-04T01:10:00.000,15.44,18.35,14.66,4.86
2026-08-04T01:20:00.000,13.02,26.4,11.66,5.79
2026-08-04T01:30:00.000,21.62,58.04,11.45,18.35
2026-08-04T01:40:00.000,17.72,38.94,13.78,11.14
2026-08-04T01:50:00.000,20.75,28.5,18.23,9.9
2026-08-04T02:00:00.000,13.57,342.5,12.94,-4.08
2026-08-04T02:10:00.000,10.13,319.8,7.74,-6.54
2026-08-04T02:20:00.000,0.68,226.38,-0.47,-0.49
2026-08-04T02:30:00.000,3.88,183.61,-3.87,-0.24
2026-08-04T02:40:00.000,0.51,116.33,-0.23,0.45
2026-08-04T02:50:00.000,2.64,119.09,-1.28,2.3
2026-08-04T03:00:00.000,1.3,142.3,-1.03,0.79
2026-08-04T03:10:00.000,0.36,112.93,-0.14,0.33
2026-08-04T03:20:00.000,0.23,338.61,0.21,-0.08
2026-08-04T03:30:00.000,4.52,306.27,2.67,-3.64
2026-08-04T03:40:00.000,5.44,243.39,-2.44,-4.87
2026-08-04T03:50:00.000,3.51,197.38,-3.35,-1.05
2026-08-04T04:00:00.000,3.52,205.69,-3.17,-1.53
2026-08-04T04:10:00.000,5.4,193.84,-5.24,-1.29
2026-08-04T04:20:00.000,5.6,193.88,-5.44,-1.34
2026-08-04T04:30:00.000,9.26,206.48,-8.29,-4.13
2026-08-04T04:40:00.000,15.72,185.75,-15.64,-1.57
2026-08-04T04:50:00.000,17.2,189.82,-16.95,-2.93
2026-08-04T05:00:00.000,13.73,201.31,-12.79,-4.99
2026-08-04T05:10:00.000,12.44,203.95,-11.37,-5.05
2026-08-04T05:20:00.000,2.94,327.65,2.49,-1.58
2026-08-04T05:30:00.000,6.28,306.46,3.73,-5.05
2026-08-04T05:40:00.000,2.94,324.61,2.4,-1.7
2026-08-04T05:50:00.000,2.06,225.24,-1.45,-1.46
2026-08-04T06:00:00.000,7.84,171.33,-7.75,1.18
2026-08-04T06:10:00.000,13.04,170.97,-12.87,2.05
2026-08-04T06:20:00.000,18.42,161.97,-17.51,5.7
2026-08-04T06:30:00.000,13.03,164.82,-12.58,3.41
2026-08-04T06:40:00.000,12.13,202.68,-11.19,-4.68
2026-08-04T06:50:00.000,12.02,225.44,-8.43,-8.56
2026-08-04T07:00:00.000,11.59,226.57,-7.97,-8.42
2026-08-04T07:10:00.000,8.48,239.89,-4.26,-7.34
2026-08-04T07:20:00.000,4.64,242.02,-2.18,-4.1
2026-08-04T07:30:00.000,3.92,189.58,-3.87,-0.65
2026-08-04T07:40:00.000,7.93,187.67,-7.86,-1.06
2026-08-04T07:50:00.000,10.63,191.06,-10.43,-2.04
2026-08-04T08:00:00.000,13.57,184.88,-13.53,-1.15
2026-08-04T08:10:00.000,14.16,179.23,-14.16,0.19
2026-08-04T08:20:00.000,16.46,178.91,-16.46,0.31
2026-08-04T08:30:00.000,12.49,181.83,-12.48,-0.4
2026-08-04T08:40:00.000,8.54,220.25,-6.52,-5.52
2026-08-04T08:50:00.000,11.01,272.19,0.42,-11.01
2026-08-04T09:00:00.000,5.26,268.11,-0.17,-5.26
2026-08-04T09:10:00.000,2.73,239.37,-1.39,-2.35
2026-08-04T09:20:00.000,1.19,191.45,-1.16,-0.24
2026-08-04T09:30:00.000,0.84,149.53,-0.72,0.43
2026-08-04T09:40:00.000,1.1,186.4,-1.09,-0.12
2026-08-04T09:50:00.000,0.62,192.43,-0.6,-0.13
2026-08-04T10:00:00.000,0.94,224.64,-0.67,-0.66
2026-08-04T10:10:00.000,0.44,226.88,-0.3,-0.32
2026-08-04T10:20:00.000,0.37,195.7,-0.36,-0.1
2026-08-04T10:30:00.000,1.09,250.28,-0.37,-1.02
2026-08-04T10:40:00.000,0.62,275.96,0.06,-0.62
2026-08-04T10:50:00.000,2.08,203.17,-1.91,-0.82
2026-08-04T11:00:00.000,6.73,179.18,-6.73,0.1
2026-08-04T11:10:00.000,7.56,170.36,-7.45,1.27
2026-08-04T11:20:00.000,12.83,163.43,-12.29,3.66
2026-08-04T11:30:00.000,17.53,175.68,-17.48,1.32
2026-08-04T11:40:00.000,19.47,180.14,-19.47,-0.05
2026-08-04T11:50:00.000,21.12,181.26,-21.11,-0.46
2026-08-04T12:00:00.000,22.37,183.37,-22.33,-1.31
2026-08-04T12:10:00.000,23.87,197.14,-22.81,-7.03
2026-08-04T12:20:00.000,23.8,208.48,-20.92,-11.35
2026-08-04T12:30:00.000,20.32,208.46,-17.86,-9.68
2026-08-04T12:40:00.000,20.6,190.68,-20.24,-3.82
2026-08-04T12:50:00.000,15.28,184.51,-15.24,-1.2
2026-08-04T13:00:00.000,8.38,188.99,-8.28,-1.31
2026-08-04T13:10:00.000,3.69,182.09,-3.68,-0.13
2026-08-04T13:20:00.000,2.76,49.57,1.79,2.1
2026-08-04T13:30:00.000,18.88,58.34,9.91,16.07
2026-08-04T13:40:00.000,12.66,55.85,7.11,10.47
2026-08-04T13:50:00.000,10.7,35.87,8.67,6.27
2026-08-04T14:00:00.000,6.68,56.76,3.66,5.58
2026-08-04T14:10:00.000,3.51,13.56,3.42,0.82
2026-08-04T14:20:00.000,3.42,13.26,3.33,0.78
2026-08-04T14:30:00.000,2.67,40.56,2.03,1.74
2026-08-04T14:40:00.000,0.63,51.01,0.4,0.49
2026-08-04T14:50:00.000,0.93,339.34,0.87,-0.33
2026-08-04T15:00:00.000,1,38.55,0.78,0.62
2026-08-04T15:10:00.000,1.4,114.27,-0.58,1.28
2026-08-04T15:20:00.000,4.17,143.1,-3.33,2.5
2026-08-04T15:30:00.000,4.09,206.93,-3.64,-1.85
2026-08-04T15:40:00.000,3.53,208.3,-3.11,-1.67
2026-08-04T15:50:00.000,2.84,229.35,-1.85,-2.16
2026-08-04T16:00:00.000,0.47,293.02,0.18,-0.43
2026-08-04T16:10:00.000,5.48,259.63,-0.99,-5.39
2026-08-04T16:20:00.000,5.24,205.47,-4.73,-2.25
2026-08-04T16:30:00.000,7.22,204.8,-6.55,-3.03
2026-08-04T16:40:00.000,8.75,207.38,-7.77,-4.03
2026-08-04T16:50:00.000,9.78,197.96,-9.3,-3.01
2026-08-04T17:00:00.000,6.75,190.67,-6.63,-1.25
2026-08-04T17:10:00.000,5.17,262.47,-0.68,-5.12
2026-08-04T17:20:00.000,3.2,208.45,-2.81,-1.52
2026-08-04T17:30:00.000,5.93,167.9,-5.8,1.24
2026-08-04T17:40:00.000,6.62,168.18,-6.48,1.36
2026-08-04T17:50:00.000,2.97,155.1,-2.69,1.25
2026-08-04T18:00:00.000,2.32,162.69,-2.21,0.69
2026-08-04T18:10:00.000,5.53,239.44,-2.81,-4.77
2026-08-04T18:20:00.000,8.46,157.13,-7.79,3.29
2026-08-04T18:30:00.000,7.83,196.62,-7.5,-2.24
2026-08-04T18:40:00.000,13.72,273.56,0.85,-13.69
2026-08-04T18:50:00.000,14.67,277.26,1.85,-14.55
2026-08-04T19:00:00.000,7.99,280.13,1.41,-7.87
2026-08-04T19:10:00.000,2.48,253.46,-0.71,-2.37
2026-08-04T19:20:00.000,2.34,287.22,0.69,-2.23
2026-08-04T19:30:00.000,0.41,166.91,-0.4,0.09
2026-08-04T19:40:00.000,1.81,181.3,-1.81,-0.04
2026-08-04T19:50:00.000,7.89,170.71,-7.79,1.27
2026-08-04T20:00:00.000,14.11,192.13,-13.8,-2.96
2026-08-04T20:10:00.000,10.11,196.17,-9.71,-2.81
2026-08-04T20:20:00.000,4.09,298.54,1.96,-3.6
2026-08-04T20:30:00.000,4.45,293.87,1.8,-4.07
2026-08-04T20:40:00.000,2.53,299.59,1.25,-2.2
2026-08-04T20:50:00.000,0.23,143.82,-0.19,0.14
2026-08-04T21:00:00.000,1.08,226.12,-0.75,-0.78
2026-08-04T21:10:00.000,0.97,211.3,-0.83,-0.5
2026-08-04T21:20:00.000,1.86,197.35,-1.78,-0.56
2026-08-04T21:30:00.000,5.87,128.63,-3.67,4.59
2026-08-04T21:40:00.000,8.73,130.35,-5.65,6.65
2026-08-04T21:50:00.000,4.3,163.24,-4.12,1.24
2026-08-04T22:00:00.000,7.03,163.77,-6.75,1.96
2026-08-04T22:10:00.000,7.6,199.85,-7.15,-2.58
2026-08-04T22:20:00.000,5.38,213.75,-4.47,-2.99
2026-08-04T22:30:00.000,3.7,237.92,-1.97,-3.14
2026-08-04T22:40:00.000,6.03,238.47,-3.15,-5.14
2026-08-04T22:50:00.000,7.4,222.18,-5.48,-4.97
2026-08-04T23:00:00.000,18.88,202.99,-17.38,-7.37
2026-08-04T23:10:00.000,32.66,190.83,-32.08,-6.14
2026-08-04T23:20:00.000,32.95,186.88,-32.71,-3.95
2026-08-04T23:30:00.000,36.79,192.34,-35.94,-7.86
2026-08-04T23:40:00.000,40.09,186.08,-39.87,-4.25
2026-08-04T23:50:00.000,42.49,187.7,-42.1,-5.69
2026-08-05T00:00:00.000,45.86,190.84,-45.04,-8.62
2026-08-05T00:10:00.000,37.67,197.37,-35.95,-11.24
2026-08-05T00:20:00.000,31.41,180.53,-31.41,-0.29
2026-08-05T00:30:00.000,33.23,158.2,-30.86,12.34
2026-08-05T00:40:00.000,6.12,4.14,6.11,0.44
2026-08-05T00:50:00.000,25.58,66.58,10.17,23.47
2026-08-05T01:00:00.000,33.41,64.27,14.5,30.1
2026-08-05T01:10:00.000,34.32,69.86,11.82,32.22
2026-08-05T01:20:00.000,25.56,48.69,16.87,19.2
2026-08-05T01:30:00.000,33.14,47.52,22.38,24.44
2026-08-05T01:40:00.000,31.95,53.12,19.18,25.56
2026-08-05T01:50:00.000,21.29,32.75,17.91,11.52
2026-08-05T02:00:00.000,15.79,351.76,15.62,-2.26
2026-08-05T02:10:00.000,15.59,350.82,15.39,-2.49
2026-08-05T02:20:00.000,9.31,0.54,9.31,0.09
2026-08-05T02:30:00.000,4.76,87.86,0.18,4.76
2026-08-05T02:40:00.000,3.02,2.75,3.01,0.14
2026-08-05T02:50:00.000,4.68,295.23,1.99,-4.23
2026-08-05T03:00:00.000,8.26,312.58,5.59,-6.08
2026-08-05T03:10:00.000,4.35,294.81,1.83,-3.95
2026-08-05T03:20:00.000,1.76,216.44,-1.42,-1.04
2026-08-05T03:30:00.000,1.78,183.95,-1.77,-0.12
2026-08-05T03:40:00.000,3.56,193.73,-3.46,-0.84
2026-08-05T03:50:00.000,6.7,232.51,-4.08,-5.32
2026-08-05T04:00:00.000,22.47,195.1,-21.7,-5.85
2026-08-05T04:10:00.000,23.67,206.95,-21.1,-10.73
2026-08-05T04:20:00.000,20.28,224.62,-14.44,-14.25
2026-08-05T04:30:00.000,21.65,191.49,-21.22,-4.31
2026-08-05T04:40:00.000,33.06,163.05,-31.63,9.64
2026-08-05T04:50:00.000,24.48,178.79,-24.48,0.51
2026-08-05T05:00:00.000,14.7,188.63,-14.53,-2.21
2026-08-05T05:10:00.000,17.77,217.76,-14.05,-10.88
2026-08-05T05:20:00.000,9.8,232.54,-5.96,-7.78
2026-08-05T05:30:00.000,2.99,271.9,0.1,-2.99
2026-08-05T05:40:00.000,3.22,26.22,2.89,1.42
2026-08-05T05:50:00.000,4.53,127.16,-2.74,3.61
2026-08-05T06:00:00.000,12.76,165.07,-12.33,3.29
2026-08-05T06:10:00.000,14.04,204.19,-12.81,-5.75
2026-08-05T06:20:00.000,15.09,224.01,-10.85,-10.48
2026-08-05T06:30:00.000,12.94,228.66,-8.55,-9.71
2026-08-05T06:40:00.000,11.82,225.78,-8.25,-8.47
2026-08-05T06:50:00.000,7.31,220.08,-5.6,-4.71
2026-08-05T07:00:00.000,5.52,212.33,-4.67,-2.95
2026-08-05T07:10:00.000,5.47,213.64,-4.55,-3.03
2026-08-05T07:20:00.000,10.33,208.23,-9.11,-4.89
2026-08-05T07:30:00.000,7.47,211.6,-6.36,-3.92
2026-08-05T07:40:00.000,5.47,240.79,-2.67,-4.77
2026-08-05T07:50:00.000,7.95,259.68,-1.42,-7.82
2026-08-05T08:00:00.000,4.67,293.16,1.84,-4.3
2026-08-05T08:10:00.000,1.43,294.31,0.59,-1.31
2026-08-05T08:20:00.000,0.11,142.11,-0.08,0.07
2026-08-05T08:30:00.000,1.48,51.04,0.93,1.15
2026-08-05T08:40:00.000,3.72,58.46,1.95,3.17
2026-08-05T08:50:00.000,7.37,89.8,0.03,7.37
2026-08-05T09:00:00.000,7.01,77.84,1.48,6.85
2026-08-05T09:10:00.000,7.46,87.17,0.37,7.45
2026-08-05T09:20:00.000,5.11,50.57,3.25,3.95
2026-08-05T09:30:00.000,5.47,349.03,5.37,-1.04
2026-08-05T09:40:00.000,4.78,33.8,3.97,2.66
2026-08-05T09:50:00.000,3.16,58.02,1.67,2.68
2026-08-05T10:00:00.000,0.28,87.9,0.01,0.28
2026-08-05T10:10:00.000,0.72,142.21,-0.57,0.44
2026-08-05T10:20:00.000,0.72,184,-0.72,-0.05
2026-08-05T10:30:00.000,7.21,287.24,2.14,-6.89
2026-08-05T10:40:00.000,1.08,315.94,0.78,-0.75
2026-08-05T10:50:00.000,0.11,35.54,0.09,0.06
2026-08-05T11:00:00.000,1.01,142.62,-0.8,0.61
2026-08-05T11:10:00.000,7.15,171.52,-7.07,1.05
2026-08-05T11:20:00.000,20.04,182.8,-20.02,-0.98
2026-08-05T11:30:00.000,23.11,181.05,-23.11,-0.42
2026-08-05T11:40:00.000,29.14,189.69,-28.72,-4.9
2026-08-05T11:50:00.000,21.22,178.65,-21.21,0.5
2026-08-05T12:00:00.000,24.4,175.6,-24.33,1.87
2026-08-05T12:10:00.000,25.38,171.52,-25.1,3.74
2026-08-05T12:20:00.000,23.44,184.49,-23.36,-1.83
2026-08-05T12:30:00.000,22.61,186.37,-22.47,-2.51
2026-08-05T12:40:00.000,24.46,185.38,-24.35,-2.29
2026-08-05T12:50:00.000,20.52,181,-20.52,-0.36
2026-08-05T13:00:00.000,12.73,164.21,-12.25,3.46
2026-08-05T13:10:00.000,13.96,173.97,-13.88,1.46
2026-08-05T13:20:00.000,4.99,179.39,-4.99,0.05
2026-08-05T13:30:00.000,0.7,163.76,-0.67,0.2
2026-08-05T13:40:00.000,6.83,57.34,3.68,5.75
2026-08-05T13:50:00.000,6.23,66.72,2.46,5.73
2026-08-05T14:00:00.000,12.94,66.52,5.16,11.87
2026-08-05T14:10:00.000,16.89,52.68,10.24,13.43
2026-08-05T14:20:00.000,21.53,45.69,15.04,15.41
2026-08-05T14:30:00.000,24.07,36.44,19.36,14.3
2026-08-05T14:40:00.000,21.97,23.54,20.15,8.77
2026-08-05T14:50:00.000,7.47,2.23,7.47,0.29
2026-08-05T15:00:00.000,5.73,15.47,5.52,1.53
2026-08-05T15:10:00.000,0.11,85.58,0.01,0.11
2026-08-05T15:20:00.000,1.17,167.44,-1.14,0.25
2026-08-05T15:30:00.000,7.72,247.4,-2.96,-7.12
2026-08-05T15:40:00.000,7.38,244.28,-3.2,-6.65
2026-08-05T15:50:00.000,3.72,209.98,-3.22,-1.86
2026-08-05T16:00:00.000,4.18,169.01,-4.1,0.8
2026-08-05T16:10:00.000,3.81,255.02,-0.99,-3.68
2026-08-05T16:20:00.000,4.09,300.96,2.11,-3.51
2026-08-05T16:30:00.000,0.03,234.54,-0.02,-0.03
2026-08-05T16:40:00.000,2.01,339.65,1.88,-0.7
2026-08-05T16:50:00.000,3.13,20.13,2.94,1.08
2026-08-05T17:00:00.000,0.26,91.34,-0.01,0.26
2026-08-05T17:10:00.000,9.27,138.64,-6.96,6.13
2026-08-05T17:20:00.000,15.96,169.66,-15.7,2.86
2026-08-05T17:30:00.000,24.22,190.93,-23.78,-4.59
2026-08-05T17:40:00.000,22.67,194.49,-21.95,-5.67
2026-08-05T17:50:00.000,28.44,179.7,-28.44,0.15
2026-08-05T18:00:00.000,20.74,185.99,-20.63,-2.16
2026-08-05T18:10:00.000,2.82,311.75,1.88,-2.11
2026-08-05T18:20:00.000,7.6,4.7,7.57,0.62
2026-08-05T18:30:00.000,3.34,25.64,3.01,1.45
2026-08-05T18:40:00.000,1.32,79.61,0.24,1.3
2026-08-05T18:50:00.000,1.49,16.36,1.43,0.42
2026-08-05T19:00:00.000,4.33,340.86,4.09,-1.42
2026-08-05T19:10:00.000,1.69,243.91,-0.74,-1.52
2026-08-05T19:20:00.000,0.05,61.23,0.02,0.04
2026-08-05T19:30:00.000,0.65,288.58,0.21,-0.61
2026-08-05T19:40:00.000,0.26,114.17,-0.11,0.24
2026-08-05T19:50:00.000,0.72,110.57,-0.25,0.67
2026-08-05T20:00:00.000,6.12,117.58,-2.83,5.42
2026-08-05T20:10:00.000,8.32,103.89,-2,8.08
2026-08-05T20:20:00.000,1.24,93.55,-0.08,1.24
2026-08-05T20:30:00.000,0.64,77.46,0.14,0.63
2026-08-05T20:40:00.000,2.08,121.1,-1.07,1.78
2026-08-05T20:50:00.000,5.26,149.45,-4.53,2.67
2026-08-05T21:00:00.000,0.94,141.07,-0.73,0.59
2026-08-05T21:10:00.000,8.8,149.83,-7.61,4.42
2026-08-05T21:20:00.000,12.49,175.22,-12.44,1.04
2026-08-05T21:30:00.000,22.65,209.24,-19.77,-11.07
2026-08-05T21:40:00.000,40.72,189.41,-40.18,-6.66
2026-08-05T21:50:00.000,48.01,192.68,-46.84,-10.54
2026-08-05T22:00:00.000,29.76,194.65,-28.8,-7.53
2026-08-05T22:10:00.000,30.69,188.21,-30.37,-4.38
2026-08-05T22:20:00.000,32.92,181.37,-32.91,-0.79
2026-08-05T22:30:00.000,24.46,183.73,-24.41,-1.59
2026-08-05T22:40:00.000,19.77,146.88,-16.56,10.8
2026-08-05T22:50:00.000,42.79,43.3,31.14,29.35
2026-08-05T23:00:00.000,14.26,30.34,12.31,7.2
2026-08-05T23:10:00.000,12.88,46.18,8.92,9.3
2026-08-05T23:20:00.000,13.87,45.95,9.64,9.97
2026-08-05T23:30:00.000,21.45,76.77,4.91,20.88
2026-08-05T23:40:00.000,20.8,89.78,0.08,20.8
2026-08-05T23:50:00.000,14.81,48.56,9.81,11.1
2026-08-06T00:00:00.000,15.31,59.17,7.85,13.14
2026-08-06T00:10:00.000,12.18,87.26,0.58,12.16
2026-08-06T00:20:00.000,8.25,123.94,-4.6,6.84
2026-08-06T00:30:00.000,5.94,326.86,4.98,-3.25
2026-08-06T00:40:00.000,20.72,329.43,17.84,-10.54
2026-08-06T00:50:00.000,5.74,285.89,1.57,-5.52
2026-08-06T01:00:00.000,5.97,182.33,-5.96,-0.24
2026-08-06T01:10:00.000,15.84,154.97,-14.35,6.7
2026-08-06T01:20:00.000,28.57,162.32,-27.22,8.68
2026-08-06T01:30:00.000,18.78,189.63,-18.52,-3.14
2026-08-06T01:40:00.000,22.98,241.94,-10.81,-20.28
2026-08-06T01:50:00.000,18.68,222.55,-13.76,-12.63
2026-08-06T02:00:00.000,5.59,236.95,-3.05,-4.69
2026-08-06T02:10:00.000,9.65,258.06,-2,-9.44
2026-08-06T02:20:00.000,3.61,282.53,0.78,-3.53
2026-08-06T02:30:00.000,0.08,53.63,0.05,0.06
2026-08-06T02:40:00.000,4.58,142.8,-3.65,2.77
2026-08-06T02:50:00.000,10.64,239.49,-5.4,-9.17
2026-08-06T03:00:00.000,7.51,262.36,-1,-7.44
2026-08-06T03:10:00.000,4.42,203.99,-4.04,-1.8
2026-08-06T03:20:00.000,19.43,110.98,-6.95,18.14
2026-08-06T03:30:00.000,27.48,109.21,-9.04,25.95
2026-08-06T03:40:00.000,12.6,236.46,-6.96,-10.5
2026-08-06T03:50:00.000,11.33,263.32,-1.32,-11.25
2026-08-06T04:00:00.000,18.06,356.66,18.03,-1.05
2026-08-06T04:10:00.000,2.19,54.75,1.26,1.79
2026-08-06T04:20:00.000,3.18,276.54,0.36,-3.16
2026-08-06T04:30:00.000,2.2,294.44,0.91,-2
2026-08-06T04:40:00.000,0.63,22.62,0.58,0.24
2026-08-06T04:50:00.000,27.5,20.07,25.83,9.44
2026-08-06T05:00:00.000,26.39,45.19,18.6,18.73
2026-08-06T05:10:00.000,17.55,69.03,6.28,16.39
2026-08-06T05:20:00.000,9.51,69.12,3.39,8.89
2026-08-06T05:30:00.000,4.35,155.54,-3.96,1.8
2026-08-06T05:40:00.000,15.23,167.76,-14.89,3.23
2026-08-06T05:50:00.000,25.21,188.08,-24.96,-3.54
2026-08-06T06:00:00.000,16.91,187.74,-16.76,-2.28
2026-08-06T06:10:00.000,9.5,301.69,4.99,-8.08
2026-08-06T06:20:00.000,11.19,350.56,11.04,-1.83
2026-08-06T06:30:00.000,20.65,48.16,13.77,15.38
2026-08-06T06:40:00.000,29.26,101.31,-5.74,28.69
2026-08-06T06:50:00.000,18.53,117.28,-8.49,16.47
2026-08-06T07:00:00.000,12.45,343.85,11.96,-3.46
2026-08-06T07:10:00.000,20.75,11.67,20.32,4.2
2026-08-06T07:20:00.000,23.24,33.58,19.37,12.86
2026-08-06T07:30:00.000,25.22,40.38,19.21,16.34
2026-08-06T07:40:00.000,23.11,48.38,15.35,17.28
2026-08-06T07:50:00.000,24.19,72.99,7.08,23.14
2026-08-06T08:00:00.000,18.99,76,4.6,18.43
2026-08-06T08:10:00.000,18.03,73.63,5.08,17.3
2026-08-06T08:20:00.000,15.22,87.7,0.61,15.21
2026-08-06T08:30:00.000,14.23,165.08,-13.75,3.66
2026-08-06T08:40:00.000,12.88,192.94,-12.56,-2.88
2026-08-06T08:50:00.000,7.64,252.09,-2.35,-7.27
2026-08-06T09:00:00.000,3.41,152.48,-3.02,1.57
2026-08-06T09:10:00.000,15.34,119.87,-7.64,13.31
2026-08-06T09:20:00.000,14.11,73.67,3.97,13.54
2026-08-06T09:30:00.000,15.79,49.83,10.19,12.07
2026-08-06T09:40:00.000,13.31,310.31,8.61,-10.15
2026-08-06T09:50:00.000,5.83,349.02,5.73,-1.11
2026-08-06T10:00:00.000,3.59,56.13,2,2.98
2026-08-06T10:10:00.000,10.2,102.58,-2.22,9.96
2026-08-06T10:20:00.000,3.78,87.53,0.16,3.78
2026-08-06T10:30:00.000,4.32,125.35,-2.5,3.53
2026-08-06T10:40:00.000,6.71,118.67,-3.22,5.89
2026-08-06T10:50:00.000,15.98,98.64,-2.4,15.79
2026-08-06T11:00:00.000,29.37,81.95,4.11,29.08
2026-08-06T11:10:00.000,28.1,55.12,16.07,23.05
2026-08-06T11:20:00.000,29.27,35.17,23.93,16.86
2026-08-06T11:30:00.000,12.46,328.58,10.63,-6.5
2026-08-06T11:40:00.000,3.05,350.45,3.01,-0.51
2026-08-06T11:50:00.000,5.21,63.33,2.34,4.66
2026-08-06T12:00:00.000,8.71,68.62,3.17,8.11
2026-08-06T12:10:00.000,10.4,49.21,6.79,7.88
2026-08-06T12:20:00.000,15.8,3.58,15.76,0.99
2026-08-06T12:30:00.000,11.53,6.27,11.46,1.26
2026-08-06T12:40:00.000,8.02,33,6.73,4.37
2026-08-06T12:50:00.000,6.6,359.75,6.6,-0.03
2026-08-06T13:00:00.000,5.64,359.98,5.64,0
2026-08-06T13:10:00.000,0.24,71.74,0.08,0.23
2026-08-06T13:20:00.000,3.68,188.17,-3.64,-0.52
2026-08-06T13:30:00.000,13.29,183.23,-13.27,-0.75
2026-08-06T13:40:00.000,48.28,177.56,-48.24,2.06
2026-08-06T13:50:00.000,24.38,180.79,-24.37,-0.33
2026-08-06T14:00:00.000,24.73,179.86,-24.73,0.06
2026-08-06T14:10:00.000,23.42,201.57,-21.78,-8.61
2026-08-06T14:20:00.000,12.72,189.59,-12.55,-2.12
2026-08-06T14:30:00.000,10.07,178.6,-10.06,0.25
2026-08-06T14:40:00.000,8.35,182.18,-8.35,-0.32
2026-08-06T14:50:00.000,20.63,332.29,18.26,-9.59
2026-08-06T15:00:00.000,7.24,35.67,5.88,4.22
2026-08-06T15:10:00.000,7.77,79.06,1.48,7.63
2026-08-06T15:20:00.000,23.92,69.73,8.29,22.44
2026-08-06T15:30:00.000,4.32,169.27,-4.25,0.8
2026-08-06T15:40:00.000,5.65,179.52,-5.65,0.05
2026-08-06T15:50:00.000,16.19,151.09,-14.18,7.83
2026-08-06T16:00:00.000,25.2,196.39,-24.18,-7.11
2026-08-06T16:10:00.000,22.94,194.03,-22.25,-5.56
2026-08-06T16:20:00.000,19.26,211.35,-16.45,-10.02
2026-08-06T16:30:00.000,14.17,257.46,-3.08,-13.83
2026-08-06T16:40:00.000,9.18,275.83,0.93,-9.13
2026-08-06T16:50:00.000,7.01,220.61,-5.32,-4.56
2026-08-06T17:00:00.000,11.31,160.23,-10.64,3.82
2026-08-06T17:10:00.000,14.62,162.14,-13.92,4.49
2026-08-06T17:20:00.000,3.48,242.69,-1.6,-3.1
2026-08-06T17:30:00.000,6.38,39.22,4.94,4.03
2026-08-06T17:40:00.000,5.33,59.53,2.7,4.6
2026-08-06T17:50:00.000,6.85,53.68,4.06,5.52
2026-08-06T18:00:00.000,9.94,58.19,5.24,8.44
2026-08-06T18:10:00.000,9.25,66.23,3.73,8.47
2026-08-06T18:20:00.000,7.92,102.22,-1.68,7.74
2026-08-06T18:30:00.000,8.63,131.04,-5.67,6.51
2026-08-06T18:40:00.000,12.61,151.39,-11.07,6.04
2026-08-06T18:50:00.000,4.18,198.92,-3.95,-1.35
2026-08-06T19:00:00.000,5.72,343,5.47,-1.67
2026-08-06T19:10:00.000,3.3,69.2,1.17,3.08
2026-08-06T19:20:00.000,6.52,161.96,-6.19,2.02
2026-08-06T19:30:00.000,13.33,170.5,-13.14,2.2
2026-08-06T19:40:00.000,16.05,196.89,-15.36,-4.66
2026-08-06T19:50:00.000,16.95,202.91,-15.61,-6.6
2026-08-06T20:00:00.000,14.88,212.01,-12.62,-7.89
2026-08-06T20:10:00.000,13.08,277.34,1.67,-12.97
2026-08-06T20:20:00.000,0.32,4.4,0.32,0.02
2026-08-06T20:30:00.000,8.4,175.6,-8.38,0.64
2026-08-06T20:40:00.000,9.44,178.17,-9.44,0.3
2026-08-06T20:50:00.000,16.19,173.09,-16.07,1.95
2026-08-06T21:00:00.000,18.35,175.28,-18.29,1.51
2026-08-06T21:10:00.000,21.6,152.1,-19.09,10.1
2026-08-06T21:20:00.000,20.22,164.2,-19.46,5.51
2026-08-06T21:30:00.000,9.03,190.03,-8.89,-1.57
2026-08-06T21:40:00.000,8.5,190.42,-8.36,-1.54
2026-08-06T21:50:00.000,4.01,308.28,2.49,-3.15
2026-08-06T22:00:00.000,7.17,349.46,7.05,-1.31
2026-08-06T22:10:00.000,0.56,159.74,-0.53,0.19
2026-08-06T22:20:00.000,16.23,147.73,-13.72,8.67
2026-08-06T22:30:00.000,25.17,169.63,-24.76,4.53
2026-08-06T22:40:00.000,28,170.63,-27.63,4.56
2026-08-06T22:50:00.000,38.68,178.3,-38.66,1.15
2026-08-06T23:00:00.000,39.93,188.33,-39.51,-5.78
2026-08-06T23:10:00.000,34.39,188.3,-34.03,-4.97
2026-08-06T23:20:00.000,45.11,182.26,-45.07,-1.78
2026-08-06T23:30:00.000,44.62,181.56,-44.6,-1.21
2026-08-06T23:40:00.000,31.98,187.21,-31.72,-4.01
2026-08-06T23:50:00.000,19.98,187.79,-19.8,-2.71
2026-08-07T00:00:00.000,9.84,151.12,-8.62,4.76
2026-08-07T00:10:00.000,0.7,340.93,0.67,-0.23
2026-08-07T00:20:00.000,11.87,320.83,9.2,-7.5
2026-08-07T00:30:00.000,28.9,49.37,18.81,21.93
2026-08-07T00:40:00.000,12.16,109.62,-4.08,11.45
2026-08-07T00:50:00.000,1.74,91.08,-0.03,1.73
2026-08-07T01:00:00.000,6.62,208.97,-5.79,-3.21
2026-08-07T01:10:00.000,6.4,288.12,1.99,-6.09
2026-08-07T01:20:00.000,3.06,75.84,0.75,2.97
2026-08-07T01:30:00.000,24.84,162.88,-23.73,7.31
2026-08-07T01:40:00.000,32.37,202.09,-29.99,-12.17
2026-08-07T01:50:00.000,25.66,200.9,-23.98,-9.15
2026-08-07T02:00:00.000,6.92,262.98,-0.85,-6.87
2026-08-07T02:10:00.000,6.98,186.48,-6.94,-0.79
2026-08-07T02:20:00.000,53.28,181.07,-53.27,-0.99
2026-08-07T02:30:00.000,30.87,212.9,-25.92,-16.77
2026-08-07T02:40:00.000,29.2,213.47,-24.35,-16.1
2026-08-07T02:50:00.000,26.45,231.92,-16.32,-20.82
2026-08-07T03:00:00.000,8.21,245.57,-3.4,-7.48
2026-08-07T03:10:00.000,16.34,132.85,-11.12,11.98
2026-08-07T03:20:00.000,11.24,324.32,9.13,-6.56
2026-08-07T03:30:00.000,12.03,62.17,5.62,10.64
2026-08-07T03:40:00.000,29.39,119.89,-14.65,25.48
2026-08-07T03:50:00.000,30.74,73.55,8.7,29.48
2026-08-07T04:00:00.000,2.89,183.09,-2.88,-0.16
2026-08-07T04:10:00.000,4.78,291.03,1.71,-4.46
2026-08-07T04:20:00.000,2.38,324.39,1.93,-1.38
2026-08-07T04:30:00.000,6.26,20.45,5.86,2.19
2026-08-07T04:40:00.000,5.76,30.1,4.99,2.89
2026-08-07T04:50:00.000,19.58,26.66,17.5,8.79
2026-08-07T05:00:00.000,21.16,45.83,14.74,15.18
2026-08-07T05:10:00.000,21.97,40.17,16.79,14.17
2026-08-07T05:20:00.000,20.1,30.9,17.24,10.32
2026-08-07T05:30:00.000,16.4,32.25,13.87,8.75
2026-08-07T05:40:00.000,18.09,14.21,17.54,4.44
2026-08-07T05:50:00.000,19.53,40.09,14.94,12.58
2026-08-07T06:00:00.000,18.81,38.97,14.62,11.83
2026-08-07T06:10:00.000,15.07,30.49,12.98,7.65
2026-08-07T06:20:00.000,14.6,27.22,12.98,6.68
2026-08-07T06:30:00.000,21.83,37.57,17.3,13.31
2026-08-07T06:40:00.000,22.65,49.19,14.8,17.15
2026-08-07T06:50:00.000,27.01,45.13,19.06,19.14
2026-08-07T07:00:00.000,24.39,35.48,19.86,14.16
2026-08-07T07:10:00.000,35.92,41.11,27.07,23.62
2026-08-07T07:20:00.000,33.11,53.62,19.64,26.65
2026-08-07T07:30:00.000,36.79,51.59,22.86,28.83
2026-08-07T07:40:00.000,30.33,42.12,22.5,20.34
2026-08-07T07:50:00.000,32.22,41.74,24.04,21.45
2026-08-07T08:00:00.000,34.19,39.75,26.29,21.86
2026-08-07T08:10:00.000,32.42,52.26,19.84,25.63
2026-08-07T08:20:00.000,29,44.69,20.61,20.39
2026-08-07T08:30:00.000,26.55,15.55,25.58,7.12
2026-08-07T08:40:00.000,25.25,12.68,24.64,5.54
2026-08-07T08:50:00.000,25.62,32.11,21.7,13.61
2026-08-07T09:00:00.000,23.25,51.9,14.35,18.3
2026-08-07T09:10:00.000,14.85,59.4,7.56,12.78
2026-08-07T09:20:00.000,7.14,48.2,4.76,5.33
2026-08-07T09:30:00.000,7.74,16.55,7.42,2.21
2026-08-07T09:40:00.000,16.99,203.76,-15.55,-6.84
2026-08-07T09:50:00.000,4.4,219.02,-3.42,-2.77
2026-08-07T10:00:00.000,15.3,192.83,-14.91,-3.4
2026-08-07T10:10:00.000,10.2,184.19,-10.17,-0.74
2026-08-07T10:20:00.000,10.14,164.9,-9.79,2.64
2026-08-07T10:30:00.000,15.69,172.87,-15.57,1.95
2026-08-07T10:40:00.000,5.29,80.33,0.89,5.22
2026-08-07T10:50:00.000,1.02,72.18,0.31,0.97
2026-08-07T11:00:00.000,0.28,2.19,0.28,0.01
2026-08-07T11:10:00.000,11.97,211.88,-10.17,-6.32
2026-08-07T11:20:00.000,6.64,205.77,-5.98,-2.89
2026-08-07T11:30:00.000,7.12,159.91,-6.69,2.45
2026-08-07T11:40:00.000,8.96,169.34,-8.81,1.66
2026-08-07T11:50:00.000,5.98,171.91,-5.92,0.84
2026-08-07T12:00:00.000,12.05,179.69,-12.05,0.07
2026-08-07T12:10:00.000,16.42,172.08,-16.26,2.26
2026-08-07T12:20:00.000,19.97,145.31,-16.42,11.37
2026-08-07T12:30:00.000,21.44,149.22,-18.42,10.97
2026-08-07T12:40:00.000,22.36,169.48,-21.99,4.08
2026-08-07T12:50:00.000,9.68,203.73,-8.86,-3.9
2026-08-07T13:00:00.000,12.98,245.17,-5.45,-11.78
2026-08-07T13:10:00.000,7.08,235.57,-4,-5.84
2026-08-07T13:20:00.000,7.07,202.5,-6.54,-2.71
2026-08-07T13:30:00.000,6.34,204.89,-5.75,-2.67
2026-08-07T13:40:00.000,4.18,285.53,1.12,-4.02
2026-08-07T13:50:00.000,5.31,292.69,2.05,-4.9
2026-08-07T14:00:00.000,3.31,12.32,3.23,0.71
2026-08-07T14:10:00.000,6.31,354.1,6.28,-0.65
2026-08-07T14:20:00.000,7.67,30.38,6.62,3.88
2026-08-07T14:30:00.000,4.88,15.79,4.7,1.33
2026-08-07T14:40:00.000,3.95,0.06,3.95,0
2026-08-07T14:50:00.000,1.17,70.01,0.4,1.1
2026-08-07T15:00:00.000,7.95,62.99,3.61,7.08
2026-08-07T15:10:00.000,6.69,64.38,2.89,6.03
2026-08-07T15:20:00.000,6.42,59.26,3.28,5.52
2026-08-07T15:30:00.000,2.2,103.32,-0.51,2.14
2026-08-07T15:40:00.000,4.68,152.15,-4.14,2.19
2026-08-07T15:50:00.000,8.51,270.63,0.09,-8.51
2026-08-07T16:00:00.000,6.58,258.34,-1.33,-6.45
2026-08-07T16:10:00.000,5.83,244.15,-2.54,-5.25
2026-08-07T16:20:00.000,4.68,225.4,-3.29,-3.33
2026-08-07T16:30:00.000,2.63,213.17,-2.2,-1.44
2026-08-07T16:40:00.000,2.15,278.2,0.31,-2.13
2026-08-07T16:50:00.000,0.13,72.92,0.04,0.13
2026-08-07T17:00:00.000,0.73,58.88,0.38,0.62
2026-08-07T17:10:00.000,5.99,63.78,2.65,5.37
2026-08-07T17:20:00.000,4.89,64.52,2.11,4.42
2026-08-07T17:30:00.000,6.97,28.85,6.1,3.36
2026-08-07T17:40:00.000,11.92,357.61,11.91,-0.5
2026-08-07T17:50:00.000,3.25,346.44,3.16,-0.76
2026-08-07T18:00:00.000,5.21,75.04,1.35,5.04
2026-08-07T18:10:00.000,9,26.72,8.04,4.05
2026-08-07T18:20:00.000,7.75,56.56,4.27,6.47
2026-08-07T18:30:00.000,13.1,42.15,9.71,8.79
2026-08-07T18:40:00.000,18.25,43,13.34,12.44
2026-08-07T18:50:00.000,21.31,57.66,11.4,18
2026-08-07T19:00:00.000,22.31,28.9,19.53,10.78
2026-08-07T19:10:00.000,8.38,44.27,6,5.85
2026-08-07T19:20:00.000,4.77,24.73,4.33,1.99
2026-08-07T19:30:00.000,8.68,67.28,3.35,8.01
2026-08-07T19:40:00.000,12.8,73.27,3.69,12.26
2026-08-07T19:50:00.000,9.02,55.17,5.15,7.4
2026-08-07T20:00:00.000,12.24,44.5,8.73,8.58
2026-08-07T20:10:00.000,13.81,23.57,12.66,5.52
2026-08-07T20:20:00.000,17.24,23.13,15.85,6.77
2026-08-07T20:30:00.000,14.87,18.29,14.12,4.67
2026-08-07T20:40:00.000,14.86,17.77,14.15,4.54
2026-08-07T20:50:00.000,12.44,29.92,10.78,6.2
2026-08-07T21:00:00.000,9.35,17.52,8.91,2.81
2026-08-07T21:10:00.000,11.81,18.47,11.2,3.74
2026-08-07T21:20:00.000,17.29,22.35,15.99,6.57
2026-08-07T21:30:00.000,13.38,33.71,11.13,7.43
2026-08-07T21:40:00.000,15.76,61.76,7.46,13.88
2026-08-07T21:50:00.000,17.79,26.59,15.9,7.96
2026-08-07T22:00:00.000,15.47,17.74,14.73,4.71
2026-08-07T22:10:00.000,10.34,13.61,10.05,2.43
2026-08-07T22:20:00.000,7.11,8.15,7.04,1.01
2026-08-07T22:30:00.000,7.71,31.44,6.58,4.02
2026-08-07T22:40:00.000,3.95,22.89,3.64,1.54
2026-08-07T22:50:00.000,0.43,341.81,0.41,-0.13
2026-08-07T23:00:00.000,0.86,114.02,-0.35,0.79
2026-08-07T23:10:00.000,7.51,193.1,-7.31,-1.7
2026-08-07T23:20:00.000,1.71,233.26,-1.02,-1.37
2026-08-07T23:30:00.000,1.52,271.62,0.04,-1.52
2026-08-07T23:40:00.000,3.76,277.82,0.51,-3.72
2026-08-07T23:50:00.000,0.56,276.01,0.06,-0.56
2026-08-08T00:00:00.000,0.49,138.48,-0.36,0.32
2026-08-08T00:10:00.000,7.5,115.87,-3.27,6.74
2026-08-08T00:20:00.000,14.76,104.33,-3.65,14.3
2026-08-08T00:30:00.000,19.1,111.94,-7.14,17.72
2026-08-08T00:40:00.000,10.04,152,-8.86,4.71
2026-08-08T00:50:00.000,6.09,189.62,-6,-1.02
2026-08-08T01:00:00.000,15.26,184.11,-15.22,-1.09
2026-08-08T01:10:00.000,23.01,181.12,-23,-0.45
2026-08-08T01:20:00.000,22.56,185.93,-22.44,-2.33
2026-08-08T01:30:00.000,26.36,187.15,-26.16,-3.28
2026-08-08T01:40:00.000,32.76,179.87,-32.76,0.07
2026-08-08T01:50:00.000,30.15,173.32,-29.94,3.51
2026-08-08T02:00:00.000,20.9,173.53,-20.77,2.36
2026-08-08T02:10:00.000,19.38,191.53,-18.99,-3.87
2026-08-08T02:20:00.000,7.72,183.35,-7.71,-0.45
2026-08-08T02:30:00.000,0.23,109.73,-0.08,0.22
2026-08-08T02:40:00.000,7.04,18.25,6.68,2.2
2026-08-08T02:50:00.000,35.41,35.97,28.66,20.8
2026-08-08T03:00:00.000,28.93,41.85,21.55,19.3
2026-08-08T03:10:00.000,23.94,65.54,9.91,21.79
2026-08-08T03:20:00.000,21.17,105.82,-5.77,20.37
2026-08-08T03:30:00.000,9.58,122.07,-5.09,8.12
2026-08-08T03:40:00.000,7.71,1.63,7.7,0.22
2026-08-08T03:50:00.000,21.26,18.51,20.16,6.75
2026-08-08T04:00:00.000,24.15,36.63,19.38,14.41
2026-08-08T04:10:00.000,2.9,128.54,-1.81,2.27
2026-08-08T04:20:00.000,29.23,169.35,-28.73,5.4
2026-08-08T04:30:00.000,14.98,187.79,-14.84,-2.03
2026-08-08T04:40:00.000,20.55,233.3,-12.28,-16.48
2026-08-08T04:50:00.000,9.34,262.76,-1.18,-9.26
2026-08-08T05:00:00.000,11.04,234.18,-6.46,-8.96
2026-08-08T05:10:00.000,25.77,195.95,-24.78,-7.08
2026-08-08T05:20:00.000,25.62,202.29,-23.7,-9.72
2026-08-08T05:30:00.000,17.83,200.26,-16.73,-6.17
2026-08-08T05:40:00.000,18.11,195.54,-17.45,-4.85
2026-08-08T05:50:00.000,13.38,182.89,-13.37,-0.67
2026-08-08T06:00:00.000,15.72,249.53,-5.5,-14.73
2026-08-08T06:10:00.000,7.61,276.63,0.88,-7.56
2026-08-08T06:20:00.000,5.88,281.21,1.14,-5.77
2026-08-08T06:30:00.000,1.93,204.59,-1.75,-0.8
2026-08-08T06:40:00.000,3.84,208.95,-3.36,-1.86
2026-08-08T06:50:00.000,4.93,127.74,-3.02,3.9
2026-08-08T07:00:00.000,6.99,117.68,-3.25,6.19
2026-08-08T07:10:00.000,0.48,82.86,0.06,0.47
2026-08-08T07:20:00.000,0.51,72.96,0.15,0.48
2026-08-08T07:30:00.000,2.24,292.48,0.86,-2.07
2026-08-08T07:40:00.000,14.22,358.33,14.21,-0.42
2026-08-08T07:50:00.000,16.12,28.85,14.12,7.78
2026-08-08T08:00:00.000,13.98,50.94,8.81,10.86
2026-08-08T08:10:00.000,19.19,41.32,14.41,12.67
2026-08-08T08:20:00.000,19.26,45.52,13.5,13.74
2026-08-08T08:30:00.000,15.88,76.15,3.8,15.42
2026-08-08T08:40:00.000,11.79,88.06,0.4,11.78
2026-08-08T08:50:00.000,1.61,94.72,-0.13,1.61
2026-08-08T09:00:00.000,0.17,19.46,0.16,0.06
2026-08-08T09:10:00.000,0.61,312.94,0.42,-0.45
2026-08-08T09:20:00.000,0.53,337.04,0.49,-0.21
2026-08-08T09:30:00.000,0.56,63.07,0.25,0.5
2026-08-08T09:40:00.000,2.03,65.74,0.84,1.85
2026-08-08T09:50:00.000,2.65,336,2.42,-1.08
2026-08-08T10:00:00.000,7.32,11.01,7.18,1.4
2026-08-08T10:10:00.000,11.02,27.23,9.8,5.04
2026-08-08T10:20:00.000,17.08,12.59,16.67,3.72
2026-08-08T10:30:00.000,16.63,35.15,13.6,9.58
2026-08-08T10:40:00.000,19.26,39.51,14.86,12.25
2026-08-08T10:50:00.000,24.02,35.53,19.55,13.96
2026-08-08T11:00:00.000,29.91,12.19,29.23,6.32
2026-08-08T11:10:00.000,29.19,26.69,26.08,13.11
2026-08-08T11:20:00.000,26.72,36.98,21.34,16.07
2026-08-08T11:30:00.000,18.15,35.57,14.76,10.56
2026-08-08T11:40:00.000,13.26,54.45,7.71,10.79
2026-08-08T11:50:00.000,16.81,53.51,10,13.51
2026-08-08T12:00:00.000,17.58,83.62,1.95,17.47
2026-08-08T12:10:00.000,4.84,123.13,-2.64,4.05
2026-08-08T12:20:00.000,14.83,210.62,-12.76,-7.55
2026-08-08T12:30:00.000,22.01,189.59,-21.7,-3.67
2026-08-08T12:40:00.000,24.31,201.5,-22.62,-8.91
2026-08-08T12:50:00.000,17.58,194.54,-17.02,-4.42
2026-08-08T13:00:00.000,9.68,188.74,-9.56,-1.47
2026-08-08T13:10:00.000,8.55,179.44,-8.55,0.08
2026-08-08T13:20:00.000,7.19,152.78,-6.39,3.29
2026-08-08T13:30:00.000,8.26,146.26,-6.87,4.59
2026-08-08T13:40:00.000,6.9,156.85,-6.34,2.71
2026-08-08T13:50:00.000,1.1,125.07,-0.63,0.9
2026-08-08T14:00:00.000,6.02,331.05,5.26,-2.91
2026-08-08T14:10:00.000,8.35,350.35,8.23,-1.4
2026-08-08T14:20:00.000,7.53,11.78,7.37,1.54
2026-08-08T14:30:00.000,4.58,17.76,4.36,1.4
2026-08-08T14:40:00.000,6.1,355,6.07,-0.53
2026-08-08T14:50:00.000,3.25,37.04,2.59,1.96
2026-08-08T15:00:00.000,9,96.57,-1.03,8.94
2026-08-08T15:10:00.000,26.07,96.32,-2.87,25.91
2026-08-08T15:20:00.000,20.47,106.74,-5.9,19.6
2026-08-08T15:30:00.000,7.78,1.44,7.78,0.2
2026-08-08T15:40:00.000,7.47,38.74,5.83,4.68
2026-08-08T15:50:00.000,6.97,38.1,5.49,4.3
2026-08-08T16:00:00.000,10.59,48.01,7.08,7.87
2026-08-08T16:10:00.000,7.28,103.93,-1.75,7.07
2026-08-08T16:20:00.000,2.86,81.17,0.44,2.83
2026-08-08T16:30:00.000,16.01,324.53,13.04,-9.29
2026-08-08T16:40:00.000,8.91,312.02,5.96,-6.62
2026-08-08T16:50:00.000,0.9,331.75,0.79,-0.43
2026-08-08T17:00:00.000,2.99,120.23,-1.51,2.59
2026-08-08T17:10:00.000,5.46,56.77,2.99,4.57
2026-08-08T17:20:00.000,7.85,2.38,7.85,0.33
2026-08-08T17:30:00.000,7.98,13.98,7.74,1.93
2026-08-08T17:40:00.000,7.6,0.73,7.6,0.1
2026-08-08T17:50:00.000,9.77,19.11,9.23,3.2
2026-08-08T18:00:00.000,6.48,18.67,6.13,2.07
2026-08-08T18:10:00.000,0.29,71.66,0.09,0.27
2026-08-08T18:20:00.000,0.24,57.19,0.13,0.2
2026-08-08T18:30:00.000,0.31,118.79,-0.15,0.27
2026-08-08T18:40:00.000,6.9,175.57,-6.88,0.53
2026-08-08T18:50:00.000,7.22,184.88,-7.19,-0.61
2026-08-08T19:00:00.000,9.26,189.68,-9.12,-1.56
2026-08-08T19:10:00.000,14.11,161.82,-13.4,4.4
2026-08-08T19:20:00.000,13.95,182.61,-13.94,-0.64
2026-08-08T19:30:00.000,19.37,183.9,-19.33,-1.32
2026-08-08T19:40:00.000,21.88,190.29,-21.53,-3.91
2026-08-08T19:50:00.000,13.44,220.89,-10.16,-8.8
2026-08-08T20:00:00.000,16.5,210.79,-14.18,-8.45
2026-08-08T20:10:00.000,13.94,264.3,-1.39,-13.87
2026-08-08T20:20:00.000,11.41,280.82,2.14,-11.21
2026-08-08T20:30:00.000,7.63,239.74,-3.85,-6.59
2026-08-08T20:40:00.000,6.39,225.65,-4.47,-4.57
2026-08-08T20:50:00.000,7.84,216.85,-6.27,-4.7
2026-08-08T21:00:00.000,0.84,19.29,0.79,0.28
2026-08-08T21:10:00.000,0.94,89.58,0.01,0.94
2026-08-08T21:20:00.000,15.65,60.82,7.63,13.67
2026-08-08T21:30:00.000,7.99,81.94,1.12,7.91
2026-08-08T21:40:00.000,14.71,82.64,1.88,14.59
2026-08-08T21:50:00.000,19.62,79.17,3.69,19.27
2026-08-08T22:00:00.000,12.22,98.15,-1.73,12.1
2026-08-08T22:10:00.000,11.9,55.53,6.74,9.81
2026-08-08T22:20:00.000,13.93,41.17,10.49,9.17
2026-08-08T22:30:00.000,8.1,6.97,8.04,0.98
2026-08-08T22:40:00.000,0.29,11.53,0.28,0.06
2026-08-08T22:50:00.000,16.73,180.32,-16.73,-0.09
2026-08-08T23:00:00.000,30.95,190.92,-30.39,-5.87
2026-08-08T23:10:00.000,23.39,202.91,-21.55,-9.11
2026-08-08T23:20:00.000,13.19,209.82,-11.44,-6.56
2026-08-08T23:30:00.000,9.26,175.91,-9.24,0.66
2026-08-08T23:40:00.000,18.87,160.2,-17.75,6.39
2026-08-08T23:50:00.000,0.96,51.94,0.59,0.76
2026-08-09T00:00:00.000,15.37,350.64,15.17,-2.5
2026-08-09T00:10:00.000,22.12,21.9,20.52,8.25
2026-08-09T00:20:00.000,26.08,52.97,15.71,20.82
2026-08-09T00:30:00.000,31.01,92.42,-1.31,30.99
2026-08-09T00:40:00.000,13.39,97.03,-1.64,13.28
2026-08-09T00:50:00.000,11.71,160.68,-11.05,3.87
2026-08-09T01:00:00.000,7.82,210.08,-6.77,-3.92
2026-08-09T01:10:00.000,7.45,195.94,-7.17,-2.05
2026-08-09T01:20:00.000,1.76,94.6,-0.14,1.75
2026-08-09T01:30:00.000,2.99,94.25,-0.22,2.98
2026-08-09T01:40:00.000,6.68,322.27,5.29,-4.09
2026-08-09T01:50:00.000,9.94,340.07,9.34,-3.39
2026-08-09T02:00:00.000,9.02,348.65,8.85,-1.78
2026-08-09T02:10:00.000,7.72,14.84,7.47,1.98
2026-08-09T02:20:00.000,10.87,29.22,9.49,5.31
2026-08-09T02:30:00.000,22.43,8.12,22.21,3.17
2026-08-09T02:40:00.000,23.28,18.53,22.08,7.4
2026-08-09T02:50:00.000,21.76,28,19.21,10.22
2026-08-09T03:00:00.000,30.7,57.13,16.66,25.79
2026-08-09T03:10:00.000,29.72,78.28,6.04,29.1
2026-08-09T03:20:00.000,21.33,62.36,9.89,18.89
2026-08-09T03:30:00.000,16.45,55.2,9.39,13.51
2026-08-09T03:40:00.000,20.02,49.37,13.04,15.2
2026-08-09T03:50:00.000,29.02,53.37,17.31,23.29
2026-08-09T04:00:00.000,25.5,53.41,15.2,20.48
2026-08-09T04:10:00.000,16.04,39.03,12.46,10.1
2026-08-09T04:20:00.000,19.43,33.76,16.15,10.8
2026-08-09T04:30:00.000,10.51,0.15,10.51,0.03
2026-08-09T04:40:00.000,15.78,357.24,15.77,-0.76
2026-08-09T04:50:00.000,16.99,37.87,13.41,10.43
2026-08-09T05:00:00.000,19.91,78.22,4.07,19.49
2026-08-09T05:10:00.000,7.1,124.27,-4,5.87
2026-08-09T05:20:00.000,1.42,348.46,1.39,-0.28
2026-08-09T05:30:00.000,12.75,182.89,-12.73,-0.64
2026-08-09T05:40:00.000,17.72,195.51,-17.08,-4.74
2026-08-09T05:50:00.000,10.97,229.57,-7.12,-8.35
2026-08-09T06:00:00.000,14.67,230.09,-9.41,-11.25
2026-08-09T06:10:00.000,12.94,222.89,-9.48,-8.81
2026-08-09T06:20:00.000,5.66,229.71,-3.66,-4.32
2026-08-09T06:30:00.000,7.39,158.19,-6.86,2.75
2026-08-09T06:40:00.000,31.86,185.52,-31.71,-3.06
2026-08-09T06:50:00.000,33.79,195.3,-32.59,-8.91
2026-08-09T07:00:00.000,26.82,202.16,-24.84,-10.12
2026-08-09T07:10:00.000,23.14,207.32,-20.56,-10.62
2026-08-09T07:20:00.000,16.39,203.53,-15.02,-6.54
2026-08-09T07:30:00.000,11.95,217.83,-9.44,-7.33
2026-08-09T07:40:00.000,8.47,244.46,-3.65,-7.64
2026-08-09T07:50:00.000,7.3,234.98,-4.19,-5.97
2026-08-09T08:00:00.000,8.57,231.7,-5.31,-6.73
2026-08-09T08:10:00.000,13.17,184.53,-13.13,-1.04
2026-08-09T08:20:00.000,16.4,169.19,-16.11,3.08
2026-08-09T08:30:00.000,8.68,208.33,-7.64,-4.12
2026-08-09T08:40:00.000,6.1,286.37,1.72,-5.86
2026-08-09T08:50:00.000,4.27,324.12,3.46,-2.5
2026-08-09T09:00:00.000,0.81,185.99,-0.8,-0.08
2026-08-09T09:10:00.000,20.14,182.28,-20.12,-0.8
2026-08-09T09:20:00.000,30.64,168.2,-30,6.26
2026-08-09T09:30:00.000,27.3,167.65,-26.66,5.84
2026-08-09T09:40:00.000,3.97,200.78,-3.71,-1.41
2026-08-09T09:50:00.000,0.76,90.45,-0.01,0.76
2026-08-09T10:00:00.000,7.42,239.28,-3.79,-6.38
2026-08-09T10:10:00.000,4.99,319.51,3.79,-3.24
2026-08-09T10:20:00.000,17.78,356.52,17.74,-1.08
2026-08-09T10:30:00.000,16.32,352.49,16.18,-2.13
2026-08-09T10:40:00.000,6.09,17.3,5.81,1.81
2026-08-09T10:50:00.000,5.88,327.52,4.96,-3.16
2026-08-09T11:00:00.000,5.64,312.72,3.83,-4.14
2026-08-09T11:10:00.000,1.45,255.07,-0.37,-1.4
2026-08-09T11:20:00.000,1.38,240.56,-0.68,-1.2
2026-08-09T11:30:00.000,7.34,158.64,-6.83,2.67
2026-08-09T11:40:00.000,13.02,160.27,-12.26,4.4
2026-08-09T11:50:00.000,18,176.81,-17.97,1
2026-08-09T12:00:00.000,17.46,190.85,-17.14,-3.28
2026-08-09T12:10:00.000,20.28,195.01,-19.59,-5.25
2026-08-09T12:20:00.000,23.93,177.76,-23.92,0.93
2026-08-09T12:30:00.000,16.65,196.93,-15.92,-4.85
2026-08-09T12:40:00.000,15.61,255.03,-4.03,-15.08
2026-08-09T12:50:00.000,5.68,335.3,5.16,-2.37
2026-08-09T13:00:00.000,10,323.78,8.07,-5.91
2026-08-09T13:10:00.000,3.19,351.29,3.15,-0.48
2026-08-09T13:20:00.000,1.63,324.32,1.32,-0.95
2026-08-09T13:30:00.000,3.53,4.33,3.52,0.27
2026-08-09T13:40:00.000,7,298.44,3.33,-6.16
2026-08-09T13:50:00.000,3.75,330.78,3.27,-1.83
2026-08-09T14:00:00.000,3.68,125.91,-2.16,2.98
2026-08-09T14:10:00.000,5.58,93.61,-0.35,5.57
2026-08-09T14:20:00.000,9.65,52.08,5.93,7.62
2026-08-09T14:30:00.000,16.95,29.19,14.8,8.27
2026-08-09T14:40:00.000,21.42,34.28,17.7,12.07
2026-08-09T14:50:00.000,15.51,28.41,13.65,7.38
2026-08-09T15:00:00.000,17.93,40.75,13.58,11.71
2026-08-09T15:10:00.000,20.99,42.16,15.56,14.09
2026-08-09T15:20:00.000,22.29,50.86,14.07,17.29
2026-08-09T15:30:00.000,22.85,69.32,8.07,21.38
2026-08-09T15:40:00.000,5.14,47.92,3.44,3.81
2026-08-09T15:50:00.000,12.38,356,12.35,-0.86
2026-08-09T16:00:00.000,3.36,46.34,2.32,2.43
2026-08-09T16:10:00.000,6.11,34.55,5.03,3.46
2026-08-09T16:20:00.000,7.81,39.61,6.02,4.98
2026-08-09T16:30:00.000,7.21,71.75,2.26,6.85
2026-08-09T16:40:00.000,10.1,32.87,8.49,5.48
2026-08-09T16:50:00.000,8.95,59.7,4.52,7.73
2026-08-09T17:00:00.000,8.28,48.22,5.52,6.18
2026-08-09T17:10:00.000,10.14,22,9.4,3.8
2026-08-09T17:20:00.000,10.31,352.15,10.21,-1.41
2026-08-09T17:30:00.000,8.25,4.43,8.22,0.64
2026-08-09T17:40:00.000,6.42,7.66,6.37,0.86
2026-08-09T17:50:00.000,4.86,22.46,4.49,1.86
2026-08-09T18:00:00.000,1.75,64.7,0.75,1.58
2026-08-09T18:10:00.000,0.86,2.38,0.86,0.04
2026-08-09T18:20:00.000,0.46,126.26,-0.27,0.37
2026-08-09T18:30:00.000,2.18,146.32,-1.81,1.21
2026-08-09T18:40:00.000,5.37,314.83,3.78,-3.81
2026-08-09T18:50:00.000,0.6,46.88,0.41,0.44
2026-08-09T19:00:00.000,6.53,97.3,-0.83,6.47
2026-08-09T19:10:00.000,1.94,110.27,-0.67,1.82
2026-08-09T19:20:00.000,6.57,339.9,6.17,-2.26
2026-08-09T19:30:00.000,7.31,329.79,6.32,-3.68
2026-08-09T19:40:00.000,0.34,351.99,0.33,-0.05
2026-08-09T19:50:00.000,1.96,151.61,-1.72,0.93
2026-08-09T20:00:00.000,0.45,156.4,-0.41,0.18
2026-08-09T20:10:00.000,1.71,209.17,-1.49,-0.83
2026-08-09T20:20:00.000,3.03,243.94,-1.33,-2.72
2026-08-09T20:30:00.000,8.68,167.24,-8.47,1.92
2026-08-09T20:40:00.000,9.12,177.84,-9.12,0.34
2026-08-09T20:50:00.000,17.26,175.94,-17.22,1.22
2026-08-09T21:00:00.000,20.79,177.14,-20.77,1.04
2026-08-09T21:10:00.000,9.97,171.85,-9.87,1.41
2026-08-09T21:20:00.000,13.11,242.12,-6.13,-11.59
2026-08-09T21:30:00.000,11.82,216.47,-9.51,-7.03
2026-08-09T21:40:00.000,13.95,201.44,-12.98,-5.1
2026-08-09T21:50:00.000,11.45,214.05,-9.49,-6.41
2026-08-09T22:00:00.000,4.53,214.77,-3.72,-2.58
2026-08-09T22:10:00.000,1.19,285.14,0.31,-1.15
2026-08-09T22:20:00.000,4.14,36.31,3.33,2.45
2026-08-09T22:30:00.000,3.91,341.55,3.71,-1.24
2026-08-09T22:40:00.000,3.34,36.32,2.69,1.98
2026-08-09T22:50:00.000,3.95,68.91,1.42,3.69
2026-08-09T23:00:00.000,2.88,34.9,2.37,1.65
2026-08-09T23:10:00.000,1.38,7.1,1.36,0.17
2026-08-09T23:20:00.000,2.23,18.86,2.11,0.72
2026-08-09T23:30:00.000,6.13,2.42,6.12,0.26
2026-08-09T23:40:00.000,10.39,46.57,7.14,7.54
2026-08-09T23:50:00.000,6.57,95.39,-0.62,6.54
2026-08-10T00:00:00.000,1.13,119.11,-0.55,0.99
2026-08-10T00:10:00.000,3.11,74.06,0.85,2.99
2026-08-10T00:20:00.000,4.51,161.94,-4.29,1.4
2026-08-10T00:30:00.000,3.64,211.95,-3.09,-1.93
2026-08-10T00:40:00.000,1.73,209.77,-1.5,-0.86
2026-08-10T00:50:00.000,0.95,48.7,0.63,0.72
2026-08-10T01:00:00.000,4.66,116.83,-2.1,4.16
2026-08-10T01:10:00.000,6.51,109.81,-2.21,6.13
2026-08-10T01:20:00.000,9.46,94.42,-0.73,9.43
2026-08-10T01:30:00.000,6.78,90.43,-0.05,6.78
2026-08-10T01:40:00.000,6.28,66.87,2.47,5.78
2026-08-10T01:50:00.000,8.89,77.13,1.98,8.67
2026-08-10T02:00:00.000,23.19,116.93,-10.5,20.68
2026-08-10T02:10:00.000,21.74,90.49,-0.19,21.74
2026-08-10T02:20:00.000,10.28,82.28,1.38,10.19
2026-08-10T02:30:00.000,10.24,289.75,3.46,-9.64
2026-08-10T02:40:00.000,5.71,309.45,3.63,-4.41
2026-08-10T02:50:00.000,5.42,190.26,-5.33,-0.97
2026-08-10T03:00:00.000,10.01,186.01,-9.96,-1.05
2026-08-10T03:10:00.000,10.29,178.04,-10.28,0.35
2026-08-10T03:20:00.000,14.47,180.93,-14.47,-0.23
2026-08-10T03:30:00.000,8.39,208.64,-7.36,-4.02
2026-08-10T03:40:00.000,7.11,211.37,-6.07,-3.7
2026-08-10T03:50:00.000,5.6,220.02,-4.29,-3.6
2026-08-10T04:00:00.000,1.77,172.3,-1.76,0.24
2026-08-10T04:10:00.000,2.13,216.35,-1.72,-1.27
2026-08-10T04:20:00.000,0.64,335.99,0.58,-0.26
2026-08-10T04:30:00.000,10.05,350.07,9.9,-1.73
2026-08-10T04:40:00.000,7.45,30.2,6.44,3.75
2026-08-10T04:50:00.000,7.65,14.1,7.42,1.86
2026-08-10T05:00:00.000,8.75,26.19,7.85,3.86
2026-08-10T05:10:00.000,7.08,337.83,6.55,-2.67
2026-08-10T05:20:00.000,3.53,264.84,-0.32,-3.51
2026-08-10T05:30:00.000,1.33,125.96,-0.78,1.08
2026-08-10T05:40:00.000,0.42,84.47,0.04,0.42
2026-08-10T05:50:00.000,5.41,291.17,1.96,-5.05
2026-08-10T06:00:00.000,6.15,307.15,3.71,-4.9
2026-08-10T06:10:00.000,6.17,319.11,4.66,-4.04
2026-08-10T06:20:00.000,0.92,308.07,0.57,-0.72
2026-08-10T06:30:00.000,0.48,24.87,0.43,0.2
2026-08-10T06:40:00.000,0.65,39.55,0.5,0.41
2026-08-10T06:50:00.000,1,3.27,1,0.06
2026-08-10T07:00:00.000,0.44,79.13,0.08,0.43
2026-08-10T07:10:00.000,1.47,194.54,-1.43,-0.37
2026-08-10T07:20:00.000,2.17,181.48,-2.16,-0.06
2026-08-10T07:30:00.000,2.88,271.89,0.1,-2.88
2026-08-10T07:40:00.000,2.75,335.93,2.51,-1.12
2026-08-10T07:50:00.000,0.85,278.84,0.13,-0.84
2026-08-10T08:00:00.000,2.38,279.78,0.4,-2.34
2026-08-10T08:10:00.000,0.84,223.8,-0.61,-0.58
2026-08-10T08:20:00.000,0.4,150.29,-0.34,0.2
2026-08-10T08:30:00.000,3.39,105.8,-0.92,3.26
2026-08-10T08:40:00.000,3.62,177.04,-3.62,0.19
2026-08-10T08:50:00.000,8.61,151.02,-7.54,4.17
2026-08-10T09:00:00.000,7.71,175.28,-7.69,0.63
2026-08-10T09:10:00.000,5.15,159.71,-4.83,1.79
2026-08-10T09:20:00.000,0.18,109.69,-0.06,0.17
2026-08-10T09:30:00.000,5.17,318.78,3.89,-3.4
2026-08-10T09:40:00.000,3.53,349.21,3.47,-0.66
2026-08-10T09:50:00.000,0.74,16.2,0.71,0.21
2026-08-10T10:00:00.000,0.44,66.28,0.18,0.4
2026-08-10T10:10:00.000,2.37,162.31,-2.26,0.72
2026-08-10T10:20:00.000,3.78,219.6,-2.91,-2.41
2026-08-10T10:30:00.000,4.01,241.73,-1.9,-3.53
2026-08-10T10:40:00.000,5.64,211.16,-4.83,-2.92
2026-08-10T10:50:00.000,6.02,203.07,-5.54,-2.36
2026-08-10T11:00:00.000,7.08,199.95,-6.66,-2.42
2026-08-10T11:10:00.000,4.87,202.41,-4.5,-1.86
2026-08-10T11:20:00.000,2.63,217.98,-2.07,-1.62
2026-08-10T11:30:00.000,0.51,150.35,-0.44,0.25
2026-08-10T11:40:00.000,0.33,99.47,-0.05,0.32
2026-08-10T11:50:00.000,0.57,1.37,0.57,0.01
2026-08-10T12:00:00.000,4.89,320.81,3.79,-3.09
2026-08-10T12:10:00.000,5.17,294.54,2.15,-4.7
2026-08-10T12:20:00.000,5.12,271.53,0.14,-5.12
2026-08-10T12:30:00.000,5.36,236.62,-2.95,-4.47
2026-08-10T12:40:00.000,6.19,198.97,-5.85,-2.01
2026-08-10T12:50:00.000,4.37,211.43,-3.72,-2.28
2026-08-10T13:00:00.000,4.13,218.65,-3.22,-2.58
2026-08-10T13:10:00.000,5.11,201.01,-4.77,-1.83
2026-08-10T13:20:00.000,5.24,200.24,-4.92,-1.81
2026-08-10T13:30:00.000,8.7,206.96,-7.76,-3.95
2026-08-10T13:40:00.000,13.82,193.1,-13.46,-3.13
2026-08-10T13:50:00.000,20.04,190.97,-19.68,-3.81
2026-08-10T14:00:00.000,16.47,188.71,-16.28,-2.49
2026-08-10T14:10:00.000,9.9,189.23,-9.77,-1.59
2026-08-10T14:20:00.000,8.45,171.16,-8.35,1.3
2026-08-10T14:30:00.000,5.07,183.92,-5.06,-0.35
2026-08-10T14:40:00.000,3.32,146.55,-2.77,1.83
2026-08-10T14:50:00.000,2.68,138.46,-2,1.78
2026-08-10T15:00:00.000,2.17,108.76,-0.7,2.05
2026-08-10T15:10:00.000,1.97,117.44,-0.91,1.75
2026-08-10T15:20:00.000,3.11,56.15,1.73,2.58
2026-08-10T15:30:00.000,6.1,28.13,5.38,2.87
2026-08-10T15:40:00.000,8.21,54.19,4.8,6.66
2026-08-10T15:50:00.000,10.35,55.67,5.84,8.55
2026-08-10T16:00:00.000,7.28,78.67,1.43,7.14
2026-08-10T16:10:00.000,9.59,71.19,3.09,9.07
2026-08-10T16:20:00.000,8.53,40.27,6.51,5.51
2026-08-10T16:30:00.000,8.23,47.39,5.57,6.06
2026-08-10T16:40:00.000,9.13,48.76,6.02,6.87
2026-08-10T16:50:00.000,11.07,48.7,7.3,8.31
2026-08-10T17:00:00.000,12.27,33.76,10.2,6.82
2026-08-10T17:10:00.000,12.56,21.81,11.66,4.67
2026-08-10T17:20:00.000,17.64,13.96,17.12,4.26
2026-08-10T17:30:00.000,16.4,6.25,16.3,1.78
2026-08-10T17:40:00.000,18.57,14.96,17.94,4.79
2026-08-10T17:50:00.000,8.6,16.8,8.23,2.48
2026-08-10T18:00:00.000,13.23,24.32,12.05,5.45
2026-08-10T18:10:00.000,12.61,24.08,11.51,5.14
2026-08-10T18:20:00.000,10.31,37.52,8.18,6.28
2026-08-10T18:30:00.000,10.8,61.79,5.11,9.52
2026-08-10T18:40:00.000,10.26,65.74,4.22,9.36
2026-08-10T18:50:00.000,7.31,94.58,-0.58,7.29
2026-08-10T19:00:00.000,0.71,83.18,0.08,0.71
2026-08-10T19:10:00.000,4.12,321.76,3.24,-2.55
2026-08-10T19:20:00.000,5.55,0.17,5.55,0.02
2026-08-10T19:30:00.000,3.46,68.78,1.25,3.22
2026-08-10T19:40:00.000,1.95,53.36,1.16,1.56
2026-08-10T19:50:00.000,1.8,69.62,0.63,1.69
2026-08-10T20:00:00.000,3.71,36.08,3,2.18
2026-08-10T20:10:00.000,7.75,1.36,7.75,0.18
2026-08-10T20:20:00.000,6.9,12.42,6.74,1.48
2026-08-10T20:30:00.000,6.23,39.05,4.84,3.93
2026-08-10T20:40:00.000,7.88,44.97,5.58,5.57
2026-08-10T20:50:00.000,7.33,55.86,4.11,6.07
2026-08-10T21:00:00.000,5.17,33.06,4.33,2.82
2026-08-10T21:10:00.000,5.06,18.55,4.79,1.61
2026-08-10T21:20:00.000,6.71,17.57,6.4,2.02
2026-08-10T21:30:00.000,4.66,17.08,4.45,1.37
2026-08-10T21:40:00.000,0.87,89.48,0.01,0.87
2026-08-10T21:50:00.000,2.27,41.82,1.69,1.51
2026-08-10T22:00:00.000,3.64,32.25,3.08,1.94
2026-08-10T22:10:00.000,8.63,46.34,5.96,6.25
2026-08-10T22:20:00.000,9.22,61.91,4.34,8.13
2026-08-10T22:30:00.000,10.59,72.74,3.14,10.12
2026-08-10T22:40:00.000,6.87,59.14,3.53,5.9
2026-08-10T22:50:00.000,8.52,65.88,3.48,7.78
2026-08-10T23:00:00.000,11.63,16.73,11.14,3.35
2026-08-10T23:10:00.000,10.44,28.58,9.17,4.99
2026-08-10T23:20:00.000,11.18,36.64,8.97,6.67
2026-08-10T23:30:00.000,10.7,36.51,8.6,6.37
2026-08-10T23:40:00.000,12.11,33.94,10.05,6.76
2026-08-10T23:50:00.000,9.98,40.98,7.53,6.54
2026-08-11T00:00:00.000,7.02,36.07,5.67,4.13
2026-08-11T00:10:00.000,4.26,64.37,1.84,3.84
2026-08-11T00:20:00.000,2.71,62.42,1.25,2.4
2026-08-11T00:30:00.000,3.02,39.65,2.32,1.92
2026-08-11T00:40:00.000,5.73,31.89,4.87,3.03
2026-08-11T00:50:00.000,6.33,16.74,6.06,1.82
2026-08-11T01:00:00.000,7.33,20.45,6.87,2.56
2026-08-11T01:10:00.000,7.26,28.1,6.4,3.42
2026-08-11T01:20:00.000,7.43,24.34,6.77,3.06
2026-08-11T01:30:00.000,8.96,65.54,3.71,8.15
2026-08-11T01:40:00.000,8.66,76.57,2.01,8.42
2026-08-11T01:50:00.000,4.96,103.93,-1.19,4.82
2026-08-11T02:00:00.000,7.74,149.59,-6.68,3.92
2026-08-11T02:10:00.000,22.14,179.71,-22.14,0.11
2026-08-11T02:20:00.000,35.44,185.66,-35.26,-3.49
2026-08-11T02:30:00.000,49.54,193.66,-48.14,-11.7
2026-08-11T02:40:00.000,44.13,202.21,-40.86,-16.68
2026-08-11T02:50:00.000,24.94,186.45,-24.79,-2.8
2026-08-11T03:00:00.000,44.69,168.54,-43.8,8.88
2026-08-11T03:10:00.000,16.19,193.49,-15.75,-3.78
2026-08-11T03:20:00.000,24.1,215.69,-19.58,-14.06
2026-08-11T03:30:00.000,17.64,178.53,-17.63,0.45
2026-08-11T03:40:00.000,46.47,70.02,15.88,43.67
2026-08-11T03:50:00.000,45.04,87.15,2.24,44.99
2026-08-11T04:00:00.000,24.49,63.84,10.79,21.98
2026-08-11T04:10:00.000,22.88,63.28,10.29,20.44
2026-08-11T04:20:00.000,30.01,80.22,5.1,29.57
2026-08-11T04:30:00.000,19.7,45.67,13.77,14.09
2026-08-11T04:40:00.000,33.2,55.64,18.74,27.41
2026-08-11T04:50:00.000,10.14,38.51,7.93,6.31
2026-08-11T05:00:00.000,22.27,359.98,22.27,-0.01
2026-08-11T05:10:00.000,18.2,3.53,18.17,1.12
2026-08-11T05:20:00.000,25.96,64.05,11.36,23.34
2026-08-11T05:30:00.000,17.98,89.98,0,17.98
2026-08-11T05:40:00.000,0.27,58.66,0.14,0.23
2026-08-11T05:50:00.000,10.3,328.42,8.78,-5.39
2026-08-11T06:00:00.000,12.01,19.48,11.32,4.01
2026-08-11T06:10:00.000,11.9,46.96,8.12,8.7
2026-08-11T06:20:00.000,9.77,75.59,2.43,9.46
2026-08-11T06:30:00.000,7.72,65.96,3.14,7.05
2026-08-11T06:40:00.000,10.46,35.52,8.51,6.07
2026-08-11T06:50:00.000,7.91,12.6,7.72,1.72
2026-08-11T07:00:00.000,8.07,321.57,6.32,-5.02
2026-08-11T07:10:00.000,1.8,328.21,1.53,-0.95
2026-08-11T07:20:00.000,4.13,7.13,4.09,0.51
2026-08-11T07:30:00.000,6.59,330.83,5.75,-3.21
2026-08-11T07:40:00.000,8.44,303.37,4.64,-7.05
2026-08-11T07:50:00.000,1.09,323.58,0.87,-0.65
2026-08-11T08:00:00.000,0.03,172.08,-0.03,0
2026-08-11T08:10:00.000,1.57,64.5,0.68,1.42
2026-08-11T08:20:00.000,3.18,62.74,1.46,2.83
2026-08-11T08:30:00.000,11.5,48.27,7.65,8.58
2026-08-11T08:40:00.000,9.6,1.23,9.59,0.21
2026-08-11T08:50:00.000,8.85,344.12,8.51,-2.42
2026-08-11T09:00:00.000,9.86,339.08,9.21,-3.52
2026-08-11T09:10:00.000,4.22,20.96,3.94,1.51
2026-08-11T09:20:00.000,4.77,120.84,-2.44,4.09
2026-08-11T09:30:00.000,2.36,184.05,-2.35,-0.17
2026-08-11T09:40:00.000,7.95,266.22,-0.52,-7.94
2026-08-11T09:50:00.000,6.38,225.1,-4.51,-4.52
2026-08-11T10:00:00.000,11.11,186.91,-11.03,-1.34
2026-08-11T10:10:00.000,15.83,203.15,-14.55,-6.22
2026-08-11T10:20:00.000,10.59,209.8,-9.19,-5.27
2026-08-11T10:30:00.000,5.39,194.51,-5.21,-1.35
2026-08-11T10:40:00.000,6.31,187.26,-6.26,-0.8
2026-08-11T10:50:00.000,4.7,160.16,-4.42,1.6
2026-08-11T11:00:00.000,8.55,154.72,-7.73,3.65
2026-08-11T11:10:00.000,7.06,145.42,-5.81,4.01
2026-08-11T11:20:00.000,1.46,248.1,-0.54,-1.35
2026-08-11T11:30:00.000,7.34,340.89,6.93,-2.4
2026-08-11T11:40:00.000,6.43,7.93,6.36,0.89
2026-08-11T11:50:00.000,3.87,347.26,3.77,-0.85
2026-08-11T12:00:00.000,4.14,273.61,0.26,-4.13
2026-08-11T12:10:00.000,6.02,253.68,-1.69,-5.78
2026-08-11T12:20:00.000,4.06,241.29,-1.95,-3.56
2026-08-11T12:30:00.000,1.89,285.05,0.49,-1.82
2026-08-11T12:40:00.000,0.19,5.71,0.19,0.02
2026-08-11T12:50:00.000,0.73,16.38,0.7,0.21
2026-08-11T13:00:00.000,1.93,327.35,1.63,-1.04
2026-08-11T13:10:00.000,5.13,2.84,5.12,0.25
2026-08-11T13:20:00.000,6.34,23.07,5.83,2.48
2026-08-11T13:30:00.000,4.89,46.64,3.36,3.55
2026-08-11T13:40:00.000,4.43,60.64,2.17,3.86
2026-08-11T13:50:00.000,0.23,70.3,0.08,0.21
2026-08-11T14:00:00.000,0.17,104.84,-0.04,0.16
2026-08-11T14:10:00.000,0.76,116.94,-0.34,0.68
2026-08-11T14:20:00.000,6.96,158.34,-6.47,2.57
2026-08-11T14:30:00.000,5.63,169.2,-5.53,1.05
2026-08-11T14:40:00.000,7.65,213.93,-6.35,-4.27
2026-08-11T14:50:00.000,12.96,204.86,-11.76,-5.45
2026-08-11T15:00:00.000,25.21,197.97,-23.98,-7.78
2026-08-11T15:10:00.000,32.44,187.05,-32.19,-3.98
2026-08-11T15:20:00.000,29.12,187.7,-28.86,-3.9
2026-08-11T15:30:00.000,25.5,192.4,-24.9,-5.48
2026-08-11T15:40:00.000,25.67,196.59,-24.6,-7.33
2026-08-11T15:50:00.000,23.28,191.25,-22.83,-4.54
2026-08-11T16:00:00.000,12.49,180.55,-12.49,-0.12
2026-08-11T16:10:00.000,6.4,168.68,-6.28,1.26
2026-08-11T16:20:00.000,31.21,57.39,16.82,26.29
2026-08-11T16:30:00.000,31.6,53.46,18.81,25.39
2026-08-11T16:40:00.000,25.41,38.57,19.87,15.84
2026-08-11T16:50:00.000,31.48,49.32,20.52,23.87
2026-08-11T17:00:00.000,32.52,56.51,17.94,27.12
2026-08-11T17:10:00.000,27.47,42.57,20.23,18.58
2026-08-11T17:20:00.000,24.32,22.19,22.52,9.19
2026-08-11T17:30:00.000,26.14,21.52,24.31,9.59
2026-08-11T17:40:00.000,19.68,34.24,16.27,11.07
2026-08-11T17:50:00.000,12.28,36.23,9.9,7.26
2026-08-11T18:00:00.000,16.63,60.68,8.15,14.5
2026-08-11T18:10:00.000,19.63,56.79,10.75,16.42
2026-08-11T18:20:00.000,14.67,47.45,9.92,10.8
2026-08-11T18:30:00.000,11.08,23.96,10.12,4.5
2026-08-11T18:40:00.000,3.25,166.43,-3.16,0.76
2026-08-11T18:50:00.000,8.35,101.54,-1.67,8.19
2026-08-11T19:00:00.000,4,198.99,-3.78,-1.3
2026-08-11T19:10:00.000,3.55,255.71,-0.88,-3.44
2026-08-11T19:20:00.000,4.8,223.55,-3.48,-3.31
2026-08-11T19:30:00.000,3.76,243.02,-1.71,-3.35
2026-08-11T19:40:00.000,0.03,359.69,0.03,0
2026-08-11T19:50:00.000,1.44,345.23,1.39,-0.37
2026-08-11T20:00:00.000,7.1,1.48,7.09,0.18
2026-08-11T20:10:00.000,3.84,272.54,0.17,-3.84
2026-08-11T20:20:00.000,1.24,15.07,1.19,0.32
2026-08-11T20:30:00.000,5.87,25.02,5.32,2.48
2026-08-11T20:40:00.000,18.18,21.77,16.88,6.74
2026-08-11T20:50:00.000,26.58,38.84,20.7,16.67
2026-08-11T21:00:00.000,33.33,42.67,24.51,22.59
2026-08-11T21:10:00.000,37.57,48.48,24.91,28.13
2026-08-11T21:20:00.000,31.83,51.3,19.9,24.84
2026-08-11T21:30:00.000,21.2,51,13.34,16.47
2026-08-11T21:40:00.000,13.45,68.01,5.04,12.47
2026-08-11T21:50:00.000,7.2,12.68,7.03,1.58
2026-08-11T22:00:00.000,11.59,347.22,11.31,-2.57
2026-08-11T22:10:00.000,4.1,3.55,4.09,0.25
2026-08-11T22:20:00.000,9.82,17.22,9.38,2.91
2026-08-11T22:30:00.000,10.17,23.37,9.33,4.03
2026-08-11T22:40:00.000,14.34,24.25,13.07,5.89
2026-08-11T22:50:00.000,14.5,21.39,13.5,5.29
2026-08-11T23:00:00.000,10.06,42.33,7.44,6.78
2026-08-11T23:10:00.000,8.54,32.78,7.18,4.62
2026-08-11T23:20:00.000,17.01,37.46,13.5,10.35
2026-08-11T23:30:00.000,14.8,35.61,12.03,8.62
2026-08-11T23:40:00.000,18.44,27.41,16.37,8.49
2026-08-11T23:50:00.000,18.77,31.86,15.95,9.91
2026-08-12T00:00:00.000,17.56,11.72,17.19,3.57
2026-08-12T00:10:00.000,17.12,26.63,15.3,7.67
2026-08-12T00:20:00.000,13.39,37.75,10.59,8.2
2026-08-12T00:30:00.000,12.86,30.7,11.06,6.57
2026-08-12T00:40:00.000,16.3,37.11,13,9.84
2026-08-12T00:50:00.000,18.25,50.88,11.51,14.16
2026-08-12T01:00:00.000,13.67,42.01,10.16,9.15
2026-08-12T01:10:00.000,14.23,45.15,10.03,10.09
2026-08-12T01:20:00.000,18.92,59.05,9.73,16.23
2026-08-12T01:30:00.000,15.93,55.06,9.12,13.06
2026-08-12T01:40:00.000,10.31,53.58,6.12,8.3
2026-08-12T01:50:00.000,6.3,174.95,-6.28,0.55
2026-08-12T02:00:00.000,13.97,197.74,-13.31,-4.26
2026-08-12T02:10:00.000,14.74,203.35,-13.54,-5.84
2026-08-12T02:20:00.000,21.17,193.75,-20.57,-5.03
2026-08-12T02:30:00.000,21.24,186.9,-21.09,-2.55
2026-08-12T02:40:00.000,26.67,181.01,-26.66,-0.47
2026-08-12T02:50:00.000,32.57,183.43,-32.51,-1.95
2026-08-12T03:00:00.000,34.63,187.59,-34.33,-4.57
2026-08-12T03:10:00.000,27.45,180.96,-27.45,-0.46
2026-08-12T03:20:00.000,35.4,183.64,-35.33,-2.24
2026-08-12T03:30:00.000,35.22,181.97,-35.2,-1.21
2026-08-12T03:40:00.000,30.39,203.14,-27.94,-11.94
2026-08-12T03:50:00.000,20.28,216.06,-16.4,-11.94
2026-08-12T04:00:00.000,7.09,222.12,-5.26,-4.76
2026-08-12T04:10:00.000,9.9,34.62,8.15,5.62
2026-08-12T04:20:00.000,8.7,45.1,6.14,6.16
2026-08-12T04:30:00.000,1.16,68.52,0.42,1.07
2026-08-12T04:40:00.000,0.89,128.26,-0.55,0.7
2026-08-12T04:50:00.000,8,94.67,-0.65,7.98
2026-08-12T05:00:00.000,7.05,129.18,-4.45,5.46
2026-08-12T05:10:00.000,0.58,253.26,-0.17,-0.55
2026-08-12T05:20:00.000,9.04,353.21,8.97,-1.07
2026-08-12T05:30:00.000,0.22,38.65,0.17,0.14
2026-08-12T05:40:00.000,7.31,6.16,7.27,0.78
2026-08-12T05:50:00.000,7.45,27.47,6.61,3.44
2026-08-12T06:00:00.000,19.65,16.44,18.85,5.56
2026-08-12T06:10:00.000,19.41,33.7,16.15,10.77
2026-08-12T06:20:00.000,21.74,39.92,16.67,13.95
2026-08-12T06:30:00.000,28.25,40.04,21.63,18.17
2026-08-12T06:40:00.000,22,32.89,18.48,11.95
2026-08-12T06:50:00.000,21.09,22.49,19.48,8.07
2026-08-12T07:00:00.000,13.23,56.69,7.27,11.06
2026-08-12T07:10:00.000,10.8,29.84,9.37,5.37
2026-08-12T07:20:00.000,11.78,350.29,11.61,-1.99
2026-08-12T07:30:00.000,9.46,256.94,-2.14,-9.22
2026-08-12T07:40:00.000,8.58,195.71,-8.26,-2.32
2026-08-12T07:50:00.000,9.39,159.77,-8.81,3.25
2026-08-12T08:00:00.000,1.33,159.94,-1.25,0.46
2026-08-12T08:10:00.000,2.68,53.21,1.6,2.14
2026-08-12T08:20:00.000,15.28,22.88,14.08,5.94
2026-08-12T08:30:00.000,15.49,28.33,13.63,7.35
2026-08-12T08:40:00.000,9.66,37.73,7.64,5.91
2026-08-12T08:50:00.000,3.44,84.09,0.35,3.42
2026-08-12T09:00:00.000,9.46,135,-6.69,6.69
2026-08-12T09:10:00.000,9.85,165.38,-9.53,2.48
2026-08-12T09:20:00.000,11.58,219.15,-8.98,-7.31
2026-08-12T09:30:00.000,18.75,233.92,-11.04,-15.16
2026-08-12T09:40:00.000,19.75,245.73,-8.12,-18
2026-08-12T09:50:00.000,13.76,217.89,-10.86,-8.45
2026-08-12T10:00:00.000,13.83,204.99,-12.53,-5.84
2026-08-12T10:10:00.000,13.65,199.8,-12.85,-4.62
2026-08-12T10:20:00.000,11.98,217.16,-9.54,-7.23
2026-08-12T10:30:00.000,9.87,229.51,-6.41,-7.51
2026-08-12T10:40:00.000,5.06,205.95,-4.55,-2.21
2026-08-12T10:50:00.000,7.91,181.74,-7.91,-0.24
2026-08-12T11:00:00.000,8.98,183.39,-8.97,-0.53
2026-08-12T11:10:00.000,14.75,145.52,-12.16,8.35
2026-08-12T11:20:00.000,17.34,153,-15.45,7.87
2026-08-12T11:30:00.000,7.17,132.22,-4.82,5.31
2026-08-12T11:40:00.000,14.45,332.87,12.86,-6.59
2026-08-12T11:50:00.000,9.09,24.8,8.25,3.81
2026-08-12T12:00:00.000,8.43,77.56,1.82,8.23
2026-08-12T12:10:00.000,7.17,109.14,-2.35,6.78
2026-08-12T12:20:00.000,6.54,156.59,-6,2.6
2026-08-12T12:30:00.000,0.35,104.16,-0.08,0.34
2026-08-12T12:40:00.000,0.21,335.41,0.19,-0.09
2026-08-12T12:50:00.000,11.53,347.77,11.27,-2.44
2026-08-12T13:00:00.000,8.11,171.89,-8.03,1.14
2026-08-12T13:10:00.000,117.87,202.96,-108.53,-45.97
2026-08-12T13:20:00.000,31.19,206.85,-27.83,-14.09
2026-08-12T13:30:00.000,30.28,40.96,22.87,19.85
