time,temp - depth 200,temp - depth 199,temp - depth 197,temp - depth 195,Station,bottom_depth
2026-06-18T15:00:00,22.027,22.0381,22.4,22.5,In,200
2026-06-18T15:10:00,22.037,22.0189,22.3,22.5,In,200
2026-06-18T15:20:00,22.037,22.0313,22.2,22.5,In,200
2026-06-18T15:30:00,22.102,22.0985,22.3,22.4,In,200
2026-06-18T15:40:00,22.134,22.1562,22.3,22.4,In,200
2026-06-18T15:50:00,22.166,22.1809,22.3,22.4,In,200
2026-06-18T16:00:00,22.037,22.0697,22.4,22.5,In,200
2026-06-18T16:10:00,21.994,21.9791,22.4,22.6,In,200
2026-06-18T16:20:00,21.973,21.9873,22.4,22.6,In,200
2026-06-18T16:30:00,22.069,22.1013,22.5,22.6,In,200
2026-06-18T16:40:00,22.102,22.1246,22.3,22.5,In,200
2026-06-18T16:50:00,21.994,22.0052,22.2,22.4,In,200
2026-06-18T17:00:00,21.941,21.9626,22.3,22.5,In,200
2026-06-18T17:10:00,21.919,21.9255,22.4,22.5,In,200
2026-06-18T17:20:00,21.866,21.8693,22.4,22.6,In,200
2026-06-18T17:30:00,21.866,21.8693,22.3,22.4,In,200
2026-06-18T17:40:00,21.876,21.8734,22.2,22.3,In,200
2026-06-18T17:50:00,21.876,21.883,22.2,22.3,In,200
2026-06-18T18:00:00,21.898,21.8871,22.2,22.3,In,200
2026-06-18T18:10:00,21.898,21.9008,22.1,22.3,In,200
2026-06-18T18:20:00,21.941,21.9736,22.2,22.3,In,200
2026-06-18T18:30:00,21.962,21.9832,22.2,22.3,In,200
2026-06-18T18:40:00,21.984,21.9887,22.1,22.3,In,200
2026-06-18T18:50:00,22.016,21.9997,22.2,22.4,In,200
2026-06-18T19:00:00,22.037,22.0271,22.3,22.4,In,200
2026-06-18T19:10:00,22.048,22.0532,22.2,22.4,In,200
2026-06-18T19:20:00,22.091,22.0848,22.3,22.4,In,200
2026-06-18T19:30:00,22.145,22.1658,22.3,22.4,In,200
2026-06-18T19:40:00,22.22,22.2331,22.3,22.5,In,200
2026-06-18T19:50:00,22.284,22.295,22.4,22.5,In,200
2026-06-18T20:00:00,22.316,22.3293,22.4,22.6,In,200
2026-06-18T20:10:00,22.284,22.3087,22.5,22.7,In,200
2026-06-18T20:20:00,22.23,22.284,22.5,22.8,In,200
2026-06-18T20:30:00,22.123,22.137,22.6,22.7,In,200
2026-06-18T20:40:00,22.091,22.0903,22.6,22.7,In,200
2026-06-18T20:50:00,22.069,22.0683,22.6,22.7,In,200
2026-06-18T21:00:00,22.08,22.0724,22.6,22.7,In,200
2026-06-18T21:10:00,22.08,22.0711,22.4,22.5,In,200
2026-06-18T21:20:00,22.091,22.0793,22.4,22.5,In,200
2026-06-18T21:30:00,22.102,22.0944,22.3,22.5,In,200
2026-06-18T21:40:00,22.123,22.1301,22.4,22.5,In,200
2026-06-18T21:50:00,22.145,22.1837,22.4,22.5,In,200
2026-06-18T22:00:00,22.338,22.3197,22.3,22.5,In,200
2026-06-18T22:10:00,22.413,22.4297,22.4,22.5,In,200
2026-06-18T22:20:00,22.381,22.4311,22.4,22.6,In,200
2026-06-18T22:30:00,22.198,22.2854,22.6,22.7,In,200
2026-06-18T22:40:00,22.177,22.24,22.7,22.8,In,200
2026-06-18T22:50:00,22.187,22.2029,22.7,23,In,200
2026-06-18T23:00:00,22.177,22.1837,22.8,23,In,200
2026-06-18T23:10:00,22.177,22.159,22.5,22.7,In,200
2026-06-18T23:20:00,22.187,22.1919,22.5,22.7,In,200
2026-06-18T23:30:00,22.295,22.2977,22.4,22.6,In,200
2026-06-18T23:40:00,22.466,22.4847,22.4,22.5,In,200
2026-06-18T23:50:00,22.541,22.5768,22.4,22.6,In,200
2026-06-19T00:00:00,22.134,22.1837,22.5,22.6,In,200
2026-06-19T00:10:00,22.091,22.0917,22.6,22.8,In,200
2026-06-19T00:20:00,22.08,22.0848,22.8,22.9,In,200
2026-06-19T00:30:00,22.091,22.0862,22.9,23,In,200
2026-06-19T00:40:00,22.091,22.0985,22.4,22.6,In,200
2026-06-19T00:50:00,22.059,22.0587,22.3,22.4,In,200
2026-06-19T01:00:00,22.027,22.0271,22.3,22.5,In,200
2026-06-19T01:10:00,22.016,22.0162,22.4,22.5,In,200
2026-06-19T01:20:00,21.962,21.9969,22.4,22.5,In,200
2026-06-19T01:30:00,21.941,21.942,22.2,22.5,In,200
2026-06-19T01:40:00,21.941,21.931,22.3,22.4,In,200
2026-06-19T01:50:00,21.941,21.9475,22.3,22.5,In,200
2026-06-19T02:00:00,21.994,21.9901,22.2,22.4,In,200
2026-06-19T02:10:00,22.027,22.0656,22.2,22.4,In,200
2026-06-19T02:20:00,22.102,22.1095,22.2,22.4,In,200
2026-06-19T02:30:00,22.037,22.0724,22.3,22.4,In,200
2026-06-19T02:40:00,21.952,21.9969,22.3,22.4,In,200
2026-06-19T02:50:00,21.941,21.9379,22.4,22.5,In,200
2026-06-19T03:00:00,21.919,21.9557,22.4,22.6,In,200
2026-06-19T03:10:00,22.005,22.0052,22.3,22.5,In,200
2026-06-19T03:20:00,21.962,22.0148,22.3,22.4,In,200
2026-06-19T03:30:00,21.93,21.9352,22.2,22.4,In,200
2026-06-19T03:40:00,21.919,21.9201,22.3,22.4,In,200
2026-06-19T03:50:00,21.919,21.9228,22.3,22.4,In,200
2026-06-19T04:00:00,21.93,21.9201,22.3,22.4,In,200
2026-06-19T04:10:00,21.93,21.9214,22.2,22.4,In,200
2026-06-19T04:20:00,21.909,21.9228,22.2,22.3,In,200
2026-06-19T04:30:00,21.919,21.9228,22.2,22.4,In,200
2026-06-19T04:40:00,21.919,21.9201,22.2,22.3,In,200
2026-06-19T04:50:00,21.93,21.9228,22.2,22.3,In,200
2026-06-19T05:00:00,21.93,21.9255,22.2,22.4,In,200
2026-06-19T05:10:00,21.919,21.9255,22.2,22.3,In,200
2026-06-19T05:20:00,21.962,21.9434,22.2,22.3,In,200
2026-06-19T05:30:00,21.962,21.9695,22.2,22.4,In,200
2026-06-19T05:40:00,22.005,21.9983,22.2,22.4,In,200
2026-06-19T05:50:00,22.005,21.9997,22.2,22.4,In,200
2026-06-19T06:00:00,22.016,21.9956,22.2,22.4,In,200
2026-06-19T06:10:00,21.994,22.0065,22.2,22.4,In,200
2026-06-19T06:20:00,22.027,22.0203,22.3,22.4,In,200
2026-06-19T06:30:00,22.037,22.0381,22.2,22.4,In,200
2026-06-19T06:40:00,22.08,22.0683,22.2,22.4,In,200
2026-06-19T06:50:00,22.091,22.0848,22.3,22.4,In,200
2026-06-19T07:00:00,22.102,22.0958,22.3,22.5,In,200
2026-06-19T07:10:00,22.123,22.1452,22.3,22.5,In,200
2026-06-19T07:20:00,22.198,22.2194,22.3,22.5,In,200
2026-06-19T07:30:00,22.241,22.2648,22.4,22.5,In,200
2026-06-19T07:40:00,22.241,22.2524,22.4,22.6,In,200
2026-06-19T07:50:00,22.23,22.2716,22.5,22.6,In,200
2026-06-19T08:00:00,22.305,22.3183,22.5,22.6,In,200
2026-06-19T08:10:00,22.23,22.2538,22.6,22.7,In,200
2026-06-19T08:20:00,22.23,22.2455,22.6,22.7,In,200
2026-06-19T08:30:00,22.241,22.251,22.6,22.8,In,200
2026-06-19T08:40:00,22.123,22.1425,22.6,22.7,In,200
2026-06-19T08:50:00,22.08,22.0999,22.5,22.6,In,200
2026-06-19T09:00:00,22.166,22.1713,22.5,22.6,In,200
2026-06-19T09:10:00,22.263,22.2799,22.6,22.6,In,200
2026-06-19T09:20:00,22.359,22.3678,22.4,22.5,In,200
2026-06-19T09:30:00,22.391,22.3912,22.4,22.5,In,200
2026-06-19T09:40:00,22.252,22.2579,22.5,22.6,In,200
2026-06-19T09:50:00,22.295,22.317,22.6,22.7,In,200
2026-06-19T10:00:00,22.209,22.2167,22.6,22.8,In,200
2026-06-19T10:10:00,22.187,22.1796,22.7,22.8,In,200
2026-06-19T10:20:00,22.177,22.1851,22.6,22.7,In,200
2026-06-19T10:30:00,22.177,22.1906,22.7,22.8,In,200
2026-06-19T10:40:00,22.273,22.2565,22.5,22.6,In,200
2026-06-19T10:50:00,22.327,22.3362,22.4,22.6,In,200
2026-06-19T11:00:00,22.391,22.4036,22.5,22.6,In,200
2026-06-19T11:10:00,22.338,22.4283,22.5,22.6,In,200
2026-06-19T11:20:00,22.305,22.3348,22.6,22.7,In,200
2026-06-19T11:30:00,22.305,22.3142,22.6,22.7,In,200
2026-06-19T11:40:00,22.102,22.1439,22.7,22.9,In,200
2026-06-19T11:50:00,22.069,22.0862,22.7,22.9,In,200
2026-06-19T12:00:00,22.048,22.045,22.6,22.7,In,200
2026-06-19T12:10:00,21.973,21.9969,22.6,22.7,In,200
2026-06-19T12:20:00,22.069,22.0711,22.4,22.5,In,200
2026-06-19T12:30:00,22.102,22.093,22.3,22.5,In,200
2026-06-19T12:40:00,22.005,22.0271,22.3,22.5,In,200
2026-06-19T12:50:00,21.984,21.9914,22.3,22.5,In,200
2026-06-19T13:00:00,21.984,21.9928,22.4,22.5,In,200
2026-06-19T13:10:00,22.016,22.0024,22.3,22.4,In,200
2026-06-19T13:20:00,22.048,22.0422,22.3,22.5,In,200
2026-06-19T13:30:00,22.112,22.126,22.3,22.4,In,200
2026-06-19T13:40:00,22.112,22.1425,22.3,22.4,In,200
2026-06-19T13:50:00,21.984,21.9914,22.3,22.4,In,200
2026-06-19T14:00:00,21.984,21.9832,22.3,22.5,In,200
2026-06-19T14:10:00,21.973,21.9859,22.4,22.6,In,200
2026-06-19T14:20:00,21.984,21.9887,22.4,22.5,In,200
2026-06-19T14:30:00,21.919,21.9475,22.3,22.5,In,200
2026-06-19T14:40:00,21.93,21.9283,22.2,22.5,In,200
2026-06-19T14:50:00,21.919,21.9159,22.3,22.4,In,200
2026-06-19T15:00:00,21.919,21.9214,22.3,22.6,In,200
2026-06-19T15:10:00,21.941,21.9448,22.2,22.4,In,200
2026-06-19T15:20:00,21.962,21.9654,22.2,22.3,In,200
2026-06-19T15:30:00,22.005,21.9859,22.2,22.3,In,200
2026-06-19T15:40:00,21.973,21.9736,22.2,22.3,In,200
2026-06-19T15:50:00,21.93,21.9448,22.2,22.4,In,200
2026-06-19T16:00:00,21.93,21.9338,22.3,22.4,In,200
2026-06-19T16:10:00,21.93,21.9242,22.2,22.4,In,200
2026-06-19T16:20:00,21.866,21.8857,22.3,22.4,In,200
2026-06-19T16:30:00,21.866,21.8857,22.2,22.4,In,200
2026-06-19T16:40:00,21.876,21.9063,22.2,22.4,In,200
2026-06-19T16:50:00,21.919,21.9228,22.2,22.3,In,200
2026-06-19T17:00:00,21.941,21.9255,22.1,22.3,In,200
2026-06-19T17:10:00,21.941,21.931,22.2,22.3,In,200
2026-06-19T17:20:00,21.93,21.9338,22.2,22.3,In,200
2026-06-19T17:30:00,21.962,21.9448,22.2,22.4,In,200
2026-06-19T17:40:00,21.962,21.953,22.2,22.4,In,200
2026-06-19T17:50:00,21.984,21.9571,22.2,22.3,In,200
2026-06-19T18:00:00,21.973,21.9805,22.2,22.4,In,200
2026-06-19T18:10:00,21.962,21.9969,22.2,22.4,In,200
2026-06-19T18:20:00,21.994,22.0326,22.3,22.4,In,200
2026-06-19T18:30:00,22.005,22.0162,22.2,22.4,In,200
2026-06-19T18:40:00,21.994,22.0093,22.3,22.4,In,200
2026-06-19T18:50:00,22.027,22.034,22.3,22.5,In,200
2026-06-19T19:00:00,22.048,22.0519,22.3,22.4,In,200
2026-06-19T19:10:00,22.037,22.0477,22.3,22.4,In,200
2026-06-19T19:20:00,21.994,22.0079,22.3,22.4,In,200
2026-06-19T19:30:00,22.027,22.0244,22.3,22.5,In,200
2026-06-19T19:40:00,22.027,22.0313,22.4,22.5,In,200
2026-06-19T19:50:00,22.037,22.0422,22.3,22.5,In,200
2026-06-19T20:00:00,21.984,22.0052,22.3,22.4,In,200
2026-06-19T20:10:00,21.994,22.0148,22.3,22.4,In,200
2026-06-19T20:20:00,21.984,21.9914,22.3,22.4,In,200
2026-06-19T20:30:00,22.005,22.0162,22.3,22.5,In,200
2026-06-19T20:40:00,22.069,22.104,22.2,22.4,In,200
2026-06-19T20:50:00,22.134,22.1356,22.3,22.5,In,200
2026-06-19T21:00:00,22.166,22.1603,22.3,22.5,In,200
2026-06-19T21:10:00,22.187,22.1809,22.4,22.5,In,200
2026-06-19T21:20:00,22.456,22.4957,22.4,22.6,In,200
2026-06-19T21:30:00,22.681,22.713,22.4,22.6,In,200
2026-06-19T21:40:00,22.37,22.4998,22.4,22.6,In,200
2026-06-19T21:50:00,22.477,22.4682,22.5,22.7,In,200
2026-06-19T22:00:00,22.37,22.4228,22.8,23,In,200
2026-06-19T22:10:00,22.37,22.3774,23,23.2,In,200
2026-06-19T22:20:00,22.177,22.2235,22.7,23,In,200
2026-06-19T22:30:00,22.134,22.1452,22.7,22.9,In,200
2026-06-19T22:40:00,22.22,22.2318,22.6,22.7,In,200
2026-06-19T22:50:00,22.456,22.4833,22.7,22.8,In,200
2026-06-19T23:00:00,22.187,22.295,22.4,22.6,In,200
2026-06-19T23:10:00,22.08,22.1191,22.4,22.6,In,200
2026-06-19T23:20:00,22.069,22.045,22.8,22.9,In,200
2026-06-19T23:30:00,22.187,22.17,22.7,22.9,In,200
2026-06-19T23:40:00,22.209,22.3142,22.6,22.7,In,200
2026-06-19T23:50:00,21.984,22.0107,22.4,22.5,In,200
2026-06-20T00:00:00,22.005,22.0285,22.3,22.5,In,200
2026-06-20T00:10:00,22.069,22.0519,22.6,22.7,In,200
2026-06-20T00:20:00,22.134,22.1329,22.5,22.7,In,200
2026-06-20T00:30:00,22.048,22.0766,22.3,22.4,In,200
2026-06-20T00:40:00,22.005,22.0271,22.3,22.5,In,200
2026-06-20T00:50:00,22.016,21.9997,22.3,22.5,In,200
2026-06-20T01:00:00,21.994,21.9956,22.4,22.6,In,200
2026-06-20T01:10:00,21.994,21.9983,22.3,22.4,In,200
2026-06-20T01:20:00,22.005,21.9969,22.3,22.4,In,200
2026-06-20T01:30:00,21.994,21.9914,22.2,22.4,In,200
2026-06-20T01:40:00,21.994,21.9969,22.3,22.4,In,200
2026-06-20T01:50:00,22.016,22.0216,22.3,22.4,In,200
2026-06-20T02:00:00,22.08,22.056,22.3,22.4,In,200
2026-06-20T02:10:00,21.994,22.0216,22.3,22.4,In,200
2026-06-20T02:20:00,21.952,21.9667,22.3,22.4,In,200
2026-06-20T02:30:00,21.93,21.9283,22.3,22.5,In,200
2026-06-20T02:40:00,21.941,21.9173,22.3,22.5,In,200
2026-06-20T02:50:00,21.93,21.9132,22.3,22.4,In,200
2026-06-20T03:00:00,21.93,21.9118,22.3,22.4,In,200
2026-06-20T03:10:00,21.919,21.9105,22.2,22.4,In,200
2026-06-20T03:20:00,21.887,21.8995,22.2,22.4,In,200
2026-06-20T03:30:00,21.887,21.8899,22.2,22.3,In,200
2026-06-20T03:40:00,21.919,21.9105,22.1,22.3,In,200
2026-06-20T03:50:00,21.93,21.9118,22.2,22.3,In,200
2026-06-20T04:00:00,21.919,21.9036,22.1,22.3,In,200
2026-06-20T04:10:00,21.909,21.9022,22.2,22.3,In,200
2026-06-20T04:20:00,21.909,21.905,22.2,22.3,In,200
2026-06-20T04:30:00,21.93,21.9283,22.2,22.4,In,200
2026-06-20T04:40:00,21.962,21.9393,22.1,22.3,In,200
2026-06-20T04:50:00,21.941,21.9434,22.1,22.3,In,200
2026-06-20T05:00:00,21.93,21.9448,22.2,22.3,In,200
2026-06-20T05:10:00,21.941,21.9324,22.2,22.3,In,200
2026-06-20T05:20:00,21.909,21.9173,22.2,22.4,In,200
2026-06-20T05:30:00,21.919,21.9173,22.3,22.4,In,200
2026-06-20T05:40:00,21.919,21.9242,22.2,22.4,In,200
2026-06-20T05:50:00,21.93,21.9255,22.2,22.3,In,200
2026-06-20T06:00:00,21.93,21.9365,22.2,22.4,In,200
2026-06-20T06:10:00,21.952,22.0148,22.2,22.3,In,200
2026-06-20T06:20:00,22.048,22.0464,22.2,22.3,In,200
2026-06-20T06:30:00,22.037,22.0464,22.2,22.3,In,200
2026-06-20T06:40:00,21.952,22.0024,22.2,22.4,In,200
2026-06-20T06:50:00,21.962,21.9942,22.3,22.5,In,200
2026-06-20T07:00:00,21.984,21.9983,22.3,22.5,In,200
2026-06-20T07:10:00,22.037,22.034,22.3,22.4,In,200
2026-06-20T07:20:00,22.069,22.0642,22.3,22.4,In,200
2026-06-20T07:30:00,22.091,22.0834,22.3,22.5,In,200
2026-06-20T07:40:00,22.091,22.0944,22.2,22.4,In,200
2026-06-20T07:50:00,22.069,22.0944,22.3,22.4,In,200
2026-06-20T08:00:00,22.091,22.0642,22.3,22.4,In,200
2026-06-20T08:10:00,22.069,22.0615,22.3,22.5,In,200
2026-06-20T08:20:00,22.102,22.1027,22.3,22.5,In,200
2026-06-20T08:30:00,22.145,22.1356,22.3,22.5,In,200
2026-06-20T08:40:00,22.112,22.137,22.3,22.4,In,200
2026-06-20T08:50:00,22.198,22.1933,22.3,22.5,In,200
2026-06-20T09:00:00,22.209,22.2084,22.4,22.6,In,200
2026-06-20T09:10:00,22.22,22.2277,22.4,22.6,In,200
2026-06-20T09:20:00,22.22,22.2386,22.4,22.6,In,200
2026-06-20T09:30:00,22.091,22.1576,22.4,22.6,In,200
2026-06-20T09:40:00,22.112,22.115,22.5,22.6,In,200
2026-06-20T09:50:00,22.123,22.1439,22.5,22.6,In,200
2026-06-20T10:00:00,22.198,22.2153,22.5,22.6,In,200
2026-06-20T10:10:00,22.23,22.2538,22.4,22.6,In,200
2026-06-20T10:20:00,22.198,22.229,22.4,22.6,In,200
2026-06-20T10:30:00,22.134,22.1219,22.5,22.6,In,200
2026-06-20T10:40:00,22.102,22.0972,22.5,22.7,In,200
2026-06-20T10:50:00,22.091,22.0985,22.5,22.7,In,200
2026-06-20T11:00:00,22.048,22.0381,22.5,22.6,In,200
2026-06-20T11:10:00,21.973,21.9763,22.4,22.5,In,200
2026-06-20T11:20:00,21.984,21.9942,22.4,22.5,In,200
2026-06-20T11:30:00,22.069,22.0793,22.4,22.5,In,200
2026-06-20T11:40:00,22.22,22.2648,22.3,22.4,In,200
2026-06-20T11:50:00,22.263,22.251,22.2,22.4,In,200
2026-06-20T12:00:00,22.263,22.2744,22.3,22.4,In,200
2026-06-20T12:10:00,22.23,22.2483,22.4,22.6,In,200
2026-06-20T12:20:00,22.209,22.2098,22.5,22.6,In,200
2026-06-20T12:30:00,22.123,22.1205,22.6,22.7,In,200
2026-06-20T12:40:00,22.037,22.0436,22.5,22.7,In,200
2026-06-20T12:50:00,22.016,22.0162,22.5,22.7,In,200
2026-06-20T13:00:00,22.005,22.0134,22.4,22.6,In,200
2026-06-20T13:10:00,22.027,22.0203,22.4,22.5,In,200
2026-06-20T13:20:00,22.005,22.0079,22.3,22.5,In,200
2026-06-20T13:30:00,21.952,21.9681,22.3,22.4,In,200
2026-06-20T13:40:00,21.93,21.9201,22.3,22.4,In,200
2026-06-20T13:50:00,21.93,21.9132,22.3,22.4,In,200
2026-06-20T14:00:00,21.909,21.905,22.3,22.4,In,200
2026-06-20T14:10:00,21.876,21.8857,22.3,22.4,In,200
2026-06-20T14:20:00,21.887,21.8789,22.1,22.3,In,200
2026-06-20T14:30:00,21.876,21.8775,22.1,22.3,In,200
2026-06-20T14:40:00,21.876,21.8789,22.2,22.3,In,200
2026-06-20T14:50:00,21.866,21.8789,22.1,22.4,In,200
2026-06-20T15:00:00,21.887,21.8803,22.2,22.3,In,200
2026-06-20T15:10:00,21.887,21.883,22.1,22.3,In,200
2026-06-20T15:20:00,21.887,21.8857,22.2,22.2,In,200
2026-06-20T15:30:00,21.898,21.8926,22.2,22.3,In,200
2026-06-20T15:40:00,21.898,21.8995,22.2,22.4,In,200
2026-06-20T15:50:00,21.898,21.8995,22.1,22.3,In,200
2026-06-20T16:00:00,21.909,21.9036,22.1,22.3,In,200
2026-06-20T16:10:00,21.919,21.9132,22.1,22.3,In,200
2026-06-20T16:20:00,21.962,21.9393,22.1,22.3,In,200
2026-06-20T16:30:00,21.962,21.9475,22.2,22.3,In,200
2026-06-20T16:40:00,21.952,21.9503,22.1,22.4,In,200
2026-06-20T16:50:00,21.93,21.9187,22.2,22.4,In,200
2026-06-20T17:00:00,21.909,21.9146,22.2,22.3,In,200
2026-06-20T17:10:00,21.898,21.905,22.2,22.4,In,200
2026-06-20T17:20:00,21.909,21.9077,22.2,22.3,In,200
2026-06-20T17:30:00,21.919,21.9228,22.1,22.3,In,200
2026-06-20T17:40:00,21.93,21.9324,22.2,22.3,In,200
2026-06-20T17:50:00,21.941,21.953,22.2,22.3,In,200
2026-06-20T18:00:00,21.941,21.9654,22.1,22.3,In,200
2026-06-20T18:10:00,21.962,21.9708,22.2,22.4,In,200
2026-06-20T18:20:00,21.994,21.9763,22.2,22.4,In,200
2026-06-20T18:30:00,21.984,21.9791,22.3,22.4,In,200
2026-06-20T18:40:00,21.973,21.9777,22.2,22.4,In,200
2026-06-20T18:50:00,21.952,21.9695,22.2,22.3,In,200
2026-06-20T19:00:00,21.93,21.9571,22.2,22.4,In,200
2026-06-20T19:10:00,21.93,21.9393,22.2,22.4,In,200
2026-06-20T19:20:00,21.93,21.9338,22.2,22.4,In,200
2026-06-20T19:30:00,21.919,21.9242,22.2,22.4,In,200
2026-06-20T19:40:00,21.898,21.9077,22.2,22.4,In,200
2026-06-20T19:50:00,21.909,21.9091,22.2,22.4,In,200
2026-06-20T20:00:00,21.919,21.9118,22.3,22.4,In,200
2026-06-20T20:10:00,21.909,21.9063,22.2,22.3,In,200
2026-06-20T20:20:00,21.887,21.9091,22.2,22.3,In,200
2026-06-20T20:30:00,21.93,21.9132,22.2,22.3,In,200
2026-06-20T20:40:00,21.941,21.9297,22.2,22.3,In,200
2026-06-20T20:50:00,21.93,21.942,22.2,22.3,In,200
2026-06-20T21:00:00,21.952,21.9516,22.2,22.3,In,200
2026-06-20T21:10:00,21.952,21.9406,22.2,22.3,In,200
2026-06-20T21:20:00,21.941,21.9324,22.2,22.4,In,200
2026-06-20T21:30:00,21.952,21.9599,22.2,22.3,In,200
2026-06-20T21:40:00,22.005,22.0038,22.2,22.4,In,200
2026-06-20T21:50:00,21.973,21.9859,22.2,22.3,In,200
2026-06-20T22:00:00,21.973,21.964,22.2,22.4,In,200
2026-06-20T22:10:00,21.962,21.9722,22.2,22.4,In,200
2026-06-20T22:20:00,21.984,21.9777,22.3,22.5,In,200
2026-06-20T22:30:00,22.016,22.0107,22.2,22.4,In,200
2026-06-20T22:40:00,22.102,22.0834,22.3,22.4,In,200
2026-06-20T22:50:00,22.102,22.1219,22.3,22.4,In,200
2026-06-20T23:00:00,22.102,22.1095,22.2,22.4,In,200
2026-06-20T23:10:00,22.091,22.1013,22.3,22.4,In,200
2026-06-20T23:20:00,22.102,22.0985,22.3,22.6,In,200
2026-06-20T23:30:00,22.112,22.115,22.4,22.6,In,200
2026-06-20T23:40:00,22.273,22.2744,22.3,22.5,In,200
2026-06-20T23:50:00,22.423,22.4077,22.4,22.5,In,200
2026-06-21T00:00:00,22.509,22.5356,22.4,22.4,In,200
2026-06-21T00:10:00,22.541,22.5479,22.4,22.5,In,200
2026-06-21T00:20:00,22.563,22.5493,22.6,22.7,In,200
2026-06-21T00:30:00,22.541,22.5301,22.7,23,In,200
2026-06-21T00:40:00,22.466,22.4888,22.8,23,In,200
2026-06-21T00:50:00,22.423,22.486,22.8,23,In,200
2026-06-21T01:00:00,22.091,22.1191,22.8,22.9,In,200
2026-06-21T01:10:00,22.037,22.0285,22.8,22.9,In,200
2026-06-21T01:20:00,22.005,22.0093,22.7,22.9,In,200
2026-06-21T01:30:00,22.027,22.0216,22.6,22.8,In,200
2026-06-21T01:40:00,22.037,22.0216,22.3,22.5,In,200
2026-06-21T01:50:00,22.005,21.9956,22.3,22.4,In,200
2026-06-21T02:00:00,21.994,21.9873,22.2,22.4,In,200
2026-06-21T02:10:00,21.973,21.9805,22.3,22.5,In,200
2026-06-21T02:20:00,21.876,21.9255,22.2,22.4,In,200
2026-06-21T02:30:00,21.844,21.8556,22.3,22.4,In,200
2026-06-21T02:40:00,21.866,21.872,22.2,22.3,In,200
2026-06-21T02:50:00,21.866,21.8583,22.2,22.4,In,200
2026-06-21T03:00:00,21.834,21.8569,22.2,22.3,In,200
2026-06-21T03:10:00,21.866,21.861,22.1,22.3,In,200
2026-06-21T03:20:00,21.876,21.8624,22.2,22.3,In,200
2026-06-21T03:30:00,21.866,21.8652,22.1,22.3,In,200
2026-06-21T03:40:00,21.866,21.8624,22.1,22.3,In,200
2026-06-21T03:50:00,21.844,21.8693,22.1,22.3,In,200
2026-06-21T04:00:00,21.898,21.8981,22.1,22.3,In,200
2026-06-21T04:10:00,21.909,21.942,22.2,22.3,In,200
2026-06-21T04:20:00,21.93,21.9489,22.1,22.3,In,200
2026-06-21T04:30:00,21.941,21.9475,22.1,22.3,In,200
2026-06-21T04:40:00,21.941,21.9503,22.2,22.4,In,200
2026-06-21T04:50:00,21.919,21.9255,22.2,22.4,In,200
2026-06-21T05:00:00,21.887,21.9036,22.2,22.4,In,200
2026-06-21T05:10:00,21.898,21.883,22.2,22.4,In,200
2026-06-21T05:20:00,21.866,21.8707,22.2,22.4,In,200
2026-06-21T05:30:00,21.876,21.872,22.1,22.3,In,200
2026-06-21T05:40:00,21.866,21.8707,22.2,22.4,In,200
2026-06-21T05:50:00,21.876,21.8693,22.1,22.3,In,200
2026-06-21T06:00:00,21.866,21.8707,22.1,22.2,In,200
2026-06-21T06:10:00,21.866,21.872,22.1,22.3,In,200
2026-06-21T06:20:00,21.876,21.8652,22.1,22.3,In,200
2026-06-21T06:30:00,21.887,21.8693,22.1,22.2,In,200
2026-06-21T06:40:00,21.876,21.8693,22.1,22.3,In,200
2026-06-21T06:50:00,21.866,21.872,22.1,22.3,In,200
2026-06-21T07:00:00,21.866,21.8885,22.1,22.3,In,200
2026-06-21T07:10:00,21.898,21.8844,22.2,22.3,In,200
2026-06-21T07:20:00,21.887,21.8803,22.1,22.3,In,200
2026-06-21T07:30:00,21.876,21.8775,22.1,22.3,In,200
2026-06-21T07:40:00,21.876,21.8748,22.1,22.3,In,200
2026-06-21T07:50:00,21.898,21.8899,22.2,22.3,In,200
2026-06-21T08:00:00,21.909,21.9063,22.1,22.3,In,200
2026-06-21T08:10:00,21.919,21.931,22.1,22.4,In,200
2026-06-21T08:20:00,21.941,21.9557,22.1,22.3,In,200
2026-06-21T08:30:00,21.962,21.9571,22.2,22.3,In,200
2026-06-21T08:40:00,21.952,21.9557,22.2,22.4,In,200
2026-06-21T08:50:00,21.952,21.9571,22.2,22.3,In,200
2026-06-21T09:00:00,21.962,21.9557,22.2,22.3,In,200
2026-06-21T09:10:00,21.973,21.9585,22.2,22.4,In,200
2026-06-21T09:20:00,21.984,21.9626,22.2,22.4,In,200
2026-06-21T09:30:00,21.973,21.964,22.2,22.4,In,200
2026-06-21T09:40:00,21.962,21.9626,22.2,22.3,In,200
2026-06-21T09:50:00,21.962,21.9681,22.2,22.4,In,200
2026-06-21T10:00:00,21.984,21.975,22.2,22.4,In,200
2026-06-21T10:10:00,21.994,21.9832,22.2,22.4,In,200
2026-06-21T10:20:00,22.134,22.0958,22.2,22.3,In,200
2026-06-21T10:30:00,22.209,22.3101,22.2,22.4,In,200
2026-06-21T10:40:00,22.166,22.1988,22.2,22.4,In,200
2026-06-21T10:50:00,22.102,22.137,22.2,22.4,In,200
2026-06-21T11:00:00,22.209,22.2222,22.4,22.7,In,200
2026-06-21T11:10:00,22.209,22.2002,22.6,22.8,In,200
2026-06-21T11:20:00,22.252,22.2428,22.4,22.6,In,200
2026-06-21T11:30:00,22.016,22.0766,22.4,22.6,In,200
2026-06-21T11:40:00,21.984,21.9914,22.6,22.7,In,200
2026-06-21T11:50:00,21.984,21.9791,22.5,22.6,In,200
2026-06-21T12:00:00,22.123,22.0985,22.5,22.6,In,200
2026-06-21T12:10:00,22.37,22.3541,22.4,22.5,In,200
2026-06-21T12:20:00,22.509,22.5245,22.3,22.5,In,200
2026-06-21T12:30:00,22.273,22.4022,22.2,22.4,In,200
2026-06-21T12:40:00,22.134,22.1576,22.4,22.5,In,200
2026-06-21T12:50:00,22.338,22.3073,22.7,22.9,In,200
2026-06-21T13:00:00,22.638,22.5974,22.9,23,In,200
2026-06-21T13:10:00,22.713,22.7323,22.6,22.9,In,200
2026-06-21T13:20:00,22.681,22.7295,22.4,22.7,In,200
2026-06-21T13:30:00,22.037,22.1384,22.7,22.9,In,200
2026-06-21T13:40:00,22.037,22.0299,22.9,23.1,In,200
2026-06-21T13:50:00,22.166,22.1727,23.1,23.2,In,200
2026-06-21T14:00:00,22.037,22.0793,22.9,23.1,In,200
2026-06-21T14:10:00,21.909,21.9434,22.3,22.5,In,200
2026-06-21T14:20:00,21.909,21.942,22.3,22.5,In,200
2026-06-21T14:30:00,21.941,21.9461,22.5,22.6,In,200
2026-06-21T14:40:00,21.994,21.9887,22.3,22.4,In,200
2026-06-21T14:50:00,21.973,21.9667,22.2,22.4,In,200
2026-06-21T15:00:00,21.962,21.9557,22.2,22.4,In,200
2026-06-21T15:10:00,21.962,21.9516,22.2,22.4,In,200
2026-06-21T15:20:00,21.93,21.9516,22.3,22.4,In,200
2026-06-21T15:30:00,21.952,21.9516,22.2,22.3,In,200
2026-06-21T15:40:00,21.962,21.964,22.2,22.4,In,200
2026-06-21T15:50:00,21.994,21.9928,22.2,22.4,In,200
2026-06-21T16:00:00,21.984,21.9846,22.2,22.3,In,200
2026-06-21T16:10:00,21.962,21.9763,22.2,22.3,In,200
2026-06-21T16:20:00,21.962,21.9626,22.3,22.4,In,200
2026-06-21T16:30:00,21.952,21.9585,22.2,22.4,In,200
2026-06-21T16:40:00,21.962,21.9585,22.2,22.4,In,200
2026-06-21T16:50:00,21.962,21.953,22.2,22.4,In,200
2026-06-21T17:00:00,21.973,21.9489,22.2,22.4,In,200
2026-06-21T17:10:00,21.962,21.9489,22.2,22.4,In,200
2026-06-21T17:20:00,21.941,21.964,22.2,22.3,In,200
2026-06-21T17:30:00,21.984,21.9791,22.2,22.3,In,200
2026-06-21T17:40:00,21.973,21.9901,22.2,22.4,In,200
2026-06-21T17:50:00,22.005,21.9983,22.3,22.4,In,200
2026-06-21T18:00:00,21.887,21.9118,22.2,22.4,In,200
2026-06-21T18:10:00,21.844,21.894,22.3,22.3,In,200
2026-06-21T18:20:00,21.876,21.8679,22.2,22.4,In,200
2026-06-21T18:30:00,21.909,21.9269,22.2,22.4,In,200
2026-06-21T18:40:00,21.93,21.9557,22.2,22.3,In,200
2026-06-21T18:50:00,21.952,21.9599,22.2,22.3,In,200
2026-06-21T19:00:00,21.962,21.9681,22.1,22.4,In,200
2026-06-21T19:10:00,21.984,21.9805,22.2,22.4,In,200
2026-06-21T19:20:00,21.962,21.9667,22.3,22.4,In,200
2026-06-21T19:30:00,21.93,21.9365,22.2,22.4,In,200
2026-06-21T19:40:00,21.93,21.9228,22.2,22.4,In,200
2026-06-21T19:50:00,21.919,21.9201,22.2,22.4,In,200
2026-06-21T20:00:00,21.898,21.9118,22.2,22.4,In,200
2026-06-21T20:10:00,21.93,21.9352,22.2,22.3,In,200
2026-06-21T20:20:00,21.941,21.9365,22.2,22.3,In,200
2026-06-21T20:30:00,21.93,21.9434,22.2,22.4,In,200
2026-06-21T20:40:00,21.93,21.9489,22.1,22.3,In,200
2026-06-21T20:50:00,21.962,21.953,22.2,22.3,In,200
2026-06-21T21:00:00,21.984,21.9708,22.2,22.4,In,200
2026-06-21T21:10:00,21.973,21.9708,22.2,22.3,In,200
2026-06-21T21:20:00,21.973,21.9681,22.3,22.4,In,200
2026-06-21T21:30:00,21.962,21.9626,22.2,22.4,In,200
2026-06-21T21:40:00,21.994,21.9832,22.2,22.4,In,200
2026-06-21T21:50:00,22.198,22.1878,22.2,22.4,In,200
2026-06-21T22:00:00,22.273,22.262,22.3,22.4,In,200
2026-06-21T22:10:00,22.263,22.2634,22.2,22.4,In,200
2026-06-21T22:20:00,22.209,22.2359,22.3,22.4,In,200
2026-06-21T22:30:00,22.241,22.2235,22.5,22.6,In,200
2026-06-21T22:40:00,22.134,22.1301,22.5,22.7,In,200
2026-06-21T22:50:00,22.252,22.2249,22.6,22.7,In,200
2026-06-21T23:00:00,22.305,22.3266,22.5,22.6,In,200
2026-06-21T23:10:00,22.381,22.3692,22.5,22.7,In,200
2026-06-21T23:20:00,22.359,22.3664,22.4,22.5,In,200
2026-06-21T23:30:00,22.316,22.3829,22.5,22.7,In,200
2026-06-21T23:40:00,22.413,22.4214,22.6,22.7,In,200
2026-06-21T23:50:00,22.413,22.4201,22.7,22.8,In,200
2026-06-22T00:00:00,22.327,22.3719,22.6,22.8,In,200
2026-06-22T00:10:00,22.263,22.2854,22.7,22.9,In,200
2026-06-22T00:20:00,22.273,22.2648,22.6,22.8,In,200
2026-06-22T00:30:00,22.241,22.2373,22.6,22.7,In,200
2026-06-22T00:40:00,22.327,22.3019,22.6,22.8,In,200
2026-06-22T00:50:00,22.531,22.4792,22.5,22.7,In,200
2026-06-22T01:00:00,22.692,22.6882,22.5,22.7,In,200
2026-06-22T01:10:00,22.681,22.7226,22.5,22.6,In,200
2026-06-22T01:20:00,22.616,22.6222,22.6,22.7,In,200
2026-06-22T01:30:00,22.574,22.5851,22.8,23,In,200
2026-06-22T01:40:00,22.391,22.464,23.1,23.2,In,200
2026-06-22T01:50:00,22.177,22.2208,23,23.2,In,200
2026-06-22T02:00:00,22.027,22.0189,22.9,23,In,200
2026-06-22T02:10:00,21.984,21.9791,22.8,23,In,200
2026-06-22T02:20:00,21.984,21.9763,22.8,22.9,In,200
2026-06-22T02:30:00,21.984,21.9763,22.4,22.6,In,200
2026-06-22T02:40:00,21.984,21.9722,22.3,22.3,In,200
2026-06-22T02:50:00,21.973,21.9667,22.2,22.4,In,200
2026-06-22T03:00:00,21.962,21.9557,22.2,22.4,In,200
2026-06-22T03:10:00,21.962,21.9557,22.2,22.4,In,200
2026-06-22T03:20:00,21.973,21.9777,22.2,22.4,In,200
2026-06-22T03:30:00,21.962,21.9585,22.2,22.3,In,200
2026-06-22T03:40:00,21.941,21.9379,22.2,22.4,In,200
2026-06-22T03:50:00,21.93,21.9324,22.2,22.4,In,200
2026-06-22T04:00:00,21.93,21.9324,22.3,22.3,In,200
2026-06-22T04:10:00,21.919,21.9283,22.2,22.4,In,200
2026-06-22T04:20:00,21.93,21.9132,22.2,22.4,In,200
2026-06-22T04:30:00,21.919,21.9008,22.2,22.3,In,200
2026-06-22T04:40:00,21.898,21.9091,22.2,22.4,In,200
2026-06-22T04:50:00,21.909,21.9255,22.2,22.4,In,200
2026-06-22T05:00:00,21.93,21.9283,22.1,22.3,In,200
2026-06-22T05:10:00,21.909,21.9365,22.2,22.3,In,200
2026-06-22T05:20:00,21.93,21.9159,22.2,22.3,In,200
2026-06-22T05:30:00,21.93,21.9338,22.2,22.4,In,200
2026-06-22T05:40:00,21.962,21.9489,22.2,22.3,In,200
2026-06-22T05:50:00,21.93,21.9434,22.2,22.3,In,200
2026-06-22T06:00:00,21.93,21.9448,22.2,22.3,In,200
2026-06-22T06:10:00,21.962,21.9461,22.2,22.4,In,200
2026-06-22T06:20:00,21.952,21.9489,22.2,22.3,In,200
2026-06-22T06:30:00,21.876,21.883,22.2,22.3,In,200
2026-06-22T06:40:00,21.812,21.8295,22.2,22.4,In,200
2026-06-22T06:50:00,21.812,21.8226,22.2,22.3,In,200
2026-06-22T07:00:00,21.834,21.835,22.2,22.3,In,200
2026-06-22T07:10:00,21.844,21.8528,22.1,22.2,In,200
2026-06-22T07:20:00,21.855,21.8624,22.1,22.3,In,200
2026-06-22T07:30:00,21.887,21.872,22.1,22.2,In,200
2026-06-22T07:40:00,21.866,21.8693,22.1,22.2,In,200
2026-06-22T07:50:00,21.866,21.8652,22.1,22.3,In,200
2026-06-22T08:00:00,21.855,21.8597,22.1,22.2,In,200
2026-06-22T08:10:00,21.844,21.8514,22.2,22.2,In,200
2026-06-22T08:20:00,21.834,21.8336,22.1,22.3,In,200
2026-06-22T08:30:00,21.844,21.835,22.1,22.3,In,200
2026-06-22T08:40:00,21.844,21.8652,22.1,22.2,In,200
2026-06-22T08:50:00,21.93,21.9352,22.1,22.2,In,200
2026-06-22T09:00:00,21.962,21.9722,22.1,22.3,In,200
2026-06-22T09:10:00,21.994,21.9901,22.1,22.3,In,200
2026-06-22T09:20:00,22.005,22.0093,22.2,22.3,In,200
2026-06-22T09:30:00,22.027,22.0244,22.2,22.3,In,200
2026-06-22T09:40:00,22.037,22.0244,22.2,22.4,In,200
2026-06-22T09:50:00,22.037,22.0189,22.2,22.4,In,200
2026-06-22T10:00:00,22.027,22.0189,22.3,22.4,In,200
2026-06-22T10:10:00,22.059,22.0505,22.3,22.5,In,200
2026-06-22T10:20:00,22.091,22.0903,22.2,22.4,In,200
2026-06-22T10:30:00,22.027,22.0381,22.3,22.4,In,200
2026-06-22T10:40:00,21.973,22.0038,22.3,22.4,In,200
2026-06-22T10:50:00,22.016,22.001,22.3,22.5,In,200
2026-06-22T11:00:00,22.059,22.0491,22.4,22.5,In,200
2026-06-22T11:10:00,22.037,22.045,22.3,22.4,In,200
2026-06-22T11:20:00,22.08,22.0848,22.3,22.4,In,200
2026-06-22T11:30:00,22.102,22.1191,22.3,22.4,In,200
2026-06-22T11:40:00,22.134,22.137,22.2,22.5,In,200
2026-06-22T11:50:00,22.155,22.1535,22.3,22.5,In,200
2026-06-22T12:00:00,22.284,22.3115,22.4,22.5,In,200
2026-06-22T12:10:00,22.702,22.6882,22.4,22.5,In,200
2026-06-22T12:20:00,22.295,22.464,22.4,22.5,In,200
2026-06-22T12:30:00,22.263,22.3348,22.4,22.6,In,200
2026-06-22T12:40:00,22.595,22.6153,22.7,22.9,In,200
2026-06-22T12:50:00,22.67,22.7474,23.1,23.2,In,200
2026-06-22T13:00:00,22.445,22.4737,22.6,22.9,In,200
2026-06-22T13:10:00,22.166,22.2194,22.7,23.1,In,200
2026-06-22T13:20:00,22.177,22.1864,23.1,23.3,In,200
2026-06-22T13:30:00,22.198,22.2194,23,23.1,In,200
2026-06-22T13:40:00,22.37,22.3596,22.7,22.8,In,200
2026-06-22T13:50:00,22.22,22.2606,22.5,22.6,In,200
2026-06-22T14:00:00,22.209,22.2098,22.4,22.6,In,200
2026-06-22T14:10:00,22.241,22.2785,22.5,22.7,In,200
2026-06-22T14:20:00,22.305,22.3156,22.7,22.7,In,200
2026-06-22T14:30:00,22.134,22.1535,22.4,22.6,In,200
2026-06-22T14:40:00,22.069,22.0532,22.5,22.6,In,200
2026-06-22T14:50:00,22.016,22.0271,22.7,22.7,In,200
2026-06-22T15:00:00,21.994,22.0134,22.6,22.7,In,200
2026-06-22T15:10:00,22.027,22.0244,22.4,22.4,In,200
2026-06-22T15:20:00,22.048,22.0409,22.3,22.4,In,200
2026-06-22T15:30:00,22.037,22.0422,22.3,22.4,In,200
2026-06-22T15:40:00,22.027,22.0285,22.3,22.4,In,200
2026-06-22T15:50:00,22.016,22.0038,22.3,22.4,In,200
2026-06-22T16:00:00,21.994,22.0093,22.3,22.5,In,200
2026-06-22T16:10:00,22.005,22.0203,22.3,22.4,In,200
2026-06-22T16:20:00,22.005,22.023,22.2,22.4,In,200
2026-06-22T16:30:00,21.962,21.9475,22.3,22.4,In,200
2026-06-22T16:40:00,21.898,21.9132,22.3,22.5,In,200
2026-06-22T16:50:00,21.919,21.9091,22.3,22.4,In,200
2026-06-22T17:00:00,21.919,21.9255,22.2,22.4,In,200
2026-06-22T17:10:00,21.909,21.9352,22.2,22.4,In,200
2026-06-22T17:20:00,21.909,21.931,22.2,22.3,In,200
2026-06-22T17:30:00,21.941,21.9269,22.1,22.4,In,200
2026-06-22T17:40:00,21.919,21.9283,22.2,22.4,In,200
2026-06-22T17:50:00,21.952,21.9297,22.2,22.3,In,200
2026-06-22T18:00:00,21.919,21.9228,22.1,22.4,In,200
2026-06-22T18:10:00,21.919,21.9105,22.2,22.3,In,200
2026-06-22T18:20:00,21.823,21.8597,22.2,22.3,In,200
2026-06-22T18:30:00,21.855,21.8528,22.1,22.3,In,200
2026-06-22T18:40:00,21.844,21.8418,22.2,22.3,In,200
2026-06-22T18:50:00,21.844,21.8473,22.1,22.3,In,200
2026-06-22T19:00:00,21.855,21.861,22.1,22.2,In,200
2026-06-22T19:10:00,21.876,21.8761,22.1,22.2,In,200
2026-06-22T19:20:00,21.909,21.9063,22.1,22.2,In,200
2026-06-22T19:30:00,21.93,21.9228,22.1,22.3,In,200
2026-06-22T19:40:00,21.909,21.9036,22.1,22.3,In,200
2026-06-22T19:50:00,21.887,21.8899,22.2,22.3,In,200
2026-06-22T20:00:00,21.887,21.8912,22.1,22.3,In,200
2026-06-22T20:10:00,21.887,21.8926,22.1,22.3,In,200
2026-06-22T20:20:00,21.93,21.9228,22.1,22.3,In,200
2026-06-22T20:30:00,21.973,21.975,22.1,22.3,In,200
2026-06-22T20:40:00,22.005,22.0134,22.1,22.3,In,200
2026-06-22T20:50:00,22.016,22.0148,22.2,22.3,In,200
2026-06-22T21:00:00,22.027,22.0313,22.2,22.4,In,200
2026-06-22T21:10:00,22.048,22.0546,22.3,22.4,In,200
2026-06-22T21:20:00,22.027,22.0258,22.3,22.4,In,200
2026-06-22T21:30:00,22.016,22.0203,22.3,22.4,In,200
2026-06-22T21:40:00,22.005,22.0299,22.3,22.5,In,200
2026-06-22T21:50:00,22.048,22.0532,22.3,22.4,In,200
2026-06-22T22:00:00,22.037,22.0491,22.3,22.4,In,200
2026-06-22T22:10:00,22.016,22.0354,22.3,22.4,In,200
2026-06-22T22:20:00,22.048,22.023,22.3,22.5,In,200
2026-06-22T22:30:00,22.005,22.0189,22.3,22.5,In,200
2026-06-22T22:40:00,21.994,22.0093,22.4,22.5,In,200
2026-06-22T22:50:00,21.984,22.0079,22.3,22.4,In,200
2026-06-22T23:00:00,22.059,22.056,22.3,22.4,In,200
2026-06-22T23:10:00,22.08,22.0656,22.2,22.4,In,200
2026-06-22T23:20:00,22.145,22.1274,22.2,22.4,In,200
2026-06-22T23:30:00,22.316,22.3046,22.2,22.4,In,200
2026-06-22T23:40:00,22.273,22.3183,22.4,22.5,In,200
2026-06-22T23:50:00,22.102,22.1123,22.3,22.5,In,200
2026-06-23T00:00:00,22.177,22.1741,22.5,22.6,In,200
2026-06-23T00:10:00,22.338,22.3211,22.6,22.8,In,200
2026-06-23T00:20:00,22.445,22.4613,22.5,22.7,In,200
2026-06-23T00:30:00,22.67,22.7777,22.4,22.6,In,200
2026-06-23T00:40:00,22.67,22.8438,22.5,22.6,In,200
2026-06-23T00:50:00,22.338,22.3527,22.6,22.7,In,200
2026-06-23T01:00:00,22.359,22.3513,22.9,23.1,In,200
2026-06-23T01:10:00,22.67,22.6538,23.1,23.2,In,200
2026-06-23T01:20:00,22.734,22.7901,22.9,23.2,In,200
2026-06-23T01:30:00,22.498,22.5562,22.6,22.8,In,200
2026-06-23T01:40:00,22.37,22.3926,22.7,22.8,In,200
2026-06-23T01:50:00,21.984,22.0285,23,23.1,In,200
2026-06-23T02:00:00,21.919,21.9448,23,23.3,In,200
2026-06-23T02:10:00,21.93,21.931,22.7,22.9,In,200
2026-06-23T02:20:00,21.952,21.9448,22.6,22.8,In,200
2026-06-23T02:30:00,21.952,21.9503,22.3,22.4,In,200
2026-06-23T02:40:00,21.962,21.9585,22.2,22.3,In,200
2026-06-23T02:50:00,21.941,21.9516,22.2,22.4,In,200
2026-06-23T03:00:00,21.93,21.9599,22.3,22.3,In,200
2026-06-23T03:10:00,21.962,21.9654,22.2,22.4,In,200
2026-06-23T03:20:00,21.994,22.0477,22.2,22.3,In,200
2026-06-23T03:30:00,22.069,22.0862,22.2,22.4,In,200
2026-06-23T03:40:00,22.08,22.0807,22.2,22.4,In,200
2026-06-23T03:50:00,22.016,22.0491,22.2,22.4,In,200
2026-06-23T04:00:00,21.984,21.9997,22.3,22.5,In,200
2026-06-23T04:10:00,21.941,21.9722,22.4,22.6,In,200
2026-06-23T04:20:00,21.93,21.9461,22.3,22.4,In,200
2026-06-23T04:30:00,21.93,21.9242,22.3,22.4,In,200
2026-06-23T04:40:00,21.909,21.9118,22.3,22.4,In,200
2026-06-23T04:50:00,21.909,21.894,22.2,22.4,In,200
2026-06-23T05:00:00,21.887,21.8871,22.2,22.3,In,200
2026-06-23T05:10:00,21.876,21.8871,22.2,22.3,In,200
2026-06-23T05:20:00,21.876,21.8857,22.1,22.3,In,200
2026-06-23T05:30:00,21.887,21.8816,22.2,22.3,In,200
2026-06-23T05:40:00,21.791,21.8075,22.1,22.3,In,200
2026-06-23T05:50:00,21.769,21.776,22.1,22.3,In,200
2026-06-23T06:00:00,21.78,21.7815,22.1,22.3,In,200
2026-06-23T06:10:00,21.801,21.8295,22.2,22.3,In,200
2026-06-23T06:20:00,21.823,21.8487,22,22.2,In,200
2026-06-23T06:30:00,21.855,21.8679,22.1,22.2,In,200
2026-06-23T06:40:00,21.876,21.8789,22.1,22.2,In,200
2026-06-23T06:50:00,21.866,21.883,22.1,22.3,In,200
2026-06-23T07:00:00,21.887,21.8857,22.1,22.3,In,200
2026-06-23T07:10:00,21.898,21.8899,22.1,22.3,In,200
2026-06-23T07:20:00,21.898,21.8954,22.2,22.2,In,200
2026-06-23T07:30:00,21.887,21.8967,22.1,22.3,In,200
2026-06-23T07:40:00,21.898,21.894,22.2,22.3,In,200
2026-06-23T07:50:00,21.909,21.8912,22.1,22.3,In,200
2026-06-23T08:00:00,21.887,21.894,22.1,22.3,In,200
2026-06-23T08:10:00,21.898,21.9022,22.2,22.3,In,200
2026-06-23T08:20:00,21.898,21.9036,22.2,22.3,In,200
2026-06-23T08:30:00,21.866,21.8775,22.2,22.3,In,200
2026-06-23T08:40:00,21.876,21.8926,22.2,22.4,In,200
2026-06-23T08:50:00,21.855,21.8844,22.2,22.3,In,200
2026-06-23T09:00:00,21.898,21.8967,22.2,22.3,In,200
2026-06-23T09:10:00,21.898,21.9146,22.1,22.3,In,200
2026-06-23T09:20:00,21.93,21.9448,22.2,22.3,In,200
2026-06-23T09:30:00,21.962,21.9695,22.2,22.4,In,200
2026-06-23T09:40:00,22.016,21.9956,22.2,22.3,In,200
2026-06-23T09:50:00,22.016,22.0134,22.2,22.3,In,200
2026-06-23T10:00:00,22.027,22.0244,22.2,22.4,In,200
2026-06-23T10:10:00,22.027,22.0285,22.2,22.4,In,200
2026-06-23T10:20:00,21.994,22.001,22.3,22.4,In,200
2026-06-23T10:30:00,22.016,22.0038,22.3,22.4,In,200
2026-06-23T10:40:00,22.23,22.2139,22.3,22.4,In,200
2026-06-23T10:50:00,22.23,22.2909,22.3,22.4,In,200
2026-06-23T11:00:00,22.134,22.1425,22.2,22.4,In,200
2026-06-23T11:10:00,22.005,22.0079,22.3,22.5,In,200
2026-06-23T11:20:00,21.994,21.9873,22.5,22.7,In,200
2026-06-23T11:30:00,22.069,22.0601,22.5,22.7,In,200
2026-06-23T11:40:00,22.198,22.1755,22.4,22.6,In,200
2026-06-23T11:50:00,22.177,22.1658,22.2,22.4,In,200
2026-06-23T12:00:00,22.048,22.0972,22.2,22.4,In,200
2026-06-23T12:10:00,22.145,22.1329,22.4,22.6,In,200
2026-06-23T12:20:00,22.198,22.2455,22.4,22.6,In,200
2026-06-23T12:30:00,22.681,22.7419,22.4,22.5,In,200
2026-06-23T12:40:00,22.777,22.8479,22.4,22.5,In,200
2026-06-23T12:50:00,22.67,22.7956,22.4,22.6,In,200
2026-06-23T13:00:00,22.37,22.4585,22.6,22.9,In,200
2026-06-23T13:10:00,22.327,22.3637,23.1,23.4,In,200
2026-06-23T13:20:00,22.584,22.6428,23.2,23.4,In,200
2026-06-23T13:30:00,22.37,22.5163,23.1,23.2,In,200
2026-06-23T13:40:00,22.102,22.1439,22.6,22.9,In,200
2026-06-23T13:50:00,22.069,22.0464,22.7,22.9,In,200
2026-06-23T14:00:00,22.059,22.0711,23,23.2,In,200
2026-06-23T14:10:00,22.069,22.0903,22.8,23,In,200
2026-06-23T14:20:00,22.102,22.1068,22.3,22.4,In,200
2026-06-23T14:30:00,22.027,22.0258,22.3,22.4,In,200
2026-06-23T14:40:00,21.984,21.9791,22.3,22.5,In,200
2026-06-23T14:50:00,21.952,21.9681,22.4,22.6,In,200
2026-06-23T15:00:00,21.994,21.9928,22.5,22.5,In,200
2026-06-23T15:10:00,22.037,22.115,22.2,22.4,In,200
2026-06-23T15:20:00,22.134,22.1713,22.2,22.4,In,200
2026-06-23T15:30:00,21.973,22.0244,22.2,22.3,In,200
2026-06-23T15:40:00,21.962,21.9887,22.3,22.4,In,200
2026-06-23T15:50:00,22.059,22.0464,22.5,22.6,In,200
2026-06-23T16:00:00,22.059,22.0656,22.4,22.6,In,200
2026-06-23T16:10:00,22.048,22.0587,22.3,22.5,In,200
2026-06-23T16:20:00,22.005,22.0258,22.3,22.5,In,200
2026-06-23T16:30:00,22.016,21.9928,22.3,22.5,In,200
2026-06-23T16:40:00,21.973,21.9777,22.3,22.5,In,200
2026-06-23T16:50:00,21.952,21.953,22.3,22.4,In,200
2026-06-23T17:00:00,21.941,21.9448,22.3,22.4,In,200
2026-06-23T17:10:00,21.919,21.9228,22.2,22.4,In,200
2026-06-23T17:20:00,21.919,21.9022,22.3,22.4,In,200
2026-06-23T17:30:00,21.909,21.8981,22.2,22.3,In,200
2026-06-23T17:40:00,21.898,21.8967,22.2,22.3,In,200
2026-06-23T17:50:00,21.887,21.8981,22.2,22.4,In,200
2026-06-23T18:00:00,21.909,21.9022,22.2,22.2,In,200
2026-06-23T18:10:00,21.898,21.9146,22.1,22.3,In,200
2026-06-23T18:20:00,21.844,21.9022,22.1,22.3,In,200
2026-06-23T18:30:00,21.834,21.8405,22.2,22.3,In,200
2026-06-23T18:40:00,21.823,21.8199,22.1,22.3,In,200
2026-06-23T18:50:00,21.834,21.813,22.2,22.4,In,200
2026-06-23T19:00:00,21.823,21.8171,22.2,22.3,In,200
2026-06-23T19:10:00,21.844,21.8473,22.1,22.2,In,200
2026-06-23T19:20:00,21.801,21.8295,22.1,22.2,In,200
2026-06-23T19:30:00,21.834,21.8391,22.1,22.3,In,200
2026-06-23T19:40:00,21.834,21.8487,22.1,22.2,In,200
2026-06-23T19:50:00,21.876,21.8761,22.1,22.3,In,200
2026-06-23T20:00:00,21.876,21.8803,22.1,22.3,In,200
2026-06-23T20:10:00,21.866,21.8514,22.1,22.3,In,200
2026-06-23T20:20:00,21.855,21.8556,22.1,22.3,In,200
2026-06-23T20:30:00,21.887,21.8693,22.2,22.3,In,200
2026-06-23T20:40:00,21.866,21.8693,22.1,22.3,In,200
2026-06-23T20:50:00,21.898,21.9324,22.1,22.3,In,200
2026-06-23T21:00:00,21.93,21.9365,22.1,22.3,In,200
2026-06-23T21:10:00,21.941,21.964,22.1,22.3,In,200
2026-06-23T21:20:00,22.005,21.9928,22.2,22.3,In,200
2026-06-23T21:30:00,21.962,21.9612,22.2,22.4,In,200
2026-06-23T21:40:00,21.952,21.9681,22.2,22.4,In,200
2026-06-23T21:50:00,21.994,21.9708,22.3,22.5,In,200
2026-06-23T22:00:00,21.973,21.9818,22.3,22.5,In,200
2026-06-23T22:10:00,21.941,21.9667,22.3,22.4,In,200
2026-06-23T22:20:00,21.973,21.9791,22.2,22.4,In,200
2026-06-23T22:30:00,21.973,21.9695,22.2,22.4,In,200
2026-06-23T22:40:00,22.091,22.0999,22.3,22.4,In,200
2026-06-23T22:50:00,22.177,22.1947,22.2,22.4,In,200
2026-06-23T23:00:00,22.241,22.2455,22.2,22.4,In,200
2026-06-23T23:10:00,22.198,22.218,22.3,22.5,In,200
2026-06-23T23:20:00,22.069,22.1027,22.5,22.6,In,200
2026-06-23T23:30:00,22.059,22.0642,22.5,22.6,In,200
2026-06-23T23:40:00,22.069,22.0656,22.5,22.7,In,200
2026-06-23T23:50:00,22.102,22.104,22.5,22.6,In,200
2026-06-24T00:00:00,22.145,22.1974,22.3,22.6,In,200
2026-06-24T00:10:00,22.155,22.1631,22.3,22.5,In,200
2026-06-24T00:20:00,22.112,22.1494,22.3,22.4,In,200
2026-06-24T00:30:00,22.145,22.1617,22.4,22.5,In,200
2026-06-24T00:40:00,22.22,22.2414,22.5,22.6,In,200
2026-06-24T00:50:00,22.263,22.2675,22.4,22.5,In,200
2026-06-24T01:00:00,22.327,22.3458,22.4,22.5,In,200
2026-06-24T01:10:00,22.52,22.6277,22.5,22.6,In,200
2026-06-24T01:20:00,22.252,22.2826,22.5,22.6,In,200
2026-06-24T01:30:00,22.23,22.2345,22.5,22.7,In,200
2026-06-24T01:40:00,22.22,22.2125,22.8,23.1,In,200
2026-06-24T01:50:00,22.209,22.2167,22.9,23,In,200
2026-06-24T02:00:00,22.145,22.2139,22.5,22.6,In,200
2026-06-24T02:10:00,22.166,22.1837,22.5,22.6,In,200
2026-06-24T02:20:00,22.22,22.2441,22.5,22.7,In,200
2026-06-24T02:30:00,21.994,22.045,22.5,22.6,In,200
2026-06-24T02:40:00,22.016,22.0175,22.5,22.6,In,200
2026-06-24T02:50:00,22.123,22.126,22.5,22.7,In,200
2026-06-24T03:00:00,22.134,22.1315,22.5,22.6,In,200
2026-06-24T03:10:00,22.134,22.1219,22.3,22.5,In,200
2026-06-24T03:20:00,22.08,22.0944,22.3,22.5,In,200
2026-06-24T03:30:00,22.102,22.1109,22.4,22.6,In,200
2026-06-24T03:40:00,22.112,22.1178,22.4,22.5,In,200
2026-06-24T03:50:00,21.962,21.9695,22.4,22.6,In,200
2026-06-24T04:00:00,21.941,21.9557,22.3,22.5,In,200
2026-06-24T04:10:00,21.962,21.9489,22.4,22.5,In,200
2026-06-24T04:20:00,21.941,21.9434,22.4,22.5,In,200
2026-06-24T04:30:00,21.952,21.9448,22.2,22.4,In,200
2026-06-24T04:40:00,21.941,21.942,22.2,22.4,In,200
2026-06-24T04:50:00,21.941,21.9379,22.2,22.4,In,200
2026-06-24T05:00:00,21.93,21.9297,22.2,22.3,In,200
2026-06-24T05:10:00,21.93,21.9338,22.2,22.3,In,200
2026-06-24T05:20:00,21.93,21.9379,22.2,22.3,In,200
2026-06-24T05:30:00,21.941,21.9434,22.2,22.3,In,200
2026-06-24T05:40:00,21.962,21.9571,22.2,22.3,In,200
2026-06-24T05:50:00,21.962,21.964,22.2,22.4,In,200
2026-06-24T06:00:00,21.919,21.9406,22.2,22.3,In,200
2026-06-24T06:10:00,21.909,21.9187,22.2,22.3,In,200
2026-06-24T06:20:00,21.919,21.9242,22.2,22.4,In,200
2026-06-24T06:30:00,21.93,21.9118,22.2,22.4,In,200
2026-06-24T06:40:00,21.887,21.9022,22.2,22.3,In,200
2026-06-24T06:50:00,21.898,21.905,22.2,22.3,In,200
2026-06-24T07:00:00,21.919,21.9063,22.2,22.3,In,200
2026-06-24T07:10:00,21.876,21.9077,22.2,22.3,In,200
2026-06-24T07:20:00,21.898,21.8981,22.1,22.4,In,200
2026-06-24T07:30:00,21.898,21.9008,22.2,22.3,In,200
2026-06-24T07:40:00,21.898,21.8967,22.2,22.3,In,200
2026-06-24T07:50:00,21.898,21.894,22.1,22.3,In,200
2026-06-24T08:00:00,21.876,21.8761,22.2,22.3,In,200
2026-06-24T08:10:00,21.866,21.8679,22.1,22.3,In,200
2026-06-24T08:20:00,21.887,21.8981,22.2,22.3,In,200
2026-06-24T08:30:00,21.919,21.9036,22.1,22.2,In,200
2026-06-24T08:40:00,21.93,21.9118,22.1,22.3,In,200
2026-06-24T08:50:00,21.919,21.9365,22.1,22.3,In,200
2026-06-24T09:00:00,21.973,21.9928,22.1,22.3,In,200
2026-06-24T09:10:00,22.059,22.0779,22.1,22.3,In,200
2026-06-24T09:20:00,22.177,22.2057,22.2,22.3,In,200
2026-06-24T09:30:00,22.209,22.2153,22.2,22.4,In,200
2026-06-24T09:40:00,22.198,22.2263,22.3,22.5,In,200
2026-06-24T09:50:00,22.134,22.1768,22.5,22.6,In,200
2026-06-24T10:00:00,22.08,22.0972,22.5,22.6,In,200
2026-06-24T10:10:00,22.102,22.1191,22.5,22.6,In,200
2026-06-24T10:20:00,22.155,22.207,22.4,22.6,In,200
2026-06-24T10:30:00,22.134,22.1521,22.4,22.6,In,200
2026-06-24T10:40:00,22.069,22.0985,22.4,22.5,In,200
2026-06-24T10:50:00,22.187,22.1919,22.4,22.6,In,200
2026-06-24T11:00:00,22.327,22.3678,22.5,22.6,In,200
2026-06-24T11:10:00,22.423,22.4365,22.4,22.6,In,200
2026-06-24T11:20:00,22.434,22.4283,22.4,22.5,In,200
2026-06-24T11:30:00,22.413,22.4338,22.6,22.7,In,200
2026-06-24T11:40:00,22.423,22.3981,22.6,22.8,In,200
2026-06-24T11:50:00,22.381,22.3816,22.7,22.9,In,200
2026-06-24T12:00:00,22.338,22.3445,22.7,22.8,In,200
2026-06-24T12:10:00,22.273,22.2675,22.7,22.9,In,200
2026-06-24T12:20:00,22.23,22.2428,22.6,22.8,In,200
2026-06-24T12:30:00,22.273,22.2895,22.6,22.7,In,200
2026-06-24T12:40:00,22.338,22.3692,22.6,22.7,In,200
2026-06-24T12:50:00,22.445,22.4462,22.5,22.7,In,200
2026-06-24T13:00:00,22.381,22.3953,22.5,22.6,In,200
2026-06-24T13:10:00,22.295,22.3568,22.6,22.7,In,200
2026-06-24T13:20:00,22.445,22.4572,22.7,22.8,In,200
2026-06-24T13:30:00,22.595,22.636,22.6,22.8,In,200
2026-06-24T13:40:00,22.23,22.3115,22.6,22.7,In,200
2026-06-24T13:50:00,22.23,22.2414,22.6,22.8,In,200
2026-06-24T14:00:00,22.209,22.2359,22.7,23,In,200
2026-06-24T14:10:00,22.241,22.2455,22.9,23.1,In,200
2026-06-24T14:20:00,22.241,22.2414,22.6,22.8,In,200
2026-06-24T14:30:00,22.23,22.2331,22.5,22.6,In,200
2026-06-24T14:40:00,22.048,22.0889,22.5,22.6,In,200
2026-06-24T14:50:00,21.973,22.0216,22.5,22.6,In,200
2026-06-24T15:00:00,21.962,21.9901,22.6,22.6,In,200
2026-06-24T15:10:00,21.994,21.9846,22.6,22.6,In,200
2026-06-24T15:20:00,21.973,21.9571,22.4,22.6,In,200
2026-06-24T15:30:00,21.941,21.9434,22.3,22.5,In,200
2026-06-24T15:40:00,21.962,21.9516,22.2,22.5,In,200
2026-06-24T15:50:00,21.962,21.9736,22.2,22.4,In,200
2026-06-24T16:00:00,22.027,22.0148,22.2,22.4,In,200
2026-06-24T16:10:00,22.069,22.0834,22.3,22.4,In,200
2026-06-24T16:20:00,22.069,22.0779,22.2,22.3,In,200
2026-06-24T16:30:00,21.941,21.9612,22.2,22.4,In,200
2026-06-24T16:40:00,21.93,21.9297,22.3,22.5,In,200
2026-06-24T16:50:00,21.93,21.9406,22.4,22.5,In,200
2026-06-24T17:00:00,22.016,22.0203,22.3,22.5,In,200
2026-06-24T17:10:00,22.102,22.0807,22.2,22.3,In,200
2026-06-24T17:20:00,21.952,22.0024,22.2,22.4,In,200
2026-06-24T17:30:00,21.919,21.9352,22.3,22.4,In,200
2026-06-24T17:40:00,21.93,21.9242,22.3,22.4,In,200
2026-06-24T17:50:00,21.93,21.9159,22.4,22.5,In,200
2026-06-24T18:00:00,21.909,21.9132,22.3,22.4,In,200
2026-06-24T18:10:00,21.898,21.9008,22.2,22.3,In,200
2026-06-24T18:20:00,21.866,21.894,22.2,22.4,In,200
2026-06-24T18:30:00,21.876,21.8857,22.2,22.3,In,200
2026-06-24T18:40:00,21.791,21.7815,22.1,22.3,In,200
2026-06-24T18:50:00,21.769,21.7746,22.2,22.3,In,200
2026-06-24T19:00:00,21.823,21.861,22.1,22.3,In,200
2026-06-24T19:10:00,21.876,21.9077,22.1,22.3,In,200
2026-06-24T19:20:00,21.887,21.894,22.1,22.2,In,200
2026-06-24T19:30:00,21.898,21.8775,22.1,22.2,In,200
2026-06-24T19:40:00,21.866,21.8652,22.1,22.3,In,200
2026-06-24T19:50:00,21.876,21.8679,22.2,22.3,In,200
2026-06-24T20:00:00,21.909,21.905,22.1,22.3,In,200
2026-06-24T20:10:00,21.952,21.9475,22.1,22.3,In,200
2026-06-24T20:20:00,21.941,21.9461,22.1,22.3,In,200
2026-06-24T20:30:00,21.952,21.9585,22.1,22.3,In,200
2026-06-24T20:40:00,21.952,21.9791,22.2,22.4,In,200
2026-06-24T20:50:00,21.994,21.9983,22.2,22.4,In,200
2026-06-24T21:00:00,21.994,21.9997,22.2,22.3,In,200
2026-06-24T21:10:00,22.005,22.0134,22.2,22.3,In,200
2026-06-24T21:20:00,21.973,21.9983,22.2,22.4,In,200
2026-06-24T21:30:00,21.984,21.9846,22.3,22.3,In,200
2026-06-24T21:40:00,21.984,21.9832,22.2,22.4,In,200
2026-06-24T21:50:00,21.973,21.9846,22.3,22.4,In,200
2026-06-24T22:00:00,22.005,22.0148,22.3,22.4,In,200
2026-06-24T22:10:00,22.037,22.0203,22.2,22.4,In,200
2026-06-24T22:20:00,22.027,22.0299,22.3,22.4,In,200
2026-06-24T22:30:00,22.037,22.034,22.3,22.4,In,200
2026-06-24T22:40:00,22.048,22.0285,22.3,22.4,In,200
2026-06-24T22:50:00,22.037,22.0299,22.3,22.4,In,200
2026-06-24T23:00:00,22.048,22.0354,22.3,22.4,In,200
2026-06-24T23:10:00,22.059,22.0422,22.2,22.4,In,200
2026-06-24T23:20:00,22.027,22.0354,22.3,22.4,In,200
2026-06-24T23:30:00,22.027,22.0285,22.3,22.4,In,200
2026-06-24T23:40:00,22.027,22.0244,22.3,22.4,In,200
2026-06-24T23:50:00,22.037,22.023,22.3,22.4,In,200
2026-06-25T00:00:00,22.005,22.023,22.3,22.4,In,200
2026-06-25T00:10:00,22.037,22.0326,22.3,22.4,In,200
2026-06-25T00:20:00,22.027,22.045,22.3,22.5,In,200
2026-06-25T00:30:00,22.069,22.0779,22.2,22.4,In,200
2026-06-25T00:40:00,22.22,22.2277,22.3,22.4,In,200
2026-06-25T00:50:00,22.295,22.3225,22.3,22.5,In,200
2026-06-25T01:00:00,22.187,22.2318,22.3,22.4,In,200
2026-06-25T01:10:00,22.177,22.1947,22.4,22.5,In,200
2026-06-25T01:20:00,22.187,22.2016,22.5,22.7,In,200
2026-06-25T01:30:00,22.22,22.218,22.6,22.7,In,200
2026-06-25T01:40:00,22.241,22.251,22.5,22.6,In,200
2026-06-25T01:50:00,22.263,22.2524,22.5,22.7,In,200
2026-06-25T02:00:00,22.273,22.2881,22.5,22.6,In,200
2026-06-25T02:10:00,22.284,22.2936,22.4,22.6,In,200
2026-06-25T02:20:00,22.241,22.2634,22.5,22.6,In,200
2026-06-25T02:30:00,22.198,22.2098,22.5,22.7,In,200
2026-06-25T02:40:00,22.166,22.2002,22.5,22.7,In,200
2026-06-25T02:50:00,22.198,22.2098,22.5,22.7,In,200
2026-06-25T03:00:00,22.209,22.2263,22.5,22.7,In,200
2026-06-25T03:10:00,22.209,22.2235,22.5,22.7,In,200
2026-06-25T03:20:00,22.166,22.1919,22.5,22.7,In,200
2026-06-25T03:30:00,22.037,22.0587,22.4,22.6,In,200
2026-06-25T03:40:00,22.069,22.104,22.5,22.6,In,200
2026-06-25T03:50:00,22.123,22.1233,22.5,22.6,In,200
2026-06-25T04:00:00,22.091,22.1136,22.4,22.6,In,200
2026-06-25T04:10:00,22.069,22.0834,22.3,22.5,In,200
2026-06-25T04:20:00,22.08,22.0656,22.4,22.5,In,200
2026-06-25T04:30:00,22.08,22.0903,22.4,22.5,In,200
2026-06-25T04:40:00,22.155,22.1576,22.4,22.4,In,200
2026-06-25T04:50:00,22.198,22.1864,22.4,22.5,In,200
2026-06-25T05:00:00,22.166,22.1947,22.3,22.5,In,200
2026-06-25T05:10:00,22.145,22.1576,22.4,22.6,In,200
2026-06-25T05:20:00,22.048,22.0738,22.4,22.5,In,200
2026-06-25T05:30:00,21.952,21.9571,22.5,22.6,In,200
2026-06-25T05:40:00,21.93,21.9365,22.5,22.6,In,200
2026-06-25T05:50:00,21.941,21.9448,22.4,22.5,In,200
2026-06-25T06:00:00,21.952,21.9544,22.3,22.5,In,200
2026-06-25T06:10:00,21.973,21.964,22.3,22.4,In,200
2026-06-25T06:20:00,21.984,21.975,22.2,22.4,In,200
2026-06-25T06:30:00,21.973,21.9846,22.2,22.3,In,200
2026-06-25T06:40:00,22.005,22.0148,22.2,22.4,In,200
2026-06-25T06:50:00,22.005,22.0162,22.3,22.3,In,200
2026-06-25T07:00:00,22.027,22.0203,22.2,22.4,In,200
2026-06-25T07:10:00,22.048,22.0546,22.2,22.4,In,200
2026-06-25T07:20:00,22.08,22.0724,22.3,22.5,In,200
2026-06-25T07:30:00,22.069,22.0752,22.2,22.4,In,200
2026-06-25T07:40:00,22.059,22.0807,22.2,22.5,In,200
2026-06-25T07:50:00,22.091,22.0821,22.3,22.5,In,200
2026-06-25T08:00:00,22.069,22.0793,22.3,22.5,In,200
2026-06-25T08:10:00,22.069,22.0752,22.3,22.5,In,200
2026-06-25T08:20:00,22.037,22.0422,22.3,22.5,In,200
2026-06-25T08:30:00,22.016,22.0285,22.3,22.4,In,200
2026-06-25T08:40:00,22.027,22.0285,22.3,22.4,In,200
2026-06-25T08:50:00,22.005,22.0299,22.3,22.5,In,200
2026-06-25T09:00:00,22.016,22.0107,22.3,22.5,In,200
2026-06-25T09:10:00,21.962,21.9873,22.3,22.5,In,200
2026-06-25T09:20:00,21.93,21.9283,22.2,22.4,In,200
2026-06-25T09:30:00,21.941,21.9269,22.3,22.4,In,200
2026-06-25T09:40:00,21.93,21.9297,22.3,22.4,In,200
2026-06-25T09:50:00,21.952,21.9352,22.3,22.4,In,200
2026-06-25T10:00:00,21.952,21.9461,22.2,22.3,In,200
2026-06-25T10:10:00,21.962,21.9695,22.2,22.3,In,200
2026-06-25T10:20:00,21.973,21.9791,22.2,22.4,In,200
2026-06-25T10:30:00,21.984,21.9983,22.2,22.3,In,200
2026-06-25T10:40:00,22.037,22.0505,22.2,22.4,In,200
2026-06-25T10:50:00,22.145,22.1356,22.2,22.4,In,200
2026-06-25T11:00:00,22.166,22.1892,22.2,22.4,In,200
2026-06-25T11:10:00,22.209,22.2208,22.3,22.5,In,200
2026-06-25T11:20:00,22.22,22.2263,22.3,22.5,In,200
2026-06-25T11:30:00,22.209,22.2222,22.4,22.6,In,200
2026-06-25T11:40:00,22.263,22.2702,22.5,22.6,In,200
2026-06-25T11:50:00,22.37,22.3623,22.5,22.6,In,200
2026-06-25T12:00:00,22.391,22.3912,22.5,22.6,In,200
2026-06-25T12:10:00,22.402,22.4228,22.5,22.7,In,200
2026-06-25T12:20:00,22.445,22.4503,22.6,22.7,In,200
2026-06-25T12:30:00,22.509,22.5218,22.6,22.7,In,200
2026-06-25T12:40:00,22.391,22.4118,22.6,22.8,In,200
2026-06-25T12:50:00,22.391,22.3884,22.7,22.9,In,200
2026-06-25T13:00:00,22.391,22.3912,22.8,22.9,In,200
2026-06-25T13:10:00,22.327,22.3554,22.8,22.9,In,200
2026-06-25T13:20:00,22.327,22.3527,22.6,22.9,In,200
2026-06-25T13:30:00,22.37,22.3774,22.6,22.8,In,200
2026-06-25T13:40:00,22.423,22.4063,22.6,22.8,In,200
2026-06-25T13:50:00,22.434,22.4407,22.6,22.7,In,200
2026-06-25T14:00:00,22.445,22.4503,22.6,22.7,In,200
2026-06-25T14:10:00,22.327,22.3816,22.6,22.8,In,200
2026-06-25T14:20:00,22.284,22.2964,22.6,22.8,In,200
2026-06-25T14:30:00,22.284,22.3032,22.7,22.9,In,200
2026-06-25T14:40:00,22.305,22.295,22.8,22.8,In,200
2026-06-25T14:50:00,22.295,22.3046,22.6,22.7,In,200
2026-06-25T15:00:00,22.284,22.2895,22.6,22.7,In,200
2026-06-25T15:10:00,22.08,22.1439,22.5,22.6,In,200
2026-06-25T15:20:00,22.069,22.0793,22.5,22.6,In,200
2026-06-25T15:30:00,22.048,22.0656,22.6,22.7,In,200
2026-06-25T15:40:00,22.005,22.0354,22.5,22.7,In,200
2026-06-25T15:50:00,22.048,22.0354,22.4,22.6,In,200
2026-06-25T16:00:00,22.037,22.0244,22.4,22.5,In,200
2026-06-25T16:10:00,22.005,22.0079,22.3,22.5,In,200
2026-06-25T16:20:00,22.005,22.0107,22.2,22.4,In,200
2026-06-25T16:30:00,21.994,22.0134,22.3,22.4,In,200
2026-06-25T16:40:00,22.016,22.012,22.3,22.4,In,200
2026-06-25T16:50:00,22.027,22.0162,22.3,22.5,In,200
2026-06-25T17:00:00,22.016,22.0189,22.3,22.4,In,200
2026-06-25T17:10:00,21.994,22.0189,22.3,22.4,In,200
2026-06-25T17:20:00,21.994,22.0148,22.3,22.4,In,200
2026-06-25T17:30:00,22.016,22.0134,22.3,22.4,In,200
2026-06-25T17:40:00,22.016,22.0093,22.3,22.4,In,200
2026-06-25T17:50:00,22.016,22.0313,22.3,22.4,In,200
2026-06-25T18:00:00,22.059,22.0519,22.3,22.5,In,200
2026-06-25T18:10:00,22.005,22.0244,22.3,22.5,In,200
2026-06-25T18:20:00,21.994,21.9997,22.3,22.4,In,200
2026-06-25T18:30:00,21.984,22.0065,22.3,22.4,In,200
2026-06-25T18:40:00,22.027,22.0477,22.4,22.4,In,200
2026-06-25T18:50:00,22.048,22.0519,22.3,22.4,In,200
2026-06-25T19:00:00,22.048,22.0381,22.3,22.4,In,200
2026-06-25T19:10:00,21.994,22.0244,22.3,22.5,In,200
2026-06-25T19:20:00,22.027,22.0189,22.3,22.5,In,200
2026-06-25T19:30:00,22.027,22.023,22.3,22.5,In,200
2026-06-25T19:40:00,22.016,22.0203,22.3,22.5,In,200
2026-06-25T19:50:00,22.037,22.0189,22.3,22.4,In,200
2026-06-25T20:00:00,22.027,22.0148,22.3,22.4,In,200
2026-06-25T20:10:00,22.016,22.0107,22.3,22.4,In,200
2026-06-25T20:20:00,21.994,22.0065,22.2,22.4,In,200
2026-06-25T20:30:00,22.005,22.0024,22.3,22.4,In,200
2026-06-25T20:40:00,22.005,22.0065,22.3,22.4,In,200
2026-06-25T20:50:00,22.037,22.0244,22.3,22.4,In,200
2026-06-25T21:00:00,22.037,22.0505,22.3,22.4,In,200
2026-06-25T21:10:00,22.091,22.0738,22.3,22.4,In,200
2026-06-25T21:20:00,22.08,22.0807,22.3,22.4,In,200
2026-06-25T21:30:00,22.069,22.0642,22.2,22.5,In,200
2026-06-25T21:40:00,22.048,22.0519,22.3,22.5,In,200
2026-06-25T21:50:00,22.048,22.0519,22.4,22.5,In,200
2026-06-25T22:00:00,22.059,22.0519,22.3,22.5,In,200
2026-06-25T22:10:00,22.069,22.0601,22.3,22.4,In,200
2026-06-25T22:20:00,22.091,22.0766,22.3,22.4,In,200
2026-06-25T22:30:00,22.08,22.0862,22.3,22.4,In,200
2026-06-25T22:40:00,22.08,22.0862,22.3,22.4,In,200
2026-06-25T22:50:00,22.069,22.0848,22.3,22.5,In,200
2026-06-25T23:00:00,22.102,22.0889,22.3,22.5,In,200
2026-06-25T23:10:00,22.08,22.0821,22.3,22.5,In,200
2026-06-25T23:20:00,22.08,22.0738,22.4,22.5,In,200
2026-06-25T23:30:00,22.069,22.0738,22.4,22.4,In,200
2026-06-25T23:40:00,22.102,22.0807,22.4,22.5,In,200
2026-06-25T23:50:00,22.102,22.0958,22.3,22.5,In,200
2026-06-26T00:00:00,22.177,22.1631,22.3,22.4,In,200
2026-06-26T00:10:00,22.177,22.1988,22.3,22.5,In,200
2026-06-26T00:20:00,22.177,22.1906,22.4,22.5,In,200
2026-06-26T00:30:00,22.177,22.1864,22.4,22.6,In,200
2026-06-26T00:40:00,22.177,22.1906,22.4,22.5,In,200
2026-06-26T00:50:00,22.155,22.1686,22.4,22.6,In,200
2026-06-26T01:00:00,22.209,22.2002,22.4,22.6,In,200
2026-06-26T01:10:00,22.198,22.218,22.5,22.6,In,200
2026-06-26T01:20:00,22.198,22.2016,22.5,22.6,In,200
2026-06-26T01:30:00,22.177,22.2002,22.4,22.6,In,200
2026-06-26T01:40:00,22.177,22.1961,22.4,22.6,In,200
2026-06-26T01:50:00,22.23,22.2208,22.5,22.6,In,200
2026-06-26T02:00:00,22.273,22.2826,22.5,22.6,In,200
2026-06-26T02:10:00,22.284,22.3266,22.5,22.6,In,200
2026-06-26T02:20:00,22.209,22.3183,22.4,22.6,In,200
2026-06-26T02:30:00,22.316,22.3692,22.5,22.6,In,200
2026-06-26T02:40:00,22.338,22.339,22.6,22.7,In,200
2026-06-26T02:50:00,22.284,22.273,22.6,22.7,In,200
2026-06-26T03:00:00,22.209,22.2112,22.6,22.7,In,200
2026-06-26T03:10:00,22.177,22.1892,22.7,22.8,In,200
2026-06-26T03:20:00,22.102,22.1301,22.6,22.7,In,200
2026-06-26T03:30:00,22.123,22.1068,22.5,22.7,In,200
2026-06-26T03:40:00,22.112,22.1136,22.5,22.6,In,200
2026-06-26T03:50:00,22.037,22.067,22.4,22.6,In,200
2026-06-26T04:00:00,22.016,22.0065,22.4,22.5,In,200
2026-06-26T04:10:00,22.005,21.9983,22.3,22.5,In,200
2026-06-26T04:20:00,22.037,22.0148,22.4,22.5,In,200
2026-06-26T04:30:00,22.059,22.0285,22.2,22.4,In,200
2026-06-26T04:40:00,22.037,22.0258,22.2,22.4,In,200
2026-06-26T04:50:00,22.037,22.0354,22.3,22.4,In,200
2026-06-26T05:00:00,21.984,22.0079,22.2,22.4,In,200
2026-06-26T05:10:00,21.973,21.9791,22.3,22.4,In,200
2026-06-26T05:20:00,21.952,21.9571,22.3,22.5,In,200
2026-06-26T05:30:00,21.962,21.9571,22.3,22.5,In,200
2026-06-26T05:40:00,21.984,21.9585,22.3,22.4,In,200
2026-06-26T05:50:00,21.962,21.9612,22.3,22.4,In,200
2026-06-26T06:00:00,21.973,21.9599,22.2,22.3,In,200
2026-06-26T06:10:00,21.962,21.9571,22.2,22.4,In,200
2026-06-26T06:20:00,21.984,21.9626,22.2,22.3,In,200
2026-06-26T06:30:00,21.962,21.9708,22.2,22.3,In,200
2026-06-26T06:40:00,21.984,21.9777,22.2,22.3,In,200
2026-06-26T06:50:00,21.994,21.9859,22.2,22.3,In,200
2026-06-26T07:00:00,21.994,22.0038,22.2,22.3,In,200
2026-06-26T07:10:00,21.994,22.0052,22.2,22.4,In,200
2026-06-26T07:20:00,21.973,21.9887,22.3,22.4,In,200
2026-06-26T07:30:00,21.984,21.9873,22.2,22.4,In,200
2026-06-26T07:40:00,21.973,21.9763,22.2,22.4,In,200
2026-06-26T07:50:00,21.973,21.9763,22.3,22.4,In,200
2026-06-26T08:00:00,21.919,21.9516,22.3,22.4,In,200
2026-06-26T08:10:00,21.919,21.9599,22.2,22.4,In,200
2026-06-26T08:20:00,21.962,21.9571,22.2,22.4,In,200
2026-06-26T08:30:00,21.93,21.9599,22.2,22.3,In,200
2026-06-26T08:40:00,21.941,21.9516,22.2,22.4,In,200
2026-06-26T08:50:00,21.962,21.9544,22.2,22.4,In,200
2026-06-26T09:00:00,21.952,21.9626,22.2,22.4,In,200
2026-06-26T09:10:00,21.952,21.9722,22.1,22.4,In,200
2026-06-26T09:20:00,21.994,21.9805,22.2,22.3,In,200
2026-06-26T09:30:00,21.994,21.9777,22.2,22.4,In,200
2026-06-26T09:40:00,21.962,21.9859,22.2,22.4,In,200
2026-06-26T09:50:00,21.984,21.9873,22.2,22.4,In,200
2026-06-26T10:00:00,21.984,21.9832,22.3,22.4,In,200
2026-06-26T10:10:00,21.984,21.9777,22.2,22.4,In,200
2026-06-26T10:20:00,21.962,21.9805,22.2,22.4,In,200
2026-06-26T10:30:00,21.973,21.9859,22.2,22.4,In,200
2026-06-26T10:40:00,21.994,21.9873,22.2,22.4,In,200
2026-06-26T10:50:00,21.994,21.9859,22.2,22.4,In,200
2026-06-26T11:00:00,22.005,21.9997,22.2,22.3,In,200
2026-06-26T11:10:00,22.005,22.0079,22.2,22.3,In,200
2026-06-26T11:20:00,22.027,22.0134,22.3,22.4,In,200
2026-06-26T11:30:00,22.027,22.023,22.3,22.3,In,200
2026-06-26T11:40:00,22.005,22.0271,22.3,22.4,In,200
2026-06-26T11:50:00,22.027,22.0354,22.3,22.4,In,200
2026-06-26T12:00:00,22.016,22.0409,22.3,22.4,In,200
2026-06-26T12:10:00,22.037,22.0464,22.3,22.4,In,200
2026-06-26T12:20:00,22.048,22.0519,22.3,22.4,In,200
2026-06-26T12:30:00,22.069,22.1095,22.2,22.4,In,200
2026-06-26T12:40:00,22.145,22.1755,22.3,22.5,In,200
2026-06-26T12:50:00,22.187,22.2057,22.3,22.4,In,200
2026-06-26T13:00:00,22.209,22.2208,22.3,22.4,In,200
2026-06-26T13:10:00,22.177,22.2002,22.4,22.6,In,200
2026-06-26T13:20:00,22.123,22.1205,22.4,22.6,In,200
2026-06-26T13:30:00,22.091,22.0985,22.5,22.6,In,200
2026-06-26T13:40:00,22.102,22.1027,22.5,22.6,In,200
2026-06-26T13:50:00,22.102,22.1068,22.4,22.5,In,200
2026-06-26T14:00:00,22.102,22.1068,22.4,22.5,In,200
2026-06-26T14:10:00,22.091,22.1164,22.4,22.5,In,200
2026-06-26T14:20:00,22.123,22.1246,22.4,22.5,In,200
2026-06-26T14:30:00,22.112,22.126,22.3,22.5,In,200
2026-06-26T14:40:00,22.145,22.1933,22.4,22.5,In,200
2026-06-26T14:50:00,22.305,22.3266,22.4,22.5,In,200
2026-06-26T15:00:00,22.338,22.3678,22.4,22.6,In,200
2026-06-26T15:10:00,22.338,22.3747,22.4,22.6,In,200
2026-06-26T15:20:00,22.263,22.306,22.5,22.7,In,200
2026-06-26T15:30:00,22.273,22.306,22.6,22.7,In,200
2026-06-26T15:40:00,22.209,22.2428,22.7,22.8,In,200
2026-06-26T15:50:00,22.091,22.1205,22.6,22.7,In,200
2026-06-26T16:00:00,22.091,22.1136,22.6,22.7,In,200
2026-06-26T16:10:00,22.166,22.1988,22.6,22.7,In,200
2026-06-26T16:20:00,22.22,22.207,22.5,22.6,In,200
2026-06-26T16:30:00,22.209,22.24,22.4,22.6,In,200
2026-06-26T16:40:00,22.209,22.2428,22.3,22.6,In,200
2026-06-26T16:50:00,22.198,22.2194,22.5,22.7,In,200
2026-06-26T17:00:00,22.123,22.1246,22.5,22.6,In,200
2026-06-26T17:10:00,22.08,22.0876,22.5,22.7,In,200
2026-06-26T17:20:00,22.037,22.056,22.5,22.7,In,200
2026-06-26T17:30:00,22.037,22.0367,22.4,22.5,In,200
2026-06-26T17:40:00,22.037,22.034,22.3,22.5,In,200
2026-06-26T17:50:00,22.027,22.0299,22.3,22.5,In,200
2026-06-26T18:00:00,22.005,22.0285,22.3,22.5,In,200
2026-06-26T18:10:00,22.027,22.0107,22.3,22.4,In,200
2026-06-26T18:20:00,22.027,22.0162,22.3,22.4,In,200
2026-06-26T18:30:00,21.994,21.9901,22.3,22.4,In,200
2026-06-26T18:40:00,21.984,21.9859,22.3,22.4,In,200
2026-06-26T18:50:00,21.984,21.9914,22.3,22.4,In,200
2026-06-26T19:00:00,21.984,22.0065,22.3,22.5,In,200
2026-06-26T19:10:00,22.005,21.9969,22.3,22.4,In,200
2026-06-26T19:20:00,21.994,22.0024,22.2,22.4,In,200
2026-06-26T19:30:00,21.93,21.9695,22.3,22.4,In,200
2026-06-26T19:40:00,21.994,21.9887,22.2,22.4,In,200
2026-06-26T19:50:00,21.994,21.9914,22.2,22.4,In,200
2026-06-26T20:00:00,21.984,21.975,22.2,22.4,In,200
2026-06-26T20:10:00,21.984,21.9763,22.2,22.4,In,200
2026-06-26T20:20:00,21.994,21.9722,22.3,22.4,In,200
2026-06-26T20:30:00,21.962,21.9695,22.2,22.4,In,200
2026-06-26T20:40:00,21.952,21.9681,22.2,22.4,In,200
2026-06-26T20:50:00,21.994,21.9708,22.2,22.4,In,200
2026-06-26T21:00:00,21.984,21.9708,22.2,22.3,In,200
2026-06-26T21:10:00,21.952,21.9585,22.2,22.4,In,200
2026-06-26T21:20:00,21.962,21.9557,22.2,22.4,In,200
2026-06-26T21:30:00,21.962,21.9612,22.3,22.4,In,200
2026-06-26T21:40:00,21.962,21.9585,22.2,22.3,In,200
2026-06-26T21:50:00,21.973,21.9681,22.2,22.3,In,200
2026-06-26T22:00:00,21.962,21.9667,22.2,22.3,In,200
2026-06-26T22:10:00,21.984,21.964,22.2,22.4,In,200
2026-06-26T22:20:00,21.984,21.9654,22.2,22.4,In,200
2026-06-26T22:30:00,21.973,21.9681,22.2,22.4,In,200
2026-06-26T22:40:00,21.994,21.9708,22.2,22.4,In,200
2026-06-26T22:50:00,21.973,21.9777,22.2,22.3,In,200
2026-06-26T23:00:00,21.984,21.9901,22.2,22.4,In,200
2026-06-26T23:10:00,22.005,22.001,22.2,22.4,In,200
2026-06-26T23:20:00,22.037,22.056,22.2,22.4,In,200
2026-06-26T23:30:00,22.037,22.0477,22.2,22.4,In,200
2026-06-26T23:40:00,22.005,22.0148,22.2,22.4,In,200
2026-06-26T23:50:00,21.973,21.9859,22.3,22.5,In,200
2026-06-27T00:00:00,21.994,21.9791,22.3,22.4,In,200
2026-06-27T00:10:00,21.994,21.9791,22.3,22.5,In,200
2026-06-27T00:20:00,22.005,21.9832,22.3,22.4,In,200
2026-06-27T00:30:00,21.984,21.9928,22.3,22.4,In,200
2026-06-27T00:40:00,21.984,21.9983,22.2,22.4,In,200
2026-06-27T00:50:00,22.027,22.0409,22.2,22.4,In,200
2026-06-27T01:00:00,22.037,22.0409,22.2,22.4,In,200
2026-06-27T01:10:00,22.005,22.0162,22.3,22.4,In,200
2026-06-27T01:20:00,22.016,21.9983,22.2,22.4,In,200
2026-06-27T01:30:00,21.994,21.9969,22.3,22.4,In,200
2026-06-27T01:40:00,21.994,21.9969,22.3,22.4,In,200
2026-06-27T01:50:00,22.016,21.9997,22.3,22.4,In,200
2026-06-27T02:00:00,21.984,21.9942,22.2,22.3,In,200
2026-06-27T02:10:00,21.994,21.9873,22.2,22.4,In,200
2026-06-27T02:20:00,21.984,21.9928,22.3,22.4,In,200
2026-06-27T02:30:00,22.027,22.0271,22.3,22.4,In,200
2026-06-27T02:40:00,22.069,22.0656,22.2,22.4,In,200
2026-06-27T02:50:00,22.059,22.0683,22.2,22.4,In,200
2026-06-27T03:00:00,22.069,22.0862,22.3,22.4,In,200
2026-06-27T03:10:00,22.091,22.0889,22.3,22.4,In,200
2026-06-27T03:20:00,22.102,22.0917,22.3,22.4,In,200
2026-06-27T03:30:00,22.08,22.0903,22.3,22.5,In,200
2026-06-27T03:40:00,22.08,22.0889,22.3,22.5,In,200
2026-06-27T03:50:00,22.059,22.0807,22.4,22.5,In,200
2026-06-27T04:00:00,22.005,22.0532,22.3,22.5,In,200
2026-06-27T04:10:00,22.005,22.0409,22.3,22.5,In,200
2026-06-27T04:20:00,22.016,22.0628,22.3,22.4,In,200
2026-06-27T04:30:00,22.005,22.0409,22.3,22.4,In,200
2026-06-27T04:40:00,22.037,22.0724,22.4,22.5,In,200
2026-06-27T04:50:00,22.005,22.0724,22.3,22.5,In,200
2026-06-27T05:00:00,21.994,22.012,22.3,22.5,In,200
2026-06-27T05:10:00,21.984,21.9914,22.4,22.5,In,200
2026-06-27T05:20:00,21.994,21.9859,22.3,22.5,In,200
2026-06-27T05:30:00,21.984,21.9859,22.4,22.5,In,200
2026-06-27T05:40:00,21.952,21.9695,22.3,22.4,In,200
2026-06-27T05:50:00,21.941,21.9681,22.3,22.4,In,200
2026-06-27T06:00:00,21.994,22.023,22.3,22.4,In,200
2026-06-27T06:10:00,21.962,21.9585,22.2,22.4,In,200
2026-06-27T06:20:00,21.952,21.942,22.2,22.4,In,200
2026-06-27T06:30:00,21.941,21.942,22.3,22.5,In,200
2026-06-27T06:40:00,21.941,21.9448,22.3,22.4,In,200
2026-06-27T06:50:00,21.93,21.9393,22.2,22.4,In,200
2026-06-27T07:00:00,21.952,21.953,22.2,22.3,In,200
2026-06-27T07:10:00,21.962,21.9557,22.2,22.4,In,200
2026-06-27T07:20:00,21.952,21.9516,22.1,22.3,In,200
2026-06-27T07:30:00,21.941,21.9489,22.2,22.4,In,200
2026-06-27T07:40:00,21.952,21.9352,22.2,22.3,In,200
2026-06-27T07:50:00,21.93,21.9269,22.2,22.3,In,200
2026-06-27T08:00:00,21.898,21.9091,22.2,22.4,In,200
2026-06-27T08:10:00,21.887,21.9036,22.1,22.4,In,200
2026-06-27T08:20:00,21.898,21.9146,22.2,22.3,In,200
2026-06-27T08:30:00,21.941,21.9461,22.2,22.3,In,200
2026-06-27T08:40:00,21.984,21.9846,22.2,22.3,In,200
2026-06-27T08:50:00,22.016,22.001,22.1,22.3,In,200
2026-06-27T09:00:00,21.984,21.9997,22.2,22.3,In,200
2026-06-27T09:10:00,21.984,21.9914,22.2,22.4,In,200
2026-06-27T09:20:00,21.973,21.9859,22.2,22.4,In,200
2026-06-27T09:30:00,21.962,21.9489,22.3,22.4,In,200
2026-06-27T09:40:00,21.952,21.9352,22.2,22.4,In,200
2026-06-27T09:50:00,21.919,21.9283,22.2,22.4,In,200
2026-06-27T10:00:00,21.909,21.9255,22.2,22.4,In,200
2026-06-27T10:10:00,21.93,21.9269,22.2,22.4,In,200
2026-06-27T10:20:00,21.93,21.9338,22.2,22.3,In,200
2026-06-27T10:30:00,21.941,21.9489,22.2,22.3,In,200
2026-06-27T10:40:00,21.973,21.9695,22.2,22.4,In,200
2026-06-27T10:50:00,21.962,21.9681,22.2,22.3,In,200
2026-06-27T11:00:00,21.973,21.9805,22.2,22.4,In,200
2026-06-27T11:10:00,21.962,21.9832,22.2,22.3,In,200
2026-06-27T11:20:00,21.984,21.9681,22.2,22.4,In,200
2026-06-27T11:30:00,21.984,21.9763,22.2,22.3,In,200
2026-06-27T11:40:00,21.984,21.9722,22.2,22.4,In,200
2026-06-27T11:50:00,21.941,21.9516,22.2,22.4,In,200
2026-06-27T12:00:00,21.909,21.9379,22.2,22.4,In,200
2026-06-27T12:10:00,21.952,21.9365,22.2,22.4,In,200
2026-06-27T12:20:00,21.952,21.931,22.2,22.3,In,200
2026-06-27T12:30:00,21.919,21.9283,22.2,22.4,In,200
2026-06-27T12:40:00,21.93,21.9365,22.2,22.4,In,200
2026-06-27T12:50:00,21.962,21.9612,22.2,22.3,In,200
2026-06-27T13:00:00,21.994,21.9969,22.2,22.3,In,200
2026-06-27T13:10:00,21.994,22.001,22.2,22.3,In,200
2026-06-27T13:20:00,22.005,22.0134,22.2,22.3,In,200
2026-06-27T13:30:00,22.091,22.0807,22.3,22.4,In,200
2026-06-27T13:40:00,22.102,22.1082,22.2,22.4,In,200
2026-06-27T13:50:00,22.091,22.115,22.3,22.4,In,200
2026-06-27T14:00:00,22.123,22.1205,22.4,22.5,In,200
2026-06-27T14:10:00,22.123,22.1205,22.3,22.5,In,200
2026-06-27T14:20:00,22.027,22.0587,22.4,22.5,In,200
2026-06-27T14:30:00,22.102,22.1095,22.4,22.5,In,200
2026-06-27T14:40:00,22.08,22.1233,22.4,22.5,In,200
2026-06-27T14:50:00,22.059,22.0532,22.4,22.5,In,200
2026-06-27T15:00:00,22.037,22.0326,22.4,22.4,In,200
2026-06-27T15:10:00,22.037,22.0203,22.4,22.5,In,200
2026-06-27T15:20:00,22.037,22.023,22.4,22.5,In,200
2026-06-27T15:30:00,22.059,22.0738,22.3,22.5,In,200
2026-06-27T15:40:00,22.102,22.1397,22.3,22.5,In,200
2026-06-27T15:50:00,22.134,22.148,22.3,22.4,In,200
2026-06-27T16:00:00,22.145,22.1645,22.3,22.5,In,200
2026-06-27T16:10:00,22.177,22.1878,22.4,22.5,In,200
2026-06-27T16:20:00,22.209,22.2084,22.4,22.6,In,200
2026-06-27T16:30:00,22.177,22.2084,22.4,22.6,In,200
2026-06-27T16:40:00,22.198,22.2029,22.4,22.5,In,200
2026-06-27T16:50:00,22.177,22.1906,22.5,22.6,In,200
2026-06-27T17:00:00,22.177,22.1837,22.5,22.6,In,200
2026-06-27T17:10:00,22.187,22.2112,22.5,22.6,In,200
2026-06-27T17:20:00,22.23,22.2359,22.4,22.6,In,200
2026-06-27T17:30:00,22.241,22.2414,22.4,22.6,In,200
2026-06-27T17:40:00,22.134,22.1617,22.5,22.6,In,200
2026-06-27T17:50:00,22.145,22.1439,22.5,22.6,In,200
2026-06-27T18:00:00,22.102,22.1164,22.5,22.7,In,200
2026-06-27T18:10:00,22.069,22.0738,22.5,22.6,In,200
2026-06-27T18:20:00,22.069,22.0656,22.4,22.5,In,200
2026-06-27T18:30:00,22.069,22.067,22.4,22.5,In,200
2026-06-27T18:40:00,22.005,22.0258,22.4,22.6,In,200
2026-06-27T18:50:00,21.994,21.9928,22.3,22.4,In,200
2026-06-27T19:00:00,21.984,21.9791,22.3,22.5,In,200
2026-06-27T19:10:00,21.973,21.9695,22.3,22.5,In,200
2026-06-27T19:20:00,21.973,21.9722,22.3,22.4,In,200
2026-06-27T19:30:00,21.973,21.9777,22.2,22.4,In,200
2026-06-27T19:40:00,21.984,21.9956,22.2,22.4,In,200
2026-06-27T19:50:00,22.005,22.0203,22.2,22.4,In,200
2026-06-27T20:00:00,22.059,22.0532,22.2,22.4,In,200
2026-06-27T20:10:00,22.005,22.0271,22.2,22.4,In,200
2026-06-27T20:20:00,21.984,21.9805,22.3,22.4,In,200
2026-06-27T20:30:00,21.984,21.9997,22.3,22.5,In,200
2026-06-27T20:40:00,21.994,21.9763,22.4,22.5,In,200
2026-06-27T20:50:00,22.005,21.9914,22.3,22.4,In,200
2026-06-27T21:00:00,22.005,22.0038,22.3,22.4,In,200
2026-06-27T21:10:00,22.037,22.0258,22.3,22.4,In,200
2026-06-27T21:20:00,22.027,22.0216,22.2,22.4,In,200
2026-06-27T21:30:00,22.005,22.0285,22.3,22.3,In,200
2026-06-27T21:40:00,22.016,22.0203,22.3,22.4,In,200
2026-06-27T21:50:00,21.994,22.0093,22.3,22.4,In,200
2026-06-27T22:00:00,22.016,22.0093,22.3,22.4,In,200
2026-06-27T22:10:00,21.994,21.9914,22.3,22.4,In,200
2026-06-27T22:20:00,21.984,21.9832,22.3,22.4,In,200
2026-06-27T22:30:00,21.984,21.9708,22.3,22.4,In,200
2026-06-27T22:40:00,21.962,21.9654,22.3,22.4,In,200
2026-06-27T22:50:00,21.962,21.9393,22.3,22.4,In,200
2026-06-27T23:00:00,21.898,21.9228,22.2,22.4,In,200
2026-06-27T23:10:00,21.941,21.9516,22.2,22.4,In,200
2026-06-27T23:20:00,21.962,21.9612,22.2,22.3,In,200
2026-06-27T23:30:00,21.962,21.9736,22.1,22.3,In,200
2026-06-27T23:40:00,21.994,21.9914,22.2,22.3,In,200
2026-06-27T23:50:00,21.962,21.9736,22.2,22.4,In,200
2026-06-28T00:00:00,21.973,21.9846,22.3,22.4,In,200
2026-06-28T00:10:00,21.994,21.9859,22.2,22.4,In,200
2026-06-28T00:20:00,21.984,21.9846,22.2,22.4,In,200
2026-06-28T00:30:00,21.984,21.9791,22.2,22.4,In,200
2026-06-28T00:40:00,21.994,21.9832,22.2,22.4,In,200
2026-06-28T00:50:00,22.016,21.9997,22.2,22.4,In,200
2026-06-28T01:00:00,22.016,22.0038,22.2,22.3,In,200
2026-06-28T01:10:00,22.005,22.0107,22.3,22.4,In,200
2026-06-28T01:20:00,22.005,22.0134,22.2,22.4,In,200
2026-06-28T01:30:00,22.016,22.0134,22.2,22.4,In,200
2026-06-28T01:40:00,22.005,22.0079,22.2,22.4,In,200
2026-06-28T01:50:00,21.994,22.0093,22.2,22.4,In,200
2026-06-28T02:00:00,22.005,22.0216,22.2,22.4,In,200
2026-06-28T02:10:00,22.102,22.1136,22.3,22.4,In,200
2026-06-28T02:20:00,22.145,22.1452,22.3,22.4,In,200
2026-06-28T02:30:00,22.145,22.148,22.3,22.5,In,200
2026-06-28T02:40:00,22.145,22.1521,22.4,22.6,In,200
2026-06-28T02:50:00,22.08,22.1191,22.4,22.6,In,200
2026-06-28T03:00:00,22.134,22.1521,22.4,22.5,In,200
2026-06-28T03:10:00,22.134,22.1672,22.4,22.6,In,200
2026-06-28T03:20:00,22.166,22.1672,22.4,22.5,In,200
2026-06-28T03:30:00,22.145,22.1439,22.4,22.5,In,200
2026-06-28T03:40:00,22.177,22.1535,22.4,22.6,In,200
2026-06-28T03:50:00,22.22,22.2359,22.4,22.6,In,200
2026-06-28T04:00:00,22.273,22.3087,22.4,22.6,In,200
2026-06-28T04:10:00,22.284,22.3156,22.4,22.6,In,200
2026-06-28T04:20:00,22.273,22.3101,22.4,22.6,In,200
2026-06-28T04:30:00,22.295,22.3005,22.5,22.7,In,200
2026-06-28T04:40:00,22.305,22.3101,22.6,22.6,In,200
2026-06-28T04:50:00,22.348,22.3307,22.6,22.7,In,200
2026-06-28T05:00:00,22.348,22.3747,22.6,22.7,In,200
2026-06-28T05:10:00,22.177,22.3101,22.6,22.7,In,200
2026-06-28T05:20:00,22.134,22.1548,22.6,22.7,In,200
2026-06-28T05:30:00,22.145,22.1466,22.6,22.7,In,200
2026-06-28T05:40:00,22.123,22.1315,22.7,22.7,In,200
2026-06-28T05:50:00,21.994,22.0271,22.6,22.7,In,200
2026-06-28T06:00:00,21.994,21.9983,22.4,22.6,In,200
2026-06-28T06:10:00,21.93,21.9503,22.4,22.5,In,200
2026-06-28T06:20:00,21.93,21.9571,22.3,22.5,In,200
2026-06-28T06:30:00,21.909,21.9365,22.3,22.4,In,200
2026-06-28T06:40:00,21.919,21.9242,22.2,22.4,In,200
2026-06-28T06:50:00,21.898,21.9146,22.2,22.4,In,200
2026-06-28T07:00:00,21.93,21.9338,22.3,22.4,In,200
2026-06-28T07:10:00,21.93,21.931,22.3,22.4,In,200
2026-06-28T07:20:00,21.93,21.942,22.2,22.4,In,200
2026-06-28T07:30:00,21.952,21.9475,22.1,22.3,In,200
2026-06-28T07:40:00,21.952,21.9585,22.1,22.3,In,200
2026-06-28T07:50:00,21.973,21.9708,22.2,22.3,In,200
2026-06-28T08:00:00,21.962,21.9722,22.2,22.4,In,200
2026-06-28T08:10:00,21.994,22.0079,22.2,22.4,In,200
2026-06-28T08:20:00,21.994,22.0024,22.2,22.4,In,200
2026-06-28T08:30:00,22.005,22.0065,22.2,22.3,In,200
2026-06-28T08:40:00,21.994,22.0038,22.3,22.4,In,200
2026-06-28T08:50:00,21.952,21.9448,22.2,22.4,In,200
2026-06-28T09:00:00,21.93,21.9489,22.3,22.4,In,200
2026-06-28T09:10:00,21.994,21.9777,22.3,22.4,In,200
2026-06-28T09:20:00,21.994,21.9818,22.3,22.4,In,200
2026-06-28T09:30:00,21.984,21.9818,22.2,22.4,In,200
2026-06-28T09:40:00,21.984,21.9832,22.3,22.4,In,200
2026-06-28T09:50:00,21.973,21.9791,22.3,22.4,In,200
2026-06-28T10:00:00,21.952,21.9571,22.2,22.4,In,200
2026-06-28T10:10:00,21.984,21.9557,22.2,22.4,In,200
2026-06-28T10:20:00,21.962,21.9544,22.2,22.4,In,200
2026-06-28T10:30:00,21.952,21.9516,22.2,22.4,In,200
2026-06-28T10:40:00,21.941,21.953,22.1,22.4,In,200
2026-06-28T10:50:00,21.941,21.9571,22.2,22.4,In,200
2026-06-28T11:00:00,21.984,21.9736,22.2,22.4,In,200
2026-06-28T11:10:00,22.016,22.0065,22.2,22.4,In,200
2026-06-28T11:20:00,21.994,22.0134,22.2,22.3,In,200
2026-06-28T11:30:00,21.973,21.9695,22.2,22.3,In,200
2026-06-28T11:40:00,21.994,21.9805,22.2,22.4,In,200
2026-06-28T11:50:00,21.973,21.9956,22.3,22.4,In,200
2026-06-28T12:00:00,21.962,21.9942,22.2,22.4,In,200
2026-06-28T12:10:00,21.973,22.0148,22.2,22.4,In,200
2026-06-28T12:20:00,21.994,22.0134,22.3,22.4,In,200
2026-06-28T12:30:00,22.027,22.0258,22.2,22.4,In,200
2026-06-28T12:40:00,22.048,22.0573,22.3,22.4,In,200
2026-06-28T12:50:00,22.102,22.0985,22.3,22.4,In,200
2026-06-28T13:00:00,22.112,22.1329,22.3,22.4,In,200
2026-06-28T13:10:00,22.145,22.1342,22.3,22.4,In,200
2026-06-28T13:20:00,22.112,22.1315,22.3,22.5,In,200
2026-06-28T13:30:00,22.134,22.1329,22.4,22.5,In,200
2026-06-28T13:40:00,22.134,22.1507,22.4,22.5,In,200
2026-06-28T13:50:00,22.177,22.2125,22.4,22.5,In,200
2026-06-28T14:00:00,22.241,22.2593,22.4,22.5,In,200
2026-06-28T14:10:00,22.316,22.3115,22.3,22.5,In,200
2026-06-28T14:20:00,22.348,22.3458,22.5,22.6,In,200
2026-06-28T14:30:00,22.348,22.3609,22.4,22.6,In,200
2026-06-28T14:40:00,22.284,22.3046,22.5,22.7,In,200
2026-06-28T14:50:00,22.273,22.284,22.6,22.7,In,200
2026-06-28T15:00:00,22.177,22.1933,22.6,22.7,In,200
2026-06-28T15:10:00,22.134,22.148,22.6,22.7,In,200
2026-06-28T15:20:00,22.145,22.1439,22.5,22.6,In,200
2026-06-28T15:30:00,22.123,22.1233,22.5,22.7,In,200
2026-06-28T15:40:00,22.155,22.1686,22.5,22.6,In,200
2026-06-28T15:50:00,22.198,22.2084,22.4,22.6,In,200
2026-06-28T16:00:00,22.187,22.2194,22.4,22.5,In,200
2026-06-28T16:10:00,22.22,22.2208,22.4,22.5,In,200
2026-06-28T16:20:00,22.209,22.229,22.4,22.6,In,200
2026-06-28T16:30:00,22.273,22.295,22.5,22.6,In,200
2026-06-28T16:40:00,22.338,22.3431,22.5,22.6,In,200
2026-06-28T16:50:00,22.359,22.3417,22.5,22.6,In,200
2026-06-28T17:00:00,22.059,22.0985,22.6,22.7,In,200
2026-06-28T17:10:00,22.059,22.1027,22.6,22.7,In,200
2026-06-28T17:20:00,22.123,22.1205,22.6,22.7,In,200
2026-06-28T17:30:00,22.027,22.0299,22.6,22.7,In,200
2026-06-28T17:40:00,22.123,22.1205,22.4,22.6,In,200
2026-06-28T17:50:00,22.134,22.1342,22.5,22.6,In,200
2026-06-28T18:00:00,22.166,22.1809,22.3,22.5,In,200
2026-06-28T18:10:00,22.145,22.1576,22.3,22.5,In,200
2026-06-28T18:20:00,22.145,22.1397,22.4,22.5,In,200
2026-06-28T18:30:00,22.112,22.1288,22.4,22.5,In,200
2026-06-28T18:40:00,22.134,22.1439,22.4,22.5,In,200
2026-06-28T18:50:00,22.145,22.137,22.4,22.5,In,200
2026-06-28T19:00:00,22.091,22.0972,22.4,22.6,In,200
2026-06-28T19:10:00,22.091,22.0917,22.4,22.6,In,200
2026-06-28T19:20:00,22.069,22.0862,22.4,22.5,In,200
2026-06-28T19:30:00,22.005,22.0326,22.4,22.5,In,200
2026-06-28T19:40:00,22.016,22.0189,22.4,22.4,In,200
2026-06-28T19:50:00,22.016,22.0134,22.3,22.5,In,200
2026-06-28T20:00:00,21.994,21.9901,22.3,22.5,In,200
2026-06-28T20:10:00,21.962,21.9681,22.3,22.4,In,200
2026-06-28T20:20:00,21.973,21.9736,22.3,22.4,In,200
2026-06-28T20:30:00,21.973,21.9928,22.3,22.4,In,200
2026-06-28T20:40:00,21.984,22.0024,22.2,22.3,In,200
2026-06-28T20:50:00,22.027,22.0367,22.2,22.4,In,200
2026-06-28T21:00:00,22.016,22.045,22.3,22.4,In,200
2026-06-28T21:10:00,21.952,21.9612,22.3,22.4,In,200
2026-06-28T21:20:00,21.952,22.0038,22.3,22.4,In,200
2026-06-28T21:30:00,21.93,21.9338,22.3,22.4,In,200
2026-06-28T21:40:00,21.93,21.9516,22.3,22.4,In,200
2026-06-28T21:50:00,21.93,21.9516,22.2,22.4,In,200
2026-06-28T22:00:00,21.962,21.9626,22.3,22.4,In,200
2026-06-28T22:10:00,21.984,21.9763,22.2,22.3,In,200
2026-06-28T22:20:00,21.941,21.9626,22.2,22.4,In,200
2026-06-28T22:30:00,21.962,21.9516,22.2,22.4,In,200
2026-06-28T22:40:00,21.962,21.9406,22.2,22.3,In,200
2026-06-28T22:50:00,21.93,21.9393,22.2,22.4,In,200
2026-06-28T23:00:00,21.952,21.9544,22.2,22.4,In,200
2026-06-28T23:10:00,21.962,21.9654,22.2,22.3,In,200
2026-06-28T23:20:00,21.973,21.9805,22.2,22.3,In,200
2026-06-28T23:30:00,22.005,21.9887,22.2,22.4,In,200
2026-06-28T23:40:00,21.994,21.9969,22.2,22.4,In,200
2026-06-28T23:50:00,21.984,21.9942,22.2,22.4,In,200
2026-06-29T00:00:00,21.984,21.9859,22.2,22.4,In,200
2026-06-29T00:10:00,21.994,21.9832,22.3,22.4,In,200
2026-06-29T00:20:00,21.984,21.9942,22.3,22.4,In,200
2026-06-29T00:30:00,21.994,21.9969,22.3,22.4,In,200
2026-06-29T00:40:00,22.005,22.0038,22.2,22.3,In,200
2026-06-29T00:50:00,22.037,22.0052,22.2,22.3,In,200
2026-06-29T01:00:00,21.994,22.0079,22.3,22.4,In,200
2026-06-29T01:10:00,21.994,22.0079,22.3,22.4,In,200
2026-06-29T01:20:00,22.037,22.0175,22.2,22.4,In,200
2026-06-29T01:30:00,22.016,22.0299,22.3,22.4,In,200
2026-06-29T01:40:00,22.016,22.0505,22.3,22.4,In,200
2026-06-29T01:50:00,22.069,22.0793,22.3,22.4,In,200
2026-06-29T02:00:00,22.059,22.0642,22.3,22.4,In,200
2026-06-29T02:10:00,22.037,22.067,22.3,22.4,In,200
2026-06-29T02:20:00,22.027,22.0546,22.4,22.4,In,200
2026-06-29T02:30:00,22.048,22.0587,22.3,22.5,In,200
2026-06-29T02:40:00,22.048,22.067,22.3,22.5,In,200
2026-06-29T02:50:00,22.102,22.0862,22.4,22.5,In,200
2026-06-29T03:00:00,22.102,22.0972,22.4,22.6,In,200
2026-06-29T03:10:00,22.112,22.1246,22.3,22.5,In,200
2026-06-29T03:20:00,22.134,22.1233,22.3,22.5,In,200
2026-06-29T03:30:00,22.112,22.104,22.4,22.5,In,200
2026-06-29T03:40:00,22.123,22.104,22.3,22.5,In,200
2026-06-29T03:50:00,22.102,22.093,22.4,22.5,In,200
2026-06-29T04:00:00,22.112,22.1136,22.4,22.5,In,200
2026-06-29T04:10:00,22.155,22.207,22.4,22.5,In,200
2026-06-29T04:20:00,22.284,22.2744,22.3,22.5,In,200
2026-06-29T04:30:00,22.37,22.3747,22.3,22.5,In,200
2026-06-29T04:40:00,22.402,22.4104,22.4,22.5,In,200
2026-06-29T04:50:00,22.381,22.4077,22.6,22.6,In,200
2026-06-29T05:00:00,22.273,22.3183,22.6,22.7,In,200
2026-06-29T05:10:00,22.22,22.3238,22.6,22.7,In,200
2026-06-29T05:20:00,22.22,22.2249,22.7,22.8,In,200
2026-06-29T05:30:00,22.198,22.1961,22.6,22.8,In,200
2026-06-29T05:40:00,22.177,22.1851,22.6,22.8,In,200
2026-06-29T05:50:00,22.155,22.1562,22.6,22.8,In,200
2026-06-29T06:00:00,22.102,22.1288,22.5,22.7,In,200
2026-06-29T06:10:00,22.069,22.067,22.4,22.6,In,200
2026-06-29T06:20:00,22.059,22.0519,22.4,22.5,In,200
2026-06-29T06:30:00,22.027,22.0107,22.4,22.5,In,200
2026-06-29T06:40:00,21.962,21.9708,22.4,22.5,In,200
2026-06-29T06:50:00,21.952,21.9461,22.3,22.4,In,200
2026-06-29T07:00:00,21.93,21.9379,22.3,22.4,In,200
2026-06-29T07:10:00,21.919,21.9379,22.3,22.4,In,200
2026-06-29T07:20:00,21.941,21.9365,22.2,22.4,In,200
2026-06-29T07:30:00,21.941,21.9352,22.2,22.3,In,200
2026-06-29T07:40:00,21.941,21.9338,22.2,22.3,In,200
2026-06-29T07:50:00,21.93,21.9393,22.2,22.3,In,200
2026-06-29T08:00:00,21.941,21.9503,22.2,22.3,In,200
2026-06-29T08:10:00,21.962,21.9599,22.2,22.3,In,200
2026-06-29T08:20:00,21.973,21.9777,22.1,22.3,In,200
2026-06-29T08:30:00,21.994,21.9901,22.2,22.3,In,200
2026-06-29T08:40:00,22.005,21.9914,22.2,22.4,In,200
2026-06-29T08:50:00,22.016,22.0244,22.3,22.4,In,200
2026-06-29T09:00:00,22.048,22.0409,22.2,22.3,In,200
2026-06-29T09:10:00,21.994,22.0367,22.3,22.4,In,200
2026-06-29T09:20:00,21.941,21.9434,22.2,22.4,In,200
2026-06-29T09:30:00,21.941,21.9406,22.3,22.5,In,200
2026-06-29T09:40:00,21.973,21.9654,22.3,22.4,In,200
2026-06-29T09:50:00,21.962,21.9544,22.3,22.4,In,200
2026-06-29T10:00:00,21.962,21.9612,22.2,22.4,In,200
2026-06-29T10:10:00,21.973,21.9887,22.2,22.4,In,200
2026-06-29T10:20:00,22.005,21.9846,22.2,22.3,In,200
2026-06-29T10:30:00,22.005,22.0148,22.2,22.4,In,200
2026-06-29T10:40:00,21.994,22.0299,22.2,22.4,In,200
2026-06-29T10:50:00,21.994,22.0258,22.3,22.4,In,200
2026-06-29T11:00:00,22.005,22.0367,22.2,22.4,In,200
2026-06-29T11:10:00,22.027,22.0326,22.3,22.4,In,200
2026-06-29T11:20:00,22.016,22.034,22.4,22.4,In,200
2026-06-29T11:30:00,22.005,22.0258,22.3,22.4,In,200
2026-06-29T11:40:00,21.973,22.0079,22.3,22.4,In,200
2026-06-29T11:50:00,22.016,22.0532,22.3,22.4,In,200
2026-06-29T12:00:00,22.048,22.0779,22.3,22.5,In,200
2026-06-29T12:10:00,22.069,22.0738,22.3,22.4,In,200
2026-06-29T12:20:00,22.069,22.0985,22.3,22.5,In,200
2026-06-29T12:30:00,22.123,22.1439,22.4,22.5,In,200
2026-06-29T12:40:00,22.166,22.17,22.3,22.4,In,200
2026-06-29T12:50:00,22.187,22.1864,22.3,22.5,In,200
2026-06-29T13:00:00,22.198,22.2098,22.4,22.5,In,200
2026-06-29T13:10:00,22.198,22.2112,22.4,22.6,In,200
2026-06-29T13:20:00,22.22,22.2167,22.4,22.5,In,200
2026-06-29T13:30:00,22.209,22.2057,22.5,22.6,In,200
2026-06-29T13:40:00,22.198,22.2139,22.4,22.6,In,200
2026-06-29T13:50:00,22.284,22.2799,22.4,22.6,In,200
2026-06-29T14:00:00,22.316,22.3238,22.5,22.6,In,200
2026-06-29T14:10:00,22.316,22.3225,22.4,22.6,In,200
2026-06-29T14:20:00,22.209,22.3225,22.5,22.6,In,200
2026-06-29T14:30:00,22.295,22.3183,22.6,22.7,In,200
2026-06-29T14:40:00,22.295,22.3019,22.5,22.7,In,200
2026-06-29T14:50:00,22.273,22.2716,22.5,22.7,In,200
2026-06-29T15:00:00,22.22,22.2579,22.6,22.7,In,200
2026-06-29T15:10:00,22.22,22.229,22.6,22.7,In,200
2026-06-29T15:20:00,22.166,22.1919,22.5,22.6,In,200
2026-06-29T15:30:00,22.187,22.1672,22.4,22.7,In,200
2026-06-29T15:40:00,22.187,22.1713,22.5,22.6,In,200
2026-06-29T15:50:00,22.134,22.1713,22.5,22.6,In,200
2026-06-29T16:00:00,22.059,22.0999,22.4,22.6,In,200
2026-06-29T16:10:00,22.069,22.0601,22.4,22.6,In,200
2026-06-29T16:20:00,22.069,22.0395,22.4,22.6,In,200
2026-06-29T16:30:00,22.016,22.0203,22.5,22.6,In,200
2026-06-29T16:40:00,21.984,21.9901,22.4,22.5,In,200
2026-06-29T16:50:00,21.973,21.9859,22.3,22.4,In,200
2026-06-29T17:00:00,21.962,21.9832,22.3,22.4,In,200
2026-06-29T17:10:00,21.994,21.9914,22.3,22.4,In,200
2026-06-29T17:20:00,22.091,22.1109,22.2,22.4,In,200
2026-06-29T17:30:00,22.091,22.1617,22.2,22.4,In,200
2026-06-29T17:40:00,21.994,22.0134,22.3,22.4,In,200
2026-06-29T17:50:00,22.016,22.0519,22.3,22.5,In,200
2026-06-29T18:00:00,22.091,22.1136,22.4,22.5,In,200
2026-06-29T18:10:00,22.102,22.1288,22.4,22.5,In,200
2026-06-29T18:20:00,21.994,22.034,22.3,22.5,In,200
2026-06-29T18:30:00,22.027,22.0903,22.3,22.5,In,200
2026-06-29T18:40:00,21.984,22.0079,22.4,22.5,In,200
2026-06-29T18:50:00,21.984,21.9956,22.4,22.5,In,200
2026-06-29T19:00:00,22.037,22.0436,22.4,22.5,In,200
2026-06-29T19:10:00,22.005,22.0642,22.3,22.5,In,200
2026-06-29T19:20:00,22.016,22.0065,22.3,22.4,In,200
2026-06-29T19:30:00,21.994,21.9969,22.2,22.4,In,200
2026-06-29T19:40:00,21.984,21.9695,22.3,22.4,In,200
2026-06-29T19:50:00,21.952,21.9406,22.3,22.5,In,200
2026-06-29T20:00:00,21.941,21.9365,22.3,22.4,In,200
2026-06-29T20:10:00,21.919,21.9393,22.3,22.4,In,200
2026-06-29T20:20:00,21.952,21.9448,22.2,22.4,In,200
2026-06-29T20:30:00,21.919,21.9242,22.2,22.3,In,200
2026-06-29T20:40:00,21.93,21.9201,22.2,22.3,In,200
2026-06-29T20:50:00,21.909,21.9228,22.2,22.3,In,200
2026-06-29T21:00:00,21.93,21.9352,22.3,22.3,In,200
2026-06-29T21:10:00,21.994,21.9708,22.2,22.3,In,200
2026-06-29T21:20:00,21.984,21.9722,22.1,22.4,In,200
2026-06-29T21:30:00,21.952,21.9667,22.2,22.3,In,200
2026-06-29T21:40:00,21.941,21.9571,22.2,22.4,In,200
2026-06-29T21:50:00,21.952,21.9503,22.2,22.4,In,200
2026-06-29T22:00:00,21.941,21.953,22.2,22.4,In,200
2026-06-29T22:10:00,21.962,21.9557,22.2,22.3,In,200
2026-06-29T22:20:00,21.941,21.9516,22.2,22.3,In,200
2026-06-29T22:30:00,21.962,21.964,22.2,22.3,In,200
2026-06-29T22:40:00,21.973,21.9791,22.2,22.4,In,200
2026-06-29T22:50:00,21.984,21.9846,22.2,22.4,In,200
2026-06-29T23:00:00,21.984,21.9859,22.2,22.4,In,200
2026-06-29T23:10:00,21.994,21.9997,22.2,22.4,In,200
2026-06-29T23:20:00,22.016,22.0107,22.2,22.4,In,200
2026-06-29T23:30:00,22.016,22.0216,22.3,22.4,In,200
2026-06-29T23:40:00,22.016,22.023,22.2,22.4,In,200
2026-06-29T23:50:00,22.027,22.0367,22.3,22.4,In,200
2026-06-30T00:00:00,22.005,22.0244,22.3,22.4,In,200
2026-06-30T00:10:00,22.016,22.0203,22.2,22.4,In,200
2026-06-30T00:20:00,22.005,22.0258,22.3,22.4,In,200
2026-06-30T00:30:00,22.037,22.034,22.3,22.4,In,200
2026-06-30T00:40:00,22.037,22.045,22.3,22.4,In,200
2026-06-30T00:50:00,22.037,22.0477,22.2,22.4,In,200
2026-06-30T01:00:00,21.994,22.0422,22.3,22.5,In,200
2026-06-30T01:10:00,21.962,21.9695,22.3,22.4,In,200
2026-06-30T01:20:00,21.973,21.9791,22.3,22.4,In,200
2026-06-30T01:30:00,22.005,21.9956,22.3,22.4,In,200
2026-06-30T01:40:00,21.994,22.0134,22.3,22.4,In,200
2026-06-30T01:50:00,22.016,22.023,22.3,22.4,In,200
2026-06-30T02:00:00,22.037,22.0422,22.2,22.4,In,200
2026-06-30T02:10:00,22.048,22.045,22.2,22.4,In,200
2026-06-30T02:20:00,22.048,22.0477,22.2,22.4,In,200
2026-06-30T02:30:00,22.048,22.0409,22.2,22.4,In,200
2026-06-30T02:40:00,22.016,22.0326,22.3,22.4,In,200
2026-06-30T02:50:00,22.005,22.0244,22.3,22.4,In,200
2026-06-30T03:00:00,22.016,22.0216,22.3,22.5,In,200
2026-06-30T03:10:00,22.005,22.0175,22.3,22.5,In,200
2026-06-30T03:20:00,22.027,22.0285,22.3,22.4,In,200
2026-06-30T03:30:00,22.048,22.0422,22.3,22.4,In,200
2026-06-30T03:40:00,22.08,22.0752,22.3,22.4,In,200
2026-06-30T03:50:00,22.091,22.0917,22.3,22.4,In,200
2026-06-30T04:00:00,22.102,22.1054,22.3,22.4,In,200
2026-06-30T04:10:00,22.134,22.1123,22.3,22.4,In,200
2026-06-30T04:20:00,22.102,22.1068,22.4,22.5,In,200
2026-06-30T04:30:00,22.102,22.1054,22.3,22.5,In,200
2026-06-30T04:40:00,22.016,22.0573,22.4,22.5,In,200
2026-06-30T04:50:00,22.005,22.0134,22.4,22.5,In,200
2026-06-30T05:00:00,21.984,22.0175,22.4,22.5,In,200
2026-06-30T05:10:00,22.037,22.0656,22.4,22.5,In,200
2026-06-30T05:20:00,22.059,22.0436,22.3,22.5,In,200
2026-06-30T05:30:00,22.059,22.0477,22.3,22.5,In,200
2026-06-30T05:40:00,22.069,22.0519,22.3,22.4,In,200
2026-06-30T05:50:00,22.037,22.0999,22.3,22.5,In,200
2026-06-30T06:00:00,22.069,22.1013,22.3,22.4,In,200
2026-06-30T06:10:00,22.102,22.1027,22.3,22.5,In,200
2026-06-30T06:20:00,22.059,22.0711,22.3,22.5,In,200
2026-06-30T06:30:00,22.048,22.045,22.4,22.5,In,200
2026-06-30T06:40:00,21.994,22.0065,22.4,22.5,In,200
2026-06-30T06:50:00,21.984,21.9901,22.3,22.5,In,200
2026-06-30T07:00:00,21.994,21.9763,22.3,22.5,In,200
2026-06-30T07:10:00,21.962,21.9654,22.3,22.4,In,200
2026-06-30T07:20:00,21.962,21.9681,22.3,22.4,In,200
2026-06-30T07:30:00,21.984,21.9708,22.2,22.3,In,200
2026-06-30T07:40:00,21.973,21.9763,22.2,22.4,In,200
2026-06-30T07:50:00,21.962,21.9736,22.2,22.3,In,200
2026-06-30T08:00:00,21.93,21.942,22.2,22.4,In,200
2026-06-30T08:10:00,21.93,21.9255,22.2,22.3,In,200
2026-06-30T08:20:00,21.919,21.9228,22.2,22.5,In,200
2026-06-30T08:30:00,21.919,21.9242,22.2,22.4,In,200
2026-06-30T08:40:00,21.93,21.9269,22.2,22.4,In,200
2026-06-30T08:50:00,21.973,22.0107,22.2,22.3,In,200
2026-06-30T09:00:00,22.048,22.0464,22.2,22.3,In,200
2026-06-30T09:10:00,22.027,22.0422,22.1,22.3,In,200
2026-06-30T09:20:00,21.93,21.9887,22.2,22.4,In,200
2026-06-30T09:30:00,21.898,21.9008,22.3,22.5,In,200
2026-06-30T09:40:00,21.898,21.905,22.3,22.4,In,200
2026-06-30T09:50:00,21.919,21.9022,22.3,22.4,In,200
2026-06-30T10:00:00,21.909,21.9036,22.3,22.4,In,200
2026-06-30T10:10:00,21.898,21.9118,22.1,22.3,In,200
2026-06-30T10:20:00,21.909,21.9242,22.2,22.3,In,200
2026-06-30T10:30:00,21.941,21.9269,22.1,22.3,In,200
2026-06-30T10:40:00,21.93,21.9269,22.2,22.3,In,200
2026-06-30T10:50:00,21.93,21.9283,22.2,22.3,In,200
2026-06-30T11:00:00,21.941,21.9269,22.2,22.3,In,200
2026-06-30T11:10:00,21.898,21.9132,22.2,22.3,In,200
2026-06-30T11:20:00,21.909,21.9132,22.2,22.3,In,200
2026-06-30T11:30:00,21.898,21.9091,22.2,22.3,In,200
2026-06-30T11:40:00,21.898,21.9036,22.2,22.3,In,200
2026-06-30T11:50:00,21.919,21.9036,22.2,22.3,In,200
2026-06-30T12:00:00,21.909,21.9077,22.2,22.4,In,200
2026-06-30T12:10:00,21.898,21.9187,22.2,22.3,In,200
2026-06-30T12:20:00,21.919,21.9324,22.1,22.3,In,200
2026-06-30T12:30:00,21.93,21.9365,22.2,22.3,In,200
2026-06-30T12:40:00,21.93,21.942,22.2,22.3,In,200
2026-06-30T12:50:00,21.941,21.9406,22.2,22.3,In,200
2026-06-30T13:00:00,21.93,21.9599,22.1,22.4,In,200
2026-06-30T13:10:00,21.973,21.975,22.2,22.4,In,200
2026-06-30T13:20:00,21.973,21.9956,22.2,22.4,In,200
2026-06-30T13:30:00,22.005,22.0216,22.2,22.4,In,200
2026-06-30T13:40:00,22.048,22.056,22.2,22.4,In,200
2026-06-30T13:50:00,22.134,22.1356,22.2,22.4,In,200
2026-06-30T14:00:00,22.145,22.1548,22.3,22.4,In,200
2026-06-30T14:10:00,22.037,22.0683,22.3,22.4,In,200
2026-06-30T14:20:00,22.069,22.0752,22.4,22.5,In,200
2026-06-30T14:30:00,22.102,22.1095,22.4,22.5,In,200
2026-06-30T14:40:00,22.102,22.1233,22.4,22.5,In,200
2026-06-30T14:50:00,22.134,22.1439,22.3,22.5,In,200
2026-06-30T15:00:00,22.145,22.1342,22.4,22.5,In,200
2026-06-30T15:10:00,22.112,22.1342,22.4,22.6,In,200
2026-06-30T15:20:00,22.112,22.0999,22.4,22.5,In,200
2026-06-30T15:30:00,22.069,22.0738,22.4,22.5,In,200
2026-06-30T15:40:00,22.08,22.0656,22.4,22.5,In,200
2026-06-30T15:50:00,22.059,22.0752,22.4,22.6,In,200
2026-06-30T16:00:00,22.069,22.0821,22.3,22.5,In,200
2026-06-30T16:10:00,22.102,22.093,22.4,22.5,In,200
2026-06-30T16:20:00,22.091,22.0876,22.3,22.4,In,200
2026-06-30T16:30:00,22.048,22.0711,22.3,22.4,In,200
2026-06-30T16:40:00,22.048,22.056,22.3,22.5,In,200
2026-06-30T16:50:00,22.016,22.0381,22.3,22.4,In,200
2026-06-30T17:00:00,22.059,22.0313,22.3,22.4,In,200
2026-06-30T17:10:00,22.048,22.0285,22.3,22.4,In,200
2026-06-30T17:20:00,22.048,22.0313,22.3,22.4,In,200
2026-06-30T17:30:00,22.037,22.0354,22.3,22.4,In,200
2026-06-30T17:40:00,22.027,22.0244,22.3,22.4,In,200
2026-06-30T17:50:00,22.005,22.0175,22.3,22.4,In,200
2026-06-30T18:00:00,22.016,22.0148,22.3,22.4,In,200
2026-06-30T18:10:00,22.005,22.0065,22.3,22.4,In,200
2026-06-30T18:20:00,22.016,21.9983,22.3,22.4,In,200
2026-06-30T18:30:00,21.994,21.9997,22.3,22.4,In,200
2026-06-30T18:40:00,21.994,22.0189,22.3,22.4,In,200
2026-06-30T18:50:00,22.027,22.056,22.2,22.4,In,200
2026-06-30T19:00:00,22.005,22.0189,22.2,22.3,In,200
2026-06-30T19:10:00,21.984,22.012,22.3,22.4,In,200
2026-06-30T19:20:00,22.027,22.0271,22.3,22.5,In,200
2026-06-30T19:30:00,21.994,22.0052,22.3,22.4,In,200
2026-06-30T19:40:00,21.994,21.9956,22.3,22.4,In,200
2026-06-30T19:50:00,22.016,22.001,22.3,22.4,In,200
2026-06-30T20:00:00,21.973,21.9914,22.3,22.4,In,200
2026-06-30T20:10:00,21.962,21.9599,22.3,22.4,In,200
2026-06-30T20:20:00,21.941,21.9434,22.3,22.4,In,200
2026-06-30T20:30:00,21.952,21.9461,22.3,22.4,In,200
2026-06-30T20:40:00,21.941,21.9352,22.2,22.4,In,200
2026-06-30T20:50:00,21.93,21.9324,22.2,22.3,In,200
2026-06-30T21:00:00,21.93,21.9352,22.2,22.3,In,200
2026-06-30T21:10:00,21.941,21.9557,22.2,22.3,In,200
2026-06-30T21:20:00,21.962,21.9763,22.2,22.3,In,200
2026-06-30T21:30:00,21.973,21.9942,22.2,22.3,In,200
2026-06-30T21:40:00,21.962,21.9983,22.2,22.4,In,200
2026-06-30T21:50:00,21.973,21.9956,22.2,22.3,In,200
2026-06-30T22:00:00,21.93,21.9406,22.3,22.4,In,200
2026-06-30T22:10:00,21.898,21.9173,22.3,22.3,In,200
2026-06-30T22:20:00,21.898,21.9036,22.2,22.4,In,200
2026-06-30T22:30:00,21.919,21.8981,22.2,22.4,In,200
2026-06-30T22:40:00,21.909,21.9063,22.1,22.3,In,200
2026-06-30T22:50:00,21.898,21.9146,22.2,22.3,In,200
2026-06-30T23:00:00,21.93,21.9173,22.2,22.3,In,200
2026-06-30T23:10:00,21.909,21.9201,22.1,22.3,In,200
2026-06-30T23:20:00,21.898,21.9146,22.2,22.3,In,200
2026-06-30T23:30:00,21.93,21.9146,22.1,22.3,In,200
2026-06-30T23:40:00,21.93,21.9379,22.2,22.3,In,200
2026-06-30T23:50:00,21.941,21.9557,22.2,22.4,In,200
2026-07-01T00:00:00,21.93,21.9626,22.1,22.3,In,200
2026-07-01T00:10:00,21.973,21.975,22.2,22.3,In,200
2026-07-01T00:20:00,21.973,21.9736,22.2,22.4,In,200
2026-07-01T00:30:00,21.941,21.9434,22.2,22.4,In,200
2026-07-01T00:40:00,21.93,21.9338,22.2,22.4,In,200
2026-07-01T00:50:00,21.93,21.9255,22.3,22.3,In,200
2026-07-01T01:00:00,21.919,21.9242,22.2,22.4,In,200
2026-07-01T01:10:00,21.952,21.9255,22.2,22.4,In,200
2026-07-01T01:20:00,21.941,21.9283,22.2,22.4,In,200
2026-07-01T01:30:00,21.93,21.9297,22.2,22.4,In,200
2026-07-01T01:40:00,21.93,21.931,22.2,22.3,In,200
2026-07-01T01:50:00,21.909,21.931,22.2,22.3,In,200
2026-07-01T02:00:00,21.93,21.931,22.1,22.3,In,200
2026-07-01T02:10:00,21.93,21.931,22.2,22.3,In,200
2026-07-01T02:20:00,21.866,21.8857,22.1,22.3,In,200
2026-07-01T02:30:00,21.898,21.8967,22.2,22.3,In,200
2026-07-01T02:40:00,21.876,21.8885,22.2,22.3,In,200
2026-07-01T02:50:00,21.909,21.894,22.2,22.3,In,200
2026-07-01T03:00:00,21.898,21.8912,22.1,22.3,In,200
2026-07-01T03:10:00,21.887,21.8857,22.1,22.2,In,200
2026-07-01T03:20:00,21.898,21.8954,22.2,22.3,In,200
2026-07-01T03:30:00,21.887,21.8885,22.1,22.2,In,200
2026-07-01T03:40:00,21.866,21.8857,22.2,22.3,In,200
2026-07-01T03:50:00,21.876,21.8899,22.2,22.3,In,200
2026-07-01T04:00:00,21.866,21.894,22.2,22.3,In,200
2026-07-01T04:10:00,21.887,21.9022,22.2,22.3,In,200
2026-07-01T04:20:00,21.898,21.9091,22.1,22.3,In,200
2026-07-01T04:30:00,21.876,21.9159,22.2,22.2,In,200
2026-07-01T04:40:00,21.919,21.9255,22.2,22.2,In,200
2026-07-01T04:50:00,21.909,21.9269,22.1,22.3,In,200
2026-07-01T05:00:00,21.898,21.931,22.1,22.3,In,200
2026-07-01T05:10:00,21.952,21.9365,22.2,22.3,In,200
2026-07-01T05:20:00,21.93,21.9283,22.1,22.3,In,200
2026-07-01T05:30:00,21.93,21.9324,22.2,22.3,In,200
2026-07-01T05:40:00,21.93,21.9338,22.2,22.4,In,200
2026-07-01T05:50:00,21.941,21.9434,22.2,22.3,In,200
2026-07-01T06:00:00,21.93,21.9379,22.1,22.3,In,200
2026-07-01T06:10:00,21.952,21.9365,22.2,22.4,In,200
2026-07-01T06:20:00,21.941,21.9612,22.2,22.3,In,200
2026-07-01T06:30:00,21.994,22.0024,22.2,22.4,In,200
2026-07-01T06:40:00,22.016,22.0175,22.2,22.4,In,200
2026-07-01T06:50:00,22.005,22.0299,22.3,22.4,In,200
2026-07-01T07:00:00,22.005,22.0285,22.3,22.4,In,200
2026-07-01T07:10:00,22.016,22.0271,22.3,22.4,In,200
2026-07-01T07:20:00,22.016,22.0148,22.3,22.4,In,200
2026-07-01T07:30:00,21.994,22.0079,22.3,22.4,In,200
2026-07-01T07:40:00,21.973,21.9956,22.3,22.4,In,200
2026-07-01T07:50:00,21.962,21.9791,22.2,22.4,In,200
2026-07-01T08:00:00,21.952,21.9777,22.2,22.4,In,200
2026-07-01T08:10:00,21.962,21.9708,22.2,22.4,In,200
2026-07-01T08:20:00,21.973,21.9654,22.3,22.4,In,200
2026-07-01T08:30:00,21.962,21.9626,22.3,22.4,In,200
2026-07-01T08:40:00,21.984,21.9612,22.2,22.3,In,200
2026-07-01T08:50:00,21.952,21.9544,22.2,22.3,In,200
2026-07-01T09:00:00,21.941,21.942,22.2,22.3,In,200
2026-07-01T09:10:00,21.941,21.9324,22.2,22.3,In,200
2026-07-01T09:20:00,21.909,21.9242,22.2,22.4,In,200
2026-07-01T09:30:00,21.855,21.8761,22.3,22.3,In,200
2026-07-01T09:40:00,21.876,21.8871,22.2,22.4,In,200
2026-07-01T09:50:00,21.93,21.905,22.2,22.4,In,200
2026-07-01T10:00:00,21.898,21.9132,22.1,22.3,In,200
2026-07-01T10:10:00,21.93,21.9173,22.1,22.3,In,200
2026-07-01T10:20:00,21.909,21.9173,22.1,22.3,In,200
2026-07-01T10:30:00,21.919,21.9159,22.2,22.3,In,200
2026-07-01T10:40:00,21.909,21.9159,22.2,22.3,In,200
2026-07-01T10:50:00,21.909,21.9118,22.1,22.3,In,200
2026-07-01T11:00:00,21.909,21.9105,22.2,22.3,In,200
2026-07-01T11:10:00,21.93,21.905,22.2,22.4,In,200
2026-07-01T11:20:00,21.909,21.9008,22.2,22.3,In,200
2026-07-01T11:30:00,21.898,21.9022,22.2,22.3,In,200
2026-07-01T11:40:00,21.909,21.9022,22.1,22.3,In,200
2026-07-01T11:50:00,21.93,21.8995,22.2,22.3,In,200
2026-07-01T12:00:00,21.909,21.9008,22.1,22.3,In,200
2026-07-01T12:10:00,21.898,21.9022,22.1,22.3,In,200
2026-07-01T12:20:00,21.909,21.9036,22.2,22.4,In,200
2026-07-01T12:30:00,21.898,21.9077,22.1,22.3,In,200
2026-07-01T12:40:00,21.919,21.9393,22.1,22.3,In,200
2026-07-01T12:50:00,21.973,21.964,22.2,22.3,In,200
2026-07-01T13:00:00,21.952,21.9654,22.1,22.3,In,200
2026-07-01T13:10:00,21.994,21.9708,22.2,22.3,In,200
2026-07-01T13:20:00,21.962,21.9667,22.2,22.3,In,200
2026-07-01T13:30:00,21.941,21.9585,22.2,22.3,In,200
2026-07-01T13:40:00,21.962,21.9901,22.2,22.3,In,200
2026-07-01T13:50:00,22.016,21.9983,22.2,22.3,In,200
2026-07-01T14:00:00,22.005,22.001,22.2,22.4,In,200
2026-07-01T14:10:00,21.994,21.9956,22.2,22.4,In,200
2026-07-01T14:20:00,22.016,22.001,22.2,22.4,In,200
2026-07-01T14:30:00,22.016,22.001,22.3,22.4,In,200
2026-07-01T14:40:00,22.005,22.0024,22.3,22.4,In,200
2026-07-01T14:50:00,22.016,22.001,22.2,22.4,In,200
2026-07-01T15:00:00,22.016,21.9956,22.2,22.4,In,200
2026-07-01T15:10:00,22.016,21.9956,22.3,22.4,In,200
2026-07-01T15:20:00,21.984,21.9983,22.2,22.4,In,200
2026-07-01T15:30:00,21.994,21.9983,22.3,22.4,In,200
2026-07-01T15:40:00,21.994,22.0024,22.2,22.4,In,200
2026-07-01T15:50:00,22.027,22.0148,22.3,22.4,In,200
2026-07-01T16:00:00,22.037,22.0395,22.2,22.4,In,200
2026-07-01T16:10:00,22.059,22.056,22.3,22.4,In,200
2026-07-01T16:20:00,22.08,22.0862,22.2,22.4,In,200
2026-07-01T16:30:00,22.123,22.1301,22.3,22.4,In,200
2026-07-01T16:40:00,22.166,22.1631,22.3,22.4,In,200
2026-07-01T16:50:00,22.166,22.17,22.3,22.5,In,200
2026-07-01T17:00:00,22.145,22.1713,22.4,22.6,In,200
2026-07-01T17:10:00,22.091,22.1164,22.4,22.6,In,200
2026-07-01T17:20:00,22.08,22.0876,22.4,22.6,In,200
2026-07-01T17:30:00,22.102,22.0985,22.4,22.5,In,200
2026-07-01T17:40:00,22.102,22.0944,22.4,22.6,In,200
2026-07-01T17:50:00,22.048,22.0615,22.4,22.5,In,200
2026-07-01T18:00:00,22.048,22.0381,22.4,22.5,In,200
2026-07-01T18:10:00,22.037,22.0299,22.3,22.5,In,200
2026-07-01T18:20:00,22.005,22.0162,22.3,22.4,In,200
2026-07-01T18:30:00,22.005,22.0038,22.3,22.4,In,200
2026-07-01T18:40:00,21.994,22.0038,22.3,22.4,In,200
2026-07-01T18:50:00,21.984,21.9983,22.3,22.4,In,200
2026-07-01T19:00:00,21.994,21.9956,22.3,22.4,In,200
2026-07-01T19:10:00,21.984,21.9914,22.2,22.4,In,200
2026-07-01T19:20:00,22.005,21.9873,22.3,22.4,In,200
2026-07-01T19:30:00,21.984,21.9818,22.2,22.3,In,200
2026-07-01T19:40:00,21.952,21.975,22.3,22.4,In,200
2026-07-01T19:50:00,21.994,21.9695,22.2,22.3,In,200
2026-07-01T20:00:00,21.984,21.9667,22.2,22.4,In,200
2026-07-01T20:10:00,21.962,21.9585,22.2,22.3,In,200
2026-07-01T20:20:00,21.952,21.9612,22.2,22.4,In,200
2026-07-01T20:30:00,21.962,21.9612,22.2,22.4,In,200
2026-07-01T20:40:00,21.952,21.9612,22.2,22.3,In,200
2026-07-01T20:50:00,21.93,21.9612,22.2,22.3,In,200
2026-07-01T21:00:00,21.952,21.9585,22.2,22.4,In,200
2026-07-01T21:10:00,21.952,21.9571,22.2,22.3,In,200
2026-07-01T21:20:00,21.962,21.9571,22.2,22.4,In,200
2026-07-01T21:30:00,21.952,21.953,22.2,22.4,In,200
2026-07-01T21:40:00,21.962,21.9544,22.2,22.3,In,200
2026-07-01T21:50:00,21.962,21.953,22.2,22.4,In,200
2026-07-01T22:00:00,21.962,21.953,22.2,22.3,In,200
2026-07-01T22:10:00,21.952,21.9489,22.2,22.4,In,200
2026-07-01T22:20:00,21.952,21.9489,22.2,22.3,In,200
2026-07-01T22:30:00,21.962,21.9571,22.2,22.3,In,200
2026-07-01T22:40:00,21.962,21.9612,22.2,22.3,In,200
2026-07-01T22:50:00,21.962,21.964,22.2,22.3,In,200
2026-07-01T23:00:00,21.973,21.964,22.2,22.3,In,200
2026-07-01T23:10:00,21.962,21.9516,22.2,22.3,In,200
2026-07-01T23:20:00,21.941,21.9475,22.2,22.3,In,200
2026-07-01T23:30:00,21.952,21.9434,22.2,22.4,In,200
2026-07-01T23:40:00,21.952,21.9406,22.2,22.3,In,200
2026-07-01T23:50:00,21.93,21.9379,22.2,22.3,In,200
2026-07-02T00:00:00,21.941,21.9365,22.2,22.3,In,200
2026-07-02T00:10:00,21.93,21.9338,22.2,22.3,In,200
2026-07-02T00:20:00,21.919,21.9338,22.1,22.3,In,200
2026-07-02T00:30:00,21.941,21.9393,22.2,22.3,In,200
2026-07-02T00:40:00,21.93,21.9434,22.2,22.4,In,200
2026-07-02T00:50:00,21.952,21.9461,22.2,22.3,In,200
2026-07-02T01:00:00,21.952,21.9503,22.2,22.3,In,200
2026-07-02T01:10:00,21.962,21.953,22.2,22.4,In,200
2026-07-02T01:20:00,21.952,21.953,22.2,22.4,In,200
2026-07-02T01:30:00,21.952,21.9544,22.2,22.3,In,200
2026-07-02T01:40:00,21.962,21.9503,22.2,22.4,In,200
2026-07-02T01:50:00,21.952,21.9516,22.2,22.4,In,200
2026-07-02T02:00:00,21.941,21.9365,22.2,22.4,In,200
2026-07-02T02:10:00,21.941,21.9255,22.2,22.4,In,200
2026-07-02T02:20:00,21.919,21.9201,22.2,22.4,In,200
2026-07-02T02:30:00,21.919,21.9187,22.2,22.4,In,200
2026-07-02T02:40:00,21.93,21.9146,22.2,22.3,In,200
2026-07-02T02:50:00,21.898,21.9105,22.2,22.3,In,200
2026-07-02T03:00:00,21.909,21.9105,22.2,22.3,In,200
2026-07-02T03:10:00,21.909,21.9118,22.2,22.3,In,200
2026-07-02T03:20:00,21.919,21.9187,22.1,22.3,In,200
2026-07-02T03:30:00,21.952,21.9228,22.2,22.2,In,200
2026-07-02T03:40:00,21.93,21.9242,22.2,22.3,In,200
2026-07-02T03:50:00,21.93,21.9283,22.1,22.3,In,200
2026-07-02T04:00:00,21.93,21.9297,22.1,22.3,In,200
2026-07-02T04:10:00,21.919,21.9324,22.2,22.3,In,200
2026-07-02T04:20:00,21.952,21.9338,22.2,22.3,In,200
2026-07-02T04:30:00,21.93,21.9338,22.2,22.3,In,200
2026-07-02T04:40:00,21.941,21.9338,22.2,22.3,In,200
2026-07-02T04:50:00,21.93,21.9406,22.2,22.3,In,200
2026-07-02T05:00:00,21.952,21.9585,22.2,22.3,In,200
2026-07-02T05:10:00,21.973,21.9708,22.1,22.3,In,200
2026-07-02T05:20:00,21.994,21.9846,22.2,22.4,In,200
2026-07-02T05:30:00,22.005,21.9956,22.2,22.3,In,200
2026-07-02T05:40:00,21.994,22.001,22.2,22.3,In,200
2026-07-02T05:50:00,22.005,22.0024,22.2,22.3,In,200
2026-07-02T06:00:00,21.994,21.9997,22.2,22.4,In,200
2026-07-02T06:10:00,22.005,22.012,22.2,22.4,In,200
2026-07-02T06:20:00,22.016,22.0203,22.3,22.5,In,200
2026-07-02T06:30:00,22.048,22.0422,22.2,22.4,In,200
2026-07-02T06:40:00,22.069,22.0738,22.3,22.4,In,200
2026-07-02T06:50:00,22.08,22.0862,22.3,22.4,In,200
2026-07-02T07:00:00,22.102,22.0848,22.3,22.4,In,200
2026-07-02T07:10:00,22.112,22.0766,22.3,22.5,In,200
2026-07-02T07:20:00,22.102,22.1082,22.3,22.5,In,200
2026-07-02T07:30:00,22.123,22.1164,22.4,22.5,In,200
2026-07-02T07:40:00,22.091,22.1123,22.3,22.5,In,200
2026-07-02T07:50:00,22.123,22.1109,22.3,22.5,In,200
2026-07-02T08:00:00,22.112,22.1164,22.4,22.6,In,200
2026-07-02T08:10:00,22.069,22.1068,22.3,22.5,In,200
2026-07-02T08:20:00,22.091,22.0807,22.4,22.5,In,200
2026-07-02T08:30:00,22.069,22.0587,22.3,22.5,In,200
2026-07-02T08:40:00,22.048,22.0573,22.4,22.5,In,200
2026-07-02T08:50:00,22.091,22.0711,22.4,22.5,In,200
2026-07-02T09:00:00,22.091,22.0876,22.3,22.4,In,200
2026-07-02T09:10:00,22.08,22.0793,22.3,22.5,In,200
2026-07-02T09:20:00,22.037,22.0573,22.3,22.4,In,200
2026-07-02T09:30:00,22.005,22.0189,22.3,22.4,In,200
2026-07-02T09:40:00,21.962,21.9873,22.4,22.4,In,200
2026-07-02T09:50:00,21.962,21.9544,22.3,22.4,In,200
2026-07-02T10:00:00,21.93,21.9434,22.3,22.4,In,200
2026-07-02T10:10:00,21.941,21.953,22.2,22.4,In,200
2026-07-02T10:20:00,21.952,21.953,22.2,22.4,In,200
2026-07-02T10:30:00,21.973,21.964,22.1,22.4,In,200
2026-07-02T10:40:00,21.994,21.9777,22.2,22.4,In,200
2026-07-02T10:50:00,21.994,21.9887,22.2,22.3,In,200
2026-07-02T11:00:00,21.994,21.9942,22.2,22.3,In,200
2026-07-02T11:10:00,21.994,21.9942,22.2,22.4,In,200
2026-07-02T11:20:00,21.973,21.9887,22.2,22.3,In,200
2026-07-02T11:30:00,21.952,21.9736,22.2,22.4,In,200
2026-07-02T11:40:00,21.962,21.9654,22.2,22.4,In,200
2026-07-02T11:50:00,21.952,21.964,22.2,22.4,In,200
2026-07-02T12:00:00,21.93,21.942,22.3,22.4,In,200
2026-07-02T12:10:00,21.919,21.9448,22.3,22.4,In,200
2026-07-02T12:20:00,21.93,21.9118,22.2,22.4,In,200
2026-07-02T12:30:00,21.909,21.905,22.2,22.3,In,200
2026-07-02T12:40:00,21.919,21.9077,22.2,22.3,In,200
2026-07-02T12:50:00,21.93,21.9365,22.2,22.3,In,200
2026-07-02T13:00:00,21.952,21.953,22.1,22.3,In,200
2026-07-02T13:10:00,21.952,21.9599,22.2,22.3,In,200
2026-07-02T13:20:00,21.962,21.964,22.1,22.4,In,200
2026-07-02T13:30:00,21.973,21.9654,22.2,22.3,In,200
2026-07-02T13:40:00,21.952,21.964,22.2,22.3,In,200
2026-07-02T13:50:00,21.909,21.9352,22.2,22.3,In,200
2026-07-02T14:00:00,21.909,21.9338,22.2,22.4,In,200
2026-07-02T14:10:00,21.919,21.9228,22.2,22.4,In,200
2026-07-02T14:20:00,21.93,21.9269,22.2,22.4,In,200
2026-07-02T14:30:00,21.93,21.9503,22.2,22.4,In,200
2026-07-02T14:40:00,21.941,21.9612,22.2,22.3,In,200
2026-07-02T14:50:00,21.973,21.964,22.2,22.3,In,200
2026-07-02T15:00:00,21.994,21.975,22.1,22.3,In,200
2026-07-02T15:10:00,21.973,21.9805,22.2,22.4,In,200
2026-07-02T15:20:00,22.005,22.0052,22.2,22.4,In,200
2026-07-02T15:30:00,21.994,22.001,22.2,22.3,In,200
2026-07-02T15:40:00,21.994,21.9956,22.2,22.4,In,200
2026-07-02T15:50:00,22.027,22.001,22.2,22.4,In,200
2026-07-02T16:00:00,22.005,22.0024,22.3,22.4,In,200
2026-07-02T16:10:00,22.016,22.0148,22.2,22.3,In,200
2026-07-02T16:20:00,22.027,22.0285,22.2,22.4,In,200
2026-07-02T16:30:00,22.059,22.0779,22.2,22.3,In,200
2026-07-02T16:40:00,22.069,22.0944,22.3,22.4,In,200
2026-07-02T16:50:00,22.091,22.1191,22.3,22.4,In,200
2026-07-02T17:00:00,22.134,22.1164,22.3,22.5,In,200
2026-07-02T17:10:00,22.112,22.1191,22.4,22.5,In,200
2026-07-02T17:20:00,22.145,22.1329,22.4,22.5,In,200
2026-07-02T17:30:00,22.166,22.1548,22.3,22.5,In,200
2026-07-02T17:40:00,22.187,22.1672,22.4,22.5,In,200
2026-07-02T17:50:00,22.177,22.1713,22.3,22.5,In,200
2026-07-02T18:00:00,22.198,22.1741,22.4,22.6,In,200
2026-07-02T18:10:00,22.145,22.1548,22.5,22.5,In,200
2026-07-02T18:20:00,22.145,22.148,22.4,22.6,In,200
2026-07-02T18:30:00,22.155,22.159,22.4,22.5,In,200
2026-07-02T18:40:00,22.145,22.1562,22.4,22.6,In,200
2026-07-02T18:50:00,22.091,22.1068,22.4,22.5,In,200
2026-07-02T19:00:00,22.069,22.0505,22.4,22.5,In,200
2026-07-02T19:10:00,22.048,22.0313,22.4,22.5,In,200
2026-07-02T19:20:00,22.037,22.0313,22.4,22.5,In,200
2026-07-02T19:30:00,22.027,22.0422,22.3,22.6,In,200
2026-07-02T19:40:00,22.037,22.0436,22.2,22.4,In,200
2026-07-02T19:50:00,21.984,21.9942,22.3,22.4,In,200
2026-07-02T20:00:00,21.973,21.9763,22.3,22.4,In,200
2026-07-02T20:10:00,21.973,21.9708,22.3,22.5,In,200
2026-07-02T20:20:00,21.973,21.9681,22.3,22.5,In,200
2026-07-02T20:30:00,21.984,21.9708,22.2,22.4,In,200
2026-07-02T20:40:00,21.984,21.9791,22.2,22.3,In,200
2026-07-02T20:50:00,21.994,21.9914,22.2,22.3,In,200
2026-07-02T21:00:00,21.994,21.9997,22.2,22.3,In,200
2026-07-02T21:10:00,21.994,22.0065,22.2,22.4,In,200
2026-07-02T21:20:00,21.984,22.0024,22.2,22.4,In,200
2026-07-02T21:30:00,21.973,21.9832,22.3,22.4,In,200
2026-07-02T21:40:00,21.962,21.9585,22.2,22.4,In,200
2026-07-02T21:50:00,21.973,21.953,22.2,22.4,In,200
2026-07-02T22:00:00,21.984,21.9503,22.2,22.4,In,200
2026-07-02T22:10:00,21.93,21.9489,22.3,22.4,In,200
2026-07-02T22:20:00,21.973,21.9516,22.2,22.3,In,200
2026-07-02T22:30:00,21.962,21.9612,22.2,22.3,In,200
2026-07-02T22:40:00,21.962,21.975,22.2,22.3,In,200
2026-07-02T22:50:00,21.962,21.9681,22.2,22.3,In,200
2026-07-02T23:00:00,21.962,21.964,22.2,22.3,In,200
2026-07-02T23:10:00,21.962,21.9599,22.2,22.3,In,200
2026-07-02T23:20:00,21.962,21.9544,22.2,22.4,In,200
2026-07-02T23:30:00,21.952,21.9489,22.2,22.3,In,200
2026-07-02T23:40:00,21.93,21.9448,22.2,22.3,In,200
2026-07-02T23:50:00,21.962,21.9448,22.2,22.3,In,200
2026-07-03T00:00:00,21.93,21.9448,22.2,22.3,In,200
2026-07-03T00:10:00,21.941,21.9448,22.2,22.3,In,200
2026-07-03T00:20:00,21.952,21.9461,22.1,22.3,In,200
2026-07-03T00:30:00,21.984,21.9503,22.1,22.4,In,200
2026-07-03T00:40:00,21.962,21.9544,22.2,22.3,In,200
2026-07-03T00:50:00,21.973,21.9585,22.2,22.3,In,200
2026-07-03T01:00:00,21.973,21.9585,22.2,22.3,In,200
2026-07-03T01:10:00,21.962,21.9516,22.2,22.4,In,200
2026-07-03T01:20:00,21.952,21.9489,22.2,22.4,In,200
2026-07-03T01:30:00,21.952,21.953,22.1,22.3,In,200
2026-07-03T01:40:00,21.973,21.9571,22.2,22.3,In,200
2026-07-03T01:50:00,21.962,21.964,22.2,22.3,In,200
2026-07-03T02:00:00,21.984,21.9777,22.1,22.3,In,200
2026-07-03T02:10:00,22.027,22.001,22.2,22.4,In,200
2026-07-03T02:20:00,22.016,22.0162,22.2,22.3,In,200
2026-07-03T02:30:00,22.059,22.045,22.2,22.4,In,200
2026-07-03T02:40:00,22.069,22.0505,22.2,22.4,In,200
2026-07-03T02:50:00,22.069,22.0587,22.3,22.4,In,200
2026-07-03T03:00:00,21.973,21.9942,22.3,22.4,In,200
2026-07-03T03:10:00,21.962,21.9722,22.3,22.4,In,200
2026-07-03T03:20:00,21.984,21.9846,22.3,22.4,In,200
2026-07-03T03:30:00,21.952,21.9859,22.3,22.4,In,200
2026-07-03T03:40:00,21.962,21.9667,22.2,22.4,In,200
2026-07-03T03:50:00,21.973,21.9736,22.2,22.4,In,200
2026-07-03T04:00:00,21.973,21.9777,22.2,22.4,In,200
2026-07-03T04:10:00,21.984,21.9846,22.2,22.4,In,200
2026-07-03T04:20:00,22.016,21.9956,22.2,22.3,In,200
2026-07-03T04:30:00,22.005,22.0175,22.2,22.4,In,200
2026-07-03T04:40:00,22.037,22.0258,22.2,22.3,In,200
2026-07-03T04:50:00,22.027,22.0367,22.2,22.4,In,200
2026-07-03T05:00:00,22.016,22.0285,22.2,22.4,In,200
2026-07-03T05:10:00,22.016,22.0244,22.3,22.4,In,200
2026-07-03T05:20:00,22.027,22.0175,22.3,22.4,In,200
2026-07-03T05:30:00,22.027,22.0203,22.2,22.4,In,200
2026-07-03T05:40:00,22.027,22.0134,22.3,22.4,In,200
2026-07-03T05:50:00,22.016,22.001,22.3,22.5,In,200
2026-07-03T06:00:00,21.973,21.9873,22.3,22.4,In,200
2026-07-03T06:10:00,21.994,22.0093,22.3,22.4,In,200
2026-07-03T06:20:00,22.069,22.0697,22.2,22.4,In,200
2026-07-03T06:30:00,22.08,22.0711,22.3,22.4,In,200
2026-07-03T06:40:00,22.08,22.0834,22.3,22.4,In,200
2026-07-03T06:50:00,22.102,22.0876,22.3,22.4,In,200
2026-07-03T07:00:00,22.091,22.0834,22.3,22.4,In,200
2026-07-03T07:10:00,22.112,22.104,22.3,22.4,In,200
2026-07-03T07:20:00,22.187,22.1988,22.3,22.5,In,200
2026-07-03T07:30:00,22.23,22.3513,22.3,22.5,In,200
2026-07-03T07:40:00,22.145,22.1782,22.3,22.4,In,200
2026-07-03T07:50:00,22.102,22.0917,22.4,22.5,In,200
2026-07-03T08:00:00,22.016,22.0381,22.6,22.6,In,200
2026-07-03T08:10:00,21.994,22.0258,22.6,22.8,In,200
2026-07-03T08:20:00,22.016,22.0285,22.4,22.6,In,200
2026-07-03T08:30:00,22.069,22.0519,22.3,22.5,In,200
2026-07-03T08:40:00,22.069,22.0505,22.3,22.4,In,200
2026-07-03T08:50:00,22.059,22.0477,22.2,22.4,In,200
2026-07-03T09:00:00,22.059,22.0601,22.3,22.4,In,200
2026-07-03T09:10:00,22.059,22.0615,22.3,22.4,In,200
2026-07-03T09:20:00,22.069,22.0601,22.3,22.5,In,200
2026-07-03T09:30:00,22.059,22.0656,22.3,22.5,In,200
2026-07-03T09:40:00,22.048,22.0628,22.3,22.4,In,200
2026-07-03T09:50:00,22.005,22.0244,22.4,22.4,In,200
2026-07-03T10:00:00,21.984,21.964,22.3,22.5,In,200
2026-07-03T10:10:00,21.962,21.9516,22.3,22.5,In,200
2026-07-03T10:20:00,21.962,21.9475,22.3,22.5,In,200
2026-07-03T10:30:00,21.952,21.9475,22.2,22.4,In,200
2026-07-03T10:40:00,21.952,21.9489,22.2,22.3,In,200
2026-07-03T10:50:00,21.962,21.9557,22.2,22.4,In,200
2026-07-03T11:00:00,21.984,21.9791,22.2,22.3,In,200
2026-07-03T11:10:00,21.994,22.0162,22.2,22.3,In,200
2026-07-03T11:20:00,22.005,22.0326,22.2,22.4,In,200
2026-07-03T11:30:00,21.93,21.9667,22.2,22.4,In,200
2026-07-03T11:40:00,21.941,21.9516,22.2,22.4,In,200
2026-07-03T11:50:00,21.952,21.9599,22.3,22.4,In,200
2026-07-03T12:00:00,21.973,21.9654,22.3,22.4,In,200
2026-07-03T12:10:00,21.973,21.9722,22.2,22.3,In,200
2026-07-03T12:20:00,21.994,21.9956,22.2,22.3,In,200
2026-07-03T12:30:00,21.984,21.9901,22.2,22.3,In,200
2026-07-03T12:40:00,21.973,21.9928,22.2,22.4,In,200
2026-07-03T12:50:00,21.962,21.9777,22.2,22.4,In,200
2026-07-03T13:00:00,21.994,22.0052,22.3,22.4,In,200
2026-07-03T13:10:00,22.048,22.0807,22.2,22.4,In,200
2026-07-03T13:20:00,22.048,22.0628,22.2,22.3,In,200
2026-07-03T13:30:00,21.994,22.0038,22.3,22.4,In,200
2026-07-03T13:40:00,21.984,21.9859,22.3,22.5,In,200
2026-07-03T13:50:00,21.962,21.9585,22.3,22.5,In,200
2026-07-03T14:00:00,21.962,21.9516,22.2,22.4,In,200
2026-07-03T14:10:00,21.973,21.9571,22.3,22.4,In,200
2026-07-03T14:20:00,21.973,21.9599,22.2,22.4,In,200
2026-07-03T14:30:00,21.962,21.9708,22.2,22.3,In,200
2026-07-03T14:40:00,21.962,21.9846,22.2,22.4,In,200
2026-07-03T14:50:00,21.994,21.9928,22.2,22.4,In,200
2026-07-03T15:00:00,22.027,22.0972,22.2,22.3,In,200
2026-07-03T15:10:00,22.145,22.1397,22.2,22.3,In,200
2026-07-03T15:20:00,22.166,22.1521,22.2,22.4,In,200
2026-07-03T15:30:00,22.155,22.1562,22.3,22.5,In,200
2026-07-03T15:40:00,22.166,22.1686,22.3,22.5,In,200
2026-07-03T15:50:00,22.252,22.2593,22.4,22.5,In,200
2026-07-03T16:00:00,22.252,22.2702,22.4,22.6,In,200
2026-07-03T16:10:00,22.263,22.2799,22.4,22.6,In,200
2026-07-03T16:20:00,22.263,22.262,22.5,22.6,In,200
2026-07-03T16:30:00,22.177,22.218,22.6,22.7,In,200
2026-07-03T16:40:00,22.145,22.1878,22.5,22.7,In,200
2026-07-03T16:50:00,22.155,22.1535,22.5,22.7,In,200
2026-07-03T17:00:00,22.166,22.1658,22.5,22.7,In,200
2026-07-03T17:10:00,22.209,22.2414,22.4,22.6,In,200
2026-07-03T17:20:00,22.273,22.3073,22.4,22.6,In,200
2026-07-03T17:30:00,22.22,22.2565,22.4,22.6,In,200
2026-07-03T17:40:00,22.187,22.2483,22.5,22.6,In,200
2026-07-03T17:50:00,22.187,22.2551,22.5,22.6,In,200
2026-07-03T18:00:00,22.209,22.2016,22.6,22.7,In,200
2026-07-03T18:10:00,22.123,22.1288,22.6,22.7,In,200
2026-07-03T18:20:00,22.112,22.1288,22.5,22.7,In,200
2026-07-03T18:30:00,22.177,22.1672,22.5,22.6,In,200
2026-07-03T18:40:00,22.22,22.2098,22.4,22.6,In,200
2026-07-03T18:50:00,22.198,22.1974,22.4,22.5,In,200
2026-07-03T19:00:00,22.112,22.159,22.4,22.5,In,200
2026-07-03T19:10:00,22.069,22.0615,22.4,22.5,In,200
2026-07-03T19:20:00,22.048,22.0354,22.4,22.6,In,200
2026-07-03T19:30:00,22.037,22.0313,22.5,22.6,In,200
2026-07-03T19:40:00,22.048,22.0271,22.4,22.5,In,200
2026-07-03T19:50:00,22.037,22.0244,22.3,22.4,In,200
2026-07-03T20:00:00,22.027,22.0244,22.3,22.4,In,200
2026-07-03T20:10:00,22.016,22.0162,22.3,22.4,In,200
2026-07-03T20:20:00,22.027,22.0107,22.3,22.4,In,200
2026-07-03T20:30:00,22.027,22.0093,22.2,22.4,In,200
2026-07-03T20:40:00,21.994,22.0107,22.3,22.4,In,200
2026-07-03T20:50:00,21.994,22.0107,22.3,22.4,In,200
2026-07-03T21:00:00,22.016,22.012,22.2,22.4,In,200
2026-07-03T21:10:00,22.016,22.0189,22.3,22.4,In,200
2026-07-03T21:20:00,22.037,22.0381,22.3,22.4,In,200
2026-07-03T21:30:00,22.059,22.0436,22.3,22.4,In,200
2026-07-03T21:40:00,22.037,22.045,22.2,22.4,In,200
2026-07-03T21:50:00,22.048,22.0436,22.2,22.4,In,200
2026-07-03T22:00:00,22.048,22.0436,22.3,22.4,In,200
2026-07-03T22:10:00,22.037,22.0436,22.3,22.4,In,200
2026-07-03T22:20:00,22.048,22.0422,22.3,22.4,In,200
2026-07-03T22:30:00,22.037,22.0367,22.4,22.4,In,200
2026-07-03T22:40:00,22.016,22.0271,22.2,22.4,In,200
2026-07-03T22:50:00,21.994,22.0052,22.3,22.4,In,200
2026-07-03T23:00:00,22.005,21.9969,22.3,22.4,In,200
2026-07-03T23:10:00,21.994,21.9791,22.3,22.4,In,200
2026-07-03T23:20:00,21.941,21.9667,22.3,22.4,In,200
2026-07-03T23:30:00,21.962,21.9626,22.2,22.4,In,200
2026-07-03T23:40:00,21.962,21.9695,22.3,22.4,In,200
2026-07-03T23:50:00,21.984,21.9791,22.3,22.4,In,200
2026-07-04T00:00:00,22.005,21.9914,22.2,22.3,In,200
2026-07-04T00:10:00,21.994,21.9928,22.2,22.4,In,200
2026-07-04T00:20:00,21.994,21.9969,22.2,22.4,In,200
2026-07-04T00:30:00,22.016,22.0079,22.2,22.4,In,200
2026-07-04T00:40:00,22.037,22.0244,22.2,22.4,In,200
2026-07-04T00:50:00,22.037,22.0271,22.2,22.4,In,200
2026-07-04T01:00:00,22.037,22.0299,22.3,22.4,In,200
2026-07-04T01:10:00,22.037,22.0271,22.3,22.4,In,200
2026-07-04T01:20:00,22.037,22.0271,22.3,22.4,In,200
2026-07-04T01:30:00,22.027,22.0299,22.3,22.4,In,200
2026-07-04T01:40:00,22.037,22.0299,22.3,22.4,In,200
2026-07-04T01:50:00,21.93,21.9557,22.3,22.4,In,200
2026-07-04T02:00:00,21.909,21.931,22.3,22.4,In,200
2026-07-04T02:10:00,21.941,21.9297,22.2,22.4,In,200
2026-07-04T02:20:00,21.941,21.9406,22.3,22.4,In,200
2026-07-04T02:30:00,22.005,21.9901,22.2,22.3,In,200
2026-07-04T02:40:00,21.994,22.0065,22.2,22.4,In,200
2026-07-04T02:50:00,22.005,22.0038,22.2,22.4,In,200
2026-07-04T03:00:00,22.027,22.0285,22.3,22.4,In,200
2026-07-04T03:10:00,22.027,22.0258,22.2,22.4,In,200
2026-07-04T03:20:00,21.973,22.0354,22.3,22.4,In,200
2026-07-04T03:30:00,21.984,22.0258,22.2,22.4,In,200
2026-07-04T03:40:00,22.037,22.0436,22.2,22.4,In,200
2026-07-04T03:50:00,22.005,22.0326,22.3,22.4,In,200
2026-07-04T04:00:00,21.994,22.0216,22.3,22.5,In,200
2026-07-04T04:10:00,21.994,21.9928,22.3,22.4,In,200
2026-07-04T04:20:00,22.048,22.0409,22.3,22.4,In,200
2026-07-04T04:30:00,22.08,22.0807,22.3,22.5,In,200
2026-07-04T04:40:00,22.145,22.1439,22.3,22.4,In,200
2026-07-04T04:50:00,22.198,22.2112,22.3,22.5,In,200
2026-07-04T05:00:00,22.187,22.2057,22.3,22.4,In,200
2026-07-04T05:10:00,22.102,22.1191,22.3,22.5,In,200
2026-07-04T05:20:00,22.177,22.1796,22.4,22.5,In,200
2026-07-04T05:30:00,22.263,22.2867,22.5,22.7,In,200
2026-07-04T05:40:00,22.284,22.2881,22.5,22.6,In,200
2026-07-04T05:50:00,22.198,22.1933,22.4,22.5,In,200
2026-07-04T06:00:00,22.134,22.137,22.5,22.6,In,200
2026-07-04T06:10:00,22.134,22.1219,22.6,22.7,In,200
2026-07-04T06:20:00,22.198,22.1933,22.6,22.7,In,200
2026-07-04T06:30:00,22.391,22.4283,22.4,22.6,In,200
2026-07-04T06:40:00,22.584,22.6153,22.4,22.5,In,200
2026-07-04T06:50:00,22.434,22.4764,22.4,22.5,In,200
2026-07-04T07:00:00,22.305,22.3252,22.5,22.7,In,200
2026-07-04T07:10:00,22.381,22.3981,22.8,22.9,In,200
2026-07-04T07:20:00,22.187,22.2757,22.9,23,In,200
2026-07-04T07:30:00,22.145,22.1974,22.7,22.9,In,200
2026-07-04T07:40:00,22.123,22.1246,22.6,22.7,In,200
2026-07-04T07:50:00,22.112,22.1178,22.7,22.8,In,200
2026-07-04T08:00:00,22.123,22.1109,22.6,22.7,In,200
2026-07-04T08:10:00,22.102,22.1397,22.4,22.6,In,200
2026-07-04T08:20:00,22.145,22.148,22.4,22.5,In,200
2026-07-04T08:30:00,22.166,22.1548,22.4,22.5,In,200
2026-07-04T08:40:00,22.145,22.1535,22.4,22.5,In,200
2026-07-04T08:50:00,22.166,22.17,22.4,22.5,In,200
2026-07-04T09:00:00,22.177,22.1796,22.5,22.5,In,200
2026-07-04T09:10:00,22.187,22.1851,22.4,22.6,In,200
2026-07-04T09:20:00,22.177,22.1974,22.4,22.6,In,200
2026-07-04T09:30:00,22.177,22.1947,22.4,22.6,In,200
2026-07-04T09:40:00,22.198,22.1906,22.4,22.5,In,200
2026-07-04T09:50:00,22.037,22.0628,22.4,22.6,In,200
2026-07-04T10:00:00,22.08,22.0862,22.4,22.6,In,200
2026-07-04T10:10:00,22.102,22.1164,22.5,22.6,In,200
2026-07-04T10:20:00,22.059,22.093,22.4,22.6,In,200
2026-07-04T10:30:00,22.048,22.0766,22.3,22.5,In,200
2026-07-04T10:40:00,22.059,22.0862,22.4,22.5,In,200
2026-07-04T10:50:00,22.112,22.0944,22.4,22.6,In,200
2026-07-04T11:00:00,22.102,22.0972,22.4,22.5,In,200
2026-07-04T11:10:00,22.134,22.1219,22.3,22.5,In,200
2026-07-04T11:20:00,22.059,22.0862,22.3,22.5,In,200
2026-07-04T11:30:00,22.048,22.0711,22.3,22.4,In,200
2026-07-04T11:40:00,22.048,22.0477,22.4,22.5,In,200
2026-07-04T11:50:00,21.994,22.0216,22.4,22.5,In,200
2026-07-04T12:00:00,21.984,21.9901,22.3,22.5,In,200
2026-07-04T12:10:00,21.973,21.9777,22.3,22.4,In,200
2026-07-04T12:20:00,21.984,21.9695,22.3,22.4,In,200
2026-07-04T12:30:00,21.952,21.9667,22.2,22.4,In,200
2026-07-04T12:40:00,21.952,21.9832,22.3,22.4,In,200
2026-07-04T12:50:00,21.994,21.9956,22.2,22.4,In,200
2026-07-04T13:00:00,21.994,21.9969,22.2,22.3,In,200
2026-07-04T13:10:00,21.994,21.9983,22.2,22.4,In,200
2026-07-04T13:20:00,21.994,21.9997,22.3,22.4,In,200
2026-07-04T13:30:00,22.005,22.0052,22.3,22.4,In,200
2026-07-04T13:40:00,22.005,22.0065,22.2,22.4,In,200
2026-07-04T13:50:00,22.016,22.0107,22.3,22.4,In,200
2026-07-04T14:00:00,21.984,22.0065,22.2,22.4,In,200
2026-07-04T14:10:00,21.994,21.9997,22.2,22.4,In,200
2026-07-04T14:20:00,21.994,21.9942,22.2,22.4,In,200
2026-07-04T14:30:00,21.973,21.9846,22.3,22.4,In,200
2026-07-04T14:40:00,21.984,21.9942,22.3,22.4,In,200
2026-07-04T14:50:00,21.994,22.0052,22.2,22.4,In,200
2026-07-04T15:00:00,22.027,22.0313,22.2,22.4,In,200
2026-07-04T15:10:00,22.027,22.0354,22.3,22.4,In,200
2026-07-04T15:20:00,22.005,22.023,22.2,22.4,In,200
2026-07-04T15:30:00,22.016,22.045,22.2,22.4,In,200
2026-07-04T15:40:00,22.145,22.148,22.3,22.4,In,200
2026-07-04T15:50:00,22.102,22.1329,22.3,22.5,In,200
2026-07-04T16:00:00,22.069,22.0738,22.3,22.4,In,200
2026-07-04T16:10:00,22.069,22.0944,22.3,22.5,In,200
2026-07-04T16:20:00,22.145,22.1494,22.4,22.6,In,200
2026-07-04T16:30:00,22.22,22.2249,22.4,22.5,In,200
2026-07-04T16:40:00,22.23,22.2593,22.4,22.5,In,200
2026-07-04T16:50:00,22.209,22.2331,22.4,22.5,In,200
2026-07-04T17:00:00,22.198,22.2084,22.4,22.5,In,200
2026-07-04T17:10:00,22.198,22.2139,22.5,22.6,In,200
2026-07-04T17:20:00,22.112,22.1205,22.5,22.6,In,200
2026-07-04T17:30:00,22.155,22.1562,22.5,22.6,In,200
2026-07-04T17:40:00,22.145,22.1425,22.5,22.7,In,200
2026-07-04T17:50:00,22.145,22.1452,22.4,22.6,In,200
2026-07-04T18:00:00,22.155,22.1397,22.3,22.5,In,200
2026-07-04T18:10:00,22.145,22.148,22.4,22.6,In,200
2026-07-04T18:20:00,22.177,22.1658,22.4,22.6,In,200
2026-07-04T18:30:00,22.177,22.1823,22.4,22.6,In,200
2026-07-04T18:40:00,22.187,22.1864,22.4,22.5,In,200
2026-07-04T18:50:00,22.198,22.1947,22.4,22.5,In,200
2026-07-04T19:00:00,22.198,22.2098,22.4,22.6,In,200
2026-07-04T19:10:00,22.198,22.2249,22.4,22.6,In,200
2026-07-04T19:20:00,22.209,22.2414,22.4,22.6,In,200
2026-07-04T19:30:00,22.123,22.126,22.4,22.6,In,200
2026-07-04T19:40:00,22.102,22.1013,22.5,22.6,In,200
2026-07-04T19:50:00,22.112,22.1027,22.5,22.6,In,200
2026-07-04T20:00:00,22.112,22.1164,22.5,22.6,In,200
2026-07-04T20:10:00,22.145,22.1425,22.4,22.6,In,200
2026-07-04T20:20:00,22.166,22.1837,22.3,22.5,In,200
2026-07-04T20:30:00,22.23,22.2455,22.4,22.5,In,200
2026-07-04T20:40:00,22.273,22.262,22.4,22.5,In,200
2026-07-04T20:50:00,22.198,22.2441,22.4,22.6,In,200
2026-07-04T21:00:00,22.166,22.1892,22.5,22.6,In,200
2026-07-04T21:10:00,22.177,22.2386,22.5,22.6,In,200
2026-07-04T21:20:00,22.23,22.2483,22.5,22.6,In,200
2026-07-04T21:30:00,22.22,22.2222,22.4,22.6,In,200
2026-07-04T21:40:00,22.145,22.1548,22.5,22.7,In,200
2026-07-04T21:50:00,22.102,22.115,22.5,22.6,In,200
2026-07-04T22:00:00,22.08,22.0807,22.4,22.6,In,200
2026-07-04T22:10:00,22.091,22.0711,22.4,22.5,In,200
2026-07-04T22:20:00,21.973,22.0024,22.4,22.5,In,200
2026-07-04T22:30:00,21.941,21.9599,22.3,22.5,In,200
2026-07-04T22:40:00,21.984,22.0134,22.3,22.5,In,200
2026-07-04T22:50:00,22.027,22.0505,22.3,22.5,In,200
2026-07-04T23:00:00,22.08,22.0738,22.2,22.3,In,200
2026-07-04T23:10:00,22.102,22.1109,22.3,22.4,In,200
2026-07-04T23:20:00,22.145,22.1315,22.3,22.4,In,200
2026-07-04T23:30:00,22.145,22.1617,22.3,22.4,In,200
2026-07-04T23:40:00,22.091,22.1205,22.3,22.5,In,200
2026-07-04T23:50:00,22.069,22.0848,22.3,22.5,In,200
2026-07-05T00:00:00,22.059,22.0642,22.4,22.5,In,200
2026-07-05T00:10:00,22.069,22.0656,22.4,22.5,In,200
2026-07-05T00:20:00,22.08,22.0628,22.4,22.5,In,200
2026-07-05T00:30:00,22.069,22.0615,22.3,22.5,In,200
2026-07-05T00:40:00,21.973,21.9763,22.3,22.4,In,200
2026-07-05T00:50:00,21.962,21.953,22.4,22.5,In,200
2026-07-05T01:00:00,21.962,21.9914,22.3,22.4,In,200
2026-07-05T01:10:00,22.005,22.0093,22.4,22.4,In,200
2026-07-05T01:20:00,22.027,22.0189,22.2,22.4,In,200
2026-07-05T01:30:00,22.027,22.0244,22.2,22.5,In,200
2026-07-05T01:40:00,22.037,22.023,22.3,22.4,In,200
2026-07-05T01:50:00,22.016,22.0175,22.3,22.4,In,200
2026-07-05T02:00:00,22.016,22.0107,22.3,22.4,In,200
2026-07-05T02:10:00,22.005,22.0107,22.3,22.4,In,200
2026-07-05T02:20:00,22.016,22.012,22.3,22.4,In,200
2026-07-05T02:30:00,22.027,22.0203,22.2,22.4,In,200
2026-07-05T02:40:00,22.069,22.0573,22.2,22.4,In,200
2026-07-05T02:50:00,22.08,22.0903,22.3,22.4,In,200
2026-07-05T03:00:00,22.08,22.0779,22.2,22.4,In,200
2026-07-05T03:10:00,22.048,22.0532,22.3,22.4,In,200
2026-07-05T03:20:00,21.962,21.9832,22.4,22.5,In,200
2026-07-05T03:30:00,21.973,21.9654,22.3,22.4,In,200
2026-07-05T03:40:00,21.962,21.9585,22.3,22.5,In,200
2026-07-05T03:50:00,21.962,21.9667,22.2,22.4,In,200
2026-07-05T04:00:00,21.962,21.9708,22.2,22.4,In,200
2026-07-05T04:10:00,21.973,21.9805,22.2,22.3,In,200
2026-07-05T04:20:00,22.005,22.0546,22.2,22.4,In,200
2026-07-05T04:30:00,22.069,22.0972,22.2,22.4,In,200
2026-07-05T04:40:00,22.134,22.1535,22.2,22.4,In,200
2026-07-05T04:50:00,22.177,22.1535,22.3,22.4,In,200
2026-07-05T05:00:00,22.155,22.1645,22.4,22.5,In,200
2026-07-05T05:10:00,22.187,22.218,22.4,22.5,In,200
2026-07-05T05:20:00,22.209,22.2524,22.4,22.5,In,200
2026-07-05T05:30:00,22.209,22.273,22.4,22.5,In,200
2026-07-05T05:40:00,22.22,22.2757,22.4,22.6,In,200
2026-07-05T05:50:00,22.273,22.3115,22.5,22.6,In,200
2026-07-05T06:00:00,22.252,22.2593,22.5,22.7,In,200
2026-07-05T06:10:00,22.209,22.2084,22.6,22.7,In,200
2026-07-05T06:20:00,22.209,22.2345,22.6,22.8,In,200
2026-07-05T06:30:00,22.23,22.2222,22.6,22.7,In,200
2026-07-05T06:40:00,22.187,22.1809,22.5,22.6,In,200
2026-07-05T06:50:00,22.155,22.159,22.4,22.6,In,200
2026-07-05T07:00:00,22.23,22.229,22.5,22.6,In,200
2026-07-05T07:10:00,22.413,22.4242,22.5,22.6,In,200
2026-07-05T07:20:00,22.456,22.4654,22.4,22.5,In,200
2026-07-05T07:30:00,22.445,22.4489,22.4,22.5,In,200
2026-07-05T07:40:00,22.434,22.4462,22.6,22.7,In,200
2026-07-05T07:50:00,22.434,22.442,22.7,22.8,In,200
2026-07-05T08:00:00,22.445,22.4475,22.7,22.9,In,200
2026-07-05T08:10:00,22.413,22.4352,22.7,22.8,In,200
2026-07-05T08:20:00,22.434,22.4352,22.6,22.8,In,200
2026-07-05T08:30:00,22.327,22.3939,22.7,22.9,In,200
2026-07-05T08:40:00,22.327,22.3238,22.7,22.9,In,200
2026-07-05T08:50:00,22.402,22.4008,22.7,22.8,In,200
2026-07-05T09:00:00,22.338,22.3431,22.7,22.9,In,200
2026-07-05T09:10:00,22.327,22.3046,22.7,22.9,In,200
2026-07-05T09:20:00,22.295,22.2922,22.7,22.8,In,200
2026-07-05T09:30:00,22.209,22.2331,22.6,22.9,In,200
2026-07-05T09:40:00,22.134,22.1466,22.6,22.7,In,200
2026-07-05T09:50:00,22.069,22.0738,22.5,22.7,In,200
2026-07-05T10:00:00,22.069,22.0615,22.5,22.7,In,200
2026-07-05T10:10:00,22.027,22.0422,22.4,22.6,In,200
2026-07-05T10:20:00,22.037,22.0381,22.4,22.5,In,200
2026-07-05T10:30:00,22.037,22.0381,22.3,22.4,In,200
2026-07-05T10:40:00,22.037,22.034,22.3,22.5,In,200
2026-07-05T10:50:00,22.037,22.0381,22.3,22.4,In,200
2026-07-05T11:00:00,22.112,22.1233,22.3,22.4,In,200
2026-07-05T11:10:00,22.155,22.1727,22.3,22.4,In,200
2026-07-05T11:20:00,22.102,22.1095,22.3,22.5,In,200
2026-07-05T11:30:00,22.08,22.0862,22.3,22.5,In,200
2026-07-05T11:40:00,22.123,22.1342,22.4,22.6,In,200
2026-07-05T11:50:00,22.166,22.2386,22.4,22.5,In,200
2026-07-05T12:00:00,22.198,22.262,22.4,22.6,In,200
2026-07-05T12:10:00,22.198,22.2057,22.3,22.5,In,200
2026-07-05T12:20:00,22.198,22.207,22.4,22.6,In,200
2026-07-05T12:30:00,22.198,22.1961,22.5,22.7,In,200
2026-07-05T12:40:00,22.177,22.1796,22.5,22.7,In,200
2026-07-05T12:50:00,22.187,22.1741,22.4,22.7,In,200
2026-07-05T13:00:00,22.187,22.1645,22.5,22.6,In,200
2026-07-05T13:10:00,22.069,22.1136,22.5,22.6,In,200
2026-07-05T13:20:00,21.994,21.9805,22.4,22.6,In,200
2026-07-05T13:30:00,21.962,21.975,22.4,22.5,In,200
2026-07-05T13:40:00,22.027,22.0299,22.4,22.5,In,200
2026-07-05T13:50:00,22.037,22.0436,22.3,22.4,In,200
2026-07-05T14:00:00,22.005,22.0038,22.3,22.4,In,200
2026-07-05T14:10:00,21.973,21.9708,22.3,22.4,In,200
2026-07-05T14:20:00,21.973,21.9708,22.3,22.4,In,200
2026-07-05T14:30:00,22.037,22.034,22.3,22.4,In,200
2026-07-05T14:40:00,22.166,22.1713,22.2,22.4,In,200
2026-07-05T14:50:00,22.273,22.2826,22.2,22.4,In,200
2026-07-05T15:00:00,22.284,22.3252,22.3,22.4,In,200
2026-07-05T15:10:00,22.284,22.2977,22.3,22.5,In,200
2026-07-05T15:20:00,22.273,22.295,22.5,22.7,In,200
2026-07-05T15:30:00,22.37,22.4201,22.6,22.8,In,200
2026-07-05T15:40:00,22.498,22.5287,22.6,22.8,In,200
2026-07-05T15:50:00,22.606,22.5919,22.6,22.8,In,200
2026-07-05T16:00:00,22.552,22.5686,22.7,22.9,In,200
2026-07-05T16:10:00,22.445,22.5287,22.8,22.9,In,200
2026-07-05T16:20:00,22.316,22.3486,22.8,22.9,In,200
2026-07-05T16:30:00,22.327,22.3307,22.8,23,In,200
2026-07-05T16:40:00,22.316,22.317,22.8,23,In,200
2026-07-05T16:50:00,22.327,22.3225,22.6,22.9,In,200
2026-07-05T17:00:00,22.316,22.3417,22.6,22.8,In,200
2026-07-05T17:10:00,22.305,22.3238,22.6,22.7,In,200
2026-07-05T17:20:00,22.338,22.4228,22.6,22.7,In,200
2026-07-05T17:30:00,22.434,22.4764,22.7,22.8,In,200
2026-07-05T17:40:00,22.348,22.3912,22.6,22.8,In,200
2026-07-05T17:50:00,22.273,22.3005,22.6,22.8,In,200
2026-07-05T18:00:00,22.263,22.2744,22.7,22.9,In,200
2026-07-05T18:10:00,22.316,22.3445,22.7,22.9,In,200
2026-07-05T18:20:00,22.37,22.4022,22.6,22.8,In,200
2026-07-05T18:30:00,22.338,22.3816,22.5,22.7,In,200
2026-07-05T18:40:00,22.284,22.2744,22.5,22.7,In,200
2026-07-05T18:50:00,22.273,22.262,22.6,22.7,In,200
2026-07-05T19:00:00,22.252,22.251,22.7,22.9,In,200
2026-07-05T19:10:00,22.252,22.2661,22.6,22.7,In,200
2026-07-05T19:20:00,22.23,22.251,22.5,22.6,In,200
2026-07-05T19:30:00,22.187,22.2029,22.5,22.6,In,200
2026-07-05T19:40:00,22.166,22.1672,22.5,22.6,In,200
2026-07-05T19:50:00,22.134,22.148,22.5,22.6,In,200
2026-07-05T20:00:00,22.027,22.1013,22.5,22.6,In,200
2026-07-05T20:10:00,22.102,22.1233,22.4,22.6,In,200
2026-07-05T20:20:00,22.112,22.1274,22.4,22.5,In,200
2026-07-05T20:30:00,22.134,22.1356,22.3,22.5,In,200
2026-07-05T20:40:00,22.123,22.1384,22.4,22.5,In,200
2026-07-05T20:50:00,22.134,22.1384,22.4,22.5,In,200
2026-07-05T21:00:00,22.037,22.1123,22.4,22.5,In,200
2026-07-05T21:10:00,22.059,22.0848,22.4,22.5,In,200
2026-07-05T21:20:00,22.037,22.056,22.4,22.5,In,200
2026-07-05T21:30:00,22.048,22.0601,22.4,22.5,In,200
2026-07-05T21:40:00,22.112,22.1054,22.3,22.5,In,200
2026-07-05T21:50:00,22.145,22.1466,22.3,22.5,In,200
2026-07-05T22:00:00,22.134,22.1782,22.4,22.4,In,200
2026-07-05T22:10:00,22.102,22.1136,22.3,22.5,In,200
2026-07-05T22:20:00,22.102,22.0999,22.4,22.5,In,200
2026-07-05T22:30:00,22.102,22.0862,22.4,22.6,In,200
2026-07-05T22:40:00,22.102,22.0834,22.4,22.6,In,200
2026-07-05T22:50:00,22.059,22.0821,22.3,22.5,In,200
2026-07-05T23:00:00,22.08,22.0779,22.4,22.5,In,200
2026-07-05T23:10:00,22.08,22.0834,22.4,22.4,In,200
2026-07-05T23:20:00,22.102,22.0917,22.4,22.5,In,200
2026-07-05T23:30:00,21.93,21.9818,22.3,22.4,In,200
2026-07-05T23:40:00,21.93,21.9434,22.3,22.4,In,200
2026-07-05T23:50:00,21.941,21.9599,22.3,22.5,In,200
2026-07-06T00:00:00,21.994,22.0024,22.3,22.5,In,200
2026-07-06T00:10:00,21.984,21.9859,22.2,22.4,In,200
2026-07-06T00:20:00,21.994,22.001,22.2,22.4,In,200
2026-07-06T00:30:00,22.037,22.056,22.3,22.4,In,200
2026-07-06T00:40:00,21.962,22.034,22.2,22.4,In,200
2026-07-06T00:50:00,21.962,22.0367,22.2,22.4,In,200
2026-07-06T01:00:00,21.994,22.0244,22.3,22.4,In,200
2026-07-06T01:10:00,22.005,22.0148,22.3,22.5,In,200
2026-07-06T01:20:00,22.016,22.0285,22.3,22.4,In,200
2026-07-06T01:30:00,21.973,22.0065,22.3,22.5,In,200
2026-07-06T01:40:00,21.962,21.9667,22.3,22.4,In,200
2026-07-06T01:50:00,21.984,21.9626,22.3,22.4,In,200
2026-07-06T02:00:00,21.962,21.9612,22.3,22.4,In,200
2026-07-06T02:10:00,21.962,21.9626,22.2,22.4,In,200
2026-07-06T02:20:00,21.952,21.9667,22.2,22.4,In,200
2026-07-06T02:30:00,21.973,21.975,22.2,22.3,In,200
2026-07-06T02:40:00,21.994,22.0065,22.2,22.3,In,200
2026-07-06T02:50:00,22.005,22.0216,22.2,22.3,In,200
2026-07-06T03:00:00,22.027,22.0216,22.2,22.3,In,200
2026-07-06T03:10:00,21.984,22.0134,22.2,22.4,In,200
2026-07-06T03:20:00,21.941,21.9489,22.3,22.4,In,200
2026-07-06T03:30:00,22.016,22.012,22.3,22.4,In,200
2026-07-06T03:40:00,22.069,22.0615,22.3,22.4,In,200
2026-07-06T03:50:00,22.069,22.067,22.3,22.4,In,200
2026-07-06T04:00:00,22.08,22.1013,22.3,22.4,In,200
2026-07-06T04:10:00,22.145,22.1576,22.3,22.4,In,200
2026-07-06T04:20:00,22.177,22.1988,22.3,22.5,In,200
2026-07-06T04:30:00,22.209,22.2125,22.4,22.5,In,200
2026-07-06T04:40:00,22.359,22.3843,22.4,22.6,In,200
2026-07-06T04:50:00,22.37,22.4324,22.5,22.6,In,200
2026-07-06T05:00:00,22.359,22.4365,22.4,22.6,In,200
2026-07-06T05:10:00,22.413,22.4407,22.4,22.6,In,200
2026-07-06T05:20:00,22.423,22.4146,22.7,22.9,In,200
2026-07-06T05:30:00,22.456,22.4792,22.7,22.8,In,200
2026-07-06T05:40:00,22.316,22.4118,22.7,22.9,In,200
2026-07-06T05:50:00,22.155,22.1878,22.7,22.8,In,200
2026-07-06T06:00:00,22.187,22.1974,22.7,22.8,In,200
2026-07-06T06:10:00,22.37,22.3486,22.7,22.9,In,200
2026-07-06T06:20:00,22.531,22.5424,22.6,22.8,In,200
2026-07-06T06:30:00,22.788,22.8149,22.4,22.6,In,200
2026-07-06T06:40:00,22.734,22.8493,22.5,22.7,In,200
2026-07-06T06:50:00,22.616,22.68,22.6,22.8,In,200
2026-07-06T07:00:00,22.67,22.658,22.9,23.1,In,200
2026-07-06T07:10:00,22.767,22.7653,23.1,23.3,In,200
2026-07-06T07:20:00,22.713,22.7309,23.1,23.3,In,200
2026-07-06T07:30:00,22.595,22.6195,23,23.2,In,200
2026-07-06T07:40:00,22.402,22.4847,22.9,23.1,In,200
2026-07-06T07:50:00,22.284,22.3032,23,23.1,In,200
2026-07-06T08:00:00,22.316,22.3252,22.9,23.1,In,200
2026-07-06T08:10:00,22.402,22.4311,22.8,23,In,200
2026-07-06T08:20:00,22.273,22.2799,22.7,22.9,In,200
2026-07-06T08:30:00,22.187,22.2084,22.6,22.8,In,200
2026-07-06T08:40:00,22.08,22.0999,22.7,22.9,In,200
2026-07-06T08:50:00,22.08,22.104,22.6,22.8,In,200
2026-07-06T09:00:00,22.069,22.0972,22.5,22.6,In,200
2026-07-06T09:10:00,22.059,22.0573,22.4,22.6,In,200
2026-07-06T09:20:00,22.016,22.0285,22.4,22.6,In,200
2026-07-06T09:30:00,22.005,22.0216,22.3,22.5,In,200
2026-07-06T09:40:00,22.027,22.0258,22.4,22.5,In,200
2026-07-06T09:50:00,22.016,22.034,22.3,22.5,In,200
2026-07-06T10:00:00,22.048,22.0409,22.3,22.4,In,200
2026-07-06T10:10:00,22.037,22.0313,22.3,22.4,In,200
2026-07-06T10:20:00,22.037,22.0354,22.3,22.4,In,200
2026-07-06T10:30:00,22.102,22.1205,22.3,22.5,In,200
2026-07-06T10:40:00,22.08,22.1095,22.3,22.5,In,200
2026-07-06T10:50:00,22.069,22.1109,22.3,22.4,In,200
2026-07-06T11:00:00,22.102,22.1288,22.3,22.4,In,200
2026-07-06T11:10:00,22.166,22.1892,22.4,22.5,In,200
2026-07-06T11:20:00,22.187,22.2043,22.4,22.5,In,200
2026-07-06T11:30:00,22.112,22.1755,22.4,22.5,In,200
2026-07-06T11:40:00,21.962,21.9901,22.4,22.7,In,200
2026-07-06T11:50:00,21.93,21.9489,22.5,22.6,In,200
2026-07-06T12:00:00,21.919,21.9516,22.4,22.6,In,200
2026-07-06T12:10:00,21.952,21.9557,22.4,22.5,In,200
2026-07-06T12:20:00,21.984,21.9654,22.2,22.4,In,200
2026-07-06T12:30:00,21.984,21.9846,22.2,22.3,In,200
2026-07-06T12:40:00,21.994,22.001,22.2,22.3,In,200
2026-07-06T12:50:00,21.994,21.9928,22.2,22.3,In,200
2026-07-06T13:00:00,21.962,21.9599,22.3,22.3,In,200
2026-07-06T13:10:00,21.962,21.9667,22.2,22.4,In,200
2026-07-06T13:20:00,21.973,21.9708,22.2,22.4,In,200
2026-07-06T13:30:00,21.994,21.9914,22.2,22.4,In,200
2026-07-06T13:40:00,22.027,22.0203,22.2,22.4,In,200
2026-07-06T13:50:00,22.016,22.0299,22.2,22.4,In,200
2026-07-06T14:00:00,22.027,22.034,22.2,22.4,In,200
2026-07-06T14:10:00,22.016,22.0546,22.3,22.4,In,200
2026-07-06T14:20:00,22.112,22.115,22.2,22.4,In,200
2026-07-06T14:30:00,22.123,22.1205,22.3,22.4,In,200
2026-07-06T14:40:00,22.123,22.1136,22.3,22.5,In,200
2026-07-06T14:50:00,22.091,22.0862,22.4,22.5,In,200
2026-07-06T15:00:00,22.102,22.0985,22.3,22.4,In,200
2026-07-06T15:10:00,22.134,22.1109,22.4,22.5,In,200
2026-07-06T15:20:00,22.145,22.1301,22.3,22.5,In,200
2026-07-06T15:30:00,22.155,22.1494,22.4,22.5,In,200
2026-07-06T15:40:00,22.166,22.1548,22.4,22.5,In,200
2026-07-06T15:50:00,22.155,22.1892,22.4,22.5,In,200
2026-07-06T16:00:00,22.177,22.2029,22.4,22.5,In,200
2026-07-06T16:10:00,22.23,22.2345,22.4,22.6,In,200
2026-07-06T16:20:00,22.284,22.3156,22.4,22.6,In,200
2026-07-06T16:30:00,22.316,22.3458,22.5,22.6,In,200
2026-07-06T16:40:00,22.241,22.2826,22.5,22.6,In,200
2026-07-06T16:50:00,22.198,22.2235,22.5,22.7,In,200
2026-07-06T17:00:00,22.198,22.2029,22.6,22.7,In,200
2026-07-06T17:10:00,22.198,22.2167,22.6,22.7,In,200
2026-07-06T17:20:00,22.187,22.1809,22.5,22.6,In,200
2026-07-06T17:30:00,22.187,22.1823,22.4,22.6,In,200
2026-07-06T17:40:00,22.327,22.3032,22.4,22.6,In,200
2026-07-06T17:50:00,22.606,22.6291,22.5,22.6,In,200
2026-07-06T18:00:00,22.938,22.9402,22.4,22.6,In,200
2026-07-06T18:10:00,23.035,23.0407,22.4,22.6,In,200
2026-07-06T18:20:00,22.917,23.0724,22.7,22.8,In,200
2026-07-06T18:30:00,22.273,22.4104,23,23.2,In,200
2026-07-06T18:40:00,22.177,22.1796,23.2,23.3,In,200
2026-07-06T18:50:00,22.145,22.1452,23.3,23.5,In,200
2026-07-06T19:00:00,22.112,22.1219,23.4,23.5,In,200
2026-07-06T19:10:00,22.134,22.1329,22.5,22.6,In,200
2026-07-06T19:20:00,22.102,22.1219,22.4,22.5,In,200
2026-07-06T19:30:00,22.08,22.1205,22.4,22.5,In,200
2026-07-06T19:40:00,22.112,22.1288,22.4,22.5,In,200
2026-07-06T19:50:00,22.134,22.148,22.4,22.6,In,200
2026-07-06T20:00:00,22.187,22.1892,22.4,22.5,In,200
2026-07-06T20:10:00,22.23,22.2098,22.4,22.5,In,200
2026-07-06T20:20:00,22.22,22.2441,22.5,22.5,In,200
2026-07-06T20:30:00,22.187,22.229,22.4,22.5,In,200
2026-07-06T20:40:00,22.102,22.1645,22.4,22.5,In,200
2026-07-06T20:50:00,22.069,22.0793,22.5,22.6,In,200
2026-07-06T21:00:00,22.069,22.0601,22.5,22.7,In,200
2026-07-06T21:10:00,22.048,22.0491,22.5,22.6,In,200
2026-07-06T21:20:00,22.069,22.0738,22.4,22.6,In,200
2026-07-06T21:30:00,22.069,22.067,22.4,22.5,In,200
2026-07-06T21:40:00,22.059,22.0505,22.3,22.5,In,200
2026-07-06T21:50:00,22.037,22.0285,22.3,22.4,In,200
2026-07-06T22:00:00,22.037,22.0134,22.3,22.4,In,200
2026-07-06T22:10:00,22.027,22.012,22.3,22.5,In,200
2026-07-06T22:20:00,21.994,22.0038,22.3,22.4,In,200
2026-07-06T22:30:00,22.005,21.9969,22.2,22.4,In,200
2026-07-06T22:40:00,21.952,21.9928,22.3,22.4,In,200
2026-07-06T22:50:00,21.952,21.9901,22.2,22.4,In,200
2026-07-06T23:00:00,21.994,21.9928,22.2,22.3,In,200
2026-07-06T23:10:00,21.994,22.0024,22.2,22.4,In,200
2026-07-06T23:20:00,21.994,21.9914,22.2,22.4,In,200
2026-07-06T23:30:00,21.984,21.9818,22.2,22.3,In,200
2026-07-06T23:40:00,21.984,21.9722,22.2,22.4,In,200
2026-07-06T23:50:00,21.973,21.975,22.2,22.4,In,200
2026-07-07T00:00:00,21.984,21.975,22.2,22.4,In,200
2026-07-07T00:10:00,21.994,21.9914,22.2,22.3,In,200
2026-07-07T00:20:00,22.027,22.034,22.2,22.4,In,200
2026-07-07T00:30:00,22.048,22.0491,22.2,22.4,In,200
2026-07-07T00:40:00,22.048,22.0573,22.2,22.4,In,200
2026-07-07T00:50:00,22.069,22.0628,22.2,22.4,In,200
2026-07-07T01:00:00,22.069,22.0573,22.3,22.4,In,200
2026-07-07T01:10:00,22.069,22.0615,22.3,22.5,In,200
2026-07-07T01:20:00,22.069,22.0642,22.3,22.5,In,200
2026-07-07T01:30:00,22.048,22.056,22.3,22.4,In,200
2026-07-07T01:40:00,21.973,22.0381,22.3,22.5,In,200
2026-07-07T01:50:00,22.016,22.0615,22.4,22.5,In,200
2026-07-07T02:00:00,22.037,22.0628,22.3,22.4,In,200
2026-07-07T02:10:00,22.059,22.0491,22.3,22.4,In,200
2026-07-07T02:20:00,21.962,21.9901,22.3,22.4,In,200
2026-07-07T02:30:00,21.984,21.9928,22.3,22.4,In,200
2026-07-07T02:40:00,21.994,22.0038,22.3,22.5,In,200
2026-07-07T02:50:00,22.091,22.0862,22.3,22.4,In,200
2026-07-07T03:00:00,22.102,22.1288,22.3,22.4,In,200
2026-07-07T03:10:00,22.134,22.1878,22.3,22.4,In,200
2026-07-07T03:20:00,22.198,22.2565,22.3,22.4,In,200
2026-07-07T03:30:00,22.241,22.2799,22.3,22.5,In,200
2026-07-07T03:40:00,22.316,22.3183,22.4,22.6,In,200
2026-07-07T03:50:00,22.434,22.4146,22.5,22.6,In,200
2026-07-07T04:00:00,22.445,22.4379,22.5,22.7,In,200
2026-07-07T04:10:00,22.381,22.3898,22.6,22.7,In,200
2026-07-07T04:20:00,22.37,22.3623,22.6,22.7,In,200
2026-07-07T04:30:00,22.338,22.3445,22.7,22.8,In,200
2026-07-07T04:40:00,22.252,22.2483,22.6,22.8,In,200
2026-07-07T04:50:00,22.198,22.2084,22.6,22.8,In,200
2026-07-07T05:00:00,22.22,22.2112,22.6,22.7,In,200
2026-07-07T05:10:00,22.22,22.2386,22.6,22.7,In,200
2026-07-07T05:20:00,22.273,22.3019,22.5,22.6,In,200
2026-07-07T05:30:00,22.316,22.4778,22.5,22.6,In,200
2026-07-07T05:40:00,22.584,22.6442,22.5,22.5,In,200
2026-07-07T05:50:00,22.734,22.7653,22.5,22.7,In,200
2026-07-07T06:00:00,22.724,22.7777,22.6,22.8,In,200
2026-07-07T06:10:00,22.702,22.7103,22.9,23.1,In,200
2026-07-07T06:20:00,22.456,22.5658,23,23.2,In,200
2026-07-07T06:30:00,22.338,22.3761,23.1,23.3,In,200
2026-07-07T06:40:00,22.434,22.4709,23,23.2,In,200
2026-07-07T06:50:00,22.477,22.4805,22.9,23.1,In,200
2026-07-07T07:00:00,22.498,22.4833,22.8,22.9,In,200
2026-07-07T07:10:00,22.187,22.306,22.6,22.8,In,200
2026-07-07T07:20:00,22.102,22.1466,22.8,22.9,In,200
2026-07-07T07:30:00,22.155,22.1631,22.7,22.9,In,200
2026-07-07T07:40:00,22.177,22.1645,22.7,22.9,In,200
2026-07-07T07:50:00,22.091,22.1219,22.6,22.9,In,200
2026-07-07T08:00:00,22.069,22.0917,22.4,22.6,In,200
2026-07-07T08:10:00,22.059,22.0642,22.4,22.6,In,200
2026-07-07T08:20:00,22.037,22.045,22.4,22.6,In,200
2026-07-07T08:30:00,22.037,22.0326,22.4,22.5,In,200
2026-07-07T08:40:00,22.069,22.0464,22.4,22.5,In,200
2026-07-07T08:50:00,22.069,22.0587,22.3,22.5,In,200
2026-07-07T09:00:00,22.102,22.0697,22.3,22.5,In,200
2026-07-07T09:10:00,22.069,22.1013,22.3,22.4,In,200
2026-07-07T09:20:00,21.973,22.0052,22.3,22.5,In,200
2026-07-07T09:30:00,21.984,21.9859,22.3,22.4,In,200
2026-07-07T09:40:00,21.984,21.9914,22.3,22.4,In,200
2026-07-07T09:50:00,21.994,21.9942,22.4,22.4,In,200
2026-07-07T10:00:00,21.941,21.9681,22.2,22.4,In,200
2026-07-07T10:10:00,21.93,21.9324,22.2,22.4,In,200
2026-07-07T10:20:00,21.941,21.9434,22.3,22.4,In,200
2026-07-07T10:30:00,22.027,22.0354,22.2,22.6,In,200
2026-07-07T10:40:00,22.037,22.067,22.2,22.5,In,200
2026-07-07T10:50:00,21.866,21.9297,22.2,22.4,In,200
2026-07-07T11:00:00,21.909,21.9105,22.2,22.4,In,200
2026-07-07T11:10:00,21.855,21.8761,22.3,22.5,In,200
2026-07-07T11:20:00,21.866,21.8748,22.3,22.4,In,200
2026-07-07T11:30:00,21.866,21.872,22.1,22.3,In,200
2026-07-07T11:40:00,21.866,21.872,22.1,22.3,In,200
2026-07-07T11:50:00,21.866,21.8816,22.1,22.3,In,200
2026-07-07T12:00:00,21.844,21.883,22.2,22.3,In,200
2026-07-07T12:10:00,21.962,21.9475,22.1,22.3,In,200
2026-07-07T12:20:00,21.984,21.9763,22.1,22.3,In,200
2026-07-07T12:30:00,21.962,21.9654,22.1,22.3,In,200
2026-07-07T12:40:00,21.973,21.9681,22.2,22.3,In,200
2026-07-07T12:50:00,21.973,21.9708,22.2,22.3,In,200
2026-07-07T13:00:00,21.973,21.975,22.2,22.3,In,200
2026-07-07T13:10:00,21.984,21.9846,22.2,22.3,In,200
2026-07-07T13:20:00,21.994,21.9969,22.2,22.4,In,200
2026-07-07T13:30:00,22.027,22.0148,22.3,22.4,In,200
2026-07-07T13:40:00,22.016,22.0299,22.2,22.4,In,200
2026-07-07T13:50:00,22.027,22.0409,22.2,22.3,In,200
2026-07-07T14:00:00,22.037,22.0395,22.3,22.4,In,200
2026-07-07T14:10:00,22.048,22.0573,22.2,22.4,In,200
2026-07-07T14:20:00,22.069,22.0821,22.3,22.4,In,200
2026-07-07T14:30:00,22.069,22.0683,22.3,22.4,In,200
2026-07-07T14:40:00,22.069,22.0642,22.3,22.5,In,200
2026-07-07T14:50:00,22.048,22.0615,22.3,22.4,In,200
2026-07-07T15:00:00,22.027,22.0436,22.3,22.4,In,200
2026-07-07T15:10:00,22.08,22.0889,22.3,22.4,In,200
2026-07-07T15:20:00,22.123,22.1356,22.3,22.4,In,200
2026-07-07T15:30:00,22.209,22.2084,22.3,22.4,In,200
2026-07-07T15:40:00,22.273,22.2854,22.4,22.4,In,200
2026-07-07T15:50:00,22.273,22.2991,22.4,22.6,In,200
2026-07-07T16:00:00,22.273,22.306,22.4,22.6,In,200
2026-07-07T16:10:00,22.23,22.3238,22.5,22.6,In,200
2026-07-07T16:20:00,22.284,22.2936,22.5,22.7,In,200
2026-07-07T16:30:00,22.295,22.3252,22.5,22.7,In,200
2026-07-07T16:40:00,22.23,22.2757,22.6,22.7,In,200
2026-07-07T16:50:00,22.166,22.1919,22.5,22.7,In,200
2026-07-07T17:00:00,22.155,22.2483,22.5,22.6,In,200
2026-07-07T17:10:00,22.198,22.3266,22.6,22.7,In,200
2026-07-07T17:20:00,22.316,22.3816,22.4,22.7,In,200
2026-07-07T17:30:00,22.391,22.3871,22.5,22.6,In,200
2026-07-07T17:40:00,22.359,22.3651,22.6,22.8,In,200
2026-07-07T17:50:00,22.359,22.3513,22.7,22.8,In,200
2026-07-07T18:00:00,22.198,22.2263,22.7,22.8,In,200
2026-07-07T18:10:00,22.091,22.1507,22.6,22.8,In,200
2026-07-07T18:20:00,22.016,22.0491,22.6,22.7,In,200
2026-07-07T18:30:00,22.005,22.0107,22.6,22.7,In,200
2026-07-07T18:40:00,22.059,22.0395,22.4,22.6,In,200
2026-07-07T18:50:00,22.08,22.0656,22.4,22.5,In,200
2026-07-07T19:00:00,22.048,22.0656,22.3,22.4,In,200
2026-07-07T19:10:00,22.037,22.045,22.2,22.4,In,200
2026-07-07T19:20:00,22.027,22.0258,22.3,22.4,In,200
2026-07-07T19:30:00,22.027,22.0189,22.3,22.4,In,200
2026-07-07T19:40:00,22.027,22.0162,22.4,22.4,In,200
2026-07-07T19:50:00,22.005,22.0052,22.3,22.4,In,200
2026-07-07T20:00:00,21.994,21.9983,22.2,22.4,In,200
2026-07-07T20:10:00,22.005,21.9983,22.3,22.4,In,200
2026-07-07T20:20:00,22.016,22.001,22.2,22.4,In,200
2026-07-07T20:30:00,21.994,22.0107,22.3,22.4,In,200
2026-07-07T20:40:00,22.027,22.034,22.2,22.4,In,200
2026-07-07T20:50:00,22.048,22.0546,22.2,22.4,In,200
2026-07-07T21:00:00,22.069,22.0724,22.3,22.5,In,200
2026-07-07T21:10:00,22.069,22.0697,22.3,22.4,In,200
2026-07-07T21:20:00,22.059,22.0628,22.3,22.4,In,200
2026-07-07T21:30:00,21.941,21.9489,22.3,22.4,In,200
2026-07-07T21:40:00,21.919,21.9228,22.3,22.5,In,200
2026-07-07T21:50:00,21.909,21.9201,22.3,22.4,In,200
2026-07-07T22:00:00,21.909,21.9201,22.3,22.4,In,200
2026-07-07T22:10:00,21.952,21.9214,22.2,22.3,In,200
2026-07-07T22:20:00,21.941,21.9228,22.2,22.3,In,200
2026-07-07T22:30:00,21.919,21.9297,22.2,22.3,In,200
2026-07-07T22:40:00,21.93,21.9365,22.2,22.3,In,200
2026-07-07T22:50:00,21.941,21.9654,22.2,22.3,In,200
2026-07-07T23:00:00,21.984,22.0024,22.1,22.3,In,200
2026-07-07T23:10:00,22.037,22.0299,22.1,22.3,In,200
2026-07-07T23:20:00,22.037,22.045,22.2,22.3,In,200
2026-07-07T23:30:00,22.027,22.0326,22.2,22.4,In,200
2026-07-07T23:40:00,21.962,21.953,22.3,22.4,In,200
2026-07-07T23:50:00,21.941,21.9406,22.3,22.4,In,200
2026-07-08T00:00:00,21.952,21.9434,22.3,22.4,In,200
2026-07-08T00:10:00,21.941,21.9461,22.2,22.4,In,200
2026-07-08T00:20:00,21.952,21.9489,22.2,22.4,In,200
2026-07-08T00:30:00,21.952,21.9571,22.2,22.3,In,200
2026-07-08T00:40:00,21.984,21.9914,22.2,22.3,In,200
2026-07-08T00:50:00,22.005,22.0079,22.2,22.3,In,200
2026-07-08T01:00:00,22.005,22.0244,22.2,22.3,In,200
2026-07-08T01:10:00,22.005,22.0175,22.2,22.4,In,200
2026-07-08T01:20:00,21.952,21.9681,22.2,22.4,In,200
2026-07-08T01:30:00,21.952,21.9654,22.3,22.4,In,200
2026-07-08T01:40:00,21.962,21.9722,22.3,22.4,In,200
2026-07-08T01:50:00,21.962,21.9708,22.3,22.4,In,200
2026-07-08T02:00:00,21.962,21.9626,22.2,22.3,In,200
2026-07-08T02:10:00,21.962,21.9489,22.2,22.4,In,200
2026-07-08T02:20:00,21.941,21.9365,22.2,22.4,In,200
2026-07-08T02:30:00,21.941,21.9338,22.2,22.4,In,200
2026-07-08T02:40:00,21.919,21.9255,22.2,22.3,In,200
2026-07-08T02:50:00,21.962,21.9324,22.2,22.4,In,200
2026-07-08T03:00:00,21.919,21.9434,22.2,22.4,In,200
2026-07-08T03:10:00,21.962,21.953,22.2,22.3,In,200
2026-07-08T03:20:00,21.962,21.9722,22.2,22.3,In,200
2026-07-08T03:30:00,22.005,22.001,22.2,22.3,In,200
2026-07-08T03:40:00,22.027,21.9983,22.1,22.3,In,200
2026-07-08T03:50:00,21.984,22.0079,22.2,22.4,In,200
2026-07-08T04:00:00,21.994,22.0038,22.2,22.4,In,200
2026-07-08T04:10:00,22.005,22.023,22.2,22.4,In,200
2026-07-08T04:20:00,22.027,22.0354,22.3,22.4,In,200
2026-07-08T04:30:00,22.037,22.056,22.3,22.4,In,200
2026-07-08T04:40:00,22.069,22.0656,22.3,22.4,In,200
2026-07-08T04:50:00,22.069,22.0546,22.3,22.4,In,200
2026-07-08T05:00:00,22.059,22.0601,22.3,22.4,In,200
2026-07-08T05:10:00,22.069,22.0738,22.3,22.4,In,200
2026-07-08T05:20:00,22.08,22.0766,22.3,22.4,In,200
2026-07-08T05:30:00,22.08,22.0807,22.3,22.4,In,200
2026-07-08T05:40:00,22.091,22.0903,22.3,22.4,In,200
2026-07-08T05:50:00,22.123,22.1109,22.3,22.4,In,200
2026-07-08T06:00:00,22.102,22.1027,22.4,22.4,In,200
2026-07-08T06:10:00,22.091,22.0944,22.3,22.4,In,200
2026-07-08T06:20:00,22.091,22.0944,22.4,22.5,In,200
2026-07-08T06:30:00,22.08,22.0862,22.4,22.5,In,200
2026-07-08T06:40:00,22.069,22.0738,22.3,22.4,In,200
2026-07-08T06:50:00,22.037,22.0587,22.3,22.4,In,200
2026-07-08T07:00:00,22.059,22.1301,22.3,22.5,In,200
2026-07-08T07:10:00,22.059,22.093,22.4,22.5,In,200
2026-07-08T07:20:00,22.048,22.0862,22.3,22.4,In,200
2026-07-08T07:30:00,22.037,22.0422,22.4,22.5,In,200
2026-07-08T07:40:00,22.048,22.0381,22.4,22.7,In,200
2026-07-08T07:50:00,22.027,22.034,22.4,22.7,In,200
2026-07-08T08:00:00,22.005,22.0107,22.3,22.5,In,200
2026-07-08T08:10:00,21.994,21.9942,22.3,22.4,In,200
2026-07-08T08:20:00,21.994,22.0093,22.3,22.5,In,200
2026-07-08T08:30:00,22.123,22.115,22.3,22.4,In,200
2026-07-08T08:40:00,22.102,22.1205,22.2,22.4,In,200
2026-07-08T08:50:00,22.005,22.0601,22.3,22.4,In,200
2026-07-08T09:00:00,22.016,22.0422,22.3,22.5,In,200
2026-07-08T09:10:00,22.069,22.0944,22.4,22.6,In,200
2026-07-08T09:20:00,22.091,22.0972,22.4,22.5,In,200
2026-07-08T09:30:00,22.091,22.0793,22.3,22.5,In,200
2026-07-08T09:40:00,22.037,22.056,22.3,22.5,In,200
2026-07-08T09:50:00,21.994,22.023,22.3,22.5,In,200
2026-07-08T10:00:00,21.994,22.0148,22.4,22.5,In,200
2026-07-08T10:10:00,21.984,22.0038,22.3,22.5,In,200
2026-07-08T10:20:00,22.005,22.001,22.3,22.4,In,200
2026-07-08T10:30:00,21.994,21.9956,22.3,22.4,In,200
2026-07-08T10:40:00,21.984,21.9914,22.3,22.4,In,200
2026-07-08T10:50:00,21.973,21.9887,22.2,22.4,In,200
2026-07-08T11:00:00,21.973,21.9763,22.3,22.4,In,200
2026-07-08T11:10:00,21.973,21.9763,22.2,22.3,In,200
2026-07-08T11:20:00,21.973,21.9763,22.3,22.3,In,200
2026-07-08T11:30:00,21.973,21.975,22.2,22.4,In,200
2026-07-08T11:40:00,21.984,21.9695,22.2,22.4,In,200
2026-07-08T11:50:00,21.973,21.9654,22.3,22.3,In,200
2026-07-08T12:00:00,21.973,21.964,22.2,22.3,In,200
2026-07-08T12:10:00,21.984,21.9626,22.2,22.4,In,200
2026-07-08T12:20:00,21.962,21.9599,22.2,22.4,In,200
2026-07-08T12:30:00,21.952,21.953,22.2,22.4,In,200
2026-07-08T12:40:00,21.941,21.9379,22.2,22.3,In,200
2026-07-08T12:50:00,21.898,21.9201,22.2,22.4,In,200
2026-07-08T13:00:00,21.919,21.931,22.2,22.4,In,200
2026-07-08T13:10:00,21.93,21.9338,22.2,22.3,In,200
2026-07-08T13:20:00,21.909,21.9118,22.2,22.4,In,200
2026-07-08T13:30:00,21.919,21.9475,22.2,22.3,In,200
2026-07-08T13:40:00,21.984,21.9887,22.2,22.3,In,200
2026-07-08T13:50:00,22.005,21.9983,22.2,22.4,In,200
2026-07-08T14:00:00,22.016,21.9997,22.2,22.4,In,200
2026-07-08T14:10:00,21.994,21.9942,22.3,22.4,In,200
2026-07-08T14:20:00,21.962,21.9708,22.2,22.4,In,200
2026-07-08T14:30:00,21.994,21.9681,22.3,22.4,In,200
2026-07-08T14:40:00,21.984,21.9846,22.2,22.4,In,200
2026-07-08T14:50:00,21.994,21.9983,22.2,22.4,In,200
2026-07-08T15:00:00,22.005,22.0079,22.2,22.4,In,200
2026-07-08T15:10:00,22.005,22.0134,22.2,22.3,In,200
2026-07-08T15:20:00,21.994,22.0093,22.3,22.4,In,200
2026-07-08T15:30:00,21.909,21.9448,22.2,22.4,In,200
2026-07-08T15:40:00,21.941,21.9544,22.3,22.4,In,200
2026-07-08T15:50:00,21.984,21.964,22.3,22.4,In,200
2026-07-08T16:00:00,21.994,21.9969,22.2,22.4,In,200
2026-07-08T16:10:00,22.005,22.0148,22.2,22.4,In,200
2026-07-08T16:20:00,22.027,22.0258,22.2,22.4,In,200
2026-07-08T16:30:00,22.048,22.0519,22.2,22.4,In,200
2026-07-08T16:40:00,22.08,22.0876,22.3,22.4,In,200
2026-07-08T16:50:00,22.091,22.0944,22.3,22.4,In,200
2026-07-08T17:00:00,22.091,22.093,22.3,22.4,In,200
2026-07-08T17:10:00,22.08,22.0944,22.4,22.5,In,200
2026-07-08T17:20:00,22.069,22.0848,22.3,22.4,In,200
2026-07-08T17:30:00,22.048,22.0628,22.4,22.5,In,200
2026-07-08T17:40:00,22.069,22.0573,22.4,22.5,In,200
2026-07-08T17:50:00,22.016,22.0285,22.3,22.4,In,200
2026-07-08T18:00:00,22.016,22.0162,22.3,22.5,In,200
2026-07-08T18:10:00,22.016,22.023,22.3,22.4,In,200
2026-07-08T18:20:00,22.22,22.2318,22.3,22.5,In,200
2026-07-08T18:30:00,22.263,22.2799,22.3,22.5,In,200
2026-07-08T18:40:00,22.016,22.1123,22.2,22.5,In,200
2026-07-08T18:50:00,22.027,22.0216,22.3,22.5,In,200
2026-07-08T19:00:00,22.005,22.0093,22.5,22.6,In,200
2026-07-08T19:10:00,22.037,22.0409,22.6,22.7,In,200
2026-07-08T19:20:00,22.027,22.0395,22.3,22.6,In,200
2026-07-08T19:30:00,22.016,22.0244,22.2,22.4,In,200
2026-07-08T19:40:00,22.016,22.0175,22.3,22.4,In,200
2026-07-08T19:50:00,22.005,22.0134,22.3,22.4,In,200
2026-07-08T20:00:00,21.994,22.0038,22.2,22.4,In,200
2026-07-08T20:10:00,21.994,21.9969,22.2,22.4,In,200
2026-07-08T20:20:00,21.994,22.0024,22.2,22.4,In,200
2026-07-08T20:30:00,22.016,22.0093,22.2,22.4,In,200
2026-07-08T20:40:00,21.962,21.9654,22.3,22.4,In,200
2026-07-08T20:50:00,21.93,21.9434,22.2,22.5,In,200
2026-07-08T21:00:00,21.962,21.9448,22.3,22.4,In,200
2026-07-08T21:10:00,21.994,21.9612,22.2,22.4,In,200
2026-07-08T21:20:00,21.994,21.9763,22.2,22.3,In,200
2026-07-08T21:30:00,21.973,21.9846,22.2,22.4,In,200
2026-07-08T21:40:00,21.994,21.9901,22.2,22.4,In,200
2026-07-08T21:50:00,22.016,21.9983,22.2,22.4,In,200
2026-07-08T22:00:00,21.994,22.001,22.2,22.4,In,200
2026-07-08T22:10:00,22.016,22.0038,22.3,22.3,In,200
2026-07-08T22:20:00,22.016,22.0038,22.2,22.4,In,200
2026-07-08T22:30:00,21.994,21.9997,22.2,22.4,In,200
2026-07-08T22:40:00,21.994,22.0065,22.2,22.3,In,200
2026-07-08T22:50:00,21.994,22.0052,22.2,22.4,In,200
2026-07-08T23:00:00,21.994,21.9901,22.2,22.4,In,200
2026-07-08T23:10:00,21.941,21.9448,22.2,22.4,In,200
2026-07-08T23:20:00,21.93,21.9324,22.3,22.4,In,200
2026-07-08T23:30:00,21.93,21.9214,22.2,22.4,In,200
2026-07-08T23:40:00,21.887,21.8954,22.2,22.3,In,200
2026-07-08T23:50:00,21.898,21.8954,22.1,22.3,In,200
2026-07-09T00:00:00,21.941,21.9159,22.2,22.3,In,200
2026-07-09T00:10:00,21.919,21.9159,22.2,22.3,In,200
2026-07-09T00:20:00,21.93,21.9255,22.1,22.3,In,200
2026-07-09T00:30:00,21.93,21.931,22.1,22.3,In,200
2026-07-09T00:40:00,21.93,21.9338,22.1,22.3,In,200
2026-07-09T00:50:00,21.941,21.9379,22.2,22.3,In,200
2026-07-09T01:00:00,21.93,21.9365,22.1,22.3,In,200
2026-07-09T01:10:00,21.909,21.9255,22.2,22.3,In,200
2026-07-09T01:20:00,21.941,21.9242,22.2,22.4,In,200
2026-07-09T01:30:00,21.93,21.9228,22.2,22.4,In,200
2026-07-09T01:40:00,21.93,21.9393,22.1,22.3,In,200
2026-07-09T01:50:00,21.941,21.9475,22.2,22.3,In,200
2026-07-09T02:00:00,21.984,21.9612,22.2,22.3,In,200
2026-07-09T02:10:00,22.005,22.0038,22.2,22.3,In,200
2026-07-09T02:20:00,21.984,22.0148,22.2,22.4,In,200
2026-07-09T02:30:00,21.973,22.001,22.2,22.4,In,200
2026-07-09T02:40:00,21.994,22.0107,22.2,22.4,In,200
2026-07-09T02:50:00,21.994,21.9805,22.3,22.4,In,200
2026-07-09T03:00:00,21.973,21.9763,22.2,22.4,In,200
2026-07-09T03:10:00,21.962,21.9654,22.3,22.4,In,200
2026-07-09T03:20:00,21.909,21.9146,22.2,22.4,In,200
2026-07-09T03:30:00,21.909,21.9105,22.2,22.4,In,200
2026-07-09T03:40:00,21.919,21.9146,22.2,22.3,In,200
2026-07-09T03:50:00,21.898,21.9063,22.3,22.3,In,200
2026-07-09T04:00:00,21.909,21.9091,22.2,22.4,In,200
2026-07-09T04:10:00,21.93,21.9132,22.2,22.3,In,200
2026-07-09T04:20:00,21.919,21.9242,22.1,22.3,In,200
2026-07-09T04:30:00,21.919,21.931,22.2,22.3,In,200
2026-07-09T04:40:00,21.93,21.9379,22.1,22.3,In,200
2026-07-09T04:50:00,21.962,21.9489,22.1,22.3,In,200
2026-07-09T05:00:00,21.962,21.9585,22.2,22.3,In,200
2026-07-09T05:10:00,21.962,21.9667,22.1,22.3,In,200
2026-07-09T05:20:00,21.984,21.9805,22.2,22.3,In,200
2026-07-09T05:30:00,21.984,21.9805,22.2,22.4,In,200
2026-07-09T05:40:00,21.994,21.975,22.2,22.4,In,200
2026-07-09T05:50:00,21.984,21.9722,22.2,22.4,In,200
2026-07-09T06:00:00,21.973,21.9695,22.2,22.3,In,200
2026-07-09T06:10:00,21.994,21.9873,22.2,22.4,In,200
2026-07-09T06:20:00,22.016,22.0024,22.2,22.4,In,200
2026-07-09T06:30:00,21.984,21.9928,22.2,22.4,In,200
2026-07-09T06:40:00,21.973,21.9832,22.2,22.4,In,200
2026-07-09T06:50:00,22.005,21.9956,22.2,22.4,In,200
2026-07-09T07:00:00,22.037,22.0148,22.2,22.4,In,200
2026-07-09T07:10:00,22.059,22.0573,22.2,22.4,In,200
2026-07-09T07:20:00,22.08,22.0752,22.2,22.4,In,200
2026-07-09T07:30:00,22.069,22.0779,22.2,22.4,In,200
2026-07-09T07:40:00,22.102,22.0972,22.3,22.4,In,200
2026-07-09T07:50:00,22.198,22.2002,22.3,22.4,In,200
2026-07-09T08:00:00,22.209,22.2153,22.3,22.5,In,200
2026-07-09T08:10:00,22.134,22.1301,22.3,22.5,In,200
2026-07-09T08:20:00,22.102,22.093,22.4,22.6,In,200
2026-07-09T08:30:00,22.091,22.0876,22.4,22.7,In,200
2026-07-09T08:40:00,22.08,22.0738,22.4,22.6,In,200
2026-07-09T08:50:00,22.08,22.067,22.4,22.5,In,200
2026-07-09T09:00:00,22.059,22.0601,22.3,22.4,In,200
2026-07-09T09:10:00,22.069,22.0642,22.3,22.4,In,200
2026-07-09T09:20:00,22.069,22.0656,22.3,22.4,In,200
2026-07-09T09:30:00,22.069,22.0642,22.3,22.4,In,200
2026-07-09T09:40:00,22.027,22.056,22.3,22.4,In,200
2026-07-09T09:50:00,22.037,22.0367,22.3,22.5,In,200
2026-07-09T10:00:00,22.016,22.012,22.3,22.4,In,200
2026-07-09T10:10:00,22.016,22.0107,22.3,22.4,In,200
2026-07-09T10:20:00,22.048,22.0395,22.3,22.5,In,200
2026-07-09T10:30:00,22.059,22.0834,22.3,22.4,In,200
2026-07-09T10:40:00,22.059,22.0656,22.2,22.4,In,200
2026-07-09T10:50:00,22.069,22.0409,22.2,22.4,In,200
2026-07-09T11:00:00,22.027,22.0313,22.3,22.5,In,200
2026-07-09T11:10:00,22.027,22.0299,22.3,22.5,In,200
2026-07-09T11:20:00,22.048,22.0244,22.3,22.4,In,200
2026-07-09T11:30:00,21.973,21.9763,22.3,22.4,In,200
2026-07-09T11:40:00,21.93,21.9516,22.3,22.4,In,200
2026-07-09T11:50:00,21.919,21.9352,22.3,22.4,In,200
2026-07-09T12:00:00,21.919,21.9283,22.3,22.4,In,200
2026-07-09T12:10:00,21.887,21.9036,22.2,22.4,In,200
2026-07-09T12:20:00,21.898,21.9063,22.2,22.3,In,200
2026-07-09T12:30:00,21.909,21.8885,22.2,22.3,In,200
2026-07-09T12:40:00,21.876,21.8775,22.2,22.3,In,200
2026-07-09T12:50:00,21.866,21.883,22.1,22.4,In,200
2026-07-09T13:00:00,21.876,21.894,22.2,22.4,In,200
2026-07-09T13:10:00,21.909,21.9008,22.1,22.3,In,200
2026-07-09T13:20:00,21.909,21.9283,22.2,22.3,In,200
2026-07-09T13:30:00,21.93,21.9283,22.2,22.2,In,200
2026-07-09T13:40:00,21.93,21.9269,22.1,22.3,In,200
2026-07-09T13:50:00,21.941,21.9297,22.1,22.3,In,200
2026-07-09T14:00:00,21.93,21.9599,22.1,22.3,In,200
2026-07-09T14:10:00,21.973,21.9914,22.2,22.3,In,200
2026-07-09T14:20:00,22.005,21.9983,22.2,22.3,In,200
2026-07-09T14:30:00,22.016,22.0038,22.2,22.4,In,200
2026-07-09T14:40:00,22.005,22.0093,22.2,22.4,In,200
2026-07-09T14:50:00,22.005,21.9997,22.2,22.4,In,200
2026-07-09T15:00:00,21.919,21.9599,22.3,22.4,In,200
2026-07-09T15:10:00,21.919,21.9187,22.3,22.4,In,200
2026-07-09T15:20:00,21.919,21.9077,22.2,22.4,In,200
2026-07-09T15:30:00,21.898,21.8995,22.2,22.4,In,200
2026-07-09T15:40:00,21.887,21.8967,22.2,22.3,In,200
2026-07-09T15:50:00,21.919,21.8981,22.1,22.3,In,200
2026-07-09T16:00:00,21.909,21.9008,22.2,22.3,In,200
2026-07-09T16:10:00,21.898,21.9036,22.1,22.2,In,200
2026-07-09T16:20:00,21.909,21.9063,22.1,22.3,In,200
2026-07-09T16:30:00,21.93,21.9242,22.2,22.3,In,200
2026-07-09T16:40:00,21.952,21.9571,22.2,22.3,In,200
2026-07-09T16:50:00,21.994,21.9846,22.2,22.3,In,200
2026-07-09T17:00:00,21.994,21.9846,22.2,22.3,In,200
2026-07-09T17:10:00,21.973,21.9791,22.2,22.4,In,200
2026-07-09T17:20:00,21.994,21.9805,22.2,22.4,In,200
2026-07-09T17:30:00,22.005,21.9969,22.2,22.4,In,200
2026-07-09T17:40:00,22.016,22.0162,22.2,22.3,In,200
2026-07-09T17:50:00,22.048,22.0532,22.2,22.4,In,200
2026-07-09T18:00:00,22.027,22.0367,22.3,22.4,In,200
2026-07-09T18:10:00,22.037,22.0299,22.2,22.4,In,200
2026-07-09T18:20:00,22.027,22.0313,22.2,22.4,In,200
2026-07-09T18:30:00,22.027,22.0505,22.3,22.4,In,200
2026-07-09T18:40:00,22.08,22.1109,22.2,22.4,In,200
2026-07-09T18:50:00,22.102,22.1233,22.3,22.4,In,200
2026-07-09T19:00:00,22.177,22.1686,22.3,22.4,In,200
2026-07-09T19:10:00,22.177,22.2084,22.3,22.5,In,200
2026-07-09T19:20:00,22.102,22.1191,22.3,22.5,In,200
2026-07-09T19:30:00,22.037,22.0642,22.4,22.5,In,200
2026-07-09T19:40:00,22.08,22.0642,22.4,22.6,In,200
2026-07-09T19:50:00,22.059,22.0601,22.5,22.6,In,200
2026-07-09T20:00:00,22.102,22.0807,22.3,22.5,In,200
2026-07-09T20:10:00,22.102,22.0985,22.3,22.5,In,200
2026-07-09T20:20:00,22.112,22.1095,22.3,22.4,In,200
2026-07-09T20:30:00,22.123,22.1123,22.3,22.5,In,200
2026-07-09T20:40:00,22.091,22.1191,22.4,22.5,In,200
2026-07-09T20:50:00,22.037,22.0505,22.3,22.5,In,200
2026-07-09T21:00:00,22.027,22.034,22.4,22.5,In,200
2026-07-09T21:10:00,22.037,22.0285,22.3,22.5,In,200
2026-07-09T21:20:00,22.027,22.0271,22.4,22.4,In,200
2026-07-09T21:30:00,21.962,22.0285,22.3,22.4,In,200
2026-07-09T21:40:00,21.994,22.0299,22.3,22.4,In,200
2026-07-09T21:50:00,22.005,22.0271,22.3,22.4,In,200
2026-07-09T22:00:00,21.952,21.964,22.2,22.4,In,200
2026-07-09T22:10:00,21.952,21.9503,22.2,22.4,In,200
2026-07-09T22:20:00,21.952,21.9475,22.2,22.5,In,200
2026-07-09T22:30:00,21.952,21.9475,22.3,22.4,In,200
2026-07-09T22:40:00,21.962,21.9475,22.2,22.3,In,200
2026-07-09T22:50:00,21.93,21.942,22.2,22.3,In,200
2026-07-09T23:00:00,21.962,21.9489,22.2,22.4,In,200
2026-07-09T23:10:00,21.952,21.9489,22.2,22.3,In,200
2026-07-09T23:20:00,21.952,21.9489,22.2,22.3,In,200
2026-07-09T23:30:00,21.962,21.9571,22.1,22.3,In,200
2026-07-09T23:40:00,21.962,21.9571,22.2,22.3,In,200
2026-07-09T23:50:00,21.962,21.953,22.2,22.4,In,200
2026-07-10T00:00:00,21.93,21.931,22.2,22.4,In,200
2026-07-10T00:10:00,21.941,21.9242,22.2,22.3,In,200
2026-07-10T00:20:00,21.898,21.9269,22.2,22.4,In,200
2026-07-10T00:30:00,21.93,21.931,22.2,22.3,In,200
2026-07-10T00:40:00,21.909,21.905,22.2,22.3,In,200
2026-07-10T00:50:00,21.909,21.9242,22.2,22.3,In,200
2026-07-10T01:00:00,21.919,21.9352,22.2,22.3,In,200
2026-07-10T01:10:00,21.919,21.9352,22.2,22.4,In,200
2026-07-10T01:20:00,21.941,21.9352,22.1,22.4,In,200
2026-07-10T01:30:00,21.952,21.9503,22.2,22.3,In,200
2026-07-10T01:40:00,21.941,21.9599,22.2,22.3,In,200
2026-07-10T01:50:00,21.973,21.964,22.2,22.3,In,200
2026-07-10T02:00:00,21.973,21.9695,22.2,22.3,In,200
2026-07-10T02:10:00,21.984,21.9832,22.2,22.4,In,200
2026-07-10T02:20:00,21.962,21.9722,22.2,22.3,In,200
2026-07-10T02:30:00,21.962,21.9681,22.2,22.3,In,200
2026-07-10T02:40:00,21.962,21.9503,22.2,22.3,In,200
2026-07-10T02:50:00,21.952,21.9475,22.2,22.4,In,200
2026-07-10T03:00:00,21.941,21.9448,22.2,22.4,In,200
2026-07-10T03:10:00,21.941,21.9338,22.2,22.4,In,200
2026-07-10T03:20:00,21.941,21.9379,22.2,22.4,In,200
2026-07-10T03:30:00,21.93,21.9338,22.2,22.3,In,200
2026-07-10T03:40:00,21.93,21.9214,22.2,22.3,In,200
2026-07-10T03:50:00,21.93,21.931,22.2,22.3,In,200
2026-07-10T04:00:00,21.919,21.9352,22.2,22.3,In,200
2026-07-10T04:10:00,21.93,21.9338,22.2,22.3,In,200
2026-07-10T04:20:00,21.952,21.9352,22.1,22.3,In,200
2026-07-10T04:30:00,21.93,21.9406,22.2,22.4,In,200
2026-07-10T04:40:00,21.962,21.9503,22.1,22.4,In,200
2026-07-10T04:50:00,21.962,21.9599,22.1,22.3,In,200
2026-07-10T05:00:00,21.973,21.9681,22.1,22.4,In,200
2026-07-10T05:10:00,21.984,21.9832,22.2,22.3,In,200
2026-07-10T05:20:00,22.037,22.023,22.2,22.3,In,200
2026-07-10T05:30:00,22.069,22.0724,22.2,22.3,In,200
2026-07-10T05:40:00,22.102,22.0903,22.2,22.4,In,200
2026-07-10T05:50:00,22.069,22.0903,22.3,22.4,In,200
2026-07-10T06:00:00,22.123,22.1452,22.4,22.4,In,200
2026-07-10T06:10:00,22.209,22.2043,22.3,22.5,In,200
2026-07-10T06:20:00,22.198,22.2016,22.3,22.6,In,200
2026-07-10T06:30:00,22.145,22.1686,22.4,22.6,In,200
2026-07-10T06:40:00,22.123,22.1288,22.5,22.6,In,200
2026-07-10T06:50:00,22.177,22.1782,22.5,22.6,In,200
2026-07-10T07:00:00,22.209,22.1919,22.4,22.5,In,200
2026-07-10T07:10:00,22.177,22.1864,22.4,22.6,In,200
2026-07-10T07:20:00,22.263,22.2483,22.4,22.5,In,200
2026-07-10T07:30:00,22.305,22.3073,22.5,22.6,In,200
2026-07-10T07:40:00,22.552,22.5727,22.4,22.5,In,200
2026-07-10T07:50:00,22.23,22.328,22.5,22.6,In,200
2026-07-10T08:00:00,22.187,22.1933,22.5,22.7,In,200
2026-07-10T08:10:00,22.198,22.1892,22.7,22.9,In,200
2026-07-10T08:20:00,22.23,22.2125,22.9,23,In,200
2026-07-10T08:30:00,22.263,22.2716,22.5,22.9,In,200
2026-07-10T08:40:00,22.166,22.2098,22.4,22.5,In,200
2026-07-10T08:50:00,22.091,22.1068,22.4,22.6,In,200
2026-07-10T09:00:00,22.08,22.093,22.5,22.6,In,200
2026-07-10T09:10:00,22.123,22.1548,22.6,22.7,In,200
2026-07-10T09:20:00,22.177,22.1796,22.4,22.6,In,200
2026-07-10T09:30:00,22.155,22.1576,22.4,22.5,In,200
2026-07-10T09:40:00,22.102,22.1178,22.4,22.5,In,200
2026-07-10T09:50:00,22.091,22.0944,22.4,22.5,In,200
2026-07-10T10:00:00,22.08,22.0903,22.4,22.5,In,200
2026-07-10T10:10:00,22.048,22.0573,22.4,22.6,In,200
2026-07-10T10:20:00,22.037,22.0436,22.4,22.5,In,200
2026-07-10T10:30:00,21.984,22.0093,22.4,22.5,In,200
2026-07-10T10:40:00,21.919,21.9063,22.4,22.5,In,200
2026-07-10T10:50:00,21.919,21.9187,22.3,22.4,In,200
2026-07-10T11:00:00,21.919,21.9187,22.3,22.4,In,200
2026-07-10T11:10:00,21.93,21.9283,22.2,22.4,In,200
2026-07-10T11:20:00,21.941,21.9516,22.2,22.3,In,200
2026-07-10T11:30:00,21.962,21.9667,22.2,22.4,In,200
2026-07-10T11:40:00,21.973,21.9805,22.2,22.4,In,200
2026-07-10T11:50:00,22.005,21.9969,22.2,22.4,In,200
2026-07-10T12:00:00,21.994,22.0107,22.3,22.4,In,200
2026-07-10T12:10:00,22.037,22.0519,22.2,22.4,In,200
2026-07-10T12:20:00,21.984,21.9914,22.2,22.3,In,200
2026-07-10T12:30:00,21.941,21.9516,22.2,22.4,In,200
2026-07-10T12:40:00,21.93,21.942,22.3,22.5,In,200
2026-07-10T12:50:00,21.93,21.931,22.3,22.5,In,200
2026-07-10T13:00:00,21.952,21.9338,22.2,22.4,In,200
2026-07-10T13:10:00,21.919,21.9242,22.2,22.3,In,200
2026-07-10T13:20:00,21.941,21.9626,22.2,22.4,In,200
2026-07-10T13:30:00,21.984,21.9763,22.1,22.4,In,200
2026-07-10T13:40:00,21.973,21.9805,22.2,22.3,In,200
2026-07-10T13:50:00,21.973,21.9777,22.2,22.3,In,200
2026-07-10T14:00:00,21.962,21.9503,22.2,22.4,In,200
2026-07-10T14:10:00,21.941,21.9393,22.2,22.3,In,200
2026-07-10T14:20:00,21.962,21.9475,22.2,22.4,In,200
2026-07-10T14:30:00,21.962,21.9599,22.2,22.4,In,200
2026-07-10T14:40:00,21.962,21.9805,22.2,22.3,In,200
2026-07-10T14:50:00,21.973,21.9805,22.1,22.3,In,200
2026-07-10T15:00:00,21.962,21.9846,22.1,22.4,In,200
2026-07-10T15:10:00,21.952,21.9914,22.2,22.4,In,200
2026-07-10T15:20:00,21.962,21.9736,22.3,22.4,In,200
2026-07-10T15:30:00,21.962,21.9708,22.3,22.4,In,200
2026-07-10T15:40:00,21.984,21.9997,22.3,22.4,In,200
2026-07-10T15:50:00,21.994,22.0313,22.2,22.4,In,200
2026-07-10T16:00:00,22.059,22.0587,22.2,22.4,In,200
2026-07-10T16:10:00,22.069,22.0683,22.2,22.3,In,200
2026-07-10T16:20:00,22.048,22.0642,22.3,22.4,In,200
2026-07-10T16:30:00,22.037,22.0409,22.3,22.4,In,200
2026-07-10T16:40:00,22.048,22.0464,22.3,22.4,In,200
2026-07-10T16:50:00,22.037,22.0477,22.3,22.5,In,200
2026-07-10T17:00:00,22.059,22.045,22.3,22.5,In,200
2026-07-10T17:10:00,22.059,22.0505,22.3,22.4,In,200
2026-07-10T17:20:00,22.08,22.0683,22.3,22.4,In,200
2026-07-10T17:30:00,22.112,22.1205,22.2,22.4,In,200
2026-07-10T17:40:00,22.155,22.1535,22.3,22.4,In,200
2026-07-10T17:50:00,22.166,22.1645,22.3,22.5,In,200
2026-07-10T18:00:00,22.091,22.0985,22.4,22.5,In,200
2026-07-10T18:10:00,22.059,22.0724,22.4,22.5,In,200
2026-07-10T18:20:00,22.069,22.0628,22.4,22.5,In,200
2026-07-10T18:30:00,22.08,22.1054,22.4,22.5,In,200
2026-07-10T18:40:00,22.112,22.1288,22.3,22.5,In,200
2026-07-10T18:50:00,22.112,22.1164,22.3,22.5,In,200
2026-07-10T19:00:00,22.059,22.0848,22.4,22.5,In,200
2026-07-10T19:10:00,22.123,22.1617,22.4,22.6,In,200
2026-07-10T19:20:00,22.198,22.1809,22.4,22.5,In,200
2026-07-10T19:30:00,22.327,22.2964,22.4,22.5,In,200
2026-07-10T19:40:00,22.252,22.3087,22.3,22.5,In,200
2026-07-10T19:50:00,22.198,22.2112,22.5,22.6,In,200
2026-07-10T20:00:00,22.187,22.1892,22.4,22.7,In,200
2026-07-10T20:10:00,22.102,22.1329,22.6,22.7,In,200
2026-07-10T20:20:00,22.091,22.1109,22.5,22.7,In,200
2026-07-10T20:30:00,22.091,22.093,22.4,22.6,In,200
2026-07-10T20:40:00,22.102,22.0917,22.4,22.5,In,200
2026-07-10T20:50:00,22.102,22.0972,22.4,22.6,In,200
2026-07-10T21:00:00,22.102,22.0917,22.3,22.5,In,200
2026-07-10T21:10:00,22.091,22.0807,22.3,22.5,In,200
2026-07-10T21:20:00,22.091,22.0917,22.3,22.5,In,200
2026-07-10T21:30:00,22.048,22.0793,22.4,22.5,In,200
2026-07-10T21:40:00,22.048,22.0519,22.3,22.5,In,200
2026-07-10T21:50:00,22.048,22.0395,22.3,22.5,In,200
2026-07-10T22:00:00,22.037,22.0354,22.4,22.4,In,200
2026-07-10T22:10:00,22.037,22.0216,22.4,22.5,In,200
2026-07-10T22:20:00,22.037,22.0148,22.3,22.4,In,200
2026-07-10T22:30:00,22.027,22.0162,22.3,22.4,In,200
2026-07-10T22:40:00,22.027,22.0299,22.3,22.4,In,200
2026-07-10T22:50:00,22.037,22.0573,22.3,22.4,In,200
2026-07-10T23:00:00,22.069,22.0876,22.3,22.4,In,200
2026-07-10T23:10:00,22.08,22.0848,22.3,22.5,In,200
2026-07-10T23:20:00,22.08,22.0834,22.3,22.4,In,200
2026-07-10T23:30:00,22.069,22.0834,22.3,22.5,In,200
2026-07-10T23:40:00,22.059,22.0642,22.4,22.5,In,200
2026-07-10T23:50:00,22.069,22.0477,22.3,22.5,In,200
2026-07-11T00:00:00,22.059,22.0422,22.3,22.5,In,200
2026-07-11T00:10:00,22.027,22.0381,22.3,22.5,In,200
2026-07-11T00:20:00,22.048,22.0409,22.4,22.4,In,200
2026-07-11T00:30:00,22.048,22.0477,22.3,22.4,In,200
2026-07-11T00:40:00,22.059,22.0573,22.3,22.4,In,200
2026-07-11T00:50:00,22.048,22.0532,22.2,22.4,In,200
2026-07-11T01:00:00,22.069,22.0532,22.3,22.4,In,200
2026-07-11T01:10:00,22.048,22.0491,22.3,22.5,In,200
2026-07-11T01:20:00,22.048,22.045,22.3,22.4,In,200
2026-07-11T01:30:00,22.016,22.0326,22.3,22.4,In,200
2026-07-11T01:40:00,22.005,22.012,22.3,22.4,In,200
2026-07-11T01:50:00,22.005,22.023,22.3,22.4,In,200
2026-07-11T02:00:00,22.037,22.0203,22.3,22.5,In,200
2026-07-11T02:10:00,22.016,22.0203,22.2,22.4,In,200
2026-07-11T02:20:00,22.037,22.0258,22.3,22.4,In,200
2026-07-11T02:30:00,22.016,22.0313,22.3,22.4,In,200
2026-07-11T02:40:00,22.005,22.0107,22.3,22.4,In,200
2026-07-11T02:50:00,21.962,21.9887,22.3,22.4,In,200
2026-07-11T03:00:00,21.952,21.9736,22.3,22.4,In,200
2026-07-11T03:10:00,21.962,21.9681,22.3,22.4,In,200
2026-07-11T03:20:00,21.973,21.9599,22.2,22.4,In,200
2026-07-11T03:30:00,21.952,21.9612,22.2,22.4,In,200
2026-07-11T03:40:00,21.941,21.9406,22.2,22.4,In,200
2026-07-11T03:50:00,21.941,21.9448,22.2,22.4,In,200
2026-07-11T04:00:00,21.941,21.9516,22.2,22.4,In,200
2026-07-11T04:10:00,21.962,21.9859,22.2,22.3,In,200
2026-07-11T04:20:00,22.016,22.0436,22.2,22.3,In,200
2026-07-11T04:30:00,22.048,22.0477,22.2,22.4,In,200
2026-07-11T04:40:00,22.027,22.045,22.2,22.4,In,200
2026-07-11T04:50:00,22.069,22.0656,22.2,22.4,In,200
2026-07-11T05:00:00,22.059,22.067,22.3,22.5,In,200
2026-07-11T05:10:00,22.059,22.0532,22.3,22.4,In,200
2026-07-11T05:20:00,22.048,22.0573,22.3,22.4,In,200
2026-07-11T05:30:00,22.069,22.0546,22.2,22.4,In,200
2026-07-11T05:40:00,22.059,22.0546,22.3,22.4,In,200
2026-07-11T05:50:00,22.059,22.0546,22.3,22.5,In,200
2026-07-11T06:00:00,22.069,22.0587,22.3,22.4,In,200
2026-07-11T06:10:00,22.048,22.0628,22.3,22.4,In,200
2026-07-11T06:20:00,22.059,22.0656,22.3,22.4,In,200
2026-07-11T06:30:00,22.08,22.0711,22.3,22.4,In,200
2026-07-11T06:40:00,22.08,22.067,22.4,22.5,In,200
2026-07-11T06:50:00,22.069,22.0807,22.3,22.4,In,200
2026-07-11T07:00:00,22.091,22.1246,22.3,22.5,In,200
2026-07-11T07:10:00,22.123,22.1342,22.3,22.4,In,200
2026-07-11T07:20:00,22.102,22.0972,22.3,22.5,In,200
2026-07-11T07:30:00,22.048,22.0697,22.4,22.5,In,200
2026-07-11T07:40:00,22.069,22.0697,22.4,22.5,In,200
2026-07-11T07:50:00,22.037,22.067,22.4,22.5,In,200
2026-07-11T08:00:00,22.059,22.0779,22.3,22.5,In,200
2026-07-11T08:10:00,22.059,22.0697,22.3,22.4,In,200
2026-07-11T08:20:00,22.037,22.0519,22.3,22.5,In,200
2026-07-11T08:30:00,22.037,22.0628,22.3,22.4,In,200
2026-07-11T08:40:00,21.994,22.045,22.3,22.4,In,200
2026-07-11T08:50:00,22.005,22.0367,22.3,22.5,In,200
2026-07-11T09:00:00,22.037,22.0944,22.3,22.5,In,200
2026-07-11T09:10:00,22.069,22.0807,22.3,22.5,In,200
2026-07-11T09:20:00,22.069,22.0724,22.4,22.6,In,200
2026-07-11T09:30:00,22.091,22.0876,22.4,22.6,In,200
2026-07-11T09:40:00,22.08,22.0807,22.3,22.5,In,200
2026-07-11T09:50:00,22.123,22.093,22.3,22.4,In,200
2026-07-11T10:00:00,22.112,22.1027,22.3,22.5,In,200
2026-07-11T10:10:00,22.209,22.2125,22.4,22.4,In,200
2026-07-11T10:20:00,22.23,22.2441,22.3,22.5,In,200
2026-07-11T10:30:00,22.241,22.2469,22.3,22.5,In,200
2026-07-11T10:40:00,22.198,22.2139,22.4,22.6,In,200
2026-07-11T10:50:00,22.166,22.2002,22.5,22.6,In,200
2026-07-11T11:00:00,22.027,22.0587,22.5,22.6,In,200
2026-07-11T11:10:00,21.994,22.0079,22.5,22.6,In,200
2026-07-11T11:20:00,21.984,21.9887,22.5,22.6,In,200
2026-07-11T11:30:00,21.984,22.001,22.4,22.6,In,200
2026-07-11T11:40:00,22.027,22.0162,22.3,22.4,In,200
2026-07-11T11:50:00,22.005,21.9901,22.2,22.4,In,200
2026-07-11T12:00:00,21.984,21.9859,22.2,22.4,In,200
2026-07-11T12:10:00,22.005,21.9805,22.3,22.4,In,200
2026-07-11T12:20:00,21.984,21.9791,22.3,22.4,In,200
2026-07-11T12:30:00,21.994,21.9846,22.2,22.3,In,200
2026-07-11T12:40:00,22.005,21.9873,22.2,22.3,In,200
2026-07-11T12:50:00,21.973,21.9832,22.2,22.3,In,200
2026-07-11T13:00:00,21.994,21.9873,22.2,22.4,In,200
2026-07-11T13:10:00,21.973,22.001,22.2,22.3,In,200
2026-07-11T13:20:00,22.016,22.0093,22.2,22.4,In,200
2026-07-11T13:30:00,21.994,22.0134,22.2,22.4,In,200
2026-07-11T13:40:00,22.016,22.0216,22.2,22.4,In,200
2026-07-11T13:50:00,22.027,22.0271,22.3,22.4,In,200
2026-07-11T14:00:00,22.027,22.0299,22.2,22.4,In,200
2026-07-11T14:10:00,22.016,22.0354,22.3,22.4,In,200
2026-07-11T14:20:00,22.037,22.0395,22.2,22.4,In,200
2026-07-11T14:30:00,22.027,22.0313,22.2,22.4,In,200
2026-07-11T14:40:00,22.027,22.0409,22.3,22.4,In,200
2026-07-11T14:50:00,22.048,22.0573,22.3,22.4,In,200
2026-07-11T15:00:00,22.059,22.0587,22.3,22.4,In,200
2026-07-11T15:10:00,22.059,22.056,22.3,22.4,In,200
2026-07-11T15:20:00,22.069,22.0532,22.3,22.5,In,200
2026-07-11T15:30:00,22.048,22.0491,22.3,22.4,In,200
2026-07-11T15:40:00,22.048,22.0409,22.3,22.4,In,200
2026-07-11T15:50:00,22.037,22.0367,22.3,22.5,In,200
2026-07-11T16:00:00,22.037,22.0464,22.3,22.4,In,200
2026-07-11T16:10:00,22.059,22.056,22.3,22.4,In,200
2026-07-11T16:20:00,22.037,22.0532,22.2,22.4,In,200
2026-07-11T16:30:00,22.08,22.0834,22.3,22.4,In,200
2026-07-11T16:40:00,22.102,22.1136,22.4,22.4,In,200
2026-07-11T16:50:00,22.134,22.1274,22.3,22.5,In,200
2026-07-11T17:00:00,22.123,22.1274,22.3,22.4,In,200
2026-07-11T17:10:00,22.048,22.0642,22.4,22.5,In,200
2026-07-11T17:20:00,22.016,22.0244,22.3,22.5,In,200
2026-07-11T17:30:00,22.059,22.0546,22.4,22.5,In,200
2026-07-11T17:40:00,22.027,22.0299,22.3,22.4,In,200
2026-07-11T17:50:00,22.027,22.0079,22.3,22.4,In,200
2026-07-11T18:00:00,22.005,22.0065,22.3,22.5,In,200
2026-07-11T18:10:00,21.962,21.9846,22.3,22.4,In,200
2026-07-11T18:20:00,21.941,21.9681,22.3,22.5,In,200
2026-07-11T18:30:00,21.952,21.9585,22.2,22.4,In,200
2026-07-11T18:40:00,21.93,21.9297,22.2,22.3,In,200
2026-07-11T18:50:00,21.93,21.9255,22.2,22.3,In,200
2026-07-11T19:00:00,21.941,21.9324,22.2,22.4,In,200
2026-07-11T19:10:00,21.93,21.9612,22.1,22.3,In,200
2026-07-11T19:20:00,21.952,21.9887,22.2,22.3,In,200
2026-07-11T19:30:00,21.994,22.0065,22.1,22.3,In,200
2026-07-11T19:40:00,21.994,22.0038,22.2,22.3,In,200
2026-07-11T19:50:00,22.027,22.001,22.2,22.3,In,200
2026-07-11T20:00:00,21.994,21.9887,22.3,22.4,In,200
2026-07-11T20:10:00,21.994,21.9914,22.3,22.4,In,200
2026-07-11T20:20:00,21.994,21.9859,22.2,22.4,In,200
2026-07-11T20:30:00,21.973,21.9805,22.2,22.4,In,200
2026-07-11T20:40:00,21.973,21.9708,22.3,22.3,In,200
2026-07-11T20:50:00,21.941,21.9695,22.3,22.4,In,200
2026-07-11T21:00:00,21.962,21.9736,22.2,22.4,In,200
2026-07-11T21:10:00,21.962,21.9736,22.3,22.4,In,200
2026-07-11T21:20:00,21.973,21.9777,22.2,22.3,In,200
2026-07-11T21:30:00,21.994,21.9928,22.2,22.4,In,200
2026-07-11T21:40:00,21.984,21.9942,22.2,22.4,In,200
2026-07-11T21:50:00,22.005,21.9956,22.2,22.3,In,200
2026-07-11T22:00:00,22.005,22.0162,22.2,22.4,In,200
2026-07-11T22:10:00,22.005,22.0532,22.3,22.4,In,200
2026-07-11T22:20:00,22.027,22.0519,22.2,22.4,In,200
2026-07-11T22:30:00,22.059,22.0285,22.2,22.4,In,200
2026-07-11T22:40:00,22.048,22.0354,22.3,22.5,In,200
2026-07-11T22:50:00,22.069,22.0724,22.3,22.5,In,200
2026-07-11T23:00:00,22.102,22.0807,22.3,22.5,In,200
2026-07-11T23:10:00,22.112,22.0958,22.3,22.4,In,200
2026-07-11T23:20:00,22.091,22.1013,22.3,22.5,In,200
2026-07-11T23:30:00,22.102,22.0944,22.3,22.5,In,200
2026-07-11T23:40:00,22.069,22.0848,22.3,22.4,In,200
2026-07-11T23:50:00,22.059,22.104,22.4,22.4,In,200
2026-07-12T00:00:00,22.048,22.0615,22.4,22.5,In,200
2026-07-12T00:10:00,22.027,22.0505,22.3,22.5,In,200
2026-07-12T00:20:00,22.016,22.0285,22.4,22.6,In,200
2026-07-12T00:30:00,22.037,22.0299,22.4,22.6,In,200
2026-07-12T00:40:00,22.005,22.0395,22.3,22.5,In,200
2026-07-12T00:50:00,22.016,22.0367,22.2,22.4,In,200
2026-07-12T01:00:00,22.059,22.0395,22.3,22.4,In,200
2026-07-12T01:10:00,22.048,22.0367,22.3,22.4,In,200
2026-07-12T01:20:00,22.037,22.0326,22.3,22.4,In,200
2026-07-12T01:30:00,21.984,22.0313,22.3,22.5,In,200
2026-07-12T01:40:00,22.059,22.0519,22.3,22.4,In,200
2026-07-12T01:50:00,22.091,22.0834,22.3,22.4,In,200
2026-07-12T02:00:00,22.123,22.1246,22.3,22.4,In,200
2026-07-12T02:10:00,22.198,22.2098,22.3,22.5,In,200
2026-07-12T02:20:00,22.069,22.1164,22.3,22.5,In,200
2026-07-12T02:30:00,22.069,22.0972,22.3,22.5,In,200
2026-07-12T02:40:00,22.091,22.0889,22.4,22.6,In,200
2026-07-12T02:50:00,22.091,22.0944,22.4,22.6,In,200
2026-07-12T03:00:00,22.112,22.0958,22.4,22.5,In,200
2026-07-12T03:10:00,22.102,22.0848,22.3,22.5,In,200
2026-07-12T03:20:00,22.059,22.0711,22.3,22.5,In,200
2026-07-12T03:30:00,22.048,22.0587,22.3,22.5,In,200
2026-07-12T03:40:00,22.027,22.0395,22.3,22.4,In,200
2026-07-12T03:50:00,22.037,22.0381,22.3,22.4,In,200
2026-07-12T04:00:00,22.037,22.0326,22.3,22.4,In,200
2026-07-12T04:10:00,22.037,22.0326,22.3,22.4,In,200
2026-07-12T04:20:00,22.037,22.0354,22.3,22.4,In,200
2026-07-12T04:30:00,22.048,22.0477,22.3,22.4,In,200
2026-07-12T04:40:00,21.973,22.0271,22.3,22.4,In,200
2026-07-12T04:50:00,21.973,22.0162,22.3,22.4,In,200
2026-07-12T05:00:00,21.994,22.0395,22.3,22.4,In,200
2026-07-12T05:10:00,22.069,22.0409,22.3,22.4,In,200
2026-07-12T05:20:00,22.048,22.0409,22.3,22.4,In,200
2026-07-12T05:30:00,22.027,22.034,22.3,22.4,In,200
2026-07-12T05:40:00,22.005,22.023,22.3,22.5,In,200
2026-07-12T05:50:00,22.005,22.0299,22.3,22.4,In,200
2026-07-12T06:00:00,22.027,22.0326,22.3,22.4,In,200
2026-07-12T06:10:00,22.027,22.0285,22.3,22.4,In,200
2026-07-12T06:20:00,22.005,22.0189,22.2,22.4,In,200
2026-07-12T06:30:00,22.005,21.9942,22.2,22.4,In,200
2026-07-12T06:40:00,21.994,21.9887,22.3,22.4,In,200
2026-07-12T06:50:00,21.994,21.9887,22.2,22.4,In,200
2026-07-12T07:00:00,21.994,21.9914,22.3,22.4,In,200
2026-07-12T07:10:00,21.994,21.9969,22.3,22.4,In,200
2026-07-12T07:20:00,22.005,22.0162,22.3,22.4,In,200
2026-07-12T07:30:00,22.016,22.0354,22.2,22.4,In,200
2026-07-12T07:40:00,22.048,22.0436,22.2,22.4,In,200
2026-07-12T07:50:00,22.027,22.0615,22.2,22.4,In,200
2026-07-12T08:00:00,22.048,22.0711,22.2,22.4,In,200
2026-07-12T08:10:00,22.112,22.1535,22.3,22.4,In,200
2026-07-12T08:20:00,22.155,22.1727,22.3,22.4,In,200
2026-07-12T08:30:00,22.187,22.1782,22.3,22.5,In,200
2026-07-12T08:40:00,22.145,22.1713,22.4,22.5,In,200
2026-07-12T08:50:00,22.166,22.1645,22.4,22.5,In,200
2026-07-12T09:00:00,22.155,22.1741,22.4,22.6,In,200
2026-07-12T09:10:00,22.177,22.1741,22.5,22.6,In,200
2026-07-12T09:20:00,22.198,22.1961,22.4,22.6,In,200
2026-07-12T09:30:00,22.22,22.2057,22.4,22.5,In,200
2026-07-12T09:40:00,22.198,22.2125,22.5,22.5,In,200
2026-07-12T09:50:00,22.209,22.2648,22.4,22.6,In,200
2026-07-12T10:00:00,22.305,22.3211,22.4,22.5,In,200
2026-07-12T10:10:00,22.348,22.3458,22.4,22.6,In,200
2026-07-12T10:20:00,22.327,22.339,22.5,22.6,In,200
2026-07-12T10:30:00,22.295,22.3445,22.5,22.7,In,200
2026-07-12T10:40:00,22.316,22.3101,22.6,22.8,In,200
2026-07-12T10:50:00,22.187,22.2414,22.6,22.8,In,200
2026-07-12T11:00:00,22.177,22.1755,22.6,22.7,In,200
2026-07-12T11:10:00,22.177,22.2139,22.6,22.8,In,200
2026-07-12T11:20:00,22.177,22.2441,22.6,22.7,In,200
2026-07-12T11:30:00,22.209,22.2208,22.4,22.6,In,200
2026-07-12T11:40:00,22.23,22.229,22.4,22.6,In,200
2026-07-12T11:50:00,22.252,22.2359,22.5,22.7,In,200
2026-07-12T12:00:00,22.198,22.2167,22.5,22.6,In,200
2026-07-12T12:10:00,22.187,22.1892,22.4,22.6,In,200
2026-07-12T12:20:00,22.177,22.1823,22.5,22.6,In,200
2026-07-12T12:30:00,22.177,22.1837,22.5,22.6,In,200
2026-07-12T12:40:00,22.166,22.1851,22.4,22.6,In,200
2026-07-12T12:50:00,22.187,22.1933,22.4,22.5,In,200
2026-07-12T13:00:00,22.155,22.1686,22.4,22.6,In,200
2026-07-12T13:10:00,22.091,22.1191,22.4,22.6,In,200
2026-07-12T13:20:00,22.069,22.0985,22.4,22.6,In,200
2026-07-12T13:30:00,22.102,22.1109,22.4,22.6,In,200
2026-07-12T13:40:00,22.102,22.1095,22.4,22.5,In,200
2026-07-12T13:50:00,22.102,22.0972,22.4,22.5,In,200
2026-07-12T14:00:00,22.091,22.093,22.4,22.5,In,200
2026-07-12T14:10:00,22.059,22.0821,22.4,22.5,In,200
2026-07-12T14:20:00,22.027,22.067,22.3,22.5,In,200
2026-07-12T14:30:00,21.994,22.0024,22.4,22.4,In,200
2026-07-12T14:40:00,21.994,22.001,22.3,22.5,In,200
2026-07-12T14:50:00,21.994,22.0079,22.3,22.5,In,200
2026-07-12T15:00:00,22.016,22.0024,22.4,22.4,In,200
2026-07-12T15:10:00,21.984,21.9969,22.2,22.4,In,200
2026-07-12T15:20:00,21.994,21.9818,22.3,22.4,In,200
2026-07-12T15:30:00,21.984,21.975,22.3,22.4,In,200
2026-07-12T15:40:00,21.952,21.9599,22.3,22.4,In,200
2026-07-12T15:50:00,21.93,21.9516,22.2,22.4,In,200
2026-07-12T16:00:00,21.952,21.9516,22.2,22.4,In,200
2026-07-12T16:10:00,21.962,21.9557,22.2,22.4,In,200
2026-07-12T16:20:00,21.941,21.9544,22.1,22.4,In,200
2026-07-12T16:30:00,21.952,21.953,22.2,22.3,In,200
2026-07-12T16:40:00,21.973,21.9626,22.2,22.4,In,200
2026-07-12T16:50:00,21.984,21.9873,22.2,22.3,In,200
2026-07-12T17:00:00,22.005,22.0052,22.2,22.3,In,200
2026-07-12T17:10:00,21.994,21.9997,22.2,22.4,In,200
2026-07-12T17:20:00,21.973,21.9887,22.2,22.3,In,200
2026-07-12T17:30:00,21.973,21.9846,22.3,22.4,In,200
2026-07-12T17:40:00,21.973,21.9818,22.3,22.4,In,200
2026-07-12T17:50:00,21.994,21.9887,22.2,22.4,In,200
2026-07-12T18:00:00,21.973,21.9983,22.2,22.3,In,200
2026-07-12T18:10:00,22.016,22.0038,22.2,22.4,In,200
2026-07-12T18:20:00,21.962,21.9983,22.2,22.4,In,200
2026-07-12T18:30:00,21.952,21.9599,22.2,22.4,In,200
2026-07-12T18:40:00,21.962,21.975,22.3,22.4,In,200
2026-07-12T18:50:00,21.984,21.9805,22.2,22.4,In,200
2026-07-12T19:00:00,21.994,21.9887,22.2,22.4,In,200
2026-07-12T19:10:00,21.984,21.9983,22.2,22.4,In,200
2026-07-12T19:20:00,21.994,21.9997,22.2,22.4,In,200
2026-07-12T19:30:00,21.962,21.9928,22.2,22.4,In,200
2026-07-12T19:40:00,21.962,21.9846,22.2,22.4,In,200
2026-07-12T19:50:00,21.994,21.9956,22.3,22.4,In,200
2026-07-12T20:00:00,21.994,22.0038,22.2,22.4,In,200
2026-07-12T20:10:00,22.005,22.0024,22.2,22.4,In,200
2026-07-12T20:20:00,21.994,22.0024,22.2,22.4,In,200
2026-07-12T20:30:00,22.037,22.012,22.3,22.4,In,200
2026-07-12T20:40:00,22.005,22.0107,22.2,22.4,In,200
2026-07-12T20:50:00,22.005,22.0134,22.2,22.4,In,200
2026-07-12T21:00:00,22.016,22.0271,22.2,22.4,In,200
2026-07-12T21:10:00,22.037,22.0395,22.3,22.4,In,200
2026-07-12T21:20:00,22.037,22.0422,22.2,22.4,In,200
2026-07-12T21:30:00,22.027,22.0285,22.2,22.4,In,200
2026-07-12T21:40:00,22.005,22.0162,22.3,22.4,In,200
2026-07-12T21:50:00,22.016,22.0038,22.3,22.4,In,200
2026-07-12T22:00:00,21.994,21.9777,22.3,22.4,In,200
2026-07-12T22:10:00,21.941,21.9516,22.3,22.4,In,200
2026-07-12T22:20:00,21.941,21.942,22.3,22.4,In,200
2026-07-12T22:30:00,21.952,21.9489,22.3,22.4,In,200
2026-07-12T22:40:00,21.962,21.9612,22.2,22.3,In,200
2026-07-12T22:50:00,21.984,21.9667,22.2,22.3,In,200
2026-07-12T23:00:00,21.962,21.975,22.2,22.3,In,200
2026-07-12T23:10:00,21.941,21.9667,22.2,22.4,In,200
2026-07-12T23:20:00,21.984,21.9942,22.2,22.3,In,200
2026-07-12T23:30:00,22.005,22.0107,22.2,22.4,In,200
2026-07-12T23:40:00,22.016,22.0477,22.2,22.4,In,200
2026-07-12T23:50:00,22.059,22.0697,22.2,22.4,In,200
2026-07-13T00:00:00,22.08,22.0958,22.3,22.4,In,200
2026-07-13T00:10:00,22.091,22.1082,22.3,22.4,In,200
2026-07-13T00:20:00,22.091,22.1164,22.3,22.5,In,200
2026-07-13T00:30:00,22.069,22.126,22.4,22.5,In,200
2026-07-13T00:40:00,22.102,22.1191,22.4,22.5,In,200
2026-07-13T00:50:00,22.091,22.0848,22.4,22.5,In,200
2026-07-13T01:00:00,22.059,22.0628,22.4,22.5,In,200
2026-07-13T01:10:00,22.091,22.0601,22.4,22.5,In,200
2026-07-13T01:20:00,22.059,22.0615,22.4,22.5,In,200
2026-07-13T01:30:00,22.069,22.0628,22.3,22.4,In,200
2026-07-13T01:40:00,22.059,22.0656,22.3,22.4,In,200
2026-07-13T01:50:00,22.08,22.0724,22.3,22.4,In,200
2026-07-13T02:00:00,22.08,22.0738,22.3,22.5,In,200
2026-07-13T02:10:00,22.102,22.093,22.3,22.4,In,200
2026-07-13T02:20:00,22.091,22.1013,22.3,22.4,In,200
2026-07-13T02:30:00,22.091,22.0752,22.3,22.5,In,200
2026-07-13T02:40:00,22.08,22.067,22.3,22.5,In,200
2026-07-13T02:50:00,22.08,22.0628,22.4,22.5,In,200
2026-07-13T03:00:00,22.037,22.0573,22.4,22.5,In,200
2026-07-13T03:10:00,21.984,21.9997,22.3,22.4,In,200
2026-07-13T03:20:00,21.994,21.9722,22.3,22.4,In,200
2026-07-13T03:30:00,21.984,21.9914,22.3,22.4,In,200
2026-07-13T03:40:00,21.994,21.9942,22.3,22.4,In,200
2026-07-13T03:50:00,21.994,21.9956,22.2,22.4,In,200
2026-07-13T04:00:00,21.994,21.9969,22.2,22.4,In,200
2026-07-13T04:10:00,21.984,21.9846,22.2,22.4,In,200
2026-07-13T04:20:00,21.973,21.9722,22.2,22.4,In,200
2026-07-13T04:30:00,21.952,21.9557,22.2,22.4,In,200
2026-07-13T04:40:00,21.952,21.9557,22.3,22.4,In,200
2026-07-13T04:50:00,21.962,21.9599,22.2,22.4,In,200
2026-07-13T05:00:00,21.962,21.964,22.2,22.4,In,200
2026-07-13T05:10:00,21.952,21.964,22.2,22.3,In,200
2026-07-13T05:20:00,21.952,21.9654,22.2,22.3,In,200
2026-07-13T05:30:00,21.962,21.9681,22.2,22.4,In,200
2026-07-13T05:40:00,21.973,21.9667,22.2,22.3,In,200
2026-07-13T05:50:00,21.973,21.9654,22.3,22.3,In,200
2026-07-13T06:00:00,21.962,21.9695,22.2,22.3,In,200
2026-07-13T06:10:00,21.984,21.9722,22.2,22.3,In,200
2026-07-13T06:20:00,21.984,21.9736,22.2,22.4,In,200
2026-07-13T06:30:00,21.984,21.9805,22.2,22.3,In,200
2026-07-13T06:40:00,21.962,21.9832,22.2,22.4,In,200
2026-07-13T06:50:00,22.005,21.9859,22.2,22.4,In,200
2026-07-13T07:00:00,22.005,21.9873,22.2,22.4,In,200
2026-07-13T07:10:00,21.994,21.9859,22.2,22.4,In,200
2026-07-13T07:20:00,21.984,21.9859,22.2,22.3,In,200
2026-07-13T07:30:00,21.984,21.9846,22.2,22.4,In,200
2026-07-13T07:40:00,21.984,21.9832,22.2,22.4,In,200
2026-07-13T07:50:00,21.984,21.9832,22.2,22.3,In,200
2026-07-13T08:00:00,21.973,21.9791,22.2,22.4,In,200
2026-07-13T08:10:00,21.994,21.9791,22.2,22.4,In,200
2026-07-13T08:20:00,21.973,21.9846,22.2,22.3,In,200
2026-07-13T08:30:00,22.016,22.001,22.2,22.3,In,200
2026-07-13T08:40:00,22.005,22.0175,22.2,22.3,In,200
2026-07-13T08:50:00,22.016,22.0285,22.2,22.4,In,200
2026-07-13T09:00:00,22.037,22.0395,22.2,22.4,In,200
2026-07-13T09:10:00,22.048,22.0505,22.3,22.4,In,200
2026-07-13T09:20:00,22.059,22.0752,22.3,22.4,In,200
2026-07-13T09:30:00,22.102,22.0889,22.3,22.4,In,200
2026-07-13T09:40:00,22.102,22.0999,22.3,22.4,In,200
2026-07-13T09:50:00,22.091,22.1027,22.3,22.4,In,200
2026-07-13T10:00:00,22.102,22.1095,22.4,22.4,In,200
2026-07-13T10:10:00,22.08,22.1136,22.3,22.5,In,200
2026-07-13T10:20:00,22.112,22.1136,22.4,22.5,In,200
2026-07-13T10:30:00,22.112,22.1205,22.4,22.5,In,200
2026-07-13T10:40:00,22.134,22.1342,22.4,22.5,In,200
2026-07-13T10:50:00,22.166,22.1617,22.4,22.5,In,200
2026-07-13T11:00:00,22.166,22.1741,22.4,22.5,In,200
2026-07-13T11:10:00,22.166,22.1672,22.4,22.5,In,200
2026-07-13T11:20:00,22.155,22.1494,22.4,22.5,In,200
2026-07-13T11:30:00,22.134,22.1411,22.4,22.6,In,200
2026-07-13T11:40:00,22.155,22.1507,22.5,22.5,In,200
2026-07-13T11:50:00,22.177,22.1645,22.4,22.5,In,200
2026-07-13T12:00:00,22.155,22.1713,22.4,22.5,In,200
2026-07-13T12:10:00,22.166,22.1782,22.3,22.5,In,200
2026-07-13T12:20:00,22.187,22.1851,22.4,22.6,In,200
2026-07-13T12:30:00,22.155,22.1837,22.4,22.5,In,200
2026-07-13T12:40:00,22.177,22.1919,22.4,22.5,In,200
2026-07-13T12:50:00,22.198,22.2125,22.5,22.5,In,200
2026-07-13T13:00:00,22.263,22.2565,22.4,22.6,In,200
2026-07-13T13:10:00,22.177,22.2441,22.4,22.6,In,200
2026-07-13T13:20:00,22.145,22.1755,22.4,22.6,In,200
2026-07-13T13:30:00,22.102,22.0972,22.5,22.6,In,200
2026-07-13T13:40:00,22.037,22.0381,22.5,22.6,In,200
2026-07-13T13:50:00,22.016,22.0326,22.5,22.6,In,200
2026-07-13T14:00:00,22.059,22.0367,22.4,22.6,In,200
2026-07-13T14:10:00,22.091,22.0779,22.3,22.4,In,200
2026-07-13T14:20:00,22.102,22.1068,22.2,22.4,In,200
2026-07-13T14:30:00,22.145,22.1521,22.3,22.5,In,200
2026-07-13T14:40:00,22.155,22.1411,22.3,22.4,In,200
2026-07-13T14:50:00,22.145,22.137,22.4,22.5,In,200
2026-07-13T15:00:00,22.166,22.1535,22.4,22.5,In,200
2026-07-13T15:10:00,22.123,22.148,22.4,22.6,In,200
2026-07-13T15:20:00,22.145,22.1315,22.4,22.5,In,200
2026-07-13T15:30:00,22.069,22.0972,22.4,22.5,In,200
2026-07-13T15:40:00,22.059,22.0944,22.4,22.5,In,200
2026-07-13T15:50:00,22.091,22.0999,22.4,22.5,In,200
2026-07-13T16:00:00,22.102,22.1136,22.4,22.5,In,200
2026-07-13T16:10:00,22.145,22.126,22.3,22.5,In,200
2026-07-13T16:20:00,22.134,22.1356,22.3,22.5,In,200
2026-07-13T16:30:00,22.155,22.1315,22.3,22.5,In,200
2026-07-13T16:40:00,22.112,22.1246,22.4,22.6,In,200
2026-07-13T16:50:00,22.134,22.1178,22.4,22.6,In,200
2026-07-13T17:00:00,22.091,22.1191,22.4,22.5,In,200
2026-07-13T17:10:00,22.059,22.0834,22.4,22.5,In,200
2026-07-13T17:20:00,22.048,22.056,22.4,22.5,In,200
2026-07-13T17:30:00,22.059,22.0546,22.4,22.5,In,200
2026-07-13T17:40:00,22.059,22.0491,22.3,22.5,In,200
2026-07-13T17:50:00,22.048,22.045,22.3,22.5,In,200
2026-07-13T18:00:00,22.048,22.0422,22.3,22.5,In,200
2026-07-13T18:10:00,22.048,22.0409,22.4,22.5,In,200
2026-07-13T18:20:00,22.048,22.0395,22.3,22.4,In,200
2026-07-13T18:30:00,22.016,22.0285,22.3,22.4,In,200
2026-07-13T18:40:00,21.994,21.9983,22.3,22.4,In,200
2026-07-13T18:50:00,21.994,21.9846,22.3,22.4,In,200
2026-07-13T19:00:00,22.005,21.9818,22.3,22.4,In,200
2026-07-13T19:10:00,21.973,21.9846,22.2,22.5,In,200
2026-07-13T19:20:00,22.005,21.9914,22.2,22.4,In,200
2026-07-13T19:30:00,22.005,21.9983,22.2,22.3,In,200
2026-07-13T19:40:00,21.994,22.0065,22.2,22.4,In,200
2026-07-13T19:50:00,22.016,22.0313,22.2,22.3,In,200
2026-07-13T20:00:00,22.005,22.0354,22.2,22.3,In,200
2026-07-13T20:10:00,21.994,22.023,22.2,22.4,In,200
2026-07-13T20:20:00,22.005,22.0258,22.3,22.4,In,200
2026-07-13T20:30:00,22.016,22.0326,22.3,22.4,In,200
2026-07-13T20:40:00,22.037,22.0326,22.3,22.4,In,200
2026-07-13T20:50:00,22.037,22.0326,22.3,22.4,In,200
2026-07-13T21:00:00,22.037,22.0367,22.3,22.4,In,200
2026-07-13T21:10:00,21.962,21.9681,22.3,22.4,In,200
2026-07-13T21:20:00,21.941,21.9475,22.3,22.4,In,200
2026-07-13T21:30:00,21.952,21.9434,22.3,22.4,In,200
2026-07-13T21:40:00,21.919,21.9159,22.3,22.4,In,200
2026-07-13T21:50:00,21.93,21.9173,22.2,22.4,In,200
2026-07-13T22:00:00,21.93,21.9475,22.2,22.3,In,200
2026-07-13T22:10:00,21.962,21.9557,22.2,22.3,In,200
2026-07-13T22:20:00,21.962,21.9873,22.2,22.3,In,200
2026-07-13T22:30:00,21.994,22.0189,22.2,22.3,In,200
2026-07-13T22:40:00,22.016,22.0313,22.2,22.4,In,200
2026-07-13T22:50:00,22.037,22.0381,22.2,22.3,In,200
2026-07-13T23:00:00,22.037,22.0464,22.3,22.4,In,200
2026-07-13T23:10:00,22.059,22.0477,22.3,22.4,In,200
2026-07-13T23:20:00,22.037,22.0491,22.3,22.4,In,200
2026-07-13T23:30:00,22.059,22.056,22.2,22.5,In,200
2026-07-13T23:40:00,22.069,22.0615,22.3,22.4,In,200
2026-07-13T23:50:00,22.069,22.0821,22.3,22.4,In,200
2026-07-14T00:00:00,22.102,22.1068,22.3,22.4,In,200
2026-07-14T00:10:00,22.102,22.115,22.3,22.4,In,200
2026-07-14T00:20:00,22.102,22.1095,22.3,22.4,In,200
2026-07-14T00:30:00,22.102,22.1095,22.4,22.5,In,200
2026-07-14T00:40:00,22.08,22.0876,22.3,22.5,In,200
2026-07-14T00:50:00,22.059,22.0793,22.3,22.5,In,200
2026-07-14T01:00:00,22.069,22.0807,22.4,22.5,In,200
2026-07-14T01:10:00,22.069,22.0862,22.4,22.5,In,200
2026-07-14T01:20:00,22.08,22.1013,22.3,22.5,In,200
2026-07-14T01:30:00,22.123,22.1164,22.3,22.4,In,200
2026-07-14T01:40:00,22.08,22.1233,22.3,22.4,In,200
2026-07-14T01:50:00,22.123,22.1205,22.3,22.5,In,200
2026-07-14T02:00:00,22.123,22.1452,22.4,22.5,In,200
2026-07-14T02:10:00,22.155,22.1768,22.4,22.5,In,200
2026-07-14T02:20:00,22.177,22.1919,22.4,22.5,In,200
2026-07-14T02:30:00,22.273,22.2386,22.4,22.5,In,200
2026-07-14T02:40:00,22.263,22.2854,22.4,22.5,In,200
2026-07-14T02:50:00,22.22,22.2455,22.4,22.6,In,200
2026-07-14T03:00:00,22.198,22.2029,22.5,22.6,In,200
2026-07-14T03:10:00,22.145,22.1741,22.5,22.6,In,200
2026-07-14T03:20:00,22.102,22.1315,22.5,22.7,In,200
2026-07-14T03:30:00,22.123,22.1136,22.5,22.6,In,200
2026-07-14T03:40:00,22.102,22.115,22.4,22.6,In,200
2026-07-14T03:50:00,22.091,22.1054,22.4,22.6,In,200
2026-07-14T04:00:00,22.069,22.0766,22.3,22.5,In,200
2026-07-14T04:10:00,22.102,22.1136,22.3,22.5,In,200
2026-07-14T04:20:00,22.145,22.1219,22.3,22.5,In,200
2026-07-14T04:30:00,22.112,22.126,22.3,22.5,In,200
2026-07-14T04:40:00,22.134,22.1274,22.3,22.5,In,200
2026-07-14T04:50:00,22.134,22.1466,22.4,22.5,In,200
2026-07-14T05:00:00,22.145,22.1617,22.4,22.5,In,200
2026-07-14T05:10:00,22.145,22.1466,22.4,22.5,In,200
2026-07-14T05:20:00,22.134,22.1315,22.4,22.5,In,200
2026-07-14T05:30:00,22.123,22.1082,22.4,22.5,In,200
2026-07-14T05:40:00,22.037,22.0944,22.4,22.5,In,200
2026-07-14T05:50:00,22.037,22.0903,22.4,22.5,In,200
2026-07-14T06:00:00,22.08,22.0903,22.4,22.5,In,200
2026-07-14T06:10:00,22.102,22.093,22.3,22.5,In,200
2026-07-14T06:20:00,22.08,22.093,22.3,22.5,In,200
2026-07-14T06:30:00,22.102,22.1109,22.3,22.5,In,200
2026-07-14T06:40:00,22.112,22.1205,22.4,22.5,In,200
2026-07-14T06:50:00,22.123,22.1233,22.4,22.5,In,200
2026-07-14T07:00:00,22.134,22.126,22.3,22.4,In,200
2026-07-14T07:10:00,22.134,22.1397,22.4,22.5,In,200
2026-07-14T07:20:00,22.112,22.1205,22.3,22.6,In,200
2026-07-14T07:30:00,22.102,22.1013,22.4,22.5,In,200
2026-07-14T07:40:00,22.112,22.0958,22.4,22.5,In,200
2026-07-14T07:50:00,22.112,22.0944,22.4,22.5,In,200
2026-07-14T08:00:00,22.091,22.0903,22.4,22.5,In,200
2026-07-14T08:10:00,22.091,22.0834,22.4,22.5,In,200
2026-07-14T08:20:00,22.08,22.0793,22.3,22.4,In,200
2026-07-14T08:30:00,22.059,22.0766,22.4,22.4,In,200
2026-07-14T08:40:00,22.091,22.0793,22.4,22.5,In,200
2026-07-14T08:50:00,22.08,22.0903,22.3,22.5,In,200
2026-07-14T09:00:00,22.145,22.137,22.3,22.4,In,200
2026-07-14T09:10:00,22.177,22.1727,22.3,22.4,In,200
2026-07-14T09:20:00,22.177,22.1823,22.3,22.5,In,200
2026-07-14T09:30:00,22.187,22.2125,22.3,22.5,In,200
2026-07-14T09:40:00,22.198,22.2208,22.4,22.5,In,200
2026-07-14T09:50:00,22.187,22.2125,22.4,22.5,In,200
2026-07-14T10:00:00,22.252,22.3266,22.4,22.5,In,200
2026-07-14T10:10:00,22.391,22.4173,22.5,22.7,In,200
2026-07-14T10:20:00,22.413,22.4146,22.4,22.6,In,200
2026-07-14T10:30:00,22.413,22.4063,22.5,22.7,In,200
2026-07-14T10:40:00,22.37,22.3857,22.7,22.8,In,200
2026-07-14T10:50:00,22.359,22.4008,22.7,22.8,In,200
2026-07-14T11:00:00,22.381,22.4173,22.6,22.8,In,200
2026-07-14T11:10:00,22.37,22.4187,22.7,22.8,In,200
2026-07-14T11:20:00,22.423,22.4256,22.6,22.8,In,200
2026-07-14T11:30:00,22.413,22.453,22.7,22.8,In,200
2026-07-14T11:40:00,22.338,22.35,22.7,22.8,In,200
2026-07-14T11:50:00,22.327,22.3293,22.6,22.9,In,200
2026-07-14T12:00:00,22.241,22.2757,22.7,22.9,In,200
2026-07-14T12:10:00,22.187,22.1947,22.7,22.8,In,200
2026-07-14T12:20:00,22.241,22.24,22.6,22.7,In,200
2026-07-14T12:30:00,22.338,22.35,22.5,22.7,In,200
2026-07-14T12:40:00,22.391,22.4269,22.5,22.7,In,200
2026-07-14T12:50:00,22.413,22.5177,22.4,22.6,In,200
2026-07-14T13:00:00,22.402,22.4338,22.5,22.7,In,200
2026-07-14T13:10:00,22.348,22.3761,22.6,22.7,In,200
2026-07-14T13:20:00,22.284,22.328,22.7,22.9,In,200
2026-07-14T13:30:00,22.338,22.3747,22.8,22.9,In,200
2026-07-14T13:40:00,22.423,22.4338,22.7,22.9,In,200
2026-07-14T13:50:00,22.498,22.5163,22.6,22.7,In,200
2026-07-14T14:00:00,22.423,22.4379,22.6,22.8,In,200
2026-07-14T14:10:00,22.423,22.4173,22.6,22.8,In,200
2026-07-14T14:20:00,22.338,22.3816,22.7,22.9,In,200
2026-07-14T14:30:00,22.381,22.3912,22.8,22.9,In,200
2026-07-14T14:40:00,22.391,22.4132,22.7,22.8,In,200
2026-07-14T14:50:00,22.273,22.3032,22.6,22.7,In,200
2026-07-14T15:00:00,22.263,22.2744,22.6,22.8,In,200
2026-07-14T15:10:00,22.177,22.2098,22.7,22.8,In,200
2026-07-14T15:20:00,22.112,22.148,22.7,22.8,In,200
2026-07-14T15:30:00,22.145,22.1919,22.5,22.7,In,200
2026-07-14T15:40:00,22.209,22.2016,22.6,22.7,In,200
2026-07-14T15:50:00,22.22,22.2208,22.4,22.7,In,200
2026-07-14T16:00:00,22.252,22.2455,22.4,22.5,In,200
2026-07-14T16:10:00,22.252,22.2524,22.4,22.6,In,200
2026-07-14T16:20:00,22.273,22.2593,22.4,22.6,In,200
2026-07-14T16:30:00,22.273,22.2702,22.5,22.6,In,200
2026-07-14T16:40:00,22.273,22.2675,22.4,22.6,In,200
2026-07-14T16:50:00,22.273,22.2716,22.4,22.6,In,200
2026-07-14T17:00:00,22.22,22.2661,22.5,22.6,In,200
2026-07-14T17:10:00,22.198,22.1864,22.5,22.6,In,200
2026-07-14T17:20:00,22.155,22.1645,22.5,22.6,In,200
2026-07-14T17:30:00,22.145,22.1452,22.5,22.7,In,200
2026-07-14T17:40:00,22.016,22.0601,22.5,22.7,In,200
2026-07-14T17:50:00,22.027,22.0216,22.4,22.6,In,200
2026-07-14T18:00:00,22.005,22.0162,22.4,22.6,In,200
2026-07-14T18:10:00,22.005,22.0134,22.4,22.5,In,200
2026-07-14T18:20:00,22.016,22.012,22.3,22.5,In,200
2026-07-14T18:30:00,22.016,22.0244,22.3,22.5,In,200
2026-07-14T18:40:00,22.027,22.0313,22.3,22.4,In,200
2026-07-14T18:50:00,22.069,22.0601,22.2,22.4,In,200
2026-07-14T19:00:00,22.059,22.0656,22.2,22.4,In,200
2026-07-14T19:10:00,22.08,22.0628,22.2,22.4,In,200
2026-07-14T19:20:00,22.091,22.0601,22.3,22.4,In,200
2026-07-14T19:30:00,22.048,22.056,22.3,22.4,In,200
2026-07-14T19:40:00,22.048,22.0546,22.3,22.4,In,200
2026-07-14T19:50:00,22.059,22.0752,22.3,22.4,In,200
2026-07-14T20:00:00,22.069,22.0711,22.3,22.5,In,200
2026-07-14T20:10:00,22.069,22.0628,22.3,22.4,In,200
2026-07-14T20:20:00,22.037,22.0628,22.3,22.5,In,200
2026-07-14T20:30:00,22.059,22.0587,22.4,22.4,In,200
2026-07-14T20:40:00,22.037,22.0601,22.3,22.4,In,200
2026-07-14T20:50:00,22.048,22.0587,22.3,22.4,In,200
2026-07-14T21:00:00,21.984,21.9914,22.3,22.5,In,200
2026-07-14T21:10:00,21.973,22.0148,22.3,22.4,In,200
2026-07-14T21:20:00,22.005,22.0148,22.3,22.4,In,200
2026-07-14T21:30:00,21.994,21.9832,22.3,22.4,In,200
2026-07-14T21:40:00,21.994,21.9832,22.3,22.4,In,200
2026-07-14T21:50:00,21.973,21.9722,22.3,22.5,In,200
2026-07-14T22:00:00,21.962,21.9667,22.3,22.4,In,200
2026-07-14T22:10:00,21.973,21.9708,22.2,22.4,In,200
2026-07-14T22:20:00,21.984,21.9846,22.2,22.4,In,200
2026-07-14T22:30:00,21.984,22.0162,22.2,22.4,In,200
2026-07-14T22:40:00,22.059,22.067,22.3,22.4,In,200
2026-07-14T22:50:00,22.069,22.0656,22.3,22.4,In,200
2026-07-14T23:00:00,22.059,22.0656,22.3,22.4,In,200
2026-07-14T23:10:00,22.048,22.0683,22.3,22.5,In,200
2026-07-14T23:20:00,22.08,22.0683,22.3,22.5,In,200
2026-07-14T23:30:00,22.102,22.1082,22.3,22.5,In,200
2026-07-14T23:40:00,22.263,22.2826,22.4,22.5,In,200
2026-07-14T23:50:00,22.359,22.3678,22.3,22.4,In,200
2026-07-15T00:00:00,22.37,22.3939,22.3,22.5,In,200
2026-07-15T00:10:00,22.273,22.3087,22.4,22.6,In,200
2026-07-15T00:20:00,22.209,22.2359,22.6,22.6,In,200
2026-07-15T00:30:00,22.187,22.1892,22.5,22.7,In,200
2026-07-15T00:40:00,22.187,22.1837,22.6,22.8,In,200
2026-07-15T00:50:00,22.198,22.1823,22.5,22.6,In,200
2026-07-15T01:00:00,22.187,22.207,22.5,22.6,In,200
2026-07-15T01:10:00,22.187,22.2167,22.4,22.5,In,200
2026-07-15T01:20:00,22.252,22.2744,22.4,22.5,In,200
2026-07-15T01:30:00,22.423,22.4338,22.4,22.6,In,200
2026-07-15T01:40:00,22.477,22.5754,22.5,22.7,In,200
2026-07-15T01:50:00,22.595,22.6497,22.5,22.6,In,200
2026-07-15T02:00:00,22.552,22.5837,22.7,22.8,In,200
2026-07-15T02:10:00,22.488,22.4819,22.7,22.9,In,200
2026-07-15T02:20:00,22.466,22.4654,22.9,23,In,200
2026-07-15T02:30:00,22.37,22.4256,22.9,23.1,In,200
2026-07-15T02:40:00,22.37,22.4063,22.8,22.9,In,200
2026-07-15T02:50:00,22.359,22.3871,22.7,22.9,In,200
2026-07-15T03:00:00,22.284,22.2771,22.7,22.8,In,200
2026-07-15T03:10:00,22.23,22.2222,22.7,22.8,In,200
2026-07-15T03:20:00,22.166,22.1741,22.7,22.8,In,200
2026-07-15T03:30:00,22.145,22.1576,22.6,22.8,In,200
2026-07-15T03:40:00,22.145,22.1576,22.5,22.7,In,200
2026-07-15T03:50:00,22.123,22.1425,22.5,22.6,In,200
2026-07-15T04:00:00,22.134,22.1384,22.4,22.6,In,200
2026-07-15T04:10:00,22.145,22.137,22.4,22.6,In,200
2026-07-15T04:20:00,22.155,22.1576,22.4,22.6,In,200
2026-07-15T04:30:00,22.166,22.1919,22.4,22.5,In,200
2026-07-15T04:40:00,22.155,22.1768,22.4,22.6,In,200
2026-07-15T04:50:00,22.123,22.1603,22.4,22.5,In,200
2026-07-15T05:00:00,22.145,22.1658,22.4,22.6,In,200
2026-07-15T05:10:00,22.177,22.1727,22.5,22.6,In,200
2026-07-15T05:20:00,22.145,22.17,22.4,22.6,In,200
2026-07-15T05:30:00,22.166,22.1576,22.4,22.6,In,200
2026-07-15T05:40:00,22.155,22.1439,22.5,22.5,In,200
2026-07-15T05:50:00,22.08,22.0972,22.4,22.6,In,200
2026-07-15T06:00:00,22.069,22.0903,22.4,22.5,In,200
2026-07-15T06:10:00,22.069,22.0972,22.4,22.5,In,200
2026-07-15T06:20:00,22.091,22.1164,22.4,22.5,In,200
2026-07-15T06:30:00,22.091,22.126,22.4,22.5,In,200
2026-07-15T06:40:00,22.134,22.137,22.4,22.5,In,200
2026-07-15T06:50:00,22.155,22.159,22.4,22.5,In,200
2026-07-15T07:00:00,22.166,22.1631,22.3,22.5,In,200
2026-07-15T07:10:00,22.037,22.0436,22.4,22.5,In,200
2026-07-15T07:20:00,22.016,22.0093,22.4,22.5,In,200
2026-07-15T07:30:00,21.994,21.9914,22.4,22.5,In,200
2026-07-15T07:40:00,22.016,22.0107,22.4,22.6,In,200
2026-07-15T07:50:00,22.069,22.0546,22.2,22.4,In,200
2026-07-15T08:00:00,22.069,22.0532,22.2,22.4,In,200
2026-07-15T08:10:00,22.069,22.0601,22.2,22.4,In,200
2026-07-15T08:20:00,22.048,22.045,22.3,22.4,In,200
2026-07-15T08:30:00,22.037,22.0326,22.3,22.4,In,200
2026-07-15T08:40:00,22.016,22.0216,22.3,22.4,In,200
2026-07-15T08:50:00,22.037,22.0189,22.3,22.4,In,200
2026-07-15T09:00:00,22.027,22.0244,22.3,22.4,In,200
2026-07-15T09:10:00,22.037,22.045,22.3,22.4,In,200
2026-07-15T09:20:00,22.069,22.0697,22.2,22.3,In,200
2026-07-15T09:30:00,22.037,22.0711,22.3,22.4,In,200
2026-07-15T09:40:00,22.016,22.0093,22.2,22.4,In,200
2026-07-15T09:50:00,21.994,21.9928,22.3,22.4,In,200
2026-07-15T10:00:00,21.994,21.9928,22.4,22.4,In,200
2026-07-15T10:10:00,22.016,22.0024,22.3,22.4,In,200
2026-07-15T10:20:00,21.994,22.0079,22.3,22.4,In,200
2026-07-15T10:30:00,22.027,22.0175,22.2,22.4,In,200
2026-07-15T10:40:00,22.027,22.0134,22.2,22.4,In,200
2026-07-15T10:50:00,22.037,22.0326,22.2,22.4,In,200
2026-07-15T11:00:00,22.027,22.0271,22.3,22.4,In,200
2026-07-15T11:10:00,22.048,22.0299,22.4,22.4,In,200
2026-07-15T11:20:00,22.069,22.0587,22.3,22.5,In,200
2026-07-15T11:30:00,22.091,22.0793,22.3,22.5,In,200
2026-07-15T11:40:00,22.08,22.1013,22.2,22.4,In,200
2026-07-15T11:50:00,22.112,22.115,22.3,22.4,In,200
2026-07-15T12:00:00,22.241,22.2551,22.3,22.4,In,200
2026-07-15T12:10:00,22.263,22.284,22.3,22.5,In,200
2026-07-15T12:20:00,22.23,22.2469,22.4,22.6,In,200
2026-07-15T12:30:00,22.284,22.2771,22.5,22.6,In,200
2026-07-15T12:40:00,22.338,22.3115,22.5,22.6,In,200
2026-07-15T12:50:00,22.295,22.3019,22.6,22.7,In,200
2026-07-15T13:00:00,22.263,22.284,22.5,22.6,In,200
2026-07-15T13:10:00,22.273,22.2689,22.6,22.7,In,200
2026-07-15T13:20:00,22.22,22.2386,22.6,22.6,In,200
2026-07-15T13:30:00,22.209,22.2112,22.5,22.6,In,200
2026-07-15T13:40:00,22.316,22.317,22.6,22.7,In,200
2026-07-15T13:50:00,22.509,22.5218,22.5,22.6,In,200
2026-07-15T14:00:00,22.541,22.5741,22.4,22.6,In,200
2026-07-15T14:10:00,22.541,22.5644,22.4,22.7,In,200
2026-07-15T14:20:00,22.316,22.4256,22.7,22.9,In,200
2026-07-15T14:30:00,22.177,22.2235,22.8,22.9,In,200
2026-07-15T14:40:00,22.155,22.1507,22.8,23,In,200
2026-07-15T14:50:00,22.145,22.1507,22.8,22.9,In,200
2026-07-15T15:00:00,22.166,22.1947,22.6,22.9,In,200
2026-07-15T15:10:00,22.187,22.2799,22.5,22.6,In,200
2026-07-15T15:20:00,22.305,22.3664,22.4,22.5,In,200
2026-07-15T15:30:00,22.241,22.3142,22.4,22.5,In,200
2026-07-15T15:40:00,22.209,22.317,22.5,22.8,In,200
2026-07-15T15:50:00,22.134,22.2043,22.6,22.8,In,200
2026-07-15T16:00:00,22.091,22.1562,22.6,22.7,In,200
2026-07-15T16:10:00,22.177,22.218,22.6,22.7,In,200
2026-07-15T16:20:00,22.177,22.2331,22.5,22.7,In,200
2026-07-15T16:30:00,22.145,22.1562,22.5,22.6,In,200
2026-07-15T16:40:00,22.145,22.1672,22.4,22.6,In,200
2026-07-15T16:50:00,22.102,22.1342,22.5,22.6,In,200
2026-07-15T17:00:00,22.037,22.067,22.5,22.6,In,200
2026-07-15T17:10:00,22.016,22.0381,22.4,22.6,In,200
2026-07-15T17:20:00,22.069,22.1301,22.3,22.5,In,200
2026-07-15T17:30:00,22.166,22.2029,22.4,22.6,In,200
2026-07-15T17:40:00,22.145,22.1576,22.4,22.5,In,200
2026-07-15T17:50:00,22.145,22.1809,22.3,22.6,In,200
2026-07-15T18:00:00,22.187,22.2016,22.4,22.6,In,200
2026-07-15T18:10:00,22.166,22.1631,22.4,22.6,In,200
2026-07-15T18:20:00,22.048,22.093,22.3,22.5,In,200
2026-07-15T18:30:00,22.048,22.0546,22.4,22.6,In,200
2026-07-15T18:40:00,22.037,22.0464,22.5,22.5,In,200
2026-07-15T18:50:00,22.027,22.0395,22.4,22.5,In,200
2026-07-15T19:00:00,22.037,22.0409,22.3,22.5,In,200
2026-07-15T19:10:00,22.102,22.0917,22.4,22.5,In,200
2026-07-15T19:20:00,22.123,22.1095,22.3,22.4,In,200
2026-07-15T19:30:00,22.016,22.056,22.3,22.4,In,200
2026-07-15T19:40:00,22.048,22.045,22.3,22.5,In,200
2026-07-15T19:50:00,22.037,22.0587,22.4,22.5,In,200
2026-07-15T20:00:00,22.048,22.0628,22.3,22.5,In,200
2026-07-15T20:10:00,22.08,22.1068,22.2,22.5,In,200
2026-07-15T20:20:00,22.134,22.1246,22.3,22.5,In,200
2026-07-15T20:30:00,22.112,22.1233,22.3,22.5,In,200
2026-07-15T20:40:00,22.123,22.1164,22.3,22.5,In,200
2026-07-15T20:50:00,22.134,22.1123,22.4,22.5,In,200
2026-07-15T21:00:00,22.112,22.1136,22.3,22.6,In,200
2026-07-15T21:10:00,22.08,22.0766,22.4,22.5,In,200
2026-07-15T21:20:00,22.059,22.0642,22.4,22.5,In,200
2026-07-15T21:30:00,22.016,22.0697,22.4,22.5,In,200
2026-07-15T21:40:00,22.027,22.0834,22.4,22.5,In,200
2026-07-15T21:50:00,22.08,22.0738,22.3,22.4,In,200
2026-07-15T22:00:00,22.048,22.0367,22.3,22.5,In,200
2026-07-15T22:10:00,22.037,22.0409,22.3,22.5,In,200
2026-07-15T22:20:00,22.069,22.0944,22.3,22.5,In,200
2026-07-15T22:30:00,22.091,22.0862,22.3,22.5,In,200
2026-07-15T22:40:00,22.091,22.0834,22.3,22.4,In,200
2026-07-15T22:50:00,22.091,22.0917,22.3,22.4,In,200
2026-07-15T23:00:00,22.059,22.0683,22.4,22.6,In,200
2026-07-15T23:10:00,22.091,22.0683,22.3,22.4,In,200
2026-07-15T23:20:00,22.102,22.0779,22.3,22.5,In,200
2026-07-15T23:30:00,22.08,22.0876,22.4,22.5,In,200
2026-07-15T23:40:00,22.102,22.126,22.2,22.4,In,200
2026-07-15T23:50:00,22.134,22.1809,22.3,22.5,In,200
2026-07-16T00:00:00,22.177,22.1851,22.4,22.4,In,200
2026-07-16T00:10:00,22.198,22.207,22.4,22.5,In,200
2026-07-16T00:20:00,22.187,22.2428,22.4,22.6,In,200
2026-07-16T00:30:00,22.187,22.2002,22.5,22.6,In,200
2026-07-16T00:40:00,22.198,22.2029,22.5,22.6,In,200
2026-07-16T00:50:00,22.187,22.2057,22.4,22.6,In,200
2026-07-16T01:00:00,22.209,22.2167,22.5,22.6,In,200
2026-07-16T01:10:00,22.166,22.1713,22.4,22.6,In,200
2026-07-16T01:20:00,22.134,22.1439,22.4,22.6,In,200
2026-07-16T01:30:00,22.241,22.2139,22.4,22.6,In,200
2026-07-16T01:40:00,22.327,22.317,22.5,22.6,In,200
2026-07-16T01:50:00,22.37,22.3802,22.4,22.6,In,200
2026-07-16T02:00:00,22.381,22.464,22.4,22.6,In,200
2026-07-16T02:10:00,22.456,22.4833,22.5,22.6,In,200
2026-07-16T02:20:00,22.606,22.5974,22.6,22.7,In,200
2026-07-16T02:30:00,22.627,22.6387,22.7,22.9,In,200
2026-07-16T02:40:00,22.638,22.6676,22.8,22.9,In,200
2026-07-16T02:50:00,22.563,22.6497,22.8,23,In,200
2026-07-16T03:00:00,22.381,22.4283,22.8,23,In,200
2026-07-16T03:10:00,22.359,22.3857,22.9,23.1,In,200
2026-07-16T03:20:00,22.359,22.3609,22.9,23.1,In,200
2026-07-16T03:30:00,22.338,22.3513,22.9,23,In,200
2026-07-16T03:40:00,22.402,22.3871,22.7,22.8,In,200
2026-07-16T03:50:00,22.477,22.4929,22.6,22.7,In,200
2026-07-16T04:00:00,22.273,22.3788,22.6,22.7,In,200
2026-07-16T04:10:00,22.123,22.1645,22.6,22.7,In,200
2026-07-16T04:20:00,22.059,22.0793,22.6,22.7,In,200
2026-07-16T04:30:00,22.069,22.0628,22.8,22.9,In,200
2026-07-16T04:40:00,22.134,22.1109,22.6,22.8,In,200
2026-07-16T04:50:00,22.166,22.1686,22.4,22.5,In,200
2026-07-16T05:00:00,22.059,22.0711,22.3,22.5,In,200
2026-07-16T05:10:00,22.037,22.0381,22.3,22.5,In,200
2026-07-16T05:20:00,22.027,22.0367,22.4,22.6,In,200
2026-07-16T05:30:00,22.037,22.0381,22.4,22.5,In,200
2026-07-16T05:40:00,22.059,22.0752,22.3,22.4,In,200
2026-07-16T05:50:00,22.166,22.1741,22.3,22.4,In,200
2026-07-16T06:00:00,22.209,22.2483,22.3,22.4,In,200
2026-07-16T06:10:00,22.198,22.1961,22.3,22.4,In,200
2026-07-16T06:20:00,22.187,22.1961,22.3,22.6,In,200
2026-07-16T06:30:00,22.22,22.2043,22.5,22.5,In,200
2026-07-16T06:40:00,22.22,22.2125,22.5,22.6,In,200
2026-07-16T06:50:00,22.22,22.2263,22.4,22.6,In,200
2026-07-16T07:00:00,22.112,22.1658,22.5,22.5,In,200
2026-07-16T07:10:00,22.048,22.0724,22.4,22.6,In,200
2026-07-16T07:20:00,21.984,21.9914,22.4,22.6,In,200
2026-07-16T07:30:00,21.984,21.9901,22.4,22.6,In,200
2026-07-16T07:40:00,22.027,22.0354,22.4,22.6,In,200
2026-07-16T07:50:00,22.059,22.0656,22.2,22.5,In,200
2026-07-16T08:00:00,22.069,22.0807,22.2,22.4,In,200
2026-07-16T08:10:00,22.048,22.0752,22.3,22.4,In,200
2026-07-16T08:20:00,22.037,22.0573,22.3,22.4,In,200
2026-07-16T08:30:00,22.037,22.0546,22.3,22.5,In,200
2026-07-16T08:40:00,22.048,22.0313,22.3,22.5,In,200
2026-07-16T08:50:00,22.037,22.0409,22.3,22.5,In,200
2026-07-16T09:00:00,22.069,22.0779,22.3,22.4,In,200
2026-07-16T09:10:00,22.091,22.093,22.3,22.4,In,200
2026-07-16T09:20:00,22.102,22.0944,22.2,22.4,In,200
2026-07-16T09:30:00,22.069,22.0711,22.3,22.5,In,200
2026-07-16T09:40:00,22.037,22.0491,22.3,22.5,In,200
2026-07-16T09:50:00,22.069,22.0532,22.3,22.5,In,200
2026-07-16T10:00:00,22.069,22.0573,22.3,22.5,In,200
2026-07-16T10:10:00,22.091,22.0821,22.3,22.4,In,200
2026-07-16T10:20:00,22.069,22.0793,22.3,22.5,In,200
2026-07-16T10:30:00,22.08,22.0889,22.3,22.4,In,200
2026-07-16T10:40:00,22.091,22.1027,22.3,22.4,In,200
2026-07-16T10:50:00,22.102,22.093,22.3,22.5,In,200
2026-07-16T11:00:00,22.08,22.0944,22.3,22.5,In,200
2026-07-16T11:10:00,22.145,22.1315,22.4,22.5,In,200
2026-07-16T11:20:00,22.177,22.1782,22.3,22.4,In,200
2026-07-16T11:30:00,22.252,22.2373,22.4,22.5,In,200
2026-07-16T11:40:00,22.295,22.3005,22.3,22.4,In,200
2026-07-16T11:50:00,22.198,22.2812,22.4,22.6,In,200
2026-07-16T12:00:00,22.134,22.2345,22.4,22.6,In,200
2026-07-16T12:10:00,22.198,22.2538,22.5,22.7,In,200
2026-07-16T12:20:00,22.198,22.3307,22.6,22.7,In,200
2026-07-16T12:30:00,22.423,22.4228,22.6,22.7,In,200
2026-07-16T12:40:00,22.316,22.3857,22.5,22.6,In,200
2026-07-16T12:50:00,22.338,22.3692,22.6,22.8,In,200
2026-07-16T13:00:00,22.37,22.4008,22.5,22.8,In,200
2026-07-16T13:10:00,22.423,22.4118,22.6,22.8,In,200
2026-07-16T13:20:00,22.381,22.3994,22.7,22.8,In,200
2026-07-16T13:30:00,22.23,22.328,22.6,22.7,In,200
2026-07-16T13:40:00,22.338,22.3843,22.6,22.7,In,200
2026-07-16T13:50:00,22.37,22.4297,22.6,22.8,In,200
2026-07-16T14:00:00,22.37,22.4393,22.6,22.7,In,200
2026-07-16T14:10:00,22.391,22.4462,22.6,22.7,In,200
2026-07-16T14:20:00,22.402,22.4324,22.7,22.8,In,200
2026-07-16T14:30:00,22.252,22.3128,22.7,22.8,In,200
2026-07-16T14:40:00,22.145,22.1494,22.7,22.9,In,200
2026-07-16T14:50:00,22.145,22.126,22.7,22.7,In,200
2026-07-16T15:00:00,22.177,22.1755,22.6,22.9,In,200
2026-07-16T15:10:00,22.241,22.2331,22.5,22.7,In,200
2026-07-16T15:20:00,22.241,22.2771,22.4,22.5,In,200
2026-07-16T15:30:00,22.284,22.317,22.4,22.5,In,200
2026-07-16T15:40:00,22.273,22.2964,22.4,22.6,In,200
2026-07-16T15:50:00,22.209,22.2249,22.5,22.6,In,200
2026-07-16T16:00:00,22.177,22.1713,22.6,22.8,In,200
2026-07-16T16:10:00,22.123,22.137,22.5,22.6,In,200
2026-07-16T16:20:00,22.102,22.1109,22.5,22.6,In,200
2026-07-16T16:30:00,22.08,22.0656,22.5,22.6,In,200
2026-07-16T16:40:00,22.048,22.0546,22.4,22.6,In,200
2026-07-16T16:50:00,22.048,22.0573,22.4,22.5,In,200
2026-07-16T17:00:00,22.048,22.0532,22.4,22.5,In,200
2026-07-16T17:10:00,22.059,22.0491,22.3,22.4,In,200
2026-07-16T17:20:00,22.059,22.0422,22.3,22.5,In,200
2026-07-16T17:30:00,22.059,22.0477,22.3,22.5,In,200
2026-07-16T17:40:00,22.048,22.0532,22.3,22.4,In,200
2026-07-16T17:50:00,22.08,22.0848,22.3,22.4,In,200
2026-07-16T18:00:00,22.112,22.1205,22.3,22.4,In,200
2026-07-16T18:10:00,22.027,22.034,22.2,22.4,In,200
2026-07-16T18:20:00,21.952,21.9667,22.3,22.5,In,200
2026-07-16T18:30:00,21.952,21.9475,22.4,22.5,In,200
2026-07-16T18:40:00,21.93,21.9393,22.4,22.6,In,200
2026-07-16T18:50:00,21.93,21.9283,22.2,22.4,In,200
2026-07-16T19:00:00,21.93,21.9214,22.2,22.4,In,200
2026-07-16T19:10:00,21.93,21.9146,22.2,22.3,In,200
2026-07-16T19:20:00,21.909,21.9132,22.2,22.3,In,200
2026-07-16T19:30:00,21.919,21.9214,22.2,22.3,In,200
2026-07-16T19:40:00,21.962,21.9461,22.2,22.3,In,200
2026-07-16T19:50:00,21.962,21.9805,22.2,22.3,In,200
2026-07-16T20:00:00,22.005,22.023,22.2,22.3,In,200
2026-07-16T20:10:00,22.069,22.0807,22.1,22.2,In,200
2026-07-16T20:20:00,22.08,22.1205,22.2,22.3,In,200
2026-07-16T20:30:00,22.059,22.115,22.2,22.4,In,200
2026-07-16T20:40:00,22.059,22.0944,22.3,22.5,In,200
2026-07-16T20:50:00,22.048,22.0917,22.3,22.5,In,200
2026-07-16T21:00:00,22.069,22.0807,22.4,22.5,In,200
2026-07-16T21:10:00,22.08,22.0999,22.4,22.5,In,200
2026-07-16T21:20:00,22.102,22.1123,22.4,22.5,In,200
2026-07-16T21:30:00,22.069,22.0985,22.3,22.5,In,200
2026-07-16T21:40:00,21.984,21.9887,22.3,22.5,In,200
2026-07-16T21:50:00,21.973,21.9942,22.4,22.5,In,200
2026-07-16T22:00:00,21.962,21.9695,22.4,22.6,In,200
2026-07-16T22:10:00,21.994,21.9791,22.3,22.4,In,200
2026-07-16T22:20:00,21.994,22.0093,22.2,22.4,In,200
2026-07-16T22:30:00,22.005,22.0065,22.2,22.3,In,200
2026-07-16T22:40:00,21.973,21.9859,22.2,22.4,In,200
2026-07-16T22:50:00,21.994,21.9832,22.2,22.3,In,200
2026-07-16T23:00:00,21.994,21.9887,22.2,22.4,In,200
2026-07-16T23:10:00,22.005,21.9914,22.2,22.3,In,200
2026-07-16T23:20:00,21.994,21.9956,22.2,22.4,In,200
2026-07-16T23:30:00,22.005,21.9969,22.2,22.3,In,200
2026-07-16T23:40:00,21.973,21.9901,22.2,22.4,In,200
2026-07-16T23:50:00,21.984,21.9942,22.3,22.3,In,200
2026-07-17T00:00:00,21.994,21.9969,22.2,22.4,In,200
2026-07-17T00:10:00,22.016,22.0038,22.2,22.4,In,200
2026-07-17T00:20:00,22.037,22.0093,22.3,22.3,In,200
2026-07-17T00:30:00,22.016,22.0162,22.2,22.4,In,200
2026-07-17T00:40:00,22.016,22.0258,22.3,22.4,In,200
2026-07-17T00:50:00,22.037,22.0162,22.3,22.4,In,200
2026-07-17T01:00:00,22.005,22.0093,22.3,22.4,In,200
2026-07-17T01:10:00,22.027,22.0271,22.3,22.4,In,200
2026-07-17T01:20:00,22.187,22.1466,22.2,22.4,In,200
2026-07-17T01:30:00,22.381,22.3637,22.2,22.5,In,200
2026-07-17T01:40:00,22.445,22.475,22.2,22.5,In,200
2026-07-17T01:50:00,22.145,22.2455,22.3,22.5,In,200
2026-07-17T02:00:00,22.112,22.1219,22.5,22.7,In,200
2026-07-17T02:10:00,22.112,22.0903,22.7,22.8,In,200
2026-07-17T02:20:00,22.209,22.1892,22.7,22.8,In,200
2026-07-17T02:30:00,22.198,22.1988,22.5,22.7,In,200
2026-07-17T02:40:00,22.134,22.1645,22.4,22.5,In,200
2026-07-17T02:50:00,22.198,22.2057,22.3,22.5,In,200
2026-07-17T03:00:00,22.498,22.4792,22.4,22.6,In,200
2026-07-17T03:10:00,22.799,22.7708,22.4,22.6,In,200
2026-07-17T03:20:00,23.035,23.049,22.4,22.6,In,200
2026-07-17T03:30:00,22.692,22.8741,22.5,22.7,In,200
2026-07-17T03:40:00,22.402,22.4544,22.8,23,In,200
2026-07-17T03:50:00,22.445,22.4613,23.2,23.3,In,200
2026-07-17T04:00:00,22.541,22.5521,23.3,23.5,In,200
2026-07-17T04:10:00,22.552,22.5521,22.9,23.1,In,200
2026-07-17T04:20:00,22.273,22.3225,22.7,22.9,In,200
2026-07-17T04:30:00,22.23,22.2318,22.7,22.9,In,200
2026-07-17T04:40:00,22.209,22.2125,22.8,23,In,200
2026-07-17T04:50:00,22.22,22.2263,22.8,22.9,In,200
2026-07-17T05:00:00,22.22,22.2249,22.5,22.7,In,200
2026-07-17T05:10:00,22.155,22.1782,22.5,22.5,In,200
2026-07-17T05:20:00,22.134,22.1425,22.5,22.6,In,200
2026-07-17T05:30:00,22.134,22.1452,22.5,22.6,In,200
2026-07-17T05:40:00,22.187,22.1974,22.4,22.6,In,200
2026-07-17T05:50:00,22.166,22.1837,22.4,22.6,In,200
2026-07-17T06:00:00,22.048,22.0477,22.4,22.5,In,200
2026-07-17T06:10:00,22.027,22.023,22.4,22.5,In,200
2026-07-17T06:20:00,22.027,22.0093,22.5,22.6,In,200
2026-07-17T06:30:00,21.994,21.9983,22.4,22.5,In,200
2026-07-17T06:40:00,21.962,21.9736,22.3,22.4,In,200
2026-07-17T06:50:00,21.962,21.9763,22.2,22.4,In,200
2026-07-17T07:00:00,21.994,22.001,22.2,22.4,In,200
2026-07-17T07:10:00,22.005,22.1123,22.2,22.3,In,200
2026-07-17T07:20:00,22.005,22.0862,22.2,22.3,In,200
2026-07-17T07:30:00,22.005,22.1013,22.2,22.4,In,200
2026-07-17T07:40:00,22.048,22.0807,22.3,22.5,In,200
2026-07-17T07:50:00,22.037,22.0422,22.4,22.6,In,200
2026-07-17T08:00:00,22.016,22.0422,22.4,22.6,In,200
2026-07-17T08:10:00,21.994,22.0573,22.4,22.6,In,200
2026-07-17T08:20:00,21.962,22.0189,22.3,22.5,In,200
2026-07-17T08:30:00,22.005,22.0258,22.3,22.4,In,200
2026-07-17T08:40:00,22.005,22.0134,22.2,22.5,In,200
2026-07-17T08:50:00,21.984,21.9873,22.3,22.6,In,200
2026-07-17T09:00:00,21.952,21.9818,22.3,22.5,In,200
2026-07-17T09:10:00,21.994,21.9887,22.3,22.4,In,200
2026-07-17T09:20:00,21.984,21.9887,22.2,22.4,In,200
2026-07-17T09:30:00,21.962,21.9681,22.3,22.4,In,200
2026-07-17T09:40:00,22.016,21.9887,22.2,22.4,In,200
2026-07-17T09:50:00,22.037,22.0326,22.2,22.3,In,200
2026-07-17T10:00:00,22.166,22.1837,22.2,22.4,In,200
2026-07-17T10:10:00,22.22,22.2441,22.2,22.3,In,200
2026-07-17T10:20:00,22.23,22.2922,22.3,22.4,In,200
2026-07-17T10:30:00,22.177,22.2125,22.4,22.5,In,200
2026-07-17T10:40:00,22.059,22.0903,22.5,22.6,In,200
2026-07-17T10:50:00,22.027,22.034,22.5,22.6,In,200
2026-07-17T11:00:00,22.134,22.1054,22.5,22.7,In,200
2026-07-17T11:10:00,22.155,22.1439,22.4,22.6,In,200
2026-07-17T11:20:00,22.177,22.1974,22.3,22.4,In,200
2026-07-17T11:30:00,22.198,22.2002,22.3,22.4,In,200
2026-07-17T11:40:00,22.123,22.1301,22.3,22.5,In,200
2026-07-17T11:50:00,22.091,22.0985,22.4,22.5,In,200
2026-07-17T12:00:00,22.241,22.2318,22.5,22.6,In,200
2026-07-17T12:10:00,22.456,22.4228,22.4,22.6,In,200
2026-07-17T12:20:00,22.498,22.5177,22.3,22.6,In,200
2026-07-17T12:30:00,22.284,22.4833,22.4,22.6,In,200
2026-07-17T12:40:00,22.402,22.4888,22.6,22.7,In,200
2026-07-17T12:50:00,22.423,22.4544,22.8,22.9,In,200
2026-07-17T13:00:00,22.466,22.4599,22.8,23,In,200
2026-07-17T13:10:00,22.456,22.4654,22.7,23,In,200
2026-07-17T13:20:00,22.241,22.3321,22.8,22.9,In,200
2026-07-17T13:30:00,22.305,22.3609,22.7,22.8,In,200
2026-07-17T13:40:00,22.391,22.4104,22.7,22.8,In,200
2026-07-17T13:50:00,22.477,22.4847,22.7,22.8,In,200
2026-07-17T14:00:00,22.606,22.7075,22.7,22.7,In,200
2026-07-17T14:10:00,22.616,22.6938,22.6,22.8,In,200
2026-07-17T14:20:00,22.659,22.6924,22.7,22.9,In,200
2026-07-17T14:30:00,22.681,22.6979,22.9,23,In,200
2026-07-17T14:40:00,22.713,22.7075,23,23.1,In,200
2026-07-17T14:50:00,22.359,22.4984,23,23,In,200
2026-07-17T15:00:00,22.23,22.2634,22.9,23.1,In,200
2026-07-17T15:10:00,22.273,22.2977,22.9,23.1,In,200
2026-07-17T15:20:00,22.209,22.2345,22.9,23,In,200
2026-07-17T15:30:00,22.22,22.3857,22.7,22.9,In,200
2026-07-17T15:40:00,22.123,22.1617,22.5,22.8,In,200
2026-07-17T15:50:00,22.177,22.2194,22.6,22.7,In,200
2026-07-17T16:00:00,22.359,22.3609,22.6,22.8,In,200
2026-07-17T16:10:00,22.252,22.3362,22.6,22.8,In,200
2026-07-17T16:20:00,22.241,22.2757,22.4,22.5,In,200
2026-07-17T16:30:00,22.263,22.2771,22.5,22.7,In,200
2026-07-17T16:40:00,22.263,22.2689,22.6,22.8,In,200
2026-07-17T16:50:00,22.112,22.1727,22.5,22.7,In,200
2026-07-17T17:00:00,22.059,22.0793,22.6,22.7,In,200
2026-07-17T17:10:00,22.037,22.0409,22.5,22.6,In,200
2026-07-17T17:20:00,22.027,22.0436,22.5,22.6,In,200
2026-07-17T17:30:00,22.037,22.0409,22.4,22.5,In,200
2026-07-17T17:40:00,22.048,22.0477,22.3,22.5,In,200
2026-07-17T17:50:00,22.059,22.0628,22.3,22.4,In,200
2026-07-17T18:00:00,22.037,22.0464,22.3,22.5,In,200
2026-07-17T18:10:00,22.016,22.0175,22.2,22.4,In,200
2026-07-17T18:20:00,21.973,21.9777,22.3,22.4,In,200
2026-07-17T18:30:00,21.973,21.9544,22.3,22.4,In,200
2026-07-17T18:40:00,21.962,21.9461,22.3,22.4,In,200
2026-07-17T18:50:00,21.93,21.9475,22.3,22.4,In,200
2026-07-17T19:00:00,21.93,21.9516,22.2,22.3,In,200
2026-07-17T19:10:00,21.952,21.9612,22.2,22.3,In,200
2026-07-17T19:20:00,21.973,21.964,22.2,22.3,In,200
2026-07-17T19:30:00,21.952,21.9695,22.2,22.3,In,200
2026-07-17T19:40:00,21.962,21.9695,22.2,22.3,In,200
2026-07-17T19:50:00,21.962,21.9654,22.2,22.3,In,200
2026-07-17T20:00:00,21.962,21.975,22.2,22.3,In,200
2026-07-17T20:10:00,21.994,21.9791,22.2,22.3,In,200
2026-07-17T20:20:00,21.994,22.0052,22.2,22.4,In,200
2026-07-17T20:30:00,21.984,21.9969,22.2,22.3,In,200
2026-07-17T20:40:00,21.994,21.9983,22.2,22.3,In,200
2026-07-17T20:50:00,21.973,21.9859,22.2,22.4,In,200
2026-07-17T21:00:00,21.973,22.001,22.3,22.4,In,200
2026-07-17T21:10:00,21.994,22.012,22.2,22.3,In,200
2026-07-17T21:20:00,22.027,22.045,22.3,22.4,In,200
2026-07-17T21:30:00,22.102,22.0876,22.2,22.4,In,200
2026-07-17T21:40:00,22.102,22.1164,22.3,22.4,In,200
2026-07-17T21:50:00,22.069,22.0862,22.3,22.4,In,200
2026-07-17T22:00:00,22.005,22.0216,22.3,22.4,In,200
2026-07-17T22:10:00,21.876,21.883,22.4,22.5,In,200
2026-07-17T22:20:00,21.876,21.8803,22.3,22.5,In,200
2026-07-17T22:30:00,21.876,21.8844,22.3,22.4,In,200
2026-07-17T22:40:00,21.952,21.953,22.3,22.3,In,200
2026-07-17T22:50:00,22.005,22.0271,22.1,22.2,In,200
2026-07-17T23:00:00,22.059,22.0917,22.2,22.3,In,200
2026-07-17T23:10:00,22.102,22.1013,22.2,22.3,In,200
2026-07-17T23:20:00,22.134,22.1741,22.3,22.4,In,200
2026-07-17T23:30:00,22.263,22.3431,22.3,22.4,In,200
2026-07-17T23:40:00,22.37,22.4104,22.4,22.5,In,200
2026-07-17T23:50:00,22.477,22.4915,22.4,22.6,In,200
2026-07-18T00:00:00,22.584,22.5988,22.5,22.9,In,200
2026-07-18T00:10:00,22.584,22.5754,22.7,23,In,200
2026-07-18T00:20:00,22.198,22.3609,22.8,23,In,200
2026-07-18T00:30:00,22.177,22.1892,22.9,23,In,200
2026-07-18T00:40:00,22.252,22.2524,22.9,22.9,In,200
2026-07-18T00:50:00,22.445,22.4311,22.8,22.9,In,200
2026-07-18T01:00:00,22.466,22.5053,22.6,22.8,In,200
2026-07-18T01:10:00,22.456,22.5232,22.4,22.6,In,200
2026-07-18T01:20:00,22.552,22.5809,22.6,22.7,In,200
2026-07-18T01:30:00,22.692,22.6855,22.7,22.9,In,200
2026-07-18T01:40:00,22.842,22.8686,22.8,22.9,In,200
2026-07-18T01:50:00,22.616,22.7075,22.8,22.9,In,200
2026-07-18T02:00:00,22.638,22.6318,22.8,23,In,200
2026-07-18T02:10:00,22.638,22.6373,23,23.1,In,200
2026-07-18T02:20:00,22.574,22.5988,23.2,23.3,In,200
2026-07-18T02:30:00,22.627,22.6291,22.8,23,In,200
2026-07-18T02:40:00,22.67,22.6649,22.9,23,In,200
2026-07-18T02:50:00,22.734,22.7378,22.8,23,In,200
2026-07-18T03:00:00,22.81,22.7708,22.9,23,In,200
2026-07-18T03:10:00,22.82,22.8135,22.9,23.1,In,200
2026-07-18T03:20:00,22.606,22.6649,23,23.1,In,200
2026-07-18T03:30:00,22.177,22.2414,23,23.1,In,200
2026-07-18T03:40:00,22.177,22.1823,23,23.1,In,200
2026-07-18T03:50:00,22.263,22.2771,23,23.2,In,200
2026-07-18T04:00:00,22.187,22.1933,22.9,23,In,200
2026-07-18T04:10:00,22.166,22.1864,22.4,22.5,In,200
2026-07-18T04:20:00,22.177,22.1741,22.4,22.6,In,200
2026-07-18T04:30:00,22.005,22.0738,22.5,22.6,In,200
2026-07-18T04:40:00,22.037,22.0367,22.4,22.6,In,200
2026-07-18T04:50:00,22.037,22.0258,22.5,22.6,In,200
2026-07-18T05:00:00,22.037,22.0367,22.4,22.5,In,200
2026-07-18T05:10:00,22.037,22.0683,22.3,22.5,In,200
2026-07-18T05:20:00,22.08,22.0889,22.3,22.4,In,200
2026-07-18T05:30:00,22.295,22.2606,22.2,22.4,In,200
2026-07-18T05:40:00,22.23,22.2812,22.3,22.5,In,200
2026-07-18T05:50:00,22.059,22.1205,22.3,22.4,In,200
2026-07-18T06:00:00,22.123,22.2881,22.4,22.7,In,200
2026-07-18T06:10:00,22.241,22.2551,22.7,22.7,In,200
2026-07-18T06:20:00,22.187,22.2304,22.6,22.7,In,200
2026-07-18T06:30:00,21.994,22.0601,22.5,22.7,In,200
2026-07-18T06:40:00,21.962,21.9612,22.5,22.7,In,200
2026-07-18T06:50:00,21.919,21.9283,22.5,22.7,In,200
2026-07-18T07:00:00,21.876,21.8967,22.4,22.5,In,200
2026-07-18T07:10:00,21.866,21.8789,22.3,22.4,In,200
2026-07-18T07:20:00,21.876,21.9201,22.2,22.3,In,200
2026-07-18T07:30:00,21.994,22.0065,22.2,22.3,In,200
2026-07-18T07:40:00,22.069,22.0848,22.1,22.2,In,200
2026-07-18T07:50:00,22.166,22.1521,22.1,22.3,In,200
2026-07-18T08:00:00,22.069,22.1136,22.2,22.5,In,200
2026-07-18T08:10:00,22.069,22.0628,22.2,22.4,In,200
2026-07-18T08:20:00,22.027,22.0271,22.4,22.5,In,200
2026-07-18T08:30:00,22.037,22.0422,22.4,22.5,In,200
2026-07-18T08:40:00,21.984,21.9956,22.3,22.5,In,200
2026-07-18T08:50:00,21.973,21.9818,22.3,22.4,In,200
2026-07-18T09:00:00,21.941,21.9626,22.3,22.4,In,200
2026-07-18T09:10:00,21.962,21.9544,22.2,22.4,In,200
2026-07-18T09:20:00,21.93,21.9365,22.3,22.4,In,200
2026-07-18T09:30:00,21.952,21.931,22.2,22.3,In,200
2026-07-18T09:40:00,21.93,21.9379,22.2,22.4,In,200
2026-07-18T09:50:00,21.941,21.9544,22.2,22.4,In,200
2026-07-18T10:00:00,21.962,21.9612,22.1,22.3,In,200
2026-07-18T10:10:00,21.941,21.9599,22.2,22.3,In,200
2026-07-18T10:20:00,21.876,21.9036,22.2,22.3,In,200
2026-07-18T10:30:00,21.887,21.9036,22.2,22.3,In,200
2026-07-18T10:40:00,21.909,21.9379,22.2,22.3,In,200
2026-07-18T10:50:00,21.962,21.9654,22.2,22.3,In,200
2026-07-18T11:00:00,22.027,22.0313,22.2,22.3,In,200
2026-07-18T11:10:00,22.048,22.067,22.2,22.3,In,200
2026-07-18T11:20:00,22.123,22.1617,22.2,22.3,In,200
2026-07-18T11:30:00,22.177,22.2043,22.2,22.4,In,200
2026-07-18T11:40:00,22.166,22.2318,22.3,22.4,In,200
2026-07-18T11:50:00,22.241,22.2689,22.4,22.6,In,200
2026-07-18T12:00:00,22.263,22.2785,22.4,22.6,In,200
2026-07-18T12:10:00,22.209,22.2318,22.5,22.6,In,200
2026-07-18T12:20:00,22.22,22.2359,22.5,22.6,In,200
2026-07-18T12:30:00,22.209,22.2167,22.5,22.7,In,200
2026-07-18T12:40:00,22.177,22.1755,22.5,22.6,In,200
2026-07-18T12:50:00,22.134,22.1329,22.5,22.6,In,200
2026-07-18T13:00:00,22.112,22.1109,22.5,22.6,In,200
2026-07-18T13:10:00,22.091,22.0944,22.4,22.6,In,200
2026-07-18T13:20:00,22.252,22.2812,22.4,22.5,In,200
2026-07-18T13:30:00,22.638,22.6525,22.4,22.5,In,200
2026-07-18T13:40:00,22.713,22.7571,22.3,22.5,In,200
2026-07-18T13:50:00,22.627,22.7571,22.3,22.5,In,200
2026-07-18T14:00:00,22.681,22.735,22.7,23,In,200
2026-07-18T14:10:00,22.67,22.7103,22.9,23.1,In,200
2026-07-18T14:20:00,22.584,22.6043,23.1,23.2,In,200
2026-07-18T14:30:00,22.531,22.5204,23.1,23.2,In,200
2026-07-18T14:40:00,22.498,22.5245,23,23.1,In,200
2026-07-18T14:50:00,22.477,22.4998,23,23.1,In,200
2026-07-18T15:00:00,22.273,22.3568,22.8,22.9,In,200
2026-07-18T15:10:00,22.273,22.3183,22.8,22.9,In,200
2026-07-18T15:20:00,22.198,22.2043,22.7,22.9,In,200
2026-07-18T15:30:00,22.112,22.1342,22.7,22.9,In,200
2026-07-18T15:40:00,22.102,22.0999,22.6,22.8,In,200
2026-07-18T15:50:00,22.08,22.0848,22.6,22.8,In,200
2026-07-18T16:00:00,22.091,22.0615,22.4,22.6,In,200
2026-07-18T16:10:00,22.069,22.056,22.3,22.5,In,200
2026-07-18T16:20:00,22.037,22.0354,22.3,22.5,In,200
2026-07-18T16:30:00,21.984,21.9859,22.3,22.5,In,200
2026-07-18T16:40:00,21.962,21.9599,22.3,22.4,In,200
2026-07-18T16:50:00,21.941,21.9406,22.3,22.4,In,200
2026-07-18T17:00:00,21.973,21.9612,22.3,22.4,In,200
2026-07-18T17:10:00,21.962,21.9667,22.2,22.3,In,200
2026-07-18T17:20:00,21.973,21.9722,22.2,22.4,In,200
2026-07-18T17:30:00,21.962,21.9736,22.2,22.3,In,200
2026-07-18T17:40:00,21.984,21.9969,22.2,22.4,In,200
2026-07-18T17:50:00,22.016,22.0162,22.2,22.4,In,200
2026-07-18T18:00:00,21.984,22.0134,22.2,22.3,In,200
2026-07-18T18:10:00,21.962,21.9763,22.3,22.4,In,200
2026-07-18T18:20:00,21.962,21.9626,22.3,22.4,In,200
2026-07-18T18:30:00,21.973,21.9599,22.4,22.4,In,200
2026-07-18T18:40:00,21.941,21.9585,22.3,22.4,In,200
2026-07-18T18:50:00,21.962,21.9544,22.2,22.5,In,200
2026-07-18T19:00:00,21.941,21.953,22.2,22.3,In,200
2026-07-18T19:10:00,21.962,21.953,22.2,22.3,In,200
2026-07-18T19:20:00,21.952,21.953,22.2,22.4,In,200
2026-07-18T19:30:00,21.952,21.953,22.2,22.3,In,200
2026-07-18T19:40:00,21.952,21.9544,22.1,22.3,In,200
2026-07-18T19:50:00,21.984,21.953,22.2,22.3,In,200
2026-07-18T20:00:00,21.941,21.9544,22.2,22.3,In,200
2026-07-18T20:10:00,21.952,21.9544,22.2,22.3,In,200
2026-07-18T20:20:00,22.037,22.0107,22.2,22.4,In,200
2026-07-18T20:30:00,22.037,22.0601,22.2,22.4,In,200
2026-07-18T20:40:00,22.08,22.0766,22.2,22.4,In,200
2026-07-18T20:50:00,21.962,21.9942,22.2,22.4,In,200
2026-07-18T21:00:00,21.941,21.9461,22.3,22.5,In,200
2026-07-18T21:10:00,21.962,21.9461,22.3,22.4,In,200
2026-07-18T21:20:00,21.962,21.9763,22.3,22.4,In,200
2026-07-18T21:30:00,21.994,21.9997,22.2,22.4,In,200
2026-07-18T21:40:00,21.994,22.0079,22.1,22.4,In,200
2026-07-18T21:50:00,21.994,22.001,22.1,22.4,In,200
2026-07-18T22:00:00,22.005,21.9777,22.2,22.4,In,200
2026-07-18T22:10:00,21.919,21.9255,22.2,22.4,In,200
2026-07-18T22:20:00,21.898,21.8967,22.2,22.4,In,200
2026-07-18T22:30:00,21.909,21.894,22.2,22.4,In,200
2026-07-18T22:40:00,21.919,21.9091,22.2,22.3,In,200
2026-07-18T22:50:00,21.919,21.9187,22.2,22.4,In,200
2026-07-18T23:00:00,21.919,21.9242,22.2,22.3,In,200
2026-07-18T23:10:00,21.909,21.9255,22.2,22.3,In,200
2026-07-18T23:20:00,21.962,21.9503,22.2,22.3,In,200
2026-07-18T23:30:00,21.941,21.9475,22.2,22.3,In,200
2026-07-18T23:40:00,21.952,21.9557,22.2,22.3,In,200
2026-07-18T23:50:00,21.93,21.9365,22.1,22.3,In,200
2026-07-19T00:00:00,21.93,21.9365,22.2,22.4,In,200
2026-07-19T00:10:00,21.952,21.9406,22.2,22.4,In,200
2026-07-19T00:20:00,21.952,21.9461,22.2,22.3,In,200
2026-07-19T00:30:00,21.962,21.9503,22.2,22.3,In,200
2026-07-19T00:40:00,22.037,22.0299,22.2,22.3,In,200
2026-07-19T00:50:00,22.08,22.0724,22.2,22.3,In,200
2026-07-19T01:00:00,22.102,22.0738,22.2,22.3,In,200
2026-07-19T01:10:00,22.069,22.0821,22.2,22.4,In,200
2026-07-19T01:20:00,22.059,22.0834,22.3,22.4,In,200
2026-07-19T01:30:00,22.091,22.0876,22.3,22.4,In,200
2026-07-19T01:40:00,22.134,22.1178,22.3,22.5,In,200
2026-07-19T01:50:00,22.177,22.1686,22.3,22.5,In,200
2026-07-19T02:00:00,22.187,22.1919,22.3,22.5,In,200
2026-07-19T02:10:00,22.22,22.2428,22.4,22.6,In,200
2026-07-19T02:20:00,22.252,22.3073,22.4,22.6,In,200
2026-07-19T02:30:00,22.316,22.3417,22.4,22.6,In,200
2026-07-19T02:40:00,22.391,22.4104,22.5,22.7,In,200
2026-07-19T02:50:00,22.445,22.4365,22.6,22.7,In,200
2026-07-19T03:00:00,22.466,22.464,22.5,22.7,In,200
2026-07-19T03:10:00,22.456,22.4613,22.6,22.7,In,200
2026-07-19T03:20:00,22.391,22.4118,22.6,22.8,In,200
2026-07-19T03:30:00,22.445,22.4819,22.7,22.8,In,200
2026-07-19T03:40:00,22.466,22.4764,22.7,22.8,In,200
2026-07-19T03:50:00,22.477,22.4833,22.7,22.9,In,200
2026-07-19T04:00:00,22.477,22.4833,22.7,22.8,In,200
2026-07-19T04:10:00,22.327,22.4063,22.7,22.9,In,200
2026-07-19T04:20:00,22.252,22.2799,22.7,22.9,In,200
2026-07-19T04:30:00,22.273,22.273,22.7,22.9,In,200
2026-07-19T04:40:00,22.263,22.2551,22.7,22.8,In,200
2026-07-19T04:50:00,22.166,22.1878,22.6,22.8,In,200
2026-07-19T05:00:00,22.155,22.1576,22.6,22.7,In,200
2026-07-19T05:10:00,22.134,22.1439,22.5,22.6,In,200
2026-07-19T05:20:00,22.059,22.1123,22.4,22.6,In,200
2026-07-19T05:30:00,22.069,22.0862,22.4,22.5,In,200
2026-07-19T05:40:00,22.08,22.104,22.4,22.5,In,200
2026-07-19T05:50:00,22.016,22.0422,22.4,22.5,In,200
2026-07-19T06:00:00,21.919,21.9434,22.4,22.5,In,200
2026-07-19T06:10:00,21.876,21.8734,22.4,22.5,In,200
2026-07-19T06:20:00,21.876,21.9105,22.3,22.5,In,200
2026-07-19T06:30:00,21.952,22.0038,22.3,22.5,In,200
2026-07-19T06:40:00,21.984,22.0216,22.2,22.3,In,200
2026-07-19T06:50:00,21.952,21.9873,22.1,22.4,In,200
2026-07-19T07:00:00,21.93,21.9489,22.2,22.5,In,200
2026-07-19T07:10:00,21.93,21.9324,22.2,22.4,In,200
2026-07-19T07:20:00,21.93,21.931,22.2,22.4,In,200
2026-07-19T07:30:00,21.919,21.9269,22.2,22.4,In,200
2026-07-19T07:40:00,21.919,21.9242,22.2,22.4,In,200
2026-07-19T07:50:00,21.898,21.9091,22.1,22.3,In,200
2026-07-19T08:00:00,21.898,21.9008,22.2,22.3,In,200
2026-07-19T08:10:00,21.909,21.9022,22.1,22.3,In,200
2026-07-19T08:20:00,21.919,21.905,22.2,22.2,In,200
2026-07-19T08:30:00,21.919,21.9173,22.2,22.3,In,200
2026-07-19T08:40:00,21.994,21.9859,22.1,22.3,In,200
2026-07-19T08:50:00,22.016,22.067,22.1,22.4,In,200
2026-07-19T09:00:00,22.08,22.1191,22.1,22.3,In,200
2026-07-19T09:10:00,22.069,22.0985,22.2,22.3,In,200
2026-07-19T09:20:00,21.919,21.9708,22.2,22.5,In,200
2026-07-19T09:30:00,21.866,21.8871,22.4,22.5,In,200
2026-07-19T09:40:00,21.898,21.8844,22.4,22.5,In,200
2026-07-19T09:50:00,21.909,21.8926,22.4,22.5,In,200
2026-07-19T10:00:00,21.898,21.8967,22.2,22.4,In,200
2026-07-19T10:10:00,21.898,21.9159,22.2,22.3,In,200
2026-07-19T10:20:00,21.919,21.931,22.1,22.3,In,200
2026-07-19T10:30:00,21.919,21.942,22.2,22.3,In,200
2026-07-19T10:40:00,21.898,21.9159,22.1,22.3,In,200
2026-07-19T10:50:00,21.887,21.8899,22.2,22.4,In,200
2026-07-19T11:00:00,21.876,21.8857,22.2,22.4,In,200
2026-07-19T11:10:00,21.866,21.872,22.2,22.3,In,200
2026-07-19T11:20:00,21.844,21.8693,22.2,22.3,In,200
2026-07-19T11:30:00,21.866,21.861,22.2,22.3,In,200
2026-07-19T11:40:00,21.834,21.8432,22.1,22.3,In,200
2026-07-19T11:50:00,21.919,21.9105,22.1,22.3,In,200
2026-07-19T12:00:00,22.123,22.137,22.1,22.2,In,200
2026-07-19T12:10:00,22.08,22.148,22.1,22.3,In,200
2026-07-19T12:20:00,22.069,22.1123,22.1,22.3,In,200
2026-07-19T12:30:00,22.027,22.056,22.3,22.4,In,200
2026-07-19T12:40:00,22.048,22.0972,22.4,22.5,In,200
2026-07-19T12:50:00,22.048,22.1068,22.4,22.6,In,200
2026-07-19T13:00:00,22.123,22.1411,22.4,22.6,In,200
2026-07-19T13:10:00,22.091,22.0903,22.4,22.6,In,200
2026-07-19T13:20:00,22.059,22.0697,22.4,22.6,In,200
2026-07-19T13:30:00,22.069,22.0848,22.4,22.6,In,200
2026-07-19T13:40:00,22.102,22.1233,22.4,22.5,In,200
2026-07-19T13:50:00,22.112,22.1397,22.3,22.5,In,200
2026-07-19T14:00:00,22.177,22.2139,22.3,22.5,In,200
2026-07-19T14:10:00,22.295,22.339,22.3,22.5,In,200
2026-07-19T14:20:00,22.381,22.3981,22.4,22.5,In,200
2026-07-19T14:30:00,22.434,22.4613,22.4,22.6,In,200
2026-07-19T14:40:00,22.477,22.4902,22.6,22.7,In,200
2026-07-19T14:50:00,22.466,22.4668,22.6,22.8,In,200
2026-07-19T15:00:00,22.445,22.4682,22.7,22.9,In,200
2026-07-19T15:10:00,22.37,22.4297,22.7,22.9,In,200
2026-07-19T15:20:00,22.263,22.3032,22.7,22.9,In,200
2026-07-19T15:30:00,22.316,22.295,22.7,22.8,In,200
2026-07-19T15:40:00,22.295,22.2895,22.7,22.8,In,200
2026-07-19T15:50:00,22.23,22.2702,22.6,22.8,In,200
2026-07-19T16:00:00,22.177,22.2249,22.5,22.7,In,200
2026-07-19T16:10:00,22.037,22.1219,22.6,22.7,In,200
2026-07-19T16:20:00,21.984,21.9969,22.5,22.7,In,200
2026-07-19T16:30:00,21.994,21.9928,22.5,22.6,In,200
2026-07-19T16:40:00,21.994,22.001,22.5,22.6,In,200
2026-07-19T16:50:00,21.994,22.001,22.3,22.5,In,200
2026-07-19T17:00:00,21.952,21.9585,22.3,22.4,In,200
2026-07-19T17:10:00,21.962,21.9461,22.2,22.5,In,200
2026-07-19T17:20:00,21.952,21.9585,22.2,22.4,In,200
2026-07-19T17:30:00,21.941,21.9461,22.2,22.4,In,200
2026-07-19T17:40:00,21.941,21.9338,22.2,22.3,In,200
2026-07-19T17:50:00,21.93,21.9434,22.2,22.4,In,200
2026-07-19T18:00:00,21.941,21.964,22.2,22.4,In,200
2026-07-19T18:10:00,22.027,22.0313,22.2,22.3,In,200
2026-07-19T18:20:00,22.016,22.0189,22.2,22.3,In,200
2026-07-19T18:30:00,21.994,22.0052,22.2,22.4,In,200
2026-07-19T18:40:00,21.994,21.9928,22.3,22.5,In,200
2026-07-19T18:50:00,21.994,21.9805,22.3,22.4,In,200
2026-07-19T19:00:00,21.962,21.9681,22.2,22.4,In,200
2026-07-19T19:10:00,21.962,21.9599,22.2,22.4,In,200
2026-07-19T19:20:00,21.952,21.9571,22.2,22.3,In,200
2026-07-19T19:30:00,21.973,21.9612,22.2,22.4,In,200
2026-07-19T19:40:00,21.973,21.9681,22.2,22.3,In,200
2026-07-19T19:50:00,21.994,21.9763,22.2,22.4,In,200
2026-07-19T20:00:00,21.973,21.9832,22.1,22.3,In,200
2026-07-19T20:10:00,21.984,21.9818,22.2,22.3,In,200
2026-07-19T20:20:00,21.973,21.9805,22.2,22.3,In,200
2026-07-19T20:30:00,22.005,21.9832,22.2,22.3,In,200
2026-07-19T20:40:00,21.994,21.9873,22.2,22.4,In,200
2026-07-19T20:50:00,21.984,21.9873,22.2,22.4,In,200
2026-07-19T21:00:00,21.984,21.9887,22.2,22.4,In,200
2026-07-19T21:10:00,21.984,21.9763,22.3,22.3,In,200
2026-07-19T21:20:00,21.973,21.9832,22.2,22.4,In,200
2026-07-19T21:30:00,21.984,21.975,22.3,22.4,In,200
2026-07-19T21:40:00,21.962,21.9557,22.2,22.3,In,200
2026-07-19T21:50:00,21.973,21.9585,22.2,22.3,In,200
2026-07-19T22:00:00,21.984,21.9612,22.2,22.3,In,200
2026-07-19T22:10:00,21.962,21.9599,22.3,22.3,In,200
2026-07-19T22:20:00,21.962,21.9489,22.2,22.3,In,200
2026-07-19T22:30:00,21.93,21.9475,22.2,22.3,In,200
2026-07-19T22:40:00,21.93,21.9365,22.2,22.4,In,200
2026-07-19T22:50:00,21.93,21.9283,22.2,22.4,In,200
2026-07-19T23:00:00,21.898,21.8954,22.2,22.3,In,200
2026-07-19T23:10:00,21.866,21.8679,22.2,22.3,In,200
2026-07-19T23:20:00,21.876,21.8693,22.1,22.3,In,200
2026-07-19T23:30:00,21.887,21.8693,22.2,22.3,In,200
2026-07-19T23:40:00,21.898,21.9105,22.1,22.3,In,200
2026-07-19T23:50:00,21.93,21.9255,22.1,22.3,In,200
2026-07-20T00:00:00,21.941,21.9269,22.1,22.3,In,200
2026-07-20T00:10:00,21.93,21.9255,22.1,22.3,In,200
2026-07-20T00:20:00,21.93,21.9297,22.2,22.3,In,200
2026-07-20T00:30:00,21.941,21.9585,22.2,22.3,In,200
2026-07-20T00:40:00,21.973,21.9667,22.2,22.3,In,200
2026-07-20T00:50:00,21.973,21.9763,22.2,22.3,In,200
2026-07-20T01:00:00,21.994,21.9777,22.2,22.3,In,200
2026-07-20T01:10:00,21.994,21.9887,22.2,22.4,In,200
2026-07-20T01:20:00,22.037,22.0615,22.2,22.3,In,200
2026-07-20T01:30:00,22.112,22.126,22.2,22.3,In,200
2026-07-20T01:40:00,22.252,22.2428,22.2,22.4,In,200
2026-07-20T01:50:00,22.102,22.1301,22.3,22.4,In,200
2026-07-20T02:00:00,22.112,22.1095,22.3,22.5,In,200
2026-07-20T02:10:00,22.048,22.0944,22.4,22.5,In,200
2026-07-20T02:20:00,22.102,22.0985,22.5,22.6,In,200
2026-07-20T02:30:00,22.102,22.0944,22.4,22.6,In,200
2026-07-20T02:40:00,22.123,22.1342,22.3,22.6,In,200
2026-07-20T02:50:00,22.177,22.1851,22.3,22.5,In,200
2026-07-20T03:00:00,22.209,22.2345,22.3,22.5,In,200
2026-07-20T03:10:00,22.198,22.2125,22.4,22.5,In,200
2026-07-20T03:20:00,22.241,22.218,22.4,22.6,In,200
2026-07-20T03:30:00,22.273,22.2579,22.5,22.6,In,200
2026-07-20T03:40:00,22.295,22.3211,22.5,22.6,In,200
2026-07-20T03:50:00,22.348,22.4159,22.4,22.6,In,200
2026-07-20T04:00:00,22.445,22.4847,22.5,22.6,In,200
2026-07-20T04:10:00,22.574,22.5603,22.6,22.7,In,200
2026-07-20T04:20:00,22.606,22.614,22.6,22.8,In,200
2026-07-20T04:30:00,22.552,22.5782,22.8,23,In,200
2026-07-20T04:40:00,22.305,22.3884,22.8,22.9,In,200
2026-07-20T04:50:00,22.112,22.1494,22.8,22.9,In,200
2026-07-20T05:00:00,22.069,22.1329,22.8,22.9,In,200
2026-07-20T05:10:00,22.08,22.0766,22.8,22.9,In,200
2026-07-20T05:20:00,22.069,22.0807,22.5,22.7,In,200
2026-07-20T05:30:00,22.037,22.0601,22.4,22.5,In,200
2026-07-20T05:40:00,22.005,22.0271,22.4,22.6,In,200
2026-07-20T05:50:00,21.994,22.0065,22.4,22.6,In,200
2026-07-20T06:00:00,21.994,21.9942,22.3,22.5,In,200
2026-07-20T06:10:00,21.973,21.9901,22.2,22.5,In,200
2026-07-20T06:20:00,21.973,21.9708,22.3,22.4,In,200
2026-07-20T06:30:00,21.973,21.9571,22.2,22.4,In,200
2026-07-20T06:40:00,21.941,21.9393,22.3,22.3,In,200
2026-07-20T06:50:00,21.898,21.9228,22.2,22.3,In,200
2026-07-20T07:00:00,21.93,21.9201,22.2,22.3,In,200
2026-07-20T07:10:00,21.909,21.9091,22.2,22.3,In,200
2026-07-20T07:20:00,21.866,21.8775,22.1,22.3,In,200
2026-07-20T07:30:00,21.866,21.8789,22.1,22.3,In,200
2026-07-20T07:40:00,21.866,21.8734,22.1,22.3,In,200
2026-07-20T07:50:00,21.876,21.8803,22.2,22.3,In,200
2026-07-20T08:00:00,21.887,21.8734,22.1,22.3,In,200
2026-07-20T08:10:00,21.887,21.8857,22.1,22.3,In,200
2026-07-20T08:20:00,21.919,21.9159,22.1,22.3,In,200
2026-07-20T08:30:00,21.919,21.9269,22.1,22.3,In,200
2026-07-20T08:40:00,21.919,21.9324,22.1,22.2,In,200
2026-07-20T08:50:00,21.952,21.9297,22.1,22.3,In,200
2026-07-20T09:00:00,21.93,21.9324,22.2,22.3,In,200
2026-07-20T09:10:00,21.93,21.9393,22.1,22.3,In,200
2026-07-20T09:20:00,21.952,21.9352,22.2,22.2,In,200
2026-07-20T09:30:00,21.952,21.9379,22.2,22.3,In,200
2026-07-20T09:40:00,21.952,21.9516,22.2,22.4,In,200
2026-07-20T09:50:00,21.941,21.9654,22.2,22.3,In,200
2026-07-20T10:00:00,21.941,21.942,22.2,22.3,In,200
2026-07-20T10:10:00,21.941,21.931,22.2,22.3,In,200
2026-07-20T10:20:00,21.93,21.9255,22.3,22.4,In,200
2026-07-20T10:30:00,21.93,21.9201,22.2,22.3,In,200
2026-07-20T10:40:00,21.919,21.9159,22.2,22.3,In,200
2026-07-20T10:50:00,21.93,21.9159,22.2,22.3,In,200
2026-07-20T11:00:00,21.919,21.9242,22.2,22.3,In,200
2026-07-20T11:10:00,21.93,21.9214,22.1,22.3,In,200
2026-07-20T11:20:00,21.919,21.9201,22.1,22.3,In,200
2026-07-20T11:30:00,21.941,21.9228,22.2,22.3,In,200
2026-07-20T11:40:00,21.952,21.9269,22.1,22.3,In,200
2026-07-20T11:50:00,21.952,21.9297,22.2,22.3,In,200
2026-07-20T12:00:00,21.952,21.9324,22.2,22.3,In,200
2026-07-20T12:10:00,21.941,21.9379,22.1,22.3,In,200
2026-07-20T12:20:00,21.941,21.9448,22.2,22.3,In,200
2026-07-20T12:30:00,21.952,21.942,22.2,22.3,In,200
2026-07-20T12:40:00,21.941,21.9379,22.2,22.3,In,200
2026-07-20T12:50:00,21.952,21.9365,22.2,22.3,In,200
2026-07-20T13:00:00,21.962,21.9448,22.2,22.3,In,200
2026-07-20T13:10:00,21.962,21.9571,22.2,22.3,In,200
2026-07-20T13:20:00,21.919,21.9708,22.2,22.3,In,200
2026-07-20T13:30:00,21.909,21.9077,22.2,22.3,In,200
2026-07-20T13:40:00,21.93,21.9255,22.2,22.4,In,200
2026-07-20T13:50:00,21.909,21.8995,22.2,22.3,In,200
2026-07-20T14:00:00,21.898,21.9146,22.2,22.4,In,200
2026-07-20T14:10:00,21.952,21.9365,22.2,22.3,In,200
2026-07-20T14:20:00,21.973,21.9667,22.2,22.4,In,200
2026-07-20T14:30:00,21.962,21.9626,22.1,22.4,In,200
2026-07-20T14:40:00,21.962,21.9599,22.1,22.3,In,200
2026-07-20T14:50:00,21.952,21.9557,22.2,22.3,In,200
2026-07-20T15:00:00,21.952,21.953,22.2,22.4,In,200
2026-07-20T15:10:00,21.93,21.953,22.2,22.3,In,200
2026-07-20T15:20:00,22.016,22.0148,22.2,22.3,In,200
2026-07-20T15:30:00,22.005,22.0148,22.2,22.3,In,200
2026-07-20T15:40:00,22.016,22.0258,22.2,22.3,In,200
2026-07-20T15:50:00,22.091,22.0972,22.2,22.4,In,200
2026-07-20T16:00:00,22.112,22.1013,22.3,22.4,In,200
2026-07-20T16:10:00,22.123,22.1164,22.2,22.4,In,200
2026-07-20T16:20:00,22.145,22.148,22.3,22.5,In,200
2026-07-20T16:30:00,22.187,22.1837,22.4,22.5,In,200
2026-07-20T16:40:00,22.134,22.1603,22.3,22.5,In,200
2026-07-20T16:50:00,22.102,22.126,22.3,22.5,In,200
2026-07-20T17:00:00,22.134,22.1301,22.4,22.5,In,200
2026-07-20T17:10:00,22.187,22.2098,22.5,22.6,In,200
2026-07-20T17:20:00,22.177,22.229,22.4,22.5,In,200
2026-07-20T17:30:00,22.155,22.1535,22.3,22.5,In,200
2026-07-20T17:40:00,22.166,22.1617,22.4,22.5,In,200
2026-07-20T17:50:00,22.241,22.251,22.4,22.7,In,200
2026-07-20T18:00:00,22.305,22.2909,22.4,22.5,In,200
2026-07-20T18:10:00,22.069,22.1205,22.4,22.6,In,200
2026-07-20T18:20:00,21.973,22.0162,22.4,22.6,In,200
2026-07-20T18:30:00,22.005,21.9777,22.4,22.6,In,200
2026-07-20T18:40:00,21.962,21.9681,22.6,22.7,In,200
2026-07-20T18:50:00,21.962,21.9571,22.3,22.6,In,200
2026-07-20T19:00:00,21.93,21.953,22.3,22.4,In,200
2026-07-20T19:10:00,21.919,21.9475,22.2,22.3,In,200
2026-07-20T19:20:00,21.898,21.9146,22.2,22.3,In,200
2026-07-20T19:30:00,21.941,21.9406,22.2,22.4,In,200
2026-07-20T19:40:00,21.973,21.9557,22.2,22.3,In,200
2026-07-20T19:50:00,21.973,21.9695,22.2,22.3,In,200
2026-07-20T20:00:00,21.984,21.975,22.2,22.4,In,200
2026-07-20T20:10:00,21.962,21.975,22.2,22.4,In,200
2026-07-20T20:20:00,21.941,21.9612,22.2,22.4,In,200
2026-07-20T20:30:00,21.962,21.964,22.3,22.4,In,200
2026-07-20T20:40:00,21.952,21.9544,22.3,22.4,In,200
2026-07-20T20:50:00,21.952,21.953,22.2,22.4,In,200
2026-07-20T21:00:00,21.952,21.9475,22.2,22.4,In,200
2026-07-20T21:10:00,21.962,21.9557,22.2,22.3,In,200
2026-07-20T21:20:00,21.984,21.9791,22.2,22.4,In,200
2026-07-20T21:30:00,22.005,21.9956,22.2,22.3,In,200
2026-07-20T21:40:00,21.984,21.9942,22.2,22.3,In,200
2026-07-20T21:50:00,21.984,21.9873,22.2,22.4,In,200
2026-07-20T22:00:00,21.962,21.9695,22.2,22.4,In,200
2026-07-20T22:10:00,21.962,21.9626,22.3,22.4,In,200
2026-07-20T22:20:00,21.941,21.9626,22.2,22.4,In,200
2026-07-20T22:30:00,21.962,21.9599,22.1,22.3,In,200
2026-07-20T22:40:00,21.984,21.9585,22.2,22.3,In,200
2026-07-20T22:50:00,21.962,21.9516,22.1,22.3,In,200
2026-07-20T23:00:00,21.962,21.953,22.2,22.3,In,200
2026-07-20T23:10:00,21.941,21.9448,22.2,22.3,In,200
2026-07-20T23:20:00,21.919,21.9365,22.1,22.3,In,200
2026-07-20T23:30:00,21.941,21.9544,22.2,22.4,In,200
2026-07-20T23:40:00,21.952,21.964,22.2,22.4,In,200
2026-07-20T23:50:00,21.984,21.964,22.1,22.3,In,200
2026-07-21T00:00:00,21.952,21.942,22.2,22.3,In,200
2026-07-21T00:10:00,21.93,21.9228,22.2,22.3,In,200
2026-07-21T00:20:00,21.93,21.9214,22.2,22.3,In,200
2026-07-21T00:30:00,21.93,21.9201,22.2,22.4,In,200
2026-07-21T00:40:00,21.919,21.9214,22.2,22.3,In,200
2026-07-21T00:50:00,21.919,21.9297,22.1,22.2,In,200
2026-07-21T01:00:00,21.973,21.9695,22.2,22.2,In,200
2026-07-21T01:10:00,22.037,22.0148,22.2,22.3,In,200
2026-07-21T01:20:00,22.059,22.0601,22.1,22.3,In,200
2026-07-21T01:30:00,22.037,22.0477,22.2,22.4,In,200
2026-07-21T01:40:00,22.177,22.137,22.2,22.4,In,200
2026-07-21T01:50:00,22.187,22.2098,22.3,22.4,In,200
2026-07-21T02:00:00,22.166,22.1933,22.3,22.4,In,200
2026-07-21T02:10:00,22.145,22.1755,22.3,22.5,In,200
2026-07-21T02:20:00,22.198,22.1906,22.4,22.6,In,200
2026-07-21T02:30:00,22.187,22.1864,22.5,22.6,In,200
2026-07-21T02:40:00,22.166,22.1617,22.5,22.6,In,200
2026-07-21T02:50:00,22.145,22.1397,22.4,22.6,In,200
2026-07-21T03:00:00,22.112,22.1068,22.4,22.6,In,200
2026-07-21T03:10:00,22.091,22.0807,22.4,22.6,In,200
2026-07-21T03:20:00,22.112,22.1082,22.4,22.5,In,200
2026-07-21T03:30:00,22.102,22.1123,22.4,22.5,In,200
2026-07-21T03:40:00,22.123,22.1274,22.3,22.5,In,200
2026-07-21T03:50:00,22.22,22.2895,22.3,22.5,In,200
2026-07-21T04:00:00,22.413,22.4489,22.4,22.5,In,200
2026-07-21T04:10:00,22.456,22.4792,22.3,22.5,In,200
2026-07-21T04:20:00,22.477,22.5025,22.4,22.6,In,200
2026-07-21T04:30:00,22.509,22.5039,22.7,22.8,In,200
2026-07-21T04:40:00,22.509,22.5287,22.8,22.9,In,200
2026-07-21T04:50:00,22.584,22.6181,22.7,22.9,In,200
2026-07-21T05:00:00,22.359,22.4874,22.7,22.8,In,200
2026-07-21T05:10:00,22.209,22.2634,22.7,22.9,In,200
2026-07-21T05:20:00,22.241,22.2593,22.8,23,In,200
2026-07-21T05:30:00,22.273,22.2716,22.8,23,In,200
2026-07-21T05:40:00,22.263,22.2565,22.7,22.9,In,200
2026-07-21T05:50:00,22.155,22.1576,22.5,22.7,In,200
2026-07-21T06:00:00,22.177,22.1562,22.5,22.7,In,200
2026-07-21T06:10:00,22.08,22.1027,22.5,22.6,In,200
2026-07-21T06:20:00,22.069,22.0738,22.4,22.6,In,200
2026-07-21T06:30:00,22.059,22.0697,22.4,22.5,In,200
2026-07-21T06:40:00,22.08,22.0889,22.4,22.5,In,200
2026-07-21T06:50:00,22.048,22.0738,22.4,22.5,In,200
2026-07-21T07:00:00,21.973,22.0313,22.4,22.5,In,200
2026-07-21T07:10:00,22.016,22.0299,22.3,22.5,In,200
2026-07-21T07:20:00,22.027,22.023,22.3,22.5,In,200
2026-07-21T07:30:00,22.048,22.0244,22.3,22.4,In,200
2026-07-21T07:40:00,22.027,22.0244,22.3,22.4,In,200
2026-07-21T07:50:00,21.962,21.9969,22.2,22.4,In,200
2026-07-21T08:00:00,21.994,21.9846,22.3,22.4,In,200
2026-07-21T08:10:00,22.005,21.9983,22.3,22.4,In,200
2026-07-21T08:20:00,22.037,22.0065,22.3,22.4,In,200
2026-07-21T08:30:00,21.994,22.0093,22.2,22.4,In,200
2026-07-21T08:40:00,21.994,22.0134,22.3,22.4,In,200
2026-07-21T08:50:00,22.005,22.0162,22.3,22.4,In,200
2026-07-21T09:00:00,22.016,22.0134,22.2,22.4,In,200
2026-07-21T09:10:00,22.016,22.012,22.2,22.4,In,200
2026-07-21T09:20:00,22.016,21.9997,22.3,22.4,In,200
2026-07-21T09:30:00,22.005,21.9956,22.3,22.4,In,200
2026-07-21T09:40:00,22.005,21.9887,22.2,22.4,In,200
2026-07-21T09:50:00,22.016,21.9997,22.2,22.3,In,200
2026-07-21T10:00:00,22.037,22.0148,22.3,22.3,In,200
2026-07-21T10:10:00,22.016,22.0162,22.2,22.3,In,200
2026-07-21T10:20:00,22.016,22.0148,22.2,22.3,In,200
2026-07-21T10:30:00,22.005,22.0162,22.2,22.3,In,200
2026-07-21T10:40:00,22.027,22.012,22.3,22.4,In,200
2026-07-21T10:50:00,21.994,22.0189,22.3,22.4,In,200
2026-07-21T11:00:00,21.973,22.0038,22.2,22.4,In,200
2026-07-21T11:10:00,21.973,21.9846,22.3,22.4,In,200
2026-07-21T11:20:00,21.994,21.9805,22.2,22.4,In,200
2026-07-21T11:30:00,21.973,21.9681,22.3,22.4,In,200
2026-07-21T11:40:00,21.962,21.9516,22.2,22.4,In,200
2026-07-21T11:50:00,21.962,21.9585,22.2,22.4,In,200
2026-07-21T12:00:00,21.973,21.9736,22.2,22.4,In,200
2026-07-21T12:10:00,21.994,22.0038,22.1,22.3,In,200
2026-07-21T12:20:00,21.994,22.0244,22.2,22.3,In,200
2026-07-21T12:30:00,21.962,21.9681,22.2,22.3,In,200
2026-07-21T12:40:00,21.973,21.9667,22.2,22.4,In,200
2026-07-21T12:50:00,21.973,21.975,22.3,22.4,In,200
2026-07-21T13:00:00,21.984,21.9873,22.3,22.4,In,200
2026-07-21T13:10:00,21.984,21.9928,22.2,22.4,In,200
2026-07-21T13:20:00,21.994,21.9983,22.2,22.4,In,200
2026-07-21T13:30:00,22.005,22.0052,22.2,22.4,In,200
2026-07-21T13:40:00,22.005,22.0052,22.2,22.4,In,200
2026-07-21T13:50:00,22.016,22.0326,22.2,22.4,In,200
2026-07-21T14:00:00,22.037,22.0189,22.2,22.3,In,200
2026-07-21T14:10:00,21.984,21.9997,22.2,22.4,In,200
2026-07-21T14:20:00,22.016,22.0148,22.3,22.4,In,200
2026-07-21T14:30:00,22.016,22.0258,22.3,22.5,In,200
2026-07-21T14:40:00,22.016,22.0532,22.2,22.4,In,200
2026-07-21T14:50:00,22.037,22.0464,22.2,22.4,In,200
2026-07-21T15:00:00,21.994,22.001,22.3,22.4,In,200
2026-07-21T15:10:00,21.994,21.9887,22.3,22.4,In,200
2026-07-21T15:20:00,21.994,21.9859,22.3,22.4,In,200
2026-07-21T15:30:00,22.08,22.0793,22.3,22.5,In,200
2026-07-21T15:40:00,22.112,22.1027,22.2,22.4,In,200
2026-07-21T15:50:00,22.112,22.1136,22.2,22.4,In,200
2026-07-21T16:00:00,22.123,22.1164,22.3,22.4,In,200
2026-07-21T16:10:00,22.123,22.1288,22.3,22.5,In,200
2026-07-21T16:20:00,22.166,22.1576,22.3,22.5,In,200
2026-07-21T16:30:00,22.155,22.1562,22.3,22.5,In,200
2026-07-21T16:40:00,22.155,22.1658,22.3,22.5,In,200
2026-07-21T16:50:00,22.22,22.218,22.4,22.5,In,200
2026-07-21T17:00:00,22.359,22.3719,22.4,22.5,In,200
2026-07-21T17:10:00,22.295,22.3252,22.4,22.6,In,200
2026-07-21T17:20:00,22.273,22.2785,22.5,22.6,In,200
2026-07-21T17:30:00,22.273,22.2634,22.5,22.7,In,200
2026-07-21T17:40:00,22.316,22.339,22.6,22.7,In,200
2026-07-21T17:50:00,22.434,22.4792,22.6,22.7,In,200
2026-07-21T18:00:00,22.23,22.284,22.5,22.6,In,200
2026-07-21T18:10:00,22.145,22.1768,22.5,22.7,In,200
2026-07-21T18:20:00,22.102,22.1356,22.6,22.9,In,200
2026-07-21T18:30:00,22.112,22.1521,22.8,22.8,In,200
2026-07-21T18:40:00,22.091,22.115,22.4,22.6,In,200
2026-07-21T18:50:00,22.091,22.1082,22.4,22.6,In,200
2026-07-21T19:00:00,22.155,22.2551,22.4,22.6,In,200
2026-07-21T19:10:00,22.284,22.3568,22.4,22.5,In,200
2026-07-21T19:20:00,22.177,22.2318,22.4,22.5,In,200
2026-07-21T19:30:00,21.93,21.9708,22.4,22.6,In,200
2026-07-21T19:40:00,21.887,21.894,22.5,22.7,In,200
2026-07-21T19:50:00,21.919,21.8912,22.7,22.8,In,200
2026-07-21T20:00:00,21.919,21.9173,22.4,22.6,In,200
2026-07-21T20:10:00,21.952,21.9544,22.2,22.3,In,200
2026-07-21T20:20:00,21.984,21.9805,22.1,22.3,In,200
2026-07-21T20:30:00,21.984,22.0134,22.2,22.2,In,200
2026-07-21T20:40:00,22.027,22.0216,22.2,22.3,In,200
2026-07-21T20:50:00,22.048,22.0395,22.2,22.4,In,200
2026-07-21T21:00:00,22.016,22.0313,22.3,22.4,In,200
2026-07-21T21:10:00,22.027,22.0244,22.2,22.4,In,200
2026-07-21T21:20:00,22.016,22.0216,22.3,22.4,In,200
2026-07-21T21:30:00,22.027,22.0107,22.2,22.4,In,200
2026-07-21T21:40:00,21.93,21.9722,22.3,22.4,In,200
2026-07-21T21:50:00,21.919,21.9695,22.3,22.3,In,200
2026-07-21T22:00:00,21.941,21.9516,22.2,22.4,In,200
2026-07-21T22:10:00,21.962,21.9695,22.2,22.4,In,200
2026-07-21T22:20:00,21.994,21.9969,22.2,22.4,In,200
2026-07-21T22:30:00,22.016,22.0065,22.3,22.4,In,200
2026-07-21T22:40:00,22.005,22.001,22.2,22.4,In,200
2026-07-21T22:50:00,21.984,21.9928,22.2,22.4,In,200
2026-07-21T23:00:00,21.984,21.9901,22.2,22.4,In,200
2026-07-21T23:10:00,21.994,21.9901,22.3,22.4,In,200
2026-07-21T23:20:00,21.994,21.9928,22.3,22.3,In,200
2026-07-21T23:30:00,21.994,21.9983,22.2,22.4,In,200
2026-07-21T23:40:00,21.994,22.0038,22.2,22.3,In,200
2026-07-21T23:50:00,22.027,22.034,22.2,22.4,In,200
2026-07-22T00:00:00,22.069,22.0642,22.2,22.4,In,200
2026-07-22T00:10:00,22.005,22.0738,22.2,22.4,In,200
2026-07-22T00:20:00,22.005,22.0093,22.3,22.4,In,200
2026-07-22T00:30:00,21.984,21.9928,22.3,22.4,In,200
2026-07-22T00:40:00,21.973,21.9681,22.3,22.5,In,200
2026-07-22T00:50:00,21.973,21.9722,22.3,22.5,In,200
2026-07-22T01:00:00,21.984,21.9942,22.2,22.5,In,200
2026-07-22T01:10:00,21.994,22.012,22.2,22.4,In,200
2026-07-22T01:20:00,22.027,22.0381,22.3,22.3,In,200
2026-07-22T01:30:00,22.037,22.045,22.2,22.4,In,200
2026-07-22T01:40:00,22.016,22.023,22.3,22.4,In,200
2026-07-22T01:50:00,22.005,22.012,22.3,22.4,In,200
2026-07-22T02:00:00,21.962,21.9791,22.3,22.4,In,200
2026-07-22T02:10:00,21.952,21.953,22.3,22.4,In,200
2026-07-22T02:20:00,21.941,21.9846,22.3,22.4,In,200
2026-07-22T02:30:00,21.984,22.0258,22.2,22.4,In,200
2026-07-22T02:40:00,22.037,22.0491,22.2,22.3,In,200
2026-07-22T02:50:00,22.037,22.0601,22.2,22.4,In,200
2026-07-22T03:00:00,22.048,22.0793,22.3,22.4,In,200
2026-07-22T03:10:00,22.102,22.1219,22.3,22.4,In,200
2026-07-22T03:20:00,22.102,22.1164,22.3,22.5,In,200
2026-07-22T03:30:00,22.123,22.1136,22.3,22.5,In,200
2026-07-22T03:40:00,22.091,22.104,22.4,22.5,In,200
2026-07-22T03:50:00,22.102,22.0999,22.4,22.6,In,200
2026-07-22T04:00:00,22.112,22.1233,22.4,22.5,In,200
2026-07-22T04:10:00,22.134,22.1329,22.3,22.5,In,200
2026-07-22T04:20:00,22.145,22.126,22.3,22.5,In,200
2026-07-22T04:30:00,22.134,22.1301,22.3,22.5,In,200
2026-07-22T04:40:00,22.177,22.159,22.3,22.5,In,200
2026-07-22T04:50:00,22.209,22.1988,22.4,22.5,In,200
2026-07-22T05:00:00,22.23,22.2428,22.4,22.5,In,200
2026-07-22T05:10:00,22.241,22.2593,22.3,22.5,In,200
2026-07-22T05:20:00,22.273,22.2648,22.4,22.5,In,200
2026-07-22T05:30:00,22.305,22.3266,22.4,22.7,In,200
2026-07-22T05:40:00,22.252,22.2909,22.5,22.6,In,200
2026-07-22T05:50:00,22.327,22.3293,22.5,22.7,In,200
2026-07-22T06:00:00,22.498,22.5438,22.6,22.7,In,200
2026-07-22T06:10:00,22.563,22.5878,22.6,22.8,In,200
2026-07-22T06:20:00,22.531,22.5699,22.6,22.7,In,200
2026-07-22T06:30:00,22.198,22.3335,22.6,22.8,In,200
2026-07-22T06:40:00,22.209,22.2098,22.8,23,In,200
2026-07-22T06:50:00,22.381,22.4269,22.9,23,In,200
2026-07-22T07:00:00,22.23,22.3554,22.8,22.9,In,200
2026-07-22T07:10:00,22.145,22.1617,22.8,23,In,200
2026-07-22T07:20:00,22.155,22.1329,22.6,22.8,In,200
2026-07-22T07:30:00,22.134,22.1123,22.8,22.9,In,200
2026-07-22T07:40:00,22.112,22.1095,22.5,22.7,In,200
2026-07-22T07:50:00,22.102,22.1027,22.4,22.5,In,200
2026-07-22T08:00:00,22.037,22.0354,22.4,22.5,In,200
2026-07-22T08:10:00,22.037,22.0285,22.3,22.4,In,200
2026-07-22T08:20:00,22.027,22.0299,22.4,22.5,In,200
2026-07-22T08:30:00,22.016,22.0313,22.4,22.5,In,200
2026-07-22T08:40:00,22.027,22.0189,22.2,22.4,In,200
2026-07-22T08:50:00,22.027,22.0052,22.3,22.5,In,200
2026-07-22T09:00:00,22.005,21.9956,22.2,22.4,In,200
2026-07-22T09:10:00,21.984,21.9805,22.3,22.4,In,200
2026-07-22T09:20:00,22.069,22.0738,22.3,22.4,In,200
2026-07-22T09:30:00,22.155,22.1741,22.3,22.4,In,200
2026-07-22T09:40:00,22.209,22.2194,22.2,22.4,In,200
2026-07-22T09:50:00,22.177,22.2139,22.2,22.4,In,200
2026-07-22T10:00:00,22.177,22.1919,22.4,22.5,In,200
2026-07-22T10:10:00,22.134,22.1645,22.5,22.5,In,200
2026-07-22T10:20:00,22.145,22.1535,22.4,22.6,In,200
2026-07-22T10:30:00,22.059,22.1219,22.4,22.6,In,200
2026-07-22T10:40:00,21.984,22.0107,22.4,22.6,In,200
2026-07-22T10:50:00,21.994,21.9805,22.4,22.5,In,200
2026-07-22T11:00:00,21.962,21.9654,22.4,22.5,In,200
2026-07-22T11:10:00,21.952,21.9557,22.3,22.4,In,200
2026-07-22T11:20:00,21.952,21.9585,22.3,22.3,In,200
2026-07-22T11:30:00,21.962,21.9667,22.2,22.4,In,200
2026-07-22T11:40:00,21.984,21.9887,22.2,22.3,In,200
2026-07-22T11:50:00,22.037,22.0354,22.2,22.3,In,200
2026-07-22T12:00:00,22.027,22.0436,22.2,22.4,In,200
2026-07-22T12:10:00,22.037,22.0436,22.2,22.4,In,200
2026-07-22T12:20:00,22.048,22.0436,22.3,22.4,In,200
2026-07-22T12:30:00,22.059,22.0477,22.2,22.4,In,200
2026-07-22T12:40:00,22.059,22.0642,22.3,22.4,In,200
2026-07-22T12:50:00,22.059,22.0628,22.3,22.4,In,200
2026-07-22T13:00:00,22.069,22.056,22.3,22.4,In,200
2026-07-22T13:10:00,21.973,21.9818,22.3,22.4,In,200
2026-07-22T13:20:00,21.973,21.9626,22.3,22.4,In,200
2026-07-22T13:30:00,21.973,21.9585,22.3,22.4,In,200
2026-07-22T13:40:00,21.962,21.9557,22.3,22.4,In,200
2026-07-22T13:50:00,21.962,21.9681,22.2,22.4,In,200
2026-07-22T14:00:00,21.941,21.953,22.2,22.3,In,200
2026-07-22T14:10:00,21.952,21.9599,22.2,22.3,In,200
2026-07-22T14:20:00,21.973,21.9722,22.2,22.3,In,200
2026-07-22T14:30:00,21.973,21.9791,22.2,22.3,In,200
2026-07-22T14:40:00,21.962,21.9818,22.2,22.3,In,200
2026-07-22T14:50:00,21.962,21.9846,22.2,22.4,In,200
2026-07-22T15:00:00,21.973,21.9997,22.2,22.3,In,200
2026-07-22T15:10:00,21.973,21.9859,22.2,22.3,In,200
2026-07-22T15:20:00,21.962,21.964,22.2,22.4,In,200
2026-07-22T15:30:00,21.952,21.964,22.2,22.4,In,200
2026-07-22T15:40:00,21.962,21.9708,22.2,22.4,In,200
2026-07-22T15:50:00,21.994,21.9887,22.2,22.4,In,200
2026-07-22T16:00:00,22.016,22.0024,22.2,22.3,In,200
2026-07-22T16:10:00,22.005,22.0189,22.2,22.4,In,200
2026-07-22T16:20:00,22.016,22.0189,22.2,22.4,In,200
2026-07-22T16:30:00,21.973,21.9887,22.2,22.4,In,200
2026-07-22T16:40:00,21.962,21.9818,22.3,22.4,In,200
2026-07-22T16:50:00,21.984,21.9846,22.2,22.4,In,200
2026-07-22T17:00:00,22.016,21.9928,22.3,22.4,In,200
2026-07-22T17:10:00,22.037,22.0065,22.2,22.4,In,200
2026-07-22T17:20:00,22.016,22.0052,22.2,22.4,In,200
2026-07-22T17:30:00,21.984,22.0052,22.2,22.4,In,200
2026-07-22T17:40:00,21.994,22.0258,22.2,22.4,In,200
2026-07-22T17:50:00,22.005,22.012,22.3,22.4,In,200
2026-07-22T18:00:00,22.059,22.0697,22.2,22.4,In,200
2026-07-22T18:10:00,22.069,22.0821,22.2,22.5,In,200
2026-07-22T18:20:00,22.102,22.0876,22.3,22.4,In,200
2026-07-22T18:30:00,22.102,22.0848,22.3,22.4,In,200
2026-07-22T18:40:00,22.102,22.0917,22.3,22.5,In,200
2026-07-22T18:50:00,22.241,22.2483,22.3,22.5,In,200
2026-07-22T19:00:00,22.295,22.4091,22.4,22.6,In,200
2026-07-22T19:10:00,22.198,22.2496,22.3,22.6,In,200
2026-07-22T19:20:00,22.177,22.1755,22.4,22.7,In,200
2026-07-22T19:30:00,22.198,22.2043,22.6,22.8,In,200
2026-07-22T19:40:00,22.198,22.2098,22.7,22.8,In,200
2026-07-22T19:50:00,22.155,22.1974,22.5,22.6,In,200
2026-07-22T20:00:00,22.155,22.1713,22.4,22.6,In,200
2026-07-22T20:10:00,22.134,22.1439,22.4,22.6,In,200
2026-07-22T20:20:00,22.102,22.1219,22.4,22.6,In,200
2026-07-22T20:30:00,22.102,22.1342,22.5,22.6,In,200
2026-07-22T20:40:00,22.08,22.1548,22.4,22.6,In,200
2026-07-22T20:50:00,22.059,22.0876,22.4,22.5,In,200
2026-07-22T21:00:00,22.037,22.0354,22.4,22.6,In,200
2026-07-22T21:10:00,22.037,22.0244,22.4,22.6,In,200
2026-07-22T21:20:00,22.037,22.0216,22.5,22.6,In,200
2026-07-22T21:30:00,21.994,22.0134,22.3,22.5,In,200
2026-07-22T21:40:00,21.973,21.9832,22.3,22.4,In,200
2026-07-22T21:50:00,21.994,22.0093,22.2,22.4,In,200
2026-07-22T22:00:00,22.048,22.0422,22.2,22.4,In,200
2026-07-22T22:10:00,22.048,22.0807,22.2,22.4,In,200
2026-07-22T22:20:00,22.016,22.0491,22.2,22.4,In,200
2026-07-22T22:30:00,22.027,22.0189,22.2,22.4,In,200
2026-07-22T22:40:00,21.994,22.001,22.3,22.5,In,200
2026-07-22T22:50:00,22.005,21.9956,22.3,22.5,In,200
2026-07-22T23:00:00,22.005,21.9969,22.3,22.4,In,200
2026-07-22T23:10:00,21.994,22.0079,22.2,22.4,In,200
2026-07-22T23:20:00,22.037,22.0216,22.2,22.4,In,200
2026-07-22T23:30:00,22.037,22.023,22.2,22.4,In,200
2026-07-22T23:40:00,22.016,22.023,22.2,22.4,In,200
2026-07-22T23:50:00,22.027,22.0285,22.3,22.4,In,200
2026-07-23T00:00:00,22.059,22.0779,22.3,22.4,In,200
2026-07-23T00:10:00,22.155,22.1439,22.3,22.4,In,200
2026-07-23T00:20:00,22.177,22.1809,22.2,22.4,In,200
2026-07-23T00:30:00,22.187,22.1809,22.4,22.4,In,200
2026-07-23T00:40:00,22.166,22.17,22.3,22.5,In,200
2026-07-23T00:50:00,22.177,22.1631,22.5,22.5,In,200
2026-07-23T01:00:00,22.145,22.1507,22.4,22.6,In,200
2026-07-23T01:10:00,22.08,22.1027,22.4,22.5,In,200
2026-07-23T01:20:00,22.091,22.0944,22.4,22.5,In,200
2026-07-23T01:30:00,22.069,22.1068,22.4,22.6,In,200
2026-07-23T01:40:00,22.016,22.023,22.4,22.5,In,200
2026-07-23T01:50:00,22.016,22.0079,22.3,22.5,In,200
2026-07-23T02:00:00,22.016,22.0093,22.4,22.5,In,200
2026-07-23T02:10:00,22.016,22.0093,22.4,22.6,In,200
2026-07-23T02:20:00,21.984,21.9969,22.3,22.4,In,200
2026-07-23T02:30:00,21.984,21.9832,22.3,22.5,In,200
2026-07-23T02:40:00,21.994,22.0162,22.3,22.5,In,200
2026-07-23T02:50:00,22.059,22.0958,22.2,22.5,In,200
2026-07-23T03:00:00,22.112,22.0985,22.3,22.4,In,200
2026-07-23T03:10:00,22.134,22.1164,22.3,22.4,In,200
2026-07-23T03:20:00,22.145,22.1205,22.3,22.5,In,200
2026-07-23T03:30:00,22.123,22.1136,22.4,22.6,In,200
2026-07-23T03:40:00,22.037,22.0903,22.4,22.5,In,200
2026-07-23T03:50:00,22.037,22.0985,22.3,22.5,In,200
2026-07-23T04:00:00,22.069,22.1054,22.4,22.5,In,200
2026-07-23T04:10:00,22.037,22.0862,22.4,22.6,In,200
2026-07-23T04:20:00,22.069,22.0917,22.3,22.5,In,200
2026-07-23T04:30:00,22.102,22.1246,22.3,22.5,In,200
2026-07-23T04:40:00,22.134,22.1466,22.4,22.5,In,200
2026-07-23T04:50:00,22.145,22.1452,22.3,22.5,In,200
2026-07-23T05:00:00,22.134,22.1494,22.3,22.5,In,200
2026-07-23T05:10:00,22.123,22.1315,22.4,22.5,In,200
2026-07-23T05:20:00,22.123,22.1191,22.4,22.5,In,200
2026-07-23T05:30:00,22.102,22.1054,22.4,22.6,In,200
2026-07-23T05:40:00,22.08,22.0821,22.4,22.5,In,200
2026-07-23T05:50:00,22.069,22.0766,22.4,22.5,In,200
2026-07-23T06:00:00,22.102,22.0999,22.3,22.5,In,200
2026-07-23T06:10:00,22.134,22.148,22.4,22.5,In,200
2026-07-23T06:20:00,22.177,22.1974,22.3,22.5,In,200
2026-07-23T06:30:00,22.273,22.2785,22.4,22.5,In,200
2026-07-23T06:40:00,22.316,22.3307,22.4,22.5,In,200
2026-07-23T06:50:00,22.348,22.3692,22.4,22.6,In,200
2026-07-23T07:00:00,22.381,22.4022,22.5,22.6,In,200
2026-07-23T07:10:00,22.445,22.4902,22.5,22.8,In,200
2026-07-23T07:20:00,22.413,22.464,22.6,22.7,In,200
2026-07-23T07:30:00,22.434,22.4297,22.6,22.9,In,200
2026-07-23T07:40:00,22.413,22.4283,22.7,22.8,In,200
2026-07-23T07:50:00,22.456,22.453,22.8,22.9,In,200
2026-07-23T08:00:00,22.456,22.4695,22.8,22.9,In,200
2026-07-23T08:10:00,22.498,22.475,22.7,22.8,In,200
2026-07-23T08:20:00,22.477,22.4805,22.7,22.8,In,200
2026-07-23T08:30:00,22.498,22.4888,22.7,22.9,In,200
2026-07-23T08:40:00,22.273,22.3967,22.7,22.8,In,200
2026-07-23T08:50:00,22.423,22.4792,22.7,22.8,In,200
2026-07-23T09:00:00,22.413,22.4888,22.7,22.9,In,200
2026-07-23T09:10:00,22.284,22.3156,22.7,22.9,In,200
2026-07-23T09:20:00,22.155,22.1576,22.8,22.9,In,200
2026-07-23T09:30:00,22.123,22.1301,22.8,22.9,In,200
2026-07-23T09:40:00,22.112,22.1136,22.7,22.9,In,200
2026-07-23T09:50:00,22.134,22.1136,22.5,22.6,In,200
2026-07-23T10:00:00,22.112,22.1136,22.4,22.6,In,200
2026-07-23T10:10:00,22.102,22.1068,22.4,22.6,In,200
2026-07-23T10:20:00,22.112,22.1013,22.3,22.5,In,200
2026-07-23T10:30:00,22.048,22.0793,22.4,22.5,In,200
2026-07-23T10:40:00,22.08,22.1082,22.4,22.5,In,200
2026-07-23T10:50:00,22.112,22.159,22.3,22.5,In,200
2026-07-23T11:00:00,22.177,22.2167,22.3,22.5,In,200
2026-07-23T11:10:00,22.241,22.2744,22.3,22.5,In,200
2026-07-23T11:20:00,22.027,22.0876,22.4,22.6,In,200
2026-07-23T11:30:00,21.962,22.0038,22.4,22.5,In,200
2026-07-23T11:40:00,21.962,21.9681,22.4,22.7,In,200
2026-07-23T11:50:00,21.962,21.9681,22.6,22.7,In,200
2026-07-23T12:00:00,21.994,22.0175,22.3,22.5,In,200
2026-07-23T12:10:00,22.027,22.034,22.3,22.4,In,200
2026-07-23T12:20:00,22.027,22.034,22.3,22.4,In,200
2026-07-23T12:30:00,22.027,22.0326,22.2,22.4,In,200
2026-07-23T12:40:00,22.048,22.0326,22.2,22.4,In,200
2026-07-23T12:50:00,22.037,22.0299,22.2,22.4,In,200
2026-07-23T13:00:00,22.037,22.0422,22.3,22.4,In,200
2026-07-23T13:10:00,22.069,22.0779,22.3,22.4,In,200
2026-07-23T13:20:00,22.145,22.1439,22.3,22.4,In,200
2026-07-23T13:30:00,22.177,22.17,22.2,22.4,In,200
2026-07-23T13:40:00,22.145,22.1988,22.3,22.4,In,200
2026-07-23T13:50:00,22.069,22.1521,22.3,22.5,In,200
2026-07-23T14:00:00,22.037,22.1562,22.4,22.5,In,200
2026-07-23T14:10:00,22.037,22.0546,22.4,22.6,In,200
2026-07-23T14:20:00,22.016,22.0244,22.4,22.6,In,200
2026-07-23T14:30:00,22.005,22.0216,22.4,22.5,In,200
2026-07-23T14:40:00,22.037,22.0175,22.4,22.6,In,200
2026-07-23T14:50:00,22.016,22.012,22.3,22.5,In,200
2026-07-23T15:00:00,22.005,22.0162,22.3,22.4,In,200
2026-07-23T15:10:00,22.016,22.056,22.2,22.4,In,200
2026-07-23T15:20:00,22.069,22.1329,22.2,22.4,In,200
2026-07-23T15:30:00,22.112,22.1562,22.2,22.4,In,200
2026-07-23T15:40:00,22.145,22.1603,22.3,22.5,In,200
2026-07-23T15:50:00,22.134,22.1425,22.4,22.5,In,200
2026-07-23T16:00:00,22.048,22.0807,22.4,22.5,In,200
2026-07-23T16:10:00,22.123,22.0889,22.4,22.6,In,200
2026-07-23T16:20:00,22.091,22.0848,22.3,22.5,In,200
2026-07-23T16:30:00,22.091,22.0697,22.4,22.5,In,200
2026-07-23T16:40:00,22.059,22.0656,22.3,22.4,In,200
2026-07-23T16:50:00,22.059,22.0766,22.3,22.5,In,200
2026-07-23T17:00:00,22.102,22.0889,22.4,22.4,In,200
2026-07-23T17:10:00,22.08,22.0876,22.3,22.4,In,200
2026-07-23T17:20:00,22.091,22.0848,22.4,22.4,In,200
2026-07-23T17:30:00,22.123,22.0848,22.3,22.5,In,200
2026-07-23T17:40:00,22.069,22.0807,22.3,22.4,In,200
2026-07-23T17:50:00,22.069,22.0683,22.3,22.5,In,200
2026-07-23T18:00:00,22.069,22.0683,22.3,22.4,In,200
2026-07-23T18:10:00,22.091,22.0752,22.3,22.5,In,200
2026-07-23T18:20:00,22.102,22.0999,22.4,22.4,In,200
2026-07-23T18:30:00,22.305,22.3183,22.3,22.4,In,200
2026-07-23T18:40:00,22.402,22.4256,22.3,22.4,In,200
2026-07-23T18:50:00,22.456,22.4572,22.3,22.5,In,200
2026-07-23T19:00:00,22.477,22.464,22.5,22.7,In,200
2026-07-23T19:10:00,22.456,22.4462,22.6,22.7,In,200
2026-07-23T19:20:00,22.423,22.4324,22.7,22.8,In,200
2026-07-23T19:30:00,22.413,22.4256,22.7,22.8,In,200
2026-07-23T19:40:00,22.434,22.4297,22.7,22.8,In,200
2026-07-23T19:50:00,22.391,22.4283,22.7,22.8,In,200
2026-07-23T20:00:00,22.423,22.4338,22.7,22.8,In,200
2026-07-23T20:10:00,22.445,22.4434,22.6,22.8,In,200
2026-07-23T20:20:00,22.434,22.4379,22.7,22.8,In,200
2026-07-23T20:30:00,22.295,22.3128,22.6,22.8,In,200
2026-07-23T20:40:00,22.273,22.2799,22.7,22.8,In,200
2026-07-23T20:50:00,22.198,22.2112,22.6,22.8,In,200
2026-07-23T21:00:00,22.187,22.1919,22.7,22.8,In,200
2026-07-23T21:10:00,22.209,22.2345,22.5,22.7,In,200
2026-07-23T21:20:00,22.273,22.2716,22.5,22.6,In,200
2026-07-23T21:30:00,22.284,22.2854,22.4,22.5,In,200
2026-07-23T21:40:00,22.295,22.3115,22.4,22.6,In,200
2026-07-23T21:50:00,22.305,22.3005,22.5,22.6,In,200
2026-07-23T22:00:00,22.187,22.2167,22.6,22.7,In,200
2026-07-23T22:10:00,22.209,22.2304,22.5,22.7,In,200
2026-07-23T22:20:00,22.23,22.2331,22.6,22.8,In,200
2026-07-23T22:30:00,22.177,22.2016,22.5,22.7,In,200
2026-07-23T22:40:00,22.123,22.1178,22.5,22.6,In,200
2026-07-23T22:50:00,22.102,22.104,22.5,22.7,In,200
2026-07-23T23:00:00,22.102,22.1521,22.5,22.7,In,200
2026-07-23T23:10:00,22.177,22.2579,22.4,22.6,In,200
2026-07-23T23:20:00,22.177,22.2084,22.4,22.5,In,200
2026-07-23T23:30:00,22.166,22.1782,22.4,22.6,In,200
2026-07-23T23:40:00,22.166,22.1507,22.5,22.6,In,200
2026-07-23T23:50:00,22.112,22.1425,22.6,22.7,In,200
2026-07-24T00:00:00,22.102,22.1411,22.4,22.6,In,200
2026-07-24T00:10:00,22.102,22.0972,22.4,22.6,In,200
2026-07-24T00:20:00,22.112,22.126,22.4,22.6,In,200
2026-07-24T00:30:00,22.134,22.1494,22.4,22.6,In,200
2026-07-24T00:40:00,22.123,22.1164,22.4,22.5,In,200
2026-07-24T00:50:00,22.102,22.1164,22.4,22.6,In,200
2026-07-24T01:00:00,22.091,22.126,22.4,22.6,In,200
2026-07-24T01:10:00,22.102,22.1191,22.4,22.6,In,200
2026-07-24T01:20:00,22.123,22.148,22.4,22.5,In,200
2026-07-24T01:30:00,22.166,22.1521,22.4,22.5,In,200
2026-07-24T01:40:00,22.155,22.1507,22.4,22.6,In,200
2026-07-24T01:50:00,22.177,22.1521,22.4,22.5,In,200
2026-07-24T02:00:00,22.145,22.1507,22.4,22.5,In,200
2026-07-24T02:10:00,22.166,22.1507,22.4,22.5,In,200
2026-07-24T02:20:00,22.145,22.1535,22.4,22.5,In,200
2026-07-24T02:30:00,22.177,22.159,22.4,22.5,In,200
2026-07-24T02:40:00,22.177,22.1974,22.4,22.5,In,200
2026-07-24T02:50:00,22.252,22.2469,22.4,22.5,In,200
2026-07-24T03:00:00,22.273,22.2634,22.4,22.5,In,200
2026-07-24T03:10:00,22.273,22.273,22.4,22.6,In,200
2026-07-24T03:20:00,22.252,22.2606,22.4,22.6,In,200
2026-07-24T03:30:00,22.263,22.284,22.4,22.6,In,200
2026-07-24T03:40:00,22.23,22.2702,22.5,22.6,In,200
2026-07-24T03:50:00,22.145,22.1658,22.6,22.7,In,200
2026-07-24T04:00:00,22.166,22.1645,22.6,22.6,In,200
2026-07-24T04:10:00,22.187,22.1809,22.5,22.7,In,200
2026-07-24T04:20:00,22.198,22.1864,22.4,22.7,In,200
2026-07-24T04:30:00,22.166,22.1727,22.4,22.6,In,200
2026-07-24T04:40:00,22.177,22.1851,22.4,22.5,In,200
2026-07-24T04:50:00,22.187,22.2125,22.5,22.5,In,200
2026-07-24T05:00:00,22.177,22.2098,22.4,22.5,In,200
2026-07-24T05:10:00,22.23,22.2579,22.4,22.7,In,200
2026-07-24T05:20:00,22.273,22.2785,22.4,22.6,In,200
2026-07-24T05:30:00,22.316,22.2936,22.5,22.5,In,200
2026-07-24T05:40:00,22.295,22.2964,22.5,22.7,In,200
2026-07-24T05:50:00,22.316,22.3073,22.5,22.6,In,200
2026-07-24T06:00:00,22.316,22.3128,22.5,22.6,In,200
2026-07-24T06:10:00,22.273,22.295,22.5,22.6,In,200
2026-07-24T06:20:00,22.263,22.3005,22.5,22.7,In,200
2026-07-24T06:30:00,22.273,22.3005,22.5,22.6,In,200
2026-07-24T06:40:00,22.305,22.2991,22.5,22.6,In,200
2026-07-24T06:50:00,22.316,22.306,22.6,22.7,In,200
2026-07-24T07:00:00,22.305,22.317,22.5,22.6,In,200
2026-07-24T07:10:00,22.316,22.3293,22.6,22.6,In,200
2026-07-24T07:20:00,22.316,22.3307,22.6,22.7,In,200
2026-07-24T07:30:00,22.338,22.3417,22.5,22.7,In,200
2026-07-24T07:40:00,22.338,22.3417,22.6,22.7,In,200
2026-07-24T07:50:00,22.327,22.3403,22.6,22.7,In,200
2026-07-24T08:00:00,22.348,22.35,22.6,22.7,In,200
2026-07-24T08:10:00,22.338,22.3431,22.6,22.7,In,200
2026-07-24T08:20:00,22.338,22.3678,22.6,22.7,In,200
2026-07-24T08:30:00,22.413,22.3857,22.6,22.7,In,200
2026-07-24T08:40:00,22.37,22.3912,22.6,22.7,In,200
2026-07-24T08:50:00,22.391,22.3953,22.6,22.7,In,200
2026-07-24T09:00:00,22.391,22.4008,22.6,22.7,In,200
2026-07-24T09:10:00,22.391,22.4022,22.7,22.7,In,200
2026-07-24T09:20:00,22.23,22.2799,22.7,22.7,In,200
2026-07-24T09:30:00,22.23,22.2249,22.6,22.7,In,200
2026-07-24T09:40:00,22.252,22.2785,22.6,22.7,In,200
2026-07-24T09:50:00,22.284,22.2991,22.7,22.7,In,200
2026-07-24T10:00:00,22.316,22.3142,22.5,22.7,In,200
2026-07-24T10:10:00,22.22,22.2606,22.5,22.7,In,200
2026-07-24T10:20:00,22.187,22.1851,22.5,22.7,In,200
2026-07-24T10:30:00,22.177,22.1906,22.6,22.7,In,200
2026-07-24T10:40:00,22.198,22.1961,22.6,22.6,In,200
2026-07-24T10:50:00,22.198,22.2153,22.4,22.6,In,200
2026-07-24T11:00:00,22.22,22.2565,22.4,22.6,In,200
2026-07-24T11:10:00,22.252,22.2826,22.4,22.6,In,200
2026-07-24T11:20:00,22.252,22.2936,22.4,22.6,In,200
2026-07-24T11:30:00,22.327,22.3225,22.5,22.6,In,200
2026-07-24T11:40:00,22.327,22.3321,22.6,22.7,In,200
2026-07-24T11:50:00,22.348,22.3472,22.5,22.7,In,200
2026-07-24T12:00:00,22.177,22.262,22.6,22.7,In,200
2026-07-24T12:10:00,22.112,22.1329,22.6,22.7,In,200
2026-07-24T12:20:00,22.112,22.1191,22.6,22.7,In,200
2026-07-24T12:30:00,22.123,22.1205,22.5,22.7,In,200
2026-07-24T12:40:00,22.123,22.1288,22.4,22.6,In,200
2026-07-24T12:50:00,22.134,22.1356,22.4,22.5,In,200
2026-07-24T13:00:00,22.145,22.1315,22.4,22.5,In,200
2026-07-24T13:10:00,22.123,22.1329,22.4,22.5,In,200
2026-07-24T13:20:00,22.145,22.1356,22.3,22.5,In,200
2026-07-24T13:30:00,22.134,22.1315,22.3,22.5,In,200
2026-07-24T13:40:00,22.112,22.115,22.3,22.5,In,200
2026-07-24T13:50:00,22.091,22.1013,22.3,22.5,In,200
2026-07-24T14:00:00,22.102,22.0999,22.4,22.5,In,200
2026-07-24T14:10:00,22.091,22.104,22.3,22.5,In,200
2026-07-24T14:20:00,22.112,22.1054,22.3,22.5,In,200
2026-07-24T14:30:00,22.112,22.1068,22.3,22.5,In,200
2026-07-24T14:40:00,22.102,22.1068,22.3,22.5,In,200
2026-07-24T14:50:00,22.112,22.1109,22.3,22.5,In,200
2026-07-24T15:00:00,22.102,22.1095,22.3,22.5,In,200
2026-07-24T15:10:00,22.123,22.1123,22.3,22.5,In,200
2026-07-24T15:20:00,22.112,22.1082,22.3,22.5,In,200
2026-07-24T15:30:00,22.102,22.1136,22.3,22.5,In,200
2026-07-24T15:40:00,22.112,22.1164,22.4,22.5,In,200
2026-07-24T15:50:00,22.112,22.1205,22.4,22.4,In,200
2026-07-24T16:00:00,22.134,22.1233,22.4,22.5,In,200
2026-07-24T16:10:00,22.134,22.126,22.3,22.5,In,200
2026-07-24T16:20:00,22.145,22.1342,22.4,22.5,In,200
2026-07-24T16:30:00,22.145,22.1411,22.4,22.5,In,200
2026-07-24T16:40:00,22.123,22.1315,22.3,22.5,In,200
2026-07-24T16:50:00,22.123,22.137,22.4,22.5,In,200
2026-07-24T17:00:00,22.134,22.1397,22.4,22.5,In,200
2026-07-24T17:10:00,22.177,22.1933,22.4,22.5,In,200
2026-07-24T17:20:00,22.209,22.2318,22.4,22.5,In,200
2026-07-24T17:30:00,22.22,22.2304,22.3,22.5,In,200
2026-07-24T17:40:00,22.198,22.2125,22.4,22.5,In,200
2026-07-24T17:50:00,22.187,22.2235,22.4,22.6,In,200
2026-07-24T18:00:00,22.23,22.218,22.4,22.6,In,200
2026-07-24T18:10:00,22.198,22.2043,22.4,22.6,In,200
2026-07-24T18:20:00,22.209,22.2263,22.4,22.6,In,200
2026-07-24T18:30:00,22.241,22.2565,22.5,22.6,In,200
2026-07-24T18:40:00,22.263,22.2812,22.5,22.6,In,200
2026-07-24T18:50:00,22.284,22.2895,22.5,22.6,In,200
2026-07-24T19:00:00,22.316,22.2922,22.5,22.7,In,200
2026-07-24T19:10:00,22.316,22.2922,22.5,22.6,In,200
2026-07-24T19:20:00,22.284,22.2854,22.5,22.6,In,200
2026-07-24T19:30:00,22.273,22.2799,22.5,22.7,In,200
2026-07-24T19:40:00,22.295,22.2854,22.5,22.7,In,200
2026-07-24T19:50:00,22.263,22.2909,22.5,22.6,In,200
2026-07-24T20:00:00,22.284,22.295,22.6,22.7,In,200
2026-07-24T20:10:00,22.284,22.2826,22.5,22.7,In,200
2026-07-24T20:20:00,22.273,22.2785,22.6,22.6,In,200
2026-07-24T20:30:00,22.305,22.2785,22.5,22.7,In,200
2026-07-24T20:40:00,22.295,22.3073,22.5,22.6,In,200
2026-07-24T20:50:00,22.284,22.2867,22.6,22.6,In,200
2026-07-24T21:00:00,22.22,22.2524,22.5,22.7,In,200
2026-07-24T21:10:00,22.22,22.207,22.5,22.7,In,200
2026-07-24T21:20:00,22.209,22.1878,22.6,22.7,In,200
2026-07-24T21:30:00,22.177,22.1823,22.6,22.7,In,200
2026-07-24T21:40:00,22.187,22.1837,22.5,22.6,In,200
2026-07-24T21:50:00,22.198,22.1892,22.5,22.6,In,200
2026-07-24T22:00:00,22.145,22.1645,22.4,22.6,In,200
2026-07-24T22:10:00,22.134,22.1315,22.4,22.5,In,200
2026-07-24T22:20:00,22.112,22.1013,22.5,22.6,In,200
2026-07-24T22:30:00,22.08,22.0848,22.5,22.5,In,200
2026-07-24T22:40:00,22.102,22.0889,22.4,22.5,In,200
2026-07-24T22:50:00,22.102,22.093,22.4,22.5,In,200
2026-07-24T23:00:00,22.134,22.1425,22.3,22.5,In,200
2026-07-24T23:10:00,22.134,22.1631,22.3,22.5,In,200
2026-07-24T23:20:00,22.134,22.1397,22.3,22.4,In,200
2026-07-24T23:30:00,22.134,22.137,22.4,22.5,In,200
2026-07-24T23:40:00,22.155,22.1452,22.4,22.6,In,200
2026-07-24T23:50:00,22.155,22.1713,22.4,22.6,In,200
2026-07-25T00:00:00,22.177,22.2002,22.4,22.6,In,200
2026-07-25T00:10:00,22.241,22.2331,22.5,22.6,In,200
2026-07-25T00:20:00,22.23,22.2414,22.4,22.6,In,200
2026-07-25T00:30:00,22.23,22.2469,22.5,22.6,In,200
2026-07-25T00:40:00,22.263,22.2496,22.4,22.6,In,200
2026-07-25T00:50:00,22.177,22.1961,22.5,22.6,In,200
2026-07-25T01:00:00,22.177,22.1686,22.5,22.6,In,200
2026-07-25T01:10:00,22.112,22.1233,22.5,22.6,In,200
2026-07-25T01:20:00,22.102,22.1027,22.5,22.6,In,200
2026-07-25T01:30:00,22.091,22.0876,22.4,22.5,In,200
2026-07-25T01:40:00,22.091,22.0807,22.4,22.5,In,200
2026-07-25T01:50:00,22.08,22.0779,22.4,22.5,In,200
2026-07-25T02:00:00,22.08,22.0821,22.4,22.5,In,200
2026-07-25T02:10:00,22.091,22.0876,22.3,22.5,In,200
2026-07-25T02:20:00,22.102,22.1082,22.3,22.4,In,200
2026-07-25T02:30:00,22.112,22.1123,22.3,22.5,In,200
2026-07-25T02:40:00,22.091,22.1095,22.3,22.5,In,200
2026-07-25T02:50:00,22.112,22.1205,22.3,22.5,In,200
2026-07-25T03:00:00,22.134,22.137,22.4,22.4,In,200
2026-07-25T03:10:00,22.145,22.1507,22.3,22.5,In,200
2026-07-25T03:20:00,22.112,22.1439,22.3,22.5,In,200
2026-07-25T03:30:00,22.102,22.1274,22.3,22.5,In,200
2026-07-25T03:40:00,22.102,22.0903,22.4,22.5,In,200
2026-07-25T03:50:00,22.08,22.0793,22.4,22.5,In,200
2026-07-25T04:00:00,22.069,22.0793,22.4,22.5,In,200
2026-07-25T04:10:00,22.102,22.0862,22.4,22.5,In,200
2026-07-25T04:20:00,22.102,22.0903,22.3,22.4,In,200
2026-07-25T04:30:00,22.091,22.0848,22.3,22.5,In,200
2026-07-25T04:40:00,22.091,22.0807,22.3,22.5,In,200
2026-07-25T04:50:00,22.059,22.0683,22.3,22.5,In,200
2026-07-25T05:00:00,22.08,22.0779,22.3,22.4,In,200
2026-07-25T05:10:00,22.123,22.0985,22.3,22.5,In,200
2026-07-25T05:20:00,22.102,22.1494,22.3,22.4,In,200
2026-07-25T05:30:00,22.145,22.1892,22.3,22.4,In,200
2026-07-25T05:40:00,22.134,22.1713,22.3,22.4,In,200
2026-07-25T05:50:00,22.155,22.1741,22.4,22.6,In,200
2026-07-25T06:00:00,22.198,22.1988,22.4,22.6,In,200
2026-07-25T06:10:00,22.252,22.2496,22.5,22.7,In,200
2026-07-25T06:20:00,22.273,22.2799,22.5,22.7,In,200
2026-07-25T06:30:00,22.273,22.2991,22.4,22.6,In,200
2026-07-25T06:40:00,22.263,22.2909,22.4,22.6,In,200
2026-07-25T06:50:00,22.263,22.2826,22.5,22.7,In,200
2026-07-25T07:00:00,22.284,22.2757,22.5,22.7,In,200
2026-07-25T07:10:00,22.263,22.2661,22.6,22.6,In,200
2026-07-25T07:20:00,22.273,22.2661,22.5,22.7,In,200
2026-07-25T07:30:00,22.284,22.2785,22.5,22.6,In,200
2026-07-25T07:40:00,22.295,22.3101,22.5,22.6,In,200
2026-07-25T07:50:00,22.316,22.3431,22.5,22.6,In,200
2026-07-25T08:00:00,22.338,22.3486,22.5,22.6,In,200
2026-07-25T08:10:00,22.338,22.3417,22.5,22.6,In,200
2026-07-25T08:20:00,22.338,22.3596,22.6,22.7,In,200
2026-07-25T08:30:00,22.445,22.4462,22.6,22.7,In,200
2026-07-25T08:40:00,22.477,22.4929,22.6,22.7,In,200
2026-07-25T08:50:00,22.338,22.3953,22.6,22.7,In,200
2026-07-25T09:00:00,22.338,22.3554,22.7,22.8,In,200
2026-07-25T09:10:00,22.316,22.3087,22.7,22.9,In,200
2026-07-25T09:20:00,22.284,22.2881,22.7,22.9,In,200
2026-07-25T09:30:00,22.273,22.2634,22.6,22.9,In,200
2026-07-25T09:40:00,22.263,22.2634,22.6,22.9,In,200
2026-07-25T09:50:00,22.263,22.2551,22.6,22.7,In,200
2026-07-25T10:00:00,22.209,22.2496,22.5,22.7,In,200
2026-07-25T10:10:00,22.134,22.1521,22.5,22.6,In,200
2026-07-25T10:20:00,22.102,22.1288,22.5,22.6,In,200
2026-07-25T10:30:00,22.08,22.1288,22.4,22.7,In,200
2026-07-25T10:40:00,22.112,22.1425,22.4,22.6,In,200
2026-07-25T10:50:00,22.08,22.1246,22.4,22.6,In,200
2026-07-25T11:00:00,22.102,22.1521,22.4,22.6,In,200
2026-07-25T11:10:00,22.177,22.1933,22.4,22.6,In,200
2026-07-25T11:20:00,22.145,22.1603,22.6,22.7,In,200
2026-07-25T11:30:00,22.08,22.0711,22.5,22.7,In,200
2026-07-25T11:40:00,22.177,22.1919,22.5,22.7,In,200
2026-07-25T11:50:00,22.23,22.2757,22.5,22.7,In,200
2026-07-25T12:00:00,22.284,22.2936,22.4,22.6,In,200
2026-07-25T12:10:00,22.166,22.2139,22.3,22.5,In,200
2026-07-25T12:20:00,22.123,22.1315,22.5,22.6,In,200
2026-07-25T12:30:00,22.102,22.1246,22.5,22.6,In,200
2026-07-25T12:40:00,22.145,22.1768,22.5,22.7,In,200
2026-07-25T12:50:00,22.145,22.1796,22.4,22.6,In,200
2026-07-25T13:00:00,22.112,22.1631,22.4,22.6,In,200
2026-07-25T13:10:00,22.091,22.0876,22.4,22.5,In,200
2026-07-25T13:20:00,22.059,22.0724,22.4,22.5,In,200
2026-07-25T13:30:00,22.123,22.115,22.4,22.6,In,200
2026-07-25T13:40:00,22.123,22.126,22.4,22.5,In,200
2026-07-25T13:50:00,22.134,22.148,22.3,22.5,In,200
2026-07-25T14:00:00,22.123,22.1274,22.3,22.5,In,200
2026-07-25T14:10:00,22.134,22.1246,22.3,22.5,In,200
2026-07-25T14:20:00,22.123,22.1233,22.4,22.5,In,200
2026-07-25T14:30:00,22.112,22.1288,22.4,22.5,In,200
2026-07-25T14:40:00,22.145,22.1274,22.4,22.5,In,200
2026-07-25T14:50:00,22.134,22.1301,22.3,22.5,In,200
2026-07-25T15:00:00,22.134,22.1315,22.4,22.5,In,200
2026-07-25T15:10:00,22.134,22.1301,22.4,22.5,In,200
2026-07-25T15:20:00,22.123,22.1246,22.4,22.5,In,200
2026-07-25T15:30:00,22.102,22.115,22.4,22.5,In,200
2026-07-25T15:40:00,22.123,22.1123,22.4,22.5,In,200
2026-07-25T15:50:00,22.123,22.1054,22.3,22.5,In,200
2026-07-25T16:00:00,22.112,22.1068,22.4,22.5,In,200
2026-07-25T16:10:00,22.112,22.1109,22.4,22.5,In,200
2026-07-25T16:20:00,22.145,22.1123,22.4,22.5,In,200
2026-07-25T16:30:00,22.134,22.1095,22.4,22.5,In,200
2026-07-25T16:40:00,22.069,22.104,22.4,22.5,In,200
2026-07-25T16:50:00,21.962,22.0326,22.3,22.5,In,200
2026-07-25T17:00:00,21.984,22.0038,22.4,22.5,In,200
2026-07-25T17:10:00,22.027,22.0573,22.3,22.5,In,200
2026-07-25T17:20:00,22.069,22.067,22.3,22.5,In,200
2026-07-25T17:30:00,22.091,22.0958,22.3,22.5,In,200
2026-07-25T17:40:00,22.091,22.093,22.3,22.4,In,200
2026-07-25T17:50:00,22.102,22.093,22.3,22.4,In,200
2026-07-25T18:00:00,22.112,22.0944,22.3,22.5,In,200
2026-07-25T18:10:00,22.091,22.0972,22.4,22.4,In,200
2026-07-25T18:20:00,22.123,22.0999,22.3,22.5,In,200
2026-07-25T18:30:00,22.102,22.104,22.3,22.5,In,200
2026-07-25T18:40:00,22.005,22.0422,22.3,22.4,In,200
2026-07-25T18:50:00,22.037,22.045,22.3,22.5,In,200
2026-07-25T19:00:00,22.059,22.0656,22.4,22.5,In,200
2026-07-25T19:10:00,22.08,22.0876,22.3,22.4,In,200
2026-07-25T19:20:00,22.112,22.1013,22.3,22.4,In,200
2026-07-25T19:30:00,22.102,22.1068,22.3,22.4,In,200
2026-07-25T19:40:00,22.134,22.115,22.3,22.5,In,200
2026-07-25T19:50:00,22.123,22.1301,22.3,22.5,In,200
2026-07-25T20:00:00,22.123,22.1397,22.4,22.4,In,200
2026-07-25T20:10:00,22.102,22.1768,22.3,22.5,In,200
2026-07-25T20:20:00,22.22,22.2249,22.3,22.5,In,200
2026-07-25T20:30:00,22.252,22.2414,22.4,22.5,In,200
2026-07-25T20:40:00,22.263,22.2538,22.4,22.5,In,200
2026-07-25T20:50:00,22.273,22.2757,22.4,22.6,In,200
2026-07-25T21:00:00,22.305,22.3019,22.5,22.6,In,200
2026-07-25T21:10:00,22.348,22.3527,22.5,22.7,In,200
2026-07-25T21:20:00,22.381,22.3719,22.5,22.6,In,200
2026-07-25T21:30:00,22.327,22.3774,22.5,22.6,In,200
2026-07-25T21:40:00,22.273,22.3335,22.5,22.7,In,200
2026-07-25T21:50:00,22.263,22.2936,22.6,22.7,In,200
2026-07-25T22:00:00,22.252,22.273,22.6,22.7,In,200
2026-07-25T22:10:00,22.23,22.2634,22.6,22.8,In,200
2026-07-25T22:20:00,22.23,22.2579,22.6,22.7,In,200
2026-07-25T22:30:00,22.241,22.2606,22.5,22.7,In,200
2026-07-25T22:40:00,22.187,22.2331,22.5,22.7,In,200
2026-07-25T22:50:00,22.209,22.2222,22.5,22.6,In,200
2026-07-25T23:00:00,22.198,22.2125,22.5,22.7,In,200
2026-07-25T23:10:00,22.209,22.207,22.5,22.6,In,200
2026-07-25T23:20:00,22.155,22.1864,22.5,22.7,In,200
2026-07-25T23:30:00,22.069,22.0944,22.5,22.6,In,200
2026-07-25T23:40:00,22.102,22.0944,22.5,22.6,In,200
2026-07-25T23:50:00,22.112,22.1191,22.4,22.5,In,200
2026-07-26T00:00:00,22.145,22.1603,22.4,22.5,In,200
2026-07-26T00:10:00,22.187,22.2016,22.4,22.5,In,200
2026-07-26T00:20:00,22.252,22.2524,22.4,22.5,In,200
2026-07-26T00:30:00,22.22,22.2263,22.4,22.5,In,200
2026-07-26T00:40:00,22.22,22.229,22.4,22.6,In,200
2026-07-26T00:50:00,22.23,22.2208,22.5,22.6,In,200
2026-07-26T01:00:00,22.155,22.1823,22.4,22.5,In,200
2026-07-26T01:10:00,22.155,22.148,22.4,22.6,In,200
2026-07-26T01:20:00,22.123,22.1219,22.5,22.6,In,200
2026-07-26T01:30:00,22.123,22.1109,22.4,22.6,In,200
2026-07-26T01:40:00,22.102,22.1191,22.4,22.6,In,200
2026-07-26T01:50:00,22.112,22.1315,22.4,22.5,In,200
2026-07-26T02:00:00,22.102,22.1136,22.3,22.5,In,200
2026-07-26T02:10:00,22.102,22.126,22.4,22.5,In,200
2026-07-26T02:20:00,22.123,22.1507,22.4,22.5,In,200
2026-07-26T02:30:00,22.155,22.17,22.4,22.5,In,200
2026-07-26T02:40:00,22.155,22.1741,22.3,22.5,In,200
2026-07-26T02:50:00,22.155,22.1782,22.3,22.4,In,200
2026-07-26T03:00:00,22.102,22.1288,22.4,22.6,In,200
2026-07-26T03:10:00,22.08,22.0876,22.4,22.5,In,200
2026-07-26T03:20:00,22.069,22.067,22.4,22.5,In,200
2026-07-26T03:30:00,22.059,22.0519,22.4,22.5,In,200
2026-07-26T03:40:00,22.08,22.0738,22.3,22.5,In,200
2026-07-26T03:50:00,22.08,22.0779,22.3,22.5,In,200
2026-07-26T04:00:00,22.059,22.0683,22.3,22.5,In,200
2026-07-26T04:10:00,22.059,22.067,22.3,22.5,In,200
2026-07-26T04:20:00,22.059,22.0628,22.3,22.5,In,200
2026-07-26T04:30:00,22.027,22.056,22.3,22.4,In,200
2026-07-26T04:40:00,22.048,22.0532,22.3,22.4,In,200
2026-07-26T04:50:00,22.069,22.0587,22.3,22.4,In,200
2026-07-26T05:00:00,22.059,22.0601,22.3,22.5,In,200
2026-07-26T05:10:00,22.069,22.0573,22.2,22.4,In,200
2026-07-26T05:20:00,22.037,22.0546,22.3,22.5,In,200
2026-07-26T05:30:00,22.059,22.0532,22.2,22.4,In,200
2026-07-26T05:40:00,22.08,22.0491,22.2,22.4,In,200
2026-07-26T05:50:00,22.048,22.045,22.3,22.4,In,200
2026-07-26T06:00:00,22.037,22.0395,22.3,22.4,In,200
2026-07-26T06:10:00,22.005,22.0024,22.3,22.4,In,200
2026-07-26T06:20:00,22.005,22.012,22.3,22.4,In,200
2026-07-26T06:30:00,22.016,22.0148,22.3,22.4,In,200
2026-07-26T06:40:00,21.994,22.0148,22.3,22.4,In,200
2026-07-26T06:50:00,21.994,22.0148,22.3,22.4,In,200
2026-07-26T07:00:00,22.027,22.0162,22.2,22.4,In,200
2026-07-26T07:10:00,22.027,22.0216,22.3,22.4,In,200
2026-07-26T07:20:00,22.027,22.0258,22.3,22.4,In,200
2026-07-26T07:30:00,22.037,22.0354,22.3,22.4,In,200
2026-07-26T07:40:00,22.059,22.045,22.2,22.4,In,200
2026-07-26T07:50:00,22.059,22.0464,22.3,22.4,In,200
2026-07-26T08:00:00,22.037,22.0436,22.3,22.4,In,200
2026-07-26T08:10:00,22.059,22.0546,22.3,22.4,In,200
2026-07-26T08:20:00,22.08,22.067,22.3,22.4,In,200
2026-07-26T08:30:00,22.08,22.0766,22.3,22.4,In,200
2026-07-26T08:40:00,22.08,22.0807,22.3,22.4,In,200
2026-07-26T08:50:00,22.091,22.0766,22.3,22.4,In,200
2026-07-26T09:00:00,22.08,22.0683,22.3,22.4,In,200
2026-07-26T09:10:00,22.059,22.0711,22.3,22.4,In,200
2026-07-26T09:20:00,22.08,22.0821,22.3,22.4,In,200
2026-07-26T09:30:00,22.102,22.0958,22.3,22.4,In,200
2026-07-26T09:40:00,22.134,22.1178,22.3,22.4,In,200
2026-07-26T09:50:00,22.134,22.1411,22.3,22.4,In,200
2026-07-26T10:00:00,22.145,22.1494,22.3,22.4,In,200
2026-07-26T10:10:00,22.145,22.1617,22.3,22.5,In,200
2026-07-26T10:20:00,22.177,22.1768,22.4,22.5,In,200
2026-07-26T10:30:00,22.187,22.2153,22.4,22.5,In,200
2026-07-26T10:40:00,22.209,22.2263,22.4,22.6,In,200
2026-07-26T10:50:00,22.22,22.2208,22.4,22.6,In,200
2026-07-26T11:00:00,22.23,22.2208,22.4,22.6,In,200
2026-07-26T11:10:00,22.22,22.2208,22.4,22.6,In,200
2026-07-26T11:20:00,22.123,22.1576,22.5,22.6,In,200
2026-07-26T11:30:00,22.102,22.115,22.5,22.6,In,200
2026-07-26T11:40:00,22.112,22.1411,22.4,22.6,In,200
2026-07-26T11:50:00,22.08,22.1082,22.4,22.6,In,200
2026-07-26T12:00:00,22.027,22.0724,22.5,22.5,In,200
2026-07-26T12:10:00,22.005,22.0162,22.4,22.5,In,200
2026-07-26T12:20:00,21.973,21.975,22.4,22.5,In,200
2026-07-26T12:30:00,21.962,21.964,22.4,22.5,In,200
2026-07-26T12:40:00,21.994,21.9722,22.3,22.5,In,200
2026-07-26T12:50:00,22.005,21.9983,22.3,22.4,In,200
2026-07-26T13:00:00,22.048,22.0381,22.2,22.4,In,200
2026-07-26T13:10:00,22.069,22.0766,22.2,22.3,In,200
2026-07-26T13:20:00,22.08,22.0821,22.2,22.3,In,200
2026-07-26T13:30:00,22.027,22.0477,22.2,22.4,In,200
2026-07-26T13:40:00,22.048,22.0546,22.3,22.4,In,200
2026-07-26T13:50:00,22.08,22.0807,22.3,22.4,In,200
2026-07-26T14:00:00,22.08,22.093,22.3,22.4,In,200
2026-07-26T14:10:00,22.091,22.093,22.3,22.4,In,200
2026-07-26T14:20:00,22.091,22.1013,22.3,22.4,In,200
2026-07-26T14:30:00,22.069,22.0876,22.4,22.5,In,200
2026-07-26T14:40:00,22.069,22.067,22.4,22.4,In,200
2026-07-26T14:50:00,22.027,22.0354,22.4,22.6,In,200
2026-07-26T15:00:00,22.027,22.0326,22.3,22.5,In,200
2026-07-26T15:10:00,22.027,22.0491,22.3,22.4,In,200
2026-07-26T15:20:00,22.016,22.0299,22.3,22.4,In,200
2026-07-26T15:30:00,22.037,22.0258,22.3,22.4,In,200
2026-07-26T15:40:00,22.027,22.0244,22.3,22.4,In,200
2026-07-26T15:50:00,22.037,22.034,22.2,22.4,In,200
2026-07-26T16:00:00,22.069,22.0642,22.2,22.4,In,200
2026-07-26T16:10:00,22.08,22.0793,22.3,22.4,In,200
2026-07-26T16:20:00,22.08,22.0793,22.3,22.5,In,200
2026-07-26T16:30:00,22.069,22.0779,22.3,22.4,In,200
2026-07-26T16:40:00,22.059,22.0546,22.3,22.5,In,200
2026-07-26T16:50:00,22.037,22.0491,22.3,22.5,In,200
2026-07-26T17:00:00,22.048,22.0505,22.3,22.5,In,200
2026-07-26T17:10:00,22.048,22.0697,22.3,22.4,In,200
2026-07-26T17:20:00,22.027,22.0642,22.3,22.5,In,200
2026-07-26T17:30:00,22.005,22.0367,22.3,22.4,In,200
2026-07-26T17:40:00,22.016,22.0409,22.3,22.4,In,200
2026-07-26T17:50:00,22.037,22.0395,22.3,22.5,In,200
2026-07-26T18:00:00,22.037,22.0258,22.3,22.5,In,200
2026-07-26T18:10:00,22.027,22.0148,22.3,22.4,In,200
2026-07-26T18:20:00,22.027,22.0216,22.3,22.4,In,200
2026-07-26T18:30:00,22.027,22.023,22.3,22.4,In,200
2026-07-26T18:40:00,22.037,22.0244,22.2,22.4,In,200
2026-07-26T18:50:00,22.005,22.0175,22.2,22.4,In,200
2026-07-26T19:00:00,22.027,22.0148,22.3,22.4,In,200
2026-07-26T19:10:00,22.027,22.0134,22.3,22.3,In,200
2026-07-26T19:20:00,21.962,21.9805,22.3,22.4,In,200
2026-07-26T19:30:00,21.952,21.9928,22.2,22.4,In,200
2026-07-26T19:40:00,21.984,21.9887,22.2,22.4,In,200
2026-07-26T19:50:00,21.973,21.9846,22.3,22.3,In,200
2026-07-26T20:00:00,21.973,21.9942,22.2,22.4,In,200
2026-07-26T20:10:00,21.984,22.001,22.3,22.4,In,200
2026-07-26T20:20:00,21.984,22.0148,22.3,22.3,In,200
2026-07-26T20:30:00,21.994,22.0175,22.2,22.4,In,200
2026-07-26T20:40:00,22.005,22.0203,22.2,22.4,In,200
2026-07-26T20:50:00,22.027,22.0505,22.3,22.4,In,200
2026-07-26T21:00:00,22.069,22.0656,22.2,22.4,In,200
2026-07-26T21:10:00,22.037,22.0834,22.3,22.4,In,200
2026-07-26T21:20:00,22.08,22.0793,22.3,22.4,In,200
2026-07-26T21:30:00,22.102,22.0999,22.3,22.4,In,200
2026-07-26T21:40:00,22.123,22.1164,22.4,22.5,In,200
2026-07-26T21:50:00,22.177,22.1342,22.3,22.5,In,200
2026-07-26T22:00:00,22.155,22.1466,22.3,22.5,In,200
2026-07-26T22:10:00,22.187,22.2249,22.4,22.5,In,200
2026-07-26T22:20:00,22.241,22.262,22.4,22.5,In,200
2026-07-26T22:30:00,22.273,22.2977,22.4,22.5,In,200
2026-07-26T22:40:00,22.273,22.295,22.4,22.6,In,200
2026-07-26T22:50:00,22.316,22.3692,22.5,22.7,In,200
2026-07-26T23:00:00,22.37,22.3857,22.6,22.8,In,200
2026-07-26T23:10:00,22.434,22.4297,22.6,22.7,In,200
2026-07-26T23:20:00,22.477,22.4654,22.6,22.8,In,200
2026-07-26T23:30:00,22.477,22.4874,22.6,22.8,In,200
2026-07-26T23:40:00,22.488,22.4943,22.6,22.8,In,200
2026-07-26T23:50:00,22.498,22.5012,22.7,22.9,In,200
2026-07-27T00:00:00,22.305,22.3692,22.7,22.8,In,200
2026-07-27T00:10:00,22.252,22.3417,22.7,22.8,In,200
2026-07-27T00:20:00,22.305,22.3376,22.7,22.9,In,200
2026-07-27T00:30:00,22.273,22.3225,22.7,22.8,In,200
2026-07-27T00:40:00,22.263,22.2469,22.6,22.8,In,200
2026-07-27T00:50:00,22.198,22.2112,22.6,22.8,In,200
2026-07-27T01:00:00,22.22,22.2318,22.6,22.8,In,200
2026-07-27T01:10:00,22.22,22.229,22.6,22.7,In,200
2026-07-27T01:20:00,22.252,22.262,22.4,22.6,In,200
2026-07-27T01:30:00,22.359,22.3541,22.5,22.6,In,200
2026-07-27T01:40:00,22.413,22.4214,22.5,22.7,In,200
2026-07-27T01:50:00,22.359,22.4132,22.5,22.6,In,200
2026-07-27T02:00:00,22.187,22.2593,22.6,22.7,In,200
2026-07-27T02:10:00,22.155,22.1837,22.6,22.7,In,200
2026-07-27T02:20:00,22.145,22.1397,22.7,22.8,In,200
2026-07-27T02:30:00,22.134,22.1329,22.6,22.7,In,200
2026-07-27T02:40:00,22.069,22.0999,22.4,22.7,In,200
2026-07-27T02:50:00,22.08,22.1123,22.4,22.6,In,200
2026-07-27T03:00:00,22.112,22.1315,22.4,22.5,In,200
2026-07-27T03:10:00,22.112,22.1411,22.4,22.5,In,200
2026-07-27T03:20:00,22.145,22.159,22.3,22.5,In,200
2026-07-27T03:30:00,22.177,22.1686,22.3,22.5,In,200
2026-07-27T03:40:00,22.145,22.1617,22.3,22.5,In,200
2026-07-27T03:50:00,22.091,22.1466,22.4,22.5,In,200
2026-07-27T04:00:00,22.102,22.1356,22.4,22.5,In,200
2026-07-27T04:10:00,22.177,22.1686,22.4,22.5,In,200
2026-07-27T04:20:00,22.177,22.2029,22.4,22.5,In,200
2026-07-27T04:30:00,22.284,22.2757,22.4,22.5,In,200
2026-07-27T04:40:00,22.273,22.3019,22.4,22.6,In,200
2026-07-27T04:50:00,22.305,22.3005,22.4,22.5,In,200
2026-07-27T05:00:00,22.316,22.3458,22.5,22.6,In,200
2026-07-27T05:10:00,22.37,22.3898,22.5,22.7,In,200
2026-07-27T05:20:00,22.423,22.4434,22.5,22.7,In,200
2026-07-27T05:30:00,22.112,22.1782,22.6,22.7,In,200
2026-07-27T05:40:00,22.187,22.3692,22.6,22.7,In,200
2026-07-27T05:50:00,22.338,22.3678,22.7,22.8,In,200
2026-07-27T06:00:00,22.434,22.4544,22.7,22.9,In,200
2026-07-27T06:10:00,22.488,22.5025,22.6,22.8,In,200
2026-07-27T06:20:00,22.563,22.5617,22.7,22.8,In,200
2026-07-27T06:30:00,22.574,22.5768,22.7,22.8,In,200
2026-07-27T06:40:00,22.359,22.4544,22.7,22.9,In,200
2026-07-27T06:50:00,22.413,22.4654,22.8,22.9,In,200
2026-07-27T07:00:00,22.423,22.4695,22.8,22.9,In,200
2026-07-27T07:10:00,22.423,22.4805,22.8,22.9,In,200
2026-07-27T07:20:00,22.423,22.4462,22.8,22.9,In,200
2026-07-27T07:30:00,22.434,22.4407,22.8,22.9,In,200
2026-07-27T07:40:00,22.338,22.3788,22.7,22.8,In,200
2026-07-27T07:50:00,22.316,22.3211,22.7,22.8,In,200
2026-07-27T08:00:00,22.284,22.3225,22.7,22.8,In,200
2026-07-27T08:10:00,22.338,22.3651,22.6,22.8,In,200
2026-07-27T08:20:00,22.37,22.3843,22.6,22.7,In,200
2026-07-27T08:30:00,22.391,22.4091,22.6,22.7,In,200
2026-07-27T08:40:00,22.37,22.3994,22.6,22.8,In,200
2026-07-27T08:50:00,22.23,22.2675,22.6,22.8,In,200
2026-07-27T09:00:00,22.198,22.2386,22.7,22.8,In,200
2026-07-27T09:10:00,22.187,22.2235,22.6,22.8,In,200
2026-07-27T09:20:00,22.059,22.17,22.6,22.8,In,200
2026-07-27T09:30:00,22.069,22.0807,22.5,22.7,In,200
2026-07-27T09:40:00,22.048,22.0519,22.4,22.6,In,200
2026-07-27T09:50:00,22.069,22.0683,22.5,22.6,In,200
2026-07-27T10:00:00,22.102,22.0985,22.4,22.6,In,200
2026-07-27T10:10:00,22.145,22.1301,22.3,22.5,In,200
2026-07-27T10:20:00,22.155,22.17,22.3,22.5,In,200
2026-07-27T10:30:00,22.123,22.1631,22.3,22.5,In,200
2026-07-27T10:40:00,22.145,22.1452,22.4,22.5,In,200
2026-07-27T10:50:00,22.091,22.0985,22.4,22.5,In,200
2026-07-27T11:00:00,22.069,22.0779,22.4,22.5,In,200
2026-07-27T11:10:00,22.059,22.0628,22.4,22.5,In,200
2026-07-27T11:20:00,22.048,22.0601,22.4,22.5,In,200
2026-07-27T11:30:00,22.069,22.0766,22.3,22.4,In,200
2026-07-27T11:40:00,22.091,22.1136,22.3,22.5,In,200
2026-07-27T11:50:00,22.22,22.2084,22.3,22.4,In,200
2026-07-27T12:00:00,22.134,22.2125,22.3,22.4,In,200
2026-07-27T12:10:00,22.123,22.0889,22.3,22.5,In,200
2026-07-27T12:20:00,22.102,22.1013,22.4,22.6,In,200
2026-07-27T12:30:00,22.069,22.0999,22.5,22.6,In,200
2026-07-27T12:40:00,22.102,22.1027,22.4,22.6,In,200
2026-07-27T12:50:00,22.037,22.0999,22.3,22.4,In,200
2026-07-27T13:00:00,22.08,22.0999,22.3,22.5,In,200
2026-07-27T13:10:00,22.102,22.104,22.3,22.5,In,200
2026-07-27T13:20:00,22.069,22.093,22.3,22.4,In,200
2026-07-27T13:30:00,22.08,22.0889,22.3,22.5,In,200
2026-07-27T13:40:00,22.08,22.0807,22.3,22.5,In,200
2026-07-27T13:50:00,22.048,22.0628,22.4,22.5,In,200
2026-07-27T14:00:00,22.048,22.0601,22.3,22.4,In,200
2026-07-27T14:10:00,22.069,22.0601,22.4,22.5,In,200
2026-07-27T14:20:00,22.059,22.0505,22.3,22.5,In,200
2026-07-27T14:30:00,22.037,22.0464,22.3,22.4,In,200
2026-07-27T14:40:00,22.048,22.0519,22.4,22.4,In,200
2026-07-27T14:50:00,22.048,22.0532,22.4,22.4,In,200
2026-07-27T15:00:00,22.059,22.0519,22.3,22.4,In,200
2026-07-27T15:10:00,22.048,22.0464,22.3,22.4,In,200
2026-07-27T15:20:00,22.037,22.0422,22.3,22.4,In,200
2026-07-27T15:30:00,22.048,22.0395,22.3,22.4,In,200
2026-07-27T15:40:00,22.069,22.0505,22.3,22.5,In,200
2026-07-27T15:50:00,22.102,22.0821,22.3,22.4,In,200
2026-07-27T16:00:00,22.048,22.0766,22.3,22.4,In,200
2026-07-27T16:10:00,22.037,22.0601,22.3,22.5,In,200
2026-07-27T16:20:00,22.016,22.0367,22.3,22.4,In,200
2026-07-27T16:30:00,21.994,21.9818,22.3,22.5,In,200
2026-07-27T16:40:00,21.962,21.9695,22.3,22.4,In,200
2026-07-27T16:50:00,21.973,21.9654,22.2,22.4,In,200
2026-07-27T17:00:00,21.973,21.9708,22.2,22.4,In,200
2026-07-27T17:10:00,22.027,22.0326,22.2,22.4,In,200
2026-07-27T17:20:00,22.037,22.0422,22.2,22.4,In,200
2026-07-27T17:30:00,22.059,22.0546,22.2,22.4,In,200
2026-07-27T17:40:00,22.069,22.0615,22.2,22.4,In,200
2026-07-27T17:50:00,22.048,22.0615,22.3,22.4,In,200
2026-07-27T18:00:00,22.091,22.0642,22.3,22.4,In,200
2026-07-27T18:10:00,22.069,22.067,22.3,22.4,In,200
2026-07-27T18:20:00,22.069,22.067,22.3,22.4,In,200
2026-07-27T18:30:00,22.048,22.0573,22.3,22.4,In,200
2026-07-27T18:40:00,22.016,22.0244,22.3,22.4,In,200
2026-07-27T18:50:00,22.016,22.0313,22.3,22.4,In,200
2026-07-27T19:00:00,22.037,22.0381,22.2,22.5,In,200
2026-07-27T19:10:00,22.037,22.0422,22.3,22.4,In,200
2026-07-27T19:20:00,22.037,22.0615,22.3,22.4,In,200
2026-07-27T19:30:00,22.069,22.0876,22.3,22.4,In,200
2026-07-27T19:40:00,22.112,22.1068,22.3,22.4,In,200
2026-07-27T19:50:00,22.134,22.1136,22.3,22.4,In,200
2026-07-27T20:00:00,22.123,22.1205,22.4,22.5,In,200
2026-07-27T20:10:00,22.112,22.1178,22.3,22.5,In,200
2026-07-27T20:20:00,22.112,22.1054,22.4,22.4,In,200
2026-07-27T20:30:00,22.091,22.0944,22.4,22.5,In,200
2026-07-27T20:40:00,22.091,22.1027,22.3,22.5,In,200
2026-07-27T20:50:00,22.112,22.1082,22.3,22.5,In,200
2026-07-27T21:00:00,22.102,22.1301,22.3,22.5,In,200
2026-07-27T21:10:00,22.112,22.1054,22.4,22.5,In,200
2026-07-27T21:20:00,22.123,22.115,22.3,22.5,In,200
2026-07-27T21:30:00,22.123,22.1288,22.3,22.5,In,200
2026-07-27T21:40:00,22.112,22.1191,22.4,22.5,In,200
2026-07-27T21:50:00,22.091,22.126,22.4,22.5,In,200
2026-07-27T22:00:00,22.134,22.1205,22.4,22.6,In,200
2026-07-27T22:10:00,22.123,22.1054,22.4,22.6,In,200
2026-07-27T22:20:00,22.091,22.0972,22.3,22.5,In,200
2026-07-27T22:30:00,22.08,22.0917,22.4,22.5,In,200
2026-07-27T22:40:00,22.091,22.0985,22.4,22.5,In,200
2026-07-27T22:50:00,22.08,22.0958,22.3,22.5,In,200
2026-07-27T23:00:00,22.102,22.1123,22.3,22.5,In,200
2026-07-27T23:10:00,22.177,22.1315,22.3,22.5,In,200
2026-07-27T23:20:00,22.091,22.1219,22.3,22.5,In,200
2026-07-27T23:30:00,22.091,22.115,22.4,22.5,In,200
2026-07-27T23:40:00,22.102,22.1191,22.4,22.5,In,200
2026-07-27T23:50:00,22.016,22.0724,22.4,22.5,In,200
2026-07-28T00:00:00,22.027,22.056,22.3,22.5,In,200
2026-07-28T00:10:00,22.037,22.0505,22.4,22.5,In,200
2026-07-28T00:20:00,22.037,22.0464,22.3,22.5,In,200
2026-07-28T00:30:00,22.059,22.0436,22.3,22.4,In,200
2026-07-28T00:40:00,22.037,22.0326,22.3,22.4,In,200
2026-07-28T00:50:00,22.037,22.0258,22.2,22.4,In,200
2026-07-28T01:00:00,21.994,22.0148,22.3,22.4,In,200
2026-07-28T01:10:00,21.994,21.9887,22.2,22.4,In,200
2026-07-28T01:20:00,21.984,21.9736,22.3,22.4,In,200
2026-07-28T01:30:00,21.973,21.975,22.2,22.4,In,200
2026-07-28T01:40:00,21.962,21.9859,22.2,22.4,In,200
2026-07-28T01:50:00,21.973,22.0038,22.2,22.3,In,200
2026-07-28T02:00:00,22.037,22.0203,22.2,22.3,In,200
2026-07-28T02:10:00,22.059,22.0477,22.2,22.4,In,200
2026-07-28T02:20:00,22.069,22.0519,22.2,22.4,In,200
2026-07-28T02:30:00,22.048,22.0519,22.2,22.4,In,200
2026-07-28T02:40:00,22.027,22.0491,22.2,22.4,In,200
2026-07-28T02:50:00,22.016,22.0464,22.3,22.4,In,200
2026-07-28T03:00:00,22.037,22.0189,22.3,22.4,In,200
2026-07-28T03:10:00,22.016,22.0107,22.3,22.4,In,200
2026-07-28T03:20:00,22.005,22.0065,22.3,22.4,In,200
2026-07-28T03:30:00,21.994,21.9942,22.3,22.4,In,200
2026-07-28T03:40:00,22.005,22.001,22.2,22.4,In,200
2026-07-28T03:50:00,21.994,22.0052,22.3,22.4,In,200
2026-07-28T04:00:00,22.016,22.0079,22.2,22.4,In,200
2026-07-28T04:10:00,22.005,22.0079,22.2,22.4,In,200
2026-07-28T04:20:00,21.984,21.9956,22.2,22.4,In,200
2026-07-28T04:30:00,21.994,21.9887,22.3,22.4,In,200
2026-07-28T04:40:00,21.984,21.9859,22.2,22.4,In,200
2026-07-28T04:50:00,21.984,21.9805,22.2,22.4,In,200
2026-07-28T05:00:00,21.973,21.9736,22.3,22.3,In,200
2026-07-28T05:10:00,21.962,21.9654,22.2,22.4,In,200
2026-07-28T05:20:00,21.952,21.964,22.2,22.3,In,200
2026-07-28T05:30:00,21.962,21.9736,22.2,22.3,In,200
2026-07-28T05:40:00,21.973,21.9557,22.2,22.3,In,200
2026-07-28T05:50:00,21.952,21.9393,22.2,22.3,In,200
2026-07-28T06:00:00,21.941,21.9365,22.2,22.4,In,200
2026-07-28T06:10:00,21.919,21.9269,22.2,22.3,In,200
2026-07-28T06:20:00,21.952,21.9338,22.2,22.3,In,200
2026-07-28T06:30:00,21.941,21.9406,22.2,22.3,In,200
2026-07-28T06:40:00,21.952,21.9475,22.2,22.3,In,200
2026-07-28T06:50:00,21.952,21.964,22.1,22.3,In,200
2026-07-28T07:00:00,22.005,22.001,22.1,22.3,In,200
2026-07-28T07:10:00,22.027,22.0107,22.2,22.3,In,200
2026-07-28T07:20:00,22.016,22.0093,22.2,22.4,In,200
2026-07-28T07:30:00,21.994,22.0134,22.3,22.4,In,200
2026-07-28T07:40:00,22.027,22.0189,22.3,22.4,In,200
2026-07-28T07:50:00,22.037,22.0203,22.2,22.4,In,200
2026-07-28T08:00:00,22.016,22.0162,22.3,22.3,In,200
2026-07-28T08:10:00,22.037,22.0216,22.2,22.4,In,200
2026-07-28T08:20:00,22.037,22.0326,22.2,22.4,In,200
2026-07-28T08:30:00,22.037,22.0573,22.2,22.4,In,200
2026-07-28T08:40:00,22.037,22.0697,22.3,22.4,In,200
2026-07-28T08:50:00,22.059,22.0628,22.3,22.4,In,200
2026-07-28T09:00:00,22.048,22.0409,22.3,22.4,In,200
2026-07-28T09:10:00,22.037,22.0477,22.3,22.4,In,200
2026-07-28T09:20:00,22.069,22.056,22.3,22.4,In,200
2026-07-28T09:30:00,22.069,22.0697,22.3,22.4,In,200
2026-07-28T09:40:00,22.08,22.0834,22.3,22.5,In,200
2026-07-28T09:50:00,22.08,22.0862,22.3,22.4,In,200
2026-07-28T10:00:00,22.059,22.0779,22.3,22.4,In,200
2026-07-28T10:10:00,22.102,22.0793,22.3,22.5,In,200
2026-07-28T10:20:00,22.123,22.1027,22.3,22.5,In,200
2026-07-28T10:30:00,22.102,22.1054,22.3,22.5,In,200
2026-07-28T10:40:00,22.102,22.1027,22.3,22.4,In,200
2026-07-28T10:50:00,22.123,22.1013,22.3,22.5,In,200
2026-07-28T11:00:00,22.102,22.1123,22.4,22.5,In,200
2026-07-28T11:10:00,22.102,22.1109,22.4,22.5,In,200
2026-07-28T11:20:00,22.123,22.1191,22.3,22.5,In,200
2026-07-28T11:30:00,22.102,22.1219,22.3,22.4,In,200
2026-07-28T11:40:00,22.112,22.1068,22.3,22.5,In,200
2026-07-28T11:50:00,22.069,22.093,22.4,22.5,In,200
2026-07-28T12:00:00,22.091,22.0807,22.4,22.5,In,200
2026-07-28T12:10:00,22.08,22.0683,22.4,22.6,In,200
2026-07-28T12:20:00,22.059,22.0601,22.4,22.6,In,200
2026-07-28T12:30:00,22.048,22.0464,22.3,22.6,In,200
2026-07-28T12:40:00,22.059,22.0395,22.3,22.5,In,200
2026-07-28T12:50:00,22.027,22.0326,22.2,22.4,In,200
2026-07-28T13:00:00,21.994,22.0134,22.3,22.5,In,200
2026-07-28T13:10:00,22.005,22.023,22.3,22.4,In,200
2026-07-28T13:20:00,22.005,22.0148,22.3,22.4,In,200
2026-07-28T13:30:00,22.037,22.0285,22.2,22.4,In,200
2026-07-28T13:40:00,22.037,22.0422,22.2,22.4,In,200
2026-07-28T13:50:00,22.027,22.0203,22.2,22.4,In,200
2026-07-28T14:00:00,22.027,22.012,22.3,22.4,In,200
2026-07-28T14:10:00,22.005,22.0052,22.2,22.4,In,200
2026-07-28T14:20:00,21.994,21.9956,22.3,22.4,In,200
2026-07-28T14:30:00,22.005,21.9969,22.2,22.4,In,200
2026-07-28T14:40:00,22.016,22.001,22.2,22.4,In,200
2026-07-28T14:50:00,22.005,22.0093,22.2,22.4,In,200
2026-07-28T15:00:00,22.027,22.0258,22.2,22.4,In,200
2026-07-28T15:10:00,22.016,22.0422,22.2,22.4,In,200
2026-07-28T15:20:00,22.005,22.023,22.2,22.4,In,200
2026-07-28T15:30:00,21.962,21.9763,22.2,22.4,In,200
2026-07-28T15:40:00,21.962,21.9571,22.3,22.4,In,200
2026-07-28T15:50:00,21.962,21.9503,22.3,22.4,In,200
2026-07-28T16:00:00,21.952,21.9503,22.3,22.4,In,200
2026-07-28T16:10:00,21.962,21.953,22.2,22.4,In,200
2026-07-28T16:20:00,21.962,21.953,22.2,22.4,In,200
2026-07-28T16:30:00,21.941,21.9544,22.2,22.4,In,200
2026-07-28T16:40:00,21.941,21.9626,22.2,22.3,In,200
2026-07-28T16:50:00,21.994,21.9708,22.2,22.4,In,200
2026-07-28T17:00:00,21.994,21.9887,22.2,22.4,In,200
2026-07-28T17:10:00,22.016,22.0065,22.2,22.4,In,200
2026-07-28T17:20:00,22.016,22.0134,22.2,22.3,In,200
2026-07-28T17:30:00,22.037,22.0203,22.2,22.3,In,200
2026-07-28T17:40:00,22.016,22.0189,22.2,22.4,In,200
2026-07-28T17:50:00,22.005,21.9928,22.2,22.4,In,200
2026-07-28T18:00:00,21.984,21.9859,22.2,22.4,In,200
2026-07-28T18:10:00,21.973,21.975,22.3,22.3,In,200
2026-07-28T18:20:00,21.93,21.953,22.2,22.4,In,200
2026-07-28T18:30:00,21.941,21.9365,22.2,22.3,In,200
2026-07-28T18:40:00,21.93,21.9173,22.2,22.3,In,200
2026-07-28T18:50:00,21.919,21.9091,22.2,22.4,In,200
2026-07-28T19:00:00,21.909,21.905,22.2,22.4,In,200
2026-07-28T19:10:00,21.941,21.9118,22.2,22.3,In,200
2026-07-28T19:20:00,21.909,21.8954,22.2,22.3,In,200
2026-07-28T19:30:00,21.866,21.8912,22.1,22.3,In,200
2026-07-28T19:40:00,21.909,21.9159,22.1,22.2,In,200
2026-07-28T19:50:00,21.941,21.9352,22.2,22.3,In,200
2026-07-28T20:00:00,21.962,21.9654,22.1,22.3,In,200
2026-07-28T20:10:00,21.994,21.9695,22.1,22.4,In,200
2026-07-28T20:20:00,21.984,21.9667,22.2,22.3,In,200
2026-07-28T20:30:00,21.994,22.0052,22.2,22.3,In,200
2026-07-28T20:40:00,22.037,22.0464,22.2,22.4,In,200
2026-07-28T20:50:00,22.016,22.045,22.2,22.4,In,200
2026-07-28T21:00:00,21.994,22.0271,22.2,22.4,In,200
2026-07-28T21:10:00,22.027,22.0299,22.3,22.4,In,200
2026-07-28T21:20:00,22.016,22.0313,22.3,22.5,In,200
2026-07-28T21:30:00,22.027,22.0367,22.3,22.4,In,200
2026-07-28T21:40:00,22.069,22.0601,22.3,22.4,In,200
2026-07-28T21:50:00,22.069,22.0889,22.3,22.4,In,200
2026-07-28T22:00:00,22.112,22.1095,22.2,22.4,In,200
2026-07-28T22:10:00,22.08,22.1123,22.2,22.4,In,200
2026-07-28T22:20:00,22.112,22.1082,22.3,22.5,In,200
2026-07-28T22:30:00,22.145,22.1617,22.4,22.5,In,200
2026-07-28T22:40:00,22.295,22.3156,22.3,22.5,In,200
2026-07-28T22:50:00,22.359,22.3541,22.3,22.5,In,200
2026-07-28T23:00:00,22.359,22.3747,22.4,22.5,In,200
2026-07-28T23:10:00,22.37,22.3898,22.5,22.6,In,200
2026-07-28T23:20:00,22.391,22.4118,22.6,22.7,In,200
2026-07-28T23:30:00,22.402,22.4242,22.6,22.7,In,200
2026-07-28T23:40:00,22.413,22.4159,22.6,22.8,In,200
2026-07-28T23:50:00,22.413,22.4201,22.7,22.9,In,200
2026-07-29T00:00:00,22.23,22.3541,22.6,22.8,In,200
2026-07-29T00:10:00,22.145,22.2029,22.6,22.9,In,200
2026-07-29T00:20:00,22.198,22.2428,22.7,22.8,In,200
2026-07-29T00:30:00,22.295,22.2991,22.6,22.8,In,200
2026-07-29T00:40:00,22.284,22.3403,22.6,22.8,In,200
2026-07-29T00:50:00,22.263,22.295,22.5,22.7,In,200
2026-07-29T01:00:00,22.252,22.2771,22.5,22.6,In,200
2026-07-29T01:10:00,22.198,22.229,22.6,22.7,In,200
2026-07-29T01:20:00,22.177,22.2084,22.6,22.8,In,200
2026-07-29T01:30:00,22.123,22.137,22.6,22.7,In,200
2026-07-29T01:40:00,22.102,22.1095,22.5,22.6,In,200
2026-07-29T01:50:00,22.112,22.1178,22.5,22.6,In,200
2026-07-29T02:00:00,22.166,22.2153,22.4,22.6,In,200
2026-07-29T02:10:00,22.102,22.1892,22.4,22.5,In,200
2026-07-29T02:20:00,22.145,22.2139,22.3,22.5,In,200
2026-07-29T02:30:00,22.037,22.0779,22.4,22.6,In,200
2026-07-29T02:40:00,22.005,22.0271,22.5,22.7,In,200
2026-07-29T02:50:00,21.994,21.9846,22.5,22.6,In,200
2026-07-29T03:00:00,21.984,21.9695,22.5,22.6,In,200
2026-07-29T03:10:00,21.973,21.9571,22.4,22.6,In,200
2026-07-29T03:20:00,21.962,21.9571,22.3,22.5,In,200
2026-07-29T03:30:00,22.027,22.0175,22.2,22.4,In,200
2026-07-29T03:40:00,22.059,22.0477,22.2,22.3,In,200
2026-07-29T03:50:00,22.059,22.0436,22.2,22.4,In,200
2026-07-29T04:00:00,22.048,22.0436,22.2,22.4,In,200
2026-07-29T04:10:00,22.037,22.034,22.2,22.4,In,200
2026-07-29T04:20:00,22.027,22.0216,22.3,22.4,In,200
2026-07-29T04:30:00,21.994,22.0038,22.3,22.4,In,200
2026-07-29T04:40:00,21.973,21.9901,22.3,22.5,In,200
2026-07-29T04:50:00,21.984,21.9805,22.3,22.4,In,200
2026-07-29T05:00:00,21.984,21.9736,22.2,22.4,In,200
2026-07-29T05:10:00,21.973,21.9708,22.2,22.4,In,200
2026-07-29T05:20:00,21.994,21.9818,22.2,22.4,In,200
2026-07-29T05:30:00,21.984,21.9983,22.2,22.4,In,200
2026-07-29T05:40:00,22.005,22.001,22.2,22.3,In,200
2026-07-29T05:50:00,21.994,22.012,22.2,22.3,In,200
2026-07-29T06:00:00,22.048,22.0505,22.2,22.4,In,200
2026-07-29T06:10:00,22.059,22.0491,22.3,22.4,In,200
2026-07-29T06:20:00,22.069,22.0532,22.2,22.3,In,200
2026-07-29T06:30:00,22.037,22.0573,22.2,22.4,In,200
2026-07-29T06:40:00,22.112,22.0793,22.3,22.5,In,200
2026-07-29T06:50:00,22.102,22.1246,22.3,22.4,In,200
2026-07-29T07:00:00,22.145,22.1851,22.3,22.4,In,200
2026-07-29T07:10:00,22.177,22.1988,22.3,22.4,In,200
2026-07-29T07:20:00,22.187,22.2002,22.3,22.5,In,200
2026-07-29T07:30:00,22.273,22.2716,22.4,22.5,In,200
2026-07-29T07:40:00,22.284,22.2867,22.5,22.5,In,200
2026-07-29T07:50:00,22.284,22.2964,22.4,22.6,In,200
2026-07-29T08:00:00,22.284,22.2964,22.5,22.7,In,200
2026-07-29T08:10:00,22.305,22.2964,22.6,22.6,In,200
2026-07-29T08:20:00,22.295,22.3293,22.5,22.7,In,200
2026-07-29T08:30:00,22.316,22.3197,22.5,22.6,In,200
2026-07-29T08:40:00,22.273,22.2785,22.5,22.7,In,200
2026-07-29T08:50:00,22.263,22.2771,22.6,22.7,In,200
2026-07-29T09:00:00,22.145,22.1686,22.6,22.7,In,200
2026-07-29T09:10:00,22.134,22.1274,22.6,22.7,In,200
2026-07-29T09:20:00,22.177,22.2029,22.5,22.7,In,200
2026-07-29T09:30:00,22.273,22.2799,22.5,22.6,In,200
2026-07-29T09:40:00,22.241,22.2909,22.4,22.6,In,200
2026-07-29T09:50:00,22.145,22.1645,22.4,22.6,In,200
2026-07-29T10:00:00,22.187,22.1823,22.5,22.6,In,200
2026-07-29T10:10:00,22.209,22.2318,22.6,22.6,In,200
2026-07-29T10:20:00,22.23,22.2469,22.6,22.7,In,200
2026-07-29T10:30:00,22.209,22.2208,22.3,22.6,In,200
2026-07-29T10:40:00,22.209,22.2167,22.4,22.5,In,200
2026-07-29T10:50:00,22.22,22.2112,22.4,22.6,In,200
2026-07-29T11:00:00,22.23,22.2263,22.5,22.6,In,200
2026-07-29T11:10:00,22.177,22.1892,22.4,22.6,In,200
2026-07-29T11:20:00,22.177,22.207,22.4,22.6,In,200
2026-07-29T11:30:00,22.198,22.2125,22.5,22.5,In,200
2026-07-29T11:40:00,22.198,22.2125,22.5,22.6,In,200
2026-07-29T11:50:00,22.187,22.207,22.4,22.6,In,200
2026-07-29T12:00:00,22.177,22.1933,22.5,22.6,In,200
2026-07-29T12:10:00,22.155,22.1741,22.5,22.6,In,200
2026-07-29T12:20:00,22.134,22.1466,22.5,22.6,In,200
2026-07-29T12:30:00,22.112,22.1288,22.4,22.6,In,200
2026-07-29T12:40:00,22.091,22.0958,22.4,22.6,In,200
2026-07-29T12:50:00,22.027,22.045,22.4,22.5,In,200
2026-07-29T13:00:00,21.973,21.9983,22.4,22.5,In,200
2026-07-29T13:10:00,21.962,21.9777,22.3,22.5,In,200
2026-07-29T13:20:00,22.005,22.0189,22.3,22.4,In,200
2026-07-29T13:30:00,22.037,22.0505,22.3,22.4,In,200
2026-07-29T13:40:00,22.069,22.0642,22.2,22.3,In,200
2026-07-29T13:50:00,22.069,22.0683,22.3,22.3,In,200
2026-07-29T14:00:00,22.069,22.067,22.2,22.4,In,200
2026-07-29T14:10:00,22.005,22.0244,22.3,22.4,In,200
2026-07-29T14:20:00,21.962,21.9942,22.3,22.4,In,200
2026-07-29T14:30:00,21.962,21.9667,22.3,22.4,In,200
2026-07-29T14:40:00,21.941,21.9503,22.3,22.4,In,200
2026-07-29T14:50:00,21.952,21.9585,22.3,22.4,In,200
2026-07-29T15:00:00,21.962,21.964,22.2,22.4,In,200
2026-07-29T15:10:00,21.962,21.9763,22.2,22.3,In,200
2026-07-29T15:20:00,21.984,21.9791,22.2,22.3,In,200
2026-07-29T15:30:00,21.952,21.9599,22.2,22.4,In,200
2026-07-29T15:40:00,21.941,21.9571,22.2,22.3,In,200
2026-07-29T15:50:00,21.962,21.9818,22.2,22.3,In,200
2026-07-29T16:00:00,21.994,21.9901,22.2,22.3,In,200
2026-07-29T16:10:00,22.005,22.0024,22.2,22.3,In,200
2026-07-29T16:20:00,21.984,21.9832,22.2,22.3,In,200
2026-07-29T16:30:00,21.962,21.9791,22.2,22.4,In,200
2026-07-29T16:40:00,21.962,21.9791,22.3,22.4,In,200
2026-07-29T16:50:00,21.962,22.0065,22.2,22.3,In,200
2026-07-29T17:00:00,21.994,22.023,22.2,22.4,In,200
2026-07-29T17:10:00,21.994,22.0354,22.2,22.4,In,200
2026-07-29T17:20:00,22.037,22.0436,22.2,22.4,In,200
2026-07-29T17:30:00,22.037,22.0436,22.3,22.4,In,200
2026-07-29T17:40:00,22.037,22.0354,22.3,22.4,In,200
2026-07-29T17:50:00,22.016,22.0258,22.2,22.4,In,200
2026-07-29T18:00:00,22.005,22.0024,22.3,22.4,In,200
2026-07-29T18:10:00,21.994,21.9983,22.2,22.5,In,200
2026-07-29T18:20:00,22.027,22.0024,22.2,22.4,In,200
2026-07-29T18:30:00,22.016,22.001,22.3,22.4,In,200
2026-07-29T18:40:00,21.973,21.9818,22.2,22.4,In,200
2026-07-29T18:50:00,21.994,21.9928,22.2,22.4,In,200
2026-07-29T19:00:00,21.941,21.964,22.2,22.4,In,200
2026-07-29T19:10:00,21.952,21.9393,22.2,22.4,In,200
2026-07-29T19:20:00,21.952,21.9379,22.2,22.4,In,200
2026-07-29T19:30:00,21.93,21.9379,22.2,22.4,In,200
2026-07-29T19:40:00,21.962,21.9448,22.2,22.4,In,200
2026-07-29T19:50:00,21.93,21.9544,22.2,22.3,In,200
2026-07-29T20:00:00,21.952,21.9585,22.2,22.3,In,200
2026-07-29T20:10:00,21.962,21.9681,22.2,22.3,In,200
2026-07-29T20:20:00,21.941,21.964,22.2,22.3,In,200
2026-07-29T20:30:00,21.973,21.975,22.2,22.3,In,200
2026-07-29T20:40:00,22.016,22.012,22.2,22.3,In,200
2026-07-29T20:50:00,22.048,22.0587,22.2,22.3,In,200
2026-07-29T21:00:00,22.059,22.0642,22.2,22.3,In,200
2026-07-29T21:10:00,22.08,22.0752,22.1,22.4,In,200
2026-07-29T21:20:00,22.069,22.0958,22.3,22.5,In,200
2026-07-29T21:30:00,22.102,22.0985,22.3,22.4,In,200
2026-07-29T21:40:00,22.08,22.0779,22.3,22.4,In,200
2026-07-29T21:50:00,22.037,22.0587,22.3,22.4,In,200
2026-07-29T22:00:00,22.048,22.0532,22.3,22.5,In,200
2026-07-29T22:10:00,22.037,22.045,22.4,22.5,In,200
2026-07-29T22:20:00,22.134,22.1301,22.3,22.4,In,200
2026-07-29T22:30:00,22.145,22.1672,22.3,22.5,In,200
2026-07-29T22:40:00,22.177,22.1809,22.3,22.5,In,200
2026-07-29T22:50:00,22.177,22.1864,22.4,22.5,In,200
2026-07-29T23:00:00,22.145,22.1631,22.4,22.5,In,200
2026-07-29T23:10:00,22.134,22.1411,22.4,22.5,In,200
2026-07-29T23:20:00,22.091,22.1095,22.4,22.5,In,200
2026-07-29T23:30:00,22.155,22.1246,22.4,22.5,In,200
2026-07-29T23:40:00,22.155,22.1837,22.4,22.6,In,200
2026-07-29T23:50:00,22.177,22.2057,22.5,22.6,In,200
2026-07-30T00:00:00,22.284,22.306,22.4,22.5,In,200
2026-07-30T00:10:00,22.359,22.3596,22.4,22.5,In,200
2026-07-30T00:20:00,22.359,22.3609,22.4,22.6,In,200
2026-07-30T00:30:00,22.338,22.3596,22.5,22.6,In,200
2026-07-30T00:40:00,22.37,22.3761,22.6,22.7,In,200
2026-07-30T00:50:00,22.402,22.3981,22.6,22.7,In,200
2026-07-30T01:00:00,22.391,22.4022,22.6,22.7,In,200
2026-07-30T01:10:00,22.413,22.4049,22.6,22.7,In,200
2026-07-30T01:20:00,22.391,22.3912,22.6,22.7,In,200
2026-07-30T01:30:00,22.305,22.3651,22.6,22.7,In,200
2026-07-30T01:40:00,22.23,22.2785,22.6,22.8,In,200
2026-07-30T01:50:00,22.209,22.2345,22.6,22.7,In,200
2026-07-30T02:00:00,22.198,22.2331,22.6,22.8,In,200
2026-07-30T02:10:00,22.252,22.2922,22.7,22.7,In,200
2026-07-30T02:20:00,22.198,22.2854,22.5,22.7,In,200
2026-07-30T02:30:00,22.252,22.3362,22.5,22.6,In,200
2026-07-30T02:40:00,22.327,22.3609,22.5,22.6,In,200
2026-07-30T02:50:00,22.338,22.3816,22.6,22.7,In,200
2026-07-30T03:00:00,22.402,22.3912,22.6,22.7,In,200
2026-07-30T03:10:00,22.402,22.3939,22.6,22.8,In,200
2026-07-30T03:20:00,22.391,22.3802,22.6,22.7,In,200
2026-07-30T03:30:00,22.338,22.3706,22.7,22.7,In,200
2026-07-30T03:40:00,22.338,22.3733,22.7,22.7,In,200
2026-07-30T03:50:00,22.37,22.3747,22.7,22.7,In,200
2026-07-30T04:00:00,22.348,22.3774,22.6,22.7,In,200
2026-07-30T04:10:00,22.348,22.3706,22.6,22.7,In,200
2026-07-30T04:20:00,22.338,22.3513,22.6,22.7,In,200
2026-07-30T04:30:00,22.316,22.3293,22.6,22.7,In,200
2026-07-30T04:40:00,22.305,22.3266,22.6,22.7,In,200
2026-07-30T04:50:00,22.198,22.251,22.6,22.7,In,200
2026-07-30T05:00:00,22.209,22.2606,22.6,22.7,In,200
2026-07-30T05:10:00,22.273,22.273,22.6,22.7,In,200
2026-07-30T05:20:00,22.241,22.2634,22.5,22.7,In,200
2026-07-30T05:30:00,22.187,22.24,22.5,22.7,In,200
2026-07-30T05:40:00,22.177,22.207,22.5,22.7,In,200
2026-07-30T05:50:00,22.187,22.1947,22.5,22.6,In,200
2026-07-30T06:00:00,22.198,22.1851,22.5,22.6,In,200
2026-07-30T06:10:00,22.166,22.17,22.5,22.6,In,200
2026-07-30T06:20:00,22.166,22.1645,22.5,22.6,In,200
2026-07-30T06:30:00,22.177,22.1576,22.5,22.6,In,200
2026-07-30T06:40:00,22.187,22.1782,22.4,22.5,In,200
2026-07-30T06:50:00,22.284,22.284,22.4,22.6,In,200
2026-07-30T07:00:00,22.295,22.3046,22.3,22.5,In,200
2026-07-30T07:10:00,22.305,22.3225,22.4,22.5,In,200
2026-07-30T07:20:00,22.327,22.35,22.4,22.7,In,200
2026-07-30T07:30:00,22.402,22.3926,22.5,22.6,In,200
2026-07-30T07:40:00,22.423,22.4297,22.6,22.6,In,200
2026-07-30T07:50:00,22.445,22.4201,22.6,22.7,In,200
2026-07-30T08:00:00,22.402,22.4091,22.6,22.8,In,200
2026-07-30T08:10:00,22.413,22.4269,22.7,22.9,In,200
2026-07-30T08:20:00,22.434,22.4503,22.7,22.8,In,200
2026-07-30T08:30:00,22.488,22.4805,22.6,22.9,In,200
2026-07-30T08:40:00,22.552,22.5617,22.7,22.9,In,200
2026-07-30T08:50:00,22.584,22.5974,22.7,22.8,In,200
2026-07-30T09:00:00,22.574,22.6029,22.7,22.8,In,200
2026-07-30T09:10:00,22.584,22.6029,22.8,22.9,In,200
2026-07-30T09:20:00,22.606,22.6401,22.8,22.9,In,200
2026-07-30T09:30:00,22.745,22.7543,22.8,22.9,In,200
2026-07-30T09:40:00,22.799,22.808,22.8,23,In,200
2026-07-30T09:50:00,22.82,22.8355,22.8,23,In,200
2026-07-30T10:00:00,22.616,22.8025,22.9,23.1,In,200
2026-07-30T10:10:00,22.563,22.6043,23.1,23.2,In,200
2026-07-30T10:20:00,22.584,22.5892,23.1,23.2,In,200
2026-07-30T10:30:00,22.638,22.6511,23.1,23.2,In,200
2026-07-30T10:40:00,22.767,22.7873,23,23.2,In,200
2026-07-30T10:50:00,22.81,22.8052,23,23.2,In,200
2026-07-30T11:00:00,22.81,22.8011,22.9,23.2,In,200
2026-07-30T11:10:00,22.531,22.5823,23,23.2,In,200
2026-07-30T11:20:00,22.509,22.5012,23,23.2,In,200
2026-07-30T11:30:00,22.541,22.5342,23,23.2,In,200
2026-07-30T11:40:00,22.649,22.6511,23.1,23.2,In,200
2026-07-30T11:50:00,22.552,22.6428,22.8,23.1,In,200
2026-07-30T12:00:00,22.616,22.6222,22.7,22.9,In,200
2026-07-30T12:10:00,22.595,22.6029,22.8,23,In,200
2026-07-30T12:20:00,22.52,22.5699,22.9,23,In,200
2026-07-30T12:30:00,22.348,22.3788,22.9,23,In,200
2026-07-30T12:40:00,22.284,22.2922,22.8,23,In,200
2026-07-30T12:50:00,22.295,22.2936,22.8,23,In,200
2026-07-30T13:00:00,22.273,22.2799,22.8,22.9,In,200
2026-07-30T13:10:00,22.252,22.2675,22.6,22.8,In,200
2026-07-30T13:20:00,22.284,22.3252,22.5,22.7,In,200
2026-07-30T13:30:00,22.209,22.2854,22.5,22.6,In,200
2026-07-30T13:40:00,22.134,22.1741,22.5,22.6,In,200
2026-07-30T13:50:00,22.166,22.1755,22.5,22.7,In,200
2026-07-30T14:00:00,22.145,22.1603,22.6,22.7,In,200
2026-07-30T14:10:00,22.177,22.159,22.5,22.7,In,200
2026-07-30T14:20:00,22.166,22.1494,22.5,22.6,In,200
2026-07-30T14:30:00,22.155,22.1535,22.4,22.7,In,200
2026-07-30T14:40:00,22.177,22.1535,22.4,22.5,In,200
2026-07-30T14:50:00,22.155,22.159,22.4,22.5,In,200
2026-07-30T15:00:00,22.166,22.1521,22.4,22.5,In,200
2026-07-30T15:10:00,22.091,22.1233,22.4,22.5,In,200
2026-07-30T15:20:00,22.048,22.0862,22.4,22.5,In,200
2026-07-30T15:30:00,22.091,22.1013,22.4,22.5,In,200
2026-07-30T15:40:00,22.091,22.1095,22.3,22.5,In,200
2026-07-30T15:50:00,22.08,22.0917,22.4,22.5,In,200
2026-07-30T16:00:00,22.059,22.0724,22.4,22.5,In,200
2026-07-30T16:10:00,22.091,22.0848,22.4,22.6,In,200
2026-07-30T16:20:00,22.069,22.0917,22.3,22.6,In,200
2026-07-30T16:30:00,22.048,22.0779,22.3,22.5,In,200
2026-07-30T16:40:00,22.08,22.0944,22.4,22.6,In,200
2026-07-30T16:50:00,22.102,22.1439,22.3,22.5,In,200
2026-07-30T17:00:00,22.102,22.148,22.3,22.4,In,200
2026-07-30T17:10:00,22.155,22.1562,22.4,22.5,In,200
2026-07-30T17:20:00,22.187,22.1658,22.4,22.6,In,200
2026-07-30T17:30:00,22.177,22.1796,22.4,22.6,In,200
2026-07-30T17:40:00,22.198,22.1906,22.4,22.6,In,200
2026-07-30T17:50:00,22.187,22.1878,22.4,22.6,In,200
2026-07-30T18:00:00,22.166,22.1974,22.4,22.6,In,200
2026-07-30T18:10:00,22.166,22.1864,22.4,22.5,In,200
2026-07-30T18:20:00,22.166,22.1672,22.4,22.5,In,200
2026-07-30T18:30:00,22.123,22.1301,22.4,22.5,In,200
2026-07-30T18:40:00,22.123,22.1397,22.4,22.6,In,200
2026-07-30T18:50:00,22.155,22.1562,22.4,22.5,In,200
2026-07-30T19:00:00,22.166,22.1548,22.4,22.5,In,200
2026-07-30T19:10:00,22.155,22.1535,22.4,22.5,In,200
2026-07-30T19:20:00,22.166,22.1562,22.4,22.5,In,200
2026-07-30T19:30:00,22.166,22.1713,22.4,22.6,In,200
2026-07-30T19:40:00,22.177,22.17,22.4,22.5,In,200
2026-07-30T19:50:00,22.166,22.1782,22.4,22.5,In,200
2026-07-30T20:00:00,22.22,22.2208,22.3,22.5,In,200
2026-07-30T20:10:00,22.391,22.3857,22.4,22.5,In,200
2026-07-30T20:20:00,22.445,22.4654,22.4,22.6,In,200
2026-07-30T20:30:00,22.445,22.464,22.4,22.6,In,200
2026-07-30T20:40:00,22.413,22.4434,22.5,22.7,In,200
2026-07-30T20:50:00,22.402,22.3967,22.7,22.8,In,200
2026-07-30T21:00:00,22.391,22.3953,22.7,22.9,In,200
2026-07-30T21:10:00,22.52,22.4792,22.6,22.8,In,200
2026-07-30T21:20:00,22.616,22.6153,22.7,22.8,In,200
2026-07-30T21:30:00,22.702,22.6882,22.6,22.7,In,200
2026-07-30T21:40:00,22.541,22.691,22.7,22.9,In,200
2026-07-30T21:50:00,22.541,22.6346,22.8,22.9,In,200
2026-07-30T22:00:00,22.606,22.6428,22.9,23.1,In,200
2026-07-30T22:10:00,22.649,22.6401,23,23,In,200
2026-07-30T22:20:00,22.541,22.6029,23,23.1,In,200
2026-07-30T22:30:00,22.552,22.6126,22.9,23.1,In,200
2026-07-30T22:40:00,22.477,22.5053,22.9,23.1,In,200
2026-07-30T22:50:00,22.552,22.6043,22.9,23,In,200
2026-07-30T23:00:00,22.488,22.5919,22.8,22.9,In,200
2026-07-30T23:10:00,22.584,22.6029,22.9,23,In,200
2026-07-30T23:20:00,22.606,22.6291,22.8,23,In,200
2026-07-30T23:30:00,22.627,22.6745,22.9,23,In,200
2026-07-30T23:40:00,22.574,22.6387,22.9,22.9,In,200
2026-07-30T23:50:00,22.541,22.6195,22.9,23,In,200
2026-07-31T00:00:00,22.466,22.5411,22.9,23,In,200
2026-07-31T00:10:00,22.434,22.4695,23,23.1,In,200
2026-07-31T00:20:00,22.477,22.4695,22.9,23,In,200
2026-07-31T00:30:00,22.498,22.5961,22.9,23,In,200
2026-07-31T00:40:00,22.627,22.6442,22.8,23,In,200
2026-07-31T00:50:00,22.638,22.658,22.7,22.9,In,200
2026-07-31T01:00:00,22.563,22.5906,22.8,23,In,200
2026-07-31T01:10:00,22.466,22.475,22.9,23,In,200
2026-07-31T01:20:00,22.348,22.4008,22.9,23,In,200
2026-07-31T01:30:00,22.263,22.2909,22.9,23,In,200
2026-07-31T01:40:00,22.145,22.218,22.8,23,In,200
2026-07-31T01:50:00,22.08,22.1974,22.7,22.8,In,200
2026-07-31T02:00:00,22.22,22.2359,22.7,22.8,In,200
2026-07-31T02:10:00,22.241,22.2593,22.5,22.7,In,200
2026-07-31T02:20:00,22.252,22.2689,22.5,22.6,In,200
2026-07-31T02:30:00,22.102,22.2386,22.4,22.6,In,200
2026-07-31T02:40:00,22.08,22.0985,22.5,22.6,In,200
2026-07-31T02:50:00,22.048,22.0367,22.5,22.7,In,200
2026-07-31T03:00:00,22.016,22.0134,22.5,22.7,In,200
2026-07-31T03:10:00,22.016,22.0175,22.5,22.6,In,200
2026-07-31T03:20:00,21.973,22.0038,22.4,22.5,In,200
2026-07-31T03:30:00,21.973,21.9928,22.3,22.4,In,200
2026-07-31T03:40:00,21.973,22.0093,22.2,22.4,In,200
2026-07-31T03:50:00,21.994,22.001,22.3,22.4,In,200
2026-07-31T04:00:00,22.027,22.104,22.3,22.4,In,200
2026-07-31T04:10:00,22.134,22.1466,22.3,22.5,In,200
2026-07-31T04:20:00,22.177,22.1507,22.3,22.5,In,200
2026-07-31T04:30:00,22.155,22.1603,22.3,22.5,In,200
2026-07-31T04:40:00,22.155,22.1535,22.4,22.5,In,200
2026-07-31T04:50:00,22.166,22.1576,22.3,22.5,In,200
2026-07-31T05:00:00,22.08,22.1329,22.4,22.5,In,200
2026-07-31T05:10:00,22.08,22.137,22.4,22.5,In,200
2026-07-31T05:20:00,22.091,22.1535,22.4,22.5,In,200
2026-07-31T05:30:00,22.123,22.1466,22.5,22.5,In,200
2026-07-31T05:40:00,22.155,22.1521,22.3,22.5,In,200
2026-07-31T05:50:00,22.166,22.1919,22.4,22.5,In,200
2026-07-31T06:00:00,22.187,22.1933,22.4,22.5,In,200
2026-07-31T06:10:00,22.198,22.207,22.4,22.5,In,200
2026-07-31T06:20:00,22.187,22.1796,22.4,22.5,In,200
2026-07-31T06:30:00,22.145,22.1686,22.4,22.6,In,200
2026-07-31T06:40:00,22.145,22.1494,22.4,22.6,In,200
2026-07-31T06:50:00,22.155,22.1562,22.4,22.6,In,200
2026-07-31T07:00:00,22.177,22.1755,22.4,22.6,In,200
2026-07-31T07:10:00,22.187,22.1809,22.4,22.6,In,200
2026-07-31T07:20:00,22.145,22.1603,22.4,22.5,In,200
2026-07-31T07:30:00,22.155,22.1439,22.4,22.5,In,200
2026-07-31T07:40:00,22.145,22.137,22.4,22.5,In,200
2026-07-31T07:50:00,22.155,22.148,22.3,22.5,In,200
2026-07-31T08:00:00,22.145,22.1397,22.4,22.5,In,200
2026-07-31T08:10:00,22.134,22.1288,22.3,22.5,In,200
2026-07-31T08:20:00,22.145,22.1219,22.4,22.5,In,200
2026-07-31T08:30:00,22.145,22.126,22.4,22.5,In,200
2026-07-31T08:40:00,22.155,22.1507,22.3,22.5,In,200
2026-07-31T08:50:00,22.198,22.1892,22.4,22.5,In,200
2026-07-31T09:00:00,22.23,22.2524,22.3,22.6,In,200
2026-07-31T09:10:00,22.413,22.3733,22.4,22.5,In,200
2026-07-31T09:20:00,22.445,22.453,22.4,22.6,In,200
2026-07-31T09:30:00,22.477,22.508,22.4,22.7,In,200
2026-07-31T09:40:00,22.498,22.5039,22.6,22.8,In,200
2026-07-31T09:50:00,22.509,22.5108,22.7,22.8,In,200
2026-07-31T10:00:00,22.445,22.453,22.7,22.9,In,200
2026-07-31T10:10:00,22.477,22.5108,22.8,23,In,200
2026-07-31T10:20:00,22.52,22.5328,22.8,23,In,200
2026-07-31T10:30:00,22.52,22.5411,22.8,22.9,In,200
2026-07-31T10:40:00,22.541,22.5397,22.7,22.9,In,200
2026-07-31T10:50:00,22.552,22.5493,22.8,22.9,In,200
2026-07-31T11:00:00,22.574,22.5672,22.8,22.9,In,200
2026-07-31T11:10:00,22.563,22.5672,22.8,22.9,In,200
2026-07-31T11:20:00,22.584,22.5617,22.7,22.9,In,200
2026-07-31T11:30:00,22.584,22.5672,22.8,22.9,In,200
2026-07-31T11:40:00,22.574,22.5782,22.8,22.9,In,200
2026-07-31T11:50:00,22.563,22.5796,22.8,22.9,In,200
2026-07-31T12:00:00,22.574,22.5796,22.7,22.9,In,200
2026-07-31T12:10:00,22.584,22.5754,22.8,22.9,In,200
2026-07-31T12:20:00,22.574,22.5809,22.8,22.9,In,200
2026-07-31T12:30:00,22.145,22.4063,22.8,22.9,In,200
2026-07-31T12:40:00,22.23,22.339,22.8,22.9,In,200
2026-07-31T12:50:00,22.23,22.2441,22.8,23,In,200
2026-07-31T13:00:00,22.252,22.2867,22.8,22.9,In,200
2026-07-31T13:10:00,22.338,22.3637,22.7,22.8,In,200
2026-07-31T13:20:00,22.423,22.4503,22.6,22.7,In,200
2026-07-31T13:30:00,22.423,22.4847,22.6,22.8,In,200
2026-07-31T13:40:00,22.198,22.3678,22.6,22.8,In,200
2026-07-31T13:50:00,22.23,22.3252,22.6,22.7,In,200
2026-07-31T14:00:00,22.273,22.3238,22.7,22.8,In,200
2026-07-31T14:10:00,22.316,22.328,22.7,22.9,In,200
2026-07-31T14:20:00,22.284,22.3156,22.6,22.7,In,200
2026-07-31T14:30:00,22.316,22.3046,22.6,22.8,In,200
2026-07-31T14:40:00,22.252,22.2895,22.6,22.7,In,200
2026-07-31T14:50:00,22.252,22.2675,22.6,22.7,In,200
2026-07-31T15:00:00,22.155,22.2345,22.6,22.6,In,200
2026-07-31T15:10:00,22.177,22.2043,22.6,22.7,In,200
2026-07-31T15:20:00,22.209,22.2029,22.6,22.6,In,200
2026-07-31T15:30:00,22.187,22.1837,22.5,22.6,In,200
2026-07-31T15:40:00,22.112,22.1246,22.5,22.6,In,200
2026-07-31T15:50:00,22.102,22.0903,22.5,22.6,In,200
2026-07-31T16:00:00,22.069,22.0779,22.4,22.6,In,200
2026-07-31T16:10:00,22.059,22.067,22.4,22.6,In,200
2026-07-31T16:20:00,22.037,22.0477,22.4,22.6,In,200
2026-07-31T16:30:00,21.994,21.9914,22.3,22.5,In,200
2026-07-31T16:40:00,21.984,21.9832,22.3,22.4,In,200
2026-07-31T16:50:00,21.973,21.975,22.3,22.5,In,200
2026-07-31T17:00:00,21.984,21.9846,22.3,22.4,In,200
2026-07-31T17:10:00,21.994,22.023,22.2,22.3,In,200
2026-07-31T17:20:00,22.091,22.137,22.3,22.3,In,200
2026-07-31T17:30:00,22.209,22.2277,22.2,22.4,In,200
2026-07-31T17:40:00,22.123,22.1782,22.2,22.4,In,200
2026-07-31T17:50:00,22.187,22.218,22.4,22.6,In,200
2026-07-31T18:00:00,22.102,22.1397,22.5,22.6,In,200
2026-07-31T18:10:00,22.102,22.1548,22.5,22.5,In,200
2026-07-31T18:20:00,22.08,22.104,22.5,22.6,In,200
2026-07-31T18:30:00,22.005,22.0052,22.5,22.6,In,200
2026-07-31T18:40:00,21.994,21.9983,22.4,22.5,In,200
2026-07-31T18:50:00,21.984,21.9914,22.4,22.6,In,200
2026-07-31T19:00:00,21.962,21.9832,22.3,22.4,In,200
2026-07-31T19:10:00,21.973,21.9736,22.2,22.3,In,200
2026-07-31T19:20:00,21.973,21.9722,22.2,22.4,In,200
2026-07-31T19:30:00,21.962,21.9612,22.2,22.4,In,200
2026-07-31T19:40:00,21.962,21.9571,22.2,22.3,In,200
2026-07-31T19:50:00,21.973,21.964,22.2,22.3,In,200
2026-07-31T20:00:00,21.994,21.9873,22.2,22.4,In,200
2026-07-31T20:10:00,21.984,22.0093,22.2,22.4,In,200
2026-07-31T20:20:00,22.016,22.0175,22.2,22.4,In,200
2026-07-31T20:30:00,21.941,21.9736,22.2,22.4,In,200
2026-07-31T20:40:00,21.962,21.9557,22.3,22.4,In,200
2026-07-31T20:50:00,21.984,21.9708,22.3,22.3,In,200
2026-07-31T21:00:00,21.973,21.9612,22.2,22.3,In,200
2026-07-31T21:10:00,21.962,21.964,22.2,22.3,In,200
2026-07-31T21:20:00,21.984,21.9887,22.1,22.4,In,200
2026-07-31T21:30:00,21.973,21.9956,22.2,22.4,In,200
2026-07-31T21:40:00,21.994,21.9956,22.2,22.4,In,200
2026-07-31T21:50:00,22.005,21.9956,22.2,22.3,In,200
2026-07-31T22:00:00,22.027,22.0107,22.2,22.3,In,200
2026-07-31T22:10:00,22.027,22.0258,22.3,22.4,In,200
2026-07-31T22:20:00,22.005,22.0381,22.3,22.4,In,200
2026-07-31T22:30:00,22.037,22.0491,22.2,22.4,In,200
2026-07-31T22:40:00,22.048,22.0834,22.3,22.4,In,200
2026-07-31T22:50:00,22.059,22.1054,22.2,22.4,In,200
2026-07-31T23:00:00,22.102,22.1274,22.3,22.5,In,200
2026-07-31T23:10:00,22.155,22.148,22.3,22.5,In,200
2026-07-31T23:20:00,22.198,22.1974,22.4,22.5,In,200
2026-07-31T23:30:00,22.22,22.2016,22.4,22.5,In,200
2026-07-31T23:40:00,22.316,22.3115,22.4,22.6,In,200
2026-07-31T23:50:00,22.413,22.4118,22.4,22.6,In,200
2026-08-01T00:00:00,22.445,22.4352,22.4,22.6,In,200
2026-08-01T00:10:00,22.466,22.4654,22.5,22.6,In,200
2026-08-01T00:20:00,22.477,22.4819,22.6,22.8,In,200
2026-08-01T00:30:00,22.466,22.5218,22.7,22.8,In,200
2026-08-01T00:40:00,22.466,22.475,22.7,22.9,In,200
2026-08-01T00:50:00,22.391,22.4544,22.7,22.9,In,200
2026-08-01T01:00:00,22.402,22.4283,22.8,23,In,200
2026-08-01T01:10:00,22.445,22.4475,22.8,22.9,In,200
2026-08-01T01:20:00,22.466,22.475,22.7,22.9,In,200
2026-08-01T01:30:00,22.477,22.5342,22.6,22.8,In,200
2026-08-01T01:40:00,22.445,22.5012,22.7,22.9,In,200
2026-08-01T01:50:00,22.22,22.3513,22.7,22.8,In,200
2026-08-01T02:00:00,22.23,22.3431,22.8,23,In,200
2026-08-01T02:10:00,22.209,22.3335,22.8,23,In,200
2026-08-01T02:20:00,22.08,22.1782,22.7,23,In,200
2026-08-01T02:30:00,22.069,22.1851,22.6,22.9,In,200
2026-08-01T02:40:00,22.145,22.306,22.6,22.9,In,200
2026-08-01T02:50:00,22.327,22.3527,22.6,22.8,In,200
2026-08-01T03:00:00,22.359,22.3609,22.5,22.7,In,200
2026-08-01T03:10:00,22.155,22.306,22.5,22.8,In,200
2026-08-01T03:20:00,22.037,22.1507,22.6,22.7,In,200
2026-08-01T03:30:00,22.123,22.1741,22.6,22.8,In,200
2026-08-01T03:40:00,22.145,22.1755,22.6,22.7,In,200
2026-08-01T03:50:00,22.177,22.159,22.6,22.7,In,200
2026-08-01T04:00:00,22.177,22.1631,22.5,22.7,In,200
2026-08-01T04:10:00,22.177,22.1686,22.4,22.6,In,200
2026-08-01T04:20:00,22.198,22.1947,22.4,22.5,In,200
2026-08-01T04:30:00,22.198,22.2125,22.4,22.6,In,200
2026-08-01T04:40:00,22.134,22.1562,22.4,22.5,In,200
2026-08-01T04:50:00,22.166,22.1851,22.4,22.6,In,200
2026-08-01T05:00:00,22.23,22.2771,22.4,22.6,In,200
2026-08-01T05:10:00,22.187,22.2386,22.5,22.6,In,200
2026-08-01T05:20:00,22.059,22.1013,22.4,22.5,In,200
2026-08-01T05:30:00,22.059,22.0436,22.4,22.6,In,200
2026-08-01T05:40:00,22.048,22.0464,22.5,22.7,In,200
2026-08-01T05:50:00,22.037,22.0477,22.4,22.6,In,200
2026-08-01T06:00:00,22.048,22.0505,22.3,22.4,In,200
2026-08-01T06:10:00,22.069,22.1082,22.3,22.5,In,200
2026-08-01T06:20:00,22.134,22.1439,22.3,22.5,In,200
2026-08-01T06:30:00,22.123,22.1521,22.3,22.4,In,200
2026-08-01T06:40:00,22.155,22.1397,22.3,22.5,In,200
2026-08-01T06:50:00,22.155,22.1425,22.4,22.5,In,200
2026-08-01T07:00:00,22.145,22.1411,22.4,22.5,In,200
2026-08-01T07:10:00,22.134,22.1329,22.4,22.5,In,200
2026-08-01T07:20:00,22.145,22.1274,22.4,22.5,In,200
2026-08-01T07:30:00,22.112,22.1082,22.3,22.5,In,200
2026-08-01T07:40:00,22.091,22.093,22.4,22.5,In,200
2026-08-01T07:50:00,22.102,22.0876,22.4,22.5,In,200
2026-08-01T08:00:00,22.102,22.0876,22.3,22.5,In,200
2026-08-01T08:10:00,22.069,22.0848,22.4,22.5,In,200
2026-08-01T08:20:00,22.08,22.0738,22.3,22.4,In,200
2026-08-01T08:30:00,22.059,22.0711,22.4,22.4,In,200
2026-08-01T08:40:00,22.037,22.0821,22.3,22.5,In,200
2026-08-01T08:50:00,22.187,22.1864,22.3,22.5,In,200
2026-08-01T09:00:00,22.23,22.2208,22.3,22.4,In,200
2026-08-01T09:10:00,22.177,22.2125,22.3,22.5,In,200
2026-08-01T09:20:00,22.134,22.2057,22.4,22.6,In,200
2026-08-01T09:30:00,22.23,22.2441,22.4,22.6,In,200
2026-08-01T09:40:00,22.359,22.3623,22.5,22.6,In,200
2026-08-01T09:50:00,22.413,22.4132,22.4,22.6,In,200
2026-08-01T10:00:00,22.348,22.3623,22.4,22.7,In,200
2026-08-01T10:10:00,22.263,22.273,22.5,22.7,In,200
2026-08-01T10:20:00,22.23,22.24,22.7,22.8,In,200
2026-08-01T10:30:00,22.263,22.3706,22.6,22.8,In,200
2026-08-01T10:40:00,22.295,22.3761,22.6,22.7,In,200
2026-08-01T10:50:00,22.477,22.5245,22.5,22.7,In,200
2026-08-01T11:00:00,22.456,22.5369,22.5,22.7,In,200
2026-08-01T11:10:00,22.531,22.5507,22.7,22.8,In,200
2026-08-01T11:20:00,22.531,22.5424,22.8,22.9,In,200
2026-08-01T11:30:00,22.552,22.5397,22.7,22.9,In,200
2026-08-01T11:40:00,22.531,22.5342,22.8,22.9,In,200
2026-08-01T11:50:00,22.498,22.5108,22.8,22.9,In,200
2026-08-01T12:00:00,22.509,22.5424,22.8,22.9,In,200
2026-08-01T12:10:00,22.563,22.5754,22.8,22.9,In,200
2026-08-01T12:20:00,22.498,22.5177,22.7,22.9,In,200
2026-08-01T12:30:00,22.155,22.3225,22.7,22.9,In,200
2026-08-01T12:40:00,22.241,22.2661,22.8,23,In,200
2026-08-01T12:50:00,22.23,22.2538,22.8,22.9,In,200
2026-08-01T13:00:00,22.177,22.207,22.8,22.9,In,200
2026-08-01T13:10:00,22.166,22.1988,22.6,22.8,In,200
2026-08-01T13:20:00,22.059,22.0724,22.5,22.7,In,200
2026-08-01T13:30:00,21.994,22.0313,22.5,22.7,In,200
2026-08-01T13:40:00,21.994,22.0134,22.5,22.5,In,200
2026-08-01T13:50:00,22.016,22.0162,22.4,22.6,In,200
2026-08-01T14:00:00,22.016,22.0189,22.3,22.5,In,200
2026-08-01T14:10:00,21.994,22.0203,22.3,22.4,In,200
2026-08-01T14:20:00,22.005,22.0079,22.2,22.4,In,200
2026-08-01T14:30:00,21.973,21.9777,22.3,22.4,In,200
2026-08-01T14:40:00,21.952,21.964,22.3,22.4,In,200
2026-08-01T14:50:00,21.962,21.9557,22.3,22.4,In,200
2026-08-01T15:00:00,21.962,21.9599,22.3,22.4,In,200
2026-08-01T15:10:00,21.973,21.964,22.2,22.4,In,200
2026-08-01T15:20:00,21.973,21.9708,22.2,22.3,In,200
2026-08-01T15:30:00,22.048,22.0326,22.2,22.4,In,200
2026-08-01T15:40:00,22.102,22.0903,22.2,22.4,In,200
2026-08-01T15:50:00,21.984,22.0395,22.2,22.5,In,200
2026-08-01T16:00:00,22.005,22.0244,22.2,22.4,In,200
2026-08-01T16:10:00,22.048,22.0367,22.3,22.4,In,200
2026-08-01T16:20:00,22.048,22.0354,22.4,22.4,In,200
2026-08-01T16:30:00,22.016,22.0162,22.3,22.4,In,200
2026-08-01T16:40:00,22.005,22.0107,22.3,22.4,In,200
2026-08-01T16:50:00,21.994,22.0175,22.2,22.4,In,200
2026-08-01T17:00:00,22.037,22.0889,22.3,22.4,In,200
2026-08-01T17:10:00,22.08,22.1027,22.2,22.3,In,200
2026-08-01T17:20:00,22.102,22.1054,22.3,22.4,In,200
2026-08-01T17:30:00,22.102,22.1082,22.3,22.5,In,200
2026-08-01T17:40:00,22.112,22.1205,22.3,22.5,In,200
2026-08-01T17:50:00,22.123,22.115,22.3,22.5,In,200
2026-08-01T18:00:00,22.016,22.1123,22.4,22.5,In,200
2026-08-01T18:10:00,22.016,22.1233,22.3,22.5,In,200
2026-08-01T18:20:00,21.994,22.001,22.4,22.4,In,200
2026-08-01T18:30:00,21.962,22.0326,22.4,22.5,In,200
2026-08-01T18:40:00,22.016,22.0285,22.3,22.5,In,200
2026-08-01T18:50:00,22.037,22.0313,22.4,22.5,In,200
2026-08-01T19:00:00,22.016,22.001,22.4,22.5,In,200
2026-08-01T19:10:00,21.984,21.9914,22.3,22.4,In,200
2026-08-01T19:20:00,21.984,21.9859,22.3,22.4,In,200
2026-08-01T19:30:00,21.994,21.9873,22.2,22.4,In,200
2026-08-01T19:40:00,21.994,21.9928,22.2,22.3,In,200
2026-08-01T19:50:00,21.994,21.9942,22.2,22.3,In,200
2026-08-01T20:00:00,22.005,22.0024,22.2,22.3,In,200
2026-08-01T20:10:00,22.016,22.0065,22.2,22.4,In,200
2026-08-01T20:20:00,22.027,22.0299,22.2,22.4,In,200
2026-08-01T20:30:00,22.027,22.0271,22.2,22.4,In,200
2026-08-01T20:40:00,22.037,22.056,22.2,22.4,In,200
2026-08-01T20:50:00,22.08,22.0724,22.3,22.4,In,200
2026-08-01T21:00:00,22.091,22.0793,22.4,22.4,In,200
2026-08-01T21:10:00,22.048,22.067,22.3,22.4,In,200
2026-08-01T21:20:00,22.016,22.0409,22.3,22.5,In,200
2026-08-01T21:30:00,22.016,22.0271,22.3,22.5,In,200
2026-08-01T21:40:00,22.027,22.0367,22.3,22.5,In,200
2026-08-01T21:50:00,22.027,22.0271,22.2,22.4,In,200
2026-08-01T22:00:00,22.027,22.0244,22.3,22.4,In,200
2026-08-01T22:10:00,22.048,22.0299,22.2,22.4,In,200
2026-08-01T22:20:00,22.059,22.0587,22.2,22.4,In,200
2026-08-01T22:30:00,22.08,22.1136,22.3,22.4,In,200
2026-08-01T22:40:00,22.177,22.1576,22.3,22.4,In,200
2026-08-01T22:50:00,22.23,22.2194,22.3,22.4,In,200
2026-08-01T23:00:00,22.359,22.3225,22.4,22.5,In,200
2026-08-01T23:10:00,22.445,22.4764,22.4,22.4,In,200
2026-08-01T23:20:00,22.434,22.464,22.4,22.5,In,200
2026-08-01T23:30:00,22.434,22.4407,22.5,22.7,In,200
2026-08-01T23:40:00,22.305,22.3445,22.7,22.8,In,200
2026-08-01T23:50:00,22.273,22.273,22.7,23,In,200
2026-08-02T00:00:00,22.263,22.2675,22.8,22.9,In,200
2026-08-02T00:10:00,22.263,22.2579,22.6,22.8,In,200
2026-08-02T00:20:00,22.252,22.2716,22.6,22.7,In,200
2026-08-02T00:30:00,22.241,22.251,22.5,22.7,In,200
2026-08-02T00:40:00,22.123,22.1397,22.5,22.6,In,200
2026-08-02T00:50:00,22.069,22.0848,22.5,22.6,In,200
2026-08-02T01:00:00,22.069,22.0793,22.5,22.7,In,200
2026-08-02T01:10:00,22.091,22.1109,22.4,22.6,In,200
2026-08-02T01:20:00,22.102,22.0999,22.4,22.5,In,200
2026-08-02T01:30:00,22.091,22.0999,22.3,22.5,In,200
2026-08-02T01:40:00,22.198,22.2386,22.4,22.5,In,200
2026-08-02T01:50:00,22.102,22.1933,22.4,22.5,In,200
2026-08-02T02:00:00,22.037,22.0711,22.4,22.5,In,200
2026-08-02T02:10:00,22.037,22.0354,22.4,22.6,In,200
2026-08-02T02:20:00,22.048,22.0532,22.6,22.8,In,200
2026-08-02T02:30:00,22.123,22.1164,22.4,22.7,In,200
2026-08-02T02:40:00,22.102,22.0944,22.3,22.6,In,200
2026-08-02T02:50:00,22.069,22.0766,22.3,22.4,In,200
2026-08-02T03:00:00,22.069,22.0862,22.3,22.4,In,200
2026-08-02T03:10:00,22.037,22.0519,22.4,22.5,In,200
2026-08-02T03:20:00,21.994,22.0519,22.3,22.4,In,200
2026-08-02T03:30:00,22.037,22.0436,22.3,22.5,In,200
2026-08-02T03:40:00,22.037,22.0697,22.3,22.5,In,200
2026-08-02T03:50:00,22.123,22.1384,22.3,22.5,In,200
2026-08-02T04:00:00,22.134,22.148,22.3,22.4,In,200
2026-08-02T04:10:00,22.091,22.1164,22.3,22.4,In,200
2026-08-02T04:20:00,22.123,22.1054,22.4,22.5,In,200
2026-08-02T04:30:00,22.134,22.1191,22.4,22.5,In,200
2026-08-02T04:40:00,22.145,22.1452,22.4,22.5,In,200
2026-08-02T04:50:00,22.187,22.1713,22.4,22.5,In,200
2026-08-02T05:00:00,22.187,22.1782,22.3,22.5,In,200
2026-08-02T05:10:00,22.166,22.1631,22.3,22.5,In,200
2026-08-02T05:20:00,22.177,22.1768,22.4,22.5,In,200
2026-08-02T05:30:00,22.263,22.2414,22.4,22.5,In,200
2026-08-02T05:40:00,22.305,22.3348,22.4,22.6,In,200
2026-08-02T05:50:00,22.327,22.3637,22.4,22.5,In,200
2026-08-02T06:00:00,22.016,22.0354,22.4,22.6,In,200
2026-08-02T06:10:00,22.016,22.0354,22.6,22.7,In,200
2026-08-02T06:20:00,22.016,22.0148,22.6,22.7,In,200
2026-08-02T06:30:00,22.037,22.0162,22.6,22.7,In,200
2026-08-02T06:40:00,22.048,22.0532,22.3,22.5,In,200
2026-08-02T06:50:00,22.069,22.0889,22.3,22.5,In,200
2026-08-02T07:00:00,22.069,22.0834,22.2,22.4,In,200
2026-08-02T07:10:00,22.059,22.0889,22.3,22.4,In,200
2026-08-02T07:20:00,22.08,22.0972,22.3,22.5,In,200
2026-08-02T07:30:00,22.102,22.0972,22.3,22.5,In,200
2026-08-02T07:40:00,22.069,22.0999,22.3,22.5,In,200
2026-08-02T07:50:00,22.112,22.1095,22.3,22.4,In,200
2026-08-02T08:00:00,22.123,22.1205,22.3,22.5,In,200
2026-08-02T08:10:00,22.102,22.1219,22.3,22.4,In,200
2026-08-02T08:20:00,22.123,22.126,22.4,22.5,In,200
2026-08-02T08:30:00,22.166,22.1617,22.3,22.5,In,200
2026-08-02T08:40:00,22.187,22.2139,22.4,22.5,In,200
2026-08-02T08:50:00,22.241,22.229,22.4,22.5,In,200
2026-08-02T09:00:00,22.263,22.2757,22.4,22.5,In,200
2026-08-02T09:10:00,22.316,22.3252,22.5,22.6,In,200
2026-08-02T09:20:00,22.37,22.3609,22.5,22.6,In,200
2026-08-02T09:30:00,22.423,22.4311,22.5,22.7,In,200
2026-08-02T09:40:00,22.359,22.4063,22.5,22.7,In,200
2026-08-02T09:50:00,22.273,22.3142,22.6,22.7,In,200
2026-08-02T10:00:00,22.273,22.273,22.6,22.7,In,200
2026-08-02T10:10:00,22.273,22.2634,22.7,22.7,In,200
2026-08-02T10:20:00,22.316,22.2991,22.6,22.8,In,200
2026-08-02T10:30:00,22.316,22.3211,22.6,22.7,In,200
2026-08-02T10:40:00,22.381,22.3747,22.5,22.6,In,200
2026-08-02T10:50:00,22.595,22.6195,22.5,22.6,In,200
2026-08-02T11:00:00,22.799,22.8231,22.6,22.7,In,200
2026-08-02T11:10:00,22.767,22.8121,22.6,22.7,In,200
2026-08-02T11:20:00,22.616,22.6855,22.7,23,In,200
2026-08-02T11:30:00,22.584,22.6208,23,23.1,In,200
2026-08-02T11:40:00,22.338,22.4311,23.1,23.2,In,200
2026-08-02T11:50:00,22.295,22.306,23,23.2,In,200
2026-08-02T12:00:00,22.348,22.3541,23,23.1,In,200
2026-08-02T12:10:00,22.338,22.3692,22.8,23,In,200
2026-08-02T12:20:00,22.316,22.3568,22.6,22.7,In,200
2026-08-02T12:30:00,22.209,22.2125,22.6,22.9,In,200
2026-08-02T12:40:00,22.155,22.1645,22.6,22.7,In,200
2026-08-02T12:50:00,22.134,22.1562,22.6,22.7,In,200
2026-08-02T13:00:00,22.134,22.1384,22.5,22.7,In,200
2026-08-02T13:10:00,21.973,22.0093,22.4,22.6,In,200
2026-08-02T13:20:00,22.08,22.0642,22.4,22.5,In,200
2026-08-02T13:30:00,22.145,22.126,22.4,22.5,In,200
2026-08-02T13:40:00,22.155,22.1617,22.4,22.5,In,200
2026-08-02T13:50:00,22.23,22.2854,22.2,22.5,In,200
2026-08-02T14:00:00,22.102,22.1672,22.3,22.5,In,200
2026-08-02T14:10:00,22.037,22.0409,22.3,22.5,In,200
2026-08-02T14:20:00,22.069,22.0628,22.5,22.7,In,200
2026-08-02T14:30:00,22.145,22.1219,22.6,22.8,In,200
2026-08-02T14:40:00,22.123,22.137,22.4,22.5,In,200
2026-08-02T14:50:00,22.134,22.1301,22.2,22.5,In,200
2026-08-02T15:00:00,22.027,22.0477,22.4,22.5,In,200
2026-08-02T15:10:00,22.027,22.0216,22.3,22.5,In,200
2026-08-02T15:20:00,22.037,22.0244,22.4,22.5,In,200
2026-08-02T15:30:00,22.059,22.0395,22.3,22.5,In,200
2026-08-02T15:40:00,22.048,22.0601,22.3,22.4,In,200
2026-08-02T15:50:00,22.059,22.056,22.2,22.4,In,200
2026-08-02T16:00:00,22.08,22.0601,22.3,22.4,In,200
2026-08-02T16:10:00,22.08,22.0628,22.3,22.4,In,200
2026-08-02T16:20:00,22.048,22.0519,22.3,22.4,In,200
2026-08-02T16:30:00,22.037,22.0326,22.3,22.4,In,200
2026-08-02T16:40:00,22.016,22.0216,22.3,22.4,In,200
2026-08-02T16:50:00,22.016,22.0258,22.3,22.5,In,200
2026-08-02T17:00:00,22.048,22.0587,22.3,22.4,In,200
2026-08-02T17:10:00,22.123,22.1164,22.3,22.4,In,200
2026-08-02T17:20:00,22.145,22.1631,22.2,22.4,In,200
2026-08-02T17:30:00,22.166,22.1796,22.3,22.4,In,200
2026-08-02T17:40:00,21.984,22.0367,22.3,22.5,In,200
2026-08-02T17:50:00,21.973,21.9901,22.4,22.6,In,200
2026-08-02T18:00:00,22.005,22.0065,22.4,22.5,In,200
2026-08-02T18:10:00,22.027,22.0409,22.4,22.5,In,200
2026-08-02T18:20:00,22.048,22.0477,22.3,22.5,In,200
2026-08-02T18:30:00,22.059,22.0491,22.3,22.4,In,200
2026-08-02T18:40:00,22.048,22.0477,22.2,22.4,In,200
2026-08-02T18:50:00,22.037,22.0519,22.2,22.4,In,200
2026-08-02T19:00:00,22.134,22.148,22.3,22.4,In,200
2026-08-02T19:10:00,22.177,22.2002,22.3,22.4,In,200
2026-08-02T19:20:00,22.22,22.2194,22.3,22.4,In,200
2026-08-02T19:30:00,22.23,22.2386,22.4,22.5,In,200
2026-08-02T19:40:00,22.252,22.2579,22.4,22.6,In,200
2026-08-02T19:50:00,22.295,22.2922,22.5,22.6,In,200
2026-08-02T20:00:00,22.316,22.3128,22.4,22.6,In,200
2026-08-02T20:10:00,22.338,22.3582,22.5,22.6,In,200
2026-08-02T20:20:00,22.37,22.3939,22.5,22.7,In,200
2026-08-02T20:30:00,22.391,22.3939,22.5,22.7,In,200
2026-08-02T20:40:00,22.381,22.3747,22.6,22.8,In,200
2026-08-02T20:50:00,22.402,22.3967,22.6,22.7,In,200
2026-08-02T21:00:00,22.391,22.4022,22.6,22.8,In,200
2026-08-02T21:10:00,22.391,22.3898,22.6,22.7,In,200
2026-08-02T21:20:00,22.391,22.3939,22.6,22.8,In,200
2026-08-02T21:30:00,22.348,22.3802,22.7,22.7,In,200
2026-08-02T21:40:00,22.338,22.3486,22.7,22.8,In,200
2026-08-02T21:50:00,22.327,22.3403,22.6,22.8,In,200
2026-08-02T22:00:00,22.348,22.3362,22.6,22.8,In,200
2026-08-02T22:10:00,22.284,22.3458,22.6,22.8,In,200
2026-08-02T22:20:00,22.305,22.3417,22.6,22.7,In,200
2026-08-02T22:30:00,22.198,22.2538,22.6,22.7,In,200
2026-08-02T22:40:00,22.08,22.0903,22.6,22.7,In,200
2026-08-02T22:50:00,22.037,22.0299,22.6,22.7,In,200
2026-08-02T23:00:00,22.027,22.0244,22.6,22.7,In,200
2026-08-02T23:10:00,22.037,22.0271,22.4,22.6,In,200
2026-08-02T23:20:00,22.037,22.023,22.3,22.5,In,200
2026-08-02T23:30:00,22.016,22.023,22.2,22.4,In,200
2026-08-02T23:40:00,22.037,22.0189,22.2,22.3,In,200
2026-08-02T23:50:00,21.952,22.0052,22.3,22.4,In,200
2026-08-03T00:00:00,21.973,22.0038,22.2,22.4,In,200
2026-08-03T00:10:00,21.984,21.9818,22.3,22.4,In,200
2026-08-03T00:20:00,21.994,21.9887,22.2,22.4,In,200
2026-08-03T00:30:00,21.994,22.0038,22.2,22.4,In,200
2026-08-03T00:40:00,22.027,22.0052,22.3,22.4,In,200
2026-08-03T00:50:00,22.016,22.0024,22.2,22.4,In,200
2026-08-03T01:00:00,22.016,22.0189,22.2,22.4,In,200
2026-08-03T01:10:00,22.037,22.0848,22.3,22.4,In,200
2026-08-03T01:20:00,22.016,22.0285,22.2,22.4,In,200
2026-08-03T01:30:00,22.005,21.9969,22.3,22.4,In,200
2026-08-03T01:40:00,21.994,21.9956,22.3,22.4,In,200
2026-08-03T01:50:00,21.994,22.0024,22.3,22.5,In,200
2026-08-03T02:00:00,21.994,22.0107,22.2,22.4,In,200
2026-08-03T02:10:00,22.048,22.0244,22.2,22.3,In,200
2026-08-03T02:20:00,22.016,22.023,22.2,22.4,In,200
2026-08-03T02:30:00,21.994,22.0038,22.3,22.4,In,200
2026-08-03T02:40:00,21.973,21.9846,22.3,22.4,In,200
2026-08-03T02:50:00,21.952,21.9708,22.3,22.4,In,200
2026-08-03T03:00:00,21.984,21.9763,22.3,22.4,In,200
2026-08-03T03:10:00,21.962,21.9722,22.2,22.4,In,200
2026-08-03T03:20:00,21.93,21.9599,22.2,22.4,In,200
2026-08-03T03:30:00,21.93,21.9489,22.3,22.4,In,200
2026-08-03T03:40:00,21.941,21.9503,22.2,22.3,In,200
2026-08-03T03:50:00,21.952,21.9571,22.2,22.4,In,200
2026-08-03T04:00:00,21.973,21.9777,22.2,22.3,In,200
2026-08-03T04:10:00,22.005,21.9997,22.2,22.3,In,200
2026-08-03T04:20:00,22.016,22.0189,22.2,22.3,In,200
2026-08-03T04:30:00,22.037,22.0313,22.2,22.3,In,200
2026-08-03T04:40:00,22.048,22.0395,22.2,22.4,In,200
2026-08-03T04:50:00,22.059,22.0505,22.3,22.4,In,200
2026-08-03T05:00:00,22.037,22.0285,22.3,22.3,In,200
2026-08-03T05:10:00,22.005,22.0148,22.3,22.4,In,200
2026-08-03T05:20:00,22.016,22.0134,22.3,22.4,In,200
2026-08-03T05:30:00,22.016,22.012,22.3,22.4,In,200
2026-08-03T05:40:00,22.027,22.0285,22.3,22.4,In,200
2026-08-03T05:50:00,22.059,22.0464,22.2,22.4,In,200
2026-08-03T06:00:00,22.005,22.0519,22.3,22.4,In,200
2026-08-03T06:10:00,21.984,22.0079,22.2,22.4,In,200
2026-08-03T06:20:00,21.941,21.9365,22.3,22.4,In,200
2026-08-03T06:30:00,21.898,21.9063,22.3,22.4,In,200
2026-08-03T06:40:00,21.887,21.8967,22.3,22.5,In,200
2026-08-03T06:50:00,21.909,21.9008,22.2,22.4,In,200
2026-08-03T07:00:00,21.919,21.9063,22.2,22.3,In,200
2026-08-03T07:10:00,21.919,21.9132,22.1,22.3,In,200
2026-08-03T07:20:00,21.93,21.9242,22.2,22.2,In,200
2026-08-03T07:30:00,21.93,21.931,22.2,22.2,In,200
2026-08-03T07:40:00,21.93,21.942,22.1,22.3,In,200
2026-08-03T07:50:00,21.941,21.9489,22.2,22.3,In,200
2026-08-03T08:00:00,21.962,21.953,22.1,22.2,In,200
2026-08-03T08:10:00,22.016,22.012,22.2,22.3,In,200
2026-08-03T08:20:00,22.069,22.067,22.2,22.3,In,200
2026-08-03T08:30:00,22.102,22.1027,22.2,22.3,In,200
2026-08-03T08:40:00,22.102,22.0944,22.2,22.3,In,200
2026-08-03T08:50:00,22.059,22.0642,22.3,22.3,In,200
2026-08-03T09:00:00,22.027,22.0313,22.4,22.5,In,200
2026-08-03T09:10:00,22.016,22.0162,22.4,22.4,In,200
2026-08-03T09:20:00,21.994,21.9997,22.3,22.4,In,200
2026-08-03T09:30:00,22.027,22.0065,22.2,22.4,In,200
2026-08-03T09:40:00,22.016,22.0203,22.3,22.4,In,200
2026-08-03T09:50:00,22.027,22.0258,22.3,22.4,In,200
2026-08-03T10:00:00,22.059,22.0436,22.2,22.4,In,200
2026-08-03T10:10:00,22.08,22.0821,22.2,22.3,In,200
2026-08-03T10:20:00,22.155,22.2016,22.2,22.4,In,200
2026-08-03T10:30:00,22.209,22.2057,22.2,22.4,In,200
2026-08-03T10:40:00,22.263,22.2702,22.3,22.4,In,200
2026-08-03T10:50:00,22.327,22.3266,22.4,22.6,In,200
2026-08-03T11:00:00,22.338,22.3417,22.5,22.6,In,200
2026-08-03T11:10:00,22.327,22.3307,22.4,22.6,In,200
2026-08-03T11:20:00,22.327,22.3321,22.5,22.7,In,200
2026-08-03T11:30:00,22.177,22.2867,22.5,22.7,In,200
2026-08-03T11:40:00,22.198,22.2153,22.6,22.7,In,200
2026-08-03T11:50:00,22.273,22.3101,22.6,22.6,In,200
2026-08-03T12:00:00,22.08,22.1246,22.6,22.7,In,200
2026-08-03T12:10:00,22.22,22.3816,22.6,22.7,In,200
2026-08-03T12:20:00,22.069,22.148,22.6,22.7,In,200
2026-08-03T12:30:00,22.048,22.0848,22.6,22.7,In,200
2026-08-03T12:40:00,22.059,22.0738,22.5,22.7,In,200
2026-08-03T12:50:00,22.005,22.0203,22.7,22.9,In,200
2026-08-03T13:00:00,21.952,21.9544,22.4,22.6,In,200
2026-08-03T13:10:00,21.952,21.9434,22.3,22.5,In,200
2026-08-03T13:20:00,21.952,21.9434,22.3,22.4,In,200
2026-08-03T13:30:00,21.962,21.964,22.2,22.4,In,200
2026-08-03T13:40:00,21.994,21.9832,22.2,22.2,In,200
2026-08-03T13:50:00,21.973,21.9901,22.1,22.3,In,200
2026-08-03T14:00:00,21.994,22.001,22.1,22.4,In,200
2026-08-03T14:10:00,21.994,22.0162,22.2,22.4,In,200
2026-08-03T14:20:00,22.016,22.0079,22.3,22.4,In,200
2026-08-03T14:30:00,22.005,21.9983,22.2,22.4,In,200
2026-08-03T14:40:00,22.005,21.9928,22.2,22.4,In,200
2026-08-03T14:50:00,21.994,21.9914,22.2,22.4,In,200
2026-08-03T15:00:00,21.994,21.9914,22.3,22.4,In,200
2026-08-03T15:10:00,22.005,21.9956,22.2,22.4,In,200
2026-08-03T15:20:00,21.984,21.9956,22.2,22.4,In,200
2026-08-03T15:30:00,21.962,21.9873,22.2,22.4,In,200
2026-08-03T15:40:00,21.952,21.9544,22.2,22.3,In,200
2026-08-03T15:50:00,21.941,21.9434,22.2,22.3,In,200
2026-08-03T16:00:00,21.941,21.942,22.2,22.4,In,200
2026-08-03T16:10:00,21.941,21.942,22.3,22.3,In,200
2026-08-03T16:20:00,21.93,21.9434,22.2,22.3,In,200
2026-08-03T16:30:00,21.962,21.9585,22.2,22.3,In,200
2026-08-03T16:40:00,21.962,21.9832,22.2,22.3,In,200
2026-08-03T16:50:00,22.005,22.0175,22.2,22.3,In,200
2026-08-03T17:00:00,22.027,22.0409,22.2,22.3,In,200
2026-08-03T17:10:00,22.037,22.0532,22.2,22.3,In,200
2026-08-03T17:20:00,22.037,22.0491,22.3,22.4,In,200
2026-08-03T17:30:00,21.994,22.0107,22.3,22.4,In,200
2026-08-03T17:40:00,22.005,21.9969,22.3,22.4,In,200
2026-08-03T17:50:00,21.994,21.9983,22.3,22.4,In,200
2026-08-03T18:00:00,21.973,21.9695,22.3,22.4,In,200
2026-08-03T18:10:00,21.973,21.9832,22.2,22.4,In,200
2026-08-03T18:20:00,22.016,21.9832,22.3,22.4,In,200
2026-08-03T18:30:00,21.973,21.9722,22.2,22.4,In,200
2026-08-03T18:40:00,21.984,21.9763,22.2,22.4,In,200
2026-08-03T18:50:00,21.994,21.9846,22.2,22.4,In,200
2026-08-03T19:00:00,22.016,22.0175,22.2,22.3,In,200
2026-08-03T19:10:00,21.962,21.9942,22.2,22.3,In,200
2026-08-03T19:20:00,21.952,21.9956,22.2,22.4,In,200
2026-08-03T19:30:00,21.984,22.0024,22.2,22.4,In,200
2026-08-03T19:40:00,22.037,22.0134,22.2,22.3,In,200
2026-08-03T19:50:00,22.027,22.0175,22.2,22.3,In,200
2026-08-03T20:00:00,22.037,22.023,22.3,22.4,In,200
2026-08-03T20:10:00,21.919,21.9654,22.2,22.4,In,200
2026-08-03T20:20:00,21.887,21.8926,22.3,22.4,In,200
2026-08-03T20:30:00,21.898,21.8899,22.3,22.4,In,200
2026-08-03T20:40:00,21.93,21.9461,22.2,22.4,In,200
2026-08-03T20:50:00,21.898,21.9352,22.2,22.4,In,200
2026-08-03T21:00:00,21.898,21.9091,22.1,22.4,In,200
2026-08-03T21:10:00,21.919,21.9214,22.2,22.3,In,200
2026-08-03T21:20:00,21.941,21.9393,22.2,22.3,In,200
2026-08-03T21:30:00,21.952,21.9681,22.2,22.3,In,200
2026-08-03T21:40:00,21.994,21.9873,22.1,22.3,In,200
2026-08-03T21:50:00,21.984,21.9832,22.2,22.3,In,200
2026-08-03T22:00:00,21.962,21.9777,22.2,22.4,In,200
2026-08-03T22:10:00,21.973,21.975,22.2,22.3,In,200
2026-08-03T22:20:00,22.037,22.0519,22.2,22.3,In,200
2026-08-03T22:30:00,22.112,22.1054,22.2,22.3,In,200
2026-08-03T22:40:00,22.112,22.1233,22.2,22.4,In,200
2026-08-03T22:50:00,22.134,22.126,22.2,22.4,In,200
2026-08-03T23:00:00,22.166,22.1782,22.3,22.5,In,200
2026-08-03T23:10:00,22.145,22.1892,22.4,22.4,In,200
2026-08-03T23:20:00,22.123,22.1535,22.4,22.4,In,200
2026-08-03T23:30:00,22.145,22.1384,22.4,22.5,In,200
2026-08-03T23:40:00,22.252,22.2084,22.4,22.6,In,200
2026-08-03T23:50:00,22.252,22.2826,22.5,22.6,In,200
2026-08-04T00:00:00,22.273,22.3019,22.4,22.5,In,200
2026-08-04T00:10:00,22.413,22.4063,22.4,22.5,In,200
2026-08-04T00:20:00,22.627,22.6305,22.5,22.6,In,200
2026-08-04T00:30:00,22.316,22.5919,22.5,22.7,In,200
2026-08-04T00:40:00,22.241,22.3884,22.5,22.7,In,200
2026-08-04T00:50:00,22.295,22.3252,22.7,22.9,In,200
2026-08-04T01:00:00,22.316,22.3156,22.9,23,In,200
2026-08-04T01:10:00,22.305,22.2909,22.9,23,In,200
2026-08-04T01:20:00,22.241,22.2593,22.6,22.9,In,200
2026-08-04T01:30:00,22.187,22.2277,22.6,22.8,In,200
2026-08-04T01:40:00,22.273,22.2689,22.5,22.7,In,200
2026-08-04T01:50:00,22.305,22.2964,22.5,22.7,In,200
2026-08-04T02:00:00,22.112,22.2277,22.5,22.6,In,200
2026-08-04T02:10:00,22.069,22.0752,22.5,22.6,In,200
2026-08-04T02:20:00,22.037,22.0326,22.5,22.7,In,200
2026-08-04T02:30:00,22.037,22.0285,22.5,22.7,In,200
2026-08-04T02:40:00,22.027,22.0326,22.4,22.6,In,200
2026-08-04T02:50:00,22.048,22.0422,22.3,22.4,In,200
2026-08-04T03:00:00,22.027,22.0615,22.3,22.4,In,200
2026-08-04T03:10:00,22.059,22.0587,22.3,22.4,In,200
2026-08-04T03:20:00,22.048,22.0519,22.2,22.4,In,200
2026-08-04T03:30:00,22.059,22.045,22.2,22.4,In,200
2026-08-04T03:40:00,22.037,22.034,22.3,22.4,In,200
2026-08-04T03:50:00,22.027,22.0299,22.3,22.4,In,200
2026-08-04T04:00:00,22.037,22.0299,22.3,22.4,In,200
2026-08-04T04:10:00,22.037,22.0285,22.3,22.4,In,200
2026-08-04T04:20:00,22.048,22.0367,22.2,22.4,In,200
2026-08-04T04:30:00,22.048,22.056,22.2,22.4,In,200
2026-08-04T04:40:00,22.059,22.0546,22.3,22.4,In,200
2026-08-04T04:50:00,22.08,22.0903,22.3,22.4,In,200
2026-08-04T05:00:00,22.134,22.1191,22.3,22.4,In,200
2026-08-04T05:10:00,22.134,22.137,22.3,22.4,In,200
2026-08-04T05:20:00,22.005,22.0999,22.3,22.5,In,200
2026-08-04T05:30:00,21.994,22.0107,22.3,22.5,In,200
2026-08-04T05:40:00,21.962,21.9585,22.3,22.5,In,200
2026-08-04T05:50:00,21.952,21.9599,22.4,22.5,In,200
2026-08-04T06:00:00,21.962,21.9585,22.3,22.5,In,200
2026-08-04T06:10:00,21.994,21.9791,22.2,22.4,In,200
2026-08-04T06:20:00,22.005,22.0079,22.2,22.4,In,200
2026-08-04T06:30:00,22.037,22.0313,22.2,22.4,In,200
2026-08-04T06:40:00,22.037,22.0326,22.2,22.4,In,200
2026-08-04T06:50:00,22.016,22.0162,22.2,22.3,In,200
2026-08-04T07:00:00,21.994,21.9942,22.2,22.4,In,200
2026-08-04T07:10:00,21.973,21.9763,22.3,22.4,In,200
2026-08-04T07:20:00,21.962,21.9503,22.2,22.4,In,200
2026-08-04T07:30:00,21.952,21.9475,22.2,22.4,In,200
2026-08-04T07:40:00,21.941,21.9475,22.2,22.4,In,200
2026-08-04T07:50:00,21.952,21.9571,22.2,22.4,In,200
2026-08-04T08:00:00,21.973,21.9585,22.2,22.3,In,200
2026-08-04T08:10:00,21.973,21.9599,22.2,22.3,In,200
2026-08-04T08:20:00,21.994,21.9763,22.2,22.4,In,200
2026-08-04T08:30:00,21.962,21.9846,22.1,22.3,In,200
2026-08-04T08:40:00,21.962,21.9969,22.2,22.3,In,200
2026-08-04T08:50:00,21.93,21.931,22.2,22.4,In,200
2026-08-04T09:00:00,21.93,21.9214,22.2,22.4,In,200
2026-08-04T09:10:00,21.919,21.9201,22.2,22.4,In,200
2026-08-04T09:20:00,21.93,21.9201,22.2,22.4,In,200
2026-08-04T09:30:00,21.909,21.9187,22.1,22.3,In,200
2026-08-04T09:40:00,21.941,21.9214,22.2,22.2,In,200
2026-08-04T09:50:00,21.93,21.9201,22.2,22.3,In,200
2026-08-04T10:00:00,21.941,21.9201,22.1,22.3,In,200
2026-08-04T10:10:00,21.93,21.9173,22.1,22.3,In,200
2026-08-04T10:20:00,21.93,21.9173,22.2,22.3,In,200
2026-08-04T10:30:00,21.898,21.9173,22.2,22.3,In,200
2026-08-04T10:40:00,21.898,21.8995,22.1,22.3,In,200
2026-08-04T10:50:00,21.898,21.8995,22.2,22.3,In,200
2026-08-04T11:00:00,21.876,21.8981,22.2,22.3,In,200
2026-08-04T11:10:00,21.909,21.9105,22.1,22.3,In,200
2026-08-04T11:20:00,21.887,21.9187,22.1,22.3,In,200
2026-08-04T11:30:00,21.898,21.9585,22.2,22.3,In,200
2026-08-04T11:40:00,21.962,21.9859,22.1,22.2,In,200
2026-08-04T11:50:00,22.016,21.9983,22.2,22.3,In,200
2026-08-04T12:00:00,22.016,22.012,22.2,22.4,In,200
2026-08-04T12:10:00,22.037,22.0285,22.2,22.3,In,200
2026-08-04T12:20:00,22.027,22.0271,22.2,22.4,In,200
2026-08-04T12:30:00,22.005,22.0148,22.2,22.4,In,200
2026-08-04T12:40:00,22.027,22.0162,22.3,22.4,In,200
2026-08-04T12:50:00,22.048,22.056,22.2,22.4,In,200
2026-08-04T13:00:00,22.059,22.0876,22.2,22.4,In,200
2026-08-04T13:10:00,22.091,22.0821,22.2,22.4,In,200
2026-08-04T13:20:00,22.091,22.0958,22.3,22.4,In,200
2026-08-04T13:30:00,22.091,22.115,22.3,22.5,In,200
2026-08-04T13:40:00,22.134,22.1123,22.3,22.5,In,200
2026-08-04T13:50:00,22.123,22.1136,22.3,22.5,In,200
2026-08-04T14:00:00,22.123,22.1233,22.3,22.5,In,200
2026-08-04T14:10:00,22.145,22.1288,22.3,22.5,In,200
2026-08-04T14:20:00,22.134,22.1274,22.4,22.5,In,200
2026-08-04T14:30:00,22.091,22.1274,22.3,22.5,In,200
2026-08-04T14:40:00,22.123,22.126,22.4,22.5,In,200
2026-08-04T14:50:00,22.037,22.104,22.3,22.5,In,200
2026-08-04T15:00:00,22.016,22.0546,22.4,22.5,In,200
2026-08-04T15:10:00,22.016,22.0628,22.3,22.5,In,200
2026-08-04T15:20:00,22.112,22.1178,22.3,22.5,In,200
2026-08-04T15:30:00,22.134,22.1356,22.3,22.5,In,200
2026-08-04T15:40:00,22.155,22.148,22.4,22.5,In,200
2026-08-04T15:50:00,22.155,22.159,22.3,22.4,In,200
2026-08-04T16:00:00,22.177,22.1631,22.4,22.5,In,200
2026-08-04T16:10:00,21.984,22.0244,22.4,22.6,In,200
2026-08-04T16:20:00,21.984,21.9997,22.4,22.5,In,200
2026-08-04T16:30:00,21.984,22.0148,22.4,22.6,In,200
2026-08-04T16:40:00,22.037,22.0903,22.4,22.5,In,200
2026-08-04T16:50:00,22.08,22.0999,22.3,22.4,In,200
2026-08-04T17:00:00,22.016,22.0985,22.3,22.5,In,200
2026-08-04T17:10:00,21.994,22.0148,22.3,22.5,In,200
2026-08-04T17:20:00,21.962,21.9901,22.3,22.5,In,200
2026-08-04T17:30:00,21.994,22.0271,22.3,22.5,In,200
2026-08-04T17:40:00,22.059,22.0766,22.3,22.5,In,200
2026-08-04T17:50:00,22.145,22.1329,22.3,22.4,In,200
2026-08-04T18:00:00,22.155,22.1603,22.3,22.5,In,200
2026-08-04T18:10:00,22.123,22.1384,22.3,22.5,In,200
2026-08-04T18:20:00,22.155,22.137,22.4,22.4,In,200
2026-08-04T18:30:00,22.198,22.1631,22.4,22.5,In,200
2026-08-04T18:40:00,22.123,22.1576,22.4,22.5,In,200
2026-08-04T18:50:00,22.048,22.0724,22.3,22.5,In,200
2026-08-04T19:00:00,22.027,22.0258,22.4,22.5,In,200
2026-08-04T19:10:00,22.005,22.0052,22.4,22.5,In,200
2026-08-04T19:20:00,21.994,21.9914,22.4,22.5,In,200
2026-08-04T19:30:00,21.994,21.9818,22.3,22.4,In,200
2026-08-04T19:40:00,21.994,21.9791,22.2,22.4,In,200
2026-08-04T19:50:00,21.984,21.9887,22.2,22.4,In,200
2026-08-04T20:00:00,22.005,22.0052,22.2,22.3,In,200
2026-08-04T20:10:00,22.005,22.0148,22.2,22.3,In,200
2026-08-04T20:20:00,21.984,21.9846,22.2,22.4,In,200
2026-08-04T20:30:00,21.941,21.9516,22.3,22.3,In,200
2026-08-04T20:40:00,21.941,21.9406,22.2,22.4,In,200
2026-08-04T20:50:00,21.93,21.9379,22.2,22.4,In,200
2026-08-04T21:00:00,21.93,21.9379,22.2,22.3,In,200
2026-08-04T21:10:00,21.952,21.9365,22.1,22.3,In,200
2026-08-04T21:20:00,21.952,21.9365,22.2,22.3,In,200
2026-08-04T21:30:00,21.941,21.9393,22.2,22.3,In,200
2026-08-04T21:40:00,21.962,21.9516,22.2,22.3,In,200
2026-08-04T21:50:00,21.962,21.9599,22.1,22.3,In,200
2026-08-04T22:00:00,21.962,21.964,22.2,22.3,In,200
2026-08-04T22:10:00,21.962,21.9557,22.2,22.3,In,200
2026-08-04T22:20:00,21.941,21.9544,22.2,22.3,In,200
2026-08-04T22:30:00,21.941,21.9516,22.2,22.3,In,200
2026-08-04T22:40:00,21.93,21.9434,22.2,22.3,In,200
2026-08-04T22:50:00,21.941,21.9324,22.1,22.3,In,200
2026-08-04T23:00:00,21.952,21.9283,22.2,22.3,In,200
2026-08-04T23:10:00,21.93,21.9338,22.2,22.3,In,200
2026-08-04T23:20:00,21.941,21.942,22.1,22.3,In,200
2026-08-04T23:30:00,21.962,21.9503,22.1,22.3,In,200
2026-08-04T23:40:00,21.962,21.9722,22.1,22.2,In,200
2026-08-04T23:50:00,22.005,22.0093,22.1,22.3,In,200
2026-08-05T00:00:00,22.016,22.0203,22.2,22.3,In,200
2026-08-05T00:10:00,22.027,22.0326,22.2,22.3,In,200
2026-08-05T00:20:00,21.994,22.0175,22.2,22.3,In,200
2026-08-05T00:30:00,22.048,22.0367,22.3,22.4,In,200
2026-08-05T00:40:00,22.08,22.104,22.2,22.4,In,200
2026-08-05T00:50:00,22.177,22.1796,22.2,22.4,In,200
2026-08-05T01:00:00,22.155,22.1933,22.2,22.4,In,200
2026-08-05T01:10:00,22.069,22.137,22.3,22.5,In,200
2026-08-05T01:20:00,22.112,22.1425,22.4,22.5,In,200
2026-08-05T01:30:00,22.112,22.1603,22.5,22.5,In,200
2026-08-05T01:40:00,22.102,22.1562,22.4,22.6,In,200
2026-08-05T01:50:00,22.177,22.1851,22.5,22.6,In,200
2026-08-05T02:00:00,22.177,22.1878,22.5,22.6,In,200
2026-08-05T02:10:00,22.102,22.1109,22.4,22.6,In,200
2026-08-05T02:20:00,22.069,22.0724,22.4,22.5,In,200
2026-08-05T02:30:00,22.102,22.0615,22.4,22.6,In,200
2026-08-05T02:40:00,22.08,22.0628,22.3,22.5,In,200
2026-08-05T02:50:00,22.08,22.0601,22.3,22.5,In,200
2026-08-05T03:00:00,22.059,22.0573,22.3,22.4,In,200
2026-08-05T03:10:00,22.048,22.0477,22.3,22.4,In,200
2026-08-05T03:20:00,22.048,22.0436,22.3,22.4,In,200
2026-08-05T03:30:00,22.059,22.0464,22.3,22.5,In,200
2026-08-05T03:40:00,22.048,22.0491,22.3,22.4,In,200
2026-08-05T03:50:00,22.059,22.0587,22.3,22.4,In,200
2026-08-05T04:00:00,22.059,22.0642,22.3,22.4,In,200
2026-08-05T04:10:00,22.091,22.0724,22.3,22.4,In,200
2026-08-05T04:20:00,22.037,22.0464,22.3,22.4,In,200
2026-08-05T04:30:00,22.059,22.0464,22.3,22.4,In,200
2026-08-05T04:40:00,22.059,22.0546,22.3,22.4,In,200
2026-08-05T04:50:00,22.134,22.1397,22.3,22.4,In,200
2026-08-05T05:00:00,22.22,22.2153,22.3,22.4,In,200
2026-08-05T05:10:00,22.198,22.1961,22.3,22.4,In,200
2026-08-05T05:20:00,22.059,22.0697,22.3,22.5,In,200
2026-08-05T05:30:00,22.027,22.0189,22.4,22.5,In,200
2026-08-05T05:40:00,22.005,21.9983,22.4,22.5,In,200
2026-08-05T05:50:00,21.994,21.9956,22.4,22.6,In,200
2026-08-05T06:00:00,21.994,22.0175,22.3,22.5,In,200
2026-08-05T06:10:00,22.037,22.0505,22.2,22.4,In,200
2026-08-05T06:20:00,22.027,22.0326,22.3,22.4,In,200
2026-08-05T06:30:00,22.027,22.012,22.2,22.4,In,200
2026-08-05T06:40:00,22.005,22.0052,22.3,22.4,In,200
2026-08-05T06:50:00,21.994,21.9997,22.3,22.4,In,200
2026-08-05T07:00:00,21.994,21.9942,22.3,22.4,In,200
2026-08-05T07:10:00,21.994,21.9997,22.2,22.4,In,200
2026-08-05T07:20:00,21.994,21.9997,22.2,22.4,In,200
2026-08-05T07:30:00,22.005,22.0052,22.2,22.3,In,200
2026-08-05T07:40:00,21.994,21.9873,22.2,22.4,In,200
2026-08-05T07:50:00,21.973,21.9736,22.2,22.4,In,200
2026-08-05T08:00:00,21.93,21.953,22.2,22.4,In,200
2026-08-05T08:10:00,21.93,21.9255,22.2,22.4,In,200
2026-08-05T08:20:00,21.93,21.9242,22.2,22.4,In,200
2026-08-05T08:30:00,21.941,21.9283,22.2,22.3,In,200
2026-08-05T08:40:00,21.962,21.9324,22.2,22.3,In,200
2026-08-05T08:50:00,21.952,21.9434,22.2,22.3,In,200
2026-08-05T09:00:00,21.973,21.9626,22.2,22.3,In,200
2026-08-05T09:10:00,21.973,21.9763,22.1,22.3,In,200
2026-08-05T09:20:00,21.994,21.9901,22.1,22.3,In,200
2026-08-05T09:30:00,21.952,21.9654,22.2,22.3,In,200
2026-08-05T09:40:00,21.941,21.9489,22.2,22.3,In,200
2026-08-05T09:50:00,21.962,21.9475,22.2,22.4,In,200
2026-08-05T10:00:00,21.941,21.9571,22.2,22.4,In,200
2026-08-05T10:10:00,21.962,21.9626,22.2,22.3,In,200
2026-08-05T10:20:00,21.941,21.9736,22.2,22.3,In,200
2026-08-05T10:30:00,21.93,21.9503,22.2,22.3,In,200
2026-08-05T10:40:00,21.919,21.9173,22.2,22.4,In,200
2026-08-05T10:50:00,21.919,21.9146,22.3,22.4,In,200
2026-08-05T11:00:00,21.898,21.9132,22.2,22.3,In,200
2026-08-05T11:10:00,21.919,21.9146,22.1,22.3,In,200
2026-08-05T11:20:00,21.93,21.9255,22.2,22.3,In,200
2026-08-05T11:30:00,21.962,21.9626,22.2,22.3,In,200
2026-08-05T11:40:00,21.984,21.9763,22.1,22.3,In,200
2026-08-05T11:50:00,21.994,21.9805,22.1,22.3,In,200
2026-08-05T12:00:00,21.984,21.9969,22.1,22.3,In,200
2026-08-05T12:10:00,22.037,22.0258,22.2,22.3,In,200
2026-08-05T12:20:00,22.069,22.1095,22.2,22.4,In,200
2026-08-05T12:30:00,22.102,22.0972,22.2,22.3,In,200
2026-08-05T12:40:00,22.102,22.1288,22.3,22.4,In,200
2026-08-05T12:50:00,22.145,22.137,22.4,22.4,In,200
2026-08-05T13:00:00,22.177,22.1631,22.4,22.4,In,200
2026-08-05T13:10:00,22.198,22.1961,22.3,22.5,In,200
2026-08-05T13:20:00,22.209,22.2263,22.4,22.5,In,200
2026-08-05T13:30:00,22.22,22.2263,22.4,22.5,In,200
2026-08-05T13:40:00,22.209,22.2112,22.4,22.5,In,200
2026-08-05T13:50:00,22.209,22.2029,22.4,22.6,In,200
2026-08-05T14:00:00,22.22,22.2112,22.5,22.6,In,200
2026-08-05T14:10:00,22.23,22.2153,22.4,22.6,In,200
2026-08-05T14:20:00,22.198,22.2153,22.4,22.6,In,200
2026-08-05T14:30:00,22.166,22.1823,22.4,22.6,In,200
2026-08-05T14:40:00,22.134,22.1452,22.5,22.6,In,200
2026-08-05T14:50:00,22.155,22.1315,22.4,22.6,In,200
2026-08-05T15:00:00,22.145,22.1274,22.5,22.6,In,200
2026-08-05T15:10:00,22.123,22.115,22.4,22.6,In,200
2026-08-05T15:20:00,22.123,22.1109,22.4,22.6,In,200
2026-08-05T15:30:00,22.145,22.1095,22.4,22.5,In,200
2026-08-05T15:40:00,22.102,22.1095,22.4,22.5,In,200
2026-08-05T15:50:00,22.102,22.1082,22.3,22.5,In,200
2026-08-05T16:00:00,22.123,22.1109,22.3,22.5,In,200
2026-08-05T16:10:00,22.102,22.1178,22.4,22.4,In,200
2026-08-05T16:20:00,21.994,22.0409,22.3,22.5,In,200
2026-08-05T16:30:00,21.994,22.0038,22.4,22.5,In,200
2026-08-05T16:40:00,21.994,22.023,22.3,22.5,In,200
2026-08-05T16:50:00,22.016,22.0189,22.3,22.5,In,200
2026-08-05T17:00:00,22.027,22.0107,22.2,22.5,In,200
2026-08-05T17:10:00,22.059,22.0258,22.3,22.4,In,200
2026-08-05T17:20:00,22.069,22.0724,22.3,22.4,In,200
2026-08-05T17:30:00,22.112,22.1205,22.3,22.4,In,200
2026-08-05T17:40:00,22.134,22.1301,22.2,22.4,In,200
2026-08-05T17:50:00,22.155,22.1878,22.3,22.4,In,200
2026-08-05T18:00:00,22.338,22.3582,22.3,22.5,In,200
2026-08-05T18:10:00,22.263,22.4146,22.4,22.5,In,200
2026-08-05T18:20:00,22.069,22.0821,22.3,22.5,In,200
2026-08-05T18:30:00,22.091,22.0848,22.5,22.7,In,200
2026-08-05T18:40:00,22.08,22.067,22.6,22.8,In,200
2026-08-05T18:50:00,22.08,22.0724,22.7,22.8,In,200
2026-08-05T19:00:00,22.059,22.0697,22.3,22.5,In,200
2026-08-05T19:10:00,22.059,22.0532,22.3,22.5,In,200
2026-08-05T19:20:00,22.069,22.0519,22.3,22.4,In,200
2026-08-05T19:30:00,22.059,22.0505,22.2,22.4,In,200
2026-08-05T19:40:00,22.069,22.0464,22.3,22.4,In,200
2026-08-05T19:50:00,22.048,22.045,22.3,22.4,In,200
2026-08-05T20:00:00,22.059,22.056,22.3,22.4,In,200
2026-08-05T20:10:00,22.069,22.067,22.3,22.4,In,200
2026-08-05T20:20:00,22.091,22.0766,22.3,22.4,In,200
2026-08-05T20:30:00,22.08,22.0793,22.3,22.4,In,200
2026-08-05T20:40:00,22.091,22.0821,22.3,22.4,In,200
2026-08-05T20:50:00,22.102,22.0889,22.3,22.4,In,200
2026-08-05T21:00:00,22.08,22.0958,22.3,22.4,In,200
2026-08-05T21:10:00,22.102,22.0972,22.3,22.4,In,200
2026-08-05T21:20:00,22.102,22.1136,22.3,22.5,In,200
2026-08-05T21:30:00,22.102,22.1054,22.3,22.5,In,200
2026-08-05T21:40:00,22.091,22.1603,22.3,22.5,In,200
2026-08-05T21:50:00,22.102,22.1576,22.4,22.5,In,200
2026-08-05T22:00:00,22.23,22.2895,22.3,22.5,In,200
2026-08-05T22:10:00,22.348,22.3829,22.3,22.4,In,200
2026-08-05T22:20:00,22.402,22.3843,22.4,22.7,In,200
2026-08-05T22:30:00,22.381,22.4118,22.5,22.7,In,200
2026-08-05T22:40:00,22.413,22.4503,22.6,22.7,In,200
2026-08-05T22:50:00,22.456,22.4709,22.6,22.7,In,200
2026-08-05T23:00:00,22.423,22.4475,22.6,22.8,In,200
2026-08-05T23:10:00,22.434,22.4324,22.7,22.8,In,200
2026-08-05T23:20:00,22.445,22.4338,22.7,22.9,In,200
2026-08-05T23:30:00,22.445,22.4379,22.7,22.8,In,200
2026-08-05T23:40:00,22.456,22.4475,22.7,22.8,In,200
2026-08-05T23:50:00,22.488,22.4888,22.7,22.7,In,200
2026-08-06T00:00:00,22.509,22.5342,22.7,22.8,In,200
2026-08-06T00:10:00,22.67,22.6841,22.7,22.7,In,200
2026-08-06T00:20:00,22.799,22.797,22.6,22.7,In,200
2026-08-06T00:30:00,22.831,22.8658,22.8,23,In,200
2026-08-06T00:40:00,22.423,22.5053,22.8,23.1,In,200
2026-08-06T00:50:00,22.338,22.3403,23,23.1,In,200
2026-08-06T01:00:00,22.338,22.3211,23.1,23.2,In,200
2026-08-06T01:10:00,22.338,22.3321,23.1,23.3,In,200
2026-08-06T01:20:00,22.402,22.3871,22.6,22.9,In,200
2026-08-06T01:30:00,22.434,22.4668,22.6,22.6,In,200
2026-08-06T01:40:00,22.381,22.4283,22.5,22.6,In,200
2026-08-06T01:50:00,22.327,22.3513,22.6,22.6,In,200
2026-08-06T02:00:00,22.338,22.3307,22.7,22.7,In,200
2026-08-06T02:10:00,22.316,22.3183,22.9,23,In,200
2026-08-06T02:20:00,22.23,22.2386,22.6,22.8,In,200
2026-08-06T02:30:00,22.198,22.2112,22.6,22.7,In,200
2026-08-06T02:40:00,22.22,22.2139,22.6,22.7,In,200
2026-08-06T02:50:00,22.23,22.2428,22.5,22.7,In,200
2026-08-06T03:00:00,22.166,22.1961,22.4,22.6,In,200
2026-08-06T03:10:00,22.134,22.1342,22.4,22.6,In,200
2026-08-06T03:20:00,22.187,22.1796,22.4,22.6,In,200
2026-08-06T03:30:00,22.23,22.2139,22.5,22.6,In,200
2026-08-06T03:40:00,22.445,22.4379,22.4,22.6,In,200
2026-08-06T03:50:00,22.488,22.4819,22.4,22.5,In,200
2026-08-06T04:00:00,22.284,22.3293,22.4,22.6,In,200
2026-08-06T04:10:00,22.316,22.2922,22.6,22.8,In,200
2026-08-06T04:20:00,22.316,22.3128,22.8,22.9,In,200
2026-08-06T04:30:00,22.284,22.2936,22.7,22.8,In,200
2026-08-06T04:40:00,22.273,22.2771,22.6,22.7,In,200
2026-08-06T04:50:00,22.145,22.1809,22.6,22.6,In,200
2026-08-06T05:00:00,22.037,22.0601,22.6,22.7,In,200
2026-08-06T05:10:00,22.069,22.0766,22.5,22.7,In,200
2026-08-06T05:20:00,22.08,22.0917,22.6,22.6,In,200
2026-08-06T05:30:00,22.048,22.1521,22.3,22.5,In,200
2026-08-06T05:40:00,22.102,22.1562,22.3,22.4,In,200
2026-08-06T05:50:00,22.177,22.1796,22.3,22.5,In,200
2026-08-06T06:00:00,22.166,22.1658,22.3,22.5,In,200
2026-08-06T06:10:00,22.069,22.1315,22.4,22.5,In,200
2026-08-06T06:20:00,22.069,22.0862,22.4,22.6,In,200
2026-08-06T06:30:00,22.059,22.0876,22.4,22.5,In,200
2026-08-06T06:40:00,22.102,22.0903,22.4,22.6,In,200
2026-08-06T06:50:00,22.23,22.2222,22.3,22.5,In,200
2026-08-06T07:00:00,22.187,22.2318,22.2,22.4,In,200
2026-08-06T07:10:00,21.973,22.0134,22.3,22.4,In,200
2026-08-06T07:20:00,21.984,21.9887,22.3,22.5,In,200
2026-08-06T07:30:00,22.016,21.9887,22.6,22.7,In,200
2026-08-06T07:40:00,21.984,21.9887,22.3,22.5,In,200
2026-08-06T07:50:00,21.984,21.9859,22.2,22.3,In,200
2026-08-06T08:00:00,22.016,22.0065,22.2,22.4,In,200
2026-08-06T08:10:00,22.016,22.0216,22.2,22.4,In,200
2026-08-06T08:20:00,22.059,22.0395,22.2,22.4,In,200
2026-08-06T08:30:00,22.123,22.1301,22.3,22.4,In,200
2026-08-06T08:40:00,22.145,22.1768,22.2,22.4,In,200
2026-08-06T08:50:00,22.145,22.1782,22.3,22.4,In,200
2026-08-06T09:00:00,22.112,22.1425,22.3,22.4,In,200
2026-08-06T09:10:00,22.177,22.1851,22.3,22.6,In,200
2026-08-06T09:20:00,22.273,22.3266,22.5,22.6,In,200
2026-08-06T09:30:00,22.413,22.4214,22.4,22.5,In,200
2026-08-06T09:40:00,22.123,22.2002,22.4,22.5,In,200
2026-08-06T09:50:00,22.069,22.0793,22.4,22.6,In,200
2026-08-06T10:00:00,22.069,22.0683,22.7,22.8,In,200
2026-08-06T10:10:00,22.145,22.1095,22.7,22.8,In,200
2026-08-06T10:20:00,22.198,22.1864,22.5,22.6,In,200
2026-08-06T10:30:00,22.198,22.2112,22.3,22.5,In,200
2026-08-06T10:40:00,22.241,22.2496,22.3,22.4,In,200
2026-08-06T10:50:00,22.327,22.3087,22.4,22.5,In,200
2026-08-06T11:00:00,22.445,22.4338,22.4,22.6,In,200
2026-08-06T11:10:00,22.574,22.5658,22.4,22.6,In,200
2026-08-06T11:20:00,22.606,22.6057,22.5,22.6,In,200
2026-08-06T11:30:00,22.284,22.4187,22.6,22.7,In,200
2026-08-06T11:40:00,22.252,22.2689,22.7,22.9,In,200
2026-08-06T11:50:00,22.252,22.2524,22.9,23,In,200
2026-08-06T12:00:00,22.305,22.306,22.8,22.9,In,200
2026-08-06T12:10:00,22.348,22.3486,22.6,22.8,In,200
2026-08-06T12:20:00,22.327,22.3472,22.5,22.7,In,200
2026-08-06T12:30:00,22.273,22.2826,22.5,22.7,In,200
2026-08-06T12:40:00,22.284,22.2689,22.5,22.7,In,200
2026-08-06T12:50:00,22.252,22.2551,22.6,22.7,In,200
2026-08-06T13:00:00,22.263,22.2414,22.6,22.7,In,200
2026-08-06T13:10:00,22.241,22.2345,22.5,22.7,In,200
2026-08-06T13:20:00,22.241,22.2331,22.5,22.6,In,200
2026-08-06T13:30:00,22.273,22.24,22.5,22.6,In,200
2026-08-06T13:40:00,22.327,22.3225,22.5,22.6,In,200
2026-08-06T13:50:00,22.413,22.4311,22.4,22.6,In,200
2026-08-06T14:00:00,22.552,22.5864,22.4,22.6,In,200
2026-08-06T14:10:00,22.552,22.5713,22.5,22.6,In,200
2026-08-06T14:20:00,22.584,22.5576,22.8,22.9,In,200
2026-08-06T14:30:00,22.498,22.5768,22.8,23,In,200
2026-08-06T14:40:00,22.574,22.6208,22.8,22.9,In,200
2026-08-06T14:50:00,22.155,22.2854,22.8,22.9,In,200
2026-08-06T15:00:00,22.112,22.1123,22.8,22.9,In,200
2026-08-06T15:10:00,22.091,22.1109,22.9,23,In,200
2026-08-06T15:20:00,22.166,22.1548,22.9,23,In,200
2026-08-06T15:30:00,22.23,22.2386,22.5,22.7,In,200
2026-08-06T15:40:00,22.284,22.2812,22.3,22.4,In,200
2026-08-06T15:50:00,22.273,22.2881,22.4,22.5,In,200
2026-08-06T16:00:00,22.316,22.3335,22.4,22.6,In,200
2026-08-06T16:10:00,22.359,22.3527,22.5,22.6,In,200
2026-08-06T16:20:00,22.359,22.3541,22.5,22.7,In,200
2026-08-06T16:30:00,22.316,22.3403,22.5,22.7,In,200
2026-08-06T16:40:00,22.198,22.2208,22.6,22.7,In,200
2026-08-06T16:50:00,22.177,22.1851,22.6,22.7,In,200
2026-08-06T17:00:00,22.198,22.1782,22.6,22.7,In,200
2026-08-06T17:10:00,22.198,22.1961,22.6,22.7,In,200
2026-08-06T17:20:00,22.252,22.2551,22.4,22.6,In,200
2026-08-06T17:30:00,22.209,22.2483,22.4,22.6,In,200
2026-08-06T17:40:00,22.241,22.2331,22.4,22.6,In,200
2026-08-06T17:50:00,22.23,22.2469,22.5,22.6,In,200
2026-08-06T18:00:00,22.23,22.2277,22.5,22.7,In,200
2026-08-06T18:10:00,22.22,22.229,22.4,22.6,In,200
2026-08-06T18:20:00,22.252,22.2428,22.5,22.7,In,200
2026-08-06T18:30:00,22.273,22.2854,22.4,22.5,In,200
2026-08-06T18:40:00,22.316,22.3183,22.4,22.5,In,200
2026-08-06T18:50:00,22.316,22.339,22.5,22.5,In,200
2026-08-06T19:00:00,22.102,22.1219,22.5,22.6,In,200
2026-08-06T19:10:00,22.048,22.0917,22.6,22.6,In,200
2026-08-06T19:20:00,22.166,22.1494,22.6,22.7,In,200
2026-08-06T19:30:00,22.23,22.2469,22.6,22.7,In,200
2026-08-06T19:40:00,22.273,22.2771,22.4,22.6,In,200
2026-08-06T19:50:00,22.295,22.2922,22.4,22.6,In,200
2026-08-06T20:00:00,22.273,22.2702,22.5,22.6,In,200
2026-08-06T20:10:00,22.166,22.2345,22.5,22.6,In,200
2026-08-06T20:20:00,22.037,22.0834,22.5,22.7,In,200
2026-08-06T20:30:00,22.102,22.1054,22.5,22.6,In,200
2026-08-06T20:40:00,22.145,22.1851,22.6,22.6,In,200
2026-08-06T20:50:00,22.209,22.2125,22.4,22.5,In,200
2026-08-06T21:00:00,22.252,22.2469,22.3,22.5,In,200
2026-08-06T21:10:00,22.284,22.2675,22.4,22.5,In,200
2026-08-06T21:20:00,22.284,22.306,22.5,22.6,In,200
2026-08-06T21:30:00,22.348,22.3458,22.4,22.6,In,200
2026-08-06T21:40:00,22.23,22.3445,22.5,22.6,In,200
2026-08-06T21:50:00,22.069,22.1562,22.5,22.7,In,200
2026-08-06T22:00:00,22.048,22.0834,22.6,22.6,In,200
2026-08-06T22:10:00,22.037,22.045,22.6,22.7,In,200
2026-08-06T22:20:00,22.102,22.0766,22.6,22.7,In,200
2026-08-06T22:30:00,22.23,22.2551,22.4,22.6,In,200
2026-08-06T22:40:00,22.338,22.3335,22.3,22.5,In,200
2026-08-06T22:50:00,22.391,22.3939,22.4,22.5,In,200
2026-08-06T23:00:00,22.477,22.4723,22.4,22.6,In,200
2026-08-06T23:10:00,22.509,22.5012,22.6,22.7,In,200
2026-08-06T23:20:00,22.531,22.5177,22.6,22.7,In,200
2026-08-06T23:30:00,22.616,22.6373,22.7,22.8,In,200
2026-08-06T23:40:00,22.81,22.7887,22.7,22.8,In,200
2026-08-06T23:50:00,22.81,22.8231,22.7,22.9,In,200
2026-08-07T00:00:00,22.863,22.8341,22.8,23,In,200
2026-08-07T00:10:00,22.799,22.8259,23,23.2,In,200
2026-08-07T00:20:00,22.745,22.7777,23,23.3,In,200
2026-08-07T00:30:00,22.574,22.6071,23.1,23.3,In,200
2026-08-07T00:40:00,22.595,22.5768,23.1,23.2,In,200
2026-08-07T00:50:00,22.616,22.6029,23.1,23.2,In,200
2026-08-07T01:00:00,22.702,22.6951,23,23.1,In,200
2026-08-07T01:10:00,22.649,22.6525,22.8,22.9,In,200
2026-08-07T01:20:00,22.638,22.669,22.8,23,In,200
2026-08-07T01:30:00,22.724,22.6855,22.9,23,In,200
2026-08-07T01:40:00,22.767,22.7749,22.9,23.1,In,200
2026-08-07T01:50:00,22.777,22.7763,23,23,In,200
2026-08-07T02:00:00,22.734,22.7488,22.9,23,In,200
2026-08-07T02:10:00,22.659,22.6538,22.9,23,In,200
2026-08-07T02:20:00,22.842,22.7915,23.1,23.2,In,200
2026-08-07T02:30:00,22.767,22.8039,23,23.2,In,200
2026-08-07T02:40:00,22.659,22.7309,22.9,23.1,In,200
2026-08-07T02:50:00,22.638,22.6483,22.9,23.1,In,200
2026-08-07T03:00:00,22.477,22.5576,23,23.1,In,200
2026-08-07T03:10:00,22.381,22.3802,23,23.1,In,200
2026-08-07T03:20:00,22.402,22.4201,23,23.2,In,200
2026-08-07T03:30:00,22.263,22.3238,22.9,23,In,200
2026-08-07T03:40:00,22.348,22.3678,22.7,22.9,In,200
2026-08-07T03:50:00,22.509,22.4792,22.6,22.8,In,200
2026-08-07T04:00:00,22.627,22.6869,22.6,22.8,In,200
2026-08-07T04:10:00,22.456,22.4998,22.6,22.7,In,200
2026-08-07T04:20:00,22.477,22.486,22.6,22.7,In,200
2026-08-07T04:30:00,22.445,22.4654,22.8,22.9,In,200
2026-08-07T04:40:00,22.402,22.4517,23,23.1,In,200
2026-08-07T04:50:00,22.305,22.3871,22.7,22.8,In,200
2026-08-07T05:00:00,22.316,22.3293,22.8,22.9,In,200
2026-08-07T05:10:00,22.348,22.3637,22.7,22.8,In,200
2026-08-07T05:20:00,22.295,22.3032,22.6,22.8,In,200
2026-08-07T05:30:00,22.273,22.2909,22.6,22.8,In,200
2026-08-07T05:40:00,22.198,22.2373,22.6,22.8,In,200
2026-08-07T05:50:00,22.23,22.2428,22.6,22.7,In,200
2026-08-07T06:00:00,22.209,22.2496,22.6,22.7,In,200
2026-08-07T06:10:00,22.209,22.2359,22.5,22.7,In,200
2026-08-07T06:20:00,22.22,22.218,22.4,22.6,In,200
2026-08-07T06:30:00,22.23,22.2098,22.5,22.6,In,200
2026-08-07T06:40:00,22.23,22.2112,22.4,22.6,In,200
2026-08-07T06:50:00,22.187,22.1906,22.4,22.6,In,200
2026-08-07T07:00:00,22.155,22.1823,22.4,22.5,In,200
2026-08-07T07:10:00,22.145,22.1439,22.5,22.6,In,200
2026-08-07T07:20:00,22.091,22.104,22.5,22.6,In,200
2026-08-07T07:30:00,22.112,22.115,22.4,22.5,In,200
2026-08-07T07:40:00,22.123,22.1246,22.4,22.5,In,200
2026-08-07T07:50:00,22.112,22.1205,22.4,22.5,In,200
2026-08-07T08:00:00,22.112,22.1082,22.4,22.4,In,200
2026-08-07T08:10:00,22.123,22.1068,22.3,22.5,In,200
2026-08-07T08:20:00,22.112,22.1013,22.4,22.5,In,200
2026-08-07T08:30:00,22.016,22.0519,22.3,22.5,In,200
2026-08-07T08:40:00,21.941,21.9873,22.3,22.5,In,200
2026-08-07T08:50:00,21.898,21.9173,22.3,22.4,In,200
2026-08-07T09:00:00,21.909,21.9228,22.3,22.5,In,200
2026-08-07T09:10:00,21.962,21.9654,22.3,22.4,In,200
2026-08-07T09:20:00,21.984,22.0175,22.2,22.3,In,200
2026-08-07T09:30:00,21.973,22.0326,22.2,22.4,In,200
2026-08-07T09:40:00,21.93,21.9695,22.2,22.3,In,200
2026-08-07T09:50:00,21.941,21.9777,22.2,22.4,In,200
2026-08-07T10:00:00,21.941,21.9599,22.4,22.5,In,200
2026-08-07T10:10:00,21.909,21.9434,22.3,22.5,In,200
2026-08-07T10:20:00,21.962,21.9557,22.2,22.3,In,200
2026-08-07T10:30:00,21.973,21.9791,22.2,22.5,In,200
2026-08-07T10:40:00,22.027,22.0134,22.2,22.4,In,200
2026-08-07T10:50:00,22.037,22.0271,22.2,22.4,In,200
2026-08-07T11:00:00,22.037,22.0244,22.2,22.4,In,200
2026-08-07T11:10:00,21.952,21.9914,22.2,22.4,In,200
2026-08-07T11:20:00,21.952,22.001,22.2,22.4,In,200
2026-08-07T11:30:00,21.984,21.9901,22.2,22.4,In,200
2026-08-07T11:40:00,22.005,22.0065,22.3,22.4,In,200
2026-08-07T11:50:00,22.027,22.0285,22.3,22.4,In,200
2026-08-07T12:00:00,22.048,22.0573,22.2,22.4,In,200
2026-08-07T12:10:00,22.08,22.0876,22.2,22.4,In,200
2026-08-07T12:20:00,22.177,22.1768,22.2,22.4,In,200
2026-08-07T12:30:00,22.338,22.3335,22.3,22.4,In,200
2026-08-07T12:40:00,22.413,22.4242,22.2,22.4,In,200
2026-08-07T12:50:00,22.509,22.5466,22.4,22.5,In,200
2026-08-07T13:00:00,22.445,22.4764,22.5,22.6,In,200
2026-08-07T13:10:00,22.423,22.4448,22.6,22.7,In,200
2026-08-07T13:20:00,22.456,22.4393,22.7,22.9,In,200
2026-08-07T13:30:00,22.456,22.4599,22.8,22.9,In,200
2026-08-07T13:40:00,22.477,22.475,22.7,22.9,In,200
2026-08-07T13:50:00,22.434,22.4365,22.7,22.8,In,200
2026-08-07T14:00:00,22.381,22.4008,22.6,22.8,In,200
2026-08-07T14:10:00,22.348,22.3692,22.7,22.8,In,200
2026-08-07T14:20:00,22.338,22.3527,22.7,22.8,In,200
2026-08-07T14:30:00,22.327,22.3335,22.6,22.8,In,200
2026-08-07T14:40:00,22.123,22.2043,22.6,22.7,In,200
2026-08-07T14:50:00,22.102,22.0958,22.6,22.7,In,200
2026-08-07T15:00:00,22.187,22.17,22.6,22.7,In,200
2026-08-07T15:10:00,22.338,22.3651,22.5,22.7,In,200
2026-08-07T15:20:00,22.423,22.4297,22.6,22.6,In,200
2026-08-07T15:30:00,22.402,22.4462,22.4,22.7,In,200
2026-08-07T15:40:00,22.466,22.4654,22.5,22.8,In,200
2026-08-07T15:50:00,22.37,22.4544,22.6,22.8,In,200
2026-08-07T16:00:00,22.198,22.2702,22.6,22.8,In,200
2026-08-07T16:10:00,22.22,22.2744,22.7,22.8,In,200
2026-08-07T16:20:00,22.252,22.2977,22.7,22.8,In,200
2026-08-07T16:30:00,22.316,22.3032,22.7,22.8,In,200
2026-08-07T16:40:00,22.295,22.3032,22.4,22.7,In,200
2026-08-07T16:50:00,22.284,22.3032,22.6,22.7,In,200
2026-08-07T17:00:00,22.305,22.3032,22.5,22.6,In,200
2026-08-07T17:10:00,22.305,22.3087,22.5,22.6,In,200
2026-08-07T17:20:00,22.316,22.328,22.6,22.7,In,200
2026-08-07T17:30:00,22.359,22.3678,22.6,22.6,In,200
2026-08-07T17:40:00,22.273,22.317,22.5,22.6,In,200
2026-08-07T17:50:00,22.252,22.2428,22.5,22.7,In,200
2026-08-07T18:00:00,22.177,22.2112,22.6,22.7,In,200
2026-08-07T18:10:00,22.22,22.2263,22.6,22.7,In,200
2026-08-07T18:20:00,22.177,22.1603,22.6,22.7,In,200
2026-08-07T18:30:00,22.134,22.1548,22.4,22.6,In,200
2026-08-07T18:40:00,22.145,22.1603,22.5,22.6,In,200
2026-08-07T18:50:00,22.155,22.1631,22.4,22.6,In,200
2026-08-07T19:00:00,22.177,22.1713,22.4,22.6,In,200
2026-08-07T19:10:00,22.166,22.1741,22.4,22.5,In,200
2026-08-07T19:20:00,22.166,22.1768,22.4,22.5,In,200
2026-08-07T19:30:00,22.198,22.1864,22.4,22.6,In,200
2026-08-07T19:40:00,22.23,22.2153,22.5,22.5,In,200
2026-08-07T19:50:00,22.263,22.2483,22.4,22.5,In,200
2026-08-07T20:00:00,22.252,22.2606,22.4,22.5,In,200
2026-08-07T20:10:00,22.134,22.2125,22.5,22.6,In,200
2026-08-07T20:20:00,22.145,22.1796,22.5,22.6,In,200
2026-08-07T20:30:00,22.155,22.1535,22.5,22.6,In,200
2026-08-07T20:40:00,22.08,22.1027,22.5,22.6,In,200
2026-08-07T20:50:00,22.059,22.0683,22.5,22.6,In,200
2026-08-07T21:00:00,22.059,22.0738,22.5,22.6,In,200
2026-08-07T21:10:00,22.037,22.0285,22.3,22.5,In,200
2026-08-07T21:20:00,21.994,22.0079,22.3,22.4,In,200
2026-08-07T21:30:00,21.994,22.0052,22.3,22.4,In,200
2026-08-07T21:40:00,22.037,22.023,22.3,22.5,In,200
2026-08-07T21:50:00,22.069,22.0381,22.3,22.4,In,200
2026-08-07T22:00:00,22.027,22.0189,22.2,22.3,In,200
2026-08-07T22:10:00,22.016,22.0162,22.3,22.4,In,200
2026-08-07T22:20:00,22.005,22.0038,22.3,22.4,In,200
2026-08-07T22:30:00,21.994,21.9914,22.2,22.4,In,200
2026-08-07T22:40:00,21.962,21.9956,22.3,22.4,In,200
2026-08-07T22:50:00,21.93,21.9708,22.1,22.4,In,200
2026-08-07T23:00:00,21.952,21.9832,22.2,22.3,In,200
2026-08-07T23:10:00,22.005,21.9983,22.2,22.3,In,200
2026-08-07T23:20:00,21.984,21.9846,22.3,22.4,In,200
2026-08-07T23:30:00,21.941,21.9599,22.2,22.4,In,200
2026-08-07T23:40:00,21.941,21.9406,22.3,22.3,In,200
2026-08-07T23:50:00,21.941,21.9338,22.3,22.3,In,200
2026-08-08T00:00:00,21.919,21.9283,22.2,22.4,In,200
2026-08-08T00:10:00,21.952,21.931,22.2,22.4,In,200
2026-08-08T00:20:00,21.973,21.9599,22.2,22.3,In,200
2026-08-08T00:30:00,22.016,22.0038,22.1,22.3,In,200
2026-08-08T00:40:00,22.059,22.0628,22.1,22.3,In,200
2026-08-08T00:50:00,22.102,22.0903,22.2,22.4,In,200
2026-08-08T01:00:00,22.102,22.093,22.2,22.4,In,200
2026-08-08T01:10:00,22.102,22.0985,22.3,22.4,In,200
2026-08-08T01:20:00,22.102,22.1054,22.3,22.4,In,200
2026-08-08T01:30:00,22.091,22.1178,22.3,22.4,In,200
2026-08-08T01:40:00,22.155,22.1837,22.4,22.4,In,200
2026-08-08T01:50:00,22.198,22.2386,22.3,22.5,In,200
2026-08-08T02:00:00,22.348,22.4146,22.4,22.4,In,200
2026-08-08T02:10:00,22.445,22.4668,22.4,22.6,In,200
2026-08-08T02:20:00,22.445,22.4888,22.4,22.6,In,200
2026-08-08T02:30:00,22.52,22.5122,22.7,22.9,In,200
2026-08-08T02:40:00,22.52,22.5204,22.7,22.8,In,200
2026-08-08T02:50:00,22.23,22.3019,22.7,22.8,In,200
2026-08-08T03:00:00,22.198,22.2139,22.7,22.9,In,200
2026-08-08T03:10:00,22.209,22.2057,22.8,22.9,In,200
2026-08-08T03:20:00,22.284,22.273,22.8,22.9,In,200
2026-08-08T03:30:00,22.627,22.5933,22.5,22.6,In,200
2026-08-08T03:40:00,22.649,22.735,22.4,22.6,In,200
2026-08-08T03:50:00,22.595,22.6621,22.4,22.6,In,200
2026-08-08T04:00:00,22.423,22.4668,22.6,22.8,In,200
2026-08-08T04:10:00,22.498,22.5479,22.9,23.1,In,200
2026-08-08T04:20:00,22.627,22.6442,23,23.2,In,200
2026-08-08T04:30:00,22.681,22.6745,22.9,23.1,In,200
2026-08-08T04:40:00,22.649,22.6951,22.7,22.9,In,200
2026-08-08T04:50:00,22.284,22.4847,22.8,22.9,In,200
2026-08-08T05:00:00,22.23,22.262,22.9,23,In,200
2026-08-08T05:10:00,22.423,22.4627,23,23.2,In,200
2026-08-08T05:20:00,22.413,22.5012,22.9,23,In,200
2026-08-08T05:30:00,22.391,22.4517,22.6,22.9,In,200
2026-08-08T05:40:00,22.316,22.3266,22.4,22.7,In,200
2026-08-08T05:50:00,22.445,22.4475,22.7,22.9,In,200
2026-08-08T06:00:00,22.348,22.3939,22.7,22.9,In,200
2026-08-08T06:10:00,22.263,22.2991,22.7,22.9,In,200
2026-08-08T06:20:00,22.252,22.2579,22.6,22.7,In,200
2026-08-08T06:30:00,22.23,22.2496,22.7,22.9,In,200
2026-08-08T06:40:00,22.241,22.2359,22.7,22.7,In,200
2026-08-08T06:50:00,22.241,22.2373,22.5,22.6,In,200
2026-08-08T07:00:00,22.273,22.2854,22.5,22.6,In,200
2026-08-08T07:10:00,22.348,22.3348,22.5,22.6,In,200
2026-08-08T07:20:00,22.338,22.3513,22.5,22.6,In,200
2026-08-08T07:30:00,22.37,22.3403,22.5,22.7,In,200
2026-08-08T07:40:00,22.273,22.2922,22.5,22.7,In,200
2026-08-08T07:50:00,22.22,22.2112,22.6,22.8,In,200
2026-08-08T08:00:00,22.22,22.2084,22.6,22.7,In,200
2026-08-08T08:10:00,22.198,22.1961,22.6,22.7,In,200
2026-08-08T08:20:00,22.198,22.1988,22.5,22.6,In,200
2026-08-08T08:30:00,22.198,22.1961,22.4,22.6,In,200
2026-08-08T08:40:00,22.23,22.2551,22.4,22.5,In,200
2026-08-08T08:50:00,22.263,22.2854,22.4,22.6,In,200
2026-08-08T09:00:00,22.284,22.2909,22.4,22.6,In,200
2026-08-08T09:10:00,22.295,22.2922,22.4,22.6,In,200
2026-08-08T09:20:00,22.263,22.2895,22.5,22.6,In,200
2026-08-08T09:30:00,22.252,22.2771,22.5,22.6,In,200
2026-08-08T09:40:00,22.273,22.2881,22.6,22.6,In,200
2026-08-08T09:50:00,22.284,22.2895,22.5,22.6,In,200
2026-08-08T10:00:00,22.284,22.2881,22.5,22.6,In,200
2026-08-08T10:10:00,22.273,22.2826,22.5,22.6,In,200
2026-08-08T10:20:00,22.209,22.2084,22.5,22.7,In,200
2026-08-08T10:30:00,22.177,22.1755,22.5,22.6,In,200
2026-08-08T10:40:00,22.198,22.1796,22.5,22.6,In,200
2026-08-08T10:50:00,22.155,22.1727,22.5,22.6,In,200
2026-08-08T11:00:00,22.08,22.1027,22.5,22.6,In,200
2026-08-08T11:10:00,22.059,22.0464,22.5,22.6,In,200
2026-08-08T11:20:00,22.059,22.0354,22.4,22.6,In,200
2026-08-08T11:30:00,22.048,22.0354,22.4,22.6,In,200
2026-08-08T11:40:00,22.059,22.0381,22.3,22.4,In,200
2026-08-08T11:50:00,22.005,22.0409,22.3,22.4,In,200
2026-08-08T12:00:00,22.037,22.1054,22.3,22.3,In,200
2026-08-08T12:10:00,22.198,22.2551,22.3,22.4,In,200
2026-08-08T12:20:00,22.059,22.1796,22.3,22.4,In,200
2026-08-08T12:30:00,22.112,22.1796,22.3,22.4,In,200
2026-08-08T12:40:00,22.134,22.2057,22.5,22.6,In,200
2026-08-08T12:50:00,22.177,22.24,22.5,22.6,In,200
2026-08-08T13:00:00,22.198,22.2675,22.4,22.6,In,200
2026-08-08T13:10:00,22.23,22.2909,22.4,22.6,In,200
2026-08-08T13:20:00,22.23,22.3005,22.5,22.7,In,200
2026-08-08T13:30:00,22.295,22.3225,22.5,22.6,In,200
2026-08-08T13:40:00,22.327,22.3362,22.5,22.6,In,200
2026-08-08T13:50:00,22.338,22.35,22.5,22.6,In,200
2026-08-08T14:00:00,22.316,22.3417,22.5,22.6,In,200
2026-08-08T14:10:00,22.209,22.2565,22.6,22.7,In,200
2026-08-08T14:20:00,22.209,22.229,22.6,22.7,In,200
2026-08-08T14:30:00,22.23,22.2496,22.5,22.7,In,200
2026-08-08T14:40:00,22.263,22.2386,22.6,22.7,In,200
2026-08-08T14:50:00,22.23,22.229,22.5,22.6,In,200
2026-08-08T15:00:00,22.252,22.2345,22.5,22.6,In,200
2026-08-08T15:10:00,22.316,22.317,22.5,22.6,In,200
2026-08-08T15:20:00,22.541,22.5232,22.6,22.6,In,200
2026-08-08T15:30:00,22.381,22.647,22.5,22.6,In,200
2026-08-08T15:40:00,22.22,22.2744,22.5,22.6,In,200
2026-08-08T15:50:00,22.359,22.3981,22.7,22.7,In,200
2026-08-08T16:00:00,22.466,22.497,22.9,23,In,200
2026-08-08T16:10:00,22.584,22.5631,22.9,23.1,In,200
2026-08-08T16:20:00,22.67,22.658,22.7,22.9,In,200
2026-08-08T16:30:00,22.37,22.4475,22.8,22.9,In,200
2026-08-08T16:40:00,22.263,22.3362,22.8,22.9,In,200
2026-08-08T16:50:00,22.102,22.1205,22.8,23,In,200
2026-08-08T17:00:00,22.091,22.093,22.9,23,In,200
2026-08-08T17:10:00,22.155,22.17,22.6,22.8,In,200
2026-08-08T17:20:00,22.112,22.1494,22.6,22.7,In,200
2026-08-08T17:30:00,22.091,22.1082,22.3,22.6,In,200
2026-08-08T17:40:00,22.102,22.0985,22.4,22.6,In,200
2026-08-08T17:50:00,22.08,22.0944,22.4,22.6,In,200
2026-08-08T18:00:00,22.08,22.0958,22.4,22.6,In,200
2026-08-08T18:10:00,22.102,22.0834,22.3,22.5,In,200
2026-08-08T18:20:00,22.102,22.0793,22.4,22.5,In,200
2026-08-08T18:30:00,22.037,22.0738,22.4,22.5,In,200
2026-08-08T18:40:00,22.102,22.0876,22.3,22.4,In,200
2026-08-08T18:50:00,22.102,22.104,22.3,22.4,In,200
2026-08-08T19:00:00,22.102,22.115,22.3,22.4,In,200
2026-08-08T19:10:00,22.145,22.137,22.3,22.4,In,200
2026-08-08T19:20:00,22.177,22.2263,22.4,22.4,In,200
2026-08-08T19:30:00,22.241,22.2909,22.3,22.5,In,200
2026-08-08T19:40:00,22.338,22.3582,22.4,22.5,In,200
2026-08-08T19:50:00,22.381,22.4475,22.5,22.7,In,200
2026-08-08T20:00:00,22.273,22.3019,22.5,22.8,In,200
2026-08-08T20:10:00,22.209,22.2153,22.7,22.8,In,200
2026-08-08T20:20:00,22.134,22.1672,22.7,22.8,In,200
2026-08-08T20:30:00,22.08,22.0944,22.7,22.8,In,200
2026-08-08T20:40:00,22.059,22.0615,22.6,22.8,In,200
2026-08-08T20:50:00,22.048,22.0779,22.4,22.6,In,200
2026-08-08T21:00:00,22.027,22.056,22.4,22.5,In,200
2026-08-08T21:10:00,22.005,22.0148,22.3,22.5,In,200
2026-08-08T21:20:00,22.037,22.0299,22.3,22.4,In,200
2026-08-08T21:30:00,22.08,22.0862,22.3,22.5,In,200
2026-08-08T21:40:00,22.145,22.1301,22.3,22.4,In,200
2026-08-08T21:50:00,22.252,22.2304,22.3,22.4,In,200
2026-08-08T22:00:00,22.37,22.3843,22.3,22.4,In,200
2026-08-08T22:10:00,22.434,22.4599,22.3,22.4,In,200
2026-08-08T22:20:00,22.423,22.4434,22.4,22.5,In,200
2026-08-08T22:30:00,22.37,22.4118,22.5,22.7,In,200
2026-08-08T22:40:00,22.338,22.4104,22.6,22.9,In,200
2026-08-08T22:50:00,22.381,22.3953,22.7,22.8,In,200
2026-08-08T23:00:00,22.477,22.497,22.7,22.8,In,200
2026-08-08T23:10:00,22.477,22.5135,22.7,22.8,In,200
2026-08-08T23:20:00,22.509,22.4943,22.7,22.8,In,200
2026-08-08T23:30:00,22.477,22.4819,22.7,22.9,In,200
2026-08-08T23:40:00,22.541,22.5218,22.7,22.9,In,200
2026-08-08T23:50:00,22.756,22.7282,22.7,22.8,In,200
2026-08-09T00:00:00,22.584,22.6882,22.7,22.9,In,200
2026-08-09T00:10:00,22.381,22.4256,22.7,22.9,In,200
2026-08-09T00:20:00,22.348,22.3293,22.8,23,In,200
2026-08-09T00:30:00,22.445,22.4269,23.1,23.2,In,200
2026-08-09T00:40:00,22.574,22.6043,23,23.1,In,200
2026-08-09T00:50:00,22.788,22.7832,22.6,22.8,In,200
2026-08-09T01:00:00,22.885,22.8975,22.6,22.7,In,200
2026-08-09T01:10:00,22.863,22.8975,22.8,22.9,In,200
2026-08-09T01:20:00,22.906,22.8892,22.9,23,In,200
2026-08-09T01:30:00,22.917,22.9016,23.1,23.3,In,200
2026-08-09T01:40:00,22.927,22.9099,23.2,23.3,In,200
2026-08-09T01:50:00,22.724,22.7818,23.1,23.3,In,200
2026-08-09T02:00:00,22.67,22.6538,23.1,23.2,In,200
2026-08-09T02:10:00,22.649,22.6387,23.2,23.2,In,200
2026-08-09T02:20:00,22.638,22.6263,23.1,23.2,In,200
2026-08-09T02:30:00,22.498,22.5218,22.9,23.1,In,200
2026-08-09T02:40:00,22.477,22.5053,22.9,23.1,In,200
2026-08-09T02:50:00,22.327,22.4036,22.9,22.9,In,200
2026-08-09T03:00:00,22.295,22.317,22.8,23,In,200
2026-08-09T03:10:00,22.348,22.35,22.7,22.9,In,200
2026-08-09T03:20:00,22.434,22.464,22.7,22.9,In,200
2026-08-09T03:30:00,22.445,22.4764,22.6,22.8,In,200
2026-08-09T03:40:00,22.498,22.5232,22.6,22.8,In,200
2026-08-09T03:50:00,22.477,22.4778,22.7,22.9,In,200
2026-08-09T04:00:00,22.606,22.5947,22.8,23,In,200
2026-08-09T04:10:00,22.659,22.6497,22.7,22.8,In,200
2026-08-09T04:20:00,22.606,22.6332,22.7,22.8,In,200
2026-08-09T04:30:00,22.284,22.3719,22.8,22.9,In,200
2026-08-09T04:40:00,22.241,22.2799,22.8,22.9,In,200
2026-08-09T04:50:00,22.23,22.2428,22.9,23,In,200
2026-08-09T05:00:00,22.273,22.2689,22.9,23,In,200
2026-08-09T05:10:00,22.37,22.3829,22.5,22.7,In,200
2026-08-09T05:20:00,22.263,22.3843,22.5,22.6,In,200
2026-08-09T05:30:00,22.241,22.2675,22.5,22.7,In,200
2026-08-09T05:40:00,22.295,22.2922,22.5,22.7,In,200
2026-08-09T05:50:00,22.305,22.3266,22.6,22.9,In,200
2026-08-09T06:00:00,22.23,22.2634,22.6,22.8,In,200
2026-08-09T06:10:00,22.22,22.2277,22.5,22.7,In,200
2026-08-09T06:20:00,22.177,22.229,22.6,22.7,In,200
2026-08-09T06:30:00,22.23,22.229,22.5,22.6,In,200
2026-08-09T06:40:00,22.284,22.2977,22.5,22.6,In,200
2026-08-09T06:50:00,22.381,22.4118,22.5,22.6,In,200
2026-08-09T07:00:00,22.413,22.4159,22.5,22.6,In,200
2026-08-09T07:10:00,22.381,22.4063,22.5,22.7,In,200
2026-08-09T07:20:00,22.413,22.4049,22.6,22.8,In,200
2026-08-09T07:30:00,22.402,22.4104,22.7,22.8,In,200
2026-08-09T07:40:00,22.37,22.4008,22.7,22.8,In,200
2026-08-09T07:50:00,22.391,22.4159,22.6,22.8,In,200
2026-08-09T08:00:00,22.359,22.3843,22.7,22.8,In,200
2026-08-09T08:10:00,22.391,22.3596,22.6,22.8,In,200
2026-08-09T08:20:00,22.402,22.3788,22.7,22.7,In,200
2026-08-09T08:30:00,22.348,22.3926,22.6,22.8,In,200
2026-08-09T08:40:00,22.273,22.3197,22.6,22.7,In,200
2026-08-09T08:50:00,22.198,22.2318,22.6,22.7,In,200
2026-08-09T09:00:00,22.187,22.2249,22.6,22.8,In,200
2026-08-09T09:10:00,22.23,22.2373,22.6,22.7,In,200
2026-08-09T09:20:00,22.263,22.251,22.6,22.7,In,200
2026-08-09T09:30:00,22.466,22.4915,22.4,22.6,In,200
2026-08-09T09:40:00,22.584,22.6346,22.4,22.6,In,200
2026-08-09T09:50:00,22.638,22.6401,22.5,22.6,In,200
2026-08-09T10:00:00,22.498,22.5301,22.6,22.8,In,200
2026-08-09T10:10:00,22.52,22.5259,22.9,23,In,200
2026-08-09T10:20:00,22.305,22.4036,22.8,23,In,200
2026-08-09T10:30:00,22.273,22.2867,22.8,23,In,200
2026-08-09T10:40:00,22.241,22.2496,22.8,22.9,In,200
2026-08-09T10:50:00,22.198,22.2016,22.7,22.9,In,200
2026-08-09T11:00:00,22.069,22.0944,22.6,22.8,In,200
2026-08-09T11:10:00,22.059,22.0601,22.5,22.6,In,200
2026-08-09T11:20:00,22.048,22.0422,22.5,22.6,In,200
2026-08-09T11:30:00,22.037,22.0464,22.4,22.5,In,200
2026-08-09T11:40:00,22.059,22.0917,22.3,22.4,In,200
2026-08-09T11:50:00,22.187,22.2812,22.3,22.4,In,200
2026-08-09T12:00:00,22.359,22.3513,22.3,22.4,In,200
2026-08-09T12:10:00,22.316,22.3486,22.3,22.4,In,200
2026-08-09T12:20:00,22.338,22.3513,22.5,22.6,In,200
2026-08-09T12:30:00,22.498,22.475,22.5,22.7,In,200
2026-08-09T12:40:00,22.552,22.5988,22.6,22.7,In,200
2026-08-09T12:50:00,22.391,22.486,22.6,22.8,In,200
2026-08-09T13:00:00,22.327,22.3527,22.6,22.9,In,200
2026-08-09T13:10:00,22.316,22.3431,22.9,23,In,200
2026-08-09T13:20:00,22.338,22.3266,22.8,22.9,In,200
2026-08-09T13:30:00,22.327,22.3211,22.8,22.9,In,200
2026-08-09T13:40:00,22.23,22.2702,22.6,22.7,In,200
2026-08-09T13:50:00,22.177,22.1961,22.6,22.7,In,200
2026-08-09T14:00:00,22.177,22.1686,22.5,22.7,In,200
2026-08-09T14:10:00,22.22,22.1906,22.6,22.6,In,200
2026-08-09T14:20:00,22.241,22.2304,22.4,22.6,In,200
2026-08-09T14:30:00,22.241,22.2593,22.4,22.6,In,200
2026-08-09T14:40:00,22.23,22.251,22.4,22.5,In,200
2026-08-09T14:50:00,22.198,22.2345,22.4,22.6,In,200
2026-08-09T15:00:00,22.209,22.2414,22.5,22.7,In,200
2026-08-09T15:10:00,22.241,22.2826,22.5,22.6,In,200
2026-08-09T15:20:00,22.273,22.2867,22.5,22.6,In,200
2026-08-09T15:30:00,22.338,22.3225,22.4,22.6,In,200
2026-08-09T15:40:00,22.381,22.3774,22.5,22.7,In,200
2026-08-09T15:50:00,22.112,22.2922,22.5,22.7,In,200
2026-08-09T16:00:00,22.016,22.0244,22.5,22.6,In,200
2026-08-09T16:10:00,22.016,22.012,22.6,22.7,In,200
2026-08-09T16:20:00,22.005,22.0367,22.6,22.7,In,200
2026-08-09T16:30:00,22.037,22.0697,22.5,22.7,In,200
2026-08-09T16:40:00,22.198,22.2084,22.3,22.5,In,200
2026-08-09T16:50:00,22.241,22.2277,22.2,22.5,In,200
2026-08-09T17:00:00,22.273,22.2895,22.3,22.5,In,200
2026-08-09T17:10:00,22.23,22.2524,22.4,22.5,In,200
2026-08-09T17:20:00,22.112,22.1439,22.5,22.6,In,200
2026-08-09T17:30:00,22.08,22.0876,22.5,22.6,In,200
2026-08-09T17:40:00,22.005,22.0628,22.5,22.7,In,200
2026-08-09T17:50:00,22.037,22.0409,22.4,22.6,In,200
2026-08-09T18:00:00,22.037,22.0422,22.4,22.5,In,200
2026-08-09T18:10:00,22.059,22.0436,22.3,22.4,In,200
2026-08-09T18:20:00,22.059,22.0436,22.3,22.4,In,200
2026-08-09T18:30:00,22.059,22.0505,22.3,22.4,In,200
2026-08-09T18:40:00,22.027,22.0642,22.2,22.4,In,200
2026-08-09T18:50:00,22.048,22.0299,22.3,22.4,In,200
2026-08-09T19:00:00,22.048,22.0258,22.3,22.6,In,200
2026-08-09T19:10:00,22.059,22.0587,22.5,22.8,In,200
2026-08-09T19:20:00,22.102,22.1068,22.3,22.5,In,200
2026-08-09T19:30:00,22.112,22.0985,22.3,22.4,In,200
2026-08-09T19:40:00,22.037,22.0587,22.3,22.5,In,200
2026-08-09T19:50:00,22.069,22.0601,22.4,22.6,In,200
2026-08-09T20:00:00,22.069,22.0642,22.3,22.5,In,200
2026-08-09T20:10:00,22.069,22.0642,22.4,22.5,In,200
2026-08-09T20:20:00,22.091,22.0724,22.3,22.5,In,200
2026-08-09T20:30:00,22.102,22.0793,22.3,22.4,In,200
2026-08-09T20:40:00,22.102,22.0958,22.3,22.4,In,200
2026-08-09T20:50:00,22.134,22.1164,22.3,22.5,In,200
2026-08-09T21:00:00,22.187,22.2043,22.3,22.4,In,200
2026-08-09T21:10:00,22.381,22.3609,22.3,22.4,In,200
2026-08-09T21:20:00,22.22,22.3623,22.4,22.4,In,200
2026-08-09T21:30:00,22.155,22.1809,22.4,22.6,In,200
2026-08-09T21:40:00,22.145,22.1452,22.4,22.6,In,200
2026-08-09T21:50:00,22.177,22.1809,22.7,22.8,In,200
2026-08-09T22:00:00,22.295,22.2936,22.6,22.7,In,200
2026-08-09T22:10:00,22.327,22.317,22.4,22.7,In,200
2026-08-09T22:20:00,22.316,22.306,22.4,22.7,In,200
2026-08-09T22:30:00,22.263,22.2757,22.5,22.7,In,200
2026-08-09T22:40:00,22.23,22.2455,22.6,22.7,In,200
2026-08-09T22:50:00,22.198,22.2414,22.5,22.7,In,200
2026-08-09T23:00:00,22.263,22.2593,22.5,22.6,In,200
2026-08-09T23:10:00,22.263,22.2661,22.4,22.6,In,200
2026-08-09T23:20:00,22.295,22.2922,22.5,22.6,In,200
2026-08-09T23:30:00,22.263,22.2702,22.5,22.6,In,200
2026-08-09T23:40:00,22.177,22.2125,22.5,22.6,In,200
2026-08-09T23:50:00,22.22,22.2304,22.5,22.6,In,200
2026-08-10T00:00:00,22.252,22.295,22.6,22.7,In,200
2026-08-10T00:10:00,22.305,22.3073,22.5,22.6,In,200
2026-08-10T00:20:00,22.273,22.2854,22.5,22.6,In,200
2026-08-10T00:30:00,22.359,22.3445,22.5,22.7,In,200
2026-08-10T00:40:00,22.359,22.3623,22.6,22.7,In,200
2026-08-10T00:50:00,22.359,22.3733,22.5,22.7,In,200
2026-08-10T01:00:00,22.338,22.3596,22.6,22.8,In,200
2026-08-10T01:10:00,22.402,22.3816,22.6,22.7,In,200
2026-08-10T01:20:00,22.434,22.4434,22.6,22.8,In,200
2026-08-10T01:30:00,22.434,22.453,22.6,22.7,In,200
2026-08-10T01:40:00,22.466,22.4682,22.7,22.8,In,200
2026-08-10T01:50:00,22.477,22.4833,22.7,22.8,In,200
2026-08-10T02:00:00,22.498,22.5012,22.6,22.8,In,200
2026-08-10T02:10:00,22.874,22.8837,22.6,22.8,In,200
2026-08-10T02:20:00,22.81,22.9333,22.7,22.9,In,200
2026-08-10T02:30:00,22.574,22.8369,22.7,22.8,In,200
2026-08-10T02:40:00,22.477,22.5218,22.8,23.1,In,200
2026-08-10T02:50:00,22.498,22.5053,23.2,23.3,In,200
2026-08-10T03:00:00,22.498,22.5094,23.1,23.3,In,200
2026-08-10T03:10:00,22.584,22.5617,22.9,23.3,In,200
2026-08-10T03:20:00,22.606,22.5919,22.8,22.9,In,200
2026-08-10T03:30:00,22.616,22.6057,22.7,22.9,In,200
2026-08-10T03:40:00,22.606,22.6112,22.7,22.9,In,200
2026-08-10T03:50:00,22.616,22.6112,22.8,22.9,In,200
2026-08-10T04:00:00,22.606,22.6153,22.8,23,In,200
2026-08-10T04:10:00,22.584,22.6195,22.9,22.9,In,200
2026-08-10T04:20:00,22.52,22.614,22.9,23,In,200
2026-08-10T04:30:00,22.456,22.4902,22.9,22.9,In,200
2026-08-10T04:40:00,22.198,22.3623,22.9,23,In,200
2026-08-10T04:50:00,22.305,22.3623,22.8,23,In,200
2026-08-10T05:00:00,22.295,22.3293,22.9,23,In,200
2026-08-10T05:10:00,22.155,22.2565,22.7,22.9,In,200
2026-08-10T05:20:00,22.102,22.1233,22.7,22.8,In,200
2026-08-10T05:30:00,22.102,22.093,22.6,22.8,In,200
2026-08-10T05:40:00,22.102,22.1219,22.6,22.7,In,200
2026-08-10T05:50:00,22.145,22.1397,22.5,22.6,In,200
2026-08-10T06:00:00,22.123,22.1205,22.3,22.6,In,200
2026-08-10T06:10:00,22.112,22.1027,22.3,22.5,In,200
2026-08-10T06:20:00,22.102,22.0944,22.4,22.6,In,200
2026-08-10T06:30:00,22.102,22.0889,22.4,22.5,In,200
2026-08-10T06:40:00,22.091,22.0848,22.4,22.4,In,200
2026-08-10T06:50:00,22.037,22.0642,22.3,22.4,In,200
2026-08-10T07:00:00,22.048,22.0628,22.3,22.5,In,200
2026-08-10T07:10:00,22.037,22.0628,22.3,22.5,In,200
2026-08-10T07:20:00,22.069,22.0848,22.3,22.4,In,200
2026-08-10T07:30:00,22.069,22.1027,22.3,22.5,In,200
2026-08-10T07:40:00,22.037,22.0573,22.3,22.4,In,200
2026-08-10T07:50:00,22.016,22.034,22.3,22.5,In,200
2026-08-10T08:00:00,21.994,22.0052,22.4,22.5,In,200
2026-08-10T08:10:00,21.973,21.9914,22.3,22.5,In,200
2026-08-10T08:20:00,21.994,22.0024,22.3,22.5,In,200
2026-08-10T08:30:00,22.016,22.0203,22.3,22.4,In,200
2026-08-10T08:40:00,22.037,22.0409,22.2,22.4,In,200
2026-08-10T08:50:00,22.08,22.0628,22.2,22.4,In,200
2026-08-10T09:00:00,22.069,22.0697,22.3,22.4,In,200
2026-08-10T09:10:00,22.069,22.0752,22.2,22.4,In,200
2026-08-10T09:20:00,22.08,22.0821,22.3,22.4,In,200
2026-08-10T09:30:00,22.048,22.0546,22.3,22.4,In,200
2026-08-10T09:40:00,22.016,22.0354,22.3,22.4,In,200
2026-08-10T09:50:00,22.037,22.0285,22.2,22.4,In,200
2026-08-10T10:00:00,22.016,22.0258,22.4,22.5,In,200
2026-08-10T10:10:00,22.027,22.0313,22.3,22.4,In,200
2026-08-10T10:20:00,22.027,22.0313,22.3,22.4,In,200
2026-08-10T10:30:00,22.027,22.034,22.3,22.4,In,200
2026-08-10T10:40:00,22.027,22.0313,22.2,22.4,In,200
2026-08-10T10:50:00,22.027,22.0367,22.2,22.4,In,200
2026-08-10T11:00:00,22.016,22.0326,22.3,22.3,In,200
2026-08-10T11:10:00,22.005,22.0134,22.3,22.4,In,200
2026-08-10T11:20:00,22.016,22.012,22.3,22.4,In,200
2026-08-10T11:30:00,22.016,22.0285,22.3,22.4,In,200
2026-08-10T11:40:00,22.037,22.034,22.3,22.4,In,200
2026-08-10T11:50:00,22.037,22.034,22.3,22.4,In,200
2026-08-10T12:00:00,22.037,22.0244,22.3,22.4,In,200
2026-08-10T12:10:00,22.005,22.0038,22.3,22.4,In,200
2026-08-10T12:20:00,21.941,21.9777,22.3,22.4,In,200
2026-08-10T12:30:00,21.93,21.9503,22.2,22.4,In,200
2026-08-10T12:40:00,21.93,21.9475,22.2,22.3,In,200
2026-08-10T12:50:00,21.962,21.9503,22.2,22.4,In,200
2026-08-10T13:00:00,21.952,21.9503,22.2,22.4,In,200
2026-08-10T13:10:00,21.952,21.9557,22.1,22.3,In,200
2026-08-10T13:20:00,21.994,21.9695,22.2,22.3,In,200
2026-08-10T13:30:00,21.994,21.9791,22.2,22.3,In,200
2026-08-10T13:40:00,22.005,22.001,22.2,22.4,In,200
2026-08-10T13:50:00,22.037,22.0505,22.2,22.3,In,200
2026-08-10T14:00:00,22.037,22.0587,22.3,22.3,In,200
2026-08-10T14:10:00,22.016,22.0505,22.2,22.4,In,200
2026-08-10T14:20:00,22.037,22.0738,22.2,22.4,In,200
2026-08-10T14:30:00,22.102,22.1136,22.2,22.4,In,200
2026-08-10T14:40:00,22.145,22.1342,22.3,22.5,In,200
2026-08-10T14:50:00,22.177,22.1535,22.3,22.5,In,200
2026-08-10T15:00:00,22.166,22.159,22.3,22.5,In,200
2026-08-10T15:10:00,22.177,22.1658,22.3,22.5,In,200
2026-08-10T15:20:00,22.166,22.1768,22.4,22.6,In,200
2026-08-10T15:30:00,22.177,22.1658,22.3,22.5,In,200
2026-08-10T15:40:00,22.166,22.1631,22.4,22.5,In,200
2026-08-10T15:50:00,22.177,22.1631,22.4,22.5,In,200
2026-08-10T16:00:00,22.166,22.2043,22.4,22.5,In,200
2026-08-10T16:10:00,22.295,22.3046,22.4,22.5,In,200
2026-08-10T16:20:00,22.316,22.3472,22.4,22.5,In,200
2026-08-10T16:30:00,22.37,22.3637,22.4,22.6,In,200
2026-08-10T16:40:00,22.37,22.3816,22.5,22.7,In,200
2026-08-10T16:50:00,22.37,22.3926,22.6,22.7,In,200
2026-08-10T17:00:00,22.402,22.3953,22.6,22.7,In,200
2026-08-10T17:10:00,22.402,22.3912,22.6,22.7,In,200
2026-08-10T17:20:00,22.284,22.3197,22.6,22.7,In,200
2026-08-10T17:30:00,22.134,22.2249,22.7,22.7,In,200
2026-08-10T17:40:00,22.134,22.1356,22.6,22.7,In,200
2026-08-10T17:50:00,22.091,22.1205,22.6,22.8,In,200
2026-08-10T18:00:00,22.069,22.0944,22.5,22.7,In,200
2026-08-10T18:10:00,22.059,22.056,22.4,22.6,In,200
2026-08-10T18:20:00,22.037,22.0505,22.3,22.6,In,200
2026-08-10T18:30:00,22.091,22.0519,22.4,22.4,In,200
2026-08-10T18:40:00,22.08,22.0711,22.3,22.5,In,200
2026-08-10T18:50:00,22.102,22.0999,22.3,22.4,In,200
2026-08-10T19:00:00,22.123,22.1576,22.2,22.4,In,200
2026-08-10T19:10:00,22.069,22.0917,22.3,22.4,In,200
2026-08-10T19:20:00,22.048,22.0546,22.3,22.5,In,200
2026-08-10T19:30:00,22.037,22.0381,22.4,22.6,In,200
2026-08-10T19:40:00,22.037,22.0409,22.4,22.5,In,200
2026-08-10T19:50:00,22.069,22.0683,22.3,22.5,In,200
2026-08-10T20:00:00,22.069,22.0766,22.3,22.5,In,200
2026-08-10T20:10:00,22.069,22.0642,22.3,22.5,In,200
2026-08-10T20:20:00,22.037,22.0464,22.3,22.4,In,200
2026-08-10T20:30:00,22.037,22.0436,22.3,22.5,In,200
2026-08-10T20:40:00,22.027,22.045,22.3,22.5,In,200
2026-08-10T20:50:00,22.059,22.0477,22.3,22.5,In,200
2026-08-10T21:00:00,22.037,22.0477,22.3,22.4,In,200
2026-08-10T21:10:00,22.08,22.0491,22.3,22.4,In,200
2026-08-10T21:20:00,22.048,22.0422,22.3,22.4,In,200
2026-08-10T21:30:00,22.048,22.0381,22.3,22.4,In,200
2026-08-10T21:40:00,22.059,22.0381,22.2,22.4,In,200
2026-08-10T21:50:00,22.016,22.0313,22.3,22.4,In,200
2026-08-10T22:00:00,22.027,22.0326,22.3,22.4,In,200
2026-08-10T22:10:00,22.016,22.0367,22.2,22.4,In,200
2026-08-10T22:20:00,22.016,22.0422,22.3,22.4,In,200
2026-08-10T22:30:00,22.048,22.0505,22.2,22.4,In,200
2026-08-10T22:40:00,22.037,22.0683,22.3,22.4,In,200
2026-08-10T22:50:00,22.059,22.093,22.3,22.4,In,200
2026-08-10T23:00:00,22.059,22.0779,22.2,22.5,In,200
2026-08-10T23:10:00,21.994,22.0162,22.3,22.5,In,200
2026-08-10T23:20:00,21.962,21.9777,22.3,22.4,In,200
2026-08-10T23:30:00,21.984,21.9667,22.4,22.5,In,200
2026-08-10T23:40:00,21.962,21.9667,22.3,22.4,In,200
2026-08-10T23:50:00,21.952,21.9722,22.3,22.4,In,200
2026-08-11T00:00:00,21.941,21.9681,22.3,22.4,In,200
2026-08-11T00:10:00,21.973,21.964,22.2,22.4,In,200
2026-08-11T00:20:00,21.973,21.9736,22.2,22.4,In,200
2026-08-11T00:30:00,21.984,21.9777,22.2,22.4,In,200
2026-08-11T00:40:00,21.984,21.9695,22.2,22.4,In,200
2026-08-11T00:50:00,21.973,21.9708,22.2,22.3,In,200
2026-08-11T01:00:00,21.973,21.975,22.3,22.3,In,200
2026-08-11T01:10:00,21.962,21.9736,22.2,22.3,In,200
2026-08-11T01:20:00,21.93,21.9612,22.2,22.4,In,200
2026-08-11T01:30:00,21.962,21.9681,22.1,22.4,In,200
2026-08-11T01:40:00,21.952,21.9722,22.2,22.4,In,200
2026-08-11T01:50:00,21.994,21.9846,22.2,22.3,In,200
2026-08-11T02:00:00,22.027,22.0107,22.2,22.3,In,200
2026-08-11T02:10:00,22.048,22.0436,22.2,22.3,In,200
2026-08-11T02:20:00,22.091,22.0903,22.2,22.3,In,200
2026-08-11T02:30:00,22.091,22.1109,22.3,22.4,In,200
2026-08-11T02:40:00,22.112,22.1013,22.3,22.4,In,200
2026-08-11T02:50:00,22.102,22.0985,22.3,22.4,In,200
2026-08-11T03:00:00,22.155,22.1191,22.3,22.5,In,200
2026-08-11T03:10:00,22.338,22.4173,22.3,22.4,In,200
2026-08-11T03:20:00,22.187,22.2771,22.4,22.5,In,200
2026-08-11T03:30:00,22.166,22.2235,22.3,22.5,In,200
2026-08-11T03:40:00,22.316,22.295,22.3,22.6,In,200
2026-08-11T03:50:00,22.316,22.3115,22.7,22.8,In,200
2026-08-11T04:00:00,22.338,22.328,22.5,22.6,In,200
2026-08-11T04:10:00,22.316,22.3307,22.5,22.6,In,200
2026-08-11T04:20:00,22.391,22.3788,22.5,22.7,In,200
2026-08-11T04:30:00,22.488,22.5067,22.6,22.7,In,200
2026-08-11T04:40:00,22.498,22.5397,22.6,22.7,In,200
2026-08-11T04:50:00,22.692,22.7282,22.6,22.6,In,200
2026-08-11T05:00:00,22.509,22.6153,22.7,22.8,In,200
2026-08-11T05:10:00,22.423,22.4695,22.8,23,In,200
2026-08-11T05:20:00,22.381,22.3939,22.9,23.1,In,200
2026-08-11T05:30:00,22.477,22.4682,23.1,23.3,In,200
2026-08-11T05:40:00,22.531,22.5878,22.8,23,In,200
2026-08-11T05:50:00,22.305,22.4187,22.7,22.8,In,200
2026-08-11T06:00:00,22.241,22.2455,22.7,22.8,In,200
2026-08-11T06:10:00,22.241,22.229,22.7,22.8,In,200
2026-08-11T06:20:00,22.273,22.2634,22.9,23,In,200
2026-08-11T06:30:00,22.338,22.3472,22.6,22.8,In,200
2026-08-11T06:40:00,22.456,22.4393,22.5,22.6,In,200
2026-08-11T06:50:00,22.359,22.4022,22.4,22.6,In,200
2026-08-11T07:00:00,22.305,22.3335,22.5,22.7,In,200
2026-08-11T07:10:00,22.23,22.2441,22.6,22.8,In,200
2026-08-11T07:20:00,22.209,22.2139,22.6,22.8,In,200
2026-08-11T07:30:00,22.177,22.2208,22.6,22.8,In,200
2026-08-11T07:40:00,22.091,22.1054,22.5,22.7,In,200
2026-08-11T07:50:00,22.069,22.0766,22.5,22.7,In,200
2026-08-11T08:00:00,22.091,22.0752,22.4,22.6,In,200
2026-08-11T08:10:00,22.091,22.0779,22.5,22.6,In,200
2026-08-11T08:20:00,22.112,22.115,22.3,22.5,In,200
2026-08-11T08:30:00,22.134,22.1274,22.3,22.4,In,200
2026-08-11T08:40:00,22.102,22.0958,22.3,22.5,In,200
2026-08-11T08:50:00,22.059,22.0724,22.3,22.4,In,200
2026-08-11T09:00:00,22.069,22.0587,22.4,22.5,In,200
2026-08-11T09:10:00,22.016,22.001,22.4,22.5,In,200
2026-08-11T09:20:00,21.994,22.0024,22.3,22.5,In,200
2026-08-11T09:30:00,22.048,22.045,22.3,22.4,In,200
2026-08-11T09:40:00,22.005,22.0436,22.3,22.4,In,200
2026-08-11T09:50:00,22.005,22.0038,22.3,22.4,In,200
2026-08-11T10:00:00,22.005,21.9956,22.3,22.4,In,200
2026-08-11T10:10:00,22.016,22.0038,22.3,22.4,In,200
2026-08-11T10:20:00,22.005,22.0093,22.3,22.4,In,200
2026-08-11T10:30:00,21.984,22.012,22.2,22.4,In,200
2026-08-11T10:40:00,21.994,21.9901,22.2,22.4,In,200
2026-08-11T10:50:00,22.016,22.0189,22.3,22.4,In,200
2026-08-11T11:00:00,22.037,22.0258,22.2,22.4,In,200
2026-08-11T11:10:00,22.037,22.0381,22.2,22.4,In,200
2026-08-11T11:20:00,22.048,22.045,22.2,22.4,In,200
2026-08-11T11:30:00,22.037,22.0258,22.2,22.4,In,200
2026-08-11T11:40:00,21.994,22.0065,22.3,22.4,In,200
2026-08-11T11:50:00,22.005,21.9983,22.3,22.4,In,200
2026-08-11T12:00:00,22.005,21.9969,22.3,22.4,In,200
2026-08-11T12:10:00,22.005,21.9901,22.2,22.4,In,200
2026-08-11T12:20:00,21.994,21.9846,22.2,22.4,In,200
2026-08-11T12:30:00,21.962,21.9681,22.2,22.3,In,200
2026-08-11T12:40:00,21.962,21.9516,22.2,22.3,In,200
2026-08-11T12:50:00,21.962,21.9516,22.2,22.3,In,200
2026-08-11T13:00:00,21.984,21.9557,22.2,22.4,In,200
2026-08-11T13:10:00,21.952,21.9544,22.2,22.3,In,200
2026-08-11T13:20:00,21.93,21.9475,22.2,22.3,In,200
2026-08-11T13:30:00,21.919,21.9503,22.2,22.3,In,200
2026-08-11T13:40:00,21.962,21.9544,22.1,22.3,In,200
2026-08-11T13:50:00,21.973,21.9599,22.2,22.4,In,200
2026-08-11T14:00:00,21.973,21.9585,22.2,22.3,In,200
2026-08-11T14:10:00,21.962,21.9585,22.2,22.4,In,200
2026-08-11T14:20:00,21.962,21.9571,22.2,22.3,In,200
2026-08-11T14:30:00,21.941,21.9571,22.1,22.3,In,200
2026-08-11T14:40:00,21.962,21.9585,22.1,22.4,In,200
2026-08-11T14:50:00,21.887,21.9201,22.2,22.3,In,200
2026-08-11T15:00:00,21.909,21.931,22.1,22.3,In,200
2026-08-11T15:10:00,21.93,21.931,22.2,22.3,In,200
2026-08-11T15:20:00,21.962,21.964,22.2,22.3,In,200
2026-08-11T15:30:00,21.994,21.9969,22.2,22.3,In,200
2026-08-11T15:40:00,22.005,22.0052,22.2,22.3,In,200
2026-08-11T15:50:00,22.027,22.0175,22.1,22.4,In,200
2026-08-11T16:00:00,22.037,22.0299,22.2,22.4,In,200
2026-08-11T16:10:00,22.037,22.0491,22.2,22.4,In,200
2026-08-11T16:20:00,22.059,22.0615,22.2,22.4,In,200
2026-08-11T16:30:00,22.059,22.0999,22.2,22.4,In,200
2026-08-11T16:40:00,22.037,22.0436,22.2,22.4,In,200
2026-08-11T16:50:00,22.037,22.0367,22.4,22.5,In,200
2026-08-11T17:00:00,22.037,22.056,22.3,22.5,In,200
2026-08-11T17:10:00,22.091,22.1178,22.3,22.5,In,200
2026-08-11T17:20:00,22.069,22.1027,22.2,22.4,In,200
2026-08-11T17:30:00,21.994,22.0354,22.3,22.4,In,200
2026-08-11T17:40:00,21.973,21.9777,22.3,22.5,In,200
2026-08-11T17:50:00,21.994,21.9805,22.4,22.6,In,200
2026-08-11T18:00:00,21.994,22.0093,22.3,22.5,In,200
2026-08-11T18:10:00,22.08,22.0711,22.2,22.4,In,200
2026-08-11T18:20:00,22.134,22.1384,22.3,22.4,In,200
2026-08-11T18:30:00,22.145,22.1301,22.3,22.4,In,200
2026-08-11T18:40:00,21.984,22.0752,22.3,22.5,In,200
2026-08-11T18:50:00,22.069,22.0862,22.4,22.6,In,200
2026-08-11T19:00:00,22.23,22.2016,22.4,22.5,In,200
2026-08-11T19:10:00,22.241,22.2496,22.4,22.5,In,200
2026-08-11T19:20:00,22.273,22.3019,22.3,22.5,In,200
2026-08-11T19:30:00,22.252,22.2964,22.4,22.5,In,200
2026-08-11T19:40:00,22.273,22.2428,22.5,22.6,In,200
2026-08-11T19:50:00,22.252,22.2331,22.5,22.7,In,200
2026-08-11T20:00:00,22.241,22.2277,22.6,22.7,In,200
2026-08-11T20:10:00,22.123,22.1617,22.6,22.6,In,200
2026-08-11T20:20:00,22.134,22.1301,22.5,22.6,In,200
2026-08-11T20:30:00,22.123,22.1329,22.5,22.5,In,200
2026-08-11T20:40:00,22.112,22.1123,22.4,22.6,In,200
2026-08-11T20:50:00,22.027,22.0299,22.4,22.5,In,200
2026-08-11T21:00:00,22.037,22.0189,22.4,22.5,In,200
2026-08-11T21:10:00,22.027,22.0271,22.3,22.5,In,200
2026-08-11T21:20:00,22.027,22.0367,22.4,22.4,In,200
2026-08-11T21:30:00,22.069,22.0848,22.3,22.4,In,200
2026-08-11T21:40:00,22.145,22.1411,22.3,22.4,In,200
2026-08-11T21:50:00,22.22,22.2277,22.2,22.4,In,200
2026-08-11T22:00:00,22.037,22.1548,22.3,22.5,In,200
2026-08-11T22:10:00,21.962,22.0615,22.4,22.6,In,200
2026-08-11T22:20:00,22.091,22.1741,22.4,22.6,In,200
2026-08-11T22:30:00,22.112,22.1521,22.5,22.6,In,200
2026-08-11T22:40:00,22.112,22.115,22.4,22.6,In,200
2026-08-11T22:50:00,22.102,22.1191,22.4,22.6,In,200
2026-08-11T23:00:00,22.123,22.1219,22.4,22.5,In,200
2026-08-11T23:10:00,22.123,22.1246,22.5,22.5,In,200
2026-08-11T23:20:00,22.145,22.1315,22.3,22.5,In,200
2026-08-11T23:30:00,22.123,22.126,22.4,22.5,In,200
2026-08-11T23:40:00,22.059,22.0958,22.4,22.5,In,200
2026-08-11T23:50:00,22.048,22.0628,22.4,22.5,In,200
2026-08-12T00:00:00,21.984,22.0148,22.4,22.5,In,200
2026-08-12T00:10:00,21.994,21.9805,22.3,22.5,In,200
2026-08-12T00:20:00,21.962,21.964,22.4,22.5,In,200
2026-08-12T00:30:00,21.984,21.964,22.3,22.4,In,200
2026-08-12T00:40:00,21.952,21.9544,22.2,22.4,In,200
2026-08-12T00:50:00,21.952,21.9557,22.2,22.3,In,200
2026-08-12T01:00:00,21.962,21.9626,22.2,22.3,In,200
2026-08-12T01:10:00,21.973,21.9612,22.2,22.4,In,200
2026-08-12T01:20:00,21.962,21.9585,22.2,22.3,In,200
2026-08-12T01:30:00,21.973,21.9859,22.2,22.3,In,200
2026-08-12T01:40:00,22.016,21.9983,22.2,22.4,In,200
2026-08-12T01:50:00,21.994,21.9983,22.2,22.4,In,200
2026-08-12T02:00:00,21.962,21.9503,22.2,22.3,In,200
2026-08-12T02:10:00,21.919,21.9255,22.2,22.4,In,200
2026-08-12T02:20:00,21.973,21.9722,22.3,22.4,In,200
2026-08-12T02:30:00,21.973,21.9969,22.2,22.3,In,200
2026-08-12T02:40:00,22.048,22.0477,22.2,22.4,In,200
2026-08-12T02:50:00,22.145,22.1205,22.1,22.3,In,200
2026-08-12T03:00:00,22.134,22.148,22.2,22.4,In,200
2026-08-12T03:10:00,22.155,22.1727,22.3,22.4,In,200
2026-08-12T03:20:00,22.284,22.2909,22.3,22.5,In,200
2026-08-12T03:30:00,22.37,22.3568,22.3,22.5,In,200
2026-08-12T03:40:00,22.445,22.4558,22.4,22.7,In,200
2026-08-12T03:50:00,22.391,22.4311,22.5,22.7,In,200
2026-08-12T04:00:00,22.413,22.4008,22.6,22.7,In,200
2026-08-12T04:10:00,22.359,22.3747,22.6,22.8,In,200
2026-08-12T04:20:00,22.295,22.2977,22.8,22.8,In,200
2026-08-12T04:30:00,22.338,22.3211,22.7,22.8,In,200
2026-08-12T04:40:00,22.316,22.3225,22.7,22.8,In,200
2026-08-12T04:50:00,22.359,22.3651,22.6,22.7,In,200
2026-08-12T05:00:00,22.498,22.5424,22.6,22.7,In,200
2026-08-12T05:10:00,22.649,22.7681,22.6,22.7,In,200
2026-08-12T05:20:00,22.466,22.6869,22.7,22.7,In,200
2026-08-12T05:30:00,22.659,22.6938,22.7,22.9,In,200
2026-08-12T05:40:00,22.488,22.6153,22.9,23.1,In,200
2026-08-12T05:50:00,22.541,22.6002,23.1,23.2,In,200
2026-08-12T06:00:00,22.488,22.5342,22.9,23,In,200
2026-08-12T06:10:00,22.402,22.4214,23,23.2,In,200
2026-08-12T06:20:00,22.413,22.4077,22.8,23,In,200
2026-08-12T06:30:00,22.423,22.4242,22.8,23,In,200
2026-08-12T06:40:00,22.434,22.4311,22.7,22.9,In,200
2026-08-12T06:50:00,22.434,22.4242,22.7,22.9,In,200
2026-08-12T07:00:00,22.413,22.4173,22.6,22.7,In,200
2026-08-12T07:10:00,22.402,22.4118,22.7,22.8,In,200
2026-08-12T07:20:00,22.198,22.2895,22.7,22.8,In,200
2026-08-12T07:30:00,22.091,22.1301,22.7,22.7,In,200
2026-08-12T07:40:00,22.155,22.1562,22.6,22.8,In,200
2026-08-12T07:50:00,22.241,22.2153,22.6,22.8,In,200
2026-08-12T08:00:00,22.252,22.2634,22.6,22.7,In,200
2026-08-12T08:10:00,22.273,22.2744,22.4,22.5,In,200
2026-08-12T08:20:00,22.284,22.2689,22.4,22.6,In,200
2026-08-12T08:30:00,22.091,22.1411,22.5,22.6,In,200
2026-08-12T08:40:00,22.069,22.0958,22.5,22.6,In,200
2026-08-12T08:50:00,22.091,22.093,22.5,22.6,In,200
2026-08-12T09:00:00,22.155,22.1548,22.5,22.6,In,200
2026-08-12T09:10:00,22.209,22.2112,22.4,22.5,In,200
2026-08-12T09:20:00,22.273,22.2716,22.4,22.5,In,200
2026-08-12T09:30:00,22.23,22.2579,22.3,22.5,In,200
2026-08-12T09:40:00,22.198,22.2167,22.4,22.6,In,200
2026-08-12T09:50:00,22.187,22.1782,22.4,22.6,In,200
2026-08-12T10:00:00,22.177,22.1755,22.5,22.6,In,200
2026-08-12T10:10:00,22.187,22.1851,22.4,22.6,In,200
2026-08-12T10:20:00,22.198,22.1823,22.4,22.6,In,200
2026-08-12T10:30:00,22.155,22.1521,22.4,22.6,In,200
2026-08-12T10:40:00,22.155,22.1507,22.4,22.6,In,200
2026-08-12T10:50:00,22.145,22.148,22.4,22.6,In,200
2026-08-12T11:00:00,22.155,22.1548,22.4,22.5,In,200
2026-08-12T11:10:00,22.187,22.1796,22.4,22.5,In,200
2026-08-12T11:20:00,22.273,22.2428,22.4,22.5,In,200
2026-08-12T11:30:00,22.316,22.3197,22.3,22.5,In,200
2026-08-12T11:40:00,22.145,22.3266,22.4,22.5,In,200
2026-08-12T11:50:00,21.962,21.9887,22.5,22.6,In,200
2026-08-12T12:00:00,22.027,21.9914,22.5,22.6,In,200
2026-08-12T12:10:00,22.069,22.0477,22.6,22.7,In,200
2026-08-12T12:20:00,22.134,22.137,22.4,22.7,In,200
2026-08-12T12:30:00,22.23,22.2304,22.2,22.3,In,200
2026-08-12T12:40:00,22.263,22.2441,22.2,22.4,In,200
2026-08-12T12:50:00,22.166,22.2016,22.3,22.5,In,200
2026-08-12T13:00:00,26.36,24.5366,22.4,22.6,In,200
2026-08-12T13:10:00,31.239,33.8873,22.5,22.6,In,200
2026-08-12T13:20:00,34.318,40.7996,22.5,22.5,In,200
2026-08-12T13:30:00,41.782,37.7587,22.4,22.5,In,200
