time,temp - depth 200,temp - depth 199,temp - depth 197,temp - depth 195,Station,bottom_depth
2026-06-18T15:00:00,22.1,22.1105,33.8,33.2,Out,200
2026-06-18T15:10:00,22,22.0432,22.8,22.7,Out,200
2026-06-18T15:20:00,22,22.0844,22.5,22.6,Out,200
2026-06-18T15:30:00,22.1,22.1558,22.5,22.5,Out,200
2026-06-18T15:40:00,22.1,22.1325,22.3,22.4,Out,200
2026-06-18T15:50:00,22,22.0459,22.3,22.4,Out,200
2026-06-18T16:00:00,22,22.0336,22.4,22.4,Out,200
2026-06-18T16:10:00,22,22.0748,22.4,22.4,Out,200
2026-06-18T16:20:00,22.1,22.116,22.3,22.4,Out,200
2026-06-18T16:30:00,22.1,22.1394,22.3,22.4,Out,200
2026-06-18T16:40:00,22.1,22.1297,22.3,22.4,Out,200
2026-06-18T16:50:00,22.1,22.1064,22.4,22.4,Out,200
2026-06-18T17:00:00,22,22.0226,22.4,22.4,Out,200
2026-06-18T17:10:00,22,21.9814,22.4,22.4,Out,200
2026-06-18T17:20:00,21.9,21.9553,22.4,22.4,Out,200
2026-06-18T17:30:00,21.9,21.91,22.3,22.3,Out,200
2026-06-18T17:40:00,21.8,21.866,22.3,22.2,Out,200
2026-06-18T17:50:00,21.9,21.8523,22.2,22.2,Out,200
2026-06-18T18:00:00,21.9,21.8496,22.2,22.2,Out,200
2026-06-18T18:10:00,21.8,21.8592,22.1,22.2,Out,200
2026-06-18T18:20:00,21.9,21.8578,22.1,22.2,Out,200
2026-06-18T18:30:00,21.8,21.8523,22.1,22.1,Out,200
2026-06-18T18:40:00,21.8,21.8578,22.1,22.1,Out,200
2026-06-18T18:50:00,21.8,21.8633,22.1,22.1,Out,200
2026-06-18T19:00:00,21.9,21.8674,22,22.1,Out,200
2026-06-18T19:10:00,21.8,21.8825,22.1,22.1,Out,200
2026-06-18T19:20:00,21.9,21.9114,22.1,22.1,Out,200
2026-06-18T19:30:00,21.9,21.9525,22.1,22.1,Out,200
2026-06-18T19:40:00,22,21.9759,22.1,22.1,Out,200
2026-06-18T19:50:00,22,21.9937,22.1,22.2,Out,200
2026-06-18T20:00:00,22,22.0089,22.1,22.2,Out,200
2026-06-18T20:10:00,22,22.0487,22.2,22.3,Out,200
2026-06-18T20:20:00,22.2,22.1655,22.2,22.2,Out,200
2026-06-18T20:30:00,22.1,22.1971,22.2,22.3,Out,200
2026-06-18T20:40:00,22,22.0858,22.2,22.2,Out,200
2026-06-18T20:50:00,22.1,22.1394,22.2,22.4,Out,200
2026-06-18T21:00:00,22.2,22.2369,22.5,22.5,Out,200
2026-06-18T21:10:00,22.3,22.2823,22.5,22.5,Out,200
2026-06-18T21:20:00,22.3,22.2988,22.4,22.5,Out,200
2026-06-18T21:30:00,22.3,22.3153,22.4,22.5,Out,200
2026-06-18T21:40:00,22.3,22.318,22.5,22.5,Out,200
2026-06-18T21:50:00,22.3,22.3304,22.6,22.5,Out,200
2026-06-18T22:00:00,22.3,22.3386,22.6,22.6,Out,200
2026-06-18T22:10:00,22.3,22.3345,22.5,22.6,Out,200
2026-06-18T22:20:00,22.3,22.3386,22.5,22.6,Out,200
2026-06-18T22:30:00,22.3,22.3208,22.5,22.6,Out,200
2026-06-18T22:40:00,22.3,22.2905,22.6,22.6,Out,200
2026-06-18T22:50:00,22.2,22.2452,22.6,22.6,Out,200
2026-06-18T23:00:00,22.2,22.2012,22.6,22.7,Out,200
2026-06-18T23:10:00,22,22.0803,22.6,22.6,Out,200
2026-06-18T23:20:00,22.1,22.0913,22.5,22.5,Out,200
2026-06-18T23:30:00,22.1,22.0926,22.4,22.5,Out,200
2026-06-18T23:40:00,22.1,22.0844,22.4,22.5,Out,200
2026-06-18T23:50:00,22.1,22.0913,22.3,22.4,Out,200
2026-06-19T00:00:00,22.1,22.1023,22.3,22.4,Out,200
2026-06-19T00:10:00,22.1,22.0995,22.3,22.4,Out,200
2026-06-19T00:20:00,22.1,22.1064,22.3,22.3,Out,200
2026-06-19T00:30:00,22,22.0652,22.3,22.4,Out,200
2026-06-19T00:40:00,22,22.0377,22.3,22.3,Out,200
2026-06-19T00:50:00,22,22.0075,22.3,22.4,Out,200
2026-06-19T01:00:00,22,21.9937,22.3,22.4,Out,200
2026-06-19T01:10:00,22,21.98,22.3,22.3,Out,200
2026-06-19T01:20:00,22,21.9718,22.3,22.3,Out,200
2026-06-19T01:30:00,22,21.9704,22.2,22.3,Out,200
2026-06-19T01:40:00,21.9,21.958,22.2,22.3,Out,200
2026-06-19T01:50:00,22,21.9525,22.2,22.2,Out,200
2026-06-19T02:00:00,22,21.9471,22.2,22.2,Out,200
2026-06-19T02:10:00,21.9,21.9525,22.3,22.2,Out,200
2026-06-19T02:20:00,22,22.013,22.2,22.3,Out,200
2026-06-19T02:30:00,22,22.0349,22.2,22.2,Out,200
2026-06-19T02:40:00,22,22.0267,22.2,22.2,Out,200
2026-06-19T02:50:00,22,22.0308,22.2,22.2,Out,200
2026-06-19T03:00:00,22,22.0047,22.3,22.3,Out,200
2026-06-19T03:10:00,22,21.9718,22.3,22.3,Out,200
2026-06-19T03:20:00,21.9,21.9649,22.3,22.3,Out,200
2026-06-19T03:30:00,21.9,21.9539,22.3,22.3,Out,200
2026-06-19T03:40:00,22,21.9512,22.2,22.3,Out,200
2026-06-19T03:50:00,21.9,21.9484,22.2,22.2,Out,200
2026-06-19T04:00:00,21.9,21.9457,22.2,22.2,Out,200
2026-06-19T04:10:00,21.9,21.9374,22.2,22.2,Out,200
2026-06-19T04:20:00,21.9,21.899,22.2,22.2,Out,200
2026-06-19T04:30:00,21.9,21.9127,22.2,22.2,Out,200
2026-06-19T04:40:00,21.9,21.9278,22.2,22.2,Out,200
2026-06-19T04:50:00,21.9,21.9196,22.1,22.2,Out,200
2026-06-19T05:00:00,21.9,21.9127,22.1,22.2,Out,200
2026-06-19T05:10:00,21.9,21.9292,22.1,22.2,Out,200
2026-06-19T05:20:00,21.9,21.9498,22.1,22.2,Out,200
2026-06-19T05:30:00,21.9,21.9539,22.2,22.2,Out,200
2026-06-19T05:40:00,21.9,21.9388,22.2,22.2,Out,200
2026-06-19T05:50:00,21.9,21.9155,22.1,22.2,Out,200
2026-06-19T06:00:00,21.9,21.9086,22.2,22.2,Out,200
2026-06-19T06:10:00,21.9,21.9182,22.2,22.2,Out,200
2026-06-19T06:20:00,21.9,21.9265,22.2,22.2,Out,200
2026-06-19T06:30:00,21.9,21.9278,22.1,22.2,Out,200
2026-06-19T06:40:00,21.9,21.932,22.1,22.2,Out,200
2026-06-19T06:50:00,21.9,21.9512,22.2,22.2,Out,200
2026-06-19T07:00:00,22,21.9704,22.2,22.2,Out,200
2026-06-19T07:10:00,22,21.9759,22.1,22.2,Out,200
2026-06-19T07:20:00,21.9,21.9855,22.1,22.2,Out,200
2026-06-19T07:30:00,21.9,21.9677,22.2,22.2,Out,200
2026-06-19T07:40:00,22,21.9635,22.2,22.2,Out,200
2026-06-19T07:50:00,22,21.9992,22.2,22.2,Out,200
2026-06-19T08:00:00,22,22.0638,22.2,22.3,Out,200
2026-06-19T08:10:00,22,22.0446,22.2,22.2,Out,200
2026-06-19T08:20:00,22,22.0665,22.2,22.3,Out,200
2026-06-19T08:30:00,22.1,22.1064,22.2,22.3,Out,200
2026-06-19T08:40:00,22.1,22.1256,22.3,22.4,Out,200
2026-06-19T08:50:00,22.1,22.1201,22.3,22.4,Out,200
2026-06-19T09:00:00,22.1,22.1572,22.4,22.4,Out,200
2026-06-19T09:10:00,22.2,22.2644,22.4,22.5,Out,200
2026-06-19T09:20:00,22.3,22.3538,22.5,22.6,Out,200
2026-06-19T09:30:00,22.3,22.351,22.4,22.5,Out,200
2026-06-19T09:40:00,22.3,22.3538,22.5,22.6,Out,200
2026-06-19T09:50:00,22.3,22.3661,22.6,22.6,Out,200
2026-06-19T10:00:00,22.3,22.3194,22.6,22.6,Out,200
2026-06-19T10:10:00,22.2,22.2589,22.6,22.6,Out,200
2026-06-19T10:20:00,22.1,22.1916,22.6,22.6,Out,200
2026-06-19T10:30:00,22.2,22.1902,22.6,22.6,Out,200
2026-06-19T10:40:00,22.2,22.2328,22.5,22.6,Out,200
2026-06-19T10:50:00,22.3,22.2562,22.4,22.5,Out,200
2026-06-19T11:00:00,22.2,22.252,22.4,22.5,Out,200
2026-06-19T11:10:00,22.1,22.1682,22.4,22.5,Out,200
2026-06-19T11:20:00,22.1,22.1613,22.5,22.5,Out,200
2026-06-19T11:30:00,22.1,22.16,22.5,22.5,Out,200
2026-06-19T11:40:00,22.1,22.083,22.4,22.5,Out,200
2026-06-19T11:50:00,22.1,22.0693,22.4,22.5,Out,200
2026-06-19T12:00:00,22,22.0501,22.4,22.5,Out,200
2026-06-19T12:10:00,22,22.0034,22.4,22.5,Out,200
2026-06-19T12:20:00,22,21.9896,22.3,22.4,Out,200
2026-06-19T12:30:00,22,21.9855,22.3,22.3,Out,200
2026-06-19T12:40:00,22,22.0226,22.3,22.3,Out,200
2026-06-19T12:50:00,22,22.0501,22.3,22.3,Out,200
2026-06-19T13:00:00,22,22.0226,22.2,22.3,Out,200
2026-06-19T13:10:00,22,21.98,22.2,22.2,Out,200
2026-06-19T13:20:00,22,21.9759,22.3,22.4,Out,200
2026-06-19T13:30:00,22,21.9773,22.3,22.3,Out,200
2026-06-19T13:40:00,22,21.9841,22.2,22.3,Out,200
2026-06-19T13:50:00,22,22.0034,22.2,22.3,Out,200
2026-06-19T14:00:00,22,22.0226,22.2,22.3,Out,200
2026-06-19T14:10:00,22,22.0556,22.2,22.2,Out,200
2026-06-19T14:20:00,22.1,22.0913,22.3,22.3,Out,200
2026-06-19T14:30:00,22,22.0844,22.2,22.3,Out,200
2026-06-19T14:40:00,22,22.0075,22.3,22.3,Out,200
2026-06-19T14:50:00,22,21.9951,22.3,22.4,Out,200
2026-06-19T15:00:00,22,21.9841,22.4,22.4,Out,200
2026-06-19T15:10:00,22,21.9759,22.3,22.3,Out,200
2026-06-19T15:20:00,22,21.9759,22.3,22.3,Out,200
2026-06-19T15:30:00,22,21.9828,22.2,22.3,Out,200
2026-06-19T15:40:00,22,21.9841,22.2,22.2,Out,200
2026-06-19T15:50:00,22,21.9759,22.2,22.2,Out,200
2026-06-19T16:00:00,21.9,21.9608,22.3,22.2,Out,200
2026-06-19T16:10:00,21.9,21.9388,22.2,22.2,Out,200
2026-06-19T16:20:00,21.9,21.9333,22.2,22.2,Out,200
2026-06-19T16:30:00,21.9,21.9141,22.2,22.3,Out,200
2026-06-19T16:40:00,21.9,21.91,22.2,22.2,Out,200
2026-06-19T16:50:00,21.9,21.9114,22.2,22.2,Out,200
2026-06-19T17:00:00,21.9,21.9127,22.2,22.2,Out,200
2026-06-19T17:10:00,21.9,21.9072,22.1,22.2,Out,200
2026-06-19T17:20:00,21.9,21.91,22.1,22.2,Out,200
2026-06-19T17:30:00,21.9,21.9141,22.2,22.1,Out,200
2026-06-19T17:40:00,21.9,21.9141,22.1,22.1,Out,200
2026-06-19T17:50:00,21.9,21.9196,22.1,22.2,Out,200
2026-06-19T18:00:00,21.9,21.9416,22.1,22.2,Out,200
2026-06-19T18:10:00,21.9,21.9567,22.2,22.2,Out,200
2026-06-19T18:20:00,22,21.9773,22.1,22.2,Out,200
2026-06-19T18:30:00,22,22.0143,22.1,22.2,Out,200
2026-06-19T18:40:00,22,22.0336,22.1,22.2,Out,200
2026-06-19T18:50:00,21.9,21.9841,22.1,22.2,Out,200
2026-06-19T19:00:00,21.9,21.9635,22.3,22.3,Out,200
2026-06-19T19:10:00,22,21.9649,22.2,22.3,Out,200
2026-06-19T19:20:00,22,21.9608,22.3,22.4,Out,200
2026-06-19T19:30:00,22,21.9484,22.2,22.3,Out,200
2026-06-19T19:40:00,21.9,21.9278,22.3,22.3,Out,200
2026-06-19T19:50:00,21.9,21.9292,22.2,22.2,Out,200
2026-06-19T20:00:00,21.9,21.9525,22.1,22.3,Out,200
2026-06-19T20:10:00,22,21.958,22.2,22.2,Out,200
2026-06-19T20:20:00,21.9,21.9525,22.2,22.2,Out,200
2026-06-19T20:30:00,21.9,21.9567,22.1,22.2,Out,200
2026-06-19T20:40:00,22,22.0157,22.1,22.2,Out,200
2026-06-19T20:50:00,22.2,22.2094,22.2,22.2,Out,200
2026-06-19T21:00:00,22.4,22.4143,22.2,22.2,Out,200
2026-06-19T21:10:00,22.4,22.494,22.2,22.3,Out,200
2026-06-19T21:20:00,22.5,22.5601,22.2,22.3,Out,200
2026-06-19T21:30:00,22.6,22.6743,22.5,22.6,Out,200
2026-06-19T21:40:00,22.7,22.6881,22.7,22.7,Out,200
2026-06-19T21:50:00,22.7,22.6908,22.8,22.8,Out,200
2026-06-19T22:00:00,22.6,22.6784,22.9,22.9,Out,200
2026-06-19T22:10:00,22.2,22.3318,22.9,23,Out,200
2026-06-19T22:20:00,22.4,22.4225,22.9,22.9,Out,200
2026-06-19T22:30:00,22.2,22.2039,23,23,Out,200
2026-06-19T22:40:00,22.2,22.1833,22.8,22.9,Out,200
2026-06-19T22:50:00,22.1,22.16,22.5,22.6,Out,200
2026-06-19T23:00:00,22,22.0638,22.7,22.7,Out,200
2026-06-19T23:10:00,22,22.0501,22.3,22.5,Out,200
2026-06-19T23:20:00,21.9,21.9622,22.4,22.5,Out,200
2026-06-19T23:30:00,21.9,21.9443,22.4,22.4,Out,200
2026-06-19T23:40:00,21.9,21.9594,22.3,22.4,Out,200
2026-06-19T23:50:00,22,21.9745,22.2,22.3,Out,200
2026-06-20T00:00:00,22,21.9759,22.2,22.2,Out,200
2026-06-20T00:10:00,21.9,21.9663,22.1,22.2,Out,200
2026-06-20T00:20:00,21.9,21.9594,22.2,22.2,Out,200
2026-06-20T00:30:00,22,21.9622,22.2,22.3,Out,200
2026-06-20T00:40:00,22,21.9649,22.2,22.3,Out,200
2026-06-20T00:50:00,22,21.9663,22.1,22.2,Out,200
2026-06-20T01:00:00,22,21.9635,22.2,22.2,Out,200
2026-06-20T01:10:00,21.9,21.9677,22.2,22.2,Out,200
2026-06-20T01:20:00,21.9,21.969,22.2,22.2,Out,200
2026-06-20T01:30:00,21.9,21.969,22.2,22.2,Out,200
2026-06-20T01:40:00,22,21.9594,22.2,22.2,Out,200
2026-06-20T01:50:00,21.9,21.9567,22.2,22.2,Out,200
2026-06-20T02:00:00,21.9,21.9553,22.2,22.2,Out,200
2026-06-20T02:10:00,21.9,21.9539,22.2,22.2,Out,200
2026-06-20T02:20:00,21.9,21.9539,22.2,22.2,Out,200
2026-06-20T02:30:00,21.9,21.9498,22.2,22.2,Out,200
2026-06-20T02:40:00,21.9,21.9457,22.2,22.3,Out,200
2026-06-20T02:50:00,21.9,21.9471,22.2,22.2,Out,200
2026-06-20T03:00:00,21.9,21.9525,22.2,22.2,Out,200
2026-06-20T03:10:00,21.9,21.9443,22.2,22.2,Out,200
2026-06-20T03:20:00,21.9,21.9512,22.2,22.2,Out,200
2026-06-20T03:30:00,22,21.9567,22.1,22.2,Out,200
2026-06-20T03:40:00,21.9,21.9608,22.2,22.3,Out,200
2026-06-20T03:50:00,21.9,21.9663,22.2,22.2,Out,200
2026-06-20T04:00:00,21.9,21.9553,22.1,22.2,Out,200
2026-06-20T04:10:00,21.9,21.9402,22.2,22.2,Out,200
2026-06-20T04:20:00,21.9,21.9347,22.2,22.2,Out,200
2026-06-20T04:30:00,21.9,21.9361,22.1,22.2,Out,200
2026-06-20T04:40:00,21.9,21.9402,22.2,22.2,Out,200
2026-06-20T04:50:00,21.9,21.9457,22.2,22.2,Out,200
2026-06-20T05:00:00,21.9,21.9484,22.2,22.2,Out,200
2026-06-20T05:10:00,21.9,21.9443,22.2,22.2,Out,200
2026-06-20T05:20:00,21.9,21.9416,22.1,22.2,Out,200
2026-06-20T05:30:00,21.9,21.9278,22.2,22.2,Out,200
2026-06-20T05:40:00,21.9,21.932,22.2,22.2,Out,200
2026-06-20T05:50:00,21.9,21.9498,22.1,22.2,Out,200
2026-06-20T06:00:00,21.9,21.9553,22.1,22.2,Out,200
2026-06-20T06:10:00,21.9,21.9553,22.1,22.2,Out,200
2026-06-20T06:20:00,21.9,21.9512,22.2,22.2,Out,200
2026-06-20T06:30:00,21.9,21.9251,22.2,22.2,Out,200
2026-06-20T06:40:00,21.9,21.9168,22.2,22.2,Out,200
2026-06-20T06:50:00,21.9,21.9168,22.1,22.2,Out,200
2026-06-20T07:00:00,21.9,21.9223,22.1,22.2,Out,200
2026-06-20T07:10:00,21.9,21.9374,22.1,22.2,Out,200
2026-06-20T07:20:00,21.9,21.9525,22.1,22.2,Out,200
2026-06-20T07:30:00,22,21.9635,22.1,22.1,Out,200
2026-06-20T07:40:00,22,21.9663,22.1,22.2,Out,200
2026-06-20T07:50:00,22,22.0006,22.1,22.2,Out,200
2026-06-20T08:00:00,22,22.0185,22.2,22.2,Out,200
2026-06-20T08:10:00,22,22.0157,22.2,22.3,Out,200
2026-06-20T08:20:00,22,22.0226,22.2,22.2,Out,200
2026-06-20T08:30:00,22,22.0734,22.2,22.3,Out,200
2026-06-20T08:40:00,22.1,22.1146,22.2,22.3,Out,200
2026-06-20T08:50:00,22.1,22.1888,22.3,22.3,Out,200
2026-06-20T09:00:00,22.1,22.16,22.2,22.3,Out,200
2026-06-20T09:10:00,22.1,22.1462,22.4,22.4,Out,200
2026-06-20T09:20:00,22.2,22.1888,22.4,22.4,Out,200
2026-06-20T09:30:00,22.2,22.2754,22.5,22.5,Out,200
2026-06-20T09:40:00,22.3,22.3263,22.4,22.5,Out,200
2026-06-20T09:50:00,22.3,22.3318,22.4,22.5,Out,200
2026-06-20T10:00:00,22.3,22.307,22.5,22.5,Out,200
2026-06-20T10:10:00,22.3,22.2699,22.5,22.6,Out,200
2026-06-20T10:20:00,22.4,22.4597,22.5,22.7,Out,200
2026-06-20T10:30:00,22.4,22.4817,22.6,22.6,Out,200
2026-06-20T10:40:00,22.1,22.1723,22.5,22.6,Out,200
2026-06-20T10:50:00,22.1,22.0748,22.5,22.7,Out,200
2026-06-20T11:00:00,22,22.0556,22.8,22.8,Out,200
2026-06-20T11:10:00,22,22.0363,22.7,22.7,Out,200
2026-06-20T11:20:00,22,22.0349,22.3,22.3,Out,200
2026-06-20T11:30:00,22,22.0102,22.3,22.3,Out,200
2026-06-20T11:40:00,22,22.0157,22.3,22.3,Out,200
2026-06-20T11:50:00,22,22.0253,22.3,22.3,Out,200
2026-06-20T12:00:00,22,22.0308,22.3,22.3,Out,200
2026-06-20T12:10:00,22,22.0075,22.2,22.3,Out,200
2026-06-20T12:20:00,22,21.9869,22.3,22.3,Out,200
2026-06-20T12:30:00,22,21.9896,22.3,22.3,Out,200
2026-06-20T12:40:00,22,22.0391,22.3,22.3,Out,200
2026-06-20T12:50:00,22,22.072,22.2,22.3,Out,200
2026-06-20T13:00:00,22,22.0308,22.2,22.3,Out,200
2026-06-20T13:10:00,22,22.0047,22.3,22.3,Out,200
2026-06-20T13:20:00,21.9,21.98,22.3,22.3,Out,200
2026-06-20T13:30:00,21.9,21.9498,22.3,22.3,Out,200
2026-06-20T13:40:00,21.9,21.9512,22.2,22.3,Out,200
2026-06-20T13:50:00,21.9,21.9237,22.2,22.3,Out,200
2026-06-20T14:00:00,21.9,21.9223,22.2,22.2,Out,200
2026-06-20T14:10:00,21.9,21.9306,22.2,22.2,Out,200
2026-06-20T14:20:00,21.9,21.932,22.1,22.2,Out,200
2026-06-20T14:30:00,21.9,21.9347,22.1,22.1,Out,200
2026-06-20T14:40:00,21.9,21.9292,22.2,22.2,Out,200
2026-06-20T14:50:00,21.9,21.9292,22.2,22.2,Out,200
2026-06-20T15:00:00,21.9,21.9278,22.2,22.2,Out,200
2026-06-20T15:10:00,21.9,21.9429,22.1,22.2,Out,200
2026-06-20T15:20:00,21.9,21.9374,22.2,22.2,Out,200
2026-06-20T15:30:00,21.9,21.9333,22.1,22.1,Out,200
2026-06-20T15:40:00,21.9,21.9278,22.1,22.2,Out,200
2026-06-20T15:50:00,21.9,21.9182,22.2,22.2,Out,200
2026-06-20T16:00:00,21.9,21.91,22.1,22.2,Out,200
2026-06-20T16:10:00,21.9,21.899,22.1,22.2,Out,200
2026-06-20T16:20:00,21.9,21.8935,22.1,22.2,Out,200
2026-06-20T16:30:00,21.9,21.8935,22.1,22.1,Out,200
2026-06-20T16:40:00,21.9,21.8976,22.1,22.2,Out,200
2026-06-20T16:50:00,21.9,21.8976,22.1,22.1,Out,200
2026-06-20T17:00:00,21.9,21.9017,22.1,22.2,Out,200
2026-06-20T17:10:00,21.9,21.9059,22.1,22.1,Out,200
2026-06-20T17:20:00,21.9,21.9127,22.1,22.2,Out,200
2026-06-20T17:30:00,21.9,21.9265,22.1,22.1,Out,200
2026-06-20T17:40:00,21.9,21.9306,22.1,22.2,Out,200
2026-06-20T17:50:00,21.9,21.9306,22.1,22.1,Out,200
2026-06-20T18:00:00,21.9,21.9278,22.1,22.1,Out,200
2026-06-20T18:10:00,21.9,21.9168,22.1,22.2,Out,200
2026-06-20T18:20:00,21.9,21.9017,22.1,22.2,Out,200
2026-06-20T18:30:00,21.9,21.8935,22.2,22.1,Out,200
2026-06-20T18:40:00,21.9,21.8894,22.1,22.2,Out,200
2026-06-20T18:50:00,21.9,21.8894,22.1,22.2,Out,200
2026-06-20T19:00:00,21.9,21.8935,22.1,22.2,Out,200
2026-06-20T19:10:00,21.9,21.8949,22.1,22.1,Out,200
2026-06-20T19:20:00,21.9,21.8949,22.1,22.2,Out,200
2026-06-20T19:30:00,21.9,21.9017,22.1,22.1,Out,200
2026-06-20T19:40:00,21.9,21.9045,22.1,22.1,Out,200
2026-06-20T19:50:00,21.9,21.899,22.1,22.1,Out,200
2026-06-20T20:00:00,21.9,21.8976,22.1,22.2,Out,200
2026-06-20T20:10:00,21.9,21.8949,22.1,22.1,Out,200
2026-06-20T20:20:00,21.9,21.8963,22.1,22.1,Out,200
2026-06-20T20:30:00,21.9,21.899,22.1,22.1,Out,200
2026-06-20T20:40:00,21.9,21.9004,22.1,22.2,Out,200
2026-06-20T20:50:00,21.9,21.9072,22.1,22.1,Out,200
2026-06-20T21:00:00,21.9,21.9114,22.1,22.1,Out,200
2026-06-20T21:10:00,21.9,21.9086,22.1,22.2,Out,200
2026-06-20T21:20:00,21.9,21.9114,22.1,22.1,Out,200
2026-06-20T21:30:00,21.9,21.921,22.1,22.2,Out,200
2026-06-20T21:40:00,21.9,21.9182,22.1,22.2,Out,200
2026-06-20T21:50:00,21.9,21.9306,22.1,22.2,Out,200
2026-06-20T22:00:00,22,21.9786,22.1,22.2,Out,200
2026-06-20T22:10:00,22,21.9937,22.1,22.1,Out,200
2026-06-20T22:20:00,22,21.9883,22.1,22.2,Out,200
2026-06-20T22:30:00,21.9,21.9828,22.1,22.2,Out,200
2026-06-20T22:40:00,22,21.9951,22.2,22.2,Out,200
2026-06-20T22:50:00,22,22.002,22.2,22.3,Out,200
2026-06-20T23:00:00,22,22.0102,22.2,22.3,Out,200
2026-06-20T23:10:00,22,22.0295,22.2,22.2,Out,200
2026-06-20T23:20:00,22.2,22.2328,22.3,22.3,Out,200
2026-06-20T23:30:00,22.3,22.3414,22.3,22.3,Out,200
2026-06-20T23:40:00,22.6,22.5642,22.2,22.4,Out,200
2026-06-20T23:50:00,22.7,22.6894,22.4,22.5,Out,200
2026-06-21T00:00:00,22.7,22.7431,22.6,22.6,Out,200
2026-06-21T00:10:00,22.5,22.7211,22.6,22.7,Out,200
2026-06-21T00:20:00,22.4,22.4872,22.9,22.9,Out,200
2026-06-21T00:30:00,22.3,22.3455,22.9,22.9,Out,200
2026-06-21T00:40:00,22.2,22.23,23,23,Out,200
2026-06-21T00:50:00,22.1,22.1407,23,23.1,Out,200
2026-06-21T01:00:00,22,22.0624,22.7,22.7,Out,200
2026-06-21T01:10:00,22,22.0377,22.5,22.6,Out,200
2026-06-21T01:20:00,22,22.0185,22.4,22.4,Out,200
2026-06-21T01:30:00,22,22.0116,22.4,22.4,Out,200
2026-06-21T01:40:00,22,21.9951,22.3,22.3,Out,200
2026-06-21T01:50:00,22,21.9773,22.2,22.3,Out,200
2026-06-21T02:00:00,21.9,21.9649,22.2,22.3,Out,200
2026-06-21T02:10:00,21.9,21.9045,22.2,22.3,Out,200
2026-06-21T02:20:00,21.8,21.8509,22.2,22.3,Out,200
2026-06-21T02:30:00,21.8,21.8715,22.2,22.2,Out,200
2026-06-21T02:40:00,21.9,21.8866,22.2,22.3,Out,200
2026-06-21T02:50:00,21.8,21.9017,22.1,22.1,Out,200
2026-06-21T03:00:00,21.9,21.9168,22.1,22.2,Out,200
2026-06-21T03:10:00,21.9,21.9512,22.1,22.2,Out,200
2026-06-21T03:20:00,21.9,21.9525,22.1,22.2,Out,200
2026-06-21T03:30:00,21.9,21.958,22.1,22.1,Out,200
2026-06-21T03:40:00,21.9,21.9525,22.2,22.2,Out,200
2026-06-21T03:50:00,22,21.9525,22.1,22.3,Out,200
2026-06-21T04:00:00,22,21.9553,22.2,22.2,Out,200
2026-06-21T04:10:00,21.9,21.9457,22.2,22.2,Out,200
2026-06-21T04:20:00,21.9,21.9443,22.1,22.2,Out,200
2026-06-21T04:30:00,21.9,21.9471,22.2,22.2,Out,200
2026-06-21T04:40:00,21.9,21.9471,22.1,22.2,Out,200
2026-06-21T04:50:00,21.9,21.9429,22.1,22.2,Out,200
2026-06-21T05:00:00,21.9,21.9443,22.2,22.2,Out,200
2026-06-21T05:10:00,21.9,21.9374,22.2,22.2,Out,200
2026-06-21T05:20:00,21.9,21.9306,22.2,22.2,Out,200
2026-06-21T05:30:00,21.9,21.9223,22.1,22.2,Out,200
2026-06-21T05:40:00,21.9,21.8976,22.1,22.2,Out,200
2026-06-21T05:50:00,21.8,21.8715,22.1,22.2,Out,200
2026-06-21T06:00:00,21.8,21.8619,22.1,22.1,Out,200
2026-06-21T06:10:00,21.9,21.8578,22.1,22.2,Out,200
2026-06-21T06:20:00,21.8,21.8578,22.1,22.2,Out,200
2026-06-21T06:30:00,21.8,21.8564,22.1,22.1,Out,200
2026-06-21T06:40:00,21.8,21.8509,22.1,22.2,Out,200
2026-06-21T06:50:00,21.8,21.8482,22.1,22.1,Out,200
2026-06-21T07:00:00,21.8,21.8509,22.1,22.1,Out,200
2026-06-21T07:10:00,21.8,21.8564,22.1,22.2,Out,200
2026-06-21T07:20:00,21.9,21.8592,22.1,22.1,Out,200
2026-06-21T07:30:00,21.9,21.866,22.1,22.1,Out,200
2026-06-21T07:40:00,21.9,21.8798,22,22.1,Out,200
2026-06-21T07:50:00,21.9,21.9017,22.1,22.1,Out,200
2026-06-21T08:00:00,21.9,21.9141,22.1,22.1,Out,200
2026-06-21T08:10:00,21.9,21.9168,22.1,22.1,Out,200
2026-06-21T08:20:00,21.9,21.9155,22.1,22.2,Out,200
2026-06-21T08:30:00,21.9,21.9168,22.1,22.2,Out,200
2026-06-21T08:40:00,21.9,21.9251,22.1,22.2,Out,200
2026-06-21T08:50:00,21.9,21.9278,22.1,22.2,Out,200
2026-06-21T09:00:00,21.9,21.9361,22.1,22.2,Out,200
2026-06-21T09:10:00,21.9,21.9361,22.1,22.2,Out,200
2026-06-21T09:20:00,21.9,21.9471,22.1,22.2,Out,200
2026-06-21T09:30:00,21.9,21.9416,22.2,22.2,Out,200
2026-06-21T09:40:00,21.9,21.9471,22.1,22.2,Out,200
2026-06-21T09:50:00,21.9,21.9539,22.1,22.2,Out,200
2026-06-21T10:00:00,21.9,21.9677,22.2,22.2,Out,200
2026-06-21T10:10:00,22,21.9704,22.2,22.2,Out,200
2026-06-21T10:20:00,21.9,21.9635,22.2,22.2,Out,200
2026-06-21T10:30:00,22,21.9663,22.2,22.2,Out,200
2026-06-21T10:40:00,22,21.991,22.2,22.2,Out,200
2026-06-21T10:50:00,22,22.0143,22.2,22.2,Out,200
2026-06-21T11:00:00,22,22.0006,22.2,22.2,Out,200
2026-06-21T11:10:00,22,21.9855,22.2,22.3,Out,200
2026-06-21T11:20:00,22,22.0281,22.3,22.2,Out,200
2026-06-21T11:30:00,22.1,22.149,22.2,22.3,Out,200
2026-06-21T11:40:00,22.2,22.1929,22.2,22.3,Out,200
2026-06-21T11:50:00,22.2,22.2122,22.3,22.3,Out,200
2026-06-21T12:00:00,22.3,22.3111,22.3,22.3,Out,200
2026-06-21T12:10:00,22.4,22.4459,22.4,22.4,Out,200
2026-06-21T12:20:00,22.5,22.5271,22.5,22.6,Out,200
2026-06-21T12:30:00,22.7,22.7115,22.6,22.7,Out,200
2026-06-21T12:40:00,22.6,22.7252,22.6,22.7,Out,200
2026-06-21T12:50:00,22.5,22.5559,22.7,22.7,Out,200
2026-06-21T13:00:00,22.4,22.4033,22.8,22.9,Out,200
2026-06-21T13:10:00,22.3,22.3098,23,23.1,Out,200
2026-06-21T13:20:00,22.4,22.3964,23,23,Out,200
2026-06-21T13:30:00,22.3,22.4156,22.8,22.8,Out,200
2026-06-21T13:40:00,22.3,22.362,22.6,22.6,Out,200
2026-06-21T13:50:00,22,22.013,22.6,22.6,Out,200
2026-06-21T14:00:00,22,21.9649,22.7,22.8,Out,200
2026-06-21T14:10:00,22,22.0253,22.7,22.7,Out,200
2026-06-21T14:20:00,22,22.0679,22.4,22.6,Out,200
2026-06-21T14:30:00,22,22.0597,22.2,22.3,Out,200
2026-06-21T14:40:00,22,22.0075,22.2,22.2,Out,200
2026-06-21T14:50:00,22,22.0089,22.2,22.3,Out,200
2026-06-21T15:00:00,22,22.0171,22.3,22.3,Out,200
2026-06-21T15:10:00,22,22.0034,22.2,22.3,Out,200
2026-06-21T15:20:00,22,22.0047,22.3,22.3,Out,200
2026-06-21T15:30:00,22,21.9965,22.2,22.3,Out,200
2026-06-21T15:40:00,22,21.9924,22.2,22.3,Out,200
2026-06-21T15:50:00,22,21.9951,22.2,22.3,Out,200
2026-06-21T16:00:00,21.9,21.9402,22.2,22.3,Out,200
2026-06-21T16:10:00,21.9,21.9292,22.2,22.2,Out,200
2026-06-21T16:20:00,21.9,21.9333,22.2,22.2,Out,200
2026-06-21T16:30:00,21.9,21.9443,22.3,22.2,Out,200
2026-06-21T16:40:00,21.9,21.9539,22.1,22.2,Out,200
2026-06-21T16:50:00,21.9,21.9553,22.2,22.2,Out,200
2026-06-21T17:00:00,21.9,21.9622,22.1,22.3,Out,200
2026-06-21T17:10:00,22,21.9951,22.1,22.2,Out,200
2026-06-21T17:20:00,22,22.0075,22.2,22.3,Out,200
2026-06-21T17:30:00,22,22.0143,22.2,22.2,Out,200
2026-06-21T17:40:00,21.9,21.9745,22.2,22.3,Out,200
2026-06-21T17:50:00,21.9,21.9347,22.2,22.3,Out,200
2026-06-21T18:00:00,21.9,21.9265,22.2,22.3,Out,200
2026-06-21T18:10:00,21.9,21.921,22.3,22.3,Out,200
2026-06-21T18:20:00,21.9,21.9196,22.2,22.2,Out,200
2026-06-21T18:30:00,21.9,21.9155,22.2,22.2,Out,200
2026-06-21T18:40:00,21.9,21.9182,22.2,22.2,Out,200
2026-06-21T18:50:00,21.9,21.9265,22.2,22.2,Out,200
2026-06-21T19:00:00,21.9,21.9333,22.1,22.2,Out,200
2026-06-21T19:10:00,21.9,21.9388,22.1,22.2,Out,200
2026-06-21T19:20:00,21.9,21.9251,22.1,22.2,Out,200
2026-06-21T19:30:00,21.9,21.9237,22.2,22.2,Out,200
2026-06-21T19:40:00,21.9,21.921,22.2,22.2,Out,200
2026-06-21T19:50:00,21.9,21.9278,22.1,22.2,Out,200
2026-06-21T20:00:00,21.9,21.9402,22.1,22.2,Out,200
2026-06-21T20:10:00,21.9,21.9278,22.1,22.2,Out,200
2026-06-21T20:20:00,21.9,21.9017,22.2,22.2,Out,200
2026-06-21T20:30:00,21.9,21.8935,22.2,22.3,Out,200
2026-06-21T20:40:00,21.9,21.8866,22.2,22.2,Out,200
2026-06-21T20:50:00,21.9,21.8853,22.1,22.2,Out,200
2026-06-21T21:00:00,21.9,21.9045,22.1,22.1,Out,200
2026-06-21T21:10:00,21.9,21.9182,22.1,22.1,Out,200
2026-06-21T21:20:00,21.9,21.9361,22.1,22.1,Out,200
2026-06-21T21:30:00,21.9,21.9498,22.2,22.2,Out,200
2026-06-21T21:40:00,21.9,21.9443,22.1,22.2,Out,200
2026-06-21T21:50:00,21.9,21.9429,22.1,22.2,Out,200
2026-06-21T22:00:00,22,21.98,22.1,22.3,Out,200
2026-06-21T22:10:00,22,22.0322,22.2,22.3,Out,200
2026-06-21T22:20:00,22,22.083,22.2,22.2,Out,200
2026-06-21T22:30:00,22.1,22.1971,22.2,22.2,Out,200
2026-06-21T22:40:00,22.2,22.1998,22.2,22.2,Out,200
2026-06-21T22:50:00,22.3,22.2562,22.3,22.4,Out,200
2026-06-21T23:00:00,22.3,22.351,22.4,22.5,Out,200
2026-06-21T23:10:00,22.5,22.4789,22.4,22.5,Out,200
2026-06-21T23:20:00,22.5,22.5105,22.4,22.5,Out,200
2026-06-21T23:30:00,22.5,22.5449,22.5,22.6,Out,200
2026-06-21T23:40:00,22.6,22.5903,22.6,22.6,Out,200
2026-06-21T23:50:00,22.6,22.5862,22.7,22.8,Out,200
2026-06-22T00:00:00,22.7,22.7252,22.7,22.8,Out,200
2026-06-22T00:10:00,22.8,22.8078,22.8,22.9,Out,200
2026-06-22T00:20:00,22.8,22.8285,22.8,22.9,Out,200
2026-06-22T00:30:00,22.7,22.7376,22.8,22.9,Out,200
2026-06-22T00:40:00,22.3,22.3331,22.9,23,Out,200
2026-06-22T00:50:00,22.3,22.3414,23,23.1,Out,200
2026-06-22T01:00:00,22.3,22.3703,23,23.1,Out,200
2026-06-22T01:10:00,22.3,22.3606,22.9,23,Out,200
2026-06-22T01:20:00,22.2,22.2919,22.5,22.7,Out,200
2026-06-22T01:30:00,21.9,21.9306,22.6,22.6,Out,200
2026-06-22T01:40:00,21.9,21.91,22.6,22.6,Out,200
2026-06-22T01:50:00,21.9,21.9251,22.6,22.7,Out,200
2026-06-22T02:00:00,21.9,21.9429,22.4,22.5,Out,200
2026-06-22T02:10:00,21.9,21.9402,22.1,22.2,Out,200
2026-06-22T02:20:00,21.9,21.9361,22.1,22.2,Out,200
2026-06-22T02:30:00,21.9,21.9402,22.1,22.2,Out,200
2026-06-22T02:40:00,21.9,21.9484,22.2,22.2,Out,200
2026-06-22T02:50:00,21.9,21.9443,22.1,22.2,Out,200
2026-06-22T03:00:00,21.9,21.9429,22.2,22.2,Out,200
2026-06-22T03:10:00,21.9,21.9223,22.1,22.3,Out,200
2026-06-22T03:20:00,21.9,21.9114,22.2,22.2,Out,200
2026-06-22T03:30:00,21.9,21.91,22.1,22.2,Out,200
2026-06-22T03:40:00,21.9,21.9045,22.1,22.2,Out,200
2026-06-22T03:50:00,21.9,21.899,22.1,22.2,Out,200
2026-06-22T04:00:00,21.9,21.9031,22.1,22.2,Out,200
2026-06-22T04:10:00,21.9,21.9141,22.1,22.2,Out,200
2026-06-22T04:20:00,21.9,21.9265,22.1,22.2,Out,200
2026-06-22T04:30:00,21.9,21.9292,22.1,22.2,Out,200
2026-06-22T04:40:00,21.9,21.932,22.1,22.2,Out,200
2026-06-22T04:50:00,21.9,21.9306,22.1,22.2,Out,200
2026-06-22T05:00:00,21.9,21.9361,22.1,22.2,Out,200
2026-06-22T05:10:00,21.9,21.9471,22.2,22.3,Out,200
2026-06-22T05:20:00,21.9,21.9553,22.1,22.2,Out,200
2026-06-22T05:30:00,21.9,21.958,22.1,22.2,Out,200
2026-06-22T05:40:00,21.9,21.958,22.1,22.2,Out,200
2026-06-22T05:50:00,22,21.9594,22.1,22.2,Out,200
2026-06-22T06:00:00,22,21.9622,22.2,22.2,Out,200
2026-06-22T06:10:00,21.9,21.9223,22.1,22.2,Out,200
2026-06-22T06:20:00,21.8,21.8633,22.2,22.2,Out,200
2026-06-22T06:30:00,21.8,21.8304,22.2,22.2,Out,200
2026-06-22T06:40:00,21.8,21.8441,22.2,22.2,Out,200
2026-06-22T06:50:00,21.8,21.8564,22.1,22.2,Out,200
2026-06-22T07:00:00,21.8,21.8592,22.1,22.1,Out,200
2026-06-22T07:10:00,21.8,21.8523,22,22.1,Out,200
2026-06-22T07:20:00,21.8,21.8358,22.1,22.1,Out,200
2026-06-22T07:30:00,21.8,21.8345,22,22.1,Out,200
2026-06-22T07:40:00,21.8,21.8345,22.1,22.1,Out,200
2026-06-22T07:50:00,21.8,21.8441,22,22.1,Out,200
2026-06-22T08:00:00,21.8,21.8482,22.1,22.1,Out,200
2026-06-22T08:10:00,21.9,21.8647,22,22.1,Out,200
2026-06-22T08:20:00,21.9,21.8825,22.1,22.1,Out,200
2026-06-22T08:30:00,21.9,21.8935,22.1,22.2,Out,200
2026-06-22T08:40:00,21.9,21.9059,22.1,22.1,Out,200
2026-06-22T08:50:00,21.9,21.9155,22.1,22.2,Out,200
2026-06-22T09:00:00,21.9,21.9168,22.1,22.1,Out,200
2026-06-22T09:10:00,21.9,21.91,22.1,22.1,Out,200
2026-06-22T09:20:00,21.9,21.9072,22.1,22.1,Out,200
2026-06-22T09:30:00,21.9,21.9059,22.2,22.2,Out,200
2026-06-22T09:40:00,21.9,21.9168,22.1,22.2,Out,200
2026-06-22T09:50:00,22,21.9814,22.1,22.2,Out,200
2026-06-22T10:00:00,22,21.9883,22.1,22.2,Out,200
2026-06-22T10:10:00,22,21.9786,22.1,22.2,Out,200
2026-06-22T10:20:00,21.9,21.9484,22.1,22.2,Out,200
2026-06-22T10:30:00,22,21.969,22.2,22.2,Out,200
2026-06-22T10:40:00,22,22.0198,22.2,22.3,Out,200
2026-06-22T10:50:00,22,22.0446,22.1,22.2,Out,200
2026-06-22T11:00:00,22,22.0116,22.1,22.2,Out,200
2026-06-22T11:10:00,22.1,22.0693,22.2,22.2,Out,200
2026-06-22T11:20:00,22.2,22.1929,22.3,22.2,Out,200
2026-06-22T11:30:00,22.2,22.2699,22.3,22.3,Out,200
2026-06-22T11:40:00,22.2,22.2589,22.2,22.3,Out,200
2026-06-22T11:50:00,22.2,22.2163,22.3,22.4,Out,200
2026-06-22T12:00:00,22.2,22.2246,22.4,22.6,Out,200
2026-06-22T12:10:00,22.3,22.3249,22.5,22.5,Out,200
2026-06-22T12:20:00,22.7,22.6344,22.6,22.5,Out,200
2026-06-22T12:30:00,22.9,22.8822,22.5,22.6,Out,200
2026-06-22T12:40:00,23,23.0062,22.5,22.6,Out,200
2026-06-22T12:50:00,22.6,22.8643,22.6,22.6,Out,200
2026-06-22T13:00:00,22.3,22.3744,23,23,Out,200
2026-06-22T13:10:00,22.3,22.3483,23.1,23.2,Out,200
2026-06-22T13:20:00,22.3,22.3551,23.3,23.3,Out,200
2026-06-22T13:30:00,22.3,22.3043,22.8,22.9,Out,200
2026-06-22T13:40:00,22.1,22.1902,22.6,22.6,Out,200
2026-06-22T13:50:00,21.8,21.8866,22.6,22.6,Out,200
2026-06-22T14:00:00,21.9,21.8825,22.5,22.6,Out,200
2026-06-22T14:10:00,21.9,21.9457,22.5,22.5,Out,200
2026-06-22T14:20:00,22,21.9786,22.3,22.4,Out,200
2026-06-22T14:30:00,22,21.98,22.1,22.2,Out,200
2026-06-22T14:40:00,22,21.9731,22.1,22.2,Out,200
2026-06-22T14:50:00,22,21.98,22.2,22.3,Out,200
2026-06-22T15:00:00,22,21.9828,22.1,22.2,Out,200
2026-06-22T15:10:00,22,22.0089,22.2,22.2,Out,200
2026-06-22T15:20:00,22,22.0267,22.2,22.2,Out,200
2026-06-22T15:30:00,22,22.0102,22.2,22.3,Out,200
2026-06-22T15:40:00,22,21.9896,22.2,22.4,Out,200
2026-06-22T15:50:00,22,21.9786,22.3,22.3,Out,200
2026-06-22T16:00:00,22,21.9855,22.2,22.3,Out,200
2026-06-22T16:10:00,21.9,21.9841,22.3,22.3,Out,200
2026-06-22T16:20:00,22,21.9855,22.1,22.2,Out,200
2026-06-22T16:30:00,22,21.9924,22.2,22.3,Out,200
2026-06-22T16:40:00,22,22.0047,22.2,22.3,Out,200
2026-06-22T16:50:00,22,22.0116,22.2,22.3,Out,200
2026-06-22T17:00:00,22,22.0143,22.2,22.3,Out,200
2026-06-22T17:10:00,22,22.0336,22.2,22.3,Out,200
2026-06-22T17:20:00,22,22.0418,22.2,22.3,Out,200
2026-06-22T17:30:00,22,22.0363,22.2,22.2,Out,200
2026-06-22T17:40:00,21.9,21.9786,22.2,22.3,Out,200
2026-06-22T17:50:00,21.9,21.9663,22.3,22.3,Out,200
2026-06-22T18:00:00,22,21.9786,22.2,22.3,Out,200
2026-06-22T18:10:00,22,21.9855,22.3,22.3,Out,200
2026-06-22T18:20:00,22,21.991,22.1,22.2,Out,200
2026-06-22T18:30:00,21.9,21.9718,22.2,22.2,Out,200
2026-06-22T18:40:00,21.9,21.9017,22.2,22.2,Out,200
2026-06-22T18:50:00,21.8,21.8812,22.2,22.2,Out,200
2026-06-22T19:00:00,21.8,21.866,22.2,22.3,Out,200
2026-06-22T19:10:00,21.9,21.8784,22.2,22.2,Out,200
2026-06-22T19:20:00,21.9,21.8866,22.1,22.2,Out,200
2026-06-22T19:30:00,21.9,21.8935,22.1,22.1,Out,200
2026-06-22T19:40:00,21.9,21.8825,22.1,22.2,Out,200
2026-06-22T19:50:00,21.9,21.8812,22.1,22.1,Out,200
2026-06-22T20:00:00,21.9,21.8812,22.1,22.1,Out,200
2026-06-22T20:10:00,21.9,21.877,22.1,22.2,Out,200
2026-06-22T20:20:00,21.8,21.8757,22.1,22.1,Out,200
2026-06-22T20:30:00,21.9,21.8866,22.1,22.1,Out,200
2026-06-22T20:40:00,21.9,21.8853,22.1,22.1,Out,200
2026-06-22T20:50:00,21.9,21.888,22.1,22.2,Out,200
2026-06-22T21:00:00,21.9,21.8935,22.1,22.1,Out,200
2026-06-22T21:10:00,21.9,21.899,22.1,22.2,Out,200
2026-06-22T21:20:00,21.9,21.9031,22,22.1,Out,200
2026-06-22T21:30:00,21.9,21.9086,22.1,22.1,Out,200
2026-06-22T21:40:00,21.9,21.9086,22.1,22.1,Out,200
2026-06-22T21:50:00,21.9,21.9155,22.1,22.1,Out,200
2026-06-22T22:00:00,21.9,21.9141,22.1,22.2,Out,200
2026-06-22T22:10:00,21.9,21.9086,22.1,22.1,Out,200
2026-06-22T22:20:00,21.9,21.9059,22.2,22.2,Out,200
2026-06-22T22:30:00,21.9,21.9347,22.1,22.2,Out,200
2026-06-22T22:40:00,22,21.9773,22.2,22.2,Out,200
2026-06-22T22:50:00,22,22.0267,22.1,22.2,Out,200
2026-06-22T23:00:00,22,22.0322,22.2,22.2,Out,200
2026-06-22T23:10:00,22,22.024,22.1,22.2,Out,200
2026-06-22T23:20:00,22,22.0473,22.3,22.3,Out,200
2026-06-22T23:30:00,22.2,22.2053,22.3,22.4,Out,200
2026-06-22T23:40:00,22.4,22.384,22.3,22.3,Out,200
2026-06-22T23:50:00,22.4,22.439,22.3,22.3,Out,200
2026-06-23T00:00:00,22.3,22.439,22.3,22.3,Out,200
2026-06-23T00:10:00,22.1,22.1943,22.5,22.6,Out,200
2026-06-23T00:20:00,22.4,22.3565,22.7,22.7,Out,200
2026-06-23T00:30:00,22.8,22.7569,22.6,22.8,Out,200
2026-06-23T00:40:00,23,22.9649,22.7,22.7,Out,200
2026-06-23T00:50:00,23,23.0159,22.5,22.6,Out,200
2026-06-23T01:00:00,22.6,22.8271,22.7,22.7,Out,200
2026-06-23T01:10:00,22.2,22.2933,23.1,23.1,Out,200
2026-06-23T01:20:00,22.1,22.16,23.3,23.3,Out,200
2026-06-23T01:30:00,22,22.1531,23.3,23.3,Out,200
2026-06-23T01:40:00,21.9,21.8963,22.7,22.8,Out,200
2026-06-23T01:50:00,21.9,21.8908,22.4,22.6,Out,200
2026-06-23T02:00:00,21.9,21.8894,22.4,22.4,Out,200
2026-06-23T02:10:00,21.9,21.9045,22.2,22.3,Out,200
2026-06-23T02:20:00,21.9,21.921,22.2,22.2,Out,200
2026-06-23T02:30:00,21.9,21.9347,22.1,22.1,Out,200
2026-06-23T02:40:00,21.9,21.9278,22.1,22.1,Out,200
2026-06-23T02:50:00,21.9,21.9292,22.1,22.1,Out,200
2026-06-23T03:00:00,21.9,21.9306,22.1,22.2,Out,200
2026-06-23T03:10:00,21.9,21.9182,22.1,22.2,Out,200
2026-06-23T03:20:00,21.9,21.8949,22.1,22.2,Out,200
2026-06-23T03:30:00,21.9,21.8921,22.1,22.1,Out,200
2026-06-23T03:40:00,21.9,21.888,22.2,22.2,Out,200
2026-06-23T03:50:00,21.9,21.8853,22.1,22.2,Out,200
2026-06-23T04:00:00,21.9,21.8976,22.1,22.2,Out,200
2026-06-23T04:10:00,21.9,21.9141,22.1,22.2,Out,200
2026-06-23T04:20:00,21.9,21.9251,22.1,22.2,Out,200
2026-06-23T04:30:00,21.9,21.9278,22.1,22.1,Out,200
2026-06-23T04:40:00,21.9,21.9265,22.1,22.2,Out,200
2026-06-23T04:50:00,21.9,21.932,22.1,22.2,Out,200
2026-06-23T05:00:00,21.9,21.9443,22.1,22.2,Out,200
2026-06-23T05:10:00,21.9,21.9374,22.1,22.2,Out,200
2026-06-23T05:20:00,21.9,21.9347,22.1,22.2,Out,200
2026-06-23T05:30:00,21.9,21.932,22.1,22.2,Out,200
2026-06-23T05:40:00,21.9,21.9278,22.1,22.2,Out,200
2026-06-23T05:50:00,21.9,21.921,22.1,22.1,Out,200
2026-06-23T06:00:00,21.9,21.9361,22.1,22.2,Out,200
2026-06-23T06:10:00,21.9,21.9388,22.1,22.2,Out,200
2026-06-23T06:20:00,21.9,21.9388,22.1,22.2,Out,200
2026-06-23T06:30:00,21.9,21.9374,22.1,22.3,Out,200
2026-06-23T06:40:00,21.9,21.9374,22.2,22.2,Out,200
2026-06-23T06:50:00,21.9,21.9306,22.2,22.1,Out,200
2026-06-23T07:00:00,21.9,21.8715,22.2,22.2,Out,200
2026-06-23T07:10:00,21.9,21.866,22.1,22.2,Out,200
2026-06-23T07:20:00,21.8,21.8523,22.2,22.2,Out,200
2026-06-23T07:30:00,21.8,21.84,22.1,22.2,Out,200
2026-06-23T07:40:00,21.8,21.8468,22.1,22.2,Out,200
2026-06-23T07:50:00,21.8,21.8166,22.1,22.2,Out,200
2026-06-23T08:00:00,21.8,21.8015,22.1,22.1,Out,200
2026-06-23T08:10:00,21.8,21.7974,22.1,22.1,Out,200
2026-06-23T08:20:00,21.8,21.8043,22,22.2,Out,200
2026-06-23T08:30:00,21.8,21.8372,22.1,22.1,Out,200
2026-06-23T08:40:00,21.8,21.8509,22,22.1,Out,200
2026-06-23T08:50:00,21.8,21.8606,22.1,22.1,Out,200
2026-06-23T09:00:00,21.9,21.8743,22,22.1,Out,200
2026-06-23T09:10:00,21.9,21.8839,22,22.1,Out,200
2026-06-23T09:20:00,21.9,21.8853,22.1,22.1,Out,200
2026-06-23T09:30:00,21.9,21.8894,22.1,22.1,Out,200
2026-06-23T09:40:00,21.9,21.9072,22.1,22.1,Out,200
2026-06-23T09:50:00,21.9,21.9292,22.1,22.1,Out,200
2026-06-23T10:00:00,21.9,21.9402,22.1,22.1,Out,200
2026-06-23T10:10:00,22,21.9951,22.1,22.2,Out,200
2026-06-23T10:20:00,22,22.0061,22.1,22.2,Out,200
2026-06-23T10:30:00,22,21.9979,22.2,22.2,Out,200
2026-06-23T10:40:00,22,22.002,22.1,22.2,Out,200
2026-06-23T10:50:00,22,22.0349,22.3,22.3,Out,200
2026-06-23T11:00:00,22,22.0487,22.2,22.3,Out,200
2026-06-23T11:10:00,22,22.0446,22.2,22.2,Out,200
2026-06-23T11:20:00,22,22.0006,22.3,22.2,Out,200
2026-06-23T11:30:00,22,22.0226,22.2,22.3,Out,200
2026-06-23T11:40:00,22.1,22.0789,22.3,22.3,Out,200
2026-06-23T11:50:00,22.1,22.1778,22.3,22.3,Out,200
2026-06-23T12:00:00,22.1,22.2136,22.2,22.2,Out,200
2026-06-23T12:10:00,22.2,22.2754,22.2,22.3,Out,200
2026-06-23T12:20:00,22.2,22.2342,22.4,22.5,Out,200
2026-06-23T12:30:00,22.3,22.2988,22.6,22.7,Out,200
2026-06-23T12:40:00,22.4,22.4239,22.6,22.6,Out,200
2026-06-23T12:50:00,22.6,22.6729,22.5,22.5,Out,200
2026-06-23T13:00:00,23,23.0062,22.5,22.6,Out,200
2026-06-23T13:10:00,23.1,23.0876,22.6,22.6,Out,200
2026-06-23T13:20:00,22.6,22.8326,22.7,22.9,Out,200
2026-06-23T13:30:00,22.2,22.2397,23.2,23.2,Out,200
2026-06-23T13:40:00,22.1,22.1187,23.3,23.4,Out,200
2026-06-23T13:50:00,22.1,22.105,23.3,23.4,Out,200
2026-06-23T14:00:00,22,22.0143,22.7,22.8,Out,200
2026-06-23T14:10:00,21.9,21.9443,22.4,22.5,Out,200
2026-06-23T14:20:00,22,21.9773,22.3,22.4,Out,200
2026-06-23T14:30:00,22,21.9883,22.4,22.4,Out,200
2026-06-23T14:40:00,21.9,21.969,22.1,22.2,Out,200
2026-06-23T14:50:00,21.9,21.9663,22.1,22.2,Out,200
2026-06-23T15:00:00,22,21.9731,22.1,22.2,Out,200
2026-06-23T15:10:00,22,21.9731,22.2,22.2,Out,200
2026-06-23T15:20:00,22,21.9745,22.2,22.3,Out,200
2026-06-23T15:30:00,22,21.9649,22.2,22.2,Out,200
2026-06-23T15:40:00,21.9,21.9539,22.2,22.2,Out,200
2026-06-23T15:50:00,21.9,21.9553,22.2,22.2,Out,200
2026-06-23T16:00:00,22,21.9855,22.2,22.2,Out,200
2026-06-23T16:10:00,22,22.0198,22.1,22.2,Out,200
2026-06-23T16:20:00,22,22.0212,22.2,22.2,Out,200
2026-06-23T16:30:00,22,22.0212,22.1,22.2,Out,200
2026-06-23T16:40:00,22,22.0102,22.2,22.3,Out,200
2026-06-23T16:50:00,22,21.9951,22.2,22.3,Out,200
2026-06-23T17:00:00,22,22.0171,22.2,22.3,Out,200
2026-06-23T17:10:00,22,22.0171,22.2,22.3,Out,200
2026-06-23T17:20:00,22,21.9965,22.2,22.3,Out,200
2026-06-23T17:30:00,22,21.98,22.2,22.2,Out,200
2026-06-23T17:40:00,21.9,21.9649,22.2,22.3,Out,200
2026-06-23T17:50:00,22,21.9745,22.3,22.3,Out,200
2026-06-23T18:00:00,21.9,21.958,22.2,22.3,Out,200
2026-06-23T18:10:00,21.9,21.9553,22.2,22.2,Out,200
2026-06-23T18:20:00,21.9,21.9553,22.2,22.2,Out,200
2026-06-23T18:30:00,21.9,21.9608,22.2,22.2,Out,200
2026-06-23T18:40:00,21.9,21.9594,22.1,22.2,Out,200
2026-06-23T18:50:00,21.9,21.9059,22.1,22.2,Out,200
2026-06-23T19:00:00,21.9,21.8592,22.1,22.2,Out,200
2026-06-23T19:10:00,21.9,21.8674,22.1,22.2,Out,200
2026-06-23T19:20:00,21.9,21.8853,22.2,22.2,Out,200
2026-06-23T19:30:00,21.9,21.8866,22.1,22.1,Out,200
2026-06-23T19:40:00,21.9,21.8921,22.1,22.1,Out,200
2026-06-23T19:50:00,21.9,21.899,22.1,22.1,Out,200
2026-06-23T20:00:00,21.9,21.9223,22.1,22.1,Out,200
2026-06-23T20:10:00,21.9,21.9306,22.1,22.2,Out,200
2026-06-23T20:20:00,21.9,21.9141,22.1,22.2,Out,200
2026-06-23T20:30:00,21.9,21.8798,22.1,22.2,Out,200
2026-06-23T20:40:00,21.9,21.8688,22.1,22.1,Out,200
2026-06-23T20:50:00,21.9,21.8688,22.1,22.2,Out,200
2026-06-23T21:00:00,21.8,21.8757,22.1,22.1,Out,200
2026-06-23T21:10:00,21.9,21.8825,22.1,22.2,Out,200
2026-06-23T21:20:00,21.9,21.8812,22.1,22.1,Out,200
2026-06-23T21:30:00,21.9,21.8798,22,22.1,Out,200
2026-06-23T21:40:00,21.9,21.877,22.1,22.2,Out,200
2026-06-23T21:50:00,21.9,21.877,22.1,22.2,Out,200
2026-06-23T22:00:00,21.8,21.8784,22.1,22.1,Out,200
2026-06-23T22:10:00,21.9,21.8825,22.1,22.1,Out,200
2026-06-23T22:20:00,21.9,21.8935,22.1,22.1,Out,200
2026-06-23T22:30:00,21.9,21.932,22.1,22.1,Out,200
2026-06-23T22:40:00,21.9,21.9608,22.1,22.2,Out,200
2026-06-23T22:50:00,21.9,21.9731,22.1,22.1,Out,200
2026-06-23T23:00:00,22,21.9855,22.1,22.2,Out,200
2026-06-23T23:10:00,22,22.0322,22.2,22.2,Out,200
2026-06-23T23:20:00,22,22.0542,22.2,22.3,Out,200
2026-06-23T23:30:00,22,22.0198,22.2,22.2,Out,200
2026-06-23T23:40:00,22,22.002,22.2,22.3,Out,200
2026-06-23T23:50:00,22,22.0157,22.3,22.4,Out,200
2026-06-24T00:00:00,22.2,22.1929,22.2,22.4,Out,200
2026-06-24T00:10:00,22.2,22.2465,22.2,22.3,Out,200
2026-06-24T00:20:00,22.2,22.2369,22.2,22.3,Out,200
2026-06-24T00:30:00,22.2,22.2259,22.3,22.3,Out,200
2026-06-24T00:40:00,22.3,22.2575,22.4,22.5,Out,200
2026-06-24T00:50:00,22.3,22.3318,22.5,22.6,Out,200
2026-06-24T01:00:00,22.4,22.4555,22.5,22.5,Out,200
2026-06-24T01:10:00,22.6,22.6124,22.5,22.5,Out,200
2026-06-24T01:20:00,22.8,22.8932,22.6,22.6,Out,200
2026-06-24T01:30:00,22.9,23.031,22.6,22.7,Out,200
2026-06-24T01:40:00,22.3,22.5326,22.7,22.8,Out,200
2026-06-24T01:50:00,22.2,22.2232,23,23.2,Out,200
2026-06-24T02:00:00,22.1,22.1215,23.2,23.3,Out,200
2026-06-24T02:10:00,22,22.0171,23.3,23.3,Out,200
2026-06-24T02:20:00,22,22.0047,22.6,22.8,Out,200
2026-06-24T02:30:00,22,21.9979,22.4,22.5,Out,200
2026-06-24T02:40:00,22,22.0006,22.3,22.3,Out,200
2026-06-24T02:50:00,22,21.9979,22.2,22.3,Out,200
2026-06-24T03:00:00,22,22.0075,22.2,22.2,Out,200
2026-06-24T03:10:00,22,22.013,22.2,22.3,Out,200
2026-06-24T03:20:00,22,22.0102,22.2,22.2,Out,200
2026-06-24T03:30:00,22,22.002,22.2,22.3,Out,200
2026-06-24T03:40:00,22,22.0006,22.2,22.3,Out,200
2026-06-24T03:50:00,21.9,21.9635,22.2,22.3,Out,200
2026-06-24T04:00:00,22,21.9525,22.2,22.3,Out,200
2026-06-24T04:10:00,21.9,21.9553,22.2,22.3,Out,200
2026-06-24T04:20:00,21.9,21.9525,22.2,22.2,Out,200
2026-06-24T04:30:00,21.9,21.9512,22.2,22.2,Out,200
2026-06-24T04:40:00,21.9,21.9471,22.2,22.2,Out,200
2026-06-24T04:50:00,21.9,21.9429,22.1,22.2,Out,200
2026-06-24T05:00:00,21.9,21.9292,22.1,22.3,Out,200
2026-06-24T05:10:00,21.9,21.9168,22.1,22.2,Out,200
2026-06-24T05:20:00,21.9,21.9196,22.1,22.3,Out,200
2026-06-24T05:30:00,21.9,21.9196,22.1,22.2,Out,200
2026-06-24T05:40:00,21.9,21.9196,22.1,22.2,Out,200
2026-06-24T05:50:00,21.9,21.9168,22.2,22.2,Out,200
2026-06-24T06:00:00,21.9,21.9196,22.1,22.2,Out,200
2026-06-24T06:10:00,21.9,21.9031,22.1,22.2,Out,200
2026-06-24T06:20:00,21.9,21.9031,22.2,22.2,Out,200
2026-06-24T06:30:00,21.9,21.899,22.1,22.2,Out,200
2026-06-24T06:40:00,21.9,21.9127,22.1,22.2,Out,200
2026-06-24T06:50:00,21.9,21.9196,22.1,22.2,Out,200
2026-06-24T07:00:00,21.9,21.9127,22.1,22.2,Out,200
2026-06-24T07:10:00,21.9,21.9168,22.2,22.1,Out,200
2026-06-24T07:20:00,21.9,21.9141,22.1,22.2,Out,200
2026-06-24T07:30:00,21.9,21.9196,22.2,22.2,Out,200
2026-06-24T07:40:00,21.9,21.9251,22.1,22.2,Out,200
2026-06-24T07:50:00,21.9,21.9237,22.1,22.2,Out,200
2026-06-24T08:00:00,21.9,21.921,22.1,22.2,Out,200
2026-06-24T08:10:00,21.9,21.9251,22.1,22.2,Out,200
2026-06-24T08:20:00,21.9,21.9292,22.1,22.2,Out,200
2026-06-24T08:30:00,21.9,21.9347,22.1,22.2,Out,200
2026-06-24T08:40:00,21.9,21.9443,22.2,22.2,Out,200
2026-06-24T08:50:00,21.9,21.9525,22.1,22.2,Out,200
2026-06-24T09:00:00,22,21.9869,22.1,22.2,Out,200
2026-06-24T09:10:00,21.9,21.91,22.1,22.2,Out,200
2026-06-24T09:20:00,21.9,21.8894,22.2,22.2,Out,200
2026-06-24T09:30:00,21.9,21.9127,22.2,22.3,Out,200
2026-06-24T09:40:00,21.9,21.8976,22.2,22.3,Out,200
2026-06-24T09:50:00,21.9,21.9223,22.1,22.1,Out,200
2026-06-24T10:00:00,22,21.9745,22.1,22.2,Out,200
2026-06-24T10:10:00,22.1,22.1064,22.1,22.2,Out,200
2026-06-24T10:20:00,22.1,22.1792,22.1,22.2,Out,200
2026-06-24T10:30:00,22.1,22.1737,22.2,22.2,Out,200
2026-06-24T10:40:00,22.2,22.1916,22.3,22.4,Out,200
2026-06-24T10:50:00,22.2,22.2218,22.4,22.5,Out,200
2026-06-24T11:00:00,22.2,22.252,22.4,22.5,Out,200
2026-06-24T11:10:00,22.2,22.2562,22.4,22.5,Out,200
2026-06-24T11:20:00,22.3,22.274,22.4,22.4,Out,200
2026-06-24T11:30:00,22.3,22.329,22.5,22.5,Out,200
2026-06-24T11:40:00,22.4,22.4156,22.5,22.6,Out,200
2026-06-24T11:50:00,22.4,22.4445,22.4,22.6,Out,200
2026-06-24T12:00:00,22.4,22.45,22.5,22.6,Out,200
2026-06-24T12:10:00,22.4,22.4514,22.6,22.7,Out,200
2026-06-24T12:20:00,22.4,22.4143,22.6,22.7,Out,200
2026-06-24T12:30:00,22.4,22.4211,22.6,22.7,Out,200
2026-06-24T12:40:00,22.4,22.406,22.7,22.8,Out,200
2026-06-24T12:50:00,22.4,22.4156,22.7,22.8,Out,200
2026-06-24T13:00:00,22.4,22.439,22.7,22.7,Out,200
2026-06-24T13:10:00,22.5,22.4927,22.7,22.7,Out,200
2026-06-24T13:20:00,22.5,22.5615,22.6,22.7,Out,200
2026-06-24T13:30:00,22.6,22.6468,22.6,22.7,Out,200
2026-06-24T13:40:00,22.2,22.3414,22.7,22.7,Out,200
2026-06-24T13:50:00,22.1,22.2094,22.7,22.8,Out,200
2026-06-24T14:00:00,22,22.083,22.8,22.9,Out,200
2026-06-24T14:10:00,21.9,21.9306,22.9,22.9,Out,200
2026-06-24T14:20:00,21.9,21.9347,22.6,22.7,Out,200
2026-06-24T14:30:00,21.9,21.9539,22.3,22.4,Out,200
2026-06-24T14:40:00,21.9,21.9484,22.3,22.4,Out,200
2026-06-24T14:50:00,22,21.9718,22.1,22.3,Out,200
2026-06-24T15:00:00,22,22.0047,22.2,22.3,Out,200
2026-06-24T15:10:00,22,22.0446,22.1,22.3,Out,200
2026-06-24T15:20:00,22,22.0487,22.2,22.3,Out,200
2026-06-24T15:30:00,22,22.0061,22.2,22.3,Out,200
2026-06-24T15:40:00,22,21.9841,22.2,22.3,Out,200
2026-06-24T15:50:00,22,21.9759,22.3,22.4,Out,200
2026-06-24T16:00:00,21.9,21.969,22.3,22.3,Out,200
2026-06-24T16:10:00,22,21.969,22.2,22.3,Out,200
2026-06-24T16:20:00,22,21.9704,22.2,22.3,Out,200
2026-06-24T16:30:00,22,21.9786,22.1,22.2,Out,200
2026-06-24T16:40:00,22,21.9924,22.2,22.2,Out,200
2026-06-24T16:50:00,22,21.9979,22.2,22.2,Out,200
2026-06-24T17:00:00,22,21.9677,22.2,22.2,Out,200
2026-06-24T17:10:00,21.9,21.9608,22.2,22.2,Out,200
2026-06-24T17:20:00,22,21.9896,22.3,22.3,Out,200
2026-06-24T17:30:00,22,22.002,22.2,22.3,Out,200
2026-06-24T17:40:00,22,22.0047,22.2,22.2,Out,200
2026-06-24T17:50:00,22,22.0157,22.2,22.2,Out,200
2026-06-24T18:00:00,22,21.9937,22.2,22.2,Out,200
2026-06-24T18:10:00,21.9,21.9608,22.3,22.3,Out,200
2026-06-24T18:20:00,21.9,21.9072,22.2,22.2,Out,200
2026-06-24T18:30:00,21.9,21.8894,22.2,22.3,Out,200
2026-06-24T18:40:00,21.9,21.8908,22.2,22.3,Out,200
2026-06-24T18:50:00,21.9,21.8949,22.2,22.2,Out,200
2026-06-24T19:00:00,21.9,21.8963,22.1,22.2,Out,200
2026-06-24T19:10:00,21.9,21.9086,22.1,22.2,Out,200
2026-06-24T19:20:00,21.9,21.9155,22.1,22.1,Out,200
2026-06-24T19:30:00,21.9,21.932,22.1,22.1,Out,200
2026-06-24T19:40:00,21.9,21.9333,22.1,22.1,Out,200
2026-06-24T19:50:00,21.9,21.9306,22.1,22.1,Out,200
2026-06-24T20:00:00,21.9,21.9265,22.1,22.2,Out,200
2026-06-24T20:10:00,21.9,21.9251,22.2,22.2,Out,200
2026-06-24T20:20:00,21.9,21.9251,22.2,22.2,Out,200
2026-06-24T20:30:00,21.9,21.9237,22.1,22.1,Out,200
2026-06-24T20:40:00,21.9,21.921,22.1,22.2,Out,200
2026-06-24T20:50:00,21.9,21.9127,22.1,22.2,Out,200
2026-06-24T21:00:00,21.9,21.9086,22.1,22.2,Out,200
2026-06-24T21:10:00,21.9,21.9072,22.1,22.2,Out,200
2026-06-24T21:20:00,21.9,21.91,22.1,22.2,Out,200
2026-06-24T21:30:00,21.9,21.9114,22.1,22.2,Out,200
2026-06-24T21:40:00,21.9,21.9127,22.1,22.2,Out,200
2026-06-24T21:50:00,21.9,21.9182,22.1,22.1,Out,200
2026-06-24T22:00:00,21.9,21.9251,22.1,22.2,Out,200
2026-06-24T22:10:00,21.9,21.9278,22.1,22.1,Out,200
2026-06-24T22:20:00,21.9,21.9347,22.1,22.2,Out,200
2026-06-24T22:30:00,21.9,21.9457,22.2,22.1,Out,200
2026-06-24T22:40:00,21.9,21.9677,22.1,22.2,Out,200
2026-06-24T22:50:00,22,22.013,22.1,22.2,Out,200
2026-06-24T23:00:00,22,22.0336,22.1,22.2,Out,200
2026-06-24T23:10:00,22,22.0404,22.1,22.2,Out,200
2026-06-24T23:20:00,22,22.0583,22.2,22.3,Out,200
2026-06-24T23:30:00,22,22.0418,22.3,22.3,Out,200
2026-06-24T23:40:00,22,22.0171,22.3,22.3,Out,200
2026-06-24T23:50:00,22,22.0102,22.3,22.3,Out,200
2026-06-25T00:00:00,22,22.0102,22.3,22.3,Out,200
2026-06-25T00:10:00,22,22.0226,22.2,22.3,Out,200
2026-06-25T00:20:00,22,22.0432,22.2,22.2,Out,200
2026-06-25T00:30:00,22,22.0624,22.2,22.2,Out,200
2026-06-25T00:40:00,22.1,22.0871,22.3,22.3,Out,200
2026-06-25T00:50:00,22.1,22.1146,22.3,22.3,Out,200
2026-06-25T01:00:00,22.1,22.1339,22.3,22.3,Out,200
2026-06-25T01:10:00,22.1,22.1462,22.3,22.4,Out,200
2026-06-25T01:20:00,22.1,22.1545,22.3,22.4,Out,200
2026-06-25T01:30:00,22.2,22.1613,22.4,22.4,Out,200
2026-06-25T01:40:00,22.2,22.1682,22.4,22.5,Out,200
2026-06-25T01:50:00,22.2,22.1916,22.4,22.4,Out,200
2026-06-25T02:00:00,22.2,22.2122,22.4,22.4,Out,200
2026-06-25T02:10:00,22.2,22.2273,22.4,22.4,Out,200
2026-06-25T02:20:00,22.2,22.2452,22.4,22.4,Out,200
2026-06-25T02:30:00,22.2,22.2603,22.4,22.5,Out,200
2026-06-25T02:40:00,22.3,22.3015,22.4,22.6,Out,200
2026-06-25T02:50:00,22.3,22.3276,22.5,22.5,Out,200
2026-06-25T03:00:00,22.3,22.3276,22.6,22.6,Out,200
2026-06-25T03:10:00,22.3,22.3125,22.4,22.6,Out,200
2026-06-25T03:20:00,22.1,22.1613,22.6,22.6,Out,200
2026-06-25T03:30:00,22.1,22.0913,22.5,22.6,Out,200
2026-06-25T03:40:00,22,22.0638,22.5,22.6,Out,200
2026-06-25T03:50:00,22.1,22.0542,22.5,22.5,Out,200
2026-06-25T04:00:00,22,22.0432,22.3,22.4,Out,200
2026-06-25T04:10:00,22,22.0391,22.2,22.3,Out,200
2026-06-25T04:20:00,22,22.0391,22.3,22.3,Out,200
2026-06-25T04:30:00,22,22.0363,22.3,22.3,Out,200
2026-06-25T04:40:00,22,22.0295,22.3,22.3,Out,200
2026-06-25T04:50:00,22,22.0226,22.3,22.3,Out,200
2026-06-25T05:00:00,22,22.0185,22.2,22.3,Out,200
2026-06-25T05:10:00,22,22.0047,22.3,22.3,Out,200
2026-06-25T05:20:00,22,22.0102,22.2,22.2,Out,200
2026-06-25T05:30:00,22,22.013,22.2,22.3,Out,200
2026-06-25T05:40:00,22,22.0089,22.2,22.3,Out,200
2026-06-25T05:50:00,22,21.9979,22.2,22.2,Out,200
2026-06-25T06:00:00,22,21.9773,22.2,22.3,Out,200
2026-06-25T06:10:00,21.9,21.9759,22.2,22.3,Out,200
2026-06-25T06:20:00,22,21.9759,22.3,22.3,Out,200
2026-06-25T06:30:00,22,21.9759,22.2,22.3,Out,200
2026-06-25T06:40:00,22,21.9773,22.2,22.2,Out,200
2026-06-25T06:50:00,22,21.98,22.2,22.2,Out,200
2026-06-25T07:00:00,22,21.9855,22.2,22.2,Out,200
2026-06-25T07:10:00,22,21.9828,22.2,22.2,Out,200
2026-06-25T07:20:00,22,21.9759,22.2,22.2,Out,200
2026-06-25T07:30:00,22,21.9608,22.2,22.3,Out,200
2026-06-25T07:40:00,22,21.9663,22.2,22.3,Out,200
2026-06-25T07:50:00,22,21.969,22.2,22.3,Out,200
2026-06-25T08:00:00,22,21.9704,22.2,22.2,Out,200
2026-06-25T08:10:00,22,21.9718,22.1,22.2,Out,200
2026-06-25T08:20:00,22,21.969,22.1,22.3,Out,200
2026-06-25T08:30:00,21.9,21.9649,22.2,22.2,Out,200
2026-06-25T08:40:00,21.9,21.9594,22.2,22.2,Out,200
2026-06-25T08:50:00,21.9,21.9567,22.2,22.2,Out,200
2026-06-25T09:00:00,21.9,21.9553,22.2,22.2,Out,200
2026-06-25T09:10:00,21.9,21.9539,22.2,22.2,Out,200
2026-06-25T09:20:00,22,21.9525,22.2,22.2,Out,200
2026-06-25T09:30:00,21.9,21.9539,22.1,22.2,Out,200
2026-06-25T09:40:00,21.9,21.958,22.2,22.2,Out,200
2026-06-25T09:50:00,22,21.958,22.1,22.2,Out,200
2026-06-25T10:00:00,22,21.9608,22.1,22.2,Out,200
2026-06-25T10:10:00,22,21.9649,22.1,22.2,Out,200
2026-06-25T10:20:00,22,21.9979,22.1,22.2,Out,200
2026-06-25T10:30:00,22,22.0089,22.1,22.2,Out,200
2026-06-25T10:40:00,22,22.0171,22.2,22.2,Out,200
2026-06-25T10:50:00,22,22.0267,22.2,22.3,Out,200
2026-06-25T11:00:00,22,22.0487,22.2,22.2,Out,200
2026-06-25T11:10:00,22.1,22.1256,22.2,22.3,Out,200
2026-06-25T11:20:00,22.1,22.1036,22.3,22.3,Out,200
2026-06-25T11:30:00,22.1,22.0995,22.2,22.4,Out,200
2026-06-25T11:40:00,22.1,22.1174,22.3,22.4,Out,200
2026-06-25T11:50:00,22.1,22.1394,22.3,22.4,Out,200
2026-06-25T12:00:00,22.2,22.2026,22.3,22.4,Out,200
2026-06-25T12:10:00,22.2,22.2314,22.3,22.4,Out,200
2026-06-25T12:20:00,22.3,22.3056,22.4,22.4,Out,200
2026-06-25T12:30:00,22.4,22.3703,22.4,22.5,Out,200
2026-06-25T12:40:00,22.4,22.4198,22.4,22.5,Out,200
2026-06-25T12:50:00,22.4,22.4624,22.5,22.6,Out,200
2026-06-25T13:00:00,22.4,22.4707,22.6,22.6,Out,200
2026-06-25T13:10:00,22.4,22.4899,22.6,22.7,Out,200
2026-06-25T13:20:00,22.5,22.5133,22.7,22.7,Out,200
2026-06-25T13:30:00,22.5,22.5367,22.7,22.9,Out,200
2026-06-25T13:40:00,22.5,22.5587,22.7,22.8,Out,200
2026-06-25T13:50:00,22.5,22.5408,22.8,22.9,Out,200
2026-06-25T14:00:00,22.4,22.3991,22.8,22.9,Out,200
2026-06-25T14:10:00,22.3,22.3345,22.8,22.8,Out,200
2026-06-25T14:20:00,22.2,22.2369,22.8,22.8,Out,200
2026-06-25T14:30:00,22.2,22.1723,22.7,22.7,Out,200
2026-06-25T14:40:00,22.1,22.1531,22.7,22.7,Out,200
2026-06-25T14:50:00,22.1,22.1435,22.5,22.6,Out,200
2026-06-25T15:00:00,22.1,22.1394,22.4,22.5,Out,200
2026-06-25T15:10:00,22,22.0212,22.4,22.4,Out,200
2026-06-25T15:20:00,22,22.0116,22.3,22.4,Out,200
2026-06-25T15:30:00,22,22.002,22.3,22.4,Out,200
2026-06-25T15:40:00,22,22.0185,22.4,22.4,Out,200
2026-06-25T15:50:00,22,22.0459,22.3,22.3,Out,200
2026-06-25T16:00:00,22,22.0583,22.2,22.3,Out,200
2026-06-25T16:10:00,22.1,22.072,22.2,22.2,Out,200
2026-06-25T16:20:00,22.1,22.105,22.2,22.3,Out,200
2026-06-25T16:30:00,22.1,22.1668,22.2,22.3,Out,200
2026-06-25T16:40:00,22,22.0858,22.3,22.3,Out,200
2026-06-25T16:50:00,22,22.1023,22.3,22.4,Out,200
2026-06-25T17:00:00,22,22.0487,22.3,22.4,Out,200
2026-06-25T17:10:00,22,22.0157,22.5,22.4,Out,200
2026-06-25T17:20:00,22,21.9979,22.4,22.4,Out,200
2026-06-25T17:30:00,22,21.9896,22.4,22.5,Out,200
2026-06-25T17:40:00,22,21.9855,22.2,22.3,Out,200
2026-06-25T17:50:00,22,21.9883,22.2,22.3,Out,200
2026-06-25T18:00:00,22,21.9965,22.2,22.2,Out,200
2026-06-25T18:10:00,22,22.0006,22.2,22.2,Out,200
2026-06-25T18:20:00,22,22.0061,22.2,22.3,Out,200
2026-06-25T18:30:00,22,22.0034,22.2,22.2,Out,200
2026-06-25T18:40:00,22,22.0061,22.2,22.3,Out,200
2026-06-25T18:50:00,22,21.991,22.2,22.2,Out,200
2026-06-25T19:00:00,21.9,21.9484,22.2,22.2,Out,200
2026-06-25T19:10:00,21.9,21.9498,22.2,22.2,Out,200
2026-06-25T19:20:00,21.9,21.9484,22.2,22.2,Out,200
2026-06-25T19:30:00,21.9,21.9457,22.1,22.2,Out,200
2026-06-25T19:40:00,21.9,21.9402,22.2,22.2,Out,200
2026-06-25T19:50:00,21.9,21.9333,22.2,22.2,Out,200
2026-06-25T20:00:00,21.9,21.9347,22.2,22.2,Out,200
2026-06-25T20:10:00,21.9,21.9361,22.2,22.2,Out,200
2026-06-25T20:20:00,21.9,21.9388,22.1,22.1,Out,200
2026-06-25T20:30:00,21.9,21.9471,22.2,22.1,Out,200
2026-06-25T20:40:00,22,21.969,22.1,22.2,Out,200
2026-06-25T20:50:00,21.9,21.9704,22.1,22.2,Out,200
2026-06-25T21:00:00,22,21.9745,22.1,22.2,Out,200
2026-06-25T21:10:00,22,21.9883,22.1,22.2,Out,200
2026-06-25T21:20:00,22,22.0047,22.2,22.2,Out,200
2026-06-25T21:30:00,22,22.0308,22.2,22.2,Out,200
2026-06-25T21:40:00,22,22.0514,22.2,22.3,Out,200
2026-06-25T21:50:00,22,22.0665,22.2,22.2,Out,200
2026-06-25T22:00:00,22,22.0638,22.3,22.2,Out,200
2026-06-25T22:10:00,22,22.0707,22.2,22.3,Out,200
2026-06-25T22:20:00,22.1,22.0679,22.3,22.3,Out,200
2026-06-25T22:30:00,22,22.0597,22.2,22.3,Out,200
2026-06-25T22:40:00,22,22.0047,22.2,22.4,Out,200
2026-06-25T22:50:00,22,22.0006,22.3,22.3,Out,200
2026-06-25T23:00:00,22,22.0075,22.2,22.4,Out,200
2026-06-25T23:10:00,22,22.0075,22.2,22.4,Out,200
2026-06-25T23:20:00,22,22.0226,22.3,22.3,Out,200
2026-06-25T23:30:00,22,22.0281,22.2,22.3,Out,200
2026-06-25T23:40:00,22,22.0638,22.3,22.3,Out,200
2026-06-25T23:50:00,22.1,22.0762,22.2,22.3,Out,200
2026-06-26T00:00:00,22.1,22.0858,22.2,22.3,Out,200
2026-06-26T00:10:00,22.1,22.0995,22.3,22.3,Out,200
2026-06-26T00:20:00,22.1,22.1064,22.3,22.3,Out,200
2026-06-26T00:30:00,22.1,22.116,22.3,22.4,Out,200
2026-06-26T00:40:00,22.1,22.1503,22.3,22.4,Out,200
2026-06-26T00:50:00,22.1,22.1751,22.4,22.4,Out,200
2026-06-26T01:00:00,22.2,22.1984,22.4,22.5,Out,200
2026-06-26T01:10:00,22.2,22.2191,22.4,22.5,Out,200
2026-06-26T01:20:00,22.2,22.2108,22.4,22.4,Out,200
2026-06-26T01:30:00,22.2,22.2081,22.4,22.5,Out,200
2026-06-26T01:40:00,22.2,22.2149,22.4,22.5,Out,200
2026-06-26T01:50:00,22.2,22.263,22.4,22.5,Out,200
2026-06-26T02:00:00,22.3,22.3538,22.5,22.5,Out,200
2026-06-26T02:10:00,22.4,22.4156,22.4,22.5,Out,200
2026-06-26T02:20:00,22.4,22.45,22.4,22.5,Out,200
2026-06-26T02:30:00,22.4,22.4597,22.5,22.6,Out,200
2026-06-26T02:40:00,22.3,22.384,22.5,22.7,Out,200
2026-06-26T02:50:00,22.2,22.2067,22.6,22.8,Out,200
2026-06-26T03:00:00,22.1,22.1545,22.7,22.8,Out,200
2026-06-26T03:10:00,22,22.0116,22.7,22.7,Out,200
2026-06-26T03:20:00,21.9,21.9594,22.6,22.6,Out,200
2026-06-26T03:30:00,21.9,21.9525,22.4,22.5,Out,200
2026-06-26T03:40:00,22,21.9622,22.4,22.4,Out,200
2026-06-26T03:50:00,22,21.9773,22.2,22.3,Out,200
2026-06-26T04:00:00,22,21.9965,22.2,22.3,Out,200
2026-06-26T04:10:00,22,22.0089,22.1,22.3,Out,200
2026-06-26T04:20:00,22,22.0267,22.2,22.2,Out,200
2026-06-26T04:30:00,22,22.0212,22.2,22.2,Out,200
2026-06-26T04:40:00,22,21.9979,22.2,22.2,Out,200
2026-06-26T04:50:00,22,22.0171,22.3,22.3,Out,200
2026-06-26T05:00:00,22,22.002,22.2,22.3,Out,200
2026-06-26T05:10:00,22,22.0006,22.2,22.3,Out,200
2026-06-26T05:20:00,22,21.9965,22.2,22.2,Out,200
2026-06-26T05:30:00,22,21.9937,22.2,22.3,Out,200
2026-06-26T05:40:00,22,21.9951,22.2,22.3,Out,200
2026-06-26T05:50:00,22,22.0006,22.2,22.2,Out,200
2026-06-26T06:00:00,22,22.002,22.2,22.3,Out,200
2026-06-26T06:10:00,22,22.0102,22.2,22.3,Out,200
2026-06-26T06:20:00,22,22.0171,22.2,22.3,Out,200
2026-06-26T06:30:00,22,22.0171,22.2,22.2,Out,200
2026-06-26T06:40:00,22,22.0143,22.2,22.2,Out,200
2026-06-26T06:50:00,22,22.0377,22.2,22.2,Out,200
2026-06-26T07:00:00,22,22.0514,22.2,22.3,Out,200
2026-06-26T07:10:00,22,22.0473,22.2,22.3,Out,200
2026-06-26T07:20:00,22,21.9937,22.2,22.2,Out,200
2026-06-26T07:30:00,21.9,21.9677,22.3,22.3,Out,200
2026-06-26T07:40:00,22,21.9677,22.3,22.3,Out,200
2026-06-26T07:50:00,21.9,21.9361,22.3,22.3,Out,200
2026-06-26T08:00:00,21.9,21.9374,22.1,22.3,Out,200
2026-06-26T08:10:00,21.9,21.9402,22.1,22.2,Out,200
2026-06-26T08:20:00,21.9,21.9347,22.1,22.2,Out,200
2026-06-26T08:30:00,21.9,21.9374,22.1,22.2,Out,200
2026-06-26T08:40:00,21.9,21.9388,22.1,22.2,Out,200
2026-06-26T08:50:00,21.9,21.9374,22.1,22.2,Out,200
2026-06-26T09:00:00,21.9,21.9429,22.1,22.2,Out,200
2026-06-26T09:10:00,21.9,21.9374,22.1,22.2,Out,200
2026-06-26T09:20:00,21.9,21.9333,22.1,22.2,Out,200
2026-06-26T09:30:00,21.9,21.9374,22.1,22.2,Out,200
2026-06-26T09:40:00,22,21.9525,22.1,22.1,Out,200
2026-06-26T09:50:00,21.9,21.9567,22.1,22.2,Out,200
2026-06-26T10:00:00,22,21.9622,22.1,22.2,Out,200
2026-06-26T10:10:00,21.9,21.9649,22.2,22.2,Out,200
2026-06-26T10:20:00,21.9,21.9677,22.2,22.2,Out,200
2026-06-26T10:30:00,22,21.9745,22.2,22.2,Out,200
2026-06-26T10:40:00,21.9,21.9786,22.2,22.2,Out,200
2026-06-26T10:50:00,22,21.98,22.1,22.2,Out,200
2026-06-26T11:00:00,22,21.9937,22.2,22.3,Out,200
2026-06-26T11:10:00,22,22.0034,22.2,22.3,Out,200
2026-06-26T11:20:00,22,22.013,22.2,22.3,Out,200
2026-06-26T11:30:00,22,22.0336,22.2,22.3,Out,200
2026-06-26T11:40:00,22,22.0514,22.2,22.3,Out,200
2026-06-26T11:50:00,22,22.0404,22.3,22.3,Out,200
2026-06-26T12:00:00,22,22.0377,22.3,22.3,Out,200
2026-06-26T12:10:00,22,22.0418,22.2,22.3,Out,200
2026-06-26T12:20:00,22,22.0748,22.2,22.3,Out,200
2026-06-26T12:30:00,22,22.0899,22.2,22.3,Out,200
2026-06-26T12:40:00,22.1,22.1311,22.2,22.3,Out,200
2026-06-26T12:50:00,22.1,22.1751,22.3,22.4,Out,200
2026-06-26T13:00:00,22.2,22.1943,22.3,22.4,Out,200
2026-06-26T13:10:00,22.2,22.2136,22.3,22.3,Out,200
2026-06-26T13:20:00,22.2,22.2232,22.4,22.5,Out,200
2026-06-26T13:30:00,22.2,22.2246,22.4,22.4,Out,200
2026-06-26T13:40:00,22.2,22.2232,22.4,22.5,Out,200
2026-06-26T13:50:00,22.2,22.1902,22.4,22.5,Out,200
2026-06-26T14:00:00,22.1,22.1352,22.4,22.5,Out,200
2026-06-26T14:10:00,22.1,22.1723,22.4,22.5,Out,200
2026-06-26T14:20:00,22.2,22.2204,22.5,22.5,Out,200
2026-06-26T14:30:00,22.2,22.2548,22.4,22.5,Out,200
2026-06-26T14:40:00,22.3,22.3056,22.4,22.5,Out,200
2026-06-26T14:50:00,22.3,22.3221,22.5,22.5,Out,200
2026-06-26T15:00:00,22.3,22.3276,22.5,22.6,Out,200
2026-06-26T15:10:00,22.3,22.3249,22.5,22.6,Out,200
2026-06-26T15:20:00,22.3,22.3098,22.6,22.6,Out,200
2026-06-26T15:30:00,22.2,22.2768,22.5,22.6,Out,200
2026-06-26T15:40:00,22.2,22.2314,22.5,22.6,Out,200
2026-06-26T15:50:00,22.1,22.1256,22.6,22.6,Out,200
2026-06-26T16:00:00,22,22.072,22.5,22.6,Out,200
2026-06-26T16:10:00,22,22.0432,22.5,22.5,Out,200
2026-06-26T16:20:00,22,22.0638,22.5,22.5,Out,200
2026-06-26T16:30:00,22,22.061,22.3,22.5,Out,200
2026-06-26T16:40:00,22,22.0624,22.3,22.3,Out,200
2026-06-26T16:50:00,22,22.0501,22.2,22.4,Out,200
2026-06-26T17:00:00,22,22.0143,22.3,22.4,Out,200
2026-06-26T17:10:00,21.9,21.9759,22.3,22.4,Out,200
2026-06-26T17:20:00,21.9,21.9841,22.3,22.3,Out,200
2026-06-26T17:30:00,22,21.9869,22.2,22.3,Out,200
2026-06-26T17:40:00,22,21.9937,22.2,22.3,Out,200
2026-06-26T17:50:00,22,22.0061,22.2,22.3,Out,200
2026-06-26T18:00:00,22,22.0047,22.2,22.2,Out,200
2026-06-26T18:10:00,22,21.9979,22.2,22.3,Out,200
2026-06-26T18:20:00,22,21.9951,22.2,22.3,Out,200
2026-06-26T18:30:00,22,21.991,22.2,22.2,Out,200
2026-06-26T18:40:00,22,21.9992,22.2,22.2,Out,200
2026-06-26T18:50:00,22,21.9951,22.1,22.2,Out,200
2026-06-26T19:00:00,22,21.98,22.2,22.3,Out,200
2026-06-26T19:10:00,21.9,21.9498,22.2,22.3,Out,200
2026-06-26T19:20:00,21.9,21.9306,22.2,22.3,Out,200
2026-06-26T19:30:00,21.9,21.9292,22.2,22.2,Out,200
2026-06-26T19:40:00,21.9,21.9484,22.2,22.3,Out,200
2026-06-26T19:50:00,21.9,21.969,22.1,22.2,Out,200
2026-06-26T20:00:00,22,21.9759,22.1,22.2,Out,200
2026-06-26T20:10:00,22,21.9786,22.1,22.2,Out,200
2026-06-26T20:20:00,22,21.9677,22.2,22.2,Out,200
2026-06-26T20:30:00,22,21.9704,22.2,22.2,Out,200
2026-06-26T20:40:00,22,21.9704,22.2,22.2,Out,200
2026-06-26T20:50:00,21.9,21.9635,22.1,22.3,Out,200
2026-06-26T21:00:00,21.9,21.958,22.2,22.2,Out,200
2026-06-26T21:10:00,21.9,21.9594,22.2,22.2,Out,200
2026-06-26T21:20:00,22,21.9663,22.1,22.3,Out,200
2026-06-26T21:30:00,22,21.9731,22.1,22.2,Out,200
2026-06-26T21:40:00,22,21.9773,22.1,22.2,Out,200
2026-06-26T21:50:00,22,21.9828,22.2,22.2,Out,200
2026-06-26T22:00:00,22,21.9992,22.2,22.3,Out,200
2026-06-26T22:10:00,22,22.002,22.2,22.2,Out,200
2026-06-26T22:20:00,22,22.0061,22.2,22.2,Out,200
2026-06-26T22:30:00,22,22.0061,22.2,22.2,Out,200
2026-06-26T22:40:00,22,22.0075,22.2,22.3,Out,200
2026-06-26T22:50:00,22,22.0075,22.2,22.2,Out,200
2026-06-26T23:00:00,22,21.9992,22.2,22.2,Out,200
2026-06-26T23:10:00,22,21.9883,22.2,22.3,Out,200
2026-06-26T23:20:00,22,21.991,22.1,22.3,Out,200
2026-06-26T23:30:00,22,21.9896,22.2,22.3,Out,200
2026-06-26T23:40:00,22,21.9869,22.2,22.2,Out,200
2026-06-26T23:50:00,22,21.9883,22.2,22.3,Out,200
2026-06-27T00:00:00,22,21.9896,22.2,22.3,Out,200
2026-06-27T00:10:00,22,21.9896,22.1,22.3,Out,200
2026-06-27T00:20:00,22,21.9896,22.2,22.3,Out,200
2026-06-27T00:30:00,22,21.9883,22.3,22.2,Out,200
2026-06-27T00:40:00,22,21.9869,22.3,22.2,Out,200
2026-06-27T00:50:00,22,21.9759,22.2,22.2,Out,200
2026-06-27T01:00:00,22,21.969,22.1,22.3,Out,200
2026-06-27T01:10:00,21.9,21.9429,22.2,22.2,Out,200
2026-06-27T01:20:00,21.9,21.9278,22.2,22.3,Out,200
2026-06-27T01:30:00,21.9,21.9182,22.2,22.2,Out,200
2026-06-27T01:40:00,21.9,21.9168,22.2,22.2,Out,200
2026-06-27T01:50:00,21.9,21.9292,22.1,22.2,Out,200
2026-06-27T02:00:00,21.9,21.9374,22.1,22.2,Out,200
2026-06-27T02:10:00,21.9,21.9416,22.1,22.2,Out,200
2026-06-27T02:20:00,21.9,21.9498,22.1,22.2,Out,200
2026-06-27T02:30:00,21.9,21.9608,22.1,22.2,Out,200
2026-06-27T02:40:00,21.9,21.969,22.1,22.2,Out,200
2026-06-27T02:50:00,22,21.9786,22.1,22.2,Out,200
2026-06-27T03:00:00,22,22.0253,22.1,22.2,Out,200
2026-06-27T03:10:00,22,22.0597,22.1,22.3,Out,200
2026-06-27T03:20:00,22.1,22.0789,22.1,22.2,Out,200
2026-06-27T03:30:00,22.1,22.0885,22.3,22.2,Out,200
2026-06-27T03:40:00,22.1,22.1078,22.3,22.3,Out,200
2026-06-27T03:50:00,22.1,22.1297,22.3,22.3,Out,200
2026-06-27T04:00:00,22.1,22.1132,22.3,22.4,Out,200
2026-06-27T04:10:00,22.1,22.1091,22.3,22.4,Out,200
2026-06-27T04:20:00,22,22.0913,22.3,22.4,Out,200
2026-06-27T04:30:00,22,22.0501,22.3,22.4,Out,200
2026-06-27T04:40:00,22,22.0267,22.3,22.4,Out,200
2026-06-27T04:50:00,22,22.0157,22.3,22.4,Out,200
2026-06-27T05:00:00,22,22.0089,22.3,22.4,Out,200
2026-06-27T05:10:00,22,22.0047,22.3,22.4,Out,200
2026-06-27T05:20:00,22,22.002,22.3,22.3,Out,200
2026-06-27T05:30:00,22,21.9951,22.2,22.2,Out,200
2026-06-27T05:40:00,22,21.9814,22.2,22.3,Out,200
2026-06-27T05:50:00,22,21.9704,22.2,22.3,Out,200
2026-06-27T06:00:00,21.9,21.9635,22.2,22.3,Out,200
2026-06-27T06:10:00,21.9,21.9498,22.2,22.2,Out,200
2026-06-27T06:20:00,22,21.9553,22.1,22.2,Out,200
2026-06-27T06:30:00,22,21.9594,22.2,22.2,Out,200
2026-06-27T06:40:00,22,21.9594,22.2,22.2,Out,200
2026-06-27T06:50:00,22,21.9635,22.2,22.2,Out,200
2026-06-27T07:00:00,21.9,21.9429,22.1,22.2,Out,200
2026-06-27T07:10:00,21.9,21.9429,22.2,22.2,Out,200
2026-06-27T07:20:00,21.9,21.9567,22.1,22.3,Out,200
2026-06-27T07:30:00,21.9,21.9594,22.2,22.2,Out,200
2026-06-27T07:40:00,21.9,21.9553,22.1,22.2,Out,200
2026-06-27T07:50:00,22,21.9635,22.2,22.2,Out,200
2026-06-27T08:00:00,21.9,21.9677,22.1,22.2,Out,200
2026-06-27T08:10:00,22,21.9718,22.2,22.2,Out,200
2026-06-27T08:20:00,22,21.98,22.1,22.2,Out,200
2026-06-27T08:30:00,22,21.9883,22.2,22.2,Out,200
2026-06-27T08:40:00,22,22.0061,22.2,22.2,Out,200
2026-06-27T08:50:00,22,22.0102,22.2,22.3,Out,200
2026-06-27T09:00:00,22,22.0116,22.2,22.3,Out,200
2026-06-27T09:10:00,22,22.0075,22.2,22.3,Out,200
2026-06-27T09:20:00,21.9,21.9223,22.2,22.2,Out,200
2026-06-27T09:30:00,21.8,21.8509,22.3,22.2,Out,200
2026-06-27T09:40:00,21.8,21.8606,22.2,22.2,Out,200
2026-06-27T09:50:00,21.9,21.8702,22.2,22.2,Out,200
2026-06-27T10:00:00,21.9,21.8743,22.1,22.1,Out,200
2026-06-27T10:10:00,21.9,21.8825,22.1,22.1,Out,200
2026-06-27T10:20:00,21.9,21.8866,22.1,22.2,Out,200
2026-06-27T10:30:00,21.9,21.8894,22.1,22.2,Out,200
2026-06-27T10:40:00,21.9,21.8949,22.1,22.1,Out,200
2026-06-27T10:50:00,21.9,21.899,22.1,22.1,Out,200
2026-06-27T11:00:00,21.9,21.9045,22.1,22.1,Out,200
2026-06-27T11:10:00,21.9,21.9059,22.1,22.1,Out,200
2026-06-27T11:20:00,21.9,21.9114,22.1,22.2,Out,200
2026-06-27T11:30:00,21.9,21.9168,22.1,22.1,Out,200
2026-06-27T11:40:00,21.9,21.9251,22.1,22.2,Out,200
2026-06-27T11:50:00,21.9,21.932,22.1,22.2,Out,200
2026-06-27T12:00:00,21.9,21.9402,22.1,22.2,Out,200
2026-06-27T12:10:00,21.9,21.9484,22.1,22.2,Out,200
2026-06-27T12:20:00,21.9,21.9553,22.1,22.2,Out,200
2026-06-27T12:30:00,22,21.9649,22.2,22.2,Out,200
2026-06-27T12:40:00,22,21.9731,22.1,22.2,Out,200
2026-06-27T12:50:00,21.9,21.98,22.2,22.2,Out,200
2026-06-27T13:00:00,22,21.9841,22.1,22.2,Out,200
2026-06-27T13:10:00,22,21.9896,22.2,22.2,Out,200
2026-06-27T13:20:00,22,21.9924,22.2,22.2,Out,200
2026-06-27T13:30:00,22,21.9951,22.2,22.3,Out,200
2026-06-27T13:40:00,22,21.9979,22.2,22.2,Out,200
2026-06-27T13:50:00,22,21.9992,22.1,22.2,Out,200
2026-06-27T14:00:00,22,22.0075,22.2,22.2,Out,200
2026-06-27T14:10:00,22,22.0185,22.2,22.3,Out,200
2026-06-27T14:20:00,22,22.0295,22.2,22.3,Out,200
2026-06-27T14:30:00,22,22.0363,22.2,22.3,Out,200
2026-06-27T14:40:00,22,22.0336,22.2,22.3,Out,200
2026-06-27T14:50:00,22,22.0404,22.2,22.3,Out,200
2026-06-27T15:00:00,22,22.0542,22.3,22.3,Out,200
2026-06-27T15:10:00,22,22.0748,22.2,22.3,Out,200
2026-06-27T15:20:00,22.1,22.1105,22.3,22.3,Out,200
2026-06-27T15:30:00,22.1,22.1517,22.2,22.3,Out,200
2026-06-27T15:40:00,22.2,22.1902,22.3,22.4,Out,200
2026-06-27T15:50:00,22.2,22.2067,22.3,22.4,Out,200
2026-06-27T16:00:00,22.2,22.2163,22.4,22.4,Out,200
2026-06-27T16:10:00,22.2,22.2218,22.4,22.5,Out,200
2026-06-27T16:20:00,22.2,22.2548,22.4,22.5,Out,200
2026-06-27T16:30:00,22.2,22.2658,22.4,22.5,Out,200
2026-06-27T16:40:00,22.3,22.2809,22.4,22.5,Out,200
2026-06-27T16:50:00,22.2,22.252,22.4,22.5,Out,200
2026-06-27T17:00:00,22.1,22.1407,22.5,22.6,Out,200
2026-06-27T17:10:00,22.1,22.0665,22.5,22.5,Out,200
2026-06-27T17:20:00,22,22.0473,22.5,22.5,Out,200
2026-06-27T17:30:00,22,22.0418,22.5,22.5,Out,200
2026-06-27T17:40:00,22,22.0404,22.3,22.4,Out,200
2026-06-27T17:50:00,22,22.0542,22.3,22.4,Out,200
2026-06-27T18:00:00,22.1,22.0762,22.2,22.3,Out,200
2026-06-27T18:10:00,22.1,22.0817,22.3,22.4,Out,200
2026-06-27T18:20:00,22.1,22.0762,22.3,22.3,Out,200
2026-06-27T18:30:00,22,22.061,22.3,22.4,Out,200
2026-06-27T18:40:00,22,22.0556,22.3,22.3,Out,200
2026-06-27T18:50:00,22,22.0473,22.3,22.4,Out,200
2026-06-27T19:00:00,22,22.0404,22.3,22.4,Out,200
2026-06-27T19:10:00,22,22.002,22.3,22.3,Out,200
2026-06-27T19:20:00,22,21.9951,22.3,22.3,Out,200
2026-06-27T19:30:00,22,21.9937,22.3,22.3,Out,200
2026-06-27T19:40:00,22,21.9937,22.2,22.3,Out,200
2026-06-27T19:50:00,22,21.9896,22.2,22.2,Out,200
2026-06-27T20:00:00,22,21.9883,22.3,22.2,Out,200
2026-06-27T20:10:00,22,21.9841,22.2,22.2,Out,200
2026-06-27T20:20:00,22,21.9896,22.2,22.3,Out,200
2026-06-27T20:30:00,22,22.0034,22.2,22.2,Out,200
2026-06-27T20:40:00,22,22.0143,22.2,22.2,Out,200
2026-06-27T20:50:00,22,21.9965,22.2,22.3,Out,200
2026-06-27T21:00:00,22,21.98,22.2,22.3,Out,200
2026-06-27T21:10:00,22,21.9635,22.2,22.2,Out,200
2026-06-27T21:20:00,21.9,21.9278,22.3,22.3,Out,200
2026-06-27T21:30:00,21.9,21.8963,22.2,22.3,Out,200
2026-06-27T21:40:00,21.9,21.8949,22.2,22.3,Out,200
2026-06-27T21:50:00,21.9,21.9017,22.2,22.2,Out,200
2026-06-27T22:00:00,21.9,21.91,22.1,22.1,Out,200
2026-06-27T22:10:00,21.9,21.921,22.2,22.2,Out,200
2026-06-27T22:20:00,21.9,21.9292,22.1,22.2,Out,200
2026-06-27T22:30:00,21.9,21.9512,22.1,22.1,Out,200
2026-06-27T22:40:00,22,21.9594,22.1,22.2,Out,200
2026-06-27T22:50:00,22,21.969,22.2,22.2,Out,200
2026-06-27T23:00:00,22,21.9731,22.1,22.2,Out,200
2026-06-27T23:10:00,22,21.969,22.1,22.2,Out,200
2026-06-27T23:20:00,22,21.9622,22.2,22.2,Out,200
2026-06-27T23:30:00,21.9,21.9649,22.2,22.2,Out,200
2026-06-27T23:40:00,22,21.969,22.2,22.2,Out,200
2026-06-27T23:50:00,22,21.9704,22.1,22.2,Out,200
2026-06-28T00:00:00,22,21.9704,22.1,22.2,Out,200
2026-06-28T00:10:00,21.9,21.969,22.2,22.2,Out,200
2026-06-28T00:20:00,21.9,21.9649,22.2,22.2,Out,200
2026-06-28T00:30:00,22,21.9649,22.2,22.2,Out,200
2026-06-28T00:40:00,22,21.9649,22.1,22.2,Out,200
2026-06-28T00:50:00,21.9,21.9649,22.2,22.2,Out,200
2026-06-28T01:00:00,22,21.9635,22.1,22.2,Out,200
2026-06-28T01:10:00,22,21.9635,22.1,22.2,Out,200
2026-06-28T01:20:00,21.9,21.9429,22.2,22.2,Out,200
2026-06-28T01:30:00,21.9,21.9443,22.1,22.2,Out,200
2026-06-28T01:40:00,21.9,21.9567,22.1,22.2,Out,200
2026-06-28T01:50:00,21.9,21.9663,22.2,22.2,Out,200
2026-06-28T02:00:00,21.9,21.9731,22.1,22.1,Out,200
2026-06-28T02:10:00,22,21.9745,22.2,22.2,Out,200
2026-06-28T02:20:00,22,21.9869,22.1,22.2,Out,200
2026-06-28T02:30:00,22,22.0006,22.2,22.2,Out,200
2026-06-28T02:40:00,22,22.0253,22.2,22.2,Out,200
2026-06-28T02:50:00,22,22.0281,22.2,22.2,Out,200
2026-06-28T03:00:00,22,22.0336,22.2,22.3,Out,200
2026-06-28T03:10:00,22.1,22.1503,22.2,22.3,Out,200
2026-06-28T03:20:00,22.2,22.2026,22.2,22.3,Out,200
2026-06-28T03:30:00,22.2,22.2081,22.3,22.4,Out,200
2026-06-28T03:40:00,22.2,22.2191,22.3,22.4,Out,200
2026-06-28T03:50:00,22.2,22.252,22.4,22.5,Out,200
2026-06-28T04:00:00,22.4,22.4074,22.4,22.5,Out,200
2026-06-28T04:10:00,22.5,22.5064,22.5,22.4,Out,200
2026-06-28T04:20:00,22.5,22.5326,22.5,22.5,Out,200
2026-06-28T04:30:00,22.4,22.4858,22.6,22.6,Out,200
2026-06-28T04:40:00,22.4,22.3964,22.7,22.8,Out,200
2026-06-28T04:50:00,22.3,22.3263,22.7,22.8,Out,200
2026-06-28T05:00:00,22.2,22.1929,22.8,22.8,Out,200
2026-06-28T05:10:00,22.1,22.1394,22.6,22.8,Out,200
2026-06-28T05:20:00,22.1,22.1284,22.6,22.7,Out,200
2026-06-28T05:30:00,22,22.0171,22.6,22.5,Out,200
2026-06-28T05:40:00,22,22.0102,22.3,22.5,Out,200
2026-06-28T05:50:00,22,22.0116,22.4,22.4,Out,200
2026-06-28T06:00:00,22,21.98,22.3,22.4,Out,200
2026-06-28T06:10:00,22,21.9773,22.2,22.3,Out,200
2026-06-28T06:20:00,21.9,21.9608,22.2,22.3,Out,200
2026-06-28T06:30:00,21.9,21.9429,22.3,22.2,Out,200
2026-06-28T06:40:00,21.9,21.9416,22.2,22.3,Out,200
2026-06-28T06:50:00,21.9,21.9374,22.2,22.2,Out,200
2026-06-28T07:00:00,21.9,21.9347,22.1,22.2,Out,200
2026-06-28T07:10:00,21.9,21.9278,22.1,22.2,Out,200
2026-06-28T07:20:00,21.9,21.9292,22.1,22.2,Out,200
2026-06-28T07:30:00,21.9,21.932,22.1,22.2,Out,200
2026-06-28T07:40:00,21.9,21.9333,22.1,22.2,Out,200
2026-06-28T07:50:00,21.9,21.9265,22.1,22.2,Out,200
2026-06-28T08:00:00,21.9,21.9347,22.1,22.2,Out,200
2026-06-28T08:10:00,21.9,21.9471,22.1,22.2,Out,200
2026-06-28T08:20:00,21.9,21.9677,22.1,22.2,Out,200
2026-06-28T08:30:00,22,21.9759,22.1,22.3,Out,200
2026-06-28T08:40:00,22,21.9814,22.2,22.2,Out,200
2026-06-28T08:50:00,22,21.9896,22.2,22.2,Out,200
2026-06-28T09:00:00,22,21.9855,22.1,22.2,Out,200
2026-06-28T09:10:00,22,21.9951,22.2,22.2,Out,200
2026-06-28T09:20:00,22,21.9937,22.2,22.2,Out,200
2026-06-28T09:30:00,22,21.9841,22.2,22.2,Out,200
2026-06-28T09:40:00,22,21.9745,22.1,22.2,Out,200
2026-06-28T09:50:00,22,21.9677,22.2,22.3,Out,200
2026-06-28T10:00:00,21.9,21.9622,22.2,22.2,Out,200
2026-06-28T10:10:00,22,21.958,22.1,22.2,Out,200
2026-06-28T10:20:00,21.9,21.958,22.2,22.2,Out,200
2026-06-28T10:30:00,21.9,21.9594,22.1,22.2,Out,200
2026-06-28T10:40:00,22,21.9608,22.2,22.2,Out,200
2026-06-28T10:50:00,22,21.9635,22.1,22.2,Out,200
2026-06-28T11:00:00,22,21.9635,22.2,22.2,Out,200
2026-06-28T11:10:00,21.9,21.9622,22.1,22.2,Out,200
2026-06-28T11:20:00,21.9,21.9512,22.2,22.2,Out,200
2026-06-28T11:30:00,21.9,21.9443,22.2,22.2,Out,200
2026-06-28T11:40:00,21.9,21.9498,22.1,22.3,Out,200
2026-06-28T11:50:00,21.9,21.9498,22.1,22.2,Out,200
2026-06-28T12:00:00,21.9,21.9525,22.1,22.2,Out,200
2026-06-28T12:10:00,22,21.9622,22.1,22.2,Out,200
2026-06-28T12:20:00,22,21.9992,22.1,22.2,Out,200
2026-06-28T12:30:00,22.1,22.0748,22.2,22.2,Out,200
2026-06-28T12:40:00,22.1,22.116,22.1,22.2,Out,200
2026-06-28T12:50:00,22.1,22.1311,22.1,22.2,Out,200
2026-06-28T13:00:00,22.1,22.1325,22.2,22.3,Out,200
2026-06-28T13:10:00,22.1,22.1366,22.3,22.4,Out,200
2026-06-28T13:20:00,22.1,22.1366,22.3,22.4,Out,200
2026-06-28T13:30:00,22,22.1132,22.3,22.4,Out,200
2026-06-28T13:40:00,22.1,22.1339,22.3,22.4,Out,200
2026-06-28T13:50:00,22.1,22.16,22.3,22.4,Out,200
2026-06-28T14:00:00,22.2,22.1874,22.4,22.4,Out,200
2026-06-28T14:10:00,22.3,22.2603,22.4,22.4,Out,200
2026-06-28T14:20:00,22.3,22.3111,22.3,22.4,Out,200
2026-06-28T14:30:00,22.3,22.3579,22.4,22.5,Out,200
2026-06-28T14:40:00,22.4,22.3868,22.4,22.5,Out,200
2026-06-28T14:50:00,22.4,22.4005,22.5,22.6,Out,200
2026-06-28T15:00:00,22.4,22.3936,22.5,22.6,Out,200
2026-06-28T15:10:00,22.3,22.3565,22.6,22.7,Out,200
2026-06-28T15:20:00,22.3,22.3359,22.7,22.7,Out,200
2026-06-28T15:30:00,22.3,22.3194,22.7,22.7,Out,200
2026-06-28T15:40:00,22.3,22.3276,22.6,22.7,Out,200
2026-06-28T15:50:00,22.2,22.2782,22.5,22.6,Out,200
2026-06-28T16:00:00,22.2,22.2191,22.5,22.6,Out,200
2026-06-28T16:10:00,22.2,22.2287,22.6,22.6,Out,200
2026-06-28T16:20:00,22.2,22.2328,22.6,22.6,Out,200
2026-06-28T16:30:00,22.2,22.2122,22.4,22.4,Out,200
2026-06-28T16:40:00,22.1,22.1778,22.4,22.5,Out,200
2026-06-28T16:50:00,22.1,22.1023,22.4,22.5,Out,200
2026-06-28T17:00:00,22.1,22.0913,22.4,22.5,Out,200
2026-06-28T17:10:00,22.1,22.1174,22.4,22.5,Out,200
2026-06-28T17:20:00,22,22.0569,22.4,22.5,Out,200
2026-06-28T17:30:00,22,22.0487,22.3,22.4,Out,200
2026-06-28T17:40:00,22.1,22.1023,22.3,22.4,Out,200
2026-06-28T17:50:00,22.1,22.1339,22.3,22.4,Out,200
2026-06-28T18:00:00,22.1,22.1078,22.3,22.4,Out,200
2026-06-28T18:10:00,22.1,22.1174,22.3,22.5,Out,200
2026-06-28T18:20:00,22.1,22.1558,22.3,22.4,Out,200
2026-06-28T18:30:00,22.1,22.1751,22.4,22.5,Out,200
2026-06-28T18:40:00,22.2,22.1778,22.3,22.3,Out,200
2026-06-28T18:50:00,22.1,22.1723,22.4,22.4,Out,200
2026-06-28T19:00:00,22.1,22.1517,22.4,22.4,Out,200
2026-06-28T19:10:00,22.1,22.1586,22.4,22.4,Out,200
2026-06-28T19:20:00,22.1,22.116,22.4,22.4,Out,200
2026-06-28T19:30:00,22,22.0734,22.3,22.5,Out,200
2026-06-28T19:40:00,22,22.0391,22.4,22.4,Out,200
2026-06-28T19:50:00,22,22.002,22.4,22.5,Out,200
2026-06-28T20:00:00,22,21.9773,22.3,22.3,Out,200
2026-06-28T20:10:00,22,21.98,22.3,22.4,Out,200
2026-06-28T20:20:00,22,21.9896,22.2,22.3,Out,200
2026-06-28T20:30:00,22,21.9841,22.2,22.2,Out,200
2026-06-28T20:40:00,22,21.9786,22.2,22.2,Out,200
2026-06-28T20:50:00,21.9,21.9622,22.2,22.2,Out,200
2026-06-28T21:00:00,21.9,21.9567,22.2,22.2,Out,200
2026-06-28T21:10:00,21.9,21.9512,22.2,22.2,Out,200
2026-06-28T21:20:00,21.9,21.9402,22.2,22.2,Out,200
2026-06-28T21:30:00,21.9,21.9402,22.1,22.2,Out,200
2026-06-28T21:40:00,21.9,21.9484,22.1,22.2,Out,200
2026-06-28T21:50:00,21.9,21.9457,22.1,22.2,Out,200
2026-06-28T22:00:00,21.9,21.9525,22.1,22.2,Out,200
2026-06-28T22:10:00,21.9,21.958,22.1,22.2,Out,200
2026-06-28T22:20:00,21.9,21.9622,22.2,22.2,Out,200
2026-06-28T22:30:00,22,21.9635,22.1,22.2,Out,200
2026-06-28T22:40:00,21.9,21.9649,22.2,22.2,Out,200
2026-06-28T22:50:00,22,21.9663,22.2,22.2,Out,200
2026-06-28T23:00:00,21.9,21.9704,22.1,22.2,Out,200
2026-06-28T23:10:00,22,21.9786,22.1,22.2,Out,200
2026-06-28T23:20:00,22,21.9814,22.2,22.2,Out,200
2026-06-28T23:30:00,21.9,21.9773,22.1,22.2,Out,200
2026-06-28T23:40:00,21.9,21.9594,22.1,22.2,Out,200
2026-06-28T23:50:00,21.9,21.9512,22.2,22.2,Out,200
2026-06-29T00:00:00,21.9,21.9512,22.2,22.2,Out,200
2026-06-29T00:10:00,21.9,21.9457,22.2,22.2,Out,200
2026-06-29T00:20:00,21.9,21.9443,22.2,22.2,Out,200
2026-06-29T00:30:00,21.9,21.9388,22.1,22.2,Out,200
2026-06-29T00:40:00,21.9,21.9333,22.2,22.2,Out,200
2026-06-29T00:50:00,21.9,21.9333,22.1,22.2,Out,200
2026-06-29T01:00:00,21.9,21.9374,22.1,22.2,Out,200
2026-06-29T01:10:00,21.9,21.9361,22.2,22.2,Out,200
2026-06-29T01:20:00,21.9,21.9416,22.1,22.2,Out,200
2026-06-29T01:30:00,21.9,21.9498,22.1,22.2,Out,200
2026-06-29T01:40:00,21.9,21.9622,22.1,22.2,Out,200
2026-06-29T01:50:00,21.9,21.98,22.1,22.2,Out,200
2026-06-29T02:00:00,22,21.9869,22.2,22.2,Out,200
2026-06-29T02:10:00,22,21.9883,22.2,22.2,Out,200
2026-06-29T02:20:00,22,21.9896,22.2,22.2,Out,200
2026-06-29T02:30:00,22,21.9937,22.2,22.3,Out,200
2026-06-29T02:40:00,22,22.0075,22.2,22.3,Out,200
2026-06-29T02:50:00,22,22.0391,22.2,22.2,Out,200
2026-06-29T03:00:00,22,22.0446,22.1,22.2,Out,200
2026-06-29T03:10:00,22,22.0734,22.2,22.3,Out,200
2026-06-29T03:20:00,22.1,22.1531,22.2,22.3,Out,200
2026-06-29T03:30:00,22.2,22.2053,22.3,22.3,Out,200
2026-06-29T03:40:00,22.2,22.2479,22.3,22.4,Out,200
2026-06-29T03:50:00,22.2,22.263,22.3,22.4,Out,200
2026-06-29T04:00:00,22.2,22.2575,22.3,22.4,Out,200
2026-06-29T04:10:00,22.2,22.3139,22.4,22.5,Out,200
2026-06-29T04:20:00,22.3,22.34,22.5,22.5,Out,200
2026-06-29T04:30:00,22.3,22.3276,22.5,22.6,Out,200
2026-06-29T04:40:00,22.2,22.2658,22.5,22.6,Out,200
2026-06-29T04:50:00,22.2,22.2246,22.6,22.6,Out,200
2026-06-29T05:00:00,22.2,22.2575,22.6,22.7,Out,200
2026-06-29T05:10:00,22.2,22.2727,22.5,22.7,Out,200
2026-06-29T05:20:00,22.2,22.2012,22.5,22.6,Out,200
2026-06-29T05:30:00,22.1,22.171,22.5,22.6,Out,200
2026-06-29T05:40:00,22.1,22.0981,22.6,22.5,Out,200
2026-06-29T05:50:00,22,22.0281,22.5,22.5,Out,200
2026-06-29T06:00:00,22,22.0295,22.4,22.5,Out,200
2026-06-29T06:10:00,22,22.0089,22.3,22.4,Out,200
2026-06-29T06:20:00,22,21.9828,22.3,22.4,Out,200
2026-06-29T06:30:00,22,21.9704,22.2,22.3,Out,200
2026-06-29T06:40:00,22,21.969,22.3,22.3,Out,200
2026-06-29T06:50:00,22,21.9745,22.2,22.3,Out,200
2026-06-29T07:00:00,22,21.9786,22.1,22.2,Out,200
2026-06-29T07:10:00,21.9,21.9773,22.1,22.2,Out,200
2026-06-29T07:20:00,21.9,21.9471,22.2,22.2,Out,200
2026-06-29T07:30:00,21.9,21.9388,22.1,22.2,Out,200
2026-06-29T07:40:00,21.9,21.9498,22.1,22.3,Out,200
2026-06-29T07:50:00,21.9,21.9402,22.2,22.2,Out,200
2026-06-29T08:00:00,21.9,21.9127,22.1,22.2,Out,200
2026-06-29T08:10:00,21.9,21.9031,22.2,22.2,Out,200
2026-06-29T08:20:00,21.9,21.9059,22.1,22.2,Out,200
2026-06-29T08:30:00,21.9,21.9059,22.2,22.2,Out,200
2026-06-29T08:40:00,21.9,21.9223,22.1,22.2,Out,200
2026-06-29T08:50:00,21.9,21.9374,22.1,22.2,Out,200
2026-06-29T09:00:00,21.9,21.9457,22.1,22.2,Out,200
2026-06-29T09:10:00,21.9,21.9374,22.1,22.2,Out,200
2026-06-29T09:20:00,21.9,21.932,22.1,22.1,Out,200
2026-06-29T09:30:00,22,21.9704,22.1,22.2,Out,200
2026-06-29T09:40:00,21.9,21.9786,22.1,22.2,Out,200
2026-06-29T09:50:00,21.9,21.9731,22.1,22.2,Out,200
2026-06-29T10:00:00,21.9,21.9553,22.1,22.2,Out,200
2026-06-29T10:10:00,21.9,21.9567,22.1,22.3,Out,200
2026-06-29T10:20:00,21.9,21.9594,22.2,22.3,Out,200
2026-06-29T10:30:00,21.9,21.9567,22.2,22.3,Out,200
2026-06-29T10:40:00,21.9,21.9429,22.2,22.2,Out,200
2026-06-29T10:50:00,21.9,21.9512,22.1,22.2,Out,200
2026-06-29T11:00:00,22,21.9539,22.2,22.2,Out,200
2026-06-29T11:10:00,22,21.9704,22.1,22.2,Out,200
2026-06-29T11:20:00,22,21.9786,22.2,22.2,Out,200
2026-06-29T11:30:00,22,21.9828,22.1,22.2,Out,200
2026-06-29T11:40:00,22,21.9896,22.2,22.2,Out,200
2026-06-29T11:50:00,22,21.9855,22.1,22.2,Out,200
2026-06-29T12:00:00,22,21.9937,22.2,22.2,Out,200
2026-06-29T12:10:00,22,22.0116,22.2,22.3,Out,200
2026-06-29T12:20:00,22,22.0267,22.2,22.3,Out,200
2026-06-29T12:30:00,22,22.024,22.2,22.3,Out,200
2026-06-29T12:40:00,22,22.0089,22.3,22.3,Out,200
2026-06-29T12:50:00,22,22.0198,22.3,22.3,Out,200
2026-06-29T13:00:00,22,22.1174,22.3,22.3,Out,200
2026-06-29T13:10:00,22.1,22.16,22.2,22.3,Out,200
2026-06-29T13:20:00,22.1,22.1668,22.2,22.4,Out,200
2026-06-29T13:30:00,22.1,22.1792,22.4,22.4,Out,200
2026-06-29T13:40:00,22.2,22.182,22.4,22.4,Out,200
2026-06-29T13:50:00,22.2,22.1916,22.4,22.5,Out,200
2026-06-29T14:00:00,22.2,22.2122,22.4,22.5,Out,200
2026-06-29T14:10:00,22.2,22.2479,22.4,22.4,Out,200
2026-06-29T14:20:00,22.3,22.2589,22.4,22.4,Out,200
2026-06-29T14:30:00,22.3,22.2575,22.4,22.5,Out,200
2026-06-29T14:40:00,22.2,22.252,22.4,22.5,Out,200
2026-06-29T14:50:00,22.2,22.2548,22.5,22.5,Out,200
2026-06-29T15:00:00,22.2,22.2658,22.4,22.5,Out,200
2026-06-29T15:10:00,22.2,22.2685,22.5,22.6,Out,200
2026-06-29T15:20:00,22.3,22.2644,22.5,22.5,Out,200
2026-06-29T15:30:00,22.3,22.2658,22.5,22.5,Out,200
2026-06-29T15:40:00,22.2,22.2479,22.5,22.5,Out,200
2026-06-29T15:50:00,22.2,22.2287,22.5,22.5,Out,200
2026-06-29T16:00:00,22.2,22.2149,22.5,22.5,Out,200
2026-06-29T16:10:00,22.1,22.1861,22.5,22.5,Out,200
2026-06-29T16:20:00,22.1,22.1696,22.5,22.6,Out,200
2026-06-29T16:30:00,22.1,22.1146,22.4,22.5,Out,200
2026-06-29T16:40:00,22.1,22.0968,22.4,22.4,Out,200
2026-06-29T16:50:00,22.1,22.0871,22.4,22.5,Out,200
2026-06-29T17:00:00,22.1,22.0762,22.3,22.4,Out,200
2026-06-29T17:10:00,22,22.0789,22.4,22.4,Out,200
2026-06-29T17:20:00,22.1,22.0775,22.3,22.3,Out,200
2026-06-29T17:30:00,22,22.0803,22.3,22.4,Out,200
2026-06-29T17:40:00,22.1,22.0885,22.3,22.4,Out,200
2026-06-29T17:50:00,22,22.0885,22.3,22.4,Out,200
2026-06-29T18:00:00,22.1,22.0817,22.3,22.3,Out,200
2026-06-29T18:10:00,22,22.0583,22.3,22.3,Out,200
2026-06-29T18:20:00,22,22.0253,22.3,22.4,Out,200
2026-06-29T18:30:00,21.9,21.9896,22.3,22.3,Out,200
2026-06-29T18:40:00,22,22.0075,22.3,22.3,Out,200
2026-06-29T18:50:00,22,21.9869,22.3,22.3,Out,200
2026-06-29T19:00:00,22,21.9937,22.2,22.3,Out,200
2026-06-29T19:10:00,22,21.9828,22.2,22.3,Out,200
2026-06-29T19:20:00,22,21.9704,22.3,22.2,Out,200
2026-06-29T19:30:00,22,21.9677,22.2,22.2,Out,200
2026-06-29T19:40:00,22,21.9567,22.2,22.3,Out,200
2026-06-29T19:50:00,21.9,21.9512,22.1,22.3,Out,200
2026-06-29T20:00:00,21.9,21.9457,22.1,22.2,Out,200
2026-06-29T20:10:00,21.9,21.9443,22.1,22.2,Out,200
2026-06-29T20:20:00,21.9,21.9374,22.2,22.2,Out,200
2026-06-29T20:30:00,21.9,21.9333,22.2,22.2,Out,200
2026-06-29T20:40:00,21.9,21.9292,22.2,22.2,Out,200
2026-06-29T20:50:00,21.9,21.9265,22.1,22.2,Out,200
2026-06-29T21:00:00,21.9,21.921,22.1,22.2,Out,200
2026-06-29T21:10:00,21.9,21.9196,22.1,22.2,Out,200
2026-06-29T21:20:00,21.9,21.921,22.1,22.2,Out,200
2026-06-29T21:30:00,21.9,21.9223,22.1,22.2,Out,200
2026-06-29T21:40:00,21.9,21.9223,22.2,22.1,Out,200
2026-06-29T21:50:00,21.9,21.9278,22.1,22.1,Out,200
2026-06-29T22:00:00,21.9,21.9333,22.1,22.2,Out,200
2026-06-29T22:10:00,21.9,21.9347,22.1,22.2,Out,200
2026-06-29T22:20:00,21.9,21.9402,22.1,22.2,Out,200
2026-06-29T22:30:00,21.9,21.9429,22.1,22.2,Out,200
2026-06-29T22:40:00,21.9,21.9471,22.1,22.2,Out,200
2026-06-29T22:50:00,21.9,21.9484,22.1,22.2,Out,200
2026-06-29T23:00:00,21.9,21.9512,22.1,22.1,Out,200
2026-06-29T23:10:00,21.9,21.9553,22.1,22.2,Out,200
2026-06-29T23:20:00,21.9,21.9567,22.1,22.1,Out,200
2026-06-29T23:30:00,21.9,21.9594,22.2,22.2,Out,200
2026-06-29T23:40:00,22,21.9635,22.1,22.2,Out,200
2026-06-29T23:50:00,22,21.9649,22.2,22.2,Out,200
2026-06-30T00:00:00,21.9,21.9649,22.2,22.2,Out,200
2026-06-30T00:10:00,21.9,21.9663,22.1,22.2,Out,200
2026-06-30T00:20:00,22,21.9663,22.2,22.2,Out,200
2026-06-30T00:30:00,22,21.9649,22.2,22.2,Out,200
2026-06-30T00:40:00,22,21.9649,22.2,22.2,Out,200
2026-06-30T00:50:00,21.9,21.969,22.1,22.2,Out,200
2026-06-30T01:00:00,22,21.9718,22.2,22.3,Out,200
2026-06-30T01:10:00,22,21.9718,22.2,22.2,Out,200
2026-06-30T01:20:00,22,21.98,22.2,22.2,Out,200
2026-06-30T01:30:00,22,21.9979,22.1,22.2,Out,200
2026-06-30T01:40:00,22,22.0116,22.1,22.2,Out,200
2026-06-30T01:50:00,22,22.0116,22.2,22.3,Out,200
2026-06-30T02:00:00,22,21.9855,22.2,22.3,Out,200
2026-06-30T02:10:00,22,22.0006,22.2,22.3,Out,200
2026-06-30T02:20:00,22,22.0089,22.3,22.3,Out,200
2026-06-30T02:30:00,22,21.9992,22.2,22.3,Out,200
2026-06-30T02:40:00,22,22.0047,22.3,22.3,Out,200
2026-06-30T02:50:00,22,22.0034,22.2,22.3,Out,200
2026-06-30T03:00:00,22,22.0116,22.2,22.3,Out,200
2026-06-30T03:10:00,22,22.0157,22.2,22.3,Out,200
2026-06-30T03:20:00,22,22.0198,22.3,22.3,Out,200
2026-06-30T03:30:00,22,22.024,22.2,22.3,Out,200
2026-06-30T03:40:00,22,22.0253,22.2,22.3,Out,200
2026-06-30T03:50:00,22,22.0267,22.2,22.3,Out,200
2026-06-30T04:00:00,22,22.0349,22.3,22.3,Out,200
2026-06-30T04:10:00,22,22.0459,22.2,22.3,Out,200
2026-06-30T04:20:00,22,22.0528,22.2,22.3,Out,200
2026-06-30T04:30:00,22.1,22.0679,22.3,22.4,Out,200
2026-06-30T04:40:00,22,22.0693,22.3,22.4,Out,200
2026-06-30T04:50:00,22.1,22.0707,22.3,22.4,Out,200
2026-06-30T05:00:00,22.1,22.1009,22.3,22.4,Out,200
2026-06-30T05:10:00,22.1,22.1174,22.3,22.3,Out,200
2026-06-30T05:20:00,22.1,22.1325,22.3,22.4,Out,200
2026-06-30T05:30:00,22.1,22.1462,22.3,22.3,Out,200
2026-06-30T05:40:00,22.1,22.1407,22.3,22.4,Out,200
2026-06-30T05:50:00,22.1,22.1242,22.3,22.4,Out,200
2026-06-30T06:00:00,22.1,22.1105,22.3,22.4,Out,200
2026-06-30T06:10:00,22,22.0322,22.3,22.4,Out,200
2026-06-30T06:20:00,22,22.0116,22.4,22.4,Out,200
2026-06-30T06:30:00,22,21.9979,22.3,22.4,Out,200
2026-06-30T06:40:00,22,21.9951,22.3,22.4,Out,200
2026-06-30T06:50:00,22,21.9924,22.3,22.3,Out,200
2026-06-30T07:00:00,22,21.991,22.2,22.2,Out,200
2026-06-30T07:10:00,22,21.9937,22.2,22.2,Out,200
2026-06-30T07:20:00,22,21.9951,22.2,22.2,Out,200
2026-06-30T07:30:00,21.9,21.9416,22.1,22.2,Out,200
2026-06-30T07:40:00,21.9,21.9072,22.2,22.2,Out,200
2026-06-30T07:50:00,21.9,21.9086,22.1,22.2,Out,200
2026-06-30T08:00:00,21.9,21.9086,22.2,22.2,Out,200
2026-06-30T08:10:00,21.9,21.91,22.1,22.2,Out,200
2026-06-30T08:20:00,21.9,21.9127,22.1,22.1,Out,200
2026-06-30T08:30:00,21.9,21.9155,22.1,22.2,Out,200
2026-06-30T08:40:00,21.9,21.91,22.1,22.2,Out,200
2026-06-30T08:50:00,21.9,21.9168,22.1,22.2,Out,200
2026-06-30T09:00:00,21.9,21.9182,22.1,22.1,Out,200
2026-06-30T09:10:00,21.9,21.9196,22.1,22.2,Out,200
2026-06-30T09:20:00,21.9,21.9196,22.1,22.1,Out,200
2026-06-30T09:30:00,21.9,21.9223,22.1,22.2,Out,200
2026-06-30T09:40:00,21.9,21.932,22.1,22.1,Out,200
2026-06-30T09:50:00,21.9,21.9388,22.1,22.2,Out,200
2026-06-30T10:00:00,21.9,21.9429,22.1,22.2,Out,200
2026-06-30T10:10:00,21.9,21.9429,22.1,22.2,Out,200
2026-06-30T10:20:00,21.9,21.9416,22.1,22.2,Out,200
2026-06-30T10:30:00,21.9,21.932,22.2,22.2,Out,200
2026-06-30T10:40:00,21.9,21.9196,22.1,22.2,Out,200
2026-06-30T10:50:00,21.9,21.9196,22.1,22.2,Out,200
2026-06-30T11:00:00,21.9,21.9182,22.1,22.2,Out,200
2026-06-30T11:10:00,21.9,21.921,22.1,22.1,Out,200
2026-06-30T11:20:00,21.9,21.9237,22.1,22.2,Out,200
2026-06-30T11:30:00,21.9,21.9265,22.1,22.2,Out,200
2026-06-30T11:40:00,21.9,21.9292,22.1,22.2,Out,200
2026-06-30T11:50:00,21.9,21.9306,22.1,22.2,Out,200
2026-06-30T12:00:00,21.9,21.9306,22.1,22.2,Out,200
2026-06-30T12:10:00,21.9,21.932,22.1,22.1,Out,200
2026-06-30T12:20:00,21.9,21.9347,22.1,22.2,Out,200
2026-06-30T12:30:00,21.9,21.9416,22.1,22.2,Out,200
2026-06-30T12:40:00,22,21.9498,22.1,22.2,Out,200
2026-06-30T12:50:00,21.9,21.9525,22.1,22.2,Out,200
2026-06-30T13:00:00,21.9,21.958,22.1,22.2,Out,200
2026-06-30T13:10:00,21.9,21.9622,22.1,22.2,Out,200
2026-06-30T13:20:00,21.9,21.9663,22.2,22.2,Out,200
2026-06-30T13:30:00,21.9,21.958,22.2,22.2,Out,200
2026-06-30T13:40:00,22,21.9745,22.2,22.2,Out,200
2026-06-30T13:50:00,22,21.9869,22.2,22.2,Out,200
2026-06-30T14:00:00,22,21.9841,22.1,22.2,Out,200
2026-06-30T14:10:00,22,21.9869,22.2,22.2,Out,200
2026-06-30T14:20:00,22,21.991,22.2,22.2,Out,200
2026-06-30T14:30:00,22,21.9979,22.2,22.2,Out,200
2026-06-30T14:40:00,22,22.0006,22.2,22.2,Out,200
2026-06-30T14:50:00,22,22.0034,22.2,22.2,Out,200
2026-06-30T15:00:00,22,22.0089,22.2,22.3,Out,200
2026-06-30T15:10:00,22,22.0844,22.2,22.2,Out,200
2026-06-30T15:20:00,22.1,22.1242,22.2,22.3,Out,200
2026-06-30T15:30:00,22.1,22.0858,22.2,22.3,Out,200
2026-06-30T15:40:00,22.1,22.116,22.2,22.4,Out,200
2026-06-30T15:50:00,22.1,22.1297,22.3,22.4,Out,200
2026-06-30T16:00:00,22.1,22.1421,22.3,22.4,Out,200
2026-06-30T16:10:00,22.1,22.1531,22.3,22.4,Out,200
2026-06-30T16:20:00,22.1,22.1682,22.3,22.4,Out,200
2026-06-30T16:30:00,22.1,22.1874,22.3,22.4,Out,200
2026-06-30T16:40:00,22.1,22.16,22.4,22.4,Out,200
2026-06-30T16:50:00,22.1,22.1655,22.4,22.4,Out,200
2026-06-30T17:00:00,22.2,22.1723,22.4,22.4,Out,200
2026-06-30T17:10:00,22.1,22.1765,22.4,22.5,Out,200
2026-06-30T17:20:00,22.1,22.1655,22.4,22.5,Out,200
2026-06-30T17:30:00,22.1,22.1174,22.4,22.4,Out,200
2026-06-30T17:40:00,22,22.0665,22.4,22.4,Out,200
2026-06-30T17:50:00,22,22.0542,22.4,22.4,Out,200
2026-06-30T18:00:00,22,22.0487,22.3,22.4,Out,200
2026-06-30T18:10:00,22,22.0432,22.3,22.3,Out,200
2026-06-30T18:20:00,22,22.0377,22.2,22.3,Out,200
2026-06-30T18:30:00,22,22.0295,22.3,22.4,Out,200
2026-06-30T18:40:00,22,22.024,22.3,22.3,Out,200
2026-06-30T18:50:00,21.9,21.9759,22.2,22.3,Out,200
2026-06-30T19:00:00,21.9,21.958,22.3,22.3,Out,200
2026-06-30T19:10:00,21.9,21.9388,22.3,22.3,Out,200
2026-06-30T19:20:00,21.9,21.9265,22.2,22.3,Out,200
2026-06-30T19:30:00,21.9,21.9127,22.2,22.2,Out,200
2026-06-30T19:40:00,21.9,21.9168,22.2,22.2,Out,200
2026-06-30T19:50:00,21.9,21.9223,22.1,22.2,Out,200
2026-06-30T20:00:00,21.9,21.932,22.1,22.2,Out,200
2026-06-30T20:10:00,21.9,21.9388,22.1,22.2,Out,200
2026-06-30T20:20:00,21.9,21.9374,22.1,22.2,Out,200
2026-06-30T20:30:00,21.9,21.9402,22.1,22.2,Out,200
2026-06-30T20:40:00,21.9,21.9402,22.1,22.2,Out,200
2026-06-30T20:50:00,21.9,21.9347,22.2,22.2,Out,200
2026-06-30T21:00:00,21.9,21.9155,22.1,22.2,Out,200
2026-06-30T21:10:00,21.9,21.9031,22.1,22.3,Out,200
2026-06-30T21:20:00,21.9,21.9004,22.1,22.2,Out,200
2026-06-30T21:30:00,21.9,21.9004,22.1,22.2,Out,200
2026-06-30T21:40:00,21.9,21.9045,22.1,22.1,Out,200
2026-06-30T21:50:00,21.9,21.9086,22.1,22.1,Out,200
2026-06-30T22:00:00,21.9,21.9072,22.1,22.1,Out,200
2026-06-30T22:10:00,21.9,21.9141,22.1,22.1,Out,200
2026-06-30T22:20:00,21.9,21.9168,22.1,22.2,Out,200
2026-06-30T22:30:00,21.9,21.921,22.1,22.1,Out,200
2026-06-30T22:40:00,21.9,21.9196,22.1,22.1,Out,200
2026-06-30T22:50:00,21.9,21.9155,22.1,22.1,Out,200
2026-06-30T23:00:00,21.9,21.9127,22.1,22.1,Out,200
2026-06-30T23:10:00,21.9,21.9168,22.1,22.2,Out,200
2026-06-30T23:20:00,21.9,21.921,22.1,22.2,Out,200
2026-06-30T23:30:00,21.9,21.921,22.1,22.2,Out,200
2026-06-30T23:40:00,21.9,21.9237,22.1,22.2,Out,200
2026-06-30T23:50:00,21.9,21.932,22.1,22.1,Out,200
2026-07-01T00:00:00,21.9,21.9388,22.2,22.1,Out,200
2026-07-01T00:10:00,21.9,21.9471,22.1,22.2,Out,200
2026-07-01T00:20:00,21.9,21.9498,22.1,22.2,Out,200
2026-07-01T00:30:00,21.9,21.9512,22.1,22.2,Out,200
2026-07-01T00:40:00,21.9,21.9539,22.2,22.2,Out,200
2026-07-01T00:50:00,21.9,21.9553,22.1,22.2,Out,200
2026-07-01T01:00:00,22,21.9594,22.2,22.2,Out,200
2026-07-01T01:10:00,22,21.9622,22.1,22.2,Out,200
2026-07-01T01:20:00,21.9,21.9635,22.1,22.2,Out,200
2026-07-01T01:30:00,22,21.9608,22.1,22.2,Out,200
2026-07-01T01:40:00,22,21.9649,22.1,22.2,Out,200
2026-07-01T01:50:00,21.9,21.9649,22.1,22.2,Out,200
2026-07-01T02:00:00,21.9,21.9347,22.1,22.2,Out,200
2026-07-01T02:10:00,21.9,21.9223,22.1,22.2,Out,200
2026-07-01T02:20:00,21.9,21.9141,22.2,22.3,Out,200
2026-07-01T02:30:00,21.9,21.9086,22.1,22.3,Out,200
2026-07-01T02:40:00,21.9,21.8935,22.1,22.2,Out,200
2026-07-01T02:50:00,21.9,21.888,22.1,22.1,Out,200
2026-07-01T03:00:00,21.9,21.8921,22.1,22.2,Out,200
2026-07-01T03:10:00,21.9,21.8784,22.1,22.1,Out,200
2026-07-01T03:20:00,21.8,21.8578,22.1,22.1,Out,200
2026-07-01T03:30:00,21.8,21.8509,22.1,22.1,Out,200
2026-07-01T03:40:00,21.8,21.8496,22.1,22.1,Out,200
2026-07-01T03:50:00,21.8,21.8496,22.1,22.1,Out,200
2026-07-01T04:00:00,21.8,21.8496,22.1,22.1,Out,200
2026-07-01T04:10:00,21.8,21.8509,22.1,22,Out,200
2026-07-01T04:20:00,21.8,21.8482,22,22.1,Out,200
2026-07-01T04:30:00,21.8,21.8509,22.1,22.1,Out,200
2026-07-01T04:40:00,21.8,21.8619,22,22.1,Out,200
2026-07-01T04:50:00,21.8,21.8702,22.1,22.1,Out,200
2026-07-01T05:00:00,21.8,21.8729,22.1,22.1,Out,200
2026-07-01T05:10:00,21.8,21.866,22.1,22.1,Out,200
2026-07-01T05:20:00,21.9,21.8963,22.1,22.1,Out,200
2026-07-01T05:30:00,21.9,21.9127,22,22.2,Out,200
2026-07-01T05:40:00,21.9,21.9251,22.1,22.1,Out,200
2026-07-01T05:50:00,21.9,21.932,22.1,22.2,Out,200
2026-07-01T06:00:00,21.9,21.9416,22.1,22.2,Out,200
2026-07-01T06:10:00,21.9,21.9525,22.1,22.2,Out,200
2026-07-01T06:20:00,21.9,21.9553,22.1,22.2,Out,200
2026-07-01T06:30:00,22,21.9594,22.1,22.2,Out,200
2026-07-01T06:40:00,22,21.9622,22.1,22.2,Out,200
2026-07-01T06:50:00,21.9,21.9622,22.2,22.2,Out,200
2026-07-01T07:00:00,22,21.9677,22.2,22.2,Out,200
2026-07-01T07:10:00,22,22.0061,22.1,22.2,Out,200
2026-07-01T07:20:00,22,22.0267,22.2,22.2,Out,200
2026-07-01T07:30:00,22,22.0336,22.1,22.2,Out,200
2026-07-01T07:40:00,22,22.0349,22.2,22.3,Out,200
2026-07-01T07:50:00,22,22.0377,22.2,22.2,Out,200
2026-07-01T08:00:00,22,22.0322,22.2,22.3,Out,200
2026-07-01T08:10:00,22,22.0253,22.3,22.4,Out,200
2026-07-01T08:20:00,22,22.0267,22.2,22.3,Out,200
2026-07-01T08:30:00,22,22.0253,22.3,22.3,Out,200
2026-07-01T08:40:00,22,22.024,22.3,22.3,Out,200
2026-07-01T08:50:00,22,22.0198,22.2,22.2,Out,200
2026-07-01T09:00:00,22,21.9979,22.2,22.3,Out,200
2026-07-01T09:10:00,22,21.9924,22.2,22.3,Out,200
2026-07-01T09:20:00,22,21.9883,22.3,22.2,Out,200
2026-07-01T09:30:00,22,21.9828,22.2,22.2,Out,200
2026-07-01T09:40:00,22,21.9773,22.2,22.3,Out,200
2026-07-01T09:50:00,21.9,21.9663,22.2,22.2,Out,200
2026-07-01T10:00:00,21.9,21.9141,22.1,22.3,Out,200
2026-07-01T10:10:00,21.9,21.8894,22.2,22.3,Out,200
2026-07-01T10:20:00,21.9,21.877,22.2,22.2,Out,200
2026-07-01T10:30:00,21.8,21.8908,22.1,22.2,Out,200
2026-07-01T10:40:00,21.9,21.8743,22.1,22.2,Out,200
2026-07-01T10:50:00,21.9,21.8784,22.1,22.2,Out,200
2026-07-01T11:00:00,21.9,21.8798,22.1,22.2,Out,200
2026-07-01T11:10:00,21.9,21.877,22.1,22.2,Out,200
2026-07-01T11:20:00,21.9,21.8812,22.1,22.2,Out,200
2026-07-01T11:30:00,21.9,21.8908,22.1,22.1,Out,200
2026-07-01T11:40:00,21.9,21.9031,22.1,22.1,Out,200
2026-07-01T11:50:00,21.9,21.91,22,22.1,Out,200
2026-07-01T12:00:00,21.9,21.932,22.1,22.1,Out,200
2026-07-01T12:10:00,21.9,21.9306,22.1,22.2,Out,200
2026-07-01T12:20:00,21.9,21.9237,22.1,22.2,Out,200
2026-07-01T12:30:00,21.9,21.9306,22.1,22.2,Out,200
2026-07-01T12:40:00,21.9,21.9374,22.2,22.2,Out,200
2026-07-01T12:50:00,21.9,21.9443,22.1,22.2,Out,200
2026-07-01T13:00:00,21.9,21.9635,22.1,22.2,Out,200
2026-07-01T13:10:00,21.9,21.9663,22.1,22.2,Out,200
2026-07-01T13:20:00,22,21.9855,22.1,22.2,Out,200
2026-07-01T13:30:00,22,22.0006,22.2,22.2,Out,200
2026-07-01T13:40:00,22,22.0143,22.1,22.3,Out,200
2026-07-01T13:50:00,22,22.0198,22.1,22.2,Out,200
2026-07-01T14:00:00,22,22.0185,22.2,22.2,Out,200
2026-07-01T14:10:00,22,21.9883,22.2,22.3,Out,200
2026-07-01T14:20:00,21.9,21.9622,22.2,22.3,Out,200
2026-07-01T14:30:00,21.9,21.9388,22.2,22.3,Out,200
2026-07-01T14:40:00,21.9,21.9333,22.3,22.2,Out,200
2026-07-01T14:50:00,21.9,21.9265,22.1,22.2,Out,200
2026-07-01T15:00:00,21.9,21.9223,22.1,22.2,Out,200
2026-07-01T15:10:00,21.9,21.9237,22.1,22.2,Out,200
2026-07-01T15:20:00,21.9,21.9278,22.1,22.1,Out,200
2026-07-01T15:30:00,21.9,21.9333,22.1,22.1,Out,200
2026-07-01T15:40:00,21.9,21.9416,22.1,22.2,Out,200
2026-07-01T15:50:00,21.9,21.9567,22.1,22.2,Out,200
2026-07-01T16:00:00,22,21.9759,22.1,22.2,Out,200
2026-07-01T16:10:00,22,21.98,22.1,22.2,Out,200
2026-07-01T16:20:00,22,21.9855,22.2,22.2,Out,200
2026-07-01T16:30:00,22,21.9965,22.1,22.2,Out,200
2026-07-01T16:40:00,22,22.0061,22.1,22.2,Out,200
2026-07-01T16:50:00,22,22.0198,22.2,22.2,Out,200
2026-07-01T17:00:00,22,22.0281,22.2,22.2,Out,200
2026-07-01T17:10:00,22,22.0363,22.2,22.2,Out,200
2026-07-01T17:20:00,22.1,22.1009,22.3,22.2,Out,200
2026-07-01T17:30:00,22.1,22.1476,22.2,22.3,Out,200
2026-07-01T17:40:00,22.1,22.171,22.2,22.3,Out,200
2026-07-01T17:50:00,22,22.1352,22.2,22.3,Out,200
2026-07-01T18:00:00,22,22.0968,22.3,22.4,Out,200
2026-07-01T18:10:00,22,22.083,22.4,22.4,Out,200
2026-07-01T18:20:00,22.1,22.1036,22.4,22.5,Out,200
2026-07-01T18:30:00,22.1,22.1078,22.3,22.4,Out,200
2026-07-01T18:40:00,22.1,22.1078,22.3,22.4,Out,200
2026-07-01T18:50:00,22.1,22.0995,22.3,22.4,Out,200
2026-07-01T19:00:00,22.1,22.083,22.4,22.4,Out,200
2026-07-01T19:10:00,22,22.072,22.3,22.4,Out,200
2026-07-01T19:20:00,22,22.0446,22.3,22.3,Out,200
2026-07-01T19:30:00,22,22.0322,22.3,22.3,Out,200
2026-07-01T19:40:00,22,22.0281,22.3,22.4,Out,200
2026-07-01T19:50:00,22,22.0171,22.2,22.3,Out,200
2026-07-01T20:00:00,22,21.9883,22.3,22.3,Out,200
2026-07-01T20:10:00,21.9,21.9525,22.2,22.3,Out,200
2026-07-01T20:20:00,21.9,21.8949,22.2,22.3,Out,200
2026-07-01T20:30:00,21.9,21.8921,22.3,22.2,Out,200
2026-07-01T20:40:00,21.9,21.9017,22.1,22.2,Out,200
2026-07-01T20:50:00,21.9,21.9045,22.1,22.2,Out,200
2026-07-01T21:00:00,21.9,21.9072,22.1,22.1,Out,200
2026-07-01T21:10:00,21.9,21.921,22.1,22.1,Out,200
2026-07-01T21:20:00,21.9,21.9416,22.1,22.2,Out,200
2026-07-01T21:30:00,21.9,21.9512,22.1,22.2,Out,200
2026-07-01T21:40:00,21.9,21.958,22.1,22.1,Out,200
2026-07-01T21:50:00,22,21.9594,22.1,22.2,Out,200
2026-07-01T22:00:00,21.9,21.9594,22.2,22.2,Out,200
2026-07-01T22:10:00,22,21.9567,22.1,22.2,Out,200
2026-07-01T22:20:00,21.9,21.9539,22.2,22.2,Out,200
2026-07-01T22:30:00,21.9,21.9525,22.1,22.2,Out,200
2026-07-01T22:40:00,21.9,21.9484,22.1,22.2,Out,200
2026-07-01T22:50:00,21.9,21.9457,22.1,22.2,Out,200
2026-07-01T23:00:00,21.9,21.9429,22.1,22.2,Out,200
2026-07-01T23:10:00,21.9,21.9416,22.1,22.2,Out,200
2026-07-01T23:20:00,21.9,21.9402,22.2,22.2,Out,200
2026-07-01T23:30:00,21.9,21.9237,22.2,22.2,Out,200
2026-07-01T23:40:00,21.9,21.921,22.1,22.2,Out,200
2026-07-01T23:50:00,21.9,21.9223,22.1,22.2,Out,200
2026-07-02T00:00:00,21.9,21.921,22.1,22.2,Out,200
2026-07-02T00:10:00,21.9,21.921,22.1,22.2,Out,200
2026-07-02T00:20:00,21.9,21.9196,22.1,22.2,Out,200
2026-07-02T00:30:00,21.9,21.9182,22.1,22.1,Out,200
2026-07-02T00:40:00,21.9,21.9223,22.1,22.2,Out,200
2026-07-02T00:50:00,21.9,21.9251,22.1,22.2,Out,200
2026-07-02T01:00:00,21.9,21.9237,22.1,22.2,Out,200
2026-07-02T01:10:00,21.9,21.9237,22.1,22.2,Out,200
2026-07-02T01:20:00,21.9,21.9223,22.1,22.1,Out,200
2026-07-02T01:30:00,21.9,21.9237,22.1,22.2,Out,200
2026-07-02T01:40:00,21.9,21.9251,22.1,22.2,Out,200
2026-07-02T01:50:00,21.9,21.9278,22.1,22.1,Out,200
2026-07-02T02:00:00,21.9,21.932,22.2,22.2,Out,200
2026-07-02T02:10:00,21.9,21.932,22.1,22.2,Out,200
2026-07-02T02:20:00,21.9,21.9333,22.1,22.2,Out,200
2026-07-02T02:30:00,21.9,21.9333,22.1,22.2,Out,200
2026-07-02T02:40:00,21.9,21.932,22.1,22.2,Out,200
2026-07-02T02:50:00,21.9,21.9306,22.1,22.1,Out,200
2026-07-02T03:00:00,21.9,21.9306,22.1,22.2,Out,200
2026-07-02T03:10:00,21.9,21.9265,22.1,22.1,Out,200
2026-07-02T03:20:00,21.9,21.9155,22.1,22.1,Out,200
2026-07-02T03:30:00,21.9,21.9127,22.1,22.2,Out,200
2026-07-02T03:40:00,21.9,21.9182,22.1,22.2,Out,200
2026-07-02T03:50:00,21.9,21.9168,22.1,22.2,Out,200
2026-07-02T04:00:00,21.9,21.9127,22.1,22.1,Out,200
2026-07-02T04:10:00,21.9,21.9114,22.1,22.2,Out,200
2026-07-02T04:20:00,21.9,21.9114,22.2,22.2,Out,200
2026-07-02T04:30:00,21.9,21.9155,22.1,22.2,Out,200
2026-07-02T04:40:00,21.9,21.9223,22.1,22.2,Out,200
2026-07-02T04:50:00,21.9,21.9278,22.2,22.2,Out,200
2026-07-02T05:00:00,21.9,21.932,22.1,22.2,Out,200
2026-07-02T05:10:00,21.9,21.9512,22.1,22.2,Out,200
2026-07-02T05:20:00,22,21.9608,22.1,22.2,Out,200
2026-07-02T05:30:00,21.9,21.9622,22.1,22.2,Out,200
2026-07-02T05:40:00,22,21.9663,22.2,22.2,Out,200
2026-07-02T05:50:00,22,21.9731,22.2,22.2,Out,200
2026-07-02T06:00:00,22,21.9759,22.2,22.2,Out,200
2026-07-02T06:10:00,21.9,21.9786,22.2,22.2,Out,200
2026-07-02T06:20:00,22,21.9759,22.1,22.2,Out,200
2026-07-02T06:30:00,22,21.9979,22.2,22.3,Out,200
2026-07-02T06:40:00,22,22.0336,22.2,22.3,Out,200
2026-07-02T06:50:00,22,22.0322,22.2,22.3,Out,200
2026-07-02T07:00:00,22,22.0226,22.2,22.3,Out,200
2026-07-02T07:10:00,22,22.0322,22.2,22.3,Out,200
2026-07-02T07:20:00,22,22.0638,22.3,22.3,Out,200
2026-07-02T07:30:00,22.1,22.1078,22.2,22.3,Out,200
2026-07-02T07:40:00,22.1,22.1174,22.3,22.3,Out,200
2026-07-02T07:50:00,22.1,22.1023,22.2,22.4,Out,200
2026-07-02T08:00:00,22.1,22.0981,22.3,22.4,Out,200
2026-07-02T08:10:00,22.1,22.1091,22.3,22.4,Out,200
2026-07-02T08:20:00,22.1,22.0981,22.3,22.4,Out,200
2026-07-02T08:30:00,22.1,22.0844,22.4,22.4,Out,200
2026-07-02T08:40:00,22,22.0569,22.3,22.4,Out,200
2026-07-02T08:50:00,22,22.0363,22.4,22.4,Out,200
2026-07-02T09:00:00,22,22.0501,22.3,22.4,Out,200
2026-07-02T09:10:00,22,22.0542,22.3,22.3,Out,200
2026-07-02T09:20:00,22,22.0418,22.2,22.3,Out,200
2026-07-02T09:30:00,21.9,21.9649,22.3,22.3,Out,200
2026-07-02T09:40:00,21.9,21.9553,22.3,22.3,Out,200
2026-07-02T09:50:00,21.9,21.9525,22.3,22.3,Out,200
2026-07-02T10:00:00,22,21.9525,22.2,22.3,Out,200
2026-07-02T10:10:00,21.9,21.9498,22.1,22.3,Out,200
2026-07-02T10:20:00,21.9,21.9127,22.2,22.3,Out,200
2026-07-02T10:30:00,21.9,21.9443,22.1,22.2,Out,200
2026-07-02T10:40:00,21.9,21.9553,22.2,22.2,Out,200
2026-07-02T10:50:00,21.9,21.9677,22.1,22.2,Out,200
2026-07-02T11:00:00,21.9,21.9718,22.2,22.2,Out,200
2026-07-02T11:10:00,21.9,21.9731,22.1,22.2,Out,200
2026-07-02T11:20:00,21.9,21.9814,22.1,22.2,Out,200
2026-07-02T11:30:00,22,21.9855,22.2,22.2,Out,200
2026-07-02T11:40:00,22,21.98,22.2,22.2,Out,200
2026-07-02T11:50:00,21.9,21.9622,22.2,22.2,Out,200
2026-07-02T12:00:00,22,21.9594,22.1,22.2,Out,200
2026-07-02T12:10:00,21.9,21.9567,22.2,22.2,Out,200
2026-07-02T12:20:00,21.9,21.9512,22.2,22.2,Out,200
2026-07-02T12:30:00,22,21.9525,22.2,22.2,Out,200
2026-07-02T12:40:00,21.9,21.9512,22.2,22.2,Out,200
2026-07-02T12:50:00,21.9,21.9471,22.1,22.2,Out,200
2026-07-02T13:00:00,21.9,21.9429,22.1,22.2,Out,200
2026-07-02T13:10:00,21.9,21.9429,22.1,22.1,Out,200
2026-07-02T13:20:00,21.9,21.9402,22.1,22.2,Out,200
2026-07-02T13:30:00,21.9,21.932,22.1,22.1,Out,200
2026-07-02T13:40:00,21.9,21.9333,22.1,22.2,Out,200
2026-07-02T13:50:00,21.9,21.9347,22.1,22.2,Out,200
2026-07-02T14:00:00,21.9,21.9374,22.2,22.2,Out,200
2026-07-02T14:10:00,21.9,21.9388,22.2,22.1,Out,200
2026-07-02T14:20:00,21.9,21.9388,22.1,22.2,Out,200
2026-07-02T14:30:00,21.9,21.9374,22.1,22.2,Out,200
2026-07-02T14:40:00,21.9,21.9443,22.1,22.2,Out,200
2026-07-02T14:50:00,21.9,21.9512,22.1,22.2,Out,200
2026-07-02T15:00:00,21.9,21.9539,22.1,22.2,Out,200
2026-07-02T15:10:00,21.9,21.9498,22.1,22.2,Out,200
2026-07-02T15:20:00,21.9,21.9457,22.2,22.2,Out,200
2026-07-02T15:30:00,21.9,21.9484,22.1,22.1,Out,200
2026-07-02T15:40:00,21.9,21.9525,22.1,22.2,Out,200
2026-07-02T15:50:00,22,21.9622,22.1,22.2,Out,200
2026-07-02T16:00:00,22,21.9759,22.1,22.2,Out,200
2026-07-02T16:10:00,22,21.9828,22.1,22.2,Out,200
2026-07-02T16:20:00,22,21.9883,22.2,22.2,Out,200
2026-07-02T16:30:00,22,21.991,22.1,22.2,Out,200
2026-07-02T16:40:00,22,21.9951,22.1,22.2,Out,200
2026-07-02T16:50:00,22,21.9992,22.2,22.2,Out,200
2026-07-02T17:00:00,22,22.0047,22.1,22.2,Out,200
2026-07-02T17:10:00,22,22.0034,22.1,22.3,Out,200
2026-07-02T17:20:00,22,22.0075,22.2,22.2,Out,200
2026-07-02T17:30:00,22,22.013,22.2,22.2,Out,200
2026-07-02T17:40:00,22,22.0295,22.2,22.2,Out,200
2026-07-02T17:50:00,22.1,22.1064,22.2,22.3,Out,200
2026-07-02T18:00:00,22.1,22.171,22.2,22.2,Out,200
2026-07-02T18:10:00,22.2,22.2191,22.2,22.3,Out,200
2026-07-02T18:20:00,22.2,22.2328,22.3,22.4,Out,200
2026-07-02T18:30:00,22.2,22.2012,22.3,22.4,Out,200
2026-07-02T18:40:00,22.2,22.1874,22.4,22.5,Out,200
2026-07-02T18:50:00,22.2,22.1916,22.4,22.5,Out,200
2026-07-02T19:00:00,22.2,22.1957,22.4,22.6,Out,200
2026-07-02T19:10:00,22.2,22.1929,22.3,22.5,Out,200
2026-07-02T19:20:00,22.2,22.1847,22.4,22.4,Out,200
2026-07-02T19:30:00,22.1,22.0789,22.4,22.4,Out,200
2026-07-02T19:40:00,22,22.0528,22.4,22.4,Out,200
2026-07-02T19:50:00,22,22.0432,22.4,22.5,Out,200
2026-07-02T20:00:00,22,22.0404,22.4,22.4,Out,200
2026-07-02T20:10:00,22,22.0349,22.3,22.3,Out,200
2026-07-02T20:20:00,22,22.0281,22.3,22.4,Out,200
2026-07-02T20:30:00,22,22.0185,22.2,22.3,Out,200
2026-07-02T20:40:00,22,22.0116,22.2,22.2,Out,200
2026-07-02T20:50:00,22,21.9924,22.3,22.3,Out,200
2026-07-02T21:00:00,22,21.9704,22.2,22.2,Out,200
2026-07-02T21:10:00,22,21.9718,22.2,22.2,Out,200
2026-07-02T21:20:00,22,21.969,22.2,22.3,Out,200
2026-07-02T21:30:00,22,21.969,22.2,22.2,Out,200
2026-07-02T21:40:00,22,21.9759,22.1,22.2,Out,200
2026-07-02T21:50:00,22,21.9773,22.2,22.3,Out,200
2026-07-02T22:00:00,21.9,21.98,22.2,22.2,Out,200
2026-07-02T22:10:00,21.9,21.98,22.1,22.2,Out,200
2026-07-02T22:20:00,22,21.98,22.2,22.2,Out,200
2026-07-02T22:30:00,22,21.9814,22.2,22.2,Out,200
2026-07-02T22:40:00,22,21.9828,22.2,22.2,Out,200
2026-07-02T22:50:00,22,21.9828,22.2,22.2,Out,200
2026-07-02T23:00:00,21.9,21.98,22.2,22.2,Out,200
2026-07-02T23:10:00,22,21.9635,22.2,22.2,Out,200
2026-07-02T23:20:00,21.9,21.9525,22.1,22.2,Out,200
2026-07-02T23:30:00,21.9,21.9512,22.2,22.2,Out,200
2026-07-02T23:40:00,22,21.9484,22.1,22.2,Out,200
2026-07-02T23:50:00,21.9,21.9471,22.2,22.2,Out,200
2026-07-03T00:00:00,21.9,21.9525,22.1,22.2,Out,200
2026-07-03T00:10:00,21.9,21.9594,22.1,22.2,Out,200
2026-07-03T00:20:00,22,21.9635,22.2,22.2,Out,200
2026-07-03T00:30:00,22,21.9635,22.2,22.2,Out,200
2026-07-03T00:40:00,21.9,21.9649,22.1,22.2,Out,200
2026-07-03T00:50:00,21.9,21.9525,22.1,22.2,Out,200
2026-07-03T01:00:00,21.9,21.9402,22.1,22.2,Out,200
2026-07-03T01:10:00,21.9,21.9347,22.2,22.1,Out,200
2026-07-03T01:20:00,21.9,21.9333,22.2,22.2,Out,200
2026-07-03T01:30:00,21.9,21.9361,22.1,22.2,Out,200
2026-07-03T01:40:00,21.9,21.9388,22.1,22.2,Out,200
2026-07-03T01:50:00,21.9,21.9429,22.1,22.2,Out,200
2026-07-03T02:00:00,21.9,21.9457,22.1,22.2,Out,200
2026-07-03T02:10:00,21.9,21.9553,22.1,22.2,Out,200
2026-07-03T02:20:00,22,21.9649,22.1,22.1,Out,200
2026-07-03T02:30:00,22,21.9814,22.1,22.2,Out,200
2026-07-03T02:40:00,22,21.9814,22.1,22.2,Out,200
2026-07-03T02:50:00,22,21.9965,22.1,22.2,Out,200
2026-07-03T03:00:00,22,22.0075,22.2,22.3,Out,200
2026-07-03T03:10:00,22,22.0116,22.1,22.2,Out,200
2026-07-03T03:20:00,22,22.0198,22.2,22.3,Out,200
2026-07-03T03:30:00,22,22.0089,22.2,22.3,Out,200
2026-07-03T03:40:00,22,21.991,22.2,22.3,Out,200
2026-07-03T03:50:00,22,21.9773,22.3,22.2,Out,200
2026-07-03T04:00:00,22,21.9704,22.2,22.3,Out,200
2026-07-03T04:10:00,21.9,21.9484,22.2,22.3,Out,200
2026-07-03T04:20:00,21.9,21.9168,22.2,22.2,Out,200
2026-07-03T04:30:00,21.9,21.9086,22.2,22.2,Out,200
2026-07-03T04:40:00,21.9,21.9017,22.2,22.2,Out,200
2026-07-03T04:50:00,21.9,21.899,22.1,22.2,Out,200
2026-07-03T05:00:00,21.9,21.9086,22.1,22.1,Out,200
2026-07-03T05:10:00,21.9,21.9168,22.1,22.2,Out,200
2026-07-03T05:20:00,21.9,21.9416,22.1,22.1,Out,200
2026-07-03T05:30:00,21.9,21.9429,22.1,22.2,Out,200
2026-07-03T05:40:00,21.9,21.9388,22.1,22.2,Out,200
2026-07-03T05:50:00,21.9,21.9498,22.1,22.2,Out,200
2026-07-03T06:00:00,21.9,21.9663,22.1,22.2,Out,200
2026-07-03T06:10:00,22,21.9704,22.2,22.2,Out,200
2026-07-03T06:20:00,22,21.9828,22.1,22.2,Out,200
2026-07-03T06:30:00,22,22.0404,22.2,22.3,Out,200
2026-07-03T06:40:00,22.1,22.1146,22.1,22.2,Out,200
2026-07-03T06:50:00,22.1,22.138,22.2,22.2,Out,200
2026-07-03T07:00:00,22.1,22.138,22.1,22.3,Out,200
2026-07-03T07:10:00,22.1,22.1325,22.3,22.3,Out,200
2026-07-03T07:20:00,22.1,22.1105,22.4,22.4,Out,200
2026-07-03T07:30:00,22.1,22.0968,22.4,22.5,Out,200
2026-07-03T07:40:00,22.1,22.1009,22.5,22.5,Out,200
2026-07-03T07:50:00,22,22.0665,22.3,22.4,Out,200
2026-07-03T08:00:00,22,22.0624,22.3,22.4,Out,200
2026-07-03T08:10:00,22.1,22.0762,22.4,22.4,Out,200
2026-07-03T08:20:00,22,22.0789,22.3,22.4,Out,200
2026-07-03T08:30:00,22.1,22.0844,22.2,22.4,Out,200
2026-07-03T08:40:00,22.1,22.0885,22.3,22.4,Out,200
2026-07-03T08:50:00,22,22.0295,22.3,22.3,Out,200
2026-07-03T09:00:00,22,22.0198,22.3,22.4,Out,200
2026-07-03T09:10:00,22,22.0143,22.3,22.4,Out,200
2026-07-03T09:20:00,22,22.0185,22.3,22.3,Out,200
2026-07-03T09:30:00,22,22.0253,22.3,22.3,Out,200
2026-07-03T09:40:00,22,22.0336,22.2,22.3,Out,200
2026-07-03T09:50:00,22,22.0459,22.3,22.3,Out,200
2026-07-03T10:00:00,22,22.0624,22.3,22.3,Out,200
2026-07-03T10:10:00,22.1,22.0789,22.3,22.4,Out,200
2026-07-03T10:20:00,22,22.0789,22.3,22.2,Out,200
2026-07-03T10:30:00,22,22.0418,22.3,22.3,Out,200
2026-07-03T10:40:00,22,22.0253,22.3,22.3,Out,200
2026-07-03T10:50:00,21.9,21.9594,22.3,22.3,Out,200
2026-07-03T11:00:00,21.9,21.9484,22.3,22.3,Out,200
2026-07-03T11:10:00,22,21.9608,22.3,22.3,Out,200
2026-07-03T11:20:00,21.9,21.9594,22.3,22.3,Out,200
2026-07-03T11:30:00,22,21.9635,22.1,22.2,Out,200
2026-07-03T11:40:00,22,21.9622,22.2,22.2,Out,200
2026-07-03T11:50:00,22,21.9663,22.2,22.2,Out,200
2026-07-03T12:00:00,21.9,21.9718,22.1,22.2,Out,200
2026-07-03T12:10:00,22,21.9745,22.2,22.2,Out,200
2026-07-03T12:20:00,21.9,21.969,22.2,22.2,Out,200
2026-07-03T12:30:00,22,21.969,22.2,22.3,Out,200
2026-07-03T12:40:00,22,21.9718,22.2,22.2,Out,200
2026-07-03T12:50:00,22,21.9731,22.1,22.1,Out,200
2026-07-03T13:00:00,22,21.9773,22.2,22.2,Out,200
2026-07-03T13:10:00,22,21.9786,22.2,22.2,Out,200
2026-07-03T13:20:00,22,21.9855,22.2,22.2,Out,200
2026-07-03T13:30:00,22,21.9896,22.2,22.2,Out,200
2026-07-03T13:40:00,22,21.9814,22.2,22.2,Out,200
2026-07-03T13:50:00,22,21.9759,22.2,22.2,Out,200
2026-07-03T14:00:00,22,21.9704,22.1,22.2,Out,200
2026-07-03T14:10:00,22,21.9773,22.1,22.2,Out,200
2026-07-03T14:20:00,22,21.9786,22.2,22.2,Out,200
2026-07-03T14:30:00,22,21.9841,22.2,22.3,Out,200
2026-07-03T14:40:00,22,21.9937,22.2,22.2,Out,200
2026-07-03T14:50:00,22,21.9979,22.2,22.2,Out,200
2026-07-03T15:00:00,22,21.9965,22.1,22.2,Out,200
2026-07-03T15:10:00,22,21.9924,22.2,22.2,Out,200
2026-07-03T15:20:00,22,21.9951,22.2,22.2,Out,200
2026-07-03T15:30:00,22,21.9992,22.2,22.3,Out,200
2026-07-03T15:40:00,22,22.0102,22.2,22.2,Out,200
2026-07-03T15:50:00,22,22.0404,22.2,22.3,Out,200
2026-07-03T16:00:00,22,22.072,22.2,22.2,Out,200
2026-07-03T16:10:00,22,22.0913,22.2,22.3,Out,200
2026-07-03T16:20:00,22.1,22.1297,22.3,22.3,Out,200
2026-07-03T16:30:00,22.1,22.1613,22.3,22.4,Out,200
2026-07-03T16:40:00,22.1,22.1682,22.2,22.4,Out,200
2026-07-03T16:50:00,22.1,22.1229,22.3,22.5,Out,200
2026-07-03T17:00:00,22.1,22.0913,22.4,22.5,Out,200
2026-07-03T17:10:00,22.1,22.1449,22.4,22.4,Out,200
2026-07-03T17:20:00,22.2,22.2094,22.4,22.4,Out,200
2026-07-03T17:30:00,22.2,22.2438,22.3,22.4,Out,200
2026-07-03T17:40:00,22.2,22.2685,22.4,22.4,Out,200
2026-07-03T17:50:00,22.2,22.2177,22.4,22.4,Out,200
2026-07-03T18:00:00,22.2,22.2507,22.4,22.5,Out,200
2026-07-03T18:10:00,22.2,22.2562,22.4,22.5,Out,200
2026-07-03T18:20:00,22.3,22.2754,22.5,22.5,Out,200
2026-07-03T18:30:00,22.2,22.2685,22.6,22.5,Out,200
2026-07-03T18:40:00,22.2,22.2493,22.5,22.5,Out,200
2026-07-03T18:50:00,22.2,22.2218,22.4,22.6,Out,200
2026-07-03T19:00:00,22.2,22.1971,22.5,22.6,Out,200
2026-07-03T19:10:00,22.2,22.1778,22.6,22.6,Out,200
2026-07-03T19:20:00,22.1,22.1545,22.4,22.5,Out,200
2026-07-03T19:30:00,22,22.0624,22.4,22.4,Out,200
2026-07-03T19:40:00,22,22.0418,22.4,22.4,Out,200
2026-07-03T19:50:00,22,22.0391,22.4,22.4,Out,200
2026-07-03T20:00:00,22,22.0418,22.3,22.4,Out,200
2026-07-03T20:10:00,22,22.0404,22.3,22.3,Out,200
2026-07-03T20:20:00,22,22.0363,22.3,22.3,Out,200
2026-07-03T20:30:00,22,22.0349,22.2,22.3,Out,200
2026-07-03T20:40:00,22,22.0349,22.3,22.3,Out,200
2026-07-03T20:50:00,22,22.0349,22.3,22.3,Out,200
2026-07-03T21:00:00,22,22.0363,22.2,22.3,Out,200
2026-07-03T21:10:00,22,22.0391,22.3,22.3,Out,200
2026-07-03T21:20:00,22,21.991,22.2,22.3,Out,200
2026-07-03T21:30:00,22,22.0308,22.3,22.2,Out,200
2026-07-03T21:40:00,22,22.0459,22.2,22.3,Out,200
2026-07-03T21:50:00,22,22.0363,22.3,22.3,Out,200
2026-07-03T22:00:00,22,22.0171,22.2,22.3,Out,200
2026-07-03T22:10:00,22,22.0061,22.3,22.3,Out,200
2026-07-03T22:20:00,22,21.9924,22.3,22.3,Out,200
2026-07-03T22:30:00,22,21.9992,22.3,22.3,Out,200
2026-07-03T22:40:00,22,22.002,22.2,22.3,Out,200
2026-07-03T22:50:00,22,22.0102,22.2,22.2,Out,200
2026-07-03T23:00:00,22,22.0267,22.2,22.2,Out,200
2026-07-03T23:10:00,22,22.0295,22.2,22.3,Out,200
2026-07-03T23:20:00,22,22.024,22.2,22.3,Out,200
2026-07-03T23:30:00,22,22.0143,22.2,22.3,Out,200
2026-07-03T23:40:00,22,21.9731,22.2,22.3,Out,200
2026-07-03T23:50:00,21.9,21.9594,22.2,22.3,Out,200
2026-07-04T00:00:00,21.9,21.9553,22.2,22.3,Out,200
2026-07-04T00:10:00,21.9,21.9622,22.2,22.3,Out,200
2026-07-04T00:20:00,21.9,21.9622,22.1,22.2,Out,200
2026-07-04T00:30:00,21.9,21.969,22.2,22.2,Out,200
2026-07-04T00:40:00,21.9,21.9704,22.2,22.2,Out,200
2026-07-04T00:50:00,21.9,21.9649,22.2,22.2,Out,200
2026-07-04T01:00:00,22,21.9663,22.2,22.3,Out,200
2026-07-04T01:10:00,21.9,21.9786,22.2,22.2,Out,200
2026-07-04T01:20:00,22,21.9718,22.2,22.2,Out,200
2026-07-04T01:30:00,22,21.9937,22.1,22.2,Out,200
2026-07-04T01:40:00,22,22.0089,22.2,22.2,Out,200
2026-07-04T01:50:00,22,22.0116,22.2,22.2,Out,200
2026-07-04T02:00:00,22,22.0075,22.2,22.2,Out,200
2026-07-04T02:10:00,22,22.002,22.2,22.2,Out,200
2026-07-04T02:20:00,21.9,21.9841,22.2,22.2,Out,200
2026-07-04T02:30:00,22,21.9841,22.2,22.3,Out,200
2026-07-04T02:40:00,22,21.9855,22.2,22.3,Out,200
2026-07-04T02:50:00,21.9,21.9512,22.2,22.3,Out,200
2026-07-04T03:00:00,21.9,21.9196,22.2,22.3,Out,200
2026-07-04T03:10:00,21.9,21.9059,22.2,22.3,Out,200
2026-07-04T03:20:00,21.9,21.9196,22.2,22.2,Out,200
2026-07-04T03:30:00,21.9,21.9223,22.1,22.2,Out,200
2026-07-04T03:40:00,21.9,21.9237,22.1,22.1,Out,200
2026-07-04T03:50:00,21.9,21.9292,22.1,22.2,Out,200
2026-07-04T04:00:00,21.9,21.9416,22.1,22.1,Out,200
2026-07-04T04:10:00,22,21.9498,22.1,22.2,Out,200
2026-07-04T04:20:00,21.9,21.9567,22.1,22.2,Out,200
2026-07-04T04:30:00,21.9,21.9608,22.1,22.2,Out,200
2026-07-04T04:40:00,22,22.0006,22.1,22.2,Out,200
2026-07-04T04:50:00,22,22.0597,22.2,22.2,Out,200
2026-07-04T05:00:00,22.1,22.0844,22.1,22.2,Out,200
2026-07-04T05:10:00,22.1,22.0817,22.2,22.2,Out,200
2026-07-04T05:20:00,22.1,22.0652,22.2,22.3,Out,200
2026-07-04T05:30:00,22.1,22.0693,22.3,22.4,Out,200
2026-07-04T05:40:00,22.1,22.1174,22.3,22.3,Out,200
2026-07-04T05:50:00,22.3,22.3606,22.3,22.4,Out,200
2026-07-04T06:00:00,22.4,22.4445,22.2,22.4,Out,200
2026-07-04T06:10:00,22.4,22.4445,22.3,22.3,Out,200
2026-07-04T06:20:00,22.4,22.439,22.4,22.5,Out,200
2026-07-04T06:30:00,22.4,22.4693,22.7,22.8,Out,200
2026-07-04T06:40:00,22.3,22.3799,22.7,22.8,Out,200
2026-07-04T06:50:00,22.2,22.1998,22.7,22.7,Out,200
2026-07-04T07:00:00,22.1,22.1723,22.6,22.7,Out,200
2026-07-04T07:10:00,22.2,22.1723,22.7,22.7,Out,200
2026-07-04T07:20:00,22.1,22.1668,22.5,22.6,Out,200
2026-07-04T07:30:00,22.1,22.1682,22.5,22.5,Out,200
2026-07-04T07:40:00,22.2,22.1737,22.4,22.5,Out,200
2026-07-04T07:50:00,22.1,22.1613,22.4,22.4,Out,200
2026-07-04T08:00:00,22.1,22.1531,22.4,22.4,Out,200
2026-07-04T08:10:00,22.1,22.1462,22.4,22.4,Out,200
2026-07-04T08:20:00,22.1,22.149,22.4,22.4,Out,200
2026-07-04T08:30:00,22.1,22.1503,22.4,22.4,Out,200
2026-07-04T08:40:00,22.1,22.149,22.4,22.4,Out,200
2026-07-04T08:50:00,22.1,22.149,22.4,22.4,Out,200
2026-07-04T09:00:00,22.1,22.1531,22.4,22.4,Out,200
2026-07-04T09:10:00,22.1,22.1655,22.3,22.4,Out,200
2026-07-04T09:20:00,22.1,22.182,22.3,22.4,Out,200
2026-07-04T09:30:00,22.1,22.1668,22.4,22.4,Out,200
2026-07-04T09:40:00,22.1,22.1696,22.4,22.4,Out,200
2026-07-04T09:50:00,22,22.0363,22.4,22.5,Out,200
2026-07-04T10:00:00,22,22.0226,22.4,22.5,Out,200
2026-07-04T10:10:00,22,22.0267,22.4,22.5,Out,200
2026-07-04T10:20:00,22,22.0404,22.4,22.4,Out,200
2026-07-04T10:30:00,22,22.0542,22.2,22.3,Out,200
2026-07-04T10:40:00,22,22.0679,22.3,22.3,Out,200
2026-07-04T10:50:00,22,22.0871,22.2,22.4,Out,200
2026-07-04T11:00:00,22.1,22.0748,22.2,22.4,Out,200
2026-07-04T11:10:00,22.1,22.0817,22.3,22.3,Out,200
2026-07-04T11:20:00,22.1,22.0871,22.3,22.3,Out,200
2026-07-04T11:30:00,22,22.0775,22.3,22.4,Out,200
2026-07-04T11:40:00,22,22.0569,22.3,22.3,Out,200
2026-07-04T11:50:00,22,22.0391,22.3,22.3,Out,200
2026-07-04T12:00:00,22,22.0418,22.3,22.4,Out,200
2026-07-04T12:10:00,22,22.0432,22.3,22.4,Out,200
2026-07-04T12:20:00,22,22.0295,22.3,22.3,Out,200
2026-07-04T12:30:00,22,21.9924,22.3,22.3,Out,200
2026-07-04T12:40:00,22,21.9828,22.2,22.3,Out,200
2026-07-04T12:50:00,22,21.9855,22.2,22.3,Out,200
2026-07-04T13:00:00,22,22.0006,22.2,22.3,Out,200
2026-07-04T13:10:00,22,22.0089,22.2,22.2,Out,200
2026-07-04T13:20:00,22,21.9937,22.2,22.3,Out,200
2026-07-04T13:30:00,22,22.002,22.2,22.3,Out,200
2026-07-04T13:40:00,22,21.9979,22.2,22.3,Out,200
2026-07-04T13:50:00,22,21.9924,22.2,22.3,Out,200
2026-07-04T14:00:00,22,21.9937,22.2,22.2,Out,200
2026-07-04T14:10:00,22,21.9979,22.2,22.2,Out,200
2026-07-04T14:20:00,22,21.9992,22.2,22.3,Out,200
2026-07-04T14:30:00,22,21.9992,22.1,22.2,Out,200
2026-07-04T14:40:00,22,21.9979,22.2,22.3,Out,200
2026-07-04T14:50:00,22,21.9979,22.2,22.2,Out,200
2026-07-04T15:00:00,22,22.0006,22.2,22.2,Out,200
2026-07-04T15:10:00,22,22.0006,22.2,22.2,Out,200
2026-07-04T15:20:00,22,22.0047,22.2,22.3,Out,200
2026-07-04T15:30:00,22,22.0034,22.2,22.2,Out,200
2026-07-04T15:40:00,22,22.0089,22.2,22.2,Out,200
2026-07-04T15:50:00,22,22.0171,22.2,22.2,Out,200
2026-07-04T16:00:00,22,22.0185,22.2,22.3,Out,200
2026-07-04T16:10:00,22,22.0226,22.2,22.2,Out,200
2026-07-04T16:20:00,22,22.0267,22.3,22.2,Out,200
2026-07-04T16:30:00,22,22.0295,22.2,22.2,Out,200
2026-07-04T16:40:00,22,22.0322,22.2,22.2,Out,200
2026-07-04T16:50:00,22.1,22.0885,22.2,22.3,Out,200
2026-07-04T17:00:00,22.1,22.1215,22.2,22.3,Out,200
2026-07-04T17:10:00,22,22.094,22.2,22.3,Out,200
2026-07-04T17:20:00,22.1,22.0926,22.2,22.4,Out,200
2026-07-04T17:30:00,22.2,22.1517,22.4,22.4,Out,200
2026-07-04T17:40:00,22.1,22.1641,22.3,22.5,Out,200
2026-07-04T17:50:00,22.2,22.1696,22.3,22.4,Out,200
2026-07-04T18:00:00,22.2,22.1723,22.3,22.4,Out,200
2026-07-04T18:10:00,22.2,22.2094,22.3,22.5,Out,200
2026-07-04T18:20:00,22.2,22.2342,22.4,22.4,Out,200
2026-07-04T18:30:00,22.2,22.2191,22.4,22.4,Out,200
2026-07-04T18:40:00,22.2,22.2094,22.4,22.4,Out,200
2026-07-04T18:50:00,22.2,22.2026,22.4,22.5,Out,200
2026-07-04T19:00:00,22.2,22.2053,22.5,22.5,Out,200
2026-07-04T19:10:00,22.2,22.2053,22.4,22.5,Out,200
2026-07-04T19:20:00,22.2,22.2177,22.4,22.5,Out,200
2026-07-04T19:30:00,22.2,22.23,22.4,22.4,Out,200
2026-07-04T19:40:00,22.2,22.2534,22.4,22.5,Out,200
2026-07-04T19:50:00,22.2,22.2369,22.4,22.4,Out,200
2026-07-04T20:00:00,22.2,22.1971,22.5,22.5,Out,200
2026-07-04T20:10:00,22.1,22.1558,22.5,22.5,Out,200
2026-07-04T20:20:00,22.1,22.1146,22.4,22.5,Out,200
2026-07-04T20:30:00,22.1,22.1174,22.4,22.4,Out,200
2026-07-04T20:40:00,22.1,22.1668,22.4,22.5,Out,200
2026-07-04T20:50:00,22.1,22.1874,22.3,22.4,Out,200
2026-07-04T21:00:00,22.1,22.1325,22.3,22.4,Out,200
2026-07-04T21:10:00,22,22.0569,22.4,22.5,Out,200
2026-07-04T21:20:00,22,22.0583,22.4,22.5,Out,200
2026-07-04T21:30:00,22,22.0583,22.4,22.4,Out,200
2026-07-04T21:40:00,22,22.0693,22.3,22.4,Out,200
2026-07-04T21:50:00,22.1,22.0775,22.2,22.3,Out,200
2026-07-04T22:00:00,22.1,22.0693,22.3,22.4,Out,200
2026-07-04T22:10:00,22.1,22.0679,22.3,22.4,Out,200
2026-07-04T22:20:00,22,22.0844,22.3,22.4,Out,200
2026-07-04T22:30:00,22,22.0789,22.2,22.4,Out,200
2026-07-04T22:40:00,22.1,22.0679,22.3,22.4,Out,200
2026-07-04T22:50:00,22,22.0556,22.3,22.4,Out,200
2026-07-04T23:00:00,22,22.0597,22.3,22.4,Out,200
2026-07-04T23:10:00,22.1,22.0954,22.3,22.3,Out,200
2026-07-04T23:20:00,22.1,22.127,22.3,22.3,Out,200
2026-07-04T23:30:00,22.1,22.116,22.3,22.3,Out,200
2026-07-04T23:40:00,22.1,22.1023,22.3,22.4,Out,200
2026-07-04T23:50:00,22.1,22.0995,22.3,22.4,Out,200
2026-07-05T00:00:00,22.1,22.0995,22.4,22.4,Out,200
2026-07-05T00:10:00,22.1,22.0981,22.3,22.3,Out,200
2026-07-05T00:20:00,22.1,22.105,22.3,22.4,Out,200
2026-07-05T00:30:00,22,22.0569,22.3,22.4,Out,200
2026-07-05T00:40:00,22,22.0432,22.3,22.4,Out,200
2026-07-05T00:50:00,22,22.0583,22.3,22.4,Out,200
2026-07-05T01:00:00,22,22.0775,22.3,22.4,Out,200
2026-07-05T01:10:00,22,22.024,22.2,22.3,Out,200
2026-07-05T01:20:00,22,21.9814,22.3,22.3,Out,200
2026-07-05T01:30:00,21.9,21.969,22.3,22.4,Out,200
2026-07-05T01:40:00,21.9,21.9525,22.2,22.4,Out,200
2026-07-05T01:50:00,21.9,21.9567,22.1,22.3,Out,200
2026-07-05T02:00:00,22,21.9841,22.1,22.3,Out,200
2026-07-05T02:10:00,22,21.9992,22.1,22.3,Out,200
2026-07-05T02:20:00,22,22.0102,22.1,22.2,Out,200
2026-07-05T02:30:00,22,22.0432,22.1,22.1,Out,200
2026-07-05T02:40:00,22,22.061,22.2,22.2,Out,200
2026-07-05T02:50:00,22.1,22.0762,22.2,22.3,Out,200
2026-07-05T03:00:00,22,22.0817,22.3,22.3,Out,200
2026-07-05T03:10:00,22,22.0803,22.3,22.3,Out,200
2026-07-05T03:20:00,22,22.061,22.3,22.3,Out,200
2026-07-05T03:30:00,22,21.9704,22.3,22.3,Out,200
2026-07-05T03:40:00,22,21.9539,22.3,22.3,Out,200
2026-07-05T03:50:00,21.9,21.9539,22.3,22.3,Out,200
2026-07-05T04:00:00,21.9,21.9525,22.2,22.3,Out,200
2026-07-05T04:10:00,22,21.958,22.1,22.3,Out,200
2026-07-05T04:20:00,22,21.9663,22.1,22.2,Out,200
2026-07-05T04:30:00,21.9,21.9786,22.1,22.2,Out,200
2026-07-05T04:40:00,22,21.9896,22.2,22.1,Out,200
2026-07-05T04:50:00,21.9,21.9731,22.2,22.2,Out,200
2026-07-05T05:00:00,22,21.9855,22.2,22.2,Out,200
2026-07-05T05:10:00,22,21.9992,22.2,22.3,Out,200
2026-07-05T05:20:00,22,22.0404,22.2,22.3,Out,200
2026-07-05T05:30:00,22.1,22.0817,22.2,22.2,Out,200
2026-07-05T05:40:00,22.1,22.1201,22.2,22.2,Out,200
2026-07-05T05:50:00,22.1,22.1545,22.2,22.3,Out,200
2026-07-05T06:00:00,22.1,22.0995,22.3,22.3,Out,200
2026-07-05T06:10:00,22.1,22.0981,22.3,22.4,Out,200
2026-07-05T06:20:00,22.3,22.2493,22.4,22.4,Out,200
2026-07-05T06:30:00,22.4,22.3771,22.4,22.5,Out,200
2026-07-05T06:40:00,22.4,22.3895,22.3,22.4,Out,200
2026-07-05T06:50:00,22.3,22.3826,22.3,22.4,Out,200
2026-07-05T07:00:00,22.4,22.3978,22.5,22.6,Out,200
2026-07-05T07:10:00,22.4,22.4074,22.6,22.6,Out,200
2026-07-05T07:20:00,22.4,22.4211,22.6,22.6,Out,200
2026-07-05T07:30:00,22.4,22.439,22.6,22.6,Out,200
2026-07-05T07:40:00,22.4,22.4431,22.6,22.6,Out,200
2026-07-05T07:50:00,22.4,22.4211,22.6,22.6,Out,200
2026-07-05T08:00:00,22.4,22.3923,22.6,22.7,Out,200
2026-07-05T08:10:00,22.3,22.2864,22.6,22.8,Out,200
2026-07-05T08:20:00,22.2,22.2397,22.7,22.7,Out,200
2026-07-05T08:30:00,22.2,22.2823,22.6,22.7,Out,200
2026-07-05T08:40:00,22.3,22.285,22.6,22.7,Out,200
2026-07-05T08:50:00,22.3,22.2727,22.5,22.5,Out,200
2026-07-05T09:00:00,22.2,22.2287,22.5,22.6,Out,200
2026-07-05T09:10:00,22.2,22.2191,22.5,22.6,Out,200
2026-07-05T09:20:00,22.2,22.2342,22.5,22.5,Out,200
2026-07-05T09:30:00,22.2,22.2438,22.5,22.5,Out,200
2026-07-05T09:40:00,22.2,22.2617,22.4,22.5,Out,200
2026-07-05T09:50:00,22.2,22.2259,22.4,22.5,Out,200
2026-07-05T10:00:00,22.2,22.1847,22.4,22.5,Out,200
2026-07-05T10:10:00,22.1,22.127,22.5,22.6,Out,200
2026-07-05T10:20:00,22,22.0693,22.5,22.5,Out,200
2026-07-05T10:30:00,22,22.072,22.4,22.5,Out,200
2026-07-05T10:40:00,22.1,22.1174,22.4,22.4,Out,200
2026-07-05T10:50:00,22.1,22.1256,22.3,22.4,Out,200
2026-07-05T11:00:00,22.1,22.1394,22.3,22.4,Out,200
2026-07-05T11:10:00,22.1,22.1476,22.3,22.4,Out,200
2026-07-05T11:20:00,22.1,22.1531,22.3,22.4,Out,200
2026-07-05T11:30:00,22.1,22.1531,22.4,22.4,Out,200
2026-07-05T11:40:00,22.1,22.1531,22.3,22.4,Out,200
2026-07-05T11:50:00,22.1,22.1572,22.4,22.4,Out,200
2026-07-05T12:00:00,22.1,22.1641,22.3,22.4,Out,200
2026-07-05T12:10:00,22.1,22.1229,22.3,22.4,Out,200
2026-07-05T12:20:00,22.1,22.1187,22.4,22.4,Out,200
2026-07-05T12:30:00,22.1,22.116,22.3,22.5,Out,200
2026-07-05T12:40:00,22.1,22.1256,22.4,22.4,Out,200
2026-07-05T12:50:00,22.1,22.1023,22.4,22.4,Out,200
2026-07-05T13:00:00,22,22.0693,22.3,22.4,Out,200
2026-07-05T13:10:00,22,22.0707,22.3,22.4,Out,200
2026-07-05T13:20:00,22,22.0597,22.3,22.4,Out,200
2026-07-05T13:30:00,22,22.0349,22.3,22.3,Out,200
2026-07-05T13:40:00,22,21.98,22.3,22.3,Out,200
2026-07-05T13:50:00,22,21.9731,22.3,22.4,Out,200
2026-07-05T14:00:00,22,21.9731,22.3,22.3,Out,200
2026-07-05T14:10:00,22,21.9745,22.2,22.3,Out,200
2026-07-05T14:20:00,22,21.98,22.2,22.3,Out,200
2026-07-05T14:30:00,22,22.0102,22.2,22.2,Out,200
2026-07-05T14:40:00,22.1,22.0913,22.2,22.2,Out,200
2026-07-05T14:50:00,22.1,22.1586,22.2,22.2,Out,200
2026-07-05T15:00:00,22.2,22.1778,22.2,22.3,Out,200
2026-07-05T15:10:00,22.1,22.1902,22.3,22.3,Out,200
2026-07-05T15:20:00,22.2,22.1998,22.3,22.4,Out,200
2026-07-05T15:30:00,22.2,22.2246,22.4,22.4,Out,200
2026-07-05T15:40:00,22.3,22.3029,22.4,22.4,Out,200
2026-07-05T15:50:00,22.4,22.4431,22.5,22.5,Out,200
2026-07-05T16:00:00,22.4,22.5284,22.4,22.5,Out,200
2026-07-05T16:10:00,22.5,22.4982,22.5,22.6,Out,200
2026-07-05T16:20:00,22.5,22.4885,22.7,22.8,Out,200
2026-07-05T16:30:00,22.5,22.505,22.7,22.8,Out,200
2026-07-05T16:40:00,22.5,22.5339,22.7,22.8,Out,200
2026-07-05T16:50:00,22.6,22.5504,22.7,22.8,Out,200
2026-07-05T17:00:00,22.5,22.5656,22.7,22.8,Out,200
2026-07-05T17:10:00,22.3,22.3813,22.8,22.8,Out,200
2026-07-05T17:20:00,22.3,22.362,22.8,22.8,Out,200
2026-07-05T17:30:00,22.3,22.3661,22.7,22.8,Out,200
2026-07-05T17:40:00,22.3,22.3538,22.8,22.8,Out,200
2026-07-05T17:50:00,22.3,22.3593,22.6,22.7,Out,200
2026-07-05T18:00:00,22.2,22.2768,22.6,22.6,Out,200
2026-07-05T18:10:00,22.3,22.2507,22.6,22.6,Out,200
2026-07-05T18:20:00,22.2,22.2562,22.5,22.6,Out,200
2026-07-05T18:30:00,22.4,22.3799,22.6,22.6,Out,200
2026-07-05T18:40:00,22.2,22.3703,22.4,22.6,Out,200
2026-07-05T18:50:00,22.2,22.2452,22.4,22.5,Out,200
2026-07-05T19:00:00,22.2,22.2218,22.5,22.5,Out,200
2026-07-05T19:10:00,22.1,22.1572,22.7,22.8,Out,200
2026-07-05T19:20:00,22.1,22.1036,22.5,22.6,Out,200
2026-07-05T19:30:00,22.1,22.0748,22.5,22.5,Out,200
2026-07-05T19:40:00,22,22.0693,22.5,22.5,Out,200
2026-07-05T19:50:00,22.1,22.0858,22.4,22.4,Out,200
2026-07-05T20:00:00,22.1,22.1215,22.3,22.4,Out,200
2026-07-05T20:10:00,22.1,22.1215,22.2,22.3,Out,200
2026-07-05T20:20:00,22.1,22.0995,22.3,22.4,Out,200
2026-07-05T20:30:00,22.1,22.0968,22.4,22.4,Out,200
2026-07-05T20:40:00,22.1,22.0926,22.3,22.4,Out,200
2026-07-05T20:50:00,22.1,22.1297,22.3,22.4,Out,200
2026-07-05T21:00:00,22.1,22.1449,22.3,22.4,Out,200
2026-07-05T21:10:00,22.1,22.149,22.3,22.4,Out,200
2026-07-05T21:20:00,22.1,22.149,22.3,22.4,Out,200
2026-07-05T21:30:00,22.1,22.1201,22.4,22.4,Out,200
2026-07-05T21:40:00,22.1,22.1119,22.3,22.4,Out,200
2026-07-05T21:50:00,22.1,22.1064,22.4,22.4,Out,200
2026-07-05T22:00:00,22.1,22.1064,22.4,22.3,Out,200
2026-07-05T22:10:00,22.1,22.1242,22.3,22.4,Out,200
2026-07-05T22:20:00,22.1,22.0954,22.3,22.4,Out,200
2026-07-05T22:30:00,22.1,22.083,22.3,22.3,Out,200
2026-07-05T22:40:00,22,22.0446,22.3,22.4,Out,200
2026-07-05T22:50:00,22,21.9965,22.3,22.4,Out,200
2026-07-05T23:00:00,22,21.9841,22.3,22.3,Out,200
2026-07-05T23:10:00,21.9,21.9539,22.3,22.3,Out,200
2026-07-05T23:20:00,21.9,21.9594,22.3,22.3,Out,200
2026-07-05T23:30:00,21.9,21.9622,22.2,22.2,Out,200
2026-07-05T23:40:00,21.9,21.9635,22.2,22.3,Out,200
2026-07-05T23:50:00,22,21.9635,22.1,22.2,Out,200
2026-07-06T00:00:00,21.9,21.9635,22.1,22.2,Out,200
2026-07-06T00:10:00,22,21.9663,22.1,22.2,Out,200
2026-07-06T00:20:00,22,21.9759,22.1,22.2,Out,200
2026-07-06T00:30:00,22,21.9896,22.2,22.2,Out,200
2026-07-06T00:40:00,22,21.9992,22.2,22.2,Out,200
2026-07-06T00:50:00,22,22.0089,22.2,22.2,Out,200
2026-07-06T01:00:00,22,22.0157,22.1,22.2,Out,200
2026-07-06T01:10:00,22,22.0171,22.2,22.2,Out,200
2026-07-06T01:20:00,22,22.0143,22.1,22.2,Out,200
2026-07-06T01:30:00,22,22.0116,22.2,22.3,Out,200
2026-07-06T01:40:00,22,22.0102,22.2,22.3,Out,200
2026-07-06T01:50:00,22,22.0047,22.2,22.2,Out,200
2026-07-06T02:00:00,22,21.9841,22.2,22.3,Out,200
2026-07-06T02:10:00,21.9,21.9786,22.2,22.3,Out,200
2026-07-06T02:20:00,22,21.9718,22.2,22.3,Out,200
2026-07-06T02:30:00,22,21.9622,22.2,22.3,Out,200
2026-07-06T02:40:00,21.9,21.9663,22.2,22.2,Out,200
2026-07-06T02:50:00,22,21.9635,22.2,22.2,Out,200
2026-07-06T03:00:00,22,21.9677,22.1,22.2,Out,200
2026-07-06T03:10:00,22,21.9759,22.1,22.2,Out,200
2026-07-06T03:20:00,22,21.9759,22.1,22.2,Out,200
2026-07-06T03:30:00,22,21.9745,22.1,22.2,Out,200
2026-07-06T03:40:00,22,21.9773,22.1,22.2,Out,200
2026-07-06T03:50:00,22,21.9759,22.2,22.2,Out,200
2026-07-06T04:00:00,22,22.0143,22.2,22.2,Out,200
2026-07-06T04:10:00,22,22.0762,22.2,22.2,Out,200
2026-07-06T04:20:00,22.1,22.1078,22.2,22.3,Out,200
2026-07-06T04:30:00,22,22.0665,22.2,22.3,Out,200
2026-07-06T04:40:00,22.1,22.094,22.2,22.3,Out,200
2026-07-06T04:50:00,22.2,22.2012,22.3,22.3,Out,200
2026-07-06T05:00:00,22.4,22.428,22.3,22.4,Out,200
2026-07-06T05:10:00,22.4,22.4775,22.3,22.4,Out,200
2026-07-06T05:20:00,22.5,22.5009,22.3,22.5,Out,200
2026-07-06T05:30:00,22.6,22.5573,22.6,22.7,Out,200
2026-07-06T05:40:00,22.6,22.6082,22.7,22.8,Out,200
2026-07-06T05:50:00,22.6,22.6165,22.8,22.9,Out,200
2026-07-06T06:00:00,22.6,22.6041,22.7,22.8,Out,200
2026-07-06T06:10:00,22.6,22.5917,22.8,22.8,Out,200
2026-07-06T06:20:00,22.6,22.6069,22.8,22.8,Out,200
2026-07-06T06:30:00,22.8,22.7941,22.8,22.8,Out,200
2026-07-06T06:40:00,22.9,22.9387,22.8,22.9,Out,200
2026-07-06T06:50:00,22.8,22.8354,22.8,22.9,Out,200
2026-07-06T07:00:00,22.7,22.7073,22.8,22.9,Out,200
2026-07-06T07:10:00,22.6,22.6468,23.1,23.1,Out,200
2026-07-06T07:20:00,22.6,22.6055,23.1,23.1,Out,200
2026-07-06T07:30:00,22.5,22.5573,23,23.2,Out,200
2026-07-06T07:40:00,22.3,22.3441,22.9,23,Out,200
2026-07-06T07:50:00,22.2,22.2589,22.8,22.9,Out,200
2026-07-06T08:00:00,22.2,22.2053,22.8,22.8,Out,200
2026-07-06T08:10:00,22.1,22.1545,22.7,22.7,Out,200
2026-07-06T08:20:00,22.2,22.2149,22.5,22.5,Out,200
2026-07-06T08:30:00,22.2,22.2397,22.4,22.5,Out,200
2026-07-06T08:40:00,22.1,22.105,22.3,22.4,Out,200
2026-07-06T08:50:00,22.1,22.0803,22.4,22.4,Out,200
2026-07-06T09:00:00,22,22.0624,22.5,22.5,Out,200
2026-07-06T09:10:00,22,22.0556,22.5,22.5,Out,200
2026-07-06T09:20:00,22,22.0556,22.3,22.4,Out,200
2026-07-06T09:30:00,22,22.0391,22.3,22.4,Out,200
2026-07-06T09:40:00,22,22.0363,22.2,22.4,Out,200
2026-07-06T09:50:00,22,22.0281,22.3,22.3,Out,200
2026-07-06T10:00:00,22,22.0253,22.2,22.3,Out,200
2026-07-06T10:10:00,22,22.0363,22.3,22.3,Out,200
2026-07-06T10:20:00,22,22.061,22.2,22.2,Out,200
2026-07-06T10:30:00,22,22.0968,22.2,22.3,Out,200
2026-07-06T10:40:00,22.1,22.1256,22.2,22.2,Out,200
2026-07-06T10:50:00,22,22.1105,22.2,22.3,Out,200
2026-07-06T11:00:00,22.1,22.083,22.3,22.3,Out,200
2026-07-06T11:10:00,22,22.0762,22.4,22.4,Out,200
2026-07-06T11:20:00,22,22.0597,22.3,22.4,Out,200
2026-07-06T11:30:00,22,22.0542,22.3,22.4,Out,200
2026-07-06T11:40:00,22,22.0501,22.3,22.4,Out,200
2026-07-06T11:50:00,22,22.0418,22.3,22.3,Out,200
2026-07-06T12:00:00,22,22.0089,22.2,22.3,Out,200
2026-07-06T12:10:00,22,21.9992,22.2,22.3,Out,200
2026-07-06T12:20:00,22,21.9979,22.2,22.3,Out,200
2026-07-06T12:30:00,22,21.9965,22.3,22.3,Out,200
2026-07-06T12:40:00,22,21.991,22.2,22.3,Out,200
2026-07-06T12:50:00,22,21.9924,22.2,22.3,Out,200
2026-07-06T13:00:00,22,22.002,22.2,22.3,Out,200
2026-07-06T13:10:00,22,22.0322,22.2,22.3,Out,200
2026-07-06T13:20:00,22,22.0322,22.2,22.3,Out,200
2026-07-06T13:30:00,22,22.0226,22.2,22.2,Out,200
2026-07-06T13:40:00,22,22.0226,22.2,22.3,Out,200
2026-07-06T13:50:00,22,22.0212,22.2,22.3,Out,200
2026-07-06T14:00:00,22,22.0253,22.2,22.3,Out,200
2026-07-06T14:10:00,22,22.0226,22.3,22.3,Out,200
2026-07-06T14:20:00,22,22.0185,22.2,22.2,Out,200
2026-07-06T14:30:00,22,22.0116,22.3,22.3,Out,200
2026-07-06T14:40:00,22,22.0061,22.2,22.3,Out,200
2026-07-06T14:50:00,22,22.0116,22.2,22.3,Out,200
2026-07-06T15:00:00,22,22.0171,22.2,22.2,Out,200
2026-07-06T15:10:00,22,22.0226,22.2,22.3,Out,200
2026-07-06T15:20:00,22,22.0336,22.2,22.2,Out,200
2026-07-06T15:30:00,22,22.0446,22.2,22.3,Out,200
2026-07-06T15:40:00,22,22.0542,22.2,22.3,Out,200
2026-07-06T15:50:00,22.1,22.1284,22.2,22.3,Out,200
2026-07-06T16:00:00,22.1,22.1765,22.2,22.3,Out,200
2026-07-06T16:10:00,22.2,22.1902,22.2,22.4,Out,200
2026-07-06T16:20:00,22.2,22.1943,22.3,22.3,Out,200
2026-07-06T16:30:00,22.2,22.1792,22.4,22.5,Out,200
2026-07-06T16:40:00,22.1,22.1682,22.5,22.5,Out,200
2026-07-06T16:50:00,22.2,22.1984,22.4,22.4,Out,200
2026-07-06T17:00:00,22.3,22.2754,22.4,22.4,Out,200
2026-07-06T17:10:00,22.4,22.4418,22.3,22.4,Out,200
2026-07-06T17:20:00,22.4,22.4968,22.5,22.5,Out,200
2026-07-06T17:30:00,22.4,22.4404,22.4,22.5,Out,200
2026-07-06T17:40:00,22.5,22.5298,22.5,22.7,Out,200
2026-07-06T17:50:00,22.6,22.5601,22.7,22.7,Out,200
2026-07-06T18:00:00,22.6,22.6798,22.7,22.8,Out,200
2026-07-06T18:10:00,22.8,22.8134,22.7,22.8,Out,200
2026-07-06T18:20:00,22.6,22.6784,22.7,22.8,Out,200
2026-07-06T18:30:00,22.4,22.4266,22.8,22.9,Out,200
2026-07-06T18:40:00,22.2,22.241,23,23.2,Out,200
2026-07-06T18:50:00,22.2,22.1888,23.1,23.1,Out,200
2026-07-06T19:00:00,22.2,22.1833,22.6,22.8,Out,200
2026-07-06T19:10:00,22,22.0817,22.6,22.7,Out,200
2026-07-06T19:20:00,22,22.0487,22.4,22.4,Out,200
2026-07-06T19:30:00,22,22.0528,22.4,22.4,Out,200
2026-07-06T19:40:00,22,22.0528,22.4,22.4,Out,200
2026-07-06T19:50:00,22,22.0556,22.3,22.4,Out,200
2026-07-06T20:00:00,22,22.0542,22.2,22.3,Out,200
2026-07-06T20:10:00,22,22.0528,22.3,22.3,Out,200
2026-07-06T20:20:00,22,22.0473,22.2,22.2,Out,200
2026-07-06T20:30:00,22,22.0459,22.2,22.2,Out,200
2026-07-06T20:40:00,22,22.0432,22.3,22.3,Out,200
2026-07-06T20:50:00,22,22.0418,22.3,22.3,Out,200
2026-07-06T21:00:00,22,22.0391,22.3,22.4,Out,200
2026-07-06T21:10:00,22,22.0418,22.2,22.3,Out,200
2026-07-06T21:20:00,22,22.0404,22.2,22.3,Out,200
2026-07-06T21:30:00,22,22.0459,22.2,22.3,Out,200
2026-07-06T21:40:00,22.1,22.0775,22.2,22.2,Out,200
2026-07-06T21:50:00,22.1,22.0871,22.2,22.3,Out,200
2026-07-06T22:00:00,22,22.0734,22.2,22.4,Out,200
2026-07-06T22:10:00,22,22.0652,22.2,22.4,Out,200
2026-07-06T22:20:00,22,22.0363,22.3,22.4,Out,200
2026-07-06T22:30:00,22,22.0034,22.3,22.3,Out,200
2026-07-06T22:40:00,21.9,21.9883,22.3,22.3,Out,200
2026-07-06T22:50:00,21.9,21.958,22.3,22.3,Out,200
2026-07-06T23:00:00,21.9,21.958,22.2,22.3,Out,200
2026-07-06T23:10:00,21.9,21.9622,22.2,22.3,Out,200
2026-07-06T23:20:00,22,21.9567,22.1,22.3,Out,200
2026-07-06T23:30:00,22,21.9553,22.2,22.2,Out,200
2026-07-06T23:40:00,21.9,21.9525,22.1,22.2,Out,200
2026-07-06T23:50:00,21.9,21.9471,22.1,22.3,Out,200
2026-07-07T00:00:00,21.9,21.9443,22.1,22.2,Out,200
2026-07-07T00:10:00,21.9,21.9443,22.1,22.2,Out,200
2026-07-07T00:20:00,22,21.9457,22.2,22.2,Out,200
2026-07-07T00:30:00,21.9,21.9525,22.1,22.2,Out,200
2026-07-07T00:40:00,21.9,21.9567,22.1,22.2,Out,200
2026-07-07T00:50:00,22,21.969,22.1,22.2,Out,200
2026-07-07T01:00:00,21.9,21.9759,22.1,22.2,Out,200
2026-07-07T01:10:00,21.9,21.9814,22.2,22.2,Out,200
2026-07-07T01:20:00,22,21.9869,22.2,22.2,Out,200
2026-07-07T01:30:00,21.9,21.9951,22.2,22.3,Out,200
2026-07-07T01:40:00,22,21.9937,22.2,22.3,Out,200
2026-07-07T01:50:00,22,22.0212,22.2,22.3,Out,200
2026-07-07T02:00:00,22,22.0349,22.3,22.3,Out,200
2026-07-07T02:10:00,22,22.0349,22.2,22.3,Out,200
2026-07-07T02:20:00,22,22.0281,22.2,22.3,Out,200
2026-07-07T02:30:00,22,22.0336,22.2,22.3,Out,200
2026-07-07T02:40:00,22,22.0487,22.3,22.3,Out,200
2026-07-07T02:50:00,22,22.0569,22.2,22.3,Out,200
2026-07-07T03:00:00,22.1,22.0665,22.2,22.3,Out,200
2026-07-07T03:10:00,22.1,22.094,22.3,22.3,Out,200
2026-07-07T03:20:00,22.1,22.1339,22.2,22.4,Out,200
2026-07-07T03:30:00,22.1,22.1723,22.3,22.3,Out,200
2026-07-07T03:40:00,22.1,22.1765,22.3,22.3,Out,200
2026-07-07T03:50:00,22.2,22.1847,22.4,22.4,Out,200
2026-07-07T04:00:00,22.1,22.1998,22.4,22.4,Out,200
2026-07-07T04:10:00,22.1,22.1806,22.4,22.5,Out,200
2026-07-07T04:20:00,22.1,22.138,22.4,22.5,Out,200
2026-07-07T04:30:00,22.2,22.2232,22.4,22.5,Out,200
2026-07-07T04:40:00,22.3,22.3936,22.4,22.5,Out,200
2026-07-07T04:50:00,22.5,22.4858,22.3,22.5,Out,200
2026-07-07T05:00:00,22.6,22.6096,22.4,22.5,Out,200
2026-07-07T05:10:00,22.5,22.6096,22.5,22.6,Out,200
2026-07-07T05:20:00,22.5,22.5449,22.7,22.7,Out,200
2026-07-07T05:30:00,22.5,22.5436,22.7,22.8,Out,200
2026-07-07T05:40:00,22.5,22.5408,22.9,23,Out,200
2026-07-07T05:50:00,22.6,22.6027,22.8,22.9,Out,200
2026-07-07T06:00:00,22.5,22.6,22.7,22.9,Out,200
2026-07-07T06:10:00,22.4,22.4665,22.7,22.9,Out,200
2026-07-07T06:20:00,22.3,22.3276,22.7,22.9,Out,200
2026-07-07T06:30:00,22.2,22.2685,22.9,23,Out,200
2026-07-07T06:40:00,22.2,22.2204,22.8,22.9,Out,200
2026-07-07T06:50:00,22.1,22.1916,22.6,22.7,Out,200
2026-07-07T07:00:00,22.1,22.1655,22.5,22.6,Out,200
2026-07-07T07:10:00,22.1,22.1545,22.4,22.5,Out,200
2026-07-07T07:20:00,22.1,22.149,22.4,22.5,Out,200
2026-07-07T07:30:00,22.1,22.1806,22.4,22.5,Out,200
2026-07-07T07:40:00,22.2,22.2548,22.3,22.4,Out,200
2026-07-07T07:50:00,22,22.1009,22.4,22.4,Out,200
2026-07-07T08:00:00,22,22.0377,22.4,22.5,Out,200
2026-07-07T08:10:00,22,22.0267,22.5,22.5,Out,200
2026-07-07T08:20:00,22,22.0432,22.5,22.6,Out,200
2026-07-07T08:30:00,22,22.0473,22.3,22.3,Out,200
2026-07-07T08:40:00,22,22.0459,22.3,22.3,Out,200
2026-07-07T08:50:00,22,22.0473,22.2,22.3,Out,200
2026-07-07T09:00:00,22,22.061,22.3,22.3,Out,200
2026-07-07T09:10:00,22,22.0569,22.3,22.3,Out,200
2026-07-07T09:20:00,22,22.0638,22.3,22.4,Out,200
2026-07-07T09:30:00,22,22.0487,22.3,22.3,Out,200
2026-07-07T09:40:00,22,22.0418,22.3,22.4,Out,200
2026-07-07T09:50:00,22,22.0391,22.3,22.4,Out,200
2026-07-07T10:00:00,22,22.0418,22.3,22.3,Out,200
2026-07-07T10:10:00,22,22.0349,22.2,22.3,Out,200
2026-07-07T10:20:00,22,22.0267,22.2,22.3,Out,200
2026-07-07T10:30:00,22,22.0185,22.3,22.4,Out,200
2026-07-07T10:40:00,22,22.002,22.2,22.3,Out,200
2026-07-07T10:50:00,22,21.9745,22.3,22.3,Out,200
2026-07-07T11:00:00,21.9,21.9443,22.3,22.2,Out,200
2026-07-07T11:10:00,21.9,21.9155,22.2,22.3,Out,200
2026-07-07T11:20:00,21.9,21.9127,22.2,22.2,Out,200
2026-07-07T11:30:00,21.9,21.9237,22.2,22.2,Out,200
2026-07-07T11:40:00,21.9,21.9292,22.1,22.2,Out,200
2026-07-07T11:50:00,21.9,21.9484,22.1,22.2,Out,200
2026-07-07T12:00:00,21.9,21.958,22.1,22.2,Out,200
2026-07-07T12:10:00,21.9,21.9553,22.1,22.2,Out,200
2026-07-07T12:20:00,21.9,21.9471,22.1,22.2,Out,200
2026-07-07T12:30:00,21.9,21.9471,22.1,22.2,Out,200
2026-07-07T12:40:00,21.9,21.9498,22.1,22.2,Out,200
2026-07-07T12:50:00,21.9,21.9525,22.1,22.2,Out,200
2026-07-07T13:00:00,21.9,21.958,22.2,22.2,Out,200
2026-07-07T13:10:00,22,21.969,22.1,22.2,Out,200
2026-07-07T13:20:00,22,21.9773,22.1,22.2,Out,200
2026-07-07T13:30:00,22,21.9828,22.1,22.2,Out,200
2026-07-07T13:40:00,22,21.9814,22.1,22.2,Out,200
2026-07-07T13:50:00,22,21.9828,22.2,22.2,Out,200
2026-07-07T14:00:00,22,21.9869,22.1,22.2,Out,200
2026-07-07T14:10:00,22,21.9965,22.2,22.2,Out,200
2026-07-07T14:20:00,22,22.0047,22.2,22.2,Out,200
2026-07-07T14:30:00,22,22.0006,22.1,22.2,Out,200
2026-07-07T14:40:00,22,22.002,22.2,22.3,Out,200
2026-07-07T14:50:00,22,22.0075,22.2,22.3,Out,200
2026-07-07T15:00:00,22,21.9937,22.2,22.3,Out,200
2026-07-07T15:10:00,22,21.9896,22.2,22.2,Out,200
2026-07-07T15:20:00,22,21.9937,22.2,22.2,Out,200
2026-07-07T15:30:00,22,22.0185,22.2,22.2,Out,200
2026-07-07T15:40:00,22.1,22.1366,22.1,22.2,Out,200
2026-07-07T15:50:00,22.2,22.2562,22.1,22.3,Out,200
2026-07-07T16:00:00,22.3,22.3428,22.2,22.3,Out,200
2026-07-07T16:10:00,22.3,22.373,22.3,22.4,Out,200
2026-07-07T16:20:00,22.4,22.3758,22.4,22.5,Out,200
2026-07-07T16:30:00,22.4,22.395,22.5,22.6,Out,200
2026-07-07T16:40:00,22.4,22.4156,22.6,22.6,Out,200
2026-07-07T16:50:00,22.4,22.4198,22.6,22.7,Out,200
2026-07-07T17:00:00,22.4,22.406,22.5,22.6,Out,200
2026-07-07T17:10:00,22.4,22.45,22.6,22.7,Out,200
2026-07-07T17:20:00,22.3,22.4418,22.7,22.7,Out,200
2026-07-07T17:30:00,22.2,22.2534,22.6,22.7,Out,200
2026-07-07T17:40:00,22.1,22.1517,22.7,22.8,Out,200
2026-07-07T17:50:00,22.1,22.1311,22.9,23.1,Out,200
2026-07-07T18:00:00,22.1,22.1215,22.6,22.8,Out,200
2026-07-07T18:10:00,22.1,22.1105,22.4,22.5,Out,200
2026-07-07T18:20:00,22.1,22.0968,22.3,22.4,Out,200
2026-07-07T18:30:00,22.1,22.083,22.4,22.4,Out,200
2026-07-07T18:40:00,22,22.0748,22.3,22.4,Out,200
2026-07-07T18:50:00,22,22.0679,22.3,22.4,Out,200
2026-07-07T19:00:00,22,22.0267,22.3,22.4,Out,200
2026-07-07T19:10:00,22,21.9965,22.3,22.3,Out,200
2026-07-07T19:20:00,22,21.991,22.3,22.3,Out,200
2026-07-07T19:30:00,22,21.991,22.2,22.4,Out,200
2026-07-07T19:40:00,22,21.9951,22.2,22.3,Out,200
2026-07-07T19:50:00,22,22.0075,22.2,22.3,Out,200
2026-07-07T20:00:00,22,22.0143,22.2,22.3,Out,200
2026-07-07T20:10:00,22,22.0006,22.2,22.2,Out,200
2026-07-07T20:20:00,22,22.0006,22.2,22.3,Out,200
2026-07-07T20:30:00,22,22.002,22.2,22.3,Out,200
2026-07-07T20:40:00,22,22.0006,22.2,22.2,Out,200
2026-07-07T20:50:00,22,22.0047,22.2,22.3,Out,200
2026-07-07T21:00:00,22,22.0116,22.2,22.2,Out,200
2026-07-07T21:10:00,22,22.024,22.1,22.2,Out,200
2026-07-07T21:20:00,22,22.0583,22.2,22.3,Out,200
2026-07-07T21:30:00,22.1,22.0775,22.2,22.2,Out,200
2026-07-07T21:40:00,22.1,22.083,22.2,22.2,Out,200
2026-07-07T21:50:00,22.1,22.0803,22.3,22.3,Out,200
2026-07-07T22:00:00,22.1,22.0762,22.2,22.3,Out,200
2026-07-07T22:10:00,22,22.0075,22.3,22.3,Out,200
2026-07-07T22:20:00,22,21.9828,22.2,22.4,Out,200
2026-07-07T22:30:00,22,21.9786,22.3,22.4,Out,200
2026-07-07T22:40:00,22,21.9718,22.3,22.3,Out,200
2026-07-07T22:50:00,22,21.9828,22.2,22.2,Out,200
2026-07-07T23:00:00,22,21.9814,22.2,22.3,Out,200
2026-07-07T23:10:00,22,21.9786,22.2,22.2,Out,200
2026-07-07T23:20:00,22,21.9773,22.2,22.2,Out,200
2026-07-07T23:30:00,21.9,21.9773,22.2,22.3,Out,200
2026-07-07T23:40:00,22,21.9841,22.2,22.2,Out,200
2026-07-07T23:50:00,21.9,21.9347,22.2,22.2,Out,200
2026-07-08T00:00:00,21.9,21.921,22.2,22.2,Out,200
2026-07-08T00:10:00,21.9,21.9182,22.2,22.2,Out,200
2026-07-08T00:20:00,21.9,21.921,22.2,22.2,Out,200
2026-07-08T00:30:00,21.9,21.9196,22.2,22.2,Out,200
2026-07-08T00:40:00,21.9,21.921,22.1,22.2,Out,200
2026-07-08T00:50:00,21.9,21.9278,22.2,22.2,Out,200
2026-07-08T01:00:00,21.9,21.9484,22.1,22.2,Out,200
2026-07-08T01:10:00,21.9,21.958,22.1,22.3,Out,200
2026-07-08T01:20:00,22,21.9663,22.1,22.2,Out,200
2026-07-08T01:30:00,22,21.9677,22.2,22.2,Out,200
2026-07-08T01:40:00,21.9,21.969,22.1,22.2,Out,200
2026-07-08T01:50:00,22,21.9677,22.2,22.2,Out,200
2026-07-08T02:00:00,22,21.9635,22.1,22.3,Out,200
2026-07-08T02:10:00,21.9,21.9608,22.1,22.3,Out,200
2026-07-08T02:20:00,21.9,21.9525,22.2,22.2,Out,200
2026-07-08T02:30:00,21.9,21.9416,22.1,22.2,Out,200
2026-07-08T02:40:00,21.9,21.9182,22.2,22.3,Out,200
2026-07-08T02:50:00,21.9,21.9127,22.2,22.2,Out,200
2026-07-08T03:00:00,21.9,21.9072,22.1,22.1,Out,200
2026-07-08T03:10:00,21.9,21.91,22.1,22.3,Out,200
2026-07-08T03:20:00,21.9,21.91,22.1,22.2,Out,200
2026-07-08T03:30:00,21.9,21.9086,22.1,22.1,Out,200
2026-07-08T03:40:00,21.9,21.9127,22.1,22.2,Out,200
2026-07-08T03:50:00,21.9,21.9251,22.1,22.1,Out,200
2026-07-08T04:00:00,21.9,21.9361,22.1,22.2,Out,200
2026-07-08T04:10:00,21.9,21.9443,22.1,22.2,Out,200
2026-07-08T04:20:00,21.9,21.9484,22.1,22.2,Out,200
2026-07-08T04:30:00,21.9,21.9498,22.1,22.2,Out,200
2026-07-08T04:40:00,21.9,21.9525,22.1,22.3,Out,200
2026-07-08T04:50:00,21.9,21.9471,22.2,22.2,Out,200
2026-07-08T05:00:00,21.9,21.9457,22.1,22.2,Out,200
2026-07-08T05:10:00,22,21.9594,22.1,22.2,Out,200
2026-07-08T05:20:00,22,21.9759,22.1,22.2,Out,200
2026-07-08T05:30:00,22,21.9786,22.1,22.2,Out,200
2026-07-08T05:40:00,22,21.9869,22.2,22.2,Out,200
2026-07-08T05:50:00,22,21.9979,22.1,22.2,Out,200
2026-07-08T06:00:00,22,22.0061,22.2,22.2,Out,200
2026-07-08T06:10:00,22,22.013,22.2,22.2,Out,200
2026-07-08T06:20:00,22,22.0391,22.2,22.2,Out,200
2026-07-08T06:30:00,22.1,22.1146,22.2,22.2,Out,200
2026-07-08T06:40:00,22.2,22.1696,22.2,22.3,Out,200
2026-07-08T06:50:00,22.3,22.2383,22.3,22.3,Out,200
2026-07-08T07:00:00,22.2,22.3428,22.3,22.4,Out,200
2026-07-08T07:10:00,22.1,22.1806,22.4,22.4,Out,200
2026-07-08T07:20:00,22.1,22.138,22.4,22.5,Out,200
2026-07-08T07:30:00,22.1,22.1201,22.5,22.7,Out,200
2026-07-08T07:40:00,22.1,22.1064,22.5,22.7,Out,200
2026-07-08T07:50:00,22.1,22.083,22.4,22.5,Out,200
2026-07-08T08:00:00,22.1,22.0707,22.3,22.4,Out,200
2026-07-08T08:10:00,22,22.061,22.3,22.4,Out,200
2026-07-08T08:20:00,22,22.0583,22.3,22.4,Out,200
2026-07-08T08:30:00,22,22.0528,22.2,22.3,Out,200
2026-07-08T08:40:00,22,22.0446,22.2,22.4,Out,200
2026-07-08T08:50:00,22,22.0432,22.3,22.3,Out,200
2026-07-08T09:00:00,22,22.0418,22.3,22.3,Out,200
2026-07-08T09:10:00,21.9,21.9979,22.2,22.2,Out,200
2026-07-08T09:20:00,21.9,21.9635,22.2,22.3,Out,200
2026-07-08T09:30:00,22,21.9677,22.3,22.3,Out,200
2026-07-08T09:40:00,22,21.9786,22.3,22.3,Out,200
2026-07-08T09:50:00,22,21.991,22.1,22.3,Out,200
2026-07-08T10:00:00,21.9,21.9992,22.1,22.2,Out,200
2026-07-08T10:10:00,21.9,21.9429,22.2,22.3,Out,200
2026-07-08T10:20:00,21.9,21.9443,22.2,22.2,Out,200
2026-07-08T10:30:00,21.9,21.9141,22.2,22.2,Out,200
2026-07-08T10:40:00,21.9,21.9388,22.2,22.2,Out,200
2026-07-08T10:50:00,21.9,21.9896,22.1,22.2,Out,200
2026-07-08T11:00:00,22,22.0322,22.2,22.2,Out,200
2026-07-08T11:10:00,22,22.0775,22.1,22.3,Out,200
2026-07-08T11:20:00,22.1,22.1105,22.2,22.3,Out,200
2026-07-08T11:30:00,22.1,22.1256,22.2,22.3,Out,200
2026-07-08T11:40:00,22.1,22.127,22.2,22.3,Out,200
2026-07-08T11:50:00,22,22.0624,22.3,22.4,Out,200
2026-07-08T12:00:00,21.9,21.9663,22.3,22.4,Out,200
2026-07-08T12:10:00,21.9,21.9498,22.3,22.4,Out,200
2026-07-08T12:20:00,21.9,21.9457,22.3,22.4,Out,200
2026-07-08T12:30:00,21.9,21.9429,22.1,22.2,Out,200
2026-07-08T12:40:00,21.9,21.9416,22.1,22.2,Out,200
2026-07-08T12:50:00,21.9,21.9361,22.1,22.2,Out,200
2026-07-08T13:00:00,21.9,21.9292,22.1,22.2,Out,200
2026-07-08T13:10:00,21.9,21.9237,22.1,22.1,Out,200
2026-07-08T13:20:00,21.9,21.9196,22.1,22.2,Out,200
2026-07-08T13:30:00,21.9,21.9182,22.1,22.1,Out,200
2026-07-08T13:40:00,21.9,21.9141,22.1,22.2,Out,200
2026-07-08T13:50:00,21.9,21.9141,22.1,22.2,Out,200
2026-07-08T14:00:00,21.9,21.9155,22.1,22.2,Out,200
2026-07-08T14:10:00,21.9,21.9196,22.1,22.2,Out,200
2026-07-08T14:20:00,21.9,21.9347,22.1,22.2,Out,200
2026-07-08T14:30:00,21.9,21.9512,22.1,22.1,Out,200
2026-07-08T14:40:00,21.9,21.9567,22.1,22.2,Out,200
2026-07-08T14:50:00,21.9,21.9622,22.1,22.2,Out,200
2026-07-08T15:00:00,21.9,21.958,22.1,22.1,Out,200
2026-07-08T15:10:00,21.9,21.9539,22.1,22.2,Out,200
2026-07-08T15:20:00,21.9,21.9512,22.1,22.2,Out,200
2026-07-08T15:30:00,21.9,21.9457,22.1,22.2,Out,200
2026-07-08T15:40:00,21.9,21.9374,22.1,22.2,Out,200
2026-07-08T15:50:00,21.9,21.9374,22.2,22.2,Out,200
2026-07-08T16:00:00,21.9,21.9388,22.2,22.2,Out,200
2026-07-08T16:10:00,21.9,21.9567,22.1,22.2,Out,200
2026-07-08T16:20:00,22,21.9786,22.1,22.1,Out,200
2026-07-08T16:30:00,22,21.98,22.1,22.2,Out,200
2026-07-08T16:40:00,21.9,21.9567,22.1,22.2,Out,200
2026-07-08T16:50:00,22,21.9704,22.2,22.2,Out,200
2026-07-08T17:00:00,22,21.9841,22.2,22.2,Out,200
2026-07-08T17:10:00,22,21.9896,22.2,22.3,Out,200
2026-07-08T17:20:00,22,22.0047,22.2,22.2,Out,200
2026-07-08T17:30:00,22,22.0198,22.1,22.2,Out,200
2026-07-08T17:40:00,22,22.0556,22.2,22.3,Out,200
2026-07-08T17:50:00,22,22.0583,22.2,22.3,Out,200
2026-07-08T18:00:00,22,22.0693,22.2,22.3,Out,200
2026-07-08T18:10:00,22,22.0652,22.3,22.3,Out,200
2026-07-08T18:20:00,22.1,22.0665,22.3,22.3,Out,200
2026-07-08T18:30:00,22.1,22.1325,22.3,22.4,Out,200
2026-07-08T18:40:00,22.1,22.1421,22.3,22.4,Out,200
2026-07-08T18:50:00,22,22.1201,22.3,22.4,Out,200
2026-07-08T19:00:00,22,22.0418,22.3,22.4,Out,200
2026-07-08T19:10:00,22,22.0432,22.3,22.4,Out,200
2026-07-08T19:20:00,22,22.0391,22.4,22.5,Out,200
2026-07-08T19:30:00,22,22.0418,22.3,22.4,Out,200
2026-07-08T19:40:00,22,22.0528,22.2,22.4,Out,200
2026-07-08T19:50:00,22,22.0624,22.2,22.3,Out,200
2026-07-08T20:00:00,22,22.0459,22.3,22.4,Out,200
2026-07-08T20:10:00,22,22.0377,22.3,22.3,Out,200
2026-07-08T20:20:00,22,22.0185,22.2,22.3,Out,200
2026-07-08T20:30:00,22,21.9965,22.3,22.4,Out,200
2026-07-08T20:40:00,22,21.9992,22.2,22.3,Out,200
2026-07-08T20:50:00,22,21.9924,22.2,22.3,Out,200
2026-07-08T21:00:00,22,21.9828,22.2,22.3,Out,200
2026-07-08T21:10:00,21.9,21.9649,22.1,22.3,Out,200
2026-07-08T21:20:00,21.9,21.9429,22.2,22.2,Out,200
2026-07-08T21:30:00,21.9,21.9251,22.2,22.2,Out,200
2026-07-08T21:40:00,21.9,21.9237,22.2,22.2,Out,200
2026-07-08T21:50:00,21.9,21.9223,22.2,22.2,Out,200
2026-07-08T22:00:00,21.9,21.9196,22.2,22.2,Out,200
2026-07-08T22:10:00,21.9,21.9237,22.1,22.2,Out,200
2026-07-08T22:20:00,21.9,21.9251,22.1,22.2,Out,200
2026-07-08T22:30:00,21.9,21.932,22.1,22.2,Out,200
2026-07-08T22:40:00,21.9,21.9402,22.1,22.2,Out,200
2026-07-08T22:50:00,22,21.9553,22.1,22.2,Out,200
2026-07-08T23:00:00,22,21.9663,22.1,22.2,Out,200
2026-07-08T23:10:00,22,22.0143,22.1,22.2,Out,200
2026-07-08T23:20:00,22,22.0363,22.1,22.2,Out,200
2026-07-08T23:30:00,22,21.9992,22.2,22.2,Out,200
2026-07-08T23:40:00,22,21.9745,22.2,22.3,Out,200
2026-07-08T23:50:00,21.9,21.9663,22.2,22.2,Out,200
2026-07-09T00:00:00,21.9,21.9553,22.2,22.3,Out,200
2026-07-09T00:10:00,21.9,21.9402,22.2,22.3,Out,200
2026-07-09T00:20:00,21.9,21.9402,22.1,22.2,Out,200
2026-07-09T00:30:00,21.9,21.932,22.1,22.3,Out,200
2026-07-09T00:40:00,21.9,21.9306,22.1,22.2,Out,200
2026-07-09T00:50:00,21.9,21.9306,22.1,22.2,Out,200
2026-07-09T01:00:00,21.9,21.9361,22.1,22.2,Out,200
2026-07-09T01:10:00,21.9,21.9388,22.1,22.1,Out,200
2026-07-09T01:20:00,21.9,21.9416,22.1,22.1,Out,200
2026-07-09T01:30:00,21.9,21.9443,22.1,22.2,Out,200
2026-07-09T01:40:00,21.9,21.9196,22.1,22.2,Out,200
2026-07-09T01:50:00,21.9,21.921,22.1,22.2,Out,200
2026-07-09T02:00:00,21.9,21.9361,22.1,22.2,Out,200
2026-07-09T02:10:00,21.9,21.9416,22.1,22.2,Out,200
2026-07-09T02:20:00,21.9,21.9429,22.2,22.2,Out,200
2026-07-09T02:30:00,21.9,21.9429,22.1,22.1,Out,200
2026-07-09T02:40:00,21.9,21.9443,22.1,22.2,Out,200
2026-07-09T02:50:00,21.9,21.9484,22.2,22.2,Out,200
2026-07-09T03:00:00,21.9,21.9498,22.1,22.1,Out,200
2026-07-09T03:10:00,21.9,21.9512,22.2,22.2,Out,200
2026-07-09T03:20:00,22,21.9512,22.1,22.2,Out,200
2026-07-09T03:30:00,21.9,21.9553,22.1,22.2,Out,200
2026-07-09T03:40:00,21.9,21.9594,22.1,22.2,Out,200
2026-07-09T03:50:00,21.9,21.9525,22.1,22.2,Out,200
2026-07-09T04:00:00,21.9,21.9141,22.1,22.2,Out,200
2026-07-09T04:10:00,21.9,21.9168,22.1,22.2,Out,200
2026-07-09T04:20:00,21.9,21.9182,22.1,22.2,Out,200
2026-07-09T04:30:00,21.9,21.9168,22.1,22.2,Out,200
2026-07-09T04:40:00,21.9,21.9155,22.1,22.2,Out,200
2026-07-09T04:50:00,21.9,21.8839,22.1,22.2,Out,200
2026-07-09T05:00:00,21.9,21.877,22.1,22.2,Out,200
2026-07-09T05:10:00,21.9,21.8798,22.1,22.1,Out,200
2026-07-09T05:20:00,21.9,21.9031,22.1,22.2,Out,200
2026-07-09T05:30:00,21.9,21.9045,22.1,22.1,Out,200
2026-07-09T05:40:00,21.9,21.9127,22.1,22.2,Out,200
2026-07-09T05:50:00,21.9,21.9141,22.1,22.1,Out,200
2026-07-09T06:00:00,21.9,21.9086,22.1,22.2,Out,200
2026-07-09T06:10:00,21.9,21.9031,22.1,22.2,Out,200
2026-07-09T06:20:00,21.9,21.9168,22.1,22.2,Out,200
2026-07-09T06:30:00,21.9,21.9416,22.1,22.1,Out,200
2026-07-09T06:40:00,22,21.9731,22.1,22.2,Out,200
2026-07-09T06:50:00,22,21.9924,22.1,22.2,Out,200
2026-07-09T07:00:00,22,22.0226,22.1,22.2,Out,200
2026-07-09T07:10:00,22,22.0267,22.1,22.2,Out,200
2026-07-09T07:20:00,22,22.0514,22.2,22.2,Out,200
2026-07-09T07:30:00,22,22.0652,22.2,22.3,Out,200
2026-07-09T07:40:00,22.1,22.0803,22.2,22.2,Out,200
2026-07-09T07:50:00,22.1,22.1449,22.3,22.2,Out,200
2026-07-09T08:00:00,22.2,22.2342,22.3,22.4,Out,200
2026-07-09T08:10:00,22.3,22.3455,22.3,22.4,Out,200
2026-07-09T08:20:00,22.4,22.4156,22.3,22.4,Out,200
2026-07-09T08:30:00,22.3,22.3909,22.4,22.4,Out,200
2026-07-09T08:40:00,22.3,22.3276,22.5,22.6,Out,200
2026-07-09T08:50:00,22.2,22.23,22.6,22.7,Out,200
2026-07-09T09:00:00,22.1,22.1325,22.6,22.7,Out,200
2026-07-09T09:10:00,22.1,22.1215,22.6,22.6,Out,200
2026-07-09T09:20:00,22.1,22.1132,22.5,22.6,Out,200
2026-07-09T09:30:00,22,22.0652,22.4,22.4,Out,200
2026-07-09T09:40:00,22,22.013,22.3,22.4,Out,200
2026-07-09T09:50:00,22,21.9786,22.3,22.4,Out,200
2026-07-09T10:00:00,21.9,21.9416,22.3,22.4,Out,200
2026-07-09T10:10:00,21.9,21.9141,22.3,22.3,Out,200
2026-07-09T10:20:00,21.9,21.9127,22.2,22.2,Out,200
2026-07-09T10:30:00,21.9,21.9086,22.2,22.2,Out,200
2026-07-09T10:40:00,21.9,21.9127,22.1,22.2,Out,200
2026-07-09T10:50:00,21.9,21.9196,22.1,22.2,Out,200
2026-07-09T11:00:00,21.9,21.9223,22.1,22.2,Out,200
2026-07-09T11:10:00,21.9,21.9265,22.1,22.2,Out,200
2026-07-09T11:20:00,21.9,21.9333,22.1,22.2,Out,200
2026-07-09T11:30:00,21.9,21.9347,22.1,22.2,Out,200
2026-07-09T11:40:00,21.9,21.9374,22.2,22.1,Out,200
2026-07-09T11:50:00,21.9,21.9416,22.1,22.2,Out,200
2026-07-09T12:00:00,21.9,21.9471,22.1,22.2,Out,200
2026-07-09T12:10:00,21.9,21.9498,22.1,22.2,Out,200
2026-07-09T12:20:00,21.9,21.9374,22.1,22.2,Out,200
2026-07-09T12:30:00,21.9,21.9278,22.1,22.2,Out,200
2026-07-09T12:40:00,21.9,21.9045,22.2,22.2,Out,200
2026-07-09T12:50:00,21.9,21.888,22.1,22.2,Out,200
2026-07-09T13:00:00,21.9,21.8866,22.1,22.2,Out,200
2026-07-09T13:10:00,21.9,21.8798,22.1,22.2,Out,200
2026-07-09T13:20:00,21.9,21.8825,22.1,22.1,Out,200
2026-07-09T13:30:00,21.9,21.8963,22.1,22.1,Out,200
2026-07-09T13:40:00,21.9,21.9072,22.1,22.2,Out,200
2026-07-09T13:50:00,21.9,21.9155,22.1,22.1,Out,200
2026-07-09T14:00:00,21.9,21.9114,22.1,22.1,Out,200
2026-07-09T14:10:00,21.9,21.9114,22.1,22.1,Out,200
2026-07-09T14:20:00,21.9,21.9086,22.1,22.2,Out,200
2026-07-09T14:30:00,21.9,21.91,22.1,22.2,Out,200
2026-07-09T14:40:00,21.9,21.9127,22.1,22.1,Out,200
2026-07-09T14:50:00,21.9,21.91,22.1,22.1,Out,200
2026-07-09T15:00:00,21.9,21.9114,22.1,22.2,Out,200
2026-07-09T15:10:00,21.9,21.9155,22.1,22.1,Out,200
2026-07-09T15:20:00,21.9,21.9086,22.1,22.2,Out,200
2026-07-09T15:30:00,21.9,21.9086,22.1,22.2,Out,200
2026-07-09T15:40:00,21.9,21.9182,22.1,22.1,Out,200
2026-07-09T15:50:00,21.9,21.9251,22.1,22.2,Out,200
2026-07-09T16:00:00,21.9,21.9278,22.1,22.1,Out,200
2026-07-09T16:10:00,21.9,21.932,22.1,22.2,Out,200
2026-07-09T16:20:00,21.9,21.9347,22.1,22.2,Out,200
2026-07-09T16:30:00,21.9,21.9553,22.1,22.2,Out,200
2026-07-09T16:40:00,21.9,21.9429,22.1,22.2,Out,200
2026-07-09T16:50:00,21.9,21.9374,22.1,22.2,Out,200
2026-07-09T17:00:00,21.9,21.9402,22.1,22.2,Out,200
2026-07-09T17:10:00,21.9,21.9429,22.1,22.3,Out,200
2026-07-09T17:20:00,22,21.9471,22.1,22.2,Out,200
2026-07-09T17:30:00,21.9,21.9429,22.1,22.2,Out,200
2026-07-09T17:40:00,21.9,21.9347,22.1,22.2,Out,200
2026-07-09T17:50:00,21.9,21.9182,22.1,22.2,Out,200
2026-07-09T18:00:00,21.9,21.9361,22.1,22.3,Out,200
2026-07-09T18:10:00,21.9,21.9498,22.2,22.2,Out,200
2026-07-09T18:20:00,21.9,21.9429,22.1,22.1,Out,200
2026-07-09T18:30:00,21.9,21.9539,22.1,22.2,Out,200
2026-07-09T18:40:00,22,21.9677,22.2,22.2,Out,200
2026-07-09T18:50:00,22,21.9869,22.1,22.2,Out,200
2026-07-09T19:00:00,22,21.9979,22.1,22.2,Out,200
2026-07-09T19:10:00,22,22.0198,22.2,22.2,Out,200
2026-07-09T19:20:00,22,22.0528,22.2,22.2,Out,200
2026-07-09T19:30:00,22.2,22.1792,22.1,22.3,Out,200
2026-07-09T19:40:00,22.2,22.2314,22.2,22.3,Out,200
2026-07-09T19:50:00,22.3,22.2933,22.3,22.3,Out,200
2026-07-09T20:00:00,22.3,22.3166,22.4,22.4,Out,200
2026-07-09T20:10:00,22.3,22.3043,22.4,22.5,Out,200
2026-07-09T20:20:00,22.2,22.2617,22.4,22.5,Out,200
2026-07-09T20:30:00,22.2,22.2452,22.6,22.6,Out,200
2026-07-09T20:40:00,22.2,22.2314,22.4,22.5,Out,200
2026-07-09T20:50:00,22.2,22.1984,22.5,22.6,Out,200
2026-07-09T21:00:00,22,22.0858,22.5,22.5,Out,200
2026-07-09T21:10:00,22,22.0487,22.4,22.5,Out,200
2026-07-09T21:20:00,22,22.0432,22.5,22.4,Out,200
2026-07-09T21:30:00,22,22.0446,22.4,22.4,Out,200
2026-07-09T21:40:00,22,22.0501,22.2,22.4,Out,200
2026-07-09T21:50:00,22,22.0446,22.3,22.3,Out,200
2026-07-09T22:00:00,22,22.0391,22.2,22.3,Out,200
2026-07-09T22:10:00,22,22.0226,22.2,22.3,Out,200
2026-07-09T22:20:00,22,22.0143,22.2,22.3,Out,200
2026-07-09T22:30:00,22,21.9965,22.2,22.3,Out,200
2026-07-09T22:40:00,22,21.9663,22.2,22.2,Out,200
2026-07-09T22:50:00,21.9,21.9567,22.2,22.3,Out,200
2026-07-09T23:00:00,21.9,21.9512,22.1,22.3,Out,200
2026-07-09T23:10:00,21.9,21.9484,22.1,22.2,Out,200
2026-07-09T23:20:00,21.9,21.9539,22.1,22.2,Out,200
2026-07-09T23:30:00,21.9,21.9457,22.1,22.2,Out,200
2026-07-09T23:40:00,21.9,21.9361,22.1,22.2,Out,200
2026-07-09T23:50:00,21.9,21.9004,22.1,22.1,Out,200
2026-07-10T00:00:00,21.9,21.9031,22.2,22.2,Out,200
2026-07-10T00:10:00,21.9,21.9045,22.1,22.2,Out,200
2026-07-10T00:20:00,21.9,21.9086,22.1,22.1,Out,200
2026-07-10T00:30:00,21.9,21.9155,22.1,22.1,Out,200
2026-07-10T00:40:00,21.9,21.9196,22.1,22.2,Out,200
2026-07-10T00:50:00,21.9,21.9237,22.1,22.1,Out,200
2026-07-10T01:00:00,21.9,21.9278,22.1,22.2,Out,200
2026-07-10T01:10:00,21.9,21.9306,22.1,22.1,Out,200
2026-07-10T01:20:00,21.9,21.932,22,22.2,Out,200
2026-07-10T01:30:00,21.9,21.9306,22.1,22.1,Out,200
2026-07-10T01:40:00,21.9,21.9278,22.1,22.2,Out,200
2026-07-10T01:50:00,21.9,21.932,22.1,22.2,Out,200
2026-07-10T02:00:00,21.9,21.9347,22.1,22.2,Out,200
2026-07-10T02:10:00,21.9,21.9347,22.1,22.1,Out,200
2026-07-10T02:20:00,21.9,21.9347,22.1,22.2,Out,200
2026-07-10T02:30:00,21.9,21.9278,22.1,22.1,Out,200
2026-07-10T02:40:00,21.9,21.899,22.1,22.2,Out,200
2026-07-10T02:50:00,21.9,21.8908,22.1,22.2,Out,200
2026-07-10T03:00:00,21.9,21.8935,22.2,22.2,Out,200
2026-07-10T03:10:00,21.9,21.9031,22.1,22.2,Out,200
2026-07-10T03:20:00,21.9,21.899,22.1,22.2,Out,200
2026-07-10T03:30:00,21.9,21.9237,22.1,22.2,Out,200
2026-07-10T03:40:00,21.9,21.9361,22.1,22.1,Out,200
2026-07-10T03:50:00,21.9,21.9457,22.1,22.1,Out,200
2026-07-10T04:00:00,21.9,21.958,22.1,22.2,Out,200
2026-07-10T04:10:00,21.9,21.9553,22.1,22.2,Out,200
2026-07-10T04:20:00,21.9,21.9429,22.1,22.1,Out,200
2026-07-10T04:30:00,21.9,21.9237,22.1,22.2,Out,200
2026-07-10T04:40:00,21.9,21.9265,22.2,22.2,Out,200
2026-07-10T04:50:00,21.9,21.9484,22.1,22.2,Out,200
2026-07-10T05:00:00,21.9,21.9594,22.1,22.2,Out,200
2026-07-10T05:10:00,21.9,21.9635,22.1,22.3,Out,200
2026-07-10T05:20:00,21.9,21.9525,22.1,22.2,Out,200
2026-07-10T05:30:00,21.9,21.9594,22.1,22.2,Out,200
2026-07-10T05:40:00,22,21.9731,22.2,22.3,Out,200
2026-07-10T05:50:00,22,21.9924,22.2,22.3,Out,200
2026-07-10T06:00:00,22,22.0446,22.2,22.2,Out,200
2026-07-10T06:10:00,22.1,22.0913,22.2,22.2,Out,200
2026-07-10T06:20:00,22.1,22.0995,22.2,22.2,Out,200
2026-07-10T06:30:00,22.1,22.1146,22.2,22.3,Out,200
2026-07-10T06:40:00,22.2,22.2383,22.3,22.3,Out,200
2026-07-10T06:50:00,22.3,22.2892,22.3,22.4,Out,200
2026-07-10T07:00:00,22.3,22.3455,22.3,22.4,Out,200
2026-07-10T07:10:00,22.6,22.5546,22.4,22.6,Out,200
2026-07-10T07:20:00,22.6,22.6729,22.5,22.6,Out,200
2026-07-10T07:30:00,22.7,22.7032,22.5,22.6,Out,200
2026-07-10T07:40:00,22.7,22.717,22.6,22.7,Out,200
2026-07-10T07:50:00,22.3,22.5243,22.8,22.9,Out,200
2026-07-10T08:00:00,22.2,22.274,22.9,22.9,Out,200
2026-07-10T08:10:00,22.2,22.2397,23,23,Out,200
2026-07-10T08:20:00,22.2,22.2273,22.9,22.9,Out,200
2026-07-10T08:30:00,22.2,22.1957,22.7,22.9,Out,200
2026-07-10T08:40:00,22.1,22.1449,22.4,22.5,Out,200
2026-07-10T08:50:00,22,22.0871,22.5,22.5,Out,200
2026-07-10T09:00:00,22,22.0253,22.4,22.5,Out,200
2026-07-10T09:10:00,22,22.0006,22.3,22.4,Out,200
2026-07-10T09:20:00,22,21.9896,22.3,22.4,Out,200
2026-07-10T09:30:00,22,21.98,22.2,22.3,Out,200
2026-07-10T09:40:00,22,21.9718,22.2,22.3,Out,200
2026-07-10T09:50:00,22,21.9731,22.2,22.3,Out,200
2026-07-10T10:00:00,22,21.9773,22.2,22.3,Out,200
2026-07-10T10:10:00,22,21.9814,22.2,22.2,Out,200
2026-07-10T10:20:00,22,21.9855,22.1,22.3,Out,200
2026-07-10T10:30:00,22,21.9924,22.2,22.2,Out,200
2026-07-10T10:40:00,22,22.0487,22.2,22.2,Out,200
2026-07-10T10:50:00,22.1,22.1641,22.1,22.2,Out,200
2026-07-10T11:00:00,22.2,22.2232,22.2,22.3,Out,200
2026-07-10T11:10:00,22.2,22.2246,22.2,22.3,Out,200
2026-07-10T11:20:00,22.1,22.1229,22.3,22.4,Out,200
2026-07-10T11:30:00,22,22.0363,22.4,22.5,Out,200
2026-07-10T11:40:00,22,21.9773,22.4,22.4,Out,200
2026-07-10T11:50:00,22,21.9663,22.4,22.5,Out,200
2026-07-10T12:00:00,22,21.969,22.3,22.4,Out,200
2026-07-10T12:10:00,22,21.9594,22.2,22.3,Out,200
2026-07-10T12:20:00,21.9,21.969,22.1,22.2,Out,200
2026-07-10T12:30:00,21.9,21.958,22.2,22.2,Out,200
2026-07-10T12:40:00,21.9,21.9525,22.1,22.2,Out,200
2026-07-10T12:50:00,21.9,21.9484,22.1,22.2,Out,200
2026-07-10T13:00:00,22,21.9498,22.1,22.2,Out,200
2026-07-10T13:10:00,22,21.9512,22.2,22.2,Out,200
2026-07-10T13:20:00,21.9,21.9525,22.1,22.2,Out,200
2026-07-10T13:30:00,21.9,21.9553,22.1,22.2,Out,200
2026-07-10T13:40:00,21.9,21.9567,22.1,22.2,Out,200
2026-07-10T13:50:00,21.9,21.9553,22.1,22.2,Out,200
2026-07-10T14:00:00,21.9,21.958,22.1,22.2,Out,200
2026-07-10T14:10:00,21.9,21.9608,22.2,22.2,Out,200
2026-07-10T14:20:00,21.9,21.9608,22.1,22.2,Out,200
2026-07-10T14:30:00,21.9,21.9608,22.1,22.2,Out,200
2026-07-10T14:40:00,22,21.9594,22.2,22.2,Out,200
2026-07-10T14:50:00,21.9,21.9608,22.1,22.2,Out,200
2026-07-10T15:00:00,21.9,21.9525,22.2,22.2,Out,200
2026-07-10T15:10:00,21.9,21.9663,22.1,22.1,Out,200
2026-07-10T15:20:00,22,21.9951,22.2,22.1,Out,200
2026-07-10T15:30:00,22,22.0006,22.2,22.2,Out,200
2026-07-10T15:40:00,22,22.0075,22.2,22.2,Out,200
2026-07-10T15:50:00,22,22.0116,22.2,22.3,Out,200
2026-07-10T16:00:00,22,22.013,22.2,22.3,Out,200
2026-07-10T16:10:00,22,22.0102,22.2,22.3,Out,200
2026-07-10T16:20:00,22,22.0171,22.2,22.3,Out,200
2026-07-10T16:30:00,22,22.061,22.2,22.4,Out,200
2026-07-10T16:40:00,22.1,22.0954,22.2,22.3,Out,200
2026-07-10T16:50:00,22.1,22.1297,22.2,22.3,Out,200
2026-07-10T17:00:00,22.1,22.1325,22.2,22.3,Out,200
2026-07-10T17:10:00,22,22.094,22.3,22.3,Out,200
2026-07-10T17:20:00,22,22.0514,22.3,22.3,Out,200
2026-07-10T17:30:00,22,22.0336,22.3,22.4,Out,200
2026-07-10T17:40:00,22,22.0281,22.4,22.4,Out,200
2026-07-10T17:50:00,22,22.0322,22.3,22.4,Out,200
2026-07-10T18:00:00,22,22.0583,22.2,22.3,Out,200
2026-07-10T18:10:00,22,22.0501,22.3,22.3,Out,200
2026-07-10T18:20:00,22,22.0556,22.2,22.3,Out,200
2026-07-10T18:30:00,22,22.0638,22.3,22.3,Out,200
2026-07-10T18:40:00,22,22.0803,22.3,22.4,Out,200
2026-07-10T18:50:00,22.1,22.116,22.3,22.4,Out,200
2026-07-10T19:00:00,22.1,22.1765,22.3,22.3,Out,200
2026-07-10T19:10:00,22.2,22.1929,22.3,22.3,Out,200
2026-07-10T19:20:00,22.1,22.1531,22.3,22.4,Out,200
2026-07-10T19:30:00,22.1,22.1449,22.4,22.5,Out,200
2026-07-10T19:40:00,22.1,22.1586,22.4,22.6,Out,200
2026-07-10T19:50:00,22.2,22.1957,22.4,22.5,Out,200
2026-07-10T20:00:00,22.2,22.2026,22.3,22.4,Out,200
2026-07-10T20:10:00,22.2,22.1957,22.4,22.4,Out,200
2026-07-10T20:20:00,22.2,22.1847,22.4,22.4,Out,200
2026-07-10T20:30:00,22.1,22.1737,22.4,22.4,Out,200
2026-07-10T20:40:00,22.2,22.1723,22.3,22.4,Out,200
2026-07-10T20:50:00,22.1,22.1682,22.4,22.4,Out,200
2026-07-10T21:00:00,22.1,22.1407,22.4,22.4,Out,200
2026-07-10T21:10:00,22.1,22.1119,22.3,22.4,Out,200
2026-07-10T21:20:00,22,22.0281,22.3,22.4,Out,200
2026-07-10T21:30:00,22,22.002,22.4,22.5,Out,200
2026-07-10T21:40:00,22,22.0075,22.3,22.4,Out,200
2026-07-10T21:50:00,22,22.0212,22.4,22.4,Out,200
2026-07-10T22:00:00,22,22.0185,22.2,22.3,Out,200
2026-07-10T22:10:00,22,22.024,22.2,22.3,Out,200
2026-07-10T22:20:00,22,22.002,22.2,22.2,Out,200
2026-07-10T22:30:00,22,22.0047,22.2,22.3,Out,200
2026-07-10T22:40:00,21.9,21.9745,22.2,22.3,Out,200
2026-07-10T22:50:00,21.9,21.9635,22.2,22.3,Out,200
2026-07-10T23:00:00,21.9,21.9553,22.2,22.3,Out,200
2026-07-10T23:10:00,21.9,21.9622,22.1,22.3,Out,200
2026-07-10T23:20:00,21.9,21.9759,22.1,22.2,Out,200
2026-07-10T23:30:00,21.9,21.98,22.2,22.2,Out,200
2026-07-10T23:40:00,22,21.9814,22.2,22.2,Out,200
2026-07-10T23:50:00,22,21.9745,22.1,22.3,Out,200
2026-07-11T00:00:00,22,21.9814,22.1,22.3,Out,200
2026-07-11T00:10:00,22,21.9869,22.2,22.3,Out,200
2026-07-11T00:20:00,22,21.9883,22.1,22.2,Out,200
2026-07-11T00:30:00,22,21.9855,22.1,22.3,Out,200
2026-07-11T00:40:00,22,21.9773,22.2,22.3,Out,200
2026-07-11T00:50:00,22,21.9663,22.2,22.2,Out,200
2026-07-11T01:00:00,21.9,21.9718,22.1,22.2,Out,200
2026-07-11T01:10:00,22,21.9869,22.2,22.2,Out,200
2026-07-11T01:20:00,22,21.9924,22.2,22.2,Out,200
2026-07-11T01:30:00,22,21.9937,22.1,22.2,Out,200
2026-07-11T01:40:00,21.9,21.9704,22.2,22.2,Out,200
2026-07-11T01:50:00,21.9,21.9429,22.2,22.3,Out,200
2026-07-11T02:00:00,21.9,21.9471,22.2,22.2,Out,200
2026-07-11T02:10:00,21.9,21.958,22.2,22.3,Out,200
2026-07-11T02:20:00,21.9,21.9525,22.2,22.2,Out,200
2026-07-11T02:30:00,21.9,21.9608,22.1,22.2,Out,200
2026-07-11T02:40:00,22,21.9759,22.2,22.2,Out,200
2026-07-11T02:50:00,22,21.9937,22.2,22.3,Out,200
2026-07-11T03:00:00,22,22.0295,22.2,22.2,Out,200
2026-07-11T03:10:00,22,22.0459,22.2,22.3,Out,200
2026-07-11T03:20:00,22,22.0501,22.2,22.2,Out,200
2026-07-11T03:30:00,22,22.0391,22.2,22.2,Out,200
2026-07-11T03:40:00,22,21.9992,22.2,22.3,Out,200
2026-07-11T03:50:00,22,21.991,22.2,22.3,Out,200
2026-07-11T04:00:00,22,22.002,22.3,22.3,Out,200
2026-07-11T04:10:00,22,22.0185,22.2,22.3,Out,200
2026-07-11T04:20:00,22,21.9869,22.2,22.3,Out,200
2026-07-11T04:30:00,22,21.9759,22.2,22.4,Out,200
2026-07-11T04:40:00,21.9,21.9622,22.2,22.3,Out,200
2026-07-11T04:50:00,21.9,21.9429,22.2,22.3,Out,200
2026-07-11T05:00:00,21.9,21.9306,22.2,22.2,Out,200
2026-07-11T05:10:00,21.9,21.9388,22.1,22.2,Out,200
2026-07-11T05:20:00,21.9,21.9567,22.1,22.2,Out,200
2026-07-11T05:30:00,22,21.9841,22.1,22.3,Out,200
2026-07-11T05:40:00,22,22.0583,22.2,22.2,Out,200
2026-07-11T05:50:00,22.1,22.083,22.2,22.2,Out,200
2026-07-11T06:00:00,22.1,22.0995,22.2,22.3,Out,200
2026-07-11T06:10:00,22.1,22.0981,22.2,22.3,Out,200
2026-07-11T06:20:00,22.1,22.0899,22.2,22.3,Out,200
2026-07-11T06:30:00,22,22.0693,22.3,22.4,Out,200
2026-07-11T06:40:00,22,22.0542,22.3,22.4,Out,200
2026-07-11T06:50:00,22,22.0473,22.3,22.4,Out,200
2026-07-11T07:00:00,22,22.0336,22.3,22.3,Out,200
2026-07-11T07:10:00,22,22.0157,22.3,22.3,Out,200
2026-07-11T07:20:00,22,22.0253,22.2,22.3,Out,200
2026-07-11T07:30:00,22,22.0391,22.2,22.3,Out,200
2026-07-11T07:40:00,22,22.0418,22.2,22.3,Out,200
2026-07-11T07:50:00,22,22.0322,22.3,22.3,Out,200
2026-07-11T08:00:00,22,22.0473,22.2,22.4,Out,200
2026-07-11T08:10:00,22,22.0665,22.3,22.4,Out,200
2026-07-11T08:20:00,22.1,22.094,22.3,22.3,Out,200
2026-07-11T08:30:00,22.1,22.1105,22.3,22.3,Out,200
2026-07-11T08:40:00,22.2,22.1655,22.3,22.4,Out,200
2026-07-11T08:50:00,22.2,22.1916,22.3,22.3,Out,200
2026-07-11T09:00:00,22.2,22.1861,22.3,22.4,Out,200
2026-07-11T09:10:00,22.1,22.1297,22.3,22.4,Out,200
2026-07-11T09:20:00,22.1,22.1229,22.4,22.4,Out,200
2026-07-11T09:30:00,22.1,22.127,22.4,22.5,Out,200
2026-07-11T09:40:00,22.1,22.1297,22.3,22.4,Out,200
2026-07-11T09:50:00,22.1,22.1311,22.3,22.4,Out,200
2026-07-11T10:00:00,22.1,22.1352,22.3,22.4,Out,200
2026-07-11T10:10:00,22.1,22.1394,22.3,22.4,Out,200
2026-07-11T10:20:00,22.1,22.1146,22.3,22.4,Out,200
2026-07-11T10:30:00,22,22.061,22.3,22.4,Out,200
2026-07-11T10:40:00,22,22.0665,22.3,22.4,Out,200
2026-07-11T10:50:00,22,22.0569,22.4,22.4,Out,200
2026-07-11T11:00:00,22,22.0542,22.2,22.4,Out,200
2026-07-11T11:10:00,22,22.0487,22.2,22.3,Out,200
2026-07-11T11:20:00,22,22.0501,22.3,22.3,Out,200
2026-07-11T11:30:00,22,22.0446,22.3,22.2,Out,200
2026-07-11T11:40:00,22,22.0322,22.2,22.2,Out,200
2026-07-11T11:50:00,22,22.0281,22.2,22.3,Out,200
2026-07-11T12:00:00,22,22.0198,22.3,22.3,Out,200
2026-07-11T12:10:00,22,22.0198,22.3,22.2,Out,200
2026-07-11T12:20:00,22,22.0102,22.3,22.2,Out,200
2026-07-11T12:30:00,22,22.0061,22.3,22.2,Out,200
2026-07-11T12:40:00,22,22.0006,22.2,22.2,Out,200
2026-07-11T12:50:00,22,21.9979,22.2,22.3,Out,200
2026-07-11T13:00:00,22,22.0006,22.2,22.3,Out,200
2026-07-11T13:10:00,22,22.0047,22.2,22.2,Out,200
2026-07-11T13:20:00,22,22.0089,22.1,22.2,Out,200
2026-07-11T13:30:00,22,22.0102,22.3,22.2,Out,200
2026-07-11T13:40:00,22,22.013,22.2,22.3,Out,200
2026-07-11T13:50:00,22,22.0143,22.2,22.2,Out,200
2026-07-11T14:00:00,22,22.0157,22.2,22.2,Out,200
2026-07-11T14:10:00,22,22.0226,22.2,22.2,Out,200
2026-07-11T14:20:00,22,22.0226,22.2,22.2,Out,200
2026-07-11T14:30:00,22,22.0267,22.2,22.2,Out,200
2026-07-11T14:40:00,22,22.0418,22.2,22.3,Out,200
2026-07-11T14:50:00,22,22.0624,22.2,22.3,Out,200
2026-07-11T15:00:00,22,22.0803,22.2,22.3,Out,200
2026-07-11T15:10:00,22.1,22.0926,22.3,22.4,Out,200
2026-07-11T15:20:00,22.1,22.1009,22.3,22.3,Out,200
2026-07-11T15:30:00,22.1,22.094,22.3,22.3,Out,200
2026-07-11T15:40:00,22,22.0556,22.3,22.4,Out,200
2026-07-11T15:50:00,22,22.0432,22.3,22.3,Out,200
2026-07-11T16:00:00,22,22.0391,22.2,22.3,Out,200
2026-07-11T16:10:00,22,22.0349,22.3,22.4,Out,200
2026-07-11T16:20:00,22,22.0377,22.3,22.3,Out,200
2026-07-11T16:30:00,22,22.0391,22.2,22.3,Out,200
2026-07-11T16:40:00,22,22.0391,22.2,22.3,Out,200
2026-07-11T16:50:00,22,22.0391,22.2,22.3,Out,200
2026-07-11T17:00:00,22,22.0446,22.3,22.3,Out,200
2026-07-11T17:10:00,22,22.0473,22.2,22.3,Out,200
2026-07-11T17:20:00,22,22.0569,22.2,22.4,Out,200
2026-07-11T17:30:00,22,22.0569,22.2,22.3,Out,200
2026-07-11T17:40:00,22,22.0583,22.2,22.3,Out,200
2026-07-11T17:50:00,22.1,22.0597,22.3,22.3,Out,200
2026-07-11T18:00:00,22,22.061,22.3,22.3,Out,200
2026-07-11T18:10:00,22,22.0308,22.2,22.2,Out,200
2026-07-11T18:20:00,22,21.98,22.2,22.3,Out,200
2026-07-11T18:30:00,21.9,21.9649,22.3,22.3,Out,200
2026-07-11T18:40:00,22,21.9608,22.3,22.3,Out,200
2026-07-11T18:50:00,21.9,21.9457,22.2,22.3,Out,200
2026-07-11T19:00:00,22,21.9429,22.1,22.2,Out,200
2026-07-11T19:10:00,21.9,21.9429,22.1,22.2,Out,200
2026-07-11T19:20:00,21.9,21.9429,22.1,22.2,Out,200
2026-07-11T19:30:00,21.9,21.9443,22.1,22.2,Out,200
2026-07-11T19:40:00,21.9,21.9443,22.2,22.2,Out,200
2026-07-11T19:50:00,22,21.9512,22.1,22.2,Out,200
2026-07-11T20:00:00,21.9,21.9553,22.1,22.2,Out,200
2026-07-11T20:10:00,21.9,21.9553,22.1,22.2,Out,200
2026-07-11T20:20:00,22,21.958,22.2,22.2,Out,200
2026-07-11T20:30:00,21.9,21.9553,22.1,22.2,Out,200
2026-07-11T20:40:00,21.9,21.9594,22.2,22.2,Out,200
2026-07-11T20:50:00,21.9,21.9622,22.1,22.2,Out,200
2026-07-11T21:00:00,22,21.9635,22.2,22.2,Out,200
2026-07-11T21:10:00,21.9,21.9649,22.1,22.2,Out,200
2026-07-11T21:20:00,21.9,21.9663,22.1,22.2,Out,200
2026-07-11T21:30:00,21.9,21.9677,22.2,22.2,Out,200
2026-07-11T21:40:00,22,21.9677,22.1,22.2,Out,200
2026-07-11T21:50:00,21.9,21.9677,22.1,22.2,Out,200
2026-07-11T22:00:00,21.9,21.9677,22.1,22.2,Out,200
2026-07-11T22:10:00,22,21.9704,22.1,22.2,Out,200
2026-07-11T22:20:00,22,21.9718,22.2,22.2,Out,200
2026-07-11T22:30:00,22,21.9745,22.2,22.2,Out,200
2026-07-11T22:40:00,22,21.991,22.2,22.2,Out,200
2026-07-11T22:50:00,22,22.0501,22.1,22.2,Out,200
2026-07-11T23:00:00,22.1,22.1023,22.2,22.3,Out,200
2026-07-11T23:10:00,22.1,22.1311,22.2,22.3,Out,200
2026-07-11T23:20:00,22.2,22.1531,22.2,22.3,Out,200
2026-07-11T23:30:00,22.1,22.1765,22.3,22.4,Out,200
2026-07-11T23:40:00,22.1,22.1421,22.3,22.4,Out,200
2026-07-11T23:50:00,22.1,22.1242,22.4,22.5,Out,200
2026-07-12T00:00:00,22.1,22.1132,22.3,22.4,Out,200
2026-07-12T00:10:00,22.1,22.0913,22.4,22.4,Out,200
2026-07-12T00:20:00,22.1,22.0968,22.3,22.4,Out,200
2026-07-12T00:30:00,22.1,22.0981,22.3,22.3,Out,200
2026-07-12T00:40:00,22,22.0569,22.3,22.4,Out,200
2026-07-12T00:50:00,22,22.0308,22.2,22.4,Out,200
2026-07-12T01:00:00,22,22.0253,22.3,22.4,Out,200
2026-07-12T01:10:00,22,22.0226,22.3,22.3,Out,200
2026-07-12T01:20:00,22,22.0212,22.2,22.3,Out,200
2026-07-12T01:30:00,22,22.0212,22.3,22.3,Out,200
2026-07-12T01:40:00,22,22.0226,22.2,22.3,Out,200
2026-07-12T01:50:00,22,22.0226,22.2,22.3,Out,200
2026-07-12T02:00:00,22,22.024,22.2,22.2,Out,200
2026-07-12T02:10:00,22,22.0267,22.2,22.3,Out,200
2026-07-12T02:20:00,22,22.0295,22.2,22.3,Out,200
2026-07-12T02:30:00,22,22.0267,22.2,22.3,Out,200
2026-07-12T02:40:00,22,22.024,22.2,22.3,Out,200
2026-07-12T02:50:00,22,22.0198,22.2,22.3,Out,200
2026-07-12T03:00:00,22,22.0198,22.2,22.3,Out,200
2026-07-12T03:10:00,22,22.0212,22.1,22.3,Out,200
2026-07-12T03:20:00,22,22.002,22.2,22.3,Out,200
2026-07-12T03:30:00,22,21.9883,22.3,22.3,Out,200
2026-07-12T03:40:00,21.9,21.9855,22.2,22.4,Out,200
2026-07-12T03:50:00,21.9,21.9704,22.1,22.2,Out,200
2026-07-12T04:00:00,22,21.9814,22.2,22.3,Out,200
2026-07-12T04:10:00,22,21.9896,22.2,22.2,Out,200
2026-07-12T04:20:00,22,21.9896,22.1,22.2,Out,200
2026-07-12T04:30:00,21.9,21.9883,22.2,22.3,Out,200
2026-07-12T04:40:00,21.9,22.0075,22.2,22.3,Out,200
2026-07-12T04:50:00,22,22.0322,22.2,22.2,Out,200
2026-07-12T05:00:00,22,22.0528,22.2,22.3,Out,200
2026-07-12T05:10:00,22,22.0665,22.2,22.3,Out,200
2026-07-12T05:20:00,22,22.0597,22.2,22.3,Out,200
2026-07-12T05:30:00,22,22.0116,22.3,22.3,Out,200
2026-07-12T05:40:00,22,21.9855,22.3,22.3,Out,200
2026-07-12T05:50:00,22,21.9828,22.3,22.3,Out,200
2026-07-12T06:00:00,22,21.9731,22.3,22.3,Out,200
2026-07-12T06:10:00,22,21.969,22.2,22.2,Out,200
2026-07-12T06:20:00,22,21.9608,22.2,22.2,Out,200
2026-07-12T06:30:00,21.9,21.9457,22.2,22.2,Out,200
2026-07-12T06:40:00,21.9,21.9443,22.2,22.2,Out,200
2026-07-12T06:50:00,21.9,21.9498,22.2,22.2,Out,200
2026-07-12T07:00:00,21.9,21.9677,22.1,22.2,Out,200
2026-07-12T07:10:00,21.9,21.9814,22.2,22.2,Out,200
2026-07-12T07:20:00,22,22.0185,22.1,22.2,Out,200
2026-07-12T07:30:00,22,22.0624,22.2,22.2,Out,200
2026-07-12T07:40:00,22,22.061,22.1,22.2,Out,200
2026-07-12T07:50:00,22,22.0583,22.2,22.3,Out,200
2026-07-12T08:00:00,22,22.0624,22.2,22.3,Out,200
2026-07-12T08:10:00,22.1,22.0652,22.2,22.3,Out,200
2026-07-12T08:20:00,22,22.0693,22.3,22.3,Out,200
2026-07-12T08:30:00,22,22.083,22.3,22.3,Out,200
2026-07-12T08:40:00,22.1,22.0871,22.2,22.3,Out,200
2026-07-12T08:50:00,22.1,22.0899,22.2,22.3,Out,200
2026-07-12T09:00:00,22.1,22.1256,22.2,22.4,Out,200
2026-07-12T09:10:00,22.1,22.1531,22.3,22.4,Out,200
2026-07-12T09:20:00,22.2,22.2465,22.3,22.4,Out,200
2026-07-12T09:30:00,22.2,22.2768,22.3,22.4,Out,200
2026-07-12T09:40:00,22.3,22.2727,22.3,22.5,Out,200
2026-07-12T09:50:00,22.3,22.3029,22.5,22.5,Out,200
2026-07-12T10:00:00,22.3,22.3166,22.5,22.6,Out,200
2026-07-12T10:10:00,22.3,22.3098,22.5,22.6,Out,200
2026-07-12T10:20:00,22.3,22.3235,22.5,22.6,Out,200
2026-07-12T10:30:00,22.3,22.3441,22.5,22.6,Out,200
2026-07-12T10:40:00,22.3,22.3538,22.5,22.6,Out,200
2026-07-12T10:50:00,22.3,22.2905,22.5,22.6,Out,200
2026-07-12T11:00:00,22.2,22.2328,22.6,22.6,Out,200
2026-07-12T11:10:00,22.2,22.2177,22.6,22.6,Out,200
2026-07-12T11:20:00,22.2,22.2081,22.6,22.6,Out,200
2026-07-12T11:30:00,22.2,22.2053,22.4,22.6,Out,200
2026-07-12T11:40:00,22.2,22.2122,22.5,22.5,Out,200
2026-07-12T11:50:00,22.2,22.2204,22.4,22.5,Out,200
2026-07-12T12:00:00,22.2,22.2232,22.4,22.4,Out,200
2026-07-12T12:10:00,22.2,22.2163,22.4,22.4,Out,200
2026-07-12T12:20:00,22.2,22.1998,22.4,22.5,Out,200
2026-07-12T12:30:00,22.1,22.1696,22.4,22.4,Out,200
2026-07-12T12:40:00,22.1,22.1668,22.4,22.5,Out,200
2026-07-12T12:50:00,22.1,22.1572,22.4,22.5,Out,200
2026-07-12T13:00:00,22.1,22.1627,22.4,22.5,Out,200
2026-07-12T13:10:00,22.1,22.1531,22.4,22.4,Out,200
2026-07-12T13:20:00,22.2,22.1586,22.3,22.5,Out,200
2026-07-12T13:30:00,22.2,22.1668,22.4,22.4,Out,200
2026-07-12T13:40:00,22.2,22.171,22.3,22.4,Out,200
2026-07-12T13:50:00,22.1,22.1655,22.3,22.4,Out,200
2026-07-12T14:00:00,22.1,22.0981,22.3,22.4,Out,200
2026-07-12T14:10:00,22,22.0514,22.3,22.4,Out,200
2026-07-12T14:20:00,22,22.0363,22.4,22.4,Out,200
2026-07-12T14:30:00,21.9,21.9512,22.4,22.4,Out,200
2026-07-12T14:40:00,21.9,21.9457,22.3,22.3,Out,200
2026-07-12T14:50:00,21.9,21.9594,22.2,22.3,Out,200
2026-07-12T15:00:00,22,21.969,22.2,22.3,Out,200
2026-07-12T15:10:00,22,21.9773,22.2,22.2,Out,200
2026-07-12T15:20:00,22,21.98,22.1,22.2,Out,200
2026-07-12T15:30:00,22,21.9869,22.2,22.2,Out,200
2026-07-12T15:40:00,22,21.9896,22.2,22.2,Out,200
2026-07-12T15:50:00,22,21.9937,22.1,22.2,Out,200
2026-07-12T16:00:00,22,21.991,22.2,22.2,Out,200
2026-07-12T16:10:00,22,21.9883,22.1,22.2,Out,200
2026-07-12T16:20:00,22,21.9841,22.2,22.3,Out,200
2026-07-12T16:30:00,22,21.9896,22.2,22.2,Out,200
2026-07-12T16:40:00,22,21.9924,22.2,22.3,Out,200
2026-07-12T16:50:00,22,21.9896,22.2,22.2,Out,200
2026-07-12T17:00:00,21.9,21.9883,22.1,22.2,Out,200
2026-07-12T17:10:00,22,21.9786,22.1,22.3,Out,200
2026-07-12T17:20:00,21.9,21.9745,22.1,22.2,Out,200
2026-07-12T17:30:00,22,21.9745,22.1,22.2,Out,200
2026-07-12T17:40:00,22,21.969,22.2,22.2,Out,200
2026-07-12T17:50:00,22,21.9663,22.2,22.2,Out,200
2026-07-12T18:00:00,22,21.9677,22.2,22.2,Out,200
2026-07-12T18:10:00,22,21.9718,22.1,22.3,Out,200
2026-07-12T18:20:00,22,21.9759,22.1,22.2,Out,200
2026-07-12T18:30:00,22,21.9786,22.2,22.2,Out,200
2026-07-12T18:40:00,22,21.98,22.1,22.2,Out,200
2026-07-12T18:50:00,22,21.9814,22.2,22.2,Out,200
2026-07-12T19:00:00,22,21.9786,22.2,22.2,Out,200
2026-07-12T19:10:00,21.9,21.9622,22.2,22.2,Out,200
2026-07-12T19:20:00,21.9,21.9677,22.2,22.2,Out,200
2026-07-12T19:30:00,21.9,21.9333,22.2,22.3,Out,200
2026-07-12T19:40:00,21.9,21.9292,22.2,22.2,Out,200
2026-07-12T19:50:00,21.9,21.9306,22.2,22.2,Out,200
2026-07-12T20:00:00,21.9,21.9306,22.1,22.2,Out,200
2026-07-12T20:10:00,21.9,21.9333,22.1,22.2,Out,200
2026-07-12T20:20:00,21.9,21.932,22.2,22.2,Out,200
2026-07-12T20:30:00,21.9,21.9333,22.2,22.2,Out,200
2026-07-12T20:40:00,21.9,21.9141,22.1,22.2,Out,200
2026-07-12T20:50:00,21.9,21.91,22.2,22.2,Out,200
2026-07-12T21:00:00,21.9,21.9127,22.1,22.1,Out,200
2026-07-12T21:10:00,21.9,21.9141,22.1,22.2,Out,200
2026-07-12T21:20:00,21.9,21.9155,22.1,22.2,Out,200
2026-07-12T21:30:00,21.9,21.9127,22.1,22.1,Out,200
2026-07-12T21:40:00,21.9,21.9168,22.1,22.2,Out,200
2026-07-12T21:50:00,21.9,21.932,22.1,22.1,Out,200
2026-07-12T22:00:00,21.9,21.9347,22.1,22.2,Out,200
2026-07-12T22:10:00,21.9,21.9429,22.1,22.2,Out,200
2026-07-12T22:20:00,21.9,21.9553,22.1,22.2,Out,200
2026-07-12T22:30:00,22,21.9814,22.2,22.2,Out,200
2026-07-12T22:40:00,22,21.9896,22.1,22.2,Out,200
2026-07-12T22:50:00,22,21.9965,22.1,22.2,Out,200
2026-07-12T23:00:00,22,22.0006,22.2,22.2,Out,200
2026-07-12T23:10:00,22,22.0116,22.2,22.2,Out,200
2026-07-12T23:20:00,22,22.0116,22.2,22.2,Out,200
2026-07-12T23:30:00,22,22.0226,22.2,22.2,Out,200
2026-07-12T23:40:00,22,22.0253,22.2,22.3,Out,200
2026-07-12T23:50:00,22,22.0198,22.2,22.2,Out,200
2026-07-13T00:00:00,22,22.0116,22.2,22.3,Out,200
2026-07-13T00:10:00,22,22.013,22.2,22.3,Out,200
2026-07-13T00:20:00,22,22.0089,22.3,22.3,Out,200
2026-07-13T00:30:00,22,22.0075,22.3,22.3,Out,200
2026-07-13T00:40:00,22,22.013,22.3,22.3,Out,200
2026-07-13T00:50:00,22,22.0295,22.2,22.3,Out,200
2026-07-13T01:00:00,22,22.0446,22.2,22.3,Out,200
2026-07-13T01:10:00,22,22.0679,22.1,22.3,Out,200
2026-07-13T01:20:00,22.1,22.0748,22.2,22.3,Out,200
2026-07-13T01:30:00,22,22.0803,22.2,22.4,Out,200
2026-07-13T01:40:00,22.1,22.0775,22.2,22.3,Out,200
2026-07-13T01:50:00,22.1,22.094,22.3,22.3,Out,200
2026-07-13T02:00:00,22,22.0913,22.3,22.3,Out,200
2026-07-13T02:10:00,22,22.105,22.3,22.3,Out,200
2026-07-13T02:20:00,22.1,22.0913,22.3,22.3,Out,200
2026-07-13T02:30:00,22,22.0858,22.4,22.4,Out,200
2026-07-13T02:40:00,22,22.083,22.3,22.4,Out,200
2026-07-13T02:50:00,22,22.0446,22.3,22.4,Out,200
2026-07-13T03:00:00,22,22.0322,22.3,22.4,Out,200
2026-07-13T03:10:00,22,22.0171,22.3,22.4,Out,200
2026-07-13T03:20:00,22,22.0157,22.3,22.4,Out,200
2026-07-13T03:30:00,22,22.0006,22.2,22.3,Out,200
2026-07-13T03:40:00,22,21.9883,22.3,22.3,Out,200
2026-07-13T03:50:00,22,21.9828,22.2,22.2,Out,200
2026-07-13T04:00:00,22,21.9745,22.2,22.3,Out,200
2026-07-13T04:10:00,22,21.969,22.2,22.3,Out,200
2026-07-13T04:20:00,22,21.9635,22.1,22.2,Out,200
2026-07-13T04:30:00,22,21.9594,22.1,22.2,Out,200
2026-07-13T04:40:00,22,21.9635,22.2,22.3,Out,200
2026-07-13T04:50:00,22,21.9663,22.1,22.2,Out,200
2026-07-13T05:00:00,22,21.969,22.1,22.2,Out,200
2026-07-13T05:10:00,22,21.9677,22.2,22.2,Out,200
2026-07-13T05:20:00,22,21.9704,22.2,22.2,Out,200
2026-07-13T05:30:00,22,21.969,22.1,22.3,Out,200
2026-07-13T05:40:00,22,21.9704,22.2,22.2,Out,200
2026-07-13T05:50:00,22,21.9731,22.1,22.2,Out,200
2026-07-13T06:00:00,22,21.9786,22.1,22.2,Out,200
2026-07-13T06:10:00,22,21.9814,22.2,22.2,Out,200
2026-07-13T06:20:00,22,21.9814,22.2,22.2,Out,200
2026-07-13T06:30:00,22,21.9828,22.2,22.3,Out,200
2026-07-13T06:40:00,22,21.9855,22.1,22.3,Out,200
2026-07-13T06:50:00,22,21.9828,22.2,22.2,Out,200
2026-07-13T07:00:00,22,21.98,22.2,22.2,Out,200
2026-07-13T07:10:00,21.9,21.9718,22.2,22.2,Out,200
2026-07-13T07:20:00,21.9,21.9553,22.1,22.3,Out,200
2026-07-13T07:30:00,21.9,21.9539,22.2,22.2,Out,200
2026-07-13T07:40:00,21.9,21.9471,22.1,22.3,Out,200
2026-07-13T07:50:00,21.9,21.9525,22.1,22.2,Out,200
2026-07-13T08:00:00,22,21.958,22.1,22.2,Out,200
2026-07-13T08:10:00,22,21.9649,22.1,22.3,Out,200
2026-07-13T08:20:00,22,21.9731,22.1,22.2,Out,200
2026-07-13T08:30:00,22,21.9773,22.2,22.2,Out,200
2026-07-13T08:40:00,22,21.9951,22.2,22.2,Out,200
2026-07-13T08:50:00,22,22.0034,22.2,22.2,Out,200
2026-07-13T09:00:00,22,22.0061,22.1,22.2,Out,200
2026-07-13T09:10:00,22,22.0102,22.1,22.2,Out,200
2026-07-13T09:20:00,22,22.0171,22.2,22.3,Out,200
2026-07-13T09:30:00,22,22.024,22.2,22.3,Out,200
2026-07-13T09:40:00,22,22.0295,22.2,22.3,Out,200
2026-07-13T09:50:00,22,22.0322,22.2,22.3,Out,200
2026-07-13T10:00:00,22,22.0404,22.2,22.3,Out,200
2026-07-13T10:10:00,22,22.0473,22.2,22.3,Out,200
2026-07-13T10:20:00,22,22.0432,22.2,22.2,Out,200
2026-07-13T10:30:00,22,22.0514,22.2,22.3,Out,200
2026-07-13T10:40:00,22,22.0652,22.2,22.2,Out,200
2026-07-13T10:50:00,22.1,22.0899,22.3,22.3,Out,200
2026-07-13T11:00:00,22.1,22.1394,22.3,22.3,Out,200
2026-07-13T11:10:00,22.1,22.1531,22.2,22.3,Out,200
2026-07-13T11:20:00,22.1,22.171,22.3,22.4,Out,200
2026-07-13T11:30:00,22.2,22.1806,22.4,22.4,Out,200
2026-07-13T11:40:00,22.2,22.182,22.3,22.4,Out,200
2026-07-13T11:50:00,22.2,22.2026,22.4,22.4,Out,200
2026-07-13T12:00:00,22.2,22.2369,22.4,22.4,Out,200
2026-07-13T12:10:00,22.2,22.2452,22.3,22.5,Out,200
2026-07-13T12:20:00,22.2,22.2465,22.4,22.4,Out,200
2026-07-13T12:30:00,22.2,22.2452,22.4,22.5,Out,200
2026-07-13T12:40:00,22.2,22.2383,22.5,22.5,Out,200
2026-07-13T12:50:00,22.2,22.2081,22.4,22.5,Out,200
2026-07-13T13:00:00,22.2,22.1888,22.4,22.5,Out,200
2026-07-13T13:10:00,22.2,22.1833,22.4,22.5,Out,200
2026-07-13T13:20:00,22.1,22.1778,22.4,22.5,Out,200
2026-07-13T13:30:00,22.2,22.1723,22.5,22.5,Out,200
2026-07-13T13:40:00,22.2,22.1751,22.4,22.5,Out,200
2026-07-13T13:50:00,22.2,22.1723,22.4,22.5,Out,200
2026-07-13T14:00:00,22.1,22.1352,22.4,22.5,Out,200
2026-07-13T14:10:00,22,22.0185,22.4,22.4,Out,200
2026-07-13T14:20:00,22,22.0089,22.4,22.4,Out,200
2026-07-13T14:30:00,22,22.0061,22.3,22.4,Out,200
2026-07-13T14:40:00,22,22.0006,22.3,22.3,Out,200
2026-07-13T14:50:00,22,22.0075,22.2,22.3,Out,200
2026-07-13T15:00:00,22,22.0363,22.2,22.3,Out,200
2026-07-13T15:10:00,22,22.061,22.3,22.3,Out,200
2026-07-13T15:20:00,22.1,22.0885,22.2,22.3,Out,200
2026-07-13T15:30:00,22.1,22.1023,22.3,22.3,Out,200
2026-07-13T15:40:00,22.1,22.116,22.3,22.2,Out,200
2026-07-13T15:50:00,22.1,22.1311,22.2,22.4,Out,200
2026-07-13T16:00:00,22.1,22.1407,22.3,22.4,Out,200
2026-07-13T16:10:00,22.1,22.1613,22.3,22.4,Out,200
2026-07-13T16:20:00,22.1,22.1421,22.3,22.5,Out,200
2026-07-13T16:30:00,22.1,22.1256,22.4,22.4,Out,200
2026-07-13T16:40:00,22.1,22.1078,22.4,22.4,Out,200
2026-07-13T16:50:00,22.1,22.0954,22.4,22.4,Out,200
2026-07-13T17:00:00,22,22.0844,22.3,22.4,Out,200
2026-07-13T17:10:00,22,22.0707,22.4,22.4,Out,200
2026-07-13T17:20:00,22,22.0528,22.3,22.3,Out,200
2026-07-13T17:30:00,22,22.0349,22.3,22.3,Out,200
2026-07-13T17:40:00,22,21.9828,22.3,22.4,Out,200
2026-07-13T17:50:00,22,21.9773,22.3,22.3,Out,200
2026-07-13T18:00:00,22,21.9883,22.2,22.3,Out,200
2026-07-13T18:10:00,22,22.0006,22.2,22.2,Out,200
2026-07-13T18:20:00,22,21.9992,22.2,22.2,Out,200
2026-07-13T18:30:00,22,21.9649,22.2,22.3,Out,200
2026-07-13T18:40:00,21.9,21.9649,22.2,22.3,Out,200
2026-07-13T18:50:00,22,21.9622,22.2,22.3,Out,200
2026-07-13T19:00:00,22,21.9649,22.1,22.2,Out,200
2026-07-13T19:10:00,21.9,21.9677,22.2,22.2,Out,200
2026-07-13T19:20:00,22,21.9745,22.2,22.3,Out,200
2026-07-13T19:30:00,22,21.98,22.2,22.2,Out,200
2026-07-13T19:40:00,22,21.9855,22.2,22.2,Out,200
2026-07-13T19:50:00,22,21.9883,22.1,22.3,Out,200
2026-07-13T20:00:00,22,21.9937,22.2,22.2,Out,200
2026-07-13T20:10:00,22,22.002,22.2,22.2,Out,200
2026-07-13T20:20:00,22,22.0089,22.2,22.2,Out,200
2026-07-13T20:30:00,22,22.0143,22.2,22.2,Out,200
2026-07-13T20:40:00,22,22.0157,22.2,22.2,Out,200
2026-07-13T20:50:00,22,22.0157,22.2,22.2,Out,200
2026-07-13T21:00:00,22,22.0226,22.2,22.3,Out,200
2026-07-13T21:10:00,22,21.9896,22.2,22.2,Out,200
2026-07-13T21:20:00,21.9,21.9745,22.2,22.3,Out,200
2026-07-13T21:30:00,21.9,21.9704,22.2,22.3,Out,200
2026-07-13T21:40:00,22,21.9663,22.2,22.3,Out,200
2026-07-13T21:50:00,22,21.9649,22.1,22.2,Out,200
2026-07-13T22:00:00,21.9,21.9498,22.1,22.2,Out,200
2026-07-13T22:10:00,21.9,21.9553,22.2,22.2,Out,200
2026-07-13T22:20:00,21.9,21.969,22.1,22.2,Out,200
2026-07-13T22:30:00,22,21.9759,22.2,22.2,Out,200
2026-07-13T22:40:00,22,21.98,22.2,22.2,Out,200
2026-07-13T22:50:00,22,21.9841,22.2,22.2,Out,200
2026-07-13T23:00:00,22,22.0143,22.1,22.2,Out,200
2026-07-13T23:10:00,21.9,21.9608,22.2,22.3,Out,200
2026-07-13T23:20:00,21.9,21.932,22.1,22.3,Out,200
2026-07-13T23:30:00,21.9,21.9237,22.2,22.2,Out,200
2026-07-13T23:40:00,21.9,21.9237,22.2,22.2,Out,200
2026-07-13T23:50:00,21.9,21.9443,22.2,22.2,Out,200
2026-07-14T00:00:00,21.9,21.9677,22.1,22.2,Out,200
2026-07-14T00:10:00,22,21.9965,22.1,22.2,Out,200
2026-07-14T00:20:00,22,22.0185,22.2,22.2,Out,200
2026-07-14T00:30:00,22,22.0377,22.1,22.2,Out,200
2026-07-14T00:40:00,22,22.0391,22.1,22.3,Out,200
2026-07-14T00:50:00,22,22.0501,22.2,22.3,Out,200
2026-07-14T01:00:00,22,22.0528,22.3,22.3,Out,200
2026-07-14T01:10:00,22,22.0487,22.3,22.3,Out,200
2026-07-14T01:20:00,22,22.0583,22.2,22.3,Out,200
2026-07-14T01:30:00,22.1,22.0913,22.2,22.3,Out,200
2026-07-14T01:40:00,22.1,22.1435,22.3,22.3,Out,200
2026-07-14T01:50:00,22.1,22.1627,22.2,22.3,Out,200
2026-07-14T02:00:00,22.2,22.1957,22.2,22.4,Out,200
2026-07-14T02:10:00,22.2,22.2136,22.3,22.4,Out,200
2026-07-14T02:20:00,22.2,22.2177,22.4,22.4,Out,200
2026-07-14T02:30:00,22.2,22.2273,22.4,22.4,Out,200
2026-07-14T02:40:00,22.2,22.2314,22.4,22.5,Out,200
2026-07-14T02:50:00,22.2,22.2369,22.4,22.5,Out,200
2026-07-14T03:00:00,22.2,22.2342,22.5,22.5,Out,200
2026-07-14T03:10:00,22.2,22.2328,22.4,22.4,Out,200
2026-07-14T03:20:00,22.2,22.2273,22.4,22.4,Out,200
2026-07-14T03:30:00,22.2,22.2191,22.5,22.4,Out,200
2026-07-14T03:40:00,22.1,22.1765,22.4,22.5,Out,200
2026-07-14T03:50:00,22.1,22.1421,22.5,22.5,Out,200
2026-07-14T04:00:00,22.1,22.1132,22.4,22.5,Out,200
2026-07-14T04:10:00,22.1,22.1023,22.4,22.5,Out,200
2026-07-14T04:20:00,22,22.0583,22.4,22.4,Out,200
2026-07-14T04:30:00,22,22.0267,22.3,22.5,Out,200
2026-07-14T04:40:00,22,21.9937,22.3,22.4,Out,200
2026-07-14T04:50:00,22,21.9841,22.3,22.4,Out,200
2026-07-14T05:00:00,22,22.0377,22.2,22.3,Out,200
2026-07-14T05:10:00,22,22.0487,22.2,22.3,Out,200
2026-07-14T05:20:00,22,22.0679,22.2,22.2,Out,200
2026-07-14T05:30:00,22.1,22.0871,22.2,22.3,Out,200
2026-07-14T05:40:00,22.1,22.1009,22.3,22.3,Out,200
2026-07-14T05:50:00,22.1,22.1215,22.3,22.4,Out,200
2026-07-14T06:00:00,22.1,22.1627,22.3,22.4,Out,200
2026-07-14T06:10:00,22.1,22.1627,22.3,22.4,Out,200
2026-07-14T06:20:00,22.2,22.1572,22.3,22.4,Out,200
2026-07-14T06:30:00,22.1,22.1476,22.3,22.4,Out,200
2026-07-14T06:40:00,22.1,22.0995,22.4,22.4,Out,200
2026-07-14T06:50:00,22.1,22.0775,22.4,22.4,Out,200
2026-07-14T07:00:00,22,22.0679,22.3,22.4,Out,200
2026-07-14T07:10:00,22,22.0679,22.3,22.4,Out,200
2026-07-14T07:20:00,22,22.0487,22.3,22.4,Out,200
2026-07-14T07:30:00,22,22.0404,22.3,22.4,Out,200
2026-07-14T07:40:00,22,22.0363,22.3,22.4,Out,200
2026-07-14T07:50:00,22,22.0583,22.2,22.4,Out,200
2026-07-14T08:00:00,22,22.0363,22.3,22.3,Out,200
2026-07-14T08:10:00,22,22.0185,22.2,22.4,Out,200
2026-07-14T08:20:00,22,22.013,22.3,22.4,Out,200
2026-07-14T08:30:00,22,22.013,22.2,22.4,Out,200
2026-07-14T08:40:00,22,22.0171,22.2,22.3,Out,200
2026-07-14T08:50:00,22,22.024,22.2,22.3,Out,200
2026-07-14T09:00:00,22,22.024,22.2,22.3,Out,200
2026-07-14T09:10:00,22,22.0253,22.2,22.3,Out,200
2026-07-14T09:20:00,22,22.0295,22.2,22.3,Out,200
2026-07-14T09:30:00,22,22.0665,22.2,22.3,Out,200
2026-07-14T09:40:00,22.1,22.1421,22.3,22.3,Out,200
2026-07-14T09:50:00,22.1,22.16,22.2,22.3,Out,200
2026-07-14T10:00:00,22.1,22.1641,22.3,22.3,Out,200
2026-07-14T10:10:00,22.1,22.1723,22.3,22.4,Out,200
2026-07-14T10:20:00,22.1,22.1668,22.3,22.4,Out,200
2026-07-14T10:30:00,22.1,22.1009,22.4,22.5,Out,200
2026-07-14T10:40:00,22,22.0473,22.4,22.5,Out,200
2026-07-14T10:50:00,22,22.0487,22.4,22.5,Out,200
2026-07-14T11:00:00,22.1,22.1297,22.4,22.4,Out,200
2026-07-14T11:10:00,22.2,22.2191,22.3,22.4,Out,200
2026-07-14T11:20:00,22.2,22.2575,22.3,22.4,Out,200
2026-07-14T11:30:00,22.2,22.2177,22.4,22.5,Out,200
2026-07-14T11:40:00,22.2,22.2685,22.4,22.4,Out,200
2026-07-14T11:50:00,22.3,22.2919,22.5,22.5,Out,200
2026-07-14T12:00:00,22.4,22.4033,22.5,22.6,Out,200
2026-07-14T12:10:00,22.4,22.4638,22.5,22.6,Out,200
2026-07-14T12:20:00,22.4,22.5009,22.5,22.6,Out,200
2026-07-14T12:30:00,22.6,22.5945,22.6,22.7,Out,200
2026-07-14T12:40:00,22.6,22.6303,22.6,22.8,Out,200
2026-07-14T12:50:00,22.5,22.622,22.7,22.8,Out,200
2026-07-14T13:00:00,22.4,22.4569,22.8,22.8,Out,200
2026-07-14T13:10:00,22.4,22.4294,22.8,22.8,Out,200
2026-07-14T13:20:00,22.4,22.4652,22.8,22.9,Out,200
2026-07-14T13:30:00,22.4,22.45,22.8,22.9,Out,200
2026-07-14T13:40:00,22.3,22.3689,22.7,22.7,Out,200
2026-07-14T13:50:00,22.3,22.3318,22.7,22.7,Out,200
2026-07-14T14:00:00,22.3,22.3208,22.6,22.7,Out,200
2026-07-14T14:10:00,22.3,22.2933,22.6,22.7,Out,200
2026-07-14T14:20:00,22.2,22.2204,22.6,22.6,Out,200
2026-07-14T14:30:00,22.2,22.1792,22.5,22.6,Out,200
2026-07-14T14:40:00,22.1,22.1833,22.4,22.6,Out,200
2026-07-14T14:50:00,22.1,22.1668,22.5,22.5,Out,200
2026-07-14T15:00:00,22.2,22.1765,22.4,22.5,Out,200
2026-07-14T15:10:00,22.2,22.1943,22.4,22.4,Out,200
2026-07-14T15:20:00,22.2,22.2053,22.4,22.5,Out,200
2026-07-14T15:30:00,22.2,22.1957,22.4,22.4,Out,200
2026-07-14T15:40:00,22.2,22.1888,22.4,22.5,Out,200
2026-07-14T15:50:00,22.1,22.1806,22.4,22.4,Out,200
2026-07-14T16:00:00,22.2,22.1847,22.4,22.5,Out,200
2026-07-14T16:10:00,22.1,22.1229,22.4,22.4,Out,200
2026-07-14T16:20:00,22.1,22.1297,22.4,22.5,Out,200
2026-07-14T16:30:00,22.1,22.1146,22.4,22.4,Out,200
2026-07-14T16:40:00,22.1,22.1146,22.4,22.5,Out,200
2026-07-14T16:50:00,22.1,22.1229,22.3,22.4,Out,200
2026-07-14T17:00:00,22.2,22.1641,22.3,22.4,Out,200
2026-07-14T17:10:00,22.2,22.2342,22.3,22.4,Out,200
2026-07-14T17:20:00,22.2,22.2287,22.3,22.4,Out,200
2026-07-14T17:30:00,22.1,22.149,22.4,22.5,Out,200
2026-07-14T17:40:00,22.1,22.094,22.5,22.5,Out,200
2026-07-14T17:50:00,22,22.0446,22.4,22.5,Out,200
2026-07-14T18:00:00,22,22.0391,22.4,22.5,Out,200
2026-07-14T18:10:00,22,22.0446,22.3,22.4,Out,200
2026-07-14T18:20:00,22,22.0391,22.3,22.4,Out,200
2026-07-14T18:30:00,22,22.0418,22.3,22.4,Out,200
2026-07-14T18:40:00,22,22.0446,22.2,22.3,Out,200
2026-07-14T18:50:00,22,22.0432,22.2,22.2,Out,200
2026-07-14T19:00:00,22,22.0377,22.2,22.3,Out,200
2026-07-14T19:10:00,22,22.0336,22.2,22.3,Out,200
2026-07-14T19:20:00,22,22.024,22.3,22.3,Out,200
2026-07-14T19:30:00,22,22.013,22.2,22.2,Out,200
2026-07-14T19:40:00,22,22.0267,22.2,22.2,Out,200
2026-07-14T19:50:00,22,22.0267,22.2,22.2,Out,200
2026-07-14T20:00:00,22,22.024,22.2,22.3,Out,200
2026-07-14T20:10:00,22,22.0295,22.2,22.3,Out,200
2026-07-14T20:20:00,22,22.0295,22.2,22.3,Out,200
2026-07-14T20:30:00,22,22.0185,22.2,22.3,Out,200
2026-07-14T20:40:00,22,22.0116,22.2,22.3,Out,200
2026-07-14T20:50:00,22,22.0102,22.2,22.3,Out,200
2026-07-14T21:00:00,22,22.0089,22.2,22.3,Out,200
2026-07-14T21:10:00,22,22.0075,22.2,22.2,Out,200
2026-07-14T21:20:00,22,21.991,22.2,22.3,Out,200
2026-07-14T21:30:00,22,21.9896,22.2,22.2,Out,200
2026-07-14T21:40:00,22,21.9924,22.2,22.2,Out,200
2026-07-14T21:50:00,22,21.9869,22.2,22.2,Out,200
2026-07-14T22:00:00,22,21.98,22.2,22.3,Out,200
2026-07-14T22:10:00,22,21.9759,22.2,22.2,Out,200
2026-07-14T22:20:00,21.9,21.9745,22.2,22.3,Out,200
2026-07-14T22:30:00,22,21.9718,22.2,22.2,Out,200
2026-07-14T22:40:00,22,21.9704,22.2,22.2,Out,200
2026-07-14T22:50:00,22,21.969,22.2,22.2,Out,200
2026-07-14T23:00:00,22,21.9745,22.1,22.2,Out,200
2026-07-14T23:10:00,22,21.9951,22.1,22.2,Out,200
2026-07-14T23:20:00,22,22.0432,22.2,22.2,Out,200
2026-07-14T23:30:00,22,22.0556,22.1,22.2,Out,200
2026-07-14T23:40:00,22,22.061,22.2,22.3,Out,200
2026-07-14T23:50:00,22.1,22.094,22.2,22.3,Out,200
2026-07-15T00:00:00,22.1,22.1284,22.3,22.3,Out,200
2026-07-15T00:10:00,22.1,22.1545,22.3,22.3,Out,200
2026-07-15T00:20:00,22.1,22.1586,22.3,22.3,Out,200
2026-07-15T00:30:00,22.1,22.1394,22.3,22.4,Out,200
2026-07-15T00:40:00,22.2,22.2136,22.4,22.4,Out,200
2026-07-15T00:50:00,22.4,22.3771,22.4,22.5,Out,200
2026-07-15T01:00:00,22.5,22.5257,22.4,22.5,Out,200
2026-07-15T01:10:00,22.4,22.4693,22.3,22.4,Out,200
2026-07-15T01:20:00,22.2,22.3249,22.5,22.6,Out,200
2026-07-15T01:30:00,22.3,22.3758,22.6,22.7,Out,200
2026-07-15T01:40:00,22.4,22.406,22.8,22.8,Out,200
2026-07-15T01:50:00,22.5,22.5105,22.6,22.8,Out,200
2026-07-15T02:00:00,22.4,22.4487,22.6,22.7,Out,200
2026-07-15T02:10:00,22.4,22.4253,22.6,22.7,Out,200
2026-07-15T02:20:00,22.4,22.4198,22.6,22.7,Out,200
2026-07-15T02:30:00,22.4,22.4184,22.7,22.7,Out,200
2026-07-15T02:40:00,22.3,22.3785,22.7,22.7,Out,200
2026-07-15T02:50:00,22.3,22.3606,22.6,22.7,Out,200
2026-07-15T03:00:00,22.3,22.3496,22.6,22.7,Out,200
2026-07-15T03:10:00,22.3,22.3359,22.6,22.6,Out,200
2026-07-15T03:20:00,22.1,22.1462,22.6,22.6,Out,200
2026-07-15T03:30:00,22.1,22.0913,22.6,22.6,Out,200
2026-07-15T03:40:00,22.1,22.0899,22.5,22.6,Out,200
2026-07-15T03:50:00,22.1,22.1091,22.6,22.6,Out,200
2026-07-15T04:00:00,22.1,22.1174,22.4,22.5,Out,200
2026-07-15T04:10:00,22.1,22.1297,22.3,22.4,Out,200
2026-07-15T04:20:00,22.1,22.1339,22.3,22.4,Out,200
2026-07-15T04:30:00,22.1,22.1325,22.3,22.4,Out,200
2026-07-15T04:40:00,22.1,22.1284,22.3,22.4,Out,200
2026-07-15T04:50:00,22.1,22.1284,22.3,22.4,Out,200
2026-07-15T05:00:00,22.1,22.1325,22.3,22.4,Out,200
2026-07-15T05:10:00,22.1,22.1517,22.4,22.3,Out,200
2026-07-15T05:20:00,22.2,22.171,22.3,22.4,Out,200
2026-07-15T05:30:00,22.2,22.2149,22.3,22.3,Out,200
2026-07-15T05:40:00,22.3,22.2754,22.3,22.4,Out,200
2026-07-15T05:50:00,22.3,22.2864,22.4,22.5,Out,200
2026-07-15T06:00:00,22.2,22.2465,22.4,22.5,Out,200
2026-07-15T06:10:00,22.2,22.1929,22.4,22.5,Out,200
2026-07-15T06:20:00,22.1,22.2067,22.5,22.5,Out,200
2026-07-15T06:30:00,22.2,22.1902,22.5,22.6,Out,200
2026-07-15T06:40:00,22.1,22.1352,22.4,22.5,Out,200
2026-07-15T06:50:00,22.1,22.1201,22.4,22.5,Out,200
2026-07-15T07:00:00,22,22.0803,22.4,22.4,Out,200
2026-07-15T07:10:00,22,22.0363,22.3,22.4,Out,200
2026-07-15T07:20:00,22,22.024,22.3,22.4,Out,200
2026-07-15T07:30:00,22,22.0185,22.3,22.3,Out,200
2026-07-15T07:40:00,22,22.0171,22.2,22.3,Out,200
2026-07-15T07:50:00,22,22.024,22.2,22.4,Out,200
2026-07-15T08:00:00,22,22.0322,22.2,22.2,Out,200
2026-07-15T08:10:00,22,22.0418,22.2,22.3,Out,200
2026-07-15T08:20:00,22,22.0569,22.1,22.3,Out,200
2026-07-15T08:30:00,22,22.0597,22.2,22.3,Out,200
2026-07-15T08:40:00,22,22.0501,22.2,22.3,Out,200
2026-07-15T08:50:00,22,22.0528,22.2,22.3,Out,200
2026-07-15T09:00:00,22,22.0624,22.2,22.3,Out,200
2026-07-15T09:10:00,22,22.0638,22.3,22.3,Out,200
2026-07-15T09:20:00,22.1,22.0679,22.2,22.3,Out,200
2026-07-15T09:30:00,22,22.0693,22.2,22.3,Out,200
2026-07-15T09:40:00,22,22.0459,22.3,22.2,Out,200
2026-07-15T09:50:00,22,22.0473,22.3,22.4,Out,200
2026-07-15T10:00:00,22,22.0391,22.2,22.3,Out,200
2026-07-15T10:10:00,22,22.0349,22.2,22.3,Out,200
2026-07-15T10:20:00,22,22.0253,22.3,22.3,Out,200
2026-07-15T10:30:00,22,22.0061,22.2,22.3,Out,200
2026-07-15T10:40:00,22,21.9855,22.3,22.3,Out,200
2026-07-15T10:50:00,22,21.9745,22.2,22.3,Out,200
2026-07-15T11:00:00,22,21.9677,22.2,22.3,Out,200
2026-07-15T11:10:00,21.9,21.9553,22.1,22.2,Out,200
2026-07-15T11:20:00,21.9,21.958,22.2,22.2,Out,200
2026-07-15T11:30:00,22,21.9663,22.1,22.2,Out,200
2026-07-15T11:40:00,22,21.9869,22.2,22.2,Out,200
2026-07-15T11:50:00,22,22.0089,22.1,22.2,Out,200
2026-07-15T12:00:00,22,22.0143,22.1,22.2,Out,200
2026-07-15T12:10:00,22,22.0295,22.2,22.2,Out,200
2026-07-15T12:20:00,22,22.0652,22.2,22.2,Out,200
2026-07-15T12:30:00,22.1,22.0968,22.2,22.3,Out,200
2026-07-15T12:40:00,22.2,22.1517,22.2,22.2,Out,200
2026-07-15T12:50:00,22.3,22.3373,22.3,22.4,Out,200
2026-07-15T13:00:00,22.5,22.5257,22.3,22.4,Out,200
2026-07-15T13:10:00,22.6,22.6,22.4,22.4,Out,200
2026-07-15T13:20:00,22.5,22.5903,22.4,22.6,Out,200
2026-07-15T13:30:00,22.5,22.5381,22.7,22.8,Out,200
2026-07-15T13:40:00,22.5,22.5504,22.7,22.8,Out,200
2026-07-15T13:50:00,22.5,22.5161,22.8,22.9,Out,200
2026-07-15T14:00:00,22.3,22.4431,22.8,22.8,Out,200
2026-07-15T14:10:00,22.3,22.329,22.8,22.7,Out,200
2026-07-15T14:20:00,22.3,22.3414,22.7,22.7,Out,200
2026-07-15T14:30:00,22.3,22.3249,22.7,22.7,Out,200
2026-07-15T14:40:00,22.3,22.3304,22.6,22.7,Out,200
2026-07-15T14:50:00,22.3,22.3263,22.5,22.6,Out,200
2026-07-15T15:00:00,22.3,22.3125,22.6,22.6,Out,200
2026-07-15T15:10:00,22.2,22.2493,22.5,22.6,Out,200
2026-07-15T15:20:00,22.2,22.2452,22.5,22.6,Out,200
2026-07-15T15:30:00,22.1,22.1119,22.6,22.6,Out,200
2026-07-15T15:40:00,22.1,22.0707,22.5,22.5,Out,200
2026-07-15T15:50:00,22,22.0638,22.5,22.5,Out,200
2026-07-15T16:00:00,22,22.0597,22.4,22.5,Out,200
2026-07-15T16:10:00,22,22.0528,22.3,22.3,Out,200
2026-07-15T16:20:00,22,22.0514,22.3,22.3,Out,200
2026-07-15T16:30:00,22,22.0528,22.2,22.3,Out,200
2026-07-15T16:40:00,22,22.0487,22.3,22.3,Out,200
2026-07-15T16:50:00,22,22.0473,22.2,22.3,Out,200
2026-07-15T17:00:00,22,22.0803,22.3,22.3,Out,200
2026-07-15T17:10:00,22,22.1023,22.3,22.3,Out,200
2026-07-15T17:20:00,22,22.0583,22.2,22.3,Out,200
2026-07-15T17:30:00,22,22.061,22.2,22.4,Out,200
2026-07-15T17:40:00,22,22.0652,22.4,22.4,Out,200
2026-07-15T17:50:00,22.1,22.1284,22.3,22.4,Out,200
2026-07-15T18:00:00,22.2,22.2039,22.3,22.4,Out,200
2026-07-15T18:10:00,22.2,22.2397,22.4,22.6,Out,200
2026-07-15T18:20:00,22.2,22.2383,22.2,22.3,Out,200
2026-07-15T18:30:00,22.2,22.2232,22.4,22.5,Out,200
2026-07-15T18:40:00,22.2,22.1888,22.4,22.5,Out,200
2026-07-15T18:50:00,22,22.0858,22.5,22.5,Out,200
2026-07-15T19:00:00,22.1,22.0734,22.5,22.5,Out,200
2026-07-15T19:10:00,22,22.0404,22.4,22.4,Out,200
2026-07-15T19:20:00,22,22.0336,22.4,22.4,Out,200
2026-07-15T19:30:00,22,22.0253,22.3,22.3,Out,200
2026-07-15T19:40:00,22,22.0061,22.2,22.3,Out,200
2026-07-15T19:50:00,22,22.013,22.3,22.3,Out,200
2026-07-15T20:00:00,22,22.0185,22.2,22.3,Out,200
2026-07-15T20:10:00,22,22.0267,22.2,22.3,Out,200
2026-07-15T20:20:00,22,22.0391,22.3,22.3,Out,200
2026-07-15T20:30:00,22,22.0542,22.2,22.2,Out,200
2026-07-15T20:40:00,22.1,22.1394,22.2,22.3,Out,200
2026-07-15T20:50:00,22.2,22.1751,22.3,22.3,Out,200
2026-07-15T21:00:00,22.1,22.1627,22.3,22.3,Out,200
2026-07-15T21:10:00,22.1,22.138,22.2,22.4,Out,200
2026-07-15T21:20:00,22.1,22.1421,22.4,22.4,Out,200
2026-07-15T21:30:00,22.1,22.1229,22.4,22.4,Out,200
2026-07-15T21:40:00,22.1,22.1256,22.3,22.4,Out,200
2026-07-15T21:50:00,22.1,22.1201,22.4,22.4,Out,200
2026-07-15T22:00:00,22.1,22.1201,22.4,22.4,Out,200
2026-07-15T22:10:00,22.1,22.1132,22.3,22.4,Out,200
2026-07-15T22:20:00,22.1,22.0913,22.3,22.4,Out,200
2026-07-15T22:30:00,22,22.0322,22.3,22.4,Out,200
2026-07-15T22:40:00,22,22.0212,22.3,22.4,Out,200
2026-07-15T22:50:00,22,22.0116,22.3,22.4,Out,200
2026-07-15T23:00:00,22,21.9992,22.3,22.4,Out,200
2026-07-15T23:10:00,21.9,21.9731,22.2,22.3,Out,200
2026-07-15T23:20:00,22,21.9786,22.1,22.3,Out,200
2026-07-15T23:30:00,21.9,21.9649,22.2,22.2,Out,200
2026-07-15T23:40:00,22,21.9635,22.2,22.2,Out,200
2026-07-15T23:50:00,22,21.9869,22.1,22.3,Out,200
2026-07-16T00:00:00,22,21.9979,22.1,22.2,Out,200
2026-07-16T00:10:00,22,22.0006,22.2,22.2,Out,200
2026-07-16T00:20:00,22,22.0226,22.1,22.2,Out,200
2026-07-16T00:30:00,22,22.0501,22.2,22.2,Out,200
2026-07-16T00:40:00,22.1,22.1132,22.2,22.2,Out,200
2026-07-16T00:50:00,22.2,22.1984,22.2,22.3,Out,200
2026-07-16T01:00:00,22.2,22.2452,22.3,22.4,Out,200
2026-07-16T01:10:00,22.2,22.2328,22.3,22.4,Out,200
2026-07-16T01:20:00,22.2,22.2067,22.3,22.4,Out,200
2026-07-16T01:30:00,22.2,22.2026,22.5,22.5,Out,200
2026-07-16T01:40:00,22.3,22.2699,22.4,22.6,Out,200
2026-07-16T01:50:00,22.3,22.3318,22.4,22.5,Out,200
2026-07-16T02:00:00,22.3,22.3221,22.4,22.5,Out,200
2026-07-16T02:10:00,22.3,22.3153,22.5,22.6,Out,200
2026-07-16T02:20:00,22.3,22.3125,22.6,22.6,Out,200
2026-07-16T02:30:00,22.3,22.3373,22.5,22.6,Out,200
2026-07-16T02:40:00,22.5,22.5601,22.6,22.6,Out,200
2026-07-16T02:50:00,22.7,22.7197,22.5,22.6,Out,200
2026-07-16T03:00:00,22.7,22.7307,22.6,22.6,Out,200
2026-07-16T03:10:00,22.7,22.717,22.6,22.7,Out,200
2026-07-16T03:20:00,22.4,22.4803,22.9,22.9,Out,200
2026-07-16T03:30:00,22.4,22.4115,22.9,22.9,Out,200
2026-07-16T03:40:00,22.4,22.362,22.9,22.9,Out,200
2026-07-16T03:50:00,22.3,22.3538,22.8,22.9,Out,200
2026-07-16T04:00:00,22.2,22.2438,22.7,22.8,Out,200
2026-07-16T04:10:00,22.1,22.1078,22.6,22.6,Out,200
2026-07-16T04:20:00,22,22.0487,22.5,22.6,Out,200
2026-07-16T04:30:00,22,22.0349,22.6,22.6,Out,200
2026-07-16T04:40:00,22,22.0322,22.4,22.5,Out,200
2026-07-16T04:50:00,22,22.0404,22.3,22.4,Out,200
2026-07-16T05:00:00,22,22.0597,22.3,22.3,Out,200
2026-07-16T05:10:00,22,22.0762,22.2,22.3,Out,200
2026-07-16T05:20:00,22.1,22.0871,22.2,22.3,Out,200
2026-07-16T05:30:00,22.1,22.1023,22.2,22.3,Out,200
2026-07-16T05:40:00,22.1,22.1407,22.3,22.3,Out,200
2026-07-16T05:50:00,22.2,22.171,22.3,22.4,Out,200
2026-07-16T06:00:00,22.2,22.2287,22.3,22.4,Out,200
2026-07-16T06:10:00,22.3,22.3015,22.3,22.4,Out,200
2026-07-16T06:20:00,22.3,22.329,22.4,22.5,Out,200
2026-07-16T06:30:00,22.2,22.2355,22.4,22.5,Out,200
2026-07-16T06:40:00,22.1,22.1627,22.5,22.5,Out,200
2026-07-16T06:50:00,22.1,22.1119,22.5,22.5,Out,200
2026-07-16T07:00:00,22.1,22.0871,22.5,22.6,Out,200
2026-07-16T07:10:00,22.1,22.0817,22.4,22.5,Out,200
2026-07-16T07:20:00,22.1,22.0775,22.3,22.4,Out,200
2026-07-16T07:30:00,22,22.0556,22.3,22.4,Out,200
2026-07-16T07:40:00,22,22.0349,22.3,22.3,Out,200
2026-07-16T07:50:00,22,22.0171,22.3,22.4,Out,200
2026-07-16T08:00:00,22,22.0034,22.3,22.3,Out,200
2026-07-16T08:10:00,22,21.9992,22.2,22.3,Out,200
2026-07-16T08:20:00,22,22.0006,22.3,22.3,Out,200
2026-07-16T08:30:00,22,22.0061,22.2,22.2,Out,200
2026-07-16T08:40:00,22,22.0157,22.2,22.2,Out,200
2026-07-16T08:50:00,22,22.0267,22.2,22.3,Out,200
2026-07-16T09:00:00,22,22.0349,22.2,22.3,Out,200
2026-07-16T09:10:00,22,22.0404,22.2,22.3,Out,200
2026-07-16T09:20:00,22,22.0473,22.2,22.2,Out,200
2026-07-16T09:30:00,22,22.0391,22.2,22.3,Out,200
2026-07-16T09:40:00,22,22.0377,22.2,22.3,Out,200
2026-07-16T09:50:00,22,22.0349,22.2,22.3,Out,200
2026-07-16T10:00:00,22,22.0336,22.2,22.3,Out,200
2026-07-16T10:10:00,22,22.0446,22.3,22.3,Out,200
2026-07-16T10:20:00,22.1,22.0789,22.2,22.3,Out,200
2026-07-16T10:30:00,22,22.0899,22.2,22.4,Out,200
2026-07-16T10:40:00,22.1,22.1023,22.2,22.3,Out,200
2026-07-16T10:50:00,22.1,22.1009,22.2,22.3,Out,200
2026-07-16T11:00:00,22.1,22.0954,22.2,22.3,Out,200
2026-07-16T11:10:00,22.1,22.0954,22.3,22.4,Out,200
2026-07-16T11:20:00,22.1,22.1009,22.3,22.4,Out,200
2026-07-16T11:30:00,22,22.0624,22.3,22.4,Out,200
2026-07-16T11:40:00,22,21.9896,22.3,22.4,Out,200
2026-07-16T11:50:00,22,21.9759,22.3,22.4,Out,200
2026-07-16T12:00:00,22,21.9869,22.3,22.3,Out,200
2026-07-16T12:10:00,22,22.0171,22.2,22.3,Out,200
2026-07-16T12:20:00,22,22.0308,22.1,22.2,Out,200
2026-07-16T12:30:00,22,22.0569,22.1,22.2,Out,200
2026-07-16T12:40:00,22.1,22.0789,22.2,22.3,Out,200
2026-07-16T12:50:00,22.1,22.0981,22.3,22.2,Out,200
2026-07-16T13:00:00,22.1,22.1435,22.3,22.3,Out,200
2026-07-16T13:10:00,22.1,22.2782,22.2,22.3,Out,200
2026-07-16T13:20:00,22.4,22.5518,22.3,22.4,Out,200
2026-07-16T13:30:00,22.4,22.4775,22.3,22.6,Out,200
2026-07-16T13:40:00,22.5,22.5477,22.7,22.8,Out,200
2026-07-16T13:50:00,22.5,22.5257,22.8,22.8,Out,200
2026-07-16T14:00:00,22.5,22.5477,22.8,22.8,Out,200
2026-07-16T14:10:00,22.5,22.5202,22.7,22.9,Out,200
2026-07-16T14:20:00,22.4,22.4514,22.8,22.8,Out,200
2026-07-16T14:30:00,22.4,22.4198,22.7,22.9,Out,200
2026-07-16T14:40:00,22.3,22.3758,22.8,22.8,Out,200
2026-07-16T14:50:00,22.3,22.3551,22.7,22.7,Out,200
2026-07-16T15:00:00,22.2,22.2287,22.6,22.8,Out,200
2026-07-16T15:10:00,22.1,22.1874,22.6,22.6,Out,200
2026-07-16T15:20:00,22.2,22.1792,22.6,22.7,Out,200
2026-07-16T15:30:00,22.2,22.1806,22.5,22.6,Out,200
2026-07-16T15:40:00,22.2,22.1792,22.4,22.5,Out,200
2026-07-16T15:50:00,22.1,22.1572,22.4,22.4,Out,200
2026-07-16T16:00:00,22,22.083,22.4,22.4,Out,200
2026-07-16T16:10:00,22,22.0089,22.4,22.4,Out,200
2026-07-16T16:20:00,22,21.991,22.4,22.5,Out,200
2026-07-16T16:30:00,22,21.9992,22.3,22.4,Out,200
2026-07-16T16:40:00,22,22.013,22.2,22.3,Out,200
2026-07-16T16:50:00,22,22.0253,22.2,22.3,Out,200
2026-07-16T17:00:00,22,22.0322,22.2,22.3,Out,200
2026-07-16T17:10:00,22,22.0363,22.2,22.3,Out,200
2026-07-16T17:20:00,21.9,21.9814,22.2,22.3,Out,200
2026-07-16T17:30:00,21.9,21.9704,22.2,22.3,Out,200
2026-07-16T17:40:00,21.9,21.9525,22.3,22.3,Out,200
2026-07-16T17:50:00,21.9,21.9484,22.3,22.2,Out,200
2026-07-16T18:00:00,21.9,21.9553,22.2,22.3,Out,200
2026-07-16T18:10:00,22,21.9979,22.2,22.3,Out,200
2026-07-16T18:20:00,22,22.0281,22.2,22.3,Out,200
2026-07-16T18:30:00,22,22.0446,22.2,22.2,Out,200
2026-07-16T18:40:00,22,22.0171,22.2,22.3,Out,200
2026-07-16T18:50:00,22,22.0116,22.3,22.3,Out,200
2026-07-16T19:00:00,22,22.0075,22.3,22.3,Out,200
2026-07-16T19:10:00,22,22.0089,22.2,22.3,Out,200
2026-07-16T19:20:00,22,22.0089,22.2,22.3,Out,200
2026-07-16T19:30:00,22,22.0143,22.3,22.3,Out,200
2026-07-16T19:40:00,22,22.0171,22.2,22.3,Out,200
2026-07-16T19:50:00,22,22.0198,22.2,22.3,Out,200
2026-07-16T20:00:00,22,22.0171,22.2,22.2,Out,200
2026-07-16T20:10:00,22,22.0034,22.2,22.3,Out,200
2026-07-16T20:20:00,22,21.9896,22.2,22.3,Out,200
2026-07-16T20:30:00,22,21.9773,22.2,22.3,Out,200
2026-07-16T20:40:00,22,21.9828,22.2,22.3,Out,200
2026-07-16T20:50:00,22,21.9992,22.2,22.2,Out,200
2026-07-16T21:00:00,22,22.0143,22.2,22.3,Out,200
2026-07-16T21:10:00,22,22.0267,22.1,22.3,Out,200
2026-07-16T21:20:00,22,22.0404,22.2,22.2,Out,200
2026-07-16T21:30:00,22.1,22.0693,22.2,22.2,Out,200
2026-07-16T21:40:00,22,22.0885,22.2,22.3,Out,200
2026-07-16T21:50:00,22.1,22.0913,22.3,22.3,Out,200
2026-07-16T22:00:00,22,22.0226,22.3,22.3,Out,200
2026-07-16T22:10:00,22,22.0061,22.3,22.3,Out,200
2026-07-16T22:20:00,22,21.9979,22.3,22.3,Out,200
2026-07-16T22:30:00,22,21.9924,22.3,22.4,Out,200
2026-07-16T22:40:00,22,21.991,22.3,22.3,Out,200
2026-07-16T22:50:00,22,21.9896,22.2,22.2,Out,200
2026-07-16T23:00:00,22,21.9924,22.2,22.2,Out,200
2026-07-16T23:10:00,22,21.991,22.2,22.2,Out,200
2026-07-16T23:20:00,22,21.9841,22.1,22.2,Out,200
2026-07-16T23:30:00,21.9,21.958,22.2,22.3,Out,200
2026-07-16T23:40:00,21.9,21.9155,22.2,22.2,Out,200
2026-07-16T23:50:00,21.9,21.9072,22.2,22.3,Out,200
2026-07-17T00:00:00,21.9,21.9059,22.1,22.3,Out,200
2026-07-17T00:10:00,21.9,21.9059,22.1,22.2,Out,200
2026-07-17T00:20:00,21.9,21.9059,22.1,22.1,Out,200
2026-07-17T00:30:00,21.9,21.9141,22.1,22.1,Out,200
2026-07-17T00:40:00,21.9,21.9223,22.1,22.1,Out,200
2026-07-17T00:50:00,21.9,21.9237,22.1,22.2,Out,200
2026-07-17T01:00:00,21.9,21.9265,22.1,22.1,Out,200
2026-07-17T01:10:00,21.9,21.9704,22.1,22.2,Out,200
2026-07-17T01:20:00,21.9,21.9855,22.1,22.2,Out,200
2026-07-17T01:30:00,22,21.9951,22.1,22.1,Out,200
2026-07-17T01:40:00,22,22.0308,22.1,22.2,Out,200
2026-07-17T01:50:00,22,22.0652,22.2,22.2,Out,200
2026-07-17T02:00:00,22.1,22.0954,22.1,22.3,Out,200
2026-07-17T02:10:00,22.1,22.0817,22.1,22.2,Out,200
2026-07-17T02:20:00,22.1,22.1449,22.2,22.3,Out,200
2026-07-17T02:30:00,22.3,22.2933,22.4,22.5,Out,200
2026-07-17T02:40:00,22.3,22.3964,22.4,22.4,Out,200
2026-07-17T02:50:00,22.3,22.3978,22.3,22.4,Out,200
2026-07-17T03:00:00,22.4,22.4225,22.4,22.5,Out,200
2026-07-17T03:10:00,22.5,22.4913,22.6,22.8,Out,200
2026-07-17T03:20:00,22.6,22.6385,22.7,22.8,Out,200
2026-07-17T03:30:00,22.7,22.6936,22.6,22.8,Out,200
2026-07-17T03:40:00,22.7,22.7225,22.6,22.7,Out,200
2026-07-17T03:50:00,22.4,22.5532,22.7,22.8,Out,200
2026-07-17T04:00:00,22.2,22.3015,22.9,23,Out,200
2026-07-17T04:10:00,22.2,22.2177,23,23,Out,200
2026-07-17T04:20:00,22.3,22.2658,22.9,23,Out,200
2026-07-17T04:30:00,22.2,22.2465,22.7,22.8,Out,200
2026-07-17T04:40:00,22,22.0047,22.4,22.5,Out,200
2026-07-17T04:50:00,21.9,21.9828,22.5,22.5,Out,200
2026-07-17T05:00:00,22,21.9924,22.5,22.5,Out,200
2026-07-17T05:10:00,22,22.0171,22.4,22.5,Out,200
2026-07-17T05:20:00,22.1,22.0858,22.2,22.2,Out,200
2026-07-17T05:30:00,22.2,22.1641,22.2,22.3,Out,200
2026-07-17T05:40:00,22.1,22.1916,22.3,22.4,Out,200
2026-07-17T05:50:00,21.9,21.9635,22.3,22.4,Out,200
2026-07-17T06:00:00,21.9,21.9471,22.3,22.5,Out,200
2026-07-17T06:10:00,21.9,21.9567,22.4,22.4,Out,200
2026-07-17T06:20:00,22,21.958,22.3,22.4,Out,200
2026-07-17T06:30:00,22,21.9869,22.2,22.3,Out,200
2026-07-17T06:40:00,22,22.0198,22.2,22.3,Out,200
2026-07-17T06:50:00,22,22.0377,22.2,22.2,Out,200
2026-07-17T07:00:00,22,22.0473,22.2,22.2,Out,200
2026-07-17T07:10:00,22,22.0363,22.2,22.3,Out,200
2026-07-17T07:20:00,22,22.0459,22.3,22.3,Out,200
2026-07-17T07:30:00,22.1,22.0652,22.2,22.3,Out,200
2026-07-17T07:40:00,22.1,22.0775,22.3,22.3,Out,200
2026-07-17T07:50:00,22.1,22.0665,22.2,22.3,Out,200
2026-07-17T08:00:00,22,22.0569,22.3,22.3,Out,200
2026-07-17T08:10:00,22,22.0487,22.2,22.3,Out,200
2026-07-17T08:20:00,22,22.0418,22.3,22.4,Out,200
2026-07-17T08:30:00,22,22.0336,22.2,22.3,Out,200
2026-07-17T08:40:00,21.9,21.9553,22.3,22.3,Out,200
2026-07-17T08:50:00,21.9,21.9608,22.3,22.2,Out,200
2026-07-17T09:00:00,21.9,21.9677,22.2,22.3,Out,200
2026-07-17T09:10:00,22,21.9759,22.2,22.3,Out,200
2026-07-17T09:20:00,22,22.002,22.1,22.2,Out,200
2026-07-17T09:30:00,22,22.0157,22.2,22.2,Out,200
2026-07-17T09:40:00,22,22.0185,22.2,22.3,Out,200
2026-07-17T09:50:00,22,21.9937,22.2,22.2,Out,200
2026-07-17T10:00:00,22,21.9773,22.2,22.3,Out,200
2026-07-17T10:10:00,22,21.9979,22.2,22.3,Out,200
2026-07-17T10:20:00,22,22.0514,22.2,22.3,Out,200
2026-07-17T10:30:00,22.1,22.149,22.2,22.2,Out,200
2026-07-17T10:40:00,22.1,22.1806,22.2,22.3,Out,200
2026-07-17T10:50:00,22.2,22.1888,22.2,22.3,Out,200
2026-07-17T11:00:00,22.1,22.1723,22.3,22.4,Out,200
2026-07-17T11:10:00,22,22.061,22.4,22.5,Out,200
2026-07-17T11:20:00,22,22.0102,22.5,22.5,Out,200
2026-07-17T11:30:00,22,21.9896,22.4,22.5,Out,200
2026-07-17T11:40:00,22,22.0061,22.4,22.4,Out,200
2026-07-17T11:50:00,22,22.0157,22.3,22.3,Out,200
2026-07-17T12:00:00,22,22.0295,22.3,22.3,Out,200
2026-07-17T12:10:00,22,22.0556,22.2,22.3,Out,200
2026-07-17T12:20:00,22.1,22.0954,22.2,22.3,Out,200
2026-07-17T12:30:00,22.1,22.1586,22.2,22.3,Out,200
2026-07-17T12:40:00,22.2,22.2108,22.2,22.3,Out,200
2026-07-17T12:50:00,22.2,22.2465,22.2,22.4,Out,200
2026-07-17T13:00:00,22.3,22.252,22.3,22.4,Out,200
2026-07-17T13:10:00,22.4,22.3496,22.4,22.5,Out,200
2026-07-17T13:20:00,22.4,22.4913,22.5,22.6,Out,200
2026-07-17T13:30:00,22.5,22.5697,22.5,22.6,Out,200
2026-07-17T13:40:00,22.6,22.5945,22.5,22.6,Out,200
2026-07-17T13:50:00,22.6,22.666,22.7,22.8,Out,200
2026-07-17T14:00:00,22.8,22.8216,22.8,22.9,Out,200
2026-07-17T14:10:00,23,23.0366,22.7,22.9,Out,200
2026-07-17T14:20:00,23,23.0242,22.8,22.8,Out,200
2026-07-17T14:30:00,22.7,22.8189,22.9,22.9,Out,200
2026-07-17T14:40:00,22.6,22.6344,23.1,23.3,Out,200
2026-07-17T14:50:00,22.3,22.3909,23.2,23.3,Out,200
2026-07-17T15:00:00,22.2,22.2974,23.2,23.3,Out,200
2026-07-17T15:10:00,22.2,22.1792,23,23.1,Out,200
2026-07-17T15:20:00,22.1,22.1352,22.7,22.8,Out,200
2026-07-17T15:30:00,22.1,22.1311,22.6,22.6,Out,200
2026-07-17T15:40:00,22.1,22.0981,22.4,22.5,Out,200
2026-07-17T15:50:00,22,22.0569,22.3,22.4,Out,200
2026-07-17T16:00:00,22,21.9759,22.3,22.4,Out,200
2026-07-17T16:10:00,21.9,21.9539,22.3,22.4,Out,200
2026-07-17T16:20:00,21.9,21.9512,22.3,22.4,Out,200
2026-07-17T16:30:00,22,21.9745,22.3,22.4,Out,200
2026-07-17T16:40:00,22,22.0198,22.1,22.3,Out,200
2026-07-17T16:50:00,22,22.0322,22.1,22.3,Out,200
2026-07-17T17:00:00,22,22.0404,22.1,22.2,Out,200
2026-07-17T17:10:00,22,22.0185,22.2,22.3,Out,200
2026-07-17T17:20:00,22,22.0473,22.3,22.3,Out,200
2026-07-17T17:30:00,22.2,22.1971,22.2,22.3,Out,200
2026-07-17T17:40:00,22.1,22.2589,22.2,22.3,Out,200
2026-07-17T17:50:00,22.1,22.252,22.2,22.3,Out,200
2026-07-17T18:00:00,22,22.0185,22.3,22.4,Out,200
2026-07-17T18:10:00,22,21.991,22.5,22.5,Out,200
2026-07-17T18:20:00,22,21.9841,22.4,22.5,Out,200
2026-07-17T18:30:00,22,21.9786,22.4,22.5,Out,200
2026-07-17T18:40:00,22,21.98,22.2,22.2,Out,200
2026-07-17T18:50:00,22,21.9896,22.2,22.2,Out,200
2026-07-17T19:00:00,22,21.9992,22.2,22.1,Out,200
2026-07-17T19:10:00,22,22.0198,22.1,22.2,Out,200
2026-07-17T19:20:00,22,22.0267,22.1,22.3,Out,200
2026-07-17T19:30:00,22,22.024,22.2,22.2,Out,200
2026-07-17T19:40:00,22,22.0102,22.1,22.2,Out,200
2026-07-17T19:50:00,22,21.9883,22.2,22.2,Out,200
2026-07-17T20:00:00,21.9,21.9635,22.2,22.3,Out,200
2026-07-17T20:10:00,21.9,21.9635,22.2,22.3,Out,200
2026-07-17T20:20:00,21.9,21.9663,22.2,22.3,Out,200
2026-07-17T20:30:00,22,21.9731,22.1,22.2,Out,200
2026-07-17T20:40:00,22,21.9718,22.1,22.2,Out,200
2026-07-17T20:50:00,22,21.9773,22.2,22.2,Out,200
2026-07-17T21:00:00,21.9,21.9635,22.2,22.2,Out,200
2026-07-17T21:10:00,22,21.9649,22.2,22.2,Out,200
2026-07-17T21:20:00,22,21.9622,22.1,22.2,Out,200
2026-07-17T21:30:00,22,21.9704,22.1,22.2,Out,200
2026-07-17T21:40:00,22,21.9896,22.1,22.2,Out,200
2026-07-17T21:50:00,22,21.991,22.1,22.2,Out,200
2026-07-17T22:00:00,22,21.9855,22.1,22.2,Out,200
2026-07-17T22:10:00,22,21.9828,22.1,22.2,Out,200
2026-07-17T22:20:00,21.9,21.969,22.2,22.3,Out,200
2026-07-17T22:30:00,21.9,21.9594,22.2,22.3,Out,200
2026-07-17T22:40:00,21.9,21.9416,22.2,22.3,Out,200
2026-07-17T22:50:00,21.9,21.9237,22.1,22.3,Out,200
2026-07-17T23:00:00,21.9,21.9429,22.1,22.2,Out,200
2026-07-17T23:10:00,21.9,21.9979,22.1,22.2,Out,200
2026-07-17T23:20:00,22.1,22.1119,22.1,22.2,Out,200
2026-07-17T23:30:00,22.2,22.2369,22.1,22.2,Out,200
2026-07-17T23:40:00,22.1,22.1916,22.1,22.2,Out,200
2026-07-17T23:50:00,22,22.0638,22.3,22.4,Out,200
2026-07-18T00:00:00,22,22.0047,22.4,22.5,Out,200
2026-07-18T00:10:00,22.1,22.1023,22.5,22.5,Out,200
2026-07-18T00:20:00,22.2,22.2479,22.4,22.5,Out,200
2026-07-18T00:30:00,22.2,22.2823,22.3,22.3,Out,200
2026-07-18T00:40:00,22.3,22.3455,22.2,22.4,Out,200
2026-07-18T00:50:00,22.4,22.4046,22.3,22.4,Out,200
2026-07-18T01:00:00,22.5,22.5725,22.5,22.6,Out,200
2026-07-18T01:10:00,22.6,22.6399,22.5,22.6,Out,200
2026-07-18T01:20:00,22.7,22.6977,22.7,22.8,Out,200
2026-07-18T01:30:00,22.6,22.7459,22.7,22.8,Out,200
2026-07-18T01:40:00,22.8,22.8299,22.8,23,Out,200
2026-07-18T01:50:00,22.8,22.8533,22.9,23.1,Out,200
2026-07-18T02:00:00,22.8,22.8588,22.9,23.1,Out,200
2026-07-18T02:10:00,22.8,22.8561,23,23.1,Out,200
2026-07-18T02:20:00,22.8,22.845,23,23.1,Out,200
2026-07-18T02:30:00,22.7,22.7307,23,23.1,Out,200
2026-07-18T02:40:00,22.6,22.6757,23,23.1,Out,200
2026-07-18T02:50:00,22.6,22.611,23,23,Out,200
2026-07-18T03:00:00,22.5,22.578,23,23.1,Out,200
2026-07-18T03:10:00,22.3,22.3689,22.9,22.9,Out,200
2026-07-18T03:20:00,22.1,22.1627,22.8,22.8,Out,200
2026-07-18T03:30:00,22.1,22.1297,22.8,22.8,Out,200
2026-07-18T03:40:00,22.1,22.1325,22.7,22.8,Out,200
2026-07-18T03:50:00,22.1,22.1572,22.5,22.6,Out,200
2026-07-18T04:00:00,22.1,22.149,22.4,22.4,Out,200
2026-07-18T04:10:00,22,22.0446,22.3,22.4,Out,200
2026-07-18T04:20:00,22,22.0391,22.3,22.4,Out,200
2026-07-18T04:30:00,22,22.0432,22.4,22.4,Out,200
2026-07-18T04:40:00,22,22.0404,22.3,22.5,Out,200
2026-07-18T04:50:00,22,22.0459,22.2,22.3,Out,200
2026-07-18T05:00:00,22,22.0349,22.2,22.2,Out,200
2026-07-18T05:10:00,22,22.0363,22.3,22.3,Out,200
2026-07-18T05:20:00,22,22.0844,22.2,22.3,Out,200
2026-07-18T05:30:00,22,22.0652,22.3,22.4,Out,200
2026-07-18T05:40:00,22,22.0803,22.3,22.4,Out,200
2026-07-18T05:50:00,22.1,22.171,22.4,22.5,Out,200
2026-07-18T06:00:00,22.1,22.1531,22.3,22.4,Out,200
2026-07-18T06:10:00,22.1,22.1435,22.2,22.4,Out,200
2026-07-18T06:20:00,22.1,22.1311,22.3,22.4,Out,200
2026-07-18T06:30:00,22.1,22.0913,22.4,22.5,Out,200
2026-07-18T06:40:00,22,22.0487,22.4,22.4,Out,200
2026-07-18T06:50:00,22,22.094,22.4,22.5,Out,200
2026-07-18T07:00:00,22.1,22.0885,22.3,22.4,Out,200
2026-07-18T07:10:00,22,22.061,22.3,22.3,Out,200
2026-07-18T07:20:00,21.9,21.9553,22.2,22.4,Out,200
2026-07-18T07:30:00,21.8,21.8606,22.3,22.3,Out,200
2026-07-18T07:40:00,21.8,21.84,22.3,22.3,Out,200
2026-07-18T07:50:00,21.8,21.8688,22.2,22.3,Out,200
2026-07-18T08:00:00,21.9,21.8935,22.1,22.1,Out,200
2026-07-18T08:10:00,21.9,21.9086,22.1,22.1,Out,200
2026-07-18T08:20:00,21.9,21.9168,22,22.2,Out,200
2026-07-18T08:30:00,21.9,21.9237,22.1,22.1,Out,200
2026-07-18T08:40:00,21.9,21.9251,22.1,22.2,Out,200
2026-07-18T08:50:00,21.9,21.9402,22.1,22.2,Out,200
2026-07-18T09:00:00,21.9,21.9498,22.1,22.2,Out,200
2026-07-18T09:10:00,21.9,21.958,22.1,22.2,Out,200
2026-07-18T09:20:00,21.9,21.9649,22.1,22.2,Out,200
2026-07-18T09:30:00,21.9,21.9635,22.1,22.2,Out,200
2026-07-18T09:40:00,21.9,21.9622,22.1,22.2,Out,200
2026-07-18T09:50:00,22,21.9608,22.1,22.2,Out,200
2026-07-18T10:00:00,21.9,21.9635,22.2,22.3,Out,200
2026-07-18T10:10:00,22,21.958,22.2,22.2,Out,200
2026-07-18T10:20:00,21.9,21.9567,22.2,22.2,Out,200
2026-07-18T10:30:00,21.9,21.9553,22.1,22.2,Out,200
2026-07-18T10:40:00,21.9,21.9457,22.1,22.1,Out,200
2026-07-18T10:50:00,21.9,21.932,22.1,22.2,Out,200
2026-07-18T11:00:00,21.9,21.9237,22.1,22.2,Out,200
2026-07-18T11:10:00,21.9,21.9223,22.2,22.2,Out,200
2026-07-18T11:20:00,21.9,21.9278,22.1,22.2,Out,200
2026-07-18T11:30:00,21.9,21.9306,22.1,22.2,Out,200
2026-07-18T11:40:00,21.9,21.9306,22.1,22.1,Out,200
2026-07-18T11:50:00,21.9,21.9457,22.1,22.2,Out,200
2026-07-18T12:00:00,22,21.9567,22.1,22.2,Out,200
2026-07-18T12:10:00,22.1,22.072,22.1,22.2,Out,200
2026-07-18T12:20:00,22.2,22.2122,22.1,22.2,Out,200
2026-07-18T12:30:00,22.2,22.241,22.1,22.2,Out,200
2026-07-18T12:40:00,22.3,22.2823,22.1,22.2,Out,200
2026-07-18T12:50:00,22.4,22.4115,22.3,22.5,Out,200
2026-07-18T13:00:00,22.4,22.4762,22.4,22.5,Out,200
2026-07-18T13:10:00,22.4,22.4899,22.5,22.6,Out,200
2026-07-18T13:20:00,22.5,22.5216,22.6,22.7,Out,200
2026-07-18T13:30:00,22.7,22.7211,22.7,22.7,Out,200
2026-07-18T13:40:00,22.8,22.8065,22.6,22.7,Out,200
2026-07-18T13:50:00,22.9,22.9056,22.7,22.7,Out,200
2026-07-18T14:00:00,22.9,23.0283,22.8,22.9,Out,200
2026-07-18T14:10:00,22.8,22.8492,23,23.1,Out,200
2026-07-18T14:20:00,22.4,22.5312,23,23.1,Out,200
2026-07-18T14:30:00,22.3,22.34,23.2,23.3,Out,200
2026-07-18T14:40:00,22.2,22.1916,23.3,23.3,Out,200
2026-07-18T14:50:00,22.1,22.138,23.1,23.1,Out,200
2026-07-18T15:00:00,22.1,22.1091,22.6,22.7,Out,200
2026-07-18T15:10:00,22.1,22.1078,22.5,22.6,Out,200
2026-07-18T15:20:00,22.1,22.0885,22.3,22.4,Out,200
2026-07-18T15:30:00,22,22.072,22.3,22.4,Out,200
2026-07-18T15:40:00,22,22.0528,22.3,22.4,Out,200
2026-07-18T15:50:00,22,22.0171,22.3,22.4,Out,200
2026-07-18T16:00:00,22,21.9965,22.3,22.4,Out,200
2026-07-18T16:10:00,22,21.991,22.2,22.3,Out,200
2026-07-18T16:20:00,22,21.9814,22.2,22.3,Out,200
2026-07-18T16:30:00,22,21.9745,22.2,22.2,Out,200
2026-07-18T16:40:00,21.9,21.9594,22.2,22.2,Out,200
2026-07-18T16:50:00,21.9,21.9539,22.2,22.2,Out,200
2026-07-18T17:00:00,21.9,21.9718,22.1,22.2,Out,200
2026-07-18T17:10:00,22,21.9869,22.2,22.2,Out,200
2026-07-18T17:20:00,22.1,22.1146,22.1,22.2,Out,200
2026-07-18T17:30:00,22.2,22.1916,22.1,22.2,Out,200
2026-07-18T17:40:00,22.2,22.1806,22.2,22.2,Out,200
2026-07-18T17:50:00,22.2,22.1751,22.2,22.4,Out,200
2026-07-18T18:00:00,22,22.0926,22.4,22.5,Out,200
2026-07-18T18:10:00,22,22.0116,22.4,22.4,Out,200
2026-07-18T18:20:00,22,21.98,22.4,22.4,Out,200
2026-07-18T18:30:00,21.9,21.9759,22.4,22.4,Out,200
2026-07-18T18:40:00,22,21.9718,22.3,22.4,Out,200
2026-07-18T18:50:00,22,21.991,22.2,22.3,Out,200
2026-07-18T19:00:00,21.9,21.9704,22.2,22.2,Out,200
2026-07-18T19:10:00,21.9,21.9704,22.1,22.3,Out,200
2026-07-18T19:20:00,21.9,21.9937,22.2,22.2,Out,200
2026-07-18T19:30:00,22,22.0363,22.2,22.2,Out,200
2026-07-18T19:40:00,22,22.0322,22.2,22.2,Out,200
2026-07-18T19:50:00,22,22.024,22.1,22.3,Out,200
2026-07-18T20:00:00,22,22.0143,22.2,22.2,Out,200
2026-07-18T20:10:00,22,22.0143,22.2,22.4,Out,200
2026-07-18T20:20:00,22,22.0089,22.2,22.2,Out,200
2026-07-18T20:30:00,22,21.9951,22.2,22.3,Out,200
2026-07-18T20:40:00,22,21.991,22.2,22.2,Out,200
2026-07-18T20:50:00,22,21.9924,22.2,22.2,Out,200
2026-07-18T21:00:00,22,21.9814,22.2,22.2,Out,200
2026-07-18T21:10:00,22,21.9924,22.2,22.2,Out,200
2026-07-18T21:20:00,22,21.9869,22.2,22.2,Out,200
2026-07-18T21:30:00,22,21.9814,22.2,22.3,Out,200
2026-07-18T21:40:00,22,21.9718,22.1,22.2,Out,200
2026-07-18T21:50:00,22,21.9635,22.2,22.2,Out,200
2026-07-18T22:00:00,22,21.9622,22.2,22.2,Out,200
2026-07-18T22:10:00,21.9,21.958,22.2,22.2,Out,200
2026-07-18T22:20:00,21.9,21.9525,22.1,22.2,Out,200
2026-07-18T22:30:00,21.9,21.9347,22.1,22.2,Out,200
2026-07-18T22:40:00,21.9,21.8757,22.1,22.2,Out,200
2026-07-18T22:50:00,21.9,21.8674,22.1,22.2,Out,200
2026-07-18T23:00:00,21.8,21.8578,22.1,22.2,Out,200
2026-07-18T23:10:00,21.9,21.8702,22.1,22.2,Out,200
2026-07-18T23:20:00,21.9,21.8798,22.1,22.1,Out,200
2026-07-18T23:30:00,21.9,21.8866,22,22.1,Out,200
2026-07-18T23:40:00,21.9,21.9031,22.1,22.1,Out,200
2026-07-18T23:50:00,21.9,21.9182,22.1,22.1,Out,200
2026-07-19T00:00:00,21.9,21.9306,22.1,22.1,Out,200
2026-07-19T00:10:00,21.9,21.9402,22.1,22.1,Out,200
2026-07-19T00:20:00,21.9,21.9306,22.1,22.1,Out,200
2026-07-19T00:30:00,21.9,21.9471,22.1,22.1,Out,200
2026-07-19T00:40:00,22,21.9622,22.1,22.1,Out,200
2026-07-19T00:50:00,22,21.98,22.1,22.2,Out,200
2026-07-19T01:00:00,22,22.0047,22.1,22.2,Out,200
2026-07-19T01:10:00,22,22.0336,22.2,22.2,Out,200
2026-07-19T01:20:00,22,22.0844,22.1,22.2,Out,200
2026-07-19T01:30:00,22.1,22.1366,22.2,22.2,Out,200
2026-07-19T01:40:00,22.2,22.2081,22.2,22.3,Out,200
2026-07-19T01:50:00,22.2,22.2342,22.3,22.4,Out,200
2026-07-19T02:00:00,22.3,22.2589,22.3,22.5,Out,200
2026-07-19T02:10:00,22.2,22.2685,22.4,22.4,Out,200
2026-07-19T02:20:00,22.3,22.2988,22.4,22.5,Out,200
2026-07-19T02:30:00,22.3,22.3771,22.4,22.5,Out,200
2026-07-19T02:40:00,22.4,22.4445,22.5,22.5,Out,200
2026-07-19T02:50:00,22.5,22.5532,22.5,22.5,Out,200
2026-07-19T03:00:00,22.6,22.5807,22.6,22.7,Out,200
2026-07-19T03:10:00,22.5,22.5711,22.6,22.7,Out,200
2026-07-19T03:20:00,22.4,22.5023,22.7,22.8,Out,200
2026-07-19T03:30:00,22.4,22.4239,22.8,22.8,Out,200
2026-07-19T03:40:00,22.4,22.3991,22.8,22.8,Out,200
2026-07-19T03:50:00,22.2,22.3084,22.7,22.8,Out,200
2026-07-19T04:00:00,22.2,22.1984,22.7,22.7,Out,200
2026-07-19T04:10:00,22.1,22.1407,22.6,22.7,Out,200
2026-07-19T04:20:00,22.1,22.1009,22.6,22.7,Out,200
2026-07-19T04:30:00,22.1,22.0844,22.5,22.5,Out,200
2026-07-19T04:40:00,22,22.0391,22.4,22.4,Out,200
2026-07-19T04:50:00,22,22.0157,22.4,22.4,Out,200
2026-07-19T05:00:00,22,22.013,22.3,22.4,Out,200
2026-07-19T05:10:00,22,22.0075,22.2,22.3,Out,200
2026-07-19T05:20:00,22,22.0061,22.2,22.3,Out,200
2026-07-19T05:30:00,22,22.0047,22.2,22.3,Out,200
2026-07-19T05:40:00,22,22.0075,22.2,22.3,Out,200
2026-07-19T05:50:00,22,22.0143,22.2,22.3,Out,200
2026-07-19T06:00:00,22,22.0514,22.2,22.3,Out,200
2026-07-19T06:10:00,22,22.0693,22.2,22.2,Out,200
2026-07-19T06:20:00,22.1,22.0981,22.2,22.3,Out,200
2026-07-19T06:30:00,22,22.1119,22.2,22.3,Out,200
2026-07-19T06:40:00,22,22.0583,22.3,22.4,Out,200
2026-07-19T06:50:00,21.9,21.9841,22.3,22.4,Out,200
2026-07-19T07:00:00,21.9,21.9567,22.3,22.4,Out,200
2026-07-19T07:10:00,22,21.9855,22.3,22.4,Out,200
2026-07-19T07:20:00,22,21.9855,22.3,22.4,Out,200
2026-07-19T07:30:00,22,22.0034,22.2,22.3,Out,200
2026-07-19T07:40:00,22,22.0171,22.3,22.4,Out,200
2026-07-19T07:50:00,22,22.0432,22.2,22.3,Out,200
2026-07-19T08:00:00,22,22.0308,22.2,22.3,Out,200
2026-07-19T08:10:00,21.9,21.9567,22.2,22.2,Out,200
2026-07-19T08:20:00,21.9,21.9525,22.2,22.3,Out,200
2026-07-19T08:30:00,22,22.0377,22.3,22.4,Out,200
2026-07-19T08:40:00,22,22.0473,22.2,22.3,Out,200
2026-07-19T08:50:00,22,22.0308,22.2,22.3,Out,200
2026-07-19T09:00:00,21.9,21.9841,22.2,22.3,Out,200
2026-07-19T09:10:00,21.9,21.9333,22.3,22.3,Out,200
2026-07-19T09:20:00,21.9,21.9155,22.2,22.3,Out,200
2026-07-19T09:30:00,21.9,21.9086,22.2,22.3,Out,200
2026-07-19T09:40:00,21.9,21.8674,22.1,22.2,Out,200
2026-07-19T09:50:00,21.9,21.8866,22.1,22.2,Out,200
2026-07-19T10:00:00,21.9,21.8825,22.1,22.2,Out,200
2026-07-19T10:10:00,21.9,21.8908,22.1,22.1,Out,200
2026-07-19T10:20:00,21.9,21.8921,22.1,22.1,Out,200
2026-07-19T10:30:00,21.9,21.8935,22,22.1,Out,200
2026-07-19T10:40:00,21.9,21.8866,22.1,22.1,Out,200
2026-07-19T10:50:00,21.9,21.8866,22.1,22.1,Out,200
2026-07-19T11:00:00,21.9,21.8825,22.1,22.1,Out,200
2026-07-19T11:10:00,21.9,21.877,22.1,22.1,Out,200
2026-07-19T11:20:00,21.9,21.8757,22.1,22.2,Out,200
2026-07-19T11:30:00,21.8,21.8537,22.1,22.1,Out,200
2026-07-19T11:40:00,21.9,21.8729,22.1,22.1,Out,200
2026-07-19T11:50:00,21.9,21.8908,22,22.1,Out,200
2026-07-19T12:00:00,21.9,21.9059,22.1,22.1,Out,200
2026-07-19T12:10:00,21.9,21.9251,22.1,22.1,Out,200
2026-07-19T12:20:00,21.9,21.9457,22.1,22.1,Out,200
2026-07-19T12:30:00,21.9,21.9347,22.1,22.2,Out,200
2026-07-19T12:40:00,21.9,21.9265,22.1,22.2,Out,200
2026-07-19T12:50:00,21.9,21.9374,22.1,22.2,Out,200
2026-07-19T13:00:00,21.9,21.9567,22.2,22.2,Out,200
2026-07-19T13:10:00,22,22.0185,22.1,22.2,Out,200
2026-07-19T13:20:00,22,22.0501,22.1,22.2,Out,200
2026-07-19T13:30:00,22.1,22.0817,22.1,22.2,Out,200
2026-07-19T13:40:00,22.1,22.1023,22.1,22.2,Out,200
2026-07-19T13:50:00,22.2,22.2094,22.2,22.3,Out,200
2026-07-19T14:00:00,22.4,22.417,22.3,22.3,Out,200
2026-07-19T14:10:00,22.5,22.5188,22.3,22.3,Out,200
2026-07-19T14:20:00,22.5,22.6261,22.3,22.4,Out,200
2026-07-19T14:30:00,22.4,22.4927,22.6,22.6,Out,200
2026-07-19T14:40:00,22.4,22.4129,22.6,22.7,Out,200
2026-07-19T14:50:00,22.4,22.4404,22.8,22.9,Out,200
2026-07-19T15:00:00,22.4,22.4143,22.8,22.9,Out,200
2026-07-19T15:10:00,22.4,22.395,22.7,22.8,Out,200
2026-07-19T15:20:00,22.3,22.3428,22.7,22.9,Out,200
2026-07-19T15:30:00,22.2,22.2507,22.6,22.7,Out,200
2026-07-19T15:40:00,22.1,22.1696,22.6,22.7,Out,200
2026-07-19T15:50:00,22.1,22.1146,22.6,22.6,Out,200
2026-07-19T16:00:00,22,22.0762,22.5,22.6,Out,200
2026-07-19T16:10:00,22,22.0349,22.4,22.6,Out,200
2026-07-19T16:20:00,22,22.0198,22.3,22.4,Out,200
2026-07-19T16:30:00,22,22.013,22.3,22.3,Out,200
2026-07-19T16:40:00,22,22.0075,22.2,22.3,Out,200
2026-07-19T16:50:00,22,21.9979,22.2,22.3,Out,200
2026-07-19T17:00:00,22,21.991,22.3,22.2,Out,200
2026-07-19T17:10:00,22,21.9828,22.2,22.2,Out,200
2026-07-19T17:20:00,21.9,21.958,22.2,22.2,Out,200
2026-07-19T17:30:00,21.9,21.9525,22.2,22.2,Out,200
2026-07-19T17:40:00,21.9,21.9416,22.2,22.2,Out,200
2026-07-19T17:50:00,21.9,21.9333,22.2,22.2,Out,200
2026-07-19T18:00:00,21.9,21.9292,22.1,22.2,Out,200
2026-07-19T18:10:00,21.9,21.9251,22.1,22.2,Out,200
2026-07-19T18:20:00,21.9,21.9251,22.1,22.2,Out,200
2026-07-19T18:30:00,21.9,21.9265,22.1,22.2,Out,200
2026-07-19T18:40:00,21.9,21.9278,22.1,22.2,Out,200
2026-07-19T18:50:00,21.9,21.9333,22.1,22.2,Out,200
2026-07-19T19:00:00,21.9,21.9361,22.1,22.2,Out,200
2026-07-19T19:10:00,21.9,21.9471,22.1,22.2,Out,200
2026-07-19T19:20:00,21.9,21.9539,22.1,22.2,Out,200
2026-07-19T19:30:00,21.9,21.9594,22.1,22.1,Out,200
2026-07-19T19:40:00,21.9,21.9622,22.1,22.2,Out,200
2026-07-19T19:50:00,22,21.9622,22.1,22.2,Out,200
2026-07-19T20:00:00,21.9,21.9292,22.1,22.2,Out,200
2026-07-19T20:10:00,21.9,21.9292,22.2,22.2,Out,200
2026-07-19T20:20:00,22,21.98,22.2,22.2,Out,200
2026-07-19T20:30:00,22,22.0514,22.1,22.2,Out,200
2026-07-19T20:40:00,22.1,22.0762,22.1,22.2,Out,200
2026-07-19T20:50:00,22.1,22.0858,22.1,22.1,Out,200
2026-07-19T21:00:00,22.1,22.0899,22.2,22.3,Out,200
2026-07-19T21:10:00,22.1,22.0899,22.3,22.3,Out,200
2026-07-19T21:20:00,22,22.0693,22.3,22.3,Out,200
2026-07-19T21:30:00,22,22.0446,22.2,22.3,Out,200
2026-07-19T21:40:00,21.9,22.0034,22.3,22.3,Out,200
2026-07-19T21:50:00,21.9,21.9731,22.3,22.3,Out,200
2026-07-19T22:00:00,21.9,21.9704,22.2,22.3,Out,200
2026-07-19T22:10:00,22,21.9951,22.2,22.3,Out,200
2026-07-19T22:20:00,22,22.0047,22.2,22.2,Out,200
2026-07-19T22:30:00,22,21.9951,22.1,22.3,Out,200
2026-07-19T22:40:00,22,21.9731,22.1,22.3,Out,200
2026-07-19T22:50:00,22,21.9663,22.2,22.3,Out,200
2026-07-19T23:00:00,22,21.9622,22.2,22.3,Out,200
2026-07-19T23:10:00,21.9,21.9594,22.2,22.2,Out,200
2026-07-19T23:20:00,21.9,21.9553,22.1,22.3,Out,200
2026-07-19T23:30:00,21.9,21.8674,22.2,22.2,Out,200
2026-07-19T23:40:00,21.9,21.8647,22.1,22.2,Out,200
2026-07-19T23:50:00,21.8,21.8496,22.1,22.2,Out,200
2026-07-20T00:00:00,21.8,21.8564,22.2,22.2,Out,200
2026-07-20T00:10:00,21.8,21.8523,22.1,22.1,Out,200
2026-07-20T00:20:00,21.8,21.866,22,22.1,Out,200
2026-07-20T00:30:00,21.9,21.8825,22,22.1,Out,200
2026-07-20T00:40:00,21.9,21.9004,22.1,22.1,Out,200
2026-07-20T00:50:00,21.9,21.9196,22,22.1,Out,200
2026-07-20T01:00:00,21.9,21.9278,22,22.1,Out,200
2026-07-20T01:10:00,21.9,21.9361,22.1,22.1,Out,200
2026-07-20T01:20:00,21.9,21.9443,22.1,22.1,Out,200
2026-07-20T01:30:00,21.9,21.9539,22.1,22.2,Out,200
2026-07-20T01:40:00,22,22.0075,22.1,22.2,Out,200
2026-07-20T01:50:00,22,22.0707,22.1,22.2,Out,200
2026-07-20T02:00:00,22.1,22.1215,22.1,22.2,Out,200
2026-07-20T02:10:00,22.1,22.1613,22.1,22.2,Out,200
2026-07-20T02:20:00,22.2,22.2039,22.3,22.4,Out,200
2026-07-20T02:30:00,22.2,22.2287,22.3,22.4,Out,200
2026-07-20T02:40:00,22.2,22.2108,22.3,22.4,Out,200
2026-07-20T02:50:00,22.3,22.3166,22.4,22.5,Out,200
2026-07-20T03:00:00,22.5,22.4775,22.4,22.5,Out,200
2026-07-20T03:10:00,22.5,22.4995,22.4,22.5,Out,200
2026-07-20T03:20:00,22.5,22.494,22.4,22.7,Out,200
2026-07-20T03:30:00,22.5,22.4734,22.6,22.7,Out,200
2026-07-20T03:40:00,22.5,22.4652,22.7,22.7,Out,200
2026-07-20T03:50:00,22.4,22.4638,22.8,22.8,Out,200
2026-07-20T04:00:00,22.3,22.3689,22.7,22.8,Out,200
2026-07-20T04:10:00,22.1,22.1229,22.7,22.7,Out,200
2026-07-20T04:20:00,22.1,22.0885,22.7,22.7,Out,200
2026-07-20T04:30:00,22.1,22.1091,22.7,22.7,Out,200
2026-07-20T04:40:00,22.1,22.094,22.5,22.6,Out,200
2026-07-20T04:50:00,22,22.0624,22.3,22.4,Out,200
2026-07-20T05:00:00,22,22.0514,22.3,22.4,Out,200
2026-07-20T05:10:00,22,22.0253,22.4,22.5,Out,200
2026-07-20T05:20:00,21.9,21.9484,22.3,22.4,Out,200
2026-07-20T05:30:00,21.9,21.9196,22.2,22.3,Out,200
2026-07-20T05:40:00,21.9,21.9031,22.2,22.2,Out,200
2026-07-20T05:50:00,21.9,21.8578,22.2,22.2,Out,200
2026-07-20T06:00:00,21.8,21.8537,22.1,22.3,Out,200
2026-07-20T06:10:00,21.8,21.8455,22.1,22.1,Out,200
2026-07-20T06:20:00,21.8,21.84,22.1,22.1,Out,200
2026-07-20T06:30:00,21.8,21.8386,22,22.1,Out,200
2026-07-20T06:40:00,21.8,21.8358,22.1,22.1,Out,200
2026-07-20T06:50:00,21.8,21.8386,22,22,Out,200
2026-07-20T07:00:00,21.8,21.84,22,22.1,Out,200
2026-07-20T07:10:00,21.8,21.8455,22,22.1,Out,200
2026-07-20T07:20:00,21.8,21.8674,22.1,22,Out,200
2026-07-20T07:30:00,21.8,21.8647,22,22.1,Out,200
2026-07-20T07:40:00,21.9,21.8647,22,22.1,Out,200
2026-07-20T07:50:00,21.9,21.8729,22,22.1,Out,200
2026-07-20T08:00:00,21.9,21.8839,22.1,22.1,Out,200
2026-07-20T08:10:00,21.9,21.8894,22.1,22.1,Out,200
2026-07-20T08:20:00,21.9,21.8935,22.1,22.2,Out,200
2026-07-20T08:30:00,21.9,21.8921,22.1,22.1,Out,200
2026-07-20T08:40:00,21.9,21.8894,22.1,22.2,Out,200
2026-07-20T08:50:00,21.9,21.8976,22.1,22.2,Out,200
2026-07-20T09:00:00,21.9,21.9059,22.1,22.1,Out,200
2026-07-20T09:10:00,21.9,21.9237,22.1,22.1,Out,200
2026-07-20T09:20:00,21.9,21.9333,22.1,22.1,Out,200
2026-07-20T09:30:00,21.9,21.9388,22,22.2,Out,200
2026-07-20T09:40:00,21.9,21.9402,22.1,22.1,Out,200
2026-07-20T09:50:00,21.9,21.9457,22.1,22.2,Out,200
2026-07-20T10:00:00,21.9,21.9539,22.1,22.2,Out,200
2026-07-20T10:10:00,21.9,21.9471,22.1,22.2,Out,200
2026-07-20T10:20:00,21.9,21.9429,22.2,22.2,Out,200
2026-07-20T10:30:00,21.9,21.9484,22.1,22.1,Out,200
2026-07-20T10:40:00,21.9,21.9567,22.1,22.1,Out,200
2026-07-20T10:50:00,21.9,21.9649,22.1,22.2,Out,200
2026-07-20T11:00:00,22,21.9704,22.1,22.2,Out,200
2026-07-20T11:10:00,22,21.9731,22.2,22.2,Out,200
2026-07-20T11:20:00,22,21.9773,22.1,22.2,Out,200
2026-07-20T11:30:00,22,21.98,22.1,22.2,Out,200
2026-07-20T11:40:00,22,21.9745,22.1,22.1,Out,200
2026-07-20T11:50:00,22,21.9745,22.1,22.2,Out,200
2026-07-20T12:00:00,22,21.9759,22.1,22.2,Out,200
2026-07-20T12:10:00,22,21.9677,22.1,22.2,Out,200
2026-07-20T12:20:00,21.9,21.9512,22.2,22.2,Out,200
2026-07-20T12:30:00,21.9,21.9155,22.2,22.2,Out,200
2026-07-20T12:40:00,21.9,21.899,22.1,22.2,Out,200
2026-07-20T12:50:00,21.9,21.8976,22.1,22.2,Out,200
2026-07-20T13:00:00,21.9,21.9182,22.2,22.2,Out,200
2026-07-20T13:10:00,21.9,21.9223,22.1,22.2,Out,200
2026-07-20T13:20:00,21.9,21.9168,22.1,22.2,Out,200
2026-07-20T13:30:00,21.9,21.9168,22.2,22.2,Out,200
2026-07-20T13:40:00,21.9,21.9237,22.1,22.1,Out,200
2026-07-20T13:50:00,21.9,21.9251,22.1,22.1,Out,200
2026-07-20T14:00:00,21.9,21.9278,22.1,22.2,Out,200
2026-07-20T14:10:00,21.9,21.9306,22.1,22.2,Out,200
2026-07-20T14:20:00,21.9,21.9278,22.1,22.2,Out,200
2026-07-20T14:30:00,21.9,21.9292,22.1,22.2,Out,200
2026-07-20T14:40:00,21.9,21.9333,22.1,22.2,Out,200
2026-07-20T14:50:00,21.9,21.9333,22.1,22.2,Out,200
2026-07-20T15:00:00,21.9,21.9402,22.1,22.2,Out,200
2026-07-20T15:10:00,21.9,21.9402,22.1,22.2,Out,200
2026-07-20T15:20:00,21.9,21.9457,22.1,22.2,Out,200
2026-07-20T15:30:00,21.9,21.9498,22.1,22.1,Out,200
2026-07-20T15:40:00,21.9,21.9443,22.1,22.1,Out,200
2026-07-20T15:50:00,21.9,21.9374,22.1,22.3,Out,200
2026-07-20T16:00:00,21.9,21.9484,22.1,22.2,Out,200
2026-07-20T16:10:00,21.9,21.9553,22.1,22.2,Out,200
2026-07-20T16:20:00,21.9,21.9594,22.1,22.2,Out,200
2026-07-20T16:30:00,22,22.0157,22.1,22.2,Out,200
2026-07-20T16:40:00,22.1,22.1998,22.1,22.2,Out,200
2026-07-20T16:50:00,22.3,22.3111,22.1,22.2,Out,200
2026-07-20T17:00:00,22.3,22.3565,22.1,22.2,Out,200
2026-07-20T17:10:00,22.3,22.3565,22.4,22.5,Out,200
2026-07-20T17:20:00,22.3,22.3208,22.4,22.5,Out,200
2026-07-20T17:30:00,22.3,22.3043,22.5,22.5,Out,200
2026-07-20T17:40:00,22.1,22.1998,22.5,22.6,Out,200
2026-07-20T17:50:00,22.1,22.1325,22.6,22.6,Out,200
2026-07-20T18:00:00,22.1,22.094,22.5,22.6,Out,200
2026-07-20T18:10:00,22,22.0542,22.5,22.5,Out,200
2026-07-20T18:20:00,22,22.024,22.3,22.4,Out,200
2026-07-20T18:30:00,22,21.9937,22.3,22.3,Out,200
2026-07-20T18:40:00,22,21.9773,22.3,22.3,Out,200
2026-07-20T18:50:00,22,21.9718,22.2,22.3,Out,200
2026-07-20T19:00:00,21.9,21.969,22.2,22.3,Out,200
2026-07-20T19:10:00,22,21.9704,22.1,22.2,Out,200
2026-07-20T19:20:00,22,21.969,22.2,22.2,Out,200
2026-07-20T19:30:00,21.9,21.9649,22.2,22.2,Out,200
2026-07-20T19:40:00,21.9,21.9594,22.1,22.2,Out,200
2026-07-20T19:50:00,21.9,21.91,22.1,22.2,Out,200
2026-07-20T20:00:00,21.9,21.9086,22.2,22.3,Out,200
2026-07-20T20:10:00,21.9,21.9114,22.1,22.2,Out,200
2026-07-20T20:20:00,21.9,21.9237,22.1,22.2,Out,200
2026-07-20T20:30:00,21.9,21.9388,22.1,22.1,Out,200
2026-07-20T20:40:00,21.9,21.9525,22.1,22.2,Out,200
2026-07-20T20:50:00,21.9,21.9594,22.1,22.2,Out,200
2026-07-20T21:00:00,22,21.9745,22.1,22.2,Out,200
2026-07-20T21:10:00,22,21.9883,22.1,22.2,Out,200
2026-07-20T21:20:00,22,22.0102,22.1,22.2,Out,200
2026-07-20T21:30:00,22,22.0267,22.1,22.2,Out,200
2026-07-20T21:40:00,22,22.0308,22.2,22.3,Out,200
2026-07-20T21:50:00,22,22.0267,22.2,22.3,Out,200
2026-07-20T22:00:00,22,22.024,22.3,22.2,Out,200
2026-07-20T22:10:00,22,22.0226,22.2,22.3,Out,200
2026-07-20T22:20:00,22,22.013,22.2,22.4,Out,200
2026-07-20T22:30:00,22,22.0047,22.2,22.3,Out,200
2026-07-20T22:40:00,22,22.0006,22.3,22.3,Out,200
2026-07-20T22:50:00,22,22.0006,22.2,22.3,Out,200
2026-07-20T23:00:00,22,21.9979,22.1,22.2,Out,200
2026-07-20T23:10:00,22,21.9965,22.1,22.3,Out,200
2026-07-20T23:20:00,22,21.9951,22.2,22.2,Out,200
2026-07-20T23:30:00,22,21.9937,22.1,22.2,Out,200
2026-07-20T23:40:00,22,21.9937,22.2,22.3,Out,200
2026-07-20T23:50:00,22,21.9937,22.2,22.2,Out,200
2026-07-21T00:00:00,22,21.9924,22.1,22.3,Out,200
2026-07-21T00:10:00,22,21.991,22.1,22.3,Out,200
2026-07-21T00:20:00,22,21.9965,22.2,22.2,Out,200
2026-07-21T00:30:00,22,22.0034,22.2,22.2,Out,200
2026-07-21T00:40:00,22,22.0075,22.2,22.2,Out,200
2026-07-21T00:50:00,22,22.0116,22.2,22.3,Out,200
2026-07-21T01:00:00,22,22.0198,22.2,22.2,Out,200
2026-07-21T01:10:00,22,22.0226,22.2,22.2,Out,200
2026-07-21T01:20:00,22,22.013,22.2,22.3,Out,200
2026-07-21T01:30:00,22,22.0089,22.2,22.3,Out,200
2026-07-21T01:40:00,22,21.9965,22.2,22.3,Out,200
2026-07-21T01:50:00,21.9,21.9883,22.2,22.3,Out,200
2026-07-21T02:00:00,22,21.991,22.2,22.3,Out,200
2026-07-21T02:10:00,22,21.991,22.1,22.3,Out,200
2026-07-21T02:20:00,22,21.9951,22.1,22.2,Out,200
2026-07-21T02:30:00,22,22.0102,22.1,22.2,Out,200
2026-07-21T02:40:00,22,22.0157,22.2,22.3,Out,200
2026-07-21T02:50:00,22,22.0336,22.1,22.2,Out,200
2026-07-21T03:00:00,22,22.0459,22.2,22.2,Out,200
2026-07-21T03:10:00,22.1,22.0734,22.2,22.4,Out,200
2026-07-21T03:20:00,22.1,22.1229,22.2,22.3,Out,200
2026-07-21T03:30:00,22.2,22.2053,22.2,22.3,Out,200
2026-07-21T03:40:00,22.2,22.2837,22.3,22.3,Out,200
2026-07-21T03:50:00,22.2,22.2534,22.3,22.5,Out,200
2026-07-21T04:00:00,22.3,22.3428,22.4,22.6,Out,200
2026-07-21T04:10:00,22.4,22.4872,22.4,22.6,Out,200
2026-07-21T04:20:00,22.3,22.4803,22.5,22.6,Out,200
2026-07-21T04:30:00,22.4,22.4858,22.5,22.7,Out,200
2026-07-21T04:40:00,22.2,22.3166,22.7,22.8,Out,200
2026-07-21T04:50:00,22.2,22.2452,22.7,22.8,Out,200
2026-07-21T05:00:00,22.2,22.2191,22.7,22.8,Out,200
2026-07-21T05:10:00,22.1,22.1861,22.6,22.7,Out,200
2026-07-21T05:20:00,22.1,22.1682,22.5,22.6,Out,200
2026-07-21T05:30:00,22.1,22.1503,22.4,22.5,Out,200
2026-07-21T05:40:00,22.1,22.1421,22.4,22.5,Out,200
2026-07-21T05:50:00,22.1,22.1394,22.4,22.5,Out,200
2026-07-21T06:00:00,22.1,22.116,22.3,22.4,Out,200
2026-07-21T06:10:00,22,22.0665,22.4,22.4,Out,200
2026-07-21T06:20:00,22,21.9855,22.4,22.4,Out,200
2026-07-21T06:30:00,21.9,21.9608,22.3,22.4,Out,200
2026-07-21T06:40:00,21.9,21.9498,22.3,22.3,Out,200
2026-07-21T06:50:00,21.9,21.9457,22.2,22.3,Out,200
2026-07-21T07:00:00,21.9,21.9361,22.2,22.3,Out,200
2026-07-21T07:10:00,21.9,21.9306,22.2,22.3,Out,200
2026-07-21T07:20:00,21.9,21.9251,22.1,22.2,Out,200
2026-07-21T07:30:00,21.9,21.9525,22.1,22.2,Out,200
2026-07-21T07:40:00,22,22.0047,22.1,22.2,Out,200
2026-07-21T07:50:00,22,22.0391,22.2,22.1,Out,200
2026-07-21T08:00:00,22.1,22.0981,22.1,22.2,Out,200
2026-07-21T08:10:00,22,22.1036,22.2,22.2,Out,200
2026-07-21T08:20:00,22,22.024,22.3,22.3,Out,200
2026-07-21T08:30:00,22,21.9965,22.3,22.3,Out,200
2026-07-21T08:40:00,22,21.9759,22.3,22.4,Out,200
2026-07-21T08:50:00,21.9,21.9855,22.2,22.3,Out,200
2026-07-21T09:00:00,22,22.0006,22.2,22.2,Out,200
2026-07-21T09:10:00,22,21.9992,22.1,22.2,Out,200
2026-07-21T09:20:00,22,22.0034,22.2,22.2,Out,200
2026-07-21T09:30:00,22,22.0089,22.2,22.2,Out,200
2026-07-21T09:40:00,22,22.0212,22.2,22.2,Out,200
2026-07-21T09:50:00,22,22.0267,22.2,22.2,Out,200
2026-07-21T10:00:00,22,22.0281,22.2,22.2,Out,200
2026-07-21T10:10:00,22,22.0349,22.2,22.3,Out,200
2026-07-21T10:20:00,22,22.0432,22.3,22.3,Out,200
2026-07-21T10:30:00,22,22.0459,22.2,22.3,Out,200
2026-07-21T10:40:00,22,22.0501,22.2,22.3,Out,200
2026-07-21T10:50:00,22.1,22.0748,22.2,22.3,Out,200
2026-07-21T11:00:00,22,22.1091,22.2,22.3,Out,200
2026-07-21T11:10:00,22,22.0762,22.2,22.3,Out,200
2026-07-21T11:20:00,22.1,22.0638,22.2,22.3,Out,200
2026-07-21T11:30:00,22,22.0597,22.3,22.4,Out,200
2026-07-21T11:40:00,22,22.0542,22.3,22.3,Out,200
2026-07-21T11:50:00,22,22.0198,22.3,22.3,Out,200
2026-07-21T12:00:00,22,22.0198,22.2,22.3,Out,200
2026-07-21T12:10:00,21.9,21.9759,22.2,22.3,Out,200
2026-07-21T12:20:00,21.9,21.9704,22.2,22.3,Out,200
2026-07-21T12:30:00,22,21.9649,22.2,22.3,Out,200
2026-07-21T12:40:00,21.9,21.958,22.3,22.3,Out,200
2026-07-21T12:50:00,21.9,21.9402,22.2,22.2,Out,200
2026-07-21T13:00:00,21.9,21.9333,22.2,22.2,Out,200
2026-07-21T13:10:00,21.9,21.921,22.2,22.3,Out,200
2026-07-21T13:20:00,21.9,21.8743,22.1,22.2,Out,200
2026-07-21T13:30:00,21.8,21.8715,22.1,22.2,Out,200
2026-07-21T13:40:00,21.9,21.8866,22.1,22.2,Out,200
2026-07-21T13:50:00,21.9,21.9017,22.1,22.1,Out,200
2026-07-21T14:00:00,21.9,21.9127,22,22.1,Out,200
2026-07-21T14:10:00,21.9,21.9251,22.1,22.1,Out,200
2026-07-21T14:20:00,21.9,21.9292,22.1,22.1,Out,200
2026-07-21T14:30:00,21.9,21.9402,22.1,22.2,Out,200
2026-07-21T14:40:00,22,21.9635,22.1,22.1,Out,200
2026-07-21T14:50:00,22,21.9828,22.1,22.2,Out,200
2026-07-21T15:00:00,21.9,21.9924,22.1,22.2,Out,200
2026-07-21T15:10:00,22,21.9883,22.1,22.2,Out,200
2026-07-21T15:20:00,22,21.9828,22.2,22.2,Out,200
2026-07-21T15:30:00,22,21.9814,22.2,22.3,Out,200
2026-07-21T15:40:00,22,21.9841,22.1,22.3,Out,200
2026-07-21T15:50:00,22,21.9841,22.1,22.2,Out,200
2026-07-21T16:00:00,22,21.9855,22.2,22.2,Out,200
2026-07-21T16:10:00,22,22.0075,22.1,22.2,Out,200
2026-07-21T16:20:00,22.1,22.1119,22.1,22.3,Out,200
2026-07-21T16:30:00,22.1,22.1352,22.2,22.3,Out,200
2026-07-21T16:40:00,22.1,22.1407,22.3,22.3,Out,200
2026-07-21T16:50:00,22.1,22.149,22.2,22.3,Out,200
2026-07-21T17:00:00,22.3,22.2823,22.3,22.4,Out,200
2026-07-21T17:10:00,22.3,22.395,22.3,22.4,Out,200
2026-07-21T17:20:00,22.3,22.4074,22.4,22.4,Out,200
2026-07-21T17:30:00,22.3,22.3758,22.4,22.4,Out,200
2026-07-21T17:40:00,22.3,22.2947,22.5,22.6,Out,200
2026-07-21T17:50:00,22.3,22.2685,22.6,22.7,Out,200
2026-07-21T18:00:00,22.2,22.2672,22.6,22.7,Out,200
2026-07-21T18:10:00,22.3,22.2658,22.5,22.6,Out,200
2026-07-21T18:20:00,22.2,22.2397,22.4,22.5,Out,200
2026-07-21T18:30:00,22.1,22.1943,22.4,22.5,Out,200
2026-07-21T18:40:00,22.1,22.1394,22.5,22.6,Out,200
2026-07-21T18:50:00,21.9,21.9965,22.5,22.5,Out,200
2026-07-21T19:00:00,21.9,21.9127,22.4,22.4,Out,200
2026-07-21T19:10:00,21.9,21.91,22.4,22.4,Out,200
2026-07-21T19:20:00,21.9,21.921,22.3,22.4,Out,200
2026-07-21T19:30:00,21.9,21.9223,22.1,22.2,Out,200
2026-07-21T19:40:00,21.9,21.9457,22.1,22.1,Out,200
2026-07-21T19:50:00,21.9,21.9457,22.1,22.2,Out,200
2026-07-21T20:00:00,21.9,21.9471,22.1,22.2,Out,200
2026-07-21T20:10:00,21.9,21.958,22.1,22.2,Out,200
2026-07-21T20:20:00,22,21.9718,22.1,22.2,Out,200
2026-07-21T20:30:00,22,21.969,22.1,22.2,Out,200
2026-07-21T20:40:00,22,21.9718,22.1,22.2,Out,200
2026-07-21T20:50:00,22,21.98,22.2,22.2,Out,200
2026-07-21T21:00:00,22,21.98,22.1,22.2,Out,200
2026-07-21T21:10:00,21.9,21.98,22.2,22.2,Out,200
2026-07-21T21:20:00,22,21.9828,22.1,22.2,Out,200
2026-07-21T21:30:00,22,21.9896,22.2,22.2,Out,200
2026-07-21T21:40:00,22,22.002,22.2,22.2,Out,200
2026-07-21T21:50:00,22,22.0322,22.1,22.2,Out,200
2026-07-21T22:00:00,22,22.0226,22.1,22.2,Out,200
2026-07-21T22:10:00,22,22.0143,22.2,22.3,Out,200
2026-07-21T22:20:00,22,22.0089,22.2,22.3,Out,200
2026-07-21T22:30:00,22,22.0061,22.2,22.4,Out,200
2026-07-21T22:40:00,22,22.0047,22.2,22.2,Out,200
2026-07-21T22:50:00,22,22.0006,22.3,22.3,Out,200
2026-07-21T23:00:00,22,21.9992,22.2,22.3,Out,200
2026-07-21T23:10:00,22,22.0006,22.2,22.2,Out,200
2026-07-21T23:20:00,22,22.0034,22.2,22.3,Out,200
2026-07-21T23:30:00,22,22.013,22.1,22.3,Out,200
2026-07-21T23:40:00,22,22.0171,22.2,22.3,Out,200
2026-07-21T23:50:00,22,22.0185,22.2,22.2,Out,200
2026-07-22T00:00:00,22,22.0212,22.1,22.3,Out,200
2026-07-22T00:10:00,22,22.0171,22.2,22.3,Out,200
2026-07-22T00:20:00,22,22.0102,22.2,22.3,Out,200
2026-07-22T00:30:00,22,21.9979,22.3,22.3,Out,200
2026-07-22T00:40:00,22,21.9924,22.2,22.3,Out,200
2026-07-22T00:50:00,22,21.9869,22.2,22.3,Out,200
2026-07-22T01:00:00,22,21.9828,22.2,22.3,Out,200
2026-07-22T01:10:00,22,21.9883,22.2,22.3,Out,200
2026-07-22T01:20:00,22,21.9896,22.2,22.3,Out,200
2026-07-22T01:30:00,22,21.9979,22.1,22.2,Out,200
2026-07-22T01:40:00,22,22.0089,22.2,22.3,Out,200
2026-07-22T01:50:00,22,22.0212,22.2,22.2,Out,200
2026-07-22T02:00:00,22,22.0295,22.1,22.2,Out,200
2026-07-22T02:10:00,22,22.002,22.2,22.3,Out,200
2026-07-22T02:20:00,21.9,21.9663,22.3,22.3,Out,200
2026-07-22T02:30:00,22,21.9635,22.2,22.4,Out,200
2026-07-22T02:40:00,21.9,21.9553,22.2,22.3,Out,200
2026-07-22T02:50:00,21.9,21.9649,22.2,22.3,Out,200
2026-07-22T03:00:00,22,21.98,22.1,22.2,Out,200
2026-07-22T03:10:00,22,22.0047,22.1,22.2,Out,200
2026-07-22T03:20:00,22,22.0349,22.1,22.2,Out,200
2026-07-22T03:30:00,22,22.0432,22.1,22.2,Out,200
2026-07-22T03:40:00,22,22.0432,22.2,22.3,Out,200
2026-07-22T03:50:00,22,22.0487,22.2,22.3,Out,200
2026-07-22T04:00:00,22,22.0638,22.2,22.3,Out,200
2026-07-22T04:10:00,22.1,22.0789,22.2,22.3,Out,200
2026-07-22T04:20:00,22.1,22.1105,22.3,22.2,Out,200
2026-07-22T04:30:00,22.1,22.116,22.2,22.4,Out,200
2026-07-22T04:40:00,22.1,22.1242,22.4,22.3,Out,200
2026-07-22T04:50:00,22.1,22.1462,22.3,22.4,Out,200
2026-07-22T05:00:00,22.2,22.1984,22.3,22.4,Out,200
2026-07-22T05:10:00,22.2,22.2617,22.4,22.4,Out,200
2026-07-22T05:20:00,22.3,22.3703,22.4,22.4,Out,200
2026-07-22T05:30:00,22.4,22.4239,22.3,22.4,Out,200
2026-07-22T05:40:00,22.5,22.5133,22.4,22.5,Out,200
2026-07-22T05:50:00,22.5,22.5711,22.5,22.6,Out,200
2026-07-22T06:00:00,22.6,22.6275,22.6,22.6,Out,200
2026-07-22T06:10:00,22.6,22.6137,22.7,22.7,Out,200
2026-07-22T06:20:00,22.5,22.567,22.8,22.8,Out,200
2026-07-22T06:30:00,22.2,22.3661,22.9,22.9,Out,200
2026-07-22T06:40:00,22.1,22.1737,22.9,22.9,Out,200
2026-07-22T06:50:00,22.1,22.1201,22.7,22.9,Out,200
2026-07-22T07:00:00,22.1,22.1078,22.7,22.8,Out,200
2026-07-22T07:10:00,22.1,22.0995,22.5,22.6,Out,200
2026-07-22T07:20:00,22,22.0487,22.3,22.3,Out,200
2026-07-22T07:30:00,22,22.0047,22.3,22.4,Out,200
2026-07-22T07:40:00,22,21.9869,22.3,22.4,Out,200
2026-07-22T07:50:00,22,21.98,22.3,22.3,Out,200
2026-07-22T08:00:00,22,21.9814,22.2,22.3,Out,200
2026-07-22T08:10:00,22,21.9883,22.2,22.2,Out,200
2026-07-22T08:20:00,22,21.9924,22.2,22.2,Out,200
2026-07-22T08:30:00,22,22.002,22.1,22.3,Out,200
2026-07-22T08:40:00,22,22.0157,22.2,22.2,Out,200
2026-07-22T08:50:00,22,22.0349,22.2,22.2,Out,200
2026-07-22T09:00:00,22.1,22.0789,22.2,22.2,Out,200
2026-07-22T09:10:00,22.1,22.1146,22.2,22.2,Out,200
2026-07-22T09:20:00,22.2,22.1641,22.2,22.3,Out,200
2026-07-22T09:30:00,22.2,22.2067,22.3,22.3,Out,200
2026-07-22T09:40:00,22.1,22.1421,22.2,22.4,Out,200
2026-07-22T09:50:00,22,22.0652,22.3,22.4,Out,200
2026-07-22T10:00:00,22,22.0487,22.4,22.4,Out,200
2026-07-22T10:10:00,22,22.0308,22.4,22.4,Out,200
2026-07-22T10:20:00,22,22.0075,22.3,22.4,Out,200
2026-07-22T10:30:00,22,22.0061,22.3,22.4,Out,200
2026-07-22T10:40:00,22,22.0473,22.3,22.3,Out,200
2026-07-22T10:50:00,22.1,22.1421,22.2,22.3,Out,200
2026-07-22T11:00:00,22,22.0844,22.2,22.3,Out,200
2026-07-22T11:10:00,22,21.9869,22.2,22.4,Out,200
2026-07-22T11:20:00,22,22.0198,22.3,22.4,Out,200
2026-07-22T11:30:00,22,22.0267,22.4,22.4,Out,200
2026-07-22T11:40:00,22,22.0185,22.2,22.3,Out,200
2026-07-22T11:50:00,22,22.0253,22.2,22.3,Out,200
2026-07-22T12:00:00,22,22.0349,22.2,22.3,Out,200
2026-07-22T12:10:00,22,22.0665,22.2,22.3,Out,200
2026-07-22T12:20:00,22.1,22.0789,22.2,22.2,Out,200
2026-07-22T12:30:00,22,22.0638,22.2,22.3,Out,200
2026-07-22T12:40:00,22,22.0542,22.3,22.4,Out,200
2026-07-22T12:50:00,22,22.0501,22.3,22.3,Out,200
2026-07-22T13:00:00,22,22.0446,22.3,22.3,Out,200
2026-07-22T13:10:00,22,22.0322,22.2,22.3,Out,200
2026-07-22T13:20:00,21.9,21.9608,22.3,22.3,Out,200
2026-07-22T13:30:00,21.9,21.8935,22.2,22.3,Out,200
2026-07-22T13:40:00,21.8,21.8743,22.2,22.3,Out,200
2026-07-22T13:50:00,21.9,21.8633,22.2,22.2,Out,200
2026-07-22T14:00:00,21.9,21.8633,22.1,22.2,Out,200
2026-07-22T14:10:00,21.8,21.8729,22.1,22.2,Out,200
2026-07-22T14:20:00,21.9,21.8908,22,22.1,Out,200
2026-07-22T14:30:00,21.9,21.9045,22,22.2,Out,200
2026-07-22T14:40:00,21.9,21.9168,22.1,22.1,Out,200
2026-07-22T14:50:00,21.9,21.9182,22.1,22.1,Out,200
2026-07-22T15:00:00,21.9,21.9237,22.1,22.1,Out,200
2026-07-22T15:10:00,21.9,21.9333,22.1,22.1,Out,200
2026-07-22T15:20:00,21.9,21.9333,22.1,22.2,Out,200
2026-07-22T15:30:00,21.9,21.9306,22.1,22.1,Out,200
2026-07-22T15:40:00,21.9,21.9292,22.1,22.2,Out,200
2026-07-22T15:50:00,21.9,21.9388,22.1,22.2,Out,200
2026-07-22T16:00:00,21.9,21.9471,22.1,22.1,Out,200
2026-07-22T16:10:00,21.9,21.9539,22.2,22.2,Out,200
2026-07-22T16:20:00,21.9,21.9457,22.1,22.1,Out,200
2026-07-22T16:30:00,21.8,21.9223,22.1,22.1,Out,200
2026-07-22T16:40:00,21.9,21.921,22.1,22.2,Out,200
2026-07-22T16:50:00,21.9,21.9072,22.1,22.2,Out,200
2026-07-22T17:00:00,21.9,21.9168,22.2,22.2,Out,200
2026-07-22T17:10:00,21.9,21.9182,22.2,22.2,Out,200
2026-07-22T17:20:00,21.9,21.9457,22.1,22.2,Out,200
2026-07-22T17:30:00,22,21.9896,22.1,22.2,Out,200
2026-07-22T17:40:00,22,22.0171,22.1,22.2,Out,200
2026-07-22T17:50:00,22,22.0212,22.1,22.2,Out,200
2026-07-22T18:00:00,22,22.0446,22.1,22.2,Out,200
2026-07-22T18:10:00,22.1,22.0665,22.2,22.3,Out,200
2026-07-22T18:20:00,22.1,22.0762,22.2,22.3,Out,200
2026-07-22T18:30:00,22,22.0844,22.2,22.3,Out,200
2026-07-22T18:40:00,22.1,22.1792,22.2,22.3,Out,200
2026-07-22T18:50:00,22.4,22.3606,22.3,22.3,Out,200
2026-07-22T19:00:00,22.5,22.5147,22.3,22.3,Out,200
2026-07-22T19:10:00,22.5,22.5271,22.4,22.4,Out,200
2026-07-22T19:20:00,22.4,22.5257,22.4,22.5,Out,200
2026-07-22T19:30:00,22.1,22.296,22.7,22.7,Out,200
2026-07-22T19:40:00,22.1,22.1806,22.7,22.7,Out,200
2026-07-22T19:50:00,22.1,22.1421,22.7,22.8,Out,200
2026-07-22T20:00:00,22.1,22.1421,22.7,22.7,Out,200
2026-07-22T20:10:00,22.1,22.127,22.6,22.7,Out,200
2026-07-22T20:20:00,22.1,22.1091,22.4,22.5,Out,200
2026-07-22T20:30:00,22.1,22.0995,22.4,22.4,Out,200
2026-07-22T20:40:00,22.1,22.0844,22.3,22.4,Out,200
2026-07-22T20:50:00,22,22.0652,22.3,22.3,Out,200
2026-07-22T21:00:00,22,22.0349,22.3,22.4,Out,200
2026-07-22T21:10:00,21.9,21.9374,22.3,22.3,Out,200
2026-07-22T21:20:00,21.9,21.9306,22.3,22.3,Out,200
2026-07-22T21:30:00,21.9,21.9388,22.3,22.3,Out,200
2026-07-22T21:40:00,21.9,21.9512,22.1,22.2,Out,200
2026-07-22T21:50:00,21.9,21.9594,22.1,22.2,Out,200
2026-07-22T22:00:00,22,21.9745,22.1,22.2,Out,200
2026-07-22T22:10:00,22,21.9883,22.1,22.2,Out,200
2026-07-22T22:20:00,22,22.002,22.1,22.2,Out,200
2026-07-22T22:30:00,22,22.0418,22.2,22.2,Out,200
2026-07-22T22:40:00,22,22.0762,22.2,22.2,Out,200
2026-07-22T22:50:00,22.1,22.0913,22.1,22.3,Out,200
2026-07-22T23:00:00,22.1,22.1023,22.3,22.2,Out,200
2026-07-22T23:10:00,22.1,22.116,22.2,22.3,Out,200
2026-07-22T23:20:00,22.1,22.1352,22.3,22.4,Out,200
2026-07-22T23:30:00,22.1,22.127,22.3,22.4,Out,200
2026-07-22T23:40:00,22,22.0432,22.3,22.4,Out,200
2026-07-22T23:50:00,22,22.0281,22.4,22.4,Out,200
2026-07-23T00:00:00,22,22.0171,22.3,22.4,Out,200
2026-07-23T00:10:00,22,22.0171,22.3,22.4,Out,200
2026-07-23T00:20:00,22,22.0226,22.3,22.3,Out,200
2026-07-23T00:30:00,22,22.0336,22.2,22.3,Out,200
2026-07-23T00:40:00,22,22.0693,22.3,22.3,Out,200
2026-07-23T00:50:00,22.1,22.0885,22.2,22.3,Out,200
2026-07-23T01:00:00,22.1,22.1394,22.3,22.3,Out,200
2026-07-23T01:10:00,22.2,22.1778,22.2,22.3,Out,200
2026-07-23T01:20:00,22.2,22.1943,22.3,22.4,Out,200
2026-07-23T01:30:00,22.2,22.2039,22.4,22.4,Out,200
2026-07-23T01:40:00,22.2,22.2026,22.3,22.4,Out,200
2026-07-23T01:50:00,22.2,22.2094,22.4,22.5,Out,200
2026-07-23T02:00:00,22.2,22.2039,22.4,22.4,Out,200
2026-07-23T02:10:00,22.2,22.1874,22.4,22.5,Out,200
2026-07-23T02:20:00,22,22.0899,22.4,22.4,Out,200
2026-07-23T02:30:00,22,22.0212,22.4,22.5,Out,200
2026-07-23T02:40:00,22,22.0102,22.4,22.4,Out,200
2026-07-23T02:50:00,22,21.98,22.4,22.4,Out,200
2026-07-23T03:00:00,22,21.9814,22.3,22.3,Out,200
2026-07-23T03:10:00,22,21.9951,22.2,22.2,Out,200
2026-07-23T03:20:00,22,22.0034,22.1,22.3,Out,200
2026-07-23T03:30:00,22,22.0047,22.2,22.2,Out,200
2026-07-23T03:40:00,22,22.0075,22.2,22.2,Out,200
2026-07-23T03:50:00,22,22.0116,22.3,22.3,Out,200
2026-07-23T04:00:00,22,22.0075,22.2,22.3,Out,200
2026-07-23T04:10:00,22,22.0089,22.2,22.2,Out,200
2026-07-23T04:20:00,22,22.013,22.2,22.2,Out,200
2026-07-23T04:30:00,22,22.0116,22.2,22.2,Out,200
2026-07-23T04:40:00,22,22.0102,22.2,22.3,Out,200
2026-07-23T04:50:00,22,22.0253,22.2,22.2,Out,200
2026-07-23T05:00:00,22,22.0349,22.2,22.4,Out,200
2026-07-23T05:10:00,22,22.0528,22.2,22.3,Out,200
2026-07-23T05:20:00,22.1,22.0968,22.2,22.3,Out,200
2026-07-23T05:30:00,22.1,22.116,22.2,22.3,Out,200
2026-07-23T05:40:00,22.1,22.1187,22.3,22.3,Out,200
2026-07-23T05:50:00,22.1,22.1132,22.3,22.4,Out,200
2026-07-23T06:00:00,22.1,22.1187,22.3,22.4,Out,200
2026-07-23T06:10:00,22.1,22.1256,22.3,22.4,Out,200
2026-07-23T06:20:00,22.2,22.1682,22.3,22.4,Out,200
2026-07-23T06:30:00,22.2,22.2094,22.3,22.4,Out,200
2026-07-23T06:40:00,22.4,22.351,22.3,22.4,Out,200
2026-07-23T06:50:00,22.4,22.417,22.4,22.4,Out,200
2026-07-23T07:00:00,22.4,22.4624,22.4,22.5,Out,200
2026-07-23T07:10:00,22.5,22.4954,22.5,22.6,Out,200
2026-07-23T07:20:00,22.5,22.5133,22.6,22.6,Out,200
2026-07-23T07:30:00,22.5,22.5284,22.7,22.7,Out,200
2026-07-23T07:40:00,22.5,22.5229,22.7,22.7,Out,200
2026-07-23T07:50:00,22.5,22.505,22.7,22.8,Out,200
2026-07-23T08:00:00,22.5,22.5188,22.7,22.8,Out,200
2026-07-23T08:10:00,22.5,22.4803,22.7,22.8,Out,200
2026-07-23T08:20:00,22.2,22.3194,22.7,22.8,Out,200
2026-07-23T08:30:00,22.1,22.1558,22.7,22.8,Out,200
2026-07-23T08:40:00,22.1,22.1339,22.7,22.7,Out,200
2026-07-23T08:50:00,22.1,22.1201,22.7,22.7,Out,200
2026-07-23T09:00:00,22.1,22.1119,22.5,22.6,Out,200
2026-07-23T09:10:00,22.1,22.116,22.3,22.4,Out,200
2026-07-23T09:20:00,22.1,22.1297,22.3,22.4,Out,200
2026-07-23T09:30:00,22.1,22.1407,22.3,22.4,Out,200
2026-07-23T09:40:00,22.1,22.1449,22.3,22.4,Out,200
2026-07-23T09:50:00,22.1,22.127,22.3,22.4,Out,200
2026-07-23T10:00:00,22.1,22.1132,22.3,22.4,Out,200
2026-07-23T10:10:00,22.1,22.16,22.4,22.4,Out,200
2026-07-23T10:20:00,22.2,22.1916,22.3,22.4,Out,200
2026-07-23T10:30:00,22.2,22.2383,22.3,22.4,Out,200
2026-07-23T10:40:00,22.1,22.1888,22.4,22.4,Out,200
2026-07-23T10:50:00,22.1,22.1229,22.3,22.5,Out,200
2026-07-23T11:00:00,22.1,22.1023,22.4,22.4,Out,200
2026-07-23T11:10:00,22,22.0459,22.5,22.5,Out,200
2026-07-23T11:20:00,22,22.0061,22.4,22.5,Out,200
2026-07-23T11:30:00,22,21.9951,22.3,22.4,Out,200
2026-07-23T11:40:00,22,21.9896,22.3,22.3,Out,200
2026-07-23T11:50:00,22,21.9814,22.2,22.2,Out,200
2026-07-23T12:00:00,22,21.9759,22.1,22.3,Out,200
2026-07-23T12:10:00,22,21.9773,22.2,22.2,Out,200
2026-07-23T12:20:00,22,21.9896,22.2,22.3,Out,200
2026-07-23T12:30:00,22,22.024,22.2,22.3,Out,200
2026-07-23T12:40:00,22,22.0404,22.2,22.3,Out,200
2026-07-23T12:50:00,22,22.0556,22.2,22.3,Out,200
2026-07-23T13:00:00,22,22.0624,22.2,22.2,Out,200
2026-07-23T13:10:00,22.1,22.1119,22.3,22.3,Out,200
2026-07-23T13:20:00,22.1,22.1256,22.3,22.3,Out,200
2026-07-23T13:30:00,22.1,22.1105,22.3,22.3,Out,200
2026-07-23T13:40:00,22,22.072,22.4,22.3,Out,200
2026-07-23T13:50:00,22,22.0487,22.3,22.4,Out,200
2026-07-23T14:00:00,22,22.0391,22.3,22.4,Out,200
2026-07-23T14:10:00,22,22.0377,22.4,22.4,Out,200
2026-07-23T14:20:00,22,22.0363,22.3,22.4,Out,200
2026-07-23T14:30:00,22,22.0377,22.2,22.4,Out,200
2026-07-23T14:40:00,22,22.0418,22.2,22.3,Out,200
2026-07-23T14:50:00,22,22.0514,22.2,22.3,Out,200
2026-07-23T15:00:00,22,22.0514,22.3,22.3,Out,200
2026-07-23T15:10:00,22,22.0501,22.2,22.3,Out,200
2026-07-23T15:20:00,22,22.0198,22.3,22.3,Out,200
2026-07-23T15:30:00,22,22.013,22.2,22.3,Out,200
2026-07-23T15:40:00,22,22.0157,22.2,22.3,Out,200
2026-07-23T15:50:00,22,22.0171,22.2,22.3,Out,200
2026-07-23T16:00:00,22,22.0143,22.2,22.3,Out,200
2026-07-23T16:10:00,22,22.0102,22.2,22.3,Out,200
2026-07-23T16:20:00,22,22.0075,22.2,22.3,Out,200
2026-07-23T16:30:00,22,22.013,22.2,22.3,Out,200
2026-07-23T16:40:00,22,22.0198,22.3,22.2,Out,200
2026-07-23T16:50:00,22,22.0212,22.2,22.2,Out,200
2026-07-23T17:00:00,22,22.0322,22.1,22.3,Out,200
2026-07-23T17:10:00,22,22.0391,22.2,22.3,Out,200
2026-07-23T17:20:00,22,22.0707,22.2,22.4,Out,200
2026-07-23T17:30:00,22,22.0556,22.2,22.3,Out,200
2026-07-23T17:40:00,22,22.0556,22.2,22.3,Out,200
2026-07-23T17:50:00,22,22.0638,22.3,22.3,Out,200
2026-07-23T18:00:00,22,22.072,22.3,22.4,Out,200
2026-07-23T18:10:00,22,22.072,22.2,22.2,Out,200
2026-07-23T18:20:00,22.1,22.0734,22.3,22.3,Out,200
2026-07-23T18:30:00,22.1,22.0734,22.3,22.3,Out,200
2026-07-23T18:40:00,22.1,22.0817,22.3,22.3,Out,200
2026-07-23T18:50:00,22.1,22.0968,22.2,22.3,Out,200
2026-07-23T19:00:00,22.2,22.274,22.3,22.4,Out,200
2026-07-23T19:10:00,22.3,22.3606,22.3,22.4,Out,200
2026-07-23T19:20:00,22.4,22.4019,22.3,22.5,Out,200
2026-07-23T19:30:00,22.4,22.4445,22.5,22.6,Out,200
2026-07-23T19:40:00,22.4,22.4707,22.6,22.6,Out,200
2026-07-23T19:50:00,22.4,22.4803,22.6,22.7,Out,200
2026-07-23T20:00:00,22.4,22.4624,22.6,22.7,Out,200
2026-07-23T20:10:00,22.4,22.4363,22.7,22.7,Out,200
2026-07-23T20:20:00,22.4,22.4253,22.6,22.7,Out,200
2026-07-23T20:30:00,22.4,22.4074,22.7,22.7,Out,200
2026-07-23T20:40:00,22.4,22.3895,22.7,22.7,Out,200
2026-07-23T20:50:00,22.3,22.3648,22.6,22.7,Out,200
2026-07-23T21:00:00,22.3,22.3496,22.6,22.7,Out,200
2026-07-23T21:10:00,22.3,22.3455,22.6,22.7,Out,200
2026-07-23T21:20:00,22.3,22.3208,22.5,22.6,Out,200
2026-07-23T21:30:00,22.3,22.2905,22.6,22.6,Out,200
2026-07-23T21:40:00,22.2,22.2314,22.5,22.6,Out,200
2026-07-23T21:50:00,22.1,22.1682,22.5,22.6,Out,200
2026-07-23T22:00:00,22.1,22.1545,22.5,22.6,Out,200
2026-07-23T22:10:00,22.1,22.1407,22.4,22.6,Out,200
2026-07-23T22:20:00,22.1,22.1215,22.4,22.5,Out,200
2026-07-23T22:30:00,22.1,22.1366,22.4,22.4,Out,200
2026-07-23T22:40:00,22.1,22.1572,22.3,22.4,Out,200
2026-07-23T22:50:00,22.2,22.1765,22.3,22.4,Out,200
2026-07-23T23:00:00,22.2,22.1874,22.3,22.4,Out,200
2026-07-23T23:10:00,22.2,22.1916,22.4,22.4,Out,200
2026-07-23T23:20:00,22.1,22.1558,22.3,22.4,Out,200
2026-07-23T23:30:00,22.1,22.1352,22.4,22.4,Out,200
2026-07-23T23:40:00,22.1,22.1174,22.4,22.4,Out,200
2026-07-23T23:50:00,22.1,22.1078,22.3,22.5,Out,200
2026-07-24T00:00:00,22.1,22.1009,22.4,22.4,Out,200
2026-07-24T00:10:00,22.1,22.1023,22.3,22.4,Out,200
2026-07-24T00:20:00,22.1,22.1036,22.3,22.4,Out,200
2026-07-24T00:30:00,22.1,22.1229,22.3,22.4,Out,200
2026-07-24T00:40:00,22.2,22.16,22.3,22.3,Out,200
2026-07-24T00:50:00,22.2,22.2012,22.3,22.4,Out,200
2026-07-24T01:00:00,22.2,22.2026,22.3,22.3,Out,200
2026-07-24T01:10:00,22.1,22.1765,22.3,22.4,Out,200
2026-07-24T01:20:00,22.1,22.1627,22.3,22.4,Out,200
2026-07-24T01:30:00,22.1,22.1517,22.4,22.4,Out,200
2026-07-24T01:40:00,22.1,22.1462,22.4,22.4,Out,200
2026-07-24T01:50:00,22.1,22.1449,22.4,22.4,Out,200
2026-07-24T02:00:00,22.1,22.1503,22.4,22.4,Out,200
2026-07-24T02:10:00,22.1,22.1558,22.3,22.5,Out,200
2026-07-24T02:20:00,22.2,22.171,22.4,22.4,Out,200
2026-07-24T02:30:00,22.2,22.1874,22.3,22.3,Out,200
2026-07-24T02:40:00,22.2,22.1998,22.4,22.4,Out,200
2026-07-24T02:50:00,22.1,22.2108,22.3,22.4,Out,200
2026-07-24T03:00:00,22.2,22.2026,22.4,22.4,Out,200
2026-07-24T03:10:00,22.2,22.1916,22.4,22.4,Out,200
2026-07-24T03:20:00,22.1,22.1668,22.4,22.4,Out,200
2026-07-24T03:30:00,22.1,22.1517,22.4,22.4,Out,200
2026-07-24T03:40:00,22.1,22.116,22.4,22.5,Out,200
2026-07-24T03:50:00,22.1,22.0968,22.4,22.4,Out,200
2026-07-24T04:00:00,22.1,22.094,22.3,22.4,Out,200
2026-07-24T04:10:00,22.1,22.0981,22.3,22.4,Out,200
2026-07-24T04:20:00,22,22.0817,22.3,22.4,Out,200
2026-07-24T04:30:00,22.1,22.0871,22.3,22.3,Out,200
2026-07-24T04:40:00,22.1,22.1064,22.2,22.4,Out,200
2026-07-24T04:50:00,22.1,22.1215,22.3,22.4,Out,200
2026-07-24T05:00:00,22.1,22.1297,22.3,22.3,Out,200
2026-07-24T05:10:00,22.1,22.1435,22.3,22.4,Out,200
2026-07-24T05:20:00,22.1,22.1572,22.3,22.4,Out,200
2026-07-24T05:30:00,22.1,22.1655,22.4,22.4,Out,200
2026-07-24T05:40:00,22.2,22.171,22.4,22.4,Out,200
2026-07-24T05:50:00,22.1,22.1751,22.4,22.4,Out,200
2026-07-24T06:00:00,22.2,22.1833,22.4,22.4,Out,200
2026-07-24T06:10:00,22.2,22.1929,22.3,22.4,Out,200
2026-07-24T06:20:00,22.2,22.2191,22.3,22.5,Out,200
2026-07-24T06:30:00,22.2,22.2342,22.4,22.5,Out,200
2026-07-24T06:40:00,22.2,22.2575,22.4,22.5,Out,200
2026-07-24T06:50:00,22.2,22.2754,22.4,22.5,Out,200
2026-07-24T07:00:00,22.3,22.2933,22.5,22.5,Out,200
2026-07-24T07:10:00,22.3,22.3263,22.5,22.5,Out,200
2026-07-24T07:20:00,22.3,22.3318,22.4,22.5,Out,200
2026-07-24T07:30:00,22.3,22.3428,22.5,22.5,Out,200
2026-07-24T07:40:00,22.3,22.3551,22.5,22.5,Out,200
2026-07-24T07:50:00,22.3,22.3675,22.5,22.5,Out,200
2026-07-24T08:00:00,22.3,22.3854,22.5,22.5,Out,200
2026-07-24T08:10:00,22.4,22.3936,22.6,22.6,Out,200
2026-07-24T08:20:00,22.4,22.4005,22.6,22.6,Out,200
2026-07-24T08:30:00,22.4,22.4115,22.6,22.6,Out,200
2026-07-24T08:40:00,22.3,22.3648,22.6,22.6,Out,200
2026-07-24T08:50:00,22.3,22.3359,22.7,22.6,Out,200
2026-07-24T09:00:00,22.3,22.34,22.6,22.7,Out,200
2026-07-24T09:10:00,22.3,22.34,22.6,22.6,Out,200
2026-07-24T09:20:00,22.3,22.3304,22.5,22.6,Out,200
2026-07-24T09:30:00,22.3,22.3359,22.6,22.6,Out,200
2026-07-24T09:40:00,22.2,22.2575,22.6,22.6,Out,200
2026-07-24T09:50:00,22.2,22.2644,22.5,22.6,Out,200
2026-07-24T10:00:00,22.2,22.2355,22.5,22.6,Out,200
2026-07-24T10:10:00,22.2,22.2754,22.5,22.6,Out,200
2026-07-24T10:20:00,22.2,22.2864,22.4,22.5,Out,200
2026-07-24T10:30:00,22.2,22.2754,22.5,22.6,Out,200
2026-07-24T10:40:00,22.2,22.2259,22.5,22.6,Out,200
2026-07-24T10:50:00,22.2,22.2218,22.5,22.5,Out,200
2026-07-24T11:00:00,22.2,22.2287,22.4,22.6,Out,200
2026-07-24T11:10:00,22.2,22.2589,22.4,22.4,Out,200
2026-07-24T11:20:00,22.3,22.2768,22.3,22.5,Out,200
2026-07-24T11:30:00,22.2,22.2383,22.4,22.5,Out,200
2026-07-24T11:40:00,22.2,22.2218,22.4,22.5,Out,200
2026-07-24T11:50:00,22.2,22.2149,22.4,22.4,Out,200
2026-07-24T12:00:00,22.1,22.1737,22.5,22.5,Out,200
2026-07-24T12:10:00,22.1,22.1476,22.4,22.5,Out,200
2026-07-24T12:20:00,22.1,22.1339,22.4,22.5,Out,200
2026-07-24T12:30:00,22.1,22.1297,22.4,22.5,Out,200
2026-07-24T12:40:00,22.1,22.1187,22.4,22.4,Out,200
2026-07-24T12:50:00,22.1,22.105,22.3,22.4,Out,200
2026-07-24T13:00:00,22.1,22.0913,22.3,22.4,Out,200
2026-07-24T13:10:00,22.1,22.0899,22.3,22.4,Out,200
2026-07-24T13:20:00,22,22.0871,22.3,22.4,Out,200
2026-07-24T13:30:00,22.1,22.0871,22.3,22.3,Out,200
2026-07-24T13:40:00,22.1,22.0871,22.3,22.3,Out,200
2026-07-24T13:50:00,22.1,22.0871,22.3,22.4,Out,200
2026-07-24T14:00:00,22.1,22.0858,22.3,22.3,Out,200
2026-07-24T14:10:00,22,22.061,22.3,22.3,Out,200
2026-07-24T14:20:00,22,22.0789,22.3,22.3,Out,200
2026-07-24T14:30:00,22,22.0899,22.3,22.3,Out,200
2026-07-24T14:40:00,22.1,22.1201,22.3,22.3,Out,200
2026-07-24T14:50:00,22.1,22.149,22.3,22.3,Out,200
2026-07-24T15:00:00,22.1,22.1655,22.3,22.3,Out,200
2026-07-24T15:10:00,22,22.0665,22.3,22.3,Out,200
2026-07-24T15:20:00,22,22.0459,22.3,22.4,Out,200
2026-07-24T15:30:00,22,22.0267,22.4,22.4,Out,200
2026-07-24T15:40:00,22,22.024,22.3,22.4,Out,200
2026-07-24T15:50:00,22,22.0295,22.2,22.3,Out,200
2026-07-24T16:00:00,22,22.0377,22.2,22.2,Out,200
2026-07-24T16:10:00,22,22.0391,22.3,22.2,Out,200
2026-07-24T16:20:00,22,22.0528,22.2,22.2,Out,200
2026-07-24T16:30:00,22,22.0542,22.2,22.3,Out,200
2026-07-24T16:40:00,22,22.0583,22.3,22.3,Out,200
2026-07-24T16:50:00,22,22.0652,22.3,22.3,Out,200
2026-07-24T17:00:00,22,22.0762,22.2,22.3,Out,200
2026-07-24T17:10:00,22.1,22.1215,22.2,22.3,Out,200
2026-07-24T17:20:00,22.1,22.1311,22.2,22.3,Out,200
2026-07-24T17:30:00,22.1,22.1352,22.3,22.3,Out,200
2026-07-24T17:40:00,22.1,22.1421,22.3,22.4,Out,200
2026-07-24T17:50:00,22.1,22.1476,22.3,22.4,Out,200
2026-07-24T18:00:00,22.1,22.1449,22.3,22.4,Out,200
2026-07-24T18:10:00,22.1,22.1284,22.3,22.4,Out,200
2026-07-24T18:20:00,22.1,22.1187,22.4,22.4,Out,200
2026-07-24T18:30:00,22.1,22.1229,22.3,22.4,Out,200
2026-07-24T18:40:00,22.1,22.1476,22.3,22.4,Out,200
2026-07-24T18:50:00,22.1,22.1943,22.3,22.4,Out,200
2026-07-24T19:00:00,22.2,22.2163,22.3,22.4,Out,200
2026-07-24T19:10:00,22.2,22.2507,22.4,22.4,Out,200
2026-07-24T19:20:00,22.2,22.2713,22.4,22.4,Out,200
2026-07-24T19:30:00,22.3,22.2864,22.4,22.5,Out,200
2026-07-24T19:40:00,22.3,22.3015,22.4,22.5,Out,200
2026-07-24T19:50:00,22.3,22.3125,22.4,22.5,Out,200
2026-07-24T20:00:00,22.3,22.3331,22.5,22.5,Out,200
2026-07-24T20:10:00,22.3,22.3524,22.5,22.6,Out,200
2026-07-24T20:20:00,22.4,22.3771,22.5,22.5,Out,200
2026-07-24T20:30:00,22.4,22.3964,22.5,22.6,Out,200
2026-07-24T20:40:00,22.4,22.3799,22.5,22.6,Out,200
2026-07-24T20:50:00,22.3,22.3139,22.6,22.6,Out,200
2026-07-24T21:00:00,22.2,22.2108,22.6,22.7,Out,200
2026-07-24T21:10:00,22.2,22.1916,22.6,22.7,Out,200
2026-07-24T21:20:00,22.2,22.182,22.5,22.6,Out,200
2026-07-24T21:30:00,22.2,22.1792,22.5,22.5,Out,200
2026-07-24T21:40:00,22.2,22.171,22.3,22.4,Out,200
2026-07-24T21:50:00,22.1,22.1558,22.3,22.4,Out,200
2026-07-24T22:00:00,22.1,22.1462,22.4,22.4,Out,200
2026-07-24T22:10:00,22.1,22.1325,22.4,22.4,Out,200
2026-07-24T22:20:00,22.1,22.1229,22.4,22.4,Out,200
2026-07-24T22:30:00,22.1,22.1242,22.4,22.4,Out,200
2026-07-24T22:40:00,22.1,22.1394,22.3,22.4,Out,200
2026-07-24T22:50:00,22.1,22.1545,22.2,22.4,Out,200
2026-07-24T23:00:00,22.1,22.1723,22.3,22.4,Out,200
2026-07-24T23:10:00,22.2,22.2067,22.3,22.4,Out,200
2026-07-24T23:20:00,22.2,22.2355,22.4,22.4,Out,200
2026-07-24T23:30:00,22.2,22.2424,22.4,22.4,Out,200
2026-07-24T23:40:00,22.2,22.2424,22.4,22.5,Out,200
2026-07-24T23:50:00,22.2,22.2383,22.4,22.5,Out,200
2026-07-25T00:00:00,22.2,22.2287,22.4,22.5,Out,200
2026-07-25T00:10:00,22.2,22.1833,22.4,22.5,Out,200
2026-07-25T00:20:00,22.1,22.1449,22.5,22.5,Out,200
2026-07-25T00:30:00,22.1,22.1407,22.4,22.5,Out,200
2026-07-25T00:40:00,22.1,22.105,22.4,22.5,Out,200
2026-07-25T00:50:00,22.1,22.0871,22.3,22.4,Out,200
2026-07-25T01:00:00,22.1,22.0638,22.4,22.4,Out,200
2026-07-25T01:10:00,22,22.0665,22.3,22.4,Out,200
2026-07-25T01:20:00,22.1,22.0693,22.3,22.3,Out,200
2026-07-25T01:30:00,22.1,22.0844,22.3,22.4,Out,200
2026-07-25T01:40:00,22.1,22.1091,22.3,22.3,Out,200
2026-07-25T01:50:00,22.1,22.127,22.2,22.3,Out,200
2026-07-25T02:00:00,22.1,22.1366,22.2,22.3,Out,200
2026-07-25T02:10:00,22.1,22.138,22.3,22.3,Out,200
2026-07-25T02:20:00,22.1,22.1352,22.3,22.4,Out,200
2026-07-25T02:30:00,22.1,22.1352,22.4,22.4,Out,200
2026-07-25T02:40:00,22.1,22.1242,22.3,22.4,Out,200
2026-07-25T02:50:00,22.1,22.1201,22.3,22.4,Out,200
2026-07-25T03:00:00,22.1,22.0968,22.3,22.4,Out,200
2026-07-25T03:10:00,22.1,22.0789,22.3,22.4,Out,200
2026-07-25T03:20:00,22,22.0528,22.3,22.4,Out,200
2026-07-25T03:30:00,22,22.0473,22.3,22.4,Out,200
2026-07-25T03:40:00,22,22.0432,22.3,22.3,Out,200
2026-07-25T03:50:00,22,22.0391,22.3,22.4,Out,200
2026-07-25T04:00:00,22,22.0336,22.2,22.3,Out,200
2026-07-25T04:10:00,22,22.0363,22.2,22.3,Out,200
2026-07-25T04:20:00,22,22.024,22.2,22.3,Out,200
2026-07-25T04:30:00,22,22.0308,22.3,22.3,Out,200
2026-07-25T04:40:00,22,22.0322,22.2,22.3,Out,200
2026-07-25T04:50:00,22,22.0404,22.2,22.3,Out,200
2026-07-25T05:00:00,22,22.0404,22.2,22.3,Out,200
2026-07-25T05:10:00,22,22.0102,22.2,22.3,Out,200
2026-07-25T05:20:00,22,22.002,22.2,22.2,Out,200
2026-07-25T05:30:00,22,22.0006,22.2,22.3,Out,200
2026-07-25T05:40:00,22,21.9951,22.3,22.3,Out,200
2026-07-25T05:50:00,22,22.0171,22.2,22.2,Out,200
2026-07-25T06:00:00,22,22.0459,22.2,22.3,Out,200
2026-07-25T06:10:00,22,22.0638,22.2,22.2,Out,200
2026-07-25T06:20:00,22,22.061,22.1,22.2,Out,200
2026-07-25T06:30:00,22,22.0734,22.3,22.3,Out,200
2026-07-25T06:40:00,22.1,22.0995,22.2,22.3,Out,200
2026-07-25T06:50:00,22.1,22.1297,22.2,22.3,Out,200
2026-07-25T07:00:00,22.2,22.2122,22.3,22.4,Out,200
2026-07-25T07:10:00,22.3,22.3373,22.3,22.3,Out,200
2026-07-25T07:20:00,22.4,22.3881,22.3,22.3,Out,200
2026-07-25T07:30:00,22.4,22.4253,22.4,22.5,Out,200
2026-07-25T07:40:00,22.5,22.472,22.5,22.6,Out,200
2026-07-25T07:50:00,22.5,22.5174,22.6,22.6,Out,200
2026-07-25T08:00:00,22.5,22.5463,22.6,22.7,Out,200
2026-07-25T08:10:00,22.5,22.5546,22.6,22.7,Out,200
2026-07-25T08:20:00,22.5,22.5559,22.7,22.7,Out,200
2026-07-25T08:30:00,22.5,22.5504,22.8,22.8,Out,200
2026-07-25T08:40:00,22.5,22.5367,22.7,22.7,Out,200
2026-07-25T08:50:00,22.5,22.5298,22.7,22.8,Out,200
2026-07-25T09:00:00,22.4,22.5037,22.7,22.8,Out,200
2026-07-25T09:10:00,22.3,22.3593,22.7,22.7,Out,200
2026-07-25T09:20:00,22.2,22.274,22.7,22.8,Out,200
2026-07-25T09:30:00,22.1,22.1847,22.8,22.7,Out,200
2026-07-25T09:40:00,22.2,22.1641,22.6,22.7,Out,200
2026-07-25T09:50:00,22.1,22.1545,22.5,22.5,Out,200
2026-07-25T10:00:00,22.1,22.1229,22.4,22.5,Out,200
2026-07-25T10:10:00,22.1,22.0954,22.4,22.4,Out,200
2026-07-25T10:20:00,22.1,22.0762,22.3,22.4,Out,200
2026-07-25T10:30:00,22.1,22.072,22.3,22.4,Out,200
2026-07-25T10:40:00,22.1,22.0707,22.3,22.3,Out,200
2026-07-25T10:50:00,22.1,22.0775,22.2,22.4,Out,200
2026-07-25T11:00:00,22.1,22.0871,22.3,22.3,Out,200
2026-07-25T11:10:00,22,22.0665,22.3,22.4,Out,200
2026-07-25T11:20:00,22,22.061,22.3,22.4,Out,200
2026-07-25T11:30:00,22,22.0734,22.4,22.4,Out,200
2026-07-25T11:40:00,22.1,22.1256,22.3,22.4,Out,200
2026-07-25T11:50:00,22,22.0817,22.3,22.4,Out,200
2026-07-25T12:00:00,22,22.0679,22.3,22.3,Out,200
2026-07-25T12:10:00,22,22.1119,22.3,22.4,Out,200
2026-07-25T12:20:00,22.1,22.1256,22.3,22.4,Out,200
2026-07-25T12:30:00,22.1,22.1215,22.3,22.4,Out,200
2026-07-25T12:40:00,22,22.1174,22.3,22.3,Out,200
2026-07-25T12:50:00,22.1,22.1242,22.3,22.4,Out,200
2026-07-25T13:00:00,22.1,22.1187,22.4,22.4,Out,200
2026-07-25T13:10:00,22.1,22.1187,22.3,22.4,Out,200
2026-07-25T13:20:00,22.1,22.1201,22.3,22.4,Out,200
2026-07-25T13:30:00,22.1,22.1229,22.3,22.4,Out,200
2026-07-25T13:40:00,22.1,22.127,22.3,22.3,Out,200
2026-07-25T13:50:00,22.1,22.1297,22.3,22.4,Out,200
2026-07-25T14:00:00,22.1,22.1449,22.3,22.4,Out,200
2026-07-25T14:10:00,22.1,22.1545,22.3,22.4,Out,200
2026-07-25T14:20:00,22.1,22.1613,22.3,22.4,Out,200
2026-07-25T14:30:00,22.1,22.1613,22.3,22.4,Out,200
2026-07-25T14:40:00,22.1,22.1462,22.4,22.4,Out,200
2026-07-25T14:50:00,22,22.0913,22.3,22.4,Out,200
2026-07-25T15:00:00,22,22.0556,22.4,22.4,Out,200
2026-07-25T15:10:00,22,22.0349,22.3,22.4,Out,200
2026-07-25T15:20:00,22,22.0391,22.4,22.4,Out,200
2026-07-25T15:30:00,22,22.0377,22.2,22.4,Out,200
2026-07-25T15:40:00,22,22.0349,22.2,22.3,Out,200
2026-07-25T15:50:00,22,22.0322,22.3,22.4,Out,200
2026-07-25T16:00:00,22,22.0377,22.2,22.3,Out,200
2026-07-25T16:10:00,22,22.0404,22.2,22.3,Out,200
2026-07-25T16:20:00,22,22.0185,22.2,22.3,Out,200
2026-07-25T16:30:00,22,22.0116,22.2,22.3,Out,200
2026-07-25T16:40:00,22,22.0034,22.2,22.3,Out,200
2026-07-25T16:50:00,22,21.9786,22.2,22.3,Out,200
2026-07-25T17:00:00,21.9,21.9759,22.2,22.3,Out,200
2026-07-25T17:10:00,21.9,21.9704,22.2,22.2,Out,200
2026-07-25T17:20:00,22,21.9622,22.2,22.2,Out,200
2026-07-25T17:30:00,21.9,21.969,22.2,22.2,Out,200
2026-07-25T17:40:00,22,21.9622,22.2,22.2,Out,200
2026-07-25T17:50:00,22,21.9773,22.1,22.2,Out,200
2026-07-25T18:00:00,22,21.991,22.2,22.2,Out,200
2026-07-25T18:10:00,22,21.9965,22.1,22.2,Out,200
2026-07-25T18:20:00,22,22.0006,22.2,22.3,Out,200
2026-07-25T18:30:00,22,22.0089,22.1,22.2,Out,200
2026-07-25T18:40:00,22,22.0226,22.2,22.2,Out,200
2026-07-25T18:50:00,22,22.0212,22.2,22.2,Out,200
2026-07-25T19:00:00,22,22.0212,22.2,22.2,Out,200
2026-07-25T19:10:00,22,22.0418,22.2,22.3,Out,200
2026-07-25T19:20:00,22,22.0501,22.3,22.3,Out,200
2026-07-25T19:30:00,22.1,22.0789,22.3,22.4,Out,200
2026-07-25T19:40:00,22.1,22.105,22.2,22.3,Out,200
2026-07-25T19:50:00,22.1,22.1284,22.2,22.3,Out,200
2026-07-25T20:00:00,22.2,22.1613,22.3,22.3,Out,200
2026-07-25T20:10:00,22.2,22.2012,22.2,22.4,Out,200
2026-07-25T20:20:00,22.2,22.2383,22.3,22.4,Out,200
2026-07-25T20:30:00,22.3,22.2823,22.3,22.4,Out,200
2026-07-25T20:40:00,22.3,22.3483,22.4,22.4,Out,200
2026-07-25T20:50:00,22.2,22.3345,22.4,22.5,Out,200
2026-07-25T21:00:00,22.3,22.3015,22.4,22.5,Out,200
2026-07-25T21:10:00,22.3,22.3923,22.5,22.6,Out,200
2026-07-25T21:20:00,22.4,22.4542,22.5,22.6,Out,200
2026-07-25T21:30:00,22.2,22.2947,22.5,22.6,Out,200
2026-07-25T21:40:00,22.2,22.2548,22.6,22.7,Out,200
2026-07-25T21:50:00,22.2,22.1916,22.7,22.7,Out,200
2026-07-25T22:00:00,22.2,22.1833,22.7,22.7,Out,200
2026-07-25T22:10:00,22.2,22.1806,22.5,22.6,Out,200
2026-07-25T22:20:00,22.2,22.1792,22.4,22.6,Out,200
2026-07-25T22:30:00,22.1,22.1682,22.4,22.5,Out,200
2026-07-25T22:40:00,22.1,22.1352,22.4,22.5,Out,200
2026-07-25T22:50:00,22.1,22.1339,22.4,22.4,Out,200
2026-07-25T23:00:00,22.1,22.1339,22.3,22.4,Out,200
2026-07-25T23:10:00,22.1,22.1256,22.4,22.4,Out,200
2026-07-25T23:20:00,22.1,22.1242,22.3,22.4,Out,200
2026-07-25T23:30:00,22.1,22.1229,22.3,22.4,Out,200
2026-07-25T23:40:00,22.1,22.1366,22.3,22.4,Out,200
2026-07-25T23:50:00,22.1,22.1449,22.4,22.4,Out,200
2026-07-26T00:00:00,22.1,22.1627,22.3,22.4,Out,200
2026-07-26T00:10:00,22.1,22.1765,22.3,22.4,Out,200
2026-07-26T00:20:00,22.2,22.1888,22.3,22.4,Out,200
2026-07-26T00:30:00,22.2,22.1971,22.4,22.4,Out,200
2026-07-26T00:40:00,22.2,22.1943,22.4,22.4,Out,200
2026-07-26T00:50:00,22.1,22.1723,22.4,22.4,Out,200
2026-07-26T01:00:00,22.2,22.171,22.4,22.4,Out,200
2026-07-26T01:10:00,22.1,22.1751,22.4,22.5,Out,200
2026-07-26T01:20:00,22.1,22.1778,22.4,22.4,Out,200
2026-07-26T01:30:00,22.2,22.1765,22.4,22.4,Out,200
2026-07-26T01:40:00,22.1,22.1806,22.4,22.4,Out,200
2026-07-26T01:50:00,22.2,22.1778,22.3,22.4,Out,200
2026-07-26T02:00:00,22.2,22.1641,22.4,22.5,Out,200
2026-07-26T02:10:00,22.2,22.1531,22.3,22.5,Out,200
2026-07-26T02:20:00,22.1,22.1325,22.4,22.4,Out,200
2026-07-26T02:30:00,22.1,22.1023,22.4,22.4,Out,200
2026-07-26T02:40:00,22.1,22.0858,22.3,22.4,Out,200
2026-07-26T02:50:00,22.1,22.0858,22.3,22.4,Out,200
2026-07-26T03:00:00,22.1,22.0817,22.4,22.4,Out,200
2026-07-26T03:10:00,22.1,22.0775,22.3,22.4,Out,200
2026-07-26T03:20:00,22,22.0693,22.3,22.3,Out,200
2026-07-26T03:30:00,22,22.0652,22.3,22.3,Out,200
2026-07-26T03:40:00,22,22.0638,22.3,22.3,Out,200
2026-07-26T03:50:00,22,22.0583,22.3,22.3,Out,200
2026-07-26T04:00:00,22,22.0487,22.3,22.3,Out,200
2026-07-26T04:10:00,22,22.0487,22.3,22.3,Out,200
2026-07-26T04:20:00,22,22.0459,22.3,22.3,Out,200
2026-07-26T04:30:00,22,22.0459,22.2,22.3,Out,200
2026-07-26T04:40:00,22,22.0473,22.3,22.3,Out,200
2026-07-26T04:50:00,22,22.0404,22.3,22.2,Out,200
2026-07-26T05:00:00,22,22.0363,22.2,22.3,Out,200
2026-07-26T05:10:00,22,22.0377,22.3,22.3,Out,200
2026-07-26T05:20:00,22,22.0336,22.2,22.3,Out,200
2026-07-26T05:30:00,22,22.0322,22.3,22.3,Out,200
2026-07-26T05:40:00,22,22.024,22.2,22.3,Out,200
2026-07-26T05:50:00,22,22.0034,22.2,22.3,Out,200
2026-07-26T06:00:00,22,21.9677,22.2,22.3,Out,200
2026-07-26T06:10:00,22,21.9539,22.2,22.3,Out,200
2026-07-26T06:20:00,21.9,21.9443,22.2,22.2,Out,200
2026-07-26T06:30:00,21.9,21.9471,22.1,22.2,Out,200
2026-07-26T06:40:00,21.9,21.9484,22.2,22.2,Out,200
2026-07-26T06:50:00,21.9,21.9539,22.2,22.2,Out,200
2026-07-26T07:00:00,22,21.9539,22.1,22.2,Out,200
2026-07-26T07:10:00,21.9,21.9594,22.1,22.2,Out,200
2026-07-26T07:20:00,22,21.9635,22.2,22.2,Out,200
2026-07-26T07:30:00,22,21.9718,22.1,22.2,Out,200
2026-07-26T07:40:00,22,21.98,22.1,22.2,Out,200
2026-07-26T07:50:00,22,21.9828,22.1,22.2,Out,200
2026-07-26T08:00:00,22,21.9828,22.1,22.2,Out,200
2026-07-26T08:10:00,22,21.9773,22.1,22.2,Out,200
2026-07-26T08:20:00,22,21.9773,22.2,22.2,Out,200
2026-07-26T08:30:00,22,21.9718,22.1,22.3,Out,200
2026-07-26T08:40:00,22,21.9786,22.1,22.3,Out,200
2026-07-26T08:50:00,22,21.991,22.1,22.2,Out,200
2026-07-26T09:00:00,22,22.0487,22.2,22.2,Out,200
2026-07-26T09:10:00,22,22.0707,22.1,22.2,Out,200
2026-07-26T09:20:00,22.1,22.1187,22.2,22.3,Out,200
2026-07-26T09:30:00,22.1,22.1503,22.3,22.3,Out,200
2026-07-26T09:40:00,22.1,22.1696,22.2,22.3,Out,200
2026-07-26T09:50:00,22.2,22.1682,22.3,22.4,Out,200
2026-07-26T10:00:00,22.1,22.1572,22.3,22.4,Out,200
2026-07-26T10:10:00,22.1,22.1668,22.4,22.4,Out,200
2026-07-26T10:20:00,22.2,22.23,22.4,22.5,Out,200
2026-07-26T10:30:00,22.3,22.2754,22.3,22.4,Out,200
2026-07-26T10:40:00,22.2,22.285,22.3,22.4,Out,200
2026-07-26T10:50:00,22.1,22.1765,22.4,22.5,Out,200
2026-07-26T11:00:00,22.1,22.127,22.5,22.6,Out,200
2026-07-26T11:10:00,22.1,22.1174,22.5,22.6,Out,200
2026-07-26T11:20:00,22.1,22.1091,22.5,22.6,Out,200
2026-07-26T11:30:00,22,22.0624,22.4,22.5,Out,200
2026-07-26T11:40:00,22,22.0322,22.3,22.4,Out,200
2026-07-26T11:50:00,22,22.0143,22.3,22.3,Out,200
2026-07-26T12:00:00,22,22.0143,22.3,22.3,Out,200
2026-07-26T12:10:00,22,22.0157,22.2,22.3,Out,200
2026-07-26T12:20:00,22,22.0143,22.2,22.3,Out,200
2026-07-26T12:30:00,22,22.013,22.2,22.3,Out,200
2026-07-26T12:40:00,22,22.0143,22.2,22.2,Out,200
2026-07-26T12:50:00,22,22.0143,22.2,22.3,Out,200
2026-07-26T13:00:00,22,22.0157,22.2,22.2,Out,200
2026-07-26T13:10:00,22,22.0171,22.1,22.2,Out,200
2026-07-26T13:20:00,22,22.0185,22.1,22.2,Out,200
2026-07-26T13:30:00,22,22.0116,22.2,22.3,Out,200
2026-07-26T13:40:00,22,22.0102,22.2,22.3,Out,200
2026-07-26T13:50:00,22,22.0185,22.2,22.3,Out,200
2026-07-26T14:00:00,22,22.0281,22.2,22.2,Out,200
2026-07-26T14:10:00,22,22.0514,22.2,22.2,Out,200
2026-07-26T14:20:00,22,22.0775,22.3,22.3,Out,200
2026-07-26T14:30:00,22.1,22.0913,22.2,22.3,Out,200
2026-07-26T14:40:00,22.1,22.0995,22.3,22.3,Out,200
2026-07-26T14:50:00,22.1,22.1023,22.3,22.3,Out,200
2026-07-26T15:00:00,22.1,22.0995,22.3,22.4,Out,200
2026-07-26T15:10:00,22.1,22.0995,22.3,22.4,Out,200
2026-07-26T15:20:00,22.1,22.1229,22.3,22.4,Out,200
2026-07-26T15:30:00,22.1,22.1476,22.3,22.4,Out,200
2026-07-26T15:40:00,22.1,22.1531,22.4,22.4,Out,200
2026-07-26T15:50:00,22.1,22.1517,22.3,22.4,Out,200
2026-07-26T16:00:00,22.1,22.1462,22.3,22.4,Out,200
2026-07-26T16:10:00,22.1,22.138,22.4,22.4,Out,200
2026-07-26T16:20:00,22.1,22.1215,22.3,22.4,Out,200
2026-07-26T16:30:00,22.1,22.1091,22.4,22.4,Out,200
2026-07-26T16:40:00,22.1,22.1023,22.3,22.4,Out,200
2026-07-26T16:50:00,22,22.0693,22.3,22.4,Out,200
2026-07-26T17:00:00,22,22.0556,22.3,22.4,Out,200
2026-07-26T17:10:00,22,22.0624,22.3,22.4,Out,200
2026-07-26T17:20:00,22,22.0501,22.3,22.4,Out,200
2026-07-26T17:30:00,22,22.0418,22.3,22.3,Out,200
2026-07-26T17:40:00,22,22.0281,22.3,22.3,Out,200
2026-07-26T17:50:00,22,22.0047,22.3,22.3,Out,200
2026-07-26T18:00:00,22,21.9773,22.2,22.3,Out,200
2026-07-26T18:10:00,21.9,21.9622,22.2,22.3,Out,200
2026-07-26T18:20:00,22,21.958,22.2,22.3,Out,200
2026-07-26T18:30:00,22,21.9567,22.1,22.3,Out,200
2026-07-26T18:40:00,22,21.9553,22.1,22.2,Out,200
2026-07-26T18:50:00,21.9,21.9553,22.2,22.3,Out,200
2026-07-26T19:00:00,21.9,21.9484,22.1,22.2,Out,200
2026-07-26T19:10:00,21.9,21.9388,22.1,22.2,Out,200
2026-07-26T19:20:00,21.9,21.9237,22.1,22.2,Out,200
2026-07-26T19:30:00,21.9,21.9292,22.1,22.2,Out,200
2026-07-26T19:40:00,21.9,21.9292,22.1,22.2,Out,200
2026-07-26T19:50:00,21.9,21.9196,22.1,22.2,Out,200
2026-07-26T20:00:00,21.9,21.9223,22.1,22.2,Out,200
2026-07-26T20:10:00,21.9,21.9292,22.1,22.2,Out,200
2026-07-26T20:20:00,21.9,21.9361,22.1,22.1,Out,200
2026-07-26T20:30:00,21.9,21.9402,22.1,22.2,Out,200
2026-07-26T20:40:00,21.9,21.9416,22.1,22.1,Out,200
2026-07-26T20:50:00,21.9,21.9429,22.1,22.2,Out,200
2026-07-26T21:00:00,21.9,21.9567,22.1,22.2,Out,200
2026-07-26T21:10:00,22,21.9841,22.1,22.2,Out,200
2026-07-26T21:20:00,22,21.9924,22.1,22.2,Out,200
2026-07-26T21:30:00,22,22.002,22.1,22.2,Out,200
2026-07-26T21:40:00,22.1,22.094,22.1,22.2,Out,200
2026-07-26T21:50:00,22.1,22.1696,22.1,22.2,Out,200
2026-07-26T22:00:00,22.2,22.2246,22.2,22.2,Out,200
2026-07-26T22:10:00,22.3,22.3441,22.2,22.3,Out,200
2026-07-26T22:20:00,22.4,22.3978,22.3,22.4,Out,200
2026-07-26T22:30:00,22.4,22.4349,22.4,22.5,Out,200
2026-07-26T22:40:00,22.4,22.4624,22.5,22.6,Out,200
2026-07-26T22:50:00,22.4,22.4693,22.6,22.6,Out,200
2026-07-26T23:00:00,22.5,22.5188,22.6,22.7,Out,200
2026-07-26T23:10:00,22.5,22.5119,22.6,22.7,Out,200
2026-07-26T23:20:00,22.4,22.472,22.6,22.7,Out,200
2026-07-26T23:30:00,22.4,22.461,22.7,22.7,Out,200
2026-07-26T23:40:00,22.4,22.4569,22.7,22.7,Out,200
2026-07-26T23:50:00,22.4,22.4363,22.7,22.7,Out,200
2026-07-27T00:00:00,22.4,22.4253,22.6,22.7,Out,200
2026-07-27T00:10:00,22.4,22.3895,22.6,22.7,Out,200
2026-07-27T00:20:00,22.2,22.2864,22.6,22.7,Out,200
2026-07-27T00:30:00,22.2,22.2232,22.6,22.7,Out,200
2026-07-27T00:40:00,22.1,22.1119,22.6,22.6,Out,200
2026-07-27T00:50:00,22,22.0432,22.6,22.6,Out,200
2026-07-27T01:00:00,22,22.0185,22.4,22.5,Out,200
2026-07-27T01:10:00,22,21.9965,22.4,22.6,Out,200
2026-07-27T01:20:00,22,21.9965,22.3,22.4,Out,200
2026-07-27T01:30:00,22,21.9924,22.1,22.3,Out,200
2026-07-27T01:40:00,22,22.0034,22.2,22.3,Out,200
2026-07-27T01:50:00,22,22.0034,22.1,22.3,Out,200
2026-07-27T02:00:00,22,22.0226,22.2,22.2,Out,200
2026-07-27T02:10:00,22,22.0404,22.2,22.2,Out,200
2026-07-27T02:20:00,22.1,22.0501,22.2,22.3,Out,200
2026-07-27T02:30:00,22.1,22.1064,22.2,22.3,Out,200
2026-07-27T02:40:00,22.1,22.1132,22.2,22.3,Out,200
2026-07-27T02:50:00,22.1,22.1531,22.2,22.3,Out,200
2026-07-27T03:00:00,22.1,22.1984,22.3,22.3,Out,200
2026-07-27T03:10:00,22.2,22.2108,22.3,22.4,Out,200
2026-07-27T03:20:00,22.2,22.1957,22.3,22.4,Out,200
2026-07-27T03:30:00,22.2,22.1861,22.4,22.4,Out,200
2026-07-27T03:40:00,22.1,22.1503,22.4,22.4,Out,200
2026-07-27T03:50:00,22.1,22.1201,22.5,22.4,Out,200
2026-07-27T04:00:00,22.1,22.0652,22.4,22.4,Out,200
2026-07-27T04:10:00,22,22.0583,22.4,22.4,Out,200
2026-07-27T04:20:00,22,22.0665,22.3,22.4,Out,200
2026-07-27T04:30:00,22.1,22.0954,22.3,22.4,Out,200
2026-07-27T04:40:00,22.1,22.1174,22.2,22.4,Out,200
2026-07-27T04:50:00,22.1,22.1394,22.2,22.3,Out,200
2026-07-27T05:00:00,22.1,22.1586,22.3,22.3,Out,200
2026-07-27T05:10:00,22.2,22.1888,22.3,22.4,Out,200
2026-07-27T05:20:00,22.2,22.2507,22.3,22.4,Out,200
2026-07-27T05:30:00,22.2,22.2603,22.4,22.5,Out,200
2026-07-27T05:40:00,22.3,22.2754,22.4,22.5,Out,200
2026-07-27T05:50:00,22.3,22.2988,22.5,22.5,Out,200
2026-07-27T06:00:00,22.3,22.3304,22.5,22.5,Out,200
2026-07-27T06:10:00,22.3,22.3373,22.4,22.6,Out,200
2026-07-27T06:20:00,22.2,22.2328,22.5,22.5,Out,200
2026-07-27T06:30:00,22.2,22.263,22.5,22.6,Out,200
2026-07-27T06:40:00,22.2,22.2465,22.6,22.6,Out,200
2026-07-27T06:50:00,22.2,22.2575,22.5,22.5,Out,200
2026-07-27T07:00:00,22.3,22.2974,22.4,22.6,Out,200
2026-07-27T07:10:00,22.3,22.3868,22.6,22.6,Out,200
2026-07-27T07:20:00,22.4,22.4046,22.6,22.6,Out,200
2026-07-27T07:30:00,22.4,22.4198,22.6,22.7,Out,200
2026-07-27T07:40:00,22.3,22.3826,22.6,22.6,Out,200
2026-07-27T07:50:00,22.2,22.2974,22.6,22.7,Out,200
2026-07-27T08:00:00,22.2,22.2658,22.7,22.8,Out,200
2026-07-27T08:10:00,22.1,22.2218,22.6,22.8,Out,200
2026-07-27T08:20:00,22.1,22.182,22.6,22.7,Out,200
2026-07-27T08:30:00,22.2,22.1778,22.5,22.7,Out,200
2026-07-27T08:40:00,22.2,22.182,22.5,22.6,Out,200
2026-07-27T08:50:00,22.1,22.1641,22.5,22.5,Out,200
2026-07-27T09:00:00,22.2,22.1737,22.4,22.5,Out,200
2026-07-27T09:10:00,22.2,22.182,22.4,22.5,Out,200
2026-07-27T09:20:00,22.2,22.1861,22.4,22.5,Out,200
2026-07-27T09:30:00,22.2,22.1847,22.4,22.5,Out,200
2026-07-27T09:40:00,22.2,22.1765,22.3,22.4,Out,200
2026-07-27T09:50:00,22.2,22.1737,22.4,22.4,Out,200
2026-07-27T10:00:00,22.1,22.1627,22.4,22.4,Out,200
2026-07-27T10:10:00,22.1,22.149,22.4,22.4,Out,200
2026-07-27T10:20:00,22.1,22.1627,22.3,22.4,Out,200
2026-07-27T10:30:00,22.1,22.1668,22.4,22.4,Out,200
2026-07-27T10:40:00,22.1,22.1476,22.3,22.4,Out,200
2026-07-27T10:50:00,22.1,22.1366,22.3,22.4,Out,200
2026-07-27T11:00:00,22.1,22.127,22.3,22.5,Out,200
2026-07-27T11:10:00,22.1,22.1174,22.4,22.5,Out,200
2026-07-27T11:20:00,22.1,22.0995,22.3,22.4,Out,200
2026-07-27T11:30:00,22.1,22.0858,22.3,22.3,Out,200
2026-07-27T11:40:00,22,22.0748,22.3,22.4,Out,200
2026-07-27T11:50:00,22,22.0734,22.2,22.3,Out,200
2026-07-27T12:00:00,22.1,22.0748,22.3,22.4,Out,200
2026-07-27T12:10:00,22,22.0775,22.2,22.3,Out,200
2026-07-27T12:20:00,22,22.0734,22.3,22.3,Out,200
2026-07-27T12:30:00,22,22.072,22.2,22.3,Out,200
2026-07-27T12:40:00,22,22.0748,22.3,22.3,Out,200
2026-07-27T12:50:00,22,22.0775,22.3,22.3,Out,200
2026-07-27T13:00:00,22.1,22.0789,22.3,22.4,Out,200
2026-07-27T13:10:00,22.1,22.0844,22.3,22.3,Out,200
2026-07-27T13:20:00,22,22.0803,22.3,22.4,Out,200
2026-07-27T13:30:00,22,22.0775,22.2,22.3,Out,200
2026-07-27T13:40:00,22,22.0707,22.2,22.4,Out,200
2026-07-27T13:50:00,22.1,22.0789,22.3,22.3,Out,200
2026-07-27T14:00:00,22.1,22.0817,22.3,22.3,Out,200
2026-07-27T14:10:00,22.1,22.0734,22.3,22.4,Out,200
2026-07-27T14:20:00,22,22.0322,22.3,22.3,Out,200
2026-07-27T14:30:00,22,22.0198,22.2,22.3,Out,200
2026-07-27T14:40:00,22,22.013,22.3,22.4,Out,200
2026-07-27T14:50:00,22,22.0102,22.2,22.3,Out,200
2026-07-27T15:00:00,22,22.0047,22.1,22.3,Out,200
2026-07-27T15:10:00,22,21.9855,22.2,22.2,Out,200
2026-07-27T15:20:00,21.9,21.9512,22.2,22.2,Out,200
2026-07-27T15:30:00,21.9,21.9608,22.2,22.3,Out,200
2026-07-27T15:40:00,21.9,21.9635,22.2,22.2,Out,200
2026-07-27T15:50:00,22,21.9567,22.2,22.2,Out,200
2026-07-27T16:00:00,21.9,21.958,22.1,22.2,Out,200
2026-07-27T16:10:00,21.9,21.9635,22.1,22.2,Out,200
2026-07-27T16:20:00,21.9,21.9731,22.1,22.3,Out,200
2026-07-27T16:30:00,21.9,21.969,22.2,22.2,Out,200
2026-07-27T16:40:00,22,21.9704,22.2,22.2,Out,200
2026-07-27T16:50:00,22,21.9731,22.2,22.2,Out,200
2026-07-27T17:00:00,22,21.9814,22.2,22.2,Out,200
2026-07-27T17:10:00,22,21.991,22.2,22.2,Out,200
2026-07-27T17:20:00,22,21.9855,22.2,22.2,Out,200
2026-07-27T17:30:00,21.9,21.9731,22.2,22.3,Out,200
2026-07-27T17:40:00,21.9,21.9704,22.2,22.2,Out,200
2026-07-27T17:50:00,21.9,21.9745,22.2,22.3,Out,200
2026-07-27T18:00:00,22,22.0143,22.1,22.3,Out,200
2026-07-27T18:10:00,22,22.0198,22.2,22.2,Out,200
2026-07-27T18:20:00,22,22.024,22.2,22.3,Out,200
2026-07-27T18:30:00,22,22.0322,22.2,22.2,Out,200
2026-07-27T18:40:00,22,22.0404,22.2,22.3,Out,200
2026-07-27T18:50:00,22,22.0473,22.1,22.2,Out,200
2026-07-27T19:00:00,22,22.0501,22.2,22.2,Out,200
2026-07-27T19:10:00,22,22.0514,22.2,22.3,Out,200
2026-07-27T19:20:00,22,22.0528,22.3,22.3,Out,200
2026-07-27T19:30:00,22,22.0569,22.3,22.3,Out,200
2026-07-27T19:40:00,22,22.061,22.2,22.3,Out,200
2026-07-27T19:50:00,22,22.0693,22.3,22.3,Out,200
2026-07-27T20:00:00,22,22.072,22.2,22.4,Out,200
2026-07-27T20:10:00,22.1,22.0885,22.2,22.3,Out,200
2026-07-27T20:20:00,22.1,22.0899,22.2,22.3,Out,200
2026-07-27T20:30:00,22.1,22.083,22.3,22.3,Out,200
2026-07-27T20:40:00,22.1,22.072,22.3,22.3,Out,200
2026-07-27T20:50:00,22,22.0597,22.2,22.4,Out,200
2026-07-27T21:00:00,22,22.0501,22.3,22.3,Out,200
2026-07-27T21:10:00,22,22.0514,22.3,22.4,Out,200
2026-07-27T21:20:00,22,22.0693,22.2,22.4,Out,200
2026-07-27T21:30:00,22.1,22.0871,22.3,22.4,Out,200
2026-07-27T21:40:00,22,22.0954,22.3,22.4,Out,200
2026-07-27T21:50:00,22.1,22.1009,22.3,22.4,Out,200
2026-07-27T22:00:00,22.1,22.1009,22.2,22.4,Out,200
2026-07-27T22:10:00,22.1,22.1078,22.3,22.4,Out,200
2026-07-27T22:20:00,22.1,22.1064,22.3,22.4,Out,200
2026-07-27T22:30:00,22.1,22.1132,22.3,22.4,Out,200
2026-07-27T22:40:00,22.1,22.1078,22.3,22.4,Out,200
2026-07-27T22:50:00,22.1,22.0817,22.3,22.4,Out,200
2026-07-27T23:00:00,22,22.0404,22.3,22.4,Out,200
2026-07-27T23:10:00,22,22.0336,22.3,22.4,Out,200
2026-07-27T23:20:00,22,22.0308,22.2,22.3,Out,200
2026-07-27T23:30:00,22,22.0281,22.3,22.3,Out,200
2026-07-27T23:40:00,22,22.0267,22.2,22.3,Out,200
2026-07-27T23:50:00,22,22.0253,22.2,22.2,Out,200
2026-07-28T00:00:00,22,22.0281,22.2,22.3,Out,200
2026-07-28T00:10:00,22,22.0185,22.2,22.3,Out,200
2026-07-28T00:20:00,22,22.0089,22.2,22.3,Out,200
2026-07-28T00:30:00,22,22.002,22.2,22.3,Out,200
2026-07-28T00:40:00,22,22.0006,22.2,22.3,Out,200
2026-07-28T00:50:00,22,21.9979,22.3,22.2,Out,200
2026-07-28T01:00:00,22,21.9992,22.1,22.3,Out,200
2026-07-28T01:10:00,22,22.0006,22.1,22.3,Out,200
2026-07-28T01:20:00,22,22.0116,22.1,22.2,Out,200
2026-07-28T01:30:00,22,22.0198,22.1,22.3,Out,200
2026-07-28T01:40:00,22,22.0143,22.2,22.3,Out,200
2026-07-28T01:50:00,22,22.0171,22.2,22.3,Out,200
2026-07-28T02:00:00,22,22.0157,22.2,22.3,Out,200
2026-07-28T02:10:00,22,22.013,22.2,22.3,Out,200
2026-07-28T02:20:00,22,22.0212,22.2,22.3,Out,200
2026-07-28T02:30:00,22,22.0171,22.2,22.3,Out,200
2026-07-28T02:40:00,22,22.0157,22.2,22.2,Out,200
2026-07-28T02:50:00,22,22.0116,22.2,22.3,Out,200
2026-07-28T03:00:00,22,21.9855,22.2,22.3,Out,200
2026-07-28T03:10:00,22,21.9731,22.2,22.2,Out,200
2026-07-28T03:20:00,21.9,21.9649,22.2,22.3,Out,200
2026-07-28T03:30:00,21.9,21.9567,22.1,22.3,Out,200
2026-07-28T03:40:00,21.9,21.958,22.1,22.2,Out,200
2026-07-28T03:50:00,22,21.9525,22.1,22.2,Out,200
2026-07-28T04:00:00,21.9,21.9498,22.1,22.2,Out,200
2026-07-28T04:10:00,21.9,21.9484,22.1,22.2,Out,200
2026-07-28T04:20:00,21.9,21.9484,22.1,22.2,Out,200
2026-07-28T04:30:00,21.9,21.9471,22.1,22.1,Out,200
2026-07-28T04:40:00,21.9,21.9443,22.1,22.2,Out,200
2026-07-28T04:50:00,21.9,21.9429,22.1,22.2,Out,200
2026-07-28T05:00:00,21.9,21.9402,22.1,22.2,Out,200
2026-07-28T05:10:00,21.9,21.9374,22.2,22.2,Out,200
2026-07-28T05:20:00,21.9,21.9388,22.1,22.2,Out,200
2026-07-28T05:30:00,21.9,21.9429,22.1,22.1,Out,200
2026-07-28T05:40:00,21.9,21.9484,22.1,22.2,Out,200
2026-07-28T05:50:00,22,21.9525,22.1,22.1,Out,200
2026-07-28T06:00:00,21.9,21.9539,22.1,22.2,Out,200
2026-07-28T06:10:00,22,21.9608,22.1,22.2,Out,200
2026-07-28T06:20:00,21.9,21.9677,22.1,22.2,Out,200
2026-07-28T06:30:00,21.9,21.9704,22.1,22.2,Out,200
2026-07-28T06:40:00,22,21.9745,22.1,22.2,Out,200
2026-07-28T06:50:00,22,21.9814,22.2,22.2,Out,200
2026-07-28T07:00:00,22,21.9869,22.2,22.2,Out,200
2026-07-28T07:10:00,22,21.9869,22.2,22.2,Out,200
2026-07-28T07:20:00,21.9,21.9773,22.1,22.2,Out,200
2026-07-28T07:30:00,22,21.9704,22.2,22.2,Out,200
2026-07-28T07:40:00,21.9,21.9704,22.1,22.2,Out,200
2026-07-28T07:50:00,22,21.9704,22.2,22.2,Out,200
2026-07-28T08:00:00,22,21.9731,22.1,22.2,Out,200
2026-07-28T08:10:00,22,21.9731,22.1,22.2,Out,200
2026-07-28T08:20:00,22,21.9745,22.1,22.2,Out,200
2026-07-28T08:30:00,22,21.9841,22.1,22.2,Out,200
2026-07-28T08:40:00,22,21.991,22.1,22.2,Out,200
2026-07-28T08:50:00,22,22.0006,22.2,22.2,Out,200
2026-07-28T09:00:00,22,22.0034,22.2,22.2,Out,200
2026-07-28T09:10:00,22,22.002,22.2,22.2,Out,200
2026-07-28T09:20:00,22,22.0061,22.2,22.2,Out,200
2026-07-28T09:30:00,22,22.0075,22.2,22.2,Out,200
2026-07-28T09:40:00,22,22.0102,22.2,22.3,Out,200
2026-07-28T09:50:00,22,22.0143,22.2,22.2,Out,200
2026-07-28T10:00:00,22,22.0185,22.2,22.2,Out,200
2026-07-28T10:10:00,22,22.0336,22.2,22.2,Out,200
2026-07-28T10:20:00,22,22.0583,22.2,22.3,Out,200
2026-07-28T10:30:00,22.1,22.0899,22.2,22.3,Out,200
2026-07-28T10:40:00,22.1,22.105,22.3,22.3,Out,200
2026-07-28T10:50:00,22.1,22.1174,22.3,22.3,Out,200
2026-07-28T11:00:00,22.1,22.1531,22.3,22.3,Out,200
2026-07-28T11:10:00,22.1,22.1641,22.2,22.3,Out,200
2026-07-28T11:20:00,22.1,22.16,22.3,22.4,Out,200
2026-07-28T11:30:00,22.1,22.1476,22.3,22.4,Out,200
2026-07-28T11:40:00,22.1,22.138,22.3,22.4,Out,200
2026-07-28T11:50:00,22.1,22.1284,22.4,22.4,Out,200
2026-07-28T12:00:00,22.1,22.1174,22.3,22.4,Out,200
2026-07-28T12:10:00,22.1,22.1105,22.3,22.4,Out,200
2026-07-28T12:20:00,22.1,22.1023,22.3,22.4,Out,200
2026-07-28T12:30:00,22.1,22.0844,22.3,22.3,Out,200
2026-07-28T12:40:00,22.1,22.0775,22.3,22.4,Out,200
2026-07-28T12:50:00,22.1,22.0762,22.3,22.3,Out,200
2026-07-28T13:00:00,22,22.0171,22.3,22.4,Out,200
2026-07-28T13:10:00,22,21.9992,22.2,22.3,Out,200
2026-07-28T13:20:00,22,21.9979,22.3,22.3,Out,200
2026-07-28T13:30:00,22,21.9704,22.2,22.3,Out,200
2026-07-28T13:40:00,22,21.958,22.2,22.2,Out,200
2026-07-28T13:50:00,21.9,21.9512,22.2,22.2,Out,200
2026-07-28T14:00:00,22,21.9622,22.1,22.2,Out,200
2026-07-28T14:10:00,21.9,21.9663,22.1,22.2,Out,200
2026-07-28T14:20:00,22,21.9677,22.1,22.2,Out,200
2026-07-28T14:30:00,22,21.9718,22.1,22.2,Out,200
2026-07-28T14:40:00,22,21.9786,22.1,22.2,Out,200
2026-07-28T14:50:00,22,21.991,22.2,22.2,Out,200
2026-07-28T15:00:00,22,21.9951,22.2,22.3,Out,200
2026-07-28T15:10:00,22,22.0006,22.2,22.2,Out,200
2026-07-28T15:20:00,22,22.0006,22.2,22.2,Out,200
2026-07-28T15:30:00,22,22.002,22.1,22.3,Out,200
2026-07-28T15:40:00,22,22.0034,22.2,22.2,Out,200
2026-07-28T15:50:00,22,22.0034,22.2,22.3,Out,200
2026-07-28T16:00:00,22,22.0034,22.2,22.2,Out,200
2026-07-28T16:10:00,22,22.0034,22.2,22.2,Out,200
2026-07-28T16:20:00,22,22.0061,22.2,22.2,Out,200
2026-07-28T16:30:00,22,22.0171,22.2,22.2,Out,200
2026-07-28T16:40:00,22,22.0075,22.2,22.3,Out,200
2026-07-28T16:50:00,22,22.0034,22.2,22.2,Out,200
2026-07-28T17:00:00,22,22.0034,22.2,22.3,Out,200
2026-07-28T17:10:00,22,22.0047,22.2,22.3,Out,200
2026-07-28T17:20:00,22,22.0034,22.2,22.3,Out,200
2026-07-28T17:30:00,21.9,21.9594,22.2,22.2,Out,200
2026-07-28T17:40:00,21.9,21.9237,22.2,22.3,Out,200
2026-07-28T17:50:00,21.9,21.91,22.1,22.3,Out,200
2026-07-28T18:00:00,21.9,21.899,22.2,22.2,Out,200
2026-07-28T18:10:00,21.9,21.8976,22.1,22.2,Out,200
2026-07-28T18:20:00,21.9,21.9045,22.1,22.1,Out,200
2026-07-28T18:30:00,21.9,21.9251,22.1,22.2,Out,200
2026-07-28T18:40:00,21.9,21.9374,22.1,22.1,Out,200
2026-07-28T18:50:00,21.9,21.9471,22.1,22.2,Out,200
2026-07-28T19:00:00,21.9,21.9498,22.1,22.2,Out,200
2026-07-28T19:10:00,21.9,21.9553,22.2,22.1,Out,200
2026-07-28T19:20:00,21.9,21.9567,22.1,22.2,Out,200
2026-07-28T19:30:00,22,21.9608,22.1,22.1,Out,200
2026-07-28T19:40:00,22,21.958,22.1,22.2,Out,200
2026-07-28T19:50:00,21.9,21.9333,22.1,22.2,Out,200
2026-07-28T20:00:00,21.9,21.8935,22.1,22.2,Out,200
2026-07-28T20:10:00,21.9,21.8812,22.2,22.2,Out,200
2026-07-28T20:20:00,21.9,21.8715,22.2,22.2,Out,200
2026-07-28T20:30:00,21.8,21.8674,22.2,22.2,Out,200
2026-07-28T20:40:00,21.9,21.8853,22.1,22.1,Out,200
2026-07-28T20:50:00,21.9,21.8976,22,22.2,Out,200
2026-07-28T21:00:00,21.9,21.9017,22,22.1,Out,200
2026-07-28T21:10:00,21.9,21.9031,22,22.1,Out,200
2026-07-28T21:20:00,21.9,21.9059,22.1,22.1,Out,200
2026-07-28T21:30:00,21.9,21.9127,22.1,22.2,Out,200
2026-07-28T21:40:00,22,21.9553,22.1,22.2,Out,200
2026-07-28T21:50:00,22,22.0336,22.1,22.2,Out,200
2026-07-28T22:00:00,22,22.0583,22.1,22.2,Out,200
2026-07-28T22:10:00,22,22.0748,22.1,22.3,Out,200
2026-07-28T22:20:00,22.2,22.2094,22.2,22.3,Out,200
2026-07-28T22:30:00,22.2,22.2465,22.2,22.3,Out,200
2026-07-28T22:40:00,22.2,22.274,22.3,22.4,Out,200
2026-07-28T22:50:00,22.3,22.3249,22.4,22.4,Out,200
2026-07-28T23:00:00,22.3,22.2892,22.4,22.5,Out,200
2026-07-28T23:10:00,22.3,22.3359,22.4,22.5,Out,200
2026-07-28T23:20:00,22.3,22.3689,22.5,22.6,Out,200
2026-07-28T23:30:00,22.3,22.3634,22.6,22.6,Out,200
2026-07-28T23:40:00,22.3,22.3414,22.5,22.6,Out,200
2026-07-28T23:50:00,22.3,22.3235,22.5,22.6,Out,200
2026-07-29T00:00:00,22.3,22.3139,22.5,22.7,Out,200
2026-07-29T00:10:00,22.3,22.3304,22.6,22.7,Out,200
2026-07-29T00:20:00,22.3,22.3249,22.6,22.6,Out,200
2026-07-29T00:30:00,22.2,22.241,22.5,22.5,Out,200
2026-07-29T00:40:00,22.2,22.1778,22.5,22.6,Out,200
2026-07-29T00:50:00,22.2,22.1806,22.5,22.6,Out,200
2026-07-29T01:00:00,22.1,22.1558,22.5,22.5,Out,200
2026-07-29T01:10:00,22.1,22.1586,22.4,22.5,Out,200
2026-07-29T01:20:00,22.2,22.1833,22.4,22.5,Out,200
2026-07-29T01:30:00,22.2,22.1957,22.4,22.4,Out,200
2026-07-29T01:40:00,22.1,22.1132,22.4,22.4,Out,200
2026-07-29T01:50:00,22.1,22.0871,22.4,22.4,Out,200
2026-07-29T02:00:00,22,22.0789,22.4,22.4,Out,200
2026-07-29T02:10:00,22,22.0583,22.4,22.4,Out,200
2026-07-29T02:20:00,22.1,22.061,22.3,22.3,Out,200
2026-07-29T02:30:00,22,22.0446,22.3,22.3,Out,200
2026-07-29T02:40:00,22,22.0391,22.3,22.3,Out,200
2026-07-29T02:50:00,22,22.0363,22.3,22.4,Out,200
2026-07-29T03:00:00,22,22.0253,22.3,22.3,Out,200
2026-07-29T03:10:00,22,21.991,22.2,22.3,Out,200
2026-07-29T03:20:00,21.9,21.9553,22.2,22.3,Out,200
2026-07-29T03:30:00,22,21.9567,22.2,22.2,Out,200
2026-07-29T03:40:00,21.9,21.9649,22.2,22.3,Out,200
2026-07-29T03:50:00,21.9,21.9731,22.2,22.2,Out,200
2026-07-29T04:00:00,22,21.9759,22.1,22.3,Out,200
2026-07-29T04:10:00,22,21.9745,22.2,22.2,Out,200
2026-07-29T04:20:00,22,21.9759,22.1,22.2,Out,200
2026-07-29T04:30:00,21.9,21.9759,22.2,22.2,Out,200
2026-07-29T04:40:00,22,21.9759,22.1,22.2,Out,200
2026-07-29T04:50:00,22,21.9731,22.2,22.2,Out,200
2026-07-29T05:00:00,21.9,21.9745,22.1,22.2,Out,200
2026-07-29T05:10:00,22,21.9937,22.1,22.2,Out,200
2026-07-29T05:20:00,22,22.0116,22.1,22.2,Out,200
2026-07-29T05:30:00,22,22.0034,22.1,22.1,Out,200
2026-07-29T05:40:00,22,21.9979,22.2,22.2,Out,200
2026-07-29T05:50:00,22,22.0075,22.2,22.3,Out,200
2026-07-29T06:00:00,22,22.0597,22.3,22.3,Out,200
2026-07-29T06:10:00,22.1,22.1078,22.3,22.4,Out,200
2026-07-29T06:20:00,22.1,22.1284,22.3,22.4,Out,200
2026-07-29T06:30:00,22.1,22.1284,22.3,22.4,Out,200
2026-07-29T06:40:00,22.1,22.1187,22.3,22.4,Out,200
2026-07-29T06:50:00,22.1,22.1146,22.3,22.4,Out,200
2026-07-29T07:00:00,22.1,22.1105,22.3,22.4,Out,200
2026-07-29T07:10:00,22.1,22.0954,22.3,22.4,Out,200
2026-07-29T07:20:00,22.1,22.0899,22.3,22.4,Out,200
2026-07-29T07:30:00,22.1,22.0981,22.3,22.4,Out,200
2026-07-29T07:40:00,22,22.0693,22.3,22.4,Out,200
2026-07-29T07:50:00,22,22.0597,22.3,22.4,Out,200
2026-07-29T08:00:00,22.1,22.0844,22.3,22.4,Out,200
2026-07-29T08:10:00,22.1,22.1435,22.4,22.4,Out,200
2026-07-29T08:20:00,22.2,22.2369,22.3,22.4,Out,200
2026-07-29T08:30:00,22.2,22.2974,22.3,22.4,Out,200
2026-07-29T08:40:00,22.2,22.2672,22.3,22.4,Out,200
2026-07-29T08:50:00,22.2,22.263,22.5,22.5,Out,200
2026-07-29T09:00:00,22.3,22.2768,22.5,22.6,Out,200
2026-07-29T09:10:00,22.2,22.2782,22.5,22.6,Out,200
2026-07-29T09:20:00,22.3,22.3153,22.6,22.6,Out,200
2026-07-29T09:30:00,22.3,22.34,22.5,22.6,Out,200
2026-07-29T09:40:00,22.3,22.3538,22.6,22.6,Out,200
2026-07-29T09:50:00,22.3,22.3345,22.5,22.6,Out,200
2026-07-29T10:00:00,22.3,22.3001,22.6,22.6,Out,200
2026-07-29T10:10:00,22.2,22.2548,22.5,22.6,Out,200
2026-07-29T10:20:00,22.2,22.2246,22.5,22.6,Out,200
2026-07-29T10:30:00,22.2,22.2108,22.5,22.6,Out,200
2026-07-29T10:40:00,22.2,22.2067,22.5,22.6,Out,200
2026-07-29T10:50:00,22.1,22.1352,22.4,22.5,Out,200
2026-07-29T11:00:00,22,22.0556,22.4,22.5,Out,200
2026-07-29T11:10:00,22,22.0665,22.4,22.4,Out,200
2026-07-29T11:20:00,22,22.0501,22.4,22.4,Out,200
2026-07-29T11:30:00,22,22.072,22.3,22.4,Out,200
2026-07-29T11:40:00,22.1,22.0913,22.3,22.4,Out,200
2026-07-29T11:50:00,22,22.0871,22.3,22.4,Out,200
2026-07-29T12:00:00,22,22.0762,22.2,22.4,Out,200
2026-07-29T12:10:00,22,22.0336,22.3,22.4,Out,200
2026-07-29T12:20:00,22,22.0198,22.3,22.3,Out,200
2026-07-29T12:30:00,22,22.013,22.2,22.3,Out,200
2026-07-29T12:40:00,22,22.0034,22.2,22.3,Out,200
2026-07-29T12:50:00,22,21.9951,22.2,22.3,Out,200
2026-07-29T13:00:00,22,21.991,22.3,22.3,Out,200
2026-07-29T13:10:00,22,21.9883,22.2,22.2,Out,200
2026-07-29T13:20:00,22,21.9841,22.1,22.3,Out,200
2026-07-29T13:30:00,22,21.9841,22.2,22.3,Out,200
2026-07-29T13:40:00,21.9,21.9608,22.2,22.3,Out,200
2026-07-29T13:50:00,22,21.9484,22.2,22.2,Out,200
2026-07-29T14:00:00,21.9,21.9471,22.1,22.2,Out,200
2026-07-29T14:10:00,21.9,21.9333,22.2,22.2,Out,200
2026-07-29T14:20:00,21.9,21.9306,22.2,22.2,Out,200
2026-07-29T14:30:00,21.9,21.9374,22.2,22.2,Out,200
2026-07-29T14:40:00,21.9,21.9457,22.2,22.2,Out,200
2026-07-29T14:50:00,21.9,21.9608,22.1,22.2,Out,200
2026-07-29T15:00:00,22,21.9773,22.1,22.2,Out,200
2026-07-29T15:10:00,22,22.0089,22.1,22.2,Out,200
2026-07-29T15:20:00,22,21.9883,22.2,22.2,Out,200
2026-07-29T15:30:00,22,22.0047,22.2,22.2,Out,200
2026-07-29T15:40:00,22,22.0089,22.1,22.2,Out,200
2026-07-29T15:50:00,22,22.0102,22.2,22.2,Out,200
2026-07-29T16:00:00,22,22.0061,22.1,22.2,Out,200
2026-07-29T16:10:00,22,21.9979,22.2,22.2,Out,200
2026-07-29T16:20:00,21.9,21.9374,22.2,22.2,Out,200
2026-07-29T16:30:00,21.9,21.9265,22.2,22.2,Out,200
2026-07-29T16:40:00,21.9,21.9471,22.2,22.2,Out,200
2026-07-29T16:50:00,22,21.98,22.1,22.2,Out,200
2026-07-29T17:00:00,22,21.991,22.1,22.2,Out,200
2026-07-29T17:10:00,22,21.9951,22.1,22.2,Out,200
2026-07-29T17:20:00,21.9,21.9869,22.2,22.2,Out,200
2026-07-29T17:30:00,22,21.991,22.2,22.2,Out,200
2026-07-29T17:40:00,22,22.0047,22.1,22.2,Out,200
2026-07-29T17:50:00,22,22.0391,22.1,22.2,Out,200
2026-07-29T18:00:00,22,22.0501,22.2,22.2,Out,200
2026-07-29T18:10:00,22,22.0212,22.1,22.2,Out,200
2026-07-29T18:20:00,22,22.0102,22.2,22.3,Out,200
2026-07-29T18:30:00,22,22.0006,22.3,22.4,Out,200
2026-07-29T18:40:00,22,22.0075,22.3,22.4,Out,200
2026-07-29T18:50:00,22,22.0089,22.2,22.3,Out,200
2026-07-29T19:00:00,22,22.0089,22.3,22.2,Out,200
2026-07-29T19:10:00,22,21.9841,22.2,22.3,Out,200
2026-07-29T19:20:00,21.9,21.9649,22.2,22.2,Out,200
2026-07-29T19:30:00,21.9,21.9608,22.2,22.2,Out,200
2026-07-29T19:40:00,21.9,21.958,22.2,22.2,Out,200
2026-07-29T19:50:00,21.9,21.958,22.2,22.2,Out,200
2026-07-29T20:00:00,21.9,21.9622,22.1,22.2,Out,200
2026-07-29T20:10:00,22,21.98,22.1,22.2,Out,200
2026-07-29T20:20:00,22,21.991,22.1,22.3,Out,200
2026-07-29T20:30:00,22,21.9841,22.1,22.2,Out,200
2026-07-29T20:40:00,21.9,21.9649,22.1,22.1,Out,200
2026-07-29T20:50:00,21.9,21.958,22.1,22.2,Out,200
2026-07-29T21:00:00,21.9,21.9608,22.1,22.2,Out,200
2026-07-29T21:10:00,22,21.9773,22.2,22.3,Out,200
2026-07-29T21:20:00,22,22.0198,22.1,22.2,Out,200
2026-07-29T21:30:00,22,22.0693,22.1,22.2,Out,200
2026-07-29T21:40:00,22.1,22.0954,22.1,22.3,Out,200
2026-07-29T21:50:00,22.1,22.116,22.2,22.3,Out,200
2026-07-29T22:00:00,22.1,22.1297,22.3,22.4,Out,200
2026-07-29T22:10:00,22.1,22.1242,22.3,22.4,Out,200
2026-07-29T22:20:00,22.1,22.1339,22.3,22.4,Out,200
2026-07-29T22:30:00,22.1,22.1545,22.3,22.4,Out,200
2026-07-29T22:40:00,22.2,22.2177,22.3,22.4,Out,200
2026-07-29T22:50:00,22.2,22.2452,22.3,22.4,Out,200
2026-07-29T23:00:00,22.1,22.1888,22.4,22.5,Out,200
2026-07-29T23:10:00,22.1,22.1765,22.4,22.5,Out,200
2026-07-29T23:20:00,22.1,22.2342,22.4,22.5,Out,200
2026-07-29T23:30:00,22.2,22.2108,22.4,22.5,Out,200
2026-07-29T23:40:00,22.2,22.2314,22.4,22.5,Out,200
2026-07-29T23:50:00,22.2,22.23,22.4,22.5,Out,200
2026-07-30T00:00:00,22.2,22.2397,22.4,22.5,Out,200
2026-07-30T00:10:00,22.2,22.2507,22.5,22.5,Out,200
2026-07-30T00:20:00,22.2,22.2658,22.4,22.5,Out,200
2026-07-30T00:30:00,22.3,22.2892,22.4,22.4,Out,200
2026-07-30T00:40:00,22.3,22.3469,22.4,22.5,Out,200
2026-07-30T00:50:00,22.3,22.3579,22.4,22.5,Out,200
2026-07-30T01:00:00,22.3,22.3056,22.4,22.6,Out,200
2026-07-30T01:10:00,22.2,22.2837,22.6,22.6,Out,200
2026-07-30T01:20:00,22.2,22.2699,22.5,22.6,Out,200
2026-07-30T01:30:00,22.2,22.2713,22.5,22.6,Out,200
2026-07-30T01:40:00,22.2,22.2424,22.5,22.6,Out,200
2026-07-30T01:50:00,22.2,22.2191,22.5,22.5,Out,200
2026-07-30T02:00:00,22.2,22.1998,22.5,22.5,Out,200
2026-07-30T02:10:00,22.2,22.1902,22.5,22.6,Out,200
2026-07-30T02:20:00,22.1,22.1861,22.5,22.5,Out,200
2026-07-30T02:30:00,22.2,22.1874,22.4,22.5,Out,200
2026-07-30T02:40:00,22.2,22.2026,22.4,22.5,Out,200
2026-07-30T02:50:00,22.3,22.2795,22.4,22.4,Out,200
2026-07-30T03:00:00,22.3,22.296,22.4,22.5,Out,200
2026-07-30T03:10:00,22.2,22.2644,22.4,22.5,Out,200
2026-07-30T03:20:00,22.2,22.1957,22.5,22.5,Out,200
2026-07-30T03:30:00,22.1,22.1655,22.5,22.6,Out,200
2026-07-30T03:40:00,22,22.0665,22.5,22.6,Out,200
2026-07-30T03:50:00,22,22.024,22.4,22.5,Out,200
2026-07-30T04:00:00,22,22.0528,22.3,22.5,Out,200
2026-07-30T04:10:00,22,22.072,22.3,22.4,Out,200
2026-07-30T04:20:00,22.1,22.0762,22.2,22.3,Out,200
2026-07-30T04:30:00,22.1,22.1036,22.3,22.3,Out,200
2026-07-30T04:40:00,22.1,22.1229,22.3,22.4,Out,200
2026-07-30T04:50:00,22.1,22.1091,22.3,22.4,Out,200
2026-07-30T05:00:00,22,22.0844,22.3,22.4,Out,200
2026-07-30T05:10:00,22,22.0638,22.3,22.4,Out,200
2026-07-30T05:20:00,22,22.0707,22.3,22.4,Out,200
2026-07-30T05:30:00,22.1,22.0858,22.3,22.4,Out,200
2026-07-30T05:40:00,22.1,22.1311,22.3,22.4,Out,200
2026-07-30T05:50:00,22.1,22.1627,22.3,22.3,Out,200
2026-07-30T06:00:00,22.1,22.1943,22.3,22.4,Out,200
2026-07-30T06:10:00,22.1,22.1916,22.3,22.4,Out,200
2026-07-30T06:20:00,22.2,22.1737,22.3,22.4,Out,200
2026-07-30T06:30:00,22.1,22.1668,22.4,22.5,Out,200
2026-07-30T06:40:00,22.2,22.1655,22.4,22.4,Out,200
2026-07-30T06:50:00,22.2,22.1737,22.4,22.5,Out,200
2026-07-30T07:00:00,22.2,22.1971,22.4,22.4,Out,200
2026-07-30T07:10:00,22.2,22.2039,22.4,22.4,Out,200
2026-07-30T07:20:00,22.2,22.2053,22.4,22.4,Out,200
2026-07-30T07:30:00,22.2,22.1984,22.4,22.4,Out,200
2026-07-30T07:40:00,22.2,22.2094,22.4,22.5,Out,200
2026-07-30T07:50:00,22.3,22.2589,22.4,22.4,Out,200
2026-07-30T08:00:00,22.3,22.329,22.4,22.5,Out,200
2026-07-30T08:10:00,22.4,22.3909,22.4,22.5,Out,200
2026-07-30T08:20:00,22.4,22.4321,22.4,22.5,Out,200
2026-07-30T08:30:00,22.4,22.4528,22.5,22.5,Out,200
2026-07-30T08:40:00,22.5,22.4762,22.6,22.7,Out,200
2026-07-30T08:50:00,22.5,22.5257,22.6,22.7,Out,200
2026-07-30T09:00:00,22.5,22.5504,22.7,22.7,Out,200
2026-07-30T09:10:00,22.6,22.5848,22.7,22.8,Out,200
2026-07-30T09:20:00,22.6,22.6578,22.7,22.7,Out,200
2026-07-30T09:30:00,22.7,22.7321,22.7,22.8,Out,200
2026-07-30T09:40:00,22.8,22.7941,22.7,22.8,Out,200
2026-07-30T09:50:00,22.8,22.8175,22.8,22.9,Out,200
2026-07-30T10:00:00,22.8,22.8161,22.9,22.9,Out,200
2026-07-30T10:10:00,22.7,22.7541,23,23.1,Out,200
2026-07-30T10:20:00,22.6,22.6715,22.9,23.1,Out,200
2026-07-30T10:30:00,22.5,22.5821,23,23.1,Out,200
2026-07-30T10:40:00,22.5,22.5656,23,23.1,Out,200
2026-07-30T10:50:00,22.4,22.483,22.9,23,Out,200
2026-07-30T11:00:00,22.4,22.461,22.8,22.9,Out,200
2026-07-30T11:10:00,22.4,22.4376,22.7,22.9,Out,200
2026-07-30T11:20:00,22.3,22.3551,22.8,22.8,Out,200
2026-07-30T11:30:00,22.3,22.3758,22.7,22.7,Out,200
2026-07-30T11:40:00,22.4,22.4129,22.6,22.7,Out,200
2026-07-30T11:50:00,22.5,22.4858,22.6,22.7,Out,200
2026-07-30T12:00:00,22.5,22.5161,22.6,22.6,Out,200
2026-07-30T12:10:00,22.3,22.439,22.6,22.7,Out,200
2026-07-30T12:20:00,22.4,22.4555,22.6,22.7,Out,200
2026-07-30T12:30:00,22.5,22.505,22.7,22.8,Out,200
2026-07-30T12:40:00,22.5,22.5229,22.7,22.7,Out,200
2026-07-30T12:50:00,22.5,22.5532,22.6,22.8,Out,200
2026-07-30T13:00:00,22.2,22.3854,22.7,22.8,Out,200
2026-07-30T13:10:00,22.2,22.1682,22.7,22.8,Out,200
2026-07-30T13:20:00,22.1,22.116,22.7,22.7,Out,200
2026-07-30T13:30:00,22.1,22.0913,22.7,22.8,Out,200
2026-07-30T13:40:00,22.1,22.0926,22.5,22.6,Out,200
2026-07-30T13:50:00,22.1,22.0858,22.4,22.4,Out,200
2026-07-30T14:00:00,22.1,22.0789,22.3,22.4,Out,200
2026-07-30T14:10:00,22.1,22.1023,22.3,22.3,Out,200
2026-07-30T14:20:00,22.1,22.1023,22.3,22.4,Out,200
2026-07-30T14:30:00,22.1,22.083,22.3,22.3,Out,200
2026-07-30T14:40:00,22,22.0679,22.4,22.4,Out,200
2026-07-30T14:50:00,22.1,22.0748,22.3,22.4,Out,200
2026-07-30T15:00:00,22,22.0789,22.3,22.4,Out,200
2026-07-30T15:10:00,22.1,22.0885,22.3,22.4,Out,200
2026-07-30T15:20:00,22,22.0734,22.3,22.4,Out,200
2026-07-30T15:30:00,22.1,22.0775,22.2,22.4,Out,200
2026-07-30T15:40:00,22.1,22.0789,22.3,22.3,Out,200
2026-07-30T15:50:00,22.1,22.0817,22.2,22.3,Out,200
2026-07-30T16:00:00,22.1,22.0844,22.3,22.3,Out,200
2026-07-30T16:10:00,22.1,22.083,22.3,22.3,Out,200
2026-07-30T16:20:00,22,22.0844,22.2,22.4,Out,200
2026-07-30T16:30:00,22,22.0501,22.2,22.3,Out,200
2026-07-30T16:40:00,22,22.0775,22.2,22.3,Out,200
2026-07-30T16:50:00,22,22.0844,22.3,22.3,Out,200
2026-07-30T17:00:00,22,22.0665,22.3,22.3,Out,200
2026-07-30T17:10:00,22,22.0487,22.3,22.4,Out,200
2026-07-30T17:20:00,22,22.0542,22.3,22.4,Out,200
2026-07-30T17:30:00,22.1,22.0789,22.3,22.3,Out,200
2026-07-30T17:40:00,22.1,22.0844,22.2,22.3,Out,200
2026-07-30T17:50:00,22.1,22.0871,22.2,22.3,Out,200
2026-07-30T18:00:00,22.1,22.094,22.2,22.3,Out,200
2026-07-30T18:10:00,22.1,22.0968,22.3,22.4,Out,200
2026-07-30T18:20:00,22.1,22.105,22.3,22.4,Out,200
2026-07-30T18:30:00,22.1,22.1187,22.3,22.4,Out,200
2026-07-30T18:40:00,22.1,22.1366,22.3,22.4,Out,200
2026-07-30T18:50:00,22.1,22.1352,22.3,22.4,Out,200
2026-07-30T19:00:00,22.1,22.1462,22.3,22.4,Out,200
2026-07-30T19:10:00,22.1,22.1517,22.3,22.4,Out,200
2026-07-30T19:20:00,22.1,22.149,22.3,22.4,Out,200
2026-07-30T19:30:00,22.1,22.1545,22.4,22.4,Out,200
2026-07-30T19:40:00,22.1,22.1765,22.4,22.4,Out,200
2026-07-30T19:50:00,22.2,22.2122,22.4,22.4,Out,200
2026-07-30T20:00:00,22.2,22.2397,22.4,22.4,Out,200
2026-07-30T20:10:00,22.3,22.3661,22.3,22.4,Out,200
2026-07-30T20:20:00,22.4,22.3991,22.4,22.5,Out,200
2026-07-30T20:30:00,22.4,22.4019,22.4,22.5,Out,200
2026-07-30T20:40:00,22.4,22.3964,22.5,22.6,Out,200
2026-07-30T20:50:00,22.4,22.3881,22.6,22.6,Out,200
2026-07-30T21:00:00,22.4,22.4184,22.6,22.7,Out,200
2026-07-30T21:10:00,22.5,22.4927,22.6,22.7,Out,200
2026-07-30T21:20:00,22.6,22.6605,22.6,22.6,Out,200
2026-07-30T21:30:00,22.7,22.6894,22.6,22.7,Out,200
2026-07-30T21:40:00,22.7,22.7294,22.6,22.7,Out,200
2026-07-30T21:50:00,22.8,22.7872,22.8,22.9,Out,200
2026-07-30T22:00:00,22.7,22.7115,22.9,22.9,Out,200
2026-07-30T22:10:00,22.7,22.7404,22.9,23,Out,200
2026-07-30T22:20:00,22.7,22.7252,22.9,23.1,Out,200
2026-07-30T22:30:00,22.6,22.6771,23.1,23,Out,200
2026-07-30T22:40:00,22.6,22.6633,23,23.1,Out,200
2026-07-30T22:50:00,22.6,22.6619,23,23.1,Out,200
2026-07-30T23:00:00,22.5,22.5532,23,23.1,Out,200
2026-07-30T23:10:00,22.5,22.5023,22.9,23,Out,200
2026-07-30T23:20:00,22.3,22.3799,22.9,23,Out,200
2026-07-30T23:30:00,22.2,22.2177,22.8,22.8,Out,200
2026-07-30T23:40:00,22.2,22.1737,22.7,22.8,Out,200
2026-07-30T23:50:00,22.2,22.1792,22.7,22.7,Out,200
2026-07-31T00:00:00,22.2,22.2933,22.5,22.6,Out,200
2026-07-31T00:10:00,22.3,22.3276,22.4,22.4,Out,200
2026-07-31T00:20:00,22.3,22.3001,22.4,22.5,Out,200
2026-07-31T00:30:00,22.3,22.3648,22.5,22.6,Out,200
2026-07-31T00:40:00,22.3,22.3428,22.5,22.6,Out,200
2026-07-31T00:50:00,22.4,22.4115,22.5,22.6,Out,200
2026-07-31T01:00:00,22.4,22.4376,22.6,22.6,Out,200
2026-07-31T01:10:00,22.3,22.3675,22.5,22.6,Out,200
2026-07-31T01:20:00,22.2,22.2837,22.6,22.6,Out,200
2026-07-31T01:30:00,22.2,22.2067,22.6,22.7,Out,200
2026-07-31T01:40:00,22.2,22.1847,22.6,22.7,Out,200
2026-07-31T01:50:00,22.1,22.1641,22.5,22.7,Out,200
2026-07-31T02:00:00,22.2,22.1655,22.5,22.6,Out,200
2026-07-31T02:10:00,22.1,22.138,22.4,22.5,Out,200
2026-07-31T02:20:00,22.1,22.1421,22.3,22.4,Out,200
2026-07-31T02:30:00,22.1,22.1132,22.3,22.4,Out,200
2026-07-31T02:40:00,22.1,22.1009,22.4,22.4,Out,200
2026-07-31T02:50:00,22.1,22.0954,22.3,22.4,Out,200
2026-07-31T03:00:00,22.1,22.0913,22.3,22.4,Out,200
2026-07-31T03:10:00,22,22.0789,22.3,22.3,Out,200
2026-07-31T03:20:00,22,22.0473,22.3,22.4,Out,200
2026-07-31T03:30:00,22,22.0295,22.3,22.3,Out,200
2026-07-31T03:40:00,22,22.0253,22.3,22.3,Out,200
2026-07-31T03:50:00,22,22.0281,22.3,22.3,Out,200
2026-07-31T04:00:00,22,22.0295,22.2,22.3,Out,200
2026-07-31T04:10:00,22,22.0308,22.3,22.3,Out,200
2026-07-31T04:20:00,22,22.0349,22.2,22.2,Out,200
2026-07-31T04:30:00,22,22.0281,22.2,22.3,Out,200
2026-07-31T04:40:00,22,22.0295,22.2,22.3,Out,200
2026-07-31T04:50:00,22,22.0322,22.3,22.3,Out,200
2026-07-31T05:00:00,22,22.0281,22.2,22.3,Out,200
2026-07-31T05:10:00,22,22.0198,22.2,22.3,Out,200
2026-07-31T05:20:00,22,22.0253,22.3,22.3,Out,200
2026-07-31T05:30:00,22,22.0459,22.2,22.3,Out,200
2026-07-31T05:40:00,22.1,22.0995,22.2,22.3,Out,200
2026-07-31T05:50:00,22.1,22.1641,22.2,22.2,Out,200
2026-07-31T06:00:00,22.1,22.1765,22.2,22.3,Out,200
2026-07-31T06:10:00,22.1,22.1627,22.2,22.4,Out,200
2026-07-31T06:20:00,22.1,22.1641,22.4,22.5,Out,200
2026-07-31T06:30:00,22.2,22.1778,22.4,22.5,Out,200
2026-07-31T06:40:00,22.2,22.1929,22.3,22.4,Out,200
2026-07-31T06:50:00,22.2,22.1929,22.3,22.4,Out,200
2026-07-31T07:00:00,22.2,22.2039,22.4,22.5,Out,200
2026-07-31T07:10:00,22.2,22.2094,22.4,22.5,Out,200
2026-07-31T07:20:00,22.2,22.2149,22.4,22.5,Out,200
2026-07-31T07:30:00,22.2,22.2149,22.4,22.5,Out,200
2026-07-31T07:40:00,22.2,22.2081,22.4,22.5,Out,200
2026-07-31T07:50:00,22.2,22.2012,22.4,22.5,Out,200
2026-07-31T08:00:00,22.1,22.1874,22.4,22.5,Out,200
2026-07-31T08:10:00,22.1,22.1778,22.4,22.5,Out,200
2026-07-31T08:20:00,22.1,22.149,22.4,22.4,Out,200
2026-07-31T08:30:00,22.1,22.16,22.4,22.4,Out,200
2026-07-31T08:40:00,22.1,22.1737,22.4,22.4,Out,200
2026-07-31T08:50:00,22.1,22.1723,22.4,22.4,Out,200
2026-07-31T09:00:00,22.1,22.1655,22.4,22.5,Out,200
2026-07-31T09:10:00,22.1,22.171,22.3,22.5,Out,200
2026-07-31T09:20:00,22.1,22.1723,22.4,22.4,Out,200
2026-07-31T09:30:00,22.2,22.1971,22.4,22.4,Out,200
2026-07-31T09:40:00,22.2,22.2094,22.4,22.4,Out,200
2026-07-31T09:50:00,22.2,22.2383,22.4,22.4,Out,200
2026-07-31T10:00:00,22.2,22.2589,22.4,22.4,Out,200
2026-07-31T10:10:00,22.3,22.3001,22.4,22.4,Out,200
2026-07-31T10:20:00,22.4,22.3648,22.4,22.5,Out,200
2026-07-31T10:30:00,22.4,22.4184,22.5,22.5,Out,200
2026-07-31T10:40:00,22.6,22.5504,22.5,22.6,Out,200
2026-07-31T10:50:00,22.6,22.5903,22.5,22.6,Out,200
2026-07-31T11:00:00,22.7,22.6963,22.6,22.7,Out,200
2026-07-31T11:10:00,22.7,22.8423,22.7,22.8,Out,200
2026-07-31T11:20:00,22.7,22.7803,22.8,22.9,Out,200
2026-07-31T11:30:00,22.7,22.7872,22.9,22.9,Out,200
2026-07-31T11:40:00,22.5,22.6165,23,23.1,Out,200
2026-07-31T11:50:00,22.5,22.5738,23.1,23.1,Out,200
2026-07-31T12:00:00,22.5,22.5628,23,23.1,Out,200
2026-07-31T12:10:00,22.4,22.5491,23.1,23.1,Out,200
2026-07-31T12:20:00,22.2,22.3304,22.8,22.9,Out,200
2026-07-31T12:30:00,22.2,22.2369,22.8,22.9,Out,200
2026-07-31T12:40:00,22.2,22.1971,22.7,22.8,Out,200
2026-07-31T12:50:00,22.2,22.2438,22.6,22.7,Out,200
2026-07-31T13:00:00,22.2,22.2603,22.5,22.6,Out,200
2026-07-31T13:10:00,22.2,22.2575,22.4,22.4,Out,200
2026-07-31T13:20:00,22.1,22.2012,22.4,22.5,Out,200
2026-07-31T13:30:00,22.1,22.171,22.4,22.5,Out,200
2026-07-31T13:40:00,22.1,22.1682,22.5,22.6,Out,200
2026-07-31T13:50:00,22.2,22.2452,22.5,22.6,Out,200
2026-07-31T14:00:00,22.3,22.3029,22.4,22.5,Out,200
2026-07-31T14:10:00,22.3,22.3538,22.4,22.5,Out,200
2026-07-31T14:20:00,22.3,22.3675,22.5,22.6,Out,200
2026-07-31T14:30:00,22.3,22.3496,22.5,22.6,Out,200
2026-07-31T14:40:00,22.2,22.2355,22.6,22.6,Out,200
2026-07-31T14:50:00,22.1,22.1517,22.6,22.6,Out,200
2026-07-31T15:00:00,22.1,22.1545,22.6,22.6,Out,200
2026-07-31T15:10:00,22.1,22.1765,22.5,22.6,Out,200
2026-07-31T15:20:00,22.1,22.1916,22.4,22.5,Out,200
2026-07-31T15:30:00,22.1,22.1668,22.3,22.4,Out,200
2026-07-31T15:40:00,22.1,22.1201,22.4,22.4,Out,200
2026-07-31T15:50:00,22,22.0624,22.4,22.5,Out,200
2026-07-31T16:00:00,22,22.0295,22.4,22.6,Out,200
2026-07-31T16:10:00,22,22.0075,22.3,22.4,Out,200
2026-07-31T16:20:00,22,21.9992,22.4,22.4,Out,200
2026-07-31T16:30:00,22,22.0377,22.3,22.4,Out,200
2026-07-31T16:40:00,22,22.0789,22.3,22.3,Out,200
2026-07-31T16:50:00,22,22.0913,22.1,22.3,Out,200
2026-07-31T17:00:00,22,22.0817,22.2,22.3,Out,200
2026-07-31T17:10:00,22,22.0748,22.3,22.4,Out,200
2026-07-31T17:20:00,22,22.0734,22.3,22.3,Out,200
2026-07-31T17:30:00,22,22.0748,22.3,22.3,Out,200
2026-07-31T17:40:00,22,22.0652,22.3,22.4,Out,200
2026-07-31T17:50:00,22,22.0473,22.3,22.4,Out,200
2026-07-31T18:00:00,22,22.0295,22.3,22.4,Out,200
2026-07-31T18:10:00,22,22.0061,22.2,22.3,Out,200
2026-07-31T18:20:00,22,22.0075,22.3,22.3,Out,200
2026-07-31T18:30:00,22,22.0116,22.2,22.3,Out,200
2026-07-31T18:40:00,22,22.0089,22.2,22.3,Out,200
2026-07-31T18:50:00,21.9,21.9786,22.2,22.3,Out,200
2026-07-31T19:00:00,21.9,21.9498,22.2,22.2,Out,200
2026-07-31T19:10:00,21.9,21.9498,22.2,22.2,Out,200
2026-07-31T19:20:00,21.9,21.9594,22.2,22.2,Out,200
2026-07-31T19:30:00,21.9,21.9539,22.1,22.2,Out,200
2026-07-31T19:40:00,21.9,21.9649,22.1,22.2,Out,200
2026-07-31T19:50:00,21.9,21.9635,22.1,22.3,Out,200
2026-07-31T20:00:00,22,21.9745,22.1,22.2,Out,200
2026-07-31T20:10:00,21.9,21.9704,22.1,22.2,Out,200
2026-07-31T20:20:00,21.9,21.9704,22.2,22.2,Out,200
2026-07-31T20:30:00,21.9,21.9484,22.1,22.2,Out,200
2026-07-31T20:40:00,21.9,21.9402,22.2,22.2,Out,200
2026-07-31T20:50:00,21.9,21.9306,22.1,22.2,Out,200
2026-07-31T21:00:00,21.9,21.9168,22.1,22.2,Out,200
2026-07-31T21:10:00,21.9,21.9168,22.1,22.2,Out,200
2026-07-31T21:20:00,21.9,21.9127,22.1,22.2,Out,200
2026-07-31T21:30:00,21.9,21.9278,22.1,22.2,Out,200
2026-07-31T21:40:00,21.9,21.9237,22.1,22.2,Out,200
2026-07-31T21:50:00,21.9,21.9347,22.1,22.2,Out,200
2026-07-31T22:00:00,21.9,21.9471,22.1,22.2,Out,200
2026-07-31T22:10:00,22,21.9649,22.1,22.2,Out,200
2026-07-31T22:20:00,21.9,21.9896,22.1,22.2,Out,200
2026-07-31T22:30:00,22,22.0089,22.1,22.2,Out,200
2026-07-31T22:40:00,22,22.0267,22.1,22.3,Out,200
2026-07-31T22:50:00,22,22.0267,22.1,22.3,Out,200
2026-07-31T23:00:00,22,22.0295,22.2,22.3,Out,200
2026-07-31T23:10:00,22,22.0281,22.2,22.3,Out,200
2026-07-31T23:20:00,22,22.0391,22.2,22.3,Out,200
2026-07-31T23:30:00,22,22.0844,22.2,22.3,Out,200
2026-07-31T23:40:00,22.2,22.2314,22.2,22.3,Out,200
2026-07-31T23:50:00,22.3,22.3593,22.1,22.3,Out,200
2026-08-01T00:00:00,22.4,22.4211,22.3,22.4,Out,200
2026-08-01T00:10:00,22.4,22.4487,22.4,22.5,Out,200
2026-08-01T00:20:00,22.4,22.4693,22.5,22.6,Out,200
2026-08-01T00:30:00,22.4,22.4707,22.6,22.6,Out,200
2026-08-01T00:40:00,22.4,22.4555,22.7,22.7,Out,200
2026-08-01T00:50:00,22.3,22.3881,22.6,22.8,Out,200
2026-08-01T01:00:00,22.2,22.2493,22.7,22.9,Out,200
2026-08-01T01:10:00,22.2,22.1916,22.7,22.8,Out,200
2026-08-01T01:20:00,22.1,22.1545,22.7,22.7,Out,200
2026-08-01T01:30:00,22.1,22.1339,22.5,22.6,Out,200
2026-08-01T01:40:00,22.2,22.2314,22.4,22.6,Out,200
2026-08-01T01:50:00,22.2,22.3318,22.4,22.5,Out,200
2026-08-01T02:00:00,22.1,22.2314,22.4,22.4,Out,200
2026-08-01T02:10:00,22.1,22.1242,22.4,22.6,Out,200
2026-08-01T02:20:00,22.1,22.094,22.5,22.5,Out,200
2026-08-01T02:30:00,22.1,22.0899,22.6,22.6,Out,200
2026-08-01T02:40:00,22.1,22.0954,22.5,22.6,Out,200
2026-08-01T02:50:00,22.1,22.1023,22.3,22.4,Out,200
2026-08-01T03:00:00,22,22.0885,22.3,22.4,Out,200
2026-08-01T03:10:00,22,22.0597,22.2,22.4,Out,200
2026-08-01T03:20:00,22.1,22.0775,22.3,22.4,Out,200
2026-08-01T03:30:00,22,22.1036,22.3,22.4,Out,200
2026-08-01T03:40:00,22.1,22.0844,22.3,22.4,Out,200
2026-08-01T03:50:00,22,22.0844,22.3,22.4,Out,200
2026-08-01T04:00:00,22.1,22.1366,22.3,22.4,Out,200
2026-08-01T04:10:00,22.1,22.1861,22.3,22.4,Out,200
2026-08-01T04:20:00,22.2,22.2081,22.3,22.3,Out,200
2026-08-01T04:30:00,22.2,22.2493,22.3,22.4,Out,200
2026-08-01T04:40:00,22.3,22.2809,22.4,22.4,Out,200
2026-08-01T04:50:00,22.2,22.2575,22.4,22.5,Out,200
2026-08-01T05:00:00,22.2,22.1806,22.4,22.6,Out,200
2026-08-01T05:10:00,22.1,22.1558,22.4,22.5,Out,200
2026-08-01T05:20:00,22.1,22.1462,22.4,22.6,Out,200
2026-08-01T05:30:00,22.1,22.1339,22.5,22.5,Out,200
2026-08-01T05:40:00,22.1,22.1201,22.3,22.4,Out,200
2026-08-01T05:50:00,22.1,22.1256,22.3,22.4,Out,200
2026-08-01T06:00:00,22.1,22.1366,22.3,22.3,Out,200
2026-08-01T06:10:00,22.1,22.1352,22.3,22.4,Out,200
2026-08-01T06:20:00,22.1,22.1325,22.3,22.4,Out,200
2026-08-01T06:30:00,22,22.0748,22.3,22.3,Out,200
2026-08-01T06:40:00,22,22.0418,22.3,22.4,Out,200
2026-08-01T06:50:00,22,22.024,22.3,22.4,Out,200
2026-08-01T07:00:00,22,22.0143,22.3,22.4,Out,200
2026-08-01T07:10:00,22,22.0198,22.3,22.4,Out,200
2026-08-01T07:20:00,22,22.0198,22.3,22.4,Out,200
2026-08-01T07:30:00,22,22.0198,22.2,22.3,Out,200
2026-08-01T07:40:00,22,22.0226,22.2,22.2,Out,200
2026-08-01T07:50:00,22,22.0322,22.2,22.2,Out,200
2026-08-01T08:00:00,22,22.0432,22.2,22.2,Out,200
2026-08-01T08:10:00,22,22.0665,22.2,22.3,Out,200
2026-08-01T08:20:00,22,22.0542,22.2,22.3,Out,200
2026-08-01T08:30:00,22,22.0308,22.2,22.3,Out,200
2026-08-01T08:40:00,22,22.0267,22.2,22.3,Out,200
2026-08-01T08:50:00,22,22.0212,22.3,22.3,Out,200
2026-08-01T09:00:00,22,22.0212,22.3,22.3,Out,200
2026-08-01T09:10:00,22,22.0349,22.2,22.2,Out,200
2026-08-01T09:20:00,22,22.0404,22.2,22.2,Out,200
2026-08-01T09:30:00,22,22.0514,22.2,22.2,Out,200
2026-08-01T09:40:00,22,22.0542,22.2,22.3,Out,200
2026-08-01T09:50:00,22,22.0679,22.2,22.3,Out,200
2026-08-01T10:00:00,22.1,22.1064,22.2,22.3,Out,200
2026-08-01T10:10:00,22.2,22.2452,22.3,22.3,Out,200
2026-08-01T10:20:00,22.3,22.2974,22.3,22.4,Out,200
2026-08-01T10:30:00,22.3,22.3029,22.3,22.4,Out,200
2026-08-01T10:40:00,22.4,22.395,22.4,22.5,Out,200
2026-08-01T10:50:00,22.4,22.4335,22.5,22.5,Out,200
2026-08-01T11:00:00,22.5,22.5161,22.5,22.7,Out,200
2026-08-01T11:10:00,22.6,22.6234,22.5,22.8,Out,200
2026-08-01T11:20:00,22.6,22.6027,22.7,22.8,Out,200
2026-08-01T11:30:00,22.5,22.5807,22.7,22.9,Out,200
2026-08-01T11:40:00,22.6,22.5601,22.8,22.9,Out,200
2026-08-01T11:50:00,22.5,22.5367,22.8,22.9,Out,200
2026-08-01T12:00:00,22.5,22.5216,22.8,22.9,Out,200
2026-08-01T12:10:00,22.4,22.4211,22.7,22.9,Out,200
2026-08-01T12:20:00,22.3,22.3153,22.8,22.8,Out,200
2026-08-01T12:30:00,22.2,22.1971,22.7,22.8,Out,200
2026-08-01T12:40:00,22.1,22.1503,22.7,22.7,Out,200
2026-08-01T12:50:00,22.1,22.1215,22.6,22.7,Out,200
2026-08-01T13:00:00,22,22.0871,22.5,22.6,Out,200
2026-08-01T13:10:00,22,22.0391,22.4,22.4,Out,200
2026-08-01T13:20:00,22,22.0322,22.3,22.5,Out,200
2026-08-01T13:30:00,22,21.9992,22.3,22.4,Out,200
2026-08-01T13:40:00,22,21.9841,22.3,22.4,Out,200
2026-08-01T13:50:00,21.9,21.9773,22.3,22.3,Out,200
2026-08-01T14:00:00,22,21.9786,22.2,22.3,Out,200
2026-08-01T14:10:00,22,21.9937,22.2,22.3,Out,200
2026-08-01T14:20:00,22,22.0116,22.2,22.2,Out,200
2026-08-01T14:30:00,22,22.0185,22.1,22.3,Out,200
2026-08-01T14:40:00,22,22.0198,22.2,22.2,Out,200
2026-08-01T14:50:00,22,22.0226,22.2,22.2,Out,200
2026-08-01T15:00:00,22,22.0116,22.1,22.3,Out,200
2026-08-01T15:10:00,22,21.991,22.2,22.3,Out,200
2026-08-01T15:20:00,21.9,21.969,22.2,22.2,Out,200
2026-08-01T15:30:00,21.9,21.9608,22.3,22.3,Out,200
2026-08-01T15:40:00,21.9,21.9512,22.2,22.3,Out,200
2026-08-01T15:50:00,21.9,21.9443,22.1,22.2,Out,200
2026-08-01T16:00:00,21.9,21.9567,22.1,22.2,Out,200
2026-08-01T16:10:00,22,21.9567,22.2,22.2,Out,200
2026-08-01T16:20:00,22,21.9649,22.1,22.2,Out,200
2026-08-01T16:30:00,21.9,21.9855,22.1,22.2,Out,200
2026-08-01T16:40:00,22,21.9924,22.2,22.2,Out,200
2026-08-01T16:50:00,22,21.991,22.1,22.2,Out,200
2026-08-01T17:00:00,22,22.0226,22.2,22.2,Out,200
2026-08-01T17:10:00,22,22.0404,22.2,22.3,Out,200
2026-08-01T17:20:00,22,22.0116,22.2,22.2,Out,200
2026-08-01T17:30:00,22,22.0116,22.2,22.2,Out,200
2026-08-01T17:40:00,22,22.0171,22.2,22.3,Out,200
2026-08-01T17:50:00,22,22.0212,22.2,22.2,Out,200
2026-08-01T18:00:00,22,22.0308,22.1,22.3,Out,200
2026-08-01T18:10:00,22,22.0487,22.2,22.3,Out,200
2026-08-01T18:20:00,22,22.0583,22.3,22.3,Out,200
2026-08-01T18:30:00,22,22.0734,22.2,22.3,Out,200
2026-08-01T18:40:00,22,22.0583,22.2,22.4,Out,200
2026-08-01T18:50:00,22,22.0432,22.3,22.4,Out,200
2026-08-01T19:00:00,22,22.0363,22.3,22.4,Out,200
2026-08-01T19:10:00,22,22.0295,22.3,22.3,Out,200
2026-08-01T19:20:00,22,22.0198,22.1,22.3,Out,200
2026-08-01T19:30:00,22,22.0075,22.2,22.3,Out,200
2026-08-01T19:40:00,22,22.002,22.2,22.2,Out,200
2026-08-01T19:50:00,22,21.9828,22.2,22.2,Out,200
2026-08-01T20:00:00,22,21.9841,22.2,22.3,Out,200
2026-08-01T20:10:00,22,21.9883,22.2,22.2,Out,200
2026-08-01T20:20:00,21.9,21.9814,22.1,22.2,Out,200
2026-08-01T20:30:00,21.9,21.932,22.1,22.3,Out,200
2026-08-01T20:40:00,21.9,21.9086,22.1,22.2,Out,200
2026-08-01T20:50:00,21.9,21.9017,22.2,22.2,Out,200
2026-08-01T21:00:00,21.9,21.9168,22.2,22.2,Out,200
2026-08-01T21:10:00,21.9,21.9484,22.1,22.2,Out,200
2026-08-01T21:20:00,21.9,21.9773,22.1,22.2,Out,200
2026-08-01T21:30:00,22,22.0061,22.1,22.2,Out,200
2026-08-01T21:40:00,22.1,22.1132,22.1,22.2,Out,200
2026-08-01T21:50:00,22.1,22.1957,22.1,22.3,Out,200
2026-08-01T22:00:00,22.2,22.2658,22.1,22.3,Out,200
2026-08-01T22:10:00,22.2,22.2603,22.3,22.4,Out,200
2026-08-01T22:20:00,22.3,22.2782,22.4,22.4,Out,200
2026-08-01T22:30:00,22.3,22.2878,22.4,22.5,Out,200
2026-08-01T22:40:00,22.3,22.3166,22.5,22.5,Out,200
2026-08-01T22:50:00,22.3,22.329,22.4,22.5,Out,200
2026-08-01T23:00:00,22.3,22.3304,22.5,22.5,Out,200
2026-08-01T23:10:00,22.4,22.3813,22.5,22.6,Out,200
2026-08-01T23:20:00,22.3,22.3881,22.5,22.6,Out,200
2026-08-01T23:30:00,22.3,22.3593,22.6,22.7,Out,200
2026-08-01T23:40:00,22.3,22.3221,22.5,22.7,Out,200
2026-08-01T23:50:00,22.3,22.3029,22.6,22.7,Out,200
2026-08-02T00:00:00,22.2,22.2754,22.6,22.7,Out,200
2026-08-02T00:10:00,22.2,22.23,22.5,22.7,Out,200
2026-08-02T00:20:00,22.2,22.2039,22.5,22.6,Out,200
2026-08-02T00:30:00,22.1,22.1613,22.4,22.5,Out,200
2026-08-02T00:40:00,22.1,22.1613,22.5,22.5,Out,200
2026-08-02T00:50:00,22.1,22.1476,22.4,22.5,Out,200
2026-08-02T01:00:00,22.1,22.138,22.4,22.5,Out,200
2026-08-02T01:10:00,22.1,22.1215,22.4,22.5,Out,200
2026-08-02T01:20:00,22.1,22.1105,22.3,22.4,Out,200
2026-08-02T01:30:00,22,22.094,22.3,22.5,Out,200
2026-08-02T01:40:00,22,22.0858,22.3,22.4,Out,200
2026-08-02T01:50:00,22,22.0253,22.3,22.4,Out,200
2026-08-02T02:00:00,22,22.0075,22.3,22.3,Out,200
2026-08-02T02:10:00,22,22.0047,22.3,22.4,Out,200
2026-08-02T02:20:00,22,22.0034,22.3,22.4,Out,200
2026-08-02T02:30:00,22,22.013,22.2,22.4,Out,200
2026-08-02T02:40:00,22,22.0349,22.1,22.3,Out,200
2026-08-02T02:50:00,22,22.0308,22.2,22.3,Out,200
2026-08-02T03:00:00,22,22.0267,22.2,22.4,Out,200
2026-08-02T03:10:00,22,21.9951,22.2,22.3,Out,200
2026-08-02T03:20:00,22,21.9855,22.3,22.3,Out,200
2026-08-02T03:30:00,22,21.9992,22.2,22.3,Out,200
2026-08-02T03:40:00,22,22.0198,22.2,22.3,Out,200
2026-08-02T03:50:00,22,22.0281,22.2,22.3,Out,200
2026-08-02T04:00:00,22,22.0473,22.2,22.3,Out,200
2026-08-02T04:10:00,22,22.0597,22.2,22.3,Out,200
2026-08-02T04:20:00,22,22.0528,22.2,22.3,Out,200
2026-08-02T04:30:00,22,22.0459,22.2,22.4,Out,200
2026-08-02T04:40:00,22,22.0446,22.2,22.4,Out,200
2026-08-02T04:50:00,22,22.0528,22.2,22.2,Out,200
2026-08-02T05:00:00,22,22.0501,22.2,22.3,Out,200
2026-08-02T05:10:00,22,22.0501,22.3,22.3,Out,200
2026-08-02T05:20:00,22,22.0583,22.2,22.3,Out,200
2026-08-02T05:30:00,22.1,22.0748,22.2,22.2,Out,200
2026-08-02T05:40:00,22.1,22.1091,22.2,22.2,Out,200
2026-08-02T05:50:00,22.1,22.138,22.2,22.3,Out,200
2026-08-02T06:00:00,22.1,22.1765,22.2,22.3,Out,200
2026-08-02T06:10:00,22.1,22.1187,22.3,22.4,Out,200
2026-08-02T06:20:00,22,22.0583,22.3,22.4,Out,200
2026-08-02T06:30:00,22,22.0528,22.3,22.4,Out,200
2026-08-02T06:40:00,22,22.0542,22.4,22.4,Out,200
2026-08-02T06:50:00,22,22.061,22.3,22.4,Out,200
2026-08-02T07:00:00,22.1,22.0597,22.2,22.3,Out,200
2026-08-02T07:10:00,22,22.0418,22.2,22.3,Out,200
2026-08-02T07:20:00,21.9,21.9525,22.2,22.3,Out,200
2026-08-02T07:30:00,21.9,21.9677,22.3,22.2,Out,200
2026-08-02T07:40:00,21.9,21.9608,22.3,22.3,Out,200
2026-08-02T07:50:00,21.9,21.9759,22.2,22.3,Out,200
2026-08-02T08:00:00,22,22.0391,22.2,22.3,Out,200
2026-08-02T08:10:00,22,22.0638,22.1,22.2,Out,200
2026-08-02T08:20:00,22.1,22.083,22.1,22.3,Out,200
2026-08-02T08:30:00,22.1,22.0858,22.2,22.3,Out,200
2026-08-02T08:40:00,22.1,22.0885,22.2,22.3,Out,200
2026-08-02T08:50:00,22.1,22.1009,22.3,22.3,Out,200
2026-08-02T09:00:00,22.1,22.1957,22.3,22.3,Out,200
2026-08-02T09:10:00,22.1,22.2081,22.2,22.4,Out,200
2026-08-02T09:20:00,22.1,22.1723,22.3,22.4,Out,200
2026-08-02T09:30:00,22.1,22.182,22.4,22.5,Out,200
2026-08-02T09:40:00,22.2,22.2039,22.4,22.6,Out,200
2026-08-02T09:50:00,22.2,22.2246,22.4,22.6,Out,200
2026-08-02T10:00:00,22.2,22.2081,22.5,22.6,Out,200
2026-08-02T10:10:00,22.2,22.1998,22.4,22.5,Out,200
2026-08-02T10:20:00,22.2,22.2218,22.4,22.6,Out,200
2026-08-02T10:30:00,22.2,22.2369,22.4,22.5,Out,200
2026-08-02T10:40:00,22.2,22.2685,22.4,22.5,Out,200
2026-08-02T10:50:00,22.3,22.3483,22.4,22.5,Out,200
2026-08-02T11:00:00,22.4,22.4143,22.5,22.6,Out,200
2026-08-02T11:10:00,22.4,22.4211,22.5,22.6,Out,200
2026-08-02T11:20:00,22.3,22.384,22.5,22.6,Out,200
2026-08-02T11:30:00,22.4,22.3785,22.6,22.6,Out,200
2026-08-02T11:40:00,22.5,22.5161,22.7,22.8,Out,200
2026-08-02T11:50:00,22.5,22.5587,22.7,22.8,Out,200
2026-08-02T12:00:00,22.3,22.4253,22.6,22.7,Out,200
2026-08-02T12:10:00,22.3,22.3455,22.6,22.8,Out,200
2026-08-02T12:20:00,22.2,22.1888,22.7,22.8,Out,200
2026-08-02T12:30:00,22.1,22.1421,22.7,22.8,Out,200
2026-08-02T12:40:00,22.1,22.1297,22.6,22.7,Out,200
2026-08-02T12:50:00,22.1,22.1105,22.5,22.5,Out,200
2026-08-02T13:00:00,22.1,22.1146,22.4,22.4,Out,200
2026-08-02T13:10:00,22.1,22.0844,22.3,22.3,Out,200
2026-08-02T13:20:00,22,22.0418,22.3,22.4,Out,200
2026-08-02T13:30:00,22,21.9965,22.3,22.4,Out,200
2026-08-02T13:40:00,22,21.9883,22.3,22.4,Out,200
2026-08-02T13:50:00,22,21.991,22.3,22.3,Out,200
2026-08-02T14:00:00,22,22.0006,22.3,22.3,Out,200
2026-08-02T14:10:00,22,22.0295,22.2,22.2,Out,200
2026-08-02T14:20:00,22,22.0404,22.2,22.2,Out,200
2026-08-02T14:30:00,22.1,22.0775,22.2,22.2,Out,200
2026-08-02T14:40:00,22.1,22.0817,22.2,22.3,Out,200
2026-08-02T14:50:00,22.1,22.0995,22.3,22.3,Out,200
2026-08-02T15:00:00,22.1,22.1449,22.3,22.4,Out,200
2026-08-02T15:10:00,22.1,22.149,22.3,22.4,Out,200
2026-08-02T15:20:00,22.1,22.138,22.3,22.4,Out,200
2026-08-02T15:30:00,22,22.0487,22.3,22.4,Out,200
2026-08-02T15:40:00,22,22.0253,22.4,22.4,Out,200
2026-08-02T15:50:00,22,22.0418,22.3,22.4,Out,200
2026-08-02T16:00:00,22.1,22.1187,22.3,22.4,Out,200
2026-08-02T16:10:00,22.1,22.1435,22.3,22.4,Out,200
2026-08-02T16:20:00,22.1,22.1531,22.3,22.3,Out,200
2026-08-02T16:30:00,22.1,22.1531,22.3,22.4,Out,200
2026-08-02T16:40:00,22,22.0707,22.3,22.4,Out,200
2026-08-02T16:50:00,22,22.0047,22.3,22.5,Out,200
2026-08-02T17:00:00,22,21.9937,22.4,22.5,Out,200
2026-08-02T17:10:00,22,21.9924,22.4,22.4,Out,200
2026-08-02T17:20:00,22,21.9937,22.2,22.3,Out,200
2026-08-02T17:30:00,22,21.9924,22.2,22.2,Out,200
2026-08-02T17:40:00,22,21.9924,22.1,22.2,Out,200
2026-08-02T17:50:00,22,21.9979,22.2,22.2,Out,200
2026-08-02T18:00:00,22,22.0047,22.2,22.3,Out,200
2026-08-02T18:10:00,22,22.0047,22.2,22.3,Out,200
2026-08-02T18:20:00,22,22.0267,22.1,22.4,Out,200
2026-08-02T18:30:00,22,22.0349,22.1,22.2,Out,200
2026-08-02T18:40:00,22,22.0363,22.1,22.2,Out,200
2026-08-02T18:50:00,22,22.0432,22.2,22.2,Out,200
2026-08-02T19:00:00,22,22.0446,22.2,22.3,Out,200
2026-08-02T19:10:00,22,22.0501,22.2,22.2,Out,200
2026-08-02T19:20:00,22,22.0377,22.2,22.3,Out,200
2026-08-02T19:30:00,22,22.0281,22.2,22.3,Out,200
2026-08-02T19:40:00,22,22.0322,22.2,22.3,Out,200
2026-08-02T19:50:00,22.1,22.0707,22.2,22.3,Out,200
2026-08-02T20:00:00,22.1,22.1421,22.2,22.2,Out,200
2026-08-02T20:10:00,22.2,22.1971,22.2,22.2,Out,200
2026-08-02T20:20:00,22.2,22.2328,22.2,22.4,Out,200
2026-08-02T20:30:00,22.3,22.3441,22.3,22.4,Out,200
2026-08-02T20:40:00,22.3,22.3881,22.4,22.5,Out,200
2026-08-02T20:50:00,22.4,22.4074,22.4,22.5,Out,200
2026-08-02T21:00:00,22.3,22.3826,22.5,22.6,Out,200
2026-08-02T21:10:00,22.3,22.3098,22.6,22.7,Out,200
2026-08-02T21:20:00,22.3,22.3029,22.6,22.6,Out,200
2026-08-02T21:30:00,22.3,22.3125,22.6,22.6,Out,200
2026-08-02T21:40:00,22.3,22.3194,22.6,22.6,Out,200
2026-08-02T21:50:00,22.3,22.3414,22.6,22.6,Out,200
2026-08-02T22:00:00,22.3,22.3496,22.5,22.6,Out,200
2026-08-02T22:10:00,22.2,22.2864,22.5,22.6,Out,200
2026-08-02T22:20:00,22.1,22.138,22.5,22.5,Out,200
2026-08-02T22:30:00,22.1,22.1132,22.5,22.6,Out,200
2026-08-02T22:40:00,22.1,22.105,22.6,22.6,Out,200
2026-08-02T22:50:00,22.1,22.094,22.4,22.4,Out,200
2026-08-02T23:00:00,22.1,22.0762,22.3,22.4,Out,200
2026-08-02T23:10:00,22,22.0665,22.3,22.4,Out,200
2026-08-02T23:20:00,22,22.0693,22.2,22.3,Out,200
2026-08-02T23:30:00,22,22.0569,22.3,22.3,Out,200
2026-08-02T23:40:00,22,22.0322,22.2,22.3,Out,200
2026-08-02T23:50:00,21.9,21.9855,22.3,22.3,Out,200
2026-08-03T00:00:00,22,21.9924,22.2,22.3,Out,200
2026-08-03T00:10:00,21.9,21.9745,22.2,22.2,Out,200
2026-08-03T00:20:00,21.9,21.969,22.2,22.3,Out,200
2026-08-03T00:30:00,21.9,21.9635,22.2,22.2,Out,200
2026-08-03T00:40:00,21.9,21.9306,22.2,22.2,Out,200
2026-08-03T00:50:00,21.9,21.932,22.2,22.2,Out,200
2026-08-03T01:00:00,21.9,21.9278,22.1,22.2,Out,200
2026-08-03T01:10:00,21.9,21.9429,22.1,22.2,Out,200
2026-08-03T01:20:00,22,21.9553,22,22.2,Out,200
2026-08-03T01:30:00,21.9,21.9677,22.1,22.3,Out,200
2026-08-03T01:40:00,21.9,21.9677,22.1,22.2,Out,200
2026-08-03T01:50:00,21.9,21.991,22.1,22.2,Out,200
2026-08-03T02:00:00,21.9,21.9718,22.1,22.2,Out,200
2026-08-03T02:10:00,21.9,21.9704,22.1,22.2,Out,200
2026-08-03T02:20:00,22,21.9773,22.1,22.2,Out,200
2026-08-03T02:30:00,22,21.9869,22.2,22.2,Out,200
2026-08-03T02:40:00,22,21.991,22.2,22.2,Out,200
2026-08-03T02:50:00,22,21.9965,22.1,22.3,Out,200
2026-08-03T03:00:00,22,21.9979,22.1,22.3,Out,200
2026-08-03T03:10:00,22,21.9992,22.2,22.2,Out,200
2026-08-03T03:20:00,22,22.0336,22.2,22.3,Out,200
2026-08-03T03:30:00,22,22.0665,22.2,22.2,Out,200
2026-08-03T03:40:00,22,22.0734,22.2,22.3,Out,200
2026-08-03T03:50:00,22,22.0734,22.2,22.3,Out,200
2026-08-03T04:00:00,22,22.0748,22.3,22.3,Out,200
2026-08-03T04:10:00,22.1,22.083,22.2,22.3,Out,200
2026-08-03T04:20:00,22.1,22.0871,22.3,22.3,Out,200
2026-08-03T04:30:00,22.1,22.0844,22.2,22.2,Out,200
2026-08-03T04:40:00,22.1,22.0762,22.3,22.4,Out,200
2026-08-03T04:50:00,22,22.0707,22.2,22.4,Out,200
2026-08-03T05:00:00,22,22.0624,22.3,22.3,Out,200
2026-08-03T05:10:00,22,22.0102,22.3,22.3,Out,200
2026-08-03T05:20:00,22,21.9745,22.2,22.3,Out,200
2026-08-03T05:30:00,21.9,21.9471,22.3,22.3,Out,200
2026-08-03T05:40:00,21.9,21.9374,22.3,22.3,Out,200
2026-08-03T05:50:00,21.9,21.9347,22.2,22.3,Out,200
2026-08-03T06:00:00,21.9,21.9347,22.2,22.2,Out,200
2026-08-03T06:10:00,21.9,21.9347,22.1,22.2,Out,200
2026-08-03T06:20:00,21.9,21.9361,22.1,22.2,Out,200
2026-08-03T06:30:00,21.9,21.932,22.1,22.1,Out,200
2026-08-03T06:40:00,21.9,21.9333,22.1,22.1,Out,200
2026-08-03T06:50:00,21.9,21.9361,22.1,22.2,Out,200
2026-08-03T07:00:00,21.9,21.9361,22.1,22.1,Out,200
2026-08-03T07:10:00,21.9,21.9361,22.1,22.1,Out,200
2026-08-03T07:20:00,21.9,21.9388,22.1,22.2,Out,200
2026-08-03T07:30:00,21.9,21.9498,22.1,22.2,Out,200
2026-08-03T07:40:00,22,21.98,22.1,22.2,Out,200
2026-08-03T07:50:00,22,22.013,22.1,22.1,Out,200
2026-08-03T08:00:00,22,22.0363,22.1,22.2,Out,200
2026-08-03T08:10:00,21.9,21.9924,22.2,22.2,Out,200
2026-08-03T08:20:00,21.9,21.9553,22.2,22.2,Out,200
2026-08-03T08:30:00,21.9,21.9429,22.3,22.3,Out,200
2026-08-03T08:40:00,21.9,21.9251,22.2,22.3,Out,200
2026-08-03T08:50:00,21.9,21.9402,22.1,22.3,Out,200
2026-08-03T09:00:00,22,21.9525,22.1,22.2,Out,200
2026-08-03T09:10:00,21.9,21.9635,22.1,22.2,Out,200
2026-08-03T09:20:00,21.9,21.9608,22.1,22.2,Out,200
2026-08-03T09:30:00,21.9,21.9512,22.1,22.2,Out,200
2026-08-03T09:40:00,21.9,21.9402,22.1,22.2,Out,200
2026-08-03T09:50:00,21.9,21.9416,22.2,22.2,Out,200
2026-08-03T10:00:00,21.9,21.9773,22.1,22.2,Out,200
2026-08-03T10:10:00,22,22.0404,22.1,22.1,Out,200
2026-08-03T10:20:00,22.1,22.072,22.1,22.2,Out,200
2026-08-03T10:30:00,22.1,22.0885,22.2,22.2,Out,200
2026-08-03T10:40:00,22.2,22.1847,22.2,22.3,Out,200
2026-08-03T10:50:00,22.5,22.4789,22.2,22.3,Out,200
2026-08-03T11:00:00,22.4,22.5298,22.3,22.3,Out,200
2026-08-03T11:10:00,22.4,22.4858,22.3,22.5,Out,200
2026-08-03T11:20:00,22.5,22.4927,22.6,22.7,Out,200
2026-08-03T11:30:00,22.5,22.5092,22.7,22.7,Out,200
2026-08-03T11:40:00,22.3,22.329,22.7,22.8,Out,200
2026-08-03T11:50:00,22.2,22.2548,22.7,22.8,Out,200
2026-08-03T12:00:00,22.1,22.1833,22.7,22.7,Out,200
2026-08-03T12:10:00,22,22.0652,22.7,22.7,Out,200
2026-08-03T12:20:00,22,22.0459,22.5,22.6,Out,200
2026-08-03T12:30:00,22,22.0377,22.4,22.5,Out,200
2026-08-03T12:40:00,22,22.0418,22.3,22.4,Out,200
2026-08-03T12:50:00,22,22.0308,22.2,22.3,Out,200
2026-08-03T13:00:00,22,22.0185,22.3,22.3,Out,200
2026-08-03T13:10:00,22,22.013,22.3,22.2,Out,200
2026-08-03T13:20:00,22,22.0143,22.2,22.3,Out,200
2026-08-03T13:30:00,21.9,21.9677,22.2,22.2,Out,200
2026-08-03T13:40:00,22,21.9608,22.2,22.2,Out,200
2026-08-03T13:50:00,21.9,21.9663,22.2,22.2,Out,200
2026-08-03T14:00:00,22,21.9731,22.2,22.2,Out,200
2026-08-03T14:10:00,22,21.9786,22.2,22.2,Out,200
2026-08-03T14:20:00,22,21.9828,22.1,22.2,Out,200
2026-08-03T14:30:00,22,21.9883,22.2,22.2,Out,200
2026-08-03T14:40:00,22,21.9869,22.1,22.2,Out,200
2026-08-03T14:50:00,22,21.9951,22.2,22.2,Out,200
2026-08-03T15:00:00,22,21.9992,22.1,22.2,Out,200
2026-08-03T15:10:00,22,22.0006,22.2,22.2,Out,200
2026-08-03T15:20:00,22,22.0047,22.2,22.2,Out,200
2026-08-03T15:30:00,22,22.002,22.1,22.3,Out,200
2026-08-03T15:40:00,22,22.0061,22.2,22.2,Out,200
2026-08-03T15:50:00,22,22.0089,22.1,22.3,Out,200
2026-08-03T16:00:00,22,22.013,22.2,22.3,Out,200
2026-08-03T16:10:00,22,22.0157,22.2,22.2,Out,200
2026-08-03T16:20:00,22,22.0198,22.2,22.3,Out,200
2026-08-03T16:30:00,22,22.0432,22.3,22.4,Out,200
2026-08-03T16:40:00,21.9,21.9841,22.2,22.3,Out,200
2026-08-03T16:50:00,21.9,21.9745,22.2,22.3,Out,200
2026-08-03T17:00:00,21.9,21.9567,22.2,22.3,Out,200
2026-08-03T17:10:00,21.9,21.9498,22.2,22.3,Out,200
2026-08-03T17:20:00,21.9,21.9484,22.2,22.3,Out,200
2026-08-03T17:30:00,21.9,21.9553,22.1,22.3,Out,200
2026-08-03T17:40:00,22,21.9677,22.1,22.2,Out,200
2026-08-03T17:50:00,22,21.9773,22.1,22.2,Out,200
2026-08-03T18:00:00,22,21.9869,22.1,22.2,Out,200
2026-08-03T18:10:00,22,21.9979,22.1,22.2,Out,200
2026-08-03T18:20:00,22,22.0006,22.1,22.2,Out,200
2026-08-03T18:30:00,22,22.0212,22.2,22.2,Out,200
2026-08-03T18:40:00,22,22.0459,22.2,22.2,Out,200
2026-08-03T18:50:00,22,22.0391,22.1,22.2,Out,200
2026-08-03T19:00:00,22,22.0336,22.2,22.3,Out,200
2026-08-03T19:10:00,22,22.0404,22.3,22.3,Out,200
2026-08-03T19:20:00,22,22.0349,22.2,22.3,Out,200
2026-08-03T19:30:00,22,22.0075,22.2,22.2,Out,200
2026-08-03T19:40:00,21.9,21.9828,22.2,22.3,Out,200
2026-08-03T19:50:00,21.9,21.9278,22.2,22.2,Out,200
2026-08-03T20:00:00,21.9,21.9278,22.2,22.2,Out,200
2026-08-03T20:10:00,21.9,21.932,22.2,22.2,Out,200
2026-08-03T20:20:00,21.9,21.9196,22.1,22.2,Out,200
2026-08-03T20:30:00,21.9,21.9292,22.1,22.2,Out,200
2026-08-03T20:40:00,21.9,21.9251,22.1,22.2,Out,200
2026-08-03T20:50:00,21.9,21.9127,22.1,22.2,Out,200
2026-08-03T21:00:00,21.9,21.921,22.1,22.2,Out,200
2026-08-03T21:10:00,21.9,21.91,22.1,22.2,Out,200
2026-08-03T21:20:00,21.9,21.9223,22.1,22.2,Out,200
2026-08-03T21:30:00,21.9,21.9306,22.1,22.2,Out,200
2026-08-03T21:40:00,21.9,21.9457,22.1,22.2,Out,200
2026-08-03T21:50:00,21.9,21.9443,22.1,22.1,Out,200
2026-08-03T22:00:00,21.9,21.9663,22.1,22.2,Out,200
2026-08-03T22:10:00,22,21.9608,22.1,22.2,Out,200
2026-08-03T22:20:00,22,21.969,22.1,22.2,Out,200
2026-08-03T22:30:00,22,22.0034,22.2,22.2,Out,200
2026-08-03T22:40:00,22,21.98,22.1,22.2,Out,200
2026-08-03T22:50:00,21.9,21.9608,22.1,22.2,Out,200
2026-08-03T23:00:00,22,21.9677,22.1,22.2,Out,200
2026-08-03T23:10:00,22,21.9745,22.2,22.2,Out,200
2026-08-03T23:20:00,22.1,22.1325,22.1,22.2,Out,200
2026-08-03T23:30:00,22.2,22.2424,22.1,22.2,Out,200
2026-08-03T23:40:00,22.3,22.3854,22.2,22.2,Out,200
2026-08-03T23:50:00,22.2,22.3881,22.3,22.4,Out,200
2026-08-04T00:00:00,22.2,22.263,22.4,22.6,Out,200
2026-08-04T00:10:00,22.2,22.1929,22.6,22.7,Out,200
2026-08-04T00:20:00,22.2,22.1572,22.6,22.7,Out,200
2026-08-04T00:30:00,22.1,22.1462,22.5,22.6,Out,200
2026-08-04T00:40:00,22.1,22.1339,22.6,22.7,Out,200
2026-08-04T00:50:00,22.1,22.1325,22.6,22.7,Out,200
2026-08-04T01:00:00,22.1,22.1229,22.3,22.4,Out,200
2026-08-04T01:10:00,22.1,22.1297,22.3,22.4,Out,200
2026-08-04T01:20:00,22.1,22.1339,22.3,22.4,Out,200
2026-08-04T01:30:00,22.1,22.1325,22.3,22.4,Out,200
2026-08-04T01:40:00,22.1,22.1366,22.3,22.4,Out,200
2026-08-04T01:50:00,22.1,22.1325,22.3,22.4,Out,200
2026-08-04T02:00:00,22.1,22.1023,22.4,22.4,Out,200
2026-08-04T02:10:00,22.1,22.0748,22.3,22.4,Out,200
2026-08-04T02:20:00,22,22.0556,22.4,22.4,Out,200
2026-08-04T02:30:00,22,22.0459,22.3,22.4,Out,200
2026-08-04T02:40:00,22,22.0377,22.3,22.4,Out,200
2026-08-04T02:50:00,22,21.9965,22.3,22.3,Out,200
2026-08-04T03:00:00,22,21.9704,22.3,22.3,Out,200
2026-08-04T03:10:00,22,21.9896,22.2,22.3,Out,200
2026-08-04T03:20:00,22,21.9992,22.2,22.2,Out,200
2026-08-04T03:30:00,22,22.0226,22.2,22.3,Out,200
2026-08-04T03:40:00,22,22.0418,22.1,22.3,Out,200
2026-08-04T03:50:00,22.1,22.1105,22.1,22.2,Out,200
2026-08-04T04:00:00,22.1,22.1696,22.2,22.2,Out,200
2026-08-04T04:10:00,22.2,22.1971,22.2,22.3,Out,200
2026-08-04T04:20:00,22.2,22.2094,22.2,22.3,Out,200
2026-08-04T04:30:00,22.2,22.2246,22.4,22.4,Out,200
2026-08-04T04:40:00,22.1,22.1861,22.4,22.5,Out,200
2026-08-04T04:50:00,22.1,22.116,22.4,22.5,Out,200
2026-08-04T05:00:00,22,21.9979,22.4,22.5,Out,200
2026-08-04T05:10:00,22,21.9745,22.4,22.4,Out,200
2026-08-04T05:20:00,21.9,21.9731,22.4,22.4,Out,200
2026-08-04T05:30:00,22,21.9759,22.3,22.4,Out,200
2026-08-04T05:40:00,22,21.9828,22.2,22.3,Out,200
2026-08-04T05:50:00,22,21.991,22.1,22.2,Out,200
2026-08-04T06:00:00,22,21.9883,22.1,22.2,Out,200
2026-08-04T06:10:00,22,21.9937,22.1,22.2,Out,200
2026-08-04T06:20:00,22,21.9965,22.1,22.2,Out,200
2026-08-04T06:30:00,22,21.9979,22.2,22.2,Out,200
2026-08-04T06:40:00,22,22.0006,22.2,22.2,Out,200
2026-08-04T06:50:00,22,22.0006,22.1,22.2,Out,200
2026-08-04T07:00:00,22,22.0212,22.2,22.3,Out,200
2026-08-04T07:10:00,22,22.0102,22.2,22.3,Out,200
2026-08-04T07:20:00,22,22.0047,22.3,22.2,Out,200
2026-08-04T07:30:00,22,21.9965,22.2,22.3,Out,200
2026-08-04T07:40:00,22,21.9883,22.2,22.3,Out,200
2026-08-04T07:50:00,22,21.9883,22.2,22.3,Out,200
2026-08-04T08:00:00,22,21.9828,22.2,22.2,Out,200
2026-08-04T08:10:00,21.9,21.9608,22.1,22.2,Out,200
2026-08-04T08:20:00,21.9,21.91,22.1,22.3,Out,200
2026-08-04T08:30:00,21.8,21.8702,22.2,22.2,Out,200
2026-08-04T08:40:00,21.8,21.8606,22.2,22.2,Out,200
2026-08-04T08:50:00,21.8,21.8592,22.1,22.1,Out,200
2026-08-04T09:00:00,21.8,21.8523,22.1,22.1,Out,200
2026-08-04T09:10:00,21.8,21.8482,22.1,22.1,Out,200
2026-08-04T09:20:00,21.8,21.8509,22,22.1,Out,200
2026-08-04T09:30:00,21.8,21.8606,22,22.1,Out,200
2026-08-04T09:40:00,21.8,21.8674,22,22.1,Out,200
2026-08-04T09:50:00,21.9,21.8729,22,22.1,Out,200
2026-08-04T10:00:00,21.9,21.8784,22,22.1,Out,200
2026-08-04T10:10:00,21.9,21.8825,22.1,22.2,Out,200
2026-08-04T10:20:00,21.9,21.8853,22,22.2,Out,200
2026-08-04T10:30:00,21.9,21.888,22,22.1,Out,200
2026-08-04T10:40:00,21.9,21.8935,22.1,22.1,Out,200
2026-08-04T10:50:00,21.9,21.91,22.1,22.1,Out,200
2026-08-04T11:00:00,21.9,21.9168,22.1,22.1,Out,200
2026-08-04T11:10:00,21.9,21.921,22.1,22.1,Out,200
2026-08-04T11:20:00,21.9,21.9251,22,22.1,Out,200
2026-08-04T11:30:00,21.9,21.9292,22.1,22.2,Out,200
2026-08-04T11:40:00,21.9,21.9374,22.1,22.2,Out,200
2026-08-04T11:50:00,21.9,21.9553,22.1,22.1,Out,200
2026-08-04T12:00:00,22,21.9924,22.1,22.2,Out,200
2026-08-04T12:10:00,22,22.0075,22.1,22.2,Out,200
2026-08-04T12:20:00,22,22.0143,22.1,22.2,Out,200
2026-08-04T12:30:00,22,22.0226,22.2,22.2,Out,200
2026-08-04T12:40:00,22,22.013,22.2,22.2,Out,200
2026-08-04T12:50:00,22,22.002,22.2,22.2,Out,200
2026-08-04T13:00:00,22,22.0006,22.2,22.3,Out,200
2026-08-04T13:10:00,22,22.0047,22.2,22.3,Out,200
2026-08-04T13:20:00,22,22.0157,22.2,22.3,Out,200
2026-08-04T13:30:00,22,22.0377,22.2,22.2,Out,200
2026-08-04T13:40:00,22.1,22.1023,22.2,22.3,Out,200
2026-08-04T13:50:00,22.1,22.1366,22.2,22.3,Out,200
2026-08-04T14:00:00,22.1,22.1435,22.2,22.2,Out,200
2026-08-04T14:10:00,22.1,22.1476,22.3,22.4,Out,200
2026-08-04T14:20:00,22.1,22.1449,22.3,22.4,Out,200
2026-08-04T14:30:00,22.1,22.1462,22.4,22.4,Out,200
2026-08-04T14:40:00,22.1,22.149,22.3,22.4,Out,200
2026-08-04T14:50:00,22.1,22.1449,22.3,22.4,Out,200
2026-08-04T15:00:00,22.1,22.1449,22.3,22.4,Out,200
2026-08-04T15:10:00,22.1,22.149,22.3,22.4,Out,200
2026-08-04T15:20:00,22.1,22.149,22.3,22.4,Out,200
2026-08-04T15:30:00,22.1,22.1394,22.3,22.3,Out,200
2026-08-04T15:40:00,22.1,22.1325,22.3,22.4,Out,200
2026-08-04T15:50:00,22.1,22.105,22.3,22.4,Out,200
2026-08-04T16:00:00,22,22.0734,22.3,22.4,Out,200
2026-08-04T16:10:00,22,22.0295,22.3,22.4,Out,200
2026-08-04T16:20:00,22,22.0226,22.3,22.4,Out,200
2026-08-04T16:30:00,22,22.0198,22.3,22.3,Out,200
2026-08-04T16:40:00,22,22.0198,22.2,22.3,Out,200
2026-08-04T16:50:00,22,22.0198,22.2,22.3,Out,200
2026-08-04T17:00:00,22,22.0226,22.2,22.2,Out,200
2026-08-04T17:10:00,22,22.0295,22.1,22.3,Out,200
2026-08-04T17:20:00,22,22.0418,22.2,22.2,Out,200
2026-08-04T17:30:00,22.1,22.0775,22.1,22.3,Out,200
2026-08-04T17:40:00,22,22.0913,22.2,22.3,Out,200
2026-08-04T17:50:00,22.1,22.1009,22.3,22.3,Out,200
2026-08-04T18:00:00,22.1,22.1284,22.2,22.3,Out,200
2026-08-04T18:10:00,22.1,22.1929,22.3,22.4,Out,200
2026-08-04T18:20:00,22.2,22.1888,22.3,22.3,Out,200
2026-08-04T18:30:00,22,22.1023,22.3,22.4,Out,200
2026-08-04T18:40:00,22,22.0308,22.4,22.4,Out,200
2026-08-04T18:50:00,22,21.9841,22.4,22.4,Out,200
2026-08-04T19:00:00,22,21.9635,22.4,22.5,Out,200
2026-08-04T19:10:00,22,21.9622,22.3,22.3,Out,200
2026-08-04T19:20:00,22,21.9745,22.2,22.2,Out,200
2026-08-04T19:30:00,21.9,21.9759,22.1,22.2,Out,200
2026-08-04T19:40:00,22,21.9773,22.2,22.1,Out,200
2026-08-04T19:50:00,22,21.9773,22.1,22.2,Out,200
2026-08-04T20:00:00,22,21.9786,22.2,22.2,Out,200
2026-08-04T20:10:00,22,21.9924,22.2,22.2,Out,200
2026-08-04T20:20:00,22,22.0061,22.1,22.2,Out,200
2026-08-04T20:30:00,22,22.0171,22.2,22.2,Out,200
2026-08-04T20:40:00,22,22.0253,22.2,22.2,Out,200
2026-08-04T20:50:00,21.9,21.9869,22.2,22.3,Out,200
2026-08-04T21:00:00,21.9,21.9457,22.2,22.3,Out,200
2026-08-04T21:10:00,21.9,21.9306,22.2,22.3,Out,200
2026-08-04T21:20:00,21.9,21.9168,22.2,22.3,Out,200
2026-08-04T21:30:00,21.9,21.9072,22.2,22.2,Out,200
2026-08-04T21:40:00,21.9,21.91,22.1,22.2,Out,200
2026-08-04T21:50:00,21.9,21.9031,22.1,22.1,Out,200
2026-08-04T22:00:00,21.9,21.9004,22.1,22.2,Out,200
2026-08-04T22:10:00,21.9,21.9045,22.1,22.1,Out,200
2026-08-04T22:20:00,21.9,21.9072,22.1,22.1,Out,200
2026-08-04T22:30:00,21.9,21.9114,22.1,22.1,Out,200
2026-08-04T22:40:00,21.9,21.9127,22.1,22.1,Out,200
2026-08-04T22:50:00,21.9,21.9182,22.1,22.1,Out,200
2026-08-04T23:00:00,21.9,21.9265,22.1,22.1,Out,200
2026-08-04T23:10:00,21.9,21.9292,22.1,22.1,Out,200
2026-08-04T23:20:00,21.9,21.9347,22.1,22.1,Out,200
2026-08-04T23:30:00,21.9,21.9416,22.1,22.1,Out,200
2026-08-04T23:40:00,21.9,21.9443,22,22.2,Out,200
2026-08-04T23:50:00,21.9,21.9416,22.2,22.2,Out,200
2026-08-05T00:00:00,21.9,21.9443,22.1,22.2,Out,200
2026-08-05T00:10:00,21.9,21.9553,22.1,22.1,Out,200
2026-08-05T00:20:00,22,21.9553,22.1,22.2,Out,200
2026-08-05T00:30:00,21.9,21.9553,22.1,22.2,Out,200
2026-08-05T00:40:00,22,21.9649,22.1,22.2,Out,200
2026-08-05T00:50:00,22,21.9924,22.1,22.2,Out,200
2026-08-05T01:00:00,22,22.0336,22.2,22.2,Out,200
2026-08-05T01:10:00,22,22.083,22.1,22.2,Out,200
2026-08-05T01:20:00,22.1,22.1119,22.1,22.2,Out,200
2026-08-05T01:30:00,22.2,22.1833,22.2,22.2,Out,200
2026-08-05T01:40:00,22.3,22.3703,22.2,22.3,Out,200
2026-08-05T01:50:00,22.4,22.3923,22.3,22.4,Out,200
2026-08-05T02:00:00,22.2,22.2933,22.3,22.4,Out,200
2026-08-05T02:10:00,22.1,22.1641,22.5,22.6,Out,200
2026-08-05T02:20:00,22.1,22.1366,22.6,22.6,Out,200
2026-08-05T02:30:00,22.1,22.127,22.6,22.6,Out,200
2026-08-05T02:40:00,22.1,22.1297,22.4,22.5,Out,200
2026-08-05T02:50:00,22.1,22.1503,22.4,22.4,Out,200
2026-08-05T03:00:00,22.2,22.1751,22.3,22.4,Out,200
2026-08-05T03:10:00,22.1,22.1751,22.3,22.4,Out,200
2026-08-05T03:20:00,22.1,22.0899,22.3,22.4,Out,200
2026-08-05T03:30:00,22.1,22.0858,22.3,22.4,Out,200
2026-08-05T03:40:00,22.1,22.0885,22.3,22.4,Out,200
2026-08-05T03:50:00,22.1,22.0858,22.4,22.4,Out,200
2026-08-05T04:00:00,22.1,22.0913,22.2,22.3,Out,200
2026-08-05T04:10:00,22.1,22.0954,22.3,22.4,Out,200
2026-08-05T04:20:00,22.1,22.0871,22.2,22.3,Out,200
2026-08-05T04:30:00,22.1,22.0775,22.3,22.3,Out,200
2026-08-05T04:40:00,22.1,22.0762,22.3,22.4,Out,200
2026-08-05T04:50:00,22,22.0789,22.3,22.3,Out,200
2026-08-05T05:00:00,22.1,22.0871,22.3,22.3,Out,200
2026-08-05T05:10:00,22.1,22.0844,22.3,22.3,Out,200
2026-08-05T05:20:00,22.1,22.0871,22.3,22.3,Out,200
2026-08-05T05:30:00,22,22.0542,22.2,22.4,Out,200
2026-08-05T05:40:00,22,21.9855,22.3,22.4,Out,200
2026-08-05T05:50:00,21.9,21.9965,22.3,22.3,Out,200
2026-08-05T06:00:00,22,21.9937,22.2,22.3,Out,200
2026-08-05T06:10:00,22,22.0034,22.2,22.2,Out,200
2026-08-05T06:20:00,22,22.0171,22.2,22.2,Out,200
2026-08-05T06:30:00,22,22.0061,22.3,22.3,Out,200
2026-08-05T06:40:00,22,21.9965,22.2,22.2,Out,200
2026-08-05T06:50:00,21.9,21.9731,22.2,22.2,Out,200
2026-08-05T07:00:00,21.9,21.9512,22.2,22.3,Out,200
2026-08-05T07:10:00,21.9,21.9471,22.2,22.2,Out,200
2026-08-05T07:20:00,21.9,21.9457,22.2,22.2,Out,200
2026-08-05T07:30:00,21.9,21.9457,22.2,22.2,Out,200
2026-08-05T07:40:00,21.9,21.9622,22.1,22.2,Out,200
2026-08-05T07:50:00,22,21.9992,22.1,22.2,Out,200
2026-08-05T08:00:00,22,21.9759,22.1,22.2,Out,200
2026-08-05T08:10:00,21.9,21.958,22.1,22.2,Out,200
2026-08-05T08:20:00,22,21.9594,22.1,22.2,Out,200
2026-08-05T08:30:00,21.9,21.9649,22.2,22.4,Out,200
2026-08-05T08:40:00,21.9,21.9594,22.2,22.2,Out,200
2026-08-05T08:50:00,22,21.9594,22.1,22.3,Out,200
2026-08-05T09:00:00,21.9,21.958,22.1,22.2,Out,200
2026-08-05T09:10:00,21.9,21.9594,22.2,22.2,Out,200
2026-08-05T09:20:00,21.9,21.9553,22.2,22.2,Out,200
2026-08-05T09:30:00,22,21.9539,22.1,22.2,Out,200
2026-08-05T09:40:00,22,21.9553,22.1,22.1,Out,200
2026-08-05T09:50:00,22,21.9553,22.1,22.2,Out,200
2026-08-05T10:00:00,21.9,21.9594,22.1,22.2,Out,200
2026-08-05T10:10:00,21.9,21.9677,22.1,22.2,Out,200
2026-08-05T10:20:00,21.9,21.9704,22.1,22.2,Out,200
2026-08-05T10:30:00,22,21.9759,22.1,22.2,Out,200
2026-08-05T10:40:00,21.9,21.9759,22.1,22.2,Out,200
2026-08-05T10:50:00,21.9,21.9388,22.1,22.2,Out,200
2026-08-05T11:00:00,21.9,21.9223,22.1,22.2,Out,200
2026-08-05T11:10:00,21.9,21.91,22.1,22.2,Out,200
2026-08-05T11:20:00,21.9,21.9114,22.1,22.2,Out,200
2026-08-05T11:30:00,21.9,21.9196,22.1,22.2,Out,200
2026-08-05T11:40:00,21.9,21.9251,22.1,22.2,Out,200
2026-08-05T11:50:00,21.9,21.9278,22.1,22.2,Out,200
2026-08-05T12:00:00,21.9,21.9498,22.1,22.1,Out,200
2026-08-05T12:10:00,21.9,21.9567,22.1,22.2,Out,200
2026-08-05T12:20:00,21.9,21.9512,22.1,22.2,Out,200
2026-08-05T12:30:00,22,21.9567,22.1,22.2,Out,200
2026-08-05T12:40:00,22,21.9841,22.2,22.2,Out,200
2026-08-05T12:50:00,22,22.0143,22.1,22.2,Out,200
2026-08-05T13:00:00,22,22.0336,22.1,22.1,Out,200
2026-08-05T13:10:00,22.1,22.0995,22.2,22.2,Out,200
2026-08-05T13:20:00,22.1,22.149,22.1,22.3,Out,200
2026-08-05T13:30:00,22.1,22.171,22.2,22.3,Out,200
2026-08-05T13:40:00,22.2,22.2094,22.2,22.3,Out,200
2026-08-05T13:50:00,22.2,22.2823,22.3,22.4,Out,200
2026-08-05T14:00:00,22.2,22.2754,22.4,22.4,Out,200
2026-08-05T14:10:00,22.2,22.1943,22.3,22.5,Out,200
2026-08-05T14:20:00,22.2,22.1765,22.4,22.5,Out,200
2026-08-05T14:30:00,22.2,22.1847,22.4,22.6,Out,200
2026-08-05T14:40:00,22.2,22.2177,22.4,22.5,Out,200
2026-08-05T14:50:00,22.2,22.2328,22.4,22.4,Out,200
2026-08-05T15:00:00,22.2,22.263,22.4,22.4,Out,200
2026-08-05T15:10:00,22.3,22.274,22.4,22.5,Out,200
2026-08-05T15:20:00,22.3,22.2823,22.5,22.5,Out,200
2026-08-05T15:30:00,22.3,22.2809,22.4,22.4,Out,200
2026-08-05T15:40:00,22.3,22.2837,22.5,22.5,Out,200
2026-08-05T15:50:00,22.3,22.2974,22.5,22.5,Out,200
2026-08-05T16:00:00,22.2,22.2355,22.5,22.5,Out,200
2026-08-05T16:10:00,22,21.9937,22.5,22.5,Out,200
2026-08-05T16:20:00,21.9,21.9677,22.5,22.5,Out,200
2026-08-05T16:30:00,22,21.9718,22.5,22.5,Out,200
2026-08-05T16:40:00,22,21.98,22.4,22.4,Out,200
2026-08-05T16:50:00,22,21.9896,22.1,22.3,Out,200
2026-08-05T17:00:00,22,21.9979,22.1,22.2,Out,200
2026-08-05T17:10:00,22,22.0212,22.1,22.2,Out,200
2026-08-05T17:20:00,22,22.0542,22.1,22.2,Out,200
2026-08-05T17:30:00,22,22.0817,22.1,22.2,Out,200
2026-08-05T17:40:00,22.1,22.083,22.2,22.2,Out,200
2026-08-05T17:50:00,22.1,22.083,22.2,22.3,Out,200
2026-08-05T18:00:00,22.1,22.0789,22.3,22.4,Out,200
2026-08-05T18:10:00,22.1,22.1078,22.3,22.4,Out,200
2026-08-05T18:20:00,22.1,22.1394,22.3,22.3,Out,200
2026-08-05T18:30:00,22.1,22.1476,22.3,22.3,Out,200
2026-08-05T18:40:00,22.1,22.1215,22.3,22.3,Out,200
2026-08-05T18:50:00,22.1,22.1105,22.3,22.4,Out,200
2026-08-05T19:00:00,22.1,22.105,22.3,22.4,Out,200
2026-08-05T19:10:00,22.1,22.0899,22.3,22.4,Out,200
2026-08-05T19:20:00,22.1,22.0624,22.3,22.4,Out,200
2026-08-05T19:30:00,22,22.0501,22.3,22.4,Out,200
2026-08-05T19:40:00,22,22.0308,22.3,22.3,Out,200
2026-08-05T19:50:00,22,22.0267,22.2,22.3,Out,200
2026-08-05T20:00:00,22,22.0185,22.2,22.3,Out,200
2026-08-05T20:10:00,22,22.0047,22.2,22.3,Out,200
2026-08-05T20:20:00,22,22.0116,22.2,22.3,Out,200
2026-08-05T20:30:00,22,22.013,22.2,22.3,Out,200
2026-08-05T20:40:00,22,22.013,22.3,22.3,Out,200
2026-08-05T20:50:00,22,22.0226,22.2,22.3,Out,200
2026-08-05T21:00:00,22,22.0253,22.2,22.3,Out,200
2026-08-05T21:10:00,22,22.0226,22.2,22.3,Out,200
2026-08-05T21:20:00,22,22.0322,22.2,22.2,Out,200
2026-08-05T21:30:00,22,22.0446,22.2,22.3,Out,200
2026-08-05T21:40:00,22,22.0514,22.2,22.3,Out,200
2026-08-05T21:50:00,22,22.0528,22.3,22.2,Out,200
2026-08-05T22:00:00,22,22.0775,22.2,22.3,Out,200
2026-08-05T22:10:00,22.1,22.0858,22.2,22.3,Out,200
2026-08-05T22:20:00,22.1,22.0844,22.3,22.3,Out,200
2026-08-05T22:30:00,22.1,22.1036,22.3,22.4,Out,200
2026-08-05T22:40:00,22.1,22.1187,22.3,22.3,Out,200
2026-08-05T22:50:00,22.2,22.2026,22.3,22.4,Out,200
2026-08-05T23:00:00,22.3,22.2672,22.3,22.3,Out,200
2026-08-05T23:10:00,22.4,22.384,22.3,22.3,Out,200
2026-08-05T23:20:00,22.4,22.4363,22.4,22.5,Out,200
2026-08-05T23:30:00,22.5,22.4528,22.4,22.5,Out,200
2026-08-05T23:40:00,22.6,22.5642,22.5,22.6,Out,200
2026-08-05T23:50:00,22.7,22.7225,22.6,22.6,Out,200
2026-08-06T00:00:00,22.8,22.7982,22.6,22.7,Out,200
2026-08-06T00:10:00,22.8,22.8189,22.7,22.8,Out,200
2026-08-06T00:20:00,22.7,22.7707,22.8,22.8,Out,200
2026-08-06T00:30:00,22.5,22.6096,22.9,23.1,Out,200
2026-08-06T00:40:00,22.5,22.5009,23.1,23.2,Out,200
2026-08-06T00:50:00,22.4,22.4583,23,23.2,Out,200
2026-08-06T01:00:00,22.5,22.4597,22.9,23,Out,200
2026-08-06T01:10:00,22.4,22.4542,22.8,22.8,Out,200
2026-08-06T01:20:00,22.4,22.4404,22.6,22.7,Out,200
2026-08-06T01:30:00,22.4,22.4335,22.6,22.7,Out,200
2026-08-06T01:40:00,22.4,22.4308,22.6,22.7,Out,200
2026-08-06T01:50:00,22.3,22.3703,22.6,22.7,Out,200
2026-08-06T02:00:00,22.3,22.3496,22.6,22.7,Out,200
2026-08-06T02:10:00,22.3,22.3538,22.6,22.7,Out,200
2026-08-06T02:20:00,22.3,22.3538,22.6,22.7,Out,200
2026-08-06T02:30:00,22.3,22.3249,22.6,22.6,Out,200
2026-08-06T02:40:00,22.2,22.2397,22.5,22.6,Out,200
2026-08-06T02:50:00,22.2,22.2397,22.5,22.6,Out,200
2026-08-06T03:00:00,22.2,22.2383,22.5,22.6,Out,200
2026-08-06T03:10:00,22.2,22.2465,22.5,22.5,Out,200
2026-08-06T03:20:00,22.2,22.2548,22.4,22.5,Out,200
2026-08-06T03:30:00,22.2,22.2575,22.4,22.4,Out,200
2026-08-06T03:40:00,22.3,22.2699,22.5,22.5,Out,200
2026-08-06T03:50:00,22.3,22.2782,22.4,22.5,Out,200
2026-08-06T04:00:00,22.3,22.285,22.4,22.5,Out,200
2026-08-06T04:10:00,22.1,22.1874,22.4,22.5,Out,200
2026-08-06T04:20:00,22.1,22.1517,22.5,22.5,Out,200
2026-08-06T04:30:00,22.1,22.1201,22.4,22.5,Out,200
2026-08-06T04:40:00,22.1,22.1311,22.5,22.6,Out,200
2026-08-06T04:50:00,22.1,22.1339,22.3,22.4,Out,200
2026-08-06T05:00:00,22.1,22.1105,22.4,22.4,Out,200
2026-08-06T05:10:00,22.1,22.0926,22.3,22.5,Out,200
2026-08-06T05:20:00,22.1,22.105,22.3,22.4,Out,200
2026-08-06T05:30:00,22.1,22.127,22.3,22.4,Out,200
2026-08-06T05:40:00,22.1,22.1586,22.2,22.4,Out,200
2026-08-06T05:50:00,22.1,22.1517,22.3,22.4,Out,200
2026-08-06T06:00:00,22.1,22.1229,22.3,22.4,Out,200
2026-08-06T06:10:00,22.1,22.1036,22.3,22.4,Out,200
2026-08-06T06:20:00,22,22.0459,22.4,22.4,Out,200
2026-08-06T06:30:00,22,22.0336,22.3,22.4,Out,200
2026-08-06T06:40:00,22,22.0624,22.3,22.4,Out,200
2026-08-06T06:50:00,22,22.0583,22.3,22.4,Out,200
2026-08-06T07:00:00,22,22.0349,22.2,22.2,Out,200
2026-08-06T07:10:00,22,22.0267,22.3,22.3,Out,200
2026-08-06T07:20:00,22,22.0295,22.3,22.3,Out,200
2026-08-06T07:30:00,22,22.0253,22.3,22.3,Out,200
2026-08-06T07:40:00,22,21.9979,22.2,22.3,Out,200
2026-08-06T07:50:00,22,21.9965,22.2,22.3,Out,200
2026-08-06T08:00:00,22,21.9951,22.2,22.3,Out,200
2026-08-06T08:10:00,22,21.9759,22.2,22.2,Out,200
2026-08-06T08:20:00,22,21.991,22.2,22.2,Out,200
2026-08-06T08:30:00,22,22.0391,22.3,22.2,Out,200
2026-08-06T08:40:00,22,22.0295,22.2,22.2,Out,200
2026-08-06T08:50:00,22,22.0295,22.2,22.2,Out,200
2026-08-06T09:00:00,22,22.0528,22.2,22.3,Out,200
2026-08-06T09:10:00,22.1,22.0885,22.2,22.3,Out,200
2026-08-06T09:20:00,22.1,22.1229,22.2,22.3,Out,200
2026-08-06T09:30:00,22.1,22.1352,22.2,22.3,Out,200
2026-08-06T09:40:00,22.1,22.127,22.2,22.3,Out,200
2026-08-06T09:50:00,22.1,22.1091,22.3,22.4,Out,200
2026-08-06T10:00:00,22,22.0734,22.3,22.4,Out,200
2026-08-06T10:10:00,22.1,22.0858,22.3,22.4,Out,200
2026-08-06T10:20:00,22.1,22.1174,22.3,22.4,Out,200
2026-08-06T10:30:00,22.1,22.1352,22.3,22.3,Out,200
2026-08-06T10:40:00,22.1,22.1435,22.3,22.4,Out,200
2026-08-06T10:50:00,22.1,22.1352,22.2,22.4,Out,200
2026-08-06T11:00:00,22.1,22.1558,22.3,22.4,Out,200
2026-08-06T11:10:00,22.3,22.2947,22.3,22.5,Out,200
2026-08-06T11:20:00,22.3,22.3276,22.3,22.4,Out,200
2026-08-06T11:30:00,22.4,22.3716,22.3,22.4,Out,200
2026-08-06T11:40:00,22.4,22.3881,22.5,22.6,Out,200
2026-08-06T11:50:00,22.4,22.3936,22.6,22.6,Out,200
2026-08-06T12:00:00,22.4,22.3978,22.5,22.6,Out,200
2026-08-06T12:10:00,22.4,22.4817,22.6,22.7,Out,200
2026-08-06T12:20:00,22.5,22.5573,22.5,22.7,Out,200
2026-08-06T12:30:00,22.5,22.5697,22.6,22.7,Out,200
2026-08-06T12:40:00,22.5,22.5174,22.6,22.7,Out,200
2026-08-06T12:50:00,22.3,22.3991,22.8,22.9,Out,200
2026-08-06T13:00:00,22.3,22.3703,22.7,22.7,Out,200
2026-08-06T13:10:00,22.3,22.3386,22.8,22.8,Out,200
2026-08-06T13:20:00,22.3,22.329,22.7,22.7,Out,200
2026-08-06T13:30:00,22.3,22.3373,22.6,22.6,Out,200
2026-08-06T13:40:00,22.3,22.3441,22.6,22.6,Out,200
2026-08-06T13:50:00,22.2,22.2369,22.5,22.5,Out,200
2026-08-06T14:00:00,22.2,22.2562,22.6,22.6,Out,200
2026-08-06T14:10:00,22.2,22.2465,22.5,22.6,Out,200
2026-08-06T14:20:00,22.3,22.263,22.6,22.6,Out,200
2026-08-06T14:30:00,22.3,22.3194,22.4,22.5,Out,200
2026-08-06T14:40:00,22.4,22.4445,22.5,22.5,Out,200
2026-08-06T14:50:00,22.4,22.5326,22.5,22.6,Out,200
2026-08-06T15:00:00,22.5,22.5326,22.5,22.6,Out,200
2026-08-06T15:10:00,22.4,22.5284,22.6,22.7,Out,200
2026-08-06T15:20:00,22.4,22.4294,22.7,22.8,Out,200
2026-08-06T15:30:00,22.3,22.3331,22.7,22.8,Out,200
2026-08-06T15:40:00,22.2,22.2575,22.7,22.7,Out,200
2026-08-06T15:50:00,22.1,22.1517,22.7,22.7,Out,200
2026-08-06T16:00:00,22.1,22.1503,22.6,22.7,Out,200
2026-08-06T16:10:00,22.1,22.1751,22.5,22.6,Out,200
2026-08-06T16:20:00,22.1,22.1874,22.4,22.5,Out,200
2026-08-06T16:30:00,22.2,22.1916,22.4,22.4,Out,200
2026-08-06T16:40:00,22.2,22.2465,22.4,22.5,Out,200
2026-08-06T16:50:00,22.3,22.2795,22.4,22.5,Out,200
2026-08-06T17:00:00,22.3,22.3043,22.3,22.5,Out,200
2026-08-06T17:10:00,22.3,22.3139,22.4,22.5,Out,200
2026-08-06T17:20:00,22.3,22.34,22.5,22.6,Out,200
2026-08-06T17:30:00,22.3,22.3689,22.5,22.6,Out,200
2026-08-06T17:40:00,22.3,22.3194,22.5,22.6,Out,200
2026-08-06T17:50:00,22.3,22.2933,22.5,22.6,Out,200
2026-08-06T18:00:00,22.3,22.2988,22.5,22.6,Out,200
2026-08-06T18:10:00,22.2,22.2438,22.5,22.6,Out,200
2026-08-06T18:20:00,22.2,22.1971,22.5,22.6,Out,200
2026-08-06T18:30:00,22.2,22.1929,22.5,22.6,Out,200
2026-08-06T18:40:00,22.2,22.2108,22.5,22.5,Out,200
2026-08-06T18:50:00,22.2,22.1916,22.4,22.5,Out,200
2026-08-06T19:00:00,22.2,22.182,22.4,22.4,Out,200
2026-08-06T19:10:00,22.1,22.1696,22.4,22.5,Out,200
2026-08-06T19:20:00,22.1,22.1655,22.4,22.4,Out,200
2026-08-06T19:30:00,22.1,22.1421,22.3,22.4,Out,200
2026-08-06T19:40:00,22.1,22.1201,22.4,22.4,Out,200
2026-08-06T19:50:00,22.1,22.1119,22.4,22.4,Out,200
2026-08-06T20:00:00,22.1,22.1394,22.4,22.4,Out,200
2026-08-06T20:10:00,22.1,22.1737,22.3,22.4,Out,200
2026-08-06T20:20:00,22.2,22.2067,22.3,22.4,Out,200
2026-08-06T20:30:00,22,22.1146,22.3,22.4,Out,200
2026-08-06T20:40:00,22,22.0885,22.4,22.4,Out,200
2026-08-06T20:50:00,22,22.0968,22.4,22.5,Out,200
2026-08-06T21:00:00,22.1,22.0926,22.4,22.5,Out,200
2026-08-06T21:10:00,22.1,22.0926,22.4,22.6,Out,200
2026-08-06T21:20:00,22.1,22.0968,22.3,22.5,Out,200
2026-08-06T21:30:00,22.1,22.1146,22.3,22.4,Out,200
2026-08-06T21:40:00,22.2,22.1613,22.3,22.4,Out,200
2026-08-06T21:50:00,22.2,22.2287,22.3,22.4,Out,200
2026-08-06T22:00:00,22.3,22.2947,22.3,22.3,Out,200
2026-08-06T22:10:00,22.3,22.3579,22.3,22.4,Out,200
2026-08-06T22:20:00,22.2,22.3524,22.4,22.5,Out,200
2026-08-06T22:30:00,22.1,22.1297,22.4,22.5,Out,200
2026-08-06T22:40:00,22,22.0391,22.5,22.6,Out,200
2026-08-06T22:50:00,22.1,22.0459,22.6,22.6,Out,200
2026-08-06T23:00:00,22.1,22.0858,22.4,22.6,Out,200
2026-08-06T23:10:00,22.1,22.1888,22.4,22.5,Out,200
2026-08-06T23:20:00,22.2,22.263,22.3,22.3,Out,200
2026-08-06T23:30:00,22.3,22.2892,22.3,22.4,Out,200
2026-08-06T23:40:00,22.4,22.3964,22.4,22.5,Out,200
2026-08-06T23:50:00,22.5,22.4789,22.4,22.6,Out,200
2026-08-07T00:00:00,22.5,22.4652,22.5,22.6,Out,200
2026-08-07T00:10:00,22.4,22.4294,22.5,22.6,Out,200
2026-08-07T00:20:00,22.5,22.494,22.6,22.6,Out,200
2026-08-07T00:30:00,22.7,22.6743,22.6,22.7,Out,200
2026-08-07T00:40:00,22.7,22.7321,22.6,22.7,Out,200
2026-08-07T00:50:00,22.7,22.7486,22.6,22.8,Out,200
2026-08-07T01:00:00,22.8,22.8175,22.8,22.9,Out,200
2026-08-07T01:10:00,22.9,22.9649,22.9,23,Out,200
2026-08-07T01:20:00,22.9,22.9759,22.9,23,Out,200
2026-08-07T01:30:00,22.9,22.9346,22.9,23,Out,200
2026-08-07T01:40:00,22.9,22.9043,23.1,23.2,Out,200
2026-08-07T01:50:00,22.9,22.9167,23.1,23.2,Out,200
2026-08-07T02:00:00,22.6,22.6977,23.2,23.3,Out,200
2026-08-07T02:10:00,22.3,22.373,23.1,23.2,Out,200
2026-08-07T02:20:00,22.3,22.263,23.2,23.2,Out,200
2026-08-07T02:30:00,22.3,22.3441,23.1,23.1,Out,200
2026-08-07T02:40:00,22.5,22.5064,22.8,22.9,Out,200
2026-08-07T02:50:00,22.4,22.4982,22.5,22.6,Out,200
2026-08-07T03:00:00,22.3,22.3414,22.4,22.5,Out,200
2026-08-07T03:10:00,22.5,22.4762,22.6,22.7,Out,200
2026-08-07T03:20:00,22.7,22.6564,22.7,22.8,Out,200
2026-08-07T03:30:00,22.8,22.812,22.7,22.8,Out,200
2026-08-07T03:40:00,22.7,22.7844,22.6,22.8,Out,200
2026-08-07T03:50:00,22.4,22.6468,22.7,22.8,Out,200
2026-08-07T04:00:00,22.4,22.417,22.9,23.1,Out,200
2026-08-07T04:10:00,22.4,22.4129,23,23.1,Out,200
2026-08-07T04:20:00,22.4,22.4033,22.9,22.9,Out,200
2026-08-07T04:30:00,22.4,22.3799,22.6,22.7,Out,200
2026-08-07T04:40:00,22.4,22.3813,22.6,22.7,Out,200
2026-08-07T04:50:00,22.3,22.3895,22.6,22.6,Out,200
2026-08-07T05:00:00,22.4,22.4115,22.6,22.6,Out,200
2026-08-07T05:10:00,22.4,22.4459,22.6,22.6,Out,200
2026-08-07T05:20:00,22.3,22.3139,22.6,22.7,Out,200
2026-08-07T05:30:00,22.1,22.1957,22.6,22.6,Out,200
2026-08-07T05:40:00,22.1,22.1187,22.6,22.7,Out,200
2026-08-07T05:50:00,22.1,22.105,22.6,22.7,Out,200
2026-08-07T06:00:00,22.1,22.1229,22.5,22.5,Out,200
2026-08-07T06:10:00,22.1,22.1421,22.4,22.5,Out,200
2026-08-07T06:20:00,22,22.0501,22.3,22.3,Out,200
2026-08-07T06:30:00,21.9,21.9704,22.3,22.3,Out,200
2026-08-07T06:40:00,21.9,21.9937,22.3,22.4,Out,200
2026-08-07T06:50:00,21.9,21.9471,22.3,22.4,Out,200
2026-08-07T07:00:00,21.9,21.9292,22.2,22.3,Out,200
2026-08-07T07:10:00,21.9,21.9388,22.2,22.3,Out,200
2026-08-07T07:20:00,21.9,21.9512,22.1,22.2,Out,200
2026-08-07T07:30:00,21.9,21.9457,22.2,22.3,Out,200
2026-08-07T07:40:00,21.9,21.9347,22.1,22.2,Out,200
2026-08-07T07:50:00,21.9,21.91,22.1,22.2,Out,200
2026-08-07T08:00:00,21.9,21.91,22.1,22.1,Out,200
2026-08-07T08:10:00,21.9,21.9374,22.1,22.1,Out,200
2026-08-07T08:20:00,21.9,21.9594,22.1,22.2,Out,200
2026-08-07T08:30:00,22,21.9649,22.1,22.2,Out,200
2026-08-07T08:40:00,22,21.9663,22.2,22.2,Out,200
2026-08-07T08:50:00,21.9,21.9635,22.2,22.3,Out,200
2026-08-07T09:00:00,21.9,21.921,22.1,22.2,Out,200
2026-08-07T09:10:00,21.9,21.9004,22.1,22.1,Out,200
2026-08-07T09:20:00,21.9,21.8963,22.1,22.2,Out,200
2026-08-07T09:30:00,21.9,21.8825,22.1,22.2,Out,200
2026-08-07T09:40:00,21.9,21.8935,22.1,22.1,Out,200
2026-08-07T09:50:00,21.9,21.9031,22.1,22.1,Out,200
2026-08-07T10:00:00,21.9,21.9072,22.1,22.2,Out,200
2026-08-07T10:10:00,21.9,21.8798,22.1,22.1,Out,200
2026-08-07T10:20:00,21.9,21.8715,22.1,22.2,Out,200
2026-08-07T10:30:00,21.9,21.877,22.1,22.1,Out,200
2026-08-07T10:40:00,21.9,21.8839,22.1,22.1,Out,200
2026-08-07T10:50:00,21.9,21.9045,22,22.1,Out,200
2026-08-07T11:00:00,21.9,21.9031,22,22.1,Out,200
2026-08-07T11:10:00,21.9,21.9114,22.1,22.1,Out,200
2026-08-07T11:20:00,21.9,21.9196,22.1,22.1,Out,200
2026-08-07T11:30:00,21.9,21.9333,22.1,22.2,Out,200
2026-08-07T11:40:00,22,21.9677,22.1,22.2,Out,200
2026-08-07T11:50:00,21.9,21.98,22.1,22.1,Out,200
2026-08-07T12:00:00,22,21.9951,22.1,22.2,Out,200
2026-08-07T12:10:00,22,22.0212,22.1,22.2,Out,200
2026-08-07T12:20:00,22,22.0652,22.1,22.2,Out,200
2026-08-07T12:30:00,22,22.0446,22.1,22.2,Out,200
2026-08-07T12:40:00,22.1,22.0858,22.2,22.4,Out,200
2026-08-07T12:50:00,22.2,22.2204,22.3,22.5,Out,200
2026-08-07T13:00:00,22.3,22.2988,22.3,22.5,Out,200
2026-08-07T13:10:00,22.3,22.3153,22.2,22.4,Out,200
2026-08-07T13:20:00,22.3,22.3373,22.4,22.5,Out,200
2026-08-07T13:30:00,22.3,22.3345,22.4,22.5,Out,200
2026-08-07T13:40:00,22.3,22.3359,22.5,22.5,Out,200
2026-08-07T13:50:00,22.3,22.34,22.6,22.6,Out,200
2026-08-07T14:00:00,22.3,22.3455,22.6,22.6,Out,200
2026-08-07T14:10:00,22.3,22.3648,22.5,22.6,Out,200
2026-08-07T14:20:00,22.5,22.4638,22.5,22.6,Out,200
2026-08-07T14:30:00,22.6,22.5862,22.6,22.6,Out,200
2026-08-07T14:40:00,22.4,22.5257,22.5,22.6,Out,200
2026-08-07T14:50:00,22.4,22.4459,22.6,22.8,Out,200
2026-08-07T15:00:00,22.4,22.4308,22.8,22.8,Out,200
2026-08-07T15:10:00,22.4,22.406,22.8,22.9,Out,200
2026-08-07T15:20:00,22.3,22.3483,22.7,22.8,Out,200
2026-08-07T15:30:00,22.2,22.285,22.6,22.6,Out,200
2026-08-07T15:40:00,22.2,22.2342,22.6,22.6,Out,200
2026-08-07T15:50:00,22.2,22.2287,22.6,22.6,Out,200
2026-08-07T16:00:00,22.1,22.1613,22.5,22.6,Out,200
2026-08-07T16:10:00,22.1,22.1366,22.5,22.5,Out,200
2026-08-07T16:20:00,22.1,22.1792,22.4,22.4,Out,200
2026-08-07T16:30:00,22.2,22.2026,22.4,22.5,Out,200
2026-08-07T16:40:00,22.2,22.2575,22.3,22.4,Out,200
2026-08-07T16:50:00,22.2,22.2617,22.3,22.5,Out,200
2026-08-07T17:00:00,22.2,22.2218,22.4,22.5,Out,200
2026-08-07T17:10:00,22.2,22.1971,22.5,22.5,Out,200
2026-08-07T17:20:00,22.2,22.2108,22.4,22.5,Out,200
2026-08-07T17:30:00,22.2,22.2232,22.4,22.5,Out,200
2026-08-07T17:40:00,22.2,22.2328,22.4,22.5,Out,200
2026-08-07T17:50:00,22.2,22.2218,22.4,22.5,Out,200
2026-08-07T18:00:00,22.2,22.1998,22.5,22.5,Out,200
2026-08-07T18:10:00,22.2,22.171,22.4,22.5,Out,200
2026-08-07T18:20:00,22.1,22.16,22.4,22.5,Out,200
2026-08-07T18:30:00,22.1,22.1435,22.4,22.5,Out,200
2026-08-07T18:40:00,22.1,22.1435,22.3,22.4,Out,200
2026-08-07T18:50:00,22.1,22.1531,22.4,22.4,Out,200
2026-08-07T19:00:00,22.2,22.1943,22.3,22.4,Out,200
2026-08-07T19:10:00,22.1,22.1613,22.3,22.4,Out,200
2026-08-07T19:20:00,22.1,22.1311,22.4,22.5,Out,200
2026-08-07T19:30:00,22.1,22.1297,22.4,22.5,Out,200
2026-08-07T19:40:00,22.1,22.1297,22.4,22.5,Out,200
2026-08-07T19:50:00,22.1,22.1187,22.3,22.4,Out,200
2026-08-07T20:00:00,22.1,22.1091,22.3,22.4,Out,200
2026-08-07T20:10:00,22.1,22.1036,22.3,22.4,Out,200
2026-08-07T20:20:00,22.1,22.0981,22.3,22.4,Out,200
2026-08-07T20:30:00,22,22.0459,22.3,22.4,Out,200
2026-08-07T20:40:00,22,21.9883,22.3,22.4,Out,200
2026-08-07T20:50:00,22,21.9731,22.3,22.4,Out,200
2026-08-07T21:00:00,21.9,21.9443,22.3,22.4,Out,200
2026-08-07T21:10:00,21.9,21.9553,22.2,22.3,Out,200
2026-08-07T21:20:00,22,21.9828,22.1,22.2,Out,200
2026-08-07T21:30:00,21.9,21.9759,22.2,22.2,Out,200
2026-08-07T21:40:00,21.9,21.9265,22.1,22.2,Out,200
2026-08-07T21:50:00,21.9,21.9004,22.1,22.2,Out,200
2026-08-07T22:00:00,21.9,21.899,22.1,22.2,Out,200
2026-08-07T22:10:00,21.9,21.9347,22.1,22.3,Out,200
2026-08-07T22:20:00,22,21.98,22.1,22.2,Out,200
2026-08-07T22:30:00,22,21.9869,22.1,22.2,Out,200
2026-08-07T22:40:00,21.9,21.9773,22.1,22.2,Out,200
2026-08-07T22:50:00,21.9,21.9416,22.1,22.2,Out,200
2026-08-07T23:00:00,21.9,21.9306,22.2,22.2,Out,200
2026-08-07T23:10:00,21.9,21.9196,22.1,22.2,Out,200
2026-08-07T23:20:00,21.9,21.9223,22.1,22.2,Out,200
2026-08-07T23:30:00,21.9,21.9196,22.1,22.2,Out,200
2026-08-07T23:40:00,21.9,21.9196,22.1,22.1,Out,200
2026-08-07T23:50:00,21.9,21.921,22.1,22.2,Out,200
2026-08-08T00:00:00,21.9,21.9251,22.1,22.2,Out,200
2026-08-08T00:10:00,21.9,21.932,22.1,22.1,Out,200
2026-08-08T00:20:00,21.9,21.9388,22.1,22.2,Out,200
2026-08-08T00:30:00,21.9,21.9471,22.1,22.1,Out,200
2026-08-08T00:40:00,22,21.9649,22.1,22.2,Out,200
2026-08-08T00:50:00,22,21.9718,22.1,22.2,Out,200
2026-08-08T01:00:00,22,21.9731,22.1,22.2,Out,200
2026-08-08T01:10:00,22,21.969,22.1,22.3,Out,200
2026-08-08T01:20:00,22,21.9718,22.2,22.3,Out,200
2026-08-08T01:30:00,22,22.013,22.2,22.3,Out,200
2026-08-08T01:40:00,22,22.0597,22.2,22.3,Out,200
2026-08-08T01:50:00,22,22.0803,22.1,22.2,Out,200
2026-08-08T02:00:00,22.1,22.0954,22.2,22.3,Out,200
2026-08-08T02:10:00,22.1,22.1132,22.2,22.3,Out,200
2026-08-08T02:20:00,22.1,22.138,22.2,22.3,Out,200
2026-08-08T02:30:00,22.2,22.1449,22.3,22.3,Out,200
2026-08-08T02:40:00,22.2,22.1943,22.3,22.3,Out,200
2026-08-08T02:50:00,22.3,22.3304,22.3,22.4,Out,200
2026-08-08T03:00:00,22.4,22.4088,22.3,22.4,Out,200
2026-08-08T03:10:00,22.5,22.4803,22.3,22.4,Out,200
2026-08-08T03:20:00,22.6,22.6234,22.4,22.5,Out,200
2026-08-08T03:30:00,22.5,22.5408,22.6,22.7,Out,200
2026-08-08T03:40:00,22.5,22.5119,22.7,22.8,Out,200
2026-08-08T03:50:00,22.6,22.6839,22.7,22.9,Out,200
2026-08-08T04:00:00,22.5,22.6,22.8,22.9,Out,200
2026-08-08T04:10:00,22.5,22.5408,22.6,22.7,Out,200
2026-08-08T04:20:00,22.4,22.4129,22.8,22.9,Out,200
2026-08-08T04:30:00,22.4,22.3744,22.9,22.9,Out,200
2026-08-08T04:40:00,22.4,22.3936,22.8,22.8,Out,200
2026-08-08T04:50:00,22.2,22.34,22.7,22.8,Out,200
2026-08-08T05:00:00,22.2,22.1847,22.6,22.7,Out,200
2026-08-08T05:10:00,22.2,22.182,22.6,22.6,Out,200
2026-08-08T05:20:00,22.2,22.2369,22.6,22.6,Out,200
2026-08-08T05:30:00,22.3,22.3304,22.4,22.5,Out,200
2026-08-08T05:40:00,22.3,22.3758,22.4,22.5,Out,200
2026-08-08T05:50:00,22.4,22.4198,22.4,22.4,Out,200
2026-08-08T06:00:00,22.3,22.3744,22.4,22.5,Out,200
2026-08-08T06:10:00,22.3,22.351,22.6,22.6,Out,200
2026-08-08T06:20:00,22.3,22.3441,22.6,22.6,Out,200
2026-08-08T06:30:00,22.3,22.3359,22.6,22.6,Out,200
2026-08-08T06:40:00,22.3,22.3593,22.5,22.6,Out,200
2026-08-08T06:50:00,22.4,22.4225,22.6,22.6,Out,200
2026-08-08T07:00:00,22.3,22.3208,22.5,22.6,Out,200
2026-08-08T07:10:00,22.3,22.2837,22.5,22.6,Out,200
2026-08-08T07:20:00,22.2,22.2369,22.6,22.7,Out,200
2026-08-08T07:30:00,22.2,22.2383,22.7,22.7,Out,200
2026-08-08T07:40:00,22.2,22.241,22.5,22.6,Out,200
2026-08-08T07:50:00,22.1,22.1888,22.5,22.6,Out,200
2026-08-08T08:00:00,22.1,22.1229,22.4,22.4,Out,200
2026-08-08T08:10:00,22,22.0734,22.5,22.4,Out,200
2026-08-08T08:20:00,22.1,22.1009,22.4,22.5,Out,200
2026-08-08T08:30:00,22.1,22.1407,22.3,22.4,Out,200
2026-08-08T08:40:00,22.1,22.1503,22.3,22.4,Out,200
2026-08-08T08:50:00,22.1,22.127,22.3,22.4,Out,200
2026-08-08T09:00:00,22.1,22.0995,22.3,22.4,Out,200
2026-08-08T09:10:00,22.1,22.1009,22.3,22.4,Out,200
2026-08-08T09:20:00,22.1,22.105,22.3,22.4,Out,200
2026-08-08T09:30:00,22.1,22.0858,22.3,22.4,Out,200
2026-08-08T09:40:00,22,22.061,22.3,22.4,Out,200
2026-08-08T09:50:00,22,22.0295,22.3,22.3,Out,200
2026-08-08T10:00:00,22,22.0308,22.3,22.3,Out,200
2026-08-08T10:10:00,22,22.0418,22.3,22.3,Out,200
2026-08-08T10:20:00,22.1,22.061,22.2,22.3,Out,200
2026-08-08T10:30:00,22.1,22.0981,22.3,22.4,Out,200
2026-08-08T10:40:00,22.1,22.1229,22.2,22.3,Out,200
2026-08-08T10:50:00,22.1,22.1146,22.2,22.4,Out,200
2026-08-08T11:00:00,22,22.0748,22.3,22.4,Out,200
2026-08-08T11:10:00,22,22.0295,22.3,22.5,Out,200
2026-08-08T11:20:00,22,22.0212,22.3,22.4,Out,200
2026-08-08T11:30:00,21.9,21.9979,22.3,22.3,Out,200
2026-08-08T11:40:00,22,21.9718,22.2,22.3,Out,200
2026-08-08T11:50:00,21.9,21.9663,22.2,22.3,Out,200
2026-08-08T12:00:00,22,21.9649,22.3,22.2,Out,200
2026-08-08T12:10:00,21.9,21.9608,22.2,22.2,Out,200
2026-08-08T12:20:00,22,21.9663,22.1,22.2,Out,200
2026-08-08T12:30:00,22,21.9786,22.1,22.2,Out,200
2026-08-08T12:40:00,22,21.9896,22.1,22.2,Out,200
2026-08-08T12:50:00,22,22.024,22.2,22.2,Out,200
2026-08-08T13:00:00,22.1,22.0775,22.1,22.2,Out,200
2026-08-08T13:10:00,22,22.0789,22.2,22.2,Out,200
2026-08-08T13:20:00,22.1,22.0858,22.2,22.2,Out,200
2026-08-08T13:30:00,22.1,22.1394,22.2,22.4,Out,200
2026-08-08T13:40:00,22.3,22.2438,22.2,22.3,Out,200
2026-08-08T13:50:00,22.3,22.3469,22.3,22.5,Out,200
2026-08-08T14:00:00,22.3,22.3771,22.3,22.4,Out,200
2026-08-08T14:10:00,22.2,22.3043,22.4,22.5,Out,200
2026-08-08T14:20:00,22.2,22.2589,22.5,22.6,Out,200
2026-08-08T14:30:00,22.2,22.2534,22.6,22.7,Out,200
2026-08-08T14:40:00,22.3,22.2837,22.6,22.6,Out,200
2026-08-08T14:50:00,22.3,22.3455,22.4,22.6,Out,200
2026-08-08T15:00:00,22.4,22.4129,22.5,22.6,Out,200
2026-08-08T15:10:00,22.4,22.4321,22.4,22.6,Out,200
2026-08-08T15:20:00,22.4,22.4528,22.5,22.5,Out,200
2026-08-08T15:30:00,22.5,22.4927,22.6,22.7,Out,200
2026-08-08T15:40:00,22.4,22.4514,22.6,22.7,Out,200
2026-08-08T15:50:00,22.3,22.3854,22.6,22.8,Out,200
2026-08-08T16:00:00,22.3,22.384,22.6,22.7,Out,200
2026-08-08T16:10:00,22.2,22.2383,22.7,22.8,Out,200
2026-08-08T16:20:00,22.1,22.149,22.6,22.6,Out,200
2026-08-08T16:30:00,22.1,22.127,22.6,22.6,Out,200
2026-08-08T16:40:00,22.1,22.1146,22.6,22.6,Out,200
2026-08-08T16:50:00,22.1,22.0981,22.4,22.4,Out,200
2026-08-08T17:00:00,22.1,22.0789,22.3,22.4,Out,200
2026-08-08T17:10:00,22.1,22.0679,22.3,22.4,Out,200
2026-08-08T17:20:00,22,22.0487,22.3,22.4,Out,200
2026-08-08T17:30:00,22,22.0432,22.3,22.3,Out,200
2026-08-08T17:40:00,22,22.0446,22.2,22.3,Out,200
2026-08-08T17:50:00,22,22.0514,22.2,22.3,Out,200
2026-08-08T18:00:00,22,22.0583,22.3,22.3,Out,200
2026-08-08T18:10:00,22.1,22.0995,22.3,22.3,Out,200
2026-08-08T18:20:00,22.2,22.1792,22.2,22.3,Out,200
2026-08-08T18:30:00,22.3,22.3084,22.2,22.3,Out,200
2026-08-08T18:40:00,22.4,22.3854,22.3,22.3,Out,200
2026-08-08T18:50:00,22.4,22.4211,22.3,22.4,Out,200
2026-08-08T19:00:00,22.4,22.4198,22.4,22.5,Out,200
2026-08-08T19:10:00,22.4,22.3978,22.5,22.6,Out,200
2026-08-08T19:20:00,22.2,22.2795,22.6,22.6,Out,200
2026-08-08T19:30:00,22.2,22.2287,22.6,22.7,Out,200
2026-08-08T19:40:00,22.2,22.1861,22.6,22.6,Out,200
2026-08-08T19:50:00,22.1,22.16,22.6,22.6,Out,200
2026-08-08T20:00:00,22.1,22.0981,22.4,22.5,Out,200
2026-08-08T20:10:00,22.1,22.0624,22.4,22.4,Out,200
2026-08-08T20:20:00,22,22.0446,22.4,22.4,Out,200
2026-08-08T20:30:00,22,22.0212,22.3,22.4,Out,200
2026-08-08T20:40:00,22,22.0212,22.3,22.3,Out,200
2026-08-08T20:50:00,22,22.0363,22.3,22.4,Out,200
2026-08-08T21:00:00,22,22.0528,22.2,22.2,Out,200
2026-08-08T21:10:00,22.1,22.0789,22.2,22.3,Out,200
2026-08-08T21:20:00,22.1,22.1091,22.2,22.3,Out,200
2026-08-08T21:30:00,22.1,22.1352,22.3,22.3,Out,200
2026-08-08T21:40:00,22.3,22.2493,22.3,22.4,Out,200
2026-08-08T21:50:00,22.3,22.3496,22.3,22.3,Out,200
2026-08-08T22:00:00,22.3,22.3648,22.3,22.4,Out,200
2026-08-08T22:10:00,22.2,22.3139,22.4,22.5,Out,200
2026-08-08T22:20:00,22.2,22.2919,22.5,22.6,Out,200
2026-08-08T22:30:00,22.2,22.2672,22.6,22.6,Out,200
2026-08-08T22:40:00,22.2,22.2314,22.6,22.6,Out,200
2026-08-08T22:50:00,22.2,22.2273,22.5,22.6,Out,200
2026-08-08T23:00:00,22.2,22.2094,22.5,22.5,Out,200
2026-08-08T23:10:00,22.2,22.2108,22.4,22.5,Out,200
2026-08-08T23:20:00,22.2,22.2094,22.4,22.5,Out,200
2026-08-08T23:30:00,22.2,22.2163,22.4,22.5,Out,200
2026-08-08T23:40:00,22.2,22.2342,22.4,22.5,Out,200
2026-08-08T23:50:00,22.2,22.263,22.4,22.5,Out,200
2026-08-09T00:00:00,22.4,22.4101,22.5,22.5,Out,200
2026-08-09T00:10:00,22.5,22.5298,22.4,22.5,Out,200
2026-08-09T00:20:00,22.5,22.567,22.4,22.5,Out,200
2026-08-09T00:30:00,22.5,22.5683,22.5,22.7,Out,200
2026-08-09T00:40:00,22.6,22.6688,22.7,22.8,Out,200
2026-08-09T00:50:00,22.7,22.7445,22.7,22.8,Out,200
2026-08-09T01:00:00,22.8,22.7982,22.8,22.9,Out,200
2026-08-09T01:10:00,22.8,22.823,22.8,23,Out,200
2026-08-09T01:20:00,22.8,22.8368,22.9,23.1,Out,200
2026-08-09T01:30:00,22.8,22.8106,22.9,23.1,Out,200
2026-08-09T01:40:00,22.8,22.812,23,23.1,Out,200
2026-08-09T01:50:00,22.7,22.7087,23,23.1,Out,200
2026-08-09T02:00:00,22.6,22.6619,23,23.1,Out,200
2026-08-09T02:10:00,22.6,22.6358,23.1,23.1,Out,200
2026-08-09T02:20:00,22.3,22.4101,23,23.1,Out,200
2026-08-09T02:30:00,22.3,22.4115,22.8,22.9,Out,200
2026-08-09T02:40:00,22.3,22.4239,22.9,22.9,Out,200
2026-08-09T02:50:00,22.4,22.4514,22.8,22.9,Out,200
2026-08-09T03:00:00,22.4,22.4487,22.7,22.8,Out,200
2026-08-09T03:10:00,22.4,22.4624,22.7,22.8,Out,200
2026-08-09T03:20:00,22.4,22.4762,22.7,22.7,Out,200
2026-08-09T03:30:00,22.4,22.4652,22.6,22.7,Out,200
2026-08-09T03:40:00,22.3,22.3579,22.6,22.7,Out,200
2026-08-09T03:50:00,22.3,22.3098,22.6,22.7,Out,200
2026-08-09T04:00:00,22.3,22.2919,22.6,22.7,Out,200
2026-08-09T04:10:00,22.3,22.2823,22.6,22.7,Out,200
2026-08-09T04:20:00,22.2,22.2699,22.5,22.6,Out,200
2026-08-09T04:30:00,22.3,22.2685,22.5,22.5,Out,200
2026-08-09T04:40:00,22.3,22.2919,22.5,22.5,Out,200
2026-08-09T04:50:00,22.3,22.3771,22.5,22.6,Out,200
2026-08-09T05:00:00,22.3,22.4088,22.4,22.6,Out,200
2026-08-09T05:10:00,22.3,22.3661,22.4,22.6,Out,200
2026-08-09T05:20:00,22.2,22.3029,22.5,22.6,Out,200
2026-08-09T05:30:00,22.1,22.1874,22.6,22.7,Out,200
2026-08-09T05:40:00,22.1,22.138,22.7,22.7,Out,200
2026-08-09T05:50:00,22.1,22.1284,22.5,22.6,Out,200
2026-08-09T06:00:00,22.1,22.1146,22.4,22.5,Out,200
2026-08-09T06:10:00,22.1,22.1078,22.3,22.5,Out,200
2026-08-09T06:20:00,22.1,22.0789,22.4,22.5,Out,200
2026-08-09T06:30:00,22.1,22.1064,22.3,22.5,Out,200
2026-08-09T06:40:00,22.1,22.1586,22.2,22.3,Out,200
2026-08-09T06:50:00,22.2,22.2081,22.2,22.3,Out,200
2026-08-09T07:00:00,22.2,22.2589,22.3,22.3,Out,200
2026-08-09T07:10:00,22.3,22.3001,22.3,22.4,Out,200
2026-08-09T07:20:00,22.3,22.3194,22.4,22.4,Out,200
2026-08-09T07:30:00,22.3,22.3428,22.4,22.5,Out,200
2026-08-09T07:40:00,22.3,22.3538,22.5,22.6,Out,200
2026-08-09T07:50:00,22.3,22.3579,22.5,22.6,Out,200
2026-08-09T08:00:00,22.3,22.34,22.5,22.7,Out,200
2026-08-09T08:10:00,22.3,22.3304,22.5,22.6,Out,200
2026-08-09T08:20:00,22.3,22.318,22.6,22.6,Out,200
2026-08-09T08:30:00,22.2,22.2589,22.5,22.6,Out,200
2026-08-09T08:40:00,22.2,22.2012,22.5,22.6,Out,200
2026-08-09T08:50:00,22.1,22.2067,22.5,22.5,Out,200
2026-08-09T09:00:00,22.1,22.1366,22.5,22.5,Out,200
2026-08-09T09:10:00,22.1,22.116,22.4,22.5,Out,200
2026-08-09T09:20:00,22.1,22.1366,22.4,22.5,Out,200
2026-08-09T09:30:00,22.1,22.1132,22.4,22.4,Out,200
2026-08-09T09:40:00,22.1,22.1916,22.3,22.4,Out,200
2026-08-09T09:50:00,22.3,22.3125,22.3,22.4,Out,200
2026-08-09T10:00:00,22.3,22.3345,22.4,22.5,Out,200
2026-08-09T10:10:00,22.3,22.3373,22.4,22.5,Out,200
2026-08-09T10:20:00,22.2,22.2548,22.5,22.6,Out,200
2026-08-09T10:30:00,22.1,22.1861,22.6,22.6,Out,200
2026-08-09T10:40:00,22.2,22.2644,22.6,22.6,Out,200
2026-08-09T10:50:00,22.2,22.2864,22.5,22.6,Out,200
2026-08-09T11:00:00,22.3,22.3166,22.5,22.5,Out,200
2026-08-09T11:10:00,22.3,22.3276,22.5,22.6,Out,200
2026-08-09T11:20:00,22.3,22.3331,22.5,22.6,Out,200
2026-08-09T11:30:00,22.3,22.3373,22.5,22.5,Out,200
2026-08-09T11:40:00,22.3,22.3276,22.5,22.5,Out,200
2026-08-09T11:50:00,22.3,22.3194,22.5,22.5,Out,200
2026-08-09T12:00:00,22.3,22.307,22.5,22.5,Out,200
2026-08-09T12:10:00,22.2,22.2191,22.5,22.6,Out,200
2026-08-09T12:20:00,22.2,22.1751,22.5,22.5,Out,200
2026-08-09T12:30:00,22.1,22.1435,22.5,22.5,Out,200
2026-08-09T12:40:00,22.1,22.1215,22.5,22.6,Out,200
2026-08-09T12:50:00,22.1,22.1105,22.4,22.5,Out,200
2026-08-09T13:00:00,22.1,22.0968,22.4,22.4,Out,200
2026-08-09T13:10:00,22,22.0542,22.3,22.4,Out,200
2026-08-09T13:20:00,22,22.0295,22.3,22.4,Out,200
2026-08-09T13:30:00,22,22.0308,22.3,22.4,Out,200
2026-08-09T13:40:00,22,22.0377,22.3,22.3,Out,200
2026-08-09T13:50:00,22,22.0487,22.2,22.2,Out,200
2026-08-09T14:00:00,22.1,22.0707,22.2,22.3,Out,200
2026-08-09T14:10:00,22.2,22.3359,22.2,22.3,Out,200
2026-08-09T14:20:00,22.3,22.3221,22.2,22.3,Out,200
2026-08-09T14:30:00,22.3,22.2644,22.2,22.3,Out,200
2026-08-09T14:40:00,22.4,22.3455,22.5,22.6,Out,200
2026-08-09T14:50:00,22.4,22.4019,22.6,22.7,Out,200
2026-08-09T15:00:00,22.3,22.3455,22.4,22.6,Out,200
2026-08-09T15:10:00,22.3,22.285,22.5,22.5,Out,200
2026-08-09T15:20:00,22.2,22.2465,22.6,22.6,Out,200
2026-08-09T15:30:00,22.2,22.2314,22.6,22.7,Out,200
2026-08-09T15:40:00,22.2,22.2067,22.4,22.6,Out,200
2026-08-09T15:50:00,22.2,22.1861,22.4,22.5,Out,200
2026-08-09T16:00:00,22.1,22.1201,22.4,22.5,Out,200
2026-08-09T16:10:00,22,22.0528,22.4,22.5,Out,200
2026-08-09T16:20:00,22,22.0432,22.4,22.5,Out,200
2026-08-09T16:30:00,22,22.0542,22.3,22.4,Out,200
2026-08-09T16:40:00,22,22.0693,22.3,22.4,Out,200
2026-08-09T16:50:00,22.1,22.1036,22.3,22.4,Out,200
2026-08-09T17:00:00,22.1,22.1187,22.2,22.4,Out,200
2026-08-09T17:10:00,22.1,22.1229,22.4,22.4,Out,200
2026-08-09T17:20:00,22.1,22.1187,22.3,22.4,Out,200
2026-08-09T17:30:00,22.1,22.1201,22.3,22.4,Out,200
2026-08-09T17:40:00,22.1,22.1229,22.3,22.3,Out,200
2026-08-09T17:50:00,22.1,22.116,22.3,22.4,Out,200
2026-08-09T18:00:00,22.1,22.0803,22.4,22.4,Out,200
2026-08-09T18:10:00,22,22.0707,22.3,22.4,Out,200
2026-08-09T18:20:00,22.1,22.0789,22.3,22.4,Out,200
2026-08-09T18:30:00,22.1,22.0899,22.3,22.4,Out,200
2026-08-09T18:40:00,22,22.0693,22.3,22.3,Out,200
2026-08-09T18:50:00,22,22.0377,22.3,22.4,Out,200
2026-08-09T19:00:00,22,22.0418,22.3,22.3,Out,200
2026-08-09T19:10:00,22.1,22.0899,22.3,22.4,Out,200
2026-08-09T19:20:00,22.1,22.1874,22.2,22.3,Out,200
2026-08-09T19:30:00,22.1,22.1627,22.3,22.3,Out,200
2026-08-09T19:40:00,22,22.0803,22.3,22.3,Out,200
2026-08-09T19:50:00,22.1,22.0844,22.3,22.4,Out,200
2026-08-09T20:00:00,22,22.0803,22.5,22.5,Out,200
2026-08-09T20:10:00,22.1,22.0913,22.3,22.4,Out,200
2026-08-09T20:20:00,22.1,22.0803,22.3,22.4,Out,200
2026-08-09T20:30:00,22,22.0322,22.2,22.4,Out,200
2026-08-09T20:40:00,22,22.0281,22.2,22.4,Out,200
2026-08-09T20:50:00,22,22.0336,22.3,22.3,Out,200
2026-08-09T21:00:00,22,22.0665,22.2,22.3,Out,200
2026-08-09T21:10:00,22.1,22.0954,22.2,22.3,Out,200
2026-08-09T21:20:00,22.1,22.1765,22.2,22.3,Out,200
2026-08-09T21:30:00,22.2,22.1874,22.3,22.3,Out,200
2026-08-09T21:40:00,22.1,22.1737,22.3,22.4,Out,200
2026-08-09T21:50:00,22.2,22.182,22.4,22.4,Out,200
2026-08-09T22:00:00,22.2,22.1916,22.4,22.5,Out,200
2026-08-09T22:10:00,22.2,22.263,22.3,22.4,Out,200
2026-08-09T22:20:00,22.2,22.2878,22.4,22.5,Out,200
2026-08-09T22:30:00,22.3,22.2933,22.4,22.5,Out,200
2026-08-09T22:40:00,22.3,22.2782,22.4,22.5,Out,200
2026-08-09T22:50:00,22.2,22.2562,22.5,22.5,Out,200
2026-08-09T23:00:00,22.2,22.2177,22.4,22.6,Out,200
2026-08-09T23:10:00,22.2,22.1998,22.5,22.6,Out,200
2026-08-09T23:20:00,22.2,22.1751,22.4,22.5,Out,200
2026-08-09T23:30:00,22.2,22.1806,22.4,22.5,Out,200
2026-08-09T23:40:00,22.2,22.2067,22.4,22.5,Out,200
2026-08-09T23:50:00,22.2,22.2232,22.4,22.5,Out,200
2026-08-10T00:00:00,22.2,22.2122,22.4,22.4,Out,200
2026-08-10T00:10:00,22.2,22.2053,22.4,22.4,Out,200
2026-08-10T00:20:00,22.2,22.2039,22.4,22.5,Out,200
2026-08-10T00:30:00,22.2,22.2053,22.4,22.5,Out,200
2026-08-10T00:40:00,22.2,22.2053,22.4,22.5,Out,200
2026-08-10T00:50:00,22.2,22.2163,22.4,22.5,Out,200
2026-08-10T01:00:00,22.2,22.318,22.4,22.4,Out,200
2026-08-10T01:10:00,22.2,22.3565,22.4,22.4,Out,200
2026-08-10T01:20:00,22.2,22.3166,22.3,22.4,Out,200
2026-08-10T01:30:00,22.3,22.3056,22.4,22.5,Out,200
2026-08-10T01:40:00,22.3,22.2727,22.6,22.7,Out,200
2026-08-10T01:50:00,22.3,22.307,22.6,22.7,Out,200
2026-08-10T02:00:00,22.4,22.3785,22.6,22.7,Out,200
2026-08-10T02:10:00,22.5,22.4803,22.5,22.6,Out,200
2026-08-10T02:20:00,22.5,22.5546,22.5,22.6,Out,200
2026-08-10T02:30:00,22.6,22.6413,22.6,22.7,Out,200
2026-08-10T02:40:00,22.6,22.655,22.7,22.7,Out,200
2026-08-10T02:50:00,22.7,22.7349,22.7,22.7,Out,200
2026-08-10T03:00:00,22.8,22.8368,22.9,22.9,Out,200
2026-08-10T03:10:00,22.9,22.9015,22.9,23,Out,200
2026-08-10T03:20:00,22.8,22.8588,22.9,23,Out,200
2026-08-10T03:30:00,22.7,22.761,23,23.1,Out,200
2026-08-10T03:40:00,22.6,22.6234,23,23.2,Out,200
2026-08-10T03:50:00,22.5,22.5876,23.1,23.1,Out,200
2026-08-10T04:00:00,22.4,22.4803,23,23.1,Out,200
2026-08-10T04:10:00,22.3,22.3359,22.9,23,Out,200
2026-08-10T04:20:00,22.2,22.2823,22.7,22.9,Out,200
2026-08-10T04:30:00,22.2,22.1957,22.8,22.8,Out,200
2026-08-10T04:40:00,22.2,22.2122,22.6,22.7,Out,200
2026-08-10T04:50:00,22.2,22.2177,22.5,22.6,Out,200
2026-08-10T05:00:00,22.1,22.1696,22.4,22.5,Out,200
2026-08-10T05:10:00,22.1,22.1462,22.4,22.5,Out,200
2026-08-10T05:20:00,22.1,22.1229,22.4,22.5,Out,200
2026-08-10T05:30:00,22.1,22.116,22.4,22.5,Out,200
2026-08-10T05:40:00,22.1,22.1023,22.3,22.4,Out,200
2026-08-10T05:50:00,22.1,22.0803,22.4,22.4,Out,200
2026-08-10T06:00:00,22.1,22.0762,22.3,22.4,Out,200
2026-08-10T06:10:00,22,22.0665,22.3,22.3,Out,200
2026-08-10T06:20:00,22,22.0624,22.3,22.4,Out,200
2026-08-10T06:30:00,22,22.0665,22.3,22.4,Out,200
2026-08-10T06:40:00,22,22.0679,22.3,22.3,Out,200
2026-08-10T06:50:00,22,22.0693,22.2,22.3,Out,200
2026-08-10T07:00:00,22,22.0624,22.2,22.3,Out,200
2026-08-10T07:10:00,22,22.0583,22.2,22.3,Out,200
2026-08-10T07:20:00,22.1,22.0569,22.3,22.3,Out,200
2026-08-10T07:30:00,22.1,22.072,22.2,22.3,Out,200
2026-08-10T07:40:00,22.1,22.1078,22.3,22.3,Out,200
2026-08-10T07:50:00,22.1,22.1394,22.2,22.3,Out,200
2026-08-10T08:00:00,22.2,22.1613,22.3,22.3,Out,200
2026-08-10T08:10:00,22.1,22.1668,22.3,22.4,Out,200
2026-08-10T08:20:00,22,22.105,22.3,22.4,Out,200
2026-08-10T08:30:00,22,22.105,22.3,22.4,Out,200
2026-08-10T08:40:00,22.1,22.1078,22.3,22.4,Out,200
2026-08-10T08:50:00,22,22.0501,22.3,22.4,Out,200
2026-08-10T09:00:00,22,22.013,22.3,22.4,Out,200
2026-08-10T09:10:00,21.9,21.9677,22.4,22.4,Out,200
2026-08-10T09:20:00,21.9,21.9498,22.3,22.3,Out,200
2026-08-10T09:30:00,21.9,21.9443,22.2,22.2,Out,200
2026-08-10T09:40:00,21.9,21.9484,22.1,22.2,Out,200
2026-08-10T09:50:00,21.9,21.9484,22.1,22.2,Out,200
2026-08-10T10:00:00,21.9,21.9484,22.1,22.2,Out,200
2026-08-10T10:10:00,21.9,21.9498,22.1,22.2,Out,200
2026-08-10T10:20:00,21.9,21.9443,22.1,22.2,Out,200
2026-08-10T10:30:00,21.9,21.9416,22.1,22.2,Out,200
2026-08-10T10:40:00,21.9,21.9402,22.2,22.2,Out,200
2026-08-10T10:50:00,21.9,21.9416,22.1,22.2,Out,200
2026-08-10T11:00:00,21.9,21.9484,22.1,22.2,Out,200
2026-08-10T11:10:00,21.9,21.969,22.1,22.2,Out,200
2026-08-10T11:20:00,22,21.9883,22.1,22.1,Out,200
2026-08-10T11:30:00,22,22.0034,22.1,22.2,Out,200
2026-08-10T11:40:00,22,22.0089,22.2,22.2,Out,200
2026-08-10T11:50:00,22,22.0198,22.1,22.2,Out,200
2026-08-10T12:00:00,22,22.0322,22.2,22.3,Out,200
2026-08-10T12:10:00,22,22.0391,22.2,22.3,Out,200
2026-08-10T12:20:00,22,22.0404,22.2,22.2,Out,200
2026-08-10T12:30:00,22,22.0459,22.2,22.3,Out,200
2026-08-10T12:40:00,22,22.0514,22.2,22.3,Out,200
2026-08-10T12:50:00,22,22.0569,22.2,22.2,Out,200
2026-08-10T13:00:00,22.1,22.0624,22.2,22.2,Out,200
2026-08-10T13:10:00,22,22.0432,22.3,22.3,Out,200
2026-08-10T13:20:00,22,22.0226,22.3,22.3,Out,200
2026-08-10T13:30:00,22,21.9937,22.3,22.2,Out,200
2026-08-10T13:40:00,22,21.9731,22.3,22.3,Out,200
2026-08-10T13:50:00,22,21.9663,22.2,22.3,Out,200
2026-08-10T14:00:00,21.9,21.9718,22.2,22.3,Out,200
2026-08-10T14:10:00,22,21.9896,22.2,22.2,Out,200
2026-08-10T14:20:00,22,22.0185,22.1,22.2,Out,200
2026-08-10T14:30:00,22,22.0501,22.1,22.3,Out,200
2026-08-10T14:40:00,22.1,22.1105,22.2,22.2,Out,200
2026-08-10T14:50:00,22.1,22.1297,22.3,22.3,Out,200
2026-08-10T15:00:00,22.1,22.1366,22.2,22.3,Out,200
2026-08-10T15:10:00,22.1,22.1531,22.3,22.4,Out,200
2026-08-10T15:20:00,22.2,22.1874,22.4,22.4,Out,200
2026-08-10T15:30:00,22.2,22.1998,22.3,22.4,Out,200
2026-08-10T15:40:00,22.2,22.2108,22.3,22.4,Out,200
2026-08-10T15:50:00,22.2,22.2617,22.4,22.5,Out,200
2026-08-10T16:00:00,22.2,22.263,22.4,22.5,Out,200
2026-08-10T16:10:00,22.2,22.2562,22.4,22.6,Out,200
2026-08-10T16:20:00,22.2,22.2575,22.4,22.5,Out,200
2026-08-10T16:30:00,22.2,22.2479,22.5,22.5,Out,200
2026-08-10T16:40:00,22.1,22.1586,22.5,22.6,Out,200
2026-08-10T16:50:00,22,22.105,22.5,22.6,Out,200
2026-08-10T17:00:00,22,22.0734,22.5,22.6,Out,200
2026-08-10T17:10:00,22,22.0597,22.4,22.5,Out,200
2026-08-10T17:20:00,22,22.0501,22.3,22.5,Out,200
2026-08-10T17:30:00,22,22.0432,22.3,22.4,Out,200
2026-08-10T17:40:00,22,22.0253,22.3,22.3,Out,200
2026-08-10T17:50:00,22,22.0185,22.2,22.3,Out,200
2026-08-10T18:00:00,22,22.0034,22.2,22.3,Out,200
2026-08-10T18:10:00,22,22.0061,22.2,22.3,Out,200
2026-08-10T18:20:00,22,22.0075,22.2,22.3,Out,200
2026-08-10T18:30:00,22,22.0143,22.2,22.2,Out,200
2026-08-10T18:40:00,22,22.0473,22.1,22.2,Out,200
2026-08-10T18:50:00,22.1,22.0885,22.2,22.3,Out,200
2026-08-10T19:00:00,22.1,22.1297,22.2,22.3,Out,200
2026-08-10T19:10:00,22.1,22.16,22.2,22.3,Out,200
2026-08-10T19:20:00,22.2,22.2026,22.3,22.3,Out,200
2026-08-10T19:30:00,22.2,22.1751,22.3,22.4,Out,200
2026-08-10T19:40:00,22.1,22.1476,22.4,22.4,Out,200
2026-08-10T19:50:00,22.1,22.1215,22.4,22.5,Out,200
2026-08-10T20:00:00,22.1,22.105,22.4,22.4,Out,200
2026-08-10T20:10:00,22.1,22.0954,22.4,22.5,Out,200
2026-08-10T20:20:00,22.1,22.0885,22.3,22.4,Out,200
2026-08-10T20:30:00,22.1,22.083,22.3,22.4,Out,200
2026-08-10T20:40:00,22.1,22.0803,22.3,22.4,Out,200
2026-08-10T20:50:00,22,22.0034,22.3,22.3,Out,200
2026-08-10T21:00:00,21.9,21.9635,22.3,22.3,Out,200
2026-08-10T21:10:00,22,21.9594,22.2,22.4,Out,200
2026-08-10T21:20:00,21.9,21.9649,22.2,22.3,Out,200
2026-08-10T21:30:00,22,21.9759,22.2,22.2,Out,200
2026-08-10T21:40:00,22,21.9896,22.1,22.2,Out,200
2026-08-10T21:50:00,22,22.0061,22.1,22.2,Out,200
2026-08-10T22:00:00,22,22.0157,22.1,22.2,Out,200
2026-08-10T22:10:00,22,22.0281,22.1,22.2,Out,200
2026-08-10T22:20:00,22,22.0418,22.2,22.3,Out,200
2026-08-10T22:30:00,22,22.0514,22.2,22.2,Out,200
2026-08-10T22:40:00,22.1,22.0762,22.2,22.3,Out,200
2026-08-10T22:50:00,22,22.0638,22.3,22.3,Out,200
2026-08-10T23:00:00,22,22.0446,22.2,22.3,Out,200
2026-08-10T23:10:00,22,22.0116,22.2,22.3,Out,200
2026-08-10T23:20:00,22,22.0061,22.3,22.3,Out,200
2026-08-10T23:30:00,22,22.0143,22.2,22.3,Out,200
2026-08-10T23:40:00,22,22.0377,22.2,22.3,Out,200
2026-08-10T23:50:00,22,22.0501,22.2,22.3,Out,200
2026-08-11T00:00:00,22,22.0514,22.2,22.3,Out,200
2026-08-11T00:10:00,22,22.0459,22.2,22.3,Out,200
2026-08-11T00:20:00,22,21.9759,22.2,22.3,Out,200
2026-08-11T00:30:00,21.9,21.9567,22.3,22.3,Out,200
2026-08-11T00:40:00,21.9,21.9361,22.2,22.3,Out,200
2026-08-11T00:50:00,21.9,21.9374,22.3,22.2,Out,200
2026-08-11T01:00:00,21.9,21.9374,22.2,22.3,Out,200
2026-08-11T01:10:00,21.9,21.9265,22.1,22.2,Out,200
2026-08-11T01:20:00,21.9,21.9223,22.1,22.2,Out,200
2026-08-11T01:30:00,21.9,21.9237,22.1,22.2,Out,200
2026-08-11T01:40:00,21.9,21.9237,22.1,22.2,Out,200
2026-08-11T01:50:00,21.9,21.9237,22.1,22.2,Out,200
2026-08-11T02:00:00,21.9,21.9223,22.1,22.2,Out,200
2026-08-11T02:10:00,21.9,21.921,22.1,22.1,Out,200
2026-08-11T02:20:00,21.9,21.9237,22.1,22.2,Out,200
2026-08-11T02:30:00,21.9,21.9429,22.1,22.2,Out,200
2026-08-11T02:40:00,22,21.969,22.1,22.1,Out,200
2026-08-11T02:50:00,22,21.9965,22.1,22.1,Out,200
2026-08-11T03:00:00,22,21.9965,22.1,22.1,Out,200
2026-08-11T03:10:00,22,21.9965,22.1,22.1,Out,200
2026-08-11T03:20:00,22.1,22.0803,22.2,22.3,Out,200
2026-08-11T03:30:00,22.1,22.1668,22.2,22.3,Out,200
2026-08-11T03:40:00,22,22.094,22.1,22.2,Out,200
2026-08-11T03:50:00,22.2,22.1558,22.1,22.2,Out,200
2026-08-11T04:00:00,22.3,22.3386,22.3,22.4,Out,200
2026-08-11T04:10:00,22.4,22.417,22.3,22.4,Out,200
2026-08-11T04:20:00,22.4,22.4803,22.2,22.4,Out,200
2026-08-11T04:30:00,22.5,22.5615,22.4,22.5,Out,200
2026-08-11T04:40:00,22.6,22.6894,22.5,22.6,Out,200
2026-08-11T04:50:00,22.6,22.6729,22.7,22.7,Out,200
2026-08-11T05:00:00,22.5,22.5298,22.7,22.7,Out,200
2026-08-11T05:10:00,22.4,22.461,22.8,22.9,Out,200
2026-08-11T05:20:00,22.4,22.4404,22.9,23.1,Out,200
2026-08-11T05:30:00,22.3,22.3538,22.8,23,Out,200
2026-08-11T05:40:00,22.2,22.2672,22.7,22.6,Out,200
2026-08-11T05:50:00,22.2,22.2204,22.7,22.7,Out,200
2026-08-11T06:00:00,22.2,22.2136,22.6,22.7,Out,200
2026-08-11T06:10:00,22.2,22.2328,22.5,22.6,Out,200
2026-08-11T06:20:00,22.2,22.2658,22.5,22.5,Out,200
2026-08-11T06:30:00,22.1,22.1723,22.5,22.5,Out,200
2026-08-11T06:40:00,22,22.061,22.4,22.5,Out,200
2026-08-11T06:50:00,22.1,22.0597,22.4,22.6,Out,200
2026-08-11T07:00:00,22,22.0652,22.5,22.5,Out,200
2026-08-11T07:10:00,22,22.0762,22.4,22.4,Out,200
2026-08-11T07:20:00,22.1,22.094,22.2,22.3,Out,200
2026-08-11T07:30:00,22.1,22.1132,22.2,22.3,Out,200
2026-08-11T07:40:00,22.1,22.1201,22.3,22.3,Out,200
2026-08-11T07:50:00,22.1,22.1366,22.3,22.4,Out,200
2026-08-11T08:00:00,22.1,22.1888,22.3,22.4,Out,200
2026-08-11T08:10:00,22.2,22.2136,22.3,22.4,Out,200
2026-08-11T08:20:00,22.1,22.1394,22.4,22.4,Out,200
2026-08-11T08:30:00,22.1,22.0981,22.4,22.5,Out,200
2026-08-11T08:40:00,22.1,22.1023,22.4,22.6,Out,200
2026-08-11T08:50:00,22.1,22.0885,22.4,22.6,Out,200
2026-08-11T09:00:00,22,22.0803,22.3,22.4,Out,200
2026-08-11T09:10:00,22,22.0803,22.3,22.3,Out,200
2026-08-11T09:20:00,22.1,22.1036,22.3,22.3,Out,200
2026-08-11T09:30:00,22,22.0693,22.3,22.4,Out,200
2026-08-11T09:40:00,21.9,21.9855,22.3,22.3,Out,200
2026-08-11T09:50:00,21.9,21.9553,22.3,22.3,Out,200
2026-08-11T10:00:00,21.9,21.9512,22.2,22.4,Out,200
2026-08-11T10:10:00,21.9,21.9525,22.2,22.3,Out,200
2026-08-11T10:20:00,21.9,21.9539,22.1,22.2,Out,200
2026-08-11T10:30:00,21.9,21.9443,22.1,22.2,Out,200
2026-08-11T10:40:00,21.9,21.9429,22.2,22.3,Out,200
2026-08-11T10:50:00,22,21.9855,22.1,22.1,Out,200
2026-08-11T11:00:00,22,21.9979,22.1,22.2,Out,200
2026-08-11T11:10:00,22,22.0226,22.1,22.2,Out,200
2026-08-11T11:20:00,22,22.0322,22.1,22.2,Out,200
2026-08-11T11:30:00,22.1,22.0748,22.1,22.2,Out,200
2026-08-11T11:40:00,22.1,22.0926,22.2,22.3,Out,200
2026-08-11T11:50:00,22,22.0665,22.2,22.3,Out,200
2026-08-11T12:00:00,22,22.0116,22.3,22.3,Out,200
2026-08-11T12:10:00,22,21.9663,22.3,22.4,Out,200
2026-08-11T12:20:00,21.9,21.9567,22.3,22.3,Out,200
2026-08-11T12:30:00,21.9,21.9553,22.3,22.3,Out,200
2026-08-11T12:40:00,21.9,21.9017,22.2,22.2,Out,200
2026-08-11T12:50:00,21.9,21.9031,22.1,22.2,Out,200
2026-08-11T13:00:00,21.9,21.9155,22.1,22.2,Out,200
2026-08-11T13:10:00,21.9,21.9251,22.1,22.2,Out,200
2026-08-11T13:20:00,21.9,21.9127,22.1,22.2,Out,200
2026-08-11T13:30:00,21.9,21.8921,22,22.1,Out,200
2026-08-11T13:40:00,21.9,21.9004,22.1,22.1,Out,200
2026-08-11T13:50:00,21.9,21.888,22.1,22.2,Out,200
2026-08-11T14:00:00,21.9,21.8853,22.1,22.1,Out,200
2026-08-11T14:10:00,21.9,21.888,22.1,22.1,Out,200
2026-08-11T14:20:00,21.9,21.8894,22.1,22.1,Out,200
2026-08-11T14:30:00,21.9,21.8921,22.1,22.1,Out,200
2026-08-11T14:40:00,21.9,21.8976,22.1,22.1,Out,200
2026-08-11T14:50:00,21.9,21.899,22.1,22.1,Out,200
2026-08-11T15:00:00,21.9,21.8949,22.1,22.2,Out,200
2026-08-11T15:10:00,21.9,21.8963,22.1,22.2,Out,200
2026-08-11T15:20:00,21.9,21.899,22.1,22.1,Out,200
2026-08-11T15:30:00,21.9,21.9004,22.1,22.1,Out,200
2026-08-11T15:40:00,21.9,21.8921,22.1,22.1,Out,200
2026-08-11T15:50:00,21.9,21.8949,22,22.1,Out,200
2026-08-11T16:00:00,21.9,21.9059,22,22.1,Out,200
2026-08-11T16:10:00,21.9,21.9731,22.1,22.1,Out,200
2026-08-11T16:20:00,22,22.0061,22.1,22.2,Out,200
2026-08-11T16:30:00,22,22.0404,22.1,22.1,Out,200
2026-08-11T16:40:00,22,22.0638,22.1,22.2,Out,200
2026-08-11T16:50:00,22.1,22.1132,22.2,22.2,Out,200
2026-08-11T17:00:00,22.1,22.1435,22.2,22.3,Out,200
2026-08-11T17:10:00,22.1,22.1572,22.3,22.3,Out,200
2026-08-11T17:20:00,22.2,22.1765,22.3,22.3,Out,200
2026-08-11T17:30:00,22.2,22.1792,22.3,22.4,Out,200
2026-08-11T17:40:00,22.2,22.1723,22.3,22.4,Out,200
2026-08-11T17:50:00,22.2,22.1847,22.3,22.5,Out,200
2026-08-11T18:00:00,22.2,22.1861,22.4,22.4,Out,200
2026-08-11T18:10:00,22.2,22.2108,22.3,22.4,Out,200
2026-08-11T18:20:00,22.2,22.2383,22.3,22.4,Out,200
2026-08-11T18:30:00,22.2,22.2562,22.4,22.4,Out,200
2026-08-11T18:40:00,22.2,22.2617,22.4,22.5,Out,200
2026-08-11T18:50:00,22.1,22.252,22.4,22.5,Out,200
2026-08-11T19:00:00,22.1,22.1394,22.5,22.5,Out,200
2026-08-11T19:10:00,22,22.1297,22.5,22.6,Out,200
2026-08-11T19:20:00,21.9,21.932,22.5,22.5,Out,200
2026-08-11T19:30:00,21.9,21.9402,22.3,22.5,Out,200
2026-08-11T19:40:00,22,21.9677,22.3,22.3,Out,200
2026-08-11T19:50:00,22,21.9924,22.1,22.2,Out,200
2026-08-11T20:00:00,22,22.0116,22.1,22.2,Out,200
2026-08-11T20:10:00,22,22.0391,22.1,22.2,Out,200
2026-08-11T20:20:00,22,22.0871,22.1,22.2,Out,200
2026-08-11T20:30:00,22.1,22.1778,22.2,22.2,Out,200
2026-08-11T20:40:00,22.2,22.1943,22.2,22.3,Out,200
2026-08-11T20:50:00,22.1,22.1778,22.3,22.4,Out,200
2026-08-11T21:00:00,22.1,22.1806,22.4,22.5,Out,200
2026-08-11T21:10:00,22.1,22.1613,22.4,22.4,Out,200
2026-08-11T21:20:00,22.1,22.1462,22.4,22.4,Out,200
2026-08-11T21:30:00,22.1,22.1861,22.3,22.5,Out,200
2026-08-11T21:40:00,22,22.105,22.4,22.6,Out,200
2026-08-11T21:50:00,22,22.0748,22.4,22.5,Out,200
2026-08-11T22:00:00,22,22.0363,22.4,22.5,Out,200
2026-08-11T22:10:00,21.9,21.9567,22.4,22.5,Out,200
2026-08-11T22:20:00,21.9,21.9045,22.3,22.3,Out,200
2026-08-11T22:30:00,21.9,21.9031,22.3,22.3,Out,200
2026-08-11T22:40:00,21.9,21.9127,22.2,22.2,Out,200
2026-08-11T22:50:00,21.9,21.9306,22.1,22.2,Out,200
2026-08-11T23:00:00,21.9,21.9443,22.1,22.2,Out,200
2026-08-11T23:10:00,21.9,21.9608,22.1,22.2,Out,200
2026-08-11T23:20:00,22,21.969,22.1,22.2,Out,200
2026-08-11T23:30:00,22,21.98,22.2,22.2,Out,200
2026-08-11T23:40:00,22,21.9855,22.1,22.2,Out,200
2026-08-11T23:50:00,22,21.991,22.2,22.2,Out,200
2026-08-12T00:00:00,22,22.0171,22.2,22.2,Out,200
2026-08-12T00:10:00,22,22.0075,22.1,22.2,Out,200
2026-08-12T00:20:00,22,21.9841,22.2,22.3,Out,200
2026-08-12T00:30:00,22,21.9786,22.3,22.4,Out,200
2026-08-12T00:40:00,22,21.9814,22.2,22.3,Out,200
2026-08-12T00:50:00,22,21.9883,22.2,22.3,Out,200
2026-08-12T01:00:00,22,21.9841,22.1,22.2,Out,200
2026-08-12T01:10:00,22,21.9731,22.1,22.2,Out,200
2026-08-12T01:20:00,21.9,21.9745,22.1,22.2,Out,200
2026-08-12T01:30:00,22,21.9718,22.1,22.2,Out,200
2026-08-12T01:40:00,21.9,21.9622,22.2,22.2,Out,200
2026-08-12T01:50:00,21.9,21.9374,22.2,22.2,Out,200
2026-08-12T02:00:00,21.9,21.9141,22.2,22.2,Out,200
2026-08-12T02:10:00,21.9,21.9059,22.1,22.2,Out,200
2026-08-12T02:20:00,21.9,21.8921,22.1,22.2,Out,200
2026-08-12T02:30:00,21.9,21.8894,22.1,22.2,Out,200
2026-08-12T02:40:00,21.9,21.8976,22.1,22.1,Out,200
2026-08-12T02:50:00,21.9,21.932,22,22.1,Out,200
2026-08-12T03:00:00,22,22.0336,22,22.1,Out,200
2026-08-12T03:10:00,22.1,22.1215,22.1,22.1,Out,200
2026-08-12T03:20:00,22.1,22.2947,22.1,22.2,Out,200
2026-08-12T03:30:00,22.1,22.0954,22.2,22.3,Out,200
2026-08-12T03:40:00,22,22.0734,22.3,22.4,Out,200
2026-08-12T03:50:00,22,22.061,22.5,22.6,Out,200
2026-08-12T04:00:00,22.1,22.1256,22.5,22.6,Out,200
2026-08-12T04:10:00,22.2,22.1778,22.3,22.4,Out,200
2026-08-12T04:20:00,22.3,22.2795,22.4,22.4,Out,200
2026-08-12T04:30:00,22.3,22.3758,22.3,22.4,Out,200
2026-08-12T04:40:00,22.5,22.472,22.3,22.4,Out,200
2026-08-12T04:50:00,22.5,22.5628,22.3,22.4,Out,200
2026-08-12T05:00:00,22.6,22.5972,22.5,22.6,Out,200
2026-08-12T05:10:00,22.7,22.7569,22.6,22.7,Out,200
2026-08-12T05:20:00,22.8,22.8864,22.7,22.8,Out,200
2026-08-12T05:30:00,22.6,22.7679,22.8,22.9,Out,200
2026-08-12T05:40:00,22.5,22.5133,22.8,23,Out,200
2026-08-12T05:50:00,22.4,22.3923,23,23.1,Out,200
2026-08-12T06:00:00,22.3,22.3084,23.1,23.3,Out,200
2026-08-12T06:10:00,22.3,22.3386,22.9,23,Out,200
2026-08-12T06:20:00,22.2,22.3111,22.6,22.8,Out,200
2026-08-12T06:30:00,22.2,22.2081,22.6,22.6,Out,200
2026-08-12T06:40:00,22.1,22.1682,22.5,22.6,Out,200
2026-08-12T06:50:00,22.1,22.1105,22.6,22.6,Out,200
2026-08-12T07:00:00,22.1,22.0803,22.6,22.6,Out,200
2026-08-12T07:10:00,22.1,22.0775,22.5,22.5,Out,200
2026-08-12T07:20:00,22,22.0363,22.4,22.5,Out,200
2026-08-12T07:30:00,22,22.0308,22.2,22.3,Out,200
2026-08-12T07:40:00,22,22.0322,22.3,22.3,Out,200
2026-08-12T07:50:00,22,22.0473,22.3,22.3,Out,200
2026-08-12T08:00:00,22.1,22.1297,22.3,22.3,Out,200
2026-08-12T08:10:00,22.2,22.2905,22.2,22.3,Out,200
2026-08-12T08:20:00,22.4,22.4555,22.2,22.3,Out,200
2026-08-12T08:30:00,22.5,22.505,22.3,22.3,Out,200
2026-08-12T08:40:00,22.5,22.494,22.4,22.5,Out,200
2026-08-12T08:50:00,22.4,22.5161,22.6,22.7,Out,200
2026-08-12T09:00:00,22.3,22.34,22.7,22.8,Out,200
2026-08-12T09:10:00,22.3,22.2905,22.7,22.8,Out,200
2026-08-12T09:20:00,22.2,22.274,22.7,22.8,Out,200
2026-08-12T09:30:00,22.2,22.2727,22.6,22.7,Out,200
2026-08-12T09:40:00,22.3,22.2795,22.5,22.6,Out,200
2026-08-12T09:50:00,22.2,22.2878,22.5,22.5,Out,200
2026-08-12T10:00:00,22.2,22.2795,22.4,22.6,Out,200
2026-08-12T10:10:00,22.1,22.1187,22.5,22.6,Out,200
2026-08-12T10:20:00,22.1,22.1119,22.5,22.5,Out,200
2026-08-12T10:30:00,22.1,22.1311,22.5,22.6,Out,200
2026-08-12T10:40:00,22.1,22.1833,22.4,22.5,Out,200
2026-08-12T10:50:00,22.2,22.1847,22.3,22.4,Out,200
2026-08-12T11:00:00,22.2,22.1888,22.4,22.4,Out,200
2026-08-12T11:10:00,22.2,22.1929,22.4,22.5,Out,200
2026-08-12T11:20:00,22.2,22.1888,22.4,22.5,Out,200
2026-08-12T11:30:00,22.2,22.1874,22.3,22.5,Out,200
2026-08-12T11:40:00,22.2,22.182,22.4,22.4,Out,200
2026-08-12T11:50:00,22.2,22.1806,22.4,22.4,Out,200
2026-08-12T12:00:00,22.1,22.1682,22.3,22.4,Out,200
2026-08-12T12:10:00,22.1,22.1242,22.3,22.5,Out,200
2026-08-12T12:20:00,22,22.0377,22.4,22.4,Out,200
2026-08-12T12:30:00,22,22.0102,22.4,22.4,Out,200
2026-08-12T12:40:00,21.9,21.969,22.3,22.4,Out,200
2026-08-12T12:50:00,21.8,21.8757,22.3,22.4,Out,200
2026-08-12T13:00:00,21.9,21.8729,22.1,22.2,Out,200
2026-08-12T13:10:00,21.8,21.8619,22.1,22.2,Out,200
2026-08-12T13:20:00,21.9,21.8715,22.1,22.1,Out,200
2026-08-12T13:30:00,21.9,21.8798,22.1,22.2,Out,200
